segment	rtt	rttvar	srtt	rto
0	317.345	158.672	317.345	1586.72
1	317.66	150.755	317.353	1523.39
2	319.018	144.543	317.388	1473.73
3	319.796	138.62	317.438	1426.4
4	321.193	133.804	317.505	1387.93
5	321.798	129.178	317.581	1351.01
6	328.692	125.489	317.755	1321.66
7	330	121.95	317.946	1293.55
8	332.753	118.974	318.152	1269.94
9	335.61	116.154	318.394	1247.62
10	110.381	118.45	315.794	1263.4
11	111.083	120.607	313.235	1278.09
12	113.648	122.402	310.967	1290.18
13	114.228	124.091	308.732	1301.46
14	113.548	125.572	306.699	1311.28
15	114.862	126.953	304.7	1320.32
16	114.992	128.16	302.876	1328.15
17	115.593	129.297	301.075	1335.45
18	114.697	130.316	299.411	1341.94
19	115.419	131.274	297.768	1347.96
20	116.87	132.102	296.261	1353.07
21	118.966	132.855	294.784	1357.62
22	118.953	133.526	293.41	1361.62
23	120.314	134.145	292.058	1365.21
24	121.096	134.686	290.8	1368.29
25	122.452	135.181	289.563	1371.01
26	125.854	135.577	288.426	1373.04
27	127.255	135.933	287.306	1374.77
28	129.971	136.214	286.271	1375.99
29	130.76	136.468	285.248	1376.99
30	150.406	136.448	284.406	1375.99
31	150.772	136.413	283.57	1374.87
32	152.43	136.35	282.79	1373.59
33	152.953	136.272	282.017	1372.2
34	152.189	136.199	281.279	1370.87
35	152.777	136.112	280.549	1369.44
36	153.607	136.012	279.859	1367.96
37	154.572	135.895	279.178	1366.34
38	155.001	135.773	278.532	1364.72
39	155.635	135.639	277.891	1363.01
40	155.036	135.511	277.277	1361.37
41	156.388	135.365	276.673	1359.59
42	156.839	135.216	276.097	1357.82
43	157.534	135.056	275.527	1355.97
44	157.866	134.895	274.982	1354.14
45	158.293	134.726	274.442	1352.25
46	158.524	134.558	273.924	1350.39
47	159.209	134.381	273.412	1348.46
48	159.133	134.208	272.919	1346.58
49	159.798	134.026	272.432	1344.64
50	159.191	133.853	271.96	1342.78
51	159.856	133.671	271.493	1340.86
52	161.216	133.483	271.048	1338.91
53	161.898	133.287	270.608	1336.9
54	165.397	133.067	270.197	1334.74
55	166.705	132.836	269.793	1332.48
56	168.084	132.6	269.408	1330.21
57	169.625	132.352	269.03	1327.84
58	169.13	132.113	268.662	1325.57
59	170.476	131.864	268.301	1323.21
60	170.542	131.62	267.952	1320.91
61	171.985	131.365	267.61	1318.53
62	169.765	131.133	267.27	1316.33
63	171.205	130.889	266.936	1314.05
64	171.819	130.647	266.615	1311.79
65	173.185	130.396	266.299	1309.47
66	176.494	130.129	266.004	1307.03
67	177.879	129.853	265.714	1304.53
68	180.633	129.566	265.441	1301.97
69	181.959	129.27	265.174	1299.33
70	161.362	129.111	264.849	1297.74
71	162.075	128.946	264.528	1296.1
72	162.913	128.78	264.218	1294.46
73	163.651	128.608	263.912	1292.77
74	162.948	128.443	263.611	1291.16
75	163.572	128.274	263.313	1289.51
76	164.354	128.104	263.026	1287.85
77	165.252	127.927	262.742	1286.16
78	164.116	127.761	262.461	1284.55
79	165.047	127.588	262.185	1282.89
80	164.903	127.42	261.914	1281.27
81	166.281	127.243	261.649	1279.6
82	165.541	127.074	261.388	1277.98
83	167.235	126.895	261.132	1276.29
84	167.145	126.72	260.882	1274.64
85	167.516	126.543	260.633	1272.98
86	167.568	126.368	260.391	1271.34
87	168.944	126.187	260.153	1269.65
88	169.139	126.007	259.921	1267.98
89	169.779	125.824	259.691	1266.28
90	170.392	125.642	259.468	1264.6
91	171.11	125.455	259.247	1262.89
92	171.025	125.273	259.03	1261.21
93	171.888	125.086	258.817	1259.5
94	171.387	124.905	258.607	1257.84
95	171.786	124.722	258.398	1256.17
96	171.755	124.542	258.194	1254.53
97	172.455	124.359	257.991	1252.86
98	172.177	124.18	257.793	1251.24
99	172.893	123.999	257.596	1249.58
100	173.11	123.819	257.404	1247.96
101	173.775	123.636	257.214	1246.3
102	173.782	123.457	257.028	1244.68
103	174.495	123.274	256.844	1243.04
104	174.485	123.095	256.663	1241.42
105	175.233	122.912	256.485	1239.78
106	175.351	122.732	256.31	1238.16
107	175.89	122.549	256.136	1236.53
108	175.898	122.37	255.966	1234.93
109	176.565	122.188	255.798	1233.3
110	175.909	122.012	255.632	1231.73
111	176.595	121.833	255.467	1230.13
112	176.535	121.657	255.305	1228.56
113	177.229	121.478	255.145	1226.97
114	174.587	121.313	254.983	1225.49
115	175.462	121.145	254.823	1223.98
116	175.167	120.98	254.665	1222.51
117	175.886	120.813	254.508	1221.01
118	166.199	120.686	254.336	1219.82
119	166.905	120.556	254.165	1218.61
120	166.526	120.429	253.996	1217.43
121	167.683	120.298	253.83	1216.21
122	165.572	120.175	253.661	1215.06
123	166.219	120.047	253.49	1213.87
124	165.333	119.922	253.318	1212.7
125	166.11	119.793	253.145	1211.49
126	165.249	119.666	252.97	1210.3
127	165.917	119.534	252.795	1209.07
128	165.219	119.406	252.618	1207.86
129	165.905	119.272	252.441	1206.61
130	165.901	119.137	252.263	1205.36
131	167.298	118.995	252.086	1204.05
132	167.247	118.853	251.909	1202.73
133	167.922	118.705	251.731	1201.37
134	164.692	118.571	251.547	1200.11
135	166.126	118.428	251.363	1198.79
136	165.369	118.288	251.178	1197.48
137	165.96	118.143	250.991	1196.14
138	165.311	118.001	250.803	1194.81
139	166	117.853	250.614	1193.43
140	165.345	117.707	250.423	1192.08
141	166.026	117.556	250.231	1190.68
142	158.507	117.438	250.023	1189.53
143	159.841	117.312	249.814	1188.31
144	159.837	117.186	249.606	1187.09
145	160.574	117.053	249.396	1185.82
146	158.428	116.93	249.181	1184.62
147	159.326	116.8	248.965	1183.36
148	159.16	116.67	248.75	1182.11
149	159.868	116.534	248.532	1180.8
150	173.529	116.33	248.348	1178.99
151	174.289	116.119	248.163	1177.11
152	174.195	115.908	247.978	1175.24
153	174.851	115.69	247.791	1173.31
154	174.4	115.474	247.604	1171.39
155	175.046	115.25	247.415	1169.42
156	175.718	115.023	247.228	1167.42
157	177.734	114.781	247.044	1165.29
158	177.698	114.54	246.859	1163.18
159	180.325	114.279	246.678	1160.91
160	180.515	114.017	246.499	1158.64
161	181.631	113.744	246.318	1156.27
162	185.814	113.448	246.15	1153.74
163	189.385	113.126	245.989	1151
164	189.051	112.807	245.827	1148.28
165	189.835	112.477	245.664	1145.48
166	189.422	112.15	245.501	1142.7
167	191.106	111.806	245.339	1139.79
168	190.824	111.465	245.177	1136.9
169	191.965	111.11	245.015	1133.89
170	192.223	110.754	244.854	1130.89
171	193.823	110.381	244.694	1127.74
172	193.606	110.01	244.535	1124.62
173	194.29	109.627	244.373	1121.39
174	195.83	109.236	244.218	1118.1
175	196.362	108.832	244.06	1114.71
176	195.294	108.437	243.9	1111.39
177	196.326	108.025	243.739	1107.94
178	195.934	107.618	243.578	1104.53
179	196.565	107.198	243.415	1101
180	196.972	106.776	243.253	1097.46
181	197.542	106.34	243.09	1093.81
182	197.093	105.909	242.926	1090.19
183	197.791	105.462	242.76	1086.45
184	197.119	105.022	242.592	1082.77
185	197.719	104.566	242.422	1078.95
186	197.755	104.112	242.253	1075.15
187	198.338	103.656	242.087	1071.34
188	198.385	103.202	241.921	1067.54
189	199.267	102.743	241.759	1063.71
190	198.483	102.293	241.596	1059.94
191	199.088	101.84	241.435	1056.15
192	199.056	101.39	241.274	1052.39
193	199.715	100.936	241.117	1048.61
194	199.161	100.489	240.958	1044.87
195	199.881	100.039	240.802	1041.12
196	199.686	99.5929	240.646	1037.39
197	200.373	99.1435	240.494	1033.64
198	200.306	98.6969	240.342	1029.92
199	200.875	98.2482	240.192	1026.18
200	201.179	97.7994	240.044	1022.44
201	201.884	97.3476	239.9	1018.68
202	201.898	96.898	239.756	1014.94
203	202.892	96.4432	239.616	1011.16
204	202.612	95.9929	239.476	1007.42
205	203.289	95.5399	239.339	1003.66
206	203.396	95.0884	239.203	999.91
207	203.952	94.635	239.069	996.15
208	203.856	94.1849	238.936	992.415
209	204.741	93.7304	238.806	988.65
210	204.625	93.2793	238.677	984.911
211	205.329	92.8252	238.551	981.152
212	205.356	92.3735	238.425	977.413
213	206.021	91.9192	238.302	973.655
214	205.98	91.4677	238.18	969.921
215	206.84	91.0122	238.061	966.158
216	206.628	90.5608	237.942	962.428
217	207.314	90.1068	237.826	958.68
218	207.325	89.6552	237.71	954.952
219	208.029	89.2009	237.598	951.205
220	208.015	88.7492	237.486	947.479
221	208.652	88.2953	237.377	943.739
222	209.83	87.8351	237.272	939.953
223	211.141	87.3676	237.173	936.114
224	211.378	86.9012	237.076	932.285
225	212.245	86.4309	236.981	928.429
226	211.893	85.9662	236.886	924.616
227	213.139	85.4949	236.796	920.755
228	213.193	85.026	236.707	916.915
229	214.582	84.5495	236.623	913.019
230	214.837	84.074	236.541	909.133
231	215.769	83.5944	236.462	905.217
232	216.583	83.1117	236.387	901.281
233	217.596	82.6245	236.316	897.311
234	217.302	82.1426	236.244	893.384
235	218.823	81.6522	236.178	889.395
236	219.457	81.1603	236.114	885.397
237	220.129	80.6666	236.054	881.386
238	220.293	80.1749	235.994	877.393
239	221.417	79.6779	235.939	873.362
240	221.882	79.1808	235.886	869.332
241	222.878	78.6795	235.836	865.272
242	222.903	78.1814	235.787	861.238
243	224.32	77.676	235.744	857.152
244	224.93	77.1694	235.703	853.058
245	225.595	76.6614	235.665	848.956
246	225.643	76.1566	235.627	844.879
247	227.033	75.6447	235.594	840.752
248	227.897	75.13	235.565	836.605
249	228.374	74.6153	235.538	832.46
250	229.033	74.0993	235.513	828.307
251	229.536	73.5832	235.49	824.156
252	94.2497	74.0958	234.955	827.721
253	94.383	74.5994	234.423	831.218
254	94.5796	75.1091	233.877	834.749
255	94.2048	75.6135	233.331	838.239
256	94.2624	76.1252	232.77	841.772
257	94.318	76.6279	232.212	845.235
258	94.4282	77.1375	231.638	848.738
259	94.3774	77.6385	231.066	852.174
260	94.3745	78.1476	230.477	855.658
261	94.6934	78.6445	229.892	859.047
262	94.5264	79.1509	229.287	862.494
263	94.2958	79.6495	228.685	865.88
264	94.4995	80.1544	228.063	869.299
265	94.6209	80.6478	227.446	872.628
266	94.5076	81.1506	226.806	876.011
267	94.6556	81.641	226.171	879.299
268	94.4397	82.1419	225.512	882.648
269	94.1169	82.6344	224.855	885.931
270	94.6237	83.1303	224.177	889.219
271	94.5911	83.6142	223.502	892.416
272	94.5953	84.1065	222.802	895.653
273	94.6684	84.585	222.105	898.786
274	94.6072	85.0727	221.381	901.962
275	94.9091	85.5431	220.662	905.007
276	95.0795	86.0198	219.915	908.073
277	95.3078	86.4792	219.173	911.006
278	95.787	86.9405	218.402	913.926
279	96.7873	87.3739	217.642	916.633
280	96.5771	87.8172	216.845	919.383
281	96.5269	88.2449	216.054	922.013
282	97.4605	88.6664	215.23	924.561
283	97.1711	89.0746	214.41	927.007
284	97.4008	89.4854	213.55	929.433
285	98.0154	89.8685	212.7	931.648
286	98.1686	90.2312	211.858	933.708
287	97.8854	90.5803	211.02	935.663
288	98.6472	90.9008	210.194	937.4
289	99.3778	91.1937	209.379	938.929
290	100.356	91.4559	208.578	940.224
291	100.715	91.6971	207.784	941.362
292	101.373	91.9135	207.002	942.31
293	102.236	92.1025	206.232	943.052
294	102.33	92.2761	205.468	943.676
295	103.173	92.4234	204.715	944.103
296	104.321	92.5406	203.977	944.302
297	106.822	92.6085	203.263	944.131
298	109.292	92.6285	202.572	943.6
299	110.587	92.619	201.896	942.848
300	110.253	92.6047	201.222	942.059
301	110.528	92.5766	200.555	941.167
302	110.456	92.5401	199.892	940.214
303	109.777	92.5045	199.23	939.266
304	110.478	92.4493	198.577	938.172
305	110.195	92.3895	197.927	937.043
306	110.518	92.3163	197.285	935.815
307	110.578	92.2338	196.647	934.517
308	110.186	92.1489	196.011	933.202
309	110.472	92.0517	195.382	931.796
310	110.365	91.9482	194.757	930.343
311	110.498	91.8352	194.138	928.819
312	110.546	91.7139	193.523	927.234
313	110.431	91.5871	192.912	925.609
314	110.455	91.4529	192.306	923.929
315	110.357	91.3131	191.703	922.208
316	110.593	91.1631	191.107	920.411
317	110.274	91.0111	190.512	918.602
318	110.454	90.8501	189.924	916.724
319	57.8313	91.4566	188.952	920.605
320	57.1153	92.0504	187.983	924.386
321	56.8101	92.6257	187.019	928.024
322	54.2509	93.2161	186.042	931.771
323	53.9923	93.7871	185.071	935.369
324	52.3046	94.3604	184.095	938.978
325	52.5526	94.9072	183.128	942.385
326	51.9882	95.44	182.164	945.684
327	51.8793	95.9524	181.206	948.825
328	51.1883	96.4534	180.25	951.877
329	50.3238	96.9456	179.294	954.859
330	49.9182	97.4225	178.343	957.723
331	48.6656	97.8969	177.39	960.565
332	46.4027	98.3835	176.426	963.494
333	47.0784	98.8388	175.475	966.186
334	47.6793	99.2647	174.536	968.653
335	47.7346	99.6471	173.655	970.832
336	47.767	100.012	172.781	972.874
337	47.7737	100.359	171.913	974.783
338	47.7621	100.689	171.051	976.564
339	47.7382	101.003	170.194	978.222
340	48.453	101.291	169.349	979.68
341	48.3702	101.565	168.509	981.028
342	48.365	101.823	167.674	982.258
343	48.6817	102.061	166.848	983.339
344	48.483	102.288	166.026	984.329
345	49.1957	102.49	165.215	985.133
346	49.3671	102.675	164.41	985.813
347	49.0267	102.852	163.609	986.424
348	49.1255	103.013	162.814	986.921
349	49.7587	103.153	162.029	987.252
350	49.7034	103.28	161.249	987.491
351	49.6664	103.396	160.474	987.638
352	50.077	103.493	159.707	987.65
353	49.7976	103.587	158.899	987.596
354	44.0967	103.752	158.055	988.072
355	44.72	103.902	157.17	988.384
356	45.1577	104.029	156.294	988.523
357	45.7244	104.138	155.373	988.473
358	45.9084	104.226	154.461	988.272
359	45.9956	104.302	153.492	987.909
360	45.3223	104.371	152.527	987.495
361	45.0187	104.431	151.493	986.944
362	44.6326	104.478	150.465	986.29
363	44.7164	104.505	149.364	985.401
364	44.7544	104.507	148.274	984.328
365	43.2234	104.519	147.08	983.234
366	41.6893	104.539	145.883	982.194
367	41.2449	104.541	144.575	980.906
368	41.1878	104.513	143.282	979.383
369	38.4371	104.522	141.826	978.001
370	39.1019	104.472	140.399	976.175
371	39.1357	104.383	138.993	974.055
372	39.1152	104.258	137.606	971.667
373	38.3388	104.119	136.227	969.179
374	38.4693	103.942	134.869	966.408
375	37.7819	103.752	133.521	963.536
376	37.103	103.548	132.182	960.567
377	36.4441	103.331	130.852	957.502
378	35.698	103.104	129.531	954.363
379	35.4658	102.853	128.224	951.048
380	35.6559	102.567	126.938	947.477
381	34.2938	102.292	125.652	943.985
382	33.3588	102.014	124.37	940.481
383	33.6567	101.7	123.11	936.71
384	33.6636	101.36	121.868	932.745
385	32.3311	101.031	120.624	928.874
386	31.5521	100.699	119.387	924.979
387	31.5617	100.341	118.167	920.898
388	24.9549	100.163	117.002	918.307
389	24.7358	99.9657	115.849	915.575
390	24.0982	99.7604	114.702	912.785
391	23.5567	99.545	113.562	909.922
392	23.0239	99.3198	112.431	906.989
393	22.4321	99.0868	111.306	904
394	21.8589	98.8458	110.188	900.954
395	21.2621	98.5978	109.076	897.858
396	20.6783	98.3428	107.971	894.713
397	20.225	98.0779	106.874	891.497
398	19.6904	97.7753	105.663	887.866
400	18.6401	97.4766	104.455	884.268
401	18.3347	97.1217	103.109	880.083
402	17.9096	96.7491	101.778	875.771
403	17.6252	96.2993	100.275	870.669
404	17.1693	95.8281	98.7911	865.416
405	16.7525	95.2535	97.082	859.11
406	16.1974	94.6548	95.3969	852.635
407	16.2841	93.8777	93.4191	844.441
408	46.9193	91.5088	92.2566	824.327
409	47.1292	89.1897	91.1284	804.646
410	47.8663	86.8934	90.0468	785.194
411	48.2544	84.6383	89.002	766.109
412	48.8939	82.4118	87.9993	747.294
413	49.3413	80.2241	87.0329	728.826
414	49.9426	78.0674	86.1056	710.645
415	50.5433	75.9422	85.2166	692.754
416	51.1352	73.8491	84.3645	675.157
417	49.3977	71.905	83.4904	658.73
418	69.8761	69.4762	83.2067	639.016
419	69.9682	67.133	82.9309	619.995
420	69.7183	64.8863	82.6557	601.746
421	69.9349	62.7127	82.3906	584.093
422	69.8367	60.6228	82.1291	567.111
423	70.122	58.5971	81.879	550.656
424	69.9177	56.654	81.6298	534.862
425	69.9653	54.4045	81.3382	516.574
426	69.8824	52.2571	81.0518	499.108
427	69.8945	49.6883	80.7031	478.21
428	70.5847	47.2152	80.3869	458.108
429	71.6365	44.0098	80.0223	432.101
430	71.6112	41.0432	79.6718	408.018
431	71.704	38.287	79.3398	385.635
432	71.6795	35.7347	79.0207	364.899
433	71.6605	33.3702	78.714	345.675
434	71.6386	31.179	78.4192	327.851
440	63.0343	29.8628	77.7781	316.68
436	77.5869	27.3901	77.7702	296.891
439	77.0983	25.7203	77.7492	283.511
443	17.2546	27.8937	75.8587	299.008
444	16.4178	29.8654	74.0012	312.924
445	4.25113	32.3581	71.8215	330.687
446	4.23851	34.5597	69.7095	346.187
447	2.10419	36.6251	67.5969	360.597
448	2.75159	38.3888	65.5704	372.681
449	2.72762	39.9172	63.6066	382.944
450	2.21998	41.259	61.6883	391.761
451	1.30297	42.4544	59.8012	399.437
452	2.01673	43.4126	57.9955	405.296
453	1.90648	44.2048	56.2427	409.881
454	2.13145	44.824	54.5517	413.144
455	2.04191	45.3043	52.9108	415.346
456	1.98613	45.6556	51.3194	416.564
457	2.01002	45.884	49.7785	416.85
458	2.08124	45.9973	48.2879	416.266
459	2.07983	46.0078	47.1327	415.195
460	2.02757	45.9627	46.0051	413.707
461	2.05001	45.8623	44.9062	411.805
462	2.91849	45.6686	43.8565	409.205
463	2.68906	45.4435	42.8273	406.376
464	2.77656	45.1739	41.8261	403.217
441	48.9872	43.2733	42.0051	388.191
465	3.377	43.041	41.0394	385.367
442	38.728	41.0045	40.9816	369.018
466	3.88689	40.809	40.0542	366.526
467	4.13554	40.5645	39.1563	363.672
468	4.0666	40.2908	38.279	360.605
469	4.13282	39.9835	37.4254	357.294
470	4.136	39.6488	36.5931	353.784
471	4.1865	39.2867	35.783	350.077
472	4.89888	38.8666	35.0109	345.944
473	4.72409	38.4376	34.2537	341.754
474	4.81279	37.9878	33.5177	337.42
475	4.78998	37.5248	32.7995	332.998
476	4.83841	37.0466	32.1005	328.473
477	4.93797	36.6347	31.5346	324.612
478	4.70114	36.2263	30.9755	320.786
479	4.77289	35.8087	30.4296	316.899
480	4.82805	35.3834	29.8963	312.963
481	4.79335	34.955	29.3733	309.014
482	4.84157	34.5207	28.8622	305.028
483	4.74081	34.0874	28.3597	301.059
484	5.55412	33.6174	27.8846	296.823
485	5.37058	33.1547	27.4155	292.653
486	5.47984	32.6873	26.9585	288.457
487	5.40999	32.2231	26.5096	284.295
488	5.46475	31.7574	26.0712	280.13
489	5.45651	31.2931	25.6417	275.986
490	5.4721	30.8296	25.2215	271.858
491	5.43991	30.3693	24.8094	267.764
492	5.39419	29.9129	24.4049	263.708
493	5.40128	29.4583	24.009	259.675
494	5.51156	29.0016	23.6236	255.636
495	5.50073	28.5483	23.2461	251.633
496	5.48615	28.0988	22.8761	247.667
497	6.14666	27.6251	22.5275	243.528
498	6.1958	27.1545	22.1873	239.424
499	6.10639	26.6931	21.8523	235.397
500	6.18586	26.2337	21.5259	231.395
501	6.10733	25.783	21.2047	227.469
502	6.23096	25.397	20.9373	224.113
503	6.20876	25.016	20.6743	220.802
504	6.85412	24.6161	20.4275	217.357
505	7.56138	24.1965	20.1977	213.77
506	7.59454	23.7824	19.9727	210.232
507	7.64107	23.3735	19.7525	206.74
508	7.79798	22.9657	19.539	203.264
509	7.79711	22.5648	19.3293	200
510	8.22405	22.1555	19.131	200
511	9.06226	21.7239	18.9512	200
512	9.67005	21.2795	18.7855	200
513	9.63251	20.8464	18.622	200
514	10.2467	20.3268	18.4475	200
515	10.9784	19.791	18.2919	200
516	11.6752	19.1323	18.1265	200
517	12.2553	18.4693	17.9797	200
518	12.7874	17.6395	17.8175	200
519	13.46	16.8093	17.6813	200
520	14.3802	15.9651	17.5781	200
435	165.15	24.1905	22.1898	215.714
521	14.975	23.1295	21.9643	207
437	165.913	30.6807	26.4627	271.908
438	165.815	37.4727	30.8174	330.599
522	16.545	36.0227	30.3714	318.553
524	10.3139	35.0248	29.7446	309.943
525	10.9955	34.0076	29.1587	301.22
526	11.6688	32.9752	28.6122	292.414
523	15.8034	31.7148	28.2119	281.931
527	12.3072	30.7267	27.7149	273.529
528	13.0795	29.721	27.2575	265.025
529	12.8799	28.762	26.8082	256.904
530	7.62575	28.1633	26.2088	251.515
531	8.31658	27.5214	25.6496	245.821
532	8.34017	26.8831	25.1087	240.174
533	8.31617	26.3786	24.6889	235.718
534	8.2809	25.8801	24.2787	231.319
535	8.36671	25.3817	23.8809	226.934
536	7.68759	24.9222	23.4761	222.854
537	7.66888	24.3525	22.9821	217.802
538	7.58697	23.7927	22.501	212.843
539	7.63414	23.0489	21.8815	206.273
540	6.88563	22.3778	21.2567	200.279
541	7.55942	21.6544	20.686	200
542	6.90535	20.9983	20.1118	200
543	6.9405	20.346	19.563	200
544	6.3454	19.752	19.0123	200
545	3.43495	19.4041	18.3632	200
546	4.79842	18.9175	17.798	200
547	4.79718	18.4244	17.2563	200
548	4.82359	17.9251	16.7383	200
549	6.01928	17.3246	16.2916	200
550	6.99723	16.6554	15.9044	200
551	6.91362	16.0167	15.5298	200
552	7.59847	15.3429	15.1993	200
553	8.91804	14.5878	14.9376	200
554	10.3809	13.9608	14.7952	200
555	8.9854	13.4514	14.6136	200
556	8.14262	13.0151	14.4114	200
557	6.96014	12.6674	14.1785	200
558	6.91207	12.3298	13.9515	200
559	5.53847	12.085	13.6886	200
560	6.34023	11.6903	13.3824	200
561	4.84087	11.4279	13.0265	200
562	4.88482	11.0171	12.5176	200
563	4.93288	10.5881	12.0436	200
564	4.88116	10.1599	11.5959	200
565	4.91369	9.72516	11.1783	200
566	5.91608	9.16729	10.8494	200
567	6.7192	8.53765	10.5913	200
568	6.84099	8.1387	10.435	200
569	6.68685	7.77282	10.2788	200
570	8.63516	7.26206	10.2103	200
571	7.93027	6.84689	10.1153	200
572	8.59197	6.18145	10.0201	200
573	8.67177	5.57731	9.93585	200
574	8.65031	4.50437	9.77516	200
575	8.02514	4.16008	9.66578	200
576	6.84954	3.9921	9.48977	200
577	7.5828	3.73145	9.37058	200
578	7.16095	3.54123	9.23248	200
579	7.15082	3.35878	9.10237	200
580	6.86435	3.21868	8.9625	200
581	7.50509	2.99852	8.87141	200
582	3.40814	3.30662	8.52995	200
583	2.61593	3.5239	8.28354	200
584	2.74396	3.69187	8.05272	200
585	2.78929	3.82283	7.83341	200
586	2.75383	3.92756	7.62176	200
587	3.45273	3.94768	7.44805	200
588	3.45686	3.95131	7.28175	200
589	3.72686	3.91827	7.13363	200
590	3.87556	3.86326	6.99788	200
591	3.71048	3.81527	6.8609	200
592	3.70811	3.76006	6.72953	200
593	4.24935	3.6534	6.62619	200
594	5.08845	3.4771	6.56212	200
595	5.08345	3.31056	6.50051	200
596	5.44193	3.1229	6.4564	200
597	5.54498	2.84646	6.39944	200
598	6.06828	2.53205	6.37874	200
599	6.16469	2.2423	6.36536	200
600	6.6829	2.0017	6.38521	200
601	6.95377	1.82256	6.42074	200
602	7.63446	1.74645	6.4966	200
603	8.88651	1.82689	6.64597	200
604	9.68235	1.97807	6.83574	200
605	10.371	2.10784	6.98305	200
606	10.8953	2.2582	7.14605	200
607	10.9973	2.39096	7.30652	200
608	11.5823	2.54802	7.48468	200
609	12.5632	2.7589	7.69628	200
610	11.6257	2.85644	7.86001	200
611	13.1306	3.05762	8.07962	200
612	13.1447	3.22491	8.29066	200
613	12.1686	3.27933	8.45224	200
614	12.0812	3.30846	8.60345	200
615	12.0239	3.31779	8.74596	200
616	12.5074	3.35476	8.90269	200
617	9.69447	3.03439	8.95218	200
618	9.9267	2.77691	9.01308	200
619	12.0442	2.80868	9.20253	200
620	12.1657	2.82799	9.38772	200
621	7.14945	2.75428	9.24783	200
622	11.0847	2.6396	9.36263	200
623	12.2423	2.66961	9.54261	200
624	13.1211	2.78321	9.76627	200
625	12.5015	2.77722	9.93722	200
626	5.41972	2.92224	9.74899	200
627	3.94197	3.16264	9.50703	200
628	3.74645	3.37914	9.26701	200
629	2.78674	3.63756	8.99699	200
630	3.44832	3.79682	8.7658	200
631	3.44883	3.9235	8.54426	200
632	3.38258	4.02668	8.32919	200
633	3.43958	4.09859	8.12545	200
634	3.39031	4.15164	7.92816	200
635	3.67343	4.16023	7.75087	200
636	3.39346	4.17666	7.56931	200
637	4.15053	4.1135	7.42687	200
638	4.10531	4.04751	7.28847	200
639	4.11031	3.99317	7.18915	200
640	4.12992	3.9348	7.09355	200
641	3.88544	3.88938	6.99329	200
642	4.18824	3.82161	6.90564	200
643	4.32575	3.744	6.82501	200
644	4.08077	3.68152	6.73925	200
645	4.77816	3.57399	6.67797	200
646	4.81954	3.46677	6.61989	200
647	4.83781	3.36147	6.5642	200
648	5.0419	3.24653	6.51663	200
649	4.99502	3.13872	6.46908	200
650	4.55432	3.06222	6.40924	200
651	4.88138	2.96632	6.3615	200
652	4.8526	2.87523	6.31434	200
653	5.73351	2.73183	6.29619	200
654	5.44701	2.61417	6.26965	200
655	5.47314	2.52328	6.24974	200
656	5.26961	2.44612	6.22524	200
657	5.51422	2.35937	6.20746	200
658	5.51429	2.27606	6.19013	200
659	5.48191	2.19767	6.17242	200
660	5.51981	2.12041	6.15611	200
661	5.28191	2.0581	6.13425	200
662	5.49884	1.98697	6.11837	200
663	6.29678	1.89654	6.12283	200
664	6.21415	1.80628	6.12511	200
665	6.13333	1.71637	6.12531	200
666	5.92034	1.6408	6.12019	200
667	6.22793	1.56415	6.12288	200
668	6.50509	1.50505	6.13244	200
669	6.90461	1.46841	6.15174	200
670	7.54716	1.46476	6.18663	200
671	8.32575	1.49848	6.2401	200
672	8.83811	1.55345	6.30506	200
673	8.8548	1.60327	6.3688	200
674	10.2747	1.7184	6.46645	200
675	10.5849	1.8384	6.56941	200
676	11.0791	1.9497	6.66336	200
677	10.9624	2.04759	6.75292	200
678	11.5401	2.16174	6.85265	200
679	11.1858	2.25221	6.94292	200
680	11.7883	2.36026	7.04387	200
681	13.1153	2.51489	7.17036	200
682	13.1486	2.6592	7.2949	200
683	15.9133	2.9075	7.47445	200
684	16.0587	3.14403	7.65329	200
685	15.6498	3.34622	7.81988	200
686	16.2873	3.5596	7.99629	200
687	16.56	3.7681	8.1747	200
688	16.617	3.96286	8.35058	200
689	15.8235	4.10911	8.50627	200
690	15.6225	4.23441	8.65452	200
691	14.5182	4.3023	8.77668	200
692	13.6912	4.3278	8.87907	200
693	13.1425	4.32512	8.96789	200
694	14.0065	4.35485	9.07286	200
695	13.7899	4.36994	9.17113	200
696	14.1703	4.39616	9.27528	200
697	14.0464	4.41179	9.37468	200
698	13.8843	4.41586	9.46863	200
699	14.5609	4.44405	9.57471	200
700	15.9878	4.52609	9.70832	200
701	16.23	4.59736	9.82478	200
702	16.1392	4.65868	9.93754	200
703	16.0686	4.71127	10.047	200
704	15.7046	4.74506	10.148	200
705	15.091	4.75213	10.2363	200
706	16.598	4.80961	10.3499	200
707	16.0005	4.83965	10.4508	200
708	15.8742	4.8605	10.5477	200
709	15.9269	4.87902	10.6437	200
710	15.371	4.8736	10.7281	200
711	15.3216	4.8636	10.8102	200
712	14.0384	4.80519	10.8678	200
713	14.8948	4.7774	10.9397	200
714	15.8917	4.78363	11.0281	200
715	15.5765	4.77523	11.1094	200
716	16.1758	4.78563	11.1998	200
717	23.515	5.05454	11.4198	200
718	24.1086	5.3272	11.6463	200
719	28.5288	5.73988	11.9478	200
720	28.4673	6.12487	12.2428	200
721	28.1677	6.47487	12.5272	200
722	28.3956	6.81035	12.8105	200
723	29.015	7.14586	13.0999	200
724	28.9778	7.45772	13.3834	200
725	29.5238	7.76781	13.6717	200
726	29.3552	8.05051	13.9517	200
727	30.8744	8.36737	14.2539	200
728	31.5256	8.68539	14.5623	200
729	32.72	9.02368	14.8866	200
730	32.1321	9.28061	15.156	200
731	32.9404	9.54636	15.4339	200
732	32.8751	9.79307	15.7064	200
733	24.0495	9.74776	15.8368	200
734	23.5053	9.68278	15.9566	200
735	23.5761	9.6183	16.0757	200
736	23.5141	9.55018	16.1919	200
737	22.8427	9.45957	16.2958	200
738	23.1012	9.37663	16.4021	200
739	22.4214	9.27171	16.4962	200
740	23.0859	9.1879	16.5992	200
741	20.1084	9.01044	16.654	200
742	20.2814	8.84222	16.7107	200
743	19.505	8.65322	16.7543	200
744	20.1064	8.48756	16.8067	200
745	20.1745	8.32757	16.8593	200
746	17.4199	8.08485	16.8681	200
747	18.0278	7.86844	16.8862	200
748	23.5537	7.83091	16.9904	200
749	24.0645	7.80726	17.1009	200
750	24.8625	7.80583	17.2222	200
751	24.8142	7.79915	17.3408	200
752	24.8044	7.78866	17.4574	200
753	24.7778	7.77403	17.5718	200
754	28.1234	7.86083	17.7367	200
755	28.7874	7.96051	17.9094	200
756	31.1267	8.12479	18.1159	200
757	31.5958	8.29214	18.3265	200
758	31.8438	8.45542	18.5377	200
759	31.7574	8.6043	18.7443	200
760	32.4448	8.76356	18.9583	200
761	33.1936	8.93455	19.1808	200
762	30.6401	9.01345	19.3598	200
763	29.9314	9.05673	19.5066	200
764	23.3498	8.91191	19.56	200
765	23.2886	8.76792	19.6118	200
766	23.4936	8.6322	19.6657	200
767	23.716	8.50492	19.722	200
768	23.4272	8.3716	19.7734	200
769	23.3488	8.23837	19.8231	200
770	20.6355	8.03209	19.8344	200
771	22.7412	7.88972	19.8747	200
772	22.614	7.74665	19.9128	200
773	22.711	7.60919	19.9516	200
774	22.5024	7.46868	19.9871	200
775	22.731	7.33744	20.0252	200
776	22.653	7.20661	20.0617	200
777	22.5789	7.07635	20.0966	200
778	23.6539	6.9786	20.146	200
779	24.359	6.90178	20.2046	200
780	24.4072	6.8268	20.2629	200
781	24.7349	6.76139	20.325	200
782	24.7911	6.69763	20.3871	200
783	24.0065	6.61212	20.4373	200
784	24.5084	6.54154	20.4939	200
785	24.7117	6.47699	20.5525	200
786	46.0923	7.00651	20.9072	200
787	46.1027	7.51176	21.2571	200
788	43.4313	7.91905	21.5651	200
789	41.3784	8.24945	21.8403	200
790	41.4065	8.5638	22.112	200
791	41.3123	8.85925	22.3787	200
792	41.2503	9.13738	22.6408	200
793	41.3417	9.40303	22.9005	200
794	41.9684	9.6715	23.1654	200
795	38.5773	9.83095	23.3794	200
796	39.234	9.99828	23.5996	200
797	52.0553	10.511	23.9948	200
798	54.6513	11.0706	24.4206	200
799	55.2096	11.6183	24.8483	200
800	55.881	12.1037	25.2362	200
801	56.5318	12.5835	25.6274	200
802	56.5308	13.0415	26.0136	200
803	57.281	13.4971	26.4045	200
804	42.0497	13.5508	26.6001	200
805	42.2727	13.6039	26.796	200
806	42.0017	13.6439	26.986	200
807	41.974	13.6775	27.1734	200
808	41.5298	13.6945	27.3528	200
809	41.6348	13.7092	27.5314	200
810	41.617	13.7186	27.7074	200
811	40.6584	13.6994	27.8693	200
812	40.7519	13.679	28.0303	200
813	39.3513	13.62	28.1719	200
814	38.6786	13.5422	28.3032	200
815	41.3616	13.5301	28.4664	200
816	39.952	13.479	28.61	200
817	40.0325	13.4276	28.7528	200
818	41.4264	13.4087	28.9112	200
819	41.3694	13.3849	29.0669	200
820	41.4381	13.3596	29.2216	200
821	42.1368	13.3485	29.383	200
822	42.7337	13.3485	29.5499	200
823	39.5659	13.2652	29.6751	200
824	39.2531	13.1731	29.7948	200
825	41.5147	13.1367	29.9413	200
826	41.5147	13.0976	30.086	200
827	41.427	13.0537	30.2277	200
828	41.2962	13.0041	30.3661	200
829	41.3286	12.9531	30.5031	200
830	43.8335	12.9625	30.6697	200
831	49.7086	13.1144	30.9077	200
832	51.9014	13.3114	31.1702	200
833	53.2643	13.531	31.4463	200
834	44.6087	13.5217	31.6109	200
835	44.838	13.5144	31.7762	200
836	44.8384	13.5031	31.9395	200
837	44.9325	13.4903	32.1019	200
838	44.881	13.4725	32.2616	200
839	45.618	13.4696	32.4286	200
840	45.0506	13.4484	32.5864	200
841	45.7163	13.4405	32.7505	200
842	44.9659	13.4064	32.9201	200
843	42.8729	13.3105	33.0584	200
844	42.6224	13.1934	33.2078	200
845	39.9545	12.992	33.3132	200
846	42.2077	12.8456	33.4721	200
847	42.8166	12.7206	33.6389	200
848	46.232	12.7153	33.9013	200
849	54.6263	13.049	34.3331	200
850	54.6793	13.4139	34.8417	200
851	49.2201	13.4621	35.2012	200
852	48.4059	13.4492	35.5313	200
853	48.1877	13.4162	35.795	200
854	41.9632	13.1142	35.9235	200
855	41.5839	12.8036	36.0414	200
856	42.4618	12.5377	36.1751	200
857	42.1656	12.2649	36.2999	200
858	42.9097	12.0292	36.4377	200
859	42.8529	11.7953	36.5713	200
860	29.5763	11.5953	36.4256	200
861	29.8636	11.3856	36.2889	200
862	29.0749	11.2118	36.1386	200
863	30.4506	10.9816	36.0201	200
864	29.2909	10.8044	35.8799	200
865	28.7739	10.6503	35.7318	200
866	28.3761	10.513	35.5786	200
867	28.9258	10.3522	35.44	200
868	29.4399	10.1709	35.315	200
869	30.4595	9.94939	35.2138	200
870	31.1687	9.70338	35.1296	200
871	35.9431	9.33297	35.1465	200
872	35.2323	8.94767	35.1483	200
873	34.6706	8.59475	35.1383	200
874	34.6036	8.25891	35.1272	200
875	34.5896	7.93719	35.116	200
876	35.5015	7.62254	35.124	200
877	35.2536	7.35493	35.1263	200
878	35.2894	7.09808	35.1293	200
879	33.8819	6.88912	35.107	200
880	32.9124	6.72146	35.0678	200
881	31.1135	6.62264	34.9972	200
882	31.212	6.5213	34.9296	200
883	33.1554	6.35176	34.8979	200
884	33.4649	6.17609	34.8723	200
885	33.8123	5.99337	34.8534	200
886	33.2123	5.83793	34.8241	200
887	33.9082	5.66214	34.8077	200
888	34.3247	5.47718	34.7991	200
889	35.0381	5.2901	34.8034	200
890	35.208	5.11562	34.8106	200
891	35.3202	4.95111	34.8197	200
892	34.4866	4.78619	34.8137	200
893	34.5249	4.62556	34.8086	200
894	34.6093	4.46748	34.805	200
895	33.8115	4.34341	34.7873	200
896	26.1281	4.49754	34.6327	200
897	25.1279	4.67637	34.4629	200
898	25.7969	4.81886	34.3082	200
899	25.462	4.96269	34.1502	200
900	26.1011	5.07292	34.0065	200
901	25.5592	5.19343	33.8556	200
902	26.2709	5.27883	33.7202	200
903	26.2213	5.35812	33.5863	200
904	26.8473	5.40743	33.4659	200
905	26.8964	5.44375	33.3633	200
906	26.8262	5.47791	33.2611	200
907	26.8899	5.50583	33.1616	200
908	26.9389	5.52823	33.0644	200
909	26.2117	5.56962	32.9573	200
910	26.2699	5.60455	32.8528	200
911	15.3328	5.9769	32.5791	200
912	15.3195	6.32949	32.3094	200
913	16.83	6.61542	32.0675	200
914	16.6402	6.89079	31.8265	200
915	18.047	7.10606	31.6111	200
916	18.5971	7.29068	31.4078	200
917	20.678	7.39816	31.2401	200
918	23.4734	7.40967	31.1188	200
919	24.1917	7.39459	31.0106	200
920	24.8914	7.35473	30.9149	200
921	25.5636	7.29213	30.8313	200
922	26.2503	7.20741	30.7597	200
923	26.1992	7.12469	30.6885	200
924	26.1333	7.04439	30.6173	200
925	26.1786	6.96297	30.548	200
926	26.3541	6.87643	30.4824	200
927	24.3565	6.85298	30.3867	200
928	23.8521	6.84303	30.2846	200
929	21.9059	6.89102	30.1537	200
930	22.059	6.92863	30.0272	200
931	20.1968	7.01931	29.8736	200
932	19.2636	7.13152	29.7078	200
933	15.8354	7.34218	29.4911	200
934	13.2677	7.61971	29.2376	200
935	12.5091	7.90436	28.9762	200
936	12.5179	8.17167	28.719	200
937	13.1294	8.40348	28.4754	200
938	12.4692	8.61467	28.2531	200
939	11.8099	8.83212	28.0248	200
940	11.8643	9.03569	27.8003	200
941	11.8498	9.22777	27.5788	200
942	12.2045	9.39851	27.3652	200
943	11.6599	9.57369	27.1471	200
944	12.3289	9.71937	26.9413	200
945	12.7649	9.84318	26.7444	200
946	13.8575	9.92773	26.5654	200
947	13.8631	10.0048	26.389	200
948	13.7978	10.0766	26.2141	200
949	14.0557	10.1345	26.0453	200
950	13.8746	10.191	25.8762	200
951	14.3	10.2295	25.7154	200
952	16.4998	10.2013	25.5874	200
953	16.5384	10.1693	25.4618	200
954	17.9148	10.0965	25.3569	200
955	18.6351	10.0027	25.2636	200
956	19.9828	9.87158	25.1902	200
957	22.9747	9.65891	25.1595	200
958	24.1095	9.41978	25.1449	200
959	24.1054	9.18699	25.1304	200
960	24.4647	8.95029	25.1212	200
961	24.7262	8.71264	25.1157	200
962	26.0366	8.4962	25.1285	200
963	26.1079	8.2874	25.1421	200
964	25.4226	8.06499	25.146	200
965	25.4098	7.84829	25.1497	200
966	26.0692	7.65582	25.1624	200
967	26.1031	7.46929	25.1755	200
968	26.1532	7.28897	25.1891	200
969	25.483	7.09466	25.1932	200
970	23.5747	6.94254	25.1707	200
971	23.4156	6.79844	25.1463	200
972	22.5382	6.68204	25.1101	200
973	22.4261	6.57099	25.0728	200
974	23.0098	6.44576	25.0441	200
975	22.1008	6.3582	25.0074	200
976	19.8092	6.3292	24.9424	200
977	18.4083	6.33432	24.8607	200
978	18.0213	6.34695	24.7752	200
979	17.0361	6.38175	24.6785	200
980	16.7258	6.42103	24.5791	200
981	13.9381	6.52652	24.446	200
982	14.0588	6.62304	24.3162	200
983	13.9493	6.71664	24.1866	200
984	14.2673	6.7967	24.0626	200
985	13.2585	6.89689	23.9276	200
986	13.351	6.98888	23.7954	200
987	13.3671	7.07486	23.665	200
988	13.413	7.15429	23.5369	200
989	13.2159	7.23345	23.4078	200
990	16.6963	7.22041	23.324	200
991	21.7925	7.07818	23.3048	200
992	21.8813	6.93682	23.287	200
993	21.9446	6.79696	23.2702	200
994	22.6434	6.6427	23.2624	200
995	24.9481	6.51878	23.2835	200
996	24.9133	6.39655	23.3038	200
997	24.7519	6.27284	23.3219	200
998	25.0503	6.15923	23.3435	200
999	25.1657	6.0508	23.3663	200
1000	25.6674	5.95706	23.3951	200
1001	25.69	5.8655	23.4238	200
1002	26.2135	5.78861	23.4586	200
1003	26.2992	5.7149	23.4941	200
1004	26.037	5.6356	23.5259	200
1005	26.2384	5.56252	23.5598	200
1006	26.1568	5.48839	23.5923	200
1007	26.214	5.41672	23.6251	200
1008	26.1983	5.34563	23.6572	200
1009	26.2345	5.27642	23.6894	200
1010	22.8617	5.1652	23.6791	200
1011	17.3399	5.19455	23.5999	200
1012	17.2596	5.22319	23.5206	200
1013	17.3737	5.24629	23.4438	200
1014	17.3551	5.26734	23.3677	200
1015	18.0038	5.26976	23.3006	200
1016	15.2921	5.332	23.2096	200
1017	17.4127	5.34257	23.1437	200
1018	17.2606	5.35485	23.0769	200
1019	16.7127	5.37779	23.0046	200
1020	16.2566	5.40893	22.9279	200
1021	16.2487	5.4378	22.852	200
1022	17.1794	5.44313	22.7875	200
1023	16.5497	5.46119	22.7166	200
1024	16.4851	5.4787	22.6458	200
1025	16.4254	5.49556	22.5751	200
1026	17.1763	5.49336	22.5138	200
1027	17.8039	5.47555	22.4603	200
1028	17.6956	5.4594	22.4061	200
1029	18.7241	5.419	22.3643	200
1030	20.755	5.33242	22.346	200
1031	21.3154	5.23465	22.3343	200
1032	21.1604	5.14236	22.3209	200
1033	22.5716	5.03118	22.3238	200
1034	22.5994	4.9231	22.3269	200
1035	22.5616	4.81654	22.3296	200
1036	22.5883	4.71296	22.3325	200
1037	24.6479	4.65846	22.3588	200
1038	24.5917	4.60334	22.3842	200
1039	30.8967	4.69218	22.4809	200
1040	30.9567	4.77817	22.5772	200
1041	31.4452	4.87112	22.678	200
1042	31.9942	4.97214	22.7839	200
1043	31.9508	5.06748	22.8881	200
1044	31.9815	5.15898	22.9914	200
1045	31.7796	5.24146	23.0913	200
1046	31.7617	5.31939	23.1898	200
1047	31.7639	5.39336	23.2872	200
1048	31.0823	5.44794	23.3758	200
1049	30.3715	5.48312	23.4553	200
1050	30.5437	5.5196	23.5358	200
1051	29.5461	5.53076	23.6041	200
1052	27.4906	5.49338	23.6483	200
1053	26.8983	5.4424	23.6852	200
1054	27.0395	5.39494	23.7233	200
1055	26.3969	5.33309	23.7537	200
1056	26.2734	5.26915	23.7824	200
1057	26.3447	5.20763	23.8115	200
1058	26.3328	5.14658	23.8401	200
1059	35.3115	5.29032	23.9705	200
1060	35.9391	5.4421	24.1065	200
1061	35.9565	5.5756	24.2299	200
1062	29.3116	5.5653	24.2829	200
1063	29.5216	5.5585	24.3374	200
1064	29.6939	5.55429	24.3932	200
1065	29.7657	5.5505	24.4492	200
1066	29.7336	5.54496	24.5042	200
1067	30.153	5.54712	24.5631	200
1068	30.0144	5.54512	24.6199	200
1069	29.6444	5.53428	24.6722	200
1070	29.1487	5.51224	24.7188	200
1071	29.0613	5.48787	24.7641	200
1072	29.1878	5.4657	24.8101	200
1073	29.1866	5.443	24.8557	200
1074	29.0489	5.41697	24.8994	200
1075	29.1444	5.39255	24.9436	200
1076	39.7096	5.58783	25.0974	200
1077	41.4964	5.81306	25.2683	200
1078	41.4153	6.02835	25.4365	200
1079	42.3906	6.25597	25.6131	200
1080	42.9297	6.4864	25.7934	200
1081	43.6501	6.72328	25.9794	200
1082	34.2559	6.75564	26.0657	200
1083	34.7597	6.79602	26.1562	200
1084	36.1294	6.86221	26.2601	200
1085	36.2937	6.92828	26.3646	200
1086	34.0034	6.94308	26.4442	200
1087	41.8956	7.12034	26.6051	200
1088	43.6718	7.32755	26.7829	200
1089	48.1077	7.61916	27.0051	200
1090	53.4374	8.0111	27.2804	200
1091	55.9921	8.44236	27.5795	200
1092	59.8141	8.93803	27.9153	200
1093	62.3518	9.46925	28.274	200
1094	67.0537	10.0799	28.6779	200
1095	67.0597	10.6695	29.0777	200
1096	67.5851	11.2495	29.4788	200
1097	69.0775	11.8401	29.8913	200
1098	69.8553	12.426	30.3076	200
1099	76.7179	13.134	30.7911	200
1100	68.9276	13.6549	31.1883	200
1101	67.9855	14.137	31.5716	200
1102	77.7208	14.8039	32.0523	200
1103	76.7194	15.4261	32.5176	200
1104	76.1674	16.0141	32.9723	200
1105	75.3962	16.5643	33.4142	200
1106	75.13	17.0883	33.8488	200
1107	74.6589	17.5825	34.2739	200
1108	73.9768	18.0433	34.6874	200
1109	74.675	18.5005	35.104	200
1110	74.4801	18.9019	35.4826	200
1111	74.9424	19.2973	35.862	200
1112	68.758	19.5588	36.1783	200
1113	67.6801	19.7885	36.4812	200
1114	63.2027	19.9218	36.7382	200
1115	59.226	19.9711	36.9544	200
1116	55.983	19.953	37.1374	200
1117	53.2125	19.8784	37.2919	200
1118	51.0741	19.7612	37.4244	200
1119	47.0783	19.5668	37.5173	200
1120	47.7173	19.3867	37.6153	200
1121	51.8691	19.288	37.7524	200
1122	50.3605	19.1595	37.8736	200
1123	50.5483	19.0348	37.9955	200
1124	44.8249	18.8001	38.0612	200
1125	43.702	18.547	38.1154	200
1126	43.3529	18.2911	38.1658	200
1127	32.9561	18.0395	38.1157	200
1128	33.0684	17.7897	38.0671	200
1129	33.0194	17.5446	38.0186	200
1130	33.1759	17.3004	37.972	200
1131	32.4193	17.0744	37.9186	200
1132	32.5016	16.8503	37.8666	200
1133	32.4315	16.6307	37.8143	200
1134	32.4144	16.4148	37.7624	200
1135	33.1749	16.1873	37.7183	200
1136	33.1138	15.9646	37.674	200
1137	32.431	15.7584	37.6236	200
1138	31.0581	15.5816	37.5604	200
1139	30.5666	15.4164	37.4932	200
1140	30.6365	15.2518	37.4273	200
1141	28.985	15.1209	37.3461	200
1142	29.0161	14.9903	37.266	200
1143	29.0856	14.8593	37.1873	200
1144	29.7516	14.7166	37.1158	200
1145	32.449	14.5233	37.071	200
1146	31.8246	14.3449	37.0205	200
1147	27.1482	14.2589	36.9256	200
1148	27.8558	14.1591	36.8384	200
1149	26.7562	14.0807	36.7414	200
1150	27.8776	13.9804	36.6562	200
1151	35.7106	13.7297	36.6471	200
1152	35.8797	13.4804	36.6397	200
1153	36.0391	13.2327	36.634	200
1154	36.8586	12.9826	36.6361	200
1155	36.7559	12.7352	36.6373	200
1156	36.6393	12.4903	36.6373	200
1157	36.64	12.2502	36.6373	200
1158	36.8571	12.0188	36.6394	200
1159	39.0935	11.8349	36.663	200
1160	40.7682	11.6863	36.7025	200
1161	42.8735	11.5802	36.7618	200
1162	44.854	11.5131	36.8396	200
1163	45.5712	11.4634	36.9176	200
1164	46.9927	11.4387	37.0076	200
1165	47.1216	11.415	37.0979	200
1166	46.8587	11.3855	37.185	200
1167	48.0909	11.3769	37.2824	200
1168	50.0303	11.4014	37.3962	200
1169	51.4004	11.4479	37.5212	200
1170	51.2436	11.4885	37.6438	200
1171	51.1213	11.524	37.7641	200
1172	56.8636	11.6593	37.9346	200
1173	58.2428	11.8137	38.1159	200
1174	63.2686	12.0519	38.3405	200
1175	63.2818	12.2821	38.5632	200
1176	63.8815	12.5149	38.7893	200
1177	64.346	12.7477	39.0175	200
1178	56.2317	12.8275	39.1712	200
1179	57.2938	12.9221	39.333	200
1180	59.7275	13.0555	39.5151	200
1181	60.9574	13.2053	39.7065	200
1182	61.7638	13.3633	39.9034	200
1183	62.9773	13.5367	40.1095	200
1184	65.136	13.7419	40.3329	200
1185	68.2758	13.9955	40.5824	200
1186	67.4612	14.2256	40.8224	200
1187	67.1778	14.4422	41.0577	200
1188	65.2675	14.6166	41.2739	200
1189	66.1144	14.7992	41.4957	200
1190	70.8829	15.0597	41.758	200
1191	75.1157	15.3864	42.0559	200
1192	74.3606	15.6885	42.3443	200
1193	74.238	15.9779	42.6291	200
1194	74.4722	16.2612	42.9134	200
1195	73.986	16.5257	43.1908	200
1196	73.479	16.7714	43.4612	200
1197	72.7216	16.9945	43.7225	200
1198	73.7118	17.2265	43.9903	200
1199	73.0197	17.4373	44.2495	200
1200	80.4242	17.7719	44.5724	200
1201	78.8462	18.0666	44.8785	200
1202	73.8188	18.2607	45.1369	200
1203	73.1115	18.4342	45.3866	200
1204	72.6836	18.5925	45.6303	200
1205	70.7895	18.7097	45.855	200
1206	72.8246	18.8572	46.0958	200
1207	72.5466	18.9928	46.3319	200
1208	72.6054	19.1228	46.5665	200
1209	71.8052	19.232	46.7919	200.648
1210	73.4784	19.3651	47.0301	201.951
1211	73.4255	19.4907	47.2658	203.191
1212	72.1493	19.587	47.488	204.184
1213	69.4235	19.6289	47.6838	204.715
1214	72.2895	19.7178	47.9035	205.646
1215	72.7283	19.809	48.1252	206.597
1216	72.7257	19.8946	48.3448	207.501
1217	71.7683	19.9576	48.554	208.215
1218	68.3421	19.9545	48.7307	208.367
1219	69.7668	19.9739	48.9185	208.709
1220	71.8152	20.0226	49.1093	209.29
1221	73.1447	20.0894	49.3096	210.025
1222	74.4966	20.1744	49.5195	210.915
1223	76.3591	20.2934	49.7591	212.107
1224	76.2897	20.4048	49.996	213.234
1225	77.4511	20.5404	50.26	214.583
1226	88.8838	20.8881	50.6314	217.737
1227	91.1126	21.2963	51.053	221.424
1228	91.8727	21.7031	51.4782	225.103
1229	81.3371	21.8884	51.8175	226.925
1230	81.3545	22.0623	52.1532	228.651
1231	83.5849	22.2965	52.5461	230.918
1232	84.1047	22.528	52.9406	233.165
1233	84.9167	22.7905	53.3847	235.709
1234	84.5532	23.0232	53.8176	238.003
1235	96.4009	23.6345	54.4829	243.559
1236	95.6871	24.1835	55.1268	248.595
1237	95.7218	24.7696	55.8517	254.009
1238	95.1528	25.2238	56.4657	258.256
1239	94.1943	25.6145	57.0553	261.971
1240	93.7533	25.9609	57.6287	265.316
1241	94.3562	26.2973	58.2025	268.581
1242	96.4128	26.6696	58.7996	272.157
1243	100.48	27.1387	59.4508	276.561
1244	104.103	27.686	60.1485	281.636
1245	106.63	28.2733	60.8748	287.062
1246	107.486	28.8464	61.6031	292.374
1247	110.227	29.4644	62.3628	298.078
1248	111.619	30.0829	63.1324	303.796
1249	112.302	30.6794	63.9007	309.336
1250	108.093	31.1017	64.5912	313.405
1251	107.518	31.4712	65.262	317.032
1252	86.9264	31.1647	65.6005	314.918
1253	88.956	30.9207	65.9654	313.331
1254	89.0139	30.6747	66.3255	311.723
1255	91.679	30.5084	66.7217	310.789
1256	91.3299	30.324	67.1062	309.698
1257	89.7214	30.0831	67.4595	308.125
1258	87.812	29.779	67.7775	306.01
1259	84.8028	29.3805	68.0436	303.087
1260	83.6142	28.9489	68.2869	299.878
1261	82.201	28.4791	68.5043	296.337
1262	80.2888	27.9574	68.6884	292.347
1263	82.1394	27.5041	68.8986	288.931
1264	80.9996	27.0227	69.0876	285.269
1265	81.7655	26.5744	69.2857	281.881
1266	79.3945	26.0599	69.4437	277.923
1267	78.759	25.5366	69.5892	273.882
1268	68.4298	24.7748	69.5711	267.77
1269	66.5581	24.0948	69.524	262.282
1270	65.7353	23.4602	69.4648	257.147
1271	66.342	22.8247	69.416	252.013
1272	70.6134	22.2239	69.4327	247.224
1273	71.6109	21.6671	69.4629	242.8
1274	72.5169	21.1501	69.5053	238.706
1275	71.6812	20.623	69.5356	234.519
1276	68.072	20.0908	69.5152	230.242
1277	64.3547	19.6761	69.4436	226.852
1278	64.2094	19.2749	69.3709	223.57
1279	65.7058	18.8413	69.32	220.05
1280	60.9901	18.5493	69.2043	217.599
1281	60.6123	18.2727	69.0849	215.267
1282	60.6032	18.0007	68.9671	212.973
1283	61.0375	17.721	68.857	210.625
1284	62.1737	17.4144	68.7642	208.079
1285	48.5606	17.4919	68.4836	208.418
1286	52.624	17.4465	68.2633	207.835
1287	54.0718	17.3561	68.0662	206.915
1288	54.8169	17.242	67.8822	205.818
1289	55.6438	17.103	67.7122	204.536
1290	47.131	17.2117	67.3906	205.084
1291	45.9842	17.3428	67.0561	205.799
1292	45.1242	17.5067	66.6645	206.718
1293	45.1299	17.6506	66.2799	207.484
1294	43.5342	17.8629	65.8061	208.709
1295	42.9794	18.0697	65.3305	209.888
1296	41.8542	18.34	64.7436	211.464
1297	40.8947	18.6155	64.1474	213.071
1298	40.3018	18.877	63.5513	214.567
1299	40.4099	19.0902	62.9727	215.694
1300	39.784	19.2951	62.393	216.754
1301	38.8082	19.5096	61.8034	217.88
1302	38.3996	19.7043	61.2183	218.853
1303	45.3947	19.5103	60.8227	216.905
1304	42.1113	19.4703	60.3549	216.117
1305	43.721	19.3285	59.9391	214.567
1306	51.0325	18.8074	59.7164	210.176
1307	44.7395	18.6159	59.342	208.269
1308	44.8158	18.4114	58.9788	206.27
1309	45.9021	18.1447	58.6519	203.809
1310	46.8459	17.8277	58.3567	200.979
1311	49.8574	17.3613	58.1443	200
1312	51.7516	16.8129	57.9844	200
1313	28.5805	17.4424	57.2493	200
1314	47.5676	17.0544	57.0073	200
1315	49.8866	16.5577	56.8293	200
1316	48.0575	16.2333	56.6465	200
1317	41.455	16.1899	56.33	200
1318	50.2437	15.7689	56.2032	200
1319	50.1721	15.3632	56.0776	200
1320	48.3889	15.0434	55.9174	200
1321	48.047	14.7445	55.7535	200
1322	49.9833	14.3706	55.6332	200
1323	58.4678	13.8899	55.6923	200
1324	59.1204	13.454	55.7637	200
1325	43.3587	13.4103	55.5053	200
1326	59.0763	13.0003	55.5797	200
1327	60.4977	12.6636	55.6821	200
1328	60.017	12.3165	55.7724	200
1329	58.6276	11.9223	55.8319	200
1330	50.7124	11.6389	55.7253	200
1331	60.6431	11.3588	55.8277	200
1332	62.2715	11.154	55.962	200
1333	61.9848	10.9402	56.0874	200
1334	57.8239	10.5567	56.1236	200
1335	53.4851	10.2268	56.0686	200
1336	64.5409	10.1537	56.2451	200
1337	61.192	9.93675	56.3482	200
1338	44.3892	10.021	56.0991	200
1339	58.4429	9.70113	56.1479	200
1340	61.1983	9.50735	56.2531	200
1341	62.1064	9.37684	56.3576	200
1342	62.6388	9.26628	56.4698	200
1343	63.7934	9.1969	56.6006	200
1344	54.7617	8.93411	56.5677	200
1345	57.8966	8.6625	56.5915	200
1346	59.6887	8.46374	56.6468	200
1347	60.2813	8.29127	56.7117	200
1348	59.1429	8.08198	56.7551	200
1349	49.4501	8.05423	56.6246	200
1350	51.4376	7.95183	56.532	200
1351	52.9366	7.79624	56.4678	200
1352	43.7084	7.9735	56.24	200
1353	51.1128	7.87185	56.1484	200
1354	52.5407	7.71955	56.084	200
1355	51.6441	7.60242	56.0047	200
1356	52.0632	7.47168	55.9343	200
1357	56.6196	7.2293	55.9465	200
1358	58.4963	7.06218	55.9921	200
1359	59.9758	6.95223	56.0632	200
1360	59.202	6.81604	56.1193	200
1361	57.9555	6.63819	56.1521	200
1362	52.5333	6.53035	56.0874	200
1363	48.8378	6.55604	55.958	200
1364	47.453	6.62564	55.8061	200
1365	45.4109	6.76027	55.6205	200
1366	51.8416	6.65379	55.553	200
1367	47.134	6.71683	55.4027	200
1368	52.5594	6.57849	55.3519	200
1369	53.9459	6.39376	55.3268	200
1370	53.9406	6.23727	55.3051	200
1371	53.6996	6.09253	55.28	200
1372	47.8835	6.13328	55.1645	200
1373	45.0715	6.25702	55.0067	200
1374	40.9121	6.50194	54.7865	200
1375	40.3561	6.7497	54.561	200
1376	40.4592	6.97946	54.3407	200
1377	44.2059	7.07806	54.1823	200
1378	46.4042	7.09994	54.0608	200
1379	46.9892	7.09906	53.9503	200
1380	47.9057	7.0661	53.8559	200
1381	36.3337	7.39286	53.5821	200
1382	33.6132	7.78586	53.2701	200
1383	36.6515	8.06188	53.0104	200
1384	37.9652	8.28011	52.7753	200
1385	40.8344	8.39451	52.5887	200
1386	40.7331	8.50267	52.4035	200
1387	42.8237	8.53632	52.2538	200
1388	48.769	8.37847	52.1994	200
1389	50.9347	8.15616	52.1796	200
1390	52.2985	7.90499	52.1815	200
1391	53.1475	7.68815	52.1966	200
1392	54.4545	7.51846	52.2318	200
1393	58.4845	7.4789	52.3295	200
1394	56.6362	7.37977	52.3968	200
1395	55.5335	7.24717	52.4458	200
1396	55.2828	7.10935	52.4902	200
1397	55.376	6.97737	52.5353	200
1398	53.4622	6.78829	52.5497	200
1399	45.4796	6.7971	52.4393	200
1400	43.091	6.87682	52.2932	200
1401	40.6772	7.02492	52.1117	200
1402	41.2981	7.14332	51.9427	200
1403	40.7056	7.25704	51.7867	200
1404	38.0194	7.43787	51.5954	200
1405	31.2321	7.79692	51.3126	200
1406	29.0524	8.19867	51.0035	200
1407	30.6886	8.53523	50.7213	200
1408	29.3925	8.89061	50.4251	200
1409	29.5306	9.22405	50.1349	200
1410	21.3989	9.76605	49.7358	200
1411	31.8574	9.99139	49.4874	200
1412	32.8593	10.1757	49.2565	200
1413	32.874	10.3482	49.029	200
1414	33.9501	10.4796	48.8195	200
1415	35.1655	10.5677	48.6299	200
1416	34.5916	10.6641	48.4349	200
1417	36.9514	10.6869	48.2754	200
1418	41.418	10.5805	48.1802	200
1419	44.3868	10.392	48.1275	200
1420	46.3266	10.1534	48.1025	200
1421	48.3267	9.87755	48.1056	200
1422	50.2986	9.66409	48.1361	200
1423	51.9662	9.50203	48.1892	200
1424	53.1214	9.37509	48.2577	200
1425	48.8019	9.12979	48.2653	200
1426	48.5587	8.88433	48.2694	200
1427	47.4072	8.66149	48.2574	200
1428	47.3605	8.44581	48.2449	200
1429	37.1778	8.51863	48.0912	200
1430	44.9702	8.36869	48.0479	200
1431	46.3265	8.18404	48.024	200
1432	45.4712	8.02762	47.9885	200
1433	44.86	7.89153	47.9451	200
1434	44.2545	7.77484	47.8938	200
1435	42.1503	7.71841	47.814	200
1436	38.6929	7.75738	47.6874	200
1437	38.5609	7.79541	47.5606	200
1438	37.9924	7.84465	47.4277	200
1439	40.8652	7.80903	47.3366	200
1440	40.1457	7.79358	47.2467	200
1441	38.0742	7.82805	47.132	200
1442	38.7756	7.84126	47.0276	200
1443	38.2462	7.86477	46.9178	200
1444	39.0616	7.86455	46.8196	200
1445	38.8972	7.86599	46.7206	200
1446	38.7943	7.8675	46.6215	200
1447	39.3256	7.85321	46.5303	200
1448	39.5936	7.8303	46.4436	200
1449	30.8824	8.02357	46.2491	200
1450	28.5549	8.26533	46.0279	200
1451	27.7924	8.51458	45.7999	200
1452	30.6575	8.68028	45.6107	200
1453	33.082	8.77649	45.4541	200
1454	35.3791	8.80895	45.3281	200
1455	36.4554	8.81054	45.2172	200
1456	38.2652	8.76408	45.1303	200
1457	47.1836	8.59631	45.156	200
1458	47.6312	8.44328	45.1869	200
1459	49.1029	8.3301	45.2359	200
1460	47.8172	8.18638	45.2681	200
1461	48.379	8.0595	45.307	200
1462	45.9982	7.87529	45.3156	200
1463	45.4271	7.68119	45.317	200
1464	45.2973	7.48966	45.3168	200
1465	45.2873	7.30315	45.3164	200
1466	44.9961	7.12858	45.3124	200
1467	44.6413	6.96715	45.304	200
1468	44.0168	6.82515	45.2879	200
1469	43.9663	6.68756	45.2714	200
1470	44.7274	6.53397	45.2646	200
1471	44.7436	6.38364	45.2581	200
1472	41.1391	6.32703	45.2066	200
1473	39.5331	6.31069	45.1357	200
1474	41.4832	6.24424	45.09	200
1475	43.8545	6.11902	45.0746	200
1476	40.3959	6.08301	45.0161	200
1477	33.5549	6.21746	44.8728	200
1478	38.7676	6.21466	44.7965	200
1479	38.7245	6.21109	44.7206	200
1480	39.1017	6.19629	44.6504	200
1481	39.1313	6.1809	44.5877	200
1482	42.0766	6.09749	44.5591	200
1483	43.2301	5.98912	44.544	200
1484	46.4046	5.89529	44.5652	200
1485	48.3723	5.84783	44.6084	200
1486	49.1156	5.81736	44.6597	200
1487	49.0733	5.78545	44.7098	200
1488	50.5914	5.78786	44.7833	200
1489	50.4653	5.78521	44.8544	200
1490	50.919	5.79297	44.9386	200
1491	51.3626	5.8105	45.0278	200
1492	52.6199	5.86617	45.1464	200
1493	53.308	5.9379	45.274	200
1494	52.4368	5.98165	45.4019	200
1495	49.8951	5.92849	45.4821	200
1496	46.5919	5.72772	45.5052	200
1497	46.447	5.5283	45.5248	200
1498	45.8895	5.31315	45.5324	200
1499	42.7402	5.20812	45.4743	200
1500	46.6678	5.04084	45.4991	200
1501	50.7757	5.05067	45.6091	200
1502	54.1618	5.19658	45.7872	200
1503	54.8528	5.35779	45.9761	200
1504	52.7486	5.41673	46.1172	200
1505	52.5867	5.4606	46.252	200
1506	49.8513	5.38305	46.327	200
1507	47.742	5.21771	46.3564	200
1508	48.7018	5.09803	46.4053	200
1509	32.6954	5.45686	46.1197	200
1510	33.7648	5.74427	45.8623	200
1511	30.527	6.1439	45.5428	200
1512	39.5742	6.13659	45.4185	200
1513	36.8566	6.23764	45.2401	200
1514	33.9373	6.44869	45.0046	200
1515	33.0481	6.67818	44.7555	200
1516	32.6852	6.90286	44.504	200
1517	31.598	7.15299	44.2352	200
1518	30.9025	7.41047	43.9574	200
1519	29.785	7.69222	43.6621	200
1520	27.9192	8.02767	43.3342	200
1521	29.3728	8.2749	43.0433	200
1522	34.7767	8.27456	42.8711	200
1523	37.4338	8.17323	42.774	200
1524	36.1959	8.11626	42.6565	200
1525	22.2594	8.55486	42.2923	200
1526	21.9711	8.97509	41.9294	200
1527	22.1001	9.36274	41.5753	200
1528	23.731	9.66565	41.2567	200
1529	24.0211	9.936	40.9489	200
1530	24.2158	10.1788	40.6501	200
1531	24.7429	10.3833	40.366	200
1532	24.325	10.5854	40.0796	200
1533	25.3196	10.7345	39.816	200
1534	34.943	10.5252	39.729	200
1535	38.9743	10.1762	39.7155	200
1536	42.1556	9.89992	39.7591	200
1537	36.3262	9.66895	39.6978	200
1538	37.0349	9.41874	39.6502	200
1539	39.3325	9.0937	39.6446	200
1540	39.2149	8.78427	39.6369	200
1541	41.3651	8.53227	39.6677	200
1542	40.8184	8.26864	39.6883	200
1543	41.4299	8.03553	39.7194	200
1544	49.4787	8.09709	39.8937	200
1545	48.9635	8.13183	40.0556	200
1546	52.308	8.27899	40.2744	200
1547	53.7204	8.46353	40.5145	200
1548	55.6488	8.70177	40.7848	200
1549	53.1386	8.85394	41.0421	200
1550	52.8426	8.97671	41.288	200
1551	55.4549	9.23622	41.6422	200
1552	57.3805	9.56132	42.0356	200
1553	56.586	9.87313	42.4903	200
1554	55.1016	10.0443	42.8844	200
1555	55.1219	10.1813	43.2668	200
1556	54.498	10.247	43.6178	200
1557	53.5829	10.2293	43.9292	200
1558	52.6554	10.1354	44.2019	200
1559	48.6317	9.77879	44.3403	200
1560	48.7652	9.44417	44.4786	200
1561	49.6425	9.17665	44.64	200
1562	40.9049	8.83656	44.5233	200
1563	40.5183	8.53459	44.3981	200
1564	39.5514	8.30409	44.2466	200
1565	41.1641	7.97774	44.1503	200
1566	40.9635	7.7382	44.0706	200
1567	44.4195	7.36873	44.0794	200
1568	43.0011	7.05421	44.0524	200
1569	43.0812	6.75005	44.0281	200
1570	41.0919	6.55937	43.9547	200
1571	39.1385	6.47221	43.8343	200
1572	38.8906	6.39578	43.7107	200
1573	39.1144	6.30581	43.5958	200
1574	42.3423	6.05319	43.5645	200
1575	45.1383	5.82922	43.6038	200
1576	46.739	5.69452	43.6822	200
1577	45.5013	5.50075	43.7277	200
1578	47.4341	5.41104	43.8203	200
1579	48.32	5.36546	43.9328	200
1580	55.652	5.68315	44.2258	200
1581	68.9883	6.63711	44.8449	200
1582	71.2502	7.62552	45.505	200
1583	70.2155	8.47977	46.1228	200
1584	68.3882	9.16905	46.6794	200
1585	66.5226	9.70276	47.1755	200
1586	69.2328	10.3205	47.7269	200
1587	74.8041	11.0187	48.291	200
1588	71.3874	11.5219	48.7722	200
1589	67.6345	11.8278	49.1652	200
1590	68.8897	12.1568	49.5761	200
1591	61.0483	12.1283	49.8151	200
1592	57.8452	11.9575	49.9824	200
1593	57.0487	11.7537	50.1296	200
1594	57.5846	11.5746	50.2849	200
1595	55.9348	11.3277	50.4026	200
1596	55.7238	11.0775	50.5135	200
1597	53.6861	10.7481	50.5796	200
1598	57.7522	10.5991	50.729	200
1599	52.2163	10.2195	50.76	200
1600	56.7322	10.0425	50.8844	200
1601	58.0991	9.92467	51.0347	200
1602	56.7169	9.7479	51.1531	200
1603	56.7302	9.57412	51.2693	200
1604	55.7188	9.36059	51.362	200
1605	61.9165	9.41034	51.5819	200
1606	62.997	9.49387	51.8197	200
1607	63.9817	9.60505	52.0731	200
1608	65.8791	9.78009	52.3607	200
1609	65.883	9.93602	52.6424	200
1610	63.8382	9.98851	52.8756	200
1611	66.1251	10.1244	53.1517	200
1612	65.2376	10.1944	53.3675	200
1613	61.4412	10.1187	53.5117	200
1614	60.0086	9.98934	53.6277	200
1615	59.9517	9.85844	53.7406	200
1616	59.1908	9.701	53.8379	200
1617	46.6551	9.61107	53.7097	200
1618	41.8411	9.69169	53.4977	200
1619	40.4917	9.81006	53.2655	200
1620	38.5272	9.98607	53.0023	200
1621	36.1179	10.2324	52.7008	200
1622	35.9912	10.4638	52.4024	200
1623	35.3336	10.6997	52.0976	200
1624	34.2884	10.9536	51.7796	200
1625	36.2795	11.1159	51.5028	200
1626	38.6606	11.1776	51.2735	200
1627	39.6052	11.1951	51.0651	200
1628	40.1957	11.1835	50.871	200
1629	40.7731	11.1447	50.6907	200
1630	42.4776	11.04	50.544	200
1631	34.3467	11.2242	50.2548	200
1632	33.8511	11.4092	49.9619	200
1633	38.3253	11.4173	49.7541	200
1634	38.4998	11.4115	49.5531	200
1635	40.3361	11.3331	49.3885	200
1636	41.8561	11.1974	49.254	200
1637	41.9709	11.0576	49.1239	200
1638	42.7193	10.8914	49.0096	200
1639	42.9069	10.7204	48.9006	200
1640	45.123	10.4724	48.8331	200
1641	42.1127	10.3552	48.7281	200
1642	41.1222	10.2692	48.6093	200
1643	41.4784	10.1712	48.4979	200
1644	41.3833	10.0757	48.3867	200
1645	39.8386	10.0279	48.2531	200
1646	46.8992	9.75686	48.232	200
1647	50.3925	9.51947	48.2657	200
1648	46.0737	9.29049	48.2315	200
1649	46.7195	9.04741	48.2079	200
1650	46.3465	8.82284	48.1788	200
1651	44.811	8.65237	48.1262	200
1653	42.5989	8.55471	48.0398	200
1654	41.9848	8.4766	47.9452	200
1655	43.8416	8.33994	47.8811	200
1656	45.6159	8.1501	47.8457	200
1657	47.659	7.90124	47.8427	200
1658	49.1258	7.69442	47.8628	200
1659	48.8941	7.4862	47.8789	200
1660	48.3948	7.26838	47.887	200
1661	48.3912	7.057	47.8948	200
1662	42.3242	7.01055	47.8078	200
1663	37.5027	7.1135	47.6468	200
1664	38.2215	7.18575	47.4995	200
1665	38.4282	7.24467	47.3578	200
1666	37.1298	7.3379	47.198	200
1667	37.5912	7.4088	47.0479	200
1668	44.6619	7.25183	47.0106	200
1669	47.3891	7.03704	47.0165	200
1670	46.1435	6.84441	47.0029	200
1671	45.6	6.67437	46.9809	200
1672	43.7161	6.56782	46.9299	200
1673	45.14	6.41851	46.902	200
1674	43.9459	6.3103	46.8558	200
1675	43.7695	6.22075	46.8129	200
1676	43.8737	6.12959	46.7721	200
1677	46.3291	5.97163	46.7659	200
1678	40.8915	5.96893	46.6843	200
1679	40.0157	5.98837	46.5917	200
1680	38.9697	6.03375	46.4858	200
1681	38.2104	6.09602	46.3709	200
1682	40.1785	6.0987	46.2849	200
1683	41.2611	6.06884	46.2151	200
1684	42.7074	5.9977	46.1664	200
1685	39.7459	6.00944	46.0772	200
1686	38.5361	6.05199	45.9725	200
1687	37.7513	6.11224	45.8583	200
1688	38.6032	6.14399	45.7575	200
1689	37.7096	6.19688	45.6458	200
1690	37.1294	6.26131	45.5275	200
1691	38.2542	6.28942	45.4265	200
1692	37.2632	6.34147	45.3131	200
1693	36.9422	6.39784	45.1968	200
1694	34.9594	6.5045	45.0546	200
1695	48.3288	6.41477	45.1001	200
1696	54.4155	6.49534	45.2295	200
1697	54.7423	6.57916	45.3616	200
1698	56.3578	6.70185	45.5143	200
1699	56.5435	6.82205	45.6675	200
1700	55.8151	6.91443	45.8085	200
1701	53.8716	6.94633	45.9204	200
1702	54.6141	6.99487	46.0412	200
1703	53.4008	7.005	46.1434	200
1704	54.4371	7.0408	46.2586	200
1705	53.6314	7.05002	46.361	200
1706	54.0092	7.06664	46.4672	200
1707	53.3396	7.06124	46.5627	200
1708	52.91	7.04141	46.6508	200
1709	52.941	7.02054	46.7382	200
1710	53.5039	7.01346	46.8322	200
1711	52.973	6.98922	46.9174	200
1712	51.6073	6.93174	46.9761	200
1713	57.9211	7.04322	47.1281	200
1714	52.9217	7.00851	47.2085	200
1715	53.8649	6.9975	47.3126	200
1716	52.2593	6.93342	47.3898	200
1717	50.3605	6.79189	47.4429	200
1718	50.4712	6.65747	47.497	200
1719	50.9184	6.52264	47.5682	200
1720	54.382	6.53477	47.7102	200
1721	56.6843	6.65674	47.9346	200
1722	58.8092	6.86763	48.2064	200
1723	61.4515	7.18651	48.5375	200
1724	62.2021	7.51041	48.8792	200
1725	62.1811	7.79998	49.2117	200
1726	61.5954	8.02917	49.5213	200
1727	61.2943	8.21636	49.8156	200
1728	61.4096	8.38524	50.1055	200
1729	61.4806	8.53473	50.3898	200
1730	62.1769	8.69735	50.6845	200
1731	63.1215	8.88432	50.9954	200
1732	20.5398	9.96289	50.2341	200
1733	19.7504	10.8179	49.599	200
1734	27.8872	11.2718	49.1467	200
1735	30.3355	11.586	48.7548	200
1736	33.438	11.7414	48.4357	200
1737	35.6326	11.7857	48.1689	200
1738	36.3178	11.7884	47.922	200
1739	37.671	11.7243	47.7085	200
1740	37.757	11.6505	47.5011	200
1741	38.3337	11.547	47.3101	200
1742	38.8226	11.4195	47.1333	200
1743	36.8146	11.3736	46.9183	200
1744	37.0358	11.3115	46.7125	200
1745	34.8695	11.3337	46.4657	200
1746	25.114	11.7511	46.0209	200
1747	23.5624	12.1972	45.553	200
1748	23.1432	12.6227	45.0861	200
1749	21.0272	13.0993	44.5849	200
1750	20.5134	13.5564	44.0834	200
1751	18.9382	14.0393	43.5596	200
1752	19.044	14.4758	43.0488	200
1753	21.7292	14.761	42.6047	200
1754	22.5599	14.9811	42.1871	200
1755	46.0751	14.5189	42.2681	200
1756	50.6919	14.265	42.4436	200
1757	52.1845	14.0764	42.6465	200
1758	52.428	13.9231	42.8212	200
1759	58.7592	13.995	43.1058	200
1760	59.7951	14.0912	43.4038	200
1761	59.0181	14.1456	43.6826	200
1762	58.937	14.1852	43.955	200
1763	60.7371	14.278	44.2547	200
1764	63.1029	14.4412	44.5913	200
1765	64.404	14.633	44.9451	200
1766	62.9931	14.755	45.2674	200
1767	62.1818	14.8321	45.5694	200
1768	58.6768	14.7705	45.8035	200
1769	57.9736	14.6777	46.0208	200
1770	57.1519	14.551	46.2196	200
1771	59.9238	14.5208	46.4643	200
1772	62.0313	14.5581	46.7423	200
1773	57.6955	14.4294	46.9379	200
1774	57.214	14.281	47.1214	200
1775	56.5796	14.1088	47.2903	200
1776	58.8267	14.0169	47.4963	200
1777	58.435	13.907	47.6916	200
1778	56.0902	13.7103	47.8416	200
1779	60.3929	13.6689	48.0657	200
1780	62.3622	13.6913	48.321	200
1781	63.7778	13.7543	48.597	200
1782	62.9506	13.7757	48.8533	200
1783	65.13	13.8651	49.144	200
1784	65.1047	13.9399	49.429	200
1785	63.6908	13.9514	49.6837	200
1786	64.4598	13.9809	49.9475	200
1787	63.7329	13.9747	50.1629	200
1788	63.0633	13.9412	50.3645	200
1789	64.9246	13.9605	50.592	200
1790	66.1261	14.0097	50.8347	200
1791	64.8384	14.0095	51.0535	200
1792	63.8213	13.9707	51.253	200
1793	64.7402	13.9556	51.4637	200
1794	59.7787	13.7793	51.5937	200
1795	55.7154	13.4775	51.6581	200
1796	54.3946	13.1419	51.7008	200
1797	48.5872	12.8285	51.6522	200
1798	45.7581	12.6118	51.5601	200
1799	46.4397	12.3777	51.4801	200
1800	47.8071	12.1056	51.4227	200
1801	49.7792	11.7787	51.397	200
1802	51.2812	11.4142	51.3952	200
1803	50.5972	11.0825	51.3827	200
1804	51.1714	10.7428	51.3794	200
1805	48.2537	10.5047	51.3306	200
1806	47.0675	10.3097	51.264	200
1807	48.3005	10.0801	51.2177	200
1808	49.1126	9.83088	51.1848	200
1809	49.1595	9.58696	51.1531	200
1810	48.1998	9.37966	51.107	200
1811	48.6625	9.16293	51.0688	200
1812	48.4059	8.9598	51.0272	200
1813	48.4799	8.75941	50.9874	200
1814	47.1129	8.60676	50.9268	200
1815	47.7141	8.43819	50.8766	200
1816	47.708	8.27352	50.8271	200
1817	48.3439	8.09257	50.7883	200
1818	48.2047	7.92042	50.748	200
1819	50.2754	7.68767	50.7406	200
1820	50.3365	7.48535	50.735	200
1821	49.8066	7.30321	50.7221	200
1822	50.441	7.10815	50.7182	200
1823	50.6273	6.91322	50.7169	200
1824	48.6849	6.77763	50.6887	200
1825	46.9671	6.69274	50.637	200
1826	47.2923	6.59974	50.5905	200
1827	47.3532	6.50634	50.5456	200
1828	48.0347	6.39535	50.5107	200
1829	47.9169	6.28975	50.4747	200
1830	41.6868	6.35914	50.3526	200
1831	40.9673	6.4432	50.2223	200
1832	41.7583	6.49934	50.1047	200
1833	42.6948	6.52463	50.0018	200
1834	40.4665	6.60826	49.8694	200
1835	40.5516	6.68352	49.7399	200
1836	41.1816	6.7356	49.6211	200
1837	42.5187	6.74579	49.5224	200
1838	43.1989	6.73406	49.4346	200
1839	44.0716	6.69597	49.3601	200
1840	43.8476	6.6631	49.2835	200
1841	44.4047	6.61353	49.2158	200
1842	49.6908	6.44302	49.2224	200
1843	54.1725	6.40155	49.2911	200
1844	55.1743	6.38715	49.3728	200
1845	55.9839	6.39337	49.4647	200
1846	54.9106	6.36705	49.5403	200
1847	54.5969	6.33065	49.6105	200
1848	53.159	6.25336	49.6598	200
1849	53.128	6.176	49.708	200
1850	51.1121	6.04345	49.7275	200
1851	49.5228	5.88126	49.7246	200
1852	50.4599	5.73831	49.7349	200
1853	49.7218	5.57928	49.7347	200
1854	49.2354	5.43816	49.7277	200
1855	48.6481	5.31709	49.7127	200
1856	51.9227	5.23078	49.7434	200
1857	52.698	5.17387	49.7804	200
1858	51.6761	5.09192	49.8041	200
1859	53.4902	5.05678	49.8501	200
1860	53.2978	5.01655	49.8932	200
1861	49.9141	4.89165	49.8935	200
1862	45.9304	4.86844	49.844	200
1863	47.2319	4.81203	49.8113	200
1864	47.3223	4.75395	49.7802	200
1865	47.1383	4.70115	49.7472	200
1866	47.0799	4.6503	49.7138	200
1867	46.4932	4.61456	49.6736	200
1868	46.4218	4.58049	49.6329	200
1869	47.2018	4.52676	49.6025	200
1870	46.4944	4.49129	49.5637	200
1871	45.3008	4.48558	49.5104	200
1872	47.063	4.43462	49.4798	200
1873	45.7096	4.41801	49.4327	200
1874	45.4767	4.40646	49.3832	200
1875	43.6415	4.43984	49.3115	200
1876	45.1582	4.43267	49.2595	200
1877	44.2016	4.44831	49.1963	200
1878	44.7786	4.44754	49.1411	200
1879	43.232	4.48408	49.0672	200
1880	42.6763	4.53175	48.9873	200
1881	41.2368	4.61222	48.8905	200
1882	41.1782	4.68972	48.7941	200
1883	39.928	4.79413	48.6832	200
1884	43.0427	4.81529	48.6127	200
1885	45.4712	4.77344	48.5735	200
1886	46.9282	4.69523	48.5529	200
1887	39.9472	4.79299	48.4453	200
1888	43.5148	4.79643	48.3837	200
1889	45.554	4.74726	48.3483	200
1890	49.7016	4.66241	48.3652	200
1891	48.9373	4.56015	48.3724	200
1892	47.7738	4.46111	48.3649	200
1893	49.1133	4.3683	48.3742	200
1894	50.7856	4.31937	48.4044	200
1895	51.375	4.28565	48.4415	200
1896	51.3542	4.25133	48.4779	200
1897	52.7182	4.25105	48.5309	200
1898	52.4644	4.24383	48.5756	200
1899	51.1256	4.20534	48.6046	200
1900	51.7725	4.18176	48.6406	200
1901	52.3832	4.17178	48.6831	200
1902	51.0814	4.13147	48.7104	200
1903	51.5486	4.10208	48.7426	200
1904	53.9849	4.12799	48.8022	200
1905	53.3481	4.13749	48.8539	200
1906	51.9256	4.11327	48.8888	200
1907	56.0757	4.18312	48.9704	200
1908	59.8132	4.33448	49.0937	200
1909	58.059	4.43972	49.1955	200
1910	62.0366	4.63066	49.3415	200
1911	59.6277	4.7592	49.4583	200
1912	61.0762	4.91508	49.5904	200
1913	62.1039	5.08777	49.7326	200
1914	61.1335	5.23125	49.8621	200
1915	60.481	5.35369	49.9828	200
1916	59.2706	5.44311	50.0883	200
1917	59.1833	5.5261	50.1917	200
1918	59.2753	5.60695	50.2949	200
1919	61.121	5.72557	50.4179	200
1920	61.53	5.84799	50.5442	200
1921	63.7518	6.01525	50.6943	200
1922	62.6937	6.15126	50.8306	200
1923	62.4857	6.27634	50.9631	200
1924	63.8381	6.42631	51.1094	200
1925	65.3452	6.6038	51.2712	200
1926	68.5247	6.84584	51.4672	200
1927	72.7477	7.1739	51.709	200
1928	72.4799	7.48292	51.9451	200
1929	66.8992	7.65272	52.115	200
1930	58.5508	7.62506	52.1881	200
1931	56.1202	7.54113	52.2328	200
1932	57.4768	7.48892	52.2924	200
1933	58.2827	7.45486	52.3605	200
1934	61.7521	7.49888	52.4672	200
1935	63.1085	7.57029	52.5881	200
1936	63.9418	7.65628	52.7172	200
1937	64.6373	7.75318	52.8526	200
1938	68.4987	7.93257	53.0304	200
1939	67.784	8.08759	53.1981	200
1940	68.4701	8.25087	53.3716	200
1941	67.3131	8.38021	53.53	200
1942	68.6804	8.53407	53.7022	200
1943	68.0161	8.65448	53.8513	200
1944	67.343	8.75526	53.9918	200
1945	67.1961	8.84795	54.1294	200
1946	66.0113	8.91116	54.2531	200
1947	66.6267	8.98329	54.382	200
1948	64.6241	9.00951	54.4887	200
1949	59.4872	8.92595	54.5408	200
1950	52.9296	8.77356	54.524	200
1951	54.2592	8.59629	54.5212	200
1952	55.7219	8.44221	54.5338	200
1953	71.8408	8.6269	54.714	200
1954	74.6798	8.86313	54.922	200
1955	68.6917	8.96534	55.0654	200
1956	65.6845	8.9998	55.1761	200
1957	61.3137	8.94017	55.24	200
1958	57.8791	8.80889	55.2675	200
1959	56.5247	8.65157	55.2806	200
1960	56.7829	8.50262	55.2962	200
1961	54.5851	8.3403	55.2888	200
1962	54.9906	8.17276	55.2857	200
1963	55.5759	8.00854	55.2887	200
1964	57.6315	7.8905	55.3131	200
1965	57.9024	7.78006	55.3401	200
1966	59.0225	7.69469	55.3785	200
1967	60.4694	7.64044	55.4315	200
1968	60.5177	7.58723	55.4845	200
1969	62.4389	7.57404	55.5569	200
1970	64.5581	7.60378	55.6507	200
1971	65.3586	7.64761	55.7518	200
1972	69.4376	7.77341	55.8944	200
1973	76.6732	8.04435	56.1108	200
1974	76.9794	8.31152	56.3282	200
1975	76.6409	8.56155	56.5398	200
1976	76.59	8.80089	56.7486	200
1977	60.7205	8.70029	56.79	200
1978	60.1889	8.58984	56.8254	200
1979	60.076	8.47861	56.8593	200
1980	61.7316	8.40348	56.91	200
1981	62.3996	8.34277	56.9672	200
1982	64.8964	8.33415	57.0498	200
1983	65.5829	8.3383	57.1387	200
1984	65.118	8.33082	57.2218	200
1985	66.7766	8.35632	57.3213	200
1986	68.5194	8.41552	57.438	200
1987	67.1837	8.44323	57.5395	200
1988	69.9721	8.52634	57.669	200
1989	69.6923	8.59919	57.7942	200
1990	69.3164	8.66009	57.9143	200
1991	71.0955	8.75428	58.0516	200
1992	69.383	8.80384	58.1605	200
1993	68.4145	8.83173	58.2591	200
1994	67.064	8.83121	58.3438	200
1995	65.2207	8.79363	58.4099	200
1996	63.051	8.71377	58.4545	200
1997	60.2516	8.58075	58.4718	200
1998	53.84	8.50481	58.4273	200
1999	53.8979	8.42836	58.3837	200
2000	64.1653	8.37746	58.4393	200
2001	73.102	8.49833	58.5803	200
2002	71.1374	8.57638	58.701	200
2003	68.8846	8.60729	58.799	200
2004	66.8354	8.59631	58.8762	200
2005	64.8455	8.54579	58.9336	200
2006	64.9027	8.49624	58.991	200
2007	62.8536	8.40713	59.0282	200
2008	62.1826	8.30612	59.0585	200
2009	61.5981	8.19522	59.0829	200
2010	59.6277	8.0481	59.0882	200
2011	58.7467	7.89989	59.0849	200
2012	61.5668	7.7957	59.1087	200
2013	63.5138	7.7305	59.1511	200
2014	69.5213	7.78126	59.2508	200
2015	69.9181	7.83676	59.3534	200
2016	72.2319	7.93372	59.4772	200
2017	75.034	8.08031	59.6268	200
2018	75.9531	8.23889	59.7838	200
2019	77.5725	8.42254	59.9548	200
2020	77.877	8.60523	60.1271	200
2021	78.7219	8.79733	60.3059	200
2022	78.8039	8.98388	60.4838	200
2023	78.2142	9.15208	60.6543	200
2024	76.1963	9.27496	60.8037	200
2025	74.7602	9.36499	60.9379	200
2026	63.663	9.2373	60.9641	200
2027	53.3109	9.20684	60.8905	200
2028	53.2342	9.17702	60.8169	200
2029	53.1995	9.14703	60.7437	200
2030	53.913	9.10248	60.678	200
2031	56.1203	9.01508	60.6342	200
2032	57.279	8.90624	60.6019	200
2033	57.759	8.78963	60.5746	200
2034	59.6118	8.63912	60.5653	200
2035	63.5913	8.53117	60.5944	200
2036	69.6554	8.54136	60.6815	200
2037	72.5371	8.60509	60.7955	200
2038	71.7512	8.6503	60.9009	200
2039	66.592	8.59339	60.9556	200
2040	60.7189	8.43268	60.9533	200
2041	60.5615	8.27805	60.9496	200
2042	57.1656	8.19163	60.9132	200
2043	55.101	8.14587	60.8573	200
2044	55.7748	8.08695	60.8084	200
2045	54.4253	8.05653	60.7514	200
2046	53.4582	8.0429	60.6863	200
2047	52.7448	8.04108	60.6154	200
2048	52.3869	8.04443	60.5419	200
2049	52.334	8.04735	60.4686	200
2050	52.9685	8.03758	60.4017	200
2051	53.1293	8.02392	60.3367	200
2052	53.0467	8.01081	60.2717	200
2053	53.9175	7.98123	60.2149	200
2054	55.295	7.92656	60.171	200
2055	55.9021	7.86124	60.1329	200
2056	56.0492	7.79379	60.0964	200
2057	55.2242	7.74161	60.0529	200
2058	53.1144	7.72727	59.991	200
2059	54.7741	7.68244	59.9444	200
2060	55.4237	7.62598	59.904	200
2061	54.2132	7.59142	59.8532	200
2062	51.4711	7.60554	59.7784	200
2063	46.7927	7.70162	59.6624	200
2064	44.6613	7.83196	59.5285	200
2065	43.2697	7.98244	59.3833	200
2066	50.0914	8.00582	59.3003	200
2067	49.7438	8.03351	59.215	200
2068	49.7796	8.05855	59.1308	200
2069	50.1117	8.0757	59.0502	200
2070	50.7492	8.07972	58.9761	200
2071	50.7594	8.08217	58.9028	200
2072	52.1356	8.05869	58.8423	200
2073	52.9108	8.0207	58.7894	200
2074	53.9113	7.96458	58.7458	200
2075	54.3228	7.90134	58.7063	200
2076	55.0151	7.82616	58.6734	200
2077	55.2734	7.74712	58.643	200
2078	54.3348	7.68571	58.6046	200
2079	53.4066	7.64129	58.5581	200
2080	53.5093	7.59499	58.5131	200
2081	53.4658	7.5495	58.468	200
2082	52.9881	7.51254	58.4191	200
2083	52.3063	7.48754	58.3645	200
2084	51.7998	7.47107	58.3059	200
2085	54.3491	7.40831	58.2706	200
2086	56.3691	7.30997	58.2536	200
2087	54.8241	7.24068	58.223	200
2088	54.6006	7.17607	58.1906	200
2089	55.1159	7.10283	58.1632	200
2090	55.4803	7.0239	58.1392	200
2091	52.314	7.00249	58.0872	200
2092	50.3058	7.0164	58.0177	200
2093	50.7539	7.02082	57.9529	200
2094	43.7047	7.14988	57.8256	200
2095	44.5411	7.25942	57.707	200
2096	44.0848	7.37305	57.5854	200
2097	44.5412	7.47431	57.4689	200
2098	44.4948	7.57253	57.3531	200
2099	45.9081	7.64168	57.2509	200
2100	45.157	7.72118	57.1429	200
2101	45.9304	7.78352	57.0428	200
2102	45.2265	7.85074	56.9443	200
2103	43.1459	7.94986	56.8294	200
2104	43.0956	8.04626	56.7149	200
2105	46.574	8.08117	56.6304	200
2106	47.7213	8.09497	56.5562	200
2107	48.0023	8.10262	56.4849	200
2108	49.3797	8.086	56.4257	200
2109	50.1148	8.05641	56.3731	200
2110	50.6811	8.017	56.3256	200
2111	53.2423	7.93477	56.2999	200
2112	54.0523	7.83999	56.2812	200
2113	54.1567	7.74473	56.2635	200
2114	52.663	7.67566	56.2335	200
2115	50.7526	7.63908	56.1878	200
2116	48.8145	7.63465	56.1264	200
2117	48.6546	7.63193	56.0641	200
2118	47.2163	7.6522	55.9904	200
2119	46.4461	7.68373	55.9108	200
2120	48.9947	7.67094	55.8532	200
2121	49.6827	7.64593	55.8018	200
2122	48.3624	7.64249	55.7398	200
2123	48.3762	7.63784	55.6784	200
2124	47.7933	7.64196	55.6127	200
2125	48.5928	7.63159	55.5542	200
2126	48.4297	7.62314	55.4949	200
2127	47.7534	7.62511	55.4303	200
2128	46.4695	7.64737	55.3557	200
2129	46.6901	7.66434	55.2835	200
2130	47.9403	7.65899	55.2223	200
2131	49.8734	7.62049	55.1777	200
2132	49.6447	7.58569	55.1316	200
2133	53.8143	7.48122	55.1206	200
2134	53.8995	7.37688	55.1104	200
2135	49.0712	7.35459	55.0601	200
2136	49.7321	7.32081	55.0157	200
2137	49.138	7.29676	54.9667	200
2138	48.4789	7.28328	54.9126	200
2139	47.9765	7.27749	54.8548	200
2140	48.7851	7.25736	54.8043	200
2141	45.0181	7.29951	54.7227	200
2142	43.9276	7.35777	54.6328	200
2143	45.1448	7.39327	54.5537	200
2144	45.134	7.42704	54.4752	200
2145	45.3515	7.45532	54.3992	200
2146	47.4321	7.44718	54.3411	200
2147	47.3324	7.43987	54.2827	200
2148	49.6209	7.39357	54.2438	200
2149	50.8106	7.32756	54.2152	200
2150	49.3081	7.28722	54.1743	200
2151	48.197	7.26539	54.1245	200
2152	47.7175	7.25108	54.0711	200
2153	47.3475	7.24229	54.0151	200
2154	46.1311	7.25299	53.9494	200
2155	44.941	7.28224	53.8743	200
2156	44.7906	7.31227	53.7986	200
2157	45.6318	7.32651	53.7306	200
2158	45.3642	7.34384	53.6609	200
2159	45.9654	7.3497	53.5967	200
2160	44.7961	7.37388	53.5234	200
2161	44.2059	7.40628	53.4457	200
2162	44.6514	7.42941	53.3725	200
2163	44.823	7.44691	53.3057	200
2164	42.3039	7.50246	53.2197	200
2165	42.249	7.55665	53.134	200
2166	42.9288	7.59803	53.0543	200
2167	43.022	7.63606	52.9759	200
2168	42.8773	7.67454	52.897	200
2169	44.3669	7.68791	52.8304	200
2170	48.4412	7.63636	52.7961	200
2171	46.1886	7.62029	52.7444	200
2172	46.3502	7.60113	52.6945	200
2173	47.5582	7.56262	52.6544	200
2174	46.9231	7.534	52.6096	200
2175	46.2784	7.5152	52.5601	200
2176	46.6819	7.48963	52.5142	200
2177	45.8078	7.47739	52.4618	200
2178	44.7981	7.4803	52.4019	200
2179	43.1595	7.50783	52.3297	200
2180	40.5476	7.57462	52.2377	200
2181	39.8985	7.64906	52.1413	200
2182	40.3744	7.7134	52.0493	200
2183	40.2039	7.77796	51.9568	200
2184	43.6801	7.78576	51.8921	200
2185	45.2582	7.76776	51.8403	200
2186	46.4929	7.72994	51.7985	200
2187	47.0898	7.68273	51.7617	200
2188	46.8924	7.63877	51.7237	200
2189	48.3488	7.57215	51.6973	200
2190	48.9483	7.49679	51.6759	200
2191	49.8033	7.40891	51.6612	200
2192	52.384	7.30444	51.6669	200
2193	53.5917	7.22038	51.6819	200
2194	54.2869	7.14826	51.7023	200
2195	55.1571	7.09055	51.7293	200
2196	55.3134	7.03576	51.7573	200
2197	57.465	7.01501	51.8018	200
2198	58.1144	7.00404	51.8512	200
2199	60.9818	7.03726	51.9225	200
2200	61.9227	7.08356	52.0006	200
2201	58.7365	7.07813	52.0532	200
2202	54.6143	7.00755	52.0733	200
2203	53.9401	6.92722	52.0878	200
2204	54.1177	6.8507	52.1037	200
2205	53.2645	6.7618	52.1128	200
2206	52.7491	6.66609	52.1177	200
2207	52.6495	6.57024	52.1219	200
2208	52.0086	6.46935	52.121	200
2209	50.8312	6.38842	52.1109	200
2210	51.1192	6.30409	52.1032	200
2211	53.5753	6.22356	52.1154	200
2212	55.6959	6.17951	52.1453	200
2213	59.2612	6.19623	52.2088	200
2214	60.5082	6.23379	52.2829	200
2215	62.7188	6.31459	52.3833	200
2216	59.8872	6.33747	52.4554	200
2217	60.3943	6.37083	52.5381	200
2218	62.7119	6.45006	52.6441	200
2219	62.3196	6.52336	52.754	200
2220	63.0648	6.60944	52.8712	200
2221	61.8126	6.66774	52.983	200
2222	62.4171	6.73689	53.1009	200
2223	61.357	6.77909	53.2156	200
2224	58.8154	6.74634	53.2933	200
2225	58.5484	6.69973	53.3754	200
2226	58.5372	6.65167	53.4561	200
2227	59.8887	6.64482	53.5566	200
2228	58.9827	6.60674	53.6414	200
2229	57.9111	6.53371	53.7081	200
2230	57.0841	6.43503	53.7609	200
2231	56.224	6.3109	53.7993	200
2232	56.7534	6.21766	53.8404	200
2233	55.5929	6.09363	53.8647	200
2234	55.8659	5.97995	53.8925	200
2235	56.5306	5.88712	53.9291	200
2236	57.1839	5.814	53.9743	200
2237	57.8106	5.75906	54.0276	200
2238	60.0214	5.76558	54.1109	200
2239	59.8891	5.76593	54.1911	200
2240	61.4693	5.80793	54.2922	200
2241	62.0896	5.8632	54.4005	200
2242	31.9729	6.32332	54.089	200
2243	33.3986	6.7224	53.8016	200
2244	33.4021	7.10232	53.5183	200
2245	36.2571	7.38452	53.2786	200
2246	35.9381	7.66107	53.0377	200
2247	34.256	7.96998	52.7769	200
2248	33.6262	8.28055	52.5109	200
2249	34.3527	8.55493	52.2587	200
2250	33.5889	8.8359	51.9994	200
2251	33.3486	9.10853	51.7404	200
2252	33.2421	9.36936	51.4834	200
2253	32.3983	9.63924	51.2184	200
2254	32.168	9.90066	50.9538	200
2255	31.2021	10.1743	50.6794	200
2256	29.0168	10.4934	50.3786	200
2257	29.2063	10.7901	50.0845	200
2258	28.2178	11.0977	49.7808	200
2259	27.5434	11.4072	49.472	200
2260	30.3015	11.6228	49.2057	200
2261	38.6863	11.5922	49.0596	200
2262	37.9579	11.5785	48.9054	200
2263	37.1172	11.5844	48.7417	200
2264	38.399	11.5499	48.598	200
2265	39.9841	11.4683	48.4784	200
2266	42.1338	11.326	48.3903	200
2267	42.8235	11.166	48.313	200
2268	43.7449	10.9827	48.2495	200
2269	46.8976	10.742	48.2326	200
2270	47.1944	10.4994	48.2196	200
2271	47.421	10.2569	48.2097	200
2272	50.1253	10.0483	48.2336	200
2273	51.4753	9.87815	48.2741	200
2274	51.7209	9.71737	48.3172	200
2275	51.5381	9.55496	48.3575	200
2276	52.8948	9.42952	48.4142	200
2277	53.8287	9.32914	48.4819	200
2278	53.4765	9.22078	48.5443	200
2279	60.1794	9.28113	48.6897	200
2280	54.4951	9.19424	48.7623	200
2281	55.9544	9.14419	48.8522	200
2282	55.9276	9.09247	48.9406	200
2283	55.1578	9.02058	49.0184	200
2284	53.847	8.91578	49.0787	200
2285	51.9437	8.76451	49.1145	200
2286	52.0113	8.61782	49.1507	200
2287	52.4608	8.48512	49.1921	200
2288	54.3182	8.40114	49.2562	200
2289	53.4847	8.29683	49.309	200
2290	54.2858	8.21382	49.3712	200
2291	56.2696	8.18094	49.4575	200
2292	54.9651	8.1141	49.5263	200
2293	54.6289	8.03881	49.5901	200
2294	55.1356	7.97648	49.6594	200
2295	56.9875	7.96027	49.751	200
2296	61.5594	8.05647	49.8986	200
2297	60.1476	8.11129	50.0267	200
2298	60.1072	8.16051	50.1527	200
2299	65.5163	8.34059	50.3448	200
2300	62.1569	8.42738	50.4924	200
2301	62.0436	8.50547	50.6368	200
2302	60.7047	8.54453	50.7627	200
2303	60.1062	8.56451	50.8795	200
2304	63.4421	8.66446	51.0365	200
2305	64.7133	8.78977	51.2075	200
2306	63.5481	8.87854	51.3617	200
2307	62.6695	8.93927	51.5031	200
2308	60.8945	8.95058	51.6205	200
2309	61.9106	8.98407	51.7491	200
2310	60.8566	8.98687	51.8526	200
2311	59.9578	8.96683	51.9447	200
2312	57.5348	8.89009	52.0082	200
2313	56.7741	8.79636	52.0624	200
2314	56.4763	8.69676	52.1125	200
2315	55.7674	8.58217	52.1541	200
2316	53.5251	8.41828	52.1696	200
2317	72.225	8.68276	52.3975	200
2318	72.6615	8.94597	52.6278	200
2319	72.7604	9.20021	52.8566	200
2320	54.0583	9.01842	52.8702	200
2321	54.4893	8.85026	52.8886	200
2322	53.9222	8.6726	52.9004	200
2323	53.2128	8.4826	52.9039	200
2324	53.1149	8.29461	52.9063	200
2325	50.3908	8.16326	52.8777	200
2326	51.0373	8.01956	52.8568	200
2327	54.1485	7.86665	52.8715	200
2328	56.4491	7.76918	52.9122	200
2329	57.0036	7.68559	52.9587	200
2330	59.4721	7.65895	53.0327	200
2331	61.0214	7.66644	53.1234	200
2332	69.3362	7.86068	53.3077	200
2333	69.619	8.05274	53.493	200
2334	70.316	8.25206	53.6842	200
2335	70.65	8.4501	53.877	200
2336	69.3884	8.61058	54.0533	200
2337	70.1103	8.77982	54.2357	200
2338	74.0965	9.03166	54.4614	200
2339	56.1992	8.86589	54.4812	200
2340	57.0198	8.72209	54.51	200
2341	59.5573	8.63857	54.5674	200
2342	60.8926	8.58599	54.6393	200
2343	60.3243	8.52006	54.7039	200
2344	60.3062	8.45375	54.7675	200
2345	60.4396	8.39053	54.832	200
2346	60.072	8.31893	54.8915	200
2347	59.875	8.24312	54.9481	200
2348	58.9355	8.1464	54.9935	200
2349	56.2029	7.98874	55.0072	200
2350	54.8602	7.81052	55.0055	200
2351	54.8804	7.63585	55.0041	200
2352	56.5437	7.4973	55.0216	200
2353	60.5004	7.45143	55.0839	200
2354	63.0144	7.46231	55.174	200
2355	64.5267	7.5017	55.2714	200
2356	65.213	7.55253	55.375	200
2357	66.3929	7.62472	55.4897	200
2358	69.6403	7.76068	55.6371	200
2359	69.7227	7.89245	55.7839	200
2360	69.2683	8.00895	55.9243	200
2361	66.094	8.05396	56.0303	200
2362	60.627	7.98193	56.0781	200
2363	61.2292	7.92296	56.1318	200
2364	58.9474	7.81655	56.1611	200
2365	60.8961	7.75235	56.2104	200
2366	61.8689	7.70873	56.2694	200
2367	61.55	7.65815	56.3244	200
2368	62.8618	7.6348	56.3925	200
2369	63.8736	7.63159	56.4704	200
2370	63.2375	7.61358	56.5409	200
2371	62.4623	7.57833	56.6026	200
2372	61.8273	7.5293	56.657	200
2373	61.0905	7.4648	56.7032	200
2374	62.1513	7.42278	56.7599	200
2375	58.8648	7.31199	56.7819	200
2376	56.9001	7.16212	56.7831	200
2377	55.7477	7.03448	56.7723	200
2378	57.1267	6.89531	56.776	200
2379	48.7068	6.91977	56.6919	200
2380	48.2601	6.95127	56.6041	200
2381	46.2611	7.02193	56.4964	200
2382	46.1325	7.09155	56.3884	200
2383	46.3774	7.15237	56.2841	200
2384	46.1529	7.21443	56.1786	200
2385	46.2655	7.27065	56.0753	200
2386	44.5907	7.35845	55.9557	200
2387	43.567	7.46324	55.8267	200
2388	44.0844	7.55239	55.7043	200
2389	41.3768	7.69354	55.5551	200
2390	40.2904	7.85127	55.3961	200
2391	40.557	7.99685	55.2415	200
2392	39.1948	8.16456	55.0744	200
2393	39.0836	8.3276	54.9078	200
2394	42.7514	8.40737	54.7812	200
2395	42.1513	8.49534	54.6496	200
2396	42.1806	8.57812	54.5197	200
2397	41.7842	8.66473	54.3871	200
2398	41.2035	8.75887	54.2497	200
2399	40.3449	8.86608	54.1049	200
2400	37.8857	9.01927	53.9359	200
2401	38.4596	9.15379	53.7747	200
2402	41.2057	9.22494	53.6438	200
2403	43.2618	9.24905	53.5356	200
2404	48.358	9.17075	53.4859	200
2405	48.1051	9.09787	53.4341	200
2406	48.5611	9.01662	53.3873	200
2407	45.2384	8.99993	53.3089	200
2408	45.0837	8.98503	53.2298	200
2409	46.2089	8.94726	53.1623	200
2410	47.9521	8.87539	53.1122	200
2411	48.1097	8.80091	53.0641	200
2412	47.1519	8.74536	53.0073	200
2413	48.1082	8.67139	52.9602	200
2414	47.349	8.61254	52.9062	200
2415	47.4128	8.55256	52.8534	200
2416	47.4669	8.49167	52.8016	200
2417	47.6655	8.42714	52.7522	200
2418	47.5013	8.36606	52.7017	200
2419	45.388	8.34582	52.6314	200
2420	49.5397	8.24478	52.6017	200
2421	50.8946	8.11905	52.5852	200
2422	52.5534	7.96353	52.5849	200
2423	52.8485	7.81545	52.5875	200
2424	53.9424	7.69121	52.6005	200
2425	54.1812	7.5737	52.6157	200
2426	53.6114	7.4472	52.6253	200
2427	52.4517	7.30732	52.6236	200
2428	50.983	7.19834	52.6078	200
2429	51.7115	7.07715	52.5992	200
2430	44.8947	7.08922	52.5251	200
2431	45.6864	7.0844	52.4594	200
2432	47.2539	7.04826	52.4093	200
2433	49.8932	6.96111	52.3851	200
2434	54.1565	6.8613	52.4022	200
2435	53.2468	6.7456	52.4103	200
2436	51.7868	6.62786	52.4043	200
2437	52.5716	6.50362	52.4059	200
2438	52.9106	6.38826	52.4107	200
2439	52.6029	6.2691	52.4126	200
2440	52.4281	6.14884	52.4127	200
2441	52.5148	6.03256	52.4137	200
2442	59.3852	6.05061	52.4807	200
2443	59.189	6.06326	52.5452	200
2444	58.8868	6.06861	52.6062	200
2445	56.7088	6.0308	52.6457	200
2446	53.1962	5.92541	52.651	200
2447	54.2138	5.84152	52.666	200
2448	55.7028	5.78758	52.6952	200
2449	54.6282	5.71345	52.7138	200
2450	53.3603	5.61601	52.72	200
2451	52.5282	5.5117	52.7181	200
2452	51.4809	5.4295	52.7063	200
2453	50.718	5.36332	52.6871	200
2454	54.2566	5.29036	52.7022	200
2455	56.1763	5.25543	52.7356	200
2456	56.7677	5.23358	52.7716	200
2457	59.4074	5.25862	52.8309	200
2458	60.7275	5.30573	52.9014	200
2459	60.8565	5.35304	52.9724	200
2460	58.5795	5.35757	53.0225	200
2461	58.7687	5.36451	53.0738	200
2462	61.6002	5.42098	53.1499	200
2463	64.4184	5.5254	53.2505	200
2464	63.9698	5.61814	53.3462	200
2465	65.3615	5.73238	53.4535	200
2466	65.4588	5.84439	53.5607	200
2467	65.8104	5.95877	53.6701	200
2468	67.7798	6.10433	53.796	200
2469	60.727	6.11909	53.8579	200
2470	60.8998	6.13556	53.9208	200
2471	61.2392	6.15669	53.9861	200
2472	62.7701	6.2036	54.0646	200
2473	63.3036	6.25781	54.1471	200
2474	63.2958	6.30943	54.2287	200
2475	67.4456	6.43278	54.3468	200
2476	69.3562	6.58593	54.4808	200
2477	69.7093	6.74026	54.6167	200
2478	70.6902	6.90693	54.7602	200
2479	70.8558	7.07101	54.904	200
2480	69.9326	7.21311	55.0381	200
2481	66.5996	7.29076	55.1414	200
2482	64.8298	7.33357	55.2279	200
2483	64.9657	7.3765	55.3148	200
2484	65.4399	7.42558	55.4052	200
2485	71.9294	7.58806	55.5528	200
2486	72.6097	7.75715	55.705	200
2487	71.097	7.89348	55.8425	200
2488	75.5215	8.10394	56.0182	200
2489	76.6493	8.32764	56.2024	200
2490	75.3016	8.51999	56.3729	200
2491	73.2946	8.67001	56.524	200
2492	73.7228	8.82231	56.6776	200
2493	71.8756	8.93617	56.8133	200
2494	70.864	9.0275	56.9387	200
2495	69.8924	9.09761	57.0544	200
2496	67.1005	9.11455	57.1441	200
2497	67.7036	9.14035	57.2383	200
2498	68.5893	9.17982	57.3397	200
2499	67.7261	9.20137	57.4324	200
2500	66.1154	9.19211	57.51	200
2501	64.8984	9.1599	57.5759	200
2502	63.5177	9.10244	57.629	200
2503	60.7663	8.99592	57.657	200
2504	60.3005	8.88248	57.6806	200
2505	61.3733	8.78981	57.7136	200
2506	61.1834	8.69481	57.7445	200
2507	62.249	8.61998	57.7848	200
2508	66.0275	8.61324	57.8584	200
2509	66.3436	8.61096	57.9341	200
2510	67.1915	8.6225	58.0168	200
2511	67.9927	8.64667	58.1058	200
2512	71.457	8.73067	58.225	200
2513	71.1052	8.79983	58.3324	200
2514	63.174	8.73386	58.3727	200
2515	60.0288	8.6159	58.3865	200
2516	59.5433	8.49158	58.3962	200
2517	54.2173	8.4197	58.3613	200
2518	48.6237	8.44167	58.2802	200
2519	48.5808	8.46263	58.1994	200
2520	47.1163	8.5063	58.107	200
2521	47.1614	8.54696	58.0158	200
2522	47.9996	8.57144	57.9323	200
2523	47.8028	8.59741	57.8479	200
2524	48.4689	8.61044	57.7697	200
2525	49.3676	8.60696	57.6997	200
2526	49.137	8.60623	57.6284	200
2527	47.8509	8.62575	57.5469	200
2528	48.2977	8.63614	57.4698	200
2529	48.4172	8.64308	57.3944	200
2530	49.4083	8.63213	57.3278	200
2531	51.0875	8.59226	57.2758	200
2532	47.0988	8.61867	57.191	200
2533	45.7776	8.66525	57.0959	200
2534	46.61	8.69559	57.0085	200
2535	45.4695	8.74298	56.9124	200
2536	44.854	8.79824	56.8119	200
2537	43.1869	8.87869	56.6983	200
2538	44.8398	8.92835	56.5995	200
2539	47.4991	8.93121	56.5237	200
2540	49.194	8.90452	56.4626	200
2541	49.6948	8.86891	56.4062	200
2542	52.4606	8.78685	56.3733	200
2543	51.7306	8.71778	56.3346	200
2544	52.9636	8.62867	56.3065	200
2545	53.8835	8.52524	56.2863	200
2546	55.0037	8.40453	56.2757	200
2547	54.4706	8.29454	56.2606	200
2548	54.2951	8.18905	56.2442	200
2549	52.66	8.11231	56.2144	200
2550	52.6113	8.03715	56.1843	200
2551	52.2683	7.96847	56.1517	200
2552	53.5999	7.87819	56.1304	200
2553	56.3128	7.74993	56.132	200
2554	58.1639	7.65463	56.1489	200
2555	58.1066	7.55968	56.1652	200
2556	59.9142	7.49616	56.1964	200
2557	60.326	7.44005	56.2309	200
2558	62.3047	7.41728	56.2815	200
2559	67.4055	7.47906	56.3742	200
2560	68.0927	7.54972	56.4718	200
2561	67.6441	7.61009	56.5649	200
2562	68.0287	7.67432	56.6605	200
2563	68.1482	7.73788	56.7562	200
2564	65.8737	7.76087	56.8322	200
2565	67.6223	7.81136	56.9221	200
2566	68.7461	7.87824	57.0206	200
2567	66.2671	7.90104	57.0977	200
2568	64.8872	7.89918	57.1626	200
2569	63.0843	7.86622	57.2119	200
2570	61.8697	7.81275	57.2507	200
2571	59.3109	7.71687	57.2679	200
2572	57.451	7.59131	57.2694	200
2573	58.5712	7.48648	57.2803	200
2574	59.2801	7.40075	57.2959	200
2575	59.8885	7.32562	57.3162	200
2576	65.2553	7.33521	57.3782	200
2577	68.0328	7.38708	57.4614	200
2578	70.6918	7.47838	57.5648	200
2579	71.5423	7.57993	57.674	200
2580	72.3553	7.69088	57.7887	200
2581	72.4162	7.79927	57.903	200
2582	74.076	7.93011	58.0293	200
2583	71.6967	8.01975	58.1361	200
2584	69.6244	8.07395	58.2258	200
2585	68.7136	8.11167	58.3078	200
2586	68.7705	8.1484	58.3895	200
2587	65.9708	8.13954	58.4487	200
2588	67.0708	8.14708	58.5161	200
2589	65.553	8.12973	58.5711	200
2590	61.3232	8.0457	58.5926	200
2591	61.7335	7.96907	58.6171	200
2592	60.6661	7.87657	58.6331	200
2593	59.8175	7.772	58.6424	200
2594	59.7348	7.66763	58.6509	200
2595	59.1899	7.55624	58.6551	200
2596	57.9737	7.44883	58.6498	200
2597	56.8369	7.36076	58.6356	200
2598	56.3408	7.28161	58.6177	200
2599	56.4126	7.20229	58.6005	200
2600	55.2449	7.14218	58.5743	200
2601	54.5055	7.09416	58.5425	200
2602	54.4763	7.04685	58.5107	200
2603	54.2746	7.00293	58.4776	200
2604	54.1191	6.96161	58.4436	200
2605	54.5266	6.91404	58.413	200
2606	54.8601	6.86152	58.3852	200
2607	55.3071	6.8024	58.3611	200
2608	49.8601	6.82894	58.2947	200
2609	48.3914	6.87698	58.2174	200
2610	46.0558	6.95955	58.1223	200
2611	45.4344	7.04906	58.0232	200
2612	44.8179	7.14525	57.9201	200
2613	45.5336	7.22714	57.8233	200
2614	43.547	7.33728	57.7118	200
2615	44.5879	7.4277	57.6092	200
2616	44.5939	7.51501	57.5075	200
2617	43.027	7.62384	57.3944	200
2618	44.5535	7.70536	57.2941	200
2619	45.1754	7.77431	57.1994	200
2620	44.4986	7.85129	57.1002	200
2621	44.864	7.9198	57.0046	200
2622	44.6206	7.98956	56.9078	200
2623	43.5192	8.07392	56.8032	200
2624	43.9303	8.1489	56.7027	200
2625	45.2328	8.20079	56.6131	200
2626	47.5668	8.214	56.5424	200
2627	49.3091	8.19868	56.4859	200
2628	49.3809	8.18159	56.4304	200
2629	50.4758	8.14679	56.3838	200
2630	51.6468	8.09351	56.3468	200
2631	50.6177	8.05657	56.3021	200
2632	50.1904	8.02618	56.2543	200
2633	50.1483	7.99618	56.2066	200
2634	49.7818	7.97162	56.1564	200
2635	49.7431	7.94728	56.1063	200
2636	49.0949	7.93265	56.0515	200
2637	49.63	7.90904	56.0014	200
2638	50.1838	7.87636	55.9559	200
2639	49.7157	7.8523	55.91	200
2640	54.1176	7.76319	55.8969	200
2641	53.814	7.67965	55.8815	200
2642	51.6879	7.62838	55.8507	200
2643	52.4826	7.56573	55.8259	200
2644	53.0012	7.49601	55.8052	200
2645	53.0528	7.42625	55.7849	200
2646	52.4297	7.36638	55.7603	200
2647	53.0054	7.29857	55.74	200
2648	52.3549	7.24102	55.7151	200
2649	52.9834	7.1747	55.695	200
2650	53.8208	7.09675	55.6812	200
2651	52.2671	7.0426	55.6561	200
2652	52.9867	6.97829	55.6365	200
2653	52.3527	6.92396	55.6124	200
2654	53.4421	6.85405	55.5964	200
2655	53.926	6.77782	55.5841	200
2656	53.7392	6.70527	55.5706	200
2657	52.7646	6.64793	55.5499	200
2658	53.2536	6.58394	55.533	200
2659	52.274	6.53504	55.5091	200
2660	52.4143	6.48445	55.4863	200
2661	52.3382	6.43538	55.4632	200
2662	51.928	6.39273	55.4372	200
2663	52.2554	6.34551	55.4138	200
2664	53.2856	6.28349	55.3981	200
2665	53.6254	6.21715	55.3851	200
2666	53.6047	6.15191	55.372	200
2667	53.5554	6.08815	55.3587	200
2668	54.4595	6.01184	55.352	200
2669	55.1389	5.92657	55.3505	200
2670	55.5444	5.84226	55.3519	200
2671	55.9792	5.76557	55.3565	200
2672	56.7773	5.70168	55.367	200
2673	56.4572	5.63386	55.375	200
2674	46.5013	5.6815	55.3097	200
2675	46.3547	5.72964	55.2439	200
2676	46.4018	5.77541	55.1789	200
2677	45.5234	5.83247	55.1079	200
2678	47.7203	5.85534	55.0535	200
2679	51.8749	5.81598	55.0302	200
2680	53.0849	5.75906	55.0159	200
2681	53.5604	5.69577	55.0052	200
2682	53.8862	5.62846	54.9969	200
2683	57.507	5.5826	55.0154	200
2684	57.2651	5.53359	55.0319	200
2685	57.9521	5.49515	55.0534	200
2686	58.1422	5.45976	55.0761	200
2687	58.1437	5.42459	55.0987	200
2688	56.267	5.36199	55.1073	200
2689	55.9971	5.29622	55.1138	200
2690	56.0342	5.23187	55.1206	200
2691	57.8727	5.19541	55.1408	200
2692	56.4842	5.13876	55.1507	200
2693	56.7143	5.08619	55.1622	200
2694	55.5336	5.01685	55.1649	200
2695	55.6377	4.95003	55.1684	200
2696	55.1539	4.87744	55.1683	200
2697	55.1469	4.80603	55.1681	200
2698	54.8916	4.73942	55.1661	200
2699	54.5602	4.67863	55.1616	200
2700	54.7299	4.61618	55.1585	200
2701	54.3635	4.55998	55.1526	200
2702	53.6959	4.51435	55.1419	200
2703	53.9864	4.46495	55.1334	200
2704	54.1162	4.41425	55.1259	200
2705	53.6929	4.37041	55.1154	200
2706	54.5214	4.31487	55.111	200
2707	55.2474	4.25342	55.112	200
2708	54.7587	4.19925	55.1096	200
2709	57.351	4.17206	55.1251	200
2710	57.3428	4.14492	55.1405	200
2711	57.4989	4.1201	55.1569	200
2712	57.4344	4.09451	55.1727	200
2713	55.358	4.04021	55.174	200
2714	51.8755	4.02991	55.1511	200
2715	51.2234	4.02849	55.1238	200
2716	50.1789	4.04122	55.0895	200
2717	50.7205	4.04577	55.0592	200
2718	46.3291	4.11083	54.9985	200
2719	46.2915	4.17467	54.9381	200
2720	45.5975	4.24641	54.8732	200
2721	47.005	4.29672	54.8186	200
2722	50.8957	4.29152	54.7913	200
2723	51.4672	4.27809	54.7682	200
2724	54.7478	4.21895	54.7681	200
2725	54.0505	4.17032	54.7631	200
2726	51.7011	4.15493	54.7418	200
2727	51.202	4.14639	54.7173	200
2728	49.846	4.15645	54.6834	200
2729	49.579	4.16962	54.648	200
2730	49.5268	4.18283	54.6124	200
2731	48.9992	4.2027	54.5734	200
2732	47.8657	4.23749	54.5268	200
2733	51.0691	4.22666	54.5028	200
2734	51.9666	4.20318	54.4852	200
2735	51.8918	4.18082	54.4672	200
2736	53.3675	4.13803	54.4596	200
2737	55.2359	4.09134	54.465	200
2738	55.9809	4.05557	54.4755	200
2739	55.1923	4.0092	54.4805	200
2740	56.9996	3.9885	54.498	200
2741	56.5825	3.96206	54.5124	200
2742	57.1553	3.94374	54.5308	200
2743	60.0513	3.96563	54.5691	200
2744	60.7496	3.9964	54.612	200
2745	58.9396	4.00099	54.6421	200
2746	59.1891	4.00858	54.6737	200
2747	58.4407	4.00522	54.6998	200
2748	58.3469	4.00025	54.7252	200
2749	57.9864	3.98998	54.7478	200
2750	57.467	3.97233	54.7667	200
2751	57.6246	3.95686	54.7865	200
2752	57.5851	3.94077	54.806	200
2753	58.0021	3.93043	54.8282	200
2754	57.6706	3.91531	54.8479	200
2755	58.5632	3.91254	54.8737	200
2756	57.9645	3.90112	54.8952	200
2757	55.8149	3.85971	54.9016	200
2758	52.5537	3.83871	54.8852	200
2759	53.1689	3.80924	54.8733	200
2760	52.5827	3.78815	54.8574	200
2761	52.4352	3.76917	54.8406	200
2762	52.4658	3.74981	54.8241	200
2763	52.1643	3.73467	54.8056	200
2764	51.7638	3.72504	54.7845	200
2765	53.0949	3.69677	54.7728	200
2766	53.7793	3.65923	54.7659	200
2767	54.4792	3.61238	54.7639	200
2768	55.77	3.57619	54.7709	200
2769	55.7025	3.53945	54.7773	200
2770	54.8384	3.49114	54.7778	200
2771	54.3926	3.44801	54.7751	200
2772	52.7036	3.42889	54.7607	200
2773	50.5995	3.43906	54.7318	200
2774	49.2287	3.46772	54.6936	200
2775	49.2525	3.49513	54.6558	200
2776	48.9558	3.52576	54.6162	200
2777	47.9133	3.56988	54.5697	200
2778	46.9359	3.62632	54.5167	200
2779	44.7099	3.71216	54.4486	200
2780	45.6145	3.7833	54.3872	200
2781	45.2952	3.85315	54.3274	200
2782	54.4805	3.80447	54.3284	200
2783	55.2467	3.76649	54.3344	200
2784	56.0967	3.74012	54.346	200
2785	56.6125	3.72073	54.3609	200
2786	58.3702	3.72452	54.3873	200
2787	58.7563	3.733	54.4161	200
2788	58.4327	3.73673	54.4425	200
2789	60.0674	3.76158	54.4795	200
2790	59.5335	3.77858	54.5127	200
2791	59.6625	3.79662	54.5466	200
2792	59.0893	3.80644	54.5765	200
2793	58.9521	3.81393	54.6053	200
2794	58.5057	3.81507	54.631	200
2795	57.8183	3.80681	54.6519	200
2796	56.548	3.78166	54.6644	200
2797	65.772	3.87806	54.7375	200
2798	66.1369	3.97702	54.8125	200
2799	66.6032	4.07984	54.89	200
2800	67.9343	4.19779	54.9759	200
2801	68.3072	4.31797	55.0636	200
2802	67.176	4.42052	55.1432	200
2803	66.5299	4.51218	55.2182	200
2804	65.9902	4.59455	55.289	200
2805	64.7553	4.65865	55.3513	200
2806	60.9499	4.67102	55.3881	200
2807	61.4295	4.68905	55.4279	200
2808	62.6544	4.72243	55.4754	200
2809	62.8993	4.75798	55.5243	200
2810	62.8156	4.79131	55.5722	200
2811	62.8987	4.82467	55.6204	200
2812	63.7419	4.86805	55.6739	200
2813	63.9117	4.91239	55.7281	200
2814	64.9823	4.96952	55.7889	200
2815	66.6158	5.04659	55.8602	200
2816	67.5744	5.13432	55.9372	200
2817	68.7872	5.23584	56.0218	200
2818	69.1137	5.33921	56.1079	200
2819	70.5739	5.4593	56.2031	200
2820	70.5189	5.57583	56.2973	200
2821	69.7414	5.67936	56.3857	200
2822	70.279	5.78744	56.4771	200
2823	72.1046	5.91691	56.5799	200
2824	71.6233	6.037	56.6789	200
2825	72.385	6.16422	56.7822	200
2826	73.3876	6.3016	56.8915	200
2827	73.2074	6.43337	56.9988	200
2828	72.4022	6.5514	57.1001	200
2829	72.8129	6.67194	57.2035	200
2830	72.0747	6.77982	57.3014	200
2831	71.8861	6.88252	57.3973	200
2832	72.283	6.98782	57.4952	200
2833	73.0385	7.10039	57.5975	200
2834	74.2171	7.22565	57.7068	200
2835	62.3839	7.19211	57.7376	200
2836	63.7925	7.17715	57.7774	200
2837	64.329	7.16892	57.8205	200
2838	64.8967	7.1677	57.8671	200
2839	64.8923	7.16582	57.9133	200
2840	64.9447	7.16405	57.9596	200
2841	64.7982	7.15977	58.0046	200
2842	65.1761	7.15993	58.0517	200
2843	72.1008	7.25057	58.1442	200
2844	73.8384	7.36167	58.2474	200
2845	73.962	7.47158	58.3508	200
2846	73.5229	7.5729	58.4506	200
2847	73.3112	7.66879	58.5484	200
2848	74.2912	7.77503	58.652	200
2849	74.8318	7.88562	58.7584	200
2850	74.5989	7.99029	58.8626	200
2851	75.0373	8.09797	58.969	200
2852	74.6043	8.19715	59.0719	200
2853	73.9301	8.28479	59.1696	200
2854	73.6839	8.36676	59.2651	200
2855	72.9418	8.43663	59.3551	200
2856	74.0151	8.51851	59.4516	200
2857	74.6911	8.60695	59.5518	200
2858	73.75	8.67684	59.6406	200
2859	65.9982	8.64785	59.6803	200
2860	65.3427	8.61053	59.7157	200
2861	64.4243	8.56175	59.7451	200
2862	64.5863	8.51524	59.7754	200
2863	63.1821	8.45139	59.7967	200
2864	61.5481	8.36764	59.8076	200
2865	60.91	8.27682	59.8145	200
2866	60.1715	8.17782	59.8167	200
2867	60.0523	8.07854	59.8182	200
2868	59.3686	7.98318	59.8154	200
2869	59.5969	7.88612	59.814	200
2870	60.1359	7.79157	59.816	200
2871	59.5451	7.69756	59.8143	200
2872	58.9592	7.61203	59.809	200
2873	58.5558	7.53254	59.8012	200
2874	58.2378	7.45793	59.7914	200
2875	56.6338	7.40417	59.7717	200
2876	56.8345	7.34833	59.7533	200
2877	56.2565	7.30019	59.7314	200
2878	56.4823	7.24955	59.7111	200
2879	57.4124	7.18766	59.6968	200
2880	57.4609	7.12577	59.6828	200
2881	58.0036	7.05769	59.6723	200
2882	52.0247	7.06506	59.6245	200
2883	50.4427	7.09152	59.5671	200
2884	50.2889	7.11885	59.5091	200
2885	49.8153	7.15104	59.4485	200
2886	50.1961	7.1773	59.3907	200
2887	50.4253	7.19965	59.3347	200
2888	50.0714	7.22545	59.2768	200
2889	50.7115	7.2422	59.2232	200
2890	50.6812	7.25845	59.1699	200
2891	56.7891	7.19747	59.155	200
2892	56.242	7.14392	59.1368	200
2893	56.9743	7.08165	59.1232	200
2894	56.8305	7.02179	59.1089	200
2895	57.4791	6.95439	59.0987	200
2896	58.8479	6.87059	59.0972	200
2897	61.6	6.81599	59.1128	200
2898	63.0304	6.77976	59.1373	200
2899	80.9313	6.96744	59.2735	200
2900	81.9057	7.16325	59.415	200
2901	82.7575	7.36549	59.5608	200
2902	81.9593	7.5534	59.7008	200
2903	83.9649	7.76229	59.8525	200
2904	86.3734	7.99677	60.0182	200
2905	86.1267	8.22316	60.1814	200
2906	85.6456	8.43867	60.3406	200
2907	86.2221	8.65671	60.5023	200
2908	88.2764	8.89568	60.6759	200
2909	88.482	9.13206	60.8497	200
2910	90.2619	9.38556	61.0335	200
2911	91.6922	9.65147	61.2251	200
2912	92.85	9.92614	61.4228	200
2913	91.6397	10.1798	61.6117	200
2914	90.9385	10.4191	61.7949	200
2915	93.9119	10.6903	61.9957	200
2916	95.2049	10.9718	62.2032	200
2917	96.5546	11.2641	62.4179	200
2918	99.1471	11.5824	62.6475	200
2919	101.327	11.9211	62.8892	200
2920	101.33	12.2526	63.1295	200
2921	101.826	12.5831	63.3713	200
2922	103.37	12.9258	63.6213	200
2923	104.329	13.2731	63.8757	200
2924	104.697	13.6174	64.1309	200
2925	104.839	13.9561	64.3853	200
2926	108.536	14.3335	64.6612	200
2927	110.905	14.7324	64.9503	200
2928	112.376	15.141	65.2467	200
2929	113.095	15.5499	65.5457	200
2930	112.093	15.9374	65.8367	200
2931	107.706	16.2615	66.0983	200
2932	108.272	16.5854	66.3619	200
2933	107.576	16.8933	66.6195	201.766
2934	107.769	17.1965	66.8767	204.449
2935	106.389	17.4754	67.1236	206.927
2936	106.431	17.7483	67.3693	209.356
2937	104.083	17.9854	67.5988	211.482
2938	104.567	18.2227	67.8298	213.611
2939	102.411	18.4174	68.0357	215.375
2940	88.4635	18.4413	68.1573	215.688
2941	88.6085	18.4653	68.279	216.001
2942	89.9693	18.5037	68.4081	216.437
2943	89.2322	18.5313	68.5321	216.782
2944	88.3928	18.5471	68.6503	217.027
2945	86.4673	18.5384	68.7563	217.064
2946	85.6961	18.5194	68.8572	217.012
2947	86.2288	18.5057	68.9606	217.006
2948	86.3047	18.4919	69.0638	216.999
2949	84.2778	18.4529	69.1544	216.777
2950	85.0383	18.4223	69.2489	216.627
2951	83.5892	18.3737	69.3343	216.324
2952	82.8394	18.3157	69.4146	215.941
2953	81.5017	18.2416	69.4866	215.419
2954	81.8786	18.1719	69.5604	214.936
2955	83.9219	18.1266	69.6458	214.659
2956	81.4167	18.0509	69.7159	214.123
2957	79.3656	17.9509	69.7733	213.381
2958	77.3533	17.8274	69.8185	212.438
2959	74.8209	17.6748	69.8482	211.246
2960	71.2579	17.4811	69.8566	209.706
2961	72.5734	17.3054	69.8728	208.316
2962	71.0545	17.1134	69.8798	206.787
2963	69.7995	16.9106	69.8794	205.164
2964	71.214	16.7252	69.8873	203.689
2965	71.3019	16.5429	69.8957	202.239
2966	71.2253	16.3618	69.9036	200.798
2967	69.0088	16.1777	69.8983	200
2968	66.9429	16.0203	69.8807	200
2969	65.0628	15.8869	69.852	200
2970	63.0097	15.7793	69.8113	200
2971	62.9431	15.6732	69.7704	200
2972	60.8909	15.5923	69.7176	200
2973	60.2508	15.5194	69.6612	200
2974	59.5589	15.4549	69.6011	200
2975	58.7615	15.3999	69.5366	200
2976	60.8802	15.3197	69.485	200
2977	61.5296	15.232	69.4377	200
2978	61.8389	15.1411	69.3924	200
2979	62.7522	15.0399	69.3529	200
2980	64.7895	14.9152	69.3258	200
2981	65.8019	14.7796	69.3048	200
2982	72.7933	14.6452	69.3255	200
2983	72.6013	14.5098	69.345	200
2984	71.8797	14.3672	69.3601	200
2985	71.7718	14.2249	69.3745	200
2986	71.7505	14.0839	69.3886	200
2987	73.1919	13.9615	69.4113	200
2988	73.1849	13.8402	69.4337	200
2989	72.4014	13.7108	69.4514	200
2990	72.5241	13.5841	69.4697	200
2991	73.1744	13.4665	69.4917	200
2992	72.4888	13.3419	69.5096	200
2993	72.6042	13.2199	69.528	200
2994	72.6012	13.0991	69.5463	200
2995	73.4861	12.99	69.5697	200
2996	73.9726	12.8878	69.5959	200
2997	73.0001	12.7749	69.6162	200
2998	73.2291	12.6658	69.6377	200
2999	74.3304	12.5709	69.6656	200
3000	76.225	12.4994	69.7047	200
3001	77.8158	12.4471	69.753	200
3002	79.4484	12.4144	69.8107	200
3003	79.6081	12.3832	69.869	200
3004	82.9797	12.3919	69.947	200
3005	82.4498	12.3932	70.0215	200
3006	79.9849	12.3643	70.0808	200
3007	80.1715	12.3372	70.1408	200
3008	80.0381	12.3081	70.1997	200
3009	79.2308	12.2691	70.2535	200
3010	77.8109	12.213	70.2985	200
3011	78.0033	12.1594	70.3443	200
3012	78.085	12.1068	70.3904	200
3013	77.4541	12.0467	70.4325	200
3014	77.5178	11.9877	70.4746	200
3015	77.8349	11.9326	70.5184	200
3016	78.457	11.885	70.5657	200
3017	78.6536	11.8398	70.6138	200
3018	76.3352	11.767	70.6479	200
3019	74.3981	11.6715	70.6702	200
3020	74.3319	11.5762	70.692	200
3021	73.6431	11.4735	70.7096	200
3022	72.4284	11.3574	70.7198	200
3023	72.9692	11.2489	70.7332	200
3024	72.1321	11.137	70.7411	200
3025	79.2868	11.1076	70.7897	200
3026	79.3545	11.0787	70.8384	200
3027	81.4654	11.0735	70.8987	200
3028	82.987	11.0851	70.9674	200
3029	84.5277	11.1132	71.0445	200
3030	83.5382	11.1289	71.1155	200
3031	85.1589	11.162	71.1952	200
3032	87.4473	11.2198	71.2876	200
3033	88.1067	11.2835	71.3832	200
3034	87.3176	11.3363	71.4737	200
3035	87.1781	11.386	71.5629	200
3036	88.4764	11.4488	71.659	200
3037	88.5306	11.5104	71.7549	200
3038	88.5239	11.5701	71.8502	200
3039	88.6542	11.6296	71.9456	200
3040	90.1574	11.7044	72.0491	200
3041	91.1449	11.7884	72.1576	200
3042	90.0045	11.8573	72.259	200
3043	87.9908	11.9013	72.3484	200
3044	86.8588	11.9309	72.4308	200
3045	86.1664	11.9514	72.5089	200
3046	84.6735	11.9539	72.578	200
3047	82.0989	11.9262	72.6321	200
3048	81.2239	11.8883	72.6809	200
3049	81.3319	11.8515	72.7301	200
3050	80.8019	11.8086	72.7759	200
3051	80.7433	11.7649	72.8212	200
3052	80.1143	11.7141	72.8626	200
3053	80.0789	11.663	72.9036	200
3054	80.0422	11.6116	72.9442	200
3055	80.2264	11.5624	72.9856	200
3056	79.7593	11.508	73.0241	200
3057	80.662	11.464	73.0674	200
3058	80.3359	11.4163	73.1087	200
3059	79.7406	11.3619	73.1464	200
3060	79.5397	11.3055	73.1828	200
3061	81.1686	11.2678	73.2281	200
3062	82.4473	11.2445	73.2805	200
3063	85.3786	11.2542	73.3492	200
3064	85.7899	11.2677	73.4199	200
3065	85.7297	11.2795	73.4899	200
3066	87.9856	11.3161	73.5722	200
3067	90.2957	11.3804	73.6718	200
3068	90.1358	11.4409	73.7698	200
3069	85.6112	11.446	73.8438	200
3070	87.1885	11.4697	73.9272	200
3071	89.1019	11.5184	74.027	200
3072	86.8349	11.5354	74.1113	200
3073	84.7247	11.5226	74.185	200
3074	84.1389	11.5008	74.2541	200
3075	85.2929	11.494	74.3353	200
3076	83.047	11.4531	74.3993	200
3077	82.3469	11.3983	74.4614	200
3078	83.7927	11.366	74.5343	200
3079	85.2512	11.3552	74.6236	200
3080	83.9297	11.321	74.7012	200
3081	86.8997	11.3367	74.8101	200
3082	85.9187	11.3326	74.9093	200
3083	85.3113	11.3147	75.0093	200
3084	82.984	11.2505	75.086	200
3085	81.446	11.1486	75.1522	200
3086	81.5582	11.0498	75.219	200
3087	81.6662	10.9452	75.2922	200
3088	80.8593	10.823	75.3555	200
3089	81.5629	10.7181	75.426	200
3090	81.6511	10.616	75.4968	200
3091	81.6481	10.5145	75.5667	200
3092	83.5451	10.4569	75.6573	200
3093	83.5413	10.3984	75.7469	200
3094	84.0579	10.351	75.8414	200
3095	84.7838	10.3189	75.943	200
3096	85.9542	10.3119	76.0567	200
3097	87.8944	10.3466	76.1913	200
3098	88.6343	10.3943	76.3327	200
3099	89.1278	10.4488	76.4781	200
3100	92.4355	10.574	76.6594	200
3101	92.3132	10.6895	76.8373	200
3102	93.1743	10.8071	77.0075	200
3103	93.715	10.9301	77.1815	200
3104	94.0057	11.0529	77.3567	200
3105	92.3274	11.1345	77.5127	200
3106	91.2078	11.1878	77.6553	200
3107	88.8583	11.1881	77.772	200
3108	88.3574	11.1756	77.8823	200
3109	88.2952	11.1597	77.9908	200
3110	54.521	11.4161	77.7463	200
3111	55.3176	11.6456	77.5127	200
3112	55.9313	11.8526	77.2879	200
3113	55.8164	12.053	77.0642	200
3114	55.6631	12.2477	76.8413	200
3115	55.0424	12.4467	76.6142	200
3116	55.8666	12.6196	76.3981	200
3117	56.3783	12.7738	76.1895	200
3118	56.669	12.9144	75.9862	200
3119	56.0262	13.0611	75.7783	200
3120	56.0035	13.201	75.5723	200
3121	55.4193	13.3458	75.3624	200
3122	56.073	13.4697	75.1614	200
3123	53.9847	13.6302	74.9408	200
3124	54.1928	13.7785	74.7247	200
3125	54.4347	13.9142	74.5134	200
3126	53.2177	14.068	74.2915	200
3127	52.13	14.2366	74.0607	200
3128	51.5764	14.4084	73.8265	200
3129	51.7832	14.5675	73.5968	200
3130	51.663	14.7209	73.3684	200
3131	51.9923	14.8596	73.1457	200
3132	51.971	14.9911	72.9251	200
3133	52.0742	15.1132	72.7079	200
3134	47.2557	15.3286	72.4428	200
3135	47.1496	15.5362	72.1793	200
3136	45.8526	15.761	71.9051	200
3137	47.3766	15.9437	71.6496	200
3138	47.353	16.1177	71.3965	200.338
3139	47.4708	16.2803	71.1473	201.39
3140	47.354	16.4369	70.8994	202.394
3141	47.5307	16.5813	70.656	203.306
3142	47.106	16.7265	70.4107	204.222
3143	46.6673	16.8726	70.1634	205.144
3144	44.6188	17.0533	69.8973	206.324
3145	44.2532	17.2323	69.6301	207.488
3146	43.5981	17.4156	69.359	208.684
3147	44.2743	17.5754	69.0977	209.701
3148	42.8826	17.7554	68.8246	210.868
3149	44.6681	17.8887	68.573	211.683
3150	46.5429	17.975	68.3435	212.144
3151	46.2901	18.0534	68.1314	212.559
3152	46.3927	18.1243	67.9224	212.917
3153	46.6418	18.185	67.7178	213.198
3154	46.5971	18.2415	67.5147	213.446
3155	46.4528	18.2957	67.3122	213.678
3156	62.038	18.0453	67.2615	211.624
3157	62.7667	17.7847	67.2183	209.496
3158	64.0809	17.503	67.1881	207.212
3159	69.1999	17.2051	67.2074	204.848
3160	69.1799	16.9122	67.2264	202.524
3161	69.9357	16.639	67.2524	200.365
3162	68.8717	16.3502	67.268	200
3163	70.4044	16.0961	67.2982	200
3164	70.4609	15.8474	67.3286	200
3165	70.6503	15.6065	67.3605	200
3166	70.3502	15.3639	67.3893	200
3167	70.9059	15.136	67.4231	200
3168	74.1387	14.9741	67.4877	200
3169	75.8955	14.8478	67.5685	200
3170	76.5669	14.7353	67.655	200
3171	77.1851	14.6352	67.7467	200
3172	83.77	14.6619	67.9007	200
3173	86.8223	14.7438	68.0827	200
3174	86.7862	14.82	68.2625	200
3175	86.3231	14.8823	68.4362	200
3176	88.3166	14.9784	68.6273	200
3177	88.3634	15.0699	68.8171	200
3178	88.8336	15.165	69.0096	200
3179	88.8355	15.2547	69.2002	200
3180	88.8498	15.3392	69.3891	200
3181	89.7541	15.4358	69.5849	200
3182	73.782	15.2197	69.6253	200
3183	73.1247	14.9943	69.659	200
3184	71.9069	14.7492	69.6806	200
3185	64.7931	14.5595	69.6336	200
3186	65.1921	14.365	69.5909	200
3187	65.058	14.1759	69.5473	200
3188	66.1123	13.9693	69.5142	200
3189	64.5971	13.7953	69.467	200
3190	63.8647	13.6377	69.4131	200
3191	64.3527	13.4727	69.3644	200
3192	66.0076	13.2782	69.3322	200
3193	73.3659	13.1004	69.3709	200
3194	74.9434	12.9557	69.4245	200
3195	73.2472	12.78	69.4613	200
3196	72.7109	12.5967	69.4925	200
3197	72.8597	12.4193	69.5249	200
3198	70.712	12.2033	69.5363	200
3199	70.4447	11.986	69.5451	200
3200	69.8364	11.7611	69.5479	200
3201	70.5138	11.5535	69.5571	200
3202	69.1055	11.34	69.5528	200
3203	69.8227	11.1272	69.5554	200
3204	71.771	10.968	69.5752	200
3205	73.4721	10.8417	69.61	200
3206	75.1939	10.7479	69.6598	200
3207	76.6654	10.681	69.7224	200
3208	75.7601	10.5981	69.7763	200
3209	75.3071	10.5076	69.8257	200
3210	75.3072	10.4179	69.8746	200
3211	76.1547	10.344	69.9307	200
3212	82.3077	10.3803	70.0412	200
3213	82.0962	10.4102	70.1488	200
3214	82.1755	10.4391	70.2562	200
3215	81.8418	10.4595	70.3596	200
3216	82.4667	10.489	70.4677	200
3217	82.0745	10.5089	70.5714	200
3218	80.2281	10.4937	70.6576	200
3219	78.0058	10.4375	70.7232	200
3220	69.6623	10.2701	70.7137	200
3221	64.7089	10.1939	70.6601	200
3222	64.8064	10.1164	70.6078	200
3223	65.383	10.0291	70.5612	200
3224	64.3473	9.96094	70.5057	200
3225	59.138	9.98606	70.4042	200
3226	57.5558	10.0372	70.2895	200
3227	58.9474	10.0605	70.1882	200
3228	59.258	10.076	70.0906	200
3229	60.2929	10.071	70.0032	200
3230	61.4105	10.0446	69.9264	200
3231	63.4972	9.98007	69.869	200
3232	62.931	9.92575	69.8071	200
3233	61.007	9.90564	69.7285	200
3234	60.2968	9.89718	69.6443	200
3235	59.3436	9.90439	69.5523	200
3236	60.017	9.8978	69.4672	200
3237	60.7557	9.87661	69.3894	200
3238	61.6703	9.83808	69.3205	200
3239	61.0234	9.81057	69.2464	200
3240	67.8342	9.6606	69.2338	200
3241	67.2881	9.52283	69.2164	200
3242	66.4132	9.40284	69.1914	200
3243	66.116	9.28984	69.1639	200
3244	65.5947	9.18769	69.1321	200
3245	65.8576	9.0821	69.1028	200
3246	66.3274	8.96948	69.078	200
3247	66.081	8.86283	69.0513	200
3248	66.7574	8.74553	69.0308	200
3249	66.7266	8.6305	69.0102	200
3250	66.5692	8.51998	68.9884	200
3251	66.0212	8.42082	68.9619	200
3252	65.8433	8.32614	68.9341	200
3253	67.6564	8.20027	68.9227	200
3254	67.7529	8.07473	68.9122	200
3255	66.5746	7.97228	68.8914	200
3256	65.3161	7.89376	68.8594	200
3257	65.2523	7.81721	68.8272	200
3258	64.6295	7.75258	68.7898	200
3259	63.9188	7.70112	68.7463	200
3260	64.5759	7.63807	68.709	200
3261	63.8145	7.59235	68.6682	200
3262	63.9518	7.54441	68.6289	200
3263	64.3428	7.49011	68.5932	200
3264	65.3475	7.41937	68.5662	200
3265	66.0187	7.33817	68.5449	200
3266	65.8832	7.26023	68.5228	200
3267	65.6922	7.1864	68.4992	200
3268	66.0251	7.10786	68.4786	200
3269	54.7019	7.21901	68.3637	200
3270	54.5942	7.32818	68.249	200
3271	53.9011	7.44518	68.1294	200
3272	53.317	7.56796	68.006	200
3273	52.6576	7.69764	67.8781	200
3274	52.7162	7.82204	67.7517	200
3275	52.7755	7.94128	67.6269	200
3276	58.6654	7.95828	67.5523	200
3277	59.3922	7.96165	67.4843	200
3278	60.8211	7.94001	67.4287	200
3279	60.9828	7.9151	67.375	200
3280	61.8382	7.87546	67.3289	200
3281	62.1452	7.8306	67.2857	200
3282	63.7771	7.75857	67.2564	200
3283	63.6442	7.68946	67.2263	200
3284	62.6382	7.63777	67.1881	200
3285	62.4487	7.58946	67.1486	200
3286	61.3809	7.5591	67.1005	200
3287	60.8363	7.53752	67.0483	200
3288	60.1353	7.52711	66.9907	200
3289	60.1259	7.51607	66.9335	200
3290	62.3939	7.46647	66.8957	200
3291	63.6659	7.39585	66.8688	200
3292	64.3878	7.31394	66.8481	200
3293	63.6991	7.24452	66.8219	200
3294	63.0231	7.18709	66.7902	200
3295	62.6399	7.13648	66.7556	200
3296	61.8673	7.09901	66.7149	200
3297	60.9256	7.07718	66.6666	200
3298	75.328	7.10358	66.7388	200
3299	68.8653	7.02063	66.7565	200
3300	69.3831	6.9474	66.7784	200
3301	69.458	6.87627	66.8007	200
3302	69.1325	6.80052	66.8202	200
3303	69.2537	6.72774	66.8405	200
3304	68.4717	6.6428	66.8541	200
3305	68.8548	6.56543	66.8707	200
3306	62.2746	6.53261	66.8324	200
3307	60.8971	6.52265	66.783	200
3308	61.8415	6.4963	66.7418	200
3309	61.5605	6.47438	66.6986	200
3310	61.525	6.4527	66.6555	200
3311	64.0871	6.38796	66.6341	200
3312	60.2674	6.3876	66.581	200
3313	59.3797	6.40117	66.521	200
3314	59.2761	6.41523	66.4606	200
3315	58.9825	6.43295	66.3983	200
3316	59.1425	6.44666	66.3379	200
3317	60.594	6.43494	66.29	200
3318	61.4126	6.40899	66.2493	200
3319	62.3395	6.36733	66.2168	200
3320	61.0608	6.34714	66.1738	200
3321	62.4318	6.30372	66.1426	200
3322	61.9027	6.27148	66.1095	200
3323	62.0573	6.2368	66.0778	200
3324	62.5142	6.19503	66.05	200
3325	63.1787	6.1431	66.0276	200
3326	62.9286	6.09553	66.0033	200
3327	64.3378	6.02631	65.9903	200
3328	65.4124	5.94118	65.9858	200
3329	58.9859	5.95772	65.9311	200
3330	47.727	6.14907	65.7889	200
3331	47.8796	6.33283	65.649	200
3332	49.7686	6.48201	65.5249	200
3333	50.8212	6.61047	65.41	200
3334	50.6016	6.73856	65.2944	200
3335	52.7308	6.82958	65.1962	200
3336	60.0888	6.80267	65.1563	200
3337	63.2918	6.72551	65.1417	200
3338	63.7431	6.64228	65.1308	200
3339	62.894	6.57344	65.1133	200
3340	64.1078	6.48644	65.1055	200
3341	63.7253	6.40666	65.0947	200
3342	60.7398	6.3746	65.0607	200
3343	63.6862	6.29647	65.0499	200
3344	65.7721	6.20937	65.0556	200
3345	66.6615	6.13744	65.0681	200
3346	68.3897	6.09345	65.0941	200
3347	69.4835	6.06682	65.1284	200
3348	71.0231	6.06413	65.1744	200
3349	70.0057	6.04487	65.2122	200
3350	69.5942	6.01888	65.2464	200
3351	69.3244	5.98856	65.2782	200
3352	68.4779	5.94498	65.3032	200
3353	68.8901	5.90813	65.3313	200
3354	68.2189	5.86094	65.3538	200
3355	67.3087	5.7999	65.3691	200
3356	66.1551	5.72156	65.3752	200
3357	66.7715	5.65398	65.3861	200
3358	67.4868	5.59846	65.4026	200
3359	68.4169	5.55808	65.4261	200
3360	67.546	5.50436	65.4427	200
3361	59.371	5.51322	65.3952	200
3362	60.19	5.50841	65.3546	200
3363	61.8083	5.47775	65.3269	200
3364	60.4759	5.46796	65.289	200
3365	60.3809	5.45921	65.2506	200
3366	62.4166	5.41819	65.2285	200
3367	65.3237	5.33502	65.2292	200
3368	58.7961	5.35217	65.179	200
3369	60.172	5.34678	65.1398	200
3370	61.0718	5.3268	65.1081	200
3371	61.2563	5.30375	65.078	200
3372	60.6687	5.28977	65.0435	200
3373	61.6803	5.25967	65.0172	200
3374	64.3222	5.18835	65.0118	200
3375	63.5056	5.13082	65	200
3376	61.9057	5.099	64.9759	200
3377	61.2719	5.0772	64.9469	200
3378	59.7446	5.07915	64.9063	200
3379	58.6514	5.09752	64.8574	200
3380	55.359	5.16629	64.7832	200
3381	56.8128	5.2101	64.7209	200
3382	55.9467	5.26579	64.6524	200
3383	55.356	5.32877	64.5798	200
3384	55.5074	5.38726	64.5089	200
3385	55.6535	5.44145	64.4397	200
3386	56.3271	5.48319	64.3763	200
3387	56.4335	5.51936	64.3179	200
3388	56.2582	5.55672	64.2587	200
3389	56.3807	5.59085	64.2007	200
3390	55.0945	5.64255	64.1338	200
3391	53.1108	5.72167	64.0527	200
3392	50.6491	5.83464	63.9542	200
3393	50.653	5.94444	63.8564	200
3394	50.0792	6.05963	63.7551	200
3395	49.6066	6.17858	63.651	200
3396	49.6566	6.29352	63.5481	200
3397	50.37	6.39476	63.4512	200
3398	48.9977	6.51328	63.345	200
3399	47.0278	6.65745	63.225	200
3400	42.8424	6.85929	63.0751	200
3401	42.3041	7.06387	62.9224	200
3402	40.2066	7.29405	62.7553	200
3403	39.5369	7.52823	62.5846	200
3404	39.2452	7.76075	62.413	200
3405	38.7901	7.99401	62.2393	200
3406	37.381	8.24202	62.0565	200
3407	38.8383	8.46226	61.8858	200
3408	36.932	8.70478	61.7023	200
3409	41.4454	8.87466	61.5534	200
3410	42.8874	9.01865	61.4161	200
3411	43.8925	9.14372	61.2873	200
3412	44.625	9.2612	61.1571	200
3413	46.33	9.34816	61.0413	200
3414	45.7568	9.4471	60.9139	200
3415	46.5194	9.52956	60.7939	200
3416	47.0165	9.60541	60.6709	200
3417	47.1075	9.67609	60.5498	200
3418	48.3411	9.7248	60.4324	200
3419	47.9145	9.77851	60.3121	200
3420	48.4503	9.82191	60.1885	200
3421	48.2079	9.86688	60.0637	200
3422	48.4475	9.90664	59.9317	200
3423	48.3156	9.94549	59.7997	200
3424	47.538	10.0034	59.6464	200
3425	48.1114	10.0417	59.5022	200
3426	48.4156	10.0707	59.3483	200
3427	48.3928	10.0953	59.1961	200
3428	48.3698	10.1156	59.0457	200
3429	48.0973	10.1387	58.8937	200
3430	49.1145	10.1287	58.7578	200
3431	47.9456	10.1477	58.6077	200
3432	49.1752	10.1279	58.4767	200
3433	49.864	10.0858	58.357	200
3434	49.1884	10.0603	58.2297	200
3435	50.5144	9.99515	58.1225	200
3436	51.1598	9.91091	58.0258	200
3437	51.9166	9.80531	57.941	200
3438	52.6063	9.68113	57.8669	200
3439	55.3693	9.48159	57.8322	200
3440	56.0105	9.26881	57.8069	200
3441	53.3018	9.13648	57.7443	200
3442	54.7477	8.96593	57.7027	200
3443	52.0939	8.87268	57.6248	200
3444	51.7124	8.79045	57.5427	200
3445	38.0519	9.08768	57.272	200
3446	37.989	9.37088	57.0042	200
3447	38.4346	9.6264	56.7463	200
3448	34.715	9.97098	56.4403	200
3449	34.5886	10.301	56.1368	200
3450	34.7999	10.6075	55.8404	200
3451	34.6904	10.9004	55.5467	200
3452	34.8324	11.173	55.259	200
3453	33.6468	11.463	54.9588	200
3454	31.1362	11.8063	54.6279	200
3455	30.6487	12.1444	54.2949	200
3456	28.6177	12.5203	53.9383	200
3457	26.6332	12.931	53.559	200
3458	27.0203	13.309	53.1904	200
3459	35.2017	13.439	52.9406	200
3460	43.0472	13.3504	52.8169	200
3461	41.4632	13.3005	52.675	200
3462	40.7883	13.2651	52.5264	200
3463	41.775	13.2023	52.392	200
3464	39.6558	13.1906	52.2328	200
3465	39.6789	13.1747	52.0759	200
3466	39.8869	13.1501	51.9235	200
3467	40.2648	13.1128	51.7778	200
3468	40.1341	13.076	51.6322	200
3469	39.97	13.0407	51.4865	200
3470	40.473	12.99	51.3488	200
3471	40.0404	12.948	51.2074	200
3472	40.2338	12.8986	51.0703	200
3473	40.1615	12.8489	50.9339	200
3474	39.3371	12.8176	50.789	200
3475	39.1968	12.7869	50.6441	200
3476	38.4946	12.771	50.4922	200
3477	39.0101	12.7388	50.3487	200
3478	31.9074	12.8813	50.1181	200
3479	34.1764	12.9578	49.9189	200
3480	32.1128	13.0791	49.6963	200
3481	33.184	13.1649	49.4899	200
3482	32.9088	13.2503	49.2826	200
3483	32.8323	13.3303	49.077	200
3484	34.8574	13.3525	48.8992	200
3485	40.93	13.2179	48.7996	200
3486	39.9768	13.1081	48.6893	200
3487	41.0478	12.9714	48.5938	200
3488	44.7932	12.7421	48.5463	200
3489	44.7306	12.519	48.4986	200
3490	44.3503	12.3097	48.4468	200
3491	44.6514	12.0968	48.3993	200
3492	44.3208	11.8964	48.3483	200
3493	44.1804	11.7032	48.2962	200
3494	44.8212	11.4975	48.2528	200
3495	44.8447	11.2952	48.2102	200
3496	45.502	11.0806	48.1763	200
3497	44.7498	10.8892	48.1335	200
3498	44.9939	10.6955	48.0943	200
3499	44.1019	10.5279	48.0444	200
3500	45.4738	10.329	48.0122	200
3501	51.394	10.1711	48.0507	200
3502	52.6264	10.0439	48.1027	200
3503	52.2156	9.9091	48.1494	200
3504	51.572	9.76168	48.1883	200
3505	50.1885	9.58528	48.211	200
3506	48.1574	9.36865	48.2104	200
3507	48.5125	9.16259	48.2138	200
3508	47.6149	8.96796	48.207	200
3509	44.4515	8.8495	48.1644	200
3510	44.0945	8.74087	48.1181	200
3511	43.4018	8.6494	48.0645	200
3512	43.5679	8.55502	48.0134	200
3513	42.6401	8.4827	47.9524	200
3514	43.6561	8.38756	47.9035	200
3515	45.357	8.25481	47.8746	200
3516	47.5372	8.07486	47.8708	200
3517	48.3035	7.90118	47.8757	200
3518	50.2027	7.77449	47.9021	200
3519	50.2056	7.65015	47.9283	200
3520	50.8808	7.54339	47.9618	200
3521	51.5507	7.45351	48.0026	200
3522	53.5919	7.41114	48.0661	200
3523	46.8993	7.26922	48.0529	200
3524	51.3333	7.17857	48.0902	200
3525	52.0969	7.10648	48.1357	200
3526	51.3624	7.0183	48.1724	200
3527	51.4868	6.93412	48.21	200
3528	60.8053	7.06279	48.3531	200
3529	61.4284	7.19944	48.5017	200
3530	61.7447	7.33679	48.6522	200
3531	62.8793	7.49338	48.8139	200
3532	62.4696	7.63344	48.9691	200
3533	62.4713	7.76682	49.1225	200
3534	63.7813	7.92346	49.2891	200
3535	63.7605	8.07227	49.4535	200
3536	63.6473	8.2114	49.6148	200
3537	63.5539	8.34157	49.7732	200
3538	62.4195	8.4394	49.9169	200
3539	62.3412	8.52997	50.0581	200
3540	61.1515	8.58823	50.1842	200
3541	62.5388	8.67383	50.3246	200
3542	64.6575	8.80244	50.4874	200
3543	63.3117	8.89385	50.6332	200
3544	62.2384	8.95547	50.765	200
3545	64.118	9.05541	50.9168	200
3546	69.4251	9.25235	51.1096	200
3547	68.0305	9.41211	51.2858	200
3548	66.268	9.52815	51.4419	200
3549	67.5227	9.66466	51.6094	200
3550	67.7431	9.79944	51.7775	200
3551	59.7665	9.76172	51.8607	200
3552	58.9162	9.70534	51.9342	200
3553	61.5118	9.70268	52.0339	200
3554	63.4033	9.7374	52.1524	200
3555	64.6187	9.79425	52.2822	200
3556	64.5828	9.84647	52.4104	200
3557	64.5856	9.89498	52.5372	200
3558	64.6898	9.94201	52.6638	200
3559	63.8184	9.96728	52.78	200
3560	61.6077	9.94354	52.8719	200
3561	60.539	9.89611	52.9518	200
3562	59.3262	9.82274	53.0182	200
3563	59.0371	9.74349	53.0809	200
3564	56.8552	9.61913	53.1202	200
3565	54.0555	9.43822	53.1299	200
3566	54.1012	9.26182	53.1401	200
3567	54.6396	9.10011	53.1557	200
3568	54.1921	8.93212	53.1665	200
3569	54.7663	8.77936	53.1831	200
3570	54.896	8.63214	53.201	200
3571	52.9088	8.45839	53.1979	200
3572	52.7075	8.29239	53.1928	200
3573	50.7654	8.1702	53.1675	200
3574	49.7409	8.07138	53.1318	200
3575	51.5616	7.93594	53.1155	200
3576	52.2058	7.78956	53.106	200
3577	50.2389	7.68701	53.0761	200
3578	50.3029	7.58464	53.0473	200
3579	52.2357	7.44353	53.0388	200
3580	51.7356	7.31561	53.0252	200
3581	49.7511	7.23141	52.9911	200
3582	49.2337	7.15245	52.9484	200
3583	49.2718	7.07346	52.9066	200
3584	49.2945	6.98693	52.8615	200
3585	49.1706	6.90452	52.8154	200
3586	49.1113	6.81562	52.7639	200
3587	48.5514	6.74331	52.7054	200
3588	48.6064	6.66068	52.6413	200
3589	54.5619	6.51255	52.6714	200
3590	54.9548	6.36151	52.7121	200
3591	53.9993	6.18028	52.7351	200
3592	53.4522	5.95265	52.7501	200
3593	55.4728	5.81807	52.8068	200
3594	57.6336	5.77677	52.9073	200
3595	47.6653	5.75448	52.7981	200
3596	55.3711	5.62192	52.8517	200
3597	57.3508	5.57514	52.9455	200
3598	58.5669	5.57679	53.0458	200
3599	60.6286	5.64843	53.1812	200
3600	56.6044	5.56895	53.2424	200
3601	57.4469	5.52022	53.3175	200
3602	56.7322	5.44502	53.3784	200
3603	59.0224	5.45213	53.4792	200
3604	59.9759	5.48943	53.5952	200
3605	45.5974	5.57902	53.4524	200
3606	43.8281	5.72349	53.2805	200
3607	42.0864	5.91887	53.0806	200
3608	41.1836	6.13238	52.8682	200
3609	29.8809	6.73434	52.4577	200
3610	28.7173	7.3417	52.0338	200
3611	30.5573	7.84651	51.6503	200
3612	29.9604	8.34092	51.2629	200
3613	27.9997	8.87386	50.8475	200
3614	26.2797	9.43436	50.4088	200
3615	50.0411	9.11055	50.4023	200
3616	49.4787	8.81816	50.3858	200
3617	44.0769	8.72854	50.2731	200
3618	40.1279	8.77913	50.0919	200
3619	40.0457	8.82438	49.9125	200
3620	42.0426	8.79029	49.772	200
3621	42.9538	8.71986	49.6503	200
3622	42.2616	8.67231	49.5183	200
3623	41.5894	8.64576	49.3767	200
3624	42.355	8.58776	49.2513	200
3625	41.5426	8.55637	49.1137	200
3626	45.3975	8.3835	49.0473	200
3627	56.0322	8.3398	49.1565	200
3628	58.1127	8.35906	49.2964	200
3629	60.3787	8.44416	49.4696	200
3630	44.5743	8.33326	49.3931	200
3631	68.893	8.68221	49.6978	200
3632	68.4565	8.99711	49.9909	200
3633	69.1294	9.31403	50.2899	200
3634	70.4395	9.65264	50.6047	200
3635	70.6894	9.97864	50.9186	200
3636	69.8884	10.2596	51.215	200
3637	70.8772	10.5534	51.5222	200
3638	71.9275	10.8613	51.841	200
3639	71.474	11.1354	52.1478	200
3640	71.8221	11.4023	52.4552	200
3641	70.0516	11.5958	52.7301	200
3642	70.8516	11.7998	53.0133	200
3643	62.1612	11.7169	53.1562	200
3644	82.3679	12.2636	53.6127	200
3645	81.0205	12.7369	54.0409	200
3646	74.4036	12.9752	54.3591	200
3647	55.7757	12.614	54.3812	200
3648	55.5293	12.2557	54.3991	200
3649	54.2193	11.8783	54.3963	200
3650	52.788	11.5574	54.3712	200
3651	58.2666	11.3179	54.4321	200
3652	59.828	11.1329	54.5164	200
3653	59.159	10.93	54.5889	200
3654	59.8957	10.7543	54.6718	200
3655	61.2176	10.6228	54.7741	200
3656	61.4388	10.4991	54.8782	200
3657	63.2121	10.4314	55.0085	200
3658	64.6508	10.4068	55.1591	200
3659	67.2183	10.4584	55.3475	200
3660	69.4928	10.5608	55.544	200
3661	48.6643	10.4586	55.4485	200
3662	54.7614	10.1871	55.4389	200
3663	51.8139	10.0049	55.3886	200
3664	50.132	9.87296	55.3156	200
3665	53.9995	9.63527	55.2973	200
3666	54.3224	9.3947	55.2837	200
3667	54.4523	9.15683	55.2722	200
3668	48.0044	9.10436	55.1712	200
3669	52.1672	8.9349	55.1295	200
3670	52.8209	8.75084	55.0975	200
3671	52.7051	8.57421	55.0642	200
3672	52.1582	8.41676	55.0239	200
3673	52.6565	8.24872	54.991	200
3674	50.137	8.15443	54.9236	200
3675	49.9775	8.06531	54.8549	200
3676	52.2216	7.91442	54.8183	200
3677	54.9602	7.69851	54.8203	200
3678	50.0671	7.6167	54.7543	200
3679	49.3649	7.55483	54.6794	200
3680	43.023	7.66876	54.5175	200
3681	47.349	7.65486	54.4179	200
3682	45.2351	7.69731	54.2904	200
3683	44.7768	7.74776	54.1583	200
3684	49.8809	7.65136	54.0989	200
3685	51.1438	7.5209	54.0578	200
3686	51.8429	7.37352	54.0271	200
3687	48.5362	7.32122	53.9508	200
3688	49.0529	7.2539	53.8828	200
3689	50.1762	7.15536	53.8313	200
3690	50.4427	7.05073	53.7842	200
3691	51.9387	6.90614	53.7586	200
3692	52.5285	6.74847	53.7415	200
3693	51.9524	6.61071	53.7167	200
3694	49.9758	6.53099	53.6647	200
3695	48.5286	6.49225	53.5934	200
3696	49.0835	6.43718	53.5307	200
3697	49.0902	6.38726	53.4752	200
3698	48.5537	6.35062	53.4137	200
3699	46.436	6.36629	53.3265	200
3700	42.9608	6.46628	53.1969	200
3701	41.0896	6.6073	53.0456	200
3702	37.8918	6.82097	52.8561	200
3703	33.1252	7.14371	52.6095	200
3704	36.7314	7.36207	52.411	200
3705	35.2987	7.60583	52.1971	200
3706	33.0803	7.8936	51.9582	200
3707	33.2881	8.16301	51.7248	200
3708	32.1865	8.44739	51.4806	200
3709	31.9205	8.72521	51.2361	200
3710	29.662	9.04643	50.9664	200
3711	29.0997	9.36694	50.693	200
3712	30.3579	9.64114	50.4389	200
3713	29.581	9.92156	50.1781	200
3714	28.9928	10.2032	49.9133	200
3715	29.1395	10.4674	49.6536	200
3716	31.1919	10.6673	49.4229	200
3717	32.6628	10.8196	49.2134	200
3718	35.1828	10.8999	49.038	200
3719	37.3352	10.9199	48.8917	200
3720	41.0635	10.8427	48.7939	200
3721	52.3092	10.6595	48.8378	200
3722	51.8681	10.4687	48.8757	200
3723	51.3857	10.2698	48.907	200
3724	46.0862	10.0835	48.8718	200
3725	45.5396	9.91476	48.8301	200
3726	47.9995	9.68766	48.8197	200
3727	46.4976	9.50352	48.7907	200
3728	47.1092	9.30797	48.7697	200
3729	47.8699	9.09776	48.7585	200
3730	47.2203	8.90877	48.7392	200
3731	47.2182	8.72408	48.7202	200
3732	45.8416	8.57794	48.6842	200
3733	45.1323	8.45229	48.6398	200
3734	45.1522	8.32818	48.5962	200
3735	45.1282	8.20667	48.5529	200
3736	44.4323	8.10452	48.5014	200
3737	45.7942	7.96959	48.4675	200
3738	44.9989	7.86729	48.4281	200
3739	42.2841	7.82813	48.3583	200
3740	41.0656	7.81596	48.2754	200
3741	37.8842	7.87449	48.1573	200
3742	28.398	8.1446	47.9328	200
3743	32.287	8.31508	47.755	200
3744	32.9552	8.46246	47.5868	200
3745	34.3954	8.56993	47.4369	200
3746	34.2485	8.6749	47.2871	200
3747	36.679	8.71883	47.1665	200
3748	38.6082	8.71518	47.0693	200
3749	36.6287	8.7544	46.9506	200
3750	36.5839	8.79104	46.8328	200
3751	43.8775	8.65841	46.7992	200
3752	43.9301	8.52683	46.7666	200
3753	42.593	8.42789	46.7192	200
3754	41.8121	8.34788	46.6634	200
3755	41.5209	8.27503	46.605	200
3756	42.897	8.17123	46.5629	200
3757	42.3611	8.08101	46.5151	200
3758	41.514	8.01102	46.4583	200
3759	42.1746	7.9263	46.4096	200
3760	43.2055	7.81898	46.3732	200
3761	44.9314	7.67404	46.3568	200
3762	47.9321	7.53543	46.3747	200
3763	47.8554	7.39783	46.3915	200
3764	46.0042	7.2385	46.3871	200
3765	42.0743	7.172	46.3381	200
3766	42.5345	7.08779	46.2906	200
3767	41.1699	7.03862	46.2266	200
3768	41.205	6.98259	46.1568	200
3769	36.6724	7.05208	46.0251	200
3770	36.0882	7.14223	45.8698	200
3771	39.7496	7.11029	45.7742	200
3772	38.3107	7.1229	45.6409	200
3773	38.0491	7.13965	45.5054	200
3774	39.3584	7.09829	45.3773	200
3775	40.6752	6.99845	45.2793	200
3776	41.5635	6.86167	45.2019	200
3777	42.4057	6.69228	45.1437	200
3778	43.6062	6.4775	45.1116	200
3779	45.5265	6.22489	45.1203	200
3780	47.8195	6.07799	45.1765	200
3781	49.8217	6.01828	45.2733	200
3782	54.2746	6.14258	45.4608	200
3783	52.4577	6.17817	45.6066	200
3784	50.5842	6.12815	45.7103	200
3785	47.3844	5.94256	45.7452	200
3786	48.4963	5.80959	45.8025	200
3787	27.2033	6.34248	45.415	200
3788	25.8379	6.89393	45.0071	200
3789	24.8183	7.44788	44.5865	200
3790	21.8191	8.08619	44.1122	200
3791	19.1846	8.78792	43.5929	200
3792	16.7788	9.53901	43.0343	200
3793	14.6335	10.3249	42.4426	200
3794	14.8467	11.0445	41.8677	200
3795	11.4718	11.7357	41.3249	200
3796	11.0561	12.3976	40.7844	200
3797	12.8973	12.9507	40.2864	200
3798	19.7601	13.2213	39.9198	200
3799	18.2989	13.5213	39.5337	200
3800	18.3781	13.7939	39.156	200
3801	18.9556	14.0227	38.7952	200
3802	20.1325	14.1885	38.462	200
3803	21.3412	14.2932	38.1563	200
3804	21.8332	14.3657	37.8648	200
3805	22.7694	14.3917	37.5952	200
3806	25.1176	14.3234	37.3724	200
3807	26.4062	14.2035	37.1766	200
3808	26.9463	14.0616	36.9939	200
3809	34.2016	13.6591	36.944	200
3810	34.6107	13.2546	36.9024	200
3811	39.1706	12.8622	36.9429	200
3812	33.0425	12.5422	36.8732	200
3813	33.0823	12.2296	36.8055	200
3814	30.7604	12.0087	36.6976	200
3815	36.8513	11.5854	36.7003	200
3816	35.7514	11.2055	36.6834	200
3817	36.5545	10.8099	36.6811	200
3818	37.1296	10.4398	36.6891	200
3819	37.2317	10.0864	36.6988	200
3820	35.8957	9.75481	36.6844	200
3821	35.5567	9.4467	36.6643	200
3822	36.7574	9.11265	36.6659	200
3823	41.1081	8.94584	36.7453	200
3824	37.5443	8.69125	36.7577	200
3825	37.264	8.43547	36.7657	200
3826	39.1323	8.24582	36.8026	200
3827	37.5829	8.01252	36.8148	200
3828	36.9241	7.76554	36.8165	200
3829	36.6827	7.52705	36.8144	200
3830	30.5442	7.48778	36.7165	200
3831	31.2426	7.42484	36.6309	200
3832	30.1448	7.3955	36.5296	200
3833	29.8375	7.37352	36.425	200
3834	30.991	7.31291	36.3401	200
3835	30.0028	7.28242	36.2411	200
3836	29.8401	7.25488	36.1411	200
3837	35.0195	7.06321	36.1236	200
3838	33.2671	6.93175	36.0789	200
3839	36.3059	6.72223	36.0825	200
3840	40.7428	6.65779	36.1553	200
3841	44.7289	6.71766	36.2893	200
3842	36.6802	6.51995	36.2954	200
3843	37.5842	6.35648	36.3155	200
3844	38.2305	6.21768	36.3454	200
3845	38.3312	6.08543	36.3764	200
3846	38.9235	5.97486	36.4162	200
3847	38.7082	5.85977	36.4521	200
3848	39.0045	5.75641	36.4919	200
3849	40.8827	5.71374	36.5605	200
3850	41.8604	5.7008	36.6434	200
3851	41.8311	5.68477	36.7244	200
3852	49.1544	5.89556	36.9186	200
3853	44.2982	5.94193	37.0339	200
3854	42.5124	5.92745	37.1195	200
3855	42.0683	5.89687	37.1969	200
3856	45.0128	5.95017	37.3054	200
3857	36.3275	5.81206	37.2918	200
3858	32.7649	5.77636	37.229	200
3859	32.9511	5.73473	37.1695	200
3860	33.5417	5.67621	37.1192	200
3861	35.7096	5.55769	37.0996	200
3862	38.1053	5.43124	37.1135	200
3863	38.9212	5.33059	37.1387	200
3864	40.2123	5.2679	37.1813	200
3865	39.798	5.19425	37.2177	200
3866	41.2066	5.16077	37.2731	200
3867	41.8562	5.14473	37.3367	200
3868	53.4772	5.48834	37.5889	200
3869	47.6155	5.63016	37.7456	200
3870	45.7464	5.71482	37.8885	200
3871	45.6588	5.78823	38.0272	200
3872	44.612	5.82142	38.1644	200
3873	45.1736	5.87091	38.3104	200
3874	44.5667	5.89018	38.4668	200
3875	44.3468	5.88967	38.6138	200
3876	44.4489	5.88694	38.7597	200
3877	45.1425	5.91173	38.9193	200
3878	43.5378	5.84707	39.0347	200
3879	43.8706	5.79651	39.1556	200
3880	41.2571	5.61175	39.2082	200
3881	41.3563	5.43857	39.2619	200
3882	39.9539	5.20124	39.2792	200
3883	40.1752	4.98598	39.3016	200
3884	37.4181	4.83085	39.2545	200
3885	24.7071	5.31668	38.8908	200
3886	39.785	5.09555	38.9132	200
3887	40.195	4.90487	38.9452	200
3888	42.4404	4.83439	39.0326	200
3889	39.889	4.63549	39.054	200
3890	42.0872	4.55537	39.1298	200
3891	42.0553	4.47388	39.203	200
3892	42.8435	4.43221	39.294	200
3893	42.7878	4.38529	39.3813	200
3894	42.7989	4.3369	39.4668	200
3895	45.1086	4.40215	39.6078	200
3896	33.7317	4.46356	39.4854	200
3897	20.0502	5.08738	39.0805	200
3898	18.5822	5.7295	38.6534	200
3899	17.3522	6.37832	38.2097	200
3900	18.1742	6.94737	37.7922	200
3901	22.3729	7.30037	37.471	200
3902	20.9193	7.68584	37.1262	200
3903	23.6516	7.92704	36.8455	200
3904	23.7122	8.14396	36.5718	200
3905	24.4097	8.31139	36.3185	200
3906	25.4976	8.41595	36.093	200
3907	26.1852	8.47811	35.8866	200
3908	26.4677	8.51731	35.6904	200
3909	25.0939	8.60394	35.4696	200
3910	25.0223	8.68075	35.252	200
3911	24.2553	8.77725	35.0229	200
3912	23.4385	8.89421	34.7815	200
3913	34.0775	8.55295	34.7669	200
3914	33.9024	8.2326	34.7489	200
3915	30.8771	8.0509	34.6682	200
3916	30.2275	7.90047	34.5757	200
3917	28.8283	7.81076	34.4559	200
3918	26.0524	7.83545	34.2809	200
3919	26.7957	7.82086	34.1249	200
3920	27.1403	7.79099	34.0002	200
3921	34.1519	7.51816	34.0029	200
3922	34.6413	7.27245	34.0143	200
3923	36.7613	7.11083	34.0634	200
3924	39.4288	7.04849	34.1592	200
3925	40.7789	7.03318	34.2774	200
3926	23.4934	7.16714	34.0848	200
3927	23.5341	7.28798	33.8964	200
3928	25.2604	7.33612	33.7422	200
3929	25.4311	7.37094	33.5938	200
3930	25.2342	7.40625	33.4445	200
3931	27.3581	7.35911	33.3358	200
3932	27.029	7.32153	33.2232	200
3933	29.1902	7.20408	33.1512	200
3934	30.9362	7.0259	33.1116	200
3935	30.6752	6.86199	33.0681	200
3936	49.1558	7.19148	33.3554	200
3937	49.9592	7.52763	33.6519	200
3938	50.0374	7.84398	33.9445	200
3939	47.9579	8.06432	34.1947	200
3940	48.4614	8.28583	34.4495	200
3941	49.3519	8.52214	34.7156	200
3942	47.9869	8.69175	34.9526	200
3943	49.8455	8.91322	35.2185	200
3944	50.5234	9.14149	35.4918	200
3945	48.4315	9.27714	35.7229	200
3946	48.6849	9.40875	35.9544	200
3947	47.2404	9.47579	36.1559	200
3948	48.6557	9.58379	36.3791	200
3949	46.7106	9.60716	36.5405	200
3950	44.8031	9.56514	36.6696	200
3951	26.302	9.59021	36.5076	200
3952	35.7996	9.31265	36.4966	200
3953	57.8301	9.6883	36.8299	200
3954	59.436	10.092	37.1831	200
3955	60.0425	10.491	37.5403	200
3956	59.7116	10.856	37.8867	200
3957	62.2907	11.2793	38.268	200
3958	62.4888	11.6838	38.6465	200
3959	62.8262	12.0743	39.0243	200
3960	62.7273	12.4377	39.3947	200
3961	62.7746	12.7796	39.76	200
3962	62.9376	13.1045	40.1221	200
3963	62.7053	13.4008	40.475	200
3964	63.31	13.6956	40.8318	200
3965	63.1731	13.9657	41.1809	200
3966	59.0041	14.0863	41.4594	200
3967	59.473	14.209	41.7408	200
3968	48.9092	13.989	41.8528	200
3969	25.6616	14.0578	41.5998	200
3970	24.6244	14.149	41.3346	200
3971	28.2	14.1173	41.1294	200
3972	46.8683	13.8555	41.219	200
3973	43.6888	13.4997	41.2576	200
3974	42.2457	13.1087	41.2731	200
3975	41.6262	12.7101	41.2786	200
3976	41.992	12.3352	41.2897	200
3977	42.3822	11.9838	41.3068	200
3978	42.244	11.6386	41.3214	200
3979	42.034	11.2972	41.3326	200
3980	41.7738	10.9579	41.3395	200
3981	42.5866	10.6545	41.359	200
3982	42.5502	10.3916	41.3755	200
3983	50.065	10.3443	41.4962	200
3984	50.3735	10.3036	41.6195	200
3985	50.741	10.2707	41.7462	200
3986	52.5976	10.2869	41.8969	200
3987	52.7354	10.3022	42.0474	200
3988	51.4753	10.2779	42.1784	200
3989	32.4689	10.2621	42.0435	200
3990	31.7104	10.2641	41.9	200
3991	36.1968	10.1374	41.8208	200
3992	44.1633	9.92087	41.8533	200
3993	46.681	9.77939	41.9204	200
3994	48.9898	9.70412	42.0185	200
3995	50.3131	9.66496	42.1337	200
3996	51.3545	9.65262	42.2618	200
3997	54.4963	9.72434	42.4317	200
3998	57.8698	9.88305	42.6462	200
3999	60.675	10.1093	42.8966	200
4000	62.5344	10.374	43.1693	200
4001	54.1924	10.392	43.3224	200
4002	52.5418	10.3595	43.4504	200
4003	50.5348	10.2685	43.5488	200
4004	47.0548	10.0806	43.5975	200
4005	47.2954	9.90334	43.6489	200
4006	46.601	9.71025	43.6899	200
4007	46.6252	9.52205	43.7307	200
4008	46.9429	9.34678	43.7753	200
4009	45.5722	9.13706	43.8002	200
4010	39.8748	8.99229	43.7457	200
4011	37.4095	8.91851	43.6577	200
4012	39.0253	8.79945	43.5934	200
4013	39.7332	8.66225	43.5398	200
4014	39.7852	8.52592	43.4876	200
4015	40.4419	8.37369	43.4453	200
4016	37.7722	8.29868	43.3665	200
4017	36.8385	8.24949	43.2758	200
4018	38.1872	8.16169	43.2052	200
4019	42.3041	7.98017	43.1939	200
4020	43.867	7.79749	43.2023	200
4021	45.5954	7.66238	43.2322	200
4022	46.8301	7.56077	43.2772	200
4023	46.9572	7.46375	43.3232	200
4024	47.3752	7.37845	43.3739	200
4025	45.6816	7.25169	43.4027	200
4026	46.273	7.14215	43.4386	200
4027	47.1406	7.05615	43.4849	200
4028	43.3162	6.88396	43.4827	200
4029	42.2317	6.74313	43.4671	200
4030	41.5002	6.62373	43.4425	200
4031	39.0583	6.56774	43.3877	200
4032	37.2194	6.55776	43.3106	200
4033	36.445	6.56545	43.2248	200
4034	33.5557	6.64304	43.1039	200
4035	33.3664	6.7204	42.9822	200
4036	32.2598	6.82045	42.8482	200
4037	33.1841	6.89154	42.7274	200
4038	35.278	6.90549	42.6343	200
4039	35.2741	6.91685	42.5423	200
4040	43.1601	6.75938	42.55	200
4041	44.1448	6.63026	42.5699	200
4042	43.1005	6.47777	42.5765	200
4043	43.6808	6.34343	42.5903	200
4044	42.1297	6.19637	42.5846	200
4045	41.8605	6.05956	42.5755	200
4046	42.5738	5.90811	42.5755	200
4047	41.4942	5.78744	42.562	200
4048	41.6427	5.66574	42.5505	200
4049	43.5156	5.54822	42.5626	200
4050	45.4342	5.48131	42.5985	200
4051	44.2046	5.38443	42.6185	200
4052	46.6896	5.35159	42.6694	200
4053	46.1261	5.30422	42.7126	200
4054	46.1999	5.25879	42.7562	200
4055	45.4976	5.19586	42.7905	200
4056	46.2932	5.15353	42.8343	200
4057	44.6326	5.06965	42.8567	200
4058	43.1796	4.95098	42.8608	200
4059	45.1707	4.88495	42.8897	200
4060	42.0402	4.79324	42.88	200
4061	32.7804	4.91383	42.7652	200
4062	33.9925	5.00154	42.6655	200
4063	36.3454	5.03151	42.5937	200
4064	37.7549	5.02713	42.5387	200
4065	38.0503	5.01488	42.4877	200
4066	37.5128	5.01398	42.4312	200
4067	36.6633	5.03111	42.3657	200
4068	38.3708	5.00756	42.3203	200
4069	39.2699	4.96307	42.2856	200
4070	37.3035	4.96351	42.229	200
4071	37.186	4.96531	42.1717	200
4072	38.0974	4.94506	42.1254	200
4073	35.908	4.97398	42.0547	200
4074	36.5335	4.98641	41.992	200
4075	35.9206	5.01107	41.923	200
4076	37.604	4.99534	41.8739	200
4077	38.0277	4.96922	41.8302	200
4078	37.9739	4.94393	41.7864	200
4079	38.0142	4.9173	41.7435	200
4080	37.4262	4.90366	41.6944	200
4081	38.0721	4.87454	41.6533	200
4082	49.5391	4.94298	41.7429	200
4083	50.1401	5.02149	41.8383	200
4084	46.9932	5.02452	41.8969	200
4085	45.6554	4.99574	41.9396	200
4086	44.2724	4.93522	41.9661	200
4087	44.2374	4.87468	41.9919	200
4088	44.3809	4.81818	42.0191	200
4089	48.0701	4.8462	42.0878	200
4090	49.3254	4.90055	42.1701	200
4091	48.9794	4.94393	42.2475	200
4092	50.3273	5.0152	42.3393	200
4093	50.4282	5.08506	42.4312	200
4094	49.5146	5.13048	42.5117	200
4095	49.6632	5.17641	42.5929	200
4096	51.1561	5.25338	42.6903	200
4097	51.3493	5.33078	42.7887	200
4098	49.5491	5.36327	42.8655	200
4099	48.8816	5.37811	42.9338	200
4100	49.3678	5.40211	43.007	200
4101	49.1011	5.41783	43.0762	200
4102	48.4442	5.4167	43.1372	200
4103	49.1104	5.42935	43.2051	200
4104	50.4888	5.47149	43.2878	200
4105	36.126	5.50671	43.2132	200
4106	36.3834	5.53427	43.1421	200
4107	48.9228	5.53941	43.2023	200
4108	48.8582	5.54183	43.2612	200
4109	48.284	5.53102	43.3135	200
4110	49.1043	5.53643	43.3739	200
4111	49.6213	5.55124	43.4389	200
4112	45.4239	5.47694	43.4596	200
4113	43.0138	5.37213	43.455	200
4114	44.1861	5.27544	43.4626	200
4115	45.6859	5.21185	43.4858	200
4116	44.9424	5.13362	43.5009	200
4117	45.585	5.07008	43.5226	200
4118	46.9698	5.03627	43.5585	200
4119	46.1649	4.98565	43.5857	200
4120	48.119	4.97623	43.6329	200
4121	49.1445	4.98738	43.6903	200
4122	48.2533	4.97854	43.7379	200
4123	48.6237	4.97661	43.7887	200
4124	49.0107	4.98172	43.8431	200
4125	49.6421	4.99874	43.9035	200
4126	48.8543	4.99774	43.9551	200
4127	48.2138	4.98234	43.9995	200
4128	48.8574	4.97975	44.0501	200
4129	50.4052	5.01101	44.1223	200
4130	49.4548	5.01832	44.1829	200
4131	49.5672	5.02747	44.2502	200
4132	50.5762	5.05993	44.3293	200
4133	51.6673	5.12321	44.4312	200
4134	52.3039	5.19958	44.5405	200
4135	53.9128	5.32998	44.687	200
4136	55.7303	5.50852	44.8595	200
4137	57.1545	5.7509	45.0791	200
4138	57.2347	5.97964	45.2961	200
4139	53.5617	6.07488	45.4683	200
4140	56.2297	6.27015	45.6925	200
4141	55.6556	6.42402	45.9001	200
4142	54.267	6.50497	46.0744	200
4143	53.7159	6.55233	46.2336	200
4144	51.6867	6.50652	46.3472	200
4145	50.5813	6.41183	46.4354	200
4146	52.8816	6.41326	46.5697	200
4147	52.2705	6.38358	46.6885	200
4148	53.4852	6.40079	46.8301	200
4149	54.6138	6.45019	46.9691	200
4150	54.349	6.48339	47.1009	200
4151	54.4333	6.51371	47.2318	200
4152	47.8041	6.30152	47.242	200
4153	45.5775	6.13591	47.2123	200
4154	46.2176	5.9523	47.1945	200
4155	45.5503	5.79843	47.1652	200
4156	45.6164	5.64666	47.1375	200
4157	45.5834	5.5005	47.1098	200
4158	46.3777	5.3302	47.0967	200
4159	45.1291	5.21011	47.0615	200
4160	46.4122	5.04722	47.0499	200
4161	46.4823	4.88724	47.0398	200
4162	47.8279	4.74084	47.0539	200
4163	47.4266	4.58484	47.0605	200
4164	48.5496	4.47427	47.0871	200
4165	49.102	4.38644	47.1231	200
4166	22.0259	5.12611	46.6749	200
4167	29.2168	5.56654	46.3632	200
4168	27.898	6.0272	46.0335	200
4169	40.8733	5.99624	45.9413	200
4170	39.4695	6.01322	45.8257	200
4171	39.3519	6.02967	45.7101	200
4172	40.4825	6.00103	45.6168	200
4173	41.556	5.93173	45.5443	200
4174	40.8572	5.88728	45.4606	200
4175	39.429	5.89243	45.3529	200
4176	39.6276	5.88646	45.2506	200
4177	41.0565	5.82602	45.1757	200
4178	40.2257	5.79864	45.0984	200
4179	40.1368	5.77248	45.0209	200
4180	41.4452	5.70383	44.965	200
4181	40.5464	5.66367	44.896	200
4182	32.9689	5.8594	44.7096	200
4183	33.5352	6.02549	44.535	200
4184	22.6501	6.5211	44.193	200
4185	25.8758	6.88973	43.9068	200
4186	27.238	7.19532	43.6464	200
4187	46.0853	7.04668	43.6845	200
4188	43.8375	6.83125	43.6869	200
4189	43.9118	6.62481	43.6904	200
4190	43.8139	6.42164	43.6923	200
4191	43.6132	6.22344	43.6911	200
4192	42.895	6.05383	43.6786	200
4193	43.9806	5.87408	43.6834	200
4194	43.0444	5.71049	43.6734	200
4195	42.4712	5.5696	43.6546	200
4196	40.916	5.48113	43.6118	200
4197	40.3731	5.41106	43.5612	200
4199	38.0536	5.41407	43.4751	200
4198	40.2334	5.34619	43.4245	200
4200	38.2235	5.34165	43.3432	200
4201	40.975	5.24873	43.3062	200
4202	40.2698	5.17959	43.2588	200
4203	19.8866	5.74811	42.8936	200
4204	23.1243	6.18627	42.5847	200
4205	22.9081	6.60784	42.2772	200
4206	38.8198	6.50939	42.2232	200
4207	39.4745	6.39187	42.1803	200
4208	39.4988	6.27592	42.1384	200
4209	41.0377	6.11419	42.1212	200
4210	40.3784	5.99276	42.097	200
4211	40.8518	5.86088	42.0797	200
4212	41.7256	5.70791	42.0748	200
4213	41.2661	5.57182	42.0635	200
4214	41.1977	5.4411	42.0515	200
4215	41.5858	5.3029	42.045	200
4216	42.0482	5.15568	42.0451	200
4217	41.0703	5.03955	42.0315	200
4218	37.3337	5.03005	41.9663	200
4219	38.0697	4.99857	41.9122	200
4220	39.4457	4.92823	41.8779	200
4221	37.7371	4.90635	41.8204	200
4222	40.2136	4.8147	41.7981	200
4223	25.5302	5.13284	41.5721	200
4224	30.7946	5.28964	41.4224	200
4225	31.5612	5.41663	41.2855	200
4226	53.2985	5.59986	41.4523	200
4227	55.6747	5.83938	41.6499	200
4228	57.5185	6.11797	41.8703	200
4229	60.1618	6.45612	42.1243	200
4230	59.7645	6.76679	42.3693	200
4231	60.2125	7.07447	42.6171	200
4232	60.5988	7.37745	42.8669	200
4233	61.399	7.6873	43.1243	200
4234	61.3812	7.9809	43.3778	200
4235	61.7244	8.26883	43.6326	200
4236	60.3971	8.50482	43.8655	200
4237	59.0447	8.69022	44.0763	200
4238	57.5019	8.82176	44.2628	200
4239	56.467	8.91571	44.4323	200
4240	54.0905	8.93634	44.5664	200
4241	55.4987	8.99178	44.7183	200
4242	50.5886	8.90507	44.7998	200
4243	53.2196	8.89159	44.9167	200
4244	32.2555	8.9963	44.7409	200
4245	44.5265	8.75236	44.7379	200
4246	49.4935	8.64134	44.8039	200
4247	48.0976	8.50765	44.8451	200
4248	45.5703	8.31308	44.8542	200
4249	46.4942	8.14626	44.8747	200
4250	47.8915	8.01802	44.9124	200
4251	51.6613	7.98629	44.9968	200
4252	54.2028	8.01679	45.1118	200
4253	54.2202	8.04408	45.2257	200
4254	56.1835	8.11692	45.3627	200
4255	57.8587	8.2264	45.5189	200
4256	58.5528	8.34658	45.6818	200
4257	59.4435	8.48196	45.8538	200
4258	60.1442	8.62717	46.0324	200
4259	59.9614	8.75972	46.2065	200
4260	59.707	8.87824	46.3753	200
4261	58.5632	8.96098	46.5276	200
4262	55.1766	8.95318	46.6358	200
4263	53.4841	8.90056	46.7214	200
4264	40.2593	8.83959	46.6406	200
4265	35.9087	8.8869	46.5064	200
4266	37.3837	8.8928	46.3924	200
4267	37.1667	8.90112	46.2771	200
4268	39.8437	8.83942	46.1967	200
4269	38.335	8.81498	46.0984	200
4270	36.5243	8.83396	45.9787	200
4271	33.8841	8.91547	45.8275	200
4272	31.938	9.03982	45.6539	200
4273	34.1512	9.10139	45.5101	200
4274	33.9377	9.16317	45.3655	200
4275	32.8023	9.24817	45.2084	200
4276	32.8338	9.32633	45.0537	200
4277	33.5112	9.38174	44.9095	200
4278	32.9642	9.44582	44.7601	200
4279	33.6495	9.48744	44.6213	200
4280	33.6716	9.524	44.4844	200
4281	33.6895	9.55577	44.3495	200
4282	35.6601	9.53411	44.2408	200
4283	37.1299	9.47353	44.152	200
4284	37.0791	9.41351	44.0635	200
4285	38.2593	9.32328	43.991	200
4286	37.7424	9.24641	43.9129	200
4287	39.1258	9.13493	43.853	200
4288	39.2053	9.03295	43.8002	200
4289	37.0676	8.98067	43.7237	200
4290	39.8702	8.86414	43.6799	200
4291	43.9236	8.66822	43.6827	200
4292	40.7896	8.53697	43.6498	200
4293	40.1332	8.42287	43.6099	200
4294	36.9314	8.38322	43.534	200
4295	34.4765	8.39854	43.431	200
4296	33.4955	8.43347	43.3181	200
4297	33.5009	8.46492	43.2066	200
4298	32.5562	8.51459	43.0855	200
4299	33.7172	8.534	42.9791	200
4300	35.6583	8.50642	42.8959	200
4301	35.0873	8.49056	42.8072	200
4302	34.6006	8.48411	42.7139	200
4303	33.9615	8.4902	42.6144	200
4304	33.2552	8.50995	42.5081	200
4305	33.4202	8.52309	42.4048	200
4306	32.1072	8.56342	42.2878	200
4307	32.747	8.58563	42.1794	200
4308	32.6791	8.60642	42.0714	200
4309	33.8906	8.59675	41.9785	200
4310	33.8314	8.58652	41.8859	200
4311	33.0929	8.59122	41.786	200
4312	33.9373	8.57434	41.6968	200
4313	36.7211	8.49255	41.6402	200
4314	41.41	8.30477	41.6376	200
4315	41.9363	8.12281	41.641	200
4316	42.5723	7.95937	41.6516	200
4317	43.1298	7.81207	41.6684	200
4318	43.0823	7.66666	41.6844	200
4319	42.9969	7.52224	41.6994	200
4320	43.1344	7.3839	41.7157	200
4321	41.8994	7.22026	41.7178	200
4322	38.6228	7.1265	41.6826	200
4323	36.8895	7.07346	41.6281	200
4324	36.8631	7.021	41.574	200
4325	35.4765	7.00001	41.5047	200
4326	34.7518	6.99439	41.4279	200
4327	33.8921	7.0067	41.3423	200
4328	34.1244	7.0115	41.2603	200
4329	33.9478	7.01834	41.1772	200
4330	34.8784	7.00199	41.1056	200
4331	34.8505	6.98501	41.0345	200
4332	36.8764	6.92076	40.9873	200
4333	40.9754	6.77683	40.9872	200
4334	41.0068	6.63605	40.9874	200
4335	40.4486	6.50903	40.9817	200
4336	45.1402	6.46006	41.0251	200
4337	41.4993	6.33535	41.03	200
4338	40.9114	6.20584	41.0288	200
4339	40.0371	6.09721	41.0184	200
4340	39.3391	6.00517	41.0009	200
4341	40.1789	5.89719	40.9924	200
4342	40.1688	5.79149	40.9838	200
4343	39.4305	5.70319	40.9676	200
4344	39.9938	5.60466	40.9575	200
4345	40.157	5.50457	40.9491	200
4346	41.6789	5.4051	40.9567	200
4347	41.8569	5.31124	40.9661	200
4348	41.6457	5.21475	40.9732	200
4349	43.0416	5.1492	40.9947	200
4350	43.0779	5.08532	41.0164	200
4351	43.7015	5.03532	41.0444	200
4352	43.6609	4.98492	41.0717	200
4353	42.357	4.90785	41.085	200
4354	41.598	4.81629	41.0904	200
4355	40.9902	4.71804	41.0893	200
4356	42.3142	4.64526	41.1021	200
4357	39.6132	4.5795	41.0866	200
4358	42.3366	4.51014	41.0996	200
4359	43.6142	4.46856	41.1258	200
4360	40.9825	4.37845	41.1243	200
4361	43.396	4.33456	41.148	200
4362	43.331	4.28974	41.1707	200
4363	43.5816	4.25059	41.1958	200
4364	44.2973	4.22665	41.2281	200
4365	45.6893	4.23154	41.2746	200
4366	45.5874	4.23323	41.3195	200
4367	47.8076	4.2802	41.3871	200
4368	48.5118	4.33946	41.4613	200
4369	49.3416	4.41323	41.5434	200
4370	49.035	4.47736	41.6215	200
4371	49.9944	4.55852	41.7087	200
4372	49.8577	4.63332	41.7936	200
4373	49.0916	4.68884	41.8696	200
4374	49.7706	4.75576	41.9519	200
4375	49.416	4.81218	42.0296	200
4376	49.0798	4.8588	42.1031	200
4377	50.1726	4.92569	42.1871	200
4378	51.1911	5.01066	42.2809	200
4379	52.4196	5.11749	42.3865	200
4380	54.2281	5.27031	42.5211	200
4381	56.4599	5.46732	42.6795	200
4382	57.0715	5.69044	42.8594	200
4383	54.324	5.83479	43.0027	200
4384	51.4321	5.90686	43.1198	200
4385	48.1727	5.88314	43.1899	200
4386	48.0832	5.85221	43.2664	200
4387	49.276	5.85713	43.3603	200
4388	51.6516	5.94406	43.5084	200
4389	52.3705	6.04828	43.6666	200
4390	50.9016	6.09772	43.8173	200
4391	51.0585	6.14537	43.9682	200
4392	50.8771	6.17718	44.1121	200
4393	50.695	6.19167	44.2297	200
4394	50.1418	6.18169	44.3353	200
4395	49.6973	6.15241	44.431	200
4396	49.4654	6.11248	44.5209	200
4397	49.8785	6.08552	44.6166	200
4398	50.6198	6.08258	44.7238	200
4399	51.2244	6.09751	44.8399	200
4400	51.0287	6.10077	44.9504	200
4401	51.7713	6.12649	45.0722	200
4402	51.8242	6.14883	45.1927	200
4403	31.9205	6.40324	44.9557	200
4404	32.9429	6.60358	44.7412	200
4405	30.5424	6.87484	44.4877	200
4406	32.1173	7.07111	44.2668	200
4407	32.0576	7.25461	44.0488	200
4408	32.4458	7.40991	43.8416	200
4409	33.7781	7.50468	43.6619	200
4410	34.2774	7.57181	43.4943	200
4411	36.2778	7.55912	43.3654	200
4412	40.6751	7.38523	43.3174	200
4413	39.9333	7.24233	43.2569	200
4414	40.5247	7.08126	43.2081	200
4415	41.0065	6.90699	43.1688	200
4416	39.4063	6.79468	43.1016	200
4417	28.3691	7.07818	42.8386	200
4418	28.0092	7.35501	42.5737	200
4419	29.0518	7.57525	42.3323	200
4420	30.1823	7.73864	42.1153	200
4421	32.9642	7.78908	41.9519	200
4422	33.584	7.80717	41.8212	200
4423	36.2599	7.73698	41.7343	200
4424	35.5425	7.6887	41.6375	200
4425	34.767	7.66313	41.5302	200
4426	32.7655	7.69755	41.3932	200
4427	33.4279	7.70592	41.2688	200
4428	32.8174	7.72921	41.1367	200
4429	31.9371	7.77516	40.993	200
4430	29.8442	7.88059	40.8188	200
4431	29.4832	7.98856	40.6416	200
4432	28.2908	8.12488	40.4487	200
4433	26.6326	8.30273	40.2328	200
4434	26.2283	8.4809	40.014	200
4435	24.8454	8.68989	39.7769	200
4436	22.9633	8.94376	39.5142	200
4437	23.6781	9.15915	39.2668	200
4438	22.47	9.39783	39.0043	200
4439	20.7228	9.67544	38.7187	200
4440	21.9343	9.8976	38.4564	200
4441	22.1368	10.0983	38.2014	200
4442	24.8733	10.1992	37.9932	200
4443	25.877	10.2591	37.8039	200
4444	26.6742	10.2863	37.63	200
4445	27.5146	10.281	37.4719	200
4446	28.2775	10.247	37.3283	200
4447	28.6033	10.1995	37.1919	200
4448	29.1272	10.1328	37.0659	200
4449	29.4041	10.0555	36.9462	200
4450	29.8112	9.96427	36.8347	200
4451	29.1389	9.89338	36.7145	200
4452	28.9426	9.82708	36.593	200
4453	28.8794	9.76104	36.4725	200
4454	30.4304	9.64482	36.3781	200
4455	29.6746	9.56312	36.285	200
4456	28.1534	9.52335	36.1721	200
4457	31.0774	9.40033	36.1013	200
4458	32.2131	9.24722	36.0473	200
4459	30.1126	9.1552	35.9649	200
4460	28.9194	9.0966	35.867	200
4461	28.1881	9.05722	35.7604	200
4462	27.5279	9.03431	35.646	200
4463	27.3155	9.01476	35.5303	200
4464	27.489	8.98772	35.4186	200
4465	28.1762	8.93924	35.318	200
4466	28.9236	8.86855	35.2292	200
4467	29.6243	8.77789	35.1514	200
4468	31.0209	8.6488	35.094	200
4469	33.1297	8.46311	35.0667	200
4470	33.0366	8.28442	35.0385	200
4471	31.9591	8.13983	34.9958	200
4472	32.8217	7.97412	34.9656	200
4473	33.0392	7.80612	34.9388	200
4474	33.0452	7.64189	34.9125	200
4475	27.4347	7.63733	34.8087	200
4476	25.1108	7.69457	34.674	200
4477	23.8448	7.78164	34.5236	200
4478	18.1928	8.01911	34.2967	200
4479	20.9186	8.16798	34.1109	200
4480	20.9088	8.30781	33.9276	200
4481	23.1984	8.37507	33.7785	200
4482	25.2716	8.37873	33.6604	200
4483	24.3792	8.4038	33.5315	200
4484	24.6518	8.41702	33.4082	200
4485	24.1158	8.44134	33.2791	200
4486	24.0144	8.4642	33.1504	200
4487	23.5749	8.49507	33.0174	200
4488	29.1764	8.3658	32.9641	200
4489	30.1148	8.21256	32.9245	200
4490	32.6761	7.99133	32.9211	200
4491	33.3315	7.78075	32.9268	200
4492	33.3381	7.59651	32.9319	200
4493	33.2664	7.41496	32.9361	200
4494	33.3284	7.2394	32.941	200
4495	35.0174	7.11032	32.9669	200
4496	36.0014	7.00842	33.0049	200
4497	36.4393	6.91907	33.0478	200
4498	33.9412	6.76843	33.059	200
4499	36.9037	6.69534	33.107	200
4500	34.2131	6.55561	33.1208	200
4501	31.7453	6.4261	33.1037	200
4502	31.5909	6.30327	33.0847	200
4503	30.1437	6.21921	33.048	200
4504	28.5726	6.17561	32.992	200
4505	26.9433	6.17244	32.9164	200
4506	24.8334	6.2202	32.8154	200
4507	18.856	6.41368	32.6409	200
4508	18.2348	6.61349	32.4608	200
4509	15.2926	6.87736	32.2462	200
4510	18.8031	7.0415	32.0782	200
4511	20.4692	7.15569	31.9331	200
4512	21.51	7.23737	31.8028	200
4513	22.5246	7.28839	31.6868	200
4514	26.0084	7.24814	31.6158	200
4515	26.2819	7.20029	31.5491	200
4516	27.0765	7.13209	31.4932	200
4517	27.2907	7.05885	31.4407	200
4518	30.0472	6.91722	31.4233	200
4519	27.5734	6.84053	31.3752	200
4520	29.0384	6.72794	31.3459	200
4521	36.417	6.68652	31.4093	200
4522	39.4724	6.72093	31.5101	200
4523	40.6331	6.78098	31.6242	200
4524	41.1562	6.84976	31.7433	200
4525	42.3917	6.94472	31.8764	200
4526	43.5557	7.06308	32.0224	200
4527	50.3484	7.34466	32.2515	200
4528	49.7035	7.59734	32.4696	200
4529	52.6701	7.91242	32.7221	200
4530	53.2022	8.22661	32.9781	200
4531	52.0182	8.49694	33.2161	200
4532	52.4763	8.76602	33.4569	200
4533	50.9149	8.96356	33.6553	200
4534	49.397	9.11761	33.8342	200
4535	45.8136	9.18266	33.9703	200
4536	43.7534	9.1963	34.0815	200
4537	42.2705	9.17341	34.1745	200
4538	42.5717	9.15577	34.2699	200
4539	40.0332	9.07867	34.3354	200
4540	39.5317	8.99043	34.3945	200
4541	38.4202	8.87759	34.4402	200
4542	36.3637	8.71955	34.4621	200
4543	39.0307	8.62521	34.514	200
4544	39.3976	8.54017	34.5695	200
4545	40.1185	8.47219	34.6325	200
4546	40.1276	8.40453	34.695	200
4547	40.9618	8.35594	34.7662	200
4548	36.0798	8.19589	34.7811	200
4549	36.3712	8.04575	34.7992	200
4550	34.5668	7.86818	34.7966	200
4551	30.2712	7.79221	34.7451	200
4552	31.1771	7.6962	34.7046	200
4553	32.1446	7.57947	34.6755	200
4554	32.7835	7.45021	34.654	200
4555	33.5754	7.3054	34.6417	200
4556	33.8113	7.15824	34.6323	200
4557	35.3216	7.01122	34.6401	200
4558	35.8177	6.87864	34.6535	200
4559	37.1139	6.77822	34.6815	200
4560	35.9875	6.65385	34.6963	200
4561	37.9955	6.57761	34.7338	200
4562	46.6987	6.70005	34.8698	200
4563	48.1971	6.85067	35.0212	200
4564	42.729	6.87014	35.1088	200
4565	38.535	6.79187	35.1477	200
4566	37.4757	6.69042	35.1742	200
4567	38.1543	6.60609	35.2081	200
4568	37.4705	6.50737	35.2338	200
4569	37.1582	6.40322	35.2556	200
4570	36.5308	6.28667	35.2701	200
4571	36.6494	6.17514	35.2858	200
4572	36.0657	6.05252	35.2947	200
4573	36.9516	5.95262	35.3135	200
4574	36.3972	5.84196	35.3258	200
4575	45.5257	5.941	35.4417	200
4576	45.532	6.03531	35.5564	200
4577	46.9553	6.15721	35.6859	200
4578	48.5006	6.2959	35.8194	200
4579	48.8115	6.43541	35.9547	200
4580	48.1188	6.55475	36.0814	200
4581	48.7326	6.68176	36.2132	200
4582	47.714	6.78216	36.333	200
4583	48.6592	6.89766	36.4614	200
4584	48.2676	6.99992	36.5844	200
4585	41.854	6.96387	36.6393	200
4586	44.7468	6.98769	36.7237	200
4587	44.7905	7.01017	36.8078	200
4588	43.8387	7.01061	36.881	200
4589	44.3257	7.01965	36.9585	200
4590	42.6696	6.99239	37.018	200
4591	42.7619	6.96638	37.0779	200
4592	42.3289	6.93064	37.1326	200
4593	44.2097	6.93369	37.2063	200
4594	46.0728	6.97396	37.2986	200
4595	53.8148	7.17275	37.4707	200
4596	53.867	7.36491	37.6415	200
4597	53.7928	7.54796	37.8097	200
4598	43.8418	7.51638	37.8726	200
4599	43.9026	7.48541	37.9354	200
4600	43.1704	7.43853	37.9899	200
4601	43.8682	7.40602	38.0511	200
4602	44.6714	7.38965	38.1201	200
4603	46.505	7.41038	38.2074	200
4604	46.4165	7.42702	38.2929	200
4605	46.7252	7.44796	38.3808	200
4606	46.9387	7.47109	38.4699	200
4607	45.3659	7.4591	38.5418	200
4608	43.8893	7.41511	38.5975	200
4609	48.3095	7.46296	38.6986	200
4610	43.8738	7.4153	38.7525	200
4611	45.4729	7.40082	38.8225	200
4612	45.5937	7.3877	38.8931	200
4613	45.7815	7.3773	38.9648	200
4614	46.0591	7.37141	39.0387	200
4615	45.9793	7.36243	39.111	200
4616	45.828	7.34898	39.181	200
4617	43.8173	7.29247	39.2293	200
4618	42.0926	7.20019	39.2591	200
4619	33.9724	7.16033	39.204	200
4620	33.353	7.13305	39.1431	200
4621	33.5772	7.1004	39.0851	200
4622	34.2672	7.05285	39.0349	200
4623	34.9995	6.98998	38.9929	200
4624	35.0545	6.92641	38.9519	200
4625	34.9585	6.86531	38.9103	200
4626	35.7722	6.78765	38.8776	200
4627	33.8019	6.75473	38.8288	200
4628	32.7879	6.741	38.7707	200
4629	36.1443	6.66188	38.7454	200
4630	35.2725	6.60055	38.712	200
4631	34.7988	6.54887	38.6744	200
4632	35.9632	6.47507	38.6483	200
4633	36.7731	6.38661	38.6303	200
4634	32.0127	6.39105	38.5667	200
4635	33.9261	6.35739	38.5221	200
4636	32.6844	6.34739	38.4659	200
4637	32.4423	6.34116	38.408	200
4638	32.9612	6.32397	38.3556	200
4639	33.266	6.30023	38.3067	200
4640	33.634	6.26893	38.2618	200
4641	33.0641	6.24833	38.2118	200
4642	32.5114	6.23779	38.157	200
4643	32.9838	6.21732	38.1072	200
4644	46.19	6.25319	38.1849	200
4645	46.8544	6.29966	38.2683	200
4646	47.358	6.35331	38.3557	200
4647	47.674	6.41033	38.4453	200
4648	47.362	6.45853	38.531	200
4649	47.4266	6.5054	38.6166	200
4650	48.4151	6.56872	38.7108	200
4651	49.022	6.6407	38.8099	200
4652	50.6322	6.74034	38.9236	200
4653	50.6555	6.83633	39.0364	200
4654	49.704	6.91001	39.139	200
4655	45.6845	6.903	39.2019	200
4656	45.6273	6.89381	39.2637	200
4657	46.4117	6.8987	39.3324	200
4658	49.0079	6.9521	39.4255	200
4659	48.2345	6.98781	39.5102	200
4660	46.4037	6.98599	39.5765	200
4661	45.5596	6.96671	39.634	200
4662	45.8534	6.95233	39.6938	200
4663	46.3267	6.94619	39.7576	200
4664	48.6184	6.98301	39.8428	200
4665	48.3254	7.01185	39.9243	200
4666	49.5039	7.06123	40.0164	200
4667	49.5163	7.10812	40.1078	200
4668	49.3871	7.14987	40.197	200
4669	48.9289	7.1803	40.281	200
4670	35.719	7.12994	40.2371	200
4671	35.4203	7.08546	40.1908	200
4672	34.6159	7.05641	40.1372	200
4673	34.3817	7.03139	40.0818	200
4674	34.9469	6.99492	40.0325	200
4675	37.4727	6.90963	40.0079	200
4676	37.339	6.82808	39.9822	200
4677	36.663	6.7606	39.9503	200
4678	36.4312	6.69826	39.9164	200
4679	39.2174	6.58289	39.9097	200
4680	44.9021	6.55449	39.9543	200
4681	45.964	6.54476	40.0079	200
4682	46.6428	6.54637	40.0672	200
4683	47.3899	6.56023	40.1326	200
4684	47.2512	6.5702	40.1961	200
4685	43.4614	6.51118	40.2253	200
4686	43.5653	6.45455	40.2551	200
4687	43.479	6.39686	40.2839	200
4688	42.4546	6.32139	40.3033	200
4689	42.3793	6.24558	40.3218	200
4690	41.8727	6.16175	40.3356	200
4691	38.3917	6.08643	40.3183	200
4692	38.3404	6.01306	40.3006	200
4693	43.1866	5.95722	40.3264	200
4694	43.712	5.9113	40.3566	200
4695	44.405	5.87803	40.3928	200
4696	45.1953	5.85883	40.4357	200
4697	45.5837	5.84613	40.4816	200
4698	45.2609	5.82708	40.5243	200
4699	46.1171	5.8229	40.5742	200
4700	46.0563	5.81681	40.6232	200
4701	45.0453	5.79191	40.6627	200
4702	43.738	5.7434	40.6901	200
4703	43.5884	5.69259	40.716	200
4704	44.2195	5.6535	40.7473	200
4705	43.3475	5.59898	40.7705	200
4706	43.1856	5.54212	40.792	200
4707	44.9134	5.51675	40.8288	200
4708	40.3776	5.42629	40.8248	200
4709	39.3955	5.35492	40.8121	200
4710	39.6552	5.27995	40.8017	200
4711	39.5491	5.20803	40.7905	200
4712	40.4604	5.12093	40.7876	200
4713	41.4012	5.04044	40.7931	200
4714	41.4617	4.96237	40.799	200
4715	41.4039	4.88456	40.8044	200
4716	41.6899	4.81314	40.8123	200
4717	41.4372	4.73835	40.8179	200
4718	41.3935	4.66402	40.8231	200
4719	41.3802	4.59068	40.828	200
4720	42.1996	4.53319	40.8403	200
4721	44.2929	4.5139	40.8711	200
4722	44.8225	4.50385	40.9064	200
4723	44.8065	4.49307	40.9412	200
4724	46.4156	4.51059	40.9901	200
4725	46.6109	4.53042	41.0403	200
4726	47.652	4.56758	41.0993	200
4727	47.6025	4.60215	41.1574	200
4728	47.6833	4.6365	41.2156	200
4729	48.8749	4.69048	41.284	200
4730	49.2041	4.74815	41.3547	200
4731	49.4317	4.80759	41.4268	200
4732	48.854	4.85437	41.4932	200
4733	49.6639	4.91359	41.5661	200
4734	49.0136	4.95884	41.6326	200
4735	47.938	4.98288	41.6889	200
4736	48.6351	5.01794	41.7509	200
4737	50.3444	5.07753	41.8225	200
4738	50.1235	5.13126	41.8917	200
4739	50.2747	5.18545	41.9616	200
4740	49.592	5.2262	42.0252	200
4741	48.5279	5.24748	42.0793	200
4742	47.8216	5.25572	42.1272	200
4743	47.219	5.25299	42.1696	200
4744	47.1291	5.2481	42.211	200
4745	46.8518	5.23798	42.2496	200
4746	49.2702	5.26769	42.3081	200
4747	49.2012	5.29477	42.3656	200
4748	49.9768	5.33338	42.429	200
4749	49.2557	5.35827	42.4859	200
4750	47.4452	5.35162	42.5272	200
4751	46.4403	5.32764	42.5598	200
4752	47.277	5.31747	42.5991	200
4753	44.6303	5.2627	42.6161	200
4754	44.7233	5.2101	42.6336	200
4755	43.9693	5.14553	42.6447	200
4756	43.047	5.06647	42.6481	200
4757	42.7176	4.98319	42.6487	200
4758	41.6052	4.91753	42.64	200
4759	40.1628	4.87685	42.6193	200
4760	41.8946	4.80765	42.6133	200
4761	42.1714	4.73489	42.6096	200
4762	41.5128	4.67425	42.6005	200
4763	41.6038	4.61296	42.5922	200
4764	41.606	4.55251	42.584	200
4765	43.3406	4.48925	42.5903	200
4766	44.7908	4.4511	42.6086	200
4767	46.6702	4.44461	42.6424	200
4768	47.4989	4.45147	42.6829	200
4769	54.1449	4.56831	42.7784	200
4770	54.8829	4.69392	42.8793	200
4771	56.7173	4.84632	42.9946	200
4772	57.5052	5.00739	43.1155	200
4773	58.4499	5.1795	43.2433	200
4774	58.7441	5.35152	43.3725	200
4775	58.5897	5.51595	43.4993	200
4776	58.5325	5.67457	43.6246	200
4777	58.0356	5.82018	43.7447	200
4778	57.13	5.94627	43.8562	200
4779	58.7468	6.09534	43.9803	200
4780	61.4909	6.28559	44.1262	200
4781	60.9244	6.4608	44.2662	200
4782	58.9752	6.59827	44.3888	200
4783	59.2428	6.73587	44.5126	200
4784	58.3267	6.85384	44.6277	200
4785	57.625	6.95623	44.736	200
4786	57.271	7.04921	44.8404	200
4787	56.6804	7.12905	44.9391	200
4788	56.5926	7.20446	45.0362	200
4789	56.3889	7.27359	45.1308	200
4790	54.552	7.30939	45.2093	200
4791	53.8162	7.33101	45.2811	200
4792	54.7234	7.3662	45.3598	200
4793	53.3345	7.37634	45.4262	200
4794	54.1942	7.39954	45.4993	200
4795	55.0932	7.43611	45.5792	200
4796	57.2192	7.50617	45.6762	200
4797	57.722	7.58183	45.7766	200
4798	66.1602	7.78186	45.9358	200
4799	65.1459	7.96042	46.0859	200
4800	60.8629	8.06693	46.2014	200
4801	62.1862	8.19065	46.3263	200
4802	62.1657	8.31016	46.45	200
4803	61.459	8.41483	46.5673	200
4804	63.2214	8.54357	46.6974	200
4805	62.8519	8.66249	46.8236	200
4806	62.9218	8.77867	46.9493	200
4807	60.8163	8.85818	47.0577	200
4808	61.3565	8.94319	47.1694	200
4809	61.4105	9.02596	47.2806	200
4810	59.8935	9.08201	47.3792	200
4811	60.4394	9.14417	47.4812	200
4812	60.9101	9.21112	47.5861	200
4813	61.5792	9.28584	47.6954	200
4814	62.608	9.37375	47.8119	200
4815	62.4964	9.45673	47.9267	200
4816	63.0851	9.54582	48.0451	200
4817	64.4465	9.65294	48.1732	200
4818	66.6096	9.79018	48.3173	200
4819	67.2825	9.93354	48.4654	200
4820	67.2413	10.0717	48.6121	200
4821	67.43	10.2084	48.7591	200
4822	70.6689	10.3912	48.9303	200
4823	75.0939	10.6376	49.1347	200
4824	79.019	10.9384	49.3682	200
4825	79.8637	11.2439	49.6064	200
4826	79.8407	11.5407	49.8426	200
4827	77.5338	11.793	50.059	200
4828	77.7302	12.0411	50.2751	200
4829	79.1282	12.3038	50.5006	200
4830	69.1942	12.4036	50.6466	200
4831	71.2281	12.5314	50.8074	200
4832	67.8749	12.6023	50.9407	200
4833	65.2686	12.6293	51.0527	200
4834	62.8561	12.6164	51.1449	200
4835	62.7583	12.6007	51.2356	200
4836	59.5757	12.5341	51.3008	200
4837	59.7629	12.4705	51.3669	200
4838	59.7493	12.4066	51.4324	200
4839	59.9269	12.3455	51.4987	200
4840	59.7179	12.281	51.5629	200
4841	61.0767	12.2378	51.6373	200
4842	60.7522	12.189	51.7085	200
4843	62.679	12.1699	51.7942	200
4844	63.7034	12.1659	51.8872	200
4845	64.8948	12.179	51.9888	200
4846	65.1934	12.195	52.092	200
4847	66.2266	12.2253	52.2024	200
4848	69.1755	12.2995	52.335	200
4849	68.3873	12.3582	52.4604	200
4850	67.1369	12.3944	52.5751	200
4851	67.1086	12.4278	52.6886	200
4852	68.9722	12.488	52.8159	200
4853	68.392	12.5363	52.9375	200
4854	66.8963	12.5585	53.0466	200
4855	61.6068	12.4961	53.1135	200
4856	59.0111	12.393	53.1595	200
4857	58.8109	12.2876	53.2037	200
4858	56.8753	12.144	53.2343	200
4859	57.0544	12.0053	53.2661	200
4860	59.5629	11.9033	53.3223	200
4861	58.9444	11.7912	53.3725	200
4862	60.3453	11.6985	53.4396	200
4863	57.3402	11.5486	53.4771	200
4864	63.1236	11.5089	53.5776	200
4865	63.9773	11.4858	53.6859	200
4866	64.4421	11.4692	53.8081	200
4867	64.7984	11.4584	53.933	200
4868	64.9342	11.4469	54.0705	200
4869	65.3403	11.4425	54.2114	200
4870	65.337	11.4337	54.3659	200
4871	65.719	11.4314	54.5236	200
4872	65.4028	11.4142	54.6936	200
4873	65.4041	11.3922	54.861	200
4874	64.0596	11.3236	55.0047	200
4875	64.2946	11.2601	55.1498	200
4876	57.2675	11.0061	55.1792	200
4877	60.3366	10.8437	55.2509	200
4878	59.3775	10.6571	55.3082	200
4879	58.7049	10.4554	55.3554	200
4880	59.3996	10.2773	55.4115	200
4881	56.9026	10.0333	55.4322	200
4882	57.5338	9.81293	55.4614	200
4883	56.7951	9.57739	55.48	200
4884	57.5451	9.36872	55.5086	200
4885	59.2134	9.21139	55.5601	200
4886	60.1157	9.08206	55.6234	200
4887	59.3952	8.93455	55.6757	200
4888	60.2839	8.81437	55.7397	200
4889	43.7388	8.90289	55.5731	200
4890	43.3266	8.99577	55.403	200
4891	43.0573	9.08882	55.2315	200
4892	42.9416	9.17774	55.0608	200
4893	43.4911	9.24418	54.9001	200
4894	41.7682	9.35217	54.7177	200
4895	37.6298	9.56705	54.4804	200
4896	38.0065	9.75891	54.2516	200
4897	37.3338	9.95777	54.0166	200
4898	35.9967	10.1817	53.7664	200
4899	35.27	10.4127	53.5095	200
4900	38.7782	10.5326	53.3049	200
4901	41.7077	10.5622	53.1438	200
4902	41.6139	10.5891	52.9836	200
4903	38.9209	10.6856	52.7883	200
4904	38.3155	10.7908	52.5873	200
4905	38.9336	10.8703	52.3977	200
4906	38.9415	10.9421	52.2108	200
4907	48.2277	10.7488	52.1555	200
4908	48.8896	10.541	52.1101	200
4909	49.7043	10.315	52.0767	200
4910	51.4	10.0473	52.0673	200
4911	51.4899	9.78421	52.0593	200
4912	52.2467	9.51763	52.0619	200
4913	49.4544	9.34488	52.0293	200
4914	49.1898	9.18224	51.9938	200
4915	48.2906	9.04526	51.9475	200
4916	48.5014	8.90528	51.9044	200
4917	48.26	8.77376	51.8589	200
4918	48.4264	8.64023	51.816	200
4919	44.7355	8.60124	51.7275	200
4920	41.7084	8.63668	51.6022	200
4921	40.5922	8.69601	51.4646	200
4922	41.0077	8.74004	51.3339	200
4923	42.1927	8.75006	51.2196	200
4924	42.5187	8.74883	51.1109	200
4925	43.7624	8.71382	51.019	200
4926	45.304	8.63885	50.9476	200
4927	45.2964	8.56416	50.8769	200
4928	46.2147	8.46661	50.8186	200
4929	44.5175	8.41248	50.7399	200
4930	44.6249	8.35504	50.6634	200
4931	44.4915	8.30046	50.5863	200
4932	45.2971	8.22518	50.5202	200
4933	45.2513	8.15127	50.4543	200
4934	45.465	8.07222	50.3919	200
4935	45.0947	8.00285	50.3257	200
4936	44.8387	7.93995	50.2571	200
4937	45.3347	7.86451	50.1956	200
4938	45.1097	7.79505	50.132	200
4939	45.6389	7.7125	50.0759	200
4940	48.6746	7.55472	50.0584	200
4941	50.4653	7.37602	50.0634	200
4942	49.4923	7.2059	50.0563	200
4943	47.7207	7.08414	50.0271	200
4944	46.0685	7.006	49.9776	200
4945	45.0489	6.95407	49.916	200
4946	39.2864	7.04596	49.7831	200
4947	41.2891	7.08216	49.677	200
4948	44.6413	7.031	49.614	200
4949	45.9973	6.94564	49.5688	200
4950	45.9018	6.86367	49.523	200
4951	45.9924	6.77109	49.4739	200
4952	45.9148	6.68187	49.4245	200
4953	46.5401	6.5632	49.3794	200
4954	46.5147	6.44762	49.3347	200
4955	46.3033	6.32561	49.2805	200
4956	46.6812	6.19253	49.2341	200
4957	46.805	6.03572	49.1835	200
4958	46.4987	5.8961	49.1276	200
4959	46.7007	5.72264	49.0669	200
4960	45.5301	5.61334	48.9785	200
4961	42.5541	5.65389	48.8179	200
4962	40.7947	5.75261	48.6507	200
4963	40.3451	5.85899	48.4777	200
4964	40.9437	5.92878	48.3207	200
4965	42.7171	5.91523	48.204	200
4966	41.604	5.94376	48.0665	200
4967	36.952	6.15921	47.8349	200
4968	41.2467	6.17709	47.6977	200
4969	59.9485	6.43016	47.9529	200
4970	59.9466	6.66197	48.2028	200
4971	60.0404	6.87763	48.4494	200
4972	60.1174	7.07723	48.6925	200
4973	60.8264	7.28792	48.9453	200
4974	61.1792	7.49401	49.2001	200
4975	62.1972	7.7233	49.4709	200
4976	62.803	7.957	49.7487	200
4977	63.1823	8.18519	50.0285	200
4978	64.0118	8.42678	50.3198	200
4979	58.2497	8.40607	50.485	200
4980	70.0328	8.87031	50.8923	200
4981	60.82	8.91437	51.0991	200
4982	54.2224	8.67307	51.1642	200
4983	54.8876	8.46683	51.2418	200
4984	56.3043	8.32498	51.3472	200
4985	56.9763	8.21265	51.4645	200
4986	58.9936	8.18417	51.6214	200
4987	58.1086	8.12356	51.7372	200
4988	57.3835	8.03509	51.838	200
4989	58.3936	7.98225	51.9551	200
4990	56.6545	7.86501	52.039	200
4991	56.4831	7.74283	52.1184	200
4992	54.2325	7.5418	52.1561	200
4993	52.2386	7.2754	52.1576	200
4994	42.839	7.34837	51.9912	200
4995	42.8834	7.4112	51.8285	200
4996	42.4022	7.48317	51.6602	200
4997	40.8449	7.60217	51.4671	200
4998	41.8381	7.67456	51.2951	200
4999	42.0148	7.73191	51.1294	200
5000	44.0852	7.70735	51.0036	200
5001	44.3802	7.66863	50.8853	200
5002	45.546	7.58545	50.79	200
5003	45.4825	7.50409	50.6952	200
5004	46.5068	7.38567	50.6204	200
5005	46.5289	7.26803	50.5474	200
5006	42.6522	7.29042	50.4064	200
5007	47.9275	7.11859	50.3621	200
5008	45.2491	7.04696	50.2708	200
5009	43.4237	7.03982	50.1485	200
5010	44.2433	6.99929	50.0431	200
5011	44.5671	6.94489	49.9453	200
5012	44.4903	6.89168	49.8479	200
5013	43.025	6.88922	49.7261	200
5014	41.9348	6.92143	49.5869	200
5015	42.3206	6.93375	49.4572	200
5016	42.8388	6.9239	49.3538	200
5017	42.6058	6.9184	49.2483	200
5018	41.7506	6.9365	49.1312	200
5019	41.2449	6.96618	49.0079	200
5020	41.0671	6.99664	48.8839	200
5021	43.2421	6.9543	48.7957	200
5022	45.1953	6.84949	48.7395	200
5023	43.7995	6.78982	48.6623	200
5024	43.8367	6.72844	48.5869	200
5025	42.8489	6.69748	48.4972	200
5026	42.669	6.67032	48.4061	200
5027	41.4431	6.67946	48.2973	200
5028	42.0269	6.66668	48.1994	200
5029	42.4551	6.63786	48.1096	200
5030	42.7597	6.59761	48.026	200
5031	44.3097	6.50757	47.968	200
5032	45.142	6.39251	47.9238	200
5033	44.8349	6.28927	47.8755	200
5034	46.234	6.14403	47.8499	200
5035	45.9852	6.0103	47.8207	200
5036	47.0521	5.8465	47.8087	200
5037	46.8808	5.69279	47.7942	200
5038	45.6332	5.58243	47.7605	200
5039	44.8965	5.49747	47.7157	200
5040	45.4275	5.39718	47.68	200
5041	45.8959	5.28427	47.6521	200
5042	46.4004	5.15825	47.6325	200
5043	46.0567	5.0463	47.6079	200
5044	46.4304	4.9254	47.5895	200
5045	46.8355	4.79505	47.5777	200
5046	46.8001	4.6695	47.5656	200
5047	46.3554	4.5614	47.5467	200
5048	47.3608	4.42466	47.5438	200
5049	45.7785	4.35079	47.5192	200
5050	46.7812	4.25043	47.509	200
5051	45.1278	4.19851	47.4759	200
5052	44.4642	4.16554	47.4341	200
5053	43.3778	4.16251	47.3778	200
5054	44.7368	4.12024	47.3411	200
5055	43.8757	4.10205	47.2929	200
5056	44.272	4.07202	47.251	200
5057	45.2846	4.01353	47.2237	200
5058	44.7608	3.97045	47.1895	200
5059	44.7302	3.92848	47.1553	200
5060	44.8744	3.88271	47.1236	200
5061	44.85	3.83801	47.0921	200
5062	44.6832	3.79831	47.0586	200
5063	44.7549	3.7568	47.0266	200
5064	45.6686	3.69016	47.0077	200
5065	45.0751	3.64134	46.9809	200
5066	46.4696	3.5544	46.9738	200
5067	47.5962	3.47295	46.9824	200
5068	46.4916	3.39011	46.9756	200
5069	46.1799	3.31805	46.9646	200
5070	47.1248	3.23033	46.9668	200
5071	46.4708	3.15438	46.9599	200
5072	46.7345	3.07302	46.9568	200
5073	46.1012	3.01142	46.9449	200
5074	46.1392	2.95015	46.9337	200
5075	45.908	2.89669	46.9195	200
5076	46.7645	2.82053	46.9173	200
5077	46.8955	2.74279	46.917	200
5078	47.3906	2.67975	46.9236	200
5079	47.0972	2.61014	46.926	200
5080	46.8799	2.53891	46.9253	200
5081	47.4709	2.48354	46.9329	200
5082	47.4693	2.42945	46.9404	200
5083	47.8882	2.3883	46.9535	200
5084	47.6428	2.3411	46.9631	200
5085	48.8009	2.32712	46.9886	200
5086	47.7418	2.28777	46.998	200
5087	48.9349	2.279	47.0223	200
5088	47.6455	2.2376	47.03	200
5089	47.4097	2.19115	47.0348	200
5090	47.632	2.1513	47.0423	200
5091	49.2121	2.15177	47.0694	200
5092	46.3983	2.11475	47.061	200
5093	47.8193	2.08084	47.0705	200
5094	48.762	2.07111	47.0916	200
5095	48.4838	2.05413	47.109	200
5096	48.8372	2.04598	47.1306	200
5097	49.9922	2.06637	47.1664	200
5098	49.9944	2.08541	47.2017	200
5099	49.3667	2.0874	47.2288	200
5100	49.3346	2.08786	47.2551	200
5101	49.6552	2.09566	47.2851	200
5102	50.3133	2.11898	47.323	200
5103	50.6887	2.15015	47.365	200
5104	49.8134	2.1576	47.3956	200
5105	50.8336	2.18961	47.4386	200
5106	51.6455	2.24004	47.4912	200
5107	49.9801	2.24626	47.5223	200
5108	51.0252	2.27768	47.5661	200
5109	51.0528	2.3079	47.6097	200
5110	51.0148	2.33533	47.6522	200
5111	49.9453	2.33428	47.6809	200
5112	43.7995	2.37295	47.6324	200
5113	46.0626	2.35287	47.6128	200
5114	47.1046	2.30675	47.6064	200
5115	48.0309	2.2597	47.6117	200
5116	49.8922	2.26022	47.6402	200
5117	50.1743	2.26706	47.6719	200
5118	50.3659	2.27774	47.7056	200
5119	51.4398	2.31415	47.7523	200
5120	52.4828	2.37456	47.8114	200
5121	50.8126	2.39022	47.8489	200
5122	50.0698	2.38599	47.8767	200
5123	49.1897	2.35916	47.8931	200
5124	50.2387	2.35882	47.9224	200
5125	50.5697	2.36604	47.9555	200
5126	52.2284	2.41371	48.0089	200
5127	52.0811	2.4514	48.0552	200
5128	52.8295	2.50419	48.1094	200
5129	52.8692	2.55546	48.1635	200
5130	52.1925	2.58894	48.2093	200
5131	52.1576	2.61984	48.2542	200
5132	53.0136	2.66847	48.3082	200
5133	51.2747	2.67524	48.342	200
5134	47.82	2.6263	48.336	200
5135	47.9147	2.57619	48.3312	200
5136	47.9036	2.52736	48.3264	200
5137	50.488	2.51905	48.3509	200
5138	51.361	2.53021	48.3851	200
5139	53.805	2.59588	48.4467	200
5140	55.5631	2.69862	48.5276	200
5141	54.3252	2.76905	48.5935	200
5142	54.7729	2.84655	48.6637	200
5143	54.6571	2.91807	48.7318	200
5144	54.8693	2.99124	48.8015	200
5145	55.0538	3.06535	48.8726	200
5146	55.2364	3.14032	48.9449	200
5147	54.7844	3.20166	49.0113	200
5148	56.3341	3.29533	49.0945	200
5149	56.2163	3.38229	49.1754	200
5150	56.1391	3.46369	49.2545	200
5151	55.5026	3.52697	49.3255	200
5152	55.5102	3.58737	49.3958	200
5153	56.4091	3.66523	49.4755	200
5154	51.5438	3.62893	49.499	200
5155	43.2807	3.68778	49.4284	200
5156	43.4229	3.74046	49.3601	200
5157	40.5979	3.85459	49.2605	200
5158	40.6826	3.96194	49.1631	200
5159	40.225	4.07503	49.0615	200
5160	43.6955	4.10437	49.0005	200
5161	44.4084	4.11546	48.9483	200
5162	43.6616	4.14208	48.8883	200
5163	44.6535	4.14418	48.8401	200
5164	43.5885	4.16935	48.7805	200
5165	43.5958	4.19243	48.7215	200
5166	43.4849	4.21616	48.662	200
5167	43.3859	4.24025	48.6021	200
5168	43.2396	4.26575	48.5411	200
5169	43.4128	4.28536	48.4829	200
5170	43.954	4.29089	48.4314	200
5171	45.2714	4.26519	48.3955	200
5172	45.5924	4.23473	48.3663	200
5173	45.0609	4.21536	48.3319	200
5174	45.1058	4.19475	48.2983	200
5175	45.2337	4.17121	48.2663	200
5176	44.2988	4.16696	48.225	200
5177	44.1497	4.16505	48.1825	200
5178	44.4989	4.15502	48.1442	200
5179	44.3858	4.14676	48.105	200
5180	44.4799	4.13589	48.0673	200
5181	43.6856	4.14101	48.0216	200
5182	43.0868	4.15755	47.9702	200
5183	47.5905	4.07884	47.9663	200
5184	48.5074	4.00514	47.9719	200
5185	47.0857	3.94016	47.9627	200
5186	45.9687	3.89961	47.9419	200
5187	46.3131	3.8523	47.9249	200
5188	46.3837	3.80416	47.9089	200
5189	46.2781	3.75888	47.8919	200
5190	45.6923	3.72639	47.869	200
5191	45.031	3.70788	47.8394	200
5192	45.0808	3.68811	47.8107	200
5193	45.3099	3.66337	47.7846	200
5194	45.7734	3.62895	47.7637	200
5195	47.2398	3.56426	47.7582	200
5196	47.3063	3.49942	47.7535	200
5197	47.8119	3.42773	47.7541	200
5198	47.9559	3.36052	47.7562	200
5199	47.8309	3.29207	47.757	200
5200	48.6968	3.24306	47.7668	200
5201	49.6883	3.21553	47.7868	200
5202	47.7461	3.14939	47.7864	200
5203	48.4953	3.09854	47.7938	200
5204	49.1575	3.0624	47.808	200
5205	48.4825	3.01266	47.815	200
5206	49.1551	2.97781	47.829	200
5207	45.5577	2.96309	47.8053	200
5208	47.5189	2.90732	47.8023	200
5209	48.0211	2.85131	47.8046	200
5210	47.7351	2.79336	47.8039	200
5211	50.0657	2.78228	47.8274	200
5212	50.0596	2.77082	47.8507	200
5213	50.0861	2.75967	47.874	200
5214	49.9669	2.74578	47.8958	200
5215	49.8524	2.72933	47.9161	200
5216	49.2565	2.7004	47.9301	200
5217	48.2697	2.65121	47.9336	200
5218	47.8453	2.59782	47.9327	200
5219	47.7716	2.54706	47.931	200
5220	49.3833	2.52425	47.9462	200
5221	49.3035	2.50181	47.9592	200
5222	49.2168	2.47788	47.9713	200
5223	49.453	2.45872	47.9856	200
5224	50.1113	2.45232	48.006	200
5225	49.4119	2.43219	48.0195	200
5226	49.0022	2.40432	48.029	200
5227	49.1848	2.38031	48.0401	200
5228	48.1193	2.33606	48.0408	200
5229	47.5013	2.30151	48.0356	200
5230	48.1596	2.25963	48.0368	200
5231	48.8544	2.2319	48.0447	200
5232	44.3486	2.26005	48.0092	200
5233	44.494	2.2862	47.9725	200
5234	43.7696	2.32613	47.9288	200
5235	44.7001	2.34664	47.8921	200
5236	42.479	2.41634	47.8306	200
5237	42.5883	2.48698	47.765	200
5238	42.5633	2.55485	47.7	200
5239	42.5672	2.62646	47.6287	200
5240	42.6112	2.69288	47.559	200
5241	42.5472	2.76534	47.4807	200
5242	41.9264	2.8525	47.3939	200
5243	41.2268	2.97088	47.2838	200
5244	40.579	3.10423	47.1641	200
5245	40.5242	3.2305	47.0455	200
5246	41.6528	3.30773	46.9492	200
5247	41.6961	3.3772	46.8554	200
5248	41.92	3.43285	46.7673	200
5249	42.578	3.45987	46.6925	200
5250	42.8088	3.475	46.6231	200
5251	43.4025	3.46591	46.5656	200
5252	43.5936	3.44828	46.5125	200
5253	44.6708	3.3909	46.4796	200
5254	44.375	3.34496	46.4421	200
5255	43.5483	3.32885	46.3904	200
5256	43.629	3.30858	46.3411	200
5257	44.76	3.24688	46.3128	200
5258	37.8292	3.43391	46.1613	200
5259	36.7444	3.64759	45.9932	200
5260	36.1112	3.87025	45.8167	200
5261	35.1219	4.11398	45.6257	200
5262	33.9839	4.38283	45.4178	200
5263	34.1353	4.62925	45.2164	200
5264	34.4894	4.84702	45.0248	200
5265	34.4413	5.0519	44.8358	200
5266	36.4225	5.17195	44.6856	200
5267	35.8921	5.30129	44.5286	200
5268	36.3092	5.40551	44.3818	200
5269	36.32	5.50037	44.2378	200
5270	37.0261	5.56149	44.109	200
5271	37.0824	5.61382	43.9836	200
5272	37.9806	5.62771	43.8764	200
5273	31.3548	5.84315	43.6807	200
5274	32.3213	6.01553	43.5032	200
5275	33.0863	6.15307	43.3405	200
5276	34.0836	6.25007	43.1958	200
5277	35.9177	6.28219	43.0821	200
5278	38.6994	6.22283	43.0136	200
5279	37.4528	6.20214	42.9267	200
5280	37.0504	6.19196	42.8349	200
5281	34.7608	6.25078	42.7088	200
5282	34.6479	6.30734	42.5828	200
5283	34.1816	6.37277	42.4515	200
5284	34.9357	6.40849	42.3341	200
5285	33.6268	6.48033	42.1981	200
5286	40.3333	6.33609	42.1689	200
5287	41.4236	6.16138	42.1573	200
5288	42.5881	5.9823	42.164	200
5289	49.9602	6.03899	42.2858	200
5290	48.9459	6.05839	42.3899	200
5291	48.8651	6.07142	42.4911	200
5292	48.8212	6.07951	42.59	200
5293	47.9254	6.05625	42.6733	200
5294	48.6724	6.05447	42.7671	200
5295	53.4808	6.20007	42.9345	200
5296	53.9042	6.34912	43.1059	200
5297	53.4085	6.47267	43.2668	200
5298	52.7184	6.56575	43.4145	200
5299	52.6874	6.65035	43.5594	200
5300	52.0485	6.70781	43.6921	200
5301	51.9394	6.75592	43.8209	200
5302	54.8211	6.88856	43.9928	200
5303	56.4697	7.06319	44.1877	200
5304	56.6958	7.23334	44.3832	200
5305	58.007	7.43304	44.5961	200
5306	59.5703	7.64252	44.804	200
5307	60.1345	7.85607	45.017	200
5308	60.0021	8.0541	45.2251	200
5309	59.0791	8.21521	45.4175	200
5310	59.2603	8.37153	45.6098	200
5311	55.9517	8.42627	45.7534	200
5312	51.1614	8.34243	45.8285	200
5313	51.1496	8.2585	45.9024	200
5314	51.9053	8.19585	45.9858	200
5315	52.7639	8.15646	46.0799	200
5316	53.3304	8.1313	46.1806	200
5317	53.9147	8.12026	46.288	200
5318	54.6679	8.12747	46.4044	200
5319	49.7115	7.99357	46.4504	200
5320	48.3344	7.82386	46.4765	200
5321	48.0617	7.65057	46.4985	200
5322	48.228	7.48609	46.5226	200
5323	49.5403	7.36197	46.5645	200
5324	48.0661	7.19918	46.5853	200
5325	50.1614	7.09854	46.635	200
5326	49.9516	6.99348	46.6811	200
5327	50.5833	6.90762	46.7353	200
5328	52.5731	6.8779	46.8163	200
5329	51.1567	6.80741	46.8766	200
5330	51.8008	6.7551	46.945	200
5331	51.816	6.70276	47.0127	200
5332	51.7381	6.64784	47.0783	200
5333	51.479	6.58542	47.1394	200
5334	51.7328	6.53008	47.2032	200
5335	51.7149	6.47401	47.2659	200
5336	51.5351	6.41277	47.3252	200
5337	48.3428	6.2629	47.3393	200
5338	46.6593	6.10782	47.3299	200
5339	46.3917	5.96422	47.3168	200
5340	46.3648	5.825	47.3036	200
5341	48.8102	5.70504	47.3245	200
5342	48.9346	5.60266	47.3447	200
5343	51.6454	5.57012	47.3984	200
5344	52.1416	5.54944	47.4577	200
5345	52.5393	5.53775	47.5212	200
5346	53.2493	5.54251	47.5928	200
5347	50.9703	5.48838	47.635	200
5348	51.1523	5.4391	47.679	200
5349	50.338	5.3696	47.7122	200
5350	50.0386	5.29352	47.7413	200
5351	49.836	5.21354	47.7675	200
5352	50.0687	5.14074	47.7963	200
5353	49.2698	5.04905	47.8147	200
5354	50.0538	4.9788	47.8427	200
5355	49.8882	4.90547	47.8682	200
5356	49.4599	4.82263	47.8881	200
5357	49.8132	4.75019	47.9122	200
5358	49.4343	4.66948	47.9312	200
5359	49.9875	4.60415	47.9569	200
5360	48.0885	4.49234	47.9586	200
5361	49.2705	4.41283	47.975	200
5362	49.7302	4.34639	47.9969	200
5363	54.0935	4.39014	48.0731	200
5364	50.9174	4.35149	48.1087	200
5365	50.0393	4.29097	48.1328	200
5366	48.7504	4.19914	48.1405	200
5367	47.6693	4.10594	48.1346	200
5368	48.8899	4.02217	48.1441	200
5369	49.6755	3.9599	48.1632	200
5370	49.9968	3.90674	48.1861	200
5371	50.086	3.85657	48.2099	200
5372	50.1314	3.80819	48.2339	200
5373	50.6623	3.7737	48.2643	200
5374	49.3515	3.70654	48.2779	200
5375	49.2987	3.6394	48.2906	200
5376	50.2232	3.59673	48.3148	200
5377	50.3307	3.55721	48.34	200
5378	50.8033	3.52986	48.3708	200
5379	50.3051	3.48997	48.3949	200
5380	51.0885	3.47006	48.4286	200
5381	51.4136	3.45793	48.4659	200
5382	52.0382	3.46079	48.5106	200
5383	51.5337	3.45084	48.5449	200
5384	45.6421	3.43838	48.5119	200
5385	48.1045	3.3695	48.5073	200
5386	50.831	3.34573	48.5337	200
5387	51.2069	3.33045	48.5641	200
5388	53.1045	3.35794	48.6157	200
5389	52.419	3.36807	48.6589	200
5390	52.4414	3.37749	48.7019	200
5391	51.7797	3.37067	48.7369	200
5392	52.559	3.38094	48.7803	200
5393	52.36	3.38545	48.821	200
5394	52.1851	3.38497	48.8592	200
5395	51.7063	3.37274	48.8916	200
5396	51.925	3.36503	48.926	200
5397	51.6316	3.35004	48.9568	200
5398	51.3627	3.32858	48.9841	200
5399	51.0233	3.29928	49.0073	200
5400	50.3358	3.25449	49.0224	200
5401	50.6583	3.2177	49.041	200
5402	50.42	3.17591	49.0566	200
5403	50.7184	3.1415	49.0755	200
5404	51.2305	3.11908	49.1	200
5405	51.3379	3.09905	49.1254	200
5406	46.429	3.0899	49.0948	200
5407	45.6484	3.098	49.0556	200
5408	49.9551	3.04804	49.0658	200
5409	51.7901	3.04068	49.0968	200
5410	51.8764	3.03474	49.1284	200
5411	53.2027	3.05837	49.1747	200
5412	52.5186	3.06486	49.2127	200
5413	54.1037	3.10636	49.2683	200
5414	52.5012	3.10924	49.305	200
5415	52.5056	3.11131	49.3414	200
5416	52.1946	3.10545	49.3738	200
5417	52.6454	3.10922	49.411	200
5418	52.1356	3.10048	49.4419	200
5419	53.2499	3.11656	49.4852	200
5420	53.1089	3.12809	49.5264	200
5421	53.0836	3.13784	49.5668	200
5422	53.1278	3.14746	49.6073	200
5423	52.1521	3.13376	49.6362	200
5424	52.5147	3.12796	49.6689	200
5425	52.7299	3.12644	49.7037	200
5426	52.9511	3.12919	49.7406	200
5427	53.659	3.14712	49.7851	200
5428	53.4461	3.15783	49.8232	200
5429	52.5143	3.1481	49.8513	200
5430	52.4453	3.13656	49.8783	200
5431	47.2961	3.125	49.8514	200
5432	51.8355	3.10124	49.8721	200
5433	51.1814	3.0639	49.8857	200
5434	51.8498	3.04099	49.9062	200
5435	53.4625	3.05173	49.9432	200
5436	52.285	3.03694	49.9676	200
5437	53.7405	3.05227	50.0069	200
5438	52.7976	3.04682	50.036	200
5439	52.6952	3.03874	50.0637	200
5440	52.6629	3.02958	50.0907	200
5441	52.8347	3.02363	50.1193	200
5442	54.3018	3.04777	50.1629	200
5443	53.8129	3.06032	50.2009	200
5444	53.6308	3.06802	50.2366	200
5445	53.4775	3.07162	50.2704	200
5446	53.4941	3.07479	50.304	200
5447	52.5259	3.05702	50.3271	200
5448	53.4661	3.05873	50.3598	200
5449	53.5529	3.06152	50.3931	200
5450	53.4981	3.06243	50.4254	200
5451	54.4521	3.08252	50.4674	200
5452	54.6724	3.1059	50.5112	200
5453	46.295	3.12903	50.4673	200
5454	46.5396	3.14567	50.4263	200
5455	46.4014	3.16399	50.3844	200
5456	41.1714	3.29001	50.2884	200
5457	41.6988	3.40042	50.199	200
5458	44.6249	3.4457	50.1409	200
5459	45.8987	3.4623	50.0967	200
5460	46.796	3.45893	50.0623	200
5461	46.4015	3.46313	50.0242	200
5462	47.898	3.43528	50.0021	200
5463	48.8482	3.38775	49.99	200
5464	48.8071	3.34182	49.9777	200
5465	49.2391	3.28758	49.97	200
5466	55.3372	3.33091	50.0259	200
5467	55.6996	3.37971	50.085	200
5468	56.1704	3.43608	50.1484	200
5469	56.2013	3.4906	50.2115	200
5470	55.9831	3.53812	50.2716	200
5471	56.6941	3.59821	50.3385	200
5472	56.5377	3.65239	50.4031	200
5473	56.232	3.69774	50.4638	200
5474	56.3354	3.74303	50.5249	200
5475	56.2277	3.78385	50.5843	200
5476	56.744	3.83335	50.6485	200
5477	56.5799	3.8737	50.7055	200
5478	56.7589	3.91561	50.7637	200
5479	56.6203	3.95294	50.8201	200
5480	57.8213	4.01156	50.8874	200
5481	57.8444	4.0682	50.9543	200
5482	57.1831	4.10975	51.0142	200
5483	51.4762	4.0396	51.0186	200
5484	50.0347	3.98084	51.0091	200
5485	48.618	3.95027	50.9861	200
5486	49.1987	3.90867	50.969	200
5487	47.9657	3.89126	50.9401	200
5488	47.664	3.87943	50.9086	200
5489	47.6765	3.86698	50.8775	200
5490	47.699	3.85374	50.8469	200
5491	45.2335	3.88758	50.793	200
5492	45.4841	3.91491	50.7419	200
5493	45.9017	3.9327	50.6954	200
5494	46.799	3.93201	50.6579	200
5495	47.4964	3.91719	50.6275	200
5496	47.5275	3.90147	50.5977	200
5497	47.0307	3.89504	50.5634	200
5498	47.8482	3.87235	50.5373	200
5499	48.5034	3.83699	50.5177	200
5500	49.0186	3.79203	50.5033	200
5501	49.8803	3.73109	50.4973	200
5502	51.2585	3.67398	50.5046	200
5503	51.5161	3.62278	50.5144	200
5504	51.8508	3.57881	50.5272	200
5505	52.7773	3.55326	50.5489	200
5506	52.1898	3.51648	50.5646	200
5507	52.1486	3.47932	50.5799	200
5508	52.2382	3.4443	50.5958	200
5509	52.8866	3.42211	50.6178	200
5510	52.1478	3.38572	50.6325	200
5511	52.2588	3.35189	50.6482	200
5512	52.2279	3.31781	50.6634	200
5513	53.0288	3.29949	50.6861	200
5514	52.8605	3.27786	50.707	200
5515	53.5812	3.27009	50.7347	200
5516	53.7636	3.26545	50.7638	200
5517	45.2113	3.30943	50.7104	200
5518	46.1997	3.33254	50.667	200
5519	47.6241	3.32697	50.6378	200
5520	47.6672	3.32011	50.6092	200
5521	47.6207	3.31373	50.5805	200
5522	48.5184	3.28966	50.5606	200
5523	49.8049	3.24093	50.5534	200
5524	50.9775	3.18676	50.5574	200
5525	50.9094	3.13225	50.5608	200
5526	50.9287	3.07908	50.5644	200
5527	51.1172	3.0305	50.5697	200
5528	52.395	3.00732	50.5872	200
5529	53.6723	3.00882	50.6169	200
5530	53.4491	3.00566	50.6422	200
5531	54.4686	3.02032	50.6763	200
5532	55.3046	3.04903	50.7177	200
5533	55.0437	3.07183	50.7563	200
5534	55.7888	3.10684	50.8012	200
5535	56.2731	3.14908	50.8501	200
5536	55.7861	3.18099	50.8942	200
5537	55.9277	3.21407	50.9391	200
5538	55.7344	3.2423	50.9819	200
5539	56.6024	3.28477	51.0321	200
5540	57.0999	3.33446	51.0863	200
5541	57.3086	3.38603	51.1418	200
5542	57.9979	3.448	51.203	200
5543	59.1919	3.52908	51.2744	200
5544	59.7542	3.61749	51.3501	200
5545	59.4541	3.69761	51.4224	200
5546	58.2981	3.75436	51.4838	200
5547	59.718	3.83435	51.5573	200
5548	59.5375	3.90839	51.6286	200
5549	60.0136	3.98833	51.7035	200
5550	59.9748	4.06481	51.7773	200
5551	58.2108	4.1071	51.8348	200
5552	58.1461	4.14647	51.8911	200
5553	58.1775	4.18468	51.9472	200
5554	59.3291	4.24177	52.0131	200
5555	59.3764	4.29751	52.0789	200
5556	59.5642	4.35443	52.1457	200
5557	60.7541	4.4304	52.2226	200
5558	60.8337	4.50505	52.2995	200
5559	60.7968	4.57634	52.3753	200
5560	60.3364	4.63678	52.4464	200
5561	60.9045	4.70502	52.5219	200
5562	60.9786	4.77201	52.5974	200
5563	60.8676	4.83448	52.6713	200
5564	61.5781	4.9072	52.7508	200
5565	61.5325	4.97639	52.8292	200
5566	61.6694	5.04538	52.9081	200
5567	60.1528	5.08466	52.9728	200
5568	60.1777	5.12252	53.0371	200
5569	61.1142	5.17528	53.1093	200
5570	61.5511	5.23361	53.1846	200
5571	61.5087	5.2888	53.259	200
5572	62.3816	5.35726	53.3404	200
5573	62.196	5.41973	53.4195	200
5574	62.0992	5.47794	53.497	200
5575	61.7839	5.5281	53.571	200
5576	62.2037	5.58354	53.648	200
5577	62.8826	5.64874	53.7305	200
5578	62.2424	5.69986	53.8065	200
5579	63.5622	5.77229	53.8936	200
5580	62.9651	5.8312	53.9746	200
5581	62.2245	5.87439	54.0483	200
5582	60.1918	5.8792	54.1031	200
5583	61.6733	5.9094	54.1707	200
5584	61.9183	5.94222	54.2399	200
5585	62.8951	5.99066	54.3171	200
5586	64.2461	6.06099	54.4058	200
5587	64.2407	6.12389	54.4878	200
5588	64.2798	6.18503	54.5694	200
5589	64.2929	6.244	54.6504	200
5590	64.2047	6.29917	54.73	200
5591	64.3871	6.35514	54.8105	200
5592	63.8471	6.39983	54.8858	200
5593	64.1207	6.44708	54.9627	200
5594	63.1586	6.47622	55.031	200
5595	65.6154	6.54469	55.1192	200
5596	65.3834	6.60668	55.2048	200
5597	64.7591	6.65581	55.2844	200
5598	64.1183	6.69211	55.358	200
5599	64.0421	6.72531	55.4304	200
5600	65.4842	6.78079	55.5142	200
5601	65.0186	6.82618	55.5934	200
5602	65.267	6.87364	55.674	200
5603	65.1012	6.9162	55.7525	200
5604	64.876	6.95298	55.8286	200
5605	64.8292	6.98711	55.9036	200
5606	63.6134	6.99916	55.9678	200
5607	65.2143	7.03661	56.0449	200
5608	65.7566	7.0812	56.1258	200
5609	67.8757	7.15901	56.2237	200
5610	67.8615	7.23365	56.3207	200
5611	68.906	7.32284	56.4256	200
5612	68.249	7.40321	56.5311	200
5613	66.9709	7.45743	56.6243	200
5614	68.0455	7.53366	56.7342	200
5615	68.1098	7.60754	56.8435	200
5616	69.3404	7.7094	56.9737	200
5617	68.8634	7.79649	57.0976	200
5618	68.9312	7.88824	57.232	200
5619	69.1607	7.98007	57.3676	200
5620	68.3341	8.05473	57.5047	200
5621	68.9208	8.13876	57.6474	200
5622	70.0034	8.25591	57.819	200
5623	69.5679	8.35294	57.9822	200
5624	70.3842	8.47947	58.1759	200
5625	68.7221	8.54406	58.3407	200
5626	68.8422	8.60522	58.5048	200
5627	69.0939	8.66722	58.6703	200
5628	68.5795	8.70603	58.8251	200
5629	67.6248	8.70896	58.9626	200
5630	68.2661	8.72754	59.108	200
5631	68.9816	8.76335	59.2622	200
5632	68.8092	8.78784	59.4114	200
5633	68.8418	8.80792	59.5588	200
5634	67.7688	8.78923	59.687	200
5635	69.2515	8.81345	59.8365	200
5636	67.725	8.78455	59.9597	200
5637	66.8163	8.7243	60.0669	200
5638	66.4924	8.65246	60.1673	200
5639	65.626	8.55266	60.2526	200
5640	66.2706	8.47345	60.3466	200
5641	56.0638	8.34249	60.2797	200
5642	56.8863	8.18783	60.2267	200
5643	56.5267	8.04758	60.1688	200
5644	56.815	7.9009	60.1164	200
5645	56.6329	7.76286	60.062	200
5646	56.6808	7.62593	60.0092	200
5647	59.0596	7.4173	59.9943	200
5648	59.0255	7.21578	59.9792	200
5649	59.0523	7.01925	59.9647	200
5650	58.9708	6.83096	59.9492	200
5651	58.8813	6.65086	59.9325	200
5652	58.8951	6.47544	59.9163	200
5653	59.6314	6.28199	59.9118	200
5654	58.2454	6.11715	59.8821	200
5655	58.1369	5.96101	59.8509	200
5656	58.3003	5.77724	59.8186	200
5657	59.0479	5.56863	59.8026	200
5658	55.7873	5.49097	59.7022	200
5659	55.6665	5.4182	59.6013	200
5660	56.5861	5.26802	59.5071	200
5661	56.3065	5.1388	59.407	200
5662	56.3537	5.00845	59.3116	200
5663	53.0122	5.073	59.1541	200
5664	51.5892	5.1976	58.965	200
5665	51.7493	5.2985	58.7846	200
5666	51.7633	5.38464	58.6091	200
5667	51.7432	5.45871	58.4374	200
5668	52.5106	5.48211	58.2893	200
5669	57.1008	5.26743	58.2596	200
5670	56.6515	5.08446	58.2193	200
5671	56.0262	4.93989	58.1645	200
5672	56.7313	4.76456	58.1287	200
5673	55.9704	4.63424	58.0747	200
5674	55.2938	4.54158	58.0052	200
5675	56.329	4.39831	57.9633	200
5676	56.355	4.25881	57.9231	200
5677	56.413	4.12137	57.8853	200
5678	54.4866	4.08524	57.8004	200
5679	51.9621	4.17289	57.6544	200
5680	51.4555	4.27419	57.4994	200
5681	51.097	4.3806	57.3394	200
5682	50.8048	4.4883	57.176	200
5683	51.9336	4.52601	57.045	200
5684	51.87	4.55305	56.9371	200
5685	51.6034	4.58557	56.826	200
5686	50.0198	4.6781	56.6842	200
5687	49.3982	4.78677	56.5324	200
5688	48.6864	4.91423	56.369	200
5689	48.527	5.03622	56.2056	200
5690	46.1089	5.24708	55.9952	200
5691	46.3574	5.43003	55.7945	200
5692	46.7403	5.58103	55.6058	200
5693	46.9988	5.70711	55.4265	200
5694	46.5595	5.83877	55.2418	200
5695	47.2765	5.92738	55.0758	200
5696	47.2382	6.00697	54.9126	200
5697	39.5373	6.39732	54.5922	200
5698	39.3022	6.76785	54.2737	200
5699	38.9487	7.12439	53.9544	200
5700	39.0079	7.45032	53.643	200
5701	38.9805	7.75082	53.3376	200
5702	36.1057	8.14587	52.9786	200
5703	38.3285	8.41688	52.6734	200
5704	40.2193	8.58509	52.4139	200
5705	41.289	8.69091	52.1821	200
5706	41.2108	8.78593	51.9536	200
5707	41.1419	8.87034	51.7283	200
5708	41.8125	8.9139	51.5217	200
5709	41.8708	8.94022	51.3494	200
5710	47.2267	8.76816	51.2758	200
5711	47.1246	8.60327	51.2017	200
5712	47.6066	8.4244	51.1375	200
5713	48.4964	8.21786	51.0903	200
5714	47.7832	8.04247	51.0312	200
5715	61.6729	8.1353	51.2213	200
5716	61.6353	8.21668	51.4072	200
5717	60.0863	8.2332	51.5622	200
5718	59.3125	8.21595	51.7006	200
5719	59.3694	8.19641	51.8376	200
5720	59.4568	8.17579	51.9736	200
5721	59.5349	8.15385	52.1086	200
5722	60.2333	8.1528	52.2537	200
5723	60.2113	8.14583	52.3958	200
5724	54.5697	7.93255	52.4346	200
5725	54.7632	7.73241	52.4762	200
5726	54.683	7.53507	52.5156	200
5727	53.7046	7.30842	52.5369	200
5728	54.8247	7.12911	52.5777	200
5729	56.6063	7.01838	52.6497	200
5730	58.2348	6.96719	52.7494	200
5731	57.8559	6.90074	52.8406	200
5732	58.1433	6.84366	52.9353	200
5733	57.946	6.7782	53.0247	200
5734	57.9319	6.71138	53.1124	200
5735	57.8273	6.64008	53.1966	200
5736	57.7688	6.56622	53.2782	200
5737	58.4519	6.52271	53.359	200
5738	58.5674	6.48163	53.4404	200
5739	58.469	6.43623	53.519	200
5740	58.7207	6.39765	53.6003	200
5741	58.5759	6.35321	53.678	200
5742	58.482	6.30479	53.7531	200
5743	57.4281	6.22261	53.8105	200
5744	43.8036	6.34087	53.6541	200
5745	45.193	6.40713	53.5219	200
5746	45.8254	6.44742	53.4017	200
5747	45.4782	6.49355	53.2779	200
5748	45.9288	6.52028	53.163	200
5749	45.7598	6.54788	53.0474	200
5750	45.8383	6.56854	52.9347	200
5751	45.9016	6.58305	52.8248	200
5752	46.5579	6.57317	52.7269	200
5753	46.6324	6.55822	52.6317	200
5754	46.4119	6.54764	52.5345	200
5755	46.4969	6.5317	52.4402	200
5756	46.3642	6.51746	52.3452	200
5757	46.4469	6.49811	52.2531	200
5758	46.435	6.47686	52.1622	200
5759	46.3134	6.45723	52.0708	200
5760	46.7848	6.42063	51.9882	200
5761	48.8432	6.31827	51.939	200
5762	48.6891	6.22238	51.8883	200
5763	48.742	6.12625	51.8391	200
5764	48.5109	6.03881	51.7871	200
5765	48.757	5.94478	51.7397	200
5766	49.5856	5.82633	51.7061	200
5767	49.4126	5.71593	51.6703	200
5768	49.3571	5.60959	51.6341	200
5769	50.0711	5.48313	51.6097	200
5770	49.986	5.37593	51.5871	200
5771	50.0152	5.27026	51.5653	200
5772	50.0702	5.1654	51.5445	200
5773	50.4206	5.05313	51.5289	200
5774	50.2956	4.94702	51.5118	200
5775	50.4582	4.83887	51.4972	200
5776	51.2317	4.71183	51.4935	200
5777	42.746	4.82393	51.372	200
5778	42.2607	4.94303	51.2454	200
5779	42.1644	5.05797	51.1193	200
5780	42.6064	5.15394	51.0011	200
5781	43.2675	5.2256	50.8937	200
5782	43.8206	5.27692	50.7954	200
5783	44.9514	5.29267	50.7143	200
5784	45.6406	5.28658	50.6438	200
5785	46.4217	5.25701	50.5851	200
5786	47.0628	5.20883	50.5362	200
5787	48.424	5.12281	50.5069	200
5788	49.387	5.01162	50.4913	200
5789	50.6876	4.87786	50.4941	200
5790	51.3579	4.76636	50.5061	200
5791	51.0454	4.64894	50.5135	200
5792	50.9975	4.53324	50.5203	200
5793	51.0252	4.42135	50.5273	200
5794	50.3737	4.3028	50.5251	200
5795	37.7723	4.53752	50.348	200
5796	38.6561	4.73625	50.1856	200
5797	38.7859	4.92135	50.0273	200
5798	38.7442	5.09806	49.8706	200
5799	38.8613	5.26227	49.7177	200
5800	38.7766	5.42001	49.5657	200
5801	37.4887	5.60493	49.398	200
5802	37.7123	5.77384	49.2357	200
5803	37.6214	5.93607	49.0744	200
5804	37.7197	6.08659	48.9167	200
5805	37.6811	6.22962	48.7606	200
5806	39.1371	6.32389	48.627	200
5807	38.7735	6.41213	48.5038	200
5808	38.1724	6.51011	48.3746	200
5809	38.1502	6.60297	48.2468	200
5810	39.0876	6.66688	48.1324	200
5811	39.8415	6.70747	48.0287	200
5812	40.5159	6.72761	47.9348	200
5813	41.4742	6.72093	47.854	200
5814	42.4731	6.68743	47.7868	200
5815	37.0539	6.78857	47.6526	200
5816	37.1923	6.88036	47.5219	200
5817	37.3033	6.96381	47.3941	200
5818	39.148	6.99587	47.2911	200
5819	39.3133	7.02042	47.1913	200
5820	39.7382	7.03123	47.0982	200
5821	39.819	7.03743	47.0072	200
5822	39.6374	7.04574	46.9151	200
5823	39.6397	7.05148	46.8241	200
5824	39.7067	7.05313	46.7351	200
5825	39.7627	7.05111	46.648	200
5826	41.0032	7.01595	46.5774	200
5827	41.1084	6.97728	46.5091	200
5828	41.1315	6.93729	46.4418	200
5829	41.108	6.8972	46.3752	200
5830	40.6235	6.86856	46.3033	200
5831	40.6807	6.83741	46.233	200
5832	40.7858	6.80265	46.1649	200
5833	40.3743	6.77735	46.0925	200
5834	41.6646	6.71862	46.0372	200
5835	42.4484	6.64037	45.9923	200
5836	42.5142	6.56131	45.9488	200
5837	42.4336	6.48516	45.9049	200
5838	40.4315	6.45986	45.8365	200
5839	40.3919	6.43448	45.7684	200
5840	39.9431	6.41925	45.6956	200
5841	39.8237	6.40557	45.6222	200
5842	40.0614	6.38445	45.5527	200
5843	40.0007	6.36364	45.4833	200
5844	40.0779	6.33968	45.4157	200
5845	39.9419	6.31803	45.3473	200
5846	40.2954	6.28638	45.2842	200
5847	41.3903	6.22657	45.2355	200
5848	42.0684	6.15703	45.1995	200
5849	42.4979	6.0785	45.1688	200
5850	42.5617	5.9996	45.1392	200
5851	42.6299	5.92028	45.1106	200
5852	42.5592	5.84371	45.0817	200
5853	41.771	5.78614	45.044	200
5854	41.8679	5.72682	45.0079	200
5855	35.5973	5.81055	44.901	200
5856	45.3355	5.68836	44.9059	200
5857	45.2737	5.56744	44.9101	200
5858	45.5153	5.45466	44.917	200
5859	46.3204	5.36259	44.9329	200
5860	47.2238	5.29277	44.959	200
5861	50.0969	5.2889	45.0232	200
5862	49.5504	5.26986	45.0798	200
5863	48.6977	5.22397	45.13	200
5864	48.5899	5.17497	45.1781	200
5865	48.5203	5.1177	45.2303	200
5866	48.672	5.06532	45.2841	200
5867	48.2307	4.98965	45.3367	200
5868	48.7249	4.93245	45.3972	200
5869	49.9403	4.91623	45.4918	200
5870	49.4601	4.87673	45.5745	200
5871	48.8484	4.80994	45.6427	200
5872	48.4013	4.72447	45.7002	200
5873	47.9215	4.62017	45.7465	200
5874	48.0875	4.5252	45.7952	200
5875	48.8175	4.46258	45.8582	200
5876	48.6444	4.39273	45.9163	200
5877	45.3424	4.23361	45.9043	200
5878	50.3762	4.24354	45.9975	200
5879	50.4246	4.25119	46.0897	200
5880	49.4543	4.21425	46.1598	200
5881	48.968	4.15566	46.2183	200
5882	41.4222	4.18234	46.1184	200
5883	42.2575	4.16895	46.0379	200
5884	42.9813	4.1226	45.9743	200
5885	42.7618	4.08468	45.9073	200
5886	41.8318	4.0843	45.8224	200
5887	41.6727	4.08703	45.736	200
5888	42.5786	4.04829	45.6702	200
5889	42.3321	4.0187	45.6006	200
5890	42.2456	3.99105	45.5307	200
5891	43.0061	3.92995	45.4782	200
5892	43.0851	3.86591	45.4283	200
5893	44.4668	3.74489	45.4083	200
5894	43.5195	3.6786	45.3745	200
5895	43.4148	3.61721	45.3395	200
5896	42.577	3.58669	45.2902	200
5897	42.2304	3.56787	45.2356	200
5898	42.8932	3.5241	45.1937	200
5899	43.9015	3.44439	45.1707	200
5900	43.9451	3.36515	45.1488	200
5901	43.6376	3.29894	45.1218	200
5902	43.7078	3.23161	45.0965	200
5903	45.2217	3.12067	45.0988	200
5904	45.6844	3.03013	45.1092	200
5905	46.3515	2.96628	45.1314	200
5906	46.3682	2.90451	45.1535	200
5907	48.0426	2.90396	45.2051	200
5908	47.8617	2.89513	45.2525	200
5909	47.6094	2.8759	45.2946	200
5910	49.3366	2.91755	45.3668	200
5911	50.0303	2.97991	45.4501	200
5912	50.0208	3.03672	45.5317	200
5913	49.7945	3.08051	45.6078	200
5914	49.887	3.12332	45.6842	200
5915	49.4443	3.14606	45.7514	200
5916	49.9667	3.18425	45.8266	200
5917	50.165	3.22547	45.9041	200
5918	49.0218	3.22162	45.9598	200
5919	48.8733	3.21061	46.0118	200
5920	48.8803	3.19839	46.063	200
5921	49.3259	3.20069	46.1213	200
5922	50.0369	3.22623	46.1912	200
5923	50.8342	3.2705	46.2638	200
5924	48.0495	3.2241	46.2917	200
5925	47.1767	3.151	46.3055	200
5926	47.5884	3.09262	46.3255	200
5927	47.4389	3.03077	46.3429	200
5928	47.4031	2.96919	46.3595	200
5929	49.1665	2.96412	46.4034	200
5930	48.9683	2.95165	46.4434	200
5931	47.4438	2.89067	46.4591	200
5932	47.9152	2.84584	46.4818	200
5933	50.3346	2.87731	46.542	200
5934	50.6874	2.91693	46.6068	200
5935	50.6867	2.95328	46.6705	200
5936	49.1812	2.93747	46.7154	200
5937	49.872	2.9453	46.7717	200
5938	51.2242	3.00809	46.8645	200
5939	50.6416	3.04014	46.9432	200
5940	44.7789	2.99634	46.8891	200
5941	43.54	3.01398	46.8054	200
5942	43.397	3.03862	46.6988	200
5943	42.5646	3.1071	46.5696	200
5944	43.2784	3.11861	46.4668	200
5945	42.8523	3.1496	46.3538	200
5946	43.0959	3.15637	46.252	200
5947	43.5826	3.12593	46.1686	200
5948	40.6924	3.27282	45.9975	200
5949	41.7635	3.33289	45.8652	200
5950	43.1292	3.30305	45.7968	200
5951	36.774	3.58903	45.5712	200
5952	37.0556	3.83536	45.3583	200
5953	36.3208	4.09547	45.1324	200
5954	37.0415	4.29524	44.9301	200
5955	37.0911	4.47242	44.7341	200
5956	37.5856	4.60623	44.5554	200
5957	36.6667	4.77036	44.3582	200
5958	33.1438	5.09256	44.0778	200
5959	34.5186	5.31589	43.8388	200
5960	33.5928	5.5624	43.5827	200
5961	34.1859	5.75412	43.3478	200
5962	34.388	5.9144	43.1238	200
5963	34.6726	6.04124	42.9125	200
5964	32.4429	6.26265	42.6508	200
5965	32.2717	6.51993	42.3264	200
5966	33.0321	6.69332	42.036	200
5967	32.6441	6.9182	41.6446	200
5968	31.6557	7.17409	41.2284	200
5969	31.6506	7.37441	40.8294	200
5970	32.4613	7.45721	40.4807	200
5971	32.4417	7.50569	40.1457	200
5972	34.5963	7.34267	39.9145	200
5973	37.7374	6.91221	39.8238	200
5974	47.0981	6.94238	40.1269	200
5975	49.7669	7.16719	40.5286	200
5976	49.6735	7.332	40.9096	200
5977	48.3742	7.34306	41.2206	200
5978	49.1725	7.39379	41.5519	200
5979	51.3544	7.54433	41.8583	200
5980	52.9837	7.76815	42.2059	200
5981	56.6862	8.18765	42.6584	200
5982	55.9082	8.50403	43.0725	200
5983	55.8456	8.77085	43.4717	200
5984	55.9213	9.00077	43.8607	200
5985	56.0601	9.20068	44.2419	200
5986	56.7912	9.40997	44.6341	200
5987	54.7757	9.4557	44.951	200
5988	54.5351	9.46372	45.2505	200
5989	52.2557	9.31006	45.4694	200
5990	53.1131	9.20591	45.7083	200
5991	53.8036	9.13649	45.9613	200
5992	53.8726	9.05992	46.2085	200
5993	53.4936	8.94899	46.4362	200
5994	53.5074	8.83163	46.6571	200
5995	54.5358	8.77207	46.9034	200
5996	53.797	8.67815	47.0757	200
5997	53.0841	8.54467	47.2259	200
5998	56.399	8.57609	47.4552	200
5999	57.4024	8.64464	47.7039	200
6000	57.3284	8.69363	47.9445	200
6001	57.8764	8.75554	48.1928	200
6002	58.2492	8.82058	48.4442	200
6003	58.24	8.86934	48.6891	200
6004	57.8915	8.886	48.9192	200
6005	58.7831	8.93489	49.1658	200
6006	55.8939	8.82455	49.334	200
6007	54.0897	8.62111	49.4529	200
6008	57.4375	8.58929	49.6525	200
6009	57.7849	8.56644	49.8558	200
6010	58.3583	8.56325	50.0684	200
6011	57.8865	8.52599	50.2638	200
6012	57.5055	8.46177	50.4449	200
6013	57.2448	8.37868	50.6149	200
6014	57.3217	8.29509	50.7825	200
6015	57.289	8.20565	50.9452	200
6016	57.9183	8.14402	51.1195	200
6017	56.9525	8.04773	51.241	200
6018	57.9855	7.99343	51.3815	200
6019	61.0536	8.06337	51.583	200
6020	62.9488	8.20097	51.8198	200
6021	62.6248	8.30947	52.0449	200
6022	63.0032	8.41983	52.2732	200
6023	63.0289	8.51716	52.4973	200
6024	63.3698	8.6153	52.7238	200
6025	63.2216	8.69373	52.9425	200
6026	62.7289	8.73926	53.1464	200
6027	63.0678	8.78852	53.3531	200
6028	63.7447	8.85531	53.5696	200
6029	63.4108	8.89639	53.7746	200
6030	60.9714	8.82557	53.9245	200
6031	57.0138	8.58656	53.9889	200
6032	52.7401	8.28082	53.9629	200
6033	52.9833	7.9766	53.9425	200
6034	54.4003	7.66332	53.952	200
6035	55.8982	7.4251	53.9926	200
6036	56.0595	7.20185	54.0356	200
6037	56.061	6.98616	54.0778	200
6038	56.1099	6.77974	54.1202	200
6039	56.1904	6.58351	54.1633	200
6040	56.1677	6.39272	54.205	200
6041	56.9346	6.24008	54.2619	200
6042	56.8685	6.11031	54.3085	200
6043	56.7762	5.98022	54.3525	200
6044	52.6408	5.82778	54.322	200
6045	53.4696	5.65008	54.3067	200
6046	56.0131	5.50924	54.3372	200
6047	54.7112	5.32584	54.3439	200
6048	53.9918	5.1482	54.3376	200
6049	55.0175	4.98862	54.3497	200
6050	55.356	4.84639	54.3677	200
6051	55.6983	4.72083	54.3915	200
6052	55.7947	4.60234	54.4165	200
6053	55.818	4.48803	54.4415	200
6054	55.7151	4.37322	54.4643	200
6055	56.4294	4.28722	54.4994	200
6056	56.5941	4.20892	54.5368	200
6057	56.6289	4.13332	54.5741	200
6058	41.8987	4.43839	54.3478	200
6059	41.6083	4.73486	54.1203	200
6060	40.3591	5.05723	53.8746	200
6061	40.4492	5.35609	53.6348	200
6062	41.1274	5.61149	53.4115	200
6063	39.8857	5.89414	53.1699	200
6064	40.8144	6.12491	52.9493	200
6065	40.5631	6.34852	52.7281	200
6066	41.0546	6.5387	52.5197	200
6067	41.7598	6.68946	52.3275	200
6068	42.6133	6.79749	52.1541	200
6069	43.0987	6.87812	51.9924	200
6070	44.69	6.89327	51.862	200
6071	44.5845	6.90528	51.7482	200
6072	44.5335	6.91495	51.6355	200
6073	39.8298	7.06778	51.4511	200
6074	42.7863	7.11769	51.3157	200
6075	44.6218	7.10445	51.2111	200
6076	45.3658	7.0651	51.1197	200
6077	44.5127	7.05078	51.0165	200
6078	45.7389	6.99537	50.934	200
6079	45.1939	6.95614	50.8444	200
6080	45.1244	6.91751	50.755	200
6081	47.3696	6.80713	50.7021	200
6082	47.3539	6.69904	50.6498	200
6083	46.5125	6.61898	50.5851	200
6084	46.9113	6.52695	50.5277	200
6085	47.0244	6.43246	50.473	200
6086	48.0604	6.30684	50.4353	200
6087	48.1534	6.18105	50.3996	200
6088	48.1566	6.05799	50.3646	200
6089	50.4145	5.84342	50.3655	200
6090	50.0225	5.64698	50.3593	200
6091	50.241	5.41662	50.3569	200
6092	49.7359	5.2168	50.3439	200
6093	49.9217	4.97707	50.3334	200
6094	49.2893	4.78042	50.3073	200
6095	50.5577	4.49729	50.3151	200
6096	51.1927	4.27107	50.3425	200
6097	49.0686	4.0213	50.2894	200
6098	48.4147	3.84243	50.2113	200
6099	50.1938	3.36432	50.2102	200
6100	49.6287	3.01646	50.1739	200
6101	48.5788	2.66112	49.9745	200
6102	48.758	2.29997	49.8224	200
6103	49.3349	1.84687	49.7615	200
