time	cwndsize
0.705903	11
0.705944	12
0.705973	13
0.705985	14
0.706	15
0.706143	16
0.706177	17
0.706196	18
0.706209	19
0.706216	20
0.706583	21
0.706748	22
0.706762	23
0.70696	24
0.706975	25
0.707007	26
0.707194	27
0.707243	28
0.707256	29
0.707453	30
0.707468	31
0.707592	32
0.707632	33
0.707803	34
0.707816	35
0.707841	36
0.70793	37
0.708012	38
0.708046	39
0.708089	40
0.708172	41
0.708236	42
0.708305	43
0.708343	44
0.70838	45
0.70841	46
0.708535	47
0.708576	48
0.708625	49
0.708652	50
0.708821	51
0.708878	52
0.708918	53
0.708935	54
0.709009	55
0.709109	56
0.709163	57
0.709191	58
0.709256	59
0.709369	60
0.709425	61
0.709443	62
0.709488	63
0.709525	64
0.709686	65
0.709726	66
0.709777	67
0.709804	68
0.709848	69
0.709888	70
0.710031	71
0.710061	72
0.710142	73
0.71019	74
0.710264	75
0.71033	76
0.710385	77
0.710453	78
0.710524	79
0.7106	80
0.71065	81
0.710722	82
0.71084	83
0.710877	84
0.711056	85
0.711082	86
0.711123	87
0.711142	88
0.711184	89
0.711247	90
0.711328	91
0.711703	92
0.711757	93
0.711805	94
0.712031	95
0.712264	96
0.712413	97
0.712467	98
0.712577	99
0.712643	100
0.712784	101
0.713071	102
0.713155	103
0.713195	104
0.713255	105
0.713277	106
0.713323	107
0.713344	108
0.71339	109
0.713412	110
0.71349	111
0.713528	112
0.71361	113
0.713638	114
0.713718	115
0.713747	116
0.713828	117
0.714195	118
0.714246	119
0.714299	120
0.714323	121
0.71436	122
0.71438	123
0.714434	124
0.714458	125
0.714506	126
0.714527	127
0.714569	128
0.714604	129
0.71465	130
0.714674	131
0.715127	132
0.715161	133
0.715295	134
0.715359	135
0.715478	136
0.715504	137
0.715528	138
0.715539	139
0.715561	140
0.715588	141
0.716089	142
0.716369	143
0.716427	144
0.716634	145
0.716659	146
0.716727	147
0.716806	148
0.716858	149
0.716883	150
0.716902	151
0.716973	152
0.717167	153
0.717194	154
0.717222	155
0.717257	156
0.717274	157
0.717621	158
0.717651	159
0.717673	160
0.718972	161
0.718996	162
0.719026	163
0.719037	164
0.719058	165
0.719068	166
0.71909	167
0.7191	168
0.719119	169
0.719128	170
0.719147	171
0.719157	172
0.719176	173
0.719186	174
0.719204	175
0.719214	176
0.719239	177
0.719249	178
0.719267	179
0.719278	180
0.719294	181
0.719313	182
0.719328	183
0.719349	184
0.719384	185
0.720376	186
0.720438	187
0.720467	188
0.720479	189
0.720497	190
0.720537	191
0.720564	192
0.720577	193
0.720598	194
0.720609	195
0.720627	196
0.720638	197
0.720657	198
0.720668	199
0.720687	200
0.720708	201
0.720734	202
0.720748	203
0.720766	204
0.720779	205
0.720799	206
0.72085	207
0.720877	208
0.720888	209
0.720908	210
0.720919	211
0.720958	212
0.720976	213
0.721009	214
0.721021	215
0.721041	216
0.721052	217
0.721089	218
0.721103	219
0.721124	220
0.721135	221
0.721155	222
0.721165	223
0.721186	224
0.721197	225
0.721215	226
0.721226	227
0.721245	228
0.721257	229
0.721276	230
0.721287	231
0.721305	232
0.721318	233
0.722578	234
0.722971	235
0.72303	236
0.723077	237
0.723102	238
0.723143	239
0.723226	240
0.723277	241
0.723303	242
0.723354	243
0.723995	244
0.724037	245
0.72405	246
0.724071	247
0.724084	248
0.724105	249
0.724116	250
0.724137	251
0.724148	252
0.724168	253
0.72418	254
0.724198	255
0.72421	256
0.72423	257
0.724244	258
0.724266	259
0.724277	260
0.724296	261
0.724307	262
0.724328	263
0.72434	264
0.724359	265
0.724371	266
0.724391	267
0.724404	268
0.724425	269
0.724439	270
0.72446	271
0.724473	272
0.724494	273
0.724506	274
0.724554	275
0.724575	276
0.724602	277
0.724615	278
0.724636	279
0.724648	280
0.724669	281
0.724682	282
0.724705	283
0.724718	284
0.724739	285
0.724755	286
0.724778	287
0.724795	288
0.724815	289
0.724848	290
0.724893	291
0.724945	292
0.725687	293
0.72576	294
0.72581	295
0.725826	296
0.725851	297
0.725864	298
0.725887	299
0.725901	300
0.725922	301
0.725937	302
0.725959	303
0.725971	304
0.725991	305
0.726004	306
0.726025	307
0.726039	308
0.726062	309
0.726076	310
0.726098	311
0.726111	312
0.726153	313
0.72617	314
0.726198	315
0.726504	316
0.726553	317
0.726574	318
0.726599	319
0.726619	320
0.72664	321
0.726659	322
0.726882	323
0.727033	324
0.727111	325
0.727154	326
0.727252	327
0.727342	328
0.728339	329
0.728417	330
0.72852	331
0.728585	332
0.728683	333
0.728765	334
0.728862	335
0.728917	336
0.729154	337
0.729643	338
0.729777	339
0.72985	340
0.729924	341
0.729958	342
0.730014	343
0.730856	344
0.730927	345
0.731015	346
0.731069	347
0.731139	348
0.731177	349
0.731224	350
0.731276	351
0.731352	352
0.731388	353
0.731418	354
0.731434	355
0.73146	356
0.731475	357
0.731498	358
0.731515	359
0.731537	360
0.731557	361
0.731578	362
0.731689	363
0.731844	364
0.732017	365
0.732075	366
0.732101	367
0.732252	368
0.732332	369
0.732407	370
0.732459	371
0.732533	372
0.732584	373
0.732656	374
0.732757	375
0.732841	376
0.732904	377
0.732977	378
0.733038	379
0.733109	380
0.733158	381
0.73323	382
0.733279	383
0.733354	384
0.733403	385
0.73355	386
0.733608	387
0.73369	388
0.73378	389
0.733875	390
0.733958	391
0.734078	392
0.734138	393
0.734255	394
0.734351	395
0.734452	396
0.734556	397
0.734655	398
0.734777	399
0.734849	400
0.735225	401
0.735361	402
0.735481	403
0.735543	404
0.735649	405
0.735694	406
0.735724	407
0.735744	408
0.735786	409
0.735989	410
0.736044	411
0.736098	412
0.736254	413
0.736408	414
0.736464	415
0.736494	416
0.736514	417
0.736614	418
0.736879	419
0.736913	420
0.737371	421
0.737412	422
0.737463	423
0.737487	424
0.737602	425
0.737654	426
0.737746	427
0.737809	428
0.737836	429
0.73804	430
0.738086	431
0.738273	432
0.738331	433
0.738352	434
0.738402	435
0.738425	436
0.738473	437
0.738768	438
0.73901	439
0.739067	440
0.739247	441
0.739474	442
0.739516	443
0.739555	444
0.739762	445
0.739853	446
0.739919	447
0.739952	448
0.740128	449
0.740202	450
0.740259	451
0.740305	452
0.740347	453
0.740391	454
0.740428	455
0.740466	456
0.740677	457
0.740774	458
0.740833	459
0.740974	460
0.741127	461
0.741222	462
0.7413	463
0.741342	464
0.741389	465
0.741433	466
0.741457	467
0.741488	468
0.74151	469
0.741556	470
0.741585	471
0.741621	472
0.741644	473
0.741675	474
0.74172	475
0.741771	476
0.741798	477
0.741832	478
0.741857	479
0.741889	480
0.741917	481
0.742006	482
0.742285	483
0.742553	484
0.742611	485
0.742641	486
0.742668	487
0.742694	488
0.742724	489
0.742773	490
0.742801	491
0.742853	492
0.742881	493
0.742918	494
0.742963	495
0.743006	496
0.74304	497
0.743081	498
0.743121	499
0.743162	500
0.743186	501
0.743219	502
0.74333	503
0.743499	504
0.743609	505
0.743738	506
0.743805	507
0.743898	508
0.74396	509
0.744047	510
0.74411	511
0.744196	512
0.744259	513
0.746597	514
0.747109	515
0.747198	516
0.747238	517
0.747263	518
0.747312	519
0.747337	520
0.747373	521
0.747396	522
0.747739	523
0.747928	524
0.748025	525
0.748128	526
0.748234	527
0.748332	528
0.748416	529
0.748501	530
0.748532	531
0.748871	532
0.748947	533
0.749211	534
0.749276	535
0.749367	536
0.749427	537
0.749511	538
0.749571	539
0.749657	540
0.749717	541
0.7498	542
0.749927	543
0.750058	544
0.750169	545
0.750273	546
0.750344	547
0.75047	548
0.750541	549
0.750668	550
0.750773	551
0.750924	552
0.751014	553
0.751141	554
0.75121	555
0.751303	556
0.751366	557
0.751497	558
0.751567	559
0.751694	560
0.751764	561
0.751857	562
0.751922	563
0.752047	564
0.752117	565
0.752217	566
0.752284	567
0.752447	568
0.752556	569
0.752694	570
0.75277	571
0.752903	572
0.753006	573
0.753105	574
0.753173	575
0.753305	576
0.753378	577
0.753475	578
0.753544	579
0.75364	580
0.753712	581
0.753885	582
0.753967	583
0.754098	584
0.754173	585
0.7543	586
0.755295	587
0.755408	588
0.755536	589
0.755608	590
0.755701	591
0.755757	592
0.755846	593
0.755962	594
0.7561	595
0.756216	596
0.756324	597
0.756409	598
0.75654	599
0.756578	600
0.756617	601
0.756641	602
0.756704	603
0.756737	604
0.756789	605
0.756826	606
0.756864	607
0.756938	608
0.756993	609
0.757044	610
0.757427	611
0.757525	612
0.757625	613
0.757683	614
0.757777	615
0.757839	616
0.757928	617
0.757991	618
0.75808	619
0.758139	620
0.758277	621
0.75839	622
0.758645	623
0.758935	624
0.75903	625
0.759134	626
0.759203	627
0.759345	628
0.759423	629
0.759559	630
0.759637	631
0.759772	632
0.75985	633
0.759986	634
0.760105	635
0.76018	636
0.76021	637
0.760247	638
0.760275	639
0.76031	640
0.760445	641
0.760704	642
0.761198	643
0.76127	644
0.761344	645
0.761422	646
0.761462	647
0.761675	648
0.761833	649
0.761929	650
0.762262	651
0.762315	652
0.762425	653
0.762609	654
0.762688	655
0.762934	656
0.763091	657
0.763182	658
0.763226	659
0.763492	660
0.763608	661
0.764277	662
0.764824	663
0.76494	664
0.765065	665
0.765216	666
0.765344	667
0.765509	668
0.765596	669
0.765699	670
0.765776	671
0.765906	672
0.765995	673
0.76615	674
0.766286	675
0.766368	676
0.766397	677
0.766456	678
0.766487	679
0.76654	680
0.766569	681
0.766626	682
0.766667	683
0.767758	684
0.767857	685
0.767952	686
0.768022	687
0.768163	688
0.768258	689
0.768334	690
0.768367	691
0.768407	692
0.768435	693
0.768496	694
0.76853	695
0.768569	696
0.768599	697
0.768637	698
0.768667	699
0.768742	700
0.768777	701
0.768826	702
0.768868	703
0.768907	704
0.768934	705
0.768994	706
0.769026	707
0.769066	708
0.769096	709
0.769135	710
0.769164	711
0.769221	712
0.769256	713
0.769298	714
0.769327	715
0.769365	716
0.769394	717
0.769432	718
0.769456	719
0.769499	720
0.769523	721
0.769584	722
0.770261	723
0.771299	724
0.771376	725
0.771428	726
0.771579	727
0.771824	728
0.771947	729
0.772106	730
0.772199	731
0.772264	732
0.772363	733
0.77246	734
0.772529	735
0.77262	736
0.772743	737
0.772859	738
0.77293	739
0.773037	740
0.773114	741
0.773204	742
0.773288	743
0.773426	744
0.773557	745
0.773677	746
0.773751	747
0.773866	748
0.773946	749
0.774064	750
0.774146	751
0.774198	752
0.774234	753
0.774275	754
0.7743	755
0.774364	756
0.7744	757
0.774458	758
0.774497	759
0.774556	760
0.77459	761
0.774664	762
0.774701	763
0.774757	764
0.774789	765
0.774841	766
0.774874	767
0.774913	768
0.77496	769
0.775002	770
0.775046	771
0.775103	772
0.775142	773
0.775183	774
0.77521	775
0.775284	776
0.775334	777
0.775387	778
0.775414	779
0.775457	780
0.775486	781
0.775538	782
0.775574	783
0.77564	784
0.775679	785
0.775732	786
0.77577	787
0.775808	788
0.775841	789
0.775894	790
0.775932	791
0.77597	792
0.776002	793
0.776036	794
0.776068	795
0.776103	796
0.776134	797
0.776169	798
0.7762	799
0.776234	800
0.776511	801
0.776727	802
0.776815	803
0.776965	804
0.777057	805
0.777215	806
0.777305	807
0.77754	808
0.777637	809
0.777782	810
0.777871	811
0.778031	812
0.778149	813
0.778236	814
0.77827	815
0.778315	816
0.778348	817
0.778419	818
0.778461	819
0.778507	820
0.778539	821
0.778582	822
0.778614	823
0.778654	824
0.778693	825
0.778744	826
0.778802	827
0.778873	828
0.778913	829
0.778958	830
0.779012	831
0.779066	832
0.779103	833
0.779167	834
0.779209	835
0.779257	836
0.779293	837
0.779337	838
0.779371	839
0.779414	840
0.779468	841
0.779522	842
0.779558	843
0.779599	844
0.779661	845
0.77977	846
0.780193	847
0.781711	848
0.781795	849
0.781832	850
0.781879	851
0.781912	852
0.781984	853
0.78205	854
0.782105	855
0.782137	856
0.782182	857
0.782217	858
0.782257	859
0.782291	860
0.782353	861
0.782396	862
0.782443	863
0.782475	864
0.782516	865
0.782548	866
0.782592	867
0.782643	868
0.782696	869
0.782734	870
0.782778	871
0.782809	872
0.78285	873
0.782883	874
0.782923	875
0.782967	876
0.783019	877
0.783053	878
0.783095	879
0.783127	880
0.783174	881
0.78323	882
0.783292	883
0.783349	884
0.783417	885
0.783461	886
0.783511	887
0.783546	888
0.783593	889
0.78363	890
0.783703	891
0.783749	892
0.783797	893
0.783838	894
0.783885	895
0.78392	896
0.783985	897
0.784028	898
0.784078	899
0.784114	900
0.784159	901
0.784194	902
0.784237	903
0.784271	904
0.784312	905
0.784353	906
0.7844	907
0.784454	908
0.784516	909
0.784555	910
0.784599	911
0.78466	912
0.784717	913
0.784756	914
0.784802	915
0.784929	916
0.785762	917
0.787505	918
0.787635	919
0.787675	920
0.787728	921
0.787764	922
0.787807	923
0.787847	924
0.787895	925
0.78796	926
0.788016	927
0.788088	928
0.788211	929
0.788359	930
0.788695	931
0.788864	932
0.789016	933
0.789103	934
0.789242	935
0.789322	936
0.789445	937
0.789532	938
0.789662	939
0.789863	940
0.790049	941
0.790141	942
0.790196	943
0.790243	944
0.790386	945
0.790502	946
0.790718	947
0.791003	948
0.79127	949
0.791402	950
0.791526	951
0.791612	952
0.791731	953
0.791856	954
0.792006	955
0.792141	956
0.792229	957
0.792354	958
0.792443	959
0.792552	960
0.792641	961
0.793096	962
0.793299	963
0.793454	964
0.793587	965
0.793721	966
0.793814	967
0.793933	968
0.794027	969
0.794192	970
0.794292	971
0.794415	972
0.79451	973
0.794621	974
0.794718	975
0.794889	976
0.795013	977
0.79518	978
0.795287	979
0.795411	980
0.795532	981
0.7957	982
0.795804	983
0.795966	984
0.796063	985
0.796227	986
0.796375	987
0.796555	988
0.796665	989
0.796821	990
0.796918	991
0.797033	992
0.797131	993
0.797282	994
0.797416	995
0.797621	996
0.797721	997
0.797889	998
0.797997	999
0.79824	1000
0.79839	1001
0.798568	1002
0.798648	1003
0.798711	1004
0.798757	1005
0.798841	1006
0.798893	1007
0.798992	1008
0.799047	1009
0.799128	1010
0.799177	1011
0.799266	1012
0.799319	1013
0.799381	1014
0.799423	1015
0.799474	1016
0.799514	1017
0.79957	1018
0.799639	1019
0.799708	1020
0.799755	1021
0.799833	1022
0.799885	1023
0.799945	1024
0.800011	1025
0.800096	1026
0.800148	1027
0.800225	1028
0.800275	1029
0.800332	1030
0.800375	1031
0.800427	1032
0.800473	1033
0.800529	1034
0.800575	1035
0.800631	1036
0.800676	1037
0.800757	1038
0.800814	1039
0.800897	1040
0.800953	1041
0.801016	1042
0.801061	1043
0.801116	1044
0.80116	1045
0.801212	1046
0.801278	1047
0.801345	1048
0.80139	1049
0.801445	1050
0.801489	1051
0.801541	1052
0.801609	1053
0.801676	1054
0.801727	1055
0.801781	1056
0.801827	1057
0.80188	1058
0.801923	1059
0.801986	1060
0.802029	1061
0.802083	1062
0.802151	1063
0.802244	1064
0.802299	1065
0.802381	1066
0.802456	1067
0.802528	1068
0.802577	1069
0.802633	1070
0.802678	1071
0.802734	1072
0.802778	1073
0.802858	1074
0.802913	1075
0.802985	1076
0.803034	1077
0.803118	1078
0.803174	1079
0.803272	1080
0.803331	1081
0.803414	1082
0.803468	1083
0.80353	1084
0.803577	1085
0.803634	1086
0.80368	1087
0.803761	1088
0.803835	1089
0.803907	1090
0.803956	1091
0.804016	1092
0.804059	1093
0.804121	1094
0.804164	1095
0.804277	1096
0.804335	1097
0.804425	1098
0.804478	1099
0.804544	1100
0.804589	1101
0.804689	1102
0.804744	1103
0.804812	1104
0.804857	1105
0.804939	1106
0.80499	1107
0.80508	1108
0.805132	1109
0.805215	1110
0.805291	1111
0.805356	1112
0.805404	1113
0.805473	1114
0.805517	1115
0.805598	1116
0.80565	1117
0.805738	1118
0.805798	1119
0.805899	1120
0.805958	1121
0.806028	1122
0.806101	1123
0.806175	1124
0.806246	1125
0.806329	1126
0.806375	1127
0.806443	1128
0.806497	1129
0.806586	1130
0.80665	1131
0.806721	1132
0.806779	1133
0.806854	1134
0.806914	1135
0.806994	1136
0.807054	1137
0.807165	1138
0.807232	1139
0.8073	1140
0.807361	1141
0.807429	1142
0.807495	1143
0.807587	1144
0.807652	1145
0.807752	1146
0.807812	1147
0.807884	1148
0.807942	1149
0.808032	1150
0.808091	1151
0.808227	1152
0.808348	1153
0.808447	1154
0.808632	1155
0.813586	1156
0.813705	1157
0.81378	1158
0.813856	1159
0.813914	1160
0.813976	1161
0.814036	1162
0.8141	1163
0.814325	1164
0.814402	1165
0.814463	1166
0.814527	1167
0.814607	1168
0.814688	1169
0.814739	1170
0.814807	1171
0.814852	1172
0.814916	1173
0.814982	1174
0.815057	1175
0.815106	1176
0.815231	1177
0.815307	1178
0.815378	1179
0.81544	1180
0.815511	1181
0.81556	1182
0.815627	1183
0.815703	1184
0.815821	1185
0.815884	1186
0.816094	1187
0.816144	1188
0.816217	1189
0.816265	1190
0.816339	1191
0.816394	1192
0.816476	1193
0.816572	1194
0.816693	1195
0.816777	1196
0.816878	1197
0.816942	1198
0.817024	1199
0.817093	1200
0.817156	1201
0.817233	1202
0.817338	1203
0.817413	1204
0.817558	1205
0.817667	1206
0.818087	1207
0.819817	1208
0.81995	1209
0.820058	1210
0.820236	1211
0.821063	1212
0.821259	1213
0.821396	1214
0.821526	1215
0.821614	1216
0.821709	1217
0.821996	1218
0.822421	1219
0.822597	1220
0.82282	1221
0.82293	1222
0.823196	1223
0.823393	1224
0.823686	1225
0.823856	1226
0.823961	1227
0.824171	1228
0.824296	1229
0.824438	1230
0.82456	1231
0.824705	1232
0.82482	1233
0.824949	1234
0.825061	1235
0.825251	1236
0.825415	1237
0.825574	1238
0.825706	1239
0.825856	1240
0.825988	1241
0.826184	1242
0.82632	1243
0.826506	1244
0.82664	1245
0.826786	1246
0.826913	1247
0.827137	1248
0.827302	1249
0.827513	1250
0.827642	1251
0.827788	1252
0.827908	1253
0.828085	1254
0.828232	1255
0.828459	1256
0.828604	1257
0.828769	1258
0.828891	1259
0.829156	1260
0.829279	1261
0.8295	1262
0.829628	1263
0.829778	1264
0.829896	1265
0.830077	1266
0.8302	1267
0.830542	1268
0.83064	1269
0.830726	1270
0.83079	1271
0.830877	1272
0.830951	1273
0.83107	1274
0.831145	1275
0.831225	1276
0.831286	1277
0.831358	1278
0.831444	1279
0.831532	1280
0.831638	1281
0.831772	1282
0.831866	1283
0.832026	1284
0.832202	1285
0.83234	1286
0.832412	1287
0.832489	1288
0.832554	1289
0.832631	1290
0.832693	1291
0.832794	1292
0.832868	1293
0.832947	1294
0.833008	1295
0.833079	1296
0.83314	1297
0.833212	1298
0.833271	1299
0.833392	1300
0.833478	1301
0.83359	1302
0.833656	1303
0.833734	1304
0.833806	1305
0.833894	1306
0.83404	1307
0.834178	1308
0.83426	1309
0.834351	1310
0.834418	1311
0.834496	1312
0.834559	1313
0.834664	1314
0.83474	1315
0.834854	1316
0.834928	1317
0.835109	1318
0.835203	1319
0.83529	1320
0.835358	1321
0.83544	1322
0.835506	1323
0.835582	1324
0.8357	1325
0.835795	1326
0.835863	1327
0.835942	1328
0.836006	1329
0.836082	1330
0.836146	1331
0.836256	1332
0.836326	1333
0.836406	1334
0.836472	1335
0.836548	1336
0.836613	1337
0.83672	1338
0.836796	1339
0.83694	1340
0.837166	1341
0.837371	1342
0.837601	1343
0.837915	1344
0.83805	1345
0.838256	1346
0.838396	1347
0.838552	1348
0.838689	1349
0.83908	1350
0.839232	1351
0.839356	1352
0.839435	1353
0.839598	1354
0.839671	1355
0.839812	1356
0.839895	1357
0.83999	1358
0.840166	1359
0.840359	1360
0.840476	1361
0.840664	1362
0.840859	1363
0.841035	1364
0.841147	1365
0.841265	1366
0.841344	1367
0.841428	1368
0.841537	1369
0.841624	1370
0.841694	1371
0.841772	1372
0.841838	1373
0.841915	1374
0.842006	1375
0.842119	1376
0.842191	1377
0.84227	1378
0.842336	1379
0.842438	1380
0.842515	1381
0.8426	1382
0.842666	1383
0.842761	1384
0.842847	1385
0.842972	1386
0.843058	1387
0.843148	1388
0.843219	1389
0.843334	1390
0.843416	1391
0.84353	1392
0.843615	1393
0.843728	1394
0.843809	1395
0.843897	1396
0.84397	1397
0.844057	1398
0.844129	1399
0.844239	1400
0.844324	1401
0.844456	1402
0.844544	1403
0.844642	1404
0.844738	1405
0.844845	1406
0.844934	1407
0.845072	1408
0.845163	1409
0.84526	1410
0.84534	1411
0.845427	1412
0.845507	1413
0.845623	1414
0.845727	1415
0.845834	1416
0.845918	1417
0.846015	1418
0.846152	1419
0.846282	1420
0.846371	1421
0.846468	1422
0.846551	1423
0.84671	1424
0.847024	1425
0.847177	1426
0.847273	1427
0.8474	1428
0.847481	1429
0.847624	1430
0.847749	1431
0.847879	1432
0.847972	1433
0.848091	1434
0.848183	1435
0.8483	1436
0.848417	1437
0.848558	1438
0.848652	1439
0.84877	1440
0.848857	1441
0.84897	1442
0.849057	1443
0.849197	1444
0.849289	1445
0.84941	1446
0.849645	1447
0.849836	1448
0.849948	1449
0.850165	1450
0.850266	1451
0.850391	1452
0.850509	1453
0.850635	1454
0.850726	1455
0.850844	1456
0.850931	1457
0.851053	1458
0.851142	1459
0.85128	1460
0.851375	1461
0.851512	1462
0.851601	1463
0.851722	1464
0.851816	1465
0.851954	1466
0.852048	1467
0.852165	1468
0.852256	1469
0.85237	1470
0.852461	1471
0.852586	1472
0.852673	1473
0.852787	1474
0.8529	1475
0.853031	1476
0.853122	1477
0.853241	1478
0.853353	1479
0.853475	1480
0.853567	1481
0.853664	1482
0.853747	1483
0.853863	1484
0.853972	1485
0.854098	1486
0.854188	1487
0.854306	1488
0.854395	1489
0.858345	1490
0.858574	1491
0.858726	1492
0.858833	1493
0.859531	1494
0.859656	1495
0.859764	1496
0.859853	1497
0.859947	1498
0.860028	1499
0.860145	1500
0.860235	1501
0.860402	1502
0.860523	1503
0.860626	1504
0.860715	1505
0.860807	1506
0.86088	1507
0.860976	1508
0.861052	1509
0.861207	1510
0.861303	1511
0.861422	1512
0.861511	1513
0.861601	1514
0.86168	1515
0.861781	1516
0.861862	1517
0.861997	1518
0.862083	1519
0.862195	1520
0.862274	1521
0.862377	1522
0.862456	1523
0.862565	1524
0.862655	1525
0.862777	1526
0.862864	1527
0.862977	1528
0.863072	1529
0.863166	1530
0.863272	1531
0.863384	1532
0.863471	1533
0.863593	1534
0.863683	1535
0.86381	1536
0.863907	1537
0.86403	1538
0.86415	1539
0.864286	1540
0.864382	1541
0.864478	1542
0.864563	1543
0.86468	1544
0.86477	1545
0.864907	1546
0.864999	1547
0.865125	1548
0.865229	1549
0.865363	1550
0.865457	1551
0.865554	1552
0.865669	1553
0.865781	1554
0.865869	1555
0.865988	1556
0.866081	1557
0.866222	1558
0.866314	1559
0.866414	1560
0.866498	1561
0.866642	1562
0.866735	1563
0.866845	1564
0.866961	1565
0.867074	1566
0.867163	1567
0.867298	1568
0.867393	1569
0.867517	1570
0.867612	1571
0.867753	1572
0.867992	1573
0.868176	1574
0.868275	1575
0.868402	1576
0.868499	1577
0.868654	1578
0.868756	1579
0.86888	1580
0.869014	1581
0.87043	1582
0.870635	1583
0.870858	1584
0.871037	1585
0.871496	1586
0.871661	1587
0.871868	1588
0.872029	1589
0.872177	1590
0.872273	1591
0.87241	1592
0.872511	1593
0.872613	1594
0.872725	1595
0.872867	1596
0.87296	1597
0.873089	1598
0.873185	1599
0.87331	1600
0.873925	1601
0.874261	1602
0.874493	1603
0.87475	1604
0.875183	1605
0.875563	1606
0.875936	1607
0.876472	1608
0.876718	1609
0.876925	1610
0.877077	1611
0.877251	1612
0.877475	1613
0.877698	1614
0.878183	1615
0.878447	1616
0.878741	1617
0.878983	1618
0.879382	1619
0.879667	1620
0.87987	1621
0.88023	1622
0.880413	1623
0.880538	1624
0.880709	1625
0.880949	1626
0.88108	1627
0.881195	1628
0.881301	1629
0.881427	1630
0.881526	1631
0.881725	1632
0.881869	1633
0.881984	1634
0.882079	1635
0.882185	1636
0.882278	1637
0.882384	1638
0.882478	1639
0.882581	1640
0.882696	1641
0.882813	1642
0.882909	1643
0.883057	1644
0.883189	1645
0.883306	1646
0.883421	1647
0.883539	1648
0.88364	1649
0.883749	1650
0.883841	1651
0.883978	1652
0.884084	1653
0.884197	1654
0.884298	1655
0.884413	1656
0.884517	1657
0.884671	1658
0.884784	1659
0.884904	1660
0.885002	1661
0.885111	1662
0.885213	1663
0.88544	1664
0.885666	1665
0.885844	1666
0.885977	1667
0.886141	1668
0.886355	1669
0.886735	1670
0.886973	1671
0.88715	1672
0.887271	1673
0.887412	1674
0.88753	1675
0.887687	1676
0.887802	1677
0.887923	1678
0.888052	1679
0.888213	1680
0.888329	1681
0.888482	1682
0.8886	1683
0.888765	1684
0.888881	1685
0.88903	1686
0.889147	1687
0.88927	1688
0.889374	1689
0.889491	1690
0.889599	1691
0.88974	1692
0.889849	1693
0.890008	1694
0.890121	1695
0.890253	1696
0.89036	1697
0.890477	1698
0.89058	1699
0.890731	1700
0.890847	1701
0.89098	1702
0.891092	1703
0.89122	1704
0.891324	1705
0.891437	1706
0.891567	1707
0.891698	1708
0.891805	1709
0.891922	1710
0.89204	1711
0.892354	1712
0.892461	1713
0.892602	1714
0.892714	1715
0.892847	1716
0.892967	1717
0.893088	1718
0.893225	1719
0.893345	1720
0.89345	1721
0.893747	1722
0.893962	1723
0.894133	1724
0.894245	1725
0.894381	1726
0.894469	1727
0.894598	1728
0.894705	1729
0.894859	1730
0.894981	1731
0.895145	1732
0.895259	1733
0.895388	1734
0.895514	1735
0.895657	1736
0.895783	1737
0.89589	1738
0.896008	1739
0.896135	1740
0.896254	1741
0.896355	1742
0.896457	1743
0.896587	1744
0.896691	1745
0.896836	1746
0.896926	1747
0.897053	1748
0.897142	1749
0.897267	1750
0.897357	1751
0.897483	1752
0.897569	1753
0.897707	1754
0.897824	1755
0.89794	1756
0.898053	1757
0.898193	1758
0.898284	1759
0.89841	1760
0.898498	1761
0.898622	1762
0.898724	1763
0.898827	1764
0.898951	1765
0.899072	1766
0.899178	1767
0.899291	1768
0.899401	1769
0.899568	1770
0.899704	1771
0.89983	1772
0.899921	1773
0.900046	1774
0.900137	1775
0.900271	1776
0.900362	1777
0.900519	1778
0.900619	1779
0.900776	1780
0.900874	1781
0.901031	1782
0.901131	1783
0.901288	1784
0.901432	1785
0.901564	1786
0.901656	1787
0.90181	1788
0.901908	1789
0.902062	1790
0.902181	1791
0.902309	1792
0.902424	1793
0.902549	1794
0.902842	1795
0.903357	1796
0.903494	1797
0.90367	1798
0.903915	1799
0.904209	1800
0.904436	1801
0.904821	1802
0.905106	1803
0.905496	1804
0.905675	1805
0.905929	1806
0.906154	1807
0.906349	1808
0.906456	1809
0.906583	1810
0.906738	1811
0.906874	1812
0.90701	1813
0.907146	1814
0.907244	1815
0.907374	1816
0.907479	1817
0.907597	1818
0.907691	1819
0.907874	1820
0.907992	1821
0.908107	1822
0.908224	1823
0.908342	1824
0.908458	1825
0.908612	1826
0.908718	1827
0.908842	1828
0.908959	1829
0.909076	1830
0.90917	1831
0.909306	1832
0.90943	1833
0.909542	1834
0.909658	1835
0.909763	1836
0.909888	1837
0.910017	1838
0.910134	1839
0.910271	1840
0.910398	1841
0.910536	1842
0.910661	1843
0.910826	1844
0.910951	1845
0.911099	1846
0.911203	1847
0.911371	1848
0.911487	1849
0.911672	1850
0.911815	1851
0.911961	1852
0.912065	1853
0.912218	1854
0.912383	1855
0.912539	1856
0.912646	1857
0.912793	1858
0.912961	1859
0.913137	1860
0.913253	1861
0.913413	1862
0.91352	1863
0.913772	1864
0.913872	1865
0.914032	1866
0.914144	1867
0.914264	1868
0.914404	1869
0.914561	1870
0.914676	1871
0.914838	1872
0.914976	1873
0.915143	1874
0.915237	1875
0.915395	1876
0.915504	1877
0.915685	1878
0.915787	1879
0.915943	1880
0.916057	1881
0.916202	1882
0.916315	1883
0.916459	1884
0.916598	1885
0.916747	1886
0.916862	1887
0.917013	1888
0.917203	1889
0.917335	1890
0.917464	1891
0.917602	1892
0.917696	1893
0.917887	1894
0.918007	1895
0.918152	1896
0.91837	1897
0.918532	1898
0.918652	1899
0.918797	1900
0.918953	1901
0.919123	1902
0.919244	1903
0.919378	1904
0.91949	1905
0.919642	1906
0.919785	1907
0.919928	1908
0.920042	1909
0.920169	1910
0.92028	1911
0.920408	1912
0.92052	1913
0.920648	1914
0.920757	1915
0.920882	1916
0.921009	1917
0.921148	1918
0.921295	1919
0.921442	1920
0.921562	1921
0.921689	1922
0.921808	1923
0.921978	1924
0.922108	1925
0.922248	1926
0.922367	1927
0.922527	1928
0.922651	1929
0.922806	1930
0.923001	1931
0.923167	1932
0.923291	1933
0.923451	1934
0.923578	1935
0.923719	1936
0.923841	1937
0.924015	1938
0.924139	1939
0.924386	1940
0.924524	1941
0.924668	1942
0.924784	1943
0.924938	1944
0.92506	1945
0.925214	1946
0.925332	1947
0.925462	1948
0.925573	1949
0.925727	1950
0.92586	1951
0.926022	1952
0.926144	1953
0.926276	1954
0.926374	1955
0.92657	1956
0.926696	1957
0.926849	1958
0.926961	1959
0.927137	1960
0.927249	1961
0.927442	1962
0.927566	1963
0.92775	1964
0.928029	1965
0.92838	1966
0.928588	1967
0.928752	1968
0.928873	1969
0.929039	1970
0.929163	1971
0.929302	1972
0.929418	1973
0.929549	1974
0.92969	1975
0.929848	1976
0.92998	1977
0.930137	1978
0.930276	1979
0.930435	1980
0.930677	1981
0.930907	1982
0.931229	1983
0.9315	1984
0.931689	1985
0.931976	1986
0.932226	1987
0.932585	1988
0.932712	1989
0.93287	1990
0.932994	1991
0.933125	1992
0.933243	1993
0.933373	1994
0.933518	1995
0.933665	1996
0.933784	1997
0.933949	1998
0.934074	1999
0.934232	2000
0.934365	2001
0.934504	2002
0.934625	2003
0.93487	2004
0.934998	2005
0.935162	2006
0.935291	2007
0.935429	2008
0.935548	2009
0.935756	2010
0.935882	2011
0.936014	2012
0.936173	2013
0.936311	2014
0.936432	2015
0.936569	2016
0.93669	2017
0.936819	2018
0.936937	2019
0.937094	2020
0.937257	2021
0.937424	2022
0.937546	2023
0.937716	2024
0.937836	2025
0.937972	2026
0.938094	2027
0.938222	2028
0.938339	2029
0.938495	2030
0.938624	2031
0.938765	2032
0.938887	2033
0.939051	2034
0.93918	2035
0.939365	2036
0.939495	2037
0.939653	2038
0.939781	2039
0.939938	2040
0.940062	2041
0.940195	2042
0.940312	2043
0.940443	2044
0.94059	2045
0.941026	2046
0.941326	2047
0.941598	2048
0.941884	2049
0.942223	2050
0.942499	2051
0.942867	2052
0.943336	2053
0.94369	2054
0.943914	2055
0.944182	2056
0.944389	2057
0.944684	2058
0.944946	2059
0.945284	2060
0.945518	2061
0.94597	2062
0.946197	2063
0.94644	2064
0.946638	2065
0.946927	2066
0.947177	2067
0.947521	2068
0.947765	2069
0.948095	2070
0.948318	2071
0.948577	2072
0.948842	2073
0.949111	2074
0.949295	2075
0.949535	2076
0.949713	2077
0.949953	2078
0.950143	2079
0.950502	2080
0.950688	2081
0.950876	2082
0.951064	2083
0.951231	2084
0.951358	2085
0.951539	2086
0.951666	2087
0.95182	2088
0.951945	2089
0.952101	2090
0.952227	2091
0.952383	2092
0.952509	2093
0.952688	2094
0.952844	2095
0.953017	2096
0.953146	2097
0.953321	2098
0.953451	2099
0.95361	2100
0.953739	2101
0.953899	2102
0.954028	2103
0.954184	2104
0.954338	2105
0.954495	2106
0.95462	2107
0.954784	2108
0.954909	2109
0.955074	2110
0.955225	2111
0.955388	2112
0.955515	2113
0.95567	2114
0.955797	2115
0.955962	2116
0.956091	2117
0.956358	2118
0.956503	2119
0.956683	2120
0.956812	2121
0.956979	2122
0.957106	2123
0.957287	2124
0.957414	2125
0.957549	2126
0.957669	2127
0.957824	2128
0.95795	2129
0.958119	2130
0.958245	2131
0.958411	2132
0.958544	2133
0.9587	2134
0.95883	2135
0.95901	2136
0.959144	2137
0.959283	2138
0.959407	2139
0.959542	2140
0.959667	2141
0.959827	2142
0.959957	2143
0.960092	2144
0.960214	2145
0.960413	2146
0.960549	2147
0.960707	2148
0.960836	2149
0.96099	2150
0.961117	2151
0.961299	2152
0.961428	2153
0.961587	2154
0.961718	2155
0.961875	2156
0.962005	2157
0.962184	2158
0.96234	2159
0.9625	2160
0.96263	2161
0.962807	2162
0.962952	2163
0.963106	2164
0.963236	2165
0.963381	2166
0.963509	2167
0.963659	2168
0.963801	2169
0.963961	2170
0.964118	2171
0.964316	2172
0.96445	2173
0.96467	2174
0.964834	2175
0.967454	2176
0.968223	2177
0.969927	2178
0.970543	2179
0.972294	2180
0.972632	2181
0.972804	2182
0.973002	2183
0.973148	2184
0.973301	2185
0.973433	2186
0.973629	2187
0.973783	2188
0.973959	2189
0.974098	2190
0.974279	2191
0.974502	2192
0.974683	2193
0.974821	2194
0.974992	2195
0.97514	2196
0.975321	2197
0.975467	2198
0.975617	2199
0.975753	2200
0.975934	2201
0.976112	2202
0.976273	2203
0.976408	2204
0.976579	2205
0.976755	2206
0.97692	2207
0.97706	2208
0.977376	2209
0.977584	2210
0.977761	2211
0.977926	2212
0.978302	2213
0.978551	2214
0.978811	2215
0.979122	2216
0.979609	2217
0.979925	2218
0.980128	2219
0.980265	2220
0.980416	2221
0.980554	2222
0.980732	2223
0.980873	2224
0.981022	2225
0.981197	2226
0.981364	2227
0.981498	2228
0.981643	2229
0.98179	2230
0.982017	2231
0.982161	2232
0.982309	2233
0.982444	2234
0.982636	2235
0.982772	2236
0.98292	2237
0.98313	2238
0.983292	2239
0.983421	2240
0.983623	2241
0.983983	2242
0.984257	2243
0.984437	2244
0.984605	2245
0.984745	2246
0.984894	2247
0.985028	2248
0.985184	2249
0.985358	2250
0.98555	2251
0.985691	2252
0.985867	2253
0.986025	2254
0.986204	2255
0.986342	2256
0.986511	2257
0.98665	2258
0.986847	2259
0.986999	2260
0.987181	2261
0.98736	2262
0.987543	2263
0.987683	2264
0.987986	2265
0.988127	2266
0.988296	2267
0.988433	2268
0.988605	2269
0.988777	2270
0.988957	2271
0.989101	2272
0.98927	2273
0.989458	2274
0.989629	2275
0.989792	2276
0.989981	2277
0.990124	2278
0.990289	2279
0.990429	2280
0.990604	2281
0.990741	2282
0.990911	2283
0.991063	2284
0.991215	2285
0.991345	2286
0.991534	2287
0.991699	2288
0.991876	2289
0.992033	2290
0.992207	2291
0.992342	2292
0.992489	2293
0.992622	2294
0.992789	2295
0.992953	2296
0.993105	2297
0.99324	2298
0.993413	2299
0.993607	2300
0.993778	2301
0.99392	2302
0.994147	2303
0.994303	2304
0.994486	2305
0.994651	2306
0.994843	2307
0.995041	2308
0.99524	2309
0.99539	2310
0.995585	2311
0.995729	2312
0.995905	2313
0.996064	2314
0.996233	2315
0.996426	2316
0.996619	2317
0.996766	2318
0.996925	2319
0.997101	2320
0.997378	2321
0.997604	2322
0.997871	2323
0.998105	2324
0.999995	2325
1.00033	2326
1.00086	2327
1.00114	2328
1.00144	2329
1.00177	2330
1.00216	2331
1.00246	2332
1.00279	2333
1.00306	2334
1.00337	2335
1.00362	2336
1.00392	2337
1.00414	2338
1.00445	2339
1.00467	2340
1.00492	2341
1.00517	2342
1.00546	2343
1.00572	2344
1.00601	2345
1.0062	2346
1.0065	2347
1.00671	2348
1.00703	2349
1.00732	2350
1.00756	2351
1.00778	2352
1.00813	2353
1.00846	2354
1.00876	2355
1.009	2356
1.00935	2357
1.00961	2358
1.01011	2359
1.01026	2360
1.01045	2361
1.01064	2362
1.01082	2363
1.01098	2364
1.01128	2365
1.01143	2366
1.01163	2367
1.01178	2368
1.01198	2369
1.01215	2370
1.01233	2371
1.01248	2372
1.01266	2373
1.0128	2374
1.01299	2375
1.01314	2376
1.01333	2377
1.01348	2378
1.01366	2379
1.01381	2380
1.01398	2381
1.01413	2382
1.01433	2383
1.01449	2384
1.01468	2385
1.01483	2386
1.01505	2387
1.01521	2388
1.01539	2389
1.01554	2390
1.01573	2391
1.01588	2392
1.01605	2393
1.0162	2394
1.01641	2395
1.01656	2396
1.01674	2397
1.01689	2398
1.01708	2399
1.01723	2400
1.01743	2401
1.01758	2402
1.01777	2403
1.01793	2404
1.01813	2405
1.01828	2406
1.01848	2407
1.01863	2408
1.01881	2409
1.01898	2410
1.01943	2411
1.01979	2412
1.02021	2413
1.0205	2414
1.02085	2415
1.02112	2416
1.02146	2417
1.02172	2418
1.02228	2419
1.02262	2420
1.02297	2421
1.02324	2422
1.02357	2423
1.02383	2424
1.02417	2425
1.02451	2426
1.02489	2427
1.02517	2428
1.0255	2429
1.02576	2430
1.02609	2431
1.02641	2432
1.02679	2433
1.02715	2434
1.02751	2435
1.02779	2436
1.02812	2437
1.02837	2438
1.02901	2439
1.02932	2440
1.02966	2441
1.0299	2442
1.03022	2443
1.03055	2444
1.03096	2445
1.0313	2446
1.03154	2447
1.03169	2448
1.03188	2449
1.03204	2450
1.0322	2451
1.03235	2452
1.03273	2453
1.0329	2454
1.03309	2455
1.03324	2456
1.03343	2457
1.03361	2458
1.0338	2459
1.03395	2460
1.03414	2461
1.0343	2462
1.03449	2463
1.03466	2464
1.03488	2465
1.03542	2466
1.03583	2467
1.03607	2468
1.03717	2469
1.03738	2470
1.03762	2471
1.03779	2472
1.03801	2473
1.03817	2474
1.03834	2475
1.03861	2476
1.03913	2477
1.03947	2478
1.03988	2479
1.04017	2480
1.04047	2481
1.04069	2482
1.04136	2483
1.04167	2484
1.042	2485
1.04224	2486
1.04254	2487
1.0428	2488
1.04311	2489
1.0434	2490
1.04386	2491
1.04404	2492
1.04423	2493
1.04441	2494
1.04463	2495
1.04479	2496
1.04498	2497
1.04512	2498
1.04533	2499
1.04548	2500
1.04567	2501
1.04585	2502
1.04604	2503
1.04619	2504
1.04638	2505
1.04652	2506
1.04671	2507
1.04686	2508
1.04707	2509
1.04727	2510
1.04749	2511
1.04767	2512
1.04788	2513
1.04804	2514
1.04822	2515
1.04838	2516
1.04855	2517
1.0487	2518
1.04893	2519
1.04912	2520
1.04932	2521
1.04948	2522
1.04967	2523
1.04986	2524
1.05003	2525
1.05047	2526
1.05091	2527
1.05124	2528
1.05153	2529
1.05179	2530
1.05218	2531
1.05245	2532
1.05282	2533
1.05304	2534
1.05326	2535
1.05343	2536
1.05362	2537
1.05379	2538
1.054	2539
1.0542	2540
1.05457	2541
1.05475	2542
1.05494	2543
1.05518	2544
1.0554	2545
1.05559	2546
1.0558	2547
1.05599	2548
1.05621	2549
1.05641	2550
1.05662	2551
1.05686	2552
1.05709	2553
1.05727	2554
1.05746	2555
1.05763	2556
1.05781	2557
1.05801	2558
1.0582	2559
1.05838	2560
1.05859	2561
1.05876	2562
1.05894	2563
1.05914	2564
1.05933	2565
1.0595	2566
1.0597	2567
1.05993	2568
1.06018	2569
1.06039	2570
1.06063	2571
1.06084	2572
1.06103	2573
1.0612	2574
1.06138	2575
1.06158	2576
1.06178	2577
1.06195	2578
1.06218	2579
1.06241	2580
1.06265	2581
1.06283	2582
1.06306	2583
1.06324	2584
1.06342	2585
1.0636	2586
1.06378	2587
1.06396	2588
1.06416	2589
1.06434	2590
1.06453	2591
1.0647	2592
1.06488	2593
1.06507	2594
1.06544	2595
1.06562	2596
1.06583	2597
1.06601	2598
1.06624	2599
1.06642	2600
1.06663	2601
1.0668	2602
1.06702	2603
1.06719	2604
1.06737	2605
1.06756	2606
1.06775	2607
1.06794	2608
1.07068	2609
1.07297	2610
1.07442	2611
1.07509	2612
1.07566	2613
1.07607	2614
1.07657	2615
1.07703	2616
1.07721	2617
1.07741	2618
1.07758	2619
1.07779	2620
1.07799	2621
1.07826	2622
1.07845	2623
1.07868	2624
1.08043	2625
1.08077	2626
1.08097	2627
1.08116	2628
1.08237	2629
1.08263	2630
1.08282	2631
1.08302	2632
1.08324	2633
1.08423	2634
1.08443	2635
1.08613	2636
1.0864	2637
1.08776	2638
1.088	2639
1.08821	2640
1.08842	2641
1.08879	2642
1.08896	2643
1.08915	2644
1.08931	2645
1.08949	2646
1.08967	2647
1.08984	2648
1.09003	2649
1.09022	2650
1.09043	2651
1.09064	2652
1.0908	2653
1.09289	2654
1.09323	2655
1.09438	2656
1.09467	2657
1.09496	2658
1.09514	2659
1.09535	2660
1.09556	2661
1.09577	2662
1.09595	2663
1.09614	2664
1.09632	2665
1.0965	2666
1.09668	2667
1.09689	2668
1.09821	2669
1.09848	2670
1.0987	2671
1.09891	2672
1.09908	2673
1.09944	2674
1.09961	2675
1.09979	2676
1.09995	2677
1.10015	2678
1.10032	2679
1.10054	2680
1.10073	2681
1.10093	2682
1.10109	2683
1.10127	2684
1.10144	2685
1.10161	2686
1.10177	2687
1.10198	2688
1.10216	2689
1.10235	2690
1.1025	2691
1.10268	2692
1.10283	2693
1.10302	2694
1.10321	2695
1.10339	2696
1.10357	2697
1.10375	2698
1.10391	2699
1.10408	2700
1.10426	2701
1.10445	2702
1.10461	2703
1.10477	2704
1.10494	2705
1.10512	2706
1.10527	2707
1.10548	2708
1.10565	2709
1.10583	2710
1.10603	2711
1.10623	2712
1.1064	2713
1.10658	2714
1.10674	2715
1.10694	2716
1.10711	2717
1.10731	2718
1.10749	2719
1.10769	2720
1.10787	2721
1.10809	2722
1.10829	2723
1.1085	2724
1.10867	2725
1.10887	2726
1.10904	2727
1.10924	2728
1.10941	2729
1.10961	2730
1.1098	2731
1.11015	2732
1.11032	2733
1.11052	2734
1.11068	2735
1.1109	2736
1.11107	2737
1.11131	2738
1.1115	2739
1.1117	2740
1.11187	2741
1.11207	2742
1.11224	2743
1.11243	2744
1.11262	2745
1.1128	2746
1.11296	2747
1.11317	2748
1.11334	2749
1.11354	2750
1.11372	2751
1.11395	2752
1.11413	2753
1.11434	2754
1.11452	2755
1.1147	2756
1.11487	2757
1.11511	2758
1.1153	2759
1.11552	2760
1.11571	2761
1.11592	2762
1.1161	2763
1.11634	2764
1.11652	2765
1.11688	2766
1.11726	2767
1.11767	2768
1.11797	2769
1.11834	2770
1.11866	2771
1.11909	2772
1.11936	2773
1.11971	2774
1.11996	2775
1.1203	2776
1.12056	2777
1.12125	2778
1.12152	2779
1.12185	2780
1.12209	2781
1.12242	2782
1.12274	2783
1.12305	2784
1.12331	2785
1.12352	2786
1.1237	2787
1.1239	2788
1.12407	2789
1.12433	2790
1.1245	2791
1.12472	2792
1.12489	2793
1.12507	2794
1.12523	2795
1.12543	2796
1.1256	2797
1.1258	2798
1.126	2799
1.1262	2800
1.12637	2801
1.12658	2802
1.12676	2803
1.12697	2804
1.12718	2805
1.12741	2806
1.12759	2807
1.1278	2808
1.12799	2809
1.1282	2810
1.12839	2811
1.12867	2812
1.12897	2813
1.12944	2814
1.12984	2815
1.13023	2816
1.13057	2817
1.13109	2818
1.13147	2819
1.13186	2820
1.13219	2821
1.13293	2822
1.13323	2823
1.13362	2824
1.134	2825
1.13439	2826
1.13492	2827
1.13567	2828
1.13614	2829
1.13659	2830
1.13702	2831
1.13745	2832
1.13779	2833
1.13815	2834
1.13844	2835
1.13897	2836
1.13921	2837
1.13944	2838
1.13963	2839
1.13994	2840
1.14019	2841
1.14044	2842
1.14064	2843
1.14087	2844
1.14106	2845
1.14133	2846
1.14151	2847
1.14173	2848
1.14191	2849
1.14213	2850
1.14232	2851
1.14254	2852
1.14273	2853
1.14297	2854
1.14316	2855
1.14363	2856
1.14385	2857
1.1441	2858
1.14431	2859
1.14453	2860
1.14472	2861
1.14494	2862
1.14513	2863
1.14533	2864
1.14553	2865
1.14575	2866
1.14593	2867
1.14617	2868
1.14635	2869
1.14655	2870
1.14674	2871
1.14697	2872
1.14717	2873
1.14742	2874
1.14763	2875
1.14786	2876
1.14806	2877
1.14828	2878
1.14847	2879
1.14867	2880
1.14889	2881
1.14911	2882
1.14929	2883
1.14948	2884
1.14967	2885
1.14989	2886
1.15006	2887
1.15027	2888
1.15045	2889
1.15068	2890
1.15086	2891
1.15112	2892
1.15131	2893
1.15151	2894
1.1517	2895
1.15192	2896
1.15209	2897
1.15228	2898
1.15249	2899
1.15269	2900
1.15287	2901
1.15321	2902
1.15341	2903
1.15363	2904
1.15383	2905
1.15422	2906
1.1544	2907
1.15461	2908
1.1548	2909
1.15505	2910
1.15524	2911
1.15547	2912
1.15565	2913
1.15586	2914
1.15603	2915
1.15629	2916
1.15649	2917
1.1567	2918
1.15688	2919
1.15708	2920
1.15728	2921
1.15751	2922
1.15773	2923
1.15794	2924
1.15812	2925
1.15832	2926
1.15854	2927
1.1591	2928
1.15947	2929
1.16008	2930
1.16035	2931
1.16061	2932
1.16082	2933
1.16106	2934
1.16126	2935
1.1615	2936
1.1617	2937
1.16191	2938
1.1621	2939
1.16261	2940
1.16292	2941
1.16322	2942
1.16343	2943
1.16364	2944
1.16383	2945
1.16408	2946
1.16436	2947
1.16461	2948
1.16481	2949
1.16536	2950
1.16564	2951
1.16586	2952
1.1661	2953
1.16636	2954
1.16656	2955
1.1668	2956
1.16703	2957
1.16731	2958
1.16752	2959
1.16776	2960
1.16795	2961
1.16816	2962
1.16835	2963
1.16856	2964
1.16879	2965
1.16906	2966
1.16925	2967
1.1695	2968
1.16974	2969
1.16996	2970
1.17018	2971
1.17046	2972
1.1707	2973
1.17107	2974
1.17133	2975
1.17161	2976
1.17183	2977
1.17209	2978
1.17231	2979
1.17255	2980
1.17275	2981
1.17299	2982
1.17319	2983
1.17357	2984
1.17396	2985
1.17436	2986
1.17469	2987
1.17515	2988
1.17553	2989
1.17605	2990
1.17641	2991
1.1773	2992
1.17779	2993
1.17824	2994
1.17864	2995
1.17913	2996
1.1795	2997
1.17981	2998
1.18002	2999
1.18026	3000
1.18051	3001
1.18074	3002
1.18096	3003
1.18121	3004
1.18141	3005
1.18164	3006
1.18184	3007
1.1821	3008
1.18229	3009
1.1825	3010
1.18269	3011
1.1829	3012
1.18312	3013
1.18339	3014
1.1836	3015
1.18384	3016
1.18409	3017
1.18435	3018
1.18455	3019
1.18479	3020
1.18501	3021
1.1853	3022
1.18552	3023
1.18578	3024
1.186	3025
1.1863	3026
1.18651	3027
1.18679	3028
1.18706	3029
1.18731	3030
1.18754	3031
1.18812	3032
1.18837	3033
1.1886	3034
1.18883	3035
1.18906	3036
1.18927	3037
1.1895	3038
1.18985	3039
1.19037	3040
1.19075	3041
1.19126	3042
1.1916	3043
1.19188	3044
1.19209	3045
1.19237	3046
1.1926	3047
1.19285	3048
1.19307	3049
1.19332	3050
1.19353	3051
1.19377	3052
1.19402	3053
1.19423	3054
1.19441	3055
1.19463	3056
1.19482	3057
1.19507	3058
1.1953	3059
1.19561	3060
1.19586	3061
1.19613	3062
1.19634	3063
1.1966	3064
1.1968	3065
1.19703	3066
1.19727	3067
1.19751	3068
1.19773	3069
1.198	3070
1.19823	3071
1.19848	3072
1.19869	3073
1.19921	3074
1.19946	3075
1.20007	3076
1.20042	3077
1.2007	3078
1.20091	3079
1.20115	3080
1.20135	3081
1.20161	3082
1.20186	3083
1.20211	3084
1.20231	3085
1.20255	3086
1.20277	3087
1.203	3088
1.20321	3089
1.20344	3090
1.20366	3091
1.20392	3092
1.20412	3093
1.20438	3094
1.20464	3095
1.20488	3096
1.20508	3097
1.20531	3098
1.20556	3099
1.20579	3100
1.206	3101
1.20624	3102
1.20644	3103
1.20668	3104
1.2069	3105
1.20719	3106
1.20746	3107
1.2079	3108
1.20817	3109
1.20842	3110
1.20864	3111
1.20887	3112
1.2091	3113
1.20934	3114
1.20957	3115
1.21006	3116
1.21036	3117
1.21066	3118
1.21088	3119
1.21115	3120
1.21138	3121
1.21164	3122
1.21185	3123
1.2121	3124
1.21231	3125
1.21255	3126
1.21276	3127
1.21299	3128
1.2132	3129
1.21351	3130
1.21378	3131
1.21402	3132
1.21423	3133
1.21447	3134
1.21468	3135
1.21492	3136
1.21517	3137
1.21542	3138
1.21565	3139
1.21591	3140
1.21612	3141
1.21638	3142
1.2166	3143
1.21684	3144
1.21705	3145
1.21729	3146
1.21751	3147
1.21781	3148
1.21804	3149
1.21827	3150
1.21847	3151
1.21868	3152
1.21886	3153
1.22035	3154
1.22084	3155
1.22135	3156
1.22179	3157
1.2226	3158
1.22302	3159
1.22348	3160
1.22396	3161
1.22444	3162
1.22484	3163
1.22532	3164
1.22577	3165
1.2263	3166
1.22675	3167
1.22717	3168
1.22746	3169
1.22777	3170
1.22805	3171
1.22833	1585.5
1.22857	1585.5
1.22882	1585.5
1.22904	1585.5
1.22927	1585.5
1.22948	1585.5
1.22976	1585.5
1.22998	1585.5
1.23022	1585.51
1.23045	1585.51
1.23069	1585.51
1.23091	1585.51
1.23121	1585.51
1.23145	1585.51
1.23168	1585.51
1.23188	1585.51
1.23243	1585.51
1.23271	1585.51
1.23295	1585.51
1.23315	1585.51
1.23363	1585.51
1.23383	1585.51
1.23406	1585.51
1.23425	1585.51
1.23447	1585.52
1.23466	1585.52
1.23485	1585.52
1.23509	1585.52
1.23535	1585.52
1.23555	1585.52
1.23577	1585.52
1.23601	1585.52
1.23625	1585.52
1.23647	1585.52
1.23672	1585.52
1.23691	1585.52
1.23712	1585.52
1.23734	1585.52
1.23757	1585.52
1.23778	1585.52
1.23801	1585.53
1.23822	1585.53
1.23843	1585.53
1.23863	1585.53
1.23889	1585.53
1.23911	1585.53
1.23933	1585.53
1.23952	1585.53
1.23974	1585.53
1.23994	1585.53
1.24016	1585.53
1.24035	1585.53
1.24056	1585.53
1.24077	1585.53
1.24097	1585.53
1.24119	1585.53
1.24142	1585.54
1.24163	1585.54
1.24185	1585.54
1.24204	1585.54
1.24225	1585.54
1.24247	1585.54
1.24273	1585.54
1.24292	1585.54
1.24318	1585.54
1.24337	1585.54
1.24358	1585.54
1.24378	1585.54
1.24405	1585.54
1.24451	1585.54
1.24505	1585.54
1.24527	1585.54
1.2455	1585.55
1.24569	1585.55
1.24597	1585.55
1.24617	1585.55
1.2464	1585.55
1.24659	1585.55
1.24698	1585.55
1.24724	1585.55
1.24755	1585.55
1.24777	1585.55
1.24802	1585.55
1.24825	1585.55
1.24851	1585.55
1.24872	1585.55
1.24894	1585.55
1.24916	1585.55
1.24947	1585.56
1.24972	1585.56
1.25008	1585.56
1.25034	1585.56
1.2506	1585.56
1.25079	1585.56
1.25104	1585.56
1.25123	1585.56
1.25146	1585.56
1.25167	1585.56
1.2519	1585.56
1.25209	1585.56
1.25237	1585.56
1.25258	1585.56
1.25286	1585.56
1.25306	1585.56
1.2533	1585.57
1.2535	1585.57
1.25372	1585.57
1.25393	1585.57
1.25416	1585.57
1.25435	1585.57
1.25458	1585.57
1.25478	1585.57
1.25503	1585.57
1.25524	1585.57
1.25568	1585.57
1.25597	1585.57
1.25623	1585.57
1.25644	1585.57
1.25668	1585.57
1.25692	1585.58
1.25715	1585.58
1.25735	1585.58
1.25757	1585.58
1.25777	1585.58
1.25798	1585.58
1.25817	1585.58
1.25838	1585.58
1.25858	1585.58
1.2588	1585.58
1.25903	1585.58
1.25925	1585.58
1.25966	1585.58
1.25985	1585.58
1.26008	1585.58
1.2603	1585.58
1.26053	1585.59
1.26071	1585.59
1.26093	1585.59
1.26111	1585.59
1.26136	1585.59
1.26154	1585.59
1.26177	1585.59
1.26198	1585.59
1.26222	1585.59
1.26241	1585.59
1.26263	1585.59
1.26287	1585.59
1.26314	1585.59
1.26334	1585.59
1.26354	1585.59
1.26373	1585.59
1.26394	1585.6
1.26412	1585.6
1.26434	1585.6
1.26456	1585.6
1.26478	1585.6
1.26501	1585.6
1.2652	1585.6
1.2654	1585.6
1.2656	1585.6
1.26578	1585.6
1.26601	1585.6
1.26621	1585.6
1.26669	1585.6
1.2669	1585.6
1.26714	1585.6
1.26733	1585.6
1.26754	1585.61
1.26772	1585.61
1.26793	1585.61
1.26812	1585.61
1.26833	1585.61
1.26854	1585.61
1.26878	1585.61
1.26902	1585.61
1.26923	1585.61
1.26942	1585.61
1.26961	1585.61
1.26979	1585.61
1.26997	1585.61
1.27016	1585.61
1.27034	1585.61
1.27054	1585.61
1.27076	1585.62
1.27098	1585.62
1.27119	1585.62
1.27138	1585.62
1.27159	1585.62
1.27183	1585.62
1.27205	1585.62
1.27226	1585.62
1.27248	1585.62
1.27269	1585.62
1.2743	1585.62
1.27819	1585.62
1.28246	1585.62
1.2843	1585.62
1.28656	1585.62
1.287	1585.62
1.28723	1585.63
1.28749	1585.63
1.28769	1585.63
1.28813	1585.63
1.28836	1585.63
1.28856	1585.63
1.28874	1585.63
1.28892	1585.63
1.28911	1585.63
1.28929	1585.63
1.2895	1585.63
1.2897	1585.63
1.28994	1585.63
1.29015	1585.63
1.29036	1585.63
1.29056	1585.64
1.29074	1585.64
1.29093	1585.64
1.29112	1585.64
1.29131	1585.64
1.2915	1585.64
1.29169	1585.64
1.29186	1585.64
1.29212	1585.64
1.29263	1585.64
1.2931	1585.64
1.2935	1585.64
1.29381	1585.64
1.294	1585.64
1.29421	1585.64
1.2944	1585.64
1.29459	1585.65
1.29476	1585.65
1.29496	1585.65
1.29514	1585.65
1.29533	1585.65
1.29551	1585.65
1.29569	1585.65
1.29586	1585.65
1.2961	1585.65
1.29629	1585.65
1.29648	1585.65
1.29666	1585.65
1.29684	1585.65
1.29702	1585.65
1.2972	1585.65
1.2974	1585.65
1.29759	1585.66
1.29776	1585.66
1.298	1585.66
1.29818	1585.66
1.29838	1585.66
1.29856	1585.66
1.299	1585.66
1.29923	1585.66
1.29944	1585.66
1.29963	1585.66
1.29981	1585.66
1.29999	1585.66
1.30021	1585.66
1.30039	1585.66
1.30057	1585.66
1.30076	1585.66
1.30094	1585.67
1.30112	1585.67
1.30129	1585.67
1.30149	1585.67
1.30167	1585.67
1.30186	1585.67
1.30203	1585.67
1.30224	1585.67
1.30245	1585.67
1.30263	1585.67
1.30281	1585.67
1.30299	1585.67
1.30317	1585.67
1.30336	1585.67
1.30354	1585.67
1.30371	1585.67
1.3039	1585.68
1.3041	1585.68
1.30429	1585.68
1.30445	1585.68
1.30463	1585.68
1.30481	1585.68
1.30506	1585.68
1.30525	1585.68
1.30543	1585.68
1.30559	1585.68
1.3058	1585.68
1.30598	1585.68
1.30615	1585.68
1.30632	1585.68
1.30649	1585.68
1.30666	1585.68
1.30684	1585.69
1.30703	1585.69
1.30722	1585.69
1.30741	1585.69
1.30762	1585.69
1.30781	1585.69
1.30797	1585.69
1.30814	1585.69
1.30832	1585.69
1.30851	1585.69
1.30871	1585.69
1.30888	1585.69
1.30906	1585.69
1.30925	1585.69
1.30957	1585.69
1.30979	1585.69
1.31005	1585.7
1.31026	1585.7
1.31047	1585.7
1.31068	1585.7
1.31087	1585.7
1.31109	1585.7
1.31129	1585.7
1.31145	1585.7
1.31164	1585.7
1.3118	1585.7
1.31198	1585.7
1.31214	1585.7
1.31237	1585.7
1.31256	1585.7
1.31276	1585.7
1.31295	1585.71
1.31318	1585.71
1.31336	1585.71
1.31355	1585.71
1.31373	1585.71
1.3139	1585.71
1.31406	1585.71
1.31424	1585.71
1.3144	1585.71
1.31462	1585.71
1.31481	1585.71
1.315	1585.71
1.31517	1585.71
1.31537	1585.71
1.31554	1585.71
1.31572	1585.71
1.31589	1585.72
1.31606	1585.72
1.31623	1585.72
1.31642	1585.72
1.31664	1585.72
1.31686	1585.72
1.31706	1585.72
1.31723	1585.72
1.31742	1585.72
1.3176	1585.72
1.31777	1585.72
1.31794	1585.72
1.31811	1585.72
1.31829	1585.72
1.31846	1585.72
1.31863	1585.72
1.31879	1585.73
1.31899	1585.73
1.31916	1585.73
1.31933	1585.73
1.31949	1585.73
1.31968	1585.73
1.31986	1585.73
1.32022	1585.73
1.3204	1585.73
1.32058	1585.73
1.32075	1585.73
1.32094	1585.73
1.32111	1585.73
1.32129	1585.73
1.32146	1585.73
1.32162	1585.73
1.32179	1585.74
1.32197	1585.74
1.32215	1585.74
1.32236	1585.74
1.32254	1585.74
1.32271	1585.74
1.32295	1585.74
1.32314	1585.74
1.32331	1585.74
1.32348	1585.74
1.32365	1585.74
1.32381	1585.74
1.32398	1585.74
1.32417	1585.74
1.32434	1585.74
1.3245	1585.74
1.3247	1585.75
1.32487	1585.75
1.32504	1585.75
1.3252	1585.75
1.32537	1585.75
1.32554	1585.75
1.32603	1585.75
1.32621	1585.75
1.32638	1585.75
1.32657	1585.75
1.32674	1585.75
1.32691	1585.75
1.32709	1585.75
1.32727	1585.75
1.32744	1585.75
1.32761	1585.75
1.32777	1585.76
1.32799	1585.76
1.32816	1585.76
1.32833	1585.76
1.3285	1585.76
1.32872	1585.76
1.32889	1585.76
1.32909	1585.76
1.3293	1585.76
1.3313	1585.76
1.33161	1585.76
1.33188	1585.76
1.33208	1585.76
1.33247	1585.76
1.33266	1585.76
1.33284	1585.76
1.33303	1585.77
1.33323	1585.77
1.33453	1585.77
1.33478	1585.77
1.33501	1585.77
1.33527	1585.77
1.3355	1585.77
1.33569	1585.77
1.33588	1585.77
1.33605	1585.77
1.33623	1585.77
1.3364	1585.77
1.33659	1585.77
1.33678	1585.77
1.33697	1585.77
1.33715	1585.78
1.33736	1585.78
1.33756	1585.78
1.33775	1585.78
1.33792	1585.78
1.3381	1585.78
1.33828	1585.78
1.33845	1585.78
1.33865	1585.78
1.33884	1585.78
1.33907	1585.78
1.3393	1585.78
1.33949	1585.78
1.33966	1585.78
1.33984	1585.78
1.34	1585.78
1.34018	1585.79
1.34036	1585.79
1.34055	1585.79
1.34075	1585.79
1.341	1585.79
1.3412	1585.79
1.34139	1585.79
1.34157	1585.79
1.34176	1585.79
1.34195	1585.79
1.34213	1585.79
1.34232	1585.79
1.34255	1585.79
1.34273	1585.79
1.34314	1585.79
1.34332	1585.79
1.34359	1585.8
1.34377	1585.8
1.34396	1585.8
1.34416	1585.8
1.34436	1585.8
1.34457	1585.8
1.34477	1585.8
1.34494	1585.8
1.34518	1585.8
1.34535	1585.8
1.34555	1585.8
1.34572	1585.8
3.69785	1585.8
3.69834	1585.8
3.69862	1585.8
3.6989	1585.8
3.69913	1585.81
3.69935	1585.81
3.69956	1585.81
3.69976	1585.81
3.69993	1585.81
3.70011	1585.81
3.70027	1585.81
3.70046	1585.81
3.70078	1585.81
3.70098	1585.81
3.70116	1585.81
3.70134	1585.81
3.7015	1585.81
3.70168	1585.81
3.70184	1585.81
3.70202	1585.81
3.70217	1585.82
3.70238	1585.82
3.70254	1585.82
3.70271	1585.82
3.70287	1585.82
3.70319	1585.82
3.70337	1585.82
3.70365	1585.82
3.70392	1585.82
3.70413	1585.82
3.70429	1585.82
3.7045	1585.82
3.70467	1585.82
3.70487	1585.82
3.70504	1585.82
3.70543	1585.82
3.7056	1585.83
3.7059	1585.83
3.70606	1585.83
3.70625	1585.83
3.70643	1585.83
3.70671	1585.83
3.70688	1585.83
3.70722	1585.83
3.70741	1585.83
3.70764	1585.83
3.70783	1585.83
3.7081	1585.83
3.70829	1585.83
3.70849	1585.83
3.70866	1585.83
3.70883	1585.84
3.70903	1585.84
3.70933	1585.84
3.70954	1585.84
3.70975	1585.84
3.70996	1585.84
3.71016	1585.84
3.71033	1585.84
3.71052	1585.84
3.71069	1585.84
3.71094	1585.84
3.71145	1585.84
3.71164	1585.84
3.7118	1585.84
3.71199	1585.84
3.71215	1585.84
3.71234	1585.85
3.71251	1585.85
3.7127	1585.85
3.71288	1585.85
3.71307	1585.85
3.71401	1585.85
3.7142	1585.85
3.71436	1585.85
3.71457	1585.85
3.71474	1585.85
3.71492	1585.85
3.71507	1585.85
3.71628	1585.85
3.71646	1585.85
3.71666	1585.85
3.71684	1585.85
3.71722	1585.86
3.71739	1585.86
3.71763	1585.86
3.7178	1585.86
3.71798	1585.86
3.71813	1585.86
3.7183	1585.86
3.71847	1585.86
3.71865	1585.86
3.71878	1585.86
3.71899	1585.86
3.71914	1585.86
3.71932	1585.86
3.71945	1585.86
3.71963	1585.86
3.71976	1585.86
3.71994	1585.87
3.72007	1585.87
3.72151	1585.87
3.72167	1585.87
3.72186	1585.87
3.72205	1585.87
3.72224	1585.87
3.7224	1585.87
3.72259	1585.87
3.72274	1585.87
3.72292	1585.87
3.72308	1585.87
3.72326	1585.87
3.72339	1585.87
3.72356	1585.87
3.7237	1585.87
3.7239	1585.88
3.72405	1585.88
3.72423	1585.88
3.72437	1585.88
3.72455	1585.88
3.72469	1585.88
3.72487	1585.88
3.725	1585.88
3.72518	1585.88
3.72531	1585.88
3.72549	1585.88
3.72563	1585.88
3.7258	1585.88
3.72595	1585.88
3.72612	1585.88
3.72625	1585.88
3.72641	1585.89
3.72654	1585.89
3.7267	1585.89
3.72683	1585.89
3.72702	1585.89
3.72719	1585.89
3.72859	1585.89
3.72877	1585.89
3.72909	1585.89
3.72923	1585.89
3.72942	1585.89
3.72957	1585.89
3.72974	1585.89
3.72989	1585.89
3.73006	1585.89
3.73022	1585.89
3.7304	1585.9
3.73053	1585.9
3.73069	1585.9
3.73082	1585.9
3.73101	1585.9
3.73116	1585.9
3.73135	1585.9
3.73152	1585.9
3.73171	1585.9
3.73188	1585.9
3.73209	1585.9
3.73225	1585.9
3.73244	1585.9
3.73259	1585.9
3.73278	1585.9
3.73293	1585.91
3.73312	1585.91
3.73406	1585.91
3.73425	1585.91
3.7344	1585.91
3.7346	1585.91
3.73477	1585.91
3.73497	1585.91
3.73512	1585.91
3.73529	1585.91
3.73542	1585.91
3.73558	1585.91
3.73572	1585.91
3.73591	1585.91
3.73605	1585.91
3.73624	1585.91
3.73639	1585.92
3.73661	1585.92
3.73679	1585.92
3.73698	1585.92
3.73714	1585.92
3.73733	1585.92
3.73749	1585.92
3.73773	1585.92
3.73788	1585.92
3.73805	1585.92
3.73818	1585.92
3.73838	1585.92
3.73851	1585.92
3.73871	1585.92
3.73884	1585.92
3.73903	1585.92
3.73916	1585.93
3.73933	1585.93
3.73946	1585.93
3.73973	1585.93
3.73987	1585.93
3.74006	1585.93
3.74022	1585.93
3.74039	1585.93
3.74051	1585.93
3.74069	1585.93
3.74083	1585.93
3.741	1585.93
3.74114	1585.93
3.7413	1585.93
3.74144	1585.93
3.74161	1585.93
3.74174	1585.94
3.74195	1585.94
3.74211	1585.94
3.7423	1585.94
3.74251	1585.94
3.7427	1585.94
3.74289	1585.94
3.7431	1585.94
3.74329	1585.94
3.74346	1585.94
3.74362	1585.94
3.74375	1585.94
3.74393	1585.94
3.74409	1585.94
3.74425	1585.94
3.74441	1585.94
3.74455	1585.95
3.7447	1585.95
3.74486	1585.95
3.74501	1585.95
3.74516	1585.95
3.74534	1585.95
3.74552	1585.95
3.74571	1585.95
3.74586	1585.95
3.74604	1585.95
3.74619	1585.95
3.74636	1585.95
3.74652	1585.95
3.74669	1585.95
3.74684	1585.95
3.74703	1585.95
3.74718	1585.96
3.74735	1585.96
3.74751	1585.96
3.74768	1585.96
3.74784	1585.96
3.74802	1585.96
3.74818	1585.96
3.74835	1585.96
3.7485	1585.96
3.7487	1585.96
3.74888	1585.96
3.74906	1585.96
3.74919	1585.96
3.74938	1585.96
3.74952	1585.96
3.74969	1585.96
3.74983	1585.97
3.75001	1585.97
3.75015	1585.97
3.75043	1585.97
3.75057	1585.97
3.75074	1585.97
3.75087	1585.97
3.75105	1585.97
3.75123	1585.97
3.75142	1585.97
3.75156	1585.97
3.75176	1585.97
3.75191	1585.97
3.75209	1585.97
3.75329	1585.97
3.75347	1585.98
3.75362	1585.98
3.7538	1585.98
3.75397	1585.98
3.75459	1585.98
3.75482	1585.98
3.7575	1585.98
3.75767	1585.98
3.75782	1585.98
3.75798	1585.98
3.75812	1585.98
3.75827	1585.98
3.75841	1585.98
3.75856	1585.98
3.7587	1585.98
3.75886	1585.98
3.75904	1585.99
3.75923	1585.99
3.75939	1585.99
3.75954	1585.99
3.75973	1585.99
3.75993	1585.99
3.76008	1585.99
3.76026	1585.99
3.76041	1585.99
3.76059	1585.99
3.76077	1585.99
3.76118	1585.99
3.76134	1585.99
3.76167	1585.99
3.76181	1585.99
3.76197	1585.99
3.76211	1586
3.76226	1586
3.7624	1586
3.76255	1586
3.76269	1586
3.76288	1586
3.76307	1586
3.7633	1586
3.76345	1586
3.76362	1586
3.76376	1586
3.76392	1586
3.76406	1586
3.76423	1586
3.76438	1586
3.76455	1586
3.76473	1586.01
3.76491	1586.01
3.76505	1586.01
3.76522	1586.01
3.76537	1586.01
3.76554	1586.01
3.76568	1586.01
3.76586	1586.01
3.76601	1586.01
3.76621	1586.01
3.76649	1586.01
3.76667	1586.01
3.76681	1586.01
3.76703	1586.01
3.76717	1586.01
3.7674	1586.01
3.76756	1586.02
3.76778	1586.02
3.76794	1586.02
3.76812	1586.02
3.76827	1586.02
3.76845	1586.02
3.76859	1586.02
3.76877	1586.02
3.76895	1586.02
3.76913	1586.02
3.76927	1586.02
3.76944	1586.02
3.76959	1586.02
3.76977	1586.02
3.76992	1586.02
3.77009	1586.02
3.77024	1586.03
3.77041	1586.03
3.77055	1586.03
3.77075	1586.03
3.77091	1586.03
3.7711	1586.03
3.77125	1586.03
3.77143	1586.03
3.77159	1586.03
3.77188	1586.03
3.77203	1586.03
3.77221	1586.03
3.77236	1586.03
3.77253	1586.03
3.77272	1586.03
3.77289	1586.03
3.77303	1586.04
3.7732	1586.04
3.77335	1586.04
3.77351	1586.04
3.77366	1586.04
3.77383	1586.04
3.77399	1586.04
3.77418	1586.04
3.77433	1586.04
3.77456	1586.04
3.77472	1586.04
3.77492	1586.04
3.77509	1586.04
3.77526	1586.04
3.77541	1586.04
3.77558	1586.05
3.77575	1586.05
3.77593	1586.05
3.77607	1586.05
3.77625	1586.05
3.77641	1586.05
3.77659	1586.05
3.77675	1586.05
3.77694	1586.05
3.77708	1586.05
3.77726	1586.05
3.77741	1586.05
3.7776	1586.05
3.77775	1586.05
3.77794	1586.05
3.77808	1586.05
3.77827	1586.06
3.77842	1586.06
3.77875	1586.06
3.7789	1586.06
3.77921	1586.06
3.77956	1586.06
3.77993	1586.06
3.78007	1586.06
3.78025	1586.06
3.78039	1586.06
3.78061	1586.06
3.78078	1586.06
3.78103	1586.06
3.78118	1586.06
3.78135	1586.06
3.78149	1586.06
3.78165	1586.07
3.7819	1586.07
3.78213	1586.07
3.78227	1586.07
3.78265	1586.07
3.78286	1586.07
3.78328	1586.07
3.78343	1586.07
3.78362	1586.07
3.7838	1586.07
3.78399	1586.07
3.78414	1586.07
3.7843	1586.07
3.78444	1586.07
3.7846	1586.07
3.78477	1586.07
3.78494	1586.08
3.78508	1586.08
3.78529	1586.08
3.78546	1586.08
3.78567	1586.08
3.78582	1586.08
3.78602	1586.08
3.78617	1586.08
3.78634	1586.08
3.78648	1586.08
3.78671	1586.08
3.78688	1586.08
3.7871	1586.08
3.78734	1586.08
3.78755	1586.08
3.7877	1586.08
3.78787	1586.09
3.78802	1586.09
3.78817	1586.09
3.78831	1586.09
3.78846	1586.09
3.78864	1586.09
3.78881	1586.09
3.78897	1586.09
3.78921	1586.09
3.78937	1586.09
3.78955	1586.09
3.7897	1586.09
3.78988	1586.09
3.79004	1586.09
3.7902	1586.09
3.79037	1586.09
3.79054	1586.1
3.7907	1586.1
3.79087	1586.1
3.79104	1586.1
3.79122	1586.1
3.79136	1586.1
3.7915	1586.1
3.79165	1586.1
3.79181	1586.1
3.79198	1586.1
3.79213	1586.1
3.79226	1586.1
3.79241	1586.1
3.79255	1586.1
3.79271	1586.1
3.79287	1586.1
3.79317	1586.11
3.79331	1586.11
3.79354	1586.11
3.7937	1586.11
3.79389	1586.11
3.79403	1586.11
3.7942	1586.11
3.79435	1586.11
3.79449	1586.11
3.79464	1586.11
3.79481	1586.11
3.79496	1586.11
3.79512	1586.11
3.79526	1586.11
3.79541	1586.11
3.79555	1586.12
3.79571	1586.12
3.79588	1586.12
3.79605	1586.12
3.79618	1586.12
3.79633	1586.12
3.79648	1586.12
3.79668	1586.12
3.79686	1586.12
3.79705	1586.12
3.79722	1586.12
3.79745	1586.12
3.7976	1586.12
3.79776	1586.12
3.7979	1586.12
3.79806	1586.12
3.7982	1586.13
3.79841	1586.13
3.79855	1586.13
3.79872	1586.13
3.79886	1586.13
3.79908	1586.13
3.79923	1586.13
3.79941	1586.13
3.7996	1586.13
3.79979	1586.13
3.79993	1586.13
3.80007	1586.13
3.8002	1586.13
3.80037	1586.13
3.80051	1586.13
3.8007	1586.13
3.80092	1586.14
3.80112	1586.14
3.80126	1586.14
3.80144	1586.14
3.80159	1586.14
3.80176	1586.14
3.80189	1586.14
3.80206	1586.14
3.8022	1586.14
3.80238	1586.14
3.80252	1586.14
3.80271	1586.14
3.80285	1586.14
3.80306	1586.14
3.80324	1586.14
3.80342	1586.14
3.80359	1586.15
3.80389	1586.15
3.80407	1586.15
3.80427	1586.15
3.80443	1586.15
3.80465	1586.15
3.80482	1586.15
3.80501	1586.15
3.80515	1586.15
3.80534	1586.15
3.80555	1586.15
3.80579	1586.15
3.80598	1586.15
3.80628	1586.15
3.80644	1586.15
3.80669	1586.15
3.80692	1586.16
3.80717	1586.16
3.80734	1586.16
3.80753	1586.16
3.80766	1586.16
3.80783	1586.16
3.80798	1586.16
3.80817	1586.16
3.80832	1586.16
3.80848	1586.16
3.80861	1586.16
3.80881	1586.16
3.80895	1586.16
3.80914	1586.16
3.8093	1586.16
3.80956	1586.16
3.80972	1586.17
3.80988	1586.17
3.81002	1586.17
3.8102	1586.17
3.81034	1586.17
3.81051	1586.17
3.81067	1586.17
3.81083	1586.17
3.81102	1586.17
3.81118	1586.17
3.81133	1586.17
3.81148	1586.17
3.81162	1586.17
3.81179	1586.17
3.81193	1586.17
3.8121	1586.17
3.81225	1586.18
3.81264	1586.18
3.81279	1586.18
3.81296	1586.18
3.8131	1586.18
3.81326	1586.18
3.8134	1586.18
3.81356	1586.18
3.81369	1586.18
3.81386	1586.18
3.81399	1586.18
3.81417	1586.18
3.81434	1586.18
3.81464	1586.18
3.81477	1586.18
3.81494	1586.19
3.81508	1586.19
3.81522	1586.19
3.81534	1586.19
3.8155	1586.19
3.81562	1586.19
3.81576	1586.19
3.81591	1586.19
3.81606	1586.19
3.8162	1586.19
3.81636	1586.19
3.8165	1586.19
3.81666	1586.19
3.81679	1586.19
3.81695	1586.19
3.81709	1586.19
3.81722	1586.2
3.81735	1586.2
3.81751	1586.2
3.81763	1586.2
3.81777	1586.2
3.81788	1586.2
3.81801	1586.2
3.81817	1586.2
3.81834	1586.2
3.81848	1586.2
3.81864	1586.2
3.81903	1586.2
3.81925	1586.2
3.8194	1586.2
3.81958	1586.2
3.81972	1586.2
3.8199	1586.21
3.82007	1586.21
3.8203	1586.21
3.82044	1586.21
3.82061	1586.21
3.82076	1586.21
3.821	1586.21
3.82114	1586.21
3.8213	1586.21
3.82154	1586.21
3.82173	1586.21
3.822	1586.21
3.82235	1586.21
3.82255	1586.21
3.82276	1586.21
3.8229	1586.21
3.82311	1586.22
3.82325	1586.22
3.82339	1586.22
3.82352	1586.22
3.82371	1586.22
3.82388	1586.22
3.82417	1586.22
3.82432	1586.22
3.82453	1586.22
3.82468	1586.22
3.82504	1586.22
3.82523	1586.22
3.82557	1586.22
3.82579	1586.22
3.826	1586.22
3.82613	1586.22
3.82629	1586.23
3.82849	1586.23
3.83084	1586.23
3.83176	1586.23
3.83197	1586.23
3.83211	1586.23
3.83229	1586.23
3.83242	1586.23
3.83261	1586.23
3.83275	1586.23
3.8329	1586.23
3.83303	1586.23
3.83318	1586.23
3.83331	1586.23
3.83345	1586.23
3.83357	1586.23
3.83371	1586.24
3.83384	1586.24
3.83397	1586.24
3.83415	1586.24
3.83431	1586.24
3.83445	1586.24
3.83459	1586.24
3.83473	1586.24
3.83489	1586.24
3.83504	1586.24
3.83522	1586.24
3.83539	1586.24
3.83556	1586.24
3.83577	1586.24
3.83599	1586.24
3.83614	1586.24
3.83645	1586.25
3.83661	1586.25
3.83678	1586.25
3.8369	1586.25
3.83704	1586.25
3.83716	1586.25
3.83733	1586.25
3.83746	1586.25
3.83762	1586.25
3.83774	1586.25
3.83791	1586.25
3.83806	1586.25
3.83821	1586.25
3.83833	1586.25
3.83851	1586.25
3.83864	1586.26
3.83878	1586.26
3.8389	1586.26
3.83905	1586.26
3.83917	1586.26
3.83932	1586.26
3.83944	1586.26
3.83959	1586.26
3.83973	1586.26
3.8399	1586.26
3.84003	1586.26
3.84017	1586.26
3.84029	1586.26
3.84043	1586.26
3.84056	1586.26
3.84071	1586.26
3.84083	1586.27
3.84097	1586.27
3.84109	1586.27
3.84122	1586.27
3.84137	1586.27
3.84155	1586.27
3.84171	1586.27
3.84186	1586.27
3.84198	1586.27
3.84211	1586.27
3.84224	1586.27
3.84237	1586.27
3.84249	1586.27
3.84265	1586.27
3.84278	1586.27
3.84293	1586.27
3.84318	1586.28
3.84337	1586.28
3.84365	1586.28
3.8439	1586.28
3.84407	1586.28
3.84423	1586.28
3.84435	1586.28
3.84448	1586.28
3.84459	1586.28
3.84472	1586.28
3.84482	1586.28
3.84495	1586.28
3.84508	1586.28
3.84522	1586.28
3.84533	1586.28
3.8455	1586.28
3.84561	1586.29
3.84577	1586.29
3.84589	1586.29
3.84602	1586.29
3.84615	1586.29
3.84632	1586.29
3.84645	1586.29
3.84661	1586.29
3.84674	1586.29
3.84711	1586.29
3.84723	1586.29
3.84744	1586.29
3.84758	1586.29
3.84774	1586.29
3.84785	1586.29
3.84799	1586.29
3.84811	1586.3
3.84826	1586.3
3.84837	1586.3
3.8485	1586.3
3.8486	1586.3
3.84876	1586.3
3.84887	1586.3
3.84902	1586.3
3.84914	1586.3
3.84928	1586.3
3.84943	1586.3
3.84972	1586.3
3.84992	1586.3
3.8501	1586.3
3.85023	1586.3
3.8504	1586.3
3.85057	1586.31
3.85071	1586.31
3.85084	1586.31
3.85102	1586.31
3.8512	1586.31
3.85138	1586.31
3.85151	1586.31
3.85166	1586.31
3.85179	1586.31
3.85194	1586.31
3.85209	1586.31
3.85225	1586.31
3.85238	1586.31
3.8525	1586.31
3.85261	1586.31
3.85276	1586.31
3.8529	1586.32
3.85305	1586.32
3.85318	1586.32
3.85332	1586.32
3.85345	1586.32
3.85362	1586.32
3.85375	1586.32
3.85389	1586.32
3.85401	1586.32
3.85413	1586.32
3.85425	1586.32
3.85439	1586.32
3.85451	1586.32
3.85465	1586.32
3.85476	1586.32
3.85492	1586.33
3.85504	1586.33
3.85518	1586.33
3.8553	1586.33
3.85546	1586.33
3.85561	1586.33
3.85577	1586.33
3.85589	1586.33
3.85604	1586.33
3.85615	1586.33
3.85629	1586.33
3.8564	1586.33
3.85656	1586.33
3.85667	1586.33
3.85686	1586.33
3.85698	1586.33
3.85714	1586.34
3.85725	1586.34
3.8576	1586.34
3.85771	1586.34
3.85798	1586.34
3.85809	1586.34
3.8583	1586.34
3.85841	1586.34
3.85858	1586.34
3.85871	1586.34
3.85887	1586.34
3.85901	1586.34
3.85915	1586.34
3.85927	1586.34
3.85941	1586.34
3.85953	1586.34
3.85966	1586.35
3.85978	1586.35
3.85994	1586.35
3.86009	1586.35
3.86024	1586.35
3.86036	1586.35
3.86049	1586.35
3.86061	1586.35
3.86077	1586.35
3.86091	1586.35
3.86107	1586.35
3.86119	1586.35
3.86133	1586.35
3.86146	1586.35
3.86161	1586.35
3.86176	1586.35
3.86192	1586.36
3.86205	1586.36
3.8622	1586.36
3.86232	1586.36
3.86246	1586.36
3.8626	1586.36
3.86276	1586.36
3.86289	1586.36
3.86304	1586.36
3.86319	1586.36
3.86334	1586.36
3.86347	1586.36
3.86362	1586.36
3.86373	1586.36
3.86385	1586.36
3.86397	1586.36
3.8641	1586.37
3.86422	1586.37
3.86436	1586.37
3.86449	1586.37
3.86465	1586.37
3.86477	1586.37
3.86491	1586.37
3.86503	1586.37
3.86519	1586.37
3.86531	1586.37
3.86546	1586.37
3.86558	1586.37
3.86572	1586.37
3.86583	1586.37
3.86599	1586.37
3.8661	1586.37
3.86625	1586.38
3.86638	1586.38
3.86654	1586.38
3.86668	1586.38
3.8669	1586.38
3.86716	1586.38
3.86735	1586.38
3.86747	1586.38
3.86764	1586.38
3.86777	1586.38
3.86813	1586.38
3.86825	1586.38
3.86851	1586.38
3.86863	1586.38
3.86878	1586.38
3.86889	1586.38
3.86903	1586.39
3.86914	1586.39
3.86928	1586.39
3.86939	1586.39
3.86953	1586.39
3.86964	1586.39
3.86979	1586.39
3.86991	1586.39
3.87004	1586.39
3.87015	1586.39
3.87028	1586.39
3.87039	1586.39
3.87053	1586.39
3.87063	1586.39
3.87076	1586.39
3.87087	1586.4
3.87103	1586.4
3.87118	1586.4
3.87134	1586.4
3.87144	1586.4
3.87157	1586.4
3.87168	1586.4
3.87182	1586.4
3.87193	1586.4
3.87204	1586.4
3.87214	1586.4
3.87228	1586.4
3.87239	1586.4
3.8725	1586.4
3.8726	1586.4
3.87274	1586.4
3.87285	1586.41
3.87299	1586.41
3.87309	1586.41
3.87322	1586.41
3.87335	1586.41
3.87351	1586.41
3.87362	1586.41
3.87375	1586.41
3.87386	1586.41
3.87402	1586.41
3.87412	1586.41
3.87423	1586.41
3.87434	1586.41
3.87448	1586.41
3.87459	1586.41
3.87473	1586.41
3.87484	1586.42
3.87498	1586.42
3.87509	1586.42
3.87522	1586.42
3.87535	1586.42
3.87549	1586.42
3.8756	1586.42
3.87572	1586.42
3.87583	1586.42
3.87596	1586.42
3.87607	1586.42
3.87622	1586.42
3.87634	1586.42
3.87649	1586.42
3.8766	1586.42
3.87679	1586.42
3.87692	1586.43
3.87708	1586.43
3.87721	1586.43
3.87736	1586.43
3.87748	1586.43
3.87762	1586.43
3.87773	1586.43
3.87787	1586.43
3.87799	1586.43
3.87815	1586.43
3.87826	1586.43
3.87868	1586.43
3.87893	1586.43
3.87906	1586.43
3.8793	1586.43
3.87948	1586.43
3.87965	1586.44
3.87978	1586.44
3.87994	1586.44
3.88006	1586.44
3.88022	1586.44
3.88034	1586.44
3.88046	1586.44
3.88062	1586.44
3.88078	1586.44
3.88094	1586.44
3.88109	1586.44
3.88122	1586.44
3.88136	1586.44
3.8815	1586.44
3.88163	1586.44
3.88174	1586.44
3.88191	1586.45
3.88203	1586.45
3.88218	1586.45
3.88229	1586.45
3.88244	1586.45
3.88256	1586.45
3.88272	1586.45
3.88287	1586.45
3.88301	1586.45
3.88314	1586.45
3.88332	1586.45
3.88343	1586.45
3.88358	1586.45
3.88369	1586.45
3.88383	1586.45
3.88396	1586.45
3.88411	1586.46
3.88424	1586.46
3.88439	1586.46
3.88451	1586.46
3.88467	1586.46
3.8848	1586.46
3.88497	1586.46
3.88508	1586.46
3.88521	1586.46
3.88532	1586.46
3.88544	1586.46
3.88554	1586.46
3.88568	1586.46
3.88579	1586.46
3.88591	1586.46
3.88603	1586.47
3.88618	1586.47
3.88632	1586.47
3.88647	1586.47
3.88659	1586.47
3.88675	1586.47
3.88686	1586.47
3.88704	1586.47
3.88716	1586.47
3.8873	1586.47
3.88741	1586.47
3.88756	1586.47
3.8877	1586.47
3.88788	1586.47
3.88799	1586.47
3.88814	1586.47
3.88826	1586.48
3.88839	1586.48
3.88851	1586.48
3.88868	1586.48
3.8888	1586.48
3.8891	1586.48
3.88922	1586.48
3.88941	1586.48
3.88952	1586.48
3.88967	1586.48
3.88979	1586.48
3.88993	1586.48
3.89004	1586.48
3.89018	1586.48
3.89029	1586.48
3.89043	1586.48
3.89054	1586.49
3.89071	1586.49
3.89082	1586.49
3.89098	1586.49
3.89112	1586.49
3.89126	1586.49
3.89137	1586.49
3.89151	1586.49
3.89163	1586.49
3.89177	1586.49
3.89188	1586.49
3.89202	1586.49
3.89213	1586.49
3.89227	1586.49
3.89242	1586.49
3.89256	1586.49
3.89267	1586.5
3.89281	1586.5
3.89292	1586.5
3.89305	1586.5
3.89316	1586.5
3.89329	1586.5
3.8934	1586.5
3.89354	1586.5
3.89365	1586.5
3.89381	1586.5
3.89393	1586.5
3.89407	1586.5
3.89419	1586.5
3.89433	1586.5
3.89444	1586.5
3.89458	1586.5
3.89469	1586.51
3.89483	1586.51
3.89496	1586.51
3.8951	1586.51
3.89522	1586.51
3.89536	1586.51
3.89547	1586.51
3.89561	1586.51
3.89572	1586.51
3.89587	1586.51
3.89598	1586.51
3.89612	1586.51
3.89625	1586.51
3.89641	1586.51
3.89652	1586.51
3.89665	1586.51
3.89677	1586.52
3.89691	1586.52
3.89702	1586.52
3.89716	1586.52
3.89727	1586.52
3.89741	1586.52
3.89752	1586.52
3.89768	1586.52
3.89779	1586.52
3.89794	1586.52
3.89806	1586.52
3.89821	1586.52
3.89832	1586.52
3.89847	1586.52
3.89857	1586.52
3.89871	1586.52
3.89885	1586.53
3.899	1586.53
3.89911	1586.53
3.89926	1586.53
3.89937	1586.53
3.89963	1586.53
3.89976	1586.53
3.89989	1586.53
3.9	1586.53
3.90014	1586.53
3.90024	1586.53
3.90038	1586.53
3.90125	1586.53
3.90369	1586.53
3.90435	1586.53
3.90639	1586.53
3.90678	1586.54
3.90692	1586.54
3.90709	1586.54
3.90723	1586.54
3.90736	1586.54
3.90747	1586.54
3.90758	1586.54
3.90768	1586.54
3.90782	1586.54
3.90793	1586.54
3.90805	1586.54
3.90815	1586.54
3.90827	1586.54
3.9084	1586.54
3.90854	1586.54
3.90864	1586.55
3.90875	1586.55
3.90886	1586.55
3.90897	1586.55
3.90907	1586.55
3.90919	1586.55
3.90929	1586.55
3.9094	1586.55
3.90954	1586.55
3.90969	1586.55
3.9098	1586.55
3.91009	1586.55
3.91024	1586.55
3.9104	1586.55
3.91052	1586.55
3.91065	1586.55
3.91076	1586.56
3.91088	1586.56
3.91099	1586.56
3.91115	1586.56
3.91126	1586.56
3.91138	1586.56
3.91152	1586.56
3.91165	1586.56
3.91175	1586.56
3.9119	1586.56
3.91203	1586.56
3.91216	1586.56
3.91227	1586.56
3.9124	1586.56
3.91251	1586.56
3.91264	1586.56
3.91274	1586.57
3.91285	1586.57
3.91296	1586.57
3.91307	1586.57
3.9132	1586.57
3.91333	1586.57
3.91343	1586.57
3.91355	1586.57
3.91366	1586.57
3.91379	1586.57
3.9139	1586.57
3.91402	1586.57
3.91413	1586.57
3.91424	1586.57
3.91439	1586.57
3.91453	1586.57
3.91464	1586.58
3.91477	1586.58
3.91487	1586.58
3.915	1586.58
3.91511	1586.58
3.91524	1586.58
3.91533	1586.58
3.91545	1586.58
3.91555	1586.58
3.91567	1586.58
3.91577	1586.58
3.91588	1586.58
3.91601	1586.58
3.91615	1586.58
3.91625	1586.58
3.91641	1586.58
3.91652	1586.59
3.91664	1586.59
3.91674	1586.59
3.91686	1586.59
3.91697	1586.59
3.91708	1586.59
3.91718	1586.59
3.9173	1586.59
3.9174	1586.59
3.91757	1586.59
3.91771	1586.59
3.91785	1586.59
3.91796	1586.59
3.91811	1586.59
3.91821	1586.59
3.91833	1586.59
3.91846	1586.6
3.9186	1586.6
3.91874	1586.6
3.91887	1586.6
3.91898	1586.6
3.91913	1586.6
3.91924	1586.6
3.91938	1586.6
3.91948	1586.6
3.91962	1586.6
3.91973	1586.6
3.91986	1586.6
3.91998	1586.6
3.92016	1586.6
3.92031	1586.6
3.92058	1586.6
3.92071	1586.61
3.92086	1586.61
3.92101	1586.61
3.92116	1586.61
3.92128	1586.61
3.92142	1586.61
3.92153	1586.61
3.92175	1586.61
3.92188	1586.61
3.92201	1586.61
3.92212	1586.61
3.92229	1586.61
3.9224	1586.61
3.92254	1586.61
3.92266	1586.61
3.92281	1586.62
3.92293	1586.62
3.92306	1586.62
3.92316	1586.62
3.9233	1586.62
3.92341	1586.62
3.92357	1586.62
3.92369	1586.62
3.92383	1586.62
3.92394	1586.62
3.92407	1586.62
3.9242	1586.62
3.92434	1586.62
3.92445	1586.62
3.92459	1586.62
3.9247	1586.62
3.92484	1586.63
3.92495	1586.63
3.92508	1586.63
3.9252	1586.63
3.92535	1586.63
3.92546	1586.63
3.92557	1586.63
3.92567	1586.63
3.92581	1586.63
3.92595	1586.63
3.92609	1586.63
3.92622	1586.63
3.92636	1586.63
3.92647	1586.63
3.92663	1586.63
3.92676	1586.63
3.9269	1586.64
3.92703	1586.64
3.92718	1586.64
3.92728	1586.64
3.92743	1586.64
3.92756	1586.64
3.92771	1586.64
3.92783	1586.64
3.92799	1586.64
3.9281	1586.64
3.92824	1586.64
3.92835	1586.64
3.92846	1586.64
3.92857	1586.64
3.92872	1586.64
3.92883	1586.64
3.92898	1586.65
3.92912	1586.65
3.92926	1586.65
3.92937	1586.65
3.92951	1586.65
3.92962	1586.65
3.92977	1586.65
3.92988	1586.65
3.93001	1586.65
3.93012	1586.65
3.93025	1586.65
3.93036	1586.65
3.93051	1586.65
3.93062	1586.65
3.93075	1586.65
3.93089	1586.65
3.93118	1586.66
3.93131	1586.66
3.93148	1586.66
3.93159	1586.66
3.93175	1586.66
3.93189	1586.66
3.93204	1586.66
3.93214	1586.66
3.93229	1586.66
3.9324	1586.66
3.93253	1586.66
3.93264	1586.66
3.93277	1586.66
3.93288	1586.66
3.93302	1586.66
3.93316	1586.66
3.9333	1586.67
3.93341	1586.67
3.93354	1586.67
3.93366	1586.67
3.93381	1586.67
3.93393	1586.67
3.93407	1586.67
3.93418	1586.67
3.93433	1586.67
3.93444	1586.67
3.93456	1586.67
3.93467	1586.67
3.93481	1586.67
3.93492	1586.67
3.93507	1586.67
3.93518	1586.67
3.93532	1586.68
3.93543	1586.68
3.93557	1586.68
3.93569	1586.68
3.93587	1586.68
3.93598	1586.68
3.93614	1586.68
3.93625	1586.68
3.93637	1586.68
3.93648	1586.68
3.93661	1586.68
3.93673	1586.68
3.93688	1586.68
3.93699	1586.68
3.93713	1586.68
3.93724	1586.69
3.93739	1586.69
3.9375	1586.69
3.93762	1586.69
3.93772	1586.69
3.93785	1586.69
3.93797	1586.69
3.93811	1586.69
3.93821	1586.69
3.93841	1586.69
3.93854	1586.69
3.93869	1586.69
3.9388	1586.69
3.93895	1586.69
3.93906	1586.69
3.9392	1586.69
3.93933	1586.7
3.93947	1586.7
3.93959	1586.7
3.93974	1586.7
3.93986	1586.7
3.94	1586.7
3.94011	1586.7
3.94025	1586.7
3.94036	1586.7
3.94048	1586.7
3.94058	1586.7
3.94072	1586.7
3.94084	1586.7
3.94096	1586.7
3.94107	1586.7
3.94122	1586.7
3.94137	1586.71
3.94165	1586.71
3.94176	1586.71
3.94195	1586.71
3.94207	1586.71
3.94221	1586.71
3.94233	1586.71
3.94248	1586.71
3.94259	1586.71
3.94273	1586.71
3.94288	1586.71
3.94301	1586.71
3.94313	1586.71
3.94326	1586.71
3.94338	1586.71
3.9435	1586.71
3.94361	1586.72
3.94378	1586.72
3.94392	1586.72
3.94409	1586.72
3.94421	1586.72
3.94434	1586.72
3.94446	1586.72
3.94459	1586.72
3.94472	1586.72
3.94487	1586.72
3.94499	1586.72
3.94511	1586.72
3.94523	1586.72
3.94537	1586.72
3.94551	1586.72
3.94564	1586.72
3.94575	1586.73
3.94591	1586.73
3.94603	1586.73
3.94616	1586.73
3.94628	1586.73
3.94643	1586.73
3.94655	1586.73
3.94668	1586.73
3.94679	1586.73
3.94691	1586.73
3.94711	1586.73
3.94731	1586.73
3.94743	1586.73
3.94758	1586.73
3.94768	1586.73
3.94779	1586.73
3.94791	1586.74
3.94805	1586.74
3.94815	1586.74
3.94828	1586.74
3.94847	1586.74
3.9486	1586.74
3.94871	1586.74
3.94885	1586.74
3.94897	1586.74
3.94909	1586.74
3.9492	1586.74
3.94932	1586.74
3.94943	1586.74
3.94954	1586.74
3.94964	1586.74
3.94977	1586.74
3.94989	1586.75
3.95003	1586.75
3.95014	1586.75
3.95026	1586.75
3.95037	1586.75
3.95051	1586.75
3.95062	1586.75
3.95078	1586.75
3.95092	1586.75
3.95108	1586.75
3.95123	1586.75
3.95138	1586.75
3.9515	1586.75
3.95164	1586.75
3.95175	1586.75
3.95192	1586.76
3.95203	1586.76
3.95233	1586.76
3.95245	1586.76
3.95261	1586.76
3.95272	1586.76
3.95284	1586.76
3.95295	1586.76
3.95309	1586.76
3.95321	1586.76
3.95337	1586.76
3.95349	1586.76
3.95362	1586.76
3.95373	1586.76
3.95388	1586.76
3.95403	1586.76
3.95421	1586.77
3.95435	1586.77
3.9545	1586.77
3.95462	1586.77
3.95493	1586.77
3.95512	1586.77
3.9553	1586.77
3.95542	1586.77
3.95563	1586.77
3.95575	1586.77
3.95592	1586.77
3.95605	1586.77
3.95619	1586.77
3.95631	1586.77
3.95643	1586.77
3.95653	1586.77
3.95669	1586.78
3.95681	1586.78
3.95694	1586.78
3.95706	1586.78
3.95722	1586.78
3.95736	1586.78
3.95752	1586.78
3.95764	1586.78
3.95777	1586.78
3.95793	1586.78
3.95808	1586.78
3.95821	1586.78
3.95836	1586.78
3.95849	1586.78
3.95861	1586.78
3.95872	1586.78
3.95886	1586.79
3.95907	1586.79
3.95931	1586.79
3.95955	1586.79
3.95973	1586.79
3.95989	1586.79
3.96007	1586.79
3.96028	1586.79
3.96051	1586.79
3.96067	1586.79
3.96086	1586.79
3.96106	1586.79
3.96125	1586.79
3.9615	1586.79
3.96169	1586.79
3.96185	1586.79
3.96203	1586.8
3.96218	1586.8
3.96246	1586.8
3.96264	1586.8
3.96326	1586.8
3.96343	1586.8
3.96366	1586.8
3.96383	1586.8
3.96643	1586.8
3.96719	1586.8
3.96735	1586.8
3.9675	1586.8
3.96763	1586.8
3.96775	1586.8
3.96788	1586.8
3.96798	1586.8
3.9681	1586.81
3.96822	1586.81
3.96837	1586.81
3.96848	1586.81
3.96861	1586.81
3.96871	1586.81
3.96888	1586.81
3.96901	1586.81
3.96915	1586.81
3.96927	1586.81
3.96942	1586.81
3.96952	1586.81
3.96968	1586.81
3.9698	1586.81
3.96992	1586.81
3.97002	1586.81
3.97015	1586.82
3.97026	1586.82
3.9704	1586.82
3.97051	1586.82
3.97065	1586.82
3.97076	1586.82
3.97093	1586.82
3.97107	1586.82
3.9712	1586.82
3.97131	1586.82
3.97144	1586.82
3.97155	1586.82
3.97168	1586.82
3.97178	1586.82
3.97193	1586.82
3.97206	1586.83
3.97217	1586.83
3.97229	1586.83
3.97242	1586.83
3.97252	1586.83
3.97264	1586.83
3.97275	1586.83
3.97286	1586.83
3.973	1586.83
3.97312	1586.83
3.97321	1586.83
3.97336	1586.83
3.97349	1586.83
3.97379	1586.83
3.9739	1586.83
3.97406	1586.83
3.97416	1586.84
3.97432	1586.84
3.97443	1586.84
3.97455	1586.84
3.97466	1586.84
3.97478	1586.84
3.9749	1586.84
3.97504	1586.84
3.97515	1586.84
3.97527	1586.84
3.97541	1586.84
3.97554	1586.84
3.97565	1586.84
3.97577	1586.84
3.97588	1586.84
3.976	1586.84
3.97611	1586.85
3.97622	1586.85
3.97634	1586.85
3.9765	1586.85
3.9767	1586.85
3.97689	1586.85
3.977	1586.85
3.97712	1586.85
3.97723	1586.85
3.97735	1586.85
3.97745	1586.85
3.97757	1586.85
3.97768	1586.85
3.9778	1586.85
3.9779	1586.85
3.97804	1586.85
3.97817	1586.86
3.97834	1586.86
3.97845	1586.86
3.97861	1586.86
3.97872	1586.86
3.97885	1586.86
3.97903	1586.86
3.97918	1586.86
3.97929	1586.86
3.97941	1586.86
3.97951	1586.86
3.97963	1586.86
3.97978	1586.86
3.97991	1586.86
3.98003	1586.86
3.98015	1586.86
3.98028	1586.87
3.98041	1586.87
3.98051	1586.87
3.98067	1586.87
3.9808	1586.87
3.98094	1586.87
3.98106	1586.87
3.98117	1586.87
3.98128	1586.87
3.9814	1586.87
3.98151	1586.87
3.98164	1586.87
3.98174	1586.87
3.98186	1586.87
3.98197	1586.87
3.98208	1586.87
3.98221	1586.88
3.98234	1586.88
3.98248	1586.88
3.98262	1586.88
3.98272	1586.88
3.98284	1586.88
3.98299	1586.88
3.98313	1586.88
3.98325	1586.88
3.98338	1586.88
3.98354	1586.88
3.98367	1586.88
3.98379	1586.88
3.98392	1586.88
3.98403	1586.88
3.98432	1586.88
3.98443	1586.89
3.98458	1586.89
3.98485	1586.89
3.98497	1586.89
3.98508	1586.89
3.98525	1586.89
3.98537	1586.89
3.98552	1586.89
3.98563	1586.89
3.98575	1586.89
3.98587	1586.89
3.98602	1586.89
3.98614	1586.89
3.98629	1586.89
3.98641	1586.89
3.98652	1586.9
3.98664	1586.9
3.98678	1586.9
3.98689	1586.9
3.98705	1586.9
3.98717	1586.9
3.98729	1586.9
3.9874	1586.9
3.98751	1586.9
3.98761	1586.9
3.98773	1586.9
3.98785	1586.9
3.988	1586.9
3.98811	1586.9
3.98824	1586.9
3.98835	1586.9
3.98847	1586.91
3.98857	1586.91
3.98869	1586.91
3.98879	1586.91
3.98895	1586.91
3.98906	1586.91
3.98918	1586.91
3.98928	1586.91
3.9894	1586.91
3.98951	1586.91
3.98962	1586.91
3.98973	1586.91
3.98988	1586.91
3.99	1586.91
3.99013	1586.91
3.99024	1586.91
3.99036	1586.92
3.99047	1586.92
3.99058	1586.92
3.99069	1586.92
3.99081	1586.92
3.99091	1586.92
3.99119	1586.92
3.99131	1586.92
3.99144	1586.92
3.99156	1586.92
3.99173	1586.92
3.99187	1586.92
3.99201	1586.92
3.99212	1586.92
3.99224	1586.92
3.99235	1586.92
3.99248	1586.93
3.99259	1586.93
3.99272	1586.93
3.99287	1586.93
3.99301	1586.93
3.99312	1586.93
3.99324	1586.93
3.99335	1586.93
3.99348	1586.93
3.99359	1586.93
3.99372	1586.93
3.99388	1586.93
3.99405	1586.93
3.99417	1586.93
3.99433	1586.93
3.99454	1586.93
3.99467	1586.94
3.99478	1586.94
3.99507	1586.94
3.99519	1586.94
3.99535	1586.94
3.9955	1586.94
3.99566	1586.94
3.99577	1586.94
3.99593	1586.94
3.99604	1586.94
3.9962	1586.94
3.99632	1586.94
3.99645	1586.94
3.99656	1586.94
3.99672	1586.94
3.99688	1586.94
3.99707	1586.95
3.99718	1586.95
3.99732	1586.95
3.99743	1586.95
3.99756	1586.95
3.99767	1586.95
3.99779	1586.95
3.99794	1586.95
3.99807	1586.95
3.99822	1586.95
3.99841	1586.95
3.99852	1586.95
3.99864	1586.95
3.99875	1586.95
3.99905	1586.95
3.9992	1586.95
3.99934	1586.96
3.99945	1586.96
3.99961	1586.96
3.99972	1586.96
3.99987	1586.96
4	1586.96
4.00015	1586.96
4.00031	1586.96
4.00045	1586.96
4.00057	1586.96
4.00073	1586.96
4.00087	1586.96
4.00106	1586.96
4.0012	1586.96
4.00134	1586.96
4.00146	1586.97
4.00177	1586.97
4.00195	1586.97
4.00209	1586.97
4.0022	1586.97
4.00237	1586.97
4.00252	1586.97
4.00267	1586.97
4.00279	1586.97
4.00291	1586.97
4.00303	1586.97
4.00315	1586.97
4.00327	1586.97
4.00338	1586.97
4.00354	1586.97
4.00368	1586.97
4.00379	1586.98
4.00393	1586.98
4.00405	1586.98
4.00417	1586.98
4.00428	1586.98
4.0044	1586.98
4.00453	1586.98
4.00466	1586.98
4.00476	1586.98
4.00489	1586.98
4.00504	1586.98
4.00518	1586.98
4.0053	1586.98
4.00561	1586.98
4.00576	1586.98
4.00597	1586.98
4.00609	1586.99
4.00629	1586.99
4.00641	1586.99
4.00664	1586.99
4.00683	1586.99
4.00717	1586.99
4.00737	1586.99
4.00753	1586.99
4.00767	1586.99
4.00783	1586.99
4.00796	1586.99
4.00809	1586.99
4.0082	1586.99
4.00836	1586.99
4.00849	1586.99
4.00863	1586.99
4.00875	1587
4.00888	1587
4.00899	1587
4.00912	1587
4.00924	1587
4.00937	1587
4.00948	1587
4.00961	1587
4.00978	1587
4.00993	1587
4.01008	1587
4.01022	1587
4.01036	1587
4.0105	1587
4.01061	1587
4.01074	1587
4.01085	1587.01
4.01098	1587.01
4.0111	1587.01
4.01127	1587.01
4.0114	1587.01
4.01158	1587.01
4.01174	1587.01
4.01188	1587.01
4.012	1587.01
4.01213	1587.01
4.01224	1587.01
4.01239	1587.01
4.0125	1587.01
4.01265	1587.01
4.01277	1587.01
4.01292	1587.01
4.01305	1587.02
4.01317	1587.02
4.01328	1587.02
4.0134	1587.02
4.01351	1587.02
4.01363	1587.02
4.01376	1587.02
4.01389	1587.02
4.01402	1587.02
4.01414	1587.02
4.01425	1587.02
4.0144	1587.02
4.01452	1587.02
4.01467	1587.02
4.0148	1587.02
4.01493	1587.02
4.01506	1587.03
4.01522	1587.03
4.01532	1587.03
4.01545	1587.03
4.01558	1587.03
4.01574	1587.03
4.01589	1587.03
4.01614	1587.03
4.0163	1587.03
4.01647	1587.03
4.0166	1587.03
4.01685	1587.03
4.01699	1587.03
4.01714	1587.03
4.01726	1587.03
4.01742	1587.03
4.01755	1587.04
4.01766	1587.04
4.01777	1587.04
4.01789	1587.04
4.018	1587.04
4.01812	1587.04
4.01822	1587.04
4.01834	1587.04
4.01845	1587.04
4.01859	1587.04
4.0187	1587.04
4.01882	1587.04
4.019	1587.04
4.01913	1587.04
4.01924	1587.04
4.01936	1587.05
4.01947	1587.05
4.0196	1587.05
4.01971	1587.05
4.01984	1587.05
4.01995	1587.05
4.0201	1587.05
4.02021	1587.05
4.02036	1587.05
4.02051	1587.05
4.02065	1587.05
4.02076	1587.05
4.0209	1587.05
4.02101	1587.05
4.02118	1587.05
4.0213	1587.05
4.02143	1587.06
4.02153	1587.06
4.02166	1587.06
4.02177	1587.06
4.02188	1587.06
4.02199	1587.06
4.0221	1587.06
4.02221	1587.06
4.02233	1587.06
4.02243	1587.06
4.02257	1587.06
4.02268	1587.06
4.0228	1587.06
4.02291	1587.06
4.02307	1587.06
4.02319	1587.06
4.02332	1587.07
4.02345	1587.07
4.0236	1587.07
4.0237	1587.07
4.02383	1587.07
4.02396	1587.07
4.0241	1587.07
4.02421	1587.07
4.02436	1587.07
4.02447	1587.07
4.02461	1587.07
4.02472	1587.07
4.02484	1587.07
4.02493	1587.07
4.0251	1587.07
4.02522	1587.07
4.02532	1587.08
4.02544	1587.08
4.02556	1587.08
4.02567	1587.08
4.02579	1587.08
4.02589	1587.08
4.02605	1587.08
4.02617	1587.08
4.0263	1587.08
4.02641	1587.08
4.02667	1587.08
4.02678	1587.08
4.02692	1587.08
4.02704	1587.08
4.02716	1587.08
4.02731	1587.08
4.02744	1587.09
4.02756	1587.09
4.0277	1587.09
4.02781	1587.09
4.02795	1587.09
4.02809	1587.09
4.02822	1587.09
4.02834	1587.09
4.02846	1587.09
4.02857	1587.09
4.0287	1587.09
4.02884	1587.09
4.02897	1587.09
4.02908	1587.09
4.0292	1587.09
4.02932	1587.09
4.02944	1587.1
4.02955	1587.1
4.02966	1587.1
4.0298	1587.1
4.02993	1587.1
4.03004	1587.1
4.03019	1587.1
4.0303	1587.1
4.03045	1587.1
4.03057	1587.1
4.03069	1587.1
4.03081	1587.1
4.03093	1587.1
4.03105	1587.1
4.03118	1587.1
4.03129	1587.1
4.03149	1587.11
4.03161	1587.11
4.03175	1587.11
4.03186	1587.11
4.03199	1587.11
4.0321	1587.11
4.03222	1587.11
4.03793	1587.11
4.03807	1587.11
4.03822	1587.11
4.03835	1587.11
4.03848	1587.11
4.03863	1587.11
4.03873	1587.11
4.03886	1587.11
4.03898	1587.11
4.03913	1587.12
4.03925	1587.12
4.0394	1587.12
4.03951	1587.12
4.03964	1587.12
4.03975	1587.12
4.03988	1587.12
4.04	1587.12
4.04013	1587.12
4.04023	1587.12
4.04036	1587.12
4.04048	1587.12
4.0406	1587.12
4.04071	1587.12
4.04083	1587.12
4.04094	1587.13
4.04105	1587.13
4.04116	1587.13
4.04128	1587.13
4.0414	1587.13
4.04152	1587.13
4.04165	1587.13
4.04179	1587.13
4.04191	1587.13
4.04204	1587.13
4.04215	1587.13
4.04227	1587.13
4.04238	1587.13
4.0425	1587.13
4.04263	1587.13
4.04276	1587.13
4.04287	1587.14
4.04303	1587.14
4.04315	1587.14
4.04328	1587.14
4.04339	1587.14
4.04353	1587.14
4.04364	1587.14
4.04379	1587.14
4.04391	1587.14
4.04404	1587.14
4.04415	1587.14
4.04429	1587.14
4.04441	1587.14
4.04454	1587.14
4.04466	1587.14
4.04479	1587.14
4.04494	1587.15
4.04509	1587.15
4.04521	1587.15
4.04536	1587.15
4.04548	1587.15
4.04563	1587.15
4.04575	1587.15
4.0459	1587.15
4.04603	1587.15
4.04616	1587.15
4.0463	1587.15
4.04643	1587.15
4.04654	1587.15
4.04666	1587.15
4.04676	1587.15
4.04692	1587.15
4.04705	1587.16
4.04719	1587.16
4.0473	1587.16
4.04742	1587.16
4.04753	1587.16
4.04784	1587.16
4.04796	1587.16
4.04817	1587.16
4.04828	1587.16
4.04841	1587.16
4.04853	1587.16
4.04864	1587.16
4.04876	1587.16
4.0489	1587.16
4.04902	1587.16
4.04913	1587.16
4.04924	1587.17
4.04938	1587.17
4.0495	1587.17
4.04964	1587.17
4.04975	1587.17
4.04987	1587.17
4.04998	1587.17
4.0501	1587.17
4.0502	1587.17
4.05032	1587.17
4.05043	1587.17
4.05055	1587.17
4.05066	1587.17
4.05081	1587.17
4.05098	1587.17
4.05112	1587.17
4.05123	1587.18
4.05135	1587.18
4.05146	1587.18
4.05158	1587.18
4.0517	1587.18
4.05183	1587.18
4.05196	1587.18
4.05209	1587.18
4.0522	1587.18
4.05231	1587.18
4.05242	1587.18
4.05254	1587.18
4.05265	1587.18
4.05277	1587.18
4.0529	1587.18
4.05304	1587.18
4.05316	1587.19
4.05328	1587.19
4.0534	1587.19
4.05353	1587.19
4.05364	1587.19
4.05376	1587.19
4.05387	1587.19
4.05399	1587.19
4.0541	1587.19
4.05421	1587.19
4.05432	1587.19
4.05444	1587.19
4.05455	1587.19
4.05471	1587.19
4.05482	1587.19
4.05496	1587.2
4.05507	1587.2
4.05519	1587.2
4.0553	1587.2
4.05543	1587.2
4.05554	1587.2
4.0557	1587.2
4.05581	1587.2
4.05593	1587.2
4.05604	1587.2
4.05615	1587.2
4.05626	1587.2
4.05641	1587.2
4.05652	1587.2
4.05666	1587.2
4.05678	1587.2
4.05691	1587.21
4.05702	1587.21
4.05713	1587.21
4.05725	1587.21
4.05741	1587.21
4.05753	1587.21
4.05766	1587.21
4.05782	1587.21
4.05795	1587.21
4.05807	1587.21
4.05835	1587.21
4.05846	1587.21
4.05861	1587.21
4.05876	1587.21
4.05889	1587.21
4.059	1587.21
4.05912	1587.22
4.05924	1587.22
4.05936	1587.22
4.05949	1587.22
4.05964	1587.22
4.05977	1587.22
4.05988	1587.22
4.06	1587.22
4.06011	1587.22
4.06021	1587.22
4.06036	1587.22
4.06046	1587.22
4.06061	1587.22
4.06074	1587.22
4.0609	1587.22
4.06101	1587.22
4.06113	1587.23
4.06124	1587.23
4.06136	1587.23
4.06149	1587.23
4.06161	1587.23
4.06173	1587.23
4.06189	1587.23
4.06202	1587.23
4.06216	1587.23
4.06228	1587.23
4.0624	1587.23
4.0625	1587.23
4.06262	1587.23
4.06273	1587.23
4.06287	1587.23
4.063	1587.23
4.06319	1587.24
4.0633	1587.24
4.06345	1587.24
4.06357	1587.24
4.06371	1587.24
4.06383	1587.24
4.06395	1587.24
4.06407	1587.24
4.0642	1587.24
4.0643	1587.24
4.06442	1587.24
4.06455	1587.24
4.06468	1587.24
4.06479	1587.24
4.06491	1587.24
4.06501	1587.24
4.06513	1587.25
4.06526	1587.25
4.0654	1587.25
4.06554	1587.25
4.06567	1587.25
4.06578	1587.25
4.06592	1587.25
4.06604	1587.25
4.06618	1587.25
4.06629	1587.25
4.06643	1587.25
4.06655	1587.25
4.06667	1587.25
4.06678	1587.25
4.06692	1587.25
4.06705	1587.25
4.06719	1587.26
4.06733	1587.26
4.06749	1587.26
4.06761	1587.26
4.06776	1587.26
4.06788	1587.26
4.06803	1587.26
4.06823	1587.26
4.06839	1587.26
4.0685	1587.26
4.06877	1587.26
4.06888	1587.26
4.06906	1587.26
4.06917	1587.26
4.06931	1587.26
4.06946	1587.26
4.06959	1587.27
4.0697	1587.27
4.06982	1587.27
4.06993	1587.27
4.07004	1587.27
4.07015	1587.27
4.07028	1587.27
4.0704	1587.27
4.07057	1587.27
4.0707	1587.27
4.07083	1587.27
4.07094	1587.27
4.07108	1587.27
4.0712	1587.27
4.07134	1587.27
4.07145	1587.28
4.07159	1587.28
4.07171	1587.28
4.07187	1587.28
4.07198	1587.28
4.07213	1587.28
4.07227	1587.28
4.07243	1587.28
4.07254	1587.28
4.07268	1587.28
4.0728	1587.28
4.07292	1587.28
4.07303	1587.28
4.07318	1587.28
4.07329	1587.28
4.07344	1587.28
4.07356	1587.29
4.0737	1587.29
4.07381	1587.29
4.07395	1587.29
4.07406	1587.29
4.07418	1587.29
4.0743	1587.29
4.07447	1587.29
4.07459	1587.29
4.07474	1587.29
4.07485	1587.29
4.07501	1587.29
4.07513	1587.29
4.07528	1587.29
4.07541	1587.29
4.07556	1587.29
4.07569	1587.3
4.07583	1587.3
4.07595	1587.3
4.07609	1587.3
4.07623	1587.3
4.07639	1587.3
4.0765	1587.3
4.07665	1587.3
4.07677	1587.3
4.07692	1587.3
4.07706	1587.3
4.07721	1587.3
4.07732	1587.3
4.07746	1587.3
4.07757	1587.3
4.07771	1587.3
4.07782	1587.31
4.07796	1587.31
4.07807	1587.31
4.07822	1587.31
4.07834	1587.31
4.07847	1587.31
4.07858	1587.31
4.07871	1587.31
4.07882	1587.31
4.07895	1587.31
4.07906	1587.31
4.07937	1587.31
4.07948	1587.31
4.07964	1587.31
4.07982	1587.31
4.07996	1587.31
4.08007	1587.32
4.08023	1587.32
4.08034	1587.32
4.0805	1587.32
4.08062	1587.32
4.08077	1587.32
4.08089	1587.32
4.08104	1587.32
4.08119	1587.32
4.08135	1587.32
4.08148	1587.32
4.08163	1587.32
4.08174	1587.32
4.08189	1587.32
4.082	1587.32
4.08215	1587.32
4.08227	1587.33
4.08244	1587.33
4.08259	1587.33
4.08275	1587.33
4.08286	1587.33
4.08303	1587.33
4.08315	1587.33
4.08331	1587.33
4.08344	1587.33
4.08361	1587.33
4.08375	1587.33
4.08388	1587.33
4.08399	1587.33
4.08416	1587.33
4.08429	1587.33
4.08445	1587.33
4.08457	1587.34
4.08471	1587.34
4.08482	1587.34
4.08497	1587.34
4.08509	1587.34
4.08524	1587.34
4.08538	1587.34
4.08554	1587.34
4.08566	1587.34
4.0858	1587.34
4.08592	1587.34
4.08607	1587.34
4.0862	1587.34
4.08636	1587.34
4.08648	1587.34
4.08668	1587.34
4.0868	1587.35
4.08696	1587.35
4.08708	1587.35
4.08723	1587.35
4.08735	1587.35
4.08748	1587.35
4.08762	1587.35
4.08776	1587.35
4.08788	1587.35
4.08809	1587.35
4.08822	1587.35
4.08838	1587.35
4.08852	1587.35
4.08871	1587.35
4.08884	1587.35
4.08899	1587.36
4.08911	1587.36
4.08926	1587.36
4.08938	1587.36
4.08954	1587.36
4.08967	1587.36
4.08996	1587.36
4.09012	1587.36
4.09029	1587.36
4.09041	1587.36
4.09056	1587.36
4.09069	1587.36
4.09086	1587.36
4.091	1587.36
4.09113	1587.36
4.09125	1587.36
4.0914	1587.37
4.09152	1587.37
4.09169	1587.37
4.09182	1587.37
4.09197	1587.37
4.09219	1587.37
4.09236	1587.37
4.09249	1587.37
4.09265	1587.37
4.09277	1587.37
4.09293	1587.37
4.09305	1587.37
4.09322	1587.37
4.09338	1587.37
4.09353	1587.37
4.09364	1587.37
4.09378	1587.38
4.09393	1587.38
4.0941	1587.38
4.09423	1587.38
4.09438	1587.38
4.09451	1587.38
4.09504	1587.38
4.09529	1587.38
4.0956	1587.38
4.09595	1587.38
4.09616	1587.38
4.09629	1587.38
4.09645	1587.38
4.09671	1587.38
4.09682	1587.38
4.09778	1587.38
4.09804	1587.39
4.09829	1587.39
4.09852	1587.39
4.09891	1587.39
4.09908	1587.39
4.09922	1587.39
4.09934	1587.39
4.09947	1587.39
4.09958	1587.39
4.09972	1587.39
4.09982	1587.39
4.09998	1587.39
4.10008	1587.39
4.1004	1587.39
4.10052	1587.39
4.1007	1587.39
4.10081	1587.4
4.10108	1587.4
4.10121	1587.4
4.10145	1587.4
4.10157	1587.4
4.10168	1587.4
4.10178	1587.4
4.10191	1587.4
4.10202	1587.4
4.10218	1587.4
4.10228	1587.4
4.10241	1587.4
4.10254	1587.4
4.10271	1587.4
4.10283	1587.4
4.10297	1587.4
4.10309	1587.41
4.10322	1587.41
4.10333	1587.41
4.10344	1587.41
4.10356	1587.41
4.10371	1587.41
4.10382	1587.41
4.10394	1587.41
4.10406	1587.41
4.1042	1587.41
4.1043	1587.41
4.10442	1587.41
4.10455	1587.41
4.10467	1587.41
4.10482	1587.41
4.10498	1587.41
4.10511	1587.42
4.10525	1587.42
4.10537	1587.42
4.10553	1587.42
4.10564	1587.42
4.10577	1587.42
4.10588	1587.42
4.10599	1587.42
4.10612	1587.42
4.10625	1587.42
4.10636	1587.42
4.10652	1587.42
4.10664	1587.42
4.10678	1587.42
4.10691	1587.42
4.10709	1587.43
4.1073	1587.43
4.11121	1587.43
4.11223	1587.43
4.11237	1587.43
4.11253	1587.43
4.11267	1587.43
4.11283	1587.43
4.11293	1587.43
4.11305	1587.43
4.11317	1587.43
4.1133	1587.43
4.11342	1587.43
4.11357	1587.43
4.11371	1587.43
4.11387	1587.43
4.11402	1587.44
4.11419	1587.44
4.11431	1587.44
4.11445	1587.44
4.11458	1587.44
4.11473	1587.44
4.11485	1587.44
4.11503	1587.44
4.11515	1587.44
4.11528	1587.44
4.1154	1587.44
4.11552	1587.44
4.11564	1587.44
4.1158	1587.44
4.11592	1587.44
4.11607	1587.44
4.11624	1587.45
4.11638	1587.45
4.11649	1587.45
4.11664	1587.45
4.11676	1587.45
4.11691	1587.45
4.11703	1587.45
4.11716	1587.45
4.11727	1587.45
4.11743	1587.45
4.11756	1587.45
4.11773	1587.45
4.11786	1587.45
4.11799	1587.45
4.1181	1587.45
4.11825	1587.45
4.11838	1587.46
4.1185	1587.46
4.11862	1587.46
4.11878	1587.46
4.1189	1587.46
4.11905	1587.46
4.11916	1587.46
4.11933	1587.46
4.11945	1587.46
4.11958	1587.46
4.11969	1587.46
4.11982	1587.46
4.11995	1587.46
4.12008	1587.46
4.1202	1587.46
4.12033	1587.46
4.12044	1587.47
4.1206	1587.47
4.12076	1587.47
4.12101	1587.47
4.12121	1587.47
4.1215	1587.47
4.12162	1587.47
4.12179	1587.47
4.12197	1587.47
4.12219	1587.47
4.12236	1587.47
4.12253	1587.47
4.12266	1587.47
4.12282	1587.47
4.12295	1587.47
4.12314	1587.47
4.12327	1587.48
4.12342	1587.48
4.12356	1587.48
4.12372	1587.48
4.12384	1587.48
4.12401	1587.48
4.12414	1587.48
4.12432	1587.48
4.1245	1587.48
4.12468	1587.48
4.12482	1587.48
4.12498	1587.48
4.12511	1587.48
4.12523	1587.48
4.12534	1587.48
4.12547	1587.48
4.12559	1587.49
4.12572	1587.49
4.12583	1587.49
4.12596	1587.49
4.12608	1587.49
4.12621	1587.49
4.12638	1587.49
4.12654	1587.49
4.1267	1587.49
4.12687	1587.49
4.12703	1587.49
4.12718	1587.49
4.12731	1587.49
4.12744	1587.49
4.12755	1587.49
4.12767	1587.49
4.12781	1587.5
4.12795	1587.5
4.12809	1587.5
4.12825	1587.5
4.12837	1587.5
4.1285	1587.5
4.12862	1587.5
4.12875	1587.5
4.1289	1587.5
4.12904	1587.5
4.1292	1587.5
4.12934	1587.5
4.12945	1587.5
4.12958	1587.5
4.12968	1587.5
4.12981	1587.51
4.12992	1587.51
4.13007	1587.51
4.13019	1587.51
4.13034	1587.51
4.13046	1587.51
4.13058	1587.51
4.13069	1587.51
4.13084	1587.51
4.13097	1587.51
4.13114	1587.51
4.1313	1587.51
4.13143	1587.51
4.13156	1587.51
4.13169	1587.51
4.1318	1587.51
4.13209	1587.52
4.13221	1587.52
4.13236	1587.52
4.13247	1587.52
4.13259	1587.52
4.1327	1587.52
4.13282	1587.52
4.13295	1587.52
4.13311	1587.52
4.13323	1587.52
4.13337	1587.52
4.13348	1587.52
4.13363	1587.52
4.13374	1587.52
4.13389	1587.52
4.134	1587.52
4.13415	1587.53
4.1343	1587.53
4.13445	1587.53
4.13456	1587.53
4.1347	1587.53
4.13484	1587.53
4.13499	1587.53
4.13511	1587.53
4.13527	1587.53
4.13538	1587.53
4.13551	1587.53
4.13563	1587.53
4.13578	1587.53
4.13589	1587.53
4.13602	1587.53
4.13613	1587.53
4.13625	1587.54
4.13636	1587.54
4.13649	1587.54
4.1366	1587.54
4.13676	1587.54
4.13689	1587.54
4.13701	1587.54
4.13712	1587.54
4.13724	1587.54
4.13735	1587.54
4.13748	1587.54
4.1376	1587.54
4.13778	1587.54
4.1379	1587.54
4.13802	1587.54
4.13813	1587.54
4.13826	1587.55
4.13837	1587.55
4.13852	1587.55
4.13865	1587.55
4.1388	1587.55
4.13891	1587.55
4.13905	1587.55
4.13917	1587.55
4.13929	1587.55
4.1394	1587.55
4.13952	1587.55
4.13963	1587.55
4.13978	1587.55
4.1399	1587.55
4.14003	1587.55
4.14014	1587.55
4.14029	1587.56
4.14043	1587.56
4.14056	1587.56
4.14067	1587.56
4.14082	1587.56
4.14093	1587.56
4.14108	1587.56
4.1412	1587.56
4.14133	1587.56
4.14146	1587.56
4.14162	1587.56
4.14175	1587.56
4.14194	1587.56
4.14208	1587.56
4.14226	1587.56
4.14241	1587.56
4.14268	1587.57
4.14286	1587.57
4.14302	1587.57
4.14318	1587.57
4.14334	1587.57
4.14344	1587.57
4.14356	1587.57
4.14369	1587.57
4.1438	1587.57
4.14392	1587.57
4.14405	1587.57
4.14416	1587.57
4.14432	1587.57
4.14446	1587.57
4.14463	1587.57
4.14476	1587.57
4.1449	1587.58
4.14503	1587.58
4.14516	1587.58
4.14529	1587.58
4.1454	1587.58
4.14552	1587.58
4.14567	1587.58
4.14584	1587.58
4.14604	1587.58
4.14619	1587.58
4.14637	1587.58
4.1465	1587.58
4.14664	1587.58
4.14676	1587.58
4.14691	1587.58
4.14711	1587.59
4.1473	1587.59
4.14755	1587.59
4.14776	1587.59
4.14789	1587.59
4.14803	1587.59
4.14815	1587.59
4.14831	1587.59
4.14844	1587.59
4.1486	1587.59
4.14873	1587.59
4.14886	1587.59
4.14898	1587.59
4.14912	1587.59
4.14923	1587.59
4.14942	1587.59
4.14954	1587.6
4.14971	1587.6
4.14982	1587.6
4.14995	1587.6
4.15006	1587.6
4.15019	1587.6
4.1503	1587.6
4.15045	1587.6
4.15056	1587.6
4.15072	1587.6
4.15084	1587.6
4.151	1587.6
4.15113	1587.6
4.15126	1587.6
4.15138	1587.6
4.15152	1587.6
4.15164	1587.61
4.15179	1587.61
4.15191	1587.61
4.15205	1587.61
4.15217	1587.61
4.15229	1587.61
4.15241	1587.61
4.15254	1587.61
4.15266	1587.61
4.15281	1587.61
4.15293	1587.61
4.15323	1587.61
4.15337	1587.61
4.15352	1587.61
4.15364	1587.61
4.15376	1587.61
4.1539	1587.62
4.15405	1587.62
4.15416	1587.62
4.15431	1587.62
4.15443	1587.62
4.15456	1587.62
4.15468	1587.62
4.15481	1587.62
4.15496	1587.62
4.15511	1587.62
4.15523	1587.62
4.15534	1587.62
4.15547	1587.62
4.1556	1587.62
4.15571	1587.62
4.15585	1587.62
4.15599	1587.63
4.15613	1587.63
4.15624	1587.63
4.15637	1587.63
4.15648	1587.63
4.15659	1587.63
4.1567	1587.63
4.15682	1587.63
4.15693	1587.63
4.15708	1587.63
4.15722	1587.63
4.15735	1587.63
4.15747	1587.63
4.15759	1587.63
4.15773	1587.63
4.15788	1587.63
4.15801	1587.64
4.15819	1587.64
4.15835	1587.64
4.15849	1587.64
4.15861	1587.64
4.15876	1587.64
4.15888	1587.64
4.15902	1587.64
4.15918	1587.64
4.15931	1587.64
4.15942	1587.64
4.15955	1587.64
4.15967	1587.64
4.15979	1587.64
4.1599	1587.64
4.16002	1587.64
4.16014	1587.65
4.16028	1587.65
4.1604	1587.65
4.16053	1587.65
4.16077	1587.65
4.16088	1587.65
4.16109	1587.65
4.16172	1587.65
4.16185	1587.65
4.16196	1587.65
4.16213	1587.65
4.16225	1587.65
4.16237	1587.65
4.16248	1587.65
4.1626	1587.65
4.16271	1587.66
4.16286	1587.66
4.16309	1587.66
4.16326	1587.66
4.16342	1587.66
4.1637	1587.66
4.16382	1587.66
4.16399	1587.66
4.16414	1587.66
4.16428	1587.66
4.1644	1587.66
4.16453	1587.66
4.16471	1587.66
4.16496	1587.66
4.1651	1587.66
4.16524	1587.66
4.16535	1587.67
4.16553	1587.67
4.16566	1587.67
4.1658	1587.67
4.16592	1587.67
4.16604	1587.67
4.16616	1587.67
4.16631	1587.67
4.16643	1587.67
4.16662	1587.67
4.16675	1587.67
4.1669	1587.67
4.16707	1587.67
4.16958	1587.67
4.16978	1587.67
4.1699	1587.67
4.17002	1587.68
4.17014	1587.68
4.17029	1587.68
4.17041	1587.68
4.17056	1587.68
4.17068	1587.68
4.17083	1587.68
4.17101	1587.68
4.17117	1587.68
4.17131	1587.68
4.17146	1587.68
4.17158	1587.68
4.17173	1587.68
4.17187	1587.68
4.17201	1587.68
4.17212	1587.68
4.17227	1587.69
4.17239	1587.69
4.17254	1587.69
4.17266	1587.69
4.17279	1587.69
4.1729	1587.69
4.17306	1587.69
4.1732	1587.69
4.17334	1587.69
4.17346	1587.69
4.17362	1587.69
4.17373	1587.69
4.17389	1587.69
4.17401	1587.69
4.17428	1587.69
4.1744	1587.69
4.1746	1587.7
4.17473	1587.7
4.17489	1587.7
4.17501	1587.7
4.17516	1587.7
4.17528	1587.7
4.17544	1587.7
4.17559	1587.7
4.17574	1587.7
4.17588	1587.7
4.17605	1587.7
4.17617	1587.7
4.17633	1587.7
4.17645	1587.7
4.1766	1587.7
4.17671	1587.7
4.17685	1587.71
4.17696	1587.71
4.17712	1587.71
4.17724	1587.71
4.17737	1587.71
4.17749	1587.71
4.17761	1587.71
4.17774	1587.71
4.17794	1587.71
4.17821	1587.71
4.17841	1587.71
4.17855	1587.71
4.17878	1587.71
4.17898	1587.71
4.17918	1587.71
4.17935	1587.71
4.1796	1587.72
4.17981	1587.72
4.18001	1587.72
4.18019	1587.72
4.1804	1587.72
4.18058	1587.72
4.18077	1587.72
4.18094	1587.72
4.18113	1587.72
4.1816	1587.72
4.18183	1587.72
4.182	1587.72
4.18219	1587.72
4.18242	1587.72
4.18262	1587.72
4.1828	1587.72
4.18302	1587.73
4.18321	1587.73
4.1834	1587.73
4.18366	1587.73
4.18388	1587.73
4.18407	1587.73
4.18427	1587.73
4.18445	1587.73
4.18464	1587.73
4.18481	1587.73
4.18525	1587.73
4.18547	1587.73
4.18571	1587.73
4.1859	1587.73
4.18609	1587.73
4.18627	1587.74
4.18645	1587.74
4.1866	1587.74
4.18679	1587.74
4.18697	1587.74
4.1872	1587.74
4.18738	1587.74
4.18765	1587.74
4.18782	1587.74
4.18795	1587.74
4.18807	1587.74
4.1882	1587.74
4.18833	1587.74
4.18845	1587.74
4.18857	1587.74
4.18887	1587.74
4.18913	1587.75
4.18938	1587.75
4.18958	1587.75
4.18977	1587.75
4.18989	1587.75
4.19003	1587.75
4.19016	1587.75
4.19029	1587.75
4.1904	1587.75
4.19057	1587.75
4.1907	1587.75
4.19083	1587.75
4.19094	1587.75
4.1911	1587.75
4.19125	1587.75
4.19138	1587.75
4.19152	1587.76
4.19169	1587.76
4.19181	1587.76
4.19195	1587.76
4.19206	1587.76
4.19218	1587.76
4.19231	1587.76
4.19243	1587.76
4.19255	1587.76
4.1927	1587.76
4.19282	1587.76
4.19297	1587.76
4.19312	1587.76
4.19327	1587.76
4.19342	1587.76
4.19358	1587.76
4.19377	1587.77
4.19393	1587.77
4.19405	1587.77
4.19421	1587.77
4.19433	1587.77
4.19448	1587.77
4.1946	1587.77
4.19476	1587.77
4.19488	1587.77
4.19509	1587.77
4.19522	1587.77
4.19538	1587.77
4.1955	1587.77
4.19582	1587.77
4.19594	1587.77
4.19622	1587.77
4.19637	1587.78
4.19655	1587.78
4.19669	1587.78
4.19684	1587.78
4.19697	1587.78
4.19713	1587.78
4.19726	1587.78
4.19741	1587.78
4.19755	1587.78
4.1977	1587.78
4.19783	1587.78
4.19799	1587.78
4.19813	1587.78
4.19829	1587.78
4.19842	1587.78
4.19855	1587.78
4.19873	1587.79
4.1989	1587.79
4.19906	1587.79
4.19921	1587.79
4.19933	1587.79
4.19951	1587.79
4.19964	1587.79
4.19979	1587.79
4.19994	1587.79
4.2001	1587.79
4.20023	1587.79
4.20038	1587.79
4.2005	1587.79
4.20066	1587.79
4.20079	1587.79
4.20095	1587.79
4.20107	1587.8
4.20123	1587.8
4.20135	1587.8
4.20151	1587.8
4.20164	1587.8
4.20181	1587.8
4.20195	1587.8
4.20211	1587.8
4.20224	1587.8
4.20241	1587.8
4.20253	1587.8
4.20267	1587.8
4.20279	1587.8
4.20295	1587.8
4.20311	1587.8
4.20331	1587.8
4.20345	1587.81
4.20363	1587.81
4.20377	1587.81
4.20391	1587.81
4.20406	1587.81
4.20422	1587.81
4.20434	1587.81
4.2046	1587.81
4.20481	1587.81
4.20512	1587.81
4.2053	1587.81
4.20548	1587.81
4.20564	1587.81
4.20579	1587.81
4.20592	1587.81
4.20605	1587.82
4.20616	1587.82
4.20645	1587.82
4.20657	1587.82
4.20676	1587.82
4.20688	1587.82
4.20709	1587.82
4.20723	1587.82
4.20738	1587.82
4.2075	1587.82
4.20764	1587.82
4.20773	1587.82
4.2079	1587.82
4.20802	1587.82
4.20818	1587.82
4.20831	1587.82
4.20851	1587.83
4.20861	1587.83
4.20876	1587.83
4.20893	1587.83
4.20909	1587.83
4.20928	1587.83
4.20941	1587.83
4.20956	1587.83
4.20969	1587.83
4.2098	1587.83
4.20997	1587.83
4.21008	1587.83
4.21024	1587.83
4.21042	1587.83
4.21053	1587.83
4.21067	1587.83
4.21082	1587.84
4.21097	1587.84
4.2111	1587.84
4.21123	1587.84
4.21141	1587.84
4.21153	1587.84
4.21171	1587.84
4.21183	1587.84
4.21196	1587.84
4.21208	1587.84
4.21223	1587.84
4.21236	1587.84
4.21251	1587.84
4.21263	1587.84
4.21279	1587.84
4.21292	1587.84
4.21305	1587.85
4.21316	1587.85
4.21329	1587.85
4.21341	1587.85
4.2136	1587.85
4.21375	1587.85
4.2139	1587.85
4.21402	1587.85
4.21417	1587.85
4.2143	1587.85
4.21446	1587.85
4.21458	1587.85
4.21477	1587.85
4.2149	1587.85
4.21508	1587.85
4.21521	1587.85
4.21538	1587.86
4.21551	1587.86
4.21564	1587.86
4.21575	1587.86
4.21592	1587.86
4.21604	1587.86
4.2162	1587.86
4.21632	1587.86
4.21648	1587.86
4.21661	1587.86
4.21707	1587.86
4.21723	1587.86
4.21736	1587.86
4.21749	1587.86
4.21771	1587.86
4.21785	1587.86
4.218	1587.87
4.21816	1587.87
4.21835	1587.87
4.21847	1587.87
4.21861	1587.87
4.21873	1587.87
4.21886	1587.87
4.21906	1587.87
4.21919	1587.87
4.21931	1587.87
4.2195	1587.87
4.2196	1587.87
4.21976	1587.87
4.21992	1587.87
4.22004	1587.87
4.22019	1587.87
4.22034	1587.88
4.22046	1587.88
4.22064	1587.88
4.22076	1587.88
4.22089	1587.88
4.22097	1587.88
4.22113	1587.88
4.22123	1587.88
4.22143	1587.88
4.22153	1587.88
4.22169	1587.88
4.22181	1587.88
4.22194	1587.88
4.22205	1587.88
4.22221	1587.88
4.22234	1587.89
4.22249	1587.89
4.22261	1587.89
4.22278	1587.89
4.2229	1587.89
4.2231	1587.89
4.22323	1587.89
4.2234	1587.89
4.22352	1587.89
4.22369	1587.89
4.22382	1587.89
4.22395	1587.89
4.22406	1587.89
4.22421	1587.89
4.22433	1587.89
4.22448	1587.89
4.22459	1587.9
4.22476	1587.9
4.22491	1587.9
4.22506	1587.9
4.22518	1587.9
4.22532	1587.9
4.22547	1587.9
4.22563	1587.9
4.22574	1587.9
4.22591	1587.9
4.22605	1587.9
4.2262	1587.9
4.22632	1587.9
4.22648	1587.9
4.2266	1587.9
4.22674	1587.9
4.22686	1587.91
4.22703	1587.91
4.22716	1587.91
4.22731	1587.91
4.22746	1587.91
4.22782	1587.91
4.22794	1587.91
4.22814	1587.91
4.22826	1587.91
4.22841	1587.91
4.22853	1587.91
4.22868	1587.91
4.2288	1587.91
4.22894	1587.91
4.22909	1587.91
4.22925	1587.91
4.22938	1587.92
4.22953	1587.92
4.22966	1587.92
4.22979	1587.92
4.22991	1587.92
4.23006	1587.92
4.23019	1587.92
4.23034	1587.92
4.23046	1587.92
4.23061	1587.92
4.23073	1587.92
4.23088	1587.92
4.23101	1587.92
4.23116	1587.92
4.23128	1587.92
4.23144	1587.92
4.23156	1587.93
4.23171	1587.93
4.23183	1587.93
4.23196	1587.93
4.23207	1587.93
4.23224	1587.93
4.23238	1587.93
4.23253	1587.93
4.23266	1587.93
4.2328	1587.93
4.23292	1587.93
4.23307	1587.93
4.23319	1587.93
4.23331	1587.93
4.23346	1587.93
4.23359	1587.93
4.23371	1587.94
4.23464	1587.94
4.23478	1587.94
4.23489	1587.94
4.23502	1587.94
4.23514	1587.94
4.23529	1587.94
4.23543	1587.94
4.23558	1587.94
4.23569	1587.94
4.23582	1587.94
4.23596	1587.94
4.23614	1587.94
4.23627	1587.94
4.23643	1587.94
4.23655	1587.94
4.23668	1587.95
4.23681	1587.95
4.23696	1587.95
4.23708	1587.95
4.23722	1587.95
4.23733	1587.95
4.2375	1587.95
4.23762	1587.95
4.23776	1587.95
4.23788	1587.95
4.23803	1587.95
4.23815	1587.95
4.23846	1587.95
4.23858	1587.95
4.23872	1587.95
4.23884	1587.95
4.23899	1587.96
4.23912	1587.96
4.23925	1587.96
4.23937	1587.96
4.23953	1587.96
4.23965	1587.96
4.23979	1587.96
4.2399	1587.96
4.24005	1587.96
4.24017	1587.96
4.24032	1587.96
4.24044	1587.96
4.24061	1587.96
4.24073	1587.96
4.2409	1587.96
4.24103	1587.97
4.24119	1587.97
4.24132	1587.97
4.24147	1587.97
4.24159	1587.97
4.24174	1587.97
4.24186	1587.97
4.242	1587.97
4.24214	1587.97
4.24228	1587.97
4.24238	1587.97
4.24254	1587.97
4.24266	1587.97
4.24282	1587.97
4.24299	1587.97
4.24317	1587.97
4.2433	1587.98
4.24348	1587.98
4.24361	1587.98
4.24377	1587.98
4.24391	1587.98
4.24408	1587.98
4.24425	1587.98
4.24443	1587.98
4.24456	1587.98
4.24471	1587.98
4.24484	1587.98
4.245	1587.98
4.24512	1587.98
4.24529	1587.98
4.24545	1587.98
4.24562	1587.98
4.24574	1587.99
4.2459	1587.99
4.24603	1587.99
4.24618	1587.99
4.24634	1587.99
4.25307	1587.99
4.25331	1587.99
4.25351	1587.99
4.25377	1587.99
4.254	1587.99
4.25424	1587.99
4.25453	1587.99
4.25483	1587.99
4.25507	1587.99
4.25532	1587.99
4.25552	1587.99
4.25581	1588
4.25604	1588
4.25631	1588
4.25652	1588
4.25682	1588
4.25702	1588
4.25723	1588
4.25743	1588
4.25764	1588
4.25786	1588
4.25814	1588
4.25834	1588
4.2586	1588
4.25888	1588
4.25916	1588
4.25937	1588
4.25988	1588.01
4.26011	1588.01
4.2604	1588.01
4.2606	1588.01
4.26081	1588.01
4.261	1588.01
4.26126	1588.01
4.26146	1588.01
4.26171	1588.01
4.26191	1588.01
4.26213	1588.01
4.26231	1588.01
4.26257	1588.01
4.26276	1588.01
4.26294	1588.01
4.26316	1588.01
4.26345	1588.02
4.26367	1588.02
4.26392	1588.02
4.26415	1588.02
4.26436	1588.02
4.26456	1588.02
4.26473	1588.02
4.26497	1588.02
4.26516	1588.02
4.26534	1588.02
4.26559	1588.02
4.26578	1588.02
4.266	1588.02
4.26616	1588.02
4.26634	1588.02
4.26652	1588.02
4.2668	1588.03
4.26698	1588.03
4.26722	1588.03
4.26742	1588.03
4.26757	1588.03
4.2677	1588.03
4.26782	1588.03
4.26795	1588.03
4.26812	1588.03
4.26829	1588.03
4.26847	1588.03
4.26862	1588.03
4.26877	1588.03
4.26889	1588.03
4.26902	1588.03
4.26913	1588.03
4.26926	1588.04
4.26937	1588.04
4.26953	1588.04
4.26965	1588.04
4.26979	1588.04
4.26994	1588.04
4.27023	1588.04
4.27035	1588.04
4.27049	1588.04
4.2706	1588.04
4.27073	1588.04
4.27084	1588.04
4.27098	1588.04
4.27111	1588.04
4.27128	1588.04
4.2714	1588.05
4.27154	1588.05
4.27165	1588.05
4.2718	1588.05
4.27192	1588.05
4.27205	1588.05
4.27219	1588.05
4.27232	1588.05
4.27246	1588.05
4.2726	1588.05
4.27271	1588.05
4.27283	1588.05
4.27295	1588.05
4.27307	1588.05
4.2732	1588.05
4.27333	1588.05
4.27344	1588.06
4.27357	1588.06
4.27368	1588.06
4.27381	1588.06
4.27392	1588.06
4.27406	1588.06
4.27421	1588.06
4.27439	1588.06
4.27451	1588.06
4.27466	1588.06
4.27478	1588.06
4.27491	1588.06
4.27507	1588.06
4.27525	1588.06
4.27538	1588.06
4.27557	1588.06
4.2757	1588.07
4.27585	1588.07
4.27597	1588.07
4.2761	1588.07
4.27622	1588.07
4.27634	1588.07
4.27646	1588.07
4.27661	1588.07
4.27677	1588.07
4.2769	1588.07
4.27705	1588.07
4.2772	1588.07
4.27733	1588.07
4.27748	1588.07
4.2776	1588.07
4.27773	1588.07
4.2779	1588.08
4.27804	1588.08
4.27816	1588.08
4.27825	1588.08
4.2784	1588.08
4.27855	1588.08
4.27869	1588.08
4.27883	1588.08
4.279	1588.08
4.27916	1588.08
4.27928	1588.08
4.27949	1588.08
4.27962	1588.08
4.27976	1588.08
4.27988	1588.08
4.28003	1588.08
4.28017	1588.09
4.28031	1588.09
4.28046	1588.09
4.28076	1588.09
4.28091	1588.09
4.28104	1588.09
4.28119	1588.09
4.28161	1588.09
4.28174	1588.09
4.28187	1588.09
4.28201	1588.09
4.28214	1588.09
4.2823	1588.09
4.28244	1588.09
4.28259	1588.09
4.28271	1588.09
4.28286	1588.1
4.28297	1588.1
4.28311	1588.1
4.28324	1588.1
4.28338	1588.1
4.2835	1588.1
4.28366	1588.1
4.28378	1588.1
4.28397	1588.1
4.28408	1588.1
4.28423	1588.1
4.28434	1588.1
4.28447	1588.1
4.2846	1588.1
4.28476	1588.1
4.2849	1588.1
4.28503	1588.11
4.28518	1588.11
4.28533	1588.11
4.28546	1588.11
4.28558	1588.11
4.28573	1588.11
4.28584	1588.11
4.28597	1588.11
4.28612	1588.11
4.2863	1588.11
4.28643	1588.11
4.28656	1588.11
4.2867	1588.11
4.28685	1588.11
4.28699	1588.11
4.28714	1588.11
4.28726	1588.12
4.2874	1588.12
4.28752	1588.12
4.28766	1588.12
4.28778	1588.12
4.28793	1588.12
4.28805	1588.12
4.28822	1588.12
4.28834	1588.12
4.28851	1588.12
4.28863	1588.12
4.28878	1588.12
4.28891	1588.12
4.28906	1588.12
4.28918	1588.12
4.28932	1588.13
4.28947	1588.13
4.2898	1588.13
4.28996	1588.13
4.29011	1588.13
4.29024	1588.13
4.29039	1588.13
4.29053	1588.13
4.29069	1588.13
4.29084	1588.13
4.29106	1588.13
4.29119	1588.13
4.29149	1588.13
4.29161	1588.13
4.29178	1588.13
4.29193	1588.13
4.29212	1588.14
4.29224	1588.14
4.29245	1588.14
4.29258	1588.14
4.29273	1588.14
4.29286	1588.14
4.29302	1588.14
4.29315	1588.14
4.29331	1588.14
4.29343	1588.14
4.29358	1588.14
4.29375	1588.14
4.29389	1588.14
4.29402	1588.14
4.29417	1588.14
4.29431	1588.14
4.29446	1588.15
4.29456	1588.15
4.29474	1588.15
4.29487	1588.15
4.29504	1588.15
4.29518	1588.15
4.29534	1588.15
4.29547	1588.15
4.29563	1588.15
4.29574	1588.15
4.29585	1588.15
4.296	1588.15
4.29611	1588.15
4.29621	1588.15
4.2964	1588.15
4.29653	1588.15
4.29667	1588.16
4.29678	1588.16
4.29693	1588.16
4.29705	1588.16
4.29721	1588.16
4.29736	1588.16
4.29751	1588.16
4.29763	1588.16
4.29792	1588.16
4.29815	1588.16
4.29835	1588.16
4.29853	1588.16
4.29883	1588.16
4.29914	1588.16
4.2994	1588.16
4.29965	1588.16
4.29991	1588.17
4.30014	1588.17
4.30039	1588.17
4.30058	1588.17
4.30075	1588.17
4.30092	1588.17
4.30119	1588.17
4.30136	1588.17
4.30166	1588.17
4.30184	1588.17
4.30235	1588.17
4.30266	1588.17
4.3029	1588.17
4.30304	1588.17
4.30323	1588.17
4.30335	1588.17
4.30351	1588.18
4.30364	1588.18
4.30379	1588.18
4.30391	1588.18
4.30406	1588.18
4.30418	1588.18
4.30434	1588.18
4.30447	1588.18
4.3046	1588.18
4.30471	1588.18
4.30486	1588.18
4.30499	1588.18
4.30516	1588.18
4.30531	1588.18
4.30546	1588.18
4.30559	1588.18
4.30576	1588.19
4.30588	1588.19
4.30603	1588.19
4.30615	1588.19
4.30631	1588.19
4.30643	1588.19
4.30657	1588.19
4.30669	1588.19
4.30684	1588.19
4.30701	1588.19
4.30716	1588.19
4.30729	1588.19
4.30744	1588.19
4.30755	1588.19
4.3077	1588.19
4.30781	1588.19
4.30794	1588.2
4.30811	1588.2
4.30828	1588.2
4.30841	1588.2
4.30855	1588.2
4.30867	1588.2
4.30882	1588.2
4.30894	1588.2
4.30909	1588.2
4.30924	1588.2
4.30936	1588.2
4.30948	1588.2
4.30966	1588.2
4.30978	1588.2
4.30993	1588.2
4.31009	1588.2
4.31025	1588.21
4.31039	1588.21
4.31054	1588.21
4.31066	1588.21
4.31081	1588.21
4.31093	1588.21
4.31114	1588.21
4.31129	1588.21
4.31149	1588.21
4.31162	1588.21
4.31177	1588.21
4.31189	1588.21
4.31203	1588.21
4.31216	1588.21
4.31233	1588.21
4.31246	1588.22
4.3128	1588.22
4.31293	1588.22
4.3131	1588.22
4.31322	1588.22
4.31335	1588.22
4.31348	1588.22
4.31363	1588.22
4.31376	1588.22
4.31393	1588.22
4.31412	1588.22
4.31432	1588.22
4.31444	1588.22
4.31463	1588.22
4.31476	1588.22
4.31489	1588.22
4.31507	1588.23
4.31522	1588.23
4.31535	1588.23
4.31549	1588.23
4.31561	1588.23
4.31576	1588.23
4.31589	1588.23
4.31605	1588.23
4.31621	1588.23
4.31637	1588.23
4.31649	1588.23
4.31665	1588.23
4.31678	1588.23
4.31694	1588.23
4.31706	1588.23
4.31721	1588.23
4.31736	1588.24
4.31752	1588.24
4.31765	1588.24
4.31784	1588.24
4.318	1588.24
4.31818	1588.24
4.31831	1588.24
4.31848	1588.24
4.31862	1588.24
4.31876	1588.24
4.31889	1588.24
4.3191	1588.24
4.31923	1588.24
4.31942	1588.24
4.31955	1588.24
4.31971	1588.24
4.31987	1588.25
4.32001	1588.25
4.32013	1588.25
4.32026	1588.25
4.32038	1588.25
4.32051	1588.25
4.32062	1588.25
4.32079	1588.25
4.32094	1588.25
4.3211	1588.25
4.32122	1588.25
4.32136	1588.25
4.32147	1588.25
4.3216	1588.25
4.32173	1588.25
4.32186	1588.25
4.32198	1588.26
4.32214	1588.26
4.32226	1588.26
4.32242	1588.26
4.32255	1588.26
4.32272	1588.26
4.32285	1588.26
4.32303	1588.26
4.32316	1588.26
4.32347	1588.26
4.3236	1588.26
4.32377	1588.26
4.32392	1588.26
4.32406	1588.26
4.32418	1588.26
4.32432	1588.26
4.32444	1588.27
4.3246	1588.27
4.32474	1588.27
4.32488	1588.27
4.32504	1588.27
4.3252	1588.27
4.32532	1588.27
4.32546	1588.27
4.32555	1588.27
4.3257	1588.27
4.32582	1588.27
4.32596	1588.27
4.32609	1588.27
4.32623	1588.27
4.32638	1588.27
4.32654	1588.27
4.32667	1588.28
4.32682	1588.28
4.32695	1588.28
4.32709	1588.28
4.32721	1588.28
4.32734	1588.28
4.32746	1588.28
4.3276	1588.28
4.32772	1588.28
4.32786	1588.28
4.32799	1588.28
4.32812	1588.28
4.32823	1588.28
4.32836	1588.28
4.32851	1588.28
4.32867	1588.28
4.32881	1588.29
4.32895	1588.29
4.32906	1588.29
4.32922	1588.29
4.32935	1588.29
4.32951	1588.29
4.32969	1588.29
4.32996	1588.29
4.33027	1588.29
4.33051	1588.29
4.3307	1588.29
4.33098	1588.29
4.33113	1588.29
4.3313	1588.29
4.33164	1588.29
4.33198	1588.3
4.33219	1588.3
4.33243	1588.3
4.33262	1588.3
4.33281	1588.3
4.33305	1588.3
4.33337	1588.3
4.33361	1588.3
4.33388	1588.3
4.33412	1588.3
4.33449	1588.3
4.33462	1588.3
4.33478	1588.3
4.33491	1588.3
4.33508	1588.3
4.33525	1588.3
4.33542	1588.31
4.33555	1588.31
4.33573	1588.31
4.33589	1588.31
4.33605	1588.31
4.33618	1588.31
4.33634	1588.31
4.33647	1588.31
4.33665	1588.31
4.3368	1588.31
4.33699	1588.31
4.33714	1588.31
4.33731	1588.31
4.33743	1588.31
4.33764	1588.31
4.33776	1588.31
4.33792	1588.32
4.33802	1588.32
4.33819	1588.32
4.33834	1588.32
4.33849	1588.32
4.33864	1588.32
4.33879	1588.32
4.33891	1588.32
4.33909	1588.32
4.33922	1588.32
4.33936	1588.32
4.33948	1588.32
4.33963	1588.32
4.33975	1588.32
4.3399	1588.32
4.34002	1588.32
4.3402	1588.33
4.34033	1588.33
4.34049	1588.33
4.34064	1588.33
4.34078	1588.33
4.34088	1588.33
4.34103	1588.33
4.34119	1588.33
4.34132	1588.33
4.34144	1588.33
4.34161	1588.33
4.34174	1588.33
4.34192	1588.33
4.34203	1588.33
4.34216	1588.33
4.34228	1588.33
4.34243	1588.34
4.34257	1588.34
4.34273	1588.34
4.34283	1588.34
4.34301	1588.34
4.34313	1588.34
4.34329	1588.34
4.34343	1588.34
4.3436	1588.34
4.34373	1588.34
4.34387	1588.34
4.344	1588.34
4.34415	1588.34
4.34428	1588.34
4.34445	1588.34
4.34456	1588.34
4.34472	1588.35
4.34488	1588.35
4.34521	1588.35
4.34533	1588.35
4.34549	1588.35
4.34583	1588.35
4.3462	1588.35
4.34645	1588.35
4.34674	1588.35
4.34693	1588.35
4.34721	1588.35
4.34751	1588.35
4.34784	1588.35
4.34805	1588.35
4.34834	1588.35
4.34863	1588.35
4.34887	1588.36
4.3491	1588.36
4.34937	1588.36
4.34962	1588.36
4.34986	1588.36
4.35006	1588.36
4.35029	1588.36
4.35055	1588.36
4.35075	1588.36
4.35088	1588.36
4.35125	1588.36
4.35153	1588.36
4.35184	1588.36
4.35205	1588.36
4.35232	1588.36
4.35257	1588.36
4.35294	1588.37
4.35323	1588.37
4.35358	1588.37
4.35387	1588.37
4.35411	1588.37
4.35429	1588.37
4.3545	1588.37
4.35464	1588.37
4.35478	1588.37
4.3549	1588.37
4.35508	1588.37
4.35521	1588.37
4.35537	1588.37
4.35549	1588.37
4.35582	1588.37
4.35599	1588.38
4.35615	1588.38
4.35629	1588.38
4.35642	1588.38
4.35655	1588.38
4.3567	1588.38
4.35683	1588.38
4.35699	1588.38
4.35714	1588.38
4.3573	1588.38
4.35743	1588.38
4.35758	1588.38
4.35772	1588.38
4.35788	1588.38
4.35801	1588.38
4.35815	1588.38
4.35826	1588.39
4.35842	1588.39
4.35858	1588.39
4.35874	1588.39
4.35888	1588.39
4.35904	1588.39
4.35918	1588.39
4.3593	1588.39
4.35965	1588.39
4.36243	1588.39
4.36315	1588.39
4.36412	1588.39
4.36444	1588.39
4.36461	1588.39
4.36479	1588.39
4.36497	1588.39
4.36519	1588.4
4.36536	1588.4
4.36557	1588.4
4.3658	1588.4
4.36601	1588.4
4.3662	1588.4
4.36661	1588.4
4.36678	1588.4
4.36703	1588.4
4.36724	1588.4
4.3675	1588.4
4.36768	1588.4
4.3679	1588.4
4.36812	1588.4
4.36833	1588.4
4.36851	1588.4
4.3687	1588.41
4.36889	1588.41
4.36908	1588.41
4.36927	1588.41
4.36949	1588.41
4.36966	1588.41
4.36997	1588.41
4.37014	1588.41
4.37034	1588.41
4.37052	1588.41
4.37072	1588.41
4.37089	1588.41
4.37112	1588.41
4.37138	1588.41
4.37159	1588.41
4.37177	1588.41
4.37196	1588.42
4.37214	1588.42
4.37232	1588.42
4.3725	1588.42
4.37269	1588.42
4.37286	1588.42
4.37304	1588.42
4.37337	1588.42
4.37353	1588.42
4.37367	1588.42
4.3738	1588.42
4.37392	1588.42
4.37405	1588.42
4.37417	1588.42
4.37429	1588.42
4.37441	1588.42
4.37457	1588.43
4.37469	1588.43
4.37484	1588.43
4.37501	1588.43
4.37515	1588.43
4.37527	1588.43
4.37539	1588.43
4.37551	1588.43
4.37566	1588.43
4.37582	1588.43
4.37595	1588.43
4.37608	1588.43
4.37624	1588.43
4.37636	1588.43
4.3765	1588.43
4.37663	1588.43
4.37676	1588.44
4.3769	1588.44
4.37719	1588.44
4.37733	1588.44
4.37746	1588.44
4.37763	1588.44
4.37778	1588.44
4.3779	1588.44
4.37803	1588.44
4.37815	1588.44
4.37828	1588.44
4.3784	1588.44
4.37853	1588.44
4.37865	1588.44
4.37894	1588.44
4.37907	1588.44
4.37921	1588.45
4.37932	1588.45
4.37945	1588.45
4.37956	1588.45
4.37969	1588.45
4.3798	1588.45
4.37993	1588.45
4.38004	1588.45
4.38017	1588.45
4.38028	1588.45
4.3804	1588.45
4.38052	1588.45
4.38064	1588.45
4.38079	1588.45
4.38096	1588.45
4.3811	1588.45
4.38126	1588.46
4.38139	1588.46
4.38152	1588.46
4.38163	1588.46
4.38176	1588.46
4.38188	1588.46
4.38202	1588.46
4.38217	1588.46
4.38232	1588.46
4.38245	1588.46
4.38257	1588.46
4.38276	1588.46
4.38305	1588.46
4.3832	1588.46
4.38336	1588.46
4.3835	1588.47
4.3837	1588.47
4.3839	1588.47
4.38415	1588.47
4.38429	1588.47
4.38444	1588.47
4.38456	1588.47
4.38469	1588.47
4.38481	1588.47
4.38497	1588.47
4.38509	1588.47
4.38523	1588.47
4.38534	1588.47
4.3855	1588.47
4.38563	1588.47
4.38579	1588.47
4.38592	1588.48
4.38605	1588.48
4.38621	1588.48
4.38639	1588.48
4.38658	1588.48
4.38673	1588.48
4.38686	1588.48
4.38703	1588.48
4.38717	1588.48
4.38732	1588.48
4.38746	1588.48
4.38774	1588.48
4.3879	1588.48
4.38811	1588.48
4.38825	1588.48
4.38839	1588.48
4.38852	1588.49
4.38867	1588.49
4.38879	1588.49
4.38895	1588.49
4.38909	1588.49
4.38927	1588.49
4.3894	1588.49
4.38955	1588.49
4.38969	1588.49
4.38986	1588.49
4.38998	1588.49
4.39016	1588.49
4.39034	1588.49
4.39202	1588.49
4.39222	1588.49
4.39237	1588.49
4.3925	1588.5
4.39264	1588.5
4.39284	1588.5
4.39302	1588.5
4.39323	1588.5
4.39341	1588.5
4.39357	1588.5
4.39374	1588.5
4.39387	1588.5
4.394	1588.5
4.39412	1588.5
4.39427	1588.5
4.3944	1588.5
4.39453	1588.5
4.39465	1588.5
4.39481	1588.5
4.39495	1588.51
4.3951	1588.51
4.39522	1588.51
4.39537	1588.51
4.3955	1588.51
4.39564	1588.51
4.39576	1588.51
4.39592	1588.51
4.39605	1588.51
4.39619	1588.51
4.39631	1588.51
4.39644	1588.51
4.39656	1588.51
4.39669	1588.51
4.3968	1588.51
4.39697	1588.51
4.3971	1588.52
4.39724	1588.52
4.39737	1588.52
4.39748	1588.52
4.39766	1588.52
4.3978	1588.52
4.39796	1588.52
4.39826	1588.52
4.39839	1588.52
4.39854	1588.52
4.39869	1588.52
4.39884	1588.52
4.399	1588.52
4.39916	1588.52
4.39929	1588.52
4.39944	1588.52
4.39955	1588.53
4.39968	1588.53
4.39979	1588.53
4.39998	1588.53
4.40012	1588.53
4.4003	1588.53
4.40042	1588.53
4.40056	1588.53
4.40068	1588.53
4.40081	1588.53
4.40093	1588.53
4.40108	1588.53
4.40128	1588.53
4.40143	1588.53
4.40155	1588.53
4.40181	1588.53
4.40208	1588.54
4.40241	1588.54
4.40256	1588.54
4.40273	1588.54
4.40291	1588.54
4.40309	1588.54
4.40321	1588.54
4.40335	1588.54
4.40349	1588.54
4.40364	1588.54
4.40376	1588.54
4.40393	1588.54
4.40406	1588.54
4.40419	1588.54
4.40431	1588.54
4.40445	1588.55
4.40457	1588.55
4.40473	1588.55
4.40485	1588.55
4.40503	1588.55
4.40517	1588.55
4.40532	1588.55
4.40557	1588.55
4.40588	1588.55
4.40611	1588.55
4.4063	1588.55
4.40644	1588.55
4.40661	1588.55
4.40675	1588.55
4.40689	1588.55
4.40703	1588.55
4.40717	1588.56
4.40733	1588.56
4.40765	1588.56
4.40797	1588.56
4.40832	1588.56
4.40867	1588.56
4.40903	1588.56
4.40929	1588.56
4.40993	1588.56
4.41016	1588.56
4.41057	1588.56
4.41081	1588.56
4.41112	1588.56
4.41135	1588.56
4.41167	1588.56
4.41191	1588.56
4.41218	1588.57
4.41239	1588.57
4.41266	1588.57
4.41294	1588.57
4.41319	1588.57
4.41336	1588.57
4.41352	1588.57
4.41365	1588.57
4.41379	1588.57
4.41391	1588.57
4.41408	1588.57
4.41422	1588.57
4.41437	1588.57
4.41452	1588.57
4.41464	1588.57
4.41478	1588.57
4.41491	1588.58
4.41507	1588.58
4.41518	1588.58
4.4153	1588.58
4.41547	1588.58
4.41564	1588.58
4.4158	1588.58
4.41594	1588.58
4.41607	1588.58
4.41619	1588.58
4.41632	1588.58
4.41644	1588.58
4.41654	1588.58
4.41666	1588.58
4.41686	1588.58
4.41699	1588.58
4.41715	1588.59
4.41727	1588.59
4.41741	1588.59
4.41752	1588.59
4.41768	1588.59
4.4178	1588.59
4.41796	1588.59
4.41808	1588.59
4.41829	1588.59
4.41858	1588.59
4.41881	1588.59
4.41906	1588.59
4.4193	1588.59
4.4195	1588.59
4.42005	1588.59
4.4203	1588.59
4.42056	1588.6
4.42078	1588.6
4.4214	1588.6
4.42179	1588.6
4.42229	1588.6
4.42248	1588.6
4.42275	1588.6
4.42294	1588.6
4.42316	1588.6
4.42336	1588.6
4.42362	1588.6
4.42386	1588.6
4.4241	1588.6
4.42424	1588.6
4.42439	1588.6
4.4246	1588.6
4.42474	1588.61
4.42487	1588.61
4.42502	1588.61
4.42515	1588.61
4.42527	1588.61
4.42539	1588.61
4.42567	1588.61
4.42582	1588.61
4.42596	1588.61
4.4261	1588.61
4.42624	1588.61
4.42635	1588.61
4.42649	1588.61
4.42662	1588.61
4.42678	1588.61
4.42691	1588.61
4.42706	1588.62
4.42718	1588.62
4.42731	1588.62
4.42742	1588.62
4.42755	1588.62
4.42771	1588.62
4.42791	1588.62
4.42823	1588.62
4.42859	1588.62
4.42877	1588.62
4.42896	1588.62
4.42914	1588.62
4.42933	1588.62
4.42953	1588.62
4.42971	1588.62
4.42987	1588.63
4.43002	1588.63
4.43016	1588.63
4.4303	1588.63
4.43042	1588.63
4.43058	1588.63
4.43068	1588.63
4.43084	1588.63
4.43099	1588.63
4.43114	1588.63
4.43126	1588.63
4.43139	1588.63
4.43151	1588.63
4.43183	1588.63
4.43196	1588.63
4.43212	1588.63
4.43225	1588.64
4.43239	1588.64
4.4325	1588.64
4.43263	1588.64
4.43274	1588.64
4.43289	1588.64
4.43302	1588.64
4.43318	1588.64
4.43333	1588.64
4.43359	1588.64
4.43383	1588.64
4.43396	1588.64
4.43409	1588.64
4.43436	1588.64
4.43453	1588.64
4.4348	1588.64
4.43492	1588.65
4.43527	1588.65
4.43544	1588.65
4.43554	1588.65
4.43582	1588.65
4.43601	1588.65
4.43612	1588.65
4.43629	1588.65
4.43641	1588.65
4.4366	1588.65
4.43675	1588.65
4.43692	1588.65
4.43705	1588.65
4.43721	1588.65
4.43734	1588.65
4.43748	1588.65
4.4376	1588.66
4.43787	1588.66
4.43813	1588.66
4.43842	1588.66
4.43867	1588.66
4.439	1588.66
4.4392	1588.66
4.43935	1588.66
4.43948	1588.66
4.43966	1588.66
4.43979	1588.66
4.43995	1588.66
4.44007	1588.66
4.44023	1588.66
4.44037	1588.66
4.44052	1588.66
4.44065	1588.67
4.44094	1588.67
4.44108	1588.67
4.44124	1588.67
4.44137	1588.67
4.44148	1588.67
4.44164	1588.67
4.44179	1588.67
4.44192	1588.67
4.44224	1588.67
4.4425	1588.67
4.44292	1588.67
4.44325	1588.67
4.44351	1588.67
4.44365	1588.67
4.4438	1588.67
4.44392	1588.68
4.44406	1588.68
4.44417	1588.68
4.44433	1588.68
4.44446	1588.68
4.4446	1588.68
4.44476	1588.68
4.44501	1588.68
4.44514	1588.68
4.44531	1588.68
4.44543	1588.68
4.4456	1588.68
4.44574	1588.68
4.4459	1588.68
4.44603	1588.68
4.4462	1588.68
4.44633	1588.69
4.44648	1588.69
4.44661	1588.69
4.44687	1588.69
4.44755	1588.69
4.44768	1588.69
4.44786	1588.69
4.44801	1588.69
4.44816	1588.69
4.44828	1588.69
4.44842	1588.69
4.44854	1588.69
4.44867	1588.69
4.44881	1588.69
4.44896	1588.69
4.44908	1588.69
4.44924	1588.7
4.44936	1588.7
4.44951	1588.7
4.44964	1588.7
4.44979	1588.7
4.44995	1588.7
4.45397	1588.7
4.45415	1588.7
4.45434	1588.7
4.45452	1588.7
4.45475	1588.7
4.45492	1588.7
4.45517	1588.7
4.45537	1588.7
4.45559	1588.7
4.45582	1588.7
4.45606	1588.71
4.45628	1588.71
4.45657	1588.71
4.45678	1588.71
4.45711	1588.71
4.45733	1588.71
4.45749	1588.71
4.45763	1588.71
4.4578	1588.71
4.45794	1588.71
4.45807	1588.71
4.45819	1588.71
4.45832	1588.71
4.45844	1588.71
4.45857	1588.71
4.45869	1588.72
4.45888	1588.72
4.45904	1588.72
4.45936	1588.72
4.45967	1588.72
4.45993	1588.72
4.46036	1588.72
4.46057	1588.72
4.46071	1588.72
4.46088	1588.72
4.46102	1588.72
4.46117	1588.72
4.46134	1588.72
4.46149	1588.72
4.46166	1588.72
4.46184	1588.72
4.46201	1588.73
4.46216	1588.73
4.46229	1588.73
4.46246	1588.73
4.46259	1588.73
4.46275	1588.73
4.46289	1588.73
4.46325	1588.73
4.4634	1588.73
4.4637	1588.73
4.46383	1588.73
4.46401	1588.73
4.46412	1588.73
4.46431	1588.73
4.46453	1588.73
4.46483	1588.73
4.46507	1588.74
4.46535	1588.74
4.46553	1588.74
4.46581	1588.74
4.46602	1588.74
4.46637	1588.74
4.46659	1588.74
4.46683	1588.74
4.46706	1588.74
4.46727	1588.74
4.4674	1588.74
4.46751	1588.74
4.46765	1588.74
4.46778	1588.74
4.46788	1588.74
4.46809	1588.74
4.46822	1588.75
4.46839	1588.75
4.46849	1588.75
4.46868	1588.75
4.4688	1588.75
4.46898	1588.75
4.4691	1588.75
4.46926	1588.75
4.46941	1588.75
4.46957	1588.75
4.46969	1588.75
4.46983	1588.75
4.46998	1588.75
4.47011	1588.75
4.47025	1588.75
4.47038	1588.75
4.47052	1588.76
4.47069	1588.76
4.47082	1588.76
4.47099	1588.76
4.47113	1588.76
4.47126	1588.76
4.47138	1588.76
4.47151	1588.76
4.47163	1588.76
4.47176	1588.76
4.47189	1588.76
4.47206	1588.76
4.47219	1588.76
4.4723	1588.76
4.47246	1588.76
4.47262	1588.76
4.47272	1588.77
4.47288	1588.77
4.47322	1588.77
4.47357	1588.77
4.47379	1588.77
4.47417	1588.77
4.47445	1588.77
4.47505	1588.77
4.47531	1588.77
4.47568	1588.77
4.47586	1588.77
4.47607	1588.77
4.47625	1588.77
4.47645	1588.77
4.47662	1588.77
4.47685	1588.77
4.47703	1588.78
4.47723	1588.78
4.47745	1588.78
4.47767	1588.78
4.47783	1588.78
4.47804	1588.78
4.4782	1588.78
4.47842	1588.78
4.4786	1588.78
4.47887	1588.78
4.47908	1588.78
4.47935	1588.78
4.47955	1588.78
4.47976	1588.78
4.47995	1588.78
4.4802	1588.78
4.48038	1588.79
4.48062	1588.79
4.48082	1588.79
4.48112	1588.79
4.48135	1588.79
4.48157	1588.79
4.4817	1588.79
4.48185	1588.79
4.48201	1588.79
4.48219	1588.79
4.48232	1588.79
4.48247	1588.79
4.4826	1588.79
4.48273	1588.79
4.48286	1588.79
4.48304	1588.8
4.4832	1588.8
4.48336	1588.8
4.48349	1588.8
4.48362	1588.8
4.48374	1588.8
4.48387	1588.8
4.48398	1588.8
4.48412	1588.8
4.48428	1588.8
4.4848	1588.8
4.48494	1588.8
4.4851	1588.8
4.48523	1588.8
4.48556	1588.8
4.48572	1588.8
4.48588	1588.81
4.48599	1588.81
4.48623	1588.81
4.48637	1588.81
4.48651	1588.81
4.4867	1588.81
4.48689	1588.81
4.48704	1588.81
4.48719	1588.81
4.48733	1588.81
4.48751	1588.81
4.48765	1588.81
4.48783	1588.81
4.48798	1588.81
4.48816	1588.81
4.48833	1588.81
4.48849	1588.82
4.48864	1588.82
4.48881	1588.82
4.48895	1588.82
4.48909	1588.82
4.48922	1588.82
4.48939	1588.82
4.48956	1588.82
4.48973	1588.82
4.48987	1588.82
4.49001	1588.82
4.49014	1588.82
4.49028	1588.82
4.49331	1588.82
4.49361	1588.82
4.49379	1588.82
4.49397	1588.83
4.49411	1588.83
4.49428	1588.83
4.49466	1588.83
4.495	1588.83
4.4952	1588.83
4.49538	1588.83
4.49552	1588.83
4.49568	1588.83
4.49581	1588.83
4.49638	1588.83
4.49664	1588.83
4.49685	1588.83
4.49699	1588.83
4.49713	1588.83
4.49726	1588.83
4.4974	1588.84
4.49752	1588.84
4.49771	1588.84
4.49785	1588.84
4.49799	1588.84
4.49811	1588.84
4.49824	1588.84
4.49838	1588.84
4.49857	1588.84
4.49872	1588.84
4.4989	1588.84
4.49909	1588.84
4.49926	1588.84
4.4994	1588.84
4.49957	1588.84
4.49971	1588.84
4.49986	1588.85
4.49999	1588.85
4.50177	1588.85
4.50203	1588.85
4.50223	1588.85
4.50238	1588.85
4.50258	1588.85
4.50271	1588.85
4.50286	1588.85
4.50303	1588.85
4.50318	1588.85
4.50331	1588.85
4.50344	1588.85
4.50359	1588.85
4.50374	1588.85
4.50388	1588.85
4.50402	1588.86
4.50418	1588.86
4.50433	1588.86
4.50447	1588.86
4.5046	1588.86
4.50473	1588.86
4.50487	1588.86
4.50499	1588.86
4.50513	1588.86
4.50526	1588.86
4.50544	1588.86
4.50558	1588.86
4.50575	1588.86
4.50589	1588.86
4.50606	1588.86
4.5062	1588.86
4.50638	1588.87
4.50652	1588.87
4.50682	1588.87
4.507	1588.87
4.50731	1588.87
4.50754	1588.87
4.50775	1588.87
4.508	1588.87
4.50822	1588.87
4.50841	1588.87
4.50867	1588.87
4.50888	1588.87
4.50914	1588.87
4.50933	1588.87
4.50955	1588.87
4.50973	1588.88
4.51003	1588.88
4.51021	1588.88
4.51043	1588.88
4.51065	1588.88
4.5109	1588.88
4.51111	1588.88
4.51136	1588.88
4.51155	1588.88
4.51187	1588.88
4.5121	1588.88
4.51237	1588.88
4.51256	1588.88
4.51283	1588.88
4.51301	1588.88
4.51325	1588.88
4.51344	1588.89
4.51369	1588.89
4.51387	1588.89
4.51411	1588.89
4.51429	1588.89
4.51452	1588.89
4.51474	1588.89
4.51504	1588.89
4.51526	1588.89
4.51549	1588.89
4.51567	1588.89
4.51588	1588.89
4.51606	1588.89
4.51633	1588.89
4.52108	1588.89
4.5215	1588.89
4.52166	1588.9
4.52202	1588.9
4.52216	1588.9
4.52236	1588.9
4.52251	1588.9
4.5227	1588.9
4.52285	1588.9
4.52302	1588.9
4.52317	1588.9
4.52332	1588.9
4.52345	1588.9
4.52358	1588.9
4.52372	1588.9
4.52385	1588.9
4.52399	1588.9
4.52414	1588.9
4.52429	1588.91
4.52442	1588.91
4.52457	1588.91
4.52473	1588.91
4.52487	1588.91
4.52501	1588.91
4.52514	1588.91
4.5253	1588.91
4.52543	1588.91
4.52559	1588.91
4.52573	1588.91
4.5259	1588.91
4.52604	1588.91
4.52621	1588.91
4.52634	1588.91
4.52652	1588.91
4.52666	1588.92
4.5268	1588.92
4.52693	1588.92
4.52714	1588.92
4.52729	1588.92
4.52745	1588.92
4.52759	1588.92
4.52773	1588.92
4.52786	1588.92
4.52802	1588.92
4.52815	1588.92
4.52831	1588.92
4.52845	1588.92
4.52861	1588.92
4.52876	1588.92
4.52893	1588.92
4.52906	1588.93
4.52919	1588.93
4.52929	1588.93
4.52945	1588.93
4.52955	1588.93
4.52974	1588.93
4.52984	1588.93
4.53003	1588.93
4.53013	1588.93
4.53033	1588.93
4.53047	1588.93
4.53063	1588.93
4.53077	1588.93
4.53093	1588.93
4.53108	1588.93
4.53126	1588.93
4.53143	1588.94
4.53158	1588.94
4.53169	1588.94
4.53184	1588.94
4.53198	1588.94
4.53218	1588.94
4.53232	1588.94
4.53258	1588.94
4.53271	1588.94
4.53287	1588.94
4.533	1588.94
4.53316	1588.94
4.53328	1588.94
4.53347	1588.94
4.53357	1588.94
4.53371	1588.94
4.53386	1588.95
4.53399	1588.95
4.53412	1588.95
4.53427	1588.95
4.53443	1588.95
4.53456	1588.95
4.53471	1588.95
4.53492	1588.95
4.53505	1588.95
4.53522	1588.95
4.53537	1588.95
4.53553	1588.95
4.53566	1588.95
4.5358	1588.95
4.53592	1588.95
4.53606	1588.95
4.53618	1588.96
4.53633	1588.96
4.53643	1588.96
4.53657	1588.96
4.53673	1588.96
4.53688	1588.96
4.53702	1588.96
4.53716	1588.96
4.53728	1588.96
4.53741	1588.96
4.53753	1588.96
4.53766	1588.96
4.53778	1588.96
4.5379	1588.96
4.5385	1588.96
4.53865	1588.97
4.53877	1588.97
4.53894	1588.97
4.53908	1588.97
4.53922	1588.97
4.53935	1588.97
4.53951	1588.97
4.53964	1588.97
4.5398	1588.97
4.53993	1588.97
4.54006	1588.97
4.54017	1588.97
4.5403	1588.97
4.54042	1588.97
4.54055	1588.97
4.54067	1588.97
4.5408	1588.98
4.54097	1588.98
4.54111	1588.98
4.54123	1588.98
4.5414	1588.98
4.54153	1588.98
4.54167	1588.98
4.54179	1588.98
4.54195	1588.98
4.54207	1588.98
4.54221	1588.98
4.54233	1588.98
4.54246	1588.98
4.54259	1588.98
4.54272	1588.98
4.54284	1588.98
4.54317	1588.99
4.5433	1588.99
4.54345	1588.99
4.54358	1588.99
4.54371	1588.99
4.54384	1588.99
4.54397	1588.99
4.5441	1588.99
4.54426	1588.99
4.54439	1588.99
4.54453	1588.99
4.54466	1588.99
4.54479	1588.99
4.54493	1588.99
4.54507	1588.99
4.54519	1588.99
4.54533	1589
4.54545	1589
4.54558	1589
4.5457	1589
4.54582	1589
4.54594	1589
4.54608	1589
4.5462	1589
4.54636	1589
4.54649	1589
4.54666	1589
4.54693	1589
4.5474	1589
4.54752	1589
4.54767	1589
4.5478	1589
4.54796	1589.01
4.54809	1589.01
4.54824	1589.01
4.54836	1589.01
4.54849	1589.01
4.54861	1589.01
4.54876	1589.01
4.54889	1589.01
4.54904	1589.01
4.54917	1589.01
4.54933	1589.01
4.54946	1589.01
4.5496	1589.01
4.54972	1589.01
4.54988	1589.01
4.55001	1589.01
4.55015	1589.02
4.55027	1589.02
4.5504	1589.02
4.55055	1589.02
4.55073	1589.02
4.55086	1589.02
4.55101	1589.02
4.55114	1589.02
4.55128	1589.02
4.5514	1589.02
4.55153	1589.02
4.55166	1589.02
4.5518	1589.02
4.55192	1589.02
4.55206	1589.02
4.55218	1589.02
4.55234	1589.03
4.55246	1589.03
4.5526	1589.03
4.55274	1589.03
4.55291	1589.03
4.55304	1589.03
4.55318	1589.03
4.5533	1589.03
4.5536	1589.03
4.55373	1589.03
4.55391	1589.03
4.55405	1589.03
4.55419	1589.03
4.55433	1589.03
4.55449	1589.03
4.55461	1589.03
4.55478	1589.04
4.55489	1589.04
4.55511	1589.04
4.55528	1589.04
4.55546	1589.04
4.55558	1589.04
4.55572	1589.04
4.55583	1589.04
4.55599	1589.04
4.55611	1589.04
4.55624	1589.04
4.55636	1589.04
4.55649	1589.04
4.55661	1589.04
4.55677	1589.04
4.5569	1589.04
4.55705	1589.05
4.55717	794.523
4.55733	794.524
4.55745	794.525
4.55758	794.527
4.5577	794.528
4.55785	794.529
4.55797	794.53
4.55811	794.532
4.55826	794.533
4.55841	794.534
4.56319	794.535
4.56332	794.537
4.56344	794.538
4.56358	794.539
4.5637	794.54
4.56396	794.542
4.56408	794.543
4.56421	794.544
4.56433	794.545
4.56445	794.547
4.5646	794.548
4.56473	794.549
4.56485	794.551
4.56498	794.552
4.5651	794.553
4.56522	794.554
4.56534	794.556
4.56549	794.557
4.56561	794.558
4.56574	794.559
4.56586	794.561
4.56599	794.562
4.56611	794.563
4.56628	794.564
4.56645	794.566
4.56661	794.567
4.56679	794.568
4.56704	794.569
4.5672	794.571
4.56745	794.572
4.56762	794.573
4.56775	794.574
4.56787	794.576
4.568	794.577
4.56812	794.578
4.56824	794.579
4.56836	794.581
4.56848	794.582
4.56859	794.583
4.56871	794.585
4.56883	794.586
4.56895	794.587
4.56907	794.588
4.5692	794.59
4.56932	794.591
4.56945	794.592
4.56957	794.593
4.56969	794.595
4.5698	794.596
4.56993	794.597
4.57004	794.598
4.57016	794.6
4.57027	794.601
4.5704	794.602
4.57052	794.603
4.57063	794.605
4.57078	794.606
4.57094	794.607
4.57107	794.608
4.5712	794.61
4.57132	794.611
4.57148	794.612
4.57164	794.613
4.57177	794.615
4.57192	794.616
4.57206	794.617
4.5722	794.619
4.57235	794.62
4.57251	794.621
4.57265	794.622
4.57278	794.624
4.57292	794.625
4.57304	794.626
4.57317	794.627
4.5733	794.629
4.57342	794.63
4.57355	794.631
4.57367	794.632
4.57379	794.634
4.57393	794.635
4.57413	794.636
4.57443	794.637
4.57458	794.639
4.57485	794.64
4.57497	794.641
4.5751	794.642
4.57522	794.644
4.57534	794.645
4.57545	794.646
4.57558	794.647
4.57569	794.649
4.57582	794.65
4.57593	794.651
4.57604	794.653
4.57616	794.654
4.57629	794.655
4.57641	794.656
4.57652	794.658
4.57664	794.659
4.57675	794.66
4.57688	794.661
4.57701	794.663
4.57713	794.664
4.57725	794.665
4.57736	794.666
4.57748	794.668
4.57759	794.669
4.5777	794.67
4.57781	794.671
4.57794	794.673
4.57805	794.674
4.57818	794.675
4.57831	794.676
4.57844	794.678
4.57856	794.679
4.57867	794.68
4.57878	794.682
4.5789	794.683
4.57903	794.684
4.57915	794.685
4.57927	794.687
4.57938	794.688
4.57949	794.689
4.5796	794.69
4.57973	794.692
4.57984	794.693
4.57995	794.694
4.58006	794.695
4.58016	794.697
4.58027	794.698
4.58038	794.699
4.58049	794.7
4.5806	794.702
4.58071	794.703
4.58081	794.704
4.58092	794.705
4.58102	794.707
4.58117	794.708
4.58129	794.709
4.5814	794.71
4.5815	794.712
4.58161	794.713
4.58185	794.714
4.58198	794.716
4.58209	794.717
4.58225	794.718
4.58236	794.719
4.58247	794.721
4.58258	794.722
4.5827	794.723
4.58281	794.724
4.58292	794.726
4.58309	794.727
4.58323	794.728
4.58335	794.729
4.58347	794.731
4.58359	794.732
4.5837	794.733
4.58381	794.734
4.58392	794.736
4.58403	794.737
4.58414	794.738
4.58425	794.739
4.58438	794.741
4.5845	794.742
4.58462	794.743
4.58478	794.744
4.58493	794.746
4.58505	794.747
4.58533	794.748
4.58544	794.75
4.58559	794.751
4.58571	794.752
4.58583	794.753
4.58594	794.755
4.58606	794.756
4.58617	794.757
4.58628	794.758
4.5864	794.76
4.58653	794.761
4.58664	794.762
4.58676	794.763
4.58687	794.765
4.587	794.766
4.58712	794.767
4.58723	794.768
4.58735	794.77
4.58746	794.771
4.58756	794.772
4.58769	794.773
4.5878	794.775
4.58791	794.776
4.58802	794.777
4.58814	794.778
4.58826	794.78
4.58838	794.781
4.58848	794.782
4.58859	794.784
4.5887	794.785
4.58881	794.786
4.58892	794.787
4.58903	794.789
4.58913	794.79
4.58924	794.791
4.58934	794.792
4.58956	794.794
4.58972	794.795
4.58985	794.796
4.58997	794.797
4.59017	794.799
4.59029	794.8
4.59041	794.801
4.59055	794.802
4.59067	794.804
4.59078	794.805
4.59088	794.806
4.591	794.807
4.59112	794.809
4.59123	794.81
4.59134	794.811
4.59144	794.812
4.59164	794.814
4.59189	794.815
4.59211	794.816
4.59228	794.818
4.59243	794.819
4.59258	794.82
4.59274	794.821
4.59288	794.823
4.59308	794.824
4.59326	794.825
4.59343	794.826
4.59353	794.828
4.59367	794.829
4.59375	794.83
4.59388	794.831
4.59399	794.833
4.59412	794.834
4.59425	794.835
4.59437	794.836
4.61274	794.838
4.61305	794.839
4.61394	794.84
4.61521	794.841
4.61771	794.843
4.62036	794.844
4.62074	794.845
4.62259	794.846
4.6228	794.848
4.62292	794.849
4.62306	794.85
4.62336	794.852
4.62349	794.853
4.62363	794.854
4.62409	794.855
4.62444	794.857
4.62462	794.858
4.62476	794.859
4.62645	794.86
4.75688	794.862
4.75821	794.863
4.7584	794.864
4.75935	794.865
6.12607	794.867
6.12632	794.868
6.12644	794.869
6.12657	794.87
6.12667	794.872
6.12682	794.873
6.12693	794.874
6.12705	794.875
6.12722	794.877
6.12734	794.878
6.12747	794.879
6.12759	794.88
6.12769	794.882
6.1278	794.883
6.1279	794.884
6.128	794.886
6.12813	794.887
6.12825	794.888
6.12835	794.889
6.12846	794.891
6.12855	794.892
6.12866	794.893
6.12875	794.894
6.12886	794.896
6.12895	794.897
6.12906	794.898
6.12918	794.899
6.12931	794.901
6.12942	794.902
6.12954	794.903
6.12964	794.904
6.12974	794.906
6.12984	794.907
6.12994	794.908
6.13003	794.909
6.13014	794.911
6.13028	794.912
6.13039	794.913
6.1305	794.915
6.13061	794.916
6.13072	794.917
6.13084	794.918
6.13094	794.92
6.13106	794.921
6.13116	794.922
6.13126	794.923
6.1314	794.925
6.13153	794.926
6.13163	794.927
6.13173	794.928
6.13183	794.93
6.13196	794.931
6.1321	794.932
6.13221	794.933
6.13234	794.935
6.13254	794.936
6.13267	794.937
6.13282	794.938
6.13293	794.94
6.13327	794.941
6.13339	794.942
6.13361	794.943
6.13375	794.945
6.13395	794.946
6.13405	794.947
6.13416	794.949
6.13425	794.95
6.13436	794.951
6.13445	794.952
6.13455	794.954
6.13469	794.955
6.13484	794.956
6.135	794.957
6.13519	794.959
6.13534	794.96
6.13558	794.961
6.13576	794.962
6.13594	794.964
6.13611	794.965
6.13636	794.966
6.13655	794.967
6.13672	794.969
6.13683	794.97
6.13696	794.971
6.13707	794.972
6.13719	794.974
6.13736	794.975
6.13749	794.976
6.13761	794.977
6.13774	794.979
6.13784	794.98
6.13795	794.981
6.13803	794.983
6.13816	794.984
6.13827	794.985
6.13839	794.986
6.13847	794.988
6.13857	794.989
6.13868	794.99
6.1388	794.991
6.13889	794.993
6.139	794.994
6.1391	794.995
6.13923	794.996
6.13932	794.998
6.13942	794.999
6.1395	795
6.1396	795.001
6.13969	795.003
6.13979	795.004
6.13987	795.005
6.13998	795.006
6.14008	795.008
6.1402	795.009
6.1403	795.01
6.1404	795.011
6.14048	795.013
6.14058	795.014
6.14066	795.015
6.14093	795.016
6.14108	795.018
6.14121	795.019
6.14131	795.02
6.14141	795.022
6.14151	795.023
6.14166	795.024
6.14177	795.025
6.14188	795.027
6.14198	795.028
6.14208	795.029
6.14216	795.03
6.14225	795.032
6.14234	795.033
6.14245	795.034
6.14255	795.035
6.14271	795.037
6.14282	795.038
6.14292	795.039
6.14306	795.04
6.1432	795.042
6.1433	795.043
6.1434	795.044
6.1435	795.045
6.14377	795.047
6.14386	795.048
6.14407	795.049
6.14435	795.05
6.14452	795.052
6.14467	795.053
6.14482	795.054
6.14495	795.055
6.14512	795.057
6.14525	795.058
6.1454	795.059
6.14554	795.061
6.14571	795.062
6.14587	795.063
6.146	795.064
6.14609	795.066
6.14619	795.067
6.14627	795.068
6.14637	795.069
6.14644	795.071
6.14654	795.072
6.14662	795.073
6.14676	795.074
6.14686	795.076
6.14703	795.077
6.14717	795.078
6.14728	795.079
6.14737	795.081
6.14746	795.082
6.14754	795.083
6.14764	795.084
6.14773	795.086
6.14802	795.087
6.15226	795.088
6.15255	795.089
6.15267	795.091
6.15279	795.092
6.15287	795.093
6.15297	795.094
6.15305	795.096
6.15315	795.097
6.15323	795.098
6.15332	795.1
6.1534	795.101
6.15353	795.102
6.15362	795.103
6.15373	795.105
6.15381	795.106
6.15391	795.107
6.15399	795.108
6.15424	795.11
6.15434	795.111
6.15449	795.112
6.15458	795.113
6.15468	795.115
6.15476	795.116
6.15485	795.117
6.15494	795.118
6.15513	795.12
6.15529	795.121
6.1554	795.122
6.15551	795.123
6.15566	795.125
6.15575	795.126
6.15585	795.127
6.15593	795.128
6.15623	795.13
6.15639	795.131
6.15657	795.132
6.15671	795.133
6.15683	795.135
6.15692	795.136
6.15701	795.137
6.15709	795.139
6.15718	795.14
6.15726	795.141
6.15735	795.142
6.15742	795.144
6.15751	795.145
6.15762	795.146
6.15772	795.147
6.1578	795.149
6.15789	795.15
6.15797	795.151
6.15805	795.152
6.15813	795.154
6.15823	795.155
6.15832	795.156
6.15841	795.157
6.15852	795.159
6.15861	795.16
6.15869	795.161
6.15877	795.162
6.15885	795.164
6.15893	795.165
6.15916	795.166
6.15937	795.167
6.1596	795.169
6.15977	795.17
6.15993	795.171
6.16014	795.172
6.16035	795.174
6.16053	795.175
6.16072	795.176
6.16095	795.178
6.16112	795.179
6.16132	795.18
6.16142	795.181
6.16156	795.183
6.16165	795.184
6.16182	795.185
6.1619	795.186
6.16217	795.188
6.16232	795.189
6.16259	795.19
6.16276	795.191
6.16292	795.193
6.16318	795.194
6.16339	795.195
6.1636	795.196
6.16375	795.198
6.16392	795.199
6.16412	795.2
6.16423	795.201
6.16434	795.203
6.16442	795.204
6.16461	795.205
6.16469	795.206
6.16477	795.208
6.16498	795.209
6.16508	795.21
6.1652	795.211
6.16533	795.213
6.16543	795.214
6.16554	795.215
6.16565	795.216
6.16577	795.218
6.16585	795.219
6.16594	795.22
6.16606	795.222
6.16619	795.223
6.16627	795.224
6.16636	795.225
6.16643	795.227
6.16653	795.228
6.16662	795.229
6.16672	795.23
6.16682	795.232
6.16695	795.233
6.16703	795.234
6.16712	795.235
6.16722	795.237
6.16733	795.238
6.16741	795.239
6.16752	795.24
6.16766	795.242
6.16776	795.243
6.16787	795.244
6.16797	795.245
6.16804	795.247
6.16814	795.248
6.16822	795.249
6.1683	795.25
6.16837	795.252
6.16845	795.253
6.16852	795.254
6.16862	795.255
6.16873	795.257
6.16883	795.258
6.1689	795.259
6.16898	795.261
6.16905	795.262
6.16914	795.263
6.16922	795.264
6.1693	795.266
6.16937	795.267
6.16944	795.268
6.16951	795.269
6.16958	795.271
6.16969	795.272
6.16978	795.273
6.16985	795.274
6.17111	795.276
6.17123	795.277
6.17133	795.278
6.1714	795.279
6.17148	795.281
6.17155	795.282
6.17162	795.283
6.17168	795.284
6.17184	795.286
6.17206	795.287
6.17228	795.288
6.1724	795.289
6.17254	795.291
6.17267	795.292
6.17281	795.293
6.17292	795.294
6.17305	795.296
6.17317	795.297
6.17331	795.298
6.17343	795.3
6.17363	795.301
6.17376	795.302
6.1739	795.303
6.17403	795.305
6.17417	795.306
6.1743	795.307
6.17444	795.308
6.17457	795.31
6.17472	795.311
6.17487	795.312
6.17535	795.313
6.17547	795.315
6.17572	795.316
6.17581	795.317
6.17589	795.318
6.17596	795.32
6.17603	795.321
6.17613	795.322
6.17624	795.323
6.1763	795.325
6.17641	795.326
6.17648	795.327
6.17655	795.328
6.17662	795.33
6.17671	795.331
6.17678	795.332
6.17686	795.333
6.17696	795.335
6.17724	795.336
6.17737	795.337
6.17756	795.339
6.17769	795.34
6.17784	795.341
6.17796	795.342
6.17812	795.344
6.17827	795.345
6.17845	795.346
6.17862	795.347
6.17879	795.349
6.17891	795.35
6.17917	795.351
6.17932	795.352
6.17947	795.354
6.1796	795.355
6.17975	795.356
6.17987	795.357
6.18003	795.359
6.18016	795.36
6.18033	795.361
6.18044	795.362
6.18062	795.364
6.18076	795.365
6.18093	795.366
6.18106	795.367
6.18122	795.369
6.18134	795.37
6.18149	795.371
6.18168	795.372
6.18188	795.374
6.18201	795.375
6.18218	795.376
6.18231	795.378
6.18253	795.379
6.18267	795.38
6.18288	795.381
6.18303	795.383
6.18313	795.384
6.18321	795.385
6.18329	795.386
6.18336	795.388
6.18342	795.389
6.18348	795.39
6.18359	795.391
6.18366	795.393
6.18373	795.394
6.18379	795.395
6.18386	795.396
6.18391	795.398
6.18398	795.399
6.18403	795.4
6.1841	795.401
6.18415	795.403
6.18425	795.404
6.18432	795.405
6.1844	795.406
6.18445	795.408
6.18452	795.409
6.18459	795.41
6.18467	795.411
6.18473	795.413
6.1848	795.414
6.18486	795.415
6.18492	795.416
6.18498	795.418
6.18504	795.419
6.1851	795.42
6.18517	795.422
6.18526	795.423
6.18535	795.424
6.18543	795.425
6.18569	795.427
6.18575	795.428
6.18594	795.429
6.186	795.43
6.18608	795.432
6.18614	795.433
6.18745	795.434
6.19087	795.435
6.19102	795.437
6.19109	795.438
6.19121	795.439
6.19127	795.44
6.19135	795.442
6.1914	795.443
6.19146	795.444
6.19152	795.445
6.19158	795.447
6.19163	795.448
6.19169	795.449
6.19174	795.45
6.19184	795.452
6.1919	795.453
6.19196	795.454
6.19201	795.455
6.19208	795.457
6.19213	795.458
6.19222	795.459
6.19228	795.461
6.19237	795.462
6.19244	795.463
6.19252	795.464
6.19259	795.466
6.19265	795.467
6.19271	795.468
6.19277	795.469
6.19282	795.471
6.19288	795.472
6.19297	795.473
6.19305	795.474
6.19311	795.476
6.19317	795.477
6.19323	795.478
6.1933	795.479
6.19336	795.481
6.19344	795.482
6.1935	795.483
6.19357	795.484
6.19362	795.486
6.19368	795.487
6.19373	795.488
6.19379	795.489
6.19384	795.491
6.1939	795.492
6.19395	795.493
6.19404	795.494
6.1941	795.496
6.19424	795.497
6.19429	795.498
6.19435	795.5
6.19441	795.501
6.19446	795.502
6.19542	795.503
6.19902	795.505
6.19914	795.506
6.19928	795.507
6.19934	795.508
6.19942	795.51
6.1997	795.511
6.1998	795.512
6.19985	795.513
6.19994	795.515
6.19999	795.516
6.20005	795.517
6.20103	795.518
6.20112	795.52
6.20117	795.521
6.20123	795.522
6.20127	795.523
6.20132	795.525
6.20137	795.526
6.20142	795.527
6.20146	795.528
6.20151	795.53
6.20157	795.531
6.20163	795.532
6.20168	795.533
6.20173	795.535
6.20194	795.536
6.20208	795.537
6.20216	795.539
6.20226	795.54
6.20235	795.541
6.20244	795.542
6.20253	795.544
6.20263	795.545
6.20272	795.546
6.20282	795.547
6.2029	795.549
6.203	795.55
6.20312	795.551
6.20324	795.552
6.20333	795.554
6.20347	795.555
6.20359	795.556
6.2037	795.557
6.20379	795.559
6.20392	795.56
6.20401	795.561
6.20412	795.562
6.20421	795.564
6.20431	795.565
6.20439	795.566
6.2045	795.567
6.20458	795.569
6.20469	795.57
6.20477	795.571
6.20488	795.572
6.20497	795.574
6.20513	795.575
6.20522	795.576
6.20528	795.578
6.20533	795.579
6.20539	795.58
6.20543	795.581
6.20548	795.583
6.20553	795.584
6.20558	795.585
6.20564	795.586
6.2057	795.588
6.20575	795.589
6.2058	795.59
6.20585	795.591
6.2059	795.593
6.20595	795.594
6.206	795.595
6.20638	795.596
6.20643	795.598
6.20648	795.599
6.20653	795.6
6.20657	795.601
6.20665	795.603
6.2067	795.604
6.20679	795.605
6.20691	795.606
6.20704	795.608
6.2071	795.609
6.20715	795.61
6.2072	795.611
6.20725	795.613
6.20729	795.614
6.20734	795.615
6.20739	795.616
6.20744	795.618
6.20749	795.619
6.20754	795.62
6.20776	795.622
6.20796	795.623
6.20806	795.624
6.20817	795.625
6.20825	795.627
6.20839	795.628
6.20852	795.629
6.20861	795.63
6.20867	795.632
6.20897	795.633
6.20903	795.634
6.20932	795.635
6.20938	795.637
6.20945	795.638
6.20959	795.639
6.20968	795.64
6.20973	795.642
6.20979	795.643
6.20983	795.644
6.20989	795.645
6.20993	795.647
6.20998	795.648
6.21003	795.649
6.21008	795.65
6.21012	795.652
6.21017	795.653
6.21022	795.654
6.21028	795.655
6.21032	795.657
6.21038	795.658
6.21042	795.659
6.21048	795.661
6.21053	795.662
6.21058	795.663
6.21062	795.664
6.21068	795.666
6.21072	795.667
6.21081	795.668
6.21087	795.669
6.21092	795.671
6.21098	795.672
6.21104	795.673
6.21109	795.674
6.21114	795.676
6.21118	795.677
6.21123	795.678
6.21129	795.679
6.21135	795.681
6.21139	795.682
6.21147	795.683
6.21152	795.684
6.2116	795.686
6.21166	795.687
6.21171	795.688
6.21176	795.689
6.21188	795.691
6.21194	795.692
6.21204	795.693
6.21209	795.694
6.21218	795.696
6.21223	795.697
6.21231	795.698
6.21235	795.7
6.21243	795.701
6.21251	795.702
6.2126	795.703
6.21265	795.705
6.21273	795.706
6.21278	795.707
6.21287	795.708
6.21293	795.71
6.213	795.711
6.21305	795.712
6.21313	795.713
6.21321	795.715
6.2133	795.716
6.21335	795.717
6.21343	795.718
6.21349	795.72
6.21357	795.721
6.21362	795.722
6.2137	795.723
6.21376	795.725
6.21382	795.726
6.2139	795.727
6.21396	795.728
6.21401	795.73
6.21407	795.731
6.21411	795.732
6.21417	795.733
6.21422	795.735
6.2143	795.736
6.21437	795.737
6.21444	795.739
6.21453	795.74
6.21463	795.741
6.21471	795.742
6.21479	795.744
6.21486	795.745
6.21495	795.746
6.21502	795.747
6.21509	795.749
6.21513	795.75
6.21519	795.751
6.21525	795.752
6.2153	795.754
6.21539	795.755
6.21546	795.756
6.2155	795.757
6.21556	795.759
6.21561	795.76
6.21566	795.761
6.21571	795.762
6.21577	795.764
6.21581	795.765
6.2159	795.766
6.21597	795.767
6.21603	795.769
6.21609	795.77
6.21616	795.771
6.2162	795.772
6.21626	795.774
6.21631	795.775
6.21637	795.776
6.21642	795.778
6.21648	795.779
6.21653	795.78
6.21659	795.781
6.21663	795.783
6.21669	795.784
6.21673	795.785
6.21683	795.786
6.21689	795.788
6.21696	795.789
6.21701	795.79
6.21706	795.791
6.21711	795.793
6.21717	795.794
6.21721	795.795
6.2173	795.796
6.21736	795.798
6.21741	795.799
6.21746	795.8
6.21752	795.801
6.21757	795.803
6.21762	795.804
6.21767	795.805
6.21774	795.806
6.21782	795.808
6.21789	795.809
6.21793	795.81
6.21799	795.811
6.21804	795.813
6.2181	795.814
6.21814	795.815
6.2182	795.816
6.21824	795.818
6.2183	795.819
6.21837	795.82
6.21844	795.822
6.21848	795.823
6.21854	795.824
6.21859	795.825
6.21864	795.827
6.21869	795.828
6.21874	795.829
6.21879	795.83
6.21886	795.832
6.21891	795.833
6.21922	795.834
6.21932	795.835
6.21961	795.837
6.21974	795.838
6.21992	795.839
6.21998	795.84
6.22008	795.842
6.22013	795.843
6.22019	795.844
6.22024	795.845
6.22029	795.847
6.22039	795.848
6.22046	795.849
6.22051	795.85
6.22057	795.852
6.22061	795.853
6.22067	795.854
6.22073	795.855
6.2208	795.857
6.22084	795.858
6.22093	795.859
6.22099	795.861
6.22105	795.862
6.2211	795.863
6.2212	795.864
6.22132	795.866
6.22141	795.867
6.22146	795.868
6.22153	795.869
6.22171	795.871
6.22188	795.872
6.22198	795.873
6.22216	795.874
6.22235	795.876
6.22248	795.877
6.22259	795.878
6.22274	795.879
6.22288	795.881
6.22305	795.882
6.22313	795.883
6.2232	795.884
6.22325	795.886
6.22332	795.887
6.22336	795.888
6.22342	795.889
6.22351	795.891
6.22359	795.892
6.22364	795.893
6.2237	795.894
6.22375	795.896
6.22381	795.897
6.224	795.898
6.22417	795.9
6.22428	795.901
6.22451	795.902
6.2246	795.903
6.22469	795.905
6.22475	795.906
6.22497	795.907
6.22505	795.908
6.22514	795.91
6.2252	795.911
6.22528	795.912
6.22534	795.913
6.22544	795.915
6.2255	795.916
6.22575	795.917
6.2259	795.918
6.22607	795.92
6.2262	795.921
6.22636	795.922
6.22649	795.923
6.22662	795.925
6.22675	795.926
6.22691	795.927
6.22705	795.928
6.22716	795.93
6.22722	795.931
6.22731	795.932
6.22736	795.933
6.22744	795.935
6.22755	795.936
6.22762	795.937
6.22771	795.939
6.22778	795.94
6.22784	795.941
6.22791	795.942
6.22796	795.944
6.22804	795.945
6.22809	795.946
6.22817	795.947
6.22822	795.949
6.22832	795.95
6.22841	795.951
6.22852	795.952
6.22858	795.954
6.22866	795.955
6.22872	795.956
6.22878	795.957
6.22883	795.959
6.22888	795.96
6.22893	795.961
6.22902	795.962
6.22908	795.964
6.22916	795.965
6.22921	795.966
6.22927	795.967
6.22932	795.969
6.22937	795.97
6.22942	795.971
6.22947	795.972
6.22954	795.974
6.22961	795.975
6.22969	795.976
6.22991	795.978
6.22997	795.979
6.23016	795.98
6.23023	795.981
6.2303	795.983
6.23035	795.984
6.23041	795.985
6.23046	795.986
6.23052	795.988
6.23056	795.989
6.23062	795.99
6.2307	795.991
6.23077	795.993
6.23083	795.994
6.23091	795.995
6.23395	795.996
6.2349	795.998
6.23765	795.999
6.23781	796
6.23793	796.001
6.23806	796.003
6.23816	796.004
6.23828	796.005
6.23835	796.006
6.23847	796.008
6.23855	796.009
6.23863	796.01
6.23868	796.011
6.23876	796.013
6.23881	796.014
6.23886	796.015
6.23892	796.016
6.23899	796.018
6.23904	796.019
6.23911	796.02
6.23916	796.022
6.23922	796.023
6.23933	796.024
6.23943	796.025
6.23948	796.027
6.23957	796.028
6.23966	796.029
6.23975	796.03
6.23981	796.032
6.23987	796.033
6.23993	796.034
6.24	796.035
6.24005	796.037
6.24024	796.038
6.2403	796.039
6.24043	796.04
6.24049	796.042
6.24058	796.043
6.24064	796.044
6.24083	796.045
6.2409	796.047
6.24097	796.048
6.24102	796.049
6.24108	796.05
6.24114	796.052
6.24123	796.053
6.24129	796.054
6.24136	796.055
6.24142	796.057
6.24149	796.058
6.24174	796.059
6.2419	796.06
6.24199	796.062
6.24206	796.063
6.24211	796.064
6.24217	796.065
6.24222	796.067
6.24227	796.068
6.24232	796.069
6.24241	796.07
6.24247	796.072
6.24255	796.073
6.24261	796.074
6.2427	796.076
6.24276	796.077
6.24283	796.078
6.24288	796.079
6.24297	796.081
6.24303	796.082
6.24309	796.083
6.24314	796.084
6.24319	796.086
6.24324	796.087
6.24333	796.088
6.24338	796.089
6.24343	796.091
6.24348	796.092
6.24356	796.093
6.24361	796.094
6.24368	796.096
6.24373	796.097
6.24398	796.098
6.24419	796.099
6.24435	796.101
6.24446	796.102
6.2446	796.103
6.24471	796.104
6.24484	796.106
6.245	796.107
6.24515	796.108
6.24527	796.109
6.24541	796.111
6.24553	796.112
6.24567	796.113
6.24579	796.114
6.24595	796.116
6.24603	796.117
6.24612	796.118
6.24619	796.119
6.24626	796.121
6.24633	796.122
6.2464	796.123
6.24645	796.125
6.24651	796.126
6.24656	796.127
6.24662	796.128
6.24666	796.13
6.24672	796.131
6.24676	796.132
6.24685	796.133
6.2469	796.135
6.24698	796.136
6.24704	796.137
6.24711	796.138
6.24717	796.14
6.24723	796.141
6.24728	796.142
6.24733	796.143
6.24739	796.145
6.24747	796.146
6.24753	796.147
6.24762	796.148
6.24767	796.15
6.24773	796.151
6.24779	796.152
6.24784	796.153
6.24789	796.155
6.24795	796.156
6.248	796.157
6.24805	796.158
6.2481	796.16
6.24816	796.161
6.24821	796.162
6.24826	796.163
6.24831	796.165
6.2484	796.166
6.24846	796.167
6.24852	796.168
6.24857	796.17
6.24863	796.171
6.24868	796.172
6.24874	796.174
6.24879	796.175
6.24884	796.176
6.24892	796.177
6.24899	796.179
6.24903	796.18
6.24909	796.181
6.24914	796.182
6.24919	796.184
6.24924	796.185
6.2493	796.186
6.24934	796.187
6.24943	796.189
6.2495	796.19
6.24956	796.191
6.24963	796.192
6.2497	796.194
6.24975	796.195
6.24981	796.196
6.24986	796.197
6.24991	796.199
6.24996	796.2
6.25005	796.201
6.2501	796.202
6.25016	796.204
6.25022	796.205
6.25029	796.206
6.25033	796.207
6.25051	796.209
6.25058	796.21
6.25068	796.211
6.25074	796.212
6.25086	796.214
6.25092	796.215
6.25099	796.216
6.25108	796.217
6.25115	796.219
6.25121	796.22
6.25126	796.221
6.25131	796.223
6.25139	796.224
6.25145	796.225
6.25151	796.226
6.25156	796.228
6.25167	796.229
6.25173	796.23
6.2518	796.231
6.25185	796.233
6.2519	796.234
6.25195	796.235
6.25203	796.236
6.25211	796.238
6.25217	796.239
6.25225	796.24
6.25234	796.241
6.25239	796.243
6.25245	796.244
6.25249	796.245
6.25255	796.246
6.2526	796.248
6.25265	796.249
6.2527	796.25
6.25275	796.251
6.2528	796.253
6.25285	796.254
6.2529	796.255
6.25298	796.256
6.25304	796.258
6.25312	796.259
6.25318	796.26
6.25323	796.261
6.25328	796.263
6.25333	796.264
6.25338	796.265
6.25346	796.266
6.25352	796.268
6.2536	796.269
6.25366	796.27
6.25374	796.272
6.25379	796.273
6.25387	796.274
6.25393	796.275
6.25402	796.277
6.25407	796.278
6.25413	796.279
6.25418	796.28
6.25424	796.282
6.25428	796.283
6.25434	796.284
6.25439	796.285
6.25445	796.287
6.25452	796.288
6.25459	796.289
6.25463	796.29
6.25469	796.292
6.25474	796.293
6.25479	796.294
6.25484	796.295
6.2549	796.297
6.25496	796.298
6.25507	796.299
6.25512	796.3
6.25518	796.302
6.25527	796.303
6.25533	796.304
6.25538	796.305
6.25544	796.307
6.25549	796.308
6.25555	796.309
6.25562	796.31
6.25571	796.312
6.25581	796.313
6.25588	796.314
6.25593	796.315
6.25599	796.317
6.25604	796.318
6.2561	796.319
6.25615	796.32
6.25623	796.322
6.25628	796.323
6.25638	796.324
6.25643	796.326
6.25649	796.327
6.25666	796.328
6.25693	796.329
6.25706	796.331
6.25719	796.332
6.2573	796.333
6.25744	796.334
6.25755	796.336
6.25769	796.337
6.25784	796.338
6.25798	796.339
6.25815	796.341
6.2583	796.342
6.25844	796.343
6.25859	796.344
6.25869	796.346
6.25883	796.347
6.25896	796.348
6.2591	796.349
6.25928	796.351
6.25941	796.352
6.25948	796.353
6.25954	796.354
6.25959	796.356
6.25968	796.357
6.25973	796.358
6.25979	796.359
6.25985	796.361
6.25994	796.362
6.26	796.363
6.26009	796.364
6.26015	796.366
6.26021	796.367
6.26026	796.368
6.26032	796.369
6.26037	796.371
6.26043	796.372
6.26047	796.373
6.26054	796.375
6.26059	796.376
6.26075	796.377
6.26081	796.378
6.26087	796.38
6.26093	796.381
6.26103	796.382
6.26109	796.383
6.26115	796.385
6.26121	796.386
6.2613	796.387
6.26136	796.388
6.26147	796.39
6.26152	796.391
6.2616	796.392
6.26166	796.393
6.26172	796.395
6.26177	796.396
6.26188	796.397
6.26194	796.398
6.26201	796.4
6.26206	796.401
6.26211	796.402
6.26216	796.403
6.26222	796.405
6.26228	796.406
6.26238	796.407
6.26244	796.408
6.2625	796.41
6.26255	796.411
6.26261	796.412
6.26266	796.413
6.26272	796.415
6.26277	796.416
6.26283	796.417
6.26288	796.418
6.26298	796.42
6.26304	796.421
6.26314	796.422
6.26321	796.424
6.26332	796.425
6.26338	796.426
6.26345	796.427
6.2635	796.429
6.26358	796.43
6.26364	796.431
6.2637	796.432
6.26375	796.434
6.26383	796.435
6.26389	796.436
6.26397	796.437
6.26402	796.439
6.26411	796.44
6.26418	796.441
6.26425	796.442
6.2643	796.444
6.26436	796.445
6.26441	796.446
6.26447	796.447
6.26452	796.449
6.26461	796.45
6.26467	796.451
6.26473	796.452
6.26478	796.454
6.26486	796.455
6.26493	796.456
6.265	796.457
6.26505	796.459
6.26512	796.46
6.26516	796.461
6.26524	796.462
6.26529	796.464
6.2654	796.465
6.26546	796.466
6.26553	796.467
6.26558	796.469
6.26566	796.47
6.26572	796.471
6.2658	796.473
6.26586	796.474
6.26596	796.475
6.26602	796.476
6.26609	796.478
6.26614	796.479
6.2662	796.48
6.26625	796.481
6.26633	796.483
6.26638	796.484
6.26645	796.485
6.26653	796.486
6.26662	796.488
6.26667	796.489
6.26676	796.49
6.26682	796.491
6.2669	796.493
6.26697	796.494
6.26706	796.495
6.26711	796.496
6.26717	796.498
6.26722	796.499
6.26728	796.5
6.26732	796.501
6.26738	796.503
6.26743	796.504
6.26748	796.505
6.26756	796.506
6.26763	796.508
6.26768	796.509
6.26774	796.51
6.26778	796.511
6.26784	796.513
6.26792	796.514
6.26799	796.515
6.26814	796.516
6.26842	796.518
6.26857	796.519
6.26871	796.52
6.26889	796.522
6.26917	796.523
6.27131	796.524
6.27146	796.525
6.27153	796.527
6.2716	796.528
6.27166	796.529
6.27173	796.53
6.27178	796.532
6.27184	796.533
6.27189	796.534
6.27198	796.535
6.27204	796.537
6.2721	796.538
6.27215	796.539
6.27221	796.54
6.27226	796.542
6.27232	796.543
6.27245	796.544
6.27272	796.545
6.27286	796.547
6.27303	796.548
6.27314	796.549
6.27325	796.55
6.27331	796.552
6.27338	796.553
6.27342	796.554
6.27349	796.555
6.27359	796.557
6.27367	796.558
6.27372	796.559
6.27378	796.56
6.27383	796.562
6.27389	796.563
6.27394	796.564
6.274	796.565
6.27405	796.567
6.27414	796.568
6.2742	796.569
6.27427	796.57
6.27432	796.572
6.27437	796.573
6.27442	796.574
6.27448	796.576
6.27453	796.577
6.27459	796.578
6.27467	796.579
6.27474	796.581
6.27479	796.582
6.27485	796.583
6.2749	796.584
6.27497	796.586
6.27503	796.587
6.27512	796.588
6.27518	796.589
6.27525	796.591
6.2753	796.592
6.27538	796.593
6.27547	796.594
6.27555	796.596
6.27563	796.597
6.27571	796.598
6.27576	796.599
6.27582	796.601
6.27587	796.602
6.27593	796.603
6.27598	796.604
6.27603	796.606
6.2761	796.607
6.2762	796.608
6.27626	796.609
6.27633	796.611
6.27638	796.612
6.27644	796.613
6.27649	796.614
6.27655	796.616
6.2766	796.617
6.27666	796.618
6.27674	796.619
6.27681	796.621
6.27687	796.622
6.27693	796.623
6.27698	796.625
6.27704	796.626
6.27709	796.627
6.27715	796.628
6.2772	796.63
6.27725	796.631
6.2773	796.632
6.27736	796.633
6.27741	796.635
6.27747	796.636
6.27752	796.637
6.2776	796.638
6.2777	796.64
6.27778	796.641
6.27783	796.642
6.27789	796.643
6.27794	796.645
6.278	796.646
6.2781	796.647
6.27818	796.648
6.27823	796.65
6.27829	796.651
6.27834	796.652
6.2784	796.653
6.27845	796.655
6.27851	796.656
6.27858	796.657
6.27865	796.658
6.2787	796.66
6.27876	796.661
6.27881	796.662
6.27887	796.663
6.27892	796.665
6.27899	796.666
6.27905	796.667
6.27916	796.668
6.27922	796.67
6.27928	796.671
6.27933	796.672
6.27939	796.674
6.27944	796.675
6.2795	796.676
6.27955	796.677
6.27962	796.679
6.27967	796.68
6.27987	796.681
6.27994	796.682
6.28004	796.684
6.2801	796.685
6.28017	796.686
6.28022	796.687
6.28031	796.689
6.28036	796.69
6.28043	796.691
6.28052	796.692
6.28059	796.694
6.28065	796.695
6.28072	796.696
6.28077	796.697
6.28084	796.699
6.2809	796.7
6.28096	796.701
6.28101	796.702
6.2812	796.704
6.28126	796.705
6.28132	796.706
6.28137	796.707
6.28143	796.709
6.28148	796.71
6.28154	796.711
6.28158	796.712
6.28164	796.714
6.28169	796.715
6.28175	796.716
6.2818	796.717
6.28186	796.719
6.28191	796.72
6.282	796.721
6.28206	796.723
6.28215	796.724
6.28221	796.725
6.28231	796.726
6.28237	796.728
6.28243	796.729
6.28249	796.73
6.28254	796.731
6.28259	796.733
6.28264	796.734
6.2827	796.735
6.28277	796.736
6.28285	796.738
6.28292	796.739
6.28298	796.74
6.28304	796.741
6.28309	796.743
6.28316	796.744
6.28321	796.745
6.28328	796.746
6.28335	796.748
6.28342	796.749
6.28348	796.75
6.28353	796.751
6.28358	796.753
6.28364	796.754
6.28368	796.755
6.28374	796.756
6.2838	796.758
6.28386	796.759
6.28391	796.76
6.28399	796.761
6.28425	796.763
6.28592	796.764
6.28684	796.765
6.287	796.766
6.28708	796.768
6.28878	796.769
6.28888	796.77
6.28895	796.772
6.28901	796.773
6.28907	796.774
6.28912	796.775
6.28924	796.777
6.2893	796.778
6.28938	796.779
6.28944	796.78
6.28952	796.782
6.28958	796.783
6.28964	796.784
6.28969	796.785
6.28975	796.787
6.2898	796.788
6.2899	796.789
6.28996	796.79
6.29003	796.792
6.29008	796.793
6.29014	796.794
6.2902	796.795
6.29025	796.797
6.2903	796.798
6.29036	796.799
6.29041	796.8
6.29047	796.802
6.29052	796.803
6.29058	796.804
6.29063	796.805
6.29069	796.807
6.29074	796.808
6.29083	796.809
6.2909	796.81
6.29098	796.812
6.29103	796.813
6.29109	796.814
6.29114	796.815
6.29121	796.817
6.29126	796.818
6.29146	796.819
6.29153	796.82
6.2916	796.822
6.29165	796.823
6.29171	796.824
6.29176	796.826
6.29182	796.827
6.29187	796.828
6.29208	796.829
6.29224	796.831
6.29233	796.832
6.29241	796.833
6.29251	796.834
6.29257	796.836
6.29263	796.837
6.29269	796.838
6.29276	796.839
6.29281	796.841
6.29286	796.842
6.29291	796.843
6.29297	796.844
6.29302	796.846
6.2931	796.847
6.29316	796.848
6.29322	796.849
6.29342	796.851
6.29355	796.852
6.29362	796.853
6.29372	796.854
6.29378	796.856
6.29389	796.857
6.29395	796.858
6.29402	796.859
6.29406	796.861
6.29412	796.862
6.29417	796.863
6.29423	796.864
6.29428	796.866
6.29436	796.867
6.29442	796.868
6.29448	796.869
6.29453	796.871
6.29459	796.872
6.29464	796.873
6.2947	796.875
6.29475	796.876
6.29484	796.877
6.29492	796.878
6.29501	796.88
6.29506	796.881
6.29512	796.882
6.29519	796.883
6.29528	796.885
6.29534	796.886
6.29541	796.887
6.29546	796.888
6.29552	796.89
6.29557	796.891
6.29563	796.892
6.29574	796.893
6.29581	796.895
6.29586	796.896
6.29595	796.897
6.29601	796.898
6.2961	796.9
6.29615	796.901
6.29624	796.902
6.29629	796.903
6.29639	796.905
6.29644	796.906
6.2965	796.907
6.29655	796.908
6.29661	796.91
6.29666	796.911
6.29672	796.912
6.29677	796.913
6.29686	796.915
6.29692	796.916
6.29701	796.917
6.29707	796.918
6.29715	796.92
6.29723	796.921
6.2973	796.922
6.29735	796.924
6.29741	796.925
6.29745	796.926
6.29751	796.927
6.29756	796.929
6.29762	796.93
6.29767	796.931
6.29773	796.932
6.29778	796.934
6.29792	796.935
6.29801	796.936
6.2981	796.937
6.29815	796.939
6.29822	796.94
6.2983	796.941
6.29838	796.942
6.29843	796.944
6.29849	796.945
6.29854	796.946
6.2986	796.947
6.29865	796.949
6.29871	796.95
6.29875	796.951
6.29885	796.952
6.29891	796.954
6.29901	796.955
6.29907	796.956
6.29914	796.957
6.29919	796.959
6.29925	796.96
6.2993	796.961
6.2995	796.962
6.29957	796.964
6.29963	796.965
6.29969	796.966
6.29975	796.967
6.2998	796.969
6.29986	796.97
6.29991	796.971
6.29997	796.973
6.30002	796.974
6.30011	796.975
6.30017	796.976
6.30024	796.978
6.3003	796.979
6.30036	796.98
6.30041	796.981
6.30047	796.983
6.30052	796.984
6.30061	796.985
6.30068	796.986
6.30074	796.988
6.30079	796.989
6.30085	796.99
6.3009	796.991
6.30095	796.993
6.301	796.994
6.30111	796.995
6.30117	796.996
6.30124	796.998
6.30129	796.999
6.30134	797
6.3014	797.001
6.30147	797.003
6.30153	797.004
6.30167	797.005
6.30176	797.006
6.30183	797.008
6.30188	797.009
6.30194	797.01
6.30198	797.011
6.30204	797.013
6.30209	797.014
6.30214	797.015
6.30222	797.016
6.3023	797.018
6.30235	797.019
6.30241	797.02
6.30249	797.021
6.30256	797.023
6.30262	797.024
6.30268	797.025
6.30273	797.026
6.30278	797.028
6.30283	797.029
6.30289	797.03
6.30294	797.032
6.30305	797.033
6.30313	797.034
6.30321	797.035
6.30327	797.037
6.30333	797.038
6.30338	797.039
6.30344	797.04
6.30349	797.042
6.30358	797.043
6.30364	797.044
6.30371	797.045
6.30376	797.047
6.30381	797.048
6.30387	797.049
6.30393	797.05
6.30398	797.052
6.30404	797.053
6.30409	797.054
6.30415	797.055
6.3042	797.057
6.30429	797.058
6.30446	797.059
6.30457	797.06
6.30463	797.062
6.3047	797.063
6.30476	797.064
6.30484	797.065
6.3049	797.067
6.30496	797.068
6.30505	797.069
6.30576	797.07
6.3073	797.072
6.30741	797.073
6.30747	797.074
6.30753	797.075
6.30759	797.077
6.30765	797.078
6.3077	797.079
6.30776	797.08
6.30786	797.082
6.30794	797.083
6.30799	797.084
6.30806	797.085
6.3081	797.087
6.30817	797.088
6.30823	797.089
6.30829	797.09
6.30834	797.092
6.3084	797.093
6.30845	797.094
6.30851	797.096
6.30855	797.097
6.30862	797.098
6.30867	797.099
6.30872	797.101
6.30877	797.102
6.30883	797.103
6.30891	797.104
6.30901	797.106
6.30907	797.107
6.30913	797.108
6.30918	797.109
6.30924	797.111
6.30929	797.112
6.30935	797.113
6.30943	797.114
6.30951	797.116
6.30955	797.117
6.30961	797.118
6.30966	797.119
6.30972	797.121
6.30977	797.122
6.30982	797.123
6.3099	797.124
6.31	797.126
6.31006	797.127
6.31012	797.128
6.31017	797.129
6.31024	797.131
6.31031	797.132
6.31038	797.133
6.31044	797.134
6.31053	797.136
6.31058	797.137
6.31065	797.138
6.3107	797.139
6.31076	797.141
6.3108	797.142
6.31086	797.143
6.31091	797.144
6.31101	797.146
6.3111	797.147
6.31118	797.148
6.31126	797.149
6.31134	797.151
6.31145	797.152
6.31162	797.153
6.31168	797.154
6.31177	797.156
6.31189	797.157
6.31211	797.158
6.31219	797.159
6.3123	797.161
6.31237	797.162
6.31246	797.163
6.31252	797.165
6.31261	797.166
6.31267	797.167
6.31276	797.168
6.31283	797.17
6.31299	797.171
6.31305	797.172
6.31314	797.173
6.3132	797.175
6.31329	797.176
6.31335	797.177
6.31341	797.178
6.31347	797.18
6.31356	797.181
6.31362	797.182
6.3137	797.183
6.31376	797.185
6.31386	797.186
6.31396	797.187
6.31404	797.188
6.3141	797.19
6.31418	797.191
6.31424	797.192
6.31433	797.193
6.31446	797.195
6.31585	797.196
6.31595	797.197
6.31601	797.198
6.31607	797.2
6.31613	797.201
6.31619	797.202
6.31624	797.203
6.3163	797.205
6.31634	797.206
6.31646	797.207
6.31652	797.208
6.31658	797.21
6.31663	797.211
6.31669	797.212
6.31674	797.213
6.3168	797.215
6.31685	797.216
6.31691	797.217
6.317	797.218
6.31707	797.22
6.31712	797.221
6.31718	797.222
6.31723	797.223
6.31729	797.225
6.31734	797.226
6.31752	797.227
6.31767	797.228
6.31778	797.23
6.31788	797.231
6.31798	797.232
6.31804	797.234
6.31811	797.235
6.31828	797.236
6.31839	797.237
6.31847	797.239
6.31855	797.24
6.3186	797.241
6.31867	797.242
6.31872	797.244
6.31891	797.245
6.31909	797.246
6.31929	797.247
6.31942	797.249
6.31958	797.25
6.31968	797.251
6.31976	797.252
6.31981	797.254
6.3199	797.255
6.32	797.256
6.3201	797.257
6.32016	797.259
6.32024	797.26
6.3203	797.261
6.32037	797.262
6.32041	797.264
6.32047	797.265
6.32052	797.266
6.32058	797.267
6.32063	797.269
6.32069	797.27
6.32081	797.271
6.32095	797.272
6.32101	797.274
6.32108	797.275
6.32113	797.276
6.32123	797.277
6.32129	797.279
6.32141	797.28
6.32147	797.281
6.32156	797.282
6.32161	797.284
6.3217	797.285
6.32175	797.286
6.32182	797.287
6.32188	797.289
6.32196	797.29
6.32205	797.291
6.32215	797.292
6.32223	797.294
6.32241	797.295
6.32246	797.296
6.32256	797.298
6.32263	797.299
6.32271	797.3
6.3228	797.301
6.32288	797.303
6.32293	797.304
6.32303	797.305
6.32317	797.306
6.32324	797.308
6.32329	797.309
6.32336	797.31
6.32342	797.311
6.32352	797.313
6.32359	797.314
6.32367	797.315
6.32374	797.316
6.32385	797.318
6.32391	797.319
6.32398	797.32
6.32403	797.321
6.32411	797.323
6.32417	797.324
6.32424	797.325
6.32429	797.326
6.32438	797.328
6.32445	797.329
6.32451	797.33
6.32456	797.331
6.32463	797.333
6.32468	797.334
6.32482	797.335
6.32494	797.336
6.32503	797.338
6.32514	797.339
6.32521	797.34
6.32527	797.341
6.32533	797.343
6.32538	797.344
6.32544	797.345
6.32548	797.346
6.32555	797.348
6.32561	797.349
6.32568	797.35
6.32573	797.351
6.3258	797.353
6.32588	797.354
6.32596	797.355
6.32602	797.356
6.32612	797.358
6.32618	797.359
6.32628	797.36
6.32634	797.361
6.32644	797.363
6.32658	797.364
6.32674	797.365
6.32681	797.367
6.32691	797.368
6.32697	797.369
6.32705	797.37
6.32712	797.372
6.32721	797.373
6.32731	797.374
6.32743	797.375
6.32839	797.377
6.32858	797.378
6.32871	797.379
6.32886	797.38
6.32897	797.382
6.32916	797.383
6.32931	797.384
6.32953	797.385
6.32967	797.387
6.32982	797.388
6.32997	797.389
6.33013	797.39
6.33024	797.392
6.33039	797.393
6.3305	797.394
6.33064	797.395
6.33074	797.397
6.33094	797.398
6.33113	797.399
6.33131	797.4
6.33145	797.402
6.33163	797.403
6.33175	797.404
6.33192	797.405
6.33206	797.407
6.33228	797.408
6.3324	797.409
6.33255	797.41
6.33267	797.412
6.33292	797.413
6.33304	797.414
6.33317	797.415
6.33328	797.417
6.33362	797.418
6.33377	797.419
6.33392	797.42
6.33403	797.422
6.33416	797.423
6.33428	797.424
6.33444	797.425
6.33458	797.427
6.33476	797.428
6.33494	797.429
6.33514	797.431
6.33539	797.432
6.33552	797.433
6.33559	797.434
6.33568	797.436
6.33575	797.437
6.33583	797.438
6.33589	797.439
6.33602	797.441
6.33608	797.442
6.33617	797.443
6.33626	797.444
6.33636	797.446
6.33642	797.447
6.3365	797.448
6.33656	797.449
6.33665	797.451
6.3367	797.452
6.33679	797.453
6.33685	797.454
6.33697	797.456
6.33703	797.457
6.33709	797.458
6.33717	797.459
6.33724	797.461
6.33729	797.462
6.33736	797.463
6.33741	797.464
6.33751	797.466
6.33758	797.467
6.33765	797.468
6.33771	797.469
6.33779	797.471
6.33785	797.472
6.33792	797.473
6.33797	797.474
6.33804	797.476
6.33809	797.477
6.33815	797.478
6.3382	797.479
6.33825	797.481
6.33834	797.482
6.33842	797.483
6.33847	797.484
6.33853	797.486
6.33858	797.487
6.33864	797.488
6.33869	797.489
6.33875	797.491
6.33883	797.492
6.33891	797.493
6.33897	797.494
6.33905	797.496
6.3391	797.497
6.3392	797.498
6.33926	797.5
6.33932	797.501
6.33937	797.502
6.33947	797.503
6.33953	797.505
6.33961	797.506
6.33967	797.507
6.33974	797.508
6.3398	797.51
6.33992	797.511
6.34001	797.512
6.3401	797.513
6.34015	797.515
6.34022	797.516
6.34027	797.517
6.34033	797.518
6.34038	797.52
6.34043	797.521
6.34051	797.522
6.34059	797.523
6.34065	797.525
6.34074	797.526
6.3408	797.527
6.34095	797.528
6.341	797.53
6.34107	797.531
6.34114	797.532
6.34121	797.533
6.34127	797.535
6.34134	797.536
6.34142	797.537
6.34151	797.538
6.34159	797.54
6.34168	797.541
6.34174	797.542
6.34182	797.543
6.34188	797.545
6.34196	797.546
6.34205	797.547
6.34214	797.548
6.3422	797.55
6.34276	797.551
6.34333	797.552
6.34344	797.553
6.3435	797.555
6.34357	797.556
6.34363	797.557
6.34369	797.558
6.34374	797.56
6.3438	797.561
6.34385	797.562
6.34391	797.564
6.34402	797.565
6.3441	797.566
6.34416	797.567
6.34425	797.569
6.34431	797.57
6.34437	797.571
6.34442	797.572
6.34448	797.574
6.34452	797.575
6.34458	797.576
6.34463	797.577
6.34468	797.579
6.34477	797.58
6.34484	797.581
6.34489	797.582
6.34497	797.584
6.34502	797.585
6.34509	797.586
6.34514	797.587
6.34521	797.589
6.34527	797.59
6.34537	797.591
6.34543	797.592
6.34549	797.594
6.34554	797.595
6.34561	797.596
6.34566	797.597
6.34571	797.599
6.34576	797.6
6.34582	797.601
6.34587	797.602
6.34594	797.604
6.34606	797.605
6.34642	797.606
6.34652	797.607
6.34662	797.609
6.3467	797.61
6.34676	797.611
6.34682	797.612
6.34687	797.614
6.34694	797.615
6.347	797.616
6.34706	797.617
6.34714	797.619
6.34722	797.62
6.34727	797.621
6.34733	797.622
6.34738	797.624
6.34744	797.625
6.34749	797.626
6.34755	797.627
6.3476	797.629
6.34771	797.63
6.34777	797.631
6.34788	797.633
6.34796	797.634
6.34803	797.635
6.34811	797.636
6.34818	797.638
6.34823	797.639
6.34832	797.64
6.34838	797.641
6.34844	797.643
6.3485	797.644
6.34856	797.645
6.34864	797.646
6.34871	797.648
6.34876	797.649
6.34886	797.65
6.34892	797.651
6.34902	797.653
6.3491	797.654
6.34918	797.655
6.34923	797.656
6.34929	797.658
6.34935	797.659
6.34941	797.66
6.34946	797.661
6.34954	797.663
6.34962	797.664
6.3497	797.665
6.34975	797.666
6.34981	797.668
6.34986	797.669
6.34992	797.67
6.34997	797.671
6.35003	797.673
6.35009	797.674
6.35019	797.675
6.35025	797.676
6.35032	797.678
6.35037	797.679
6.35043	797.68
6.35048	797.681
6.35053	797.683
6.35058	797.684
6.35065	797.685
6.3507	797.686
6.35076	797.688
6.35081	797.689
6.35086	797.69
6.35096	797.691
6.35103	797.693
6.35109	797.694
6.35115	797.695
6.3512	797.697
6.35125	797.698
6.3513	797.699
6.35161	797.7
6.35179	797.702
6.35191	797.703
6.35198	797.704
6.35207	797.705
6.35213	797.707
6.35219	797.708
6.35224	797.709
6.35235	797.71
6.35241	797.712
6.35247	797.713
6.35252	797.714
6.35259	797.715
6.35264	797.717
6.3527	797.718
6.35275	797.719
6.35284	797.72
6.3529	797.722
6.35297	797.723
6.35303	797.724
6.35309	797.725
6.35315	797.727
6.35329	797.728
6.35334	797.729
6.35341	797.73
6.35347	797.732
6.35359	797.733
6.35365	797.734
6.35375	797.735
6.35381	797.737
6.35388	797.738
6.35393	797.739
6.35399	797.74
6.35404	797.742
6.35411	797.743
6.35416	797.744
6.35425	797.745
6.35438	797.747
6.35447	797.748
6.35453	797.749
6.3546	797.75
6.35466	797.752
6.35472	797.753
6.35478	797.754
6.35485	797.755
6.35496	797.757
6.35504	797.758
6.3551	797.759
6.35517	797.76
6.35522	797.762
6.35528	797.763
6.35533	797.764
6.35539	797.766
6.35544	797.767
6.35551	797.768
6.35558	797.769
6.35564	797.771
6.35569	797.772
6.35576	797.773
6.35585	797.774
6.35592	797.776
6.35601	797.777
6.35609	797.778
6.35615	797.779
6.35621	797.781
6.35626	797.782
6.35636	797.783
6.35641	797.784
6.35647	797.786
6.35656	797.787
6.35663	797.788
6.35668	797.789
6.35674	797.791
6.35679	797.792
6.35686	797.793
6.3569	797.794
6.35696	797.796
6.35704	797.797
6.35712	797.798
6.35717	797.799
6.35723	797.801
6.35727	797.802
6.35733	797.803
6.35738	797.804
6.35744	797.806
6.35748	797.807
6.35757	797.808
6.35762	797.809
6.35768	797.811
6.35773	797.812
6.35779	797.813
6.35787	797.814
6.35795	797.816
6.358	797.817
6.35809	797.818
6.35815	797.819
6.35821	797.821
6.35828	797.822
6.35834	797.823
6.35839	797.824
6.35845	797.826
6.35851	797.827
6.3586	797.828
6.35866	797.83
6.35872	797.831
6.35878	797.832
6.35891	797.833
6.35897	797.835
6.35905	797.836
6.3591	797.837
6.35919	797.838
6.35925	797.84
6.35931	797.841
6.35936	797.842
6.35942	797.843
6.35947	797.845
6.35954	797.846
6.3596	797.847
6.35966	797.848
6.35971	797.85
6.35977	797.851
6.35982	797.852
6.35993	797.853
6.35999	797.855
6.36006	797.856
6.36011	797.857
6.3602	797.858
6.36026	797.86
6.36033	797.861
6.36042	797.862
6.3605	797.863
6.36056	797.865
6.36064	797.866
6.3607	797.867
6.36076	797.868
6.36081	797.87
6.36087	797.871
6.36095	797.872
6.36102	797.873
6.36107	797.875
6.36113	797.876
6.36118	797.877
6.36124	797.878
6.36131	797.88
6.36137	797.881
6.36145	797.882
6.36153	797.883
6.36159	797.885
6.36165	797.886
6.36175	797.887
6.36311	797.888
6.36323	797.89
6.36329	797.891
6.36337	797.892
6.36343	797.893
6.36364	797.895
6.3637	797.896
6.36378	797.897
6.36383	797.899
6.36389	797.9
6.36398	797.901
6.36405	797.902
6.3641	797.904
6.36416	797.905
6.36421	797.906
6.36427	797.907
6.36432	797.909
6.36437	797.91
6.36442	797.911
6.36451	797.912
6.36457	797.914
6.36463	797.915
6.3647	797.916
6.36478	797.917
6.36508	797.919
6.36522	797.92
6.36533	797.921
6.36547	797.922
6.36564	797.924
6.36579	797.925
6.3659	797.926
6.36604	797.927
6.36616	797.929
6.36631	797.93
6.36643	797.931
6.36662	797.932
6.36676	797.934
6.3669	797.935
6.36707	797.936
6.36718	797.937
6.36723	797.939
6.36734	797.94
6.36756	797.941
6.36771	797.942
6.36777	797.944
6.36783	797.945
6.36788	797.946
6.36795	797.947
6.368	797.949
6.36806	797.95
6.36814	797.951
6.36823	797.952
6.36828	797.954
6.36837	797.955
6.36843	797.956
6.3685	797.957
6.36855	797.959
6.36861	797.96
6.36866	797.961
6.36877	797.963
6.36883	797.964
6.36893	797.965
6.36899	797.966
6.36906	797.968
6.36911	797.969
6.36919	797.97
6.36925	797.971
6.36931	797.973
6.36937	797.974
6.36946	797.975
6.36952	797.976
6.36958	797.978
6.36963	797.979
6.36969	797.98
6.36978	797.981
6.3699	797.983
6.36996	797.984
6.37005	797.985
6.37011	797.986
6.37021	797.988
6.37028	797.989
6.37036	797.99
6.37041	797.991
6.37049	797.993
6.3706	797.994
6.37073	797.995
6.37079	797.996
6.37092	797.998
6.371	797.999
6.3711	798
6.37116	798.001
6.37125	798.003
6.37131	798.004
6.37138	798.005
6.37143	798.006
6.37153	798.008
6.3716	798.009
6.37167	798.01
6.37172	798.011
6.37179	798.013
6.37184	798.014
6.3719	798.015
6.37195	798.016
6.37202	798.018
6.37206	798.019
6.37214	798.02
6.3722	798.021
6.37231	798.023
6.3724	798.024
6.37248	798.025
6.37253	798.026
6.37259	798.028
6.37264	798.029
6.37272	798.03
6.37278	798.031
6.37284	798.033
6.37291	798.034
6.37299	798.035
6.37304	798.036
6.3731	798.038
6.37315	798.039
6.37321	798.04
6.37326	798.041
6.37332	798.043
6.37374	798.044
6.37596	798.045
6.37608	798.047
6.37614	798.048
6.37621	798.049
6.37627	798.05
6.37633	798.052
6.37638	798.053
6.37645	798.054
6.37656	798.055
6.37676	798.057
6.37686	798.058
6.37693	798.059
6.37699	798.06
6.37705	798.062
6.37719	798.063
6.37736	798.064
6.37745	798.065
6.37751	798.067
6.37758	798.068
6.37764	798.069
6.37771	798.07
6.37777	798.072
6.37799	798.073
6.37816	798.074
6.37836	798.075
6.37851	798.077
6.37867	798.078
6.37877	798.079
6.37885	798.08
6.37891	798.082
6.37902	798.083
6.3791	798.084
6.37916	798.085
6.37927	798.087
6.37934	798.088
6.37942	798.089
6.37947	798.09
6.37953	798.092
6.37958	798.093
6.37964	798.094
6.37969	798.095
6.37976	798.097
6.37981	798.098
6.37987	798.099
6.37995	798.1
6.38002	798.102
6.38008	798.103
6.38014	798.104
6.38024	798.105
6.38032	798.107
6.38038	798.108
6.38049	798.109
6.38055	798.11
6.38062	798.112
6.38068	798.113
6.38074	798.114
6.38079	798.115
6.38085	798.117
6.3809	798.118
6.38099	798.119
6.38109	798.12
6.38118	798.122
6.38124	798.123
6.38131	798.124
6.38137	798.125
6.38143	798.127
6.38148	798.128
6.38156	798.129
6.38164	798.13
6.38171	798.132
6.38177	798.133
6.38183	798.134
6.38188	798.135
6.38195	798.137
6.382	798.138
6.38209	798.139
6.38215	798.14
6.38221	798.142
6.38227	798.143
6.38234	798.144
6.38239	798.146
6.38311	798.147
6.38321	798.148
6.3833	798.149
6.38336	798.151
6.38342	798.152
6.38347	798.153
6.38353	798.154
6.38363	798.156
6.3837	798.157
6.38376	798.158
6.38383	798.159
6.38388	798.161
6.38403	798.162
6.38408	798.163
6.38414	798.164
6.38423	798.166
6.3843	798.167
6.38436	798.168
6.38442	798.169
6.38447	798.171
6.38453	798.172
6.38458	798.173
6.38465	798.174
6.38473	798.176
6.38483	798.177
6.38489	798.178
6.38496	798.179
6.38503	798.181
6.3851	798.182
6.38515	798.183
6.38522	798.184
6.38527	798.186
6.38536	798.187
6.38542	798.188
6.38549	798.189
6.38554	798.191
6.38561	798.192
6.38566	798.193
6.38572	798.194
6.38578	798.196
6.38587	798.197
6.38593	798.198
6.386	798.199
6.38606	798.201
6.38612	798.202
6.38617	798.203
6.38623	798.204
6.38628	798.206
6.38637	798.207
6.38647	798.208
6.38741	798.209
6.38769	798.211
6.38779	798.212
6.38785	798.213
6.38792	798.214
6.38797	798.216
6.38803	798.217
6.38812	798.218
6.3882	798.219
6.38826	798.221
6.38832	798.222
6.38837	798.223
6.38843	798.224
6.38848	798.226
6.38854	798.227
6.38859	798.228
6.38865	798.229
6.38874	798.231
6.38882	798.232
6.38887	798.233
6.38904	798.234
6.38923	798.236
6.38937	798.237
6.38949	798.238
6.38966	798.239
6.38978	798.241
6.38991	798.242
6.39003	798.243
6.39033	798.245
6.39047	798.246
6.39062	798.247
6.39076	798.248
6.39088	798.25
6.39097	798.251
6.39105	798.252
6.39111	798.253
6.39121	798.255
6.39127	798.256
6.39134	798.257
6.3914	798.258
6.39146	798.26
6.39151	798.261
6.39165	798.262
6.39179	798.263
6.39193	798.265
6.39204	798.266
6.39218	798.267
6.39228	798.268
6.39246	798.27
6.39258	798.271
6.39277	798.272
6.3929	798.273
6.3931	798.275
6.39322	798.276
6.39337	798.277
6.39351	798.278
6.39365	798.28
6.39377	798.281
6.3939	798.282
6.39403	798.283
6.39421	798.285
6.39434	798.286
6.39457	798.287
6.39468	798.288
6.39485	798.29
6.39503	798.291
6.39513	798.292
6.39519	798.293
6.39528	798.295
6.39534	798.296
6.39541	798.297
6.39546	798.298
6.39552	798.3
6.39557	798.301
6.3957	798.302
6.3958	798.303
6.39589	798.305
6.39595	798.306
6.39601	798.307
6.39606	798.308
6.39612	798.31
6.39617	798.311
6.39629	798.312
6.39635	798.313
6.39643	798.315
6.39648	798.316
6.39654	798.317
6.39662	798.318
6.39669	798.32
6.39675	798.321
6.39681	798.322
6.39686	798.323
6.39692	798.325
6.39697	798.326
6.39703	798.327
6.39708	798.328
6.3972	798.33
6.39729	798.331
6.3974	798.332
6.39746	798.333
6.39753	798.335
6.39957	798.336
6.39982	798.337
6.39996	798.338
6.40023	798.34
6.40032	798.341
6.4004	798.342
6.40048	798.344
6.40053	798.345
6.4006	798.346
6.40065	798.347
6.40071	798.349
6.40076	798.35
6.40083	798.351
6.40088	798.352
6.40094	798.354
6.40099	798.355
6.40105	798.356
6.4011	798.357
6.40124	798.359
6.40133	798.36
6.4014	798.361
6.40146	798.362
6.40153	798.364
6.40158	798.365
6.40164	798.366
6.40169	798.367
6.40175	798.369
6.40184	798.37
6.40191	798.371
6.40196	798.372
6.40202	798.374
6.40207	798.375
6.40213	798.376
6.40218	798.377
6.40224	798.379
6.40232	798.38
6.4024	798.381
6.40247	798.382
6.40255	798.384
6.40261	798.385
6.40267	798.386
6.40272	798.387
6.40278	798.389
6.40283	798.39
6.40291	798.391
6.403	798.392
6.40308	798.394
6.40318	798.395
6.40326	798.396
6.40331	798.397
6.40337	798.399
6.40343	798.4
6.40349	798.401
6.40354	798.402
6.40361	798.404
6.40369	798.405
6.40377	798.406
6.40382	798.407
6.40388	798.409
6.40394	798.41
6.404	798.411
6.40405	798.412
6.40411	798.414
6.40416	798.415
6.40426	798.416
6.40431	798.417
6.40437	798.419
6.40442	798.42
6.40449	798.421
6.40465	798.422
6.4047	798.424
6.40477	798.425
6.40482	798.426
6.40488	798.427
6.40496	798.429
6.40502	798.43
6.40508	798.431
6.40513	798.432
6.40519	798.434
6.40523	798.435
6.40534	798.436
6.40539	798.437
6.40545	798.439
6.4055	798.44
6.4056	798.441
6.40566	798.442
6.40575	798.444
6.40581	798.445
6.4059	798.446
6.40595	798.448
6.40602	798.449
6.40606	798.45
6.40618	798.451
6.40624	798.453
6.4063	798.454
6.40635	798.455
6.40644	798.456
6.40649	798.458
6.40743	798.459
6.40757	798.46
6.40764	798.461
6.40776	798.463
6.40783	798.464
6.4079	798.465
6.40796	798.466
6.40802	798.468
6.40809	798.469
6.40817	798.47
6.40822	798.471
6.40847	798.473
6.4086	798.474
6.40874	798.475
6.40887	798.476
6.40906	798.478
6.40918	798.479
6.40925	798.48
6.40931	798.481
6.40937	798.483
6.40942	798.484
6.40947	798.485
6.40971	798.486
6.41012	798.488
6.41026	798.489
6.41034	798.49
6.4104	798.491
6.41046	798.493
6.41052	798.494
6.41066	798.495
6.41076	798.496
6.41087	798.498
6.41102	798.499
6.41119	798.5
6.41133	798.501
6.41142	798.503
6.41148	798.504
6.41158	798.505
6.4117	798.506
6.41183	798.508
6.412	798.509
6.41211	798.51
6.41235	798.511
6.41249	798.513
6.4126	798.514
6.41273	798.515
6.41285	798.516
6.41298	798.518
6.41316	798.519
6.4133	798.52
6.41345	798.521
6.41375	798.523
6.41387	798.524
6.41409	798.525
6.41422	798.526
6.41438	798.528
6.41452	798.529
6.4147	798.53
6.41485	798.531
6.41499	798.533
6.41506	798.534
6.41521	798.535
6.41533	798.536
6.41539	798.538
6.41546	798.539
6.41552	798.54
6.41557	798.541
6.41564	798.543
6.41569	798.544
6.41575	798.545
6.41583	798.547
6.41591	798.548
6.41596	798.549
6.41602	798.55
6.41607	798.552
6.41613	798.553
6.41618	798.554
6.41624	798.555
6.41629	798.557
6.41635	798.558
6.4164	798.559
6.41649	798.56
6.41657	798.562
6.41668	798.563
6.41674	798.564
6.41685	798.565
6.41692	798.567
6.41698	798.568
6.41703	798.569
6.4171	798.57
6.41715	798.572
6.4172	798.573
6.41725	798.574
6.41734	798.575
6.4174	798.577
6.41747	798.578
6.41752	798.579
6.41758	798.58
6.41763	798.582
6.41769	798.583
6.41773	798.584
6.41782	798.585
6.41788	798.587
6.41794	798.588
6.41799	798.589
6.41806	798.59
6.41811	798.592
6.41816	798.593
6.41821	798.594
6.41827	798.595
6.41831	798.597
6.41837	798.598
6.41842	798.599
6.41851	798.6
6.41858	798.602
6.41865	798.603
6.41873	798.604
6.41889	798.605
6.41965	798.607
6.41982	798.608
6.41999	798.609
6.42019	798.61
6.42029	798.612
6.42038	798.613
6.42043	798.614
6.42049	798.615
6.42054	798.617
6.4206	798.618
6.42066	798.619
6.42112	798.62
6.42119	798.622
6.42126	798.623
6.42131	798.624
6.42138	798.625
6.42143	798.627
6.42149	798.628
6.42154	798.629
6.42165	798.63
6.42172	798.632
6.42179	798.633
6.42185	798.634
6.42201	798.635
6.42219	798.637
6.4223	798.638
6.42236	798.639
6.42242	798.64
6.42252	798.642
6.42264	798.643
6.4227	798.644
6.42277	798.646
6.42283	798.647
6.42289	798.648
6.42295	798.649
6.42301	798.651
6.42307	798.652
6.42316	798.653
6.42321	798.654
6.42328	798.656
6.42333	798.657
6.42339	798.658
6.42344	798.659
6.4235	798.661
6.42355	798.662
6.42365	798.663
6.42371	798.664
6.4238	798.666
6.42389	798.667
6.42396	798.668
6.42401	798.669
6.42407	798.671
6.42413	798.672
6.42477	798.673
6.42494	798.674
6.42506	798.676
6.42526	798.677
6.42561	798.678
6.42575	798.679
6.42589	798.681
6.42601	798.682
6.42628	798.683
6.42643	798.684
6.42657	798.686
6.42672	798.687
6.42713	798.688
6.42723	798.689
6.42729	798.691
6.42739	798.692
6.42745	798.693
6.42752	798.694
6.42757	798.696
6.42763	798.697
6.42768	798.698
6.42775	798.699
6.4278	798.701
6.42798	798.702
6.42849	798.703
6.42863	798.704
6.42874	798.706
6.42888	798.707
6.42899	798.708
6.42912	798.709
6.42923	798.711
6.42936	798.712
6.42952	798.713
6.42966	798.714
6.42978	798.716
6.42991	798.717
6.43005	798.718
6.4302	798.719
6.4303	798.721
6.43044	798.722
6.43055	798.723
6.4307	798.724
6.43088	798.726
6.43105	798.727
6.43117	798.728
6.43133	798.729
6.43146	798.731
6.43162	798.732
6.43175	798.733
6.43195	798.734
6.4321	798.736
6.43225	798.737
6.43237	798.738
6.43253	798.739
6.43261	798.741
6.43268	798.742
6.43273	798.743
6.43285	798.745
6.43292	798.746
6.43299	798.747
6.43304	798.748
6.4331	798.75
6.43315	798.751
6.43321	798.752
6.43326	798.753
6.43335	798.755
6.43342	798.756
6.43348	798.757
6.43353	798.758
6.43359	798.76
6.43364	798.761
6.4337	798.762
6.43376	798.763
6.43384	798.765
6.43393	798.766
6.43401	798.767
6.43407	798.768
6.43413	798.77
6.43418	798.771
6.43431	798.772
6.43438	798.773
6.43446	798.775
6.43451	798.776
6.4346	798.777
6.43466	798.778
6.43477	798.78
6.43483	798.781
6.43495	798.782
6.43502	798.783
6.43508	798.785
6.43517	798.786
6.43579	798.787
6.4359	798.788
6.43597	798.79
6.43626	798.791
6.43637	798.792
6.4365	798.793
6.43659	798.795
6.43665	798.796
6.43671	798.797
6.43677	798.798
6.43683	798.8
6.43691	798.801
6.43699	798.802
6.43708	798.803
6.43714	798.805
6.43722	798.806
6.43728	798.807
6.4374	798.808
6.43747	798.81
6.43765	798.811
6.43775	798.812
6.43783	798.813
6.4379	798.815
6.43797	798.816
6.4382	798.817
6.43835	798.818
6.43854	798.82
6.43863	798.821
6.43878	798.822
6.43884	798.823
6.43893	798.825
6.439	798.826
6.43909	798.827
6.43915	798.828
6.43921	798.83
6.43926	798.831
6.43937	798.832
6.43943	798.833
6.43949	798.835
6.43955	798.836
6.43961	798.837
6.43965	798.838
6.43972	798.84
6.43977	798.841
6.43994	798.842
6.44054	798.844
6.44063	798.845
6.44068	798.846
6.44091	798.847
6.44099	798.849
6.44131	798.85
6.44139	798.851
6.44152	798.852
6.44165	798.854
6.44186	798.855
6.442	798.856
6.44212	798.857
6.44225	798.859
6.44237	798.86
6.44253	798.861
6.44265	798.862
6.44276	798.864
6.44283	798.865
6.4429	798.866
6.44296	798.867
6.44303	798.869
6.44308	798.87
6.44314	798.871
6.44319	798.872
6.44334	798.874
6.44341	798.875
6.44348	798.876
6.44353	798.877
6.44362	798.879
6.44368	798.88
6.44374	798.881
6.44379	798.882
6.44385	798.884
6.4439	798.885
6.44396	798.886
6.44401	798.887
6.44407	798.889
6.44416	798.89
6.44424	798.891
6.44429	798.892
6.44436	798.894
6.44441	798.895
6.44447	798.896
6.44452	798.897
6.44461	798.899
6.44468	798.9
6.44505	798.901
6.44566	798.902
6.4463	798.904
6.44661	798.905
6.44669	798.906
6.44675	798.907
6.44682	798.909
6.44698	798.91
6.44708	798.911
6.44714	798.912
6.44721	798.914
6.44727	798.915
6.44733	798.916
6.4475	798.917
6.44761	798.919
6.44767	798.92
6.44779	798.921
6.44785	798.922
6.44791	798.924
6.44796	798.925
6.44802	798.926
6.44807	798.927
6.44813	798.929
6.44818	798.93
6.44827	798.931
6.44833	798.932
6.44843	798.934
6.44849	798.935
6.44856	798.936
6.4486	798.937
6.44866	798.939
6.44871	798.94
6.44877	798.941
6.44881	798.942
6.4489	798.944
6.44895	798.945
6.44901	798.946
6.44906	798.948
6.44912	798.949
6.44917	798.95
6.44924	798.951
6.44937	798.953
6.44949	798.954
6.44956	798.955
6.44963	798.956
6.44968	798.958
6.44974	798.959
6.45046	798.96
6.45063	798.961
6.45076	798.963
6.45091	798.964
6.45104	798.965
6.45119	798.966
6.45131	798.968
6.45148	798.969
6.45163	798.97
6.4519	798.971
6.4521	798.973
6.45225	798.974
6.4524	798.975
6.45247	798.976
6.45254	798.978
6.45259	798.979
6.45265	798.98
6.4527	798.981
6.45276	798.983
6.45281	798.984
6.45287	798.985
6.45298	798.986
6.45305	798.988
6.45311	798.989
6.45317	798.99
6.45322	798.991
6.45328	798.993
6.45333	798.994
6.45339	798.995
6.45348	798.996
6.45355	798.998
6.4536	798.999
6.4537	799
6.45376	799.001
6.45382	799.003
6.45387	799.004
6.45396	799.005
6.45402	799.006
6.45411	799.008
6.45417	799.009
6.45423	799.01
6.45428	799.011
6.45435	799.013
6.45445	799.014
6.45456	799.015
6.45462	799.016
6.45469	799.018
6.45474	799.019
6.4548	799.02
6.45485	799.021
6.45495	799.023
6.45502	799.024
6.45509	799.025
6.45514	799.026
6.45523	799.028
6.45528	799.029
6.45538	799.03
6.45544	799.031
6.45554	799.033
6.45564	799.034
6.45574	799.035
6.4558	799.036
6.45651	799.038
6.45666	799.039
6.45679	799.04
6.45693	799.041
6.45706	799.043
6.45725	799.044
6.45745	799.045
6.45758	799.046
6.45771	799.048
6.45788	799.049
6.45824	799.05
6.45835	799.051
6.45849	799.053
6.45862	799.054
6.45871	799.055
6.45881	799.056
6.45889	799.058
6.45896	799.059
6.45903	799.06
6.45911	799.061
6.45921	799.063
6.45927	799.064
6.45933	799.065
6.45938	799.066
6.45944	799.068
6.45951	799.069
6.45958	799.07
6.45964	799.071
6.45973	799.073
6.45979	799.074
6.45985	799.075
6.45991	799.076
6.45997	799.078
6.46002	799.079
6.46008	799.08
6.46013	799.081
6.46022	799.083
6.46029	799.084
6.46035	799.085
6.4604	799.087
6.46047	799.088
6.46053	799.089
6.46061	799.09
6.46067	799.092
6.46073	799.093
6.46078	799.094
6.4615	799.095
6.46164	799.097
6.46185	799.098
6.46197	799.099
6.4622	799.1
6.46234	799.102
6.46252	799.103
6.46268	799.104
6.46291	799.105
6.46308	799.107
6.46323	799.108
6.46335	799.109
6.46348	799.11
6.46366	799.112
6.46385	799.113
6.46398	799.114
6.46414	799.115
6.46427	799.117
6.46441	799.118
6.46453	799.119
6.46467	799.12
6.46485	799.122
6.46496	799.123
6.46504	799.124
6.46511	799.125
6.46516	799.127
6.46522	799.128
6.46527	799.129
6.46533	799.13
6.46538	799.132
6.46544	799.133
6.46549	799.134
6.46555	799.135
6.46559	799.137
6.4657	799.138
6.46576	799.139
6.46582	799.14
6.46588	799.142
6.46598	799.143
6.46604	799.144
6.46611	799.145
6.46616	799.147
6.46631	799.148
6.46637	799.149
6.46643	799.15
6.46654	799.152
6.46662	799.153
6.46667	799.154
6.46673	799.155
6.46678	799.157
6.46684	799.158
6.46689	799.159
6.46696	799.16
6.46705	799.162
6.46713	799.163
6.46718	799.164
6.46724	799.165
6.4673	799.167
6.46737	799.168
6.46742	799.169
6.46748	799.17
6.46753	799.172
6.46759	799.173
6.46764	799.174
6.4677	799.175
6.46778	799.177
6.4679	799.178
6.46796	799.179
6.46806	799.18
6.46815	799.182
6.46823	799.183
6.46929	799.184
6.46963	799.185
6.46973	799.187
6.46984	799.188
6.46999	799.189
6.47009	799.19
6.47014	799.192
6.47022	799.193
6.47045	799.194
6.47057	799.195
6.47072	799.197
6.47081	799.198
6.47092	799.199
6.47101	799.2
6.47107	799.202
6.47116	799.203
6.47123	799.204
6.47129	799.205
6.47135	799.207
6.47141	799.208
6.47147	799.209
6.47153	799.21
6.47157	799.212
6.47163	799.213
6.47168	799.214
6.47174	799.215
6.47179	799.217
6.47203	799.218
6.47223	799.219
6.47235	799.22
6.47249	799.222
6.47261	799.223
6.47271	799.224
6.47277	799.225
6.47284	799.227
6.47289	799.228
6.47301	799.229
6.47307	799.23
6.47314	799.232
6.47319	799.233
6.47325	799.234
6.4733	799.235
6.47336	799.237
6.47341	799.238
6.4735	799.239
6.47356	799.24
6.47394	799.242
6.47438	799.243
6.4745	799.244
6.47456	799.245
6.47463	799.247
6.47482	799.248
6.47491	799.249
6.47504	799.25
6.47539	799.252
6.47559	799.253
6.47569	799.254
6.47577	799.255
6.47583	799.257
6.4759	799.258
6.47595	799.259
6.47606	799.26
6.47612	799.262
6.4762	799.263
6.47625	799.264
6.47632	799.265
6.47638	799.267
6.47653	799.268
6.47659	799.269
6.47669	799.27
6.47675	799.272
6.47682	799.273
6.47689	799.274
6.47697	799.275
6.47702	799.277
6.47708	799.278
6.47713	799.279
6.47719	799.28
6.4773	799.282
6.47738	799.283
6.47756	799.284
6.47814	799.286
6.4785	799.287
6.47898	799.288
6.47909	799.289
6.47917	799.291
6.47927	799.292
6.47935	799.293
6.47941	799.294
6.47953	799.296
6.47961	799.297
6.47969	799.298
6.47974	799.299
6.48063	799.301
6.48098	799.302
6.48112	799.303
6.48137	799.304
6.48148	799.306
6.48155	799.307
6.48162	799.308
6.48167	799.309
6.48174	799.311
6.48179	799.312
6.48189	799.313
6.48195	799.314
6.48202	799.316
6.48207	799.317
6.48227	799.318
6.48241	799.319
6.48257	799.321
6.48264	799.322
6.48276	799.323
6.48282	799.324
6.4829	799.326
6.48296	799.327
6.48303	799.328
6.48308	799.329
6.48314	799.331
6.48325	799.332
6.48346	799.333
6.48359	799.334
6.48373	799.336
6.48385	799.337
6.48399	799.338
6.48411	799.339
6.48425	799.341
6.48437	799.342
6.48458	799.343
6.48472	799.344
6.48488	799.346
6.48503	799.347
6.48519	799.348
6.48539	799.349
6.48553	799.351
6.48566	799.352
6.48581	799.353
6.48593	799.354
6.48611	799.356
6.48626	799.357
6.4864	799.358
6.48661	799.359
6.48674	799.361
6.4869	799.362
6.48706	799.363
6.48727	799.364
6.48737	799.366
6.48746	799.367
6.48753	799.368
6.4876	799.369
6.48774	799.371
6.48781	799.372
6.48787	799.373
6.48795	799.374
6.48801	799.376
6.48957	799.377
6.48986	799.378
6.49019	799.379
6.49038	799.381
6.49061	799.382
6.4907	799.383
6.49076	799.384
6.491	799.386
6.49109	799.387
6.49115	799.388
6.49122	799.389
6.49128	799.391
6.49134	799.392
6.4914	799.393
6.4915	799.394
6.49156	799.396
6.49163	799.397
6.49168	799.398
6.49175	799.399
6.4918	799.401
6.49186	799.402
6.49191	799.403
6.49202	799.404
6.49208	799.406
6.49216	799.407
6.49222	799.408
6.49229	799.409
6.49235	799.411
6.49241	799.412
6.49247	799.413
6.49257	799.414
6.49266	799.416
6.49275	799.417
6.4928	799.418
6.49287	799.419
6.49292	799.421
6.49298	799.422
6.49322	799.423
6.49342	799.424
6.49365	799.426
6.49378	799.427
6.49389	799.428
6.49398	799.429
6.49403	799.431
6.4941	799.432
6.49426	799.433
6.49485	799.434
6.49503	799.436
6.4952	799.437
6.49529	799.438
6.4954	799.439
6.49549	799.441
6.49554	799.442
6.49561	799.443
6.49567	799.444
6.49573	799.446
6.49579	799.447
6.49585	799.448
6.49595	799.449
6.4962	799.451
6.49631	799.452
6.49639	799.453
6.49645	799.454
6.49651	799.456
6.49656	799.457
6.49662	799.458
6.49667	799.459
6.49673	799.461
6.49678	799.462
6.49684	799.463
6.4969	799.464
6.49696	799.466
6.49706	799.467
6.49716	799.468
6.49721	799.469
6.49729	799.471
6.49734	799.472
6.4975	799.473
6.49755	799.474
6.49761	799.476
6.49769	799.477
6.49777	799.478
6.49782	799.479
6.49788	799.481
6.49794	799.482
6.49801	799.483
6.49806	799.484
6.49812	799.486
6.49822	799.487
6.4983	799.488
6.4984	799.49
6.49847	799.491
6.49857	799.492
6.49863	799.493
6.49869	799.495
6.49882	799.496
6.49939	799.497
6.49957	799.498
6.49965	799.5
6.49991	799.501
6.50037	799.502
6.5006	799.503
6.50068	799.505
6.50106	799.506
6.50125	799.507
6.50147	799.508
6.5016	799.51
6.5018	799.511
6.50192	799.512
6.50206	799.513
6.50218	799.515
6.50232	799.516
6.50249	799.517
6.50268	799.518
6.50282	799.52
6.50302	799.521
6.50316	799.522
6.5033	799.523
6.50342	799.525
6.50357	799.526
6.50368	799.527
6.5039	799.528
6.50402	799.53
6.50417	799.531
6.5043	799.532
6.50445	799.533
6.50457	799.535
6.50474	799.536
6.50488	799.537
6.50519	799.538
6.50535	799.54
6.50551	799.541
6.50564	799.542
6.50579	799.543
6.50591	799.545
6.50605	799.546
6.50617	799.547
6.50652	799.548
6.50667	799.55
6.50674	799.551
6.50681	799.552
6.5069	799.553
6.507	799.555
6.50716	799.556
6.50725	799.557
6.50733	799.558
6.50738	799.56
6.50748	799.561
6.50767	799.562
6.50783	799.563
6.50796	799.565
6.50806	799.566
6.50885	799.567
6.50899	799.568
6.50911	799.57
6.50924	799.571
6.50935	799.572
6.50949	799.573
6.50965	799.575
6.5098	799.576
6.50992	799.577
6.51005	799.578
6.51017	799.58
6.51032	799.581
6.51056	799.582
6.51075	799.583
6.51085	799.585
6.51097	799.586
6.51103	799.587
6.51111	799.588
6.51116	799.59
6.51126	799.591
6.51133	799.592
6.51141	799.593
6.51149	799.595
6.51291	799.596
6.51332	799.597
6.51342	799.598
6.51349	799.6
6.51355	799.601
6.51386	799.602
6.5144	799.603
6.51449	799.605
6.5146	799.606
6.51468	799.607
6.51474	799.608
6.51481	799.61
6.51507	799.611
6.51524	799.612
6.51536	799.613
6.51549	799.615
6.51567	799.616
6.51586	799.617
6.51599	799.618
6.51615	799.62
6.51622	799.621
6.51632	799.622
6.51638	799.623
6.51648	799.625
6.51655	799.626
6.51815	799.627
6.51836	799.628
6.51844	799.63
6.5185	799.631
6.51857	799.632
6.51868	799.633
6.51882	799.635
6.51891	799.636
6.519	799.637
6.51908	799.638
6.51918	799.64
6.51926	799.641
6.51931	799.642
6.51948	799.643
6.51973	799.645
6.51997	799.646
6.5201	799.647
6.52024	799.648
6.52041	799.65
6.52056	799.651
6.52068	799.652
6.52082	799.653
6.52094	799.655
6.52107	799.656
6.52119	799.657
6.52132	799.658
6.52148	799.66
6.52173	799.661
6.52183	799.662
6.52191	799.663
6.52196	799.665
6.52202	799.666
6.52207	799.667
6.52212	799.668
6.5226	799.67
6.52305	799.671
6.52324	799.672
6.52335	799.673
6.52374	799.675
6.52384	799.676
6.52418	799.677
6.52489	799.678
6.52504	799.68
6.52516	799.681
6.52534	799.682
6.52546	799.683
6.5256	799.685
6.52571	799.686
6.52585	799.687
6.52604	799.689
6.52616	799.69
6.52622	799.691
6.52629	799.692
6.52639	799.694
6.52647	799.695
6.52652	799.696
6.52661	799.697
6.52667	799.699
6.52673	799.7
6.52678	799.701
6.52688	799.702
6.52694	799.704
6.52704	799.705
6.5271	799.706
6.52716	799.707
6.52721	799.709
6.52737	799.71
6.52762	799.711
6.5277	799.712
6.52793	799.714
6.52805	799.715
6.52826	799.716
6.52845	799.717
6.52859	799.719
6.52877	799.72
6.52889	799.721
6.52904	799.722
6.52917	799.724
6.52946	799.725
6.5297	799.726
6.52991	799.727
6.52998	799.729
6.53005	799.73
6.5301	799.731
6.53017	799.732
6.53023	799.734
6.53036	799.735
6.53045	799.736
6.53053	799.737
6.53058	799.739
6.53065	799.74
6.5307	799.741
6.53076	799.742
6.53081	799.744
6.53092	799.745
6.531	799.746
6.53155	799.747
6.5317	799.749
6.53183	799.75
6.53193	799.751
6.53209	799.752
6.53216	799.754
6.53222	799.755
6.53232	799.756
6.5324	799.757
6.53255	799.759
6.53269	799.76
6.53278	799.761
6.53284	799.762
6.5329	799.764
6.53296	799.765
6.53303	799.766
6.53308	799.767
6.53314	799.769
6.53323	799.77
6.53331	799.771
6.53337	799.772
6.53348	799.774
6.53353	799.775
6.53359	799.776
6.53372	799.777
6.53413	799.779
6.53426	799.78
6.53434	799.781
6.53464	799.782
6.53505	799.784
6.53519	799.785
6.53647	799.786
6.53662	799.787
6.5367	799.789
6.5377	799.79
6.53792	799.791
6.53803	799.792
6.5381	799.794
6.53826	799.795
6.53836	799.796
6.53845	799.797
6.53851	799.799
6.53858	799.8
6.53864	799.801
6.5387	799.802
6.5388	799.804
6.53886	799.805
6.53892	799.806
6.53901	799.807
6.53907	799.809
6.53914	799.81
6.53919	799.811
6.53926	799.812
6.53934	799.814
6.53942	799.815
6.53947	799.816
6.53954	799.817
6.53959	799.819
6.53967	799.82
6.53973	799.821
6.5398	799.822
6.54012	799.824
6.54027	799.825
6.54064	799.826
6.54073	799.827
6.5408	799.829
6.54086	799.83
6.54111	799.831
6.54119	799.832
6.54133	799.834
6.5416	799.835
6.54175	799.836
6.54186	799.837
6.54211	799.839
6.54224	799.84
6.54238	799.841
6.5425	799.842
6.54263	799.844
6.54277	799.845
6.54291	799.846
6.543	799.847
6.54314	799.849
6.54321	799.85
6.54328	799.851
6.54335	799.852
6.54345	799.854
6.54351	799.855
6.54357	799.856
6.54362	799.857
6.54369	799.859
6.54377	799.86
6.54384	799.861
6.5439	799.862
6.54396	799.864
6.54401	799.865
6.54407	799.866
6.54412	799.867
6.54418	799.869
6.5445	799.87
6.5447	799.871
6.54478	799.872
6.54494	799.874
6.54502	799.875
6.54509	799.876
6.54523	799.877
6.54541	799.879
6.54584	799.88
6.54652	799.881
6.54691	799.882
6.54734	799.884
6.54756	799.885
6.54768	799.886
6.54781	799.888
6.54788	799.889
6.54795	799.89
6.548	799.891
6.54807	799.893
6.54812	799.894
6.54818	799.895
6.54824	799.896
6.54835	799.898
6.54841	799.899
6.54859	799.9
6.54868	799.901
6.54939	799.903
6.54949	799.904
6.54968	799.905
6.54977	799.906
6.54984	799.908
6.54994	799.909
6.55001	799.91
6.55033	799.911
6.55053	799.913
6.55062	799.914
6.55068	799.915
6.55075	799.916
6.5508	799.918
6.55087	799.919
6.55092	799.92
6.55099	799.921
6.5511	799.923
6.55117	799.924
6.55124	799.925
6.55129	799.926
6.55136	799.928
6.55141	799.929
6.55147	799.93
6.55156	799.931
6.55169	799.933
6.55189	799.934
6.55205	799.935
6.55217	799.936
6.5523	799.938
6.55241	799.939
6.55254	799.94
6.55271	799.941
6.55286	799.943
6.55301	799.944
6.55317	799.945
6.55332	799.946
6.55351	799.948
6.55427	799.949
6.5551	799.95
6.55567	799.951
6.55576	799.953
6.55582	799.954
6.55588	799.955
6.55594	799.956
6.55601	799.958
6.55606	799.959
6.55612	799.96
6.55617	799.961
6.55627	799.963
6.55633	799.964
6.55641	799.965
6.55647	799.966
6.55653	799.968
6.55658	799.969
6.55664	799.97
6.55676	799.971
6.55684	799.973
6.5569	799.974
6.55697	799.975
6.55739	799.976
6.55752	799.978
6.5576	799.979
6.55819	799.98
6.55935	799.981
6.55946	799.983
6.55953	799.984
6.56076	799.985
6.56099	799.986
6.56144	799.988
6.56159	799.989
6.56171	799.99
6.5619	799.991
6.56203	799.993
6.56216	799.994
6.56229	799.995
6.56243	799.996
6.56255	799.998
6.56269	799.999
6.56281	800
6.56305	800.001
6.56324	800.003
6.5634	800.004
6.56351	800.005
6.56365	800.006
6.56377	800.008
6.56391	800.009
6.56409	800.01
6.56422	800.011
6.56429	800.013
6.56436	800.014
6.56441	800.015
6.56447	800.016
6.56453	800.018
6.56458	800.019
6.56463	800.02
6.56479	800.021
6.56507	800.023
6.56517	800.024
6.56527	800.025
6.56548	800.026
6.56562	800.028
6.56575	800.029
6.56589	800.03
6.56601	800.031
6.5662	800.033
6.56633	800.034
6.5665	800.035
6.5666	800.036
6.56668	800.038
6.56673	800.039
6.5668	800.04
6.56685	800.041
6.56691	800.043
6.56703	800.044
6.56712	800.045
6.56718	800.046
6.56725	800.048
6.5673	800.049
6.56739	800.05
6.56746	800.051
6.56754	800.053
6.5676	800.054
6.56767	800.055
6.56772	800.056
6.56778	800.058
6.56784	800.059
6.56793	800.06
6.568	800.061
6.56821	800.063
6.56868	800.064
6.56885	800.065
6.56908	800.066
6.5692	800.068
6.56933	800.069
6.56945	800.07
6.56965	800.071
6.56974	800.073
6.56985	800.074
6.56994	800.075
6.5701	800.076
6.57018	800.078
6.57029	800.079
6.57035	800.08
6.57054	800.081
6.57068	800.083
6.57082	800.084
6.57093	800.085
6.57104	800.086
6.57111	800.088
6.57119	800.089
6.57128	800.09
6.57136	800.091
6.57141	800.093
6.57148	800.094
6.57153	800.095
6.57221	800.096
6.57237	800.098
6.57253	800.099
6.57269	800.1
6.57289	800.101
6.5734	800.103
6.5735	800.104
6.57357	800.105
6.57363	800.106
6.57372	800.108
6.57403	800.109
6.57412	800.11
6.57423	800.111
6.57431	800.113
6.57438	800.114
6.57443	800.115
6.5746	800.116
6.57481	800.118
6.57497	800.119
6.57506	800.12
6.57625	800.121
6.57642	800.123
6.57655	800.124
6.57685	800.125
6.57699	800.126
6.57729	800.128
6.57745	800.129
6.57761	800.13
6.57772	800.131
6.5778	800.133
6.57816	800.134
6.57826	800.135
6.5784	800.136
6.57849	800.138
6.57856	800.139
6.57862	800.14
6.57868	800.141
6.57874	800.143
6.57881	800.144
6.57896	800.145
6.57928	800.146
6.57978	800.148
6.57991	800.149
6.57999	800.15
6.58005	800.151
6.58025	800.153
6.58035	800.154
6.58045	800.155
6.58054	800.156
6.58061	800.158
6.5811	800.159
6.58123	800.16
6.58134	800.161
6.58148	800.163
6.58159	800.164
6.58172	800.165
6.58183	800.166
6.58196	800.168
6.58213	800.169
6.58227	800.17
6.58381	800.171
6.58397	800.173
6.58415	800.174
6.58426	800.175
6.58431	800.176
6.58438	800.178
6.58447	800.179
6.58459	800.18
6.58466	800.181
6.58473	800.183
6.5853	800.184
6.5854	800.185
6.58568	800.186
6.58594	800.188
6.58605	800.189
6.5862	800.19
6.58632	800.191
6.58647	800.193
6.58658	800.194
6.58678	800.195
6.5869	800.196
6.58705	800.198
6.58716	800.199
6.58729	800.2
6.58741	800.201
6.58756	800.203
6.58768	800.204
6.58783	800.205
6.58796	800.206
6.58811	800.208
6.58823	800.209
6.5884	800.21
6.58853	800.211
6.58867	800.213
6.58879	800.214
6.58893	800.215
6.58905	800.216
6.5892	800.218
6.5894	800.219
6.58964	800.22
6.58971	800.221
6.58978	800.223
6.58983	800.224
6.5899	800.225
6.59024	800.226
6.59093	800.228
6.59113	800.229
6.59129	800.23
6.59138	800.231
6.59146	800.233
6.59152	800.234
6.59158	800.235
6.59164	800.236
6.59171	800.238
6.59176	800.239
6.59188	800.24
6.59194	800.241
6.59201	800.243
6.5921	800.244
6.59216	800.245
6.59221	800.246
6.59228	800.248
6.59233	800.249
6.59244	800.25
6.5925	800.251
6.59331	800.253
6.59352	800.254
6.59374	800.255
6.59385	800.256
6.59409	800.258
6.59425	800.259
6.59433	800.26
6.59454	800.261
6.59469	800.263
6.5948	800.264
6.59521	800.265
6.59549	800.266
6.59564	800.268
6.59579	800.269
6.59589	800.27
6.59595	800.271
6.59602	800.273
6.59607	800.274
6.59616	800.275
6.59622	800.276
6.59651	800.278
6.5966	800.279
6.59672	800.28
6.59679	800.281
6.59686	800.283
6.59696	800.284
6.59707	800.285
6.59721	800.286
6.5973	800.288
6.59746	800.289
6.59755	800.29
6.59765	800.291
6.59789	800.293
6.59817	800.294
6.59826	800.295
6.59832	800.296
6.59839	800.298
6.59848	800.299
6.59856	800.3
6.59861	800.301
6.59868	800.303
6.59874	800.304
6.59885	800.305
6.59891	800.306
6.59902	800.308
6.59944	800.309
6.59963	800.31
6.59974	800.311
6.5999	800.313
6.59996	800.314
6.6005	800.315
6.60061	800.316
6.60067	800.318
6.60074	800.319
6.60084	800.32
6.60092	800.321
6.60098	800.323
6.60121	800.324
6.60134	800.325
6.60148	800.326
6.6016	800.328
6.60171	800.329
6.60178	800.33
6.60184	800.331
6.60193	800.333
6.60201	800.334
6.60207	800.335
6.60213	800.336
6.60218	800.338
6.60227	800.339
6.60233	800.34
6.6027	800.341
6.60279	800.343
6.60285	800.344
6.60296	800.345
6.60346	800.346
6.60365	800.348
6.60435	800.349
6.60455	800.35
6.6051	800.351
6.60529	800.353
6.60551	800.354
6.6056	800.355
6.60574	800.356
6.60585	800.358
6.60617	800.359
6.60655	800.36
6.60673	800.361
6.60682	800.363
6.60703	800.364
6.60713	800.365
6.60719	800.366
6.60725	800.368
6.60731	800.369
6.60737	800.37
6.60742	800.371
6.60748	800.373
6.60757	800.374
6.6077	800.375
6.6079	800.376
6.60799	800.378
6.60806	800.379
6.60811	800.38
6.60843	800.381
6.60858	800.383
6.60875	800.384
6.6089	800.385
6.60901	800.386
6.60915	800.388
6.60925	800.389
6.60939	800.39
6.60952	800.391
6.60968	800.393
6.60983	800.394
6.60993	800.395
6.61	800.396
6.61015	800.398
6.61021	800.399
6.61027	800.4
6.61033	800.401
6.61039	800.403
6.61047	800.404
6.61058	800.405
6.61063	800.406
6.6107	800.408
6.61075	800.409
6.61083	800.41
6.61089	800.411
6.6111	800.413
6.61143	800.414
6.61156	800.415
6.61179	800.416
6.6119	800.418
6.61214	800.419
6.61236	800.42
6.61245	800.421
6.61251	800.423
6.61263	800.424
6.61271	800.425
6.61279	800.426
6.61284	800.428
6.6129	800.429
6.61295	800.43
6.61301	800.431
6.61309	800.433
6.61316	800.434
6.61322	800.435
6.61328	800.436
6.61333	800.438
6.61339	800.439
6.61357	800.44
6.61367	800.441
6.61373	800.443
6.61385	800.444
6.61393	800.445
6.614	800.446
6.61431	800.448
6.61444	800.449
6.61452	800.45
6.6149	800.451
6.61501	800.453
6.61509	800.454
6.61516	800.455
6.61538	800.456
6.61552	800.458
6.6156	800.459
6.61566	800.46
6.61573	800.461
6.61578	800.463
6.61584	800.464
6.61589	800.465
6.61603	800.466
6.61613	800.468
6.61625	800.469
6.61631	800.47
6.61638	800.471
6.61676	800.473
6.61691	800.474
6.61752	800.475
6.61795	800.476
6.61819	800.478
6.61842	800.479
6.61866	800.48
6.6188	800.481
6.61886	800.483
6.61893	800.484
6.61929	800.485
6.6194	800.486
6.61947	800.488
6.61954	800.489
6.61959	800.49
6.61979	800.491
6.62011	800.493
6.62021	800.494
6.62037	800.495
6.62044	800.496
6.62089	800.498
6.62109	800.499
6.62126	800.5
6.62133	800.501
6.6214	800.503
6.62146	800.504
6.62152	800.505
6.62157	800.506
6.62164	800.508
6.62169	800.509
6.62179	800.51
6.62186	800.511
6.62192	800.513
6.62197	800.514
6.62203	800.515
6.62211	800.516
6.62218	800.518
6.62226	800.519
6.62239	800.52
6.62254	800.521
6.62265	800.523
6.62271	800.524
6.62278	800.525
6.62284	800.526
6.62291	800.528
6.62303	800.529
6.62315	800.53
6.62334	800.531
6.62381	800.533
6.62395	800.534
6.62408	800.535
6.62422	800.536
6.62482	800.538
6.62496	800.539
6.62502	800.54
6.62509	800.541
6.62515	800.543
6.62522	800.544
6.62527	800.545
6.62533	800.546
6.62538	800.548
6.62551	800.549
6.62569	800.55
6.62578	800.551
6.62584	800.553
6.62591	800.554
6.62597	800.555
6.62603	800.556
6.62608	800.558
6.62619	800.559
6.62625	800.56
6.62632	800.561
6.62637	800.563
6.62661	800.564
6.62675	800.565
6.6269	800.566
6.62732	800.568
6.62746	800.569
6.62761	800.57
6.628	800.571
6.62809	800.573
6.62814	800.574
6.62821	800.575
6.62827	800.576
6.62844	800.578
6.62857	800.579
6.62864	800.58
6.62872	800.581
6.62878	800.583
6.62885	800.584
6.6289	800.585
6.62896	800.586
6.62901	800.588
6.6291	800.589
6.62916	800.59
6.62924	800.591
6.6293	800.593
6.62936	800.594
6.62976	800.595
6.62986	800.596
6.62994	800.598
6.63	800.599
6.63014	800.6
6.63022	800.601
6.63028	800.603
6.63051	800.604
6.63216	800.605
6.63225	800.606
6.63231	800.608
6.63238	800.609
6.63252	800.61
6.63262	800.611
6.6327	800.613
6.63276	800.614
6.63282	800.615
6.63288	800.616
6.63294	800.618
6.63338	800.619
6.63364	800.62
6.63374	800.621
6.6338	800.623
6.63387	800.624
6.63392	800.625
6.63442	800.626
6.63452	800.628
6.63458	800.629
6.63469	800.63
6.63476	800.631
6.63483	800.633
6.63488	800.634
6.63495	800.635
6.63501	800.636
6.63508	800.638
6.63513	800.639
6.63522	800.64
6.63528	800.641
6.63535	800.643
6.6354	800.644
6.63573	800.645
6.63583	800.646
6.6359	800.648
6.63611	800.649
6.63621	800.65
6.63657	800.651
6.63866	800.653
6.63877	800.654
6.63883	800.655
6.6389	800.656
6.63897	800.658
6.6392	800.659
6.6393	800.66
6.63936	800.661
6.63951	800.663
6.63958	800.664
6.63965	800.665
6.6397	800.666
6.63977	800.668
6.63982	800.669
6.63988	800.67
6.63994	800.671
6.64003	800.673
6.64009	800.674
6.64016	800.675
6.64065	800.676
6.64074	800.678
6.6408	800.679
6.64087	800.68
6.64093	800.681
6.64099	800.683
6.64108	800.684
6.64116	800.685
6.64168	800.686
6.64183	800.688
6.64191	800.689
6.64199	800.69
6.64204	800.691
6.64211	800.693
6.64216	800.694
6.64222	800.695
6.64228	800.696
6.64233	800.698
6.64239	800.699
6.64407	800.7
6.64416	800.701
6.64422	800.703
6.64429	800.704
6.64434	800.705
6.64441	800.706
6.64446	800.708
6.64453	800.709
6.64471	800.71
6.64482	800.711
6.6456	800.713
6.6457	800.714
6.64576	800.715
6.64582	800.716
6.64592	800.718
6.646	800.719
6.64606	800.72
6.64613	800.721
6.64619	800.723
6.64626	800.724
6.64632	800.725
6.64638	800.726
6.64643	800.728
6.64649	800.729
6.64654	800.73
6.6466	800.731
6.64665	800.733
6.64672	800.734
6.64677	800.735
6.64733	800.736
6.64742	800.738
6.64749	800.739
6.64754	800.74
6.64761	800.741
6.6478	800.743
6.64789	800.744
6.6482	800.745
6.6483	800.746
6.64841	800.748
6.6485	800.749
6.64856	800.75
6.64863	800.751
6.64868	800.753
6.64874	800.754
6.64881	800.755
6.64889	800.756
6.64895	800.758
6.64905	800.759
6.64912	800.76
6.64939	800.761
6.64949	800.763
6.64955	800.764
6.64962	800.765
6.64968	800.766
6.64974	800.768
6.65012	800.769
6.65026	800.77
6.65048	800.771
6.65083	800.773
6.65093	800.774
6.65101	800.775
6.65109	800.776
6.65115	800.778
6.65121	800.779
6.65126	800.78
6.65133	800.781
6.65138	800.783
6.65144	800.784
6.6515	800.785
6.65165	800.786
6.65173	800.788
6.65186	800.789
6.65192	800.79
6.65199	800.791
6.65206	800.793
6.65216	800.794
6.65264	800.795
6.65291	800.796
6.65302	800.798
6.65308	800.799
6.65321	800.8
6.65329	800.801
6.65336	800.803
6.65343	800.804
6.6536	800.805
6.65369	800.806
6.65375	800.808
6.65382	800.809
6.65397	800.81
6.6541	800.811
6.65421	800.813
6.65439	800.814
6.65446	800.815
6.65453	800.816
6.65459	800.818
6.65484	800.819
6.65501	800.82
6.65516	800.821
6.65528	800.823
6.65542	800.824
6.65554	800.825
6.65575	800.826
6.65588	800.828
6.65604	800.829
6.65625	800.83
6.65649	800.831
6.65662	800.833
6.65674	800.834
6.6568	800.835
6.65691	800.836
6.65697	800.838
6.65705	800.839
6.6571	800.84
6.65716	800.841
6.65722	800.843
6.65782	800.844
6.65813	800.845
6.65873	800.846
6.65886	800.848
6.65904	800.849
6.65921	800.85
6.65935	800.851
6.65947	800.853
6.65961	800.854
6.65974	800.855
6.65989	800.856
6.66001	800.858
6.66013	800.859
6.66025	800.86
6.66038	800.861
6.6605	800.863
6.66063	800.864
6.66077	800.865
6.66093	800.866
6.66109	800.868
6.66136	800.869
6.66144	800.87
6.66155	800.871
6.66164	800.873
6.66176	800.874
6.6619	800.875
6.66199	800.876
6.66205	800.878
6.66211	800.879
6.66217	800.88
6.66228	800.881
6.66245	800.883
6.66286	800.884
6.66299	800.885
6.66308	800.886
6.66325	800.888
6.66354	800.889
6.66369	800.89
6.66381	800.891
6.664	800.893
6.66413	800.894
6.66428	800.895
6.66439	800.896
6.66454	800.898
6.66468	800.899
6.66484	800.9
6.66498	800.901
6.66509	800.903
6.66516	800.904
6.66523	800.905
6.66528	800.906
6.66534	800.908
6.66544	800.909
6.66556	800.91
6.66565	800.911
6.66573	800.913
6.66579	800.914
6.66586	800.915
6.66643	800.916
6.6672	800.918
6.6673	800.919
6.66739	800.92
6.66747	800.921
6.66754	800.923
6.66793	800.924
6.66802	800.925
6.66808	800.926
6.66814	800.928
6.6682	800.929
6.66826	800.93
6.66838	800.931
6.66845	800.933
6.66852	800.934
6.66857	800.935
6.66864	800.936
6.6688	800.938
6.66907	800.939
6.66923	800.94
6.67001	800.941
6.67017	800.943
6.67027	800.944
6.67034	800.945
6.67075	800.946
6.67084	800.948
6.67109	800.949
6.67122	800.95
6.6713	800.951
6.67146	800.953
6.67152	800.954
6.67159	800.955
6.67164	800.956
6.6717	800.958
6.67175	800.959
6.67181	800.96
6.6719	800.961
6.67197	800.963
6.67244	800.964
6.6727	800.965
6.67279	800.966
6.67286	800.968
6.67321	800.969
6.6733	800.97
6.67359	800.971
6.67368	800.973
6.67374	800.974
6.67381	800.975
6.67386	800.976
6.67392	800.978
6.67426	800.979
6.67435	800.98
6.67451	800.981
6.67461	800.983
6.67468	800.984
6.67474	800.985
6.67504	800.986
6.67515	800.988
6.67523	800.989
6.67535	800.99
6.67563	800.991
6.67585	800.993
6.67594	800.994
6.67601	800.995
6.6764	800.996
6.67654	800.998
6.67679	800.999
6.67691	801
6.67698	801.001
6.67706	801.003
6.67711	801.004
6.67717	801.005
6.67723	801.006
6.67731	801.008
6.67737	801.009
6.67747	801.01
6.67753	801.011
6.67889	801.013
6.67907	801.014
6.6809	801.015
6.68104	801.016
6.68115	801.018
6.68129	801.019
6.6814	801.02
6.68159	801.021
6.68171	801.023
6.68196	801.024
6.68204	801.025
6.68216	801.026
6.68223	801.028
6.6823	801.029
6.68241	801.03
6.68252	801.031
6.68258	801.033
6.68265	801.034
6.6827	801.035
6.68276	801.036
6.68292	801.038
6.68319	801.039
6.6833	801.04
6.6835	801.041
6.68448	801.043
6.68624	801.044
6.68637	801.045
6.68651	801.046
6.68662	801.048
6.68675	801.049
6.68687	801.05
6.68702	801.051
6.68715	801.053
6.68729	801.054
6.6874	801.055
6.68753	801.056
6.68764	801.058
6.68782	801.059
6.68793	801.06
6.68808	801.061
6.68815	801.063
6.68822	801.064
6.68828	801.065
6.68859	801.066
6.68907	801.068
6.68917	801.069
6.68985	801.07
6.69028	801.071
6.69045	801.073
6.69059	801.074
6.69068	801.075
6.69076	801.076
6.69085	801.078
6.69093	801.079
6.69102	801.08
6.69109	801.081
6.69115	801.083
6.69121	801.084
6.69126	801.085
6.69132	801.086
6.69137	801.088
6.69147	801.089
6.69208	801.09
6.69266	801.091
6.69285	801.093
6.69317	801.094
6.69326	801.095
6.69356	801.096
6.69372	801.098
6.69385	801.099
6.69394	801.1
6.69421	801.101
6.6943	801.103
6.69436	801.104
6.69443	801.105
6.69449	801.106
6.69456	801.108
6.69464	801.109
6.69632	801.11
6.69765	801.111
6.69804	801.113
6.69897	801.114
6.69928	801.115
6.69998	801.116
6.70012	801.117
6.70026	801.119
6.70052	801.12
6.70066	801.121
6.70075	801.122
6.70104	801.124
6.7012	801.125
6.70132	801.126
6.70151	801.127
6.70163	801.129
6.70179	801.13
6.70214	801.131
6.70241	801.132
6.70254	801.134
6.70267	801.135
6.70278	801.136
6.70317	801.137
6.70327	801.139
6.70359	801.14
6.70416	801.141
6.70436	801.142
6.70478	801.144
6.70516	801.145
6.70552	801.146
6.70569	801.147
6.70578	801.149
6.70586	801.15
6.70618	801.151
6.70648	801.152
6.70656	801.154
6.70666	801.155
6.70674	801.156
6.7068	801.157
6.70687	801.159
6.70692	801.16
6.70699	801.161
6.70705	801.162
6.70735	801.164
6.7076	801.165
6.7077	801.166
6.70778	801.167
6.7079	801.169
6.70797	801.17
6.70804	801.171
6.70847	801.172
6.70861	801.174
6.70879	801.175
6.70912	801.176
6.71042	801.177
6.71053	801.179
6.71064	801.18
6.71071	801.181
6.71082	801.182
6.71089	801.184
6.71107	801.185
6.71115	801.186
6.71126	801.187
6.71133	801.189
6.7114	801.19
6.71145	801.191
6.71152	801.192
6.71225	801.194
6.71236	801.195
6.71266	801.196
6.71455	801.197
6.71469	801.199
6.71478	801.2
6.71514	801.201
6.71523	801.202
6.71529	801.204
6.71536	801.205
6.71548	801.206
6.71554	801.207
6.7156	801.209
6.71567	801.21
6.71572	801.211
6.71578	801.212
6.71583	801.214
6.71589	801.215
6.71599	801.216
6.7165	801.217
6.71664	801.219
6.71675	801.22
6.71688	801.221
6.717	801.222
6.71713	801.224
6.71762	801.225
6.71775	801.226
6.71798	801.227
6.71808	801.229
6.71814	801.23
6.71821	801.231
6.71826	801.232
6.71832	801.234
6.71879	801.235
6.71951	801.236
6.71971	801.237
6.72013	801.239
6.72047	801.24
6.72063	801.241
6.72072	801.242
6.72079	801.244
6.72085	801.245
6.72107	801.246
6.72126	801.247
6.72141	801.249
6.72152	801.25
6.72166	801.251
6.72176	801.252
6.72241	801.254
6.72251	801.255
6.72294	801.256
6.72311	801.257
6.7232	801.259
6.72326	801.26
6.72332	801.261
6.72338	801.262
6.72344	801.264
6.7235	801.265
6.72356	801.266
6.72393	801.267
6.72411	801.269
6.7242	801.27
6.72439	801.271
6.72465	801.272
6.72505	801.274
6.72528	801.275
6.72544	801.276
6.72557	801.277
6.72569	801.279
6.72585	801.28
6.72597	801.281
6.72603	801.282
6.72612	801.284
6.72622	801.285
6.72664	801.286
6.72672	801.287
6.72679	801.289
6.72691	801.29
6.72725	801.291
6.72782	801.292
6.72814	801.294
6.72828	801.295
6.72877	801.296
6.72895	801.297
6.72906	801.299
6.72926	801.3
6.72946	801.301
6.72955	801.302
6.72979	801.304
6.72992	801.305
6.73003	801.306
6.7303	801.307
6.73056	801.309
6.73118	801.31
6.73151	801.311
6.7316	801.312
6.73188	801.314
6.73221	801.315
6.73244	801.316
6.73255	801.317
6.73268	801.318
6.73276	801.32
6.73335	801.321
6.73344	801.322
6.73351	801.323
6.734	801.325
6.73422	801.326
6.73521	801.327
6.73536	801.328
6.73548	801.33
6.73563	801.331
6.73575	801.332
6.73588	801.333
6.73603	801.335
6.73617	801.336
6.73624	801.337
6.73673	801.338
6.73684	801.34
6.73696	801.341
6.73853	801.342
6.73863	801.343
6.73912	801.345
6.73925	801.346
6.73939	801.347
6.73946	801.348
6.73953	801.35
6.73959	801.351
6.74045	801.352
6.74054	801.353
6.7406	801.355
6.74066	801.356
6.74072	801.357
6.74078	801.358
6.74102	801.36
6.74138	801.361
6.74187	801.362
6.74201	801.363
6.7422	801.365
6.74228	801.366
6.74239	801.367
6.7425	801.368
6.74258	801.37
6.74289	801.371
6.74309	801.372
6.74326	801.373
6.74346	801.375
6.74358	801.376
6.74366	801.377
6.7442	801.378
6.74508	801.38
6.74517	801.381
6.74524	801.382
6.7456	801.383
6.74573	801.385
6.74582	801.386
6.74588	801.387
6.74595	801.388
6.74606	801.39
6.74627	801.391
6.74637	801.392
6.74646	801.393
6.74652	801.395
6.74717	801.396
6.74819	801.397
6.74828	801.398
6.74834	801.4
6.74875	801.401
6.74927	801.402
6.74949	801.403
6.74967	801.405
6.74983	801.406
6.74991	801.407
6.74999	801.408
6.75009	801.41
6.75025	801.411
6.75052	801.412
6.75132	801.413
6.75208	801.415
6.75258	801.416
6.75274	801.417
6.75285	801.418
6.75302	801.42
6.75312	801.421
6.75335	801.422
6.75346	801.423
6.75366	801.425
6.75373	801.426
6.75383	801.427
6.75389	801.428
6.75396	801.43
6.75443	801.431
6.7555	801.432
6.75563	801.433
6.75582	801.435
6.75591	801.436
6.75621	801.437
6.75635	801.438
6.75646	801.44
6.75659	801.441
6.75672	801.442
6.75685	801.443
6.75711	801.445
6.75725	801.446
6.75736	801.447
6.75891	801.448
6.75942	801.45
6.75954	801.451
6.75981	801.452
6.76	801.453
6.76045	801.455
6.76085	801.456
6.76105	801.457
6.76141	801.458
6.76156	801.46
6.76197	801.461
6.76206	801.462
6.76213	801.463
6.76219	801.465
6.76377	801.466
6.76387	801.467
6.76393	801.468
6.76412	801.47
6.76419	801.471
6.76426	801.472
6.76432	801.473
6.76438	801.475
6.76444	801.476
6.7645	801.477
6.76456	801.478
6.76462	801.48
6.76468	801.481
6.76474	801.482
6.76568	801.483
6.76578	801.485
6.7662	801.486
6.76631	801.487
6.76637	801.488
6.76644	801.49
6.76649	801.491
6.76656	801.492
6.76661	801.493
6.76671	801.495
6.76677	801.496
6.76684	801.497
6.76689	801.498
6.76698	801.5
6.76954	801.501
6.76965	801.502
6.76972	801.503
6.76977	801.505
6.77129	801.506
6.77137	801.507
6.77145	801.508
6.77159	801.51
6.7717	801.511
6.77177	801.512
6.77184	801.513
6.77189	801.515
6.77199	801.516
6.77205	801.517
6.7737	801.518
6.77379	801.519
6.77386	801.521
6.77426	801.522
6.77475	801.523
6.77494	801.524
6.77506	801.526
6.7755	801.527
6.7756	801.528
6.77566	801.529
6.77576	801.531
6.77582	801.532
6.77589	801.533
6.77599	801.534
6.77797	801.536
6.77859	801.537
6.77871	801.538
6.77885	801.539
6.77897	801.541
6.77916	801.542
6.7796	801.543
6.7798	801.544
6.77992	801.546
6.78006	801.547
6.78018	801.548
6.78031	801.549
6.78048	801.551
6.78061	801.552
6.78195	801.553
6.78319	801.554
6.78337	801.556
6.78346	801.557
6.78352	801.558
6.78412	801.559
6.78495	801.561
6.78503	801.562
6.78536	801.563
6.78569	801.564
6.78604	801.566
6.78614	801.567
6.78625	801.568
6.78633	801.569
6.78835	801.571
6.78956	801.572
6.78965	801.573
6.78971	801.574
6.7902	801.576
6.79085	801.577
6.791	801.578
6.79107	801.579
6.79179	801.581
6.79297	801.582
6.79325	801.583
6.79334	801.584
6.79458	801.586
6.79587	801.587
6.79602	801.588
6.79639	801.589
6.79748	801.591
6.79918	801.592
6.79927	801.593
6.79933	801.594
6.80036	801.596
6.80139	801.597
6.80156	801.598
6.80164	801.599
6.80293	801.601
6.8045	801.602
6.80459	801.603
6.80465	801.604
6.80594	801.606
6.80749	801.607
6.80787	801.608
6.80802	801.609
6.80844	801.611
6.81006	801.612
6.81074	801.613
6.81115	801.614
6.81172	801.616
6.81323	801.617
6.81356	801.618
6.81386	801.619
6.81437	801.621
6.81611	801.622
6.81631	801.623
6.81655	801.624
6.81703	801.626
6.81917	801.627
6.8196	801.628
6.82006	801.629
6.8233	801.631
6.82389	801.632
6.82503	801.633
6.82532	801.634
6.82563	801.636
6.82723	801.637
6.82832	801.638
6.82844	801.639
6.82884	801.641
6.83056	801.642
6.83161	801.643
6.83171	801.644
6.83206	801.646
6.83364	801.647
6.83496	801.648
6.83528	801.649
6.8358	801.651
6.83956	801.652
6.8409	801.653
6.84137	801.654
6.84165	801.656
6.84431	801.657
6.84543	801.658
6.84587	801.659
6.84625	801.661
6.84763	801.662
6.84886	801.663
6.84904	801.664
6.84967	801.666
6.85133	801.667
6.85229	801.668
6.85254	801.669
6.85295	801.671
6.85396	801.672
6.85502	801.673
6.85517	801.674
6.85612	801.676
6.85936	801.677
6.8604	801.678
6.86087	801.679
6.86132	801.681
6.86281	801.682
6.86436	801.683
6.86464	801.684
6.86511	801.686
6.86698	801.687
6.86812	801.688
6.86857	801.689
6.86898	801.691
6.8721	801.692
6.8742	801.693
6.87435	801.694
6.87484	801.696
6.87855	801.697
6.8814	801.698
6.88151	801.699
6.88241	801.701
6.88306	801.702
6.88345	801.703
6.88353	801.704
6.88433	801.706
6.8846	801.707
6.8847	801.708
6.88477	801.709
6.8857	801.711
6.88581	801.712
6.8859	801.713
6.88597	801.714
6.88689	801.715
6.88709	801.717
6.88723	801.718
6.88735	801.719
6.88865	801.72
6.8888	801.722
6.88896	801.723
6.88907	801.724
6.8902	801.725
6.89053	801.727
6.89067	801.728
6.8908	801.729
6.89145	801.73
6.89159	801.732
6.89167	801.733
6.89173	801.734
6.89304	801.735
6.8935	801.737
6.89382	801.738
6.89403	801.739
6.8949	801.74
6.89504	801.742
6.89537	801.743
6.89545	801.744
6.89738	801.745
6.89748	801.747
6.89754	801.748
6.89761	801.749
6.89868	801.75
6.89882	801.752
6.8989	801.753
6.89896	801.754
6.90011	801.755
6.90021	801.757
6.90036	801.758
6.90044	801.759
6.90151	801.76
6.90172	801.762
6.90204	801.763
6.9022	801.764
6.90306	801.765
6.90315	801.767
6.9036	801.768
6.90374	801.769
6.9049	801.77
6.90508	801.772
6.90567	801.773
6.90599	801.774
6.90714	801.775
6.90787	801.777
6.90839	801.778
6.90868	801.779
6.90924	801.78
6.90948	801.782
6.9101	801.783
6.91051	801.784
6.91116	801.785
6.91125	801.787
6.91154	801.788
6.91192	801.789
6.91253	801.79
6.91265	801.792
6.91283	801.793
6.9139	801.794
6.91503	801.795
6.91512	801.797
6.91523	801.798
6.91571	801.799
6.91646	801.8
6.91656	801.802
6.91683	801.803
6.91741	801.804
6.91814	801.805
6.9184	801.807
6.91854	801.808
6.91936	801.809
6.92013	801.81
6.92104	801.812
6.9212	801.813
6.92177	801.814
6.92206	801.815
6.92233	801.817
6.92291	801.818
6.92437	801.819
6.92513	801.82
6.92522	801.822
6.92649	801.823
6.92875	801.824
6.9296	801.825
6.9297	801.827
6.93152	801.828
6.9319	801.829
6.9321	801.83
6.93221	801.832
6.9334	801.833
6.93384	801.834
6.93417	801.835
6.93511	801.837
6.9359	801.838
6.93621	801.839
6.93642	801.84
6.93681	801.842
6.93819	801.843
6.93834	801.844
6.93892	801.845
6.93953	801.847
6.94086	801.848
6.941	801.849
6.94144	801.85
6.94197	801.852
6.94245	801.853
6.94314	801.854
6.94373	801.855
6.94429	801.857
6.94456	801.858
6.94493	801.859
6.94535	801.86
6.94615	801.862
6.94649	801.863
6.94676	801.864
6.94785	801.865
6.94855	801.867
6.94906	801.868
6.94925	801.869
6.95092	801.87
6.95185	801.872
6.95248	801.873
6.95262	801.874
6.95329	801.875
6.95374	801.877
6.95472	801.878
6.9551	801.879
6.95659	801.88
6.95701	801.882
6.95731	801.883
6.95742	801.884
6.95857	801.885
6.95899	801.887
6.96036	801.888
6.96045	801.889
6.96115	801.89
6.96183	801.892
6.96302	801.893
6.96311	801.894
6.96351	801.895
6.96521	801.897
6.9666	801.898
6.96719	801.899
6.96789	801.9
6.96842	801.902
6.9696	801.903
6.97003	801.904
6.97043	801.905
6.97105	801.907
6.97243	801.908
6.97283	801.909
6.97355	801.91
6.97406	801.912
6.97518	801.913
6.97538	801.914
6.97617	801.915
6.97685	801.916
6.97846	801.918
6.9786	801.919
6.97903	801.92
6.97951	801.921
6.98087	801.923
6.98175	801.924
6.98251	801.925
6.98298	801.926
6.98463	801.928
6.9854	801.929
6.98565	801.93
6.98601	801.931
6.9871	801.933
6.98786	801.934
6.98816	801.935
6.98872	801.936
6.99033	801.938
6.99202	801.939
6.9922	801.94
6.99267	801.941
6.99699	801.943
6.99823	801.944
6.99837	801.945
6.99848	801.946
7.00001	801.948
7.00176	801.949
7.00274	801.95
7.00291	801.951
7.00472	801.953
7.00585	801.954
7.00609	801.955
7.00617	801.956
7.01025	801.958
7.01082	801.959
7.01092	801.96
7.01123	801.961
7.01595	801.963
7.01627	801.964
7.01636	801.965
7.01685	801.966
7.02219	801.968
7.02235	801.969
7.02243	801.97
7.02293	801.971
7.02838	801.973
7.02851	801.974
7.02863	801.975
7.02876	801.976
7.03421	801.978
7.03471	801.979
7.0349	801.98
7.03502	801.981
7.04119	801.983
7.04181	801.984
7.04196	801.985
7.04582	801.986
7.04614	801.988
7.04638	801.989
7.04958	801.99
7.04967	801.991
7.04986	801.993
7.054	801.994
7.05414	801.995
7.05423	801.996
7.05965	801.998
7.05977	801.999
7.05983	802
7.06463	802.001
7.06473	802.003
7.06479	802.004
7.06485	802.005
7.31202	802.006
7.3125	802.008
7.31271	802.009
7.31279	802.01
7.31287	802.011
7.3139	802.013
7.314	802.014
7.31408	802.015
7.31425	802.016
7.31434	802.018
7.31704	802.019
7.31721	802.02
7.31731	802.021
7.31747	802.023
7.31775	802.024
7.31945	802.025
7.31953	802.026
7.31959	802.028
7.3197	802.029
7.31977	802.03
7.32128	802.031
7.32138	802.033
7.32193	802.034
7.32204	802.035
7.32213	802.036
7.32385	802.038
7.32415	802.039
7.3243	802.04
7.32437	802.041
7.32444	802.043
7.32596	802.044
7.32631	802.045
7.32675	802.046
7.32688	802.048
7.32707	802.049
7.32923	802.05
7.32976	802.051
7.33072	802.053
7.33119	802.054
7.33133	802.055
7.33236	802.056
7.33252	802.058
7.33291	802.059
7.33321	802.06
7.3336	802.061
7.33523	802.062
7.33572	802.064
7.33585	802.065
7.33675	802.066
7.33714	802.067
7.33871	802.069
7.33885	802.07
7.33903	802.071
7.33917	802.072
7.34056	802.074
7.34129	802.075
7.34139	802.076
7.34145	802.077
7.3436	802.079
7.34379	802.08
7.34388	802.081
7.34399	802.082
7.34574	802.084
7.34589	802.085
7.34602	802.086
7.34613	802.087
7.3479	802.089
7.34823	802.09
7.34868	802.091
7.34877	802.092
7.3502	802.094
7.35058	802.095
7.35143	802.096
7.35155	802.097
7.35357	802.099
7.35384	802.1
7.35456	802.101
7.35471	802.102
7.35736	802.104
7.35748	802.105
7.35856	802.106
7.35867	802.107
7.36116	802.109
7.36126	802.11
7.36186	802.111
7.36194	802.112
7.36308	401.056
7.36403	401.059
7.36423	401.061
7.36451	401.064
7.36463	401.066
7.71935	401.069
7.71949	401.071
7.71955	401.074
7.71966	401.076
7.71972	401.079
7.71982	401.081
7.71988	401.084
7.71995	401.086
7.72	401.089
7.72007	401.091
7.72011	401.094
7.72018	401.096
7.72023	401.099
7.72032	401.101
7.72038	401.104
7.72044	401.106
7.72049	401.109
7.7206	401.111
7.72065	401.114
7.72072	401.116
7.72077	401.119
7.72086	401.121
7.72092	401.124
7.72103	401.126
7.72109	401.129
7.72115	401.131
7.72121	401.133
7.72127	401.136
7.72131	401.138
7.7214	401.141
7.72145	401.143
7.72151	401.146
7.7216	401.148
7.72167	401.151
7.72171	401.153
7.72177	401.156
7.72182	401.158
7.72187	401.161
7.72192	401.163
7.72198	401.166
7.72202	401.168
7.72208	401.171
7.72215	401.173
7.72222	401.176
7.72227	401.178
7.72232	401.181
7.72237	401.183
7.72243	401.186
7.72247	401.188
7.72253	401.191
7.72258	401.193
7.72263	401.196
7.72268	401.198
7.72276	401.201
7.72282	401.203
7.72294	401.206
7.72302	401.208
7.72309	401.211
7.72314	401.213
7.72322	401.216
7.72328	401.218
7.72333	401.221
7.72338	401.223
7.72346	401.226
7.72351	401.228
7.7236	401.231
7.72366	401.233
7.72374	401.236
7.72379	401.238
7.72385	401.241
7.7239	401.243
7.72395	401.246
7.724	401.248
7.72407	401.251
7.72412	401.253
7.72423	401.256
7.72428	401.258
7.72433	401.261
7.72437	401.263
7.72443	401.266
7.72447	401.268
7.72452	401.271
7.72457	401.273
7.72464	401.276
7.72469	401.278
7.72475	401.281
7.72479	401.283
7.72487	401.286
7.72492	401.288
7.72498	401.291
7.72502	401.293
7.72509	401.296
7.72514	401.298
7.72524	401.301
7.72529	401.303
7.72535	401.306
7.7254	401.308
7.72553	401.311
7.72563	401.313
7.72591	401.316
7.72669	401.318
7.72681	401.321
7.72687	401.323
7.72695	401.326
7.72706	401.328
7.72715	401.33
7.7272	401.333
7.72728	401.335
7.72733	401.338
7.72738	401.34
7.72742	401.343
7.72765	401.345
7.72777	401.348
7.72789	401.35
7.728	401.353
7.72812	401.355
7.72822	401.358
7.72847	401.36
7.72854	401.363
7.72861	401.365
7.72867	401.368
7.72918	401.37
7.72924	401.373
7.72972	401.375
7.72978	401.378
7.72988	401.38
7.72994	401.383
7.72999	401.385
7.73004	401.388
7.73009	401.39
7.73015	401.393
7.7302	401.395
7.73024	401.398
7.73032	401.4
7.73037	401.403
7.73047	401.405
7.73052	401.408
7.73059	401.41
7.73063	401.413
7.7307	401.415
7.73075	401.418
7.73082	401.42
7.73086	401.423
7.73091	401.425
7.73096	401.428
7.73105	401.43
7.7311	401.433
7.73117	401.435
7.73122	401.438
7.73128	401.44
7.73132	401.443
7.73138	401.445
7.73142	401.448
7.73147	401.45
7.7315	401.453
7.73155	401.455
7.73159	401.458
7.73164	401.46
7.7317	401.463
7.73201	401.465
7.7321	401.468
7.73219	401.47
7.73223	401.473
7.73229	401.475
7.73233	401.478
7.7324	401.48
7.73244	401.483
7.73249	401.485
7.73253	401.488
7.73263	401.49
7.73267	401.493
7.73275	401.495
7.73279	401.498
7.73285	401.5
7.7329	401.503
7.73297	401.505
7.73301	401.508
7.73307	401.51
7.73311	401.513
7.73315	401.515
7.73318	401.518
7.73323	401.52
7.73326	401.523
7.73332	401.525
7.73336	401.528
7.7334	401.53
7.73343	401.532
7.73348	401.535
7.73351	401.537
7.73406	401.54
7.73414	401.542
7.73419	401.545
7.73423	401.547
7.7343	401.55
7.73433	401.552
7.73438	401.555
7.73442	401.557
7.73564	401.56
7.73703	401.562
7.73714	401.565
7.7372	401.567
7.73723	401.57
7.7373	401.572
7.73733	401.575
7.73737	401.577
7.7374	401.58
7.73744	401.582
7.73748	401.585
7.73752	401.587
7.73755	401.59
7.73759	401.592
7.73763	401.595
7.73767	401.597
7.7377	401.6
7.73774	401.602
7.73777	401.605
7.73781	401.607
7.73784	401.61
7.73788	401.612
7.73792	401.615
7.73796	401.617
7.738	401.62
7.73805	401.622
7.73809	401.625
7.73813	401.627
7.73816	401.63
7.7382	401.632
7.73823	401.635
7.73828	401.637
7.73831	401.64
7.73835	401.642
7.73838	401.645
7.73842	401.647
7.73845	401.65
7.73849	401.652
7.73852	401.655
7.73856	401.657
7.73859	401.66
7.73863	401.662
7.73866	401.665
7.7387	401.667
7.73983	401.67
7.74001	401.672
7.74008	401.675
7.74035	401.677
7.74039	401.68
7.74065	401.682
7.74068	401.685
7.74074	401.687
7.74077	401.69
7.74081	401.692
7.74084	401.695
7.74091	401.697
7.74094	401.7
7.74098	401.702
7.74101	401.705
7.74105	401.707
7.74108	401.71
7.74111	401.712
7.74115	401.715
7.74118	401.717
7.74121	401.72
7.74125	401.722
7.74128	401.725
7.74132	401.727
7.74134	401.729
7.74138	401.732
7.74141	401.734
7.74144	401.737
7.74147	401.739
7.74151	401.742
7.74153	401.744
7.74157	401.747
7.7416	401.749
7.74163	401.752
7.74166	401.754
7.7417	401.757
7.74172	401.759
7.74176	401.762
7.74179	401.764
7.74182	401.767
7.74185	401.769
7.74188	401.772
7.74191	401.774
7.74195	401.777
7.74198	401.779
7.74201	401.782
7.74204	401.784
7.74208	401.787
7.7421	401.789
7.74214	401.792
7.74217	401.794
7.7423	401.797
7.74355	401.799
7.74452	401.802
7.7446	401.804
7.74464	401.807
7.74467	401.809
7.74471	401.812
7.74474	401.814
7.74477	401.817
7.74481	401.819
7.74484	401.822
7.74487	401.824
7.7449	401.827
7.74495	401.829
7.74498	401.832
7.74507	401.834
7.74512	401.837
7.74516	401.839
7.74519	401.842
7.74522	401.844
7.74525	401.847
7.74528	401.849
7.74531	401.852
7.74533	401.854
7.74537	401.857
7.7454	401.859
7.74543	401.862
7.74545	401.864
7.74549	401.867
7.74551	401.869
7.74554	401.872
7.74557	401.874
7.74561	401.877
7.74564	401.879
7.74577	401.882
7.74586	401.884
7.74596	401.887
7.74604	401.889
7.7461	401.892
7.7462	401.894
7.74625	401.897
7.74629	401.899
7.74632	401.902
7.74635	401.904
7.74638	401.907
7.74641	401.909
7.74644	401.912
7.74647	401.914
7.74649	401.917
7.74652	401.919
7.74655	401.922
7.74658	401.924
7.74664	401.927
7.74672	401.929
7.74675	401.931
7.74678	401.934
7.74681	401.936
7.74684	401.939
7.74686	401.941
7.74689	401.944
7.74692	401.946
7.74698	401.949
7.74701	401.951
7.74705	401.954
7.74707	401.956
7.7471	401.959
7.74713	401.961
7.74716	401.964
7.74718	401.966
7.74721	401.969
7.74724	401.971
7.74727	401.974
7.74729	401.976
7.74732	401.979
7.74735	401.981
7.74738	401.984
7.74741	401.986
7.74744	401.989
7.74747	401.991
7.7475	401.994
7.74752	401.996
7.74755	401.999
7.74757	402.001
7.7476	402.004
7.74762	402.006
7.74766	402.009
7.74768	402.011
7.74775	402.014
7.74777	402.016
7.74781	402.019
7.74783	402.021
7.74786	402.024
7.74788	402.026
7.74792	402.029
7.74794	402.031
7.74797	402.034
7.74799	402.036
7.74802	402.039
7.74804	402.041
7.74807	402.044
7.74809	402.046
7.74812	402.049
7.74814	402.051
7.74819	402.054
7.74822	402.056
7.74825	402.059
7.74827	402.061
7.7483	402.064
7.74832	402.066
7.74837	402.068
7.74839	402.071
7.74842	402.073
7.74844	402.076
7.74847	402.078
7.74849	402.081
7.74853	402.083
7.74856	402.086
7.74859	402.088
7.74861	402.091
7.74864	402.093
7.74866	402.096
7.74869	402.098
7.74871	402.101
7.74873	402.103
7.74875	402.106
7.74878	402.108
7.7488	402.111
7.74883	402.113
7.74885	402.116
7.7489	402.118
7.74895	402.121
7.74903	402.123
7.74905	402.126
7.74909	402.128
7.74911	402.131
7.74914	402.133
7.74916	402.136
7.74919	402.138
7.74921	402.141
7.74926	402.143
7.74928	402.146
7.74931	402.148
7.74934	402.151
7.74936	402.153
7.74939	402.156
7.74942	402.158
7.74944	402.161
7.74947	402.163
7.74949	402.165
7.74952	402.168
7.74954	402.17
7.74958	402.173
7.7496	402.175
7.74963	402.178
7.74965	402.18
7.74969	402.183
7.74971	402.185
7.74973	402.188
7.74975	402.19
7.74986	402.193
7.74991	402.195
7.74995	402.198
7.74997	402.2
7.75	402.203
7.75007	402.205
7.75038	402.208
7.75091	402.21
7.7512	402.213
7.7513	402.215
7.75135	402.218
7.75141	402.22
7.75145	402.223
7.75151	402.225
7.75155	402.228
7.75161	402.23
7.75165	402.233
7.75171	402.235
7.75181	402.238
7.75196	402.24
7.75201	402.243
7.75205	402.245
7.75208	402.248
7.75211	402.25
7.75213	402.253
7.75216	402.255
7.75218	402.258
7.75221	402.26
7.75223	402.263
7.75226	402.265
7.75228	402.267
7.75231	402.27
7.75233	402.272
7.75236	402.275
7.75238	402.277
7.75241	402.28
7.75243	402.282
7.75246	402.285
7.75248	402.287
7.75251	402.29
7.75253	402.292
7.75256	402.295
7.75258	402.297
7.75261	402.3
7.75263	402.302
7.75265	402.305
7.75267	402.307
7.7527	402.31
7.75272	402.312
7.75275	402.315
7.75277	402.317
7.7528	402.32
7.75282	402.322
7.75286	402.325
7.75288	402.327
7.75291	402.33
7.75293	402.332
7.75296	402.335
7.75298	402.337
7.75303	402.34
7.75306	402.342
7.75309	402.345
7.75311	402.347
7.75315	402.35
7.75318	402.352
7.75321	402.355
7.75323	402.357
7.75326	402.36
7.75328	402.362
7.7533	402.365
7.75332	402.367
7.75335	402.369
7.75337	402.372
7.7534	402.374
7.75342	402.377
7.75345	402.379
7.75347	402.382
7.75349	402.384
7.75352	402.387
7.75355	402.389
7.7536	402.392
7.75372	402.394
7.75403	402.397
7.7541	402.399
7.75413	402.402
7.75416	402.404
7.7542	402.407
7.75424	402.409
7.75426	402.412
7.75429	402.414
7.75431	402.417
7.75433	402.419
7.75436	402.422
7.75439	402.424
7.75441	402.427
7.75443	402.429
7.75449	402.432
7.75453	402.434
7.7546	402.437
7.75465	402.439
7.75468	402.442
7.75471	402.444
7.75474	402.447
7.75476	402.449
7.75479	402.452
7.75488	402.454
7.75495	402.457
7.75498	402.459
7.75501	402.462
7.75503	402.464
7.75511	402.466
7.75514	402.469
7.75518	402.471
7.75521	402.474
7.75528	402.476
7.75531	402.479
7.75534	402.481
7.75537	402.484
7.75539	402.486
7.75542	402.489
7.75545	402.491
7.75547	402.494
7.7555	402.496
7.75553	402.499
7.75567	402.501
7.75578	402.504
7.75581	402.506
7.75584	402.509
7.75586	402.511
7.75589	402.514
7.75594	402.516
7.75606	402.519
7.75612	402.521
7.75629	402.524
7.7565	402.526
7.75657	402.529
7.7566	402.531
7.75663	402.534
7.75665	402.536
7.75668	402.539
7.75671	402.541
7.75676	402.544
7.75678	402.546
7.75685	402.549
7.75689	402.551
7.75698	402.554
7.75704	402.556
7.75707	402.559
7.7571	402.561
7.75712	402.564
7.75716	402.566
7.75719	402.568
7.75725	402.571
7.7573	402.573
7.75733	402.576
7.7574	402.578
7.75754	402.581
7.75764	402.583
7.75771	402.586
7.75773	402.588
7.75777	402.591
7.75779	402.593
7.75782	402.596
7.75785	402.598
7.75788	402.601
7.75791	402.603
7.75805	402.606
7.75815	402.608
7.7582	402.611
7.75829	402.613
7.75835	402.616
7.7585	402.618
7.75854	402.621
7.75858	402.623
7.7586	402.626
7.75863	402.628
7.75866	402.631
7.75869	402.633
7.75871	402.636
7.75874	402.638
7.75878	402.641
7.75897	402.643
7.75903	402.646
7.75906	402.648
7.75912	402.651
7.75917	402.653
7.75925	402.656
7.75934	402.658
7.75936	402.661
7.75941	402.663
7.75944	402.665
7.75947	402.668
7.7595	402.67
7.75953	402.673
7.75956	402.675
7.75962	402.678
7.75972	402.68
7.75979	402.683
7.75982	402.685
7.75985	402.688
7.75996	402.69
7.76007	402.693
7.76016	402.695
7.76022	402.698
7.76025	402.7
7.7603	402.703
7.76033	402.705
7.76038	402.708
7.7604	402.71
7.76043	402.713
7.76053	402.715
7.76063	402.718
7.76066	402.72
7.76069	402.723
7.76072	402.725
7.76075	402.728
7.76077	402.73
7.76089	402.733
7.76092	402.735
7.761	402.738
7.76104	402.74
7.76111	402.743
7.76117	402.745
7.76121	402.748
7.76124	402.75
7.76126	402.753
7.76129	402.755
7.76132	402.758
7.76138	402.76
7.76141	402.763
7.76144	402.765
7.76154	402.767
7.76162	402.77
7.76165	402.772
7.76182	402.775
7.76188	402.777
7.76191	402.78
7.76194	402.782
7.76197	402.785
7.762	402.787
7.76203	402.79
7.76206	402.792
7.76215	402.795
7.76221	402.797
7.76224	402.8
7.76229	402.802
7.76232	402.805
7.76235	402.807
7.76237	402.81
7.7624	402.812
7.76243	402.815
7.76245	402.817
7.76251	402.82
7.76255	402.822
7.76265	402.825
7.76272	402.827
7.76275	402.83
7.76278	402.832
7.76286	402.835
7.76289	402.837
7.76299	402.84
7.76306	402.842
7.76308	402.845
7.76312	402.847
7.76315	402.85
7.76318	402.852
7.76321	402.855
7.76325	402.857
7.7633	402.86
7.76344	402.862
7.7635	402.865
7.76355	402.867
7.76364	402.869
7.76371	402.872
7.76373	402.874
7.7638	402.877
7.76384	402.879
7.76387	402.882
7.76392	402.884
7.76394	402.887
7.76397	402.889
7.76399	402.892
7.76405	402.894
7.76413	402.897
7.76428	402.899
7.76435	402.902
7.76443	402.904
7.76448	402.907
7.76451	402.909
7.76454	402.912
7.76456	402.914
7.76459	402.917
7.7647	402.919
7.76478	402.922
7.76483	402.924
7.76487	402.927
7.76495	402.929
7.765	402.932
7.76514	402.934
7.76518	402.937
7.76529	402.939
7.76534	402.942
7.76536	402.944
7.76538	402.947
7.76544	402.949
7.76551	402.952
7.76554	402.954
7.76556	402.957
7.76564	402.959
7.76569	402.962
7.76576	402.964
7.7658	402.966
7.76594	402.969
7.76598	402.971
7.76602	402.974
7.76604	402.976
7.76606	402.979
7.76608	402.981
7.76612	402.984
7.7662	402.986
7.76624	402.989
7.7663	402.991
7.76633	402.994
7.76636	402.996
7.76649	402.999
7.76654	403.001
7.76666	403.004
7.76674	403.006
7.76687	403.009
7.76691	403.011
7.76693	403.014
7.76697	403.016
7.76699	403.019
7.76701	403.021
7.76707	403.024
7.76709	403.026
7.76713	403.029
7.76716	403.031
7.76731	403.034
7.76735	403.036
7.76737	403.039
7.7674	403.041
7.76748	403.044
7.76754	403.046
7.76757	403.048
7.76765	403.051
7.76769	403.053
7.7678	403.056
7.76786	403.058
7.76789	403.061
7.76791	403.063
7.76793	403.066
7.76795	403.068
7.76802	403.071
7.76806	403.073
7.76811	403.076
7.76814	403.078
7.76816	403.081
7.76825	403.083
7.76828	403.086
7.76835	403.088
7.76839	403.091
7.76843	403.093
7.76858	403.096
7.76862	403.098
7.76868	403.101
7.76871	403.103
7.76886	403.106
7.76891	403.108
7.76906	403.11
7.76913	403.113
7.76916	403.115
7.76918	403.118
7.7692	403.12
7.76922	403.123
7.76924	403.125
7.76926	403.128
7.7693	403.13
7.76936	403.133
7.76943	403.135
7.76947	403.138
7.76949	403.14
7.76952	403.143
7.76961	403.145
7.76964	403.148
7.76968	403.15
7.76975	403.153
7.76984	403.155
7.76994	403.158
7.77001	403.16
7.77008	403.163
7.77011	403.165
7.77013	403.168
7.77022	403.17
7.77038	403.173
7.77046	403.175
7.77049	403.177
7.77055	403.18
7.7706	403.182
7.77063	403.185
7.77065	403.187
7.77072	403.19
7.77074	403.192
7.77077	403.195
7.77079	403.197
7.77081	403.2
7.77084	403.202
7.77099	403.205
7.77103	403.207
7.77114	403.21
7.77118	403.212
7.7712	403.215
7.77129	403.217
7.77132	403.22
7.77134	403.222
7.77138	403.225
7.7714	403.227
7.77142	403.23
7.77144	403.232
7.7716	403.235
7.77165	403.237
7.77167	403.24
7.77169	403.242
7.77177	403.244
7.7718	403.247
7.77194	403.249
7.77197	403.252
7.77213	403.254
7.77222	403.257
7.77226	403.259
7.77237	403.262
7.77239	403.264
7.7725	403.267
7.77256	403.269
7.77259	403.272
7.77266	403.274
7.7727	403.277
7.77273	403.279
7.77276	403.282
7.77284	403.284
7.77287	403.287
7.77294	403.289
7.77296	403.292
7.77298	403.294
7.773	403.297
7.77303	403.299
7.77305	403.302
7.77306	403.304
7.77308	403.307
7.77311	403.309
7.77313	403.311
7.77316	403.314
7.77326	403.316
7.77329	403.319
7.77331	403.321
7.77334	403.324
7.77341	403.326
7.77343	403.329
7.77345	403.331
7.77358	403.334
7.77362	403.336
7.8819	403.339
8.26486	403.341
8.2649	403.344
8.26492	403.346
8.26493	403.349
8.26495	403.351
8.26497	403.354
8.26498	403.356
8.265	403.359
8.26501	403.361
8.26503	403.364
8.26504	403.366
8.26505	403.369
8.26507	403.371
8.26508	403.374
8.26509	403.376
8.26511	403.378
8.26512	403.381
8.26513	403.383
8.26514	403.386
8.26517	403.388
8.26522	403.391
8.26525	403.393
8.2654	403.396
8.26543	403.398
8.26544	403.401
8.26547	403.403
8.26556	403.406
8.26559	403.408
8.26565	403.411
8.26567	403.413
8.26569	403.416
8.2657	403.418
8.26584	403.421
8.26586	403.423
8.26588	403.426
8.26589	403.428
8.26597	403.431
8.26598	403.433
8.26605	403.436
8.26609	403.438
8.26615	403.441
8.26617	403.443
8.26621	403.445
8.26628	403.448
8.26636	403.45
8.26638	403.453
8.26641	403.455
8.26649	403.458
8.26651	403.46
8.26653	403.463
8.26659	403.465
8.26665	403.468
8.26667	403.47
8.26674	403.473
8.26677	403.475
8.26679	403.478
8.27465	403.48
8.27468	403.483
8.27469	403.485
8.27471	403.488
8.27472	403.49
8.27473	403.493
8.27474	403.495
8.27475	403.498
8.27481	403.5
8.27483	403.503
8.27485	403.505
8.27487	403.508
8.27493	403.51
8.27498	403.512
8.27506	403.515
8.27508	403.517
8.27509	403.52
8.27512	403.522
8.27517	403.525
8.27519	403.527
8.27531	403.53
8.27533	403.532
8.27534	403.535
8.27538	403.537
8.27552	403.54
8.27555	403.542
8.27556	403.545
8.27562	403.547
8.27563	403.55
8.27569	403.552
8.27571	403.555
8.27578	403.557
8.27584	403.56
8.27586	403.562
8.27589	403.565
8.28421	201.782
8.28524	201.787
8.28528	201.792
8.28529	201.797
8.2853	201.802
8.28531	201.807
8.28533	201.812
8.28534	201.817
8.28535	201.822
8.28536	201.827
8.28537	201.832
8.28541	201.837
8.28542	201.842
8.28549	201.847
8.28552	201.852
8.28553	201.857
8.28554	201.862
8.28555	201.867
8.28556	201.872
8.28561	201.877
8.28563	201.882
8.28564	201.887
8.28566	201.892
8.2857	201.897
8.28578	201.902
8.2858	201.907
8.28584	201.912
8.28588	201.917
8.28594	201.922
8.28601	201.927
8.28603	201.932
8.28605	201.937
8.2861	201.942
8.28612	201.946
8.28622	201.951
8.28624	201.956
8.28627	201.961
8.28632	201.966
8.28637	201.971
8.28642	201.976
8.28644	201.981
8.2865	201.986
8.28654	201.991
8.28661	201.996
8.28663	202.001
8.28669	202.006
8.28672	202.011
8.28675	202.016
8.28681	202.021
8.28687	202.026
8.2869	202.031
8.28697	202.036
8.28699	202.041
8.28704	202.046
8.28707	202.051
8.28714	202.056
8.28717	202.061
8.28726	202.066
8.28728	202.071
8.28729	202.075
8.28738	202.08
8.28741	202.085
8.28743	202.09
8.28748	202.095
8.28753	202.1
8.28756	202.105
8.28762	202.11
8.28768	202.115
8.2877	202.12
8.28771	202.125
8.28781	202.13
8.29462	202.135
8.29469	202.14
8.29484	202.145
8.29942	202.15
8.29973	202.155
8.30025	202.16
8.30032	202.165
8.30035	202.17
8.30036	202.174
8.30037	202.179
8.30041	202.184
8.30043	202.189
8.30046	202.194
8.3005	202.199
8.30051	202.204
8.30055	202.209
8.30057	202.214
8.30059	202.219
8.3006	202.224
8.30061	202.229
8.30062	202.234
8.30063	202.239
8.30064	202.244
8.30065	202.249
8.30066	202.254
8.30067	202.259
8.30068	202.264
8.30071	202.269
8.30076	202.273
8.30077	202.278
8.30078	202.283
8.30081	202.288
8.30083	202.293
8.30084	202.298
8.30088	202.303
8.30097	202.308
8.30101	202.313
8.30572	202.318
8.30581	202.323
8.30588	202.328
8.30588	202.333
8.30589	202.338
8.3059	202.343
8.30594	202.348
8.30595	202.353
8.30597	202.358
8.30598	202.363
8.306	202.368
8.30601	202.372
8.30603	202.377
8.30604	202.382
8.30606	202.387
8.30607	202.392
8.30609	202.397
8.3061	202.402
