segment	rtt	rttvar	srtt	rto
0	393.442	196.721	393.442	1967.21
1	394.298	186.928	393.463	1888.88
2	394.918	179.2	393.494	1827.09
3	395.837	171.831	393.542	1768.19
4	396.57	165.802	393.596	1720.01
5	397.186	160.009	393.661	1673.73
6	398.528	155.161	393.737	1635.02
7	399.168	150.481	393.821	1597.67
8	399.887	146.47	393.906	1565.67
9	400.44	142.583	393.996	1534.66
10	8.16694	148.664	389.174	1578.49
11	8.9058	154.454	384.42	1620.05
12	8.6746	159.483	380.15	1656.02
13	9.74299	164.277	375.941	1690.16
14	10.3773	168.471	372.133	1719.9
15	11.0307	172.484	368.372	1748.24
16	11.0084	176.039	364.936	1773.25
17	11.4803	179.451	361.537	1797.15
18	11.4552	182.498	358.411	1818.4
19	12.1192	185.423	355.319	1838.7
20	12.2409	188.05	352.46	1856.86
21	12.9334	190.575	349.631	1874.23
22	12.2957	192.868	346.996	1889.94
23	12.9351	195.074	344.386	1904.98
24	12.9986	197.079	341.949	1918.58
25	13.6925	199.008	339.535	1931.6
26	13.6444	200.77	337.272	1943.43
27	14.3305	202.467	335.03	1954.77
28	14.4756	204.021	332.921	1965.09
29	15.1776	205.517	330.83	1974.97
30	14.682	206.9	328.854	1984.06
31	15.423	208.232	326.895	1992.75
32	15.3427	209.462	325.041	2000.74
33	16.0054	210.647	323.201	2008.38
34	16.0763	211.744	321.456	2015.4
35	16.7806	212.8	319.725	2022.12
36	16.3149	213.784	318.076	2028.35
37	17.1117	214.732	316.441	2034.3
38	16.4473	215.62	314.878	2039.84
39	17.1518	216.475	313.328	2045.13
40	17.2321	217.272	311.847	2050.02
41	17.8932	218.039	310.377	2054.69
42	17.6619	218.757	308.97	2059.02
43	18.4323	219.447	307.573	2063.15
44	18.5826	220.091	306.235	2066.96
45	19.3125	220.709	304.907	2070.58
46	19.3543	221.288	303.632	2073.94
47	19.9604	221.845	302.366	2077.13
48	19.9683	222.367	301.148	2080.09
49	20.6222	222.869	299.939	2082.89
50	20.6883	223.339	298.776	2085.49
51	21.2823	223.79	297.62	2087.94
52	21.2333	224.214	296.505	2090.22
53	21.9445	224.62	295.398	2092.36
54	21.9357	225.002	294.33	2094.34
55	22.667	225.366	293.269	2096.2
56	22.73	225.708	292.244	2097.91
57	23.4111	226.035	291.226	2099.51
58	23.3377	226.343	290.241	2100.98
59	24.0483	226.636	289.262	2102.35
60	24.1456	226.911	288.315	2103.6
61	24.8053	227.172	287.374	2104.75
62	24.8693	227.418	286.463	2105.8
63	25.8797	227.648	285.558	2106.74
64	25.873	227.864	284.68	2107.6
65	26.5651	228.069	283.808	2108.36
66	26.6569	228.26	282.963	2109.04
67	27.2485	228.441	282.121	2109.65
68	27.2814	228.61	281.305	2110.18
69	27.9042	228.769	280.492	2110.64
70	27.9013	228.918	279.703	2111.04
71	28.6204	229.056	278.918	2111.37
72	28.5984	229.186	278.155	2111.64
73	29.5555	229.304	277.397	2111.83
74	29.3257	229.416	276.659	2111.99
75	30.0028	229.519	275.925	2112.07
76	30.0743	229.614	275.21	2112.12
77	30.6542	229.7	274.499	2112.1
78	30.6894	229.781	273.807	2112.05
79	31.3846	229.852	273.118	2111.94
80	31.6686	229.917	272.447	2111.78
81	32.423	229.973	271.781	2111.56
82	32.3198	230.025	271.13	2111.33
83	32.7596	230.07	270.482	2111.04
84	32.6591	230.111	269.85	2110.74
85	33.3471	230.145	269.221	2110.38
86	33.5558	230.174	268.607	2110
87	34.2157	230.196	267.996	2109.56
88	34.2872	230.214	267.4	2109.11
89	34.987	230.225	266.807	2108.61
90	34.8663	230.234	266.228	2108.1
91	35.5214	230.236	265.651	2107.54
92	35.5593	230.235	265.087	2106.97
93	36.1815	230.229	264.526	2106.36
94	36.2507	230.219	263.977	2105.73
95	36.8869	230.204	263.431	2105.07
96	36.8265	230.187	262.897	2104.4
97	37.5177	230.165	262.365	2103.68
98	37.575	230.14	261.845	2102.96
99	38.2802	230.109	261.327	2102.2
100	38.2592	230.077	260.82	2101.44
101	38.8812	230.04	260.316	2100.64
102	39.0054	230.001	259.822	2099.83
103	39.5591	229.958	259.33	2098.99
104	39.6472	229.913	258.848	2098.15
105	40.2755	229.863	258.369	2097.27
106	40.3137	229.812	257.899	2096.4
107	41.0253	229.756	257.432	2095.48
108	41.047	229.7	256.973	2094.57
109	41.7585	229.638	256.517	2093.62
110	41.5951	229.577	256.07	2092.69
111	42.2734	229.511	255.624	2091.71
112	42.401	229.445	255.187	2090.74
113	43.0545	229.374	254.753	2089.74
114	43.1057	229.302	254.326	2088.74
115	43.7809	229.226	253.901	2087.71
116	43.8074	229.151	253.485	2086.69
117	44.4351	229.071	253.07	2085.64
118	44.4536	228.991	252.662	2084.59
119	45.2651	228.907	252.257	2083.51
120	45.1001	228.823	251.859	2082.44
121	45.7846	228.735	251.463	2081.35
122	45.8034	228.648	251.073	2080.26
123	46.484	228.557	250.686	2079.14
124	46.4982	228.466	250.305	2078.03
125	47.3555	228.371	249.926	2076.89
126	47.2565	228.276	249.553	2075.76
127	47.9204	228.178	249.183	2074.61
128	47.8693	228.081	248.818	2073.47
129	48.572	227.98	248.455	2072.3
130	48.5302	227.88	248.098	2071.14
131	49.2349	227.776	247.743	2069.95
132	49.1952	227.673	247.394	2068.78
133	50.0409	227.567	247.046	2067.58
134	49.9101	227.461	246.704	2066.39
135	50.5	227.352	246.363	2065.18
136	50.2331	227.245	246.027	2063.99
137	50.8852	227.135	245.693	2062.78
138	50.8919	227.026	245.364	2061.57
139	51.5931	226.914	245.037	2060.35
140	51.5808	226.802	244.715	2059.13
141	52.5511	226.687	244.394	2057.89
142	52.4343	226.573	244.079	2056.66
143	53.054	226.456	243.764	2055.41
144	53.1496	226.339	243.455	2054.17
145	53.916	226.22	243.147	2052.91
146	53.7844	226.102	242.844	2051.66
147	54.4938	225.981	242.542	2050.39
148	54.5108	225.861	242.244	2049.13
149	55.1921	225.738	241.948	2047.85
150	55.3422	225.616	241.657	2046.58
151	56.0102	225.491	241.367	2045.29
152	55.9705	225.367	241.081	2044.02
153	56.5947	225.241	240.796	2042.72
154	56.5631	225.116	240.515	2041.44
155	57.2981	224.988	240.236	2040.14
156	56.9894	224.862	239.96	2038.86
157	57.6789	224.734	239.685	2037.56
158	57.9656	224.606	239.415	2036.26
159	58.6066	224.476	239.146	2034.95
160	58.729	224.346	238.881	2033.65
161	59.8358	224.213	238.617	2032.32
162	60.395	224.079	238.358	2030.99
163	61.0746	223.943	238.101	2029.65
164	61.1778	223.808	237.846	2028.31
165	61.8746	223.67	237.593	2026.96
166	61.9239	223.534	237.344	2025.62
167	62.6422	223.395	237.096	2024.26
168	62.5615	223.258	236.851	2022.92
169	63.215	223.119	236.607	2021.56
170	62.9388	222.981	236.366	2020.22
171	63.6606	222.842	236.126	2018.86
172	63.5356	222.704	235.889	2017.52
173	64.2038	222.564	235.653	2016.16
174	64.383	222.424	235.42	2014.81
175	65.1012	222.283	235.189	2013.45
176	65.2979	222.142	234.96	2012.09
177	65.9856	221.999	234.733	2010.72
178	66.0061	221.857	234.509	2009.37
179	66.6698	221.713	234.286	2007.99
180	66.7054	221.571	234.065	2006.63
181	67.3425	221.427	233.846	2005.26
182	67.2691	221.284	233.629	2003.9
183	68.025	221.139	233.413	2002.52
184	67.9898	220.995	233.2	2001.16
185	68.7582	220.849	232.988	1999.78
186	68.5768	220.705	232.778	1998.42
187	69.3242	220.559	232.57	1997.05
188	69.2461	220.415	232.364	1995.68
189	69.9947	220.268	232.159	1994.31
190	70.0398	220.123	231.956	1992.94
191	70.6984	219.976	231.755	1991.56
192	70.734	219.83	231.555	1990.19
193	71.4312	219.682	231.357	1988.81
194	71.4208	219.536	231.161	1987.45
195	72.112	219.387	230.966	1986.07
196	72.1997	219.24	230.773	1984.7
197	72.8866	219.091	230.582	1983.31
198	72.8902	218.944	230.392	1981.94
199	73.4961	218.795	230.204	1980.56
200	73.5343	218.647	230.017	1979.19
201	74.2302	218.497	229.832	1977.81
202	74.3341	218.348	229.648	1976.44
203	74.893	218.198	229.466	1975.05
204	74.958	218.05	229.285	1973.68
205	75.5982	217.899	229.106	1972.3
206	75.5785	217.75	228.928	1970.93
207	76.2782	217.6	228.751	1969.55
208	76.4447	217.45	228.577	1968.17
209	77.0037	217.299	228.403	1966.79
210	76.9792	217.149	228.231	1965.42
211	77.594	216.998	228.06	1964.04
212	77.6824	216.848	227.89	1962.67
213	78.4829	216.696	227.722	1961.29
214	78.3018	216.546	227.555	1959.92
215	78.8727	216.394	227.389	1958.54
216	78.9988	216.244	227.225	1957.18
217	79.7956	216.092	227.062	1955.79
218	79.7	215.941	226.901	1954.43
219	80.3571	215.789	226.74	1953.05
220	80.443	215.638	226.581	1951.68
221	81.1723	215.485	226.423	1950.3
222	81.2057	215.333	226.266	1948.93
223	81.8372	215.181	226.111	1947.56
224	81.796	215.029	225.957	1946.19
225	82.4637	214.876	225.803	1944.81
226	82.4848	214.725	225.651	1943.45
227	83.2329	214.572	225.501	1942.07
228	83.2116	214.42	225.351	1940.71
229	83.9362	214.266	225.203	1939.33
230	83.8733	214.114	225.055	1937.97
231	84.524	213.961	224.909	1936.6
232	84.6026	213.809	224.764	1935.24
233	85.2754	213.655	224.62	1933.86
234	85.2131	213.503	224.477	1932.5
235	85.8971	213.35	224.335	1931.13
236	86.0132	213.197	224.195	1929.77
237	86.6174	213.043	224.055	1928.4
238	86.6232	212.891	223.916	1927.04
239	87.2665	212.737	223.778	1925.68
240	87.3569	212.585	223.642	1924.32
241	87.977	212.431	223.506	1922.95
242	87.8739	212.278	223.372	1921.6
243	88.5192	212.125	223.238	1920.24
244	88.7244	211.972	223.106	1918.88
245	89.3662	211.818	222.974	1917.52
246	89.4315	211.665	222.844	1916.16
247	90.0792	211.511	222.714	1914.8
248	89.9595	211.358	222.585	1913.45
249	90.6437	211.205	222.457	1912.09
250	90.7838	211.052	222.331	1910.74
251	91.502	210.897	222.205	1909.38
252	91.4984	210.744	222.08	1908.03
253	92.1398	210.59	221.956	1906.68
254	92.1204	210.437	221.833	1905.33
255	92.8084	210.283	221.711	1903.97
256	92.8166	210.13	221.59	1902.63
257	93.498	209.976	221.47	1901.28
258	93.4699	209.823	221.35	1899.93
259	94.1993	209.669	221.232	1898.58
260	93.9761	209.516	221.114	1897.24
261	94.6688	209.362	220.997	1895.89
262	94.8642	209.209	220.881	1894.55
263	95.5162	209.055	220.766	1893.21
264	95.5525	208.902	220.651	1891.87
265	96.2194	208.748	220.538	1890.52
266	96.2773	208.595	220.425	1889.18
267	97.1168	208.44	220.314	1887.84
268	97.0118	208.287	220.203	1886.5
269	97.5989	208.133	220.092	1885.16
270	98.6625	207.978	219.984	1883.81
271	99.1621	207.823	219.876	1882.46
272	99.1328	207.668	219.769	1881.11
273	99.8153	207.513	219.663	1879.76
274	99.9829	207.358	219.557	1878.42
275	100.638	207.202	219.453	1877.07
277	100.448	207.048	219.349	1875.73
278	100.56	206.894	219.245	1874.4
279	101.272	206.739	219.142	1873.06
280	101.476	206.585	219.04	1871.72
281	102.051	206.43	218.939	1870.38
282	101.956	206.276	218.839	1869.05
283	102.683	206.122	218.739	1867.71
284	102.703	205.968	218.64	1866.38
285	103.367	205.813	218.542	1865.05
286	103.461	205.659	218.444	1863.72
287	104.073	205.505	218.347	1862.39
288	104.061	205.351	218.251	1861.06
289	104.885	205.196	218.156	1859.73
290	104.913	205.042	218.061	1858.4
291	105.581	204.888	217.967	1857.07
292	105.157	204.734	217.873	1855.75
293	105.818	204.581	217.78	1854.43
294	105.963	204.427	217.688	1853.11
295	106.635	204.273	217.596	1851.78
296	106.604	204.117	217.503	1850.44
297	107.406	203.961	217.411	1849.1
298	107.315	203.803	217.319	1847.74
299	107.951	203.645	217.227	1846.38
300	107.869	203.485	217.135	1845.02
301	108.597	203.325	217.043	1843.64
302	108.717	203.163	216.951	1842.26
303	109.379	203.001	216.86	1840.87
304	109.368	202.837	216.768	1839.47
305	109.995	202.673	216.676	1838.06
306	110.121	202.507	216.584	1836.64
307	110.746	202.34	216.493	1835.22
308	110.718	202.173	216.401	1833.78
309	111.37	202.004	216.31	1832.34
310	111.293	201.835	216.218	1830.89
311	111.956	201.664	216.127	1829.44
312	112.034	201.492	216.036	1827.97
313	112.707	201.319	215.945	1826.5
314	112.7	201.145	215.853	1825.02
315	113.776	200.97	215.763	1823.52
316	113.426	200.794	215.671	1822.02
317	114.241	200.616	215.581	1820.51
318	114.137	200.438	215.489	1818.99
319	114.815	200.258	215.399	1817.47
320	114.763	200.078	215.308	1815.93
321	115.455	199.896	215.217	1814.39
322	115.489	199.714	215.126	1812.84
323	116.179	199.53	215.036	1811.27
324	116.207	199.345	214.945	1809.7
325	116.892	199.158	214.855	1808.12
326	116.847	198.971	214.764	1806.53
327	117.552	198.783	214.674	1804.94
328	117.615	198.593	214.584	1803.33
329	118.26	198.402	214.494	1801.71
330	118.149	198.21	214.403	1800.09
331	118.874	198.017	214.314	1798.45
332	118.452	197.824	214.223	1796.81
333	119.215	197.629	214.133	1795.16
334	118.583	197.434	214.042	1793.52
335	119.184	197.238	213.951	1791.86
336	119.201	197.041	213.86	1790.19
337	119.883	196.843	213.77	1788.51
338	119.866	196.644	213.679	1786.83
339	120.647	196.443	213.589	1785.13
340	120.564	196.241	213.498	1783.42
341	121.267	196.038	213.408	1781.71
342	121.377	195.833	213.317	1779.98
343	122.158	195.627	213.227	1778.24
344	122.088	195.42	213.137	1776.49
345	122.794	195.211	213.047	1774.74
346	122.764	195.001	212.957	1772.97
347	123.452	194.79	212.867	1771.19
348	123.508	194.578	212.777	1769.4
349	124.223	194.364	212.688	1767.6
350	124.237	194.149	212.598	1765.79
351	124.931	193.932	212.509	1763.97
352	124.934	193.714	212.419	1762.13
353	125.529	193.495	212.33	1760.29
354	125.561	193.275	212.241	1758.44
355	126.323	193.053	212.152	1756.58
356	126.321	192.83	212.063	1754.7
357	126.976	192.605	211.974	1752.82
358	126.985	192.379	211.885	1750.92
359	127.644	192.152	211.796	1749.01
360	127.615	191.923	211.707	1747.09
361	128.336	191.693	211.619	1745.16
362	128.352	191.462	211.53	1743.22
363	129.068	191.229	211.442	1741.27
364	129.068	190.994	211.353	1739.31
365	129.721	190.758	211.265	1737.33
366	129.703	190.521	211.176	1735.34
367	130.417	190.282	211.088	1733.35
368	130.404	190.042	211	1731.34
369	131.117	189.8	210.912	1729.32
370	131.236	189.557	210.824	1727.28
371	131.757	189.312	210.737	1725.24
372	131.879	189.066	210.649	1723.18
373	132.691	188.818	210.562	1721.1
374	132.56	188.568	210.474	1719.02
375	133.166	188.318	210.387	1716.93
376	133.147	188.065	210.299	1714.82
377	133.847	187.812	210.212	1712.7
378	133.856	187.556	210.125	1710.57
379	134.526	187.299	210.038	1708.43
380	134.49	187.04	209.951	1706.27
381	135.148	186.781	209.864	1704.11
382	135.264	186.518	209.777	1701.92
383	135.938	186.255	209.691	1699.73
384	135.954	185.99	209.604	1697.52
385	137.001	185.722	209.518	1695.3
386	136.795	185.453	209.431	1693.06
387	137.504	185.183	209.346	1690.81
388	137.431	184.911	209.259	1688.55
389	138.14	184.637	209.174	1686.27
390	138.159	184.361	209.088	1683.98
391	138.837	184.085	209.002	1681.68
392	138.88	183.805	208.916	1679.36
393	139.554	183.525	208.831	1677.03
394	139.563	183.242	208.746	1674.68
395	140.307	182.958	208.661	1672.32
396	140.219	182.671	208.575	1669.95
397	140.94	182.384	208.491	1667.56
398	140.976	182.094	208.406	1665.16
399	141.592	181.803	208.321	1662.74
400	141.639	181.509	208.236	1660.31
401	142.288	181.214	208.152	1657.87
402	142.261	180.917	208.067	1655.4
403	143.021	180.618	207.983	1652.93
404	143.013	180.317	207.899	1650.44
405	143.643	180.015	207.815	1647.93
406	143.622	179.71	207.731	1645.41
407	144.344	179.404	207.647	1642.88
408	144.387	179.095	207.563	1640.32
409	145.053	178.785	207.48	1637.76
410	145.061	178.472	207.396	1635.17
411	145.754	178.158	207.313	1632.58
412	145.808	177.841	207.23	1629.96
413	146.457	177.523	207.147	1627.33
414	146.29	177.203	207.064	1624.68
415	147.041	176.881	206.981	1622.03
416	147.159	176.555	206.898	1619.34
417	147.867	176.229	206.816	1616.65
418	147.765	175.9	206.733	1613.93
419	148.442	175.569	206.651	1611.21
420	148.519	175.236	206.569	1608.46
421	149.235	174.901	206.487	1605.69
422	149.228	174.563	206.405	1602.91
423	149.858	174.224	206.324	1600.11
424	149.84	173.881	206.242	1597.29
425	150.518	173.538	206.161	1594.46
426	150.392	173.192	206.079	1591.61
427	151.08	172.844	205.998	1588.75
428	151.179	172.493	205.916	1585.86
429	151.893	172.14	205.836	1582.96
430	151.883	171.784	205.754	1580.03
431	152.558	171.427	205.674	1577.09
432	152.619	171.066	205.593	1574.12
433	153.263	170.704	205.514	1571.15
434	153.352	170.338	205.433	1568.14
435	154.03	169.971	205.354	1565.12
436	153.848	169.601	205.273	1562.08
437	154.564	169.229	205.194	1559.03
438	154.602	168.854	205.114	1555.95
439	155.397	168.477	205.035	1552.85
440	155.505	168.096	204.956	1549.72
441	156.166	167.713	204.878	1546.58
442	156.147	167.327	204.799	1543.41
443	156.788	166.94	204.721	1540.24
444	156.757	166.548	204.642	1537.03
445	157.382	166.156	204.564	1533.81
446	157.49	165.764	204.487	1530.6
447	158.114	165.371	204.411	1527.38
448	158.177	164.979	204.334	1524.17
449	158.959	164.586	204.26	1520.95
450	158.805	164.194	204.185	1517.74
451	159.553	163.801	204.112	1514.52
452	159.517	163.409	204.038	1511.31
453	160.173	163.015	203.966	1508.09
454	160.129	162.623	203.894	1504.88
455	160.751	162.23	203.823	1501.67
456	160.867	161.838	203.752	1498.46
457	161.577	161.444	203.683	1495.24
458	161.59	161.052	203.614	1492.03
459	162.244	160.658	203.546	1488.81
460	162.234	160.266	203.478	1485.6
461	162.918	159.872	203.411	1482.39
462	162.956	159.479	203.345	1479.18
463	163.69	159.085	203.279	1475.96
464	163.567	158.692	203.214	1472.75
465	164.371	158.298	203.15	1469.53
466	164.213	157.905	203.086	1466.33
467	164.92	157.511	203.023	1463.11
468	164.94	157.119	202.961	1459.91
469	165.566	156.725	202.899	1456.7
470	165.715	156.331	202.838	1453.49
471	166.501	155.937	202.778	1450.27
472	166.427	155.543	202.719	1447.07
473	167.109	155.149	202.66	1443.85
474	167.213	154.755	202.602	1440.64
475	167.847	154.36	202.544	1437.43
476	167.775	153.967	202.487	1434.22
477	168.465	153.572	202.431	1431.01
478	168.458	153.179	202.375	1427.81
479	169.152	152.784	202.321	1424.6
480	169.188	152.391	202.266	1421.39
481	169.838	151.996	202.213	1418.18
482	169.806	151.603	202.16	1414.98
483	170.526	151.208	202.108	1411.77
484	170.54	150.815	202.056	1408.57
485	171.285	150.42	202.005	1405.36
486	171.225	150.026	201.955	1402.16
487	171.889	149.632	201.905	1398.96
488	171.923	149.238	201.856	1395.76
489	172.664	148.843	201.808	1392.55
490	172.583	148.45	201.76	1389.36
491	173.267	148.055	201.713	1386.15
492	173.344	147.661	201.666	1382.96
493	173.98	147.267	201.621	1379.75
494	174.031	146.873	201.575	1376.56
495	174.675	146.478	201.531	1373.36
496	174.686	146.085	201.487	1370.17
497	175.395	145.69	201.444	1366.96
498	175.354	145.297	201.401	1363.77
499	176.047	144.902	201.359	1360.58
500	176.1	144.509	201.318	1357.39
501	176.801	144.114	201.277	1354.19
502	176.765	143.72	201.237	1351
503	177.336	143.326	201.198	1347.81
504	177.459	142.933	201.159	1344.62
505	178.054	142.539	201.121	1341.43
506	178.164	142.145	201.083	1338.25
507	178.756	141.751	201.046	1335.06
508	178.821	141.358	201.01	1331.87
509	179.401	140.964	200.974	1328.69
510	179.449	140.571	200.939	1325.51
511	180.142	140.177	200.905	1322.32
512	180.117	139.785	200.87	1319.15
513	180.765	139.391	200.837	1315.96
514	180.816	138.998	200.804	1312.79
515	181.491	138.604	200.773	1309.61
516	181.512	138.212	200.741	1306.44
517	182.193	137.818	200.71	1303.26
518	182.201	137.426	200.68	1300.09
519	182.874	137.032	200.651	1296.91
520	182.889	136.64	200.621	1293.74
521	183.571	136.247	200.593	1290.57
522	183.628	135.854	200.566	1287.4
523	184.275	135.461	200.539	1284.23
524	184.251	135.069	200.512	1281.06
525	184.935	134.676	200.486	1277.89
526	185.208	134.283	200.461	1274.73
527	185.822	133.89	200.437	1271.55
528	185.573	133.498	200.413	1268.4
529	186.315	133.105	200.389	1265.23
530	186.332	132.714	200.366	1262.08
531	187.152	132.321	200.345	1258.91
532	187.065	131.929	200.323	1255.75
533	187.757	131.536	200.302	1252.59
534	187.737	131.145	200.281	1249.44
535	188.563	130.752	200.262	1246.28
536	188.484	130.361	200.243	1243.13
537	189.199	129.968	200.225	1239.97
538	189.071	129.577	200.206	1236.83
539	189.81	129.185	200.189	1233.67
540	189.822	128.795	200.172	1230.53
541	190.501	128.403	200.156	1227.38
542	190.447	128.012	200.14	1224.24
543	191.162	127.621	200.126	1221.09
544	191.043	127.231	200.111	1217.96
545	191.793	126.84	200.097	1214.81
546	191.831	126.45	200.083	1211.68
547	192.475	126.059	200.071	1208.54
548	192.575	125.669	200.058	1205.41
549	193.243	125.278	200.047	1202.27
550	192.233	124.891	200.034	1199.16
551	192.9	124.504	200.023	1196.05
552	193.056	124.117	200.011	1192.95
553	193.844	123.729	200.001	1189.83
554	193.718	123.343	199.991	1186.73
555	194.42	122.955	199.982	1183.63
556	194.403	122.569	199.972	1180.53
557	195.113	122.182	199.964	1177.42
558	195.133	121.796	199.956	1174.33
559	195.665	121.41	199.949	1171.23
560	195.729	121.024	199.942	1168.14
561	196.447	120.638	199.937	1165.04
562	196.427	120.252	199.931	1161.95
563	197.143	119.866	199.926	1158.85
564	197.136	119.481	199.922	1155.77
565	197.869	119.094	199.918	1152.67
566	197.789	118.71	199.915	1149.59
567	198.525	118.324	199.913	1146.5
568	198.438	117.939	199.91	1143.43
569	199.102	117.554	199.909	1140.34
570	199.15	117.17	199.908	1137.27
571	199.918	116.785	199.908	1134.18
572	199.898	116.4	199.908	1131.11
573	200.576	116.02	199.909	1128.07
574	200.59	115.64	199.91	1125.03
575	201.193	115.264	199.912	1122.02
576	201.225	114.889	199.914	1119.03
577	201.896	114.518	199.917	1116.06
578	201.929	114.148	199.921	1113.1
579	202.628	113.781	199.925	1110.17
580	202.638	113.416	199.93	1107.26
581	203.27	113.054	199.935	1104.36
582	203.304	112.693	199.941	1101.48
583	204.034	112.336	199.947	1098.63
584	203.947	111.979	199.954	1095.79
585	204.665	111.626	199.962	1092.97
586	204.543	111.274	199.969	1090.16
587	205.19	110.925	199.978	1087.38
588	205.177	110.578	199.986	1084.61
589	205.978	110.234	199.996	1081.87
590	205.974	109.891	200.006	1079.13
591	206.659	109.551	200.017	1076.43
592	206.705	109.213	200.028	1073.73
593	207.434	108.878	200.04	1071.06
594	207.449	108.544	200.052	1068.41
595	208.148	108.214	200.066	1065.78
596	103.864	108.174	199.907	1065.3
597	103.848	108.134	199.749	1064.82
598	103.88	108.094	199.592	1064.34
599	103.9	108.053	199.434	1063.86
600	103.78	108.012	199.275	1063.37
601	103.879	107.97	199.116	1062.87
602	103.812	107.927	198.955	1062.37
603	103.841	107.884	198.794	1061.86
604	103.833	107.839	198.632	1061.35
605	103.876	107.795	198.469	1060.83
606	103.911	107.749	198.305	1060.29
607	103.829	107.703	198.141	1059.76
608	103.826	107.655	197.975	1059.22
609	103.848	107.608	197.809	1058.67
610	103.896	107.559	197.642	1058.11
611	103.891	107.51	197.474	1057.55
612	103.896	107.459	197.305	1056.98
613	103.843	107.408	197.135	1056.4
614	103.792	107.357	196.964	1055.82
615	103.846	107.304	196.793	1055.23
616	103.707	107.251	196.619	1054.63
617	103.93	107.197	196.446	1054.02
618	103.877	107.142	196.271	1053.4
619	103.825	107.086	196.096	1052.78
620	103.978	107.028	195.919	1052.15
621	103.922	106.97	195.742	1051.51
622	103.838	106.912	195.562	1050.86
623	103.937	106.852	195.383	1050.2
624	103.953	106.791	195.202	1049.53
625	103.782	106.73	195.02	1048.86
626	103.815	106.667	194.837	1048.17
627	103.888	106.604	194.653	1047.48
628	103.906	106.539	194.467	1046.78
629	103.936	106.473	194.282	1046.07
630	103.922	106.406	194.093	1045.34
631	103.891	106.339	193.906	1044.61
632	103.956	106.269	193.715	1043.87
633	103.877	106.199	193.525	1043.12
634	103.836	106.128	193.331	1042.36
635	103.943	106.056	193.139	1041.59
636	103.858	105.983	192.943	1040.8
637	103.915	105.908	192.748	1040.01
638	103.919	105.832	192.549	1039.2
639	103.919	105.755	192.352	1038.39
640	103.881	105.677	192.15	1037.56
641	103.902	105.597	191.95	1036.73
642	103.887	105.516	191.746	1035.88
643	103.889	105.434	191.543	1035.02
644	103.917	105.35	191.336	1034.14
645	103.853	105.266	191.13	1033.26
646	103.883	105.179	190.92	1032.36
647	103.925	105.092	190.711	1031.45
648	103.9	105.002	190.498	1030.52
649	104.256	104.91	190.287	1029.57
650	103.878	104.818	190.071	1028.61
651	103.903	104.725	189.855	1027.65
652	103.859	104.629	189.636	1026.67
653	103.818	104.533	189.417	1025.68
654	103.95	104.434	189.194	1024.67
655	103.843	104.335	188.972	1023.65
656	103.919	104.232	188.746	1022.6
657	103.812	104.129	188.52	1021.55
658	103.906	104.023	188.29	1020.48
659	103.847	103.917	188.061	1019.4
660	103.955	103.807	187.827	1018.28
661	103.899	103.696	187.594	1017.16
662	103.875	103.583	187.356	1016.02
663	103.885	103.469	187.119	1014.87
664	103.936	103.351	186.877	1013.68
665	103.905	103.232	186.636	1012.49
666	103.901	103.11	186.39	1011.27
667	104.01	102.987	186.144	1010.04
668	103.921	102.86	185.894	1008.77
669	104	102.732	185.644	1007.5
670	103.937	102.601	185.389	1006.2
671	103.899	102.469	185.134	1004.89
672	103.907	102.333	184.874	1003.54
673	103.923	102.196	184.614	1002.18
674	103.953	102.054	184.349	1000.78
675	104.611	101.907	184.087	999.344
676	104.615	101.76	183.825	997.902
677	104.621	101.611	183.565	996.454
678	104.393	101.464	183.304	995.013
679	104.466	101.315	183.045	993.563
680	104.615	101.164	182.787	992.1
681	104.544	101.013	182.53	990.636
682	104.612	100.861	182.273	989.165
683	104.469	100.71	182.017	987.695
684	104.587	100.557	181.763	986.215
685	104.546	100.403	181.509	984.733
686	104.616	100.248	181.256	983.242
687	104.449	100.094	181.003	981.756
688	104.535	99.9387	180.751	980.261
689	104.489	99.7829	180.501	978.764
690	104.712	99.6251	180.251	977.252
691	104.561	99.4676	180.002	975.743
692	104.6	99.3093	179.754	974.228
693	104.557	99.1506	179.507	972.712
694	104.794	98.9899	179.261	971.18
695	104.752	98.8288	179.016	969.647
696	104.542	98.6686	178.771	968.12
697	104.526	98.5079	178.527	966.59
698	104.546	98.3465	178.283	965.056
699	104.569	98.1886	178.047	963.556
700	104.606	98.03	177.812	962.052
701	104.617	97.8708	177.577	960.544
702	104.585	97.7113	177.343	959.034
703	104.591	97.5513	177.11	957.521
704	104.563	97.391	176.878	956.006
705	104.456	97.231	176.645	954.493
706	104.607	97.0695	176.415	952.97
707	104.582	96.9077	176.184	951.446
708	104.565	96.7456	175.955	949.92
709	104.527	96.5833	175.726	948.392
710	104.47	96.421	175.497	946.865
711	104.61	96.2573	175.27	945.329
712	104.647	96.093	175.044	943.788
713	104.569	95.9287	174.818	942.248
714	104.545	95.7643	174.593	940.707
715	104.607	95.599	174.368	939.161
716	104.652	95.4331	174.145	937.61
717	104.623	95.267	173.922	936.058
718	104.596	95.1007	173.7	934.506
719	104.403	94.9353	173.478	932.961
720	104.595	94.7683	173.257	931.404
721	104.69	94.6004	173.037	929.84
722	104.733	94.4318	172.818	928.273
723	104.656	94.2634	172.6	926.707
724	104.651	94.0947	172.382	925.14
725	104.704	93.9254	172.165	923.568
726	104.563	93.7567	171.949	922.002
727	104.696	93.5868	171.733	920.427
728	104.707	93.4165	171.518	918.85
729	104.871	93.2449	171.305	917.264
730	104.725	93.074	171.091	915.683
731	104.776	92.9024	170.879	914.098
732	104.538	92.7322	170.666	912.523
733	104.598	92.5613	170.454	910.944
734	104.701	92.3894	170.243	909.359
735	104.667	92.2175	170.033	907.774
736	104.767	92.0448	169.824	906.182
737	104.628	91.8727	169.615	904.596
738	104.611	91.7004	169.407	903.01
739	104.728	91.5272	169.2	901.417
740	104.778	91.3534	168.993	899.821
741	104.645	91.1803	168.787	898.229
742	104.622	91.0072	168.581	896.638
743	104.594	90.834	168.376	895.048
744	104.692	90.6599	168.172	893.451
745	104.688	90.4857	167.968	891.854
746	104.624	90.3117	167.765	890.259
747	104.612	90.1376	167.563	888.664
748	104.6	89.9634	167.361	887.069
749	104.624	89.7889	167.16	885.471
750	52.3207	89.9495	166.792	886.388
751	52.2626	90.1071	166.425	887.281
752	52.3055	90.265	166.05	888.17
753	52.2863	90.4196	165.675	889.032
754	52.2901	90.5748	165.292	889.891
755	52.3715	90.7258	164.911	890.717
756	52.3214	90.8776	164.52	891.541
757	52.3905	91.0252	164.131	892.332
758	52.312	91.1737	163.731	893.121
759	52.2938	91.3185	163.333	893.881
760	52.2537	91.4638	162.925	894.635
761	52.3335	91.6044	162.518	895.353
762	52.2418	91.7459	162.1	896.067
763	52.308	91.8826	161.685	896.745
764	52.3293	92.0191	161.257	897.41
765	52.3215	92.1512	160.832	898.042
766	52.3316	92.2831	160.394	898.659
767	52.3874	92.4099	159.959	899.238
768	52.2756	92.5372	159.51	899.808
769	52.3223	92.6593	159.064	900.338
770	52.12	92.7824	158.603	900.862
771	52.1213	92.9005	158.144	901.348
772	52.3101	93.016	157.671	901.799
773	52.2784	93.1265	157.201	902.212
774	52.3048	93.2354	156.715	902.599
775	52.9478	93.333	156.235	902.898
776	53.0433	93.4278	155.739	903.161
777	52.9436	93.5178	155.244	903.387
778	52.9786	93.6053	154.733	903.575
779	52.901	93.6876	154.224	903.724
780	52.9676	93.7664	153.696	903.828
781	52.9822	93.8388	153.172	903.882
782	52.9934	93.9077	152.627	903.889
783	52.9458	93.9705	152.086	903.849
784	53.0015	94.0286	151.523	903.751
785	53.0629	94.0789	150.963	903.595
786	53.0307	94.1248	150.38	903.379
787	52.9756	94.1638	149.801	903.111
788	52.9627	94.1973	149.195	902.773
789	52.9412	94.223	148.594	902.378
790	52.943	94.2408	147.996	901.923
791	52.9903	94.2504	147.402	901.405
792	52.8813	94.2538	146.811	900.841
793	52.8845	94.2497	146.224	900.222
794	52.8946	94.2382	145.641	899.546
795	52.9518	94.2188	145.062	898.812
796	52.9928	94.1919	144.486	898.022
797	52.8921	94.1595	143.914	897.19
798	52.862	94.1206	143.345	896.31
799	52.8522	94.0753	142.779	895.381
800	52.8389	94.0236	142.217	894.406
801	52.9184	93.9645	141.659	893.375
802	52.9238	93.8992	141.104	892.298
803	52.9538	93.8273	140.553	891.172
804	52.8848	93.7503	140.005	890.008
805	52.9162	93.667	139.461	888.798
806	52.7323	93.5803	138.919	887.562
807	52.8428	93.4865	138.381	886.273
808	52.7686	93.3881	137.846	884.951
809	52.9194	93.2823	137.315	883.574
810	52.9194	93.1712	136.788	882.158
811	52.8485	93.0558	136.263	880.71
812	52.8754	92.935	135.742	879.222
813	52.8365	92.8096	135.224	877.701
814	52.9822	92.6775	134.71	876.13
815	52.8886	92.5418	134.198	874.533
816	52.7933	92.4026	133.69	872.911
817	52.8425	92.2582	133.184	871.25
818	52.824	92.1094	132.682	869.558
819	52.9099	91.9552	132.184	867.825
820	52.8775	91.7971	131.688	866.065
821	52.8655	91.6349	131.195	864.275
822	52.8266	91.4691	130.705	862.458
823	52.929	91.2979	130.219	860.603
824	52.8968	91.1232	129.736	858.722
825	52.9461	90.9441	129.256	856.809
826	52.9584	90.761	128.779	854.867
827	52.8705	90.5753	128.305	852.908
828	26.7459	90.7126	127.67	853.371
829	26.7955	90.8397	127.04	853.757
830	26.7746	90.9575	126.413	854.073
831	26.8144	91.0712	125.758	854.327
832	26.8027	91.1749	125.107	854.506
833	26.768	91.2744	124.424	854.619
834	26.8102	91.3624	123.746	854.645
835	26.9143	91.4429	123.034	854.577
836	26.9128	91.5117	122.327	854.421
837	26.8591	91.5735	121.581	854.169
838	26.8775	91.6224	120.841	853.821
839	26.8147	91.6625	120.058	853.358
840	26.8873	91.6876	119.281	852.782
841	26.7801	91.7021	118.456	852.073
842	26.8869	91.6998	117.638	851.236
843	26.9399	91.6805	116.766	850.21
844	26.8974	91.6456	115.902	849.067
845	26.8816	91.5909	114.974	847.702
846	26.8758	91.5182	114.057	846.202
847	26.8961	91.4192	113.066	844.42
848	26.851	91.3009	112.087	842.494
849	26.8517	91.1492	111.021	840.215
850	26.9816	90.9715	109.971	837.743
851	27.0102	90.7712	108.934	835.103
852	27.0206	90.5498	107.91	832.308
853	26.9175	90.3108	106.897	829.384
854	27.0021	90.0504	105.899	826.302
855	27.0757	89.7697	104.913	823.071
856	26.938	89.4749	103.939	819.738
857	26.9567	89.1626	102.976	816.277
858	26.9299	88.8346	102.026	812.703
859	26.9802	88.4899	101.088	809.007
860	27.7027	88.1466	100.254	805.427
861	27.7034	87.7922	99.4294	801.767
862	27.698	87.4272	98.6142	798.031
863	27.6575	87.0528	97.8079	794.23
864	27.7107	86.6675	97.0113	790.351
865	27.6681	86.2737	96.2233	786.413
866	27.6452	85.8716	95.4441	782.417
867	27.6845	85.4599	94.6741	778.353
868	27.7182	85.0394	93.9132	774.228
869	13.8783	84.9256	93.0037	772.409
870	13.809	84.7954	92.1038	770.467
871	14.0405	84.6271	91.128	768.145
872	14.0295	84.4389	90.1642	765.675
873	14.199	84.2035	89.1092	762.737
874	14.192	83.9455	88.0687	759.633
875	14.1026	83.6337	86.9129	755.982
876	14.4792	83.2837	85.7812	752.051
877	14.6177	82.8508	84.5104	747.317
878	14.4936	82.3925	83.2601	742.4
879	14.8076	81.8116	81.834	736.327
880	15.499	81.1668	80.452	729.786
881	15.4804	80.492	79.0984	723.034
882	15.529	79.7869	77.7741	716.069
883	15.5371	79.0556	76.4775	708.922
884	15.3978	78.3066	75.205	701.658
885	15.377	77.5367	73.9586	694.252
886	15.5645	76.7391	72.742	686.654
887	15.3869	75.9314	71.5471	678.998
888	15.4583	75.1046	70.3786	671.216
889	15.4153	74.2654	69.2335	663.357
890	15.4332	73.4127	68.1127	655.414
891	7.49559	72.8795	66.8498	649.886
892	7.50291	72.3157	65.6134	644.139
893	7.43349	71.7267	64.4013	638.215
894	7.4246	71.1121	63.2143	632.111
895	7.58265	70.4671	62.0553	625.792
896	7.53246	69.8027	60.9194	619.341
897	7.42348	69.1233	59.8049	612.791
898	7.5603	68.42	58.7165	606.077
899	7.49546	67.7034	57.6494	599.277
900	7.57619	66.8219	56.3976	590.973
901	7.67108	65.9171	55.1794	582.516
902	7.55331	64.7739	53.6911	571.883
903	8.30339	63.5623	52.2727	560.771
904	8.32347	61.9279	50.4415	545.864
905	8.2919	60.2797	48.6853	530.923
906	8.25762	58.6253	47.0008	516.004
907	8.22092	56.9716	45.385	501.157
908	8.31759	55.7275	44.2266	490.047
909	8.28061	54.4912	43.1033	479.033
910	3.95898	53.532	41.88	470.136
911	4.0505	52.5506	40.6979	461.103
912	4.15776	51.55	39.556	451.956
913	4.26031	50.5341	38.453	442.725
914	4.80587	49.4786	37.4015	433.231
915	4.72439	48.4285	36.3804	423.809
916	4.79258	47.376	35.3932	414.401
917	4.84585	46.3242	34.4386	405.032
918	4.83016	45.2795	33.5134	395.749
919	4.90473	44.2375	32.6193	386.52
920	4.68114	43.2188	31.7463	377.497
921	4.8093	42.2012	30.9045	368.514
922	4.89746	41.1891	30.0918	359.604
923	5.52106	40.1504	29.3239	350.527
924	5.56015	39.1263	28.5813	341.591
925	5.54839	38.3216	28.0055	334.578
926	5.57585	37.527	27.4448	327.661
927	5.43924	36.7509	26.8946	320.902
928	5.62462	35.9769	26.3629	314.178
929	5.56753	35.2178	25.843	307.585
930	5.50183	34.474	25.3345	301.126
931	5.61438	33.7363	24.8415	294.732
932	5.49047	33.017	24.3577	288.494
933	6.20563	32.2738	23.9039	282.094
934	6.18436	31.546	23.4609	275.829
935	6.21353	30.8311	23.0297	269.679
936	6.25135	30.1285	22.6102	263.638
937	6.13172	29.446	22.1983	257.766
938	6.29115	28.769	21.8006	251.953
939	6.27613	28.1068	21.4125	246.267
940	6.21946	27.4611	21.0327	240.722
941	6.15096	26.8321	20.6606	235.318
942	6.14637	26.2162	20.2978	230.028
943	6.12375	25.6141	19.9434	224.856
944	6.83673	24.9888	19.6157	219.526
945	6.84205	24.378	19.2964	214.32
946	6.78217	23.8837	19.0357	210.105
947	6.88276	23.3949	18.7825	205.942
948	6.84572	22.9175	18.5338	201.874
949	6.79019	22.4519	18.2892	200
950	6.78359	21.9958	18.0495	200
951	6.93674	21.5423	17.8179	200
952	6.87683	21.1006	17.59	200
953	6.89902	20.6669	17.3673	200
954	6.89287	20.2422	17.1491	200
955	6.83291	19.8286	16.9341	200
956	7.54854	19.3935	16.7386	200
957	7.57608	18.9672	16.5477	200
958	7.58097	18.5505	16.3609	200
959	7.44955	18.1489	16.1753	200
960	7.51527	17.7535	15.9948	200
961	7.57635	17.3645	15.8195	200
962	7.52066	16.9868	15.6466	200
963	7.47884	16.6193	15.4764	200
964	7.56567	16.2565	15.3116	200
965	7.51269	15.9041	15.1491	200
966	7.57616	15.557	14.9913	200
967	7.55456	15.2186	14.8364	200
968	8.27374	14.858	14.6997	200
969	8.264	14.507	14.5656	200
970	8.18838	14.2167	14.4517	200
971	8.26521	13.9299	14.3413	200
972	8.30837	13.6478	14.2335	200
973	8.2045	13.3757	14.1259	200
974	8.18499	13.1102	14.0198	200
975	8.26645	12.8475	13.917	200
976	8.19578	12.593	13.8149	200
977	8.17198	12.3447	13.7141	200
978	8.24502	12.0992	13.6164	200
979	8.19483	11.8607	13.5196	200
980	8.19164	11.6274	13.4245	200
981	8.26891	11.3962	13.3324	200
982	8.91655	11.1469	13.2536	200
983	8.94698	10.9026	13.1767	200
984	8.95484	10.664	13.1013	200
985	8.83667	10.4355	13.0251	200
986	8.94947	10.2084	12.9523	200
987	8.99203	9.98521	12.8816	200
988	8.97597	9.76808	12.8119	200
989	8.98226	9.556	12.7435	200
990	8.9635	9.34971	12.676	200
991	8.94577	9.14901	12.6094	200
992	9.02691	8.95021	12.5454	200
993	9.08867	8.75401	12.4837	200
994	9.00837	8.56549	12.4216	200
995	9.08542	8.37872	12.362	200
996	9.16438	8.19369	12.3049	200
997	9.92863	7.98592	12.2625	200
998	9.91727	7.78447	12.2206	200
999	9.94024	7.61247	12.185	200
1000	9.81089	7.44877	12.1479	200
1001	9.77114	7.29027	12.1108	200
1002	9.76691	7.13569	12.0741	200
1003	9.88358	6.98116	12.0399	200
1004	9.83777	6.83181	12.0055	200
1005	9.81835	6.68666	11.9713	200
1006	9.71741	6.54814	11.9361	200
1007	9.60158	6.41646	11.8996	200
1008	9.75036	6.28311	11.866	200
1009	9.74254	6.15313	11.8329	200
1010	9.50476	6.03359	11.7965	200
1011	9.53194	5.91581	11.7611	200
1012	9.51252	5.80121	11.726	200
1013	10.1753	5.66838	11.7017	200
1014	10.1976	5.53824	11.6782	200
1015	10.3433	5.40689	11.6574	200
1016	10.3529	5.27869	11.637	200
1017	10.2735	5.15634	11.6157	200
1018	10.4033	5.03309	11.5967	200
1019	10.3766	4.91394	11.5777	200
1020	10.4057	4.797	11.5594	200
1021	10.3339	4.68539	11.5402	200
1022	10.3814	4.57518	11.5221	200
1023	10.3191	4.4698	11.5033	200
1024	10.1306	4.37302	11.4819	200
1025	10.286	4.27373	11.4632	200
1026	10.2449	4.17825	11.4441	200
1027	10.2872	4.08383	11.4261	200
1028	10.5092	3.98487	11.4117	200
1029	10.316	3.89458	11.3946	200
1030	10.9554	3.7866	11.3878	200
1031	11.0018	3.68032	11.3817	200
1032	10.9733	3.58944	11.3761	200
1033	11.587	3.49559	11.379	200
1034	11.1099	3.40597	11.3752	200
1035	11.2932	3.31364	11.3741	200
1036	11.2386	3.22535	11.3722	200
1037	11.3008	3.13774	11.3712	200
1038	11.2592	3.05369	11.3697	200
1039	11.242	2.97241	11.3679	200
1040	11.7266	2.89981	11.3729	200
1041	13.6351	2.8821	11.4043	200
1042	15.2514	2.90891	11.4577	200
1043	15.4369	2.93864	11.513	200
1044	15.0991	2.95662	11.5628	200
1045	15.499	2.98383	11.6175	200
1046	15.4167	3.00648	11.6702	200
1047	15.2739	3.02307	11.7203	200
1048	16.059	3.05961	11.7805	200
1049	15.9139	3.08943	11.838	200
1050	15.3706	3.10175	11.887	200
1051	15.8027	3.12435	11.9414	200
1052	15.6152	3.13962	11.9924	200
1053	15.617	3.15309	12.0428	200
1054	15.6178	3.16481	12.0924	200
1055	15.4748	3.17085	12.1394	200
1056	15.6737	3.18095	12.1885	200
1057	15.3225	3.17964	12.232	200
1058	13.2709	3.12018	12.2464	200
1059	12.6768	3.04546	12.2524	200
1062	11.1102	2.99259	12.2366	200
1066	9.4085	2.98802	12.1973	200
1067	9.96409	2.96705	12.1663	200
1068	9.9982	2.94486	12.1361	200
1070	9.22445	2.94393	12.0957	200
1071	9.19802	2.94265	12.0555	200
1072	9.29881	2.93748	12.0172	200
1073	9.20849	2.9339	11.9782	200
1074	9.19467	2.92972	11.9395	200
1075	9.15665	2.92605	11.9047	200
1076	9.27098	2.91874	11.8718	200
1077	8.32479	2.93445	11.8275	200
1078	8.1445	2.95316	11.7814	200
1079	8.04238	2.97281	11.7347	200
1080	8.18555	2.98722	11.6903	200
1081	8.157	3.00087	11.6461	200
1082	8.16486	3.01288	11.6026	200
1083	8.16116	3.02359	11.5596	200
1084	8.17663	3.03258	11.5173	200
1085	8.31525	3.03681	11.4773	200
1086	8.15795	3.04388	11.4358	200
1087	8.88365	3.03022	11.4004	200
1088	8.89552	3.01562	11.3656	200
1089	8.90873	2.99816	11.3272	200
1090	8.79905	2.98347	11.2877	200
1091	8.91174	2.96177	11.2452	200
1092	8.95492	2.93779	11.2043	200
1093	8.92998	2.91015	11.157	200
1094	8.94241	2.88117	11.1108	200
1095	8.96743	2.84428	11.0572	200
1096	8.90178	2.80984	11.0034	200
1097	8.86443	2.77629	10.9499	200
1098	8.82342	2.7438	10.8967	200
1099	2.71255	3.01582	10.6921	200
1100	2.74498	3.26238	10.4934	200
1101	2.74526	3.48667	10.2997	200
1102	2.75785	3.68943	10.1112	200
1103	2.76276	3.87238	9.92747	200
1104	2.71834	4.03922	9.74724	200
1105	2.76396	4.18642	9.57266	200
1106	2.78407	4.29484	9.43123	200
1107	2.71785	4.39562	9.29137	200
1108	2.81826	4.48218	9.15651	200
1109	2.69218	4.56477	9.02184	200
1110	3.37527	4.60984	8.9042	200
1111	3.31826	4.65051	8.78783	200
1112	3.37909	4.6821	8.67515	200
1113	3.42083	4.70595	8.56568	200
1114	3.53619	4.71943	8.4609	200
1115	3.59356	4.72559	8.3595	200
1116	3.59231	4.72732	8.26018	200
1117	3.6239	4.72353	8.16359	200
1118	3.42994	4.72395	8.06497	200
1119	3.40541	4.72127	7.9679	200
1120	3.35133	4.7169	7.87172	200
1121	3.41477	4.70607	7.77886	200
1122	3.37665	4.69341	7.68715	200
1123	3.99615	4.65164	7.61025	200
1124	4.18882	4.60038	7.53897	200
1125	4.12231	4.55106	7.46779	200
1126	4.13965	4.50011	7.39846	200
1127	4.07109	4.45124	7.32913	200
1128	4.03168	4.40317	7.26044	200
1129	4.11775	4.35065	7.19496	200
1130	4.17091	4.30327	7.14096	200
1131	4.14034	4.25674	7.08738	200
1132	4.07253	4.21239	7.03354	200
1133	4.08368	4.1673	6.98087	200
1134	4.16142	4.11916	6.93052	200
1135	4.13631	4.07184	6.88062	200
1136	4.91487	3.99662	6.84552	200
1137	4.67533	3.93139	6.80676	200
1138	4.79279	3.86291	6.7708	200
1139	4.78962	3.79571	6.73542	200
1140	4.90882	3.72538	6.7028	200
1141	4.84143	3.65881	6.66956	200
1142	4.79215	3.59519	6.63604	200
1143	4.70465	3.53577	6.60155	200
1144	4.83454	3.4726	6.56999	200
1145	4.74891	3.41361	6.53747	200
1146	4.899	3.35021	6.50822	200
1147	4.70673	3.2949	6.47605	200
1148	4.81052	3.23671	6.4463	200
1149	4.80936	3.17957	6.41707	200
1150	4.93381	3.11899	6.39058	200
1151	5.45995	3.04083	6.37397	200
1152	5.55783	2.96138	6.35939	200
1153	5.47909	2.88706	6.34367	200
1154	5.39375	2.81787	6.32671	200
1155	5.52776	2.74577	6.31244	200
1156	5.39208	2.68057	6.29601	200
1157	5.47086	2.61431	6.28127	200
1158	5.36697	2.55359	6.26494	200
1159	5.48668	2.49811	6.25278	200
1160	5.43102	2.44573	6.23994	200
1161	5.47786	2.39311	6.22803	200
1162	5.53324	2.34004	6.21718	200
1163	5.48363	2.28984	6.20571	200
1164	5.57944	2.23785	6.19593	200
1165	5.55837	2.18784	6.18597	200
1166	5.50054	2.14089	6.17526	200
1167	6.183	2.07423	6.17538	200
1168	6.19367	2.00998	6.17566	200
1169	6.15446	1.94783	6.17533	200
1170	6.31937	1.89146	6.17758	200
1171	6.23904	1.83427	6.17854	200
1172	6.16511	1.77737	6.17833	200
1173	6.08331	1.7248	6.17685	200
1174	6.35275	1.67639	6.17959	200
1175	6.20826	1.6249	6.18004	200
1176	6.06186	1.57782	6.17819	200
1177	6.22848	1.53008	6.17898	200
1178	6.1447	1.48334	6.17844	200
1179	6.00654	1.44235	6.17576	200
1180	6.11867	1.39906	6.17486	200
1181	6.20122	1.35617	6.17528	200
1182	6.23993	1.31581	6.17629	200
1183	6.0107	1.27986	6.1737	200
1184	6.6822	1.25576	6.18164	200
1185	6.81011	1.23615	6.19146	200
1186	6.91207	1.22004	6.20272	200
1187	6.90195	1.20377	6.21364	200
1188	6.87704	1.18447	6.22549	200
1189	6.90904	1.16657	6.2377	200
1190	6.83616	1.1429	6.25016	200
1191	6.89707	1.12224	6.26364	200
1192	6.75886	1.09089	6.27602	200
1193	6.81419	1.06325	6.28948	200
1194	6.85784	1.03232	6.30724	200
1195	6.78263	0.99751	6.32209	200
1196	1.3348	1.24687	6.16624	200
1197	1.40722	1.46638	6.01752	200
1198	1.40488	1.62369	5.9022	200
1199	1.36813	1.76921	5.78885	200
1200	2.05985	1.8672	5.69562	200
1201	1.96766	1.96024	5.60243	200
1202	2.08021	2.03834	5.51437	200
1203	2.08353	2.10796	5.4286	200
1204	2.09751	2.16912	5.34532	200
1205	2.04963	2.22545	5.26293	200
1206	1.97568	2.27854	5.18074	200
1207	2.00775	2.32326	5.10142	200
1208	2.01241	2.36155	5.02419	200
1209	2.12551	2.3884	4.95173	200
1210	2.11403	2.41086	4.88078	200
1211	2.77871	2.39542	4.82823	200
1212	2.76812	2.37866	4.77673	200
1213	2.67692	2.36472	4.72423	200
1214	2.81118	2.34213	4.6764	200
1215	2.86519	2.31559	4.63112	200
1216	2.699	2.29641	4.58282	200
1217	2.76253	2.27261	4.53731	200
1218	2.61718	2.25498	4.48931	200
1219	2.72417	2.23457	4.45253	200
1220	2.83472	2.20887	4.41883	200
1221	2.81729	2.18357	4.38546	200
1222	2.71384	2.16224	4.35064	200
1223	3.42763	2.1106	4.33141	200
1224	3.28992	2.06605	4.30971	200
1225	3.30971	2.02163	4.28887	200
1226	3.32307	1.97764	4.26875	200
1227	3.60058	1.92308	4.25483	200
1228	3.46018	1.87606	4.23828	200
1229	3.42664	1.83171	4.22137	200
1230	3.52666	1.78434	4.20689	200
1231	3.37675	1.74458	4.1896	200
1232	3.4239	1.70379	4.17365	200
1233	3.48936	1.66131	4.15939	200
1234	3.53644	1.61804	4.14641	200
1235	3.43958	1.58008	4.13169	200
1236	4.24598	1.519	4.13407	200
1237	4.24092	1.46016	4.13629	200
1238	3.97984	1.40584	4.13303	200
1239	4.03832	1.35121	4.13106	200
1240	4.02749	1.29922	4.1289	200
1241	4.06426	1.24778	4.12755	200
1242	3.89373	1.20553	4.12268	200
1243	4.14846	1.15637	4.12322	200
1244	4.08192	1.11655	4.12248	200
1245	4.15393	1.0778	4.12304	200
1246	4.09715	1.04023	4.12258	200
1247	4.07413	1.00481	4.12171	200
1248	4.26042	0.973874	4.12419	200
1249	4.21666	0.942395	4.12584	200
1250	4.82508	0.93371	4.13833	200
1251	4.97087	0.930096	4.15319	200
1252	4.98132	0.926454	4.16798	200
1253	4.91132	0.919914	4.18125	200
1254	4.96353	0.914998	4.19522	200
1255	4.83214	0.905066	4.20659	200
1256	4.71473	0.890889	4.21567	200
1257	4.79914	0.879909	4.22609	200
1258	4.77474	0.868078	4.23588	200
1259	4.73048	0.854739	4.24472	200
1260	4.8753	0.846733	4.25598	200
1261	4.78008	0.83521	4.26533	200
1262	4.78144	0.823813	4.27455	200
1263	4.85197	0.815013	4.28486	200
1264	5.50239	0.829388	4.3066	200
1265	5.54295	0.843922	4.32868	200
1266	5.49532	0.855447	4.34951	200
1267	5.50563	0.866185	4.37015	200
1268	5.47204	0.874603	4.38983	200
1269	5.4992	0.882987	4.40964	200
1270	5.49252	0.890125	4.42898	200
1271	5.46098	0.895192	4.44741	200
1272	5.57536	0.902465	4.46503	200
1273	5.48575	0.90616	4.48098	200
1274	5.48616	0.909254	4.49668	200
1275	5.44391	0.91044	4.51148	200
1276	5.52148	0.913551	4.52726	200
1277	5.53474	0.916486	4.54301	200
1278	5.53421	0.91882	4.55849	200
1279	5.51784	0.920086	4.57348	200
1280	6.17388	0.941345	4.59849	200
1281	6.14653	0.960304	4.62268	200
1282	6.18288	0.97905	4.64705	200
1283	6.2359	0.998106	4.67188	200
1284	6.15459	1.01325	4.69505	200
1285	6.05307	1.02402	4.71626	200
1286	6.1739	1.03757	4.73904	200
1287	6.3725	1.05619	4.76456	200
1288	6.12891	1.06582	4.78588	200
1289	6.35137	1.08144	4.81034	200
1290	6.11613	1.08845	4.83074	200
1291	6.16724	1.0962	4.85162	200
1292	6.17261	1.10322	4.87226	200
1293	6.26938	1.11241	4.89409	200
1294	6.33183	1.12257	4.91656	200
1295	6.1787	1.12693	4.93628	200
1296	5.94434	1.12322	4.95203	200
1297	6.80259	1.14595	4.98094	200
1298	6.93229	1.17112	5.01143	200
1299	6.73898	1.1885	5.03842	200
1300	6.97149	1.21177	5.06863	200
1301	6.94049	1.2324	5.09788	200
1302	6.86722	1.24918	5.12552	200
1303	6.79801	1.2624	5.15165	200
1304	6.76705	1.27344	5.17689	200
1305	6.94043	1.28705	5.20139	200
1306	6.95347	1.29997	5.22572	200
1307	6.77329	1.30684	5.24721	200
1308	6.94698	1.31776	5.27082	200
1309	6.85594	1.32518	5.29284	200
1310	6.84032	1.33136	5.31433	200
1311	6.81593	1.33609	5.33518	200
1312	6.9252	1.34314	5.35727	200
1313	6.91888	1.34921	5.37896	200
1314	6.87167	1.35319	5.39969	200
1315	7.57245	1.37596	5.42986	200
1316	7.55236	1.3967	5.45934	200
1317	7.52925	1.4154	5.48809	200
1318	7.57868	1.43415	5.51713	200
1319	7.48799	1.44906	5.5445	200
1320	7.54606	1.46441	5.5723	200
1321	7.51905	1.4778	5.59934	200
1322	7.63009	1.49316	5.62754	200
1323	7.57439	1.50577	5.65458	200
1324	7.53682	1.51622	5.68072	200
1325	7.58218	1.52692	5.70713	200
1326	7.48044	1.53377	5.73176	200
1327	7.49874	1.54024	5.7563	200
1328	7.56925	1.54782	5.78148	200
1329	7.51529	1.55299	5.80556	200
1330	7.51936	1.55745	5.82936	200
1331	7.53614	1.5616	5.85307	200
1332	7.55153	1.5654	5.87666	200
1333	7.46802	1.56612	5.89876	200
1334	8.16632	1.58561	5.93025	200
1335	8.16873	1.60374	5.96134	200
1336	8.1995	1.62136	5.99243	200
1337	8.18064	1.63711	6.02282	200
1338	8.23196	1.653	6.0535	200
1339	8.24405	1.66793	6.08392	200
1340	8.21992	1.68093	6.11359	200
1341	8.18449	1.69176	6.14235	200
1342	8.23911	1.70189	6.16856	200
1343	8.25061	1.71139	6.19459	200
1344	8.25743	1.72018	6.22037	200
1345	8.27439	1.72852	6.24604	200
1346	8.23679	1.73508	6.27093	200
1347	8.21368	1.74027	6.29521	200
1348	8.21856	1.74484	6.31925	200
1349	8.22048	1.74875	6.34302	200
1350	11.0029	1.82153	6.40127	200
1351	11.646	1.90711	6.46683	200
1069	207.411	6.88302	8.97862	200
1352	12.3538	6.79533	9.02081	200
1353	12.366	6.70907	9.06263	200
1354	13.0389	6.64075	9.11233	200
1355	13.0619	6.57347	9.1617	200
1356	13.0521	6.5064	9.21033	200
1357	12.9909	6.43825	9.25758	200
1358	13.0119	6.37115	9.30451	200
1359	13.0466	6.30542	9.35129	200
1360	13.0658	6.24065	9.39772	200
1361	13.1078	6.17739	9.44409	200
1362	13.1476	6.11554	9.49039	200
1363	12.8949	6.04776	9.53294	200
1364	13.1417	5.98001	9.58306	200
1365	13.0861	5.91121	9.63172	200
1366	13.0319	5.83274	9.68484	200
1367	13.0904	5.75689	9.73805	200
1368	13.0715	5.67033	9.79758	200
1369	13.1781	5.58855	9.85794	200
1370	13.0684	5.48947	9.92483	200
1371	13.1135	5.3936	9.99126	200
1372	13.0606	5.27739	10.068	200
1373	13.0561	5.16292	10.1427	200
1374	13.0721	5.05125	10.2159	200
1375	13.9713	4.98646	10.3098	200
1376	13.8034	4.91181	10.3972	200
1377	13.7599	4.83436	10.4812	200
1378	13.7707	4.76999	10.5498	200
1379	13.7354	4.70397	10.6161	200
1380	13.7358	4.63796	10.6811	200
1381	13.7591	4.57296	10.7452	200
1382	6.85998	4.54431	10.6643	200
1383	6.92713	4.51068	10.5864	200
1384	6.83723	4.47895	10.5083	200
1385	6.63881	4.45355	10.4277	200
1386	6.79952	4.41916	10.3521	200
1387	6.80743	4.38273	10.2783	200
1388	7.59088	4.31209	10.2223	200
1389	7.4988	4.2459	10.1655	200
1390	7.56141	4.17749	10.1113	200
1391	7.58921	4.10851	10.0588	200
1392	7.52255	4.043	10.0059	200
1393	7.53369	3.97755	9.95441	200
1394	7.55308	3.91188	9.90438	200
1395	7.56568	3.84633	9.85566	200
1396	7.56069	3.78169	9.80785	200
1397	7.65639	3.71376	9.76302	200
1398	7.57545	3.65017	9.71745	200
1399	7.57738	3.58725	9.67286	200
1400	7.58965	3.52458	9.62946	200
1401	8.27655	3.43409	9.60128	200
1402	8.21515	3.34876	9.5724	200
1403	8.17337	3.27913	9.54742	200
1404	8.2745	3.20747	9.52468	200
1405	8.28408	3.13723	9.50253	200
1406	8.18324	3.0723	9.47897	200
1407	8.23736	3.00692	9.4568	200
1408	8.20975	2.94407	9.43453	200
1409	8.14063	2.88513	9.41142	200
1410	8.2394	2.82395	9.3905	200
1411	8.13025	2.7681	9.36799	200
1412	8.2767	2.70821	9.3485	200
1413	8.27626	2.64979	9.32935	200
1414	8.26234	2.59326	9.3103	200
1415	8.9383	2.51393	9.30366	200
1416	8.99351	2.43522	9.29812	200
1417	8.86667	2.36366	9.29041	200
1418	8.93941	2.29177	9.28415	200
1419	8.90928	2.22331	9.27745	200
1420	8.88521	2.15792	9.27045	200
1421	8.93229	2.09293	9.26441	200
1422	8.8925	2.03146	9.25776	200
1423	8.97353	1.96906	9.25269	200
1424	9.02322	1.90693	9.24859	200
1425	8.90666	1.85104	9.24249	200
1426	8.9307	1.79606	9.23692	200
1427	8.91519	1.74341	9.23117	200
1428	8.94308	1.69143	9.22603	200
1429	8.866	1.64388	9.2196	200
1430	9.52404	1.59604	9.22503	200
1431	9.63735	1.55377	9.23239	200
1432	9.55747	1.51537	9.23747	200
1433	9.73145	1.48345	9.24519	200
1434	9.67477	1.45052	9.2519	200
1435	9.61107	1.41641	9.25751	200
1436	9.69325	1.38577	9.26432	200
1437	9.58564	1.3525	9.26934	200
1438	9.54802	1.31894	9.2737	200
1439	9.57982	1.28729	9.27848	200
1440	9.54965	1.25554	9.28272	200
1441	9.59999	1.22622	9.28767	200
1442	9.65476	1.19937	9.29341	200
1443	9.60233	1.17154	9.29823	200
1444	9.56711	1.14333	9.30243	200
1445	9.54443	1.11517	9.30622	200
1446	10.2132	1.10866	9.32039	200
1447	10.2736	1.1038	9.33528	200
1448	10.1299	1.09414	9.34769	200
1449	10.227	1.08743	9.36143	200
1450	10.3329	1.0838	9.37661	200
1451	10.2739	1.07797	9.39063	200
1452	10.2612	1.07149	9.40423	200
1453	10.3312	1.06697	9.41872	200
1454	10.353	1.06283	9.43331	200
1455	10.2825	1.05615	9.44658	200
1456	10.3268	1.05065	9.46034	200
1457	10.2287	1.04183	9.47234	200
1458	10.3047	1.03528	9.48535	200
1459	10.3788	1.03085	9.4993	200
1460	10.2958	1.02353	9.51175	200
1461	10.3843	1.01881	9.52538	200
1462	10.3712	1.0134	9.5386	200
1463	11.0005	1.02942	9.5647	200
1464	11.0402	1.04535	9.59105	200
1465	11.048	1.0625	9.6214	200
1466	10.9706	1.07444	9.64951	200
1467	10.9862	1.08755	9.68293	200
1468	10.9969	1.09888	9.71578	200
1469	10.9061	1.10459	9.75297	200
1470	10.8821	1.10613	9.78826	200
1471	10.9921	1.11223	9.82588	200
1472	11.0161	1.11613	9.85563	200
1473	10.9762	1.11635	9.88365	200
1474	11.0066	1.11668	9.91172	200
1475	10.9743	1.11397	9.93828	200
1476	11.0157	1.11214	9.96522	200
1477	5.48344	1.28062	9.85317	200
1478	5.46471	1.43601	9.74346	200
1479	5.48613	1.57708	9.63702	200
1480	6.16549	1.6718	9.55024	200
1481	6.09297	1.76107	9.4638	200
1482	6.18796	1.83681	9.38191	200
1483	6.12114	1.90801	9.30039	200
1484	6.13391	1.97093	9.22122	200
1485	6.16399	2.02525	9.14479	200
1486	6.20049	2.0712	9.07118	200
1487	6.1869	2.11185	8.99908	200
1488	6.11438	2.15049	8.92696	200
1489	6.12862	2.18289	8.857	200
1490	6.16846	2.20817	8.78979	200
1491	6.91113	2.19169	8.74282	200
1492	6.83214	2.17764	8.69505	200
1493	6.90941	2.16131	8.65785	200
1494	6.8547	2.14638	8.62029	200
1495	6.83696	2.13125	8.58313	200
1496	6.95262	2.11039	8.54916	200
1497	6.88467	2.0881	8.50755	200
1498	6.86289	2.06592	8.46643	200
1499	6.89969	2.03472	8.41747	200
1500	6.84204	2.00602	8.36824	200
1501	6.80937	1.96876	8.30329	200
1502	6.8772	1.92353	8.24386	200
1503	7.60069	1.81683	8.21706	200
1504	7.61848	1.71531	8.19212	200
1505	7.57556	1.62375	8.16643	200
1506	7.56468	1.53858	8.14136	200
1507	3.41938	1.80387	7.94461	200
1508	4.12222	1.97208	7.78534	200
1509	4.09632	2.11515	7.63163	200
1510	4.07117	2.20548	7.52037	200
1511	4.13738	2.27908	7.41465	200
1512	4.13114	2.34185	7.31204	200
1513	4.09941	2.39628	7.21164	200
1514	4.14163	2.43839	7.11571	200
1515	4.10707	2.47403	7.02169	200
1516	4.81339	2.45742	6.95268	200
1517	4.82532	2.43679	6.8862	200
1518	4.79334	2.41529	6.82079	200
1519	4.77013	2.3925	6.75671	200
1520	4.82734	2.36356	6.69642	200
1521	4.78946	2.33502	6.63682	200
1522	4.79768	2.30403	6.57935	200
1523	4.76209	2.2736	6.52256	200
1524	5.58302	2.19022	6.4932	200
1525	5.45854	2.118	6.46087	200
1526	5.43816	2.06324	6.4353	200
1527	5.46987	2.00834	6.41116	200
1528	5.50267	1.95335	6.38845	200
1529	5.45954	1.90213	6.36522	200
1530	5.44896	1.85283	6.34232	200
1531	5.48444	1.80309	6.32087	200
1532	5.4401	1.75697	6.29885	200
1533	5.46298	1.71091	6.27795	200
1534	6.17911	1.63031	6.27548	200
1535	6.20841	1.55215	6.27381	200
1536	6.2328	1.47659	6.27278	200
1537	6.1532	1.40874	6.26979	200
1538	6.25366	1.33911	6.26938	200
1539	6.22863	1.27419	6.26837	200
1540	6.17724	1.21504	6.26609	200
1541	6.09004	1.16309	6.26168	200
1542	6.16086	1.10997	6.25916	200
1543	6.1202	1.06142	6.25569	200
1544	6.19091	1.01159	6.25407	200
1545	6.9131	0.99396	6.27054	200
1546	6.82191	0.97183	6.28433	200
1547	6.90735	0.957296	6.29731	200
1548	6.8376	0.93992	6.30856	200
1549	6.81363	0.921801	6.31909	200
1550	6.8744	0.90653	6.33065	200
1551	6.8856	0.89188	6.34222	200
1552	6.83322	0.875176	6.35244	200
1553	6.87112	0.860322	6.36325	200
1554	6.92304	0.847799	6.37491	200
1555	6.80997	0.830601	6.38397	200
1556	6.8976	0.817393	6.39467	200
1557	7.55272	0.831586	6.4188	200
1558	7.60431	0.846332	6.4435	200
1559	7.47091	0.853877	6.4649	200
1560	7.5771	0.86464	6.48807	200
1561	7.55752	0.873173	6.51035	200
1562	7.59979	0.882184	6.53305	200
1563	7.579	0.889007	6.55484	200
1564	7.48579	0.890754	6.57423	200
1565	7.44841	0.890063	6.59244	200
1566	7.76755	0.901939	6.61693	200
1567	7.48455	0.900509	6.635	200
1568	7.56664	0.901806	6.65441	200
1569	7.39375	0.895036	6.66981	200
1570	8.07628	0.916345	6.69911	200
1571	8.15403	0.938785	6.72942	200
1572	8.19974	0.957768	6.75568	200
1573	8.24902	0.976895	6.78234	200
1574	8.21399	0.993136	6.80791	200
1575	8.24004	1.00881	6.83348	200
1576	8.28114	1.02449	6.85933	200
1577	8.32063	1.04009	6.88543	200
1578	7.99714	1.04264	6.90528	200
1579	8.33078	1.05632	6.93073	200
1580	8.21419	1.06443	6.95365	200
1581	8.28864	1.07409	6.97749	200
1582	8.29248	1.08269	7.00097	200
1583	8.39005	1.09364	7.02578	200
1584	8.95658	1.12353	7.06025	200
1585	8.93343	1.15031	7.0937	200
1586	8.84484	1.17177	7.12497	200
1587	8.86124	1.19193	7.15598	200
1588	8.83614	1.20936	7.18598	200
1589	8.99697	1.23085	7.21832	200
1590	8.87972	1.24622	7.24798	200
1591	8.92431	1.26158	7.27792	200
1592	8.83921	1.27229	7.3058	200
1593	8.94993	1.28557	7.33516	200
1594	8.94568	1.29717	7.36392	200
1595	8.9472	1.30739	7.39219	200
1596	8.78913	1.31059	7.41713	200
1597	8.91899	1.31742	7.44395	200
1598	8.93892	1.32376	7.47065	200
1599	9.6152	1.35307	7.50894	200
1600	9.68878	1.3826	7.54787	200
1601	9.74122	1.40794	7.58214	200
1602	9.67484	1.42933	7.61484	200
1603	9.63371	1.44776	7.64638	200
1604	9.73221	1.4677	7.67897	200
1605	9.7207	1.48563	7.71087	200
1606	9.67246	1.50051	7.74152	200
1607	9.88414	1.52057	7.775	200
1608	9.72029	1.53384	7.80539	200
1609	9.66666	1.54408	7.83448	200
1610	9.71021	1.55444	7.86379	200
1611	9.72716	1.56409	7.8929	200
1612	9.65727	1.57035	7.92047	200
1613	9.69737	1.57681	7.94823	200
1614	9.6106	1.57948	7.97421	200
1615	10.2897	1.60248	8.01038	200
1616	10.1697	1.61988	8.04412	200
1617	10.4123	1.64326	8.08113	200
1618	10.3106	1.66158	8.11596	200
1619	10.2359	1.67591	8.14908	200
1620	10.2838	1.69024	8.18244	200
1621	10.2851	1.70313	8.21529	200
1622	10.0446	1.70707	8.24388	200
1623	10.1893	1.71452	8.27427	200
1624	10.2543	1.72282	8.30521	200
1625	10.3032	1.73142	8.33643	200
1626	10.2676	1.73766	8.3666	200
1627	10.4047	1.74704	8.39845	200
1628	10.2931	1.75166	8.42805	200
1629	10.3117	1.75578	8.45748	200
1630	10.2752	1.75772	8.48588	200
1631	10.2817	1.75891	8.51394	200
1632	10.9396	1.77974	8.55184	200
1633	10.7938	1.79419	8.58687	200
1634	10.9096	1.80887	8.61913	200
1635	10.9253	1.82268	8.65116	200
1636	10.9423	1.83569	8.68298	200
1637	10.9426	1.84747	8.71437	200
1639	10.2727	1.83944	8.73601	200
1640	10.2445	1.83024	8.75696	200
1641	10.2116	1.81981	8.77716	200
1642	10.2058	1.80894	8.79701	200
1643	10.2233	1.79832	8.81682	200
1644	10.2944	1.7894	8.83734	200
1645	10.2834	1.77987	8.85742	200
1646	10.2886	1.77018	8.8773	200
1647	10.3024	1.76059	8.89709	200
1648	10.3107	1.75096	8.91672	200
1649	10.3248	1.74143	8.93628	200
1650	11.0385	1.75145	8.96548	200
1651	10.9649	1.75834	8.99325	200
1652	10.9831	1.76477	9.02088	200
1653	10.9659	1.76978	9.0479	200
1654	10.9646	1.77386	9.07452	200
1655	11.0087	1.77831	9.10138	200
1656	11.0263	1.78238	9.12811	200
1657	11.0004	1.78488	9.15412	200
1658	11.0532	1.78805	9.18049	200
1659	10.9751	1.78823	9.20542	200
1660	11.0109	1.78871	9.23049	200
1661	10.9464	1.78669	9.25432	200
1662	11.0079	1.78577	9.27868	200
1663	11.0361	1.78498	9.30308	200
1664	10.9907	1.78227	9.32652	200
1665	10.9705	1.77843	9.34935	200
1666	10.9806	1.77434	9.37201	200
1667	11.0113	1.77059	9.39478	200
1668	11.0067	1.76618	9.41717	200
1669	11.7018	1.78058	9.4489	200
1670	11.6745	1.79294	9.47981	200
1671	11.714	1.8052	9.51084	200
1672	11.6675	1.81398	9.53779	200
1673	11.7217	1.82323	9.56509	200
1674	11.6894	1.83076	9.59165	200
1675	11.6496	1.83644	9.61737	200
1676	11.6633	1.84167	9.64294	200
1677	11.6172	1.84499	9.66762	200
1678	11.6581	1.84862	9.6925	200
1679	11.7396	1.85359	9.71809	200
1680	11.6059	1.85444	9.74169	200
1681	11.7205	1.85755	9.76642	200
1682	11.671	1.85872	9.79023	200
1683	11.7222	1.86055	9.81438	200
1684	11.6743	1.86054	9.83763	200
1685	11.7747	1.86245	9.86184	200
1686	11.7636	1.86343	9.88561	200
1687	11.6803	1.86172	9.90804	200
1688	11.7257	1.86061	9.93076	200
1689	12.3575	1.87477	9.9611	200
1690	12.3665	1.88803	9.99117	200
1691	12.3262	1.89921	10.0204	200
1692	12.4158	1.91161	10.0503	200
1693	12.3471	1.92124	10.079	200
1694	12.3575	1.93017	10.1075	200
1695	12.41	1.93948	10.1363	200
1696	12.5066	1.95025	10.1659	200
1697	12.3406	1.95586	10.1931	200
1698	12.4452	1.96327	10.2212	200
1699	12.4889	1.97088	10.2496	200
1700	12.3807	1.97488	10.2762	200
1701	12.384	1.9782	10.3026	200
1702	12.5275	1.98437	10.3304	200
1703	12.3376	1.98494	10.3555	200
1704	12.2494	1.98267	10.3791	200
1705	12.3692	1.98285	10.404	200
1706	12.3165	1.98109	10.4279	200
1707	12.3702	1.98012	10.4522	200
1708	12.3524	1.97812	10.4759	200
1709	12.3732	1.9761	10.4997	200
1710	13.0115	1.98949	10.5311	200
1711	12.9595	2.00047	10.5614	200
1712	13.127	2.0146	10.5935	200
1713	13.0463	2.02455	10.6214	200
1714	13.0177	2.033	10.6486	200
1715	12.922	2.03847	10.6744	200
1716	13.062	2.0464	10.7015	200
1717	12.9688	2.05142	10.7273	200
1718	12.8942	2.05405	10.7519	200
1719	13.0168	2.05884	10.7777	200
1720	12.9764	2.06202	10.8027	200
1721	12.8965	2.06274	10.8265	200
1722	13.0571	2.06656	10.8518	200
1723	13.1014	2.07071	10.8774	200
1724	13.1679	2.07571	10.9034	200
1725	13.0304	2.07687	10.9276	200
1726	13.0922	2.07887	10.9522	200
1727	13.1085	2.08063	10.9767	200
1728	13.0198	2.07978	10.9999	200
1729	13.0884	2.07998	11.0236	200
1730	13.1097	2.08011	11.0473	200
1731	13.0266	2.07782	11.0698	200
1732	13.6626	2.08952	11.0993	200
1733	13.7661	2.10264	11.1296	200
1734	13.9588	2.11916	11.1617	200
1735	13.8262	2.13155	11.192	200
1736	13.7511	2.14126	11.2211	200
1737	13.7711	2.15055	11.2501	200
1738	13.7366	2.15819	11.2783	200
1739	13.7714	2.16656	11.3095	200
1740	13.691	2.17193	11.3392	200
1741	13.7077	2.17739	11.3721	200
1742	13.7009	2.1816	11.4045	200
1743	13.7217	2.18583	11.4407	200
1744	13.6649	2.18703	11.4754	200
1745	13.7294	2.18942	11.5157	200
1746	13.6631	2.18792	11.554	200
1747	13.6888	2.18571	11.5985	200
1748	13.8013	2.18642	11.6444	200
1749	13.7209	2.18184	11.6877	200
1750	13.6841	2.17411	11.7293	200
1751	13.791	2.16943	11.7722	200
1752	13.737	2.1609	11.8131	200
1753	13.6939	2.14923	11.8523	200
1754	13.5243	2.12934	11.8872	200
1755	14.2189	2.13778	11.9357	200
1756	14.3752	2.15035	11.9866	200
1757	14.3537	2.15938	12.0359	200
1758	6.82463	2.28654	11.9273	200
1759	6.86946	2.40201	11.8219	200
1760	6.89771	2.5071	11.7193	200
1761	6.75847	2.60934	11.616	200
1762	6.8455	2.69939	11.5166	200
1763	6.87874	2.78016	11.42	200
1764	6.83785	2.85524	11.3245	200
1765	7.53237	2.89428	11.2455	200
1766	7.51359	2.92918	11.1678	200
1767	7.53379	2.95854	11.0921	200
1768	7.52862	2.98015	11.0284	200
1769	7.5868	2.99663	10.967	200
1770	7.48631	3.01391	10.9048	200
1771	7.50156	3.02782	10.844	200
1772	7.60433	3.03539	10.7862	200
1773	7.54318	3.0428	10.7283	200
1774	7.55496	3.04746	10.6716	200
1775	7.56407	3.04961	10.6161	200
1776	7.64502	3.0468	10.5631	200
1777	7.54932	3.04562	10.5092	200
1778	7.52213	3.04353	10.4559	200
1779	8.20591	3.01519	10.4157	200
1780	8.2147	2.98611	10.3764	200
1781	8.17	2.95826	10.337	200
1782	8.27463	2.92627	10.3002	200
1783	8.25316	2.89487	10.2636	200
1784	8.16776	2.86633	10.2262	200
1785	8.20967	2.83598	10.1902	200
1786	8.2237	2.80493	10.1551	200
1787	8.34152	2.76952	10.1227	200
1788	8.18672	2.73975	10.0881	200
1789	8.27149	2.70678	10.0557	200
1790	8.29558	2.66734	10.019	200
1791	8.25812	2.62957	9.98233	200
1792	8.27033	2.58369	9.93953	200
1793	8.23505	2.53973	9.89692	200
1794	8.92791	2.44156	9.86663	200
1795	8.98733	2.34391	9.83915	200
1796	9.02916	2.24804	9.81384	200
1797	8.96193	2.16079	9.78722	200
1798	8.93191	2.07919	9.76049	200
1799	8.95084	1.99985	9.73519	200
1800	8.81049	1.93265	9.70629	200
1801	4.04651	2.16559	9.52942	200
1802	4.01302	2.37502	9.35703	200
1803	4.53659	2.52786	9.2064	200
1804	4.13708	2.6867	9.04798	200
1805	4.8396	2.7818	8.91647	200
1806	4.77337	2.86688	8.78699	200
1807	4.83634	2.93462	8.66354	200
1808	4.86273	2.97793	8.56852	200
1809	4.77713	3.0186	8.47373	200
1810	4.43553	3.06958	8.37278	200
1811	4.83639	3.09292	8.28436	200
1812	4.75966	3.11451	8.19625	200
1813	4.80534	3.12833	8.11147	200
1814	4.87552	3.13371	8.03058	200
1815	5.47949	3.10458	7.9668	200
1816	5.41256	3.07706	7.90294	200
1817	5.50327	3.04319	7.84295	200
1818	5.41105	3.01262	7.78215	200
1819	5.45971	2.97811	7.72409	200
1820	5.47311	2.94176	7.66782	200
1821	5.58963	2.88778	7.60287	200
1822	5.40339	2.84476	7.53414	200
1823	5.55763	2.77241	7.45178	200
1824	5.51602	2.70269	7.37113	200
1825	5.49983	2.63341	7.29315	200
1826	6.22742	2.50277	7.24875	200
1827	6.18627	2.38274	7.20448	200
1828	2.72888	2.55715	7.01799	200
1829	2.75569	2.69924	6.8404	200
1830	2.70207	2.81916	6.66797	200
1831	2.71003	2.91406	6.50305	200
1832	2.71799	2.98665	6.34534	200
1833	3.45382	2.97872	6.22486	200
1834	3.39875	2.966	6.1071	200
1835	3.39351	2.95022	6.02231	200
1836	3.41345	2.92889	5.94078	200
1837	3.54261	2.89572	5.86583	200
1838	3.33005	2.87322	5.78659	200
1839	3.41573	2.84182	5.7125	200
1840	4.15292	2.76168	5.66376	200
1841	4.13441	2.68466	5.61597	200
1842	4.12923	2.60979	5.56951	200
1843	4.04454	2.54199	5.52185	200
1844	4.13126	2.47003	5.4784	200
1845	4.11154	2.40108	5.43568	200
1846	4.05327	2.33741	5.39248	200
1847	4.13408	2.26997	5.35316	200
1848	4.17351	2.20183	5.31629	200
1849	4.78077	2.09768	5.29956	200
1850	4.73327	2.00197	5.28186	200
1851	4.78201	1.90809	5.26624	200
1852	4.88474	1.83176	5.2567	200
1853	4.79419	1.76329	5.24514	200
1854	4.78874	1.69795	5.23373	200
1855	4.75952	1.63676	5.22187	200
1856	4.81311	1.57536	5.21165	200
1857	4.81555	1.5164	5.20175	200
1858	4.82836	1.45925	5.19241	200
1859	5.47327	1.40033	5.19944	200
1860	5.38717	1.3397	5.20413	200
1861	5.54674	1.28984	5.21269	200
1862	5.50053	1.23974	5.21989	200
1863	5.45323	1.18942	5.22572	200
1864	5.57095	1.14721	5.23435	200
1865	5.72754	1.11451	5.24668	200
1866	5.72496	1.0827	5.25864	200
1867	5.80828	1.05604	5.27238	200
1868	5.76642	1.02794	5.28473	200
1869	5.6545	0.995034	5.29397	200
1870	6.39666	1.00042	5.32154	200
1871	6.41703	1.00517	5.34893	200
1872	6.46146	1.01054	5.37674	200
1873	6.31669	1.0076	5.39632	200
1874	6.18229	0.99836	5.4127	200
1875	6.24215	0.991322	5.42998	200
1876	6.11752	0.978664	5.4443	200
1877	6.13563	0.966691	5.4587	200
1878	6.17875	0.956414	5.4737	200
1879	6.15067	0.94477	5.4878	200
1880	6.1243	0.931925	5.50106	200
1881	6.23331	0.923605	5.51632	200
1882	6.83325	0.939993	5.54376	200
1883	6.9067	0.957616	5.57215	200
1884	6.93501	0.974501	5.60054	200
1885	6.89498	0.987831	5.62751	200
1886	6.90977	1.0001	5.65422	200
1887	6.88892	1.00987	5.67994	200
1888	6.86836	1.01731	5.7047	200
1889	6.82897	1.02177	5.72812	200
1890	6.81552	1.0245	5.75078	200
1891	6.98068	1.03306	5.7764	200
1892	6.98387	1.04033	5.80155	200
1893	6.76773	1.03724	5.82168	200
1894	6.85718	1.03716	5.84326	200
1895	7.54056	1.06467	5.87861	200
1896	7.45229	1.08588	5.9114	200
1897	7.52963	1.10806	5.94511	200
1898	7.66685	1.12998	5.97586	200
1899	7.59404	1.14741	6.00475	200
1900	7.5815	1.16274	6.03291	200
1901	7.62424	1.17805	6.06133	200
1902	7.35625	1.18222	6.08445	200
1903	7.45442	1.18893	6.10891	200
1904	7.49388	1.19593	6.13364	200
1905	7.51273	1.20247	6.15827	200
1906	7.50702	1.20769	6.18235	200
1907	7.55883	1.21372	6.20693	200
1908	7.56403	1.21884	6.23116	200
1909	8.24625	1.24728	6.26715	200
1910	8.15524	1.27016	6.30086	200
1911	8.24583	1.29426	6.33559	200
1912	8.23356	1.31583	6.36949	200
1913	8.25127	1.33604	6.40309	200
1914	8.25397	1.35442	6.43614	200
1915	8.23836	1.37042	6.46832	200
1916	8.31124	1.38729	6.50123	200
1917	8.24281	1.39994	6.53233	200
1918	8.2595	1.41163	6.56317	200
1919	8.32457	1.42412	6.59462	200
1920	8.33322	1.43535	6.62567	200
1921	8.25458	1.44226	6.65476	200
1922	8.21103	1.44633	6.68255	200
1923	8.23857	1.45025	6.71033	200
1924	8.96233	1.47889	6.75055	200
1925	8.97312	1.50544	6.79024	200
1926	8.90899	1.52735	6.82807	200
1927	8.96797	1.54649	6.86151	200
1928	8.88714	1.56146	6.89316	200
1929	8.96282	1.57734	6.92549	200
1930	8.9936	1.59268	6.95781	200
1931	8.99873	1.60669	6.9897	200
1932	8.86808	1.61518	7.01905	200
1933	9.59485	1.64949	7.06504	200
1934	9.6025	1.6812	7.11035	200
1935	9.64465	1.71674	7.16315	200
1936	9.62118	1.74763	7.21436	200
1937	9.66581	1.78282	7.27564	200
1938	9.57599	1.8087	7.33315	200
1939	9.6715	1.8418	7.40623	200
1940	10.2919	1.90704	7.4964	200
1941	10.3013	1.96316	7.58406	200
1942	10.3549	2.01364	7.67064	200
1943	10.3002	2.05213	7.75282	200
1944	10.3791	2.08802	7.83489	200
1945	10.3249	2.11314	7.9127	200
1946	10.4031	2.13672	7.99052	200
1947	5.50637	2.15844	7.91289	200
1948	5.5804	2.16931	7.84	200
1949	5.59488	2.1731	7.78388	200
1950	5.59628	2.17383	7.72919	200
1951	5.47193	2.178	7.67275	200
1952	5.38803	2.18334	7.61563	200
1953	5.45371	2.18226	7.56159	200
1954	5.58263	2.1721	7.51211	200
1955	5.52658	2.16277	7.46247	200
1956	5.51773	2.15187	7.41385	200
1957	6.16976	2.10648	7.38275	200
1958	6.14067	2.06326	7.3517	200
1959	6.13122	2.02112	7.32118	200
1960	6.14926	1.97866	7.29189	200
1961	6.20033	1.9343	7.2646	200
1962	6.15772	1.89293	7.23693	200
1963	6.08611	1.85583	7.20815	200
1964	6.1456	1.81616	7.18159	200
1965	6.17379	1.77574	7.15639	200
1966	6.28927	1.73031	7.13472	200
1967	6.21296	1.68988	7.11167	200
1968	6.84638	1.61865	7.10504	200
1969	7.03595	1.54117	7.10331	200
1970	6.89257	1.48574	7.09892	200
1971	6.87709	1.43308	7.0943	200
1972	6.87283	1.38259	7.08968	200
1973	6.86688	1.33427	7.08504	200
1974	6.86002	1.28805	7.08035	200
1975	6.89471	1.24211	7.07648	200
1976	6.81372	1.20131	7.07101	200
1977	6.80838	1.1622	7.06554	200
1978	6.93087	1.11938	7.06273	200
1979	6.7047	1.08766	7.05527	200
1980	7.42797	1.05787	7.06304	200
1981	7.65379	1.03841	7.07534	200
1982	7.53421	1.01426	7.0849	200
1983	7.60669	0.993737	7.09577	200
1984	7.5205	0.970028	7.10462	200
1985	7.57078	0.949033	7.11433	200
1986	7.48482	0.924927	7.12205	200
1987	7.4803	0.901315	7.12951	200
1988	7.60901	0.883739	7.1395	200
1989	7.50029	0.861949	7.14702	200
1990	7.54545	0.842635	7.15532	200
1991	7.53354	0.823284	7.1632	200
1992	7.46584	0.80159	7.1695	200
1993	8.13524	0.808429	7.18962	200
1994	8.27087	0.819796	7.21215	200
1995	8.22624	0.827891	7.23327	200
1996	8.22004	0.835835	7.25794	200
1997	8.25649	0.84397	7.2829	200
1998	8.246	0.851415	7.313	200
1999	8.26793	0.857884	7.34284	200
2000	8.17667	0.855879	7.37758	200
2001	8.24368	0.85673	7.41367	200
2002	8.32255	0.859989	7.44207	200
2003	8.23878	0.856033	7.46697	200
2004	8.79633	0.885615	7.50851	200
2005	9.41701	0.949545	7.56815	200
2006	6.40579	0.962845	7.53183	200
2007	7.31084	0.916479	7.52492	200
2008	8.02307	0.890333	7.54049	200
2009	9.45091	0.954088	7.60019	200
2010	9.69236	1.02522	7.66557	200
2011	9.10324	1.051	7.71049	200
2012	8.55416	1.03804	7.73686	200
2013	7.85497	0.980541	7.74055	200
2014	12.3972	1.2103	7.88607	200
2015	13.239	1.46921	8.05335	200
2016	12.3443	1.64556	8.18744	200
2017	13.5797	1.87973	8.35595	200
2018	14.0443	2.11777	8.5337	200
2019	14.3444	2.30241	8.67897	200
2020	14.5081	2.47875	8.8247	200
2021	14.0884	2.61799	8.95629	200
2022	8.59086	2.50536	8.94716	200
2023	7.74238	2.44034	8.91704	200
2024	7.12882	2.40773	8.87233	200
2025	6.61092	2.40041	8.81579	200
2026	6.00608	2.42088	8.74555	200
2027	6.64794	2.40471	8.69311	200
2028	6.32524	2.40287	8.63391	200
2029	6.2525	2.4018	8.57438	200
2030	6.23307	2.39877	8.51584	200
2031	6.16077	2.39659	8.45697	200
2032	6.13233	2.39299	8.39885	200
2033	6.20634	2.38296	8.34404	200
2034	6.16338	2.37285	8.28952	200
2035	6.14172	2.3616	8.23583	200
2036	6.312	2.33971	8.18773	200
2037	6.27095	2.31856	8.13981	200
2038	6.93441	2.2629	8.10967	200
2039	6.85715	2.21238	8.07836	200
2040	6.78066	2.17427	8.05132	200
2041	6.94539	2.12976	8.02828	200
2042	6.87097	2.08924	8.00417	200
2043	6.88112	2.04898	7.98077	200
2044	6.85923	2.01034	7.95741	200
2045	6.91768	1.96989	7.93575	200
2046	6.71709	1.93859	7.91036	200
2047	6.77382	1.90517	7.88668	200
2048	6.86116	1.86852	7.86531	200
2049	6.9947	1.82694	7.84718	200
2050	7.43765	1.76788	7.83864	200
2051	7.60469	1.70397	7.83377	200
2052	7.4728	1.64801	7.82625	200
2053	7.63797	1.58719	7.82233	200
2054	7.52778	1.53333	7.81619	200
2055	8.09066	1.48087	7.82191	200
2056	7.4919	1.43292	7.81503	200
2057	7.63966	1.38052	7.81138	200
2058	7.77125	1.32467	7.81054	200
2059	7.66618	1.27549	7.80753	200
2060	7.47835	1.23606	7.80067	200
2061	7.75022	1.18666	7.79962	200
2062	7.67308	1.14249	7.79698	200
2063	8.45391	1.12226	7.81067	200
2064	8.41803	1.1008	7.82332	200
2065	8.29463	1.07832	7.83174	200
2066	8.35617	1.05524	7.84266	200
2067	7.88777	1.01315	7.8436	200
2068	8.45511	0.993069	7.85889	200
2069	8.40434	0.970687	7.87253	200
2070	8.17472	0.928906	7.88197	200
2071	8.23655	0.89301	7.89305	200
2072	8.29578	0.852153	7.90983	200
2073	8.30085	0.823332	7.92205	200
2074	8.2635	0.793214	7.93272	200
2075	8.22913	0.762163	7.94198	200
2076	8.24577	0.733514	7.95147	200
2077	8.93108	0.748894	7.98208	200
2078	4.33447	0.930063	7.8681	200
2079	4.94703	1.0545	7.77681	200
2080	5.45506	1.1337	7.70426	200
2081	5.40603	1.20649	7.63244	200
2082	5.32346	1.27539	7.56028	200
2083	5.89535	1.29974	7.50825	200
2084	5.84023	1.32275	7.45613	200
2085	5.59853	1.35618	7.39808	200
2086	5.67656	1.37901	7.34428	200
2087	5.18087	1.42804	7.27667	200
2088	5.79986	1.43108	7.23052	200
2089	5.95936	1.42109	7.1908	200
2090	6.00727	1.40921	7.16121	200
2091	5.42302	1.42566	7.11775	200
2092	5.48498	1.43601	7.07693	200
2093	5.4618	1.44497	7.03655	200
2094	5.57965	1.44556	7.00013	200
2095	5.44945	1.45082	6.96136	200
2096	5.54099	1.4493	6.92585	200
2097	5.50292	1.44798	6.89028	200
2098	6.14337	1.41292	6.87161	200
2099	6.13198	1.37926	6.85311	200
2100	6.19078	1.34341	6.83656	200
2101	6.20927	1.3076	6.82087	200
2102	6.19464	1.27354	6.80522	200
2103	6.03059	1.24859	6.78585	200
2104	6.18167	1.21637	6.77075	200
2105	6.15381	1.1864	6.75532	200
2106	6.3116	1.14926	6.74423	200
2107	6.59358	1.09933	6.74046	200
2108	6.39913	1.06143	6.73193	200
2109	7.06045	1.02479	6.74014	200
2110	7.09668	0.991372	6.74905	200
2111	7.05991	0.963017	6.75553	200
2112	7.10931	0.937632	6.7629	200
2113	7.08018	0.911784	6.76951	200
2114	7.12318	0.888529	6.77688	200
2115	7.13793	0.86655	6.7844	200
2116	6.85449	0.833364	6.78586	200
2117	6.67504	0.803257	6.78355	200
2118	6.83279	0.771839	6.78457	200
2119	6.9091	0.744867	6.78717	200
2120	6.90648	0.718802	6.78965	200
2121	7.55031	0.720546	6.8055	200
2122	7.53315	0.720841	6.82066	200
2123	7.47294	0.717984	6.83425	200
2124	7.57616	0.718981	6.8497	200
2125	7.53554	0.7176	6.86399	200
2126	7.43344	0.711427	6.87585	200
2127	7.5715	0.710769	6.89035	200
2128	7.46006	0.704891	6.90222	200
2129	7.61619	0.705269	6.91709	200
2130	7.49412	0.699925	6.92911	200
2131	7.50488	0.694752	6.94111	200
2132	7.57585	0.692251	6.95433	200
2133	7.61084	0.690761	6.96801	200
2134	8.28702	0.716938	6.99549	200
2135	8.27986	0.740581	7.02224	200
2136	8.26364	0.758467	7.04441	200
2137	8.14823	0.770801	7.06412	200
2138	8.29508	0.787235	7.0861	200
2139	8.18338	0.798307	7.10569	200
2140	8.22819	0.809885	7.12574	200
2141	8.13656	0.817061	7.14379	200
2142	8.2796	0.828444	7.16407	200
2143	8.20466	0.83602	7.18265	200
2144	8.17957	0.841766	7.20045	200
2145	8.13845	0.845202	7.2172	200
2146	8.18254	0.849492	7.23444	200
2147	8.21101	0.85403	7.25188	200
2148	8.86699	0.881211	7.28072	200
2149	8.86065	0.906165	7.30893	200
2150	9.03277	0.935367	7.33971	200
2151	8.93069	0.958781	7.36813	200
2152	8.93753	0.980589	7.39615	200
2153	8.97001	1.00178	7.42425	200
2154	9.02688	1.02323	7.45287	200
2155	8.86094	1.03698	7.47802	200
2156	8.9616	1.05293	7.50451	200
2157	8.9927	1.06847	7.53108	200
2158	8.95159	1.08105	7.55645	200
2159	8.90715	1.09068	7.58057	200
2160	8.97652	1.10158	7.60549	200
2161	8.9214	1.10923	7.62899	200
2162	8.9985	1.11853	7.65345	200
2163	9.59618	1.14796	7.68814	200
2164	9.48532	1.17115	7.72023	200
2165	9.57286	1.19244	7.74918	200
2166	9.6335	1.21406	7.77862	200
2167	10.0663	1.24761	7.81436	200
2168	9.78094	1.27008	7.84509	200
2169	9.86284	1.29345	7.87662	200
2170	9.79904	1.3131	7.90665	200
2171	9.88112	1.33377	7.9375	200
2172	9.88062	1.35281	7.96787	200
2173	9.94873	1.37244	7.99882	200
2174	9.76257	1.38466	8.02637	200
2175	9.86908	1.39898	8.05517	200
2176	9.85821	1.4116	8.08334	200
2177	9.88686	1.42385	8.11152	200
2178	9.9734	1.43754	8.14061	200
2179	10.6123	1.46986	8.17923	200
2180	10.5326	1.49747	8.216	200
2181	10.591	1.52489	8.25311	200
2182	10.0808	1.53435	8.28167	200
2183	10.3398	1.55072	8.31382	200
2184	10.3293	1.56524	8.34532	200
2185	10.3521	1.57904	8.37667	200
2186	10.2337	1.58773	8.40569	200
2187	10.2984	1.59726	8.43526	200
2188	10.2382	1.60369	8.46343	200
2189	10.338	1.61215	8.49272	200
2190	10.2771	1.61753	8.5206	200
2191	10.2462	1.62091	8.54756	200
2192	10.3685	1.62716	8.57601	200
2193	10.1831	1.62653	8.60112	200
2194	10.2372	1.62683	8.62669	200
2195	10.2888	1.62793	8.65266	200
2196	10.9894	1.65008	8.68917	200
2197	10.9558	1.66934	8.72458	200
2198	11.0034	1.68627	8.75623	200
2199	11.0105	1.70205	8.78754	200
2200	11.0535	1.71771	8.81901	200
2201	10.9583	1.72942	8.84872	200
2202	11.0264	1.74187	8.87897	200
2203	10.9914	1.75217	8.90831	200
2204	11.1122	1.76472	8.93892	200
2205	10.9548	1.77169	8.96692	200
2206	10.9937	1.77878	8.99507	200
2207	11.0107	1.78536	9.02306	200
2208	10.9524	1.78935	9.04985	200
2209	11.0009	1.79384	9.07695	200
2210	10.917	1.79513	9.10251	200
2211	11.0456	1.79924	9.12949	200
2212	11.0476	1.80254	9.15613	200
2213	11.0398	1.80479	9.18229	200
2214	11.7001	1.8246	9.21726	200
2215	11.6386	1.84117	9.25089	200
2216	11.6798	1.8575	9.28463	200
2217	11.6283	1.87101	9.31718	200
2218	11.6855	1.88482	9.35007	200
2219	11.6124	1.89531	9.38149	200
2220	11.7563	1.90863	9.41447	200
2221	11.5428	1.91473	9.44403	200
2222	11.7425	1.92538	9.47596	200
2223	11.7654	1.9355	9.50775	200
2224	11.7207	1.9432	9.53849	200
2225	11.653	1.94796	9.56785	200
2226	11.6931	1.95288	9.59737	200
2227	11.6826	1.95656	9.62633	200
2228	11.6235	1.95769	9.65407	200
2229	11.6643	1.95915	9.68199	200
2230	11.6134	1.95837	9.70881	200
2231	11.6794	1.95871	9.73618	200
2232	11.6898	1.95857	9.76332	200
2233	12.4276	1.97817	9.80032	200
2234	12.3309	1.99352	9.83546	200
2235	12.2992	2.00527	9.86626	200
2236	12.3454	2.01712	9.89725	200
2237	12.423	2.02983	9.92882	200
2238	12.295	2.03824	9.9584	200
2239	12.4184	2.04879	9.98915	200
2240	12.2939	2.05589	10.0212	200
2241	12.2442	2.06054	10.052	200
2242	12.3407	2.06766	10.0878	200
2243	12.3199	2.0728	10.1227	200
2244	12.3203	2.07726	10.1619	200
2245	12.4069	2.08325	10.202	200
2246	12.4157	2.08868	10.2481	200
2247	12.3302	2.08841	10.2915	200
2248	12.4718	2.093	10.346	200
2249	12.3718	2.08964	10.3966	200
2250	12.2691	2.07878	10.4435	200
2251	12.3167	2.0685	10.4903	200
2252	12.3146	2.05629	10.5359	200
2253	12.9773	2.07555	10.5969	200
2254	13.0813	2.09599	10.659	200
2255	13.2501	2.12074	10.7238	200
2256	13.2796	2.14249	10.7877	200
2257	13.2321	2.15758	10.8488	200
2258	6.97196	2.24355	10.7519	200
2259	7.00593	2.31867	10.6582	200
2260	7.09816	2.37039	10.5841	200
2261	7.07253	2.41794	10.5109	200
2262	7.05065	2.46137	10.4388	200
2263	7.05865	2.49965	10.3684	200
2264	7.09834	2.53175	10.3003	200
2265	6.83935	2.57047	10.2282	200
2266	6.78035	2.60702	10.1563	200
2267	6.88129	2.63486	10.0881	200
2268	6.84689	2.66012	10.0206	200
2269	6.86034	2.68096	9.95475	200
2270	7.54395	2.6697	9.90452	200
2271	7.56056	2.65613	9.85569	200
2272	7.53935	2.64197	9.80743	200
2273	7.55554	2.62572	9.76052	200
2274	7.55046	2.6084	9.71447	200
2275	7.54505	2.59011	9.66928	200
2276	7.5454	2.57068	9.62503	200
2277	7.56895	2.54924	9.58219	200
2278	7.56108	2.52723	9.54008	200
2279	7.59102	2.50314	9.49948	200
2280	7.55568	2.47983	9.45898	200
2281	7.59109	2.45433	9.42007	200
2282	7.57745	2.42885	9.38168	200
2283	8.19015	2.37729	9.35686	200
2284	8.26201	2.32386	9.33405	200
2285	8.25991	2.27922	9.31486	200
2286	8.32545	2.23316	9.2972	200
2287	8.2461	2.19094	9.27843	200
2288	8.28829	2.14805	9.26075	200
2289	8.2636	2.10695	9.24294	200
2290	8.23181	2.06781	9.22488	200
2291	8.29218	2.02727	9.20823	200
2292	8.28905	1.9877	9.19181	200
2293	8.28468	1.94911	9.17561	200
2294	8.19651	1.91446	9.15813	200
2295	8.26885	1.87785	9.14225	200
2296	8.28081	1.84155	9.12687	200
2297	8.92534	1.78297	9.12327	200
2298	9.12155	1.71936	9.12323	200
2299	9.47742	1.6706	9.12956	200
2300	9.88478	1.63791	9.14305	200
2301	9.90673	1.60668	9.15668	200
2302	9.91081	1.57623	9.17015	200
2303	9.9516	1.54785	9.1841	200
2304	9.78675	1.51409	9.19486	200
2305	9.88427	1.48464	9.20717	200
2306	9.82935	1.45383	9.21828	200
2307	9.86982	1.42518	9.22992	200
2308	9.88655	1.39773	9.24164	200
2309	9.88173	1.37067	9.25307	200
2310	9.89814	1.34476	9.26459	200
2311	9.79277	1.31559	9.27402	200
2312	10.4345	1.31005	9.29475	200
2313	9.99257	1.28819	9.30721	200
2314	9.59993	1.25708	9.31178	200
2315	9.53095	1.22464	9.3152	200
2316	9.54424	1.19353	9.31878	200
2317	9.60921	1.16531	9.32332	200
2318	9.63867	1.13875	9.32825	200
2319	9.5785	1.11098	9.33216	200
2320	9.74622	1.0892	9.33862	200
2321	9.58134	1.06275	9.34242	200
2322	9.64685	1.03905	9.34717	200
2323	9.60962	1.01478	9.35127	200
2324	9.62358	0.99158	9.35553	200
2325	9.48525	0.964647	9.35755	200
2326	9.57542	0.94131	9.36096	200
2327	9.69857	0.922444	9.36623	200
2328	10.3188	0.923386	9.38111	200
2329	10.3455	0.924666	9.39618	200
2330	10.3533	0.925679	9.41114	200
2331	10.372	0.926779	9.42615	200
2332	10.329	0.92603	9.44026	200
2333	10.377	0.926366	9.45489	200
2334	10.5466	0.931534	9.47195	200
2335	10.531	0.93552	9.4885	200
2336	10.9399	0.951641	9.51118	200
2337	10.7731	0.961336	9.53089	200
2338	10.8007	0.970977	9.55073	200
2339	10.7365	0.97769	9.56926	200
2340	10.7945	0.986531	9.59114	200
2341	10.7403	0.992338	9.61166	200
2342	10.6556	0.994488	9.63341	200
2343	10.7655	1.00022	9.657	200
2344	10.7627	1.0055	9.68464	200
2345	11.3834	1.04016	9.72711	200
2346	11.4751	1.0844	9.78173	200
2347	11.583	1.12921	9.83802	200
2348	11.7616	1.17885	9.89813	200
2349	11.6858	1.2169	9.954	200
2350	11.5631	1.23651	9.99422	200
2351	11.3754	1.24375	10.0288	200
2352	11.1515	1.2377	10.0568	200
2353	11.342	1.24007	10.089	200
2354	5.84272	1.39038	9.98279	200
2355	8.24118	1.40794	9.93925	200
2356	8.03757	1.43263	9.89171	200
2357	8.10386	1.45039	9.84701	200
2358	8.62694	1.43887	9.81651	200
2359	8.7843	1.41854	9.79071	200
2360	9.05265	1.38451	9.77225	200
2361	8.84501	1.36165	9.74907	200
2362	8.77682	1.34218	9.72476	200
2363	8.75464	1.32358	9.70051	200
2364	8.02733	1.34106	9.65868	200
2366	7.4491	1.38448	9.60344	200
2367	7.26491	1.43219	9.54498	200
2369	7.22649	1.4765	9.48701	200
2370	7.12632	1.52071	9.428	200
2371	7.31621	1.55026	9.3752	200
2372	7.34532	1.57424	9.32445	200
2373	7.20802	1.59684	9.28036	200
2374	5.56452	1.68513	9.20295	200
2375	5.17936	1.78256	9.11912	200
2376	5.54227	1.85732	9.0446	200
2377	5.47185	1.9288	8.97017	200
2378	5.43973	1.99553	8.89662	200
2379	5.44176	2.05634	8.82464	200
2380	5.36044	2.115	8.75247	200
2381	6.03188	2.14023	8.69579	200
2382	6.18281	2.15576	8.64344	200
2383	5.99332	2.17636	8.58823	200
2384	6.11687	2.18865	8.53674	200
2385	6.10465	2.1988	8.48607	200
2386	6.17628	2.20342	8.43795	200
2387	6.09915	2.20906	8.38922	200
2388	6.10301	2.21227	8.34159	200
2389	6.19582	2.2095	8.29689	200
2390	6.10958	2.20858	8.25132	200
2392	5.52548	2.23013	8.19453	200
2393	5.44293	2.25186	8.13721	200
2394	6.23687	2.23721	8.09762	200
2395	6.16159	2.22466	8.05728	200
2396	6.20178	2.20928	8.01863	200
2397	6.1995	2.19302	7.98073	200
2398	6.22376	2.17485	7.94412	200
2399	6.08822	2.16346	7.91098	200
2400	6.27029	2.14479	7.88168	200
2401	6.22058	2.12751	7.85202	200
2402	6.20663	2.11029	7.82264	200
2403	6.10309	2.09634	7.79193	200
2404	6.37164	2.07219	7.76657	200
2405	6.21084	2.05375	7.73879	200
2406	6.2218	2.03458	7.7117	200
2407	6.23255	2.01474	7.68528	200
2408	6.86804	1.97197	7.67069	200
2409	6.96439	1.92677	7.65808	200
2410	6.81466	1.88808	7.64302	200
2411	6.83407	1.84954	7.62857	200
2412	6.90003	1.8095	7.61556	200
2413	6.85695	1.77197	7.60201	200
2414	6.72648	1.73995	7.58638	200
2415	6.86622	1.70353	7.57352	200
2416	6.86844	1.66787	7.56093	200
2417	6.83438	1.63425	7.54795	200
2418	6.87215	1.60002	7.53588	200
2419	6.76728	1.57033	7.52216	200
2420	6.8481	1.53832	7.51012	200
2421	6.91579	1.5046	7.49951	200
2422	6.81644	1.47526	7.48731	200
2423	7.49236	1.42275	7.4874	200
2424	7.56684	1.37478	7.48882	200
2425	7.5306	1.32717	7.48956	200
2426	7.48583	1.2799	7.48949	200
2427	7.53932	1.23597	7.49038	200
2428	7.46627	1.1981	7.49001	200
2429	7.51836	1.16155	7.49045	200
2430	7.56517	1.12758	7.49162	200
2431	7.55051	1.09418	7.49254	200
2432	7.49496	1.06007	7.49257	200
2433	7.60312	1.03039	7.4943	200
2434	7.56164	1.0003	7.49535	200
2435	7.59436	0.972132	7.4969	200
2436	7.5516	0.943462	7.49775	200
2437	7.57009	0.916239	7.49888	200
2438	7.56957	0.889815	7.49999	200
2439	8.17138	0.882989	7.51048	200
2440	8.2336	0.877993	7.52178	200
2441	8.20709	0.871971	7.53248	200
2442	8.27671	0.867978	7.54411	200
2443	8.21032	0.861672	7.55452	200
2444	8.24914	0.856451	7.56537	200
2445	8.19783	0.849451	7.57526	200
2446	8.23619	0.843559	7.58558	200
2447	8.13194	0.834271	7.59412	200
2448	8.17411	0.826324	7.60318	200
2449	8.23091	0.820117	7.61299	200
2450	8.16042	0.811595	7.62154	200
2451	8.28893	0.807088	7.63197	200
2452	8.28368	0.802232	7.64215	200
2453	8.2407	0.795866	7.6515	200
2454	8.24624	0.78958	7.6608	200
2455	8.24293	0.783097	7.66989	200
2456	8.92784	0.797936	7.68955	200
2457	8.80756	0.807938	7.70701	200
2458	8.91816	0.820538	7.72594	200
2459	8.92335	0.832315	7.74465	200
2460	8.99834	0.845483	7.76424	200
2461	9.00131	0.85636	7.78142	200
2462	8.87447	0.862934	7.7966	200
2463	8.98092	0.871861	7.81304	200
2464	8.96799	0.879724	7.82909	200
2465	8.87839	0.884434	7.84366	200
2466	8.9207	0.889784	7.85862	200
2467	8.83994	0.892326	7.87225	200
2468	8.95736	0.897681	7.88732	200
2469	8.9648	0.902675	7.90228	200
2470	9.01921	0.908626	7.91779	200
2471	8.90898	0.910919	7.93156	200
2472	8.94055	0.913643	7.94557	200
2473	8.86669	0.91385	7.95836	200
2474	9.60269	0.934141	7.9812	200
2475	9.60809	0.953383	8.0038	200
2476	9.67383	0.973289	8.02699	200
2477	9.55284	0.988637	8.04818	200
2478	9.58384	1.00383	8.06951	200
2479	9.68149	1.02072	8.0919	200
2480	9.6519	1.0357	8.11356	200
2481	9.63088	1.04908	8.13464	200
2482	9.57733	1.06001	8.15467	200
2483	9.58809	1.07039	8.17458	200
2484	9.54216	1.07864	8.19358	200
2485	9.6162	1.0882	8.21333	200
2486	9.64622	1.09777	8.23324	200
2487	9.66201	1.10696	8.25308	200
2488	9.57302	1.11288	8.27141	200
2489	9.5831	1.1184	8.28963	200
2490	9.61645	1.12419	8.30806	200
2491	9.63383	1.12979	8.32647	200
2492	9.65022	1.13518	8.34485	200
2493	10.3156	1.15839	8.37223	200
2494	10.2879	1.17942	8.39883	200
2495	10.3097	1.19974	8.42537	200
2496	10.3987	1.22123	8.45278	200
2497	10.2964	1.23852	8.47838	200
2498	10.3073	1.25327	8.50124	200
2499	10.2879	1.26661	8.52358	200
2500	10.2867	1.27902	8.54561	200
2501	10.2715	1.29019	8.56719	200
2502	10.2497	1.3	8.58822	200
2503	10.4053	1.31292	8.61093	200
2504	10.3168	1.32275	8.63225	200
2505	10.3164	1.33178	8.6533	200
2506	10.3176	1.3401	8.67411	200
2507	10.2517	1.34603	8.69383	200
2508	10.2685	1.35175	8.71351	200
2509	10.2605	1.35663	8.73285	200
2510	10.2793	1.36137	8.75218	200
2511	10.1976	1.36347	8.77024	200
2512	10.32	1.36813	8.78961	200
2513	11.0221	1.38974	8.81752	200
2514	11.0185	1.41002	8.84503	200
2515	11.0363	1.42955	8.87242	200
2516	10.9783	1.44646	8.89875	200
2517	11.0332	1.46366	8.92543	200
2518	11.0417	1.47997	8.95188	200
2519	11.0263	1.49483	8.97781	200
2520	10.9842	1.50762	9.00289	200
2521	10.9948	1.51973	9.02779	200
2522	11.0114	1.53133	9.05258	200
2523	11.0493	1.54296	9.07754	200
2524	11.0129	1.55277	9.10173	200
2525	11.0392	1.56239	9.12595	200
2526	11.0444	1.57129	9.14993	200
2527	11.0111	1.57853	9.17319	200
2528	10.9767	1.58416	9.19574	200
2529	11.02	1.59016	9.21854	200
2530	10.9769	1.59483	9.24296	200
2531	11.0265	1.60007	9.26773	200
2532	11.1809	1.60986	9.29763	200
2533	10.988	1.61237	9.32404	200
2534	11.6569	1.6381	9.3657	200
2535	11.6659	1.66175	9.40677	200
2536	11.6363	1.6854	9.45322	200
2537	11.6789	1.70792	9.49958	200
2538	11.6516	1.73012	9.55339	200
2539	11.7022	1.75105	9.60711	200
2540	11.9255	1.77942	9.66507	200
2541	12.0263	1.80851	9.7241	200
2542	11.9236	1.82806	9.77908	200
2543	11.9327	1.84162	9.82395	200
2544	11.9069	1.85168	9.86734	200
2545	5.01018	1.97691	9.76615	200
2546	5.00024	2.11636	9.647	200
2547	4.70471	2.25765	9.52345	200
2548	4.6366	2.42198	9.37073	200
2549	4.8392	2.55382	9.22912	200
2550	5.48612	2.65292	9.07316	200
2551	5.37491	2.74003	8.91907	200
2552	5.51907	2.79503	8.7774	200
2553	1.36778	3.17958	8.46866	200
2554	2.11098	3.44442	8.20376	200
2555	2.01528	3.67309	7.94591	200
2556	2.06221	3.85731	7.70075	200
2557	2.0459	4.0071	7.46513	200
2558	2.1049	4.11986	7.24179	200
2559	2.07945	4.18502	7.08047	200
2560	2.10432	4.23446	6.92496	200
2561	2.01714	4.27655	6.77159	200
2562	2.73771	4.26138	6.64553	200
2563	2.74777	4.23865	6.52373	200
2564	2.66499	4.21491	6.40314	200
2565	2.72734	4.18121	6.28827	200
2566	2.69502	4.14447	6.17598	200
2567	2.76385	4.09869	6.06935	200
2568	2.698	4.05323	5.964	200
2569	2.77	3.99953	5.86418	200
2570	2.70378	3.94709	5.76542	200
2571	3.40263	3.84807	5.69158	200
2572	3.40031	3.75077	5.61998	200
2573	3.45235	3.65182	5.55224	200
2574	3.36569	3.56024	5.48391	200
2575	3.42145	3.46663	5.41946	200
2576	3.4251	3.39301	5.3696	200
2577	3.36179	3.32375	5.3194	200
2578	3.42846	3.25211	5.27213	200
2579	3.45061	3.18058	5.22659	200
2580	3.4603	3.10987	5.18243	200
2581	4.16077	3.00546	5.15689	200
2582	4.10689	2.90768	5.13064	200
2583	4.11976	2.81284	5.10537	200
2584	4.1192	2.72151	5.08071	200
2585	4.07815	2.63556	5.05565	200
2586	4.13131	2.55	5.03254	200
2587	4.05764	2.47124	5.00817	200
2588	4.11804	2.39219	4.98591	200
2589	4.17378	2.31318	4.96561	200
2590	4.07551	2.24203	4.94336	200
2591	4.74863	2.13966	4.93849	200
2592	4.85948	2.03663	4.93651	200
2593	4.74873	1.94419	4.93182	200
2594	4.83806	1.85167	4.92947	200
2595	4.78835	1.76614	4.92594	200
2596	4.76978	1.69905	4.92269	200
2597	4.78562	1.63397	4.91983	200
2598	4.82346	1.56991	4.91782	200
2599	4.80326	1.50927	4.91544	200
2600	4.78656	1.45175	4.91275	200
2601	4.78067	1.39676	4.91	200
2602	4.8795	1.33983	4.90937	200
2603	5.5336	1.31002	4.92237	200
2604	5.46808	1.27817	4.93374	200
2605	5.51572	1.24916	4.94586	200
2606	5.49979	1.22019	4.9574	200
2607	5.47658	1.19098	4.96822	200
2608	5.54588	1.16543	4.98025	200
2609	5.49994	1.13852	4.99108	200
2610	5.43618	1.10963	5.00035	200
2611	5.5124	1.08473	5.01102	200
2612	5.50372	1.06006	5.02128	200
2613	5.55146	1.03798	5.03233	200
2614	5.47654	1.01324	5.04158	200
2615	5.48735	0.989597	5.05087	200
2616	6.1106	0.992519	5.07294	200
2617	6.15888	0.996411	5.09557	200
2618	6.17276	0.999777	5.11801	200
2619	6.1904	1.0028	5.14035	200
2620	6.12946	1.00223	5.16095	200
2621	6.24702	1.00523	5.18035	200
2622	6.13059	1.00326	5.19732	200
2623	6.24047	1.00469	5.21594	200
2624	6.11801	1.00102	5.23205	200
2625	6.18375	0.999257	5.24904	200
2626	6.17116	0.996501	5.26551	200
2627	6.18313	0.993683	5.2819	200
2628	6.45629	1.00121	5.30636	200
2629	6.52025	1.01007	5.33165	200
2630	7.13123	1.04955	5.37664	200
2631	7.04538	1.08051	5.41836	200
2632	7.14132	1.12066	5.4722	200
2633	7.11507	1.1533	5.52354	200
2634	7.16092	1.18355	5.57471	200
2635	7.13517	1.20711	5.62347	200
2636	7.18282	1.22912	5.6722	200
2637	2.74731	1.33511	5.5808	200
2638	2.66291	1.43403	5.48961	200
2639	2.75131	1.51555	5.40404	200
2640	2.74499	1.58702	5.32095	200
2641	2.72983	1.64977	5.23997	200
2642	2.87488	1.69448	5.16606	200
2643	2.68702	1.74351	5.08859	200
2644	2.69123	1.78438	5.01367	200
2645	2.67973	1.81873	4.94074	200
2646	3.36861	1.80331	4.89161	200
2647	3.30139	1.79	4.84191	200
2648	3.38835	1.76897	4.79649	200
2649	3.40546	1.74535	4.75302	200
2650	3.47388	1.71621	4.71304	200
2651	3.45329	1.69338	4.68155	200
2652	3.58818	1.66338	4.65421	200
2653	3.45072	1.64039	4.62413	200
2654	3.43266	1.61794	4.59434	200
2655	3.39416	1.59705	4.56433	200
2656	4.18469	1.53618	4.55484	200
2657	4.18322	1.47795	4.54555	200
2658	4.00565	1.43105	4.53205	200
2659	5.52478	1.40913	4.55687	200
2660	5.54501	1.38808	4.58157	200
2661	5.49881	1.36454	4.6045	200
2662	5.38342	1.33526	4.62398	200
2663	5.40436	1.30751	4.64349	200
2664	5.43238	1.28158	4.66321	200
2665	5.54868	1.26178	4.68534	200
2666	5.35052	1.23195	4.70197	200
2667	6.05497	1.238	4.7358	200
2668	6.20305	1.24946	4.77248	200
2669	6.17515	1.25712	4.80755	200
2670	6.23432	1.26419	4.83727	200
2671	6.22582	1.26937	4.8662	200
2672	6.17396	1.27097	4.89344	200
2673	6.15129	1.27042	4.91965	200
2674	6.15146	1.26881	4.94531	200
2675	6.20885	1.26859	4.97163	200
2676	6.15429	1.26501	4.99627	200
2677	6.18901	1.262	5.02112	200
2678	6.33132	1.26401	5.04841	200
2679	7.06695	1.29545	5.09046	200
2680	7.05375	1.32327	5.13136	200
2681	7.04365	1.34781	5.1712	200
2682	7.06904	1.37073	5.21074	200
2683	7.06156	1.39074	5.2493	200
2684	7.02339	1.40671	5.28626	200
2685	7.11341	1.42423	5.32432	200
2686	7.06056	1.43723	5.3605	200
2687	7.01126	1.44612	5.39489	200
2688	7.51184	1.47407	5.43899	200
2689	7.58366	1.50202	5.48367	200
2690	7.5337	1.52485	5.52638	200
2691	7.448	1.54138	5.56641	200
2692	8.19472	1.58667	5.62117	200
2693	8.19734	1.6279	5.67484	200
2694	8.26156	1.66214	5.72103	200
2695	8.2551	1.69328	5.76628	200
2696	8.1907	1.71939	5.80957	200
2697	8.34207	1.74843	5.85479	200
2698	8.2191	1.77043	5.89701	200
2699	8.20403	1.78959	5.93821	200
2700	8.159	1.80499	5.97787	200
2701	8.13029	1.8174	6.0163	200
2702	8.19204	1.8302	6.05515	200
2703	8.25122	1.84326	6.09437	200
2704	8.17736	1.85182	6.13157	200
2705	8.2875	1.86268	6.17006	200
2706	8.97557	1.89636	6.22016	200
2707	8.90061	1.92436	6.26803	200
2708	8.9279	1.95063	6.31552	200
2709	8.92717	1.97423	6.36216	200
2710	8.83384	1.992	6.4063	200
2711	8.95016	2.01171	6.45172	200
2712	8.94269	2.02882	6.4962	200
2713	8.97679	2.04496	6.5405	200
2714	8.97815	2.05898	6.58403	200
2715	8.90999	2.06852	6.62556	200
2716	8.92425	2.07674	6.66661	200
2717	8.97765	2.0851	6.70788	200
2718	8.92403	2.08978	6.74745	200
2719	8.96692	2.09442	6.78709	200
2720	9.58761	2.11963	6.83709	200
2721	9.7423	2.14769	6.88897	200
2722	9.62727	2.16615	6.93176	200
2723	9.58575	2.18139	6.97323	200
2724	9.62479	2.19608	7.01466	200
2725	9.57235	2.20738	7.05462	200
2726	9.56385	2.21681	7.09382	200
2727	9.54954	2.22428	7.1322	200
2728	9.53882	2.22998	7.1698	200
2729	9.62462	2.237	7.20815	200
2730	9.67395	2.24415	7.24668	200
2731	9.59163	2.2473	7.28332	200
2732	9.60905	2.24975	7.31966	200
2733	9.59422	2.25053	7.3552	200
2734	9.60574	2.25053	7.39036	200
2735	9.46994	2.24518	7.42286	200
2736	10.1638	2.26068	7.46568	200
2737	10.2512	2.27708	7.50921	200
2738	10.2796	2.29249	7.55249	200
2739	10.2577	2.30539	7.59476	200
2740	10.3729	2.32016	7.63817	200
2741	10.2942	2.33066	7.67967	200
2742	10.3299	2.34065	7.72108	200
2743	10.3533	2.34976	7.76221	200
2744	10.3302	2.35657	7.80233	200
2745	10.2246	2.35862	7.84018	200
2746	10.3234	2.36252	7.87898	200
2747	10.2905	2.36405	7.91666	200
2748	10.2872	2.36425	7.9537	200
2749	10.3196	2.3643	7.99066	200
2750	10.3181	2.36315	8.02703	200
2751	10.319	2.36092	8.06284	200
2752	10.3348	2.35814	8.09834	200
2753	11.005	2.37528	8.14376	200
2754	11.0102	2.39063	8.18854	200
2755	11.0826	2.40462	8.22874	200
2756	10.9386	2.4131	8.26637	200
2757	11.1763	2.4269	8.30679	200
2758	10.9865	2.43392	8.34401	200
2759	11.0019	2.44014	8.38092	200
2760	10.9438	2.44355	8.41652	200
2761	11.0514	2.44886	8.45311	200
2762	10.9848	2.45116	8.48827	200
2763	10.9809	2.45231	8.52289	200
2764	10.961	2.45192	8.55676	200
2765	10.9778	2.45106	8.59038	200
2766	10.9727	2.44915	8.62347	200
2767	11.0117	2.44746	8.65664	200
2768	11.0047	2.44469	8.68925	200
2769	11.0013	2.44101	8.72136	200
2770	10.948	2.43506	8.75228	200
2771	11.6974	2.44922	8.79319	200
2772	11.6945	2.46178	8.83348	200
2773	11.6567	2.47182	8.8727	200
2774	11.5036	2.47624	8.90923	200
2775	11.6743	2.48426	8.94764	200
2776	11.5971	2.48885	8.98443	200
2777	11.7497	2.49653	9.02284	200
2778	11.6219	2.49937	9.05894	200
2779	11.6569	2.50211	9.09502	200
2780	11.7002	2.50497	9.1312	200
2781	11.662	2.50569	9.16635	200
2782	11.6901	2.50619	9.2014	200
2783	11.7544	2.50749	9.23686	200
2784	11.6935	2.50608	9.27098	200
2785	11.7226	2.50456	9.30503	200
2786	11.6841	2.50108	9.33807	200
2787	11.743	2.49841	9.37148	200
2788	11.7726	2.4957	9.40482	200
2789	11.6033	2.48745	9.43536	200
2790	12.268	2.49703	9.4747	200
2791	12.6153	2.51491	9.51832	200
2792	12.4184	2.52454	9.55457	200
2793	12.47	2.53431	9.59101	200
2794	12.5196	2.54417	9.62762	200
2795	12.3623	2.54893	9.6618	200
2796	12.4813	2.5557	9.69705	200
2797	12.4866	2.56154	9.73192	200
2798	12.396	2.56411	9.76521	200
2799	12.3962	2.56578	9.7981	200
2800	12.4775	2.56862	9.83159	200
2801	12.3241	2.56671	9.86275	200
2802	12.404	2.56608	9.89451	200
2803	12.32	2.56256	9.92483	200
2804	12.3714	2.55966	9.95541	200
2805	12.3748	2.55615	9.98565	200
2806	12.2869	2.54978	10.0144	200
2807	12.3644	2.54479	10.0438	200
2808	12.4156	2.54046	10.0734	200
2809	12.1327	2.52843	10.0992	200
2810	12.8553	2.53412	10.1336	200
2811	13.0941	2.54478	10.1706	200
2812	12.9699	2.55114	10.2056	200
2813	12.9313	2.55551	10.2397	200
2814	12.9885	2.56034	10.2741	200
2815	12.9661	2.56363	10.3077	200
2816	12.9247	2.56496	10.3404	200
2817	13.0266	2.56799	10.374	200
2818	13.0646	2.5714	10.4114	200
2819	12.979	2.57129	10.447	200
2820	13.068	2.57285	10.488	200
2821	13.0741	2.57326	10.5284	200
2822	13.1212	2.57396	10.5747	200
2823	13.0936	2.57199	10.6197	200
2824	13.053	2.56621	10.6704	200
2825	13.0727	2.55939	10.7204	200
2826	13.2409	2.55744	10.7834	200
2827	13.0796	2.54438	10.8408	200
2828	13.0958	2.5299	10.8972	200
2829	13.0377	2.51043	10.9507	200
2830	13.016	2.48817	11.0023	200
2831	13.6915	2.49822	11.0696	200
2832	13.75	2.50733	11.1366	200
2833	13.7658	2.51241	11.1914	200
2834	13.8842	2.51992	11.2475	200
2835	13.7794	2.52042	11.3002	200
2836	6.79908	2.60295	11.2064	200
2837	6.90232	2.67383	11.1168	200
2838	6.8622	2.7397	11.0281	200
2839	6.93528	2.79608	10.9429	200
2840	6.89822	2.8481	10.8586	200
2841	6.82228	2.89761	10.7745	200
2842	6.93551	2.93683	10.6945	200
2843	7.55178	2.94541	10.629	200
2844	7.58679	2.94945	10.5657	200
2845	7.49	2.95471	10.5016	200
2846	7.53272	2.9553	10.4397	200
2847	7.42401	2.95781	10.3769	200
2848	7.46739	2.9558	10.3163	200
2849	7.59657	2.94596	10.2596	200
2850	7.46542	2.93964	10.2014	200
2851	7.52538	2.92866	10.1457	200
2852	7.5776	2.91363	10.0922	200
2853	7.5138	2.89966	10.0385	200
2854	7.60439	2.88026	9.98774	200
2855	7.47057	2.86513	9.9353	200
2856	8.30723	2.81359	9.90138	200
2857	8.18701	2.76779	9.86567	200
2858	8.24681	2.72675	9.83676	200
2859	8.23879	2.68644	9.80822	200
2860	8.24414	2.64635	9.78029	200
2861	8.11012	2.61149	9.75047	200
2862	8.26899	2.57113	9.72401	200
2863	8.1858	2.53424	9.69654	200
2864	8.20497	2.497	9.6699	200
2865	8.23658	2.45901	9.64431	200
2866	8.17361	2.42372	9.61805	200
2867	8.24728	2.38611	9.59357	200
2868	8.11675	2.35364	9.5672	200
2869	8.21422	2.3179	9.54304	200
2870	8.90268	2.25798	9.5316	200
2871	8.88171	2.20055	9.51999	200
2872	9.03968	2.13911	9.51142	200
2873	8.89778	2.08463	9.50046	200
2874	8.97681	2.02888	9.49111	200
2875	8.90507	1.97735	9.48064	200
2876	9.00819	1.92361	9.47221	200
2877	8.99144	1.87207	9.46362	200
2878	8.92806	1.82434	9.45406	200
2879	8.8905	1.77931	9.44399	200
2880	8.95706	1.73316	9.43529	200
2881	8.93334	1.68918	9.42633	200
2882	8.95774	1.64559	9.41796	200
2883	8.98059	1.60244	9.41015	200
2884	9.0666	1.55748	9.40402	200
2885	9.65522	1.51083	9.4085	200
2886	9.51815	1.46078	9.41046	200
2887	9.68288	1.42365	9.41471	200
2888	9.60711	1.38517	9.41772	200
2889	9.62998	1.34851	9.42104	200
2890	9.61188	1.31234	9.42402	200
2891	9.54786	1.2752	9.42595	200
2892	9.58622	1.24035	9.42846	200
2893	9.60722	1.20718	9.43125	200
2894	9.58181	1.17416	9.4336	200
2895	9.57476	1.14188	9.43581	200
2896	9.60812	1.11158	9.4385	200
2897	9.5848	1.08141	9.44078	200
2898	9.55055	1.05105	9.4425	200
2899	9.62136	1.02379	9.44529	200
2900	9.60176	0.996689	9.44774	200
2901	10.3162	0.992682	9.46131	200
2902	10.2571	0.98653	9.47374	200
2903	10.2893	0.981187	9.48648	200
2904	10.2662	0.97489	9.49867	200
2905	10.2532	0.968005	9.51046	200
2906	10.3794	0.96491	9.52403	200
2907	10.3184	0.95958	9.53644	200
2908	10.3132	0.953867	9.54858	200
2909	10.3436	0.948901	9.561	200
2910	10.2839	0.941838	9.5723	200
2911	10.3423	0.936469	9.58433	200
2912	10.2975	0.929489	9.59547	200
2913	10.2473	0.920811	9.60565	200
2914	10.268	0.912734	9.616	200
2915	10.2965	0.905475	9.62664	200
2916	10.2375	0.896268	9.63618	200
2917	10.3199	0.889624	9.64686	200
2918	10.979	0.903452	9.66767	200
2919	10.9596	0.915591	9.68786	200
2920	11.0916	0.933023	9.71293	200
2921	10.9906	0.945331	9.73574	200
2922	10.9676	0.957268	9.7614	200
2923	10.9906	0.968597	9.78701	200
2924	11.1647	0.98905	9.82145	200
2925	11.0171	0.999377	9.85134	200
2926	11.0505	1.01186	9.88881	200
2927	10.9613	1.01565	9.92233	200
2928	10.9673	1.01749	9.95499	200
2929	10.9638	1.01695	9.98651	200
2930	10.9479	1.01417	10.0105	200
2931	10.9576	1.01081	10.0342	200
2932	11.1516	1.01614	10.0622	200
2933	11.0646	1.01546	10.0872	200
2934	5.43169	1.19746	9.97083	200
2935	5.44222	1.36402	9.85761	200
2936	5.37436	1.51998	9.74553	200
2937	5.47832	1.65734	9.63885	200
2938	6.21526	1.74565	9.55326	200
2939	6.22589	1.82474	9.47007	200
2940	6.17728	1.89814	9.38775	200
2941	6.05417	1.96991	9.30441	200
2942	6.06629	2.03332	9.22346	200
2943	6.175	2.08408	9.14725	200
2944	6.25931	2.12427	9.07505	200
2945	6.18244	2.16269	9.00273	200
2946	6.18082	2.19565	8.93219	200
2947	6.16343	2.2243	8.86297	200
2948	6.20314	2.24608	8.79647	200
2949	6.86754	2.23022	8.74825	200
2950	6.94255	2.20899	8.7031	200
2951	6.88204	2.19283	8.66516	200
2952	6.91196	2.17451	8.62864	200
2953	6.85607	2.15776	8.59171	200
2954	6.88979	2.13877	8.55625	200
2955	6.88481	2.1193	8.52143	200
2956	6.93804	2.09697	8.48844	200
2957	6.93403	2.07436	8.45606	200
2958	6.89044	2.05316	8.42344	200
2959	6.83436	2.03383	8.39034	200
2960	6.90141	2.01112	8.35932	200
2961	7.49872	1.96318	8.34139	200
2962	7.58722	1.91281	8.32567	200
2963	7.54472	1.86564	8.3094	200
2964	7.56099	1.81909	8.29381	200
2965	7.50186	1.77629	8.27731	200
2966	7.50109	1.73462	8.26114	200
2967	7.48433	1.69471	8.24495	200
2968	7.44395	1.65748	8.22827	200
2969	7.4724	1.61991	8.21252	200
2970	7.53892	1.58048	8.19848	200
2971	7.44397	1.54606	8.18276	200
2972	7.54808	1.50809	8.16954	200
2973	7.43565	1.47583	8.15425	200
2974	8.17316	1.41512	8.15465	200
2975	8.21404	1.35864	8.15588	200
2976	8.37771	1.31804	8.15984	200
2977	8.19618	1.27226	8.16049	200
2978	8.23916	1.22963	8.16189	200
2979	8.28166	1.18999	8.16403	200
2980	8.21172	1.1492	8.16488	200
2981	8.19626	1.10927	8.16544	200
2982	8.23317	1.07207	8.16665	200
2983	8.32013	1.03927	8.16939	200
2984	8.23638	1.00454	8.17059	200
2985	8.3203	0.974011	8.17326	200
2986	8.18365	0.939595	8.17345	200
2987	8.24003	0.908416	8.17464	200
2988	8.91957	0.902577	8.18794	200
2989	8.79091	0.891876	8.1987	200
2990	8.94903	0.88682	8.2121	200
2991	8.95524	0.881688	8.22537	200
2992	8.92735	0.875269	8.23791	200
2993	9.00858	0.871533	8.25167	200
2994	9.02327	0.867964	8.26545	200
2995	8.99306	0.862951	8.27844	200
2996	8.81784	0.851395	8.28807	200
2997	8.909	0.843163	8.29916	200
2998	8.84612	0.832584	8.30893	200
2999	8.9771	0.826712	8.32086	200
3000	8.92773	0.81886	8.33169	200
3001	8.98599	0.812003	8.34532	200
3002	8.90626	0.801541	8.35701	200
3003	9.72334	0.82978	8.39117	200
3004	9.61065	0.849265	8.42165	200
3005	9.64773	0.872815	8.45997	200
3006	9.64348	0.892233	8.49695	200
3007	9.62888	0.907213	8.53233	200
3008	9.52304	0.912431	8.56328	200
3009	9.52826	0.915715	8.59344	200
3010	9.63424	0.923533	8.62596	200
3011	9.61755	0.927786	8.65695	200
3012	9.60626	0.929131	8.68662	200
3013	4.75853	1.11657	8.56386	200
3014	4.66801	1.29027	8.44212	200
3015	4.82979	1.4354	8.32923	200
3016	4.80036	1.56624	8.21895	200
3017	5.63936	1.62957	8.13834	200
3018	5.51137	1.67944	8.07267	200
3019	5.48766	1.72472	8.00804	200
3020	5.65318	1.75623	7.94917	200
3021	5.51714	1.79002	7.88837	200
3022	5.51912	1.81898	7.82913	200
3023	5.4725	1.84586	7.77022	200
3024	5.53106	1.86552	7.71424	200
3025	5.33226	1.89135	7.65469	200
3026	6.02378	1.87832	7.61392	200
3027	6.40333	1.84494	7.58365	200
3028	6.26483	1.81863	7.55068	200
3029	8.23481	1.7619	7.56778	200
3030	8.28533	1.70969	7.58572	200
3031	8.4298	1.6664	7.60682	200
3032	8.35611	1.62055	7.62556	200
3033	8.41656	1.57907	7.64533	200
3034	8.56695	1.5462	7.66837	200
3039	4.16254	1.64418	7.58073	200
3040	4.17277	1.73237	7.49553	200
3041	4.15599	1.81272	7.41204	200
3042	4.14017	1.88568	7.33024	200
3043	4.07931	1.94257	7.26251	200
3044	3.93135	2.00042	7.19311	200
3045	4.11146	2.04548	7.12891	200
3046	4.1769	2.08325	7.06741	200
3047	4.04981	2.12218	7.00454	200
3048	4.08673	2.15533	6.94375	200
3049	4.83187	2.15352	6.89976	200
3050	4.81445	2.15068	6.85631	200
3051	4.79619	2.1469	6.81339	200
3052	4.81456	2.14073	6.77175	200
3053	4.74101	2.13615	6.72944	200
3054	4.87677	2.12434	6.69084	200
3055	4.79188	2.11495	6.65128	200
3056	4.70223	2.10803	6.61067	200
3057	4.8017	2.09557	6.57299	200
3058	4.74718	2.08433	6.53495	200
3059	4.78452	2.07042	6.49848	200
3060	4.80803	2.05459	6.46326	200
3061	4.68686	2.04299	6.42625	200
3062	5.38832	2.00112	6.40463	200
3063	5.47942	1.95629	6.38535	200
3064	5.48856	1.91214	6.36667	200
3065	5.45889	1.87029	6.34776	200
3066	5.53124	1.82638	6.33075	200
3067	5.51479	1.78428	6.31375	200
3068	5.49442	1.74982	6.29911	200
3069	5.53606	1.71458	6.28549	200
3070	5.50172	1.68133	6.27149	200
3071	5.4861	1.64933	6.25747	200
3072	5.51711	1.61687	6.24425	200
3073	5.45689	1.58725	6.23019	200
3074	5.49106	1.55695	6.21699	200
3075	5.47428	1.52787	6.20372	200
3076	6.14096	1.47555	6.2026	200
3077	6.15206	1.42465	6.2017	200
3078	6.20097	1.3738	6.20169	200
3079	6.1464	1.32671	6.2007	200
3080	6.28163	1.28222	6.20214	200
3081	6.16449	1.23777	6.20147	200
3082	6.17981	1.19433	6.20108	200
3083	6.14447	1.1537	6.20007	200
3084	6.16116	1.11389	6.19938	200
3085	6.17637	1.07493	6.19897	200
3086	6.20558	1.03677	6.19908	200
3087	6.1657	1.00094	6.19849	200
3088	6.16776	0.966287	6.19794	200
3089	6.07016	0.93634	6.19566	200
3090	6.13341	0.905122	6.19454	200
3091	6.83758	0.895761	6.20603	200
3092	6.88185	0.887906	6.21809	200
3093	6.85801	0.879049	6.22952	200
3094	6.82311	0.868854	6.24012	200
3095	6.84703	0.859499	6.25096	200
3096	6.83698	0.849731	6.26142	200
3097	6.89301	0.842914	6.27129	200
3098	6.87677	0.835494	6.28075	200
3099	6.86452	0.827627	6.28987	200
3100	6.85649	0.81947	6.29872	200
276	2072.67	65.3679	38.5857	561.529
3101	9.33266	64.2393	38.1287	552.043
3102	8.64879	63.1531	37.668	542.893
3103	7.98017	62.1073	37.2042	534.062
3104	7.58388	60.947	36.6752	524.252
3105	7.55693	59.8103	36.1553	514.638
3106	7.56343	58.5095	35.5596	503.636
3107	8.23632	57.2101	34.9904	492.671
3108	8.13952	55.6921	34.3191	479.856
3109	8.28308	54.2093	33.6682	467.343
3110	8.29321	52.4072	32.8752	452.133
3111	8.4344	50.6593	32.1114	437.386
3112	5.8134	49.1367	31.2896	424.383
3113	6.62179	47.6074	30.5188	411.378
3114	7.27075	46.0849	29.7923	398.472
3115	3.48737	44.8487	28.9702	387.76
3116	3.38905	43.6445	28.1708	377.327
3117	3.41504	42.4639	27.3972	367.109
3118	3.24509	41.3194	26.6424	357.198
3119	3.28613	40.1967	25.9126	347.486
3120	3.33102	39.316	25.348	339.876
3121	3.33934	38.4506	24.7978	332.403
3122	3.4299	37.5965	24.2636	325.035
3123	3.46189	36.7567	23.7436	317.797
3124	3.42552	35.9348	23.2356	310.714
3125	4.11587	35.0941	22.7576	303.51
3126	4.05696	34.2744	22.2901	296.485
3127	4.09776	33.4703	21.8353	289.598
3128	4.09762	32.6836	21.3918	282.861
3129	4.10115	31.914	20.9596	276.272
3130	4.14785	31.1589	20.5393	269.81
3131	4.15488	30.4202	20.1297	263.491
3132	4.19424	29.6959	19.7313	257.299
3133	4.08291	28.9935	19.3401	251.288
3134	4.27839	28.297	18.9635	245.339
3135	4.19161	27.6207	18.5942	239.56
3136	4.78293	26.9302	18.249	233.691
3137	4.91458	26.2504	17.9156	227.919
3138	4.79425	25.594	17.5876	222.339
3139	4.76432	24.9554	17.267	216.911
3140	4.82319	24.4341	17.0077	212.481
3141	4.69399	23.9291	16.7512	208.184
3142	4.74543	23.4323	16.5011	203.959
3143	4.77775	22.9444	16.2568	200
3144	4.65103	22.472	16.0151	200
3145	4.81975	22.0021	15.7818	200
3146	4.79748	21.543	15.553	200
3147	5.45258	21.0663	15.3425	200
3148	5.47495	20.5997	15.137	200
3149	5.48114	20.1437	14.9358	200
3150	5.50951	19.6971	14.7394	200
3151	5.54651	19.2594	14.5479	200
3152	5.48556	18.8346	14.3591	200
3153	5.40821	18.4227	14.1726	200
3154	5.44354	18.0188	13.9908	200
3155	5.48115	17.6226	13.8135	200
3156	5.52786	17.2336	13.6409	200
3157	5.46088	16.8563	13.4705	200
3158	5.43217	16.4889	13.303	200
3159	5.44021	16.1295	13.1392	200
3160	6.15956	15.7483	12.9938	200
3161	6.22866	15.374	12.8528	200
3162	6.18551	15.0112	12.7139	200
3163	6.18391	14.6578	12.5779	200
3164	6.19656	14.3129	12.4449	200
3165	6.21208	14.0244	12.3336	200
3166	6.16212	13.7439	12.2234	200
3167	6.16632	13.4694	12.1153	200
3168	6.21921	13.1989	12.01	200
3169	6.12471	12.9377	11.9049	200
3170	6.34783	12.6741	11.8057	200
3171	6.38284	12.4151	11.7088	200
3172	6.39697	12.1614	11.614	200
3173	6.30234	11.9168	11.5191	200
3174	6.98445	11.6532	11.4381	200
3175	6.89941	11.3991	11.3571	200
3176	7.0153	11.147	11.2796	200
3177	6.98743	10.9022	11.2029	200
3178	6.94137	10.665	11.1268	200
3179	7.05707	10.4295	11.0541	200
3180	6.82687	10.208	10.9786	200
3181	6.77619	9.9935	10.9036	200
3182	6.77774	9.78394	10.8299	200
3183	6.84437	9.57686	10.7588	200
3184	6.86715	9.37381	10.6893	200
3185	6.88124	9.17503	10.6213	200
3186	6.87025	8.98132	10.5543	200
3187	6.91862	8.7904	10.4894	200
3188	6.91799	8.60401	10.4256	200
3189	7.56888	8.39874	10.3746	200
3190	7.4965	8.20158	10.3232	200
3191	7.51179	8.00907	10.273	200
3192	7.64763	7.81679	10.2261	200
3193	7.59236	7.63168	10.1791	200
3194	7.61648	7.47327	10.139	200
3195	7.59526	7.31923	10.0993	200
3196	7.57135	7.1695	10.0598	200
3197	7.75371	7.01751	10.0237	200
3198	7.53556	6.87597	9.98486	200
3199	7.59084	6.73591	9.94745	200
3200	7.62893	6.59787	9.91122	200
3201	7.6659	6.46185	9.87614	200
3202	7.62498	6.33026	9.84097	200
3203	7.47499	6.18868	9.79872	200
3204	7.51364	6.04927	9.75791	200
3205	8.19977	5.86214	9.72545	200
3206	8.19329	5.68172	9.69353	200
3207	8.28649	5.46799	9.65835	200
3208	8.21097	5.26696	9.62217	200
3209	8.04315	5.03646	9.57282	200
3210	8.23115	4.80553	9.53089	200
3211	8.15902	4.59093	9.48802	200
3212	8.17857	4.38584	9.4471	200
3213	8.14946	4.19282	9.40655	200
3214	3.48784	4.30069	9.22159	200
3215	3.43883	4.39332	9.04088	200
3216	3.46289	4.46736	8.86656	200
3217	3.4702	4.52542	8.69793	200
3218	3.4607	4.56101	8.567	200
3219	3.34609	4.59401	8.43647	200
3220	3.45643	4.61331	8.31197	200
3221	3.40164	4.62816	8.18921	200
3222	3.44369	4.63403	8.07057	200
3223	4.17146	4.59728	7.97309	200
3224	4.08972	4.56159	7.87601	200
3225	4.12272	4.52117	7.78218	200
3226	4.09542	4.47945	7.69001	200
3227	4.09506	4.43522	7.60013	200
3228	4.00991	4.39297	7.51038	200
3229	3.98725	4.34948	7.4223	200
3230	4.07186	4.29953	7.33854	200
3231	4.11495	4.24573	7.25795	200
3232	4.16781	4.18795	7.18069	200
3233	4.13011	4.13108	7.10443	200
3234	4.78544	4.04048	7.04645	200
3235	4.87212	3.94717	6.99209	200
3236	4.85077	3.85688	6.93856	200
3237	4.81489	3.77021	6.88547	200
3238	4.79954	3.686	6.83332	200
3239	4.74986	3.61923	6.78991	200
3240	4.81605	3.55067	6.74879	200
3241	4.8633	3.48129	6.70951	200
3242	4.78708	3.41633	6.66946	200
3243	4.75322	3.35383	6.62953	200
3244	4.85458	3.28804	6.59256	200
3245	4.79339	3.226	6.55507	200
3246	5.58065	3.13219	6.53477	200
3247	5.47573	3.04581	6.51271	200
3248	5.44774	2.96327	6.49052	200
3249	5.43869	2.88363	6.46861	200
3250	5.43847	2.8064	6.44714	200
3251	5.5497	2.72686	6.42845	200
3252	5.45284	2.65389	6.40812	200
3253	5.5298	2.57991	6.38982	200
3254	5.38912	2.5141	6.36897	200
3255	5.44882	2.44769	6.3498	200
3256	5.5317	2.37979	6.33276	200
3257	5.47609	2.31632	6.31491	200
3258	5.59121	2.24996	6.29983	200
3259	6.27905	2.15708	6.2994	200
3260	6.15623	2.07317	6.29642	200
3261	6.19643	1.99095	6.29434	200
3262	6.21921	1.91113	6.29277	200
3263	6.21784	1.83462	6.29121	200
3264	6.22588	1.77143	6.29004	200
3265	6.21246	1.71093	6.28865	200
3266	6.19447	1.65319	6.28697	200
3267	6.13805	1.59947	6.28431	200
3268	6.07623	1.54977	6.2806	200
3269	6.13116	1.49976	6.27793	200
3270	6.14049	1.45111	6.27547	200
3271	6.05193	1.40726	6.27148	200
3272	6.16524	1.3608	6.26958	200
3273	6.83638	1.33244	6.2797	200
3274	6.83939	1.30484	6.2897	200
3275	6.79664	1.27635	6.29875	200
3276	6.92235	1.25303	6.30988	200
3277	6.84195	1.22728	6.31938	200
3278	6.88072	1.2035	6.32941	200
3279	6.92847	1.18191	6.34011	200
3280	6.8761	1.15884	6.34968	200
3281	6.89635	1.13698	6.35944	200
3282	6.86213	1.11432	6.36841	200
3283	6.86496	1.09226	6.37728	200
3284	6.89074	1.07159	6.38645	200
3285	6.93952	1.05307	6.39632	200
3286	6.83192	1.03102	6.4041	200
3287	6.82918	1.00937	6.41169	200
3288	7.51518	1.01274	6.4314	200
3289	7.54592	1.01637	6.4513	200
3290	7.53161	1.01865	6.47059	200
3291	7.53377	1.02024	6.48958	200
3292	7.5695	1.02238	6.50886	200
3293	7.5972	1.02444	6.52586	200
3294	7.58411	1.02549	6.5424	200
3295	7.59384	1.0263	6.55883	200
3296	7.49204	1.02339	6.57341	200
3297	7.56984	1.02255	6.58898	200
3298	7.56571	1.02112	6.60424	200
3299	7.58982	1.02001	6.61964	200
3300	7.60891	1.01904	6.63509	200
3301	7.50762	1.01447	6.64873	200
3302	7.61455	1.01294	6.66382	200
3303	7.5157	1.00791	6.67713	200
3304	8.20298	1.0241	6.70097	200
3305	8.24436	1.04032	6.72508	200
3306	8.25092	1.0555	6.74892	200
3307	8.2347	1.06894	6.77214	200
3308	8.25343	1.08183	6.79528	200
3309	8.17652	1.09118	6.81686	200
3310	8.23386	1.10136	6.83901	200
3311	8.25243	1.11112	6.86109	200
3312	8.20511	1.11839	6.88209	200
3313	8.26536	1.12667	6.9037	200
3314	8.14759	1.13033	6.92314	200
3315	8.23633	1.13605	6.94365	200
3316	8.24113	1.14109	6.96393	200
3317	8.27061	1.14627	6.98434	200
3318	8.2517	1.15005	7.00415	200
3319	8.22925	1.15239	7.02329	200
3320	8.22025	1.15379	7.04199	200
3321	8.92796	1.17667	7.07146	200
3322	8.95596	1.19878	7.1009	200
3323	8.92101	1.2182	7.12934	200
3324	8.9608	1.23737	7.15796	200
3325	8.91714	1.25367	7.18544	200
3326	8.92439	1.26715	7.2096	200
3327	8.97815	1.28108	7.23416	200
3328	8.9288	1.29256	7.2577	200
3329	8.97583	1.30438	7.28156	200
3330	8.8347	1.31129	7.30313	200
3331	8.90105	1.31926	7.32532	200
3332	8.91321	1.32672	7.34738	200
3333	8.95388	1.33449	7.36969	200
3334	8.91609	1.34037	7.39116	200
3335	8.95877	1.34669	7.41294	200
3336	11.7343	1.42931	7.47295	200
3337	11.6206	1.50482	7.53056	200
3338	11.6867	1.57847	7.58828	200
3339	12.3662	1.66734	7.65464	200
3340	12.3566	1.75164	7.71995	200
3341	12.339	1.83129	7.7841	200
3342	12.4236	1.90929	7.84854	200
3343	12.3322	1.98081	7.91081	200
3344	12.3635	2.04947	7.97265	200
3345	12.4084	2.11575	8.03426	200
3346	12.309	2.17572	8.09363	200
3347	12.3557	2.23368	8.15283	200
3348	12.3693	2.28876	8.21139	200
3349	12.3207	2.33933	8.26846	200
3350	12.3249	2.38702	8.3248	200
3351	12.3316	2.43201	8.38045	200
3352	12.4015	2.47615	8.4363	200
3353	12.0881	2.50881	8.48702	200
3354	12.2992	2.54501	8.53996	200
3355	12.372	2.58077	8.59319	200
3356	12.3127	2.6124	8.64485	200
3357	12.3498	2.64275	8.6963	200
3358	13.0226	2.68951	8.75639	200
3359	13.1119	2.73116	8.81084	200
3360	13.1809	2.77213	8.86546	200
3361	13.0745	2.80806	8.91807	200
3362	13.1201	2.84291	8.9706	200
3363	13.0935	2.87491	9.02213	200
3364	12.9555	2.90137	9.0713	200
3365	13.0894	2.92928	9.12153	200
3366	13.0186	2.95348	9.17024	200
3367	13.0176	2.97582	9.21833	200
3368	13.0743	2.99783	9.26653	200
3369	13.0266	3.01688	9.31353	200
3370	13.0668	3.03529	9.36045	200
3371	13.0373	3.05133	9.40641	200
3372	13.0653	3.06652	9.45214	200
3373	13.1169	3.08148	9.49795	200
3374	13.0308	3.09276	9.54211	200
3375	13.0795	3.10388	9.58633	200
3376	13.0642	3.11322	9.6298	200
3377	13.0901	3.1219	9.67305	200
3378	13.7764	3.14643	9.72434	200
3379	13.7295	3.1679	9.77441	200
3380	13.7079	3.18704	9.82358	200
3381	13.6966	3.20419	9.87199	200
3382	13.703	3.21986	9.91987	200
3383	13.704	3.23397	9.96718	200
3384	13.7461	3.2491	10.0197	200
3385	13.7508	3.26249	10.0715	200
3386	13.8007	3.27708	10.1297	200
3387	13.8547	3.29107	10.188	200
3388	13.7262	3.2999	10.2511	200
3389	13.7429	3.30675	10.3135	200
3390	13.6923	3.30975	10.3839	200
3391	13.6792	3.30915	10.4525	200
3392	13.7866	3.3104	10.5359	200
3393	13.7125	3.30371	10.6153	200
3394	13.7089	3.2932	10.6926	200
3395	13.8598	3.2869	10.7718	200
3396	13.8837	3.27815	10.8496	200
3397	13.7002	3.25678	10.9209	200
3398	13.7056	3.23317	10.9905	200
3399	14.4289	3.24344	11.0765	200
3400	14.3902	3.24636	11.1455	200
3401	14.4091	3.24708	11.2135	200
3402	14.4892	3.24827	11.2817	200
3403	7.53013	3.26925	11.2036	200
3404	7.58383	3.28385	11.1282	200
3405	7.66131	3.29147	11.0559	200
3406	7.45357	3.30443	10.9809	200
3407	7.40081	3.31591	10.9063	200
3408	7.58017	3.31634	10.837	200
3409	7.53342	3.3158	10.7682	200
3410	7.49359	3.31409	10.7	200
3411	8.1844	3.28081	10.6475	200
3412	8.26546	3.24337	10.5979	200
3413	8.19159	3.20849	10.5478	200
3414	8.15028	3.1747	10.4978	200
3415	8.28279	3.13471	10.4517	200
3416	8.16376	3.09943	10.404	200
3417	8.19483	3.06234	10.358	200
3418	8.31036	3.02006	10.3153	200
3419	8.20829	2.98201	10.2714	200
3420	8.25125	2.94194	10.2294	200
3421	8.24815	2.90191	10.1881	200
3422	8.27864	2.86055	10.1483	200
3423	8.34156	2.81664	10.1107	200
3424	8.9619	2.74715	10.0867	200
3425	8.90856	2.69111	10.0657	200
3426	8.90695	2.63638	10.045	200
3427	8.96288	2.58087	10.0257	200
3428	8.86467	2.53016	10.0049	200
3429	8.9664	2.47689	9.98639	200
3430	8.90072	2.4272	9.96701	200
3431	8.86379	2.37992	9.9473	200
3432	8.97157	2.32977	9.92988	200
3433	8.91594	2.28277	9.91177	200
3434	8.95381	2.23546	9.89467	200
3435	8.88239	2.19177	9.87659	200
3436	8.84735	2.15025	9.85821	200
3437	8.87838	2.10845	9.84071	200
3438	9.59909	2.04178	9.8364	200
3439	9.69984	1.97374	9.83396	200
3440	9.60326	1.91148	9.82984	200
3441	9.56922	1.85252	9.82518	200
3442	9.64238	1.79289	9.82192	200
3443	9.57416	1.73771	9.81749	200
3444	9.56192	1.68477	9.81293	200
3445	9.57502	1.6331	9.80868	200
3446	9.62809	1.58122	9.80546	200
3447	9.58307	1.53269	9.80148	200
3448	9.57571	1.48602	9.79745	200
3449	9.7453	1.43481	9.79652	200
3450	9.57719	1.3914	9.7926	200
3451	9.69671	1.34513	9.79089	200
3452	10.2914	1.31496	9.79983	200
3453	10.2924	1.28926	9.80752	200
3454	10.2158	1.26173	9.8139	200
3455	10.2893	1.23716	9.82133	200
3456	10.3252	1.21424	9.8292	200
3457	10.3109	1.19135	9.83673	200
3458	10.3456	1.17002	9.84468	200
3459	10.2739	1.14687	9.85139	200
3460	10.3081	1.1253	9.85852	200
3461	10.272	1.10306	9.86498	200
3462	10.3436	1.08354	9.87246	200
3463	10.3222	1.06374	9.87948	200
3464	10.1673	1.03949	9.88398	200
3465	10.3144	1.02045	9.89071	200
3466	10.2527	0.999877	9.89636	200
3467	10.3479	0.982742	9.90342	200
3468	11.0089	0.986576	9.92069	200
3469	11.0048	0.989624	9.93763	200
3470	10.9797	0.991263	9.95391	200
3471	11.0523	0.99461	9.97107	200
3472	11.0946	0.998639	9.98863	200
3473	10.9618	0.997844	10.0038	200
3474	10.9536	0.99634	10.0187	200
3475	11.0089	0.996149	10.0341	200
3476	11.0326	0.996219	10.0497	200
3477	11.0293	0.995699	10.065	200
3478	11.0419	0.995109	10.0803	200
3479	10.9934	0.99218	10.0966	200
3480	11.0329	0.990182	10.1133	200
3481	11.0069	0.986154	10.1319	200
3482	11.0963	0.985243	10.152	200
3483	11.042	0.980479	10.1743	200
3484	11.0292	0.9742	10.1957	200
3485	11.7407	1.00988	10.2439	200
3486	11.7107	1.03843	10.2898	200
3487	11.6727	1.05997	10.333	200
3488	11.6421	1.07554	10.3739	200
3489	11.5462	1.08038	10.4032	200
3490	11.6794	1.09017	10.4351	200
3491	11.6616	1.09698	10.4658	200
3492	11.7625	1.10697	10.4982	200
3493	11.7874	1.11608	10.5304	200
3494	6.17361	1.27812	10.4215	200
3495	6.14418	1.42808	10.3146	200
3496	6.19966	1.56242	10.2117	200
3497	6.17165	1.6863	10.1107	200
3498	6.91423	1.78069	10.0108	200
3499	6.94663	1.8609	9.91505	200
3500	6.87049	1.95954	9.78819	200
3501	6.96086	2.03186	9.67039	200
3502	6.77067	2.10418	9.54957	200
3503	6.77286	2.16022	9.43387	200
3504	6.872	2.19369	9.32713	200
3505	6.84458	2.21776	9.22368	200
3506	6.90208	2.22642	9.12695	200
3507	4.10251	2.45958	8.9176	200
3508	4.14493	2.65234	8.71874	200
3509	4.11675	2.81481	8.52699	200
3510	4.08581	2.95034	8.34194	200
3511	4.12695	3.05573	8.16631	200
3512	4.20537	3.13116	8.00127	200
3513	4.74634	3.14147	7.86565	200
3514	4.70286	3.14281	7.76681	200
3515	4.85265	3.12852	7.67574	200
3516	4.79578	3.11298	7.58575	200
3517	4.83526	3.09032	7.49979	200
3518	4.84904	3.06285	7.41696	200
3519	4.65841	3.04383	7.33075	200
3520	4.80512	3.01144	7.25182	200
3521	5.48374	2.93373	7.19657	200
3522	5.46579	2.85855	7.14248	200
3523	5.37086	2.79061	7.08712	200
3524	5.4443	2.71888	7.03578	200
3525	5.39513	2.65149	6.98451	200
3526	5.45851	2.58114	6.93682	200
3527	5.47804	2.511	6.89123	200
3528	5.52867	2.43922	6.84865	200
3529	5.54855	2.36802	6.80802	200
3530	6.24553	2.25518	6.79045	200
3531	6.26592	2.16865	6.77733	200
3532	6.20657	2.08875	6.76306	200
3533	6.14823	2.01505	6.74769	200
3534	6.16089	1.94364	6.73302	200
3535	6.14492	1.87586	6.71832	200
3536	6.17687	1.80914	6.70478	200
3537	6.2859	1.73963	6.69431	200
3538	6.30821	1.67195	6.68466	200
3539	6.29793	1.60769	6.67499	200
3540	6.98182	1.54265	6.68266	200
3541	6.96873	1.47982	6.68981	200
3542	7.0137	1.42202	6.6979	200
3543	7.04252	1.36815	6.70652	200
3544	7.01661	1.31525	6.71427	200
3545	7.07631	1.26758	6.72332	200
3546	7.04316	1.2202	6.73132	200
3547	6.88831	1.16704	6.73524	200
3548	6.85114	1.11448	6.73814	200
3549	6.81704	1.0627	6.74011	200
3550	6.84179	1.01465	6.74265	200
3551	7.5154	1.00255	6.76197	200
3552	7.55666	0.993892	6.77852	200
3553	7.62284	0.987659	6.79611	200
3554	7.52193	0.976748	6.81123	200
3555	7.60606	0.969168	6.82779	200
3556	7.49443	0.956562	6.84168	200
3557	7.54024	0.945812	6.85623	200
3558	7.51604	0.933895	6.86998	200
3559	7.55878	0.923682	6.88433	200
3560	7.54735	0.910649	6.9009	200
3561	7.54424	0.897283	6.91699	200
3562	7.64517	0.886714	6.93974	200
3563	8.30499	0.916622	6.9824	200
3564	8.20505	0.942124	7.03335	200
3565	8.1378	0.955651	7.07937	200
3566	8.26491	0.974808	7.12876	200
3567	8.22579	0.984992	7.17447	200
3568	8.23441	0.991237	7.21864	200
3569	8.2346	0.993297	7.26097	200
3570	8.26619	0.99429	7.30285	200
3571	4.82493	1.11793	7.1996	200
3572	4.86551	1.19393	7.12666	200
3573	4.81325	1.2639	7.05437	200
3574	4.82016	1.32455	6.98455	200
3575	4.81458	1.37738	6.91674	200
3576	4.80152	1.4235	6.85064	200
3577	4.85926	1.45899	6.78841	200
3578	4.81965	1.49085	6.72688	200
3579	5.54065	1.47181	6.68981	200
3580	5.45329	1.45711	6.65117	200
3581	5.46029	1.44047	6.61395	200
3582	5.44293	1.42362	6.57736	200
3583	5.47761	1.40338	6.54299	200
3584	5.49131	1.3814	6.51013	200
3585	5.43034	1.36255	6.47638	200
3586	5.4824	1.33951	6.44532	200
3587	6.16332	1.27342	6.43651	200
3588	6.11734	1.22571	6.42853	200
3589	6.20847	1.17542	6.42302	200
3590	6.17304	1.12915	6.41677	200
3591	6.16717	1.08517	6.41053	200
3592	6.17727	1.04258	6.4047	200
3593	6.19748	1.00081	6.39952	200
3594	6.15184	0.963151	6.39333	200
3595	6.15744	0.926787	6.38743	200
3596	6.17472	0.891082	6.38211	200
3597	7.21779	0.888311	6.403	200
3598	7.03378	0.875434	6.41877	200
3599	7.02187	0.861817	6.43385	200
3600	7.08264	0.851165	6.45007	200
3601	7.09366	0.840786	6.46616	200
3602	7.04052	0.827464	6.48052	200
3603	7.04346	0.814237	6.49459	200
3604	7.04934	0.801262	6.50846	200
3605	7.06247	0.788899	6.52231	200
3606	7.03601	0.775138	6.53515	200
3607	6.7898	0.749113	6.54152	200
3608	7.39589	0.754375	6.56288	200
3609	7.56074	0.76452	6.58366	200
3610	7.57457	0.773952	6.60431	200
3611	7.53003	0.780275	6.62359	200
3612	7.52517	0.785329	6.64237	200
3613	7.57754	0.791572	6.66186	200
3614	7.55491	0.7958	6.68046	200
3615	7.57525	0.799924	6.6991	200
3616	7.60855	0.804487	6.71805	200
3617	7.57978	0.806872	6.736	200
3618	7.48935	0.804641	6.75169	200
3619	7.52776	0.80345	6.76786	200
3620	8.24789	0.83164	6.79869	200
3621	8.25747	0.85777	6.82909	200
3622	8.19819	0.879075	6.85761	200
3623	8.26384	0.901039	6.8869	200
3624	8.30036	0.922389	6.91635	200
3625	8.26274	0.940055	6.9444	200
3626	8.23318	0.954585	6.97125	200
3627	8.24382	0.967834	6.99776	200
3628	8.13665	0.974961	7.02149	200
3629	8.23182	0.984768	7.0467	200
3630	8.23794	0.99337	7.07152	200
3631	8.27063	1.00194	7.0965	200
3632	8.22651	1.00728	7.12004	200
3633	8.93664	1.041	7.15789	200
3634	8.90691	1.06628	7.18912	200
3635	8.934	1.09052	7.22027	200
3636	8.89373	1.11134	7.25016	200
3637	8.86044	1.12916	7.27891	200
3638	8.87638	1.14588	7.30744	200
3639	8.91635	1.16242	7.33617	200
3640	8.93821	1.17812	7.36478	200
3641	8.9227	1.19168	7.3926	200
3642	8.99022	1.20618	7.42112	200
3643	8.96526	1.21825	7.4487	200
3644	8.90328	1.22669	7.47467	200
3645	8.89356	1.23355	7.50001	200
3646	8.88305	1.23889	7.5247	200
3647	9.55139	1.26703	7.5609	200
3648	9.62405	1.29546	7.59774	200
3649	9.62273	1.32151	7.6339	200
3650	9.6892	1.34772	7.6706	200
3651	9.6529	1.37038	7.70599	200
3652	9.75956	1.39478	7.74266	200
3653	9.70901	1.41519	7.77778	200
3654	9.60177	1.42979	7.81035	200
3655	9.63496	1.44389	7.84293	200
3656	9.57888	1.45432	7.87393	200
3657	9.54368	1.46202	7.90375	200
3658	9.59802	1.47031	7.934	200
3659	9.71922	1.48156	7.96588	200
3660	9.63533	1.48827	7.99569	200
3661	9.62391	1.49327	8.02477	200
3662	10.3162	1.52177	8.06568	200
3663	10.3054	1.54421	8.10068	200
3664	10.3085	1.56495	8.13518	200
3665	10.2129	1.58097	8.16764	200
3666	10.2945	1.59803	8.20087	200
3667	10.2026	1.61065	8.23215	200
3668	10.215	1.62228	8.26313	200
3669	10.3061	1.63542	8.29505	200
3670	10.3	1.64697	8.32638	200
3671	10.2729	1.65633	8.35679	200
3672	10.3167	1.66582	8.38741	200
3673	10.3123	1.67391	8.41749	200
3674	10.1966	1.6772	8.44529	200
3675	10.2976	1.68267	8.47423	200
3676	10.3003	1.68715	8.50276	200
3677	10.2896	1.69026	8.53068	200
3678	11.0109	1.71495	8.56943	200
3679	10.9707	1.7364	8.60695	200
3680	10.9583	1.75561	8.64369	200
3681	10.9864	1.77396	8.68029	200
3682	10.9884	1.79065	8.71636	200
3683	10.9205	1.80357	8.7508	200
3684	11.0113	1.81785	8.78612	200
3685	10.9933	1.83001	8.8206	200
3686	11.0357	1.84205	8.85521	200
3687	10.9763	1.85077	8.88836	200
3688	11.0204	1.85956	8.92167	200
3689	10.999	1.86637	8.95413	200
3690	10.9996	1.87196	8.98609	200
3691	10.9759	1.87565	9.01718	200
3692	11.0501	1.88056	9.04894	200
3693	11.0182	1.88333	9.07971	200
3694	10.9271	1.88221	9.10858	200
3695	11.6433	1.9026	9.14818	200
3696	11.71	1.92091	9.18376	200
3697	11.6879	1.93711	9.21854	200
3698	11.6757	1.95155	9.25267	200
3699	11.6473	1.96386	9.28592	200
3700	11.6824	1.97588	9.31921	200
3701	11.6845	1.98669	9.35206	200
3702	11.6192	1.99448	9.38355	200
3703	11.657	2.00223	9.41512	200
3704	11.6657	2.00913	9.44638	200
3705	11.6339	2.01408	9.47676	200
3706	11.6857	2.0195	9.50744	200
3707	11.6949	2.02416	9.53782	200
3708	11.6599	2.02688	9.56729	200
3709	11.6231	2.02768	9.59584	200
3710	11.6504	2.02843	9.62438	200
3711	11.6823	2.02925	9.65296	200
3712	11.7126	2.03009	9.68157	200
3713	12.3841	2.04877	9.7191	200
3714	12.346	2.06483	9.75558	200
3715	12.3665	2.08	9.79185	200
3716	12.3663	2.09373	9.8276	200
3717	12.3767	2.10638	9.86301	200
3718	12.3995	2.11833	9.89824	200
3719	12.3349	2.12717	9.93208	200
3720	12.396	2.13652	9.9663	200
3721	12.598	2.15028	10.0029	200
3722	12.6647	2.16449	10.0398	200
3723	12.646	2.17676	10.076	200
3724	12.6451	2.18766	10.1117	200
3725	12.6214	2.1966	10.1466	200
3726	12.598	2.20368	10.1806	200
3727	12.6039	2.20978	10.2143	200
3728	12.595	2.21453	10.2473	200
3729	12.6199	2.21892	10.2803	200
3730	12.5698	2.22088	10.3121	200
3731	12.5568	2.22154	10.3433	200
3732	13.2386	2.2426	10.3885	200
3733	13.3104	2.26383	10.4341	200
3734	13.333	2.28651	10.4859	200
3735	13.2824	2.30472	10.5358	200
3736	13.282	2.32311	10.5931	200
3737	13.3057	2.33934	10.6496	200
3738	13.3208	2.35594	10.7163	200
3739	13.3429	2.36947	10.782	200
3740	13.0241	2.3631	10.8381	200
3741	12.9877	2.35242	10.8918	200
3742	13.032	2.34181	10.9453	200
3743	12.9945	2.32718	10.9965	200
3744	13.0126	2.31162	11.0469	200
3745	13.1148	2.29943	11.0986	200
3746	13.0559	2.28232	11.1476	200
3747	13.2538	2.27352	11.2002	200
3748	13.438	2.27173	11.2562	200
3749	7.67554	2.33718	11.1666	200
3750	7.27227	2.41504	11.0693	200
3751	7.03952	2.49577	10.9685	200
3752	6.9847	2.57018	10.8689	200
3753	7.68445	2.60089	10.7893	200
3754	7.78407	2.61774	10.7267	200
3755	7.80588	2.63037	10.6659	200
3756	7.67498	2.64539	10.6036	200
3757	7.7823	2.65272	10.5448	200
3758	7.62345	2.66391	10.4839	200
3759	7.33237	2.68423	10.4183	200
3760	6.88108	2.71977	10.3446	200
3761	7.41969	2.72831	10.2836	200
3762	7.55127	2.72848	10.2267	200
3763	7.55241	2.72622	10.171	200
3764	7.54962	2.72185	10.1164	200
3765	8.27801	2.68504	10.0781	200
3766	8.28206	2.648	10.0407	200
3767	8.18263	2.61508	10.002	200
3768	8.24955	2.57914	9.96545	200
3769	8.22499	2.54419	9.92919	200
3770	8.1289	2.5132	9.89168	200
3771	8.26136	2.47641	9.85772	200
3772	8.26505	2.43959	9.82453	200
3773	8.13761	2.40822	9.78939	200
3774	8.31097	2.36948	9.75859	200
3775	8.27143	2.33272	9.72761	200
3776	8.25438	2.29691	9.69691	200
3777	8.20878	2.26321	9.66591	200
3778	8.87888	2.2017	9.64951	200
3779	8.82925	2.15236	9.63486	200
3780	8.95688	2.0997	9.62276	200
3781	8.94246	2.04901	9.61061	200
3782	8.8739	2.00214	9.59745	200
3783	9.01335	1.9515	9.58702	200
3784	8.92375	1.90549	9.57518	200
3785	8.85275	1.86324	9.56227	200
3786	8.92209	1.81956	9.55084	200
3787	8.81457	1.78087	9.53769	200
3788	8.88867	1.74044	9.5261	200
3789	8.91361	1.70016	9.51517	200
3790	9.06202	1.65562	9.50708	200
3791	8.94658	1.61651	9.49707	200
3792	9.61405	1.56296	9.49915	200
3793	9.62317	1.51156	9.50137	200
3794	9.55416	1.45947	9.50231	200
3795	9.59232	1.41056	9.50392	200
3796	9.61183	1.36403	9.50584	200
3797	9.53115	1.31622	9.50629	200
3798	9.57247	1.27157	9.50748	200
3799	9.67725	1.23222	9.51051	200
3800	9.64158	1.1929	9.51285	200
3801	9.63075	1.1545	9.51495	200
3802	9.61622	1.11689	9.51676	200
3803	9.6046	1.08014	9.51833	200
3804	9.47458	1.04312	9.51755	200
3805	9.62546	1.00972	9.51947	200
3806	9.60348	0.97666	9.52097	200
3807	10.2946	0.969407	9.53479	200
3808	10.5477	0.970766	9.55061	200
3809	10.5248	0.970873	9.56583	200
3810	10.5905	0.972553	9.58184	200
3811	10.5209	0.971506	9.59652	200
3812	10.5598	0.971249	9.61157	200
3813	10.5305	0.969614	9.62593	200
3814	10.4832	0.966103	9.63932	200
3815	10.5412	0.964095	9.65341	200
3816	10.7582	0.968491	9.67067	200
3817	10.8115	0.973877	9.6885	200
3818	10.6348	0.973015	9.70328	200
3819	10.5374	0.968675	9.71632	200
3820	10.5149	0.963359	9.72879	200
3821	10.5816	0.959903	9.74212	200
3822	10.613	0.95712	9.75572	200
3823	11.2096	0.972642	9.77844	200
3824	10.9766	0.979689	9.79716	200
3825	11.0641	0.988665	9.81696	200
3826	10.9965	0.994629	9.83539	200
3827	11.1103	1.00339	9.85531	200
3828	11.0376	1.00898	9.87378	200
3829	11.0595	1.0145	9.89231	200
3830	10.9729	1.01656	9.90919	200
3831	10.9419	1.01707	9.92532	200
3832	10.745	1.0109	9.93813	200
3833	10.7421	1.00443	9.95069	200
3834	10.8803	1.00176	9.96729	200
3835	11.0981	1.00637	9.98749	200
3836	11.0152	1.00726	10.0089	200
3837	10.971	1.00537	10.0289	200
3838	10.9151	0.999415	10.0511	200
3839	11.0293	0.998355	10.0755	200
3840	11.6857	1.03659	10.1259	200
3841	11.6697	1.0683	10.1741	200
3842	11.728	1.09865	10.2227	200
3843	11.6626	1.11998	10.2677	200
3844	11.7217	1.13668	10.304	200
3845	11.6016	1.14472	10.3365	200
3846	11.6602	1.15367	10.3696	200
3847	11.6818	1.1616	10.4024	200
3848	11.6602	1.16642	10.4338	200
3849	6.28391	1.31559	10.3301	200
3850	6.12568	1.46003	10.2249	200
3851	6.0394	1.59631	10.1203	200
3852	6.11505	1.71675	10.0202	200
3853	6.80607	1.79162	9.93982	200
3854	6.72189	1.86293	9.85937	200
3855	6.88599	1.91846	9.78504	200
3856	6.86307	1.96863	9.71199	200
3857	6.92297	2.00965	9.64226	200
3858	6.93452	2.04455	9.57457	200
3859	6.78548	2.08178	9.50484	200
3860	6.94853	2.10551	9.44093	200
3861	6.92838	2.12586	9.37812	200
3862	6.9491	2.14102	9.31739	200
3863	6.98536	2.15057	9.25909	200
3864	7.57923	2.12703	9.21709	200
3865	7.63119	2.10448	9.18405	200
3866	7.67009	2.07988	9.15251	200
3867	7.49317	2.06235	9.11794	200
3868	7.60069	2.03964	9.08633	200
3869	7.6872	2.01295	9.05718	200
3870	7.50417	1.99379	9.02483	200
3871	7.4939	1.9745	8.99293	200
3872	7.53256	1.95308	8.96251	200
3873	7.4642	1.93413	8.93129	200
3874	7.40917	1.91696	8.89958	200
3875	7.51735	1.89468	8.87078	200
3876	8.15571	1.84553	8.85589	200
3877	8.15064	1.79802	8.84119	200
3878	8.10576	1.75374	8.82587	200
3879	8.25646	1.7044	8.81401	200
3880	8.16633	1.66037	8.80052	200
3881	7.97859	1.62543	8.78339	200
3882	8.33429	1.57642	8.77403	200
3883	8.19022	1.53506	8.76187	200
3884	8.19831	1.49458	8.75013	200
3885	8.20472	1.45503	8.73877	200
3886	8.26137	1.41429	8.72882	200
3887	8.22437	1.37638	8.71831	200
3888	8.34138	1.33474	8.71046	200
3889	9.00552	1.29142	8.7166	200
3890	8.93071	1.25294	8.72043	200
3891	8.92518	1.21551	8.72408	200
3892	8.94988	1.18016	8.72812	200
3893	8.86758	1.14299	8.73061	200
3894	8.93068	1.10932	8.73418	200
3895	8.83465	1.07329	8.73597	200
3896	9.24091	1.05299	8.74499	200
3897	9.21562	1.03219	8.75339	200
3898	9.13926	1.0091	8.76028	200
3899	9.09663	0.985078	8.76629	200
3900	9.15073	0.963626	8.77315	200
3901	9.0823	0.940251	8.77867	200
3902	9.06727	0.916977	8.78383	200
3903	9.77434	0.919603	8.80151	200
3904	9.8223	0.923216	8.81974	200
3905	9.88924	0.92844	8.83884	200
3906	9.81122	0.930009	8.8562	200
3907	9.85199	0.932358	8.87398	200
3908	9.83677	0.933444	8.89118	200
3909	9.90736	0.936398	8.90932	200
3910	9.54655	0.925713	8.9207	200
3911	9.55527	0.915315	8.93203	200
3912	9.63439	0.907709	8.94457	200
3913	9.61599	0.89927	8.95656	200
3914	9.75442	0.895648	8.97081	200
3915	9.68792	0.889271	8.98361	200
3916	9.66007	0.880403	8.99771	200
3917	9.70637	0.873247	9.01247	200
3918	10.383	0.89811	9.04673	200
3919	10.3155	0.91664	9.07845	200
3920	10.2626	0.933358	9.11545	200
3921	10.3771	0.953877	9.15488	200
3922	10.3526	0.969119	9.19231	200
3923	10.5055	0.990623	9.23335	200
3924	10.2465	0.99203	9.26501	200
3925	10.3645	0.998748	9.29937	200
3926	10.2794	0.99758	9.32999	200
3927	10.2882	0.995118	9.35994	200
3928	10.3421	0.994308	9.39063	200
3929	5.44254	1.17892	9.26725	200
3930	5.44956	1.34384	9.14795	200
3931	5.31905	1.49916	9.02829	200
3932	5.67993	1.61473	8.92366	200
3933	5.55021	1.72465	8.81824	200
3934	6.1574	1.77146	8.75172	200
3935	6.17528	1.81171	8.6873	200
3936	6.16378	1.8473	8.62421	200
3937	6.13789	1.87925	8.56206	200
3938	6.15252	1.90576	8.50182	200
3939	6.13251	1.92894	8.44258	200
3940	6.16538	1.94635	8.38565	200
3941	6.0747	1.96458	8.32788	200
3942	6.01403	1.98205	8.27003	200
3943	6.78866	1.95701	8.233	200
3944	6.85247	1.92819	8.19848	200
3945	6.83296	1.90005	8.16435	200
3946	6.91279	1.86763	8.13306	200
3947	6.86006	1.8379	8.10123	200
3948	6.81971	1.81008	8.06919	200
3949	6.90316	1.77787	8.04004	200
3950	6.82126	1.74992	8.00957	200
3951	6.77022	1.72439	7.97859	200
3952	6.87397	1.6934	7.95097	200
3953	6.8314	1.66471	7.92298	200
3954	7.47868	1.60369	7.91187	200
3955	7.51357	1.55346	7.90358	200
3956	7.56312	1.50292	7.89648	200
3957	7.51185	1.45632	7.88847	200
3958	7.57859	1.40855	7.88201	200
3959	7.56188	1.3632	7.87534	200
3960	7.53609	1.32054	7.86827	200
3961	7.54148	1.27913	7.86146	200
3962	7.54396	1.23906	7.85485	200
3963	7.53586	1.20073	7.8482	200
3964	7.48939	1.16565	7.84073	200
3965	7.53369	1.12987	7.83433	200
3966	8.27671	1.10122	7.84355	200
3967	8.22811	1.07136	7.85156	200
3968	8.23804	1.04283	7.85961	200
3969	8.24246	1.01533	7.86759	200
3970	8.26682	0.989655	7.8759	200
3971	8.27689	0.965127	7.88425	200
3972	8.22143	0.938962	7.89128	200
3973	8.22286	0.913654	7.89819	200
3974	8.27581	0.891319	7.90605	200
3975	8.32377	0.871585	7.91476	200
3976	8.25086	0.849273	7.92176	200
3977	8.22332	0.826451	7.92804	200
3978	8.17192	0.802177	7.93312	200
3979	8.89115	0.80867	7.95308	200
3980	8.90266	0.813702	7.97003	200
3981	8.92435	0.818723	7.98707	200
3982	8.88264	0.821467	8.00307	200
3983	8.86089	0.822765	8.01838	200
3984	8.92003	0.825582	8.03448	200
3985	8.93991	0.828433	8.05065	200
3986	8.94352	0.830734	8.0666	200
3987	8.89319	0.830586	8.08136	200
3988	8.84991	0.82837	8.09508	200
3989	8.99145	0.830798	8.11109	200
3990	8.94707	0.831014	8.1285	200
3991	8.93083	0.829818	8.14522	200
3992	9.09974	0.836053	8.16908	200
3993	9.66434	0.869013	8.20646	200
3994	9.65328	0.905125	8.25167	200
3995	9.63325	0.934903	8.29485	200
3996	9.664	0.962043	8.33763	200
3997	9.62625	0.982454	8.3779	200
3998	9.65827	1.00107	8.41791	200
3999	9.57925	1.01109	8.4542	200
4000	9.60852	1.02004	8.49028	200
4001	9.67589	1.03039	8.52733	200
4002	9.65195	1.03628	8.56247	200
4003	5.4876	1.16369	8.46638	200
4004	5.49969	1.27638	8.37367	200
4005	5.4908	1.37678	8.28358	200
4006	5.44684	1.46803	8.19493	200
4007	5.4887	1.54542	8.11036	200
4008	5.53115	1.61003	8.02976	200
4009	5.44528	1.67093	7.949	200
4010	5.73342	1.70497	7.87976	200
4011	6.15528	1.70619	7.82587	200
4012	6.25772	1.69929	7.78666	200
4013	6.11635	1.69784	7.74491	200
4014	6.16665	1.69186	7.70545	200
4015	6.15083	1.68499	7.66658	200
4016	6.17253	1.67545	7.62923	200
4017	6.17066	1.6646	7.59277	200
4018	6.17019	1.6525	7.5572	200
4019	5.89662	1.6529	7.51569	200
4020	6.16311	1.63789	7.48187	200
4021	6.85751	1.58721	7.46626	200
4022	6.78808	1.54176	7.44931	200
4023	6.92727	1.49077	7.43626	200
4024	6.88184	1.44395	7.42239	200
4025	6.8759	1.39908	7.40873	200
4026	6.8835	1.35539	7.3956	200
4027	6.85447	1.31468	7.38207	200
4028	6.86113	1.27499	7.36905	200
4029	6.8678	1.2363	7.35651	200
4030	6.94698	1.19496	7.34628	200
4031	6.86238	1.15941	7.33418	200
4032	7.58392	1.11392	7.34042	200
4033	7.59849	1.07826	7.3458	200
4034	7.51575	1.04042	7.34934	200
4035	7.53563	1.00483	7.35322	200
4036	7.63262	0.974601	7.35904	200
4037	7.5959	0.943862	7.36397	200
4038	7.52707	0.91133	7.36737	200
4039	7.61906	0.883845	7.37261	200
4040	7.55037	0.854424	7.37631	200
4041	7.52431	0.824989	7.3794	200
4042	7.53107	0.796934	7.38256	200
4043	7.5619	0.771201	7.38629	200
4044	8.21036	0.773403	7.40346	200
4045	8.2216	0.775267	7.42051	200
4046	8.41363	0.784344	7.44119	200
4047	8.26078	0.785812	7.45827	200
4048	8.17772	0.783046	7.47326	200
4049	8.25351	0.782929	7.48951	200
4050	8.23335	0.7813	7.50501	200
4051	8.18879	0.777236	7.51925	200
4052	8.24183	0.774958	7.53431	200
4053	8.20591	0.770651	7.5483	200
4054	8.26627	0.768456	7.56325	200
4055	8.27658	0.766159	7.57812	200
4056	8.20907	0.759398	7.59389	200
4057	8.97623	0.790545	7.62845	200
4058	8.91709	0.821676	7.66872	200
4059	8.7574	0.838363	7.70274	200
4060	8.9211	0.870029	7.7535	200
4061	8.89532	0.892677	7.80108	200
4062	8.91587	0.911186	7.84753	200
4063	8.93747	0.922358	7.88159	200
4064	8.92651	0.930018	7.91424	200
4065	8.91339	0.934338	7.94546	200
4066	8.93926	0.938054	7.97652	200
4067	4.76076	1.08041	7.87602	200
4068	4.81037	1.20449	7.78022	200
4069	4.7531	1.3184	7.68562	200
4070	5.42803	1.3771	7.61507	200
4071	5.4564	1.42595	7.54762	200
4072	5.50406	1.46455	7.48375	200
4073	5.6004	1.49072	7.4249	200
4074	5.44953	1.52101	7.36317	200
4075	5.48722	1.5432	7.30454	200
4076	5.49341	1.55994	7.24794	200
4077	5.48986	1.57233	7.193	200
4078	5.51986	1.57863	7.14072	200
4079	6.22681	1.53708	7.11216	200
4080	6.17025	1.50732	7.08861	200
4081	6.147	1.47904	7.06507	200
4082	6.11184	1.45275	7.04124	200
4083	6.21282	1.42153	7.02053	200
4084	6.21213	1.39087	7.00032	200
4085	6.18395	1.36215	6.97991	200
4086	6.15891	1.33509	6.95938	200
4087	6.14848	1.30888	6.93911	200
4088	6.17434	1.28167	6.91999	200
4089	6.89527	1.21882	6.91937	200
4090	6.93249	1.15854	6.9197	200
4091	6.99238	1.10425	6.92151	200
4092	7.02676	1.04181	6.9248	200
4093	6.97089	0.979575	6.92624	200
4094	6.94686	0.899661	6.9271	200
4095	6.98623	0.829616	6.92956	200
4096	6.91487	0.761706	6.92895	200
4097	6.94543	0.699604	6.92964	200
4098	6.89813	0.643928	6.92832	200
4099	6.89906	0.592706	6.9271	200
4100	7.52809	0.593396	6.95214	200
4101	4.06643	0.784422	6.83191	200
4102	4.09518	0.947113	6.71788	200
4103	4.11096	1.08543	6.60925	200
4104	4.10029	1.20406	6.50471	200
4105	4.04393	1.30878	6.40218	200
4106	4.69206	1.34223	6.33092	200
4107	4.78499	1.35496	6.28261	200
4108	4.75289	1.36588	6.23481	200
4109	4.79709	1.37037	6.18988	200
4110	4.77197	1.37334	6.14557	200
4111	4.84033	1.36909	6.10478	200
4112	4.74431	1.36855	6.06227	200
4113	4.81737	1.36082	6.02336	200
4114	5.51546	1.30751	6.00749	200
4115	5.45701	1.26019	5.99029	200
4116	5.60282	1.20565	5.97818	200
4117	5.72737	1.14597	5.97034	200
4118	5.70348	1.09103	5.962	200
4119	5.66053	1.04168	5.95258	200
4120	5.76316	0.988411	5.94666	200
4121	5.69497	0.942365	5.93879	200
4122	5.6955	0.898673	5.93119	200
4123	6.41927	0.878143	5.94339	200
4124	6.72252	0.873192	5.96287	200
4125	6.42768	0.852772	5.97449	200
4126	6.32698	0.827757	5.9833	200
4127	6.33041	0.803724	5.99198	200
4128	6.31872	0.779875	6.00015	200
4129	6.32877	0.757312	6.00836	200
4130	6.3362	0.735838	6.01656	200
4131	6.35071	0.715753	6.02491	200
4132	7.03081	0.73026	6.05006	200
4133	7.01603	0.742045	6.07421	200
4134	6.75586	0.739025	6.09125	200
4135	6.90032	0.742527	6.11147	200
4136	6.92805	0.746229	6.13189	200
4137	6.94237	0.749441	6.15215	200
4138	6.86121	0.747422	6.16987	200
4139	6.84024	0.743569	6.18663	200
4140	6.8881	0.741463	6.20417	200
4141	6.9385	0.741106	6.22253	200
4142	6.83699	0.734773	6.23789	200
4143	7.61308	0.766793	6.27227	200
4144	7.60324	0.7903	6.3	200
4145	7.49833	0.807301	6.32496	200
4146	7.5431	0.824419	6.35034	200
4147	7.4901	0.837558	6.37408	200
4148	7.53013	0.850828	6.39817	200
4149	7.57617	0.86446	6.42271	200
4150	7.61786	0.878238	6.44761	200
4151	7.56224	0.888087	6.47083	200
4152	7.53035	0.89523	6.4929	200
4153	7.60691	0.904345	6.51611	200
4154	7.46461	0.906184	6.53587	200
4155	8.19008	0.937352	6.57033	200
4156	8.18169	0.965435	6.6039	200
4157	8.21717	0.992428	6.63751	200
4158	8.21113	1.01664	6.67029	200
4159	8.17295	1.03689	6.7016	200
4160	8.19007	1.05571	6.73261	200
4161	8.24159	1.0746	6.76404	200
4162	8.20906	1.09003	6.79415	200
4163	8.238	1.10477	6.82423	200
4164	8.2272	1.1172	6.85345	200
4165	8.1937	1.12649	6.88138	200
4166	8.2338	1.1359	6.90955	200
4167	8.2489	1.14438	6.93745	200
4168	8.908	1.1788	6.97851	200
4169	8.93721	1.20666	7.01348	200
4170	9.00027	1.23452	7.04896	200
4171	8.89974	1.25652	7.08201	200
4172	9.02231	1.28095	7.11666	200
4173	8.90895	1.29921	7.14866	200
4174	8.92496	1.31625	7.18038	200
4175	8.88313	1.33005	7.21079	200
4176	8.94952	1.34464	7.24184	200
4177	8.90409	1.35599	7.27152	200
4178	8.94894	1.36746	7.30147	200
4179	8.93266	1.37688	7.3306	200
4180	8.93099	1.38487	7.35918	200
4181	8.98678	1.39353	7.38824	200
4182	9.63346	1.42395	7.42833	200
4183	9.56793	1.44951	7.46654	200
4184	9.60929	1.47427	7.5048	200
4185	9.62546	1.49735	7.54267	200
4186	9.80968	1.52484	7.58315	200
4187	9.62418	1.54327	7.6196	200
4188	9.61853	1.55955	7.65529	200
4189	9.62295	1.57412	7.69043	200
4190	9.55948	1.58465	7.72381	200
4191	9.66288	1.59731	7.75843	200
4192	9.60014	1.60749	7.7968	200
4193	9.62711	1.61678	7.83493	200
4194	9.58179	1.62328	7.8786	200
4195	9.54215	1.62529	7.92019	200
4196	9.5765	1.62723	7.97195	200
4197	10.3201	1.67229	8.04533	200
4198	10.3231	1.71013	8.11651	200
4199	10.2725	1.73799	8.18388	200
4200	10.3504	1.76477	8.25158	200
4201	10.0655	1.76785	8.30827	200
4202	10.3168	1.78289	8.37104	200
4203	10.3267	1.79369	8.43215	200
4204	10.3353	1.80053	8.49163	200
4205	5.46056	1.87744	8.3969	200
4206	5.51733	1.94007	8.30692	200
4207	5.51232	1.99348	8.21959	200
4208	5.50638	2.03846	8.1348	200
4209	6.17267	2.03369	8.07348	200
4210	6.17698	2.02683	8.02607	200
4211	6.14424	2.01958	7.97902	200
4212	6.08543	2.01328	7.93168	200
4213	6.12393	2.003	7.88649	200
4214	6.16089	1.98913	7.84335	200
4215	6.10479	1.9766	7.79988	200
4216	6.11338	1.9621	7.75772	200
4217	6.08219	1.94777	7.71583	200
4218	6.12964	1.92969	7.67617	200
4219	6.80228	1.8769	7.65433	200
4220	6.8067	1.82543	7.63314	200
4221	6.80049	1.7758	7.61232	200
4222	6.87758	1.72374	7.59395	200
4223	6.85292	1.67461	7.57542	200
4224	6.87662	1.62582	7.55795	200
4225	6.87995	1.57842	7.541	200
4226	6.86513	1.5333	7.5241	200
4227	6.86687	1.48949	7.50767	200
4228	6.87323	1.44674	7.49181	200
4229	6.92391	1.4028	7.47761	200
4230	7.5304	1.3353	7.47893	200
4231	7.61032	1.28513	7.48167	200
4232	7.57902	1.23564	7.4837	200
4233	7.55842	1.18727	7.48525	200
4234	7.5795	1.14173	7.48722	200
4235	7.5392	1.09632	7.4883	200
4236	7.66136	1.05785	7.49191	200
4237	7.55754	1.01651	7.49327	200
4238	7.53466	0.975878	7.49413	200
4239	7.49721	0.935344	7.4942	200
4240	7.50827	0.896957	7.49449	200
4241	7.66277	0.866595	7.498	200
4242	8.22738	0.860878	7.51319	200
4243	8.21302	0.854167	7.52777	200
4244	8.23566	0.848072	7.54252	200
4245	8.21556	0.840778	7.55654	200
4246	8.30133	0.836778	7.57205	200
4247	8.32509	0.833288	7.58774	200
4248	8.13613	0.821417	7.59917	200
4249	8.2718	0.815217	7.61318	200
4250	8.30951	0.810263	7.62768	200
4251	8.24333	0.802153	7.64051	200
4252	8.22675	0.793156	7.65272	200
4253	8.11781	0.779486	7.66241	200
4254	8.24235	0.771171	7.67449	200
4255	8.91742	0.790827	7.70039	200
4256	8.93092	0.80653	7.72236	200
4257	8.90206	0.819857	7.74343	200
4258	8.98289	0.834843	7.76556	200
4259	8.91301	0.846007	7.78605	200
4260	8.8222	0.852797	7.80455	200
4261	8.91761	0.862092	7.82443	200
4262	8.87608	0.868862	7.84321	200
4263	8.87773	0.874778	7.86168	200
4264	8.91589	0.882254	7.88364	200
4265	8.95905	0.890302	7.90605	200
4266	8.92529	0.896749	7.93153	200
4267	8.93749	0.902209	7.95668	200
4268	8.93734	0.907112	7.98732	200
4269	9.65992	0.954954	8.03959	200
4270	9.61861	0.993957	8.08893	200
4271	9.62836	1.02805	8.13704	200
4272	9.54979	1.05209	8.18119	200
4273	9.58652	1.07417	8.2251	200
4274	9.64974	1.09607	8.26962	200
4275	9.64014	1.11322	8.31245	200
4276	9.6265	1.12577	8.35352	200
4277	5.49408	1.23413	8.26416	200
4278	5.47656	1.33122	8.17704	200
4279	5.56108	1.41152	8.0953	200
4280	5.53992	1.48301	8.01544	200
4281	5.47282	1.54923	7.93598	200
4282	5.49922	1.6047	7.85983	200
4283	5.53621	1.64963	7.78722	200
4284	5.53565	1.68725	7.71686	200
4285	5.49959	1.72038	7.64757	200
4286	5.54006	1.74457	7.58171	200
4287	6.23198	1.72483	7.54796	200
4288	6.14846	1.70856	7.51298	200
4289	6.19409	1.68908	7.48	200
4290	6.23977	1.66664	7.449	200
4291	6.19879	1.64582	7.41774	200
4292	6.16274	1.62627	7.38636	200
4293	6.17469	1.60554	7.35607	200
4294	6.38929	1.5736	7.3319	200
4295	6.19305	1.55187	7.30343	200
4296	6.86866	1.49601	7.29256	200
4297	6.87833	1.44192	7.28221	200
4298	6.96173	1.38585	7.27419	200
4299	6.86617	1.33696	7.26399	200
4300	6.86646	1.28998	7.25405	200
4301	6.87392	1.24449	7.24455	200
4302	6.93771	1.19761	7.23688	200
4303	6.85572	1.15679	7.22735	200
4304	6.66217	1.12721	7.21322	200
4305	6.93401	1.08481	7.20624	200
4306	6.89384	1.04618	7.19843	200
4307	7.53605	1.01076	7.20687	200
4308	7.60385	0.985181	7.21514	200
4309	7.4595	0.954313	7.22023	200
4310	7.57287	0.929243	7.22757	200
4311	7.51868	0.902653	7.23364	200
4312	7.5236	0.877124	7.23968	200
4313	7.4725	0.850278	7.24453	200
4314	7.57453	0.828599	7.2514	200
4315	7.58517	0.807981	7.25835	200
4316	7.4879	0.783879	7.26314	200
4317	7.6653	0.767974	7.27151	200
4318	7.6023	0.749757	7.27841	200
4319	8.25942	0.759392	7.29884	200
4320	8.18849	0.764819	7.31738	200
4321	8.31297	0.774434	7.33812	200
4322	8.25584	0.780404	7.35724	200
4323	8.21874	0.783783	7.37518	200
4324	8.2742	0.788584	7.39391	200
4325	8.26667	0.792091	7.41209	200
4326	8.2587	0.794362	7.42973	200
4327	8.3469	0.799479	7.44884	200
4328	8.2395	0.799111	7.46531	200
4329	8.23434	0.797857	7.48133	200
4330	8.31627	0.799402	7.49873	200
4331	8.32544	0.800539	7.51595	200
4332	9.02388	0.830013	7.54736	200
4333	9.04602	0.853893	7.57413	200
4334	8.96685	0.873137	7.599	200
4335	8.94739	0.89011	7.62307	200
4336	9.0361	0.908785	7.6483	200
4337	9.01153	0.925015	7.67265	200
4338	8.97364	0.938442	7.69588	200
4339	9.01219	0.951937	7.71938	200
4340	8.92269	0.960914	7.74087	200
4341	8.99066	0.97123	7.76319	200
4342	8.8842	0.976579	7.78321	200
4343	8.86436	0.980313	7.80251	200
4344	8.85317	0.982825	7.82127	200
4345	8.86804	0.985108	7.83997	200
4346	9.53096	1.01032	7.87016	200
4347	9.58031	1.03531	7.9007	200
4348	9.62422	1.05989	7.93148	200
4349	9.60196	1.0817	7.96131	200
4350	9.61263	1.10204	7.99079	200
4351	9.55603	1.11858	8.01874	200
4352	9.58358	1.13452	8.04669	200
4353	9.57796	1.14869	8.07403	200
4354	9.55346	1.1605	8.10045	200
4355	9.57783	1.17182	8.12683	200
4356	9.5794	1.18184	8.15277	200
4357	9.62902	1.19236	8.17913	200
4358	9.69435	1.20389	8.20618	200
4359	9.59328	1.21043	8.23095	200
4360	9.62048	1.21683	8.25577	200
4361	10.3031	1.24649	8.29233	200
4362	10.2313	1.26813	8.32262	200
4363	10.269	1.28932	8.35303	200
4364	10.3001	1.30988	8.38346	200
4365	10.2699	1.32789	8.41293	200
4366	10.2937	1.34517	8.44232	200
4367	10.2976	1.36339	8.47545	200
4368	10.3133	1.38033	8.50826	200
4369	10.2989	1.39743	8.54557	200
4370	10.2973	1.41219	8.58206	200
4371	10.2409	1.42452	8.62353	200
4372	10.311	1.43766	8.66572	200
4373	10.2884	1.44923	8.71643	200
4374	10.3225	1.45903	8.76662	200
4375	10.3056	1.46403	8.81471	200
4376	10.3551	1.4688	8.86285	200
4377	11.0055	1.51092	8.9298	200
4378	10.9826	1.54478	8.99395	200
4379	10.9593	1.57106	9.05537	200
4380	10.9835	1.59338	9.11562	200
4381	10.9594	1.60903	9.17324	200
4382	6.18131	1.69546	9.07974	200
4383	6.15243	1.75705	9.00656	200
4384	6.17196	1.81093	8.93569	200
4385	6.16908	1.85871	8.86653	200
4386	6.16345	1.90093	8.79895	200
4387	6.1954	1.93606	8.73386	200
4388	6.55564	1.94817	8.6794	200
4389	6.44351	1.96256	8.62351	200
4390	6.4872	1.97124	8.5701	200
4391	6.36667	1.98285	8.51501	200
4392	7.09337	1.95479	8.47947	200
4393	7.11366	1.92534	8.44533	200
4394	7.11408	1.89564	8.41204	200
4395	7.07143	1.86788	8.37853	200
4396	7.09603	1.83861	8.34647	200
4397	7.12665	1.80767	8.31597	200
4398	6.75429	1.79537	8.27693	200
4399	6.88381	1.77526	8.2421	200
4400	6.82422	1.75739	8.20665	200
4401	6.89476	1.73511	8.17385	200
4402	6.84992	1.71456	8.14075	200
4403	7.54754	1.65849	8.12592	200
4404	7.64825	1.60929	8.11597	200
4405	7.61456	1.56312	8.10552	200
4406	7.5613	1.52067	8.09419	200
4407	7.55845	1.47963	8.08302	200
4408	7.52347	1.44129	8.07137	200
4409	7.56341	1.4024	8.06078	200
4410	7.57737	1.36411	8.05071	200
4411	7.55955	1.32774	8.04048	200
4412	7.56941	1.29204	8.03066	200
4413	7.52016	1.25948	8.02003	200
4414	7.5637	1.22601	8.01052	200
4415	8.19133	1.18246	8.01429	200
4416	8.13409	1.13818	8.01678	200
4417	8.21378	1.09897	8.02089	200
4418	8.24131	1.06236	8.02548	200
4419	8.32981	1.03078	8.03182	200
4420	8.25511	0.99713	8.03647	200
4421	8.18916	0.961944	8.03965	200
4422	8.19568	0.928364	8.0429	200
4423	8.25424	0.898488	8.0473	200
4424	8.19013	0.867002	8.05028	200
4425	8.29229	0.84096	8.05532	200
4426	8.25725	0.814333	8.05952	200
4427	8.27519	0.789388	8.06402	200
4428	9.00851	0.79585	8.08369	200
4429	8.97266	0.799175	8.09957	200
4430	8.88754	0.798774	8.11364	200
4431	8.95786	0.800397	8.12871	200
4432	8.891	0.799035	8.14232	200
4433	8.90081	0.797587	8.15587	200
4434	8.97293	0.798282	8.17046	200
4435	8.93873	0.79721	8.18418	200
4436	8.8392	0.792132	8.19587	200
4437	8.96966	0.791477	8.20969	200
4438	8.86797	0.786719	8.22144	200
4439	8.90954	0.783196	8.23373	200
4440	8.91443	0.779535	8.24588	200
4441	9.12375	0.783046	8.26156	200
4442	9.80885	0.81034	8.28919	200
4443	9.86477	0.837669	8.31733	200
4444	9.89565	0.86412	8.34551	200
4445	9.86884	0.887663	8.37271	200
4446	9.85965	0.909065	8.39926	200
4447	9.89223	0.929918	8.42592	200
4448	9.87034	0.948292	8.45172	200
4449	9.9024	0.969225	8.48194	200
4450	9.92098	0.9888	8.51192	200
4451	9.85575	1.00655	8.54551	200
4452	9.90273	1.02408	8.57944	200
4453	9.85118	1.03956	8.61918	200
4454	9.96972	1.059	8.66139	200
4455	9.6218	1.05284	8.6914	200
4456	9.60479	1.04412	8.71994	200
4457	10.3117	1.07835	8.76969	200
4458	10.3011	1.10666	8.81754	200
4459	10.2851	1.12922	8.8634	200
4460	10.3015	1.14852	8.90834	200
4461	10.3039	1.16396	8.95195	200
4462	5.42589	1.31159	8.84176	200
4463	5.64541	1.42939	8.74188	200
4464	5.64816	1.53341	8.6452	200
4465	5.63066	1.62598	8.55099	200
4466	5.59835	1.7089	8.45872	200
4467	5.60555	1.78041	8.36956	200
4468	7.39008	1.73035	8.33895	200
4469	7.37155	1.6922	8.31477	200
4470	7.37233	1.65472	8.2912	200
4471	7.42526	1.61528	8.26956	200
4472	7.30045	1.58297	8.24533	200
4473	7.41467	1.54535	8.22456	200
4474	7.34101	1.51226	8.20247	200
4475	7.66984	1.46328	8.18916	200
4476	8.20902	1.39111	8.18965	200
4477	7.08443	1.37681	8.16202	200
4478	7.8191	1.32512	8.15345	200
4479	7.77633	1.27772	8.14402	200
4480	7.81753	1.23016	8.13586	200
4481	7.80843	1.18502	8.12767	200
4482	7.74285	1.14501	8.11805	200
4483	7.60253	1.11353	8.10516	200
4484	7.71723	1.07725	8.09546	200
4485	7.37524	1.0594	8.07746	200
4486	6.89904	1.06535	8.048	200
4487	6.8699	1.07099	8.01854	200
4488	6.82117	1.07731	7.98861	200
4489	7.55228	1.04526	7.9777	200
4490	7.57374	1.01854	7.96928	200
4491	7.55655	0.993294	7.96068	200
4492	7.52873	0.969905	7.95168	200
4493	7.59032	0.944549	7.94416	200
4494	7.67293	0.916494	7.9385	200
4495	7.55752	0.894181	7.93057	200
4496	7.60182	0.870621	7.92372	200
4497	7.59425	0.848072	7.91685	200
4498	7.59958	0.825955	7.91024	200
4499	7.59961	0.804483	7.90377	200
4500	7.56196	0.785204	7.89665	200
4501	8.24831	0.767139	7.90397	200
4502	8.25624	0.749852	7.91131	200
4503	8.23568	0.732123	7.91807	200
4504	8.21078	0.713814	7.92417	200
4505	8.23009	0.696818	7.93054	200
4506	8.31447	0.683781	7.93854	200
4507	8.65121	0.684984	7.95339	200
4508	9.83316	0.734767	7.99255	200
4509	10.482	0.807879	8.04441	200
4510	10.5205	0.877387	8.096	200
4511	10.5905	0.944765	8.14796	200
4512	10.5147	1.00401	8.19727	200
4513	10.5174	1.05885	8.2456	200
4514	11.2725	1.14085	8.30866	200
4515	11.1801	1.20266	8.35994	200
4516	11.2116	1.26155	8.41086	200
4517	11.1994	1.31609	8.46066	200
4518	11.2128	1.36738	8.5098	200
4519	11.0744	1.41013	8.5556	200
4520	10.7893	1.43955	8.59549	200
4521	9.62293	1.42483	8.61383	200
4522	8.91138	1.38457	8.61915	200
4523	8.95905	1.34726	8.62522	200
4524	8.89282	1.3087	8.62999	200
4525	9.0649	1.27749	8.63776	200
4526	8.92891	1.24226	8.64296	200
4527	8.95594	1.20907	8.64855	200
4528	9.59617	1.19974	8.66547	200
4529	9.71124	1.19424	8.68414	200
4530	9.63701	1.18562	8.70116	200
4531	9.74868	1.18068	8.71986	200
4532	9.68148	1.17286	8.73703	200
4533	9.70818	1.16446	8.75727	200
4534	9.67243	1.15407	8.77633	200
4535	9.61798	1.13845	8.79737	200
4536	9.65862	1.12459	8.8189	200
4537	9.55392	1.10024	8.84187	200
4538	9.7545	1.08851	8.87039	200
4539	9.58421	1.06509	8.8927	200
4540	9.6186	1.04389	8.91538	200
4541	9.56331	1.01914	8.93563	200
4542	9.60181	0.997084	8.95645	200
4543	10.2718	1.01698	8.99755	200
4544	10.216	1.02957	9.03563	200
4545	10.3028	1.04442	9.07522	200
4546	5.35201	1.21184	8.95887	200
4547	5.47207	1.35403	8.84991	200
4548	5.466	1.48089	8.74416	200
4549	5.43667	1.59506	8.6408	200
4550	5.42942	1.69608	8.54045	200
4551	6.11578	1.74161	8.46468	200
4552	6.15837	1.76985	8.40702	200
4553	6.14498	1.79445	8.35047	200
4554	6.13539	1.81549	8.29509	200
4555	6.1379	1.83257	8.24116	200
4556	6.07233	1.84938	8.18694	200
4557	6.34632	1.84894	8.14092	200
4558	6.25294	1.85089	8.09372	200
4559	6.20916	1.85258	8.04661	200
4560	6.19584	1.85249	8.00034	200
4561	6.90844	1.81446	7.97304	200
4562	6.92051	1.77636	7.94673	200
4563	6.9614	1.73681	7.92209	200
4564	6.90181	1.70098	7.89658	200
4565	6.9378	1.66387	7.87261	200
4566	6.94627	1.62699	7.84945	200
4567	6.8036	1.59794	7.82331	200
4568	6.84084	1.56716	7.79875	200
4569	6.86107	1.53569	7.7753	200
4570	6.929	1.50122	7.75415	200
4571	7.02457	1.46263	7.73591	200
4572	7.68917	1.39184	7.73474	200
4573	7.57843	1.34036	7.73148	200
4574	7.59351	1.29026	7.7286	200
4575	7.67898	1.23856	7.72757	200
4576	7.65839	1.18984	7.72613	200
4577	7.60147	1.14546	7.72353	200
4578	7.58153	1.10365	7.72057	200
4579	7.63885	1.06106	7.71887	200
4580	7.65899	1.01935	7.71762	200
4581	7.59392	0.982029	7.71504	200
4582	7.50653	0.949799	7.7107	200
4583	7.50699	0.918712	7.70646	200
4584	8.25514	0.903294	7.71788	200
4585	8.31563	0.890562	7.73034	200
4586	8.22379	0.874015	7.74062	200
4587	8.15394	0.854819	7.74923	200
4588	8.18984	0.83756	7.75841	200
4589	8.29958	0.82521	7.76968	200
4590	8.22716	0.809887	7.77921	200
4591	8.19568	0.793494	7.78789	200
4592	8.21591	0.778266	7.7968	200
4593	8.25138	0.764778	7.80627	200
4594	8.33995	0.755148	7.81739	200
4595	8.28196	0.74304	7.82707	200
4596	8.12707	0.72458	7.83332	200
4597	8.88774	0.738323	7.85529	200
4598	8.95273	0.751148	7.87488	200
4599	8.92753	0.761915	7.89368	200
4600	8.96208	0.77286	7.91276	200
4601	9.31808	0.795448	7.93785	200
4602	9.08575	0.808035	7.95835	200
4603	9.12914	0.82099	7.97926	200
4604	9.14877	0.833437	8.00014	200
4605	9.17535	0.845643	8.02113	200
4606	9.29001	0.860758	8.04378	200
4607	8.9987	0.86412	8.06084	200
4608	9.13642	0.871672	8.08004	200
4609	9.15628	0.878977	8.09926	200
4610	9.16049	0.885486	8.11821	200
4611	9.85657	0.915945	8.14925	200
4612	9.7231	0.939441	8.17736	200
4613	9.87144	0.966392	8.20761	200
4614	9.79531	0.988581	8.23596	200
4615	9.41198	0.995275	8.25696	200
4616	9.80339	1.01824	8.28918	200
4617	9.61877	1.03121	8.31687	200
4618	9.6688	1.04725	8.35067	200
4619	9.57794	1.05625	8.38135	200
4620	9.42239	1.0553	8.41389	200
4621	9.60081	1.06352	8.45098	200
4622	9.55337	1.06595	8.48543	200
4623	9.60756	1.06946	8.52049	200
4624	9.67896	1.07502	8.55669	200
4625	9.54331	1.0695	8.58752	200
4626	10.2292	1.10526	8.63883	200
4627	10.3334	1.14209	8.69178	200
4628	10.4353	1.17968	8.74627	200
4629	5.50392	1.3086	8.64494	200
4630	5.52372	1.42189	8.5474	200
4631	5.56679	1.5193	8.45426	200
4632	5.44341	1.61253	8.36017	200
4633	5.52052	1.68922	8.27143	200
4634	6.2286	1.71132	8.20759	200
4635	6.25345	1.72346	8.15874	200
4636	6.12832	1.73881	8.10797	200
4637	6.03214	1.75566	8.05608	200
4638	6.17376	1.76199	8.00902	200
4639	6.1806	1.76531	7.96331	200
4640	6.23643	1.76339	7.92014	200
4641	6.09606	1.76642	7.87453	200
4642	6.16275	1.76369	7.83174	200
4643	6.14598	1.7598	7.7896	200
4644	6.80515	1.72103	7.76498	200
4645	6.78651	1.6839	7.74052	200
4646	6.97606	1.63793	7.72141	200
4647	6.90842	1.59668	7.70108	200
4648	6.82722	1.56054	7.67924	200
4649	6.79561	1.52669	7.65715	200
4650	6.77278	1.49458	7.63504	200
4651	6.86509	1.45834	7.61579	200
4652	6.9334	1.41955	7.59873	200
4653	6.84776	1.38612	7.57995	200
4654	6.85776	1.35292	7.5619	200
4655	7.54539	1.2861	7.56148	200
4656	7.55112	1.23294	7.56127	200
4657	7.46844	1.18544	7.55933	200
4658	7.48244	1.13925	7.55773	200
4659	7.57239	1.09239	7.55804	200
4660	7.57136	1.04743	7.55831	200
4661	7.5039	1.00605	7.55718	200
4662	7.65307	0.968128	7.55918	200
4663	7.58071	0.928686	7.55962	200
4664	7.67441	0.894773	7.56201	200
4665	7.71628	0.863918	7.56523	200
4666	7.75216	0.83571	7.56912	200
4667	8.41456	0.836115	7.58674	200
4668	8.324	0.831996	7.60209	200
4669	8.31	0.826825	7.61684	200
4670	8.33761	0.822405	7.63186	200
4671	8.34074	0.817674	7.64663	200
4672	8.35893	0.813283	7.66146	200
4673	8.36751	0.808814	7.67617	200
4674	8.23818	0.79853	7.68788	200
4675	8.22043	0.787447	7.69897	200
4676	8.30306	0.779806	7.71156	200
4677	8.22559	0.768732	7.72227	200
4678	8.14304	0.754233	7.73103	200
4679	8.16794	0.74101	7.74014	200
4680	8.85059	0.756403	7.76327	200
4681	8.99387	0.773338	7.78524	200
4682	8.95273	0.787414	7.80609	200
4683	8.95155	0.800201	7.82655	200
4684	8.96089	0.812134	7.8468	200
4685	8.91965	0.821445	7.86596	200
4686	8.90933	0.82937	7.88459	200
4687	8.92599	0.836942	7.90319	200
4688	8.96267	0.844889	7.92211	200
4689	8.86812	0.8485	7.939	200
4690	8.99132	0.855779	7.95779	200
4691	8.98591	0.861934	7.97615	200
4692	8.94437	0.86573	7.99344	200
4693	8.95616	0.869194	8.01063	200
4694	9.66939	0.897393	8.04025	200
4695	9.57345	0.9201	8.06763	200
4696	9.62086	0.942711	8.09536	200
4697	9.65595	0.964778	8.12323	200
4698	9.58734	0.982611	8.14937	200
4699	9.63649	1.00063	8.17593	200
4700	9.6778	1.01853	8.20275	200
4701	9.61159	1.03247	8.2279	200
4702	9.61082	1.04498	8.2526	200
4703	9.62103	1.05654	8.27703	200
4704	9.57254	1.06507	8.30017	200
4705	9.59874	1.07341	8.32335	200
4706	9.63789	1.08202	8.34683	200
4707	9.64048	1.08958	8.36993	200
4708	9.6255	1.0955	8.39235	200
4709	10.2443	1.12252	8.42542	200
4710	10.3295	1.14694	8.45517	200
4711	10.2738	1.16793	8.48358	200
4712	10.2194	1.18568	8.5107	200
4713	10.3983	1.20761	8.5402	200
4714	10.2867	1.22445	8.56749	200
4715	10.2158	1.23769	8.59324	200
4716	10.2774	1.25165	8.61956	200
4717	10.3727	1.26732	8.64695	200
4718	10.253	1.2779	8.67204	200
4719	10.2252	1.28651	8.69631	200
4720	10.3202	1.29705	8.72168	200
4721	10.3051	1.306	8.74642	200
4722	10.2457	1.31204	8.76985	200
4723	10.2354	1.31683	8.79275	200
4724	10.3907	1.32562	8.81771	200
4725	10.9975	1.35231	8.85177	200
4726	10.9987	1.37714	8.88532	200
4727	11.036	1.40131	8.91892	200
4728	11.0379	1.42374	8.95203	200
4729	10.9378	1.4413	8.98306	200
4730	11.0005	1.45931	9.01458	200
4731	11.0258	1.47655	9.046	200
4732	11.0282	1.49235	9.07698	200
4733	10.8734	1.50185	9.10505	200
4734	11.0804	1.51665	9.13591	200
4735	11.0336	1.52856	9.16556	200
4736	10.9528	1.53664	9.19349	200
4737	10.9767	1.54435	9.22135	200
4738	11.0158	1.55216	9.24939	200
4739	11.0784	1.56081	9.27796	200
4740	10.9356	1.56384	9.30386	200
4741	11.01	1.56828	9.33052	200
4742	11.6766	1.59259	9.36718	200
4743	11.6241	1.61105	9.39853	200
4744	11.7041	1.63034	9.43055	200
4745	11.6476	1.64663	9.46134	200
4746	11.6973	1.663	9.49239	200
4747	11.6764	1.67748	9.52273	200
4748	11.641	1.68972	9.55215	200
4749	11.7014	1.70248	9.582	200
4750	11.7024	1.71409	9.61145	200
4751	11.5965	1.72162	9.63902	200
4752	11.6724	1.73028	9.66726	200
4753	11.6968	1.73859	9.69544	200
4754	11.6567	1.74477	9.72268	200
4755	11.6738	1.7505	9.74978	200
4756	11.6345	1.75423	9.77596	200
4757	11.679	1.75836	9.80239	200
4758	11.738	1.76329	9.82927	200
4759	11.7007	1.76629	9.85526	200
4760	12.3676	1.78701	9.89016	200
4761	12.3717	1.80631	9.92462	200
4762	12.3242	1.82279	9.95795	200
4763	12.3646	1.839	9.99137	200
4764	12.3199	1.8526	10.0237	200
4765	12.3398	1.86547	10.0559	200
4766	12.352	1.87744	10.0878	200
4767	12.2956	1.88661	10.1184	200
4768	12.3384	1.89587	10.1493	200
4769	12.4177	1.90622	10.1808	200
4770	12.3355	1.91312	10.2107	200
4771	12.3913	1.92055	10.241	200
4772	12.4197	1.92772	10.2712	200
4773	12.4062	1.93348	10.3009	200
4774	12.379	1.93749	10.3298	200
4775	12.3632	1.94016	10.358	200
4776	12.2912	1.93996	10.3849	200
4777	12.3455	1.94054	10.4121	200
4778	12.3929	1.94166	10.4396	200
4779	13.0622	1.96057	10.476	200
4780	13.0681	1.97636	10.5084	200
4781	13.0275	1.98993	10.5399	200
4782	13.0677	2.00337	10.5715	200
4783	13.0245	2.01461	10.6022	200
4784	13.1222	2.02725	10.6337	200
4785	13.1267	2.03889	10.6648	200
4786	13.0911	2.04858	10.6952	200
4787	13.1082	2.05769	10.7253	200
4788	13.0722	2.06492	10.7547	200
4789	13.1268	2.0726	10.7843	200
4790	13.0414	2.07772	10.8157	200
4791	12.9881	2.08035	10.8458	200
4792	13.0231	2.08338	10.8798	200
4793	12.999	2.0845	10.913	200
4794	13.075	2.08727	10.9516	200
4795	13.1603	2.0916	10.991	200
4796	13.0946	2.0921	11.0348	200
4797	13.0584	2.08925	11.077	200
4798	13.0599	2.08393	11.1266	200
4799	13.7742	2.11211	11.1927	200
4800	13.7043	2.13209	11.2555	200
4801	13.7285	2.14913	11.3174	200
4802	13.6756	2.15958	11.3763	200
4803	13.7385	2.16971	11.4354	200
4804	13.6509	2.172	11.4908	200
4805	13.6809	2.17291	11.5455	200
4806	13.7079	2.17238	11.5996	200
4807	13.6885	2.16821	11.6518	200
4808	13.6952	2.16197	11.7029	200
4809	7.55466	2.24473	11.6165	200
4810	7.55438	2.32045	11.5318	200
4811	7.54687	2.3898	11.4488	200
4812	7.56483	2.45206	11.3679	200
4813	7.5673	2.50825	11.2887	200
4814	7.52082	2.56073	11.2102	200
4815	7.58814	2.60495	11.1348	200
4816	7.59464	2.64392	11.061	200
4817	7.6975	2.6739	10.9909	200
4818	7.57965	2.70463	10.9199	200
4819	7.57	2.73151	10.8501	200
4820	8.27987	2.72479	10.7965	200
4821	8.20905	2.71907	10.7426	200
4822	8.23374	2.71031	10.6903	200
4823	8.29548	2.69716	10.6405	200
4824	8.28473	2.68294	10.5914	200
4825	8.22978	2.66954	10.5422	200
4826	8.31884	2.65095	10.4959	200
4827	8.22403	2.63515	10.4485	200
4828	8.21476	2.61843	10.402	200
4829	8.16176	2.60267	10.3553	200
4830	8.23286	2.58266	10.3111	200
4831	8.1648	2.56448	10.2664	200
4832	8.16028	2.54538	10.2225	200
4833	8.86045	2.49607	10.1941	200
4834	8.95406	2.45121	10.172	200
4835	8.86589	2.41032	10.1487	200
4836	8.88674	2.3693	10.1261	200
4837	8.87597	2.32933	10.1038	200
4838	8.93445	2.2879	10.0829	200
4839	8.86891	2.24955	10.0612	200
4840	8.87267	2.21166	10.04	200
4841	8.91544	2.17283	10.0199	200
4842	8.85915	2.13669	9.9992	200
4843	8.88626	2.10012	9.97933	200
4844	8.94487	2.06206	9.96085	200
4845	8.92654	2.02536	9.94238	200
4846	8.89784	1.99033	9.92373	200
4847	9.58332	1.9314	9.91765	200
4848	9.66212	1.87155	9.91309	200
4849	9.63496	1.81464	9.90812	200
4850	9.62589	1.75991	9.90308	200
4851	9.66893	1.70542	9.8989	200
4852	9.63349	1.65399	9.89416	200
4853	9.59565	1.60558	9.88883	200
4854	9.61464	1.55803	9.88393	200
4855	9.58204	1.51317	9.87854	200
4856	9.70801	1.46521	9.87549	200
4857	9.72429	1.41828	9.87279	200
4858	9.60753	1.3771	9.86806	200
4859	9.64982	1.33571	9.86416	200
4860	9.63765	1.2961	9.86011	200
4861	9.652	1.25724	9.8564	200
4862	10.3187	1.22885	9.86465	200
4863	10.2191	1.20153	9.87019	200
4864	10.2942	1.17723	9.87681	200
4865	10.2925	1.15343	9.88331	200
4866	10.3918	1.13327	9.89125	200
4867	10.2886	1.11027	9.89746	200
4868	10.3073	1.08838	9.90386	200
4869	10.3046	1.06689	9.91012	200
4870	10.2889	1.04539	9.91604	200
4871	10.2078	1.02184	9.9206	200
4872	10.226	0.999453	9.92537	200
4873	10.3691	0.982085	9.9323	200
4874	10.3665	0.964962	9.93909	200
4875	10.3381	0.947275	9.94532	200
4876	10.3165	0.929272	9.95112	200
4877	10.2817	0.910562	9.95629	200
4878	10.9707	0.913806	9.97213	200
4879	10.9763	0.916629	9.98782	200
4880	10.9685	0.918631	10.0031	200
4881	10.9857	0.920628	10.0185	200
4882	10.8129	0.916684	10.0309	200
4883	10.9595	0.917055	10.0454	200
4884	10.9762	0.917484	10.06	200
4885	10.9672	0.917162	10.0741	200
4886	11.0151	0.917906	10.0888	200
4887	10.9872	0.917295	10.1029	200
4888	10.9575	0.915336	10.1162	200
4889	10.9188	0.911811	10.1288	200
4890	10.8761	0.90667	10.1404	200
4891	10.9357	0.90269	10.1546	200
4892	10.9798	0.899922	10.1694	200
4893	10.9907	0.896647	10.1865	200
4894	11.0979	0.897262	10.2055	200
4895	11.6741	0.925832	10.2422	200
4896	11.7964	0.957249	10.2811	200
4897	11.7138	0.986965	10.3258	200
4898	11.6598	1.00866	10.3675	200
4899	11.6885	1.02818	10.4088	200
4900	12.1513	1.07282	10.4632	200
4901	11.789	1.08547	10.4964	200
4902	11.6959	1.09117	10.5264	200
4903	11.6802	1.0943	10.5552	200
4904	11.7025	1.09695	10.5839	200
4905	11.7075	1.09828	10.612	200
4906	6.20098	1.26392	10.5017	200
4907	6.19923	1.41585	10.3941	200
4908	6.21958	1.55378	10.2898	200
4909	5.75391	1.70289	10.1764	200
4910	6.41054	1.80603	10.0822	200
4911	6.78995	1.88035	9.99993	200
4912	6.92118	1.94027	9.92296	200
4913	6.91216	1.99379	9.84769	200
4914	6.83387	2.04479	9.77235	200
4915	6.90059	2.08614	9.70055	200
4916	6.84167	2.12478	9.62908	200
4917	6.85123	2.15743	9.55963	200
4918	6.8264	2.18622	9.4913	200
4919	6.84359	2.2093	9.42511	200
4920	6.94457	2.22286	9.36309	200
4921	7.53532	2.2031	9.3174	200
4922	7.53625	2.18552	9.28029	200
4923	7.47662	2.16961	9.24272	200
4924	7.49639	2.15197	9.20633	200
4925	7.62637	2.12814	9.17342	200
4926	7.51113	2.10873	9.13879	200
4927	7.50915	2.08876	9.10483	200
4928	7.53065	2.06732	9.07204	200
4929	7.55392	2.04444	9.04041	200
4930	7.54085	2.02174	9.00917	200
4931	7.44174	2.00281	8.97651	200
4932	7.54598	1.97896	8.94671	200
4933	8.23982	1.92596	8.93198	200
4934	8.22671	1.87509	8.91729	200
4935	8.25408	1.8246	8.90347	200
4936	8.21585	1.77723	8.88915	200
4937	8.16485	1.73335	8.87406	200
4938	8.21291	1.68868	8.86028	200
4939	8.31487	1.64104	8.84892	200
4940	8.34425	1.59369	8.83841	200
4941	8.23432	1.55246	8.82582	200
4942	8.31805	1.50893	8.81524	200
4943	8.27788	1.46845	8.80405	200
4944	8.23437	1.431	8.79218	200
4945	8.24438	1.3942	8.78076	200
4946	8.92244	1.34201	8.78372	200
4947	8.92696	1.29919	8.78627	200
4948	8.93183	1.25799	8.78887	200
4949	8.94602	1.21868	8.79168	200
4950	8.94237	1.18053	8.79437	200
4951	8.9912	1.1454	8.79788	200
4952	8.86874	1.10702	8.79915	200
4953	8.92692	1.07205	8.80143	200
4954	8.94455	1.03887	8.80398	200
4955	8.89253	1.00493	8.80556	200
4956	8.94327	0.973959	8.80802	200
4957	8.92111	0.943213	8.81004	200
4958	8.89236	0.912466	8.81151	200
4959	8.91763	0.883667	8.8134	200
4960	9.60954	0.88054	8.82762	200
4961	9.65566	0.878665	8.84241	200
4962	9.60154	0.874396	8.85596	200
4963	9.60186	0.869806	8.86928	200
4964	9.59629	0.864705	8.88226	200
4965	9.54764	0.857586	8.89414	200
4966	9.61832	0.852821	8.90708	200
4967	9.52969	0.844599	8.91819	200
4968	9.58703	0.838321	8.93014	200
4969	9.60547	0.832499	8.94219	200
4970	9.6125	0.826706	8.95416	200
4971	9.61655	0.820837	8.96599	200
4972	9.6394	0.815571	8.97802	200
4973	9.63369	0.808908	8.99168	200
4974	9.6686	0.803408	9.00578	200
4975	10.3081	0.828356	9.03834	200
4976	10.3076	0.8504	9.07007	200
4977	10.3047	0.874413	9.10865	200
4978	10.3038	0.894457	9.146	200
4979	10.3137	0.911532	9.18248	200
4980	10.3139	0.925275	9.21784	200
4981	10.3821	0.940208	9.25422	200
4982	10.3109	0.947489	9.28725	200
4983	10.2992	0.95152	9.31887	200
4984	10.2786	0.952035	9.34886	200
4985	10.2554	0.949192	9.37719	200
4986	5.51166	1.13146	9.25639	200
4987	5.48822	1.29626	9.13864	200
4988	5.48271	1.44374	9.02439	200
4989	6.18666	1.53086	8.93571	200
4990	6.10913	1.59564	8.86504	200
4991	6.1605	1.65109	8.79743	200
4992	6.17542	1.69964	8.73188	200
4993	6.17254	1.74262	8.66789	200
4994	6.22083	1.77784	8.60672	200
4995	6.25146	1.80671	8.54783	200
4996	6.15695	1.83592	8.48806	200
4997	6.16177	1.86044	8.4299	200
4998	6.17034	1.88039	8.37341	200
4999	6.97386	1.85635	8.33843	200
5000	6.8357	1.83867	8.30086	200
5001	6.85847	1.81886	8.2648	200
5002	6.86815	1.79774	8.22988	200
5003	6.84336	1.77718	8.19522	200
5004	6.8049	1.75784	8.16046	200
5005	6.75394	1.74027	8.12529	200
5006	6.95746	1.71165	8.0961	200
5007	6.86125	1.68781	8.06523	200
5008	6.83538	1.66491	8.03448	200
5009	6.7298	1.6469	8.00186	200
5010	7.43222	1.59304	7.98762	200
5011	7.5606	1.54445	7.97872	200
5012	7.56018	1.49754	7.97	200
5013	7.56825	1.45188	7.96163	200
5014	7.58674	1.40701	7.95382	200
5015	7.58291	1.36383	7.94609	200
5016	7.58012	1.32226	7.93847	200
5017	7.5581	1.28301	7.93054	200
5018	7.58539	1.24393	7.92335	200
5019	7.65199	1.20341	7.9177	200
5020	7.58168	1.16727	7.9107	200
5021	7.57756	1.13251	7.90376	200
5022	8.22739	1.09881	7.9105	200
5023	8.24607	1.067	7.91749	200
5024	8.20764	1.03463	7.92353	200
5025	8.27359	1.00611	7.93082	200
5026	8.20376	0.97556	7.93651	200
5027	8.25857	0.94833	7.94322	200
5028	8.23756	0.92108	7.94935	200
5029	8.19423	0.892905	7.95445	200
5030	8.24067	0.867626	7.96042	200
5031	8.18291	0.840745	7.96505	200
5032	8.25438	0.817769	7.97108	200
5033	8.23358	0.794632	7.97654	200
5034	8.27308	0.773878	7.98272	200
5035	8.93969	0.781506	8.00266	200
5036	9.0037	0.789346	8.02053	200
5037	8.99211	0.795854	8.03788	200
5038	8.9203	0.798945	8.05364	200
5039	8.98901	0.803817	8.07034	200
5040	8.88589	0.804236	8.0849	200
5041	8.96217	0.806844	8.10057	200
5042	8.87422	0.805658	8.11438	200
5043	8.89122	0.804457	8.13057	200
5044	8.94672	0.804944	8.14757	200
5045	8.92803	0.803719	8.16708	200
5046	8.87914	0.799136	8.18488	200
5047	8.87886	0.792563	8.20657	200
5048	9.00227	0.792759	8.23143	200
5049	9.62832	0.830517	8.27509	200
5050	9.51894	0.85635	8.31396	200
5051	9.55622	0.880469	8.35278	200
5052	9.61013	0.904024	8.39207	200
5053	9.54567	0.919622	8.42812	200
5054	9.61267	0.93618	8.46514	200
5055	9.55892	0.94603	8.49931	200
5056	5.41254	1.07983	8.40285	200
5057	5.4708	1.19559	8.31123	200
5058	5.49714	1.29675	8.22329	200
5059	5.48914	1.38658	8.13784	200
5060	5.43596	1.46879	8.05341	200
5061	5.48469	1.53753	7.97314	200
5062	5.44641	1.59936	7.89417	200
5063	5.48517	1.64996	7.81889	200
5064	5.48579	1.69266	7.74598	200
5065	6.26067	1.6797	7.69957	200
5066	6.18152	1.67161	7.66162	200
5067	6.15007	1.66361	7.62383	200
5068	6.18886	1.65218	7.58795	200
5069	6.26497	1.63572	7.55488	200
5070	6.2708	1.61813	7.52277	200
5071	6.24152	1.60129	7.49074	200
5072	6.21172	1.58518	7.45877	200
5073	6.16505	1.5706	7.42642	200
5074	6.12869	1.55696	7.39398	200
5075	6.77687	1.50997	7.37855	200
5076	6.88818	1.45898	7.36629	200
5077	6.87153	1.41077	7.35392	200
5078	6.88103	1.36388	7.3421	200
5079	6.8032	1.32263	7.32862	200
5080	6.78394	1.28373	7.31501	200
5081	6.826	1.24399	7.30278	200
5082	6.82177	1.20585	7.29075	200
5083	6.8693	1.16663	7.28022	200
5084	6.84352	1.13013	7.2693	200
5085	6.91829	1.09117	7.26052	200
5086	7.54711	1.05094	7.26769	200
5087	7.53086	1.01812	7.27317	200
5088	7.57099	0.988104	7.27937	200
5089	7.57262	0.959151	7.28548	200
5090	7.5839	0.93162	7.2917	200
5091	7.57752	0.904711	7.29765	200
5092	7.54752	0.877425	7.30286	200
5093	7.59076	0.852861	7.30886	200
5094	7.60645	0.829724	7.31506	200
5095	7.57384	0.805934	7.32045	200
5096	7.47354	0.778732	7.32364	200
5097	7.59751	0.757696	7.32934	200
5098	8.24828	0.764414	7.34848	200
5099	8.22291	0.768997	7.3667	200
5100	8.21129	0.772146	7.3843	200
5101	8.18506	0.773338	7.40098	200
5102	8.18912	0.773955	7.4174	200
5103	8.24009	0.775985	7.43454	200
5104	8.19947	0.775524	7.45047	200
5105	8.21356	0.775005	7.46637	200
5106	8.16975	0.77202	7.48102	200
5107	8.16618	0.7684	7.4953	200
5108	8.32599	0.770995	7.5126	200
5109	8.174	0.766428	7.52638	200
5110	8.17667	0.761589	7.53993	200
5111	8.92824	0.787702	7.56885	200
5112	8.92779	0.808103	7.59312	200
5113	8.92853	0.826935	7.61696	200
5114	8.91268	0.843677	7.6401	200
5115	8.97824	0.861336	7.66399	200
5116	8.90018	0.874723	7.68607	200
5117	8.93358	0.888036	7.70834	200
5118	8.92613	0.899812	7.73009	200
5119	9.02341	0.913865	7.75319	200
5120	8.92851	0.923202	7.77417	200
5121	8.91518	0.93098	7.79455	200
5122	8.95708	0.939249	7.81531	200
5123	8.9785	0.947247	7.83608	200
5124	8.9618	0.953621	7.85618	200
5125	9.57855	0.981076	7.88694	200
5126	9.63948	1.00863	7.91823	200
5127	9.64699	1.03435	7.9491	200
5128	9.65658	1.05839	7.97959	200
5129	9.57818	1.07768	8.00814	200
5130	9.67597	1.09876	8.03792	200
5131	9.70444	1.11903	8.06768	200
5132	9.60589	1.134	8.09514	200
5133	9.52292	1.14449	8.12064	200
5134	9.62924	1.1575	8.14758	200
5135	9.6067	1.16827	8.17363	200
5136	9.61084	1.17787	8.1993	200
5137	9.57359	1.18489	8.22384	200
5138	9.53247	1.18931	8.24721	200
5139	10.2588	1.21867	8.28313	200
5140	10.3576	1.24542	8.31554	200
5141	10.3227	1.26922	8.3469	200
5142	10.3138	1.29102	8.37763	200
5143	10.2644	1.30964	8.40711	200
5144	10.2738	1.32705	8.43628	200
5145	10.2464	1.34214	8.46456	200
5146	10.2571	1.35622	8.49257	200
5147	10.3315	1.3713	8.5213	200
5148	10.3414	1.38532	8.54974	200
5149	10.3682	1.39886	8.57815	200
5150	10.3501	1.41052	8.60584	200
5151	10.2771	1.41867	8.63195	200
5152	10.3155	1.42694	8.65826	200
5153	10.3097	1.43396	8.68406	200
5154	10.272	1.43877	8.70887	200
5155	10.9496	1.46383	8.74388	200
5156	10.9294	1.48638	8.77803	200
5157	10.9259	1.50705	8.81159	200
5158	10.9423	1.52654	8.84488	200
5159	11.0016	1.54624	8.87858	200
5160	11.0306	1.56517	8.91221	200
5161	11.003	1.58159	8.94488	200
5162	10.9558	1.59501	8.9763	200
5163	10.9587	1.60712	9.00727	200
5164	10.9983	1.61911	9.03838	200
5165	10.9949	1.62966	9.06895	200
5166	10.9235	1.63668	9.09793	200
5167	10.9726	1.64412	9.12722	200
5168	10.9717	1.65038	9.15604	200
5169	11.0041	1.65656	9.18491	200
5170	11.0775	1.66393	9.21448	200
5171	10.9707	1.66682	9.24193	200
5172	11.7209	1.6922	9.28066	200
5173	11.7063	1.71257	9.31435	200
5174	11.7619	1.73298	9.34834	200
5175	11.7726	1.75219	9.38201	200
5176	11.7298	1.76873	9.41462	200
5177	11.6693	1.78223	9.44594	200
5178	11.6815	1.79482	9.47699	200
5179	11.6906	1.80645	9.50773	200
5180	11.7128	1.81753	9.53835	200
5181	11.6536	1.8258	9.56773	200
5182	11.6626	1.83327	9.59683	200
5183	11.6417	1.83915	9.62523	200
5184	11.7784	1.84787	9.65513	200
5185	11.6881	1.85301	9.68337	200
5186	11.6787	1.85696	9.71108	200
5187	11.663	1.8596	9.73819	200
5188	11.7715	1.86442	9.76643	200
5189	11.6185	1.86408	9.79215	200
5190	12.2883	1.88163	9.82682	200
5191	12.3196	1.89861	9.86144	200
5192	12.3992	1.91637	9.89669	200
5193	12.2763	1.92923	9.92974	200
5194	12.2993	1.94146	9.96265	200
5195	12.3197	1.95301	9.99538	200
5196	12.3317	1.96365	10.0278	200
5197	12.3496	1.9736	10.0601	200
5198	12.3444	1.98223	10.0918	200
5199	12.3315	1.98938	10.1229	200
5200	12.2829	1.99412	10.1529	200
5201	12.346	1.99965	10.1834	200
5202	12.2628	2.00186	10.2122	200
5203	12.3554	2.00579	10.242	200
5204	12.4455	2.01128	10.2726	200
5205	12.3369	2.01275	10.3013	200
5206	12.3261	2.01308	10.3294	200
5207	12.4086	2.01492	10.3583	200
5208	12.3837	2.01521	10.3864	200
5209	13.0564	2.0334	10.4235	200
5210	13.07	2.04873	10.4566	200
5211	12.9834	2.06068	10.4882	200
5212	13.1152	2.07484	10.521	200
5213	13.0582	2.0864	10.5527	200
5214	13.071	2.09719	10.5842	200
5215	13.0544	2.10652	10.6151	200
5216	13.0738	2.11532	10.6458	200
5217	13.0696	2.12303	10.6761	200
5218	13.0562	2.12946	10.7059	200
5219	13.09	2.13653	10.739	200
5220	13.096	2.14266	10.7717	200
5221	13.0637	2.14733	10.8075	200
5222	13.0507	2.15032	10.8426	200
5223	12.9406	2.14845	10.88	200
5224	12.9905	2.1471	10.9177	200
5225	13.1263	2.14966	10.9637	200
5226	13.0169	2.14564	11.0065	200
5227	13.1344	2.14475	11.0597	200
5228	13.0575	2.1374	11.1096	200
5229	13.8101	2.16556	11.1772	200
5230	13.8013	2.18849	11.2428	200
5231	13.7523	2.20454	11.3055	200
5232	13.7622	2.21715	11.3669	200
5233	13.7645	2.22617	11.4269	200
5234	13.7402	2.23053	11.4847	200
5235	13.7564	2.23258	11.5415	200
5236	13.7143	2.2296	11.5958	200
5237	13.7603	2.22634	11.6499	200
5238	7.46215	2.30807	11.5627	200
5239	7.54233	2.37941	11.4789	200
5240	7.48523	2.44667	11.3957	200
5241	7.47809	2.50796	11.3141	200
5242	7.48164	2.56315	11.2342	200
5243	7.4976	2.61204	11.1564	200
5244	7.51698	2.65485	11.0806	200
5245	7.56503	2.69071	11.0073	200
5246	7.61238	2.72005	10.9366	200
5247	7.58893	2.7462	10.8669	200
5248	7.50619	2.77181	10.7968	200
5249	8.24882	2.76248	10.7438	200
5250	8.23312	2.75199	10.6915	200
5251	8.27875	2.73785	10.6412	200
5252	8.26933	2.7226	10.5918	200
5253	8.25033	2.70672	10.543	200
5254	8.2438	2.68974	10.4951	200
5255	8.24228	2.67153	10.4482	200
5256	8.25434	2.65163	10.4025	200
5257	8.22283	2.63196	10.357	200
5258	8.17676	2.61314	10.3116	200
5259	8.19392	2.5925	10.2675	200
5260	8.24437	2.56877	10.2254	200
5261	8.17312	2.54725	10.1826	200
5262	8.90353	2.49441	10.156	200
5263	8.90567	2.44997	10.1336	200
5264	8.93142	2.40541	10.1122	200
5265	8.95252	2.36092	10.0914	200
5266	8.90771	2.31888	10.0703	200
5267	8.93099	2.27675	10.05	200
5268	8.94766	2.2348	10.0303	200
5269	8.90912	2.19503	10.0103	200
5270	8.93407	2.15507	9.99104	200
5271	9.00776	2.11322	9.97348	200
5272	8.91599	2.07552	9.9546	200
5273	8.93657	2.03775	9.93642	200
5274	8.95124	2.00016	9.91883	200
5275	8.95444	1.96316	9.9016	200
5276	9.60801	1.90354	9.89636	200
5277	9.65991	1.844	9.89214	200
5278	9.58436	1.78913	9.88664	200
5279	9.7301	1.73082	9.88385	200
5280	9.71239	1.67513	9.88078	200
5281	9.64727	1.62365	9.87661	200
5282	9.57254	1.57652	9.87118	200
5283	9.62195	1.52911	9.86673	200
5284	9.606	1.48381	9.86208	200
5285	9.52337	1.44292	9.85603	200
5286	9.62737	1.39955	9.85194	200
5287	9.5864	1.35905	9.8472	200
5288	9.56609	1.32055	9.84218	200
5289	9.64928	1.28028	9.83874	200
5290	9.5931	1.24333	9.83435	200
5291	10.2989	1.21551	9.84264	200
5292	10.2929	1.1916	9.84968	200
5293	10.3412	1.16972	9.85736	200
5294	10.2423	1.1452	9.86337	200
5295	10.2085	1.12019	9.86877	200
5296	10.2516	1.09715	9.87475	200
5297	10.3857	1.07883	9.88273	200
5298	10.3583	1.05998	9.89016	200
5299	10.3039	1.03979	9.89663	200
5300	10.3618	1.02183	9.90389	200
5301	10.3596	1.00413	9.91101	200
5302	10.3748	0.987249	9.91826	200
5303	10.3836	0.970938	9.92553	200
5304	10.284	0.951799	9.93113	200
5305	10.3206	0.934227	9.93722	200
5306	10.2797	0.915736	9.94257	200
5307	10.9659	0.919099	9.95856	200
5308	10.9795	0.922281	9.97451	200
5309	10.9996	0.925493	9.99052	200
5310	10.8665	0.923947	10.0042	200
5311	11.0032	0.926292	10.0198	200
5312	11.0699	0.930161	10.0362	200
5313	10.9329	0.929114	10.0502	200
5314	10.9956	0.929621	10.065	200
5315	10.9864	0.929362	10.0794	200
5316	11.0031	0.929183	10.0938	200
5317	10.9294	0.926258	10.1069	200
5318	10.9469	0.923563	10.12	200
5319	10.9699	0.921259	10.1333	200
5320	10.9534	0.917646	10.1479	200
5321	10.975	0.91441	10.1627	200
5322	11.1194	0.916172	10.1826	200
5323	11.0405	0.913743	10.2005	200
5324	11.6635	0.941205	10.2371	200
5325	11.6844	0.966508	10.2733	200
5326	11.6691	0.993342	10.3169	200
5327	11.7975	1.0238	10.3632	200
5328	11.7656	1.04746	10.407	200
5329	11.6565	1.06008	10.446	200
5330	11.6585	1.0677	10.4763	200
5331	11.6353	1.07227	10.5053	200
5332	11.6843	1.0776	10.5348	200
5333	11.6538	1.07967	10.5628	200
5334	11.6619	1.08065	10.5902	200
5335	6.18602	1.24683	10.4801	200
5336	6.12381	1.4023	10.3712	200
5337	6.11171	1.54516	10.2647	200
5338	6.12539	1.67487	10.1613	200
5339	6.87164	1.75561	10.079	200
5340	6.84368	1.82959	9.99813	200
5341	6.97269	1.88939	9.92249	200
5342	6.94566	1.94376	9.84807	200
5343	6.92123	1.99291	9.7749	200
5344	7.02198	2.03091	9.70607	200
5345	6.90917	2.06921	9.63615	200
5346	6.91096	2.10201	9.56802	200
5347	6.92692	2.12896	9.50199	200
5348	7.01049	2.14709	9.43971	200
5349	6.9272	2.16536	9.37689	200
5350	7.62918	2.14448	9.3332	200
5351	7.69984	2.12318	9.29917	200
5352	7.59576	2.10569	9.26368	200
5353	7.56611	2.08868	9.22832	200
5354	7.58738	2.07003	9.19413	200
5355	7.53103	2.05307	9.15948	200
5356	7.5536	2.03444	9.12602	200
5357	7.53194	2.01609	9.09281	200
5358	7.76769	1.9873	9.06521	200
5359	7.51125	1.96924	9.03283	200
5360	7.54199	1.94931	9.00177	200
5361	7.57257	1.92764	8.972	200
5362	8.19573	1.87966	8.95582	200
5363	8.2161	1.83216	8.94041	200
5364	8.17784	1.7876	8.92452	200
5365	8.30579	1.73889	8.91163	200
5366	8.20404	1.69592	8.89689	200
5367	8.3033	1.64999	8.88453	200
5368	8.33176	1.60427	8.87301	200
5369	8.27437	1.56237	8.86054	200
5370	8.02088	1.53226	8.84304	200
5371	8.30345	1.4909	8.8318	200
5372	8.2528	1.4529	8.81974	200
5373	8.18653	1.41875	8.80655	200
5374	8.30899	1.38036	8.79618	200
5375	8.94083	1.32888	8.79919	200
5376	8.889	1.28462	8.8008	200
5377	8.96696	1.24468	8.80376	200
5378	8.8913	1.20335	8.80533	200
5379	8.92411	1.16461	8.80745	200
5380	8.92688	1.12729	8.80958	200
5381	8.86048	1.08884	8.81049	200
5382	8.8996	1.05314	8.81208	200
5383	8.95864	1.02076	8.8147	200
5384	8.88338	0.986757	8.81592	200
5385	8.9255	0.955429	8.81788	200
5386	8.92031	0.924964	8.81971	200
5387	8.90946	0.895135	8.82131	200
5388	8.94008	0.867407	8.82343	200
5389	9.59765	0.864079	8.83726	200
5390	9.5973	0.860363	8.85083	200
5391	9.58436	0.855833	8.86393	200
5392	9.57328	0.850601	8.87659	200
5393	9.59304	0.845809	8.88938	200
5394	9.5441	0.838984	8.90108	200
5395	9.56524	0.83274	8.91293	200
5396	9.66731	0.829941	8.92641	200
5397	9.78224	0.830865	8.94169	200
5398	9.5995	0.824684	8.95343	200
5399	9.63507	0.819575	8.96561	200
5400	9.64797	0.814674	8.97779	200
5401	9.61521	0.807288	8.99107	200
5402	9.60116	0.799071	9.00378	200
5403	9.63067	0.790461	9.01945	200
5404	10.3297	0.816449	9.05221	200
5405	10.3076	0.843881	9.09144	200
5406	10.301	0.866737	9.12924	200
5407	10.3174	0.886827	9.16637	200
5408	10.3583	0.905898	9.20361	200
5409	10.337	0.920114	9.23903	200
5410	10.3392	0.931364	9.27341	200
5411	10.2482	0.934078	9.30387	200
5412	10.0927	0.925002	9.32852	200
5413	10.2762	0.926416	9.35814	200
5414	5.5967	1.1036	9.24059	200
5415	5.46873	1.27037	9.12272	200
5416	5.4269	1.42196	9.00723	200
5417	5.44501	1.55573	8.89591	200
5418	6.18249	1.62808	8.81111	200
5419	6.16818	1.67882	8.74504	200
5420	6.26221	1.71902	8.68297	200
5421	6.17674	1.75838	8.62031	200
5422	6.16743	1.79311	8.55899	200
5423	6.05921	1.82844	8.49649	200
5424	6.18537	1.85257	8.43871	200
5425	6.21341	1.87121	8.38308	200
5426	6.21461	1.88607	8.32887	200
5427	6.09644	1.90339	8.27306	200
5428	6.87263	1.87824	8.23805	200
5429	6.81844	1.85531	8.20256	200
5430	6.8002	1.83266	8.1675	200
5431	6.93466	1.80267	8.13668	200
5432	6.89177	1.77478	8.10555	200
5433	6.8808	1.74728	8.07493	200
5434	6.8954	1.71889	8.04544	200
5435	6.86611	1.69191	8.01596	200
5436	6.83084	1.66657	7.98633	200
5437	6.86661	1.63923	7.95834	200
5438	7.57005	1.57668	7.94863	200
5439	7.46417	1.53117	7.93854	200
5440	7.58194	1.48223	7.93111	200
5441	7.54712	1.43647	7.92311	200
5442	7.52765	1.39309	7.91487	200
5443	7.52432	1.35132	7.90673	200
5444	7.54097	1.31025	7.89911	200
5445	7.5207	1.27143	7.89123	200
5446	7.54375	1.23293	7.88399	200
5447	7.57151	1.19458	7.87748	200
5448	7.54788	1.15854	7.87061	200
5449	7.51623	1.12503	7.86323	200
5450	8.26144	1.09474	7.87152	200
5451	8.25332	1.06504	7.87948	200
5452	8.20123	1.03407	7.88618	200
5453	8.28815	1.00773	7.89455	200
5454	8.21584	0.979127	7.90125	200
5455	8.29116	0.954576	7.90937	200
5456	8.25209	0.929081	7.91651	200
5457	8.23952	0.903828	7.92324	200
5458	8.21396	0.878281	7.92929	200
5459	8.21554	0.853613	7.93526	200
5460	8.22728	0.830213	7.94134	200
5461	8.30111	0.810611	7.94883	200
5462	8.20492	0.787505	7.95417	200
5463	8.92183	0.795011	7.97433	200
5464	8.92248	0.80048	7.99126	200
5465	9.01807	0.808563	8.00959	200
5466	8.86319	0.810171	8.02484	200
5467	8.94062	0.813942	8.04119	200
5468	8.92061	0.81628	8.05689	200
5469	8.96559	0.81958	8.07312	200
5470	8.98545	0.822892	8.08941	200
5471	8.94597	0.824094	8.1047	200
5472	8.95873	0.825162	8.11995	200
5473	8.95014	0.825341	8.13478	200
5474	8.9152	0.823736	8.14871	200
5475	8.94985	0.822928	8.16302	200
5476	8.88228	0.819225	8.17586	200
5477	9.56502	0.839579	8.20067	200
5478	9.59	0.859213	8.22548	200
5479	9.50197	0.874115	8.24827	200
5480	9.65083	0.892987	8.27332	200
5481	9.61284	0.908934	8.29724	200
5482	9.58285	0.922386	8.32019	200
5483	9.51677	0.932178	8.34156	200
5484	9.54103	0.941724	8.36298	200
5485	9.63375	0.953475	8.38567	200
5486	9.58128	0.962122	8.40702	200
5487	9.59257	0.970101	8.42819	200
5488	9.56347	0.976	8.44846	200
5489	9.59517	0.982096	8.46894	200
5490	9.65087	0.989233	8.49004	200
5491	9.70202	0.997188	8.51169	200
5492	10.3441	1.02702	8.54441	200
5493	10.3003	1.0498	8.57184	200
5494	10.3449	1.0724	8.59955	200
5495	10.2666	1.09098	8.6256	200
5496	10.2827	1.10867	8.65149	200
5497	10.3469	1.12701	8.67798	200
5498	10.3412	1.14376	8.70396	200
5499	10.3044	1.15803	8.72897	200
5500	10.2583	1.16963	8.75286	200
5501	10.3416	1.18273	8.77769	200
5502	10.3004	1.19335	8.80148	200
5503	10.3269	1.20373	8.82531	200
5504	10.2897	1.21188	8.8482	200
5505	10.2735	1.21854	8.87046	200
5506	10.2763	1.2244	8.89243	200
5507	10.2793	1.22948	8.9141	200
5508	11.0046	1.25639	8.94676	200
5509	10.9905	1.28099	8.9787	200
5510	11.0547	1.30583	9.01113	200
5511	10.9723	1.32631	9.04178	200
5512	10.981	1.34546	9.07208	200
5513	10.9413	1.36183	9.10128	200
5514	10.9802	1.37799	9.13064	200
5515	11.0667	1.39543	9.16089	200
5516	11.0001	1.4093	9.18963	200
5517	10.9881	1.42146	9.21773	200
5518	11.0113	1.43309	9.24576	200
5519	11.0844	1.44576	9.27448	200
5520	11.0257	1.45531	9.30185	200
5521	10.9944	1.46272	9.32829	200
5522	10.9478	1.46762	9.3536	200
5523	10.9978	1.47314	9.37929	200
5524	10.9548	1.47634	9.4039	200
5525	11.6755	1.50119	9.4394	200
5526	11.6754	1.5216	9.47045	200
5527	11.5705	1.53767	9.49962	200
5528	11.6838	1.55563	9.52996	200
5529	11.6988	1.57266	9.56008	200
5530	11.6634	1.5874	9.58929	200
5531	11.7017	1.60198	9.61863	200
5532	11.613	1.61288	9.64633	200
5533	11.6789	1.62454	9.67456	200
5534	11.6442	1.63413	9.70191	200
5535	11.7093	1.64449	9.72979	200
5536	11.5761	1.6501	9.75544	200
5537	11.6197	1.65605	9.78133	200
5538	11.7493	1.66471	9.80866	200
5539	11.7022	1.67107	9.83496	200
5540	11.6787	1.67586	9.86057	200
5541	11.6476	1.67895	9.88539	200
5542	11.6242	1.68061	9.90954	200
5543	12.3768	1.70246	9.9438	200
5544	12.4079	1.72362	9.97803	200
5545	12.3713	1.74222	10.0113	200
5546	12.4086	1.76042	10.0446	200
5547	12.3642	1.77595	10.0768	200
5548	12.3927	1.79095	10.1089	200
5549	12.3736	1.80411	10.1404	200
5550	12.387	1.8164	10.1716	200
5551	12.4281	1.82862	10.2029	200
5552	12.391	1.83861	10.2333	200
5553	12.3085	1.84518	10.2622	200
5554	12.5038	1.85619	10.2933	200
5555	12.477	1.86529	10.3236	200
5556	12.3393	1.86947	10.3516	200
5557	12.3663	1.8735	10.3796	200
5558	12.3972	1.8775	10.4076	200
5559	12.4555	1.88224	10.4361	200
5560	12.3768	1.88386	10.463	200
5561	12.3254	1.88327	10.4889	200
5562	12.9916	1.90047	10.5236	200
5563	13.0297	1.91561	10.555	200
5564	13.0547	1.93022	10.5862	200
5565	13.0511	1.94358	10.617	200
5566	13.0294	1.9553	10.6472	200
5567	13.0378	1.96619	10.6771	200
5568	13.0669	1.97677	10.7069	200
5569	13.0159	1.98508	10.7358	200
5570	13.0332	1.99289	10.7645	200
5571	13.1562	2.00286	10.7944	200
5572	13.0571	2.00935	10.8227	200
5573	12.9001	2.01106	10.8487	200
5574	12.9956	2.01483	10.8785	200
5575	13.0269	2.01854	10.9083	200
5576	12.9868	2.02041	10.9408	200
5577	13.0149	2.02209	10.9732	200
5578	13.0177	2.02289	11.0097	200
5579	13.0764	2.02446	11.0466	200
5580	13.033	2.02287	11.088	200
5581	13.0766	2.02144	11.1294	200
5582	13.7294	2.05037	11.1944	200
5583	13.7887	2.07757	11.2593	200
5584	13.7291	2.09718	11.321	200
5585	13.6988	2.11121	11.3805	200
5586	13.756	2.12442	11.4399	200
5587	13.743	2.13336	11.4974	200
5588	13.6914	2.13639	11.5523	200
5589	13.8528	2.1446	11.6098	200
5590	13.7047	2.14211	11.6622	200
5591	13.6092	2.13236	11.7108	200
5592	13.7433	2.12736	11.7617	200
5593	7.57785	2.21305	11.6745	200
5594	7.5612	2.29222	11.5888	200
5595	7.6205	2.36206	11.5061	200
5596	7.56261	2.42795	11.424	200
5597	7.52032	2.48944	11.3426	200
5598	7.56568	2.54309	11.264	200
5599	7.52207	2.59304	11.186	200
5600	7.55673	2.63621	11.1104	200
5601	7.5441	2.67496	11.0361	200
5602	7.54772	2.70886	10.9634	200
5603	7.59051	2.73652	10.8931	200
5604	8.24731	2.73275	10.838	200
5605	8.22553	2.72774	10.7836	200
5606	8.17418	2.7228	10.7292	200
5607	8.16434	2.71622	10.6758	200
5608	8.25788	2.70379	10.6254	200
5609	8.24904	2.69015	10.5759	200
5610	8.20921	2.67667	10.5266	200
5611	8.23756	2.66052	10.4789	200
5612	8.11661	2.6481	10.4297	200
5613	8.22878	2.62946	10.3839	200
5614	8.28788	2.60724	10.3402	200
5615	8.24237	2.58601	10.2965	200
5616	8.24814	2.5636	10.2538	200
5617	8.95693	2.51082	10.2268	200
5618	8.94623	2.46688	10.2039	200
5619	8.96636	2.42298	10.1818	200
5620	8.9918	2.37894	10.1606	200
5621	8.95471	2.33705	10.139	200
5622	8.94082	2.29638	10.1176	200
5623	9.00076	2.25425	10.0977	200
5624	8.91991	2.2158	10.0767	200
5625	8.95712	2.17665	10.0567	200
5626	8.94521	2.13861	10.0368	200
5627	8.90109	2.10279	10.0165	200
5628	8.88691	2.06803	9.99637	200
5629	8.91905	2.03265	9.97713	200
5630	8.89203	1.99881	9.95775	200
5631	9.5972	1.9403	9.95131	200
5632	9.56402	1.88483	9.9444	200
5633	9.54428	1.83181	9.93725	200
5634	9.61955	1.77773	9.93158	200
5635	9.57685	1.72691	9.92524	200
5636	9.59547	1.67701	9.91935	200
5637	9.58533	1.62905	9.91339	200
5638	9.61988	1.58135	9.90815	200
5639	9.60622	1.53566	9.90276	200
5640	9.64252	1.49011	9.89811	200
5641	9.60109	1.44749	9.8928	200
5642	9.64201	1.40475	9.88833	200
5643	9.64187	1.36339	9.88392	200
5644	9.62935	1.32378	9.87938	200
5645	9.59169	1.28678	9.87424	200
5646	10.273	1.25506	9.88136	200
5647	10.3325	1.22994	9.88841	200
5648	10.2838	1.20386	9.89459	200
5649	10.3354	1.18002	9.90147	200
5650	10.3321	1.1566	9.9082	200
5651	10.3927	1.13559	9.91577	200
5652	10.3513	1.11371	9.92257	200
5653	10.4406	1.0951	9.93067	200
5654	10.3461	1.07386	9.93716	200
5655	10.2616	1.05044	9.94223	200
5656	10.2711	1.02789	9.94737	200
5657	10.3306	1.00775	9.95335	200
5658	10.3487	0.988607	9.95953	200
5659	10.2748	0.967564	9.96445	200
5660	10.2976	0.947737	9.96966	200
5661	10.3167	0.928965	9.97508	200
5662	11.016	0.932464	9.99135	200
5663	10.9726	0.933988	10.0067	200
5664	11.0109	0.936183	10.0224	200
5665	10.8814	0.933771	10.0358	200
5666	10.9419	0.932907	10.0499	200
5667	10.9608	0.932218	10.0642	200
5668	10.9211	0.929865	10.0776	200
5669	10.857	0.925164	10.0897	200
5670	10.9922	0.924454	10.1038	200
5671	11.0443	0.924955	10.1185	200
5672	11.0226	0.924303	10.1327	200
5673	10.9771	0.921806	10.1459	200
5674	11.1154	0.923296	10.161	200
5675	11.0356	0.921557	10.1766	200
5676	11.0733	0.920667	10.1926	200
5677	10.9812	0.915164	10.2091	200
5678	10.9572	0.908205	10.2247	200
5679	11.6602	0.93457	10.2605	200
5680	11.6516	0.957395	10.2953	200
5681	11.7349	0.98753	10.3403	200
5682	11.7866	1.0162	10.3855	200
5683	11.6966	1.03463	10.4265	200
5684	11.6384	1.04571	10.4643	200
5685	11.6978	1.0551	10.4952	200
5686	11.6875	1.06196	10.525	200
5687	11.6424	1.06473	10.5529	200
5688	11.6691	1.0673	10.5808	200
5689	11.6468	1.06723	10.6075	200
5690	6.09637	1.23942	10.4947	200
5691	6.11716	1.39633	10.3853	200
5692	6.20207	1.53567	10.2807	200
5693	6.14069	1.66589	10.1772	200
5694	6.81543	1.75068	10.0931	200
5695	6.81105	1.82725	10.0111	200
5696	6.82031	1.89542	9.93131	200
5697	7.02502	1.94597	9.85865	200
5698	6.89227	1.99699	9.78449	200
5699	6.8755	2.04259	9.71177	200
5700	6.87338	2.08238	9.64081	200
5701	6.81024	2.11979	9.57004	200
5702	6.96262	2.14417	9.50485	200
5703	6.91079	2.16666	9.44	200
5704	7.03651	2.1785	9.37992	200
5705	7.68162	2.15449	9.33746	200
5706	7.57749	2.13805	9.30079	200
5707	7.58109	2.12062	9.26496	200
5708	7.41197	2.10947	9.22636	200
5709	7.49231	2.09383	9.19023	200
5710	7.5924	2.07316	9.15694	200
5711	7.56264	2.05321	9.12373	200
5712	7.56295	2.03269	9.09121	200
5713	7.48218	2.01504	9.05769	200
5714	7.50067	1.99595	9.02525	200
5715	7.46956	1.97761	8.99284	200
5716	7.32644	1.96464	8.95812	200
5717	8.04447	1.92085	8.93909	200
5718	8.17733	1.87255	8.92322	200
5719	8.26703	1.82187	8.90955	200
5720	8.18215	1.77626	8.89439	200
5721	8.19803	1.73127	8.87988	200
5722	8.40523	1.67891	8.86999	200
5723	8.24973	1.6348	8.85707	200
5724	8.23775	1.59249	8.84417	200
5725	8.17644	1.55395	8.83026	200
5726	8.32534	1.51024	8.81974	200
5727	8.33471	1.46753	8.80963	200
5728	8.26013	1.42928	8.79818	200
5729	8.22607	1.39356	8.78626	200
5730	8.89421	1.33999	8.78851	200
5731	8.90422	1.29627	8.79058	200
5732	8.94966	1.25565	8.79342	200
5733	8.94271	1.21614	8.79608	200
5734	8.93561	1.17769	8.79857	200
5735	8.72036	1.13842	8.79718	200
5736	8.90276	1.10153	8.79906	200
5737	8.92809	1.0668	8.80137	200
5738	9.03916	1.03719	8.80561	200
5739	8.94059	1.00497	8.80802	200
5740	8.79565	0.969519	8.8078	200
5741	8.93296	0.939363	8.81003	200
5742	8.92008	0.909744	8.812	200
5743	8.96563	0.882739	8.81474	200
5744	9.64241	0.880772	8.82952	200
5745	9.65876	0.878931	8.84433	200
5746	9.91934	0.885933	8.86352	200
5747	9.62696	0.881558	8.87716	200
5748	9.76976	0.881952	8.8931	200
5749	9.66111	0.877882	8.90681	200
5750	9.60954	0.871626	8.91936	200
5751	9.63807	0.866164	8.93219	200
5752	9.51599	0.856079	8.94262	200
5753	9.50748	0.845678	8.9527	200
5754	9.56081	0.837193	8.96356	200
5755	9.57402	0.829095	8.97446	200
5756	9.6066	0.82206	8.98575	200
5757	9.56435	0.811916	8.9978	200
5758	9.5713	0.801981	9.00975	200
5759	10.2584	0.824312	9.04097	200
5760	10.2594	0.844018	9.07143	200
5761	9.9331	0.845121	9.09835	200
5762	10.2634	0.865118	9.13476	200
5763	10.1398	0.873862	9.16617	200
5764	10.335	0.892298	9.2027	200
5765	10.3649	0.909166	9.23901	200
5766	10.2988	0.918581	9.27213	200
5767	10.2811	0.924227	9.30366	200
5768	10.2907	0.928155	9.33451	200
5769	10.3411	0.933058	9.36596	200
5770	5.49406	1.11674	9.24496	200
5771	5.59197	1.27525	9.13081	200
5772	5.42395	1.42722	9.01497	200
5773	6.08684	1.52103	8.92346	200
5774	6.14801	1.58375	8.85408	200
5775	6.14368	1.64008	8.78632	200
5776	6.17981	1.6884	8.72115	200
5777	6.20098	1.72999	8.65815	200
5778	6.2222	1.76529	8.59725	200
5779	6.17209	1.79828	8.53662	200
5780	6.07883	1.83126	8.47518	200
5781	6.18112	1.8544	8.41782	200
5782	6.17242	1.87395	8.36169	200
5783	6.86148	1.85526	8.32418	200
5784	6.87666	1.83487	8.28799	200
5785	6.86192	1.81443	8.25234	200
5786	6.90555	1.79105	8.21867	200
5787	6.85826	1.76952	8.18466	200
5788	6.78235	1.75116	8.1496	200
5789	6.84262	1.72895	8.11693	200
5790	6.88201	1.70425	8.08605	200
5791	6.90278	1.6782	8.05647	200
5792	6.88137	1.65304	8.02709	200
5793	7.14988	1.61425	8.00516	200
5794	7.69233	1.54918	7.99734	200
5795	7.6214	1.50029	7.98951	200
5796	7.6528	1.45181	7.98249	200
5797	7.62403	1.40625	7.97502	200
5798	7.67137	1.36031	7.9687	200
5799	7.90027	1.30648	7.96727	200
5800	7.88528	1.25546	7.96556	200
5801	7.83278	1.20868	7.96279	200
5802	7.81839	1.16434	7.95979	200
5803	7.8806	1.11912	7.95814	200
5804	7.60699	1.08712	7.95082	200
5805	7.75345	1.05005	7.94671	200
5806	8.51188	1.02984	7.95848	200
5807	8.46677	1.00811	7.96907	200
5808	8.48355	0.987544	7.97979	200
5809	8.49116	0.967703	7.99044	200
5810	8.45093	0.946569	8.00004	200
5811	8.27208	0.918463	8.0057	200
5812	8.28922	0.892006	8.01161	200
5813	8.27213	0.865694	8.01703	200
5814	8.25959	0.83973	8.02209	200
5815	8.25649	0.814508	8.02697	200
5816	8.25857	0.79022	8.0318	200
5817	8.23389	0.765714	8.036	200
5818	8.16002	0.738976	8.03859	200
5819	8.88428	0.743422	8.05621	200
5820	8.96342	0.749271	8.07241	200
5821	9.0535	0.75755	8.08992	200
5822	8.92533	0.76033	8.10484	200
5823	8.9378	0.762923	8.11972	200
5824	8.99403	0.766901	8.13533	200
5825	8.89653	0.766697	8.14892	200
5826	8.91314	0.766608	8.16257	200
5827	9.12717	0.774857	8.18266	200
5828	8.96335	0.7751	8.19892	200
5829	8.94371	0.773584	8.21754	200
5830	8.96991	0.772523	8.23635	200
5831	8.95202	0.768969	8.25872	200
5832	8.93274	0.763035	8.27978	200
5833	9.60978	0.79847	8.32134	200
5834	9.70917	0.835305	8.36471	200
5835	9.64164	0.862906	8.40461	200
5836	9.72593	0.891556	8.44591	200
5837	9.71963	0.915441	8.48571	200
5838	9.63415	0.930003	8.5216	200
5839	9.79611	0.951534	8.56142	200
5840	5.59492	1.07747	8.46872	200
5841	5.63337	1.18734	8.38012	200
5842	5.47532	1.29468	8.28934	200
5843	5.52531	1.38651	8.20296	200
5844	5.48006	1.47003	8.11787	200
5845	5.51896	1.54059	8.03666	200
5846	5.50293	1.60266	7.95748	200
5847	5.4414	1.65975	7.87885	200
5848	5.47853	1.70603	7.80384	200
5849	6.19907	1.6997	7.75369	200
5850	6.21659	1.69157	7.71526	200
5851	6.18231	1.68364	7.67694	200
5852	6.09443	1.67858	7.63737	200
5853	6.1802	1.66751	7.60095	200
5854	6.13311	1.65753	7.56425	200
5855	6.16961	1.64438	7.52938	200
5856	6.18701	1.62928	7.49582	200
5857	6.16843	1.61419	7.46264	200
5858	6.14896	1.59916	7.4298	200
5859	6.8338	1.549	7.4149	200
5860	6.77948	1.50332	7.39901	200
5861	6.87499	1.45436	7.38591	200
5862	6.8817	1.40685	7.3733	200
5863	6.8675	1.3618	7.36066	200
5864	6.87348	1.31807	7.34848	200
5865	6.89647	1.27476	7.33718	200
5866	6.81878	1.23694	7.32422	200
5867	6.93639	1.19449	7.31452	200
5868	6.89395	1.15579	7.30401	200
5869	6.86776	1.11981	7.2931	200
5870	7.55312	1.07682	7.2996	200
5871	7.53905	1.04193	7.30459	200
5872	7.58376	1.01015	7.3104	200
5873	7.54674	0.977908	7.31532	200
5874	7.59233	0.948703	7.3211	200
5875	7.58134	0.920017	7.32652	200
5876	7.48955	0.888475	7.32991	200
5877	7.60104	0.862752	7.33556	200
5878	7.50146	0.833716	7.33902	200
5879	7.61122	0.810319	7.34469	200
5880	7.61892	0.787982	7.3504	200
5881	7.55474	0.763663	7.35466	200
5882	8.22238	0.767999	7.37273	200
5883	8.28675	0.774082	7.39177	200
5884	8.17361	0.774404	7.40806	200
5885	8.29223	0.778977	7.42648	200
5886	8.20674	0.77903	7.44274	200
5887	8.18916	0.777671	7.45829	200
5888	8.23295	0.777545	7.47443	200
5889	8.22791	0.776542	7.49012	200
5890	8.26467	0.776458	7.50626	200
5891	8.14165	0.77058	7.5195	200
5892	8.15861	0.764006	7.53547	200
5893	8.19798	0.758931	7.55204	200
5894	8.24298	0.754681	7.57363	200
5895	8.95481	0.793837	7.61679	200
5896	8.93182	0.83727	7.67158	200
5897	8.94071	0.873257	7.72446	200
5898	8.8668	0.89568	7.77206	200
5899	8.90414	0.91538	7.81923	200
5900	8.96878	0.930016	7.85515	200
5901	8.92507	0.938759	7.88858	200
5902	8.89369	0.942905	7.91999	200
5903	4.83305	1.07691	7.82353	200
5904	4.87505	1.19388	7.73139	200
5905	4.97598	1.29147	7.64528	200
5906	4.81717	1.38751	7.5569	200
5907	5.50001	1.42935	7.49262	200
5908	5.46898	1.46649	7.42938	200
5909	5.58475	1.49013	7.37174	200
5910	5.51324	1.51315	7.31366	200
5911	5.41338	1.53734	7.25427	200
5912	5.43092	1.55522	7.1973	200
5913	5.39557	1.57062	7.14099	200
5914	5.55007	1.57189	7.09127	200
5915	6.15153	1.53238	7.06191	200
5916	6.1288	1.50242	7.03858	200
5917	6.18835	1.46981	7.01732	200
5918	6.1589	1.43924	6.99586	200
5919	6.19325	1.40741	6.97579	200
5920	6.25881	1.37288	6.95787	200
5921	6.14724	1.34477	6.9376	200
5922	6.16377	1.31622	6.91826	200
5923	6.08767	1.29194	6.89749	200
5924	6.2135	1.26154	6.88039	200
5925	6.91455	1.20017	6.88125	200
5926	6.87867	1.14029	6.88118	200
5927	6.88582	1.08351	6.8813	200
5928	6.80363	1.03322	6.87935	200
5929	6.85054	0.982997	6.87863	200
5930	6.77002	0.939277	6.87592	200
5931	6.85981	0.893118	6.87551	200
5932	6.84791	0.849842	6.87482	200
5933	6.86712	0.807735	6.87463	200
5934	6.81827	0.770166	6.87322	200
5935	6.80495	0.735071	6.87151	200
5936	7.49533	0.729508	6.88711	200
5937	7.57243	0.727667	6.90139	200
5938	7.76162	0.73319	6.91931	200
5939	7.63759	0.732569	6.93427	200
5940	7.66898	0.732658	6.94958	200
5941	7.66	0.731731	6.96438	200
5942	7.65723	0.730111	6.97881	200
5943	7.69134	0.729378	6.99365	200
5944	7.62037	0.7251	7.00671	200
5945	7.65961	0.722091	7.02031	200
5946	7.66315	0.718788	7.0337	200
5947	7.65845	0.714869	7.04672	200
5948	8.35023	0.739395	7.07388	200
5949	8.36038	0.762191	7.10068	200
5950	8.08757	0.771553	7.12124	200
5951	8.2353	0.785824	7.14445	200
5952	8.27664	0.800256	7.16803	200
5953	8.25529	0.812214	7.19068	200
5954	8.26348	0.823071	7.21303	200
5955	8.19638	0.829749	7.23352	200
5956	8.2335	0.836842	7.25435	200
5957	8.24043	0.84306	7.27489	200
5958	8.24287	0.848264	7.29506	200
5959	8.22482	0.851659	7.31443	200
5960	8.2549	0.855359	7.33402	200
5961	8.91326	0.88552	7.36692	200
5962	8.94481	0.910247	7.3951	200
5963	9.1037	0.938759	7.42561	200
5964	8.93026	0.958969	7.45248	200
5965	8.84232	0.974357	7.47729	200
5966	8.90459	0.990533	7.50278	200
5967	8.89917	1.00503	7.52772	200
5968	8.96102	1.02032	7.55331	200
5969	8.96295	1.03423	7.57848	200
5970	8.90696	1.04473	7.6022	200
5971	8.91626	1.05435	7.62567	200
5972	8.92368	1.06305	7.64885	200
5973	8.9342	1.07099	7.6718	200
5974	8.99168	1.07988	7.69537	200
5975	9.66727	1.11174	7.73058	200
5976	9.54397	1.1368	7.76296	200
5977	9.48745	1.15779	7.79376	200
5978	9.61161	1.18136	7.82622	200
5979	9.5939	1.2023	7.85778	200
5980	9.65208	1.22344	7.88982	200
5981	9.61633	1.24141	7.92065	200
5982	9.52139	1.25424	7.94924	200
5983	9.58573	1.26789	7.97846	200
5984	9.62428	1.28139	8.00785	200
5985	9.61593	1.29305	8.03656	200
5986	9.63414	1.30393	8.06509	200
5987	9.58646	1.31169	8.09226	200
5988	9.59583	1.31855	8.11911	200
5989	9.62525	1.32525	8.146	200
5990	10.2399	1.3527	8.1834	200
5991	10.3238	1.37731	8.21684	200
5992	10.6222	1.40944	8.25442	200
5993	10.3644	1.43133	8.28739	200
5994	10.3782	1.45194	8.32006	200
5995	10.306	1.46863	8.35109	200
5996	10.3363	1.48477	8.38211	200
5997	10.3687	1.50045	8.41315	200
5998	10.3255	1.51332	8.44303	200
5999	10.539	1.53153	8.47578	200
6000	10.3436	1.54204	8.50496	200
6001	10.3447	1.55134	8.53371	200
6002	10.3441	1.55944	8.56199	200
6003	10.3011	1.56505	8.58917	200
6004	10.2717	1.56872	8.61546	200
6005	10.3563	1.5741	8.64266	200
6006	11.0024	1.59865	8.67953	200
6007	11.0085	1.62147	8.71592	200
6008	10.5953	1.62953	8.74528	200
6009	10.9226	1.64665	8.7793	200
6010	10.9524	1.6631	8.81326	200
6011	10.9671	1.67844	8.84691	200
6012	10.9481	1.69165	8.87974	200
6013	10.9368	1.70307	8.91188	200
6014	10.982	1.71454	8.94423	200
6015	10.7547	1.71754	8.97252	200
6016	10.9839	1.72672	9.00394	200
6017	10.9522	1.73364	9.03438	200
6018	10.9715	1.74	9.06465	200
6019	10.9748	1.74531	9.0945	200
6020	10.987	1.74991	9.12407	200
6021	10.9669	1.75282	9.15286	200
6022	11.0046	1.75591	9.18179	200
6023	11.7221	1.78042	9.22148	200
6024	11.6651	1.79884	9.25542	200
6025	11.7315	1.81765	9.28981	200
6026	11.6858	1.83372	9.32309	200
6027	11.6578	1.84763	9.35552	200
6028	11.6804	1.86089	9.38781	200
6029	11.6862	1.87304	9.41973	200
6030	11.7201	1.88491	9.45168	200
6031	11.6982	1.89496	9.48288	200
6032	11.7104	1.90419	9.51382	200
6033	11.6548	1.91077	9.54355	200
6034	11.6862	1.91721	9.57331	200
6035	11.6619	1.92197	9.60232	200
6036	12.0859	1.93757	9.63681	200
6037	11.8744	1.9459	9.66789	200
6038	11.9303	1.9547	9.69931	200
6039	11.9962	1.9642	9.73121	200
6040	11.9418	1.97104	9.76191	200
6041	12.5631	1.9941	9.80082	200
6042	12.5796	2.0159	9.83941	200
6043	12.557	2.03539	9.87716	200
6044	12.6996	2.05725	9.91635	200
6045	12.6496	2.07603	9.95432	200
6046	12.597	2.09177	9.99102	200
6047	12.579	2.10555	10.027	200
6048	12.5956	2.11842	10.0626	200
6049	12.5603	2.12895	10.0973	200
6050	12.5692	2.13848	10.1317	200
6051	12.5869	2.14727	10.1658	200
6052	12.5981	2.15519	10.1995	200
6053	12.6193	2.16254	10.2331	200
6054	12.2157	2.15754	10.2607	200
6055	12.4111	2.15734	10.2905	200
6056	12.4491	2.15737	10.3205	200
6057	12.3033	2.15252	10.3481	200
6058	12.3362	2.14795	10.3757	200
6059	12.4479	2.14585	10.4045	200
6060	13.0997	2.16111	10.4419	200
6061	13.13	2.17428	10.4755	200
6062	13.0524	2.18435	10.5077	200
6063	12.9918	2.19184	10.5388	200
6064	13.053	2.1999	10.5702	200
6065	13.1151	2.20948	10.6055	200
6066	13.0893	2.2171	10.64	200
6067	13.0872	2.22429	10.6783	200
6068	13.1315	2.23144	10.7166	200
6069	13.0975	2.23678	10.7591	200
6070	13.089	2.24011	10.8007	200
6071	13.3253	2.25196	10.8533	200
6072	13.075	2.2507	10.8996	200
6073	13.0197	2.24417	10.9526	200
6074	13.0118	2.23492	11.0041	200
6075	12.9676	2.22135	11.0532	200
6076	13.0666	2.21095	11.1035	200
6077	13.0346	2.19696	11.1518	200
6078	12.9598	2.17751	11.197	200
6079	13.0097	2.15927	11.2423	200
6080	13.7332	2.17585	11.3046	200
6081	13.7389	2.18878	11.3654	200
6082	13.8222	2.20218	11.4268	200
6083	13.6974	2.20559	11.4836	200
6084	6.94408	2.32229	11.3701	200
6085	7.67434	2.39096	11.2777	200
6086	7.61878	2.4438	11.2015	200
6087	7.57994	2.49287	11.126	200
6088	7.65678	2.53355	11.0538	200
6089	7.68503	2.56835	10.9836	200
6090	7.65597	2.59998	10.9143	200
6091	7.6151	2.62912	10.8455	200
6092	7.553	2.65676	10.7769	200
6093	7.55277	2.6804	10.7098	200
6094	7.60125	2.69824	10.645	200
6095	7.56191	2.71427	10.5808	200
6096	7.49998	2.72954	10.5166	200
6097	8.24786	2.71034	10.4693	200
6098	8.31168	2.68731	10.4244	200
6099	8.23764	2.66645	10.3788	200
6100	8.22726	2.645	10.334	200
6101	8.19446	2.62394	10.2894	200
6102	8.19557	2.60185	10.2458	200
6103	8.2416	2.57694	10.204	200
6104	8.31064	2.54846	10.1646	200
6105	8.28477	2.5206	10.1254	200
6106	8.26942	2.49291	10.0868	200
6107	8.26336	2.46501	10.0488	200
6108	8.24872	2.43731	10.0113	200
6109	8.21206	2.41072	9.97378	200
6110	8.90979	2.36262	9.95478	200
6111	8.83643	2.31818	9.93481	200
6112	8.97962	2.2695	9.91776	200
6113	8.90032	2.22478	9.89959	200
6114	8.91313	2.18056	9.88197	200
6115	8.95765	2.13569	9.86547	200
6116	8.9014	2.09385	9.84825	200
6117	8.90266	2.05284	9.83136	200
6118	8.86672	2.01397	9.81414	200
6119	8.94596	1.97305	9.79863	200
6120	8.8719	1.93568	9.78208	200
6121	8.97421	1.8954	9.76766	200
6122	8.97453	1.85604	9.75349	200
6123	9.59859	1.79528	9.75073	200
6124	9.7909	1.7326	9.75144	200
6125	9.90003	1.67603	9.7541	200
6126	9.81694	1.61841	9.75522	200
6127	9.87324	1.56482	9.75733	200
6128	9.90703	1.51428	9.76	200
6129	9.86235	1.46386	9.76183	200
6130	9.89147	1.41621	9.76414	200
6131	9.78278	1.36629	9.76447	200
6132	9.81539	1.31931	9.76538	200
6133	9.76616	1.27222	9.76539	200
6134	9.84934	1.22978	9.76689	200
6135	9.76886	1.18593	9.76693	200
6136	9.74591	1.14433	9.76655	200
6137	9.81044	1.10503	9.76734	200
6138	10.522	1.09251	9.78081	200
6139	10.3501	1.07616	9.78971	200
6140	10.2227	1.05606	9.79647	200
6141	10.3094	1.03909	9.80449	200
6142	10.3288	1.023	9.81268	200
6143	10.2658	1.00519	9.81976	200
6144	10.1989	0.985627	9.82568	200
6145	10.2287	0.967419	9.83198	200
6146	10.2944	0.951637	9.8392	200
6147	10.3397	0.937537	9.84702	200
6148	10.312	0.922769	9.85429	200
6149	10.3237	0.908601	9.86162	200
6150	10.3409	0.895184	9.86911	200
6151	10.3185	0.881254	9.87613	200
6152	10.3338	0.868015	9.88328	200
6153	10.3572	0.855699	9.89068	200
6154	10.9687	0.862647	9.90753	200
6155	10.9582	0.868523	9.92394	200
6156	11.031	0.875978	9.94124	200
6157	10.9356	0.879678	9.95678	200
6158	11.0016	0.884839	9.97311	200
6159	10.9446	0.887545	9.98828	200
6160	10.9923	0.891183	10.004	200
6161	10.9819	0.893894	10.0193	200
6162	11.0212	0.897269	10.0349	200
6163	10.9587	0.898096	10.0493	200
6164	10.9868	0.899326	10.064	200
6165	10.9375	0.898403	10.0796	200
6166	10.936	0.896902	10.0949	200
6167	10.9993	0.897215	10.1137	200
6168	11.0322	0.8981	10.1329	200
6169	10.9539	0.894245	10.1534	200
6170	11.0188	0.892803	10.175	200
6171	11.6679	0.930307	10.2217	200
6172	11.6611	0.962129	10.2666	200
6173	11.6393	0.987784	10.3095	200
6174	11.711	1.01364	10.3533	200
6175	11.5858	1.02458	10.3841	200
6176	11.6821	1.03825	10.4166	200
6177	11.7284	1.05192	10.4494	200
6178	11.6865	1.06118	10.4803	200
6179	11.6528	1.06675	10.5096	200
6180	6.1664	1.23057	10.401	200
6181	6.14797	1.3817	10.2947	200
6182	6.22195	1.51625	10.1929	200
6183	6.20515	1.63982	10.0932	200
6184	6.84059	1.72046	10.0119	200
6185	6.898	1.79013	9.93404	200
6186	6.85629	1.85451	9.8571	200
6187	6.829	1.91319	9.7814	200
6188	6.90767	1.96122	9.70955	200
6189	6.86953	2.00516	9.63855	200
6190	6.93911	2.03987	9.57106	200
6191	6.94623	2.06912	9.50544	200
6192	6.79868	2.101	9.43777	200
6193	6.83151	2.12627	9.37262	200
6194	6.85016	2.14607	9.30955	200
6195	7.57031	2.12573	9.26607	200
6196	7.36216	2.11649	9.22641	200
6197	7.59877	2.09612	9.1925	200
6198	7.54556	2.0774	9.15818	200
6199	7.4941	2.06018	9.12352	200
6200	7.5375	2.04042	9.09047	200
6201	7.50476	2.02148	9.05744	200
6202	7.52526	2.00109	9.02552	200
6203	7.59903	1.97715	8.9958	200
6204	7.56409	1.95442	8.96597	200
6205	7.5739	1.93099	8.93697	200
6206	7.53124	1.9091	8.90768	200
6207	8.25925	1.85658	8.89417	200
6208	8.2563	1.8058	8.88088	200
6209	8.22042	1.75807	8.86712	200
6210	8.20727	1.71231	8.85337	200
6211	8.27052	1.66525	8.84123	200
6212	8.26882	1.61972	8.82931	200
6213	8.2955	1.57447	8.81818	200
6214	8.22005	1.53379	8.80572	200
6215	8.24567	1.49321	8.79406	200
6216	8.21371	1.45518	8.78196	200
6217	8.23742	1.41723	8.77062	200
6218	8.292	1.37813	8.76065	200
6219	8.34192	1.33815	8.75192	200
6220	8.95914	1.29103	8.75624	200
6221	8.96624	1.25242	8.75999	200
6222	9.07652	1.21899	8.76564	200
6223	9.02025	1.18455	8.77019	200
6224	8.95312	1.14878	8.77345	200
6225	8.8926	1.112	8.77558	200
6226	8.90143	1.07679	8.77783	200
6227	8.88951	1.04232	8.77982	200
6228	8.8977	1.0093	8.78192	200
6229	8.92539	0.978378	8.78449	200
6230	8.99656	0.951009	8.78827	200
6231	8.86995	0.919961	8.78973	200
6232	8.78176	0.88739	8.78959	200
6233	8.85568	0.858057	8.79077	200
6234	9.57086	0.855272	8.8047	200
6235	9.63063	0.854224	8.81944	200
6236	9.60727	0.851852	8.83351	200
6237	9.70932	0.852707	8.84915	200
6238	9.58222	0.848434	8.86224	200
6239	9.67939	0.847316	8.87683	200
6240	9.58638	0.842395	8.8895	200
6241	9.63196	0.838825	8.90276	200
6242	9.60759	0.834039	8.91535	200
6243	9.62459	0.829582	8.92801	200
6244	9.4677	0.819228	8.93765	200
6245	9.59547	0.813463	8.9494	200
6246	9.65204	0.809505	8.96194	200
6247	9.61665	0.803055	8.97558	200
6248	9.56263	0.794054	8.98781	200
6249	10.2496	0.817439	9.01935	200
6250	10.1583	0.833516	9.04783	200
6251	10.3171	0.86075	9.08749	200
6252	10.1208	0.871534	9.11978	200
6253	10.2919	0.89032	9.15641	200
6254	10.2229	0.901333	9.18974	200
6255	10.2414	0.910728	9.2226	200
6256	10.4428	0.93007	9.26073	200
6257	10.2736	0.935242	9.29238	200
6258	10.2395	0.935981	9.32198	200
6259	10.2779	0.937229	9.35185	200
6260	5.48281	1.12047	9.23095	200
6261	5.57383	1.27901	9.11666	200
6262	5.51186	1.42437	9.00401	200
6263	5.48662	1.55518	8.89409	200
6264	6.16268	1.61399	8.82581	200
6265	6.02936	1.67311	8.75589	200
6266	6.17692	1.71841	8.69142	200
6267	6.17701	1.75821	8.62856	200
6268	6.29114	1.78717	8.57012	200
6269	6.21783	1.81542	8.51131	200
6270	6.0435	1.84804	8.44962	200
6271	6.18382	1.86893	8.39297	200
6272	6.22642	1.88381	8.33881	200
6273	6.88192	1.86246	8.30238	200
6274	6.87722	1.8406	8.26675	200
6275	6.84487	1.81966	8.23121	200
6276	6.87085	1.79669	8.1972	200
6277	6.88241	1.7726	8.16433	200
6278	6.77718	1.75333	8.12965	200
6279	6.94792	1.72475	8.1001	200
6280	6.94119	1.69645	8.07113	200
6281	6.88019	1.67118	8.04136	200
6282	6.85358	1.64701	8.01166	200
6283	6.83774	1.62335	7.98231	200
6284	7.51166	1.56572	7.97055	200
6285	7.59342	1.51619	7.96269	200
6286	7.58748	1.46865	7.95487	200
6287	7.57109	1.42345	7.94688	200
6288	7.56867	1.3799	7.939	200
6289	7.52251	1.33975	7.93032	200
6290	7.38165	1.30679	7.91889	200
6291	7.82203	1.25638	7.91687	200
6292	7.64961	1.21516	7.9113	200
6293	7.66342	1.17486	7.90614	200
6294	7.72177	1.13359	7.9023	200
6295	7.72356	1.0938	7.89857	200
6296	8.40575	1.06936	7.90914	200
6297	8.38364	1.04457	7.91902	200
6298	8.3681	1.01976	7.92838	200
6299	8.41831	0.997683	7.93858	200
6300	8.39287	0.975041	7.94805	200
6301	8.39094	0.952868	7.95728	200
6302	8.39539	0.931419	7.9664	200
6303	8.05979	0.896501	7.96835	200
6304	8.24658	0.870739	7.97414	200
6305	8.26043	0.846387	7.98011	200
6306	8.21006	0.820702	7.9849	200
6307	8.25921	0.797935	7.99061	200
6308	8.24927	0.775465	7.996	200
6309	8.93794	0.782401	8.01562	200
6310	8.90748	0.78631	8.03155	200
6311	8.92644	0.790187	8.04753	200
6312	8.96695	0.794802	8.06395	200
6313	8.94446	0.797863	8.07967	200
6314	8.95717	0.800707	8.09534	200
6315	8.95017	0.80264	8.1106	200
6316	8.94743	0.803861	8.12555	200
6317	8.94479	0.80441	8.14017	200
6318	8.92182	0.803596	8.15413	200
6319	8.96672	0.803917	8.16864	200
6320	8.88054	0.80063	8.18135	200
6321	8.91712	0.798313	8.19449	200
6322	8.94463	0.796592	8.20789	200
6323	9.58473	0.817315	8.23247	200
6324	9.61828	0.837618	8.25722	200
6325	9.62635	0.8566	8.28167	200
6326	9.61225	0.873528	8.30543	200
6327	9.58417	0.887999	8.32826	200
6328	9.57626	0.900856	8.35055	200
6329	9.59863	0.913257	8.37283	200
6330	9.59719	0.924367	8.3947	200
6331	9.64729	0.936089	8.41706	200
6332	9.64817	0.946625	8.43905	200
6333	9.64839	0.956007	8.46064	200
6334	9.61506	0.963093	8.48126	200
6335	9.61674	0.969249	8.50153	200
6336	9.57959	0.973134	8.52078	200
6337	9.63918	0.978322	8.54075	200
6338	10.4242	1.01065	8.57438	200
6339	10.2741	1.03218	8.60094	200
6340	10.3174	1.05356	8.62776	200
6341	10.2463	1.07122	8.65305	200
6342	10.4341	1.0934	8.68088	200
6343	10.528	1.11695	8.70974	200
6344	10.3511	1.13334	8.73539	200
6345	10.3055	1.14699	8.75992	200
6346	10.3105	1.1596	8.78415	200
6347	10.3863	1.17343	8.80918	200
6348	10.2394	1.18145	8.83152	200
6349	10.4149	1.19402	8.85627	200
6350	10.2851	1.20135	8.87859	200
6351	10.3176	1.20878	8.90108	200
6352	10.3005	1.21474	8.92294	200
6353	10.1856	1.21623	8.94267	200
6354	10.9033	1.2395	8.9733	200
6355	11.045	1.2655	9.00567	200
6356	11.0338	1.28933	9.03736	200
6357	11.0037	1.31049	9.06809	200
6358	10.8793	1.32614	9.09639	200
6359	10.7747	1.33714	9.12261	200
6360	10.9434	1.35226	9.15106	200
6361	11.0019	1.36784	9.17998	200
6362	10.9574	1.38064	9.20775	200
6363	10.8838	1.38987	9.23394	200
6364	11.0198	1.40224	9.26184	200
6365	10.9784	1.41206	9.28866	200
6366	11.0517	1.42303	9.31621	200
6367	10.9629	1.43002	9.34194	200
6368	11.1318	1.44127	9.36991	200
6369	10.9873	1.44677	9.39518	200
6370	11.0294	1.45263	9.42071	200
6371	11.6558	1.47708	9.45563	200
6372	11.7502	1.49979	9.4875	200
6373	11.7687	1.52149	9.51919	200
6374	11.8219	1.54319	9.55117	200
6375	11.776	1.56213	9.58207	200
6376	11.9301	1.58396	9.61468	200
6377	11.8026	1.60073	9.64507	200
6378	12.0091	1.62194	9.6779	200
6379	11.8029	1.63591	9.70741	200
6380	11.8488	1.64995	9.73715	200
6381	11.7476	1.65996	9.76508	200
6382	11.735	1.66857	9.79243	200
6383	11.9001	1.68077	9.82171	200
6384	11.9804	1.69405	9.85169	200
6385	12.2899	1.71472	9.88555	200
6386	12.4344	1.73789	9.92095	200
6387	12.3133	1.75606	9.95418	200
6388	12.4841	1.77756	9.98932	200
6389	13.0943	1.81444	10.0324	200
6390	15.4271	1.91388	10.1074	200
6391	17.2277	2.05851	10.2063	200
6392	17.1919	2.19537	10.3033	200
6393	17.2152	2.32639	10.3993	200
6394	17.07	2.44706	10.4919	200
6395	17.1536	2.56413	10.5845	200
6396	16.9329	2.66925	10.6726	200
6397	17.1441	2.77487	10.7625	200
6399	16.5049	2.8573	10.8423	200
6400	16.5058	2.93525	10.9209	200
6401	16.4446	3.00715	10.9976	200
6402	16.3687	3.07282	11.0722	200
6403	17.2048	3.15781	11.1574	200
6404	17.2289	3.23875	11.2417	200
6405	17.2688	3.3162	11.3254	200
6406	17.1198	3.38504	11.4059	200
6407	17.2439	3.45317	11.487	200
6408	17.9392	3.53648	11.5766	200
6409	15.4308	3.5453	11.6301	200
6412	12.3951	3.47579	11.6397	200
6414	11.665	3.38953	11.64	200
6417	10.1856	3.33577	11.6198	200
6418	10.9575	3.26151	11.6106	200
6419	11.2713	3.17019	11.6053	200
6420	11.2921	3.08091	11.6004	200
6421	9.9524	3.02974	11.571	200
6422	9.9468	2.97954	11.542	200
6423	9.95835	2.92137	11.509	200
6426	8.58599	2.92144	11.4481	200
6427	8.62441	2.91655	11.3775	200
6428	9.3722	2.87099	11.3274	200
6429	9.23547	2.83204	11.2751	200
6430	1.31334	3.18852	11.026	200
6431	2.03648	3.47857	10.8013	200
6432	2.0959	3.73991	10.5837	200
6433	2.04974	3.97961	10.3703	200
6434	2.01594	4.19835	10.1615	200
6435	1.96136	4.39844	9.95645	200
6436	2.03322	4.57468	9.75837	200
6437	2.05203	4.73126	9.56571	200
6438	2.08215	4.86887	9.37862	200
6439	2.11242	4.98874	9.19696	200
6440	2.05261	5.07855	9.04812	200
6441	2.01895	5.15983	8.90168	200
6442	2.05332	5.23018	8.75901	200
6443	2.80159	5.26049	8.63489	200
6444	2.73709	5.28704	8.51202	200
6445	2.76569	5.30618	8.39231	200
6446	2.68845	5.32275	8.27347	200
6447	2.63597	5.33586	8.15603	200
6448	2.73313	5.33949	8.04305	200
6449	2.78063	5.33627	7.93342	200
6450	2.82091	5.32695	7.8269	200
6451	2.80119	5.3144	7.7222	200
6452	2.74553	5.30033	7.61852	200
6453	2.72702	5.28329	7.51661	200
6454	2.66573	5.26527	7.41555	200
6455	2.68327	5.24307	7.31696	200
6456	3.35554	5.18966	7.23443	200
6457	3.47957	5.12988	7.15621	200
6458	3.42602	5.07156	7.07849	200
6459	3.41345	5.01295	7.00214	200
6460	3.3908	4.95455	6.9269	200
6461	3.40515	4.89485	6.85353	200
6462	3.23951	4.84148	6.77824	200
6463	3.42892	4.77931	6.70846	200
6464	3.47003	4.71511	6.64099	200
6465	3.45336	4.66055	6.58407	200
6466	3.48269	4.60487	6.52869	200
6467	3.62155	4.54423	6.47677	200
6468	3.39009	4.49218	6.42165	200
6469	3.47644	4.43693	6.36906	200
6470	4.11471	4.35898	6.3288	200
6471	4.12087	4.28216	6.28937	200
6472	4.12578	4.20649	6.25074	200
6473	3.94506	4.13861	6.20956	200
6474	4.16398	4.06385	6.17304	200
6475	4.11552	3.9922	6.13629	200
6476	4.19077	3.9191	6.10155	200
6477	4.09329	3.85086	6.06569	200
6478	4.05553	3.78512	6.02979	200
6479	4.11212	3.71842	5.99555	200
6480	4.18657	3.65023	5.96324	200
6481	4.04619	3.58833	5.92901	200
6482	4.06208	3.52685	5.89567	200
6483	4.11274	3.46457	5.86383	200
6484	4.15108	3.402	5.83325	200
6485	4.89577	3.31398	5.81651	200
6486	4.80699	3.23168	5.79848	200
6487	4.70348	3.15537	5.77893	200
6488	4.76782	3.07879	5.76087	200
6489	4.79521	3.00332	5.74363	200
6490	4.82791	2.92876	5.72727	200
6491	4.91103	2.85331	5.7127	200
6492	4.73166	2.78645	5.69518	200
6493	4.74946	2.72071	5.67829	200
6494	4.84926	2.66159	5.66534	200
6495	4.82952	2.60453	5.65228	200
6496	4.8438	2.54841	5.63964	200
6497	4.73589	2.49701	5.62552	200
6498	4.62815	2.45015	5.60994	200
6499	4.78959	2.39921	5.59712	200
6500	4.84264	2.34782	5.58533	200
6501	5.5321	2.27611	5.5845	200
6502	5.40081	2.21072	5.58163	200
6503	5.46827	2.14518	5.57986	200
6504	5.48928	2.08097	5.57844	200
6505	5.56053	2.0165	5.57816	200
6506	5.52058	1.95528	5.57726	200
6507	5.5156	1.89611	5.5763	200
6508	5.46654	1.84028	5.57458	200
6509	5.4701	1.78604	5.57295	200
6510	5.53907	1.73128	5.57242	200
6511	5.48344	1.67996	5.57103	200
6512	5.39158	1.63307	5.56822	200
6513	5.44059	1.58603	5.56623	200
6514	5.46607	1.53959	5.56466	200
6515	5.53285	1.49247	5.56416	200
6516	5.53808	1.44665	5.56376	200
6517	5.49219	1.40368	5.56264	200
6518	6.16899	1.37876	5.57211	200
6519	6.1229	1.35288	5.58072	200
6520	6.19688	1.32986	5.59034	200
6521	6.20497	1.30751	5.59995	200
6522	6.19904	1.28537	5.60931	200
6523	6.19745	1.26358	5.6185	200
6524	6.10027	1.23915	5.62602	200
6525	6.19466	1.21819	5.63491	200
6526	6.25961	1.19965	5.64467	200
6527	6.27592	1.18386	5.65343	200
6528	6.17585	1.16548	5.66069	200
6529	6.14156	1.14647	5.66737	200
6530	6.23851	1.13048	5.6753	200
6531	6.17386	1.11293	5.68222	200
6532	6.20437	1.09652	5.68948	200
6533	6.17856	1.07964	5.69627	200
6534	6.15456	1.06238	5.70263	200
6535	6.18933	1.04639	5.70939	200
6536	6.76294	1.04659	5.72402	200
6537	6.83256	1.04831	5.73942	200
6538	6.85779	1.05026	5.75495	200
6539	6.92227	1.05351	5.77116	200
6540	6.81273	1.05318	5.78563	200
6541	6.88711	1.05452	5.80093	200
6542	6.9	1.05575	5.81619	200
6543	6.8772	1.0559	5.83093	200
6544	6.83035	1.05433	5.84481	200
6545	6.73248	1.0497	5.85714	200
6546	6.92014	1.05007	5.8719	200
6547	6.8585	1.04831	5.8856	200
6548	6.87751	1.04674	5.89938	200
6549	6.85279	1.04415	5.91262	200
6550	6.83839	1.04086	5.92548	200
6551	6.86392	1.03801	5.93851	200
6552	6.88517	1.03547	5.95166	200
6553	6.84301	1.03147	5.96404	200
6554	6.85897	1.02768	5.97647	200
6555	7.52103	1.04203	5.99792	200
6556	7.56999	1.05676	6.01975	200
6557	7.50747	1.06873	6.04041	200
6558	7.45679	1.07838	6.06008	200
6559	7.53556	1.08941	6.08058	200
6560	7.5208	1.09916	6.10058	200
6561	7.57319	1.10953	6.12103	200
6562	7.53744	1.11806	6.1407	200
6563	7.55832	1.12638	6.16039	200
6564	7.61439	1.13457	6.17857	200
6565	7.51543	1.13962	6.19528	200
6566	7.58577	1.14589	6.21266	200
6567	7.55914	1.15091	6.22949	200
6568	7.55337	1.15523	6.24604	200
6569	7.58477	1.15982	6.26277	200
6570	7.64929	1.16549	6.2801	200
6571	7.62205	1.1699	6.29687	200
6572	7.49836	1.17069	6.31189	200
6573	7.53745	1.17206	6.32721	200
6574	7.47667	1.17149	6.34158	200
6575	8.21177	1.18896	6.36496	200
6576	8.17315	1.20444	6.38756	200
6577	8.30946	1.22237	6.41158	200
6578	8.27301	1.23835	6.43485	200
6579	8.24617	1.25267	6.45749	200
6580	8.19863	1.26489	6.47925	200
6581	8.28499	1.27841	6.50182	200
6582	8.156	1.2878	6.5225	200
6583	8.18723	1.29722	6.54331	200
6584	8.31203	1.30901	6.56542	200
6585	8.25421	1.3185	6.58653	200
6586	8.26218	1.32743	6.60747	200
6587	8.12176	1.3321	6.6264	200
6588	8.20843	1.33835	6.64618	200
6589	8.2126	1.34405	6.66576	200
6590	8.20763	1.349	6.68503	200
6591	8.20058	1.35316	6.70397	200
6592	8.26557	1.35837	6.72349	200
6593	8.15762	1.36026	6.74142	200
6594	8.21468	1.36309	6.75983	200
6595	8.24595	1.36616	6.77841	200
6596	8.89726	1.38498	6.8049	200
6597	8.9486	1.40395	6.83169	200
6598	8.90841	1.42077	6.85765	200
6599	8.95338	1.43764	6.88384	200
6600	8.95727	1.4553	6.91264	200
6601	8.90844	1.47032	6.94036	200
6602	8.89612	1.48548	6.97092	200
6603	8.89053	1.49905	7.00091	200
6604	8.92565	1.51425	7.03528	200
6605	8.93041	1.52786	7.06912	200
6606	9.00405	1.54482	7.10943	200
6607	8.95145	1.5572	7.14781	200
6608	8.92203	1.56805	7.19216	200
6609	8.93567	1.57682	7.23575	200
6610	8.84999	1.57869	7.27611	200
6611	2.02144	1.76249	7.14474	200
6612	2.09283	1.89955	7.03949	200
6613	2.04517	2.0285	6.93544	200
6614	2.09034	2.14586	6.8345	200
6615	2.76276	2.2261	6.74967	200
6616	2.6898	2.30251	6.66509	200
6617	2.7591	2.36932	6.58372	200
6618	2.70462	2.43223	6.5029	200
6619	2.74323	2.48754	6.42457	200
6620	2.79471	2.53513	6.34895	200
6621	2.75309	2.57933	6.27404	200
6622	2.7218	2.61987	6.20003	200
6623	2.81779	2.65163	6.12957	200
6624	2.85976	2.67739	6.06145	200
6625	2.66475	2.70736	5.99068	200
6626	2.7961	2.72766	5.92413	200
6627	2.53785	2.7551	5.85358	200
6628	3.34635	2.74477	5.80135	200
6629	3.23694	2.73726	5.74792	200
6630	3.43309	2.71966	5.69969	200
6631	3.41796	2.70141	5.65216	200
6632	3.48161	2.67929	5.60694	200
6633	3.41174	2.65912	5.5612	200
6634	3.45264	2.63618	5.51727	200
6635	3.47809	2.6113	5.47479	200
6636	3.40928	2.58856	5.43176	200
6637	3.38631	2.56916	5.39523	200
6638	3.33948	2.55083	5.35852	200
6639	3.38365	2.53026	5.32326	200
6640	3.36283	2.5099	5.28825	200
6641	3.54358	2.48258	5.25709	200
6642	4.14084	2.43378	5.23716	200
6643	4.13009	2.38639	5.21739	200
6644	4.11446	2.34056	5.19769	200
6645	4.1014	2.29612	5.17812	200
6646	4.15514	2.25065	5.15985	200
6647	4.00538	2.2115	5.13923	200
6648	4.08014	2.17034	5.12032	200
6649	4.15061	2.12746	5.103	200
6650	4.12775	2.08631	5.08559	200
6651	4.15205	2.04514	5.06891	200
6652	4.06706	2.00788	5.05102	200
6653	3.99839	1.97376	5.03223	200
6654	4.08608	1.93706	5.01533	200
6655	4.03826	1.90277	4.99788	200
6656	4.08214	1.86752	4.98153	200
6657	4.78308	1.80791	4.97799	200
6658	4.75847	1.75118	4.97407	200
6659	4.87508	1.69218	4.9723	200
6660	4.8086	1.63759	4.96937	200
6661	4.76829	1.58628	4.96578	200
6662	4.83313	1.53437	4.96341	200
6663	4.79558	1.48556	4.96042	200
6664	4.75357	1.43989	4.95672	200
6665	4.83378	1.39286	4.95453	200
6666	4.74852	1.35577	4.95131	200
6667	4.8329	1.3171	4.94946	200
6668	4.79649	1.28072	4.94707	200
6669	4.79484	1.24545	4.94469	200
6670	4.85752	1.20926	4.94332	200
6671	4.85687	1.17417	4.94197	200
6672	4.82763	1.14105	4.94019	200
6673	5.45085	1.12135	4.94817	200
6674	5.49333	1.10334	4.95668	200
6675	5.44155	1.08402	4.96426	200
6676	5.58683	1.0696	4.97399	200
6677	5.47102	1.0517	4.98175	200
6678	5.52754	1.03589	4.99028	200
6679	5.40469	1.01647	4.99675	200
6680	5.46988	0.99949	5.00415	200
6681	5.5107	0.984085	5.01206	200
6682	6.15774	0.989134	5.02996	200
6683	6.34848	0.999427	5.05056	200
6684	6.12819	1.00187	5.0674	200
6685	6.21111	1.0063	5.08527	200
6686	6.12683	1.0074	5.10154	200
6687	6.19376	1.01005	5.11861	200
6688	6.18302	1.01175	5.13524	200
6689	6.17763	1.01271	5.15153	200
6690	6.8569	1.03435	5.17817	200
6691	6.79347	1.05251	5.20341	200
6692	6.85196	1.07113	5.22917	200
6693	6.80827	1.08701	5.25384	200
6694	6.81623	1.10186	5.27825	200
6695	6.82506	1.11576	5.30242	200
6696	6.83126	1.12867	5.32631	200
6697	8.23513	1.17812	5.36671	200
6698	9.07297	1.24835	5.41819	200
6699	8.9502	1.31178	5.46724	200
6700	8.96197	1.37242	5.51578	200
6701	8.95223	1.42975	5.56351	200
6702	8.94198	1.48388	5.61043	200
6703	8.81729	1.53174	5.65497	200
6704	8.95024	1.58073	5.70073	200
6705	8.92124	1.62628	5.74546	200
6706	8.93856	1.6698	5.78981	200
6707	9.15223	1.71682	5.83651	200
6708	9.62619	1.7744	5.88915	200
6709	9.59418	1.82803	5.9406	200
6710	9.57811	1.87829	5.99112	200
6711	9.60033	1.92637	6.04125	200
6712	12.2428	2.04512	6.12738	200
6713	12.4233	2.1632	6.21482	200
6714	12.3378	2.27319	6.29986	200
6715	12.3275	2.37748	6.38358	200
6716	12.3702	2.47774	6.46673	200
6717	12.415	2.57414	6.54934	200
6718	12.3427	2.66356	6.62981	200
6719	12.3764	2.7492	6.70962	200
6720	12.3909	2.83065	6.78853	200
6721	12.1298	2.90039	6.86271	200
6722	12.3227	2.97149	6.93854	200
6723	12.3605	3.03956	7.01385	200
6724	12.4325	3.10564	7.0891	200
6725	12.3467	3.16542	7.16213	200
6726	12.3472	3.22152	7.23414	200
6727	13.0496	3.29357	7.31491	200
6728	13.0603	3.35487	7.38673	200
6729	13.0428	3.4124	7.45743	200
6730	12.8207	3.46117	7.52447	200
6731	13.0252	3.51216	7.59323	200
6732	12.9616	3.55857	7.66033	200
6733	13.0623	3.60465	7.72786	200
6734	13.0756	3.64823	7.7947	200
6735	13.0372	3.68808	7.86023	200
6736	13.0112	3.72465	7.92462	200
6737	13.0647	3.76004	7.98887	200
6738	13.042	3.79237	8.05204	200
6739	12.9999	3.82125	8.11388	200
6740	13.0692	3.8496	8.17582	200
6741	13.0879	3.87616	8.23722	200
6742	13.0435	3.89942	8.2973	200
6743	12.9914	3.91928	8.35598	200
6744	13.0536	3.93874	8.4147	200
6745	13.0679	3.9566	8.47286	200
6746	13.0424	3.97193	8.52998	200
6747	13.7887	4.00409	8.59571	200
6748	13.7457	4.03274	8.66009	200
6749	13.7724	4.05973	8.72399	200
6750	13.6768	4.08205	8.7859	200
6751	13.7285	4.10357	8.84768	200
6752	13.7512	4.12356	8.90897	200
6753	13.7464	4.14141	8.96944	200
6754	13.7227	4.1567	9.02886	200
6755	13.7525	4.17088	9.0879	200
6756	13.8128	4.18473	9.14696	200
6757	13.7187	4.1944	9.20411	200
6758	13.7822	4.20399	9.26134	200
6759	13.7642	4.21147	9.31762	200
6760	13.7324	4.21655	9.37281	200
6761	13.7076	4.2195	9.42699	200
6762	13.7588	4.22231	9.48114	200
6763	13.8172	4.22515	9.53534	200
6764	13.7365	4.22455	9.58785	200
6765	13.8003	4.22425	9.64051	200
6766	13.7347	4.221	9.69168	200
6767	13.8084	4.21839	9.74314	200
6768	14.3636	4.22753	9.79565	200
6769	14.356	4.2351	9.84747	200
6770	14.4209	4.24278	9.89944	200
6771	14.4179	4.24905	9.95079	200
6772	14.4195	4.25404	10.0016	200
6773	14.4017	4.25736	10.0516	200
6774	14.4403	4.26035	10.1014	200
6775	14.4465	4.26227	10.1508	200
6776	14.4104	4.26221	10.1992	200
6777	14.3256	4.25912	10.2461	200
6778	14.4266	4.25716	10.2984	200
6779	14.3994	4.25325	10.3496	200
6780	14.4017	4.24766	10.4059	200
6781	14.4093	4.24088	10.4615	200
6782	14.4637	4.23342	10.524	200
6783	14.5036	4.22549	10.5862	200
6784	14.4147	4.21131	10.6546	200
6785	14.4125	4.19512	10.7217	200
6786	14.3747	4.17253	10.7978	200
6787	14.4417	4.1505	10.8737	200
6788	14.3379	4.12191	10.9459	200
6789	14.9747	4.11803	11.0298	200
6790	15.0932	4.11575	11.1145	200
6791	15.0845	4.10968	11.1972	200
6792	15.0901	4.10065	11.2783	200
6793	15.1213	4.08991	11.3583	200
6794	15.1129	4.07594	11.4366	200
6795	15.161	4.06129	11.5142	200
6796	15.0839	4.04081	11.5885	200
6797	15.1141	4.01934	11.662	200
6798	15.1894	3.99884	11.7355	200
6799	8.23467	3.97809	11.6625	200
6800	8.21827	3.95585	11.5908	200
6801	8.23438	3.93087	11.5208	200
6802	8.26301	3.90282	11.453	200
6803	8.26346	3.8731	11.3865	200
6804	8.27216	3.84149	11.3216	200
6805	8.25605	3.80916	11.2578	200
6806	8.22441	3.77683	11.1946	200
6807	8.26146	3.74168	11.1335	200
6808	8.17898	3.70888	11.0719	200
6809	8.28104	3.67063	11.0138	200
6810	8.14593	3.63718	10.954	200
6811	8.86901	3.5725	10.9106	200
6812	8.954	3.51479	10.8756	200
6813	8.91698	3.45921	10.8407	200
6814	9.02999	3.40034	10.8083	200
6815	8.96426	3.34476	10.7754	200
6816	8.88903	3.29267	10.7417	200
6817	8.93178	3.23972	10.7094	200
6818	8.96977	3.18614	10.6783	200
6819	8.97103	3.13333	10.6478	200
6820	8.98014	3.08098	10.6181	200
6821	8.92006	3.03159	10.5877	200
6822	8.85991	2.98502	10.5569	200
6823	8.97217	2.93501	10.5286	200
6824	8.9258	2.88743	10.5	200
6825	9.62802	2.81545	10.4844	200
6826	9.58583	2.74699	10.4684	200
6827	9.73861	2.67495	10.4553	200
6828	9.53932	2.61213	10.439	200
6829	9.57394	2.54973	10.4235	200
6830	9.62843	2.47662	10.4069	200
6831	9.59193	2.40738	10.39	200
6832	9.5379	2.32962	10.3687	200
6833	9.59978	2.25158	10.3494	200
6834	9.51119	2.16325	10.3232	200
6835	9.60333	2.07304	10.3008	200
6836	9.67933	1.98231	10.2813	200
6837	9.58892	1.90169	10.2597	200
6838	9.60205	1.82394	10.2391	200
6839	9.58204	1.75101	10.2186	200
6840	10.2582	1.64405	10.2198	200
6841	10.3102	1.54694	10.2227	200
6842	10.1549	1.4545	10.2205	200
6843	5.47147	1.66041	10.0721	200
6844	5.411	1.84795	9.92648	200
6845	5.46694	2.01118	9.78712	200
6846	5.45431	2.15628	9.65171	200
6847	5.45761	2.28364	9.52065	200
6848	6.14963	2.3516	9.4153	200
6849	6.17415	2.39608	9.33427	200
6850	6.16012	2.43498	9.25492	200
6851	6.17884	2.46704	9.17802	200
6852	6.18088	2.49354	9.10309	200
6853	6.17719	2.51516	9.02994	200
6854	6.27469	2.52716	8.96106	200
6855	6.19032	2.53934	8.89179	200
6856	6.24237	2.54484	8.82555	200
6857	6.22015	2.54787	8.76042	200
6858	6.89437	2.51378	8.71377	200
6859	6.8845	2.47955	8.66803	200
6860	6.8909	2.44443	8.6236	200
6861	6.92225	2.40728	8.58107	200
6862	6.891	2.37142	8.53882	200
6863	6.95876	2.33185	8.49932	200
6864	6.77383	2.30153	8.45618	200
6865	6.88241	2.26514	8.41683	200
6866	6.82655	2.2314	8.37708	200
6867	6.86165	2.1956	8.33919	200
6868	6.90067	2.15774	8.30323	200
6869	7.54528	2.08776	8.28428	200
6870	7.54625	2.03152	8.2689	200
6871	7.55642	1.97656	8.25406	200
6872	7.5159	1.92496	8.23868	200
6873	7.68871	1.86766	8.22722	200
6874	7.46652	1.82154	8.21137	200
6875	7.57957	1.77197	8.19821	200
6876	7.52959	1.72599	8.18428	200
6877	7.52595	1.68151	8.17056	200
6878	7.53907	1.63776	8.15741	200
6879	7.56177	1.59434	8.145	200
6880	7.73167	1.54513	8.13639	200
6881	8.22917	1.48461	8.13832	200
6882	8.2882	1.429	8.14144	200
6883	8.22148	1.37279	8.14311	200
6884	8.22549	1.31902	8.14482	200
6885	8.08635	1.2665	8.14361	200
6886	8.23215	1.21742	8.14545	200
6887	8.26584	1.17171	8.14796	200
6888	8.27916	1.12835	8.15069	200
6889	8.28066	1.08675	8.1534	200
6890	8.2747	1.04652	8.15592	200
6891	8.1778	1.00383	8.15638	200
6892	8.07181	0.965527	8.15462	200
6893	8.26173	0.929759	8.15685	200
6894	8.92377	0.922974	8.17282	200
6895	8.91471	0.916506	8.18607	200
6896	8.9146	0.909792	8.19908	200
6897	8.94742	0.904025	8.21244	200
6898	9.02462	0.900744	8.22695	200
6899	8.96969	0.8951	8.24021	200
6900	8.87474	0.885794	8.25154	200
6901	8.90484	0.87749	8.26321	200
6902	8.92736	0.86987	8.27506	200
6903	8.88273	0.860505	8.28592	200
6904	8.92036	0.852431	8.29725	200
6905	8.90397	0.843655	8.30808	200
6906	8.94821	0.836386	8.31951	200
6907	8.94682	0.828918	8.33071	200
6908	9.61402	0.845146	8.35363	200
6909	9.61552	0.860029	8.37616	200
6910	9.61393	0.873519	8.39826	200
6911	9.57344	0.884292	8.41925	200
6912	9.51303	0.891773	8.43878	200
6913	9.55843	0.899911	8.45877	200
6914	9.61876	0.909199	8.47949	200
6915	9.57717	0.91593	8.49909	200
6916	9.66907	0.925003	8.51998	200
6917	9.69646	0.933984	8.54099	200
6918	9.58458	0.937898	8.55962	200
6919	9.63249	0.942718	8.57878	200
6920	9.61818	0.946171	8.59734	200
6921	9.58996	0.94783	8.61506	200
6922	9.62841	0.95017	8.63316	200
6923	10.2969	0.975653	8.66287	200
6924	10.2913	0.996052	8.68831	200
6925	10.3324	1.0163	8.714	200
6926	10.2935	1.0339	8.73868	200
6927	10.2703	1.04945	8.76261	200
6928	10.3101	1.06502	8.78679	200
6929	10.2869	1.07861	8.81023	200
6930	10.3233	1.09219	8.83387	200
6931	10.2774	1.10317	8.85642	200
6932	10.2236	1.1126	8.88084	200
6933	10.3495	1.12531	8.90706	200
6934	10.309	1.13684	8.93627	200
6935	10.2284	1.14331	8.96319	200
6936	10.2798	1.15197	8.99611	200
6937	10.294	1.15927	9.02855	200
6938	10.329	1.1681	9.06919	200
6939	10.9912	1.21521	9.12925	200
6940	10.9342	1.25208	9.18566	200
6941	10.9892	1.28654	9.24202	200
6942	10.9798	1.31474	9.29633	200
6943	10.9974	1.33889	9.34948	200
6944	10.9706	1.35652	9.40014	200
6945	10.9841	1.37074	9.44964	200
6946	11.0007	1.38201	9.49811	200
6947	6.15795	1.50439	9.39373	200
6948	6.23433	1.58714	9.31474	200
6949	6.18125	1.66446	9.23641	200
6950	6.15494	1.73531	9.15937	200
6951	6.20047	1.79649	9.0854	200
6952	6.18027	1.85192	9.01277	200
6953	6.21749	1.89908	8.94289	200
6954	6.14137	1.94421	8.87285	200
6955	6.14459	1.98341	8.80464	200
6956	6.17493	2.0238	8.72246	200
6957	6.84693	2.01453	8.66385	200
6958	6.81874	2.00041	8.58697	200
6959	6.85665	1.97791	8.51487	200
6960	6.88045	1.94928	8.44677	200
6961	6.93528	1.9128	8.38379	200
6962	6.85994	1.88039	8.3203	200
6963	6.82829	1.84802	8.25813	200
6964	6.85759	1.81073	8.19978	200
6965	4.15597	1.99682	8.03128	200
6966	4.10084	2.15795	7.86752	200
6967	4.00721	2.29982	7.70667	200
6968	4.14982	2.40457	7.55846	200
6969	4.12662	2.49017	7.41547	200
6970	4.1694	2.55316	7.28022	200
6971	4.80977	2.54627	7.17728	200
6972	4.76462	2.53792	7.10189	200
6973	4.78536	2.52408	7.02949	200
6974	4.85431	2.50228	6.96152	200
6975	4.76988	2.48286	6.89303	200
6976	4.77258	2.46021	6.82677	200
6977	4.80549	2.43278	6.7636	200
6978	4.821	2.40214	6.70289	200
6979	5.48876	2.32789	6.66495	200
6980	5.48475	2.25616	6.62807	200
6981	5.48525	2.18657	6.59236	200
6982	5.47852	2.11953	6.55755	200
6983	5.48722	2.05395	6.5241	200
6984	5.5535	1.98624	6.49377	200
6985	5.42698	1.92877	6.46043	200
6986	5.4544	1.8711	6.42899	200
6987	5.46921	1.81414	6.399	200
6988	6.23911	1.71075	6.394	200
6989	6.19462	1.63518	6.38901	200
6990	6.18058	1.56385	6.3838	200
6991	6.1337	1.49816	6.37755	200
6992	6.16522	1.43387	6.37224	200
6993	6.12283	1.37464	6.36601	200
6994	6.26664	1.31088	6.36352	200
6995	6.18757	1.25413	6.35912	200
6996	6.17732	1.20051	6.35458	200
6997	6.13762	1.15134	6.34915	200
6998	6.80158	1.11639	6.36046	200
6999	6.82908	1.084	6.37218	200
7000	6.86049	1.05422	6.38438	200
7001	6.87782	1.02618	6.39672	200
7002	6.92956	1.00151	6.41004	200
7003	6.89458	0.97566	6.42215	200
7004	6.85844	0.948691	6.43306	200
7005	6.88507	0.923857	6.44436	200
7006	6.86834	0.898862	6.45496	200
7007	6.82183	0.872262	6.46413	200
7008	6.84255	0.84757	6.47359	200
7009	7.54402	0.858713	6.50035	200
7010	7.53146	0.865896	6.52183	200
7011	7.52736	0.871714	6.54278	200
7012	7.70199	0.883693	6.56693	200
7013	7.48993	0.88533	6.58616	200
7014	7.51093	0.886973	6.60542	200
7015	7.40944	0.883516	6.62217	200
7016	7.5102	0.883704	6.64067	200
7017	7.58241	0.886122	6.66029	200
7018	7.54195	0.885935	6.67866	200
7019	7.52716	0.884375	6.69634	200
7020	7.54593	0.882925	6.71403	200
7021	8.26817	0.910892	6.74641	200
7022	8.24956	0.935569	6.77773	200
7023	8.26794	0.958679	6.80877	200
7024	8.07601	0.971535	6.83517	200
7025	8.22045	0.988774	6.86403	200
7026	8.25844	1.00568	6.89308	200
7027	8.23903	1.01985	6.92112	200
7028	8.24222	1.03241	6.94864	200
7029	8.20039	1.04154	6.97472	200
7030	8.26169	1.05177	7.00153	200
7031	8.2772	1.0611	7.02811	200
7032	8.19886	1.06567	7.0525	200
7033	8.16618	1.06767	7.0757	200
7034	8.85355	1.09726	7.11274	200
7035	8.95622	1.12391	7.14566	200
7036	8.9223	1.14722	7.17738	200
7037	8.92874	1.1688	7.20866	200
7038	9.12369	1.19545	7.24285	200
7039	8.9275	1.21292	7.27293	200
7040	8.92793	1.2287	7.30249	200
7041	8.97134	1.24442	7.33229	200
7042	8.93496	1.25722	7.36091	200
7043	8.89748	1.2672	7.38834	200
7044	8.90675	1.27617	7.41546	200
7045	8.9512	1.28544	7.44288	200
7046	8.99147	1.29483	7.47053	200
7047	9.09612	1.30665	7.49956	200
7048	9.64011	1.33643	7.53779	200
7049	9.63706	1.36367	7.57527	200
7050	9.62942	1.38833	7.61195	200
7051	9.60805	1.41004	7.6476	200
7052	9.43219	1.42341	7.67947	200
7053	9.58758	1.44072	7.71354	200
7054	9.66184	1.45885	7.74833	200
7055	9.6021	1.47295	7.78143	200
7056	9.63669	1.48888	7.82008	200
7057	9.7465	1.50711	7.86022	200
7058	9.65925	1.52171	7.90519	200
7059	9.6236	1.53154	7.94815	200
7060	9.58058	1.53785	7.99916	200
7061	9.48637	1.53468	8.04564	200
7062	9.6385	1.53832	8.09541	200
7063	10.3197	1.58119	8.16492	200
7064	10.3493	1.61889	8.23319	200
7065	10.3053	1.64722	8.29794	200
7066	10.4046	1.67593	8.36377	200
7067	10.3046	1.69249	8.42442	200
7068	10.3704	1.70833	8.48523	200
7069	5.52532	1.78655	8.39273	200
7070	5.46295	1.858	8.30118	200
7071	5.43862	1.92079	8.21172	200
7072	5.36578	1.97861	8.12279	200
7073	5.49305	2.01931	8.04061	200
7074	6.17676	2.01153	7.99401	200
7075	6.08213	2.00655	7.94621	200
7076	6.19699	1.99368	7.90248	200
7077	6.09962	1.98414	7.85741	200
7078	6.1399	1.97081	7.81447	200
7079	6.26922	1.94953	7.77584	200
7080	6.22199	1.92975	7.73699	200
7081	6.24879	1.90767	7.69979	200
7082	6.34344	1.8801	7.66588	200
7083	6.90064	1.82436	7.64675	200
7084	6.87785	1.77158	7.62752	200
7085	6.84985	1.72189	7.60808	200
7086	6.93199	1.6696	7.59118	200
7087	6.90332	1.62051	7.57398	200
7088	6.83892	1.57624	7.5556	200
7089	6.76247	1.53708	7.53578	200
7090	6.83675	1.49518	7.5183	200
7091	6.90694	1.45099	7.50301	200
7092	6.73084	1.41705	7.48371	200
7093	6.89423	1.37567	7.46897	200
7094	7.49599	1.30823	7.46965	200
7095	7.53751	1.25655	7.47106	200
7096	7.55376	1.20764	7.47278	200
7097	7.50079	1.15849	7.47337	200
7098	7.50012	1.11133	7.47392	200
7099	7.58579	1.06969	7.47625	200
7100	7.65645	1.03262	7.48001	200
7101	7.6114	0.995073	7.48274	200
7102	7.48273	0.953612	7.48274	200
7103	7.53765	0.916166	7.48388	200
7104	7.46076	0.878956	7.4834	200
7105	7.57017	0.845948	7.48521	200
7106	8.25107	0.84261	7.50117	200
7107	8.21993	0.837449	7.51614	200
7108	8.235	0.832508	7.53111	200
7109	8.2299	0.826936	7.54567	200
7110	8.27809	0.822997	7.56093	200
7111	8.24948	0.817394	7.57528	200
7112	8.14634	0.80713	7.58717	200
7113	8.21158	0.799516	7.60018	200
7114	8.24038	0.792877	7.61352	200
7115	8.33359	0.789843	7.62852	200
7116	8.28247	0.784181	7.64214	200
7117	8.22775	0.775907	7.65434	200
7118	8.33617	0.771987	7.66855	200
7119	8.95746	0.793525	7.6954	200
7120	8.93923	0.809607	7.71761	200
7121	8.94945	0.824686	7.73961	200
7122	8.91302	0.83714	7.76056	200
7123	8.92131	0.848697	7.78129	200
7124	8.88289	0.857729	7.80096	200
7125	8.91759	0.866975	7.8209	200
7126	8.91681	0.875151	7.84047	200
7127	8.92682	0.882693	7.85986	200
7128	8.8468	0.886416	7.87749	200
7129	8.91451	0.891794	7.896	200
7130	8.92568	0.896718	7.91439	200
7131	8.81391	0.896834	7.93313	200
7132	8.9114	0.900227	7.95351	200
7133	9.56674	0.935877	7.99384	200
7134	9.62259	0.97052	8.03456	200
7135	9.66285	1.01163	8.08544	200
7136	9.5982	1.04295	8.13271	200
7137	9.60234	1.06962	8.17864	200
7138	9.61595	1.0926	8.22355	200
7139	9.66055	1.11412	8.26846	200
7140	9.61642	1.12874	8.31058	200
7141	9.69578	1.14477	8.35387	200
7142	9.54591	1.14772	8.39112	200
7143	9.5706	1.1497	8.42798	200
7144	5.49454	1.26119	8.33631	200
7145	5.47246	1.36135	8.24681	200
7146	5.47545	1.44948	8.16021	200
7147	5.52775	1.52341	8.07794	200
7148	5.5198	1.58808	7.998	200
7149	5.42347	1.64973	7.91755	200
7150	5.51403	1.69685	7.84244	200
7151	5.49767	1.73734	7.76916	200
7152	6.17948	1.72811	7.71948	200
7153	6.19916	1.71772	7.68147	200
7154	6.3585	1.69798	7.6484	200
7155	6.2783	1.68159	7.61415	200
7156	6.07652	1.67439	7.57571	200
7157	6.09735	1.66459	7.53875	200
7158	6.16015	1.65029	7.50428	200
7159	6.17906	1.63403	7.47115	200
7160	6.16969	1.6174	7.43861	200
7161	6.24762	1.59608	7.40884	200
7162	6.90128	1.54166	7.39615	200
7163	6.91073	1.48884	7.38401	200
7164	6.74181	1.44651	7.36796	200
7165	6.7831	1.40343	7.35334	200
7166	6.90577	1.35564	7.34215	200
7167	6.92948	1.30849	7.33183	200
7168	6.89296	1.26501	7.32086	200
7169	6.84888	1.22535	7.30906	200
7170	6.87152	1.18596	7.29812	200
7171	6.81176	1.15098	7.28596	200
7172	6.87508	1.11398	7.27569	200
7173	7.58235	1.07361	7.28335	200
7174	7.60362	1.04222	7.29002	200
7175	7.57135	1.01052	7.29589	200
7176	7.57842	0.980183	7.30177	200
7177	7.52431	0.948614	7.30641	200
7178	7.56322	0.919788	7.31176	200
7179	7.59263	0.893166	7.31761	200
7180	7.68115	0.871098	7.32518	200
7181	7.62093	0.847125	7.33134	200
7182	7.5448	0.820722	7.33579	200
7183	7.56565	0.796103	7.34058	200
7184	7.50669	0.769853	7.34404	200
7185	8.16746	0.772085	7.36119	200
7186	8.1047	0.770894	7.37668	200
7187	8.24625	0.775005	7.3948	200
7188	8.29276	0.780128	7.4135	200
7189	8.31326	0.785112	7.43225	200
7190	8.21286	0.784924	7.44851	200
7191	8.21374	0.784103	7.46445	200
7192	8.09995	0.777911	7.47769	200
7193	8.13891	0.773048	7.49146	200
7194	8.24158	0.772092	7.50709	200
7195	8.19705	0.768669	7.52147	200
7196	8.19649	0.764767	7.53553	200
7197	8.33032	0.766018	7.55209	200
7198	8.96386	0.792924	7.5815	200
7199	8.9594	0.813816	7.6061	200
7200	8.9006	0.830983	7.62922	200
7201	8.82696	0.844081	7.65061	200
7202	8.8224	0.855784	7.67153	200
7203	8.90189	0.869161	7.6935	200
7204	8.94995	0.882992	7.71594	200
7205	8.94375	0.895306	7.73786	200
7206	8.93874	0.906219	7.75931	200
7207	8.93466	0.915831	7.78029	200
7208	8.90237	0.923197	7.80033	200
7209	8.94971	0.931275	7.82085	200
7210	8.92322	0.937385	7.84054	200
7211	8.91292	0.942206	7.85969	200
7212	9.55506	0.969104	7.88996	200
7213	9.59573	0.995413	7.92042	200
7214	9.53084	1.01738	7.94918	200
7215	9.70081	1.0436	7.98046	200
7216	9.67666	1.06691	8.01075	200
7217	9.61254	1.08601	8.03935	200
7218	9.52434	1.10026	8.06587	200
7219	9.59796	1.11568	8.09323	200
7220	9.64489	1.13125	8.12093	200
7221	9.56795	1.14253	8.14677	200
7222	9.65521	1.15559	8.17371	200
7223	9.61598	1.16583	8.19946	200
7224	9.67605	1.17693	8.22583	200
7225	9.60538	1.18417	8.25046	200
7226	10.4171	1.21925	8.28915	200
7227	10.373	1.24627	8.32171	200
7228	10.311	1.26949	8.35279	200
7229	10.4193	1.2944	8.38508	200
7230	10.218	1.31123	8.41372	200
7231	10.2832	1.32867	8.44293	200
7232	10.3063	1.34538	8.47205	200
7233	10.3372	1.36162	8.50119	200
7234	10.319	1.37791	8.53365	200
7235	10.3398	1.39321	8.5659	200
7236	10.3408	1.40911	8.60288	200
7237	10.2612	1.41949	8.63743	200
7238	10.3231	1.4328	8.67957	200
7239	10.1843	1.4364	8.71719	200
7240	10.3175	1.44664	8.7672	200
7241	10.223	1.44722	8.81269	200
7242	10.8987	1.48714	8.87788	200
7243	10.9764	1.52535	8.94346	200
7244	10.9847	1.5576	9.00725	200
7245	10.9076	1.57902	9.06663	200
7246	11.0425	1.60383	9.12838	200
7247	11.0122	1.62133	9.18725	200
7248	11.0421	1.63593	9.24521	200
7249	6.24069	1.72146	9.15132	200
7250	6.1596	1.78497	9.07653	200
7251	6.17233	1.84093	9.00393	200
7252	6.17129	1.89052	8.93311	200
7253	6.17497	1.9339	8.86416	200
7254	6.21932	1.96945	8.79803	200
7255	6.19603	2.00107	8.73298	200
7256	6.96028	1.98965	8.68867	200
7257	8.34911	1.90715	8.68018	200
7258	9.00213	1.82789	8.68822	200
7259	9.66986	1.78558	8.71276	200
7260	9.74804	1.74806	8.73865	200
7261	9.70547	1.709	8.76282	200
7262	9.9511	1.68296	8.79252	200
7263	9.93212	1.65579	8.82101	200
7264	9.9027	1.62709	8.84806	200
7265	10.1285	1.60976	8.88007	200
7266	9.45182	1.55786	8.89436	200
7267	7.9945	1.52496	8.87186	200
7268	7.30409	1.5271	8.83267	200
7269	7.32862	1.52594	8.79506	200
7270	8.02528	1.48813	8.77582	200
7271	7.98204	1.4592	8.75928	200
7272	8.04792	1.42804	8.74446	200
7273	7.9053	1.40351	8.72698	200
7274	7.85869	1.38121	8.70889	200
7275	7.80932	1.36114	8.69015	200
7276	7.57769	1.35077	8.66697	200
7277	7.49968	1.34313	8.64265	200
7278	7.6045	1.33042	8.62102	200
7279	7.562	1.31911	8.59896	200
7280	7.63627	1.30426	8.5789	200
7281	7.54029	1.29319	8.55726	200
7282	8.25014	1.25211	8.55086	200
7283	8.23462	1.21311	8.54428	200
7284	8.24354	1.17509	8.53801	200
7285	8.13604	1.14288	8.52964	200
7286	8.21113	1.10853	8.523	200
7287	8.2411	1.07409	8.51713	200
7288	8.24708	1.04059	8.5115	200
7289	8.23879	1.00859	8.50582	200
7290	8.20278	0.979192	8.4995	200
7291	8.34938	0.944647	8.49638	200
7292	8.25042	0.915534	8.49125	200
7293	8.21744	0.888795	8.48555	200
7294	8.23921	0.862025	8.48041	200
7295	8.88705	0.84305	8.48888	200
7296	8.96368	0.829898	8.49736	200
7297	8.92341	0.815474	8.50497	200
7298	8.93746	0.801795	8.51269	200
7299	8.96511	0.789317	8.52077	200
7300	8.95026	0.776466	8.52844	200
7301	8.93486	0.76325	8.5357	200
7302	8.91637	0.749586	8.54249	200
7303	8.96345	0.737849	8.55001	200
7304	8.83378	0.721631	8.55508	200
7305	8.85791	0.706674	8.56048	200
7306	8.92209	0.69435	8.56694	200
7307	8.94888	0.683192	8.57376	200
7308	8.99268	0.673753	8.58124	200
7309	9.9627	0.699028	8.60591	200
7310	10.0694	0.72633	8.63204	200
7311	10.0894	0.752438	8.65807	200
7312	10.0722	0.77607	8.68332	200
7313	10.0411	0.796843	8.70756	200
7314	10.0659	0.816895	8.73182	200
7315	10.0422	0.834521	8.75522	200
7316	10.1027	0.852842	8.77928	200
7317	10.0177	0.86661	8.80139	200
7318	10.1225	0.882841	8.82498	200
7319	10.0847	0.896301	8.84748	200
7320	10.1028	0.909124	8.86989	200
7321	10.0896	0.922064	8.89531	200
7322	10.0346	0.931117	8.91904	200
7323	9.75486	0.926351	8.93994	200
7324	10.4359	0.954832	8.97734	200
7325	10.3026	0.977986	9.01875	200
7326	10.2658	0.994803	9.05772	200
7327	10.3184	1.01142	9.09712	200
7328	10.3334	1.02548	9.13575	200
7329	10.339	1.03659	9.17335	200
7330	10.31	1.04284	9.20887	200
7331	10.3048	1.04616	9.24312	200
7332	10.326	1.04845	9.27696	200
7333	10.2709	1.04504	9.30802	200
7334	5.55047	1.21457	9.1906	200
7335	5.52018	1.36806	9.07589	200
7336	5.52915	1.50423	8.96506	200
7337	5.43417	1.6309	8.85472	200
7338	6.15874	1.68415	8.78732	200
7339	6.14621	1.732	8.72129	200
7340	6.18612	1.77216	8.65791	200
7341	6.26433	1.80323	8.59807	200
7342	6.19631	1.83315	8.53802	200
7343	6.11278	1.86276	8.47739	200
7344	6.11477	1.88775	8.41833	200
7345	6.10464	1.90905	8.36048	200
7346	6.1808	1.92258	8.30599	200
7347	6.86952	1.89827	8.27008	200
7348	6.82989	1.87537	8.23407	200
7349	6.84668	1.85097	8.19939	200
7350	6.84454	1.82616	8.16552	200
7351	6.82435	1.80191	8.13199	200
7352	6.80804	1.77801	8.09889	200
7353	6.8653	1.75079	8.06805	200
7354	6.84846	1.72423	8.03756	200
7355	6.82016	1.69889	8.00712	200
7356	6.88326	1.67014	7.97903	200
7357	6.86397	1.64238	7.95115	200
7358	7.53379	1.58113	7.94071	200
7359	7.54412	1.53177	7.93245	200
7360	7.60773	1.48148	7.92569	200
7361	7.60027	1.43331	7.91891	200
7362	7.50504	1.39083	7.91028	200
7363	7.61539	1.34517	7.90414	200
7364	7.54061	1.30427	7.89657	200
7365	7.56788	1.26361	7.88972	200
7366	7.5573	1.22481	7.88279	200
7367	7.52349	1.18875	7.87531	200
7368	7.55158	1.15271	7.86856	200
7369	7.65358	1.11364	7.86408	200
7370	8.24068	1.08293	7.87193	200
7371	8.27253	1.05449	7.88027	200
7372	8.19431	1.02364	7.88681	200
7373	8.18719	0.993505	7.89307	200
7374	8.23358	0.966296	7.90016	200
7375	8.15866	0.936804	7.90555	200
7376	8.23955	0.911687	7.91251	200
7377	8.36402	0.892513	7.92191	200
7378	8.21955	0.867726	7.92811	200
7379	8.27001	0.845816	7.93523	200
7380	8.27303	0.824648	7.94227	200
7381	8.13129	0.798163	7.94621	200
7382	8.2442	0.777322	7.95242	200
7383	8.94162	0.78615	7.97302	200
7384	8.91384	0.791673	7.98982	200
7385	8.9271	0.796873	8.00656	200
7386	8.95842	0.802408	8.02356	200
7387	8.9598	0.807187	8.04028	200
7388	8.95165	0.810907	8.05655	200
7389	8.92917	0.81311	8.07213	200
7390	8.78596	0.809564	8.08488	200
7391	8.93334	0.810953	8.10003	200
7392	8.88387	0.809984	8.11403	200
7393	8.88332	0.80853	8.12776	200
7394	8.9532	0.809133	8.1425	200
7395	8.92512	0.808186	8.15648	200
7396	8.89474	0.805688	8.16966	200
7397	9.57932	0.827258	8.19483	200
7398	9.60534	0.848088	8.22002	200
7399	9.62857	0.868104	8.24517	200
7400	9.50451	0.882076	8.26766	200
7401	9.56173	0.89679	8.29077	200
7402	9.61123	0.914443	8.31828	200
7403	9.63455	0.931185	8.3457	200
7404	9.70006	0.952343	8.37956	200
7405	9.62364	0.966929	8.41066	200
7406	9.60944	0.981419	8.44812	200
7407	9.64198	0.994696	8.48543	200
7408	9.55918	0.999637	8.51898	200
7409	9.63144	1.00669	8.55374	200
7410	9.61786	1.01028	8.587	200
7411	9.6427	1.01312	8.61999	200
7412	10.3311	1.05674	8.67346	200
7413	10.3393	1.09481	8.72552	200
7414	10.2757	1.12327	8.77396	200
7415	5.47619	1.25917	8.6709	200
7416	5.50925	1.37808	8.5721	200
7417	5.47253	1.48567	8.47524	200
7418	5.46441	1.58099	8.38115	200
7419	5.47954	1.66353	8.29047	200
7420	6.14536	1.69363	8.22344	200
7421	6.18934	1.71065	8.17258	200
7422	6.18497	1.7245	8.12289	200
7423	6.19384	1.73473	8.07467	200
7424	6.13161	1.74514	8.02609	200
7425	6.17834	1.75027	7.9799	200
7426	6.14661	1.75442	7.93406	200
7427	6.2121	1.7528	7.89101	200
7428	6.1601	1.7517	7.84774	200
7429	6.19811	1.7466	7.8065	200
7430	6.91725	1.70373	7.78427	200
7431	6.92455	1.66153	7.76277	200
7432	6.81595	1.6258	7.7391	200
7433	6.8919	1.58686	7.71792	200
7434	6.90141	1.54835	7.69751	200
7435	6.84508	1.51355	7.6762	200
7436	6.85295	1.47904	7.65562	200
7437	6.83676	1.44603	7.63514	200
7438	6.87076	1.41194	7.61603	200
7439	6.8932	1.37749	7.59796	200
7440	6.82767	1.34713	7.57871	200
7441	7.54089	1.28166	7.57776	200
7442	7.45747	1.23327	7.57525	200
7443	7.57826	1.18201	7.57531	200
7444	7.51778	1.13515	7.57412	200
7445	7.67158	1.09192	7.57615	200
7446	7.53405	1.04817	7.57527	200
7447	7.57147	1.00466	7.57519	200
7448	7.58546	0.963225	7.5754	200
7449	7.5556	0.923915	7.57499	200
7450	7.52912	0.887329	7.57403	200
7451	7.56037	0.850926	7.57375	200
7452	7.53422	0.817117	7.57292	200
7453	8.19448	0.808968	7.58587	200
7454	8.26595	0.803597	7.60004	200
7455	8.19406	0.794864	7.61242	200
7456	8.23537	0.787701	7.62539	200
7457	8.14699	0.776613	7.63626	200
7458	8.26046	0.770262	7.64926	200
7459	8.24269	0.762893	7.66163	200
7460	8.23345	0.754932	7.67354	200
7461	8.2641	0.748083	7.68584	200
7462	8.24073	0.740033	7.6974	200
7463	8.24151	0.731869	7.70874	200
7464	8.2148	0.72246	7.71928	200
7465	8.2489	0.714425	7.73031	200
7466	8.98699	0.737018	7.75649	200
7467	8.96358	0.753806	7.77805	200
7468	8.94989	0.768735	7.79897	200
7469	8.9419	0.782099	7.81938	200
7470	8.93504	0.794011	7.8393	200
7471	8.96945	0.806015	7.85949	200
7472	8.91729	0.815007	7.87837	200
7473	9.01132	0.826362	7.8986	200
7474	8.90386	0.832751	7.91656	200
7475	8.94214	0.839638	7.93487	200
7476	8.92882	0.845149	7.95262	200
7477	8.98463	0.851822	7.97105	200
7478	8.93073	0.855674	7.98818	200
7479	8.89774	0.857598	8.00443	200
7480	9.60943	0.884291	8.03309	200
7481	9.58048	0.907973	8.06072	200
7482	9.62585	0.931442	8.08867	200
7483	9.58511	0.95162	8.11539	200
7484	9.55206	0.968943	8.14104	200
7485	9.65895	0.988548	8.16815	200
7486	9.6044	1.00454	8.19379	200
7487	9.54101	1.01677	8.21785	200
7488	9.62944	1.03087	8.24306	200
7489	9.58906	1.04213	8.26709	200
7490	9.61605	1.05309	8.29118	200
7491	9.5835	1.06163	8.31426	200
7492	9.62984	1.0707	8.33775	200
7493	9.5925	1.07727	8.36016	200
7494	9.56664	1.08189	8.3817	200
7495	10.2414	1.10966	8.41491	200
7496	10.2622	1.13271	8.44377	200
7497	10.2688	1.15435	8.47229	200
7498	10.3288	1.17629	8.50129	200
7499	10.3263	1.19656	8.52981	200
7500	10.2318	1.21236	8.5564	200
7501	10.3864	1.23166	8.58499	200
7502	10.4019	1.24995	8.61338	200
7503	10.2799	1.26296	8.63942	200
7504	10.321	1.27605	8.6657	200
7505	10.2929	1.28702	8.69112	200
7506	10.2819	1.29651	8.71598	200
7507	10.2916	1.30523	8.7406	200
7508	10.3186	1.31376	8.76525	200
7509	10.3055	1.32084	8.78932	200
7510	10.4176	1.33044	8.81476	200
7511	11.0068	1.35737	8.84901	200
7512	11.0205	1.38281	8.88294	200
7513	11.0357	1.40687	8.91657	200
7514	11.0134	1.42843	8.94934	200
7515	10.9952	1.44772	8.9813	200
7516	10.9659	1.4645	9.01231	200
7517	10.8956	1.47759	9.04174	200
7518	10.9357	1.4906	9.07133	200
7519	11.0124	1.50467	9.10166	200
7520	10.9684	1.51599	9.13082	200
7521	11.0487	1.52855	9.16079	200
7522	11.0268	1.53909	9.18995	200
7523	11.1212	1.55135	9.22012	200
7524	11.1151	1.56208	9.24973	200
7525	11.2026	1.5743	9.28025	200
7526	11.1205	1.58261	9.309	200
7527	11.274	1.59456	9.3397	200
7528	12.02	1.62849	9.38158	200
7529	11.9818	1.65548	9.4177	200
7530	11.9458	1.67972	9.45281	200
7531	12.0013	1.70385	9.4882	200
7532	12.1323	1.72997	9.52492	200
7533	11.9469	1.74919	9.55856	200
7534	11.9608	1.76733	9.59193	200
7535	11.8991	1.78233	9.62397	200
7536	11.9393	1.79713	9.65613	200
7537	11.9304	1.81038	9.68771	200
7538	11.824	1.81943	9.71738	200
7539	11.8465	1.82804	9.74695	200
7540	11.7978	1.83422	9.77544	200
7541	11.7418	1.8379	9.80275	200
7542	11.6832	1.83908	9.82887	200
7543	11.7823	1.84225	9.856	200
7544	11.7445	1.84354	9.88223	200
7545	11.5928	1.83984	9.90598	200
7546	12.2712	1.85444	9.93883	200
7547	12.3261	1.86924	9.97199	200
7548	12.3204	1.88255	10.0046	200
7549	12.1986	1.8912	10.0351	200
7550	12.1258	1.89674	10.0641	200
7551	12.4325	1.90985	10.097	200
7552	12.3101	1.91827	10.1277	200
7553	12.3733	1.92736	10.1589	200
7554	12.3209	1.93388	10.189	200
7555	12.3468	1.9401	10.2189	200
7556	12.3601	1.94568	10.2487	200
7557	12.4348	1.95236	10.279	200
7558	12.3589	1.9559	10.3079	200
7559	12.3753	1.959	10.3366	200
7560	12.4003	1.9619	10.3653	200
7561	12.3112	1.96146	10.3923	200
7562	12.2045	1.95731	10.4175	200
7563	12.3239	1.95589	10.444	200
7564	12.3652	1.95493	10.4706	200
7565	13.0074	1.97109	10.5059	200
7566	12.9801	1.98367	10.5368	200
7567	13.1463	1.99931	10.5694	200
7568	13.0972	2.01253	10.601	200
7569	13.0757	2.02408	10.632	200
7570	12.9618	2.03172	10.6611	200
7571	13.081	2.04143	10.6913	200
7572	12.9354	2.04649	10.7194	200
7573	13.0965	2.05476	10.7491	200
7574	13.1317	2.06295	10.7789	200
7575	13.1137	2.0705	10.8113	200
7576	12.9957	2.07367	10.8416	200
7577	13.132	2.08044	10.8774	200
7578	13.0524	2.08339	10.9114	200
7579	13.0794	2.08641	10.9501	200
7580	12.9889	2.08471	10.9865	200
7581	13.1753	2.08905	11.0321	200
7582	13.0491	2.08604	11.0741	200
7583	12.9919	2.07763	11.1221	200
7584	13.0821	2.07175	11.1711	200
7585	13.8149	2.10035	11.2372	200
7586	13.764	2.12167	11.3004	200
7587	13.6622	2.13368	11.3594	200
7588	13.6962	2.14384	11.4178	200
7589	13.7488	2.1532	11.4761	200
7590	13.7045	2.15696	11.5318	200
7591	13.7548	2.16026	11.5874	200
7592	13.7961	2.16268	11.6426	200
7593	13.6869	2.15677	11.6937	200
7594	7.61005	2.23705	11.6086	200
7595	7.54695	2.31308	11.524	200
7596	7.57929	2.38106	11.4418	200
7597	7.50456	2.44591	11.3598	200
7598	7.46412	2.50631	11.2786	200
7599	7.56995	2.55641	11.2014	200
7600	7.55126	2.60198	11.1253	200
7601	7.63409	2.63903	11.0526	200
7602	7.53836	2.6755	10.9794	200
7603	7.49699	2.70912	10.9068	200
7604	7.54926	2.73614	10.8369	200
7605	8.30326	2.7277	10.7841	200
7606	8.19055	2.72211	10.7301	200
7607	8.19605	2.71427	10.6773	200
7608	8.1641	2.70589	10.6249	200
7609	8.33984	2.68836	10.5773	200
7610	8.39708	2.66718	10.5319	200
7611	8.21528	2.65258	10.4836	200
7612	8.25219	2.63503	10.4371	200
7613	8.18475	2.61908	10.3902	200
7614	8.22619	2.60012	10.3451	200
7615	8.25084	2.57905	10.3015	200
7616	8.3466	2.55304	10.2608	200
7617	8.1438	2.53487	10.2167	200
7618	8.85776	2.48587	10.1884	200
7619	8.96818	2.44067	10.1666	200
7620	8.99345	2.3954	10.1456	200
7621	8.96429	2.35204	10.1245	200
7622	8.90486	2.31159	10.1027	200
7623	8.82763	2.27458	10.08	200
7624	8.94648	2.23382	10.0597	200
7625	8.85293	2.19714	10.0382	200
7626	8.90616	2.1591	10.018	200
7627	8.88115	2.12259	9.99766	200
7628	8.93774	2.08464	9.97873	200
7629	8.79891	2.05232	9.95766	200
7630	8.98764	2.01367	9.94034	200
7631	8.95649	1.97689	9.92277	200
7632	9.59907	1.91785	9.91699	200
7633	9.55766	1.86218	9.91057	200
7634	9.56277	1.8081	9.90436	200
7635	9.5775	1.7552	9.89852	200
7636	9.64109	1.7017	9.89393	200
7637	9.61904	1.65074	9.88902	200
7638	9.588	1.60254	9.88364	200
7639	9.69762	1.55195	9.88032	200
7640	9.65922	1.50442	9.87637	200
7641	9.63694	1.45924	9.87209	200
7642	9.64922	1.41508	9.86811	200
7643	9.62674	1.37316	9.8638	200
7644	9.58605	1.33404	9.85884	200
7645	9.58155	1.2963	9.85389	200
7646	9.63214	1.25792	9.84993	200
7647	10.3272	1.23004	9.85845	200
7648	10.3077	1.20564	9.86547	200
7649	10.4004	1.18468	9.87383	200
7650	10.3512	1.16258	9.88129	200
7651	10.1881	1.13583	9.88608	200
7652	10.3107	1.11361	9.89272	200
7653	10.3549	1.09325	9.89994	200
7654	10.226	1.06927	9.90503	200
7655	10.2612	1.04699	9.9106	200
7656	10.259	1.02516	9.91604	200
7657	10.2386	1.0032	9.92108	200
7658	10.3503	0.985265	9.92779	200
7659	10.3666	0.968188	9.93464	200
7660	10.4254	0.953267	9.94231	200
7661	10.29	0.934342	9.94774	200
7662	10.2558	0.914771	9.95256	200
7663	10.9453	0.917207	9.96807	200
7664	11.0057	0.92097	9.98428	200
7665	10.8713	0.919909	9.99814	200
7666	10.898	0.919281	10.0122	200
7667	11.0086	0.921691	10.0278	200
7668	10.9441	0.921522	10.0421	200
7669	10.9345	0.920611	10.056	200
7670	11.0274	0.922196	10.0712	200
7671	11.0317	0.923393	10.0862	200
7672	10.9759	0.922339	10.1001	200
7673	10.9917	0.921379	10.114	200
7674	10.9471	0.918617	10.1271	200
7675	10.9442	0.915446	10.1398	200
7676	10.8487	0.908068	10.1525	200
7677	10.9748	0.905005	10.1672	200
7678	11.0149	0.902617	10.1848	200
7679	10.9808	0.898174	10.2014	200
7680	11.676	0.926992	10.2383	200
7681	11.6373	0.950595	10.2733	200
7682	11.701	0.980414	10.3179	200
7683	11.6821	1.0044	10.3605	200
7684	11.6899	1.02471	10.402	200
7685	11.6654	1.03963	10.4415	200
7686	11.7075	1.05094	10.4732	200
7687	11.6796	1.05872	10.5033	200
7688	11.6781	1.06452	10.5327	200
7689	11.7627	1.07279	10.5634	200
7690	11.6887	1.07542	10.5916	200
7691	6.18863	1.24179	10.4815	200
7692	6.24299	1.39163	10.3755	200
7693	6.1448	1.53358	10.2698	200
7694	6.15653	1.66257	10.1669	200
7695	6.88098	1.74374	10.0848	200
7696	6.83183	1.8192	10.0035	200
7697	6.88797	1.88401	9.92558	200
7698	6.83983	1.9441	9.84844	200
7699	6.7904	1.99979	9.77199	200
7700	6.89116	2.04384	9.69996	200
7701	6.86271	2.08351	9.62903	200
7702	6.80497	2.12054	9.55843	200
7703	6.84677	2.1501	9.49064	200
7704	6.88684	2.17278	9.42554	200
7705	6.82172	2.19433	9.36045	200
7706	7.55122	2.17508	9.31522	200
7707	7.55159	2.15793	9.27847	200
7708	7.49097	2.1425	9.24123	200
7709	7.56259	2.12317	9.20626	200
7710	7.55199	2.10363	9.1718	200
7711	7.52486	2.0846	9.13748	200
7712	7.51585	2.06531	9.1037	200
7713	7.54491	2.04421	9.07122	200
7714	7.55546	2.02219	9.03965	200
7715	7.56935	1.99919	9.00901	200
7716	7.54851	1.97674	8.97859	200
7717	7.58584	1.95241	8.94957	200
7718	8.24267	1.90051	8.93484	200
7719	8.24212	1.85019	8.92041	200
7720	8.24524	1.80123	8.90634	200
7721	8.22455	1.75459	8.89214	200
7722	8.2835	1.70684	8.87946	200
7723	8.22293	1.66308	8.86578	200
7724	8.26782	1.61869	8.85332	200
7725	8.35894	1.57185	8.84302	200
7726	8.31449	1.52838	8.83201	200
7727	8.18991	1.49145	8.81863	200
7728	8.29987	1.45092	8.80782	200
7729	8.23211	1.41445	8.79583	200
7730	8.25529	1.37804	8.78457	200
7731	8.99127	1.32923	8.78887	200
7732	8.95977	1.28786	8.79192	200
7733	8.98091	1.24862	8.7953	200
7734	8.93692	1.20908	8.79783	200
7735	8.92249	1.17035	8.80005	200
7736	9.03228	1.13684	8.8042	200
7737	9.02531	1.10414	8.80815	200
7738	8.83005	1.06549	8.80854	200
7739	8.88054	1.03001	8.80982	200
7740	8.95544	0.998419	8.81242	200
7741	8.86418	0.964609	8.81335	200
7742	8.85952	0.931807	8.81417	200
7743	8.88201	0.90095	8.81538	200
7744	8.83064	0.869318	8.81565	200
7745	9.51943	0.863405	8.82822	200
7746	9.61251	0.860579	8.84222	200
7747	9.55824	0.855416	8.85501	200
7748	9.63101	0.852579	8.86887	200
7749	9.65081	0.850056	8.88283	200
7750	9.57776	0.844515	8.89524	200
7751	9.50056	0.835972	8.90605	200
7752	9.64522	0.832514	8.91925	200
7753	9.5774	0.826286	8.931	200
7754	9.58458	0.820117	8.94267	200
7755	9.62354	0.815143	8.95483	200
7756	9.61961	0.809772	8.9667	200
7757	9.60756	0.803739	8.97814	200
7758	9.61342	0.796719	8.99138	200
7759	9.61337	0.789438	9.00433	200
7760	10.2932	0.814408	9.03655	200
7761	10.2855	0.836134	9.06778	200
7762	10.283	0.859825	9.10575	200
7763	10.3076	0.881199	9.14331	200
7764	10.2376	0.894518	9.17751	200
7765	10.2576	0.906116	9.21126	200
7766	10.3329	0.919586	9.24631	200
7767	10.2464	0.924615	9.27756	200
7768	10.3036	0.930955	9.30962	200
7769	10.3178	0.93578	9.34113	200
7770	10.3063	0.937618	9.37129	200
7771	5.4558	1.12373	9.24893	200
7772	5.47431	1.28941	9.13097	200
7773	5.51126	1.43506	9.01786	200
7774	6.14426	1.52497	8.92806	200
7775	6.11378	1.58943	8.8577	200
7776	6.17274	1.64421	8.79057	200
7777	6.15583	1.69373	8.72471	200
7778	6.23963	1.7333	8.66258	200
7779	6.15755	1.77189	8.59995	200
7780	6.17424	1.80458	8.53931	200
7781	6.21312	1.83066	8.48115	200
7782	6.14574	1.85589	8.42277	200
7783	6.20253	1.87411	8.36726	200
7784	6.91218	1.85316	8.33088	200
7785	6.87435	1.83333	8.29447	200
7786	6.91315	1.81073	8.25994	200
7787	6.87484	1.78944	8.22531	200
7788	6.81511	1.77048	8.19005	200
7789	6.87482	1.74772	8.15717	200
7790	6.89596	1.72339	8.12564	200
7791	6.88685	1.69916	8.09467	200
7792	6.89738	1.67407	8.06474	200
7793	6.93009	1.6471	8.03637	200
7794	6.88138	1.62249	8.0075	200
7795	7.61305	1.56109	7.99763	200
7796	7.55529	1.51447	7.98842	200
7797	7.48642	1.47229	7.97796	200
7798	7.57262	1.42783	7.96952	200
7799	7.51892	1.38711	7.96013	200
7800	7.57254	1.34546	7.95205	200
7801	7.50315	1.30811	7.9427	200
7802	7.51134	1.27157	7.93371	200
7803	7.56387	1.234	7.92601	200
7804	7.48949	1.20077	7.91691	200
7805	7.5191	1.16732	7.90862	200
7806	7.47914	1.13657	7.89968	200
7807	8.16835	1.10041	7.90527	200
7808	8.26802	1.06967	7.91283	200
7809	8.2976	1.04113	7.92084	200
7810	8.23596	1.01088	7.92741	200
7811	8.28828	0.983799	7.93493	200
7812	8.24384	0.955678	7.94136	200
7813	8.24705	0.928595	7.94773	200
7814	8.25879	0.902864	7.95421	200
7815	8.19356	0.875217	7.9592	200
7816	8.23831	0.850379	7.96501	200
7817	8.26651	0.827508	7.97129	200
7818	8.20284	0.802676	7.97611	200
7819	8.21685	0.779261	7.98113	200
7820	8.89358	0.78481	8.00014	200
7821	8.92495	0.789809	8.01665	200
7822	8.86713	0.791975	8.03184	200
7823	8.90319	0.794809	8.0474	200
7824	8.90998	0.797229	8.0628	200
7825	8.89014	0.798304	8.07757	200
7826	8.95483	0.801123	8.09324	200
7827	8.90952	0.801664	8.10782	200
7828	8.9118	0.80176	8.12456	200
7829	8.90559	0.800896	8.14083	200
7830	8.86969	0.797293	8.15906	200
7831	8.95185	0.797068	8.17887	200
7832	8.97514	0.797018	8.20376	200
7833	8.98882	0.79627	8.22829	200
7834	9.72361	0.83996	8.27502	200
7835	9.61249	0.871054	8.31681	200
7836	9.6584	0.900462	8.35874	200
7837	9.62717	0.92346	8.39838	200
7838	9.58406	0.939849	8.43543	200
7839	9.63508	0.956086	8.47292	200
7840	9.62545	0.968363	8.50893	200
7841	5.45863	1.09848	8.41361	200
7842	5.43859	1.21577	8.32064	200
7843	5.45442	1.31892	8.23107	200
7844	5.45505	1.40999	8.14432	200
7845	5.51042	1.48648	8.06201	200
7846	5.52376	1.55222	7.98269	200
7847	5.50969	1.60976	7.90541	200
7848	5.46509	1.66167	7.82915	200
7849	5.54134	1.70081	7.75765	200
7850	6.15062	1.69495	7.70743	200
7851	6.11356	1.68989	7.66758	200
7852	6.20748	1.6784	7.63108	200
7853	6.18938	1.66657	7.59504	200
7854	6.17483	1.65425	7.55953	200
7855	6.1683	1.6411	7.52475	200
7856	6.19985	1.62529	7.49163	200
7857	6.16628	1.61029	7.4585	200
7858	6.1004	1.59768	7.42454	200
7859	6.19032	1.57951	7.39369	200
7860	6.8867	1.52588	7.38101	200
7861	6.89761	1.47376	7.36892	200
7862	6.86661	1.42518	7.35637	200
7863	6.90025	1.37673	7.34496	200
7864	6.82606	1.33384	7.33199	200
7865	6.826	1.29245	7.31934	200
7866	6.90425	1.24858	7.30896	200
7867	6.93574	1.20481	7.29963	200
7868	6.86847	1.16613	7.28885	200
7869	6.85594	1.12946	7.27803	200
7870	6.95306	1.08924	7.2699	200
7871	7.52308	1.04744	7.27623	200
7872	7.55988	1.01561	7.28214	200
7873	7.51095	0.982827	7.28691	200
7874	7.50476	0.950953	7.29145	200
7875	7.59904	0.924146	7.29786	200
7876	7.63092	0.899517	7.30479	200
7877	7.49978	0.870161	7.30886	200
7878	7.48345	0.841179	7.31249	200
7879	7.56991	0.816855	7.31785	200
7880	7.56744	0.793218	7.32305	200
7881	7.49337	0.767263	7.3266	200
7882	7.59116	0.746317	7.33211	200
7883	8.30344	0.755692	7.35235	200
7884	8.22227	0.760451	7.37047	200
7885	8.29143	0.767138	7.38966	200
7886	8.26523	0.771656	7.4079	200
7887	8.22361	0.773491	7.42489	200
7888	8.20026	0.773569	7.44104	200
7889	8.27379	0.776034	7.45839	200
7890	8.24079	0.776298	7.47469	200
7891	8.2636	0.776823	7.49113	200
7892	8.30465	0.778352	7.50807	200
7893	8.20183	0.774122	7.52542	200
7894	8.20313	0.769301	7.54236	200
7895	8.18324	0.761274	7.56239	200
7896	8.8927	0.796839	7.60396	200
7897	8.91335	0.839552	7.65852	200
7898	8.92183	0.874865	7.71115	200
7899	8.89974	0.901008	7.76068	200
7900	8.90018	0.920882	7.80816	200
7901	8.91971	0.932799	7.84289	200
7902	8.87877	0.939241	7.87526	200
7903	8.9518	0.947822	7.9089	200
7904	4.85234	1.07962	7.81339	200
7905	4.79354	1.20088	7.71902	200
7906	4.81667	1.30722	7.62832	200
7907	4.92066	1.39475	7.5437	200
7908	5.45616	1.43805	7.47847	200
7909	5.45651	1.47454	7.41528	200
7910	5.45235	1.50507	7.35394	200
7911	5.55215	1.52361	7.29763	200
7912	5.56769	1.53651	7.24357	200
7913	5.54617	1.54656	7.19053	200
7914	5.45066	1.55864	7.13615	200
7915	5.35507	1.57254	7.08049	200
7916	6.09241	1.53601	7.04962	200
7917	6.27532	1.49793	7.03026	200
7918	6.16862	1.46611	7.00872	200
7919	6.20341	1.43307	6.98858	200
7920	6.08838	1.40643	6.96608	200
7921	6.02529	1.38315	6.94256	200
7922	6.09563	1.35634	6.92138	200
7923	6.18895	1.32514	6.90307	200
7924	6.19059	1.29451	6.88526	200
7925	6.12865	1.26761	6.86634	200
7926	6.80554	1.20727	6.86482	200
7927	6.79655	1.15032	6.86312	200
7928	6.86887	1.09309	6.86326	200
7929	6.87842	1.0392	6.86364	200
7930	6.89266	0.988686	6.86436	200
7931	6.97053	0.944559	6.86702	200
7932	6.84493	0.898435	6.86646	200
7933	6.848	0.854436	6.866	200
7934	6.84397	0.812815	6.86545	200
7935	6.86273	0.77231	6.86538	200
7936	6.96928	0.738889	6.86798	200
7937	7.55215	0.736153	6.88508	200
7938	7.56201	0.733685	6.89919	200
7939	7.56319	0.730781	6.91302	200
7940	7.50486	0.724992	6.92535	200
7941	7.53103	0.72002	6.93797	200
7942	7.46684	0.712055	6.94898	200
7943	7.5553	0.707649	6.96162	200
7944	7.58977	0.704336	6.9747	200
7945	7.55765	0.699278	6.98684	200
7946	7.54633	0.693453	6.9985	200
7947	7.4445	0.683142	7.00779	200
7948	7.55389	0.677431	7.01917	200
7949	8.23936	0.700046	7.04459	200
7950	8.19998	0.719018	7.06866	200
7951	8.23293	0.73757	7.09291	200
7952	8.25082	0.755084	7.11703	200
7953	8.22382	0.769738	7.14009	200
7954	8.25518	0.784127	7.16332	200
7955	8.26027	0.797161	7.18618	200
7956	8.22541	0.807247	7.20782	200
7957	8.24101	0.816661	7.22935	200
7958	8.2349	0.824531	7.2503	200
7959	8.23724	0.831298	7.27086	200
7960	8.24169	0.837111	7.29108	200
7961	8.24623	0.842029	7.31098	200
7962	8.92221	0.874078	7.34455	200
7963	8.94281	0.899941	7.37309	200
7964	8.94032	0.923772	7.40107	200
7965	8.9202	0.945034	7.4282	200
7966	8.96198	0.96606	7.45559	200
7967	8.90907	0.983467	7.48154	200
7968	8.91703	0.99961	7.50718	200
7969	8.89662	1.01353	7.53199	200
7970	8.91972	1.0269	7.55677	200
7971	8.92495	1.03908	7.5812	200
7972	8.9249	1.04996	7.60519	200
7973	8.90911	1.05903	7.62848	200
7974	8.92658	1.06757	7.65166	200
7975	8.93048	1.07511	7.67449	200
7976	9.61849	1.11132	7.71499	200
7977	9.60053	1.14358	7.75428	200
7978	9.59664	1.17851	7.80033	200
7979	9.60273	1.20971	7.84539	200
7980	9.5575	1.24111	7.8989	200
7981	9.59832	1.26975	7.952	200
7982	9.60227	1.30146	8.02076	200
7983	9.6307	1.32717	8.08784	200
7984	9.64437	1.35583	8.18513	200
7985	9.62356	1.36616	8.27503	200
7986	9.61985	1.36082	8.44313	200
7987	9.63745	1.3192	8.59242	200
7988	9.36494	1.18253	8.68898	200
