segment	rtt	rttvar	srtt	rto
0	334.388	167.194	334.388	1671.94
1	335.017	158.866	334.404	1605.33
2	335.693	152.3	334.431	1552.83
3	336.525	146.042	334.474	1502.81
4	337.121	140.92	334.522	1461.88
5	337.892	136.008	334.582	1422.64
6	338.566	131.882	334.644	1389.7
7	339.255	127.905	334.716	1357.96
8	339.992	124.498	334.789	1330.78
9	340.673	121.204	334.871	1304.5
10	7.03464	126.369	330.773	1341.73
11	7.7528	131.286	326.735	1377.02
12	7.91203	135.548	323.112	1407.5
13	8.60711	139.615	319.539	1436.46
14	8.68746	143.183	316.3	1461.76
15	9.2699	146.596	313.102	1485.87
16	9.15659	149.622	310.18	1507.16
17	9.85023	152.52	307.292	1527.45
18	9.90855	155.107	304.637	1545.49
19	10.9132	157.582	302.014	1562.67
20	10.5344	159.814	299.585	1578.1
21	11.3523	161.954	297.183	1592.82
22	11.3403	163.89	294.95	1606.07
23	12.0621	165.749	292.74	1618.74
24	12.0296	167.44	290.676	1630.2
25	12.7937	169.064	288.633	1641.15
26	12.6676	170.549	286.716	1651.11
27	13.3677	171.977	284.818	1660.63
28	13.3689	173.286	283.032	1669.32
29	14.051	174.545	281.263	1677.62
30	13.9883	175.704	279.592	1685.22
31	14.7191	176.818	277.937	1692.48
32	14.6807	177.847	276.37	1699.15
33	15.3115	178.838	274.816	1705.52
34	15.2811	179.755	273.341	1711.38
35	15.8928	180.638	271.878	1716.98
36	16.0059	181.456	270.488	1722.13
37	16.6041	182.243	269.108	1727.05
38	16.5071	182.976	267.792	1731.6
39	17.1807	183.68	266.487	1735.93
40	17.2878	184.336	265.241	1739.93
41	18.0109	184.965	264.005	1743.72
42	17.9866	185.552	262.822	1747.23
43	18.6762	186.115	261.648	1750.57
44	18.648	186.642	260.523	1753.66
45	19.378	187.146	259.407	1756.58
46	19.4611	187.618	258.336	1759.28
47	20.0515	188.07	257.272	1761.83
48	19.7506	188.496	256.248	1764.22
49	20.4098	188.905	255.232	1766.47
50	20.8197	189.284	254.255	1768.53
51	21.4793	189.646	253.285	1770.45
52	21.2752	189.988	252.349	1772.25
53	21.9864	190.313	251.421	1773.93
54	22.0577	190.619	250.525	1775.47
55	22.7308	190.909	249.635	1776.91
56	22.6422	191.182	248.775	1778.23
57	23.4585	191.441	247.922	1779.45
58	23.3713	191.684	247.096	1780.57
59	24.0543	191.915	246.276	1781.6
60	24.0752	192.131	245.482	1782.53
61	24.8414	192.335	244.694	1783.37
62	24.8754	192.526	243.931	1784.14
63	25.5932	192.705	243.173	1784.81
64	25.515	192.874	242.438	1785.43
65	26.3813	193.03	241.708	1785.95
66	26.3403	193.177	240.999	1786.42
67	28.6298	193.303	240.301	1786.73
68	29.5046	193.416	239.625	1786.95
69	31.6931	193.509	238.959	1787.03
70	31.612	193.595	238.311	1787.07
71	32.342	193.672	237.667	1787.05
72	32.3272	193.744	237.041	1786.99
73	32.9321	193.807	236.419	1786.87
74	33.1237	193.863	235.814	1786.72
77	33.2859	193.915	235.211	1786.53
78	33.055	193.963	234.623	1786.33
79	33.6737	194.003	234.039	1786.07
80	33.7263	194.039	233.47	1785.78
81	34.3921	194.068	232.904	1785.45
82	34.318	194.093	232.353	1785.1
83	35.0717	194.111	231.805	1784.69
84	35.0406	194.125	231.27	1784.27
85	35.7258	194.133	230.739	1783.8
86	35.7691	194.137	230.22	1783.32
87	36.5097	194.135	229.705	1782.79
88	36.4366	194.131	229.202	1782.25
89	37.2103	194.119	228.702	1781.66
90	37.1512	194.106	228.213	1781.06
91	37.8781	194.087	227.728	1780.42
92	37.8564	194.066	227.253	1779.78
93	38.4795	194.039	226.781	1779.1
94	38.5037	194.011	226.319	1778.41
95	39.174	193.978	225.861	1777.68
96	39.2307	193.942	225.412	1776.95
97	39.8845	193.902	224.966	1776.18
98	39.971	193.86	224.53	1775.41
99	40.5919	193.813	224.096	1774.6
100	40.5289	193.766	223.671	1773.8
101	41.2169	193.713	223.249	1772.95
102	41.204	193.66	222.835	1772.12
103	41.8511	193.603	222.424	1771.24
104	41.9063	193.544	222.021	1770.37
105	42.6138	193.481	221.62	1769.47
106	42.6351	193.417	221.228	1768.57
107	43.2709	193.35	220.838	1767.63
108	43.3173	193.281	220.455	1766.71
109	43.9869	193.209	220.075	1765.75
110	43.905	193.137	219.701	1764.79
111	44.5972	193.06	219.33	1763.81
112	44.6527	192.984	218.966	1762.84
113	45.4249	192.903	218.605	1761.83
114	45.504	192.822	218.25	1760.82
115	46.1438	192.737	217.898	1759.79
116	46.1156	192.652	217.551	1758.77
117	46.761	192.564	217.207	1757.72
118	46.7543	192.476	216.869	1756.68
119	47.4542	192.385	216.533	1755.61
120	47.5362	192.293	216.202	1754.55
121	48.1268	192.199	215.874	1753.46
122	48.2475	192.104	215.552	1752.39
123	48.8849	192.006	215.231	1751.28
124	48.7892	191.91	214.916	1750.19
125	49.432	191.809	214.603	1749.08
126	49.5993	191.709	214.295	1747.97
127	50.2239	191.606	213.989	1746.84
128	50.2164	191.504	213.688	1745.72
129	50.9079	191.398	213.388	1744.58
130	50.8399	191.294	213.094	1743.44
131	51.5032	191.186	212.801	1742.29
132	51.43	191.08	212.513	1741.15
133	52.1048	190.97	212.227	1739.99
134	52.1819	190.861	211.945	1738.84
135	52.9314	190.749	211.665	1737.66
136	52.7921	190.638	211.389	1736.5
137	53.5215	190.525	211.115	1735.31
138	53.5737	190.412	210.845	1734.14
139	54.2796	190.296	210.577	1732.94
140	54.1828	190.181	210.313	1731.76
141	54.7763	190.064	210.05	1730.56
142	54.7798	189.948	209.791	1729.38
143	55.4931	189.829	209.534	1728.17
144	53.9452	189.717	209.278	1727.01
145	54.6306	189.601	209.024	1725.84
146	53.8257	189.49	208.772	1724.69
147	54.5334	189.375	208.522	1723.52
148	53.0564	189.267	208.273	1722.41
149	53.6179	189.156	208.025	1721.27
150	53.7744	189.045	207.781	1720.14
151	54.3635	188.932	207.538	1719
152	54.3665	188.821	207.299	1717.86
153	55.0304	188.706	207.061	1716.71
154	55.0175	188.593	206.826	1715.57
155	55.7912	188.477	206.593	1714.41
156	55.9377	188.362	206.363	1713.26
157	56.6471	188.244	206.135	1712.09
158	56.2254	188.129	205.909	1710.94
159	57.022	188.011	205.685	1709.77
160	56.8387	187.894	205.464	1708.62
161	57.5007	187.775	205.243	1707.45
162	57.6804	187.657	205.026	1706.28
163	58.3676	187.536	204.811	1705.1
164	58.5775	187.416	204.598	1703.93
165	59.198	187.294	204.387	1702.74
166	59.1539	187.173	204.178	1701.56
167	59.8727	187.05	203.971	1700.37
168	59.8102	186.928	203.766	1699.19
169	60.5262	186.804	203.563	1698
170	60.5005	186.681	203.362	1696.81
171	61.2704	186.556	203.162	1695.61
172	61.1456	186.432	202.965	1694.42
173	61.9117	186.306	202.769	1693.22
174	61.9207	186.181	202.575	1692.03
175	62.7466	186.054	202.383	1690.82
176	62.7393	185.928	202.194	1689.62
177	63.4139	185.8	202.005	1688.4
178	63.4021	185.673	201.819	1687.2
179	63.9686	185.544	201.633	1685.99
180	63.988	185.417	201.45	1684.79
181	64.6154	185.288	201.268	1683.57
182	64.7152	185.159	201.089	1682.36
183	65.3566	185.029	200.91	1681.15
184	65.3307	184.901	200.734	1679.94
185	65.9576	184.77	200.558	1678.72
186	66.0968	184.64	200.385	1677.51
187	66.8073	184.509	200.213	1676.28
188	66.7414	184.379	200.043	1675.07
189	67.3784	184.247	199.873	1673.85
190	67.3463	184.116	199.706	1672.63
191	68.0884	183.984	199.54	1671.41
192	68.2067	183.852	199.376	1670.19
193	68.8312	183.719	199.212	1668.96
194	68.7655	183.587	199.051	1667.75
195	69.4616	183.453	198.891	1666.52
196	69.4773	183.321	198.732	1665.3
197	70.1888	183.186	198.574	1664.07
198	70.1133	183.054	198.419	1662.85
199	70.8211	182.919	198.264	1661.62
200	70.8873	182.785	198.111	1660.39
201	71.5489	182.65	197.959	1659.16
202	71.4649	182.517	197.808	1657.94
203	72.136	182.381	197.658	1656.71
204	72.2213	182.247	197.51	1655.49
205	72.84	182.111	197.363	1654.25
206	72.8892	181.977	197.218	1653.03
207	73.5911	181.84	197.074	1651.79
208	73.6284	181.705	196.931	1650.57
209	74.3286	181.568	196.789	1649.33
210	74.2926	181.433	196.648	1648.11
211	74.9594	181.296	196.509	1646.87
212	75.0599	181.16	196.371	1645.65
213	75.6996	181.022	196.234	1644.41
214	75.7586	180.886	196.098	1643.18
215	76.3873	180.748	195.963	1641.95
216	76.3533	180.612	195.83	1640.72
217	77.0571	180.474	195.697	1639.49
218	77.0643	180.337	195.566	1638.26
219	77.6878	180.199	195.435	1637.02
220	77.7982	180.061	195.306	1635.8
221	78.4473	179.923	195.178	1634.56
222	78.4526	179.785	195.051	1633.33
223	79.175	179.646	194.925	1632.1
224	79.1135	179.509	194.801	1630.87
225	79.7803	179.37	194.677	1629.64
226	79.9236	179.232	194.554	1628.41
227	80.4903	179.093	194.432	1627.17
228	80.5263	178.954	194.312	1625.95
229	81.1797	178.815	194.192	1624.71
230	81.2114	178.677	194.073	1623.49
231	81.8183	178.537	193.955	1622.25
232	81.7717	178.399	193.838	1621.03
233	82.512	178.259	193.722	1619.8
234	82.4006	178.121	193.607	1618.57
235	83.0991	177.981	193.493	1617.34
236	83.1851	177.842	193.38	1616.12
237	83.8427	177.703	193.268	1614.89
238	83.8429	177.564	193.157	1613.67
239	84.5676	177.424	193.046	1612.43
240	84.5875	177.284	192.937	1611.21
241	85.2728	177.144	192.829	1609.98
242	85.2204	177.005	192.721	1608.76
243	85.9582	176.865	192.614	1607.53
244	86.015	176.725	192.508	1606.31
245	86.5955	176.585	192.403	1605.08
246	86.5506	176.445	192.299	1603.86
247	87.241	176.305	192.196	1602.63
248	87.289	176.165	192.093	1601.42
249	88.0222	176.025	191.992	1600.19
250	87.9521	175.885	191.891	1598.97
251	88.6367	175.744	191.791	1597.75
252	88.6618	175.605	191.692	1596.53
253	89.4913	175.464	191.593	1595.3
254	89.4156	175.324	191.496	1594.09
255	90.0251	175.183	191.399	1592.86
256	90.1269	175.043	191.303	1591.65
257	90.7497	174.902	191.208	1590.42
258	90.7355	174.762	191.113	1589.21
259	91.4821	174.621	191.02	1587.98
260	91.4274	174.481	190.927	1586.77
261	92.2215	174.339	190.835	1585.55
262	92.174	174.199	190.743	1584.34
263	92.8763	174.058	190.653	1583.11
264	92.8068	173.918	190.563	1581.9
265	93.4808	173.776	190.474	1580.68
266	93.5932	173.636	190.385	1579.47
267	94.1488	173.495	190.298	1578.26
268	94.2363	173.355	190.211	1577.05
269	94.9056	173.213	190.124	1575.83
270	95.0134	173.073	190.039	1574.62
271	95.7036	172.931	189.954	1573.4
272	95.6636	172.791	189.87	1572.19
273	96.3574	172.649	189.786	1570.98
274	96.31	172.509	189.703	1569.77
275	97.0418	172.367	189.621	1568.56
276	97.007	172.227	189.54	1567.35
277	97.6908	172.085	189.459	1566.14
278	97.7193	171.945	189.379	1564.94
279	98.4286	171.803	189.299	1563.72
280	98.3654	171.663	189.22	1562.52
281	99.155	171.521	189.142	1561.31
282	99.0769	171.381	189.064	1560.11
283	99.7897	171.239	188.987	1558.9
284	99.7289	171.099	188.911	1557.7
285	100.454	170.957	188.835	1556.49
286	100.351	170.817	188.76	1555.3
287	101.019	170.676	188.685	1554.09
288	101.174	170.535	188.611	1552.89
289	101.824	170.394	188.538	1551.69
290	101.909	170.253	188.465	1550.49
291	102.529	170.112	188.393	1549.29
292	102.539	169.971	188.322	1548.09
293	103.242	169.83	188.251	1546.89
294	103.298	169.689	188.181	1545.69
295	103.869	169.547	188.11	1544.49
296	103.868	169.405	188.04	1543.28
297	104.52	169.261	187.97	1542.06
298	104.477	169.117	187.9	1540.83
299	105.194	168.971	187.83	1539.6
300	105.121	168.825	187.76	1538.36
301	105.837	168.677	187.691	1537.11
302	105.842	168.53	187.621	1535.86
303	106.508	168.38	187.552	1534.59
304	106.599	168.23	187.482	1533.32
305	107.33	168.078	187.413	1532.04
306	107.234	167.927	187.344	1530.76
307	108.017	167.773	187.275	1529.46
308	108.008	167.619	187.206	1528.16
309	108.688	167.464	187.138	1526.85
310	108.662	167.308	187.069	1525.53
311	109.329	167.15	187.001	1524.2
312	109.385	166.993	186.932	1522.87
313	110.06	166.833	186.864	1521.53
314	110.03	166.673	186.796	1520.18
315	110.732	166.511	186.728	1518.82
316	110.663	166.35	186.66	1517.46
317	111.348	166.186	186.593	1516.08
318	111.29	166.023	186.525	1514.71
319	111.938	165.857	186.457	1513.31
320	111.907	165.692	186.39	1511.92
321	112.613	165.524	186.322	1510.51
322	112.839	165.356	186.255	1509.1
323	113.542	165.186	186.189	1507.67
324	113.426	165.016	186.122	1506.25
325	114.127	164.844	186.055	1504.8
326	114.171	164.671	185.988	1503.36
327	114.888	164.497	185.922	1501.9
328	114.938	164.322	185.856	1500.44
329	115.732	164.145	185.79	1498.95
330	115.6	163.969	185.724	1497.47
331	116.314	163.79	185.658	1495.98
332	116.29	163.611	185.593	1494.48
333	116.952	163.43	185.527	1492.96
334	116.878	163.249	185.462	1491.45
335	117.493	163.065	185.396	1489.92
336	117.564	162.882	185.331	1488.39
337	118.266	162.697	185.266	1486.84
338	118.331	162.511	185.201	1485.29
339	118.993	162.323	185.137	1483.72
340	118.985	162.135	185.072	1482.15
341	119.733	161.945	185.008	1480.56
342	119.79	161.754	184.943	1478.98
343	120.392	161.561	184.879	1477.37
344	120.393	161.369	184.815	1475.76
345	121.048	161.173	184.752	1474.14
346	121.13	160.978	184.688	1472.52
347	121.8	160.781	184.625	1470.87
348	121.737	160.583	184.561	1469.23
349	122.391	160.383	184.498	1467.56
350	122.447	160.183	184.435	1465.9
351	123.157	159.981	184.372	1464.22
352	123.061	159.778	184.309	1462.54
353	123.746	159.574	184.247	1460.83
354	123.887	159.369	184.184	1459.13
355	124.577	159.161	184.122	1457.41
356	124.418	158.953	184.06	1455.69
357	125.104	158.743	183.998	1453.95
358	125.116	158.534	183.936	1452.21
359	125.773	158.321	183.875	1450.44
360	125.806	158.109	183.813	1448.68
361	126.491	157.893	183.752	1446.9
362	126.547	157.678	183.691	1445.12
363	127.203	157.46	183.63	1443.31
364	127.438	157.242	183.569	1441.5
365	127.976	157.021	183.509	1439.68
366	127.922	156.8	183.449	1437.85
367	128.608	156.577	183.388	1436
368	128.669	156.353	183.328	1434.15
369	129.314	156.127	183.269	1432.28
370	129.448	155.901	183.209	1430.41
371	130.071	155.671	183.15	1428.52
372	130.042	155.442	183.091	1426.63
373	130.69	155.21	183.032	1424.71
374	130.818	154.978	182.973	1422.8
375	131.396	154.743	182.914	1420.86
376	131.446	154.508	182.856	1418.92
377	132.203	154.27	182.798	1416.96
378	132.072	154.033	182.739	1415
379	132.802	153.792	182.682	1413.02
380	132.735	153.551	182.624	1411.03
381	133.434	153.308	182.566	1409.03
382	133.424	153.064	182.509	1407.02
383	134.221	152.817	182.452	1404.99
384	134.222	152.57	182.395	1402.96
385	134.827	152.32	182.339	1400.9
386	134.882	152.071	182.282	1398.85
387	135.61	151.817	182.226	1396.76
388	135.547	151.565	182.17	1394.69
389	136.197	151.308	182.114	1392.58
390	136.277	151.052	182.058	1390.48
391	136.85	150.793	182.003	1388.35
392	137.036	150.534	181.948	1386.22
393	137.609	150.271	181.893	1384.06
394	137.665	150.008	181.838	1381.9
395	138.357	149.742	181.784	1379.72
396	138.33	149.476	181.73	1377.54
397	139.072	149.206	181.676	1375.33
398	139.018	148.937	181.622	1373.12
399	139.746	148.664	181.568	1370.88
400	139.675	148.392	181.515	1368.65
401	140.395	148.115	181.462	1366.39
402	140.435	147.839	181.409	1364.12
403	141.03	147.56	181.357	1361.83
404	141.096	147.28	181.304	1359.55
405	141.873	146.996	181.252	1357.22
406	141.696	146.714	181.2	1354.91
407	142.464	146.426	181.149	1352.56
408	142.475	146.14	181.097	1350.22
409	143.105	145.849	181.046	1347.84
410	143.171	145.559	180.995	1345.47
411	144.011	145.264	180.945	1343.06
412	143.915	144.97	180.895	1340.65
413	144.507	144.671	180.845	1338.22
414	144.481	144.374	180.795	1335.79
415	145.138	144.072	180.745	1333.32
416	145.252	143.77	180.696	1330.86
417	145.885	143.464	180.647	1328.36
418	145.915	143.159	180.598	1325.87
419	146.623	142.849	180.55	1323.34
420	146.673	142.539	180.502	1320.81
421	147.31	142.225	180.454	1318.25
422	147.428	141.911	180.407	1315.69
423	148.247	141.592	180.36	1313.1
424	148.005	141.274	180.313	1310.51
425	148.686	140.952	180.267	1307.88
426	148.642	140.63	180.22	1305.26
427	149.352	140.304	180.174	1302.6
428	149.301	139.978	180.128	1299.95
429	150.022	139.647	180.083	1297.26
430	150.003	139.317	180.038	1294.57
431	150.617	138.982	179.993	1291.85
432	150.663	138.648	179.948	1289.13
433	151.41	138.308	179.904	1286.37
434	151.315	137.969	179.86	1283.61
435	152.119	137.625	179.816	1280.81
436	152.118	137.281	179.773	1278.02
437	152.764	136.932	179.73	1275.19
438	152.827	136.584	179.688	1272.36
439	153.535	136.23	179.646	1269.49
440	153.472	135.877	179.604	1266.62
441	154.134	135.519	179.563	1263.71
442	154.132	135.161	179.521	1260.81
443	154.751	134.798	179.481	1257.87
444	154.881	134.436	179.44	1254.93
445	155.586	134.067	179.4	1251.94
446	155.502	133.7	179.361	1248.96
447	156.219	133.336	179.323	1246.01
448	156.315	132.973	179.285	1243.07
449	157.692	132.607	179.249	1240.11
450	157.988	132.241	179.214	1237.14
451	158.709	131.873	179.18	1234.17
452	158.691	131.507	179.147	1231.2
453	159.364	131.139	179.114	1228.23
454	159.394	130.773	179.082	1225.26
455	160.282	130.404	179.051	1222.29
456	160.276	130.037	179.02	1219.32
457	162.669	129.663	178.993	1216.3
458	162.746	129.29	178.966	1213.29
459	163.359	128.916	178.941	1210.27
460	163.569	128.543	178.915	1207.26
461	164.176	128.168	178.891	1204.24
462	164.239	127.795	178.867	1201.23
463	164.928	127.42	178.844	1198.21
464	164.968	127.047	178.821	1195.2
467	164.877	126.675	178.798	1192.2
468	164.926	126.304	178.776	1189.21
469	165.516	125.932	178.754	1186.21
470	165.528	125.561	178.732	1183.22
471	166.204	125.189	178.711	1180.23
472	166.107	124.819	178.691	1177.24
473	166.911	124.447	178.671	1174.25
474	166.883	124.077	178.652	1171.26
475	167.625	123.705	178.634	1168.27
476	167.677	123.334	178.616	1165.29
477	168.352	122.962	178.599	1162.29
478	168.314	122.591	178.582	1159.31
479	168.994	122.22	178.566	1156.32
480	168.965	121.849	178.55	1153.34
481	169.725	121.477	178.536	1150.35
482	169.653	121.107	178.521	1147.38
483	170.474	120.735	178.508	1144.39
484	170.324	120.365	178.495	1141.41
485	171.036	119.993	178.482	1138.43
486	171.047	119.623	178.47	1135.46
487	171.72	119.252	178.459	1132.47
488	171.707	118.882	178.448	1129.5
489	172.412	118.511	178.438	1126.52
490	172.433	118.14	178.428	1123.55
491	173.184	117.769	178.419	1120.57
492	173.078	117.399	178.411	1117.6
493	173.793	117.028	178.403	1114.63
494	173.724	116.659	178.395	1111.67
495	174.409	116.288	178.389	1108.69
496	174.524	115.918	178.382	1105.73
497	175.146	115.548	178.377	1102.76
498	175.173	115.178	178.372	1099.8
499	175.832	114.808	178.368	1096.83
500	175.882	114.438	178.364	1093.87
501	176.507	114.068	178.361	1090.9
502	176.578	113.698	178.358	1087.94
503	177.284	113.328	178.356	1084.98
504	177.358	112.958	178.354	1082.02
505	177.898	112.588	178.353	1079.06
506	177.931	112.219	178.353	1076.11
507	178.592	111.851	178.353	1073.16
508	178.626	111.484	178.354	1070.23
509	179.307	111.12	178.355	1067.32
510	179.294	110.758	178.357	1064.42
511	179.977	110.399	178.359	1061.55
512	179.833	110.041	178.362	1058.69
513	180.552	109.686	178.365	1055.85
514	180.565	109.332	178.369	1053.03
515	181.286	108.982	178.374	1050.23
516	181.377	108.634	178.379	1047.45
517	181.992	108.288	178.385	1044.69
518	182.061	107.944	178.391	1041.94
519	182.717	107.603	178.398	1039.22
520	182.733	107.263	178.405	1036.51
521	183.438	106.927	178.413	1033.83
522	183.392	106.592	178.421	1031.16
523	184.068	106.26	178.431	1028.51
524	183.973	105.928	178.44	1025.87
525	184.733	105.601	178.45	1023.26
526	184.853	105.274	178.461	1020.66
527	185.523	104.951	178.472	1018.08
528	185.39	104.629	178.484	1015.51
529	186.107	104.31	178.496	1012.97
530	186.08	103.992	178.509	1010.44
531	186.838	103.677	178.522	1007.94
532	186.873	103.363	178.536	1005.44
533	187.489	103.053	178.551	1002.97
534	187.576	102.743	178.566	1000.51
535	188.229	102.437	178.582	998.08
536	188.255	102.132	178.598	995.655
537	188.922	101.83	178.615	993.256
538	188.821	101.529	178.631	990.861
539	189.481	101.23	178.649	988.493
540	189.627	100.934	178.667	986.136
541	190.315	100.64	178.686	983.805
542	190.214	100.347	178.705	981.479
543	191.015	100.057	178.726	979.183
544	190.946	99.7682	178.746	976.891
545	191.612	99.4823	178.767	974.626
546	191.495	99.197	178.788	972.363
547	192.275	98.915	178.81	970.13
548	192.254	98.6339	178.832	967.903
549	192.978	98.3559	178.855	965.703
550	192.984	98.0789	178.879	963.51
551	193.751	97.8052	178.903	961.344
552	193.595	97.5318	178.927	959.181
553	194.269	97.2614	178.952	957.044
554	194.329	96.9921	178.978	954.914
555	194.998	96.7257	179.004	952.81
556	194.992	96.4601	179.03	950.711
557	195.685	96.1976	179.058	948.639
558	195.981	95.9368	179.086	946.58
559	196.543	95.6787	179.114	944.544
560	196.49	95.4211	179.143	942.512
561	197.211	95.1666	179.173	940.506
562	197.248	94.9131	179.202	938.507
563	197.98	94.6626	179.233	936.534
564	197.963	94.4128	179.264	934.567
565	198.603	94.1659	179.296	932.623
566	198.597	93.9196	179.328	930.684
567	199.309	93.6764	179.36	928.772
568	199.171	93.4334	179.393	926.86
569	199.834	93.1933	179.427	924.973
570	199.996	92.9544	179.46	923.096
571	200.667	92.7184	179.495	921.243
572	200.638	92.483	179.53	919.394
573	201.296	92.2503	179.566	917.569
574	201.353	92.0185	179.602	915.75
575	202.045	91.7897	179.639	913.956
576	202.052	91.5615	179.675	912.167
577	202.646	91.3358	179.713	910.4
578	202.676	91.1109	179.751	908.638
579	203.374	90.8889	179.79	906.901
580	203.375	90.6675	179.829	905.169
581	204.054	90.449	179.869	903.46
582	204.054	90.231	179.908	901.756
583	204.681	90.0157	179.949	900.074
584	204.805	89.8013	179.99	898.401
585	205.521	89.5899	180.032	896.751
586	205.462	89.3789	180.074	895.105
587	206.081	89.1704	180.117	893.48
588	206.224	88.963	180.159	891.863
589	207.089	88.7589	180.204	890.275
590	206.939	88.5549	180.248	888.687
591	207.694	88.3539	180.293	887.124
592	207.664	88.1533	180.338	885.564
593	208.359	87.9555	180.384	884.028
594	104.521	87.9157	180.259	883.585
595	104.562	87.8755	180.135	883.139
596	105.108	87.8332	180.011	882.677
597	105.095	87.7907	179.888	882.214
598	105.029	87.7482	179.765	881.75
599	104.324	87.7072	179.639	881.297
600	104.018	87.6669	179.513	880.848
601	104.023	87.6257	179.386	880.392
605	101.805	87.5918	179.255	879.989
606	101.829	87.557	179.122	879.578
607	100.088	87.5278	178.987	879.209
608	99.9392	87.4983	178.849	878.836
609	99.9494	87.4685	178.712	878.46
610	99.954	87.4378	178.574	878.076
611	99.9099	87.4069	178.435	877.691
612	99.8502	87.3754	178.295	877.298
613	99.9198	87.3433	178.155	876.901
614	100.598	87.3078	178.015	876.477
615	100.684	87.2717	177.874	876.048
616	101.412	87.2319	177.734	875.589
617	102.293	87.1886	177.595	875.104
618	103.363	87.1402	177.457	874.579
619	103.338	87.0916	177.318	874.052
620	103.384	87.0418	177.178	873.513
621	103.187	86.9924	177.038	872.977
622	103.329	86.9413	176.897	872.427
623	103.6	86.8888	176.756	871.866
624	103.588	86.8352	176.613	871.294
625	104.167	86.779	176.471	870.703
626	104.98	86.7183	176.329	870.076
627	106.31	86.6521	176.19	869.407
628	106.437	86.5839	176.05	868.721
629	106.892	86.5137	175.91	868.02
630	107.107	86.4411	175.769	867.298
631	107.106	86.3682	175.629	866.574
632	107.198	86.2935	175.486	865.834
633	107.17	86.2186	175.344	865.092
634	107.297	86.1416	175.2	864.332
635	107.205	86.0647	175.056	863.573
636	107.209	85.9861	174.909	862.798
637	107.183	85.9074	174.763	862.023
638	107.175	85.8271	174.615	861.232
639	107.139	85.7466	174.467	860.44
640	107.195	85.6641	174.317	859.63
641	107.157	85.5815	174.167	858.819
642	107.161	85.4971	174.015	857.991
643	107.172	85.4123	173.863	857.161
644	107.145	85.3257	173.708	856.314
645	107.176	85.2387	173.554	855.464
646	107.163	85.1498	173.398	854.596
647	107.205	85.0604	173.242	853.725
648	107.132	84.9693	173.083	852.837
649	107.306	84.877	172.925	851.941
650	107.799	84.7802	172.765	851.007
651	107.681	84.6837	172.606	850.075
652	107.555	84.5855	172.443	849.127
653	107.639	84.4866	172.281	848.174
654	107.685	84.3851	172.116	847.197
655	107.776	84.2828	171.952	846.215
656	107.738	84.1783	171.785	845.211
657	107.676	84.0738	171.618	844.208
658	107.736	83.9664	171.448	843.179
659	107.721	83.8587	171.278	842.148
660	107.699	83.7485	171.106	841.094
661	107.66	83.6382	170.933	840.039
662	107.746	83.5246	170.758	838.954
663	107.706	83.4108	170.583	837.869
664	107.704	83.2942	170.404	836.757
665	107.766	83.1768	170.226	835.64
666	107.648	83.057	170.044	834.5
667	107.667	82.9368	169.863	833.357
668	107.77	82.8127	169.678	832.18
669	107.691	82.6888	169.493	831.003
670	107.7	82.5613	169.305	829.796
671	107.76	82.4332	169.117	828.583
672	107.735	82.3016	168.926	827.339
673	107.737	82.1697	168.734	826.092
674	107.822	82.0334	168.539	824.806
675	107.69	81.8976	168.344	823.525
676	107.717	81.7577	168.145	822.206
677	107.689	81.6175	167.946	820.886
678	107.782	81.4764	167.748	819.559
679	107.673	81.3356	167.55	818.235
680	107.684	81.1943	167.353	816.908
681	107.743	81.0523	167.157	815.576
682	107.783	80.9097	166.962	814.24
683	107.74	80.767	166.767	812.903
684	107.772	80.6238	166.573	811.563
685	107.636	80.4811	166.379	810.228
686	107.699	80.3377	166.186	808.888
687	107.758	80.1935	165.994	807.542
688	107.722	80.0493	165.802	806.197
689	107.721	79.9048	165.611	804.85
690	107.772	79.7596	165.421	803.498
691	107.651	79.615	165.231	802.151
692	107.757	79.4693	165.042	800.796
693	107.794	79.3231	164.854	799.438
694	107.771	79.1768	164.666	798.08
695	107.708	79.0306	164.478	796.723
696	107.713	78.8841	164.292	795.365
697	107.701	78.7375	164.106	794.005
698	107.754	78.5902	163.92	792.642
699	107.638	78.4434	163.735	791.282
700	107.907	78.2946	163.551	789.909
701	107.795	78.1464	163.368	788.539
702	107.801	77.9978	163.185	787.168
703	107.847	77.8487	163.003	785.793
704	107.766	77.7	162.822	784.421
705	107.76	77.551	162.64	783.049
706	107.388	77.4043	162.459	781.693
707	107.534	77.2564	162.278	780.329
708	107.574	77.1081	162.098	778.963
709	107.558	76.9596	161.919	777.595
710	107.571	76.8108	161.74	776.226
711	107.562	76.6619	161.562	774.857
712	107.559	76.5129	161.384	773.487
713	107.483	76.3641	161.207	772.119
714	107.6	76.2144	161.03	770.745
715	107.597	76.0645	160.855	769.37
716	107.612	75.9143	160.679	767.994
717	107.673	75.7636	160.505	766.614
718	107.6	75.6132	160.331	765.237
719	107.586	75.4628	160.158	763.86
720	107.6	75.3121	159.985	762.481
721	107.642	75.1649	159.817	761.136
722	107.619	75.0176	159.65	759.791
723	107.593	74.8705	159.483	758.446
724	107.57	74.7233	159.316	757.103
725	107.676	74.5753	159.151	755.753
726	107.722	74.4269	158.986	754.402
727	107.659	74.2789	158.821	753.052
728	107.759	74.13	158.658	751.698
729	107.701	73.9815	158.494	750.346
730	107.592	73.8336	158.331	749
731	107.669	73.685	158.169	747.649
732	107.654	73.5365	158.007	746.299
733	107.53	73.3887	157.845	744.955
734	107.555	73.2406	157.684	743.609
735	107.662	73.0918	157.524	742.258
736	107.553	72.9436	157.364	740.912
737	107.404	72.7962	157.203	739.573
738	107.516	72.6481	157.044	738.229
739	107.46	72.5002	156.885	736.887
740	107.439	72.3525	156.727	735.546
741	107.465	72.2044	156.569	734.204
742	107.388	72.0568	156.411	732.866
743	107.386	71.9092	156.254	731.528
744	107.491	71.7608	156.098	730.185
745	107.51	71.6123	155.942	728.84
746	48.2028	71.8439	155.597	730.348
747	48.1322	72.0722	155.252	731.83
748	48.125	72.2969	154.909	733.284
749	48.1097	72.5181	154.567	734.711
750	48.1585	72.7353	154.226	736.108
751	48.1503	72.9491	153.886	737.478
752	48.0966	73.1651	153.538	738.859
753	48.1775	73.3769	153.191	740.206
754	48.2723	73.59	152.837	741.557
755	48.3379	73.7989	152.484	742.875
756	48.8274	74.0062	152.124	744.173
757	48.8589	74.2094	151.765	745.44
758	49.4465	74.4102	151.4	746.681
759	50.8184	74.5971	151.04	747.817
760	50.8452	74.7853	150.672	748.955
761	50.8825	74.9692	150.305	750.059
762	50.856	75.1546	149.929	751.166
763	50.9161	75.3354	149.553	752.237
764	50.9727	75.517	149.168	753.304
765	50.8916	75.6948	148.785	754.343
766	51.2647	75.8708	148.391	755.358
767	51.0897	76.0436	147.999	756.348
768	51.1211	76.2173	147.595	757.333
769	51.1	76.3862	147.193	758.283
770	51.0194	76.5568	146.779	759.233
771	51.1845	76.7209	146.367	760.134
772	51.0648	76.8868	145.941	761.036
773	51.073	77.0474	145.518	761.897
774	51.0917	77.2083	145.08	762.747
775	51.2737	77.362	144.646	763.542
776	51.3687	77.515	144.198	764.318
777	51.3843	77.6621	143.752	765.048
778	51.3855	77.8092	143.29	765.763
779	51.3225	77.9507	142.83	766.436
780	51.3046	78.0921	142.353	767.09
781	51.2851	78.2273	141.879	767.697
782	51.2899	78.3617	141.387	768.28
783	51.3243	78.4888	140.897	768.808
784	51.4204	78.6137	140.389	769.298
785	51.3366	78.7323	139.883	769.741
786	51.3639	78.8488	139.356	770.146
787	51.3104	78.9583	138.832	770.498
788	51.323	79.0652	138.285	770.806
789	51.4003	79.1629	137.742	771.045
790	51.4189	79.2524	137.202	771.222
791	52.0773	79.3258	136.67	771.277
792	52.1181	79.3912	136.142	771.271
793	52.1062	79.4492	135.617	771.21
794	52.1222	79.4998	135.095	771.093
795	52.157	79.5428	134.576	770.918
796	52.07	79.5798	134.061	770.699
797	52.0491	79.6102	133.548	770.43
798	52.0565	79.6337	133.039	770.108
799	51.9772	79.6516	132.532	769.745
800	52.031	79.6622	132.029	769.326
801	52.1465	79.6649	131.53	768.849
802	52.0931	79.6621	131.033	768.33
803	51.9962	79.6543	130.539	767.773
804	52.0853	79.6393	130.049	767.163
805	52.1569	79.6174	129.562	766.501
806	52.0171	79.5915	129.077	765.81
807	52.0916	79.5589	128.596	765.068
808	52.06	79.5212	128.118	764.287
809	52.0674	79.4778	127.643	763.465
810	52.0498	79.4292	127.17	762.604
811	52.1452	79.3742	126.701	761.695
812	52.0545	79.3151	126.235	760.755
813	52.1205	79.2501	125.772	759.772
814	52.0474	79.181	125.311	758.759
815	52.044	79.1071	124.853	757.709
816	52.0262	79.0286	124.398	756.626
817	52.1051	78.9444	123.946	755.501
818	52.2213	78.8541	123.498	754.33
819	52.2165	78.7594	123.052	753.128
820	52.2342	78.6602	122.609	751.891
821	52.133	78.5579	122.169	750.632
822	22.8965	78.8168	121.548	752.083
823	22.7624	79.0664	120.931	753.462
824	22.7633	79.3052	120.318	754.759
825	22.782	79.5331	119.708	755.972
826	22.7921	79.7503	119.102	757.105
827	22.8413	79.9567	118.501	758.154
828	22.7523	80.1541	117.902	759.135
829	22.9971	80.3385	117.309	760.017
830	22.8024	80.5156	116.718	760.843
831	22.9113	80.6905	116.101	761.625
832	24.1885	80.8382	115.496	762.202
833	24.2349	80.9829	114.863	762.726
834	24.8976	81.1077	114.238	763.099
835	25.7547	81.2161	113.587	763.316
836	27.0162	81.2949	112.951	763.31
837	27.0206	81.3673	112.279	763.218
838	27.0893	81.427	111.614	763.03
839	27.1152	81.4782	110.91	762.736
840	27.1247	81.5167	110.212	762.345
841	27.1725	81.5439	109.47	761.821
842	27.1236	81.5582	108.735	761.201
843	27.1318	81.5591	107.95	760.423
844	27.1035	81.5454	107.173	759.536
845	27.1461	81.5137	106.339	758.449
846	27.0915	81.4665	105.514	757.246
847	27.167	81.3956	104.623	755.788
848	27.1669	81.3061	103.743	754.192
849	27.1806	81.1875	102.786	752.286
850	27.089	81.0502	101.84	750.242
851	27.0615	80.8935	100.905	748.053
852	27.1602	80.7147	99.9835	745.701
853	27.1403	80.518	99.0729	743.217
854	27.139	80.3034	98.1738	740.601
855	27.044	80.074	97.2846	737.877
856	27.2294	79.8235	96.4089	734.997
857	27.2302	79.5574	95.5442	732.004
858	27.1644	79.278	94.6895	728.913
859	27.8267	78.9676	93.8537	725.594
860	27.9065	78.6421	93.0293	722.166
861	27.7575	78.3382	92.2876	718.993
862	27.8803	78.0216	91.5557	715.729
863	9.82119	78.106	90.6269	715.475
864	9.88385	78.1659	89.7094	715.037
865	9.80978	78.2053	88.8014	714.444
866	9.7182	78.2253	87.9027	713.705
867	9.8071	78.2223	87.0153	712.794
868	9.73916	78.2008	86.1372	711.744
869	9.77292	78.1591	85.2694	710.542
870	9.67171	78.1009	84.4103	709.217
871	10.0258	78.008	83.4805	707.544
872	10.8364	77.8739	82.5725	705.563
873	11.438	77.6867	81.5845	703.078
874	12.0745	77.4595	80.6191	700.295
875	13.4258	77.1387	79.5692	696.679
876	14.3721	76.7655	78.5505	692.675
877	14.9616	76.2949	77.4149	687.774
878	15.0177	75.7986	76.3007	682.689
879	14.9529	75.1965	75.0226	676.594
880	14.9527	74.5662	73.7712	670.301
881	14.9877	73.9086	72.5465	663.815
882	14.997	73.227	71.3476	657.163
883	15.0511	72.5215	70.1747	650.347
884	15.0304	71.7975	69.0259	643.406
885	3.51351	71.5356	67.661	639.946
886	3.51639	71.2276	66.3247	636.146
887	3.5428	70.8757	65.0167	632.023
888	3.53481	70.4843	63.7359	627.61
889	3.53083	69.9704	62.2307	621.994
890	3.53612	69.4066	60.7634	616.016
891	3.53079	68.6457	58.9749	608.14
892	3.48024	67.8237	57.2406	599.831
893	1.11568	66.8488	54.9021	589.693
894	1.22247	65.7514	52.6654	578.677
895	1.06055	64.5725	50.5152	567.096
896	1.11617	63.3081	48.4569	554.922
897	1.25577	61.9658	46.4902	542.217
898	1.01372	60.5917	44.5954	529.329
899	1.36242	59.5068	43.2443	519.299
900	1.99497	58.3657	41.9553	508.881
901	2.6983	57.1714	40.7285	498.1
902	4.07235	55.8892	39.583	486.697
903	4.05278	54.6168	38.4727	475.407
904	4.04292	53.3551	37.3968	464.237
905	4.04984	52.1046	36.3547	453.191
906	2.74666	50.9485	35.3044	442.893
907	2.71428	49.8011	34.286	432.695
908	2.72049	48.6614	33.2996	422.591
909	3.40926	47.4882	32.3655	412.271
910	3.43553	45.9417	31.1601	398.694
911	3.85292	44.3888	30.0223	385.133
912	3.58701	42.1446	28.3701	365.527
913	0.83607	40.3183	26.6492	349.196
914	0.888372	38.4986	25.0391	333.028
915	0.718144	36.7264	23.5191	317.33
916	0.746356	35.5636	22.5702	307.079
917	1.44665	34.3603	21.6901	296.572
918	1.32342	33.1941	20.8415	286.394
919	1.32035	32.0547	20.0281	276.466
920	1.43043	30.9333	19.2532	266.719
921	1.43758	29.8401	18.5109	257.232
922	1.32046	28.786	17.7946	248.083
923	2.01842	27.7018	17.1372	238.752
924	1.99574	26.6551	16.5064	229.748
925	2.03348	25.64	15.9033	221.023
926	2.04419	24.6582	15.3258	212.592
927	2.03558	23.7109	14.7721	204.459
928	2.07554	23.0225	14.3753	200
929	2.0612	22.3532	13.9905	200
930	2.0493	21.7025	13.6173	200
931	2.72553	21.0268	13.277	200
932	2.7236	20.3722	12.9472	200
933	2.73736	19.7371	12.6281	200
934	2.73436	19.1219	12.3189	200
935	2.75559	18.5244	12.0201	200
936	2.70441	17.9489	11.729	200
937	2.73497	17.3892	11.4479	200
938	2.74603	16.8463	11.176	200
939	2.72742	16.3214	10.912	200
940	3.48059	15.7658	10.6797	200
941	3.42765	15.2337	10.4531	200
942	3.43337	14.7203	10.2337	200
943	3.4586	14.2237	10.022	200
944	3.43338	13.7465	9.81611	200
945	3.43527	13.3782	9.65659	200
946	3.45797	13.0193	9.50162	200
947	3.44437	12.6712	9.35019	200
948	3.46118	12.3321	9.20296	200
949	3.42144	12.0045	9.05843	200
950	4.08493	11.653	8.93409	200
951	4.02008	11.316	8.81124	200
952	4.08664	10.9865	8.69312	200
953	4.05986	10.6688	8.57729	200
954	4.10649	10.3589	8.46552	200
955	4.12629	10.0579	8.35704	200
956	4.14883	9.76542	8.25183	200
957	4.11087	9.4842	8.14831	200
958	4.09359	9.21272	8.04694	200
959	4.12791	8.94804	7.94896	200
960	4.06303	8.69493	7.85182	200
961	4.74977	8.41529	7.77426	200
962	4.81797	8.14234	7.70036	200
963	4.76487	7.88199	7.62697	200
964	4.81	7.62874	7.55654	200
965	4.79752	7.38526	7.48757	200
966	4.82912	7.18831	7.43218	200
967	5.05461	6.98786	7.38265	200
968	4.79978	6.80432	7.32884	200
969	4.78534	6.62678	7.27585	200
970	4.94985	6.44758	7.22739	200
971	4.81823	6.27931	7.1772	200
972	4.82007	6.11589	7.12809	200
973	5.49418	5.92914	7.09405	200
974	5.47584	5.74952	7.06034	200
975	5.2531	5.58526	7.02269	200
976	5.48187	5.41674	6.99059	200
977	5.49146	5.2535	6.95935	200
978	5.36229	5.10115	6.92608	200
979	5.47798	4.94894	6.89591	200
980	5.48504	4.80152	6.86652	200
981	5.47455	4.65945	6.83752	200
982	5.46673	4.52243	6.80896	200
983	5.46433	4.39002	6.78095	200
984	5.53902	4.25885	6.75507	200
985	5.46724	4.13505	6.72824	200
986	6.15416	3.98668	6.71628	200
987	6.17417	3.84315	6.70499	200
988	6.22514	3.70302	6.69499	200
989	6.19944	3.56937	6.68466	200
990	6.17665	3.44182	6.67408	200
991	6.27253	3.33323	6.66691	200
992	6.23031	3.22978	6.65911	200
993	6.13276	3.13323	6.64971	200
994	6.20948	3.03705	6.64185	200
995	6.198	2.94444	6.63392	200
996	6.15374	2.85643	6.62535	200
997	6.16282	2.77093	6.61709	200
998	6.15945	2.68831	6.60892	200
999	6.20161	2.60685	6.60164	200
1000	6.86934	2.52331	6.60642	200
1001	6.77276	2.43913	6.60939	200
1002	6.839	2.36022	6.61349	200
1003	6.83703	2.28391	6.61748	200
1004	6.8476	2.21056	6.62159	200
1005	6.84966	2.13975	6.62566	200
1006	6.89698	2.07302	6.63051	200
1007	7.17079	2.01828	6.64016	200
1008	6.84767	1.95361	6.64386	200
1009	6.85605	1.89142	6.64765	200
1010	6.88012	1.83217	6.6518	200
1011	6.8721	1.7746	6.65573	200
1012	6.8574	1.71842	6.65933	200
1013	6.91373	1.66614	6.66388	200
1014	6.97349	1.61769	6.66941	200
1015	7.54275	1.5911	6.685	200
1016	7.58641	1.56647	6.7011	200
1017	7.54135	1.54053	6.7161	200
1018	7.31629	1.50695	6.72682	200
1019	7.54593	1.48238	6.74144	200
1020	7.55694	1.46154	6.75418	200
1021	7.53308	1.44021	6.76635	200
1022	7.52187	1.41881	6.77816	200
1023	7.50312	1.39713	6.78949	200
1024	7.53086	1.37664	6.80107	200
1025	7.40591	1.35252	6.81052	200
1026	7.54845	1.33331	6.82205	200
1027	7.4943	1.31265	6.83255	200
1028	7.52982	1.29342	6.84345	200
1029	7.41448	1.27085	6.85237	200
1030	7.54623	1.25282	6.86321	200
1031	8.2421	1.25676	6.88476	200
1032	8.2259	1.25939	6.90571	200
1033	8.24081	1.26176	6.92657	200
1034	8.48478	1.27102	6.95092	200
1035	8.26995	1.27252	6.97153	200
1036	8.22747	1.272	6.99115	200
1037	8.23255	1.27104	7.01055	200
1038	8.25994	1.27037	7.03007	200
1039	8.25923	1.26908	7.04927	200
1040	8.26684	1.26747	7.0683	200
1041	8.26444	1.26524	7.08699	200
1042	8.23528	1.26158	7.10493	200
1043	8.25459	1.25809	7.12289	200
1044	8.21749	1.25298	7.13999	200
1045	8.21301	1.24735	7.15676	200
1046	8.03472	1.23581	7.17048	200
1047	8.2235	1.2301	7.18693	200
1048	8.91276	1.24559	7.21389	200
1049	8.96253	1.26131	7.24122	200
1050	8.95806	1.27554	7.26804	200
1051	8.88188	1.28611	7.29326	200
1052	8.97075	1.29834	7.31947	200
1053	8.98863	1.30864	7.34265	200
1054	8.91168	1.31588	7.36444	200
1055	8.98272	1.32428	7.38692	200
1056	8.90265	1.3296	7.40797	200
1057	9.0114	1.3372	7.43024	200
1058	8.91376	1.34126	7.45084	200
1059	8.92066	1.34484	7.47126	200
1060	8.99265	1.34974	7.49239	200
1061	8.94979	1.35273	7.51263	200
1062	8.88825	1.35336	7.53173	200
1063	8.92153	1.35438	7.55103	200
1064	8.97566	1.35633	7.57082	200
1065	8.87501	1.35488	7.58893	200
1066	9.56211	1.37205	7.61634	200
1067	9.542	1.38743	7.64308	200
1068	9.62845	1.40404	7.67066	200
1069	9.62647	1.41936	7.69782	200
1070	9.62852	1.43357	7.72464	200
1071	9.53937	1.44415	7.74984	200
1072	9.58962	1.45514	7.77539	200
1073	9.59781	1.46534	7.8007	200
1074	9.53192	1.47273	7.82475	200
1075	9.58561	1.48073	7.8492	200
1076	9.63559	1.48922	7.87401	200
1077	9.60003	1.4958	7.89799	200
1078	9.72723	1.50506	7.92339	200
1079	9.66408	1.51161	7.94757	200
1080	9.61096	1.51582	7.97067	200
1081	9.59979	1.51897	7.99329	200
1082	9.64264	1.52304	8.01907	200
1083	9.55187	1.52335	8.04302	200
1084	9.67026	1.52706	8.07207	200
1085	10.2703	1.55103	8.11133	200
1086	10.3086	1.57795	8.1571	200
1087	10.3276	1.60264	8.20232	200
1088	10.3081	1.6278	8.25497	200
1089	10.3293	1.65012	8.30682	200
1090	10.399	1.67223	8.35913	200
1091	10.3243	1.68687	8.40826	200
1092	10.3041	1.69732	8.45565	200
1093	10.1527	1.69731	8.49808	200
1094	10.2649	1.70078	8.54225	200
1095	4.14381	1.83567	8.43229	200
1096	4.05427	1.96278	8.32284	200
1097	4.06567	2.0775	8.21641	200
1098	4.09372	2.17976	8.11334	200
1099	4.11369	2.27076	8.01335	200
1100	4.85964	2.3149	7.9345	200
1101	4.83837	2.35396	7.8571	200
1102	4.77684	2.39028	7.78009	200
1103	4.77286	2.42113	7.70491	200
1104	4.87793	2.44142	7.63424	200
1105	4.90184	2.45354	7.57731	200
1106	4.80258	2.46692	7.5195	200
1107	4.72006	2.48078	7.46118	200
1108	4.75983	2.48997	7.4049	200
1109	4.80602	2.49451	7.35076	200
1110	4.8048	2.49665	7.29772	200
1111	4.75767	2.49846	7.2448	200
1112	5.40463	2.47103	7.20646	200
1113	5.43524	2.44187	7.16956	200
1114	5.50039	2.40967	7.13479	200
1115	5.5474	2.37541	7.10172	200
1116	5.49583	2.34335	7.06826	200
1117	5.57895	2.30776	7.03723	200
1118	5.47071	2.27687	7.0046	200
1119	5.46892	2.24599	6.9726	200
1120	5.49218	2.21409	6.94176	200
1121	5.50018	2.1819	6.91173	200
1122	5.54873	2.14778	6.88333	200
1123	5.41903	2.1193	6.85282	200
1124	5.48395	2.08803	6.8243	200
1125	6.14988	2.02913	6.81025	200
1126	6.08108	1.97497	6.79506	200
1127	6.20505	1.91726	6.78277	200
1128	6.18377	1.86233	6.77029	200
1129	6.18608	1.80908	6.75812	200
1130	6.22512	1.7635	6.7486	200
1131	6.19784	1.72019	6.73876	200
1132	6.22916	1.67695	6.72966	200
1133	6.20439	1.63582	6.72028	200
1134	6.286	1.59291	6.71253	200
1135	6.16654	1.55552	6.70278	200
1136	6.21759	1.51729	6.69411	200
1137	6.21266	1.48029	6.68551	200
1138	6.20175	1.4447	6.67688	200
1139	6.95386	1.403	6.68182	200
1140	6.88946	1.36031	6.68553	200
1141	6.85469	1.31777	6.68855	200
1142	6.85818	1.27676	6.69158	200
1143	6.91687	1.23921	6.6956	200
1144	6.85387	1.2006	6.69843	200
1145	7.04444	1.17008	6.7046	200
1146	6.84093	1.13316	6.70704	200
1147	6.88598	1.09908	6.71023	200
1148	6.876	1.06575	6.71319	200
1149	6.8767	1.03353	6.71611	200
1150	6.89469	1.00299	6.7193	200
1151	6.82053	0.970785	6.72111	200
1152	6.91845	0.943161	6.72463	200
1153	7.56413	0.939458	6.73962	200
1154	8.18497	0.957525	6.76543	200
1155	8.19977	0.974554	6.79104	200
1156	8.16062	0.988661	6.8155	200
1157	8.27545	1.00339	6.83831	200
1158	8.22117	1.01525	6.85992	200
1159	8.22542	1.02619	6.88125	200
1160	8.17418	1.03453	6.90146	200
1161	8.13722	1.04081	6.92076	200
1162	8.27113	1.05049	6.94186	200
1163	8.21177	1.05734	6.9617	200
1164	8.24681	1.06446	6.98178	200
1165	8.20947	1.06956	7.00096	200
1166	8.23798	1.07479	7.02029	200
1167	8.9487	1.10147	7.05042	200
1168	9.50527	1.14376	7.08878	200
1169	10.227	1.20609	7.13782	200
1170	10.2938	1.26702	7.18713	200
1171	10.3168	1.32523	7.23603	200
1172	10.3157	1.38005	7.28415	200
1173	10.3033	1.43128	7.33132	200
1174	10.3385	1.48052	7.37831	200
1175	10.2743	1.52475	7.42356	200
1176	10.3007	1.56702	7.46851	200
1177	10.2652	1.60544	7.51221	200
1178	10.3229	1.64311	7.55612	200
1179	10.3315	1.67849	7.59949	200
1180	9.92183	1.69861	7.63577	200
1181	10.2679	1.72778	7.6769	200
1182	9.62953	1.73581	7.71177	200
1183	9.58059	1.74056	7.74514	200
1184	9.62068	1.74618	7.78421	200
1185	9.58259	1.74836	7.82168	200
1186	10.2872	1.78421	7.88332	200
1187	10.3203	1.81685	7.94424	200
1188	10.345	1.85335	8.01927	200
1189	10.2692	1.87813	8.08957	200
1190	10.287	1.89809	8.15824	200
1191	10.2734	1.91165	8.22434	200
1192	10.3174	1.92072	8.27667	200
1193	10.3422	1.92796	8.3283	200
1194	10.3178	1.93104	8.37804	200
1195	4.76429	2.01517	8.2877	200
1196	4.833	2.08715	8.20133	200
1197	4.81607	2.15205	8.1167	200
1198	5.06871	2.19685	8.0405	200
1199	5.67315	2.20537	7.98131	200
1200	5.65344	2.2115	7.92312	200
1201	5.6101	2.21657	7.86529	200
1202	5.60011	2.219	7.80866	200
1203	5.62254	2.21736	7.75401	200
1204	5.63128	2.21263	7.70094	200
1205	5.62757	2.20566	7.6491	200
1206	5.35649	2.21001	7.59179	200
1207	5.44962	2.20662	7.53823	200
1208	5.47768	2.19931	7.48672	200
1209	5.48933	2.18921	7.43678	200
1210	6.16408	2.14339	7.40496	200
1211	6.17507	2.09771	7.37422	200
1212	6.24362	2.04936	7.34595	200
1213	6.1629	2.01326	7.3213	200
1214	6.21053	1.97566	7.29816	200
1215	6.17816	1.94	7.27483	200
1216	6.17372	1.90505	7.25189	200
1217	6.17545	1.87052	7.22946	200
1218	6.16638	1.83688	7.20731	200
1219	6.16348	1.80384	7.18557	200
1220	6.18367	1.77042	7.16469	200
1221	6.10794	1.74069	7.14268	200
1222	6.82072	1.68157	7.13597	200
1223	6.99425	1.61741	7.13302	200
1224	6.83325	1.56251	7.12677	200
1225	6.88257	1.50758	7.12168	200
1226	6.86069	1.45564	7.11625	200
1227	6.90731	1.40369	7.11189	200
1228	6.87716	1.35498	7.107	200
1229	6.89111	1.30752	7.1025	200
1230	6.8261	1.26456	7.09674	200
1231	6.87289	1.22119	7.09208	200
1232	6.85588	1.18015	7.08716	200
1233	6.72442	1.14609	7.0796	200
1234	6.85945	1.10751	7.07501	200
1235	7.59562	1.08306	7.08586	200
1236	7.53341	1.05658	7.09518	200
1237	7.57261	1.03244	7.10513	200
1238	7.49458	1.00948	7.11208	200
1239	7.6188	0.991523	7.12113	200
1240	7.53376	0.970848	7.1285	200
1241	7.55936	0.951562	7.13619	200
1242	7.61385	0.934637	7.14472	200
1243	7.54676	0.915615	7.1519	200
1244	7.55196	0.897202	7.15904	200
1245	7.56597	0.879692	7.16631	200
1246	7.67849	0.866566	7.17546	200
1247	7.55768	0.849268	7.18228	200
1248	7.54397	0.831854	7.18874	200
1249	8.21386	0.838756	7.20704	200
1250	8.24363	0.845821	7.22555	200
1251	8.14305	0.84838	7.24194	200
1252	8.23683	0.854484	7.26266	200
1253	9.74925	0.936089	7.32483	200
1254	10.9312	1.10298	7.43752	200
1255	10.9898	1.25606	7.54853	200
1256	11.0106	1.39394	7.65672	200
1257	10.9913	1.51523	7.76093	200
1258	10.8199	1.61171	7.85652	200
1259	10.9725	1.70573	7.95389	200
1260	10.9786	1.78816	8.04842	200
1261	11.0113	1.86158	8.14101	200
1262	11.0196	1.92515	8.23096	200
1263	5.46286	1.97783	8.14446	200
1264	5.45843	2.02209	8.06052	200
1265	5.47074	2.05757	7.97959	200
1266	5.47167	2.08572	7.90121	200
1267	5.49591	2.10569	7.82605	200
1268	5.48175	2.1206	7.75279	200
1269	5.46835	2.13084	7.6814	200
1270	6.17334	2.09192	7.63427	200
1271	6.16134	2.05323	7.58824	200
1272	6.21551	2.01921	7.55392	200
1273	6.22351	1.98477	7.52066	200
1274	6.22571	1.95027	7.48829	200
1275	6.23529	1.91541	7.45696	200
1276	6.18297	1.88334	7.42511	200
1277	6.20115	1.85037	7.39451	200
1278	6.17404	1.81888	7.364	200
1279	6.15503	1.78838	7.33378	200
1280	6.15376	1.75796	7.30427	200
1281	6.84379	1.69309	7.29276	200
1282	6.82316	1.63191	7.28102	200
1283	6.83341	1.57269	7.26983	200
1284	6.92523	1.51129	7.26121	200
1285	6.80284	1.45864	7.24976	200
1286	6.87577	1.40441	7.2404	200
1287	6.85607	1.35341	7.2308	200
1288	6.88354	1.3031	7.22211	200
1289	6.86115	1.25599	7.21309	200
1290	6.86751	1.21047	7.20445	200
1291	6.93588	1.16338	7.19773	200
1292	7.56625	1.12363	7.20695	200
1293	7.60472	1.09339	7.21523	200
1294	7.55821	1.06212	7.22238	200
1295	7.4463	1.0272	7.22704	200
1296	7.55998	0.998267	7.23398	200
1297	7.54162	0.969491	7.24039	200
1298	7.53313	0.941293	7.24648	200
1299	7.64243	0.918569	7.25473	200
1300	7.57393	0.893595	7.26138	200
1301	7.5614	0.868862	7.26763	200
1302	7.49285	0.842043	7.27232	200
1303	7.54829	0.818456	7.27807	200
1304	8.28199	0.826183	7.29899	200
1305	8.31375	0.83404	7.32013	200
1306	8.29561	0.839933	7.34045	200
1307	8.2847	0.844279	7.36012	200
1308	8.23601	0.845596	7.37837	200
1309	8.22762	0.845748	7.39606	200
1310	8.22737	0.845146	7.41338	200
1311	8.13191	0.83987	7.42835	200
1312	8.24032	0.838707	7.44526	200
1313	8.25368	0.837444	7.4621	200
1314	8.24662	0.835238	7.47845	200
1315	8.26287	0.83312	7.49479	200
1316	8.17342	0.826682	7.50893	200
1317	8.91938	0.851005	7.53831	200
1318	8.82965	0.866731	7.56137	200
1319	8.89597	0.88344	7.5852	200
1320	8.88588	0.898341	7.60843	200
1321	8.96953	0.914868	7.63273	200
1322	8.90674	0.927694	7.65548	200
1323	8.92227	0.939804	7.6781	200
1324	9.0202	0.954171	7.70207	200
1325	8.95127	0.964707	7.72438	200
1326	8.93137	0.97336	7.74593	200
1327	8.91574	0.980376	7.76682	200
1328	8.89134	0.985524	7.7869	200
1329	8.9637	0.992355	7.80791	200
1330	8.8827	0.995298	7.8271	200
1331	9.5795	1.02234	7.8584	200
1332	9.70267	1.05169	7.89133	200
1333	9.59366	1.07493	7.92173	200
1334	9.59348	1.09624	7.95158	200
1335	9.65243	1.12143	7.98701	200
1336	9.65308	1.14413	8.02172	200
1337	9.64062	1.16787	8.06219	200
1338	9.49323	1.18102	8.09797	200
1339	9.64644	1.20399	8.14636	200
1340	9.58904	1.21891	8.19144	200
1341	9.65168	1.23399	8.23707	200
1342	9.66207	1.24593	8.2816	200
1343	9.64787	1.25345	8.3243	200
1344	9.58218	1.25372	8.36361	200
1345	9.58443	1.25167	8.40176	200
1346	10.2662	1.28996	8.46002	200
1347	10.2937	1.32394	8.51732	200
1348	5.50897	1.42922	8.42331	200
1349	5.51406	1.52172	8.3324	200
1350	5.49272	1.63155	8.21408	200
1351	5.44916	1.726	8.09887	200
1352	5.57364	1.8259	7.94104	200
1353	5.51775	1.90057	7.78959	200
1354	6.17645	1.86464	7.68877	200
1355	6.19627	1.81812	7.59548	200
1356	6.13447	1.78836	7.53461	200
1357	3.41058	1.983	7.36277	200
1358	3.38847	2.14894	7.19718	200
1359	3.49564	2.27833	7.04294	200
1360	3.45453	2.3875	6.89343	200
1361	4.15984	2.41634	6.77953	200
1362	4.02862	2.44422	6.66491	200
1363	4.15838	2.44941	6.56047	200
1364	4.11532	2.44906	6.45859	200
1365	4.06308	2.44459	6.35877	200
1366	4.08239	2.43058	6.26392	200
1367	4.80242	2.34982	6.20303	200
1368	4.7632	2.29294	6.15803	200
1369	4.84134	2.23193	6.11688	200
1370	4.6959	2.18124	6.07248	200
1371	4.79323	2.12487	6.0325	200
1372	4.79126	2.06964	5.99371	200
1373	4.81484	2.01397	5.95687	200
1374	4.75664	1.96311	5.91936	200
1375	5.49222	1.86711	5.90602	200
1376	5.60328	1.76934	5.89655	200
1377	5.50997	1.68291	5.88447	200
1378	5.51157	1.60104	5.87282	200
1379	5.54631	1.52138	5.86261	200
1380	5.45499	1.45177	5.84988	200
1381	5.53848	1.3805	5.84014	200
1382	5.5064	1.31507	5.82972	200
1383	5.44619	1.25685	5.81773	200
1384	6.13755	1.19829	5.82772	200
1385	6.0878	1.15138	5.83422	200
1386	6.16824	1.11051	5.84257	200
1387	6.15074	1.07039	5.85028	200
1388	6.13443	1.03108	5.85738	200
1389	6.27456	1.00038	5.86781	200
1390	6.15846	0.964894	5.87508	200
1391	6.22084	0.933937	5.88372	200
1392	6.22257	0.904182	5.89219	200
1393	6.21791	0.875259	5.90033	200
1394	6.84812	0.878885	5.92403	200
1395	6.82041	0.879759	5.94644	200
1396	6.80774	0.878835	5.96797	200
1397	6.91356	0.882172	5.99161	200
1398	6.8217	0.879568	6.01236	200
1399	6.76677	0.871745	6.03593	200
1400	6.8363	0.867283	6.06095	200
1401	6.80523	0.857033	6.09196	200
1402	6.85169	0.848924	6.12361	200
1403	6.86449	0.83992	6.15448	200
1404	6.91389	0.83321	6.18612	200
1405	7.5426	0.876815	6.24264	200
1406	7.61288	0.917933	6.29974	200
1407	7.55729	0.946234	6.35213	200
1408	4.1189	1.05348	6.25908	200
1409	4.08152	1.14716	6.16835	200
1410	4.09424	1.2244	6.08193	200
1411	4.14913	1.28344	6.00139	200
1412	4.80154	1.27647	5.9514	200
1413	4.74216	1.27227	5.91361	200
1414	4.82637	1.2607	5.87963	200
1415	4.76894	1.25133	5.84492	200
1416	4.77545	1.23996	5.8115	200
1417	4.77906	1.22699	5.77924	200
1418	4.77435	1.21311	5.74784	200
1419	4.81717	1.19546	5.71875	200
1420	5.51205	1.13366	5.71229	200
1421	5.49055	1.07666	5.70536	200
1422	5.52951	1.02036	5.69986	200
1423	5.60609	0.96245	5.69693	200
1424	5.61605	0.907352	5.69441	200
1425	5.61567	0.855563	5.69194	200
1426	5.52873	0.812291	5.68684	200
1427	5.50269	0.773032	5.68109	200
1428	5.4994	0.736073	5.67541	200
1429	6.16895	0.720914	5.69083	200
1430	6.19569	0.710111	5.70345	200
1431	6.17216	0.69804	5.71517	200
1432	6.10669	0.682713	5.72496	200
1433	6.07965	0.666312	5.73383	200
1434	6.14367	0.653488	5.74407	200
1435	6.21183	0.644201	5.75577	200
1436	6.17455	0.63293	5.76623	200
1437	6.19149	0.622546	5.77686	200
1438	6.22754	0.613952	5.78813	200
1439	7.05669	0.646682	5.81984	200
1440	6.87976	0.667343	5.84634	200
1441	6.88295	0.685806	5.87226	200
1442	6.87906	0.701855	5.89743	200
1443	6.9653	0.720156	5.92412	200
1444	6.79541	0.727712	5.9459	200
1445	6.84428	0.736245	5.96836	200
1446	6.91532	0.74678	5.99204	200
1447	6.88911	0.754294	6.01446	200
1448	6.92945	0.762328	6.03734	200
1449	6.70802	0.757745	6.0541	200
1450	7.38511	0.786408	6.08738	200
1451	7.64553	0.818564	6.11984	200
1452	7.52835	0.843145	6.14918	200
1453	7.44465	0.861991	6.17617	200
1454	7.50001	0.881234	6.20375	200
1455	7.5664	0.901292	6.23214	200
1456	7.62732	0.92187	6.2612	200
1457	7.56377	0.937732	6.28834	200
1458	7.51629	0.949824	6.31392	200
1459	7.50803	0.960002	6.3388	200
1460	7.55152	0.970532	6.36406	200
1461	7.54725	0.979392	6.38871	200
1462	8.26592	1.0168	6.42782	200
1463	8.14875	1.04614	6.46367	200
1464	8.26152	1.07746	6.50113	200
1465	8.24411	1.10519	6.53744	200
1466	8.25435	1.13068	6.57321	200
1467	8.31444	1.15612	6.60948	200
1468	8.15377	1.17229	6.64166	200
1469	8.23272	1.18974	6.6748	200
1470	8.28224	1.20714	6.70829	200
1471	8.2304	1.22026	6.74	200
1472	8.27317	1.2333	6.77194	200
1473	8.30013	1.24559	6.80378	200
1474	8.23077	1.25315	6.83351	200
1475	8.9044	1.28722	6.87665	200
1476	8.96489	1.31583	6.91394	200
1477	8.91055	1.34014	6.94959	200
1478	8.94296	1.36347	6.98519	200
1479	8.87958	1.38243	7.01901	200
1480	8.83725	1.39799	7.05148	200
1481	8.90675	1.41433	7.08461	200
1482	8.88067	1.42796	7.11668	200
1483	8.93492	1.4419	7.14915	200
1484	8.89023	1.45258	7.18024	200
1485	8.94005	1.46355	7.21167	200
1486	8.90815	1.47187	7.24196	200
1487	8.94277	1.48005	7.27233	200
1488	8.93595	1.4866	7.30204	200
1489	9.62198	1.51636	7.34347	200
1490	9.60632	1.54302	7.38387	200
1491	9.65012	1.56885	7.42434	200
1492	9.6019	1.59059	7.46323	200
1493	9.60221	1.61018	7.50142	200
1494	9.60321	1.62773	7.53895	200
1495	9.62496	1.6441	7.5762	200
1496	9.7497	1.66301	7.61501	200
1497	9.56899	1.6734	7.64991	200
1498	9.58909	1.68289	7.68454	200
1499	9.57541	1.69032	7.7183	200
1500	9.55456	1.69553	7.75109	200
1501	9.58297	1.7004	7.7838	200
1502	9.56655	1.70334	7.81564	200
1503	9.62155	1.707	7.84788	200
1504	10.2742	1.73269	7.89121	200
1505	10.3083	1.75408	7.92898	200
1506	10.2545	1.77193	7.96531	200
1507	10.3484	1.79103	8.00255	200
1508	10.3261	1.80767	8.03885	200
1509	10.3571	1.82363	8.07507	200
1510	10.2789	1.83551	8.10951	200
1511	10.1586	1.84218	8.14152	200
1512	10.2972	1.85197	8.17521	200
1513	10.287	1.8601	8.2082	200
1514	10.2634	1.86619	8.24032	200
1515	10.3039	1.87236	8.27256	200
1516	10.284	1.87671	8.30399	200
1517	10.3223	1.88113	8.33552	200
1518	10.4385	1.88807	8.36838	200
1519	10.3779	1.89186	8.39978	200
1520	11.1031	1.91722	8.44202	200
1521	11.0812	1.93978	8.48325	200
1522	10.9973	1.95773	8.52254	200
1523	10.9661	1.97291	8.56072	200
1524	10.9897	1.98716	8.59867	200
1525	10.9538	1.99866	8.63547	200
1526	11.0303	2.01104	8.67289	200
1527	11.1445	2.02543	8.7115	200
1528	11.0835	2.03626	8.74856	200
1529	11.1241	2.04686	8.78568	200
1530	11.053	2.05375	8.82111	200
1531	11.037	2.05881	8.85573	200
1532	11.0229	2.0622	8.88959	200
1533	11.0065	2.06391	8.92267	200
1534	10.9403	2.06246	8.95419	200
1535	10.942	2.06013	8.98525	200
1536	10.9367	2.05673	9.01575	200
1537	11.7066	2.07655	9.05779	200
1538	11.5845	2.08905	9.09288	200
1539	11.6838	2.10299	9.12887	200
1540	11.7274	2.11676	9.16496	200
1541	11.8662	2.13299	9.20247	200
1542	11.6633	2.1421	9.23665	200
1543	11.6745	2.15031	9.27051	200
1544	11.5495	2.15389	9.30216	200
1545	11.6585	2.15951	9.33489	200
1546	11.7868	2.16763	9.36894	200
1547	11.7597	2.17383	9.40215	200
1548	11.6842	2.17684	9.43384	200
1549	11.714	2.17971	9.46551	200
1550	11.706	2.18139	9.49662	200
1551	11.6488	2.18058	9.52651	200
1552	11.7275	2.18115	9.55708	200
1553	11.6876	2.17974	9.58667	200
1554	11.5786	2.17452	9.61434	200
1555	12.2468	2.18724	9.6509	200
1556	12.4063	2.20303	9.68917	200
1557	12.3598	2.21602	9.72626	200
1558	12.4365	2.22974	9.7639	200
1559	12.1759	2.23481	9.7974	200
1560	12.4524	2.24648	9.83428	200
1561	12.4186	2.25586	9.87017	200
1562	12.3528	2.26216	9.90465	200
1563	12.5162	2.27187	9.94092	200
1564	12.2463	2.2728	9.97294	200
1565	12.4831	2.27939	10.0078	200
1566	12.5056	2.28545	10.0425	200
1567	12.4659	2.28929	10.0762	200
1568	12.4781	2.29241	10.1095	200
1569	12.3417	2.29074	10.1405	200
1570	12.3421	2.28826	10.1711	200
1571	12.3672	2.28538	10.2054	200
1572	12.3574	2.28121	10.239	200
1573	12.3802	2.27621	10.2773	200
1574	13.049	2.29391	10.3268	200
1575	12.9851	2.30909	10.3821	200
1576	13.051	2.32408	10.4377	200
1577	12.9555	2.33377	10.5007	200
1578	13.0993	2.34701	10.5656	200
1579	12.9913	2.35094	10.6263	200
1580	13.0005	2.3521	10.6856	200
1581	13.0772	2.35407	10.7454	200
1582	12.8759	2.34289	10.7987	200
1583	13.0925	2.34044	10.856	200
1584	12.8452	2.32287	10.9058	200
1585	12.9485	2.30886	10.9568	200
1586	12.9189	2.29152	11.0059	200
1587	12.9422	2.27376	11.0543	200
1588	6.9101	2.36728	10.9507	200
1589	6.87646	2.45263	10.8488	200
1590	6.8952	2.52768	10.75	200
1591	6.86017	2.59579	10.6527	200
1592	6.86342	2.65546	10.558	200
1593	7.70381	2.6654	10.4867	200
1594	7.46664	2.68017	10.4237	200
1595	7.55937	2.68785	10.3641	200
1596	7.49653	2.69533	10.3043	200
1597	7.57897	2.69658	10.2475	200
1598	7.6467	2.69259	10.1934	200
1599	7.51703	2.69192	10.1376	200
1600	7.5761	2.68648	10.0842	200
1601	7.51615	2.68155	10.0307	200
1602	7.51541	2.67462	9.97833	200
1603	7.5688	2.66357	9.92813	200
1604	7.36539	2.65937	9.87474	200
1605	8.11541	2.62187	9.83809	200
1606	8.20613	2.58062	9.80409	200
1607	8.40926	2.53121	9.77503	200
1608	8.28066	2.48801	9.7439	200
1609	8.18747	2.4492	9.71147	200
1610	8.1336	2.41289	9.6786	200
1611	8.17573	2.37497	9.64729	200
1612	8.184	2.33698	9.6168	200
1613	8.26931	2.29575	9.58873	200
1614	8.29258	2.2541	9.56172	200
1615	8.18936	2.21736	9.53313	200
1616	8.28441	2.177	9.50712	200
1617	8.22217	2.13983	9.48035	200
1618	8.88774	2.08457	9.46976	200
1619	8.91874	2.0298	9.45992	200
1620	8.73218	1.9833	9.44693	200
1621	8.95173	1.93015	9.43808	200
1622	8.98549	1.87738	9.43	200
1623	8.93338	1.82807	9.42113	200
1624	8.91946	1.7807	9.41217	200
1625	8.91605	1.73482	9.40331	200
1626	8.92284	1.69002	9.39473	200
1627	8.94249	1.64582	9.38666	200
1628	8.97042	1.6019	9.37922	200
1629	8.89404	1.56202	9.37056	200
1630	8.89386	1.52326	9.36205	200
1631	9.62985	1.47842	9.36683	200
1632	9.59973	1.43393	9.37099	200
1633	9.64415	1.39248	9.37586	200
1634	9.62872	1.35178	9.38038	200
1635	9.55644	1.30979	9.38352	200
1636	9.57039	1.26968	9.38686	200
1637	9.60871	1.23226	9.39082	200
1638	9.61856	1.19638	9.39489	200
1639	9.67114	1.16352	9.39982	200
1640	9.60239	1.1292	9.40343	200
1641	9.55743	1.09437	9.40618	200
1642	9.58179	1.06156	9.40932	200
1643	9.62468	1.03134	9.41316	200
1644	9.63729	1.00251	9.41717	200
1645	9.59056	0.972895	9.42026	200
1646	10.2596	0.968126	9.43525	200
1647	10.346	0.966333	9.44948	200
1648	10.247	0.961057	9.46194	200
1649	10.2855	0.956759	9.47481	200
1650	10.3065	0.952849	9.4878	200
1651	10.3444	0.949839	9.50118	200
1652	10.3956	0.948106	9.51516	200
1653	10.2963	0.942888	9.52736	200
1654	10.2591	0.936291	9.5388	200
1655	10.3241	0.931571	9.55107	200
1656	10.3041	0.925992	9.56283	200
1657	10.307	0.920309	9.57446	200
1658	10.294	0.914034	9.5857	200
1659	10.2388	0.90588	9.59591	200
1660	10.2515	0.898059	9.60615	200
1661	10.3034	0.891784	9.61704	200
1662	11.0688	0.909284	9.63973	200
1663	10.915	0.92072	9.65965	200
1664	10.991	0.933551	9.68045	200
1665	11.0852	0.948276	9.7024	200
1666	11.0104	0.959517	9.72284	200
1667	10.9431	0.967666	9.74191	200
1668	10.8984	0.973565	9.75998	200
1669	10.9811	0.9813	9.77905	200
1670	11.0312	0.989763	9.79862	200
1671	11.0424	0.997702	9.81805	200
1672	10.9653	1.00304	9.83854	200
1673	11.0232	1.00953	9.85969	200
1674	10.9898	1.01455	9.88324	200
1675	11.0003	1.01882	9.90651	200
1676	11.0079	1.02295	9.93404	200
1677	11.0391	1.02705	9.96167	200
1678	10.8787	1.02018	9.99032	200
1679	11.578	1.05564	10.0399	200
1680	11.731	1.09536	10.0928	200
1681	11.6781	1.12598	10.1423	200
1682	11.5849	1.14576	10.1874	200
1683	11.6541	1.16582	10.2332	200
1684	11.661	1.17892	10.2689	200
1685	11.7225	1.19265	10.3053	200
1686	11.6989	1.2027	10.3401	200
1687	6.19061	1.35004	10.2364	200
1688	6.17842	1.48544	10.1349	200
1689	6.15285	1.61027	10.0354	200
1690	6.1894	1.72205	9.93922	200
1691	6.20081	1.82287	9.84576	200
1692	6.15217	1.91641	9.75342	200
1693	6.84164	1.96618	9.68063	200
1694	6.88582	2.00761	9.61076	200
1695	6.82936	2.0463	9.54122	200
1696	6.98887	2.0716	9.47741	200
1697	6.8664	2.09857	9.41214	200
1698	6.87304	2.12059	9.34866	200
1699	6.96339	2.13383	9.28903	200
1700	6.91216	2.14598	9.2296	200
1701	6.87179	2.15657	9.17066	200
1702	6.95402	2.15957	9.11524	200
1703	6.87538	2.16358	9.05925	200
1704	7.57648	2.12954	9.02218	200
1705	7.62002	2.09924	8.99296	200
1706	7.57917	2.07067	8.96351	200
1707	7.45607	2.0472	8.9321	200
1708	7.57553	2.01843	8.90384	200
1709	7.64502	1.98678	8.87762	200
1710	7.45126	1.96343	8.8479	200
1711	7.50916	1.9374	8.82001	200
1712	7.69347	1.90361	8.79654	200
1713	7.50114	1.87827	8.76955	200
1714	7.56295	1.85028	8.74441	200
1715	7.53974	1.82338	8.71931	200
1716	8.2465	1.76711	8.70946	200
1717	8.16748	1.71606	8.69817	200
1718	8.1927	1.66562	8.68764	200
1719	8.20193	1.61645	8.67752	200
1720	8.29091	1.56521	8.66947	200
1721	8.15339	1.5215	8.65871	200
1722	8.22958	1.47598	8.64977	200
1723	8.23987	1.43156	8.64123	200
1724	8.08713	1.395	8.62969	200
1725	8.21998	1.35394	8.62115	200
1726	8.2435	1.31327	8.61328	200
1727	8.23289	1.2744	8.60536	200
1728	8.22284	1.23723	8.59739	200
1729	8.88048	1.20316	8.60244	200
1730	8.92604	1.17174	8.60822	200
1731	8.94548	1.14194	8.61425	200
1732	8.90536	1.11155	8.61944	200
1733	8.8296	1.07936	8.6232	200
1734	8.88535	1.05018	8.62788	200
1735	8.94196	1.02389	8.63348	200
1736	8.92485	0.997724	8.63869	200
1737	8.90772	0.971699	8.64349	200
1738	8.90182	0.946221	8.6481	200
1739	8.8974	0.92133	8.65255	200
1740	8.93621	0.898555	8.65762	200
1741	8.9229	0.875937	8.66236	200
1742	9.66868	0.880593	8.68033	200
1743	9.63881	0.883374	8.69744	200
1744	9.63561	0.885331	8.71419	200
1745	9.59905	0.885314	8.73	200
1746	9.62988	0.885834	8.74606	200
1747	9.62331	0.885527	8.76173	200
1748	9.61414	0.884344	8.77695	200
1749	9.59957	0.882139	8.79164	200
1750	9.60965	0.879848	8.80625	200
1751	9.64867	0.878511	8.82129	200
1752	9.61083	0.875333	8.83539	200
1753	9.61932	0.872068	8.84939	200
1754	9.58865	0.866534	8.86479	200
1755	9.63387	0.862473	8.88081	200
1756	9.58612	0.854614	8.89844	200
1757	10.2386	0.878893	8.93195	200
1758	10.2904	0.908865	8.9744	200
1759	10.2773	0.933492	9.01511	200
1760	10.2993	0.955409	9.05524	200
1761	10.3095	0.974084	9.09444	200
1762	10.3488	0.991601	9.13363	200
1763	10.3734	1.00711	9.17238	200
1764	10.3377	1.017	9.20879	200
1765	10.2764	1.02016	9.24216	200
1766	10.3292	1.02434	9.27613	200
1767	5.52285	1.1949	9.15883	200
1768	5.49845	1.34899	9.04445	200
1769	5.48392	1.48721	8.93318	200
1770	5.46536	1.611	8.82481	200
1771	5.43742	1.72202	8.71895	200
1772	6.124	1.77658	8.63786	200
1773	6.1817	1.81056	8.57646	200
1774	6.16158	1.84078	8.51609	200
1775	6.13171	1.86795	8.45648	200
1776	6.11616	1.89157	8.39797	200
1777	6.17153	1.90831	8.34231	200
1778	6.18473	1.92078	8.28837	200
1779	6.16859	1.93073	8.23537	200
1780	6.16233	1.93784	8.18355	200
1781	6.19027	1.94061	8.13371	200
1782	6.86483	1.90702	8.10199	200
1783	6.83228	1.87516	8.07025	200
1784	6.9274	1.83854	8.04167	200
1785	6.87186	1.80511	8.01243	200
1786	6.90431	1.77026	7.98473	200
1787	6.9695	1.7325	7.95934	200
1788	6.89687	1.699	7.93278	200
1789	6.9384	1.66377	7.90792	200
1790	6.91878	1.63004	7.88319	200
1791	6.84887	1.60025	7.85733	200
1792	6.8828	1.56897	7.83297	200
1793	7.6124	1.50155	7.82746	200
1794	7.60716	1.44816	7.82287	200
1795	7.50336	1.40113	7.81621	200
1796	7.60511	1.35155	7.81181	200
1797	7.55919	1.30576	7.80655	200
1798	7.42251	1.26735	7.79855	200
1799	7.50264	1.22687	7.79238	200
1800	7.42718	1.19097	7.78477	200
1801	7.5364	1.1517	7.7796	200
1802	7.57254	1.11234	7.77528	200
1803	7.52838	1.07628	7.77014	200
1804	7.4842	1.04334	7.76418	200
1805	8.19324	1.01775	7.77312	200
1806	8.17025	0.991888	7.78139	200
1807	8.23795	0.969582	7.7909	200
1808	8.23155	0.947543	7.80008	200
1809	8.29738	0.928782	7.81044	200
1810	8.22634	0.907411	7.81911	200
1811	8.22598	0.886555	7.82758	200
1812	8.26895	0.868005	7.83678	200
1813	8.28901	0.850681	7.8462	200
1814	8.20564	0.830212	7.85369	200
1815	8.26848	0.812902	7.86233	200
1816	8.26935	0.79599	7.87081	200
1817	8.96957	0.808605	7.8937	200
1818	8.89367	0.815439	7.91155	200
1819	8.9277	0.822607	7.9297	200
1820	8.94185	0.829376	7.94777	200
1821	8.88034	0.833061	7.96442	200
1822	8.81969	0.833854	7.9797	200
1823	8.95079	0.838755	7.99704	200
1824	8.91635	0.842111	8.01619	200
1825	8.90651	0.844119	8.03474	200
1826	8.8983	0.845091	8.05632	200
1827	8.95162	0.847601	8.07871	200
1828	9.01134	0.852915	8.10785	200
1829	8.90423	0.849381	8.13274	200
1830	8.90578	0.843019	8.16495	200
1831	9.58387	0.879013	8.20929	200
1832	9.67785	0.915859	8.25518	200
1833	9.61055	0.943328	8.29754	200
1834	9.588	0.965023	8.33786	200
1835	9.58421	0.982605	8.37681	200
1836	9.68342	1.00286	8.41764	200
1837	5.06439	1.14976	8.31285	200
1838	5.46056	1.25616	8.22372	200
1839	5.51987	1.34664	8.13922	200
1840	5.44268	1.43101	8.05495	200
1841	5.53353	1.49916	7.97616	200
1842	5.4784	1.56157	7.8981	200
1843	5.48185	1.61499	7.82259	200
1844	5.41401	1.66459	7.74733	200
1845	5.17736	1.72117	7.66701	200
1846	5.4642	1.75128	7.59818	200
1847	6.17829	1.73056	7.5538	200
1848	6.24737	1.70936	7.52114	200
1849	6.1759	1.69115	7.48751	200
1850	6.11718	1.67511	7.45325	200
1851	6.19499	1.65427	7.4218	200
1852	6.19257	1.63302	7.39106	200
1853	6.14056	1.61389	7.3598	200
1854	6.21571	1.5904	7.3312	200
1855	6.20275	1.5673	7.30299	200
1856	6.16193	1.54599	7.27446	200
1857	6.8622	1.4893	7.26415	200
1858	6.75868	1.44011	7.25152	200
1859	6.84701	1.38833	7.2414	200
1860	6.90759	1.3356	7.23306	200
1861	6.85865	1.28754	7.2237	200
1862	6.87188	1.24076	7.2149	200
1863	6.88821	1.19505	7.20673	200
1864	6.834	1.15393	7.19741	200
1865	6.85828	1.11319	7.18893	200
1866	6.90739	1.07161	7.18189	200
1867	6.83925	1.03516	7.17333	200
1868	7.5503	1.00225	7.18275	200
1869	7.57071	0.976655	7.19083	200
1870	7.53329	0.95023	7.19797	200
1871	7.56433	0.925902	7.2056	200
1872	7.5433	0.901393	7.21263	200
1873	7.60295	0.880098	7.22077	200
1874	7.57769	0.858299	7.2282	200
1875	7.54325	0.835663	7.23476	200
1876	7.58364	0.81538	7.24203	200
1877	7.48691	0.791608	7.24713	200
1878	7.57541	0.772302	7.25397	200
1879	7.52086	0.751243	7.25953	200
1880	8.21762	0.759861	7.27949	200
1881	8.17948	0.765699	7.29824	200
1882	8.23645	0.772886	7.31779	200
1883	8.26555	0.780172	7.33753	200
1884	8.2411	0.785313	7.35635	200
1885	8.18708	0.787205	7.37366	200
1886	8.20963	0.789236	7.39108	200
1887	8.2297	0.791293	7.40855	200
1888	8.18415	0.790639	7.42471	200
1889	8.27476	0.793609	7.44596	200
1890	8.2299	0.793125	7.46555	200
1891	8.30944	0.796297	7.49193	200
1892	8.23637	0.793056	7.51519	200
1893	8.93121	0.844969	7.57419	200
1894	8.94331	0.888648	7.63124	200
1895	8.94742	0.924276	7.68608	200
1896	8.87441	0.94628	7.73559	200
1897	8.92424	0.966477	7.78512	200
1898	8.94552	0.978597	7.82138	200
1899	8.94066	0.987389	7.85635	200
1900	4.82451	1.11517	7.76161	200
1901	4.78979	1.23121	7.66874	200
1902	4.77577	1.33507	7.57833	200
1903	4.78172	1.42641	7.49094	200
1904	4.7961	1.50569	7.40672	200
1905	5.46941	1.53266	7.34618	200
1906	5.46879	1.55421	7.28751	200
1907	5.46739	1.57083	7.23063	200
1908	5.45697	1.58351	7.17521	200
1909	5.51789	1.58812	7.12341	200
1910	5.54078	1.58777	7.07396	200
1911	5.49003	1.58753	7.02446	200
1912	5.51371	1.58274	6.97725	200
1913	5.49563	1.57641	6.93095	200
1914	6.19694	1.52376	6.90801	200
1915	6.16854	1.48455	6.88952	200
1916	6.16335	1.44663	6.87137	200
1917	6.19029	1.40835	6.85434	200
1918	6.16034	1.37263	6.83699	200
1919	6.11361	1.34017	6.8189	200
1920	6.15293	1.30646	6.80225	200
1921	6.14881	1.27381	6.78592	200
1922	6.21725	1.23855	6.7717	200
1923	6.17333	1.20654	6.75674	200
1924	6.88486	1.15262	6.75994	200
1925	6.88398	1.10119	6.76304	200
1926	6.88394	1.05217	6.76607	200
1927	6.84465	1.00349	6.76803	200
1928	6.86675	0.958255	6.7705	200
1929	6.8967	0.916652	6.77365	200
1930	6.87096	0.875684	6.77608	200
1931	6.93763	0.839976	6.78012	200
1932	6.8118	0.79956	6.78091	200
1933	6.87392	0.764232	6.78324	200
1934	6.81963	0.727839	6.78415	200
1935	7.57933	0.731206	6.80403	200
1936	7.54819	0.731745	6.81953	200
1937	7.54082	0.731309	6.83455	200
1938	7.55076	0.730679	6.84948	200
1939	7.56776	0.730162	6.86444	200
1940	7.5349	0.727674	6.87841	200
1941	7.67337	0.730477	6.89497	200
1942	7.47772	0.724321	6.90711	200
1943	7.56775	0.721667	6.92087	200
1944	7.5363	0.71724	6.93369	200
1945	7.56209	0.713538	6.94678	200
1946	7.51458	0.70625	6.96098	200
1947	8.26206	0.735991	6.9935	200
1948	8.23694	0.767706	7.03236	200
1949	8.22715	0.794398	7.0697	200
1950	8.29506	0.830311	7.12075	200
1951	8.24956	0.855185	7.16779	200
1952	8.24897	0.874018	7.21284	200
1953	8.05511	0.871372	7.24793	200
1954	8.23377	0.880911	7.28901	200
1955	8.23152	0.886044	7.32828	200
1956	8.26694	0.890428	7.36739	200
1957	4.74283	0.99881	7.28537	200
1958	4.76485	1.09392	7.2066	200
1959	4.79087	1.17653	7.13111	200
1960	4.8692	1.24436	7.06043	200
1961	4.86631	1.30372	6.99186	200
1962	4.95351	1.34964	6.92816	200
1963	4.79271	1.39875	6.86143	200
1964	5.44596	1.39979	6.81719	200
1965	5.51825	1.39349	6.7766	200
1966	5.53656	1.3839	6.73785	200
1967	5.47051	1.37661	6.69824	200
1968	5.47884	1.36679	6.66014	200
1969	5.41458	1.35921	6.62121	200
1970	5.33639	1.35456	6.58106	200
1971	5.50873	1.33692	6.54755	200
1972	5.50346	1.31862	6.51492	200
1973	6.20108	1.25582	6.50511	200
1974	6.15506	1.21053	6.49636	200
1975	6.10538	1.16955	6.48659	200
1976	6.28827	1.12099	6.48163	200
1977	6.16057	1.08099	6.4736	200
1978	6.28876	1.03619	6.46898	200
1979	6.17058	0.999297	6.46152	200
1980	6.17976	0.96342	6.45448	200
1981	6.26291	0.924827	6.44968	200
1982	6.28721	0.886709	6.44562	200
1983	6.86876	0.86353	6.4562	200
1984	6.90997	0.843042	6.46755	200
1985	6.94455	0.824739	6.47947	200
1986	6.91691	0.805373	6.4904	200
1987	6.98262	0.789714	6.50271	200
1988	6.9145	0.770817	6.513	200
1989	6.88914	0.751082	6.52241	200
1990	6.80111	0.727463	6.52937	200
1991	6.81599	0.70542	6.53654	200
1992	6.77539	0.682091	6.54251	200
1993	6.87074	0.664397	6.55072	200
1994	7.52186	0.679734	6.57499	200
1995	7.49415	0.689709	6.59414	200
1996	7.4645	0.697236	6.61227	200
1997	7.39089	0.700626	6.6285	200
1998	7.48006	0.706914	6.64623	200
1999	7.41197	0.709364	6.66219	200
2000	7.59544	0.718692	6.68163	200
2001	7.55795	0.726573	6.70354	200
2002	7.62139	0.736137	6.72648	200
2003	7.52925	0.740301	6.75157	200
2004	7.57278	0.745358	6.77723	200
2005	7.78834	0.767503	6.81936	200
2006	8.47002	0.841099	6.88814	200
2007	8.46001	0.901997	6.95363	200
2008	8.45266	0.951749	7.01609	200
2009	8.50715	0.996691	7.07822	200
2010	8.37687	1.02185	7.13233	200
2011	8.52864	1.05306	7.19051	200
2012	4.77269	1.16679	7.08976	200
2013	4.82334	1.23551	7.01894	200
2014	4.81698	1.29592	6.95012	200
2015	4.79207	1.3498	6.88269	200
2016	4.74368	1.39912	6.81584	200
2017	4.75542	1.44046	6.75145	200
2018	4.71971	1.47741	6.68796	200
2019	4.85247	1.49979	6.6306	200
2020	5.48983	1.47735	6.59495	200
2021	5.54934	1.45037	6.56227	200
2022	5.43077	1.43044	6.52691	200
2023	5.54497	1.40241	6.49623	200
2024	5.47436	1.37862	6.46429	200
2025	5.50443	1.35245	6.4343	200
2026	5.46055	1.32878	6.40387	200
2027	5.44163	1.30587	6.3738	200
2028	5.55719	1.27529	6.34828	200
2029	6.20394	1.20461	6.34377	200
2030	6.06904	1.15811	6.3369	200
2031	6.29013	1.10255	6.33573	200
2032	6.11956	1.05823	6.33033	200
2033	6.20904	1.01138	6.32729	200
2034	6.18091	0.968129	6.32363	200
2035	6.13989	0.928909	6.31904	200
2036	6.24764	0.886033	6.31725	200
2037	6.16271	0.849458	6.31339	200
2038	6.21087	0.812111	6.31083	200
2039	6.82396	0.797161	6.32365	200
2040	7.0009	0.791165	6.34058	200
2041	6.82292	0.775723	6.35264	200
2042	6.95434	0.767021	6.36768	200
2043	6.91823	0.756197	6.38145	200
2044	6.93014	0.745821	6.39517	200
2045	6.93731	0.735637	6.40872	200
2046	6.81183	0.71901	6.4188	200
2047	6.79856	0.702048	6.42829	200
2048	6.81186	0.686124	6.43788	200
2049	6.86278	0.673062	6.4485	200
2050	7.57126	0.695546	6.47657	200
2051	7.43648	0.706561	6.49657	200
2052	7.45513	0.71916	6.52053	200
2053	7.45516	0.729933	6.5439	200
2054	7.52248	0.745473	6.57448	200
2055	7.50303	0.756915	6.60349	200
2056	7.52248	0.77042	6.64178	200
2057	7.84886	0.806807	6.69208	200
2058	7.70226	0.823754	6.73417	200
2059	7.57077	0.824824	6.76903	200
2060	7.59701	0.825087	6.80352	200
2061	7.55427	0.818892	6.83481	200
2062	8.21808	0.865923	6.89244	200
2063	3.87351	1.04534	6.76665	200
2064	4.55281	1.14271	6.67441	200
2065	4.64689	1.21645	6.58993	200
2066	5.00169	1.23968	6.5403	200
2067	5.01239	1.2577	6.49255	200
2068	5.0229	1.27094	6.44662	200
2069	5.04983	1.27881	6.40297	200
2070	4.9443	1.29005	6.35739	200
2071	4.94323	1.29781	6.31319	200
2072	5.04561	1.29592	6.27358	200
2073	5.74629	1.24788	6.2571	200
2074	5.50266	1.21704	6.23353	200
2075	5.46422	1.18905	6.20948	200
2076	5.45288	1.16203	6.18584	200
2077	5.48425	1.13325	6.16392	200
2078	5.50714	1.10347	6.14339	200
2079	5.57041	1.07031	6.12549	200
2080	5.59078	1.03683	6.10877	200
2081	5.49055	1.01067	6.08946	200
2082	6.14788	0.951156	6.09128	200
2083	6.22389	0.910228	6.09459	200
2084	6.13959	0.866966	6.09572	200
2085	6.21697	0.82968	6.09875	200
2086	6.16791	0.791654	6.10048	200
2087	6.13601	0.753847	6.10137	200
2088	6.08574	0.716936	6.10098	200
2089	6.03551	0.684362	6.09934	200
2090	6.16503	0.653428	6.10098	200
2091	6.18904	0.625159	6.10318	200
2092	6.88642	0.633062	6.12276	200
2093	6.76369	0.633455	6.13879	200
2094	6.97295	0.64349	6.15964	200
2095	6.85445	0.646056	6.17701	200
2096	6.82304	0.646054	6.19316	200
2097	6.94652	0.651419	6.21199	200
2098	6.99643	0.65807	6.2316	200
2099	6.89821	0.658496	6.24827	200
2100	6.84613	0.655464	6.26321	200
2101	6.88263	0.653661	6.2787	200
2102	6.82234	0.64816	6.29229	200
2103	7.49981	0.676128	6.32248	200
2104	7.59605	0.701021	6.34901	200
2105	7.46321	0.718236	6.37222	200
2106	7.5567	0.737662	6.3969	200
2107	7.58678	0.756504	6.42169	200
2108	7.54556	0.77181	6.4451	200
2109	7.44893	0.781477	6.46601	200
2110	7.56058	0.794522	6.48882	200
2111	7.56501	0.806258	6.51124	200
2112	7.53376	0.815269	6.53254	200
2113	7.59064	0.825386	6.55458	200
2114	7.62516	0.835602	6.57688	200
2115	8.2516	0.870564	6.61177	200
2116	8.23522	0.901933	6.6456	200
2117	8.29281	0.932986	6.67991	200
2118	8.24639	0.959381	6.71255	200
2119	8.42791	0.99088	6.74828	200
2120	8.24619	1.01201	6.77949	200
2121	8.22788	1.03019	6.80966	200
2122	8.20134	1.04525	6.83866	200
2123	8.22092	1.05929	6.86745	200
2124	8.20052	1.0707	6.89522	200
2125	8.25018	1.08254	6.92345	200
2126	8.20222	1.09072	6.95009	200
2127	8.19599	1.09718	6.97605	200
2128	8.89831	1.13156	7.0161	200
2129	8.9508	1.16024	7.05064	200
2130	8.92999	1.18593	7.0842	200
2131	8.88504	1.20789	7.11636	200
2132	8.73622	1.2226	7.14529	200
2133	8.89207	1.24132	7.17648	200
2134	8.96838	1.26098	7.20848	200
2135	8.95074	1.27817	7.23959	200
2136	9.09988	1.29896	7.27281	200
2137	8.97019	1.31319	7.30312	200
2138	8.88052	1.32262	7.33128	200
2139	8.8831	1.33081	7.35899	200
2140	8.9509	1.34013	7.38742	200
2141	9.04991	1.35165	7.41711	200
2142	9.61382	1.38183	7.45633	200
2143	9.66489	1.41135	7.49577	200
2144	9.57712	1.43528	7.53294	200
2145	9.68843	1.461	7.57143	200
2146	9.67495	1.48395	7.60899	200
2147	9.55972	1.50062	7.64382	200
2148	9.56042	1.51547	7.67805	200
2149	9.64713	1.53167	7.71321	200
2150	9.50243	1.54087	7.74516	200
2151	9.60705	1.55234	7.77841	200
2152	9.61876	1.56262	7.81127	200
2153	9.61477	1.57123	7.84347	200
2154	9.6543	1.57978	7.87581	200
2155	9.53332	1.58256	7.90541	200
2156	9.75065	1.59194	7.93836	200
2157	10.3002	1.61943	7.98053	200
2158	10.19	1.63787	8.01506	200
2159	10.3124	1.65848	8.05095	200
2160	10.2535	1.67548	8.08536	200
2161	10.2094	1.68949	8.11855	200
2162	10.2892	1.70668	8.15731	200
2163	10.3028	1.72235	8.19562	200
2164	10.299	1.73822	8.23944	200
2165	10.2159	1.74815	8.28062	200
2166	10.2534	1.75938	8.32994	200
2167	10.3198	1.7709	8.37968	200
2168	10.3412	1.78282	8.44098	200
2169	10.2633	1.78528	8.49793	200
2170	10.2471	1.78303	8.55259	200
2171	10.2139	1.77542	8.6045	200
2172	10.3083	1.77094	8.65775	200
2173	11.0657	1.81076	8.733	200
2174	11.0152	1.84022	8.80432	200
2175	10.9639	1.86019	8.8718	200
2176	11.0379	1.87931	8.93949	200
2177	5.4901	1.97744	8.8317	200
2178	6.25694	2.0073	8.76733	200
2179	6.23883	2.03336	8.70412	200
2180	6.14429	2.05968	8.64012	200
2181	6.20734	2.07834	8.5793	200
2182	6.09847	2.09846	8.51728	200
2183	6.14063	2.11237	8.45786	200
2184	6.15953	2.12167	8.4004	200
2185	6.05857	2.13268	8.34186	200
2186	6.18913	2.13368	8.28804	200
2187	6.88687	2.09705	8.25301	200
2188	6.81864	2.06392	8.21715	200
2189	6.82744	2.03021	8.18241	200
2190	6.84299	1.99567	8.14892	200
2191	6.83709	1.96148	8.11613	200
2192	6.88244	1.92508	8.08528	200
2193	6.89542	1.88832	8.05554	200
2194	6.8805	1.85266	8.02616	200
2195	6.88535	1.81706	7.99764	200
2196	6.84121	1.78403	7.96873	200
2197	6.82453	1.75204	7.94012	200
2198	7.55168	1.68386	7.93041	200
2199	7.52457	1.63061	7.92195	200
2200	7.55649	1.5779	7.91434	200
2201	7.58475	1.52588	7.90747	200
2202	7.54941	1.47722	7.90001	200
2203	7.54342	1.43053	7.89258	200
2204	7.5517	1.38513	7.88548	200
2205	7.56901	1.3406	7.87889	200
2206	7.60251	1.29626	7.87313	200
2207	7.61581	1.25297	7.86777	200
2208	7.55438	1.21382	7.86124	200
2209	7.54847	1.17627	7.85472	200
2210	8.23573	1.14314	7.86266	200
2211	8.21844	1.11033	7.87007	200
2212	8.19996	1.07781	7.87694	200
2213	8.22575	1.04743	7.88421	200
2214	8.27025	1.01988	7.89225	200
2215	8.28042	0.993554	7.90034	200
2216	8.21654	0.96533	7.90693	200
2217	8.20564	0.931999	7.91439	200
2218	8.19075	0.899216	7.9213	200
2219	8.22174	0.861792	7.93069	200
2220	8.24164	0.827364	7.94041	200
2221	8.22546	0.782171	7.95228	200
2222	8.23777	0.740781	7.96418	200
2223	8.96016	0.762047	8.00568	200
2224	8.92975	0.775549	8.04418	200
2225	9.03002	0.788692	8.07499	200
2226	8.91236	0.791734	8.10115	200
2227	8.91208	0.792933	8.12649	200
2228	4.78669	0.952112	8.02213	200
2229	4.79249	1.09446	7.9212	200
2230	4.74515	1.22456	7.82195	200
2231	4.7883	1.33762	7.72715	200
2232	5.68689	1.38154	7.66339	200
2233	5.42346	1.43519	7.59339	200
2234	5.62123	1.46875	7.53176	200
2235	5.46329	1.50623	7.46712	200
2236	5.4621	1.5374	7.40446	200
2237	5.44437	1.56382	7.34321	200
2238	5.4632	1.58358	7.28446	200
2239	5.53888	1.5937	7.22991	200
2240	5.30321	1.61452	7.1697	200
2241	5.98346	1.58775	7.13263	200
2242	6.18384	1.5558	7.10891	200
2243	6.08093	1.52281	7.07678	200
2244	6.17999	1.48368	7.04876	200
2245	6.19118	1.43151	7.01302	200
2246	6.21638	1.3786	6.97983	200
2247	6.21662	1.30168	6.93213	200
2248	6.17795	1.25605	6.90071	200
2249	6.15798	1.21327	6.86976	200
2250	6.19472	1.16842	6.84163	200
2251	6.87758	1.07405	6.84313	200
2252	3.40368	1.27116	6.69982	200
2253	4.10048	1.38184	6.59151	200
2254	4.08751	1.47535	6.48718	200
2255	4.25581	1.53836	6.3942	200
2256	4.09556	1.60171	6.29843	200
2257	4.14585	1.64762	6.20873	200
2258	4.16879	1.68031	6.12374	200
2259	4.10371	1.70862	6.03957	200
2260	4.85287	1.66513	5.99012	200
2261	4.82476	1.63389	5.95371	200
2262	4.6317	1.6144	5.91239	200
2263	4.9826	1.57161	5.88333	200
2264	4.73647	1.54506	5.8475	200
2265	4.76521	1.51614	5.81367	200
2266	4.86076	1.48094	5.78389	200
2267	4.77923	1.45117	5.7525	200
2268	5.35324	1.38542	5.74002	200
2269	5.47179	1.3156	5.73164	200
2270	5.53386	1.24574	5.72546	200
2271	5.37754	1.18962	5.71458	200
2272	5.62883	1.12063	5.7119	200
2273	5.58333	1.05862	5.70789	200
2274	5.37958	1.01298	5.69763	200
2275	5.46829	0.964001	5.69046	200
2276	5.57343	0.911065	5.6868	200
2277	6.24817	0.889208	5.70434	200
2278	6.24883	0.871971	5.71795	200
2279	6.12801	0.848875	5.72821	200
2280	6.13013	0.826527	5.73825	200
2281	6.07134	0.801855	5.74658	200
2282	6.04135	0.7765	5.75395	200
2283	6.18159	0.759057	5.76464	200
2284	6.14717	0.74023	5.7742	200
2285	6.11453	0.720234	5.78271	200
2286	6.30031	0.710101	5.79565	200
2287	6.81912	0.725769	5.82124	200
2288	6.80079	0.738458	5.84572	200
2289	6.8427	0.751384	5.87065	200
2290	6.87467	0.764015	5.89575	200
2291	6.87374	0.774713	5.9202	200
2292	6.99695	0.789815	5.94712	200
2293	6.91675	0.798805	5.97136	200
2294	6.90658	0.805625	5.99474	200
2295	6.94325	0.812769	6.01845	200
2296	6.69668	0.806041	6.0354	200
2297	6.85975	0.806956	6.05601	200
2298	7.58907	0.843261	6.09434	200
2299	7.56308	0.869322	6.12493	200
2300	7.56053	0.892916	6.15484	200
2301	7.52233	0.912689	6.18333	200
2302	7.53944	0.931164	6.21158	200
2303	7.54501	0.947925	6.23936	200
2304	7.59671	0.964984	6.26764	200
2305	7.49581	0.97595	6.29323	200
2306	7.58079	0.988934	6.32005	200
2307	7.62133	1.00195	6.34716	200
2308	7.59771	1.01231	6.37321	200
2309	7.56205	1.01966	6.39798	200
2310	8.19377	1.052	6.43539	200
2311	8.16901	1.0804	6.47151	200
2312	8.22818	1.10858	6.5081	200
2313	8.24571	1.13478	6.5443	200
2314	8.34341	1.16246	6.58178	200
2315	8.13192	1.17862	6.61408	200
2316	8.14601	1.19334	6.64599	200
2317	8.23115	1.20966	6.67902	200
2318	8.16231	1.22106	6.70992	200
2319	8.22903	1.23348	6.74157	200
2320	8.22176	1.24376	6.7724	200
2321	8.29159	1.25524	6.80405	200
2322	8.39205	1.2691	6.83714	200
2323	8.97997	1.30551	6.88178	200
2324	8.96882	1.33342	6.91905	200
2325	8.93365	1.35774	6.95502	200
2326	8.91432	1.37923	6.99001	200
2327	8.83489	1.39586	7.02295	200
2328	8.95711	1.41508	7.05749	200
2329	8.93514	1.4316	7.09102	200
2330	8.87869	1.44432	7.12294	200
2331	8.90742	1.45647	7.15481	200
2332	8.86	1.46535	7.18525	200
2333	8.89447	1.47406	7.21578	200
2334	8.81237	1.47843	7.24429	200
2335	8.79323	1.48095	7.27194	200
2336	8.93075	1.4873	7.30157	200
2337	9.56747	1.51511	7.34203	200
2338	9.56728	1.54047	7.38176	200
2339	9.63877	1.56606	7.42207	200
2340	9.65836	1.59	7.462	200
2341	9.57465	1.60866	7.49972	200
2342	9.62547	1.62713	7.53768	200
2343	9.60448	1.64283	7.57459	200
2344	9.63041	1.65758	7.6113	200
2345	9.64913	1.67116	7.64769	200
2346	9.67168	1.68376	7.68383	200
2347	9.62485	1.69295	7.71849	200
2348	9.72128	1.70402	7.75426	200
2349	9.62003	1.70979	7.78758	200
2350	9.57301	1.71249	7.81946	200
2351	9.60806	1.71521	7.8514	200
2352	10.2725	1.74042	7.89463	200
2353	10.3058	1.76138	7.9323	200
2354	10.3227	1.78104	7.96965	200
2355	10.2662	1.79715	8.00554	200
2356	10.3386	1.81389	8.04199	200
2357	10.3146	1.82823	8.0775	200
2358	10.3012	1.84058	8.11224	200
2359	10.3444	1.85282	8.14712	200
2360	10.256	1.86082	8.18007	200
2361	10.2497	1.86735	8.21241	200
2362	10.2973	1.87414	8.24498	200
2363	10.2509	1.87826	8.27633	200
2364	10.2717	1.88192	8.30751	200
2365	10.2865	1.88496	8.33843	200
2366	10.5375	1.89477	8.37279	200
2367	10.5141	1.90247	8.40624	200
2368	11.1806	1.92972	8.44959	200
2369	11.1961	1.95525	8.49251	200
2370	11.1141	1.97607	8.53347	200
2371	11.1853	1.99719	8.5749	200
2372	11.1286	2.01458	8.6148	200
2373	11.1204	2.02992	8.65395	200
2374	11.2469	2.04752	8.69447	200
2375	11.1642	2.06071	8.73306	200
2376	11.2048	2.07356	8.77168	200
2377	11.2244	2.0854	8.81	200
2378	11.2111	2.09527	8.84752	200
2379	11.1754	2.10254	8.88389	200
2380	11.2134	2.10963	8.92029	200
2381	11.2042	2.11508	8.95597	200
2382	10.9903	2.11255	8.98776	200
2383	11.0669	2.11151	9.02025	200
2384	11.0443	2.10878	9.05187	200
2385	11.772	2.12788	9.09437	200
2386	11.748	2.14248	9.13123	200
2387	11.797	2.15702	9.16825	200
2388	11.7818	2.1697	9.20455	200
2389	11.7274	2.17951	9.23959	200
2390	11.7275	2.18807	9.27414	200
2391	11.7397	2.19578	9.30839	200
2392	11.7515	2.20265	9.34232	200
2393	11.7272	2.20771	9.37544	200
2394	11.704	2.21107	9.40778	200
2395	11.6878	2.21299	9.43945	200
2396	11.6714	2.21351	9.47045	200
2397	11.6836	2.2135	9.50119	200
2398	11.7006	2.21311	9.53173	200
2399	11.6597	2.21074	9.56129	200
2400	11.6667	2.20782	9.59053	200
2401	11.6502	2.2037	9.61913	200
2402	11.6222	2.19813	9.64696	200
2403	12.352	2.21221	9.68453	200
2404	12.2999	2.22341	9.72085	200
2405	12.2945	2.23314	9.75659	200
2406	12.2753	2.24107	9.79157	200
2407	12.3364	2.24951	9.82692	200
2408	12.3931	2.2583	9.86256	200
2409	12.2286	2.26129	9.89542	200
2410	12.2855	2.26487	9.92862	200
2411	12.3865	2.27023	9.96275	200
2412	12.3091	2.27235	9.99534	200
2413	12.3431	2.27444	10.0279	200
2414	12.3694	2.2763	10.0605	200
2415	12.3583	2.2769	10.0924	200
2416	12.3352	2.27595	10.1235	200
2417	12.3777	2.27535	10.1548	200
2418	12.3189	2.27187	10.1887	200
2419	12.4146	2.27043	10.2234	200
2420	12.3903	2.26673	10.2621	200
2421	12.3315	2.25969	10.2991	200
2422	13.0444	2.27992	10.3563	200
2423	13.1236	2.30023	10.4139	200
2424	13.0605	2.31754	10.4801	200
2425	13.083	2.33181	10.5452	200
2426	13.0926	2.34259	10.6088	200
2427	13.0167	2.34585	10.669	200
2428	13.0831	2.34926	10.7294	200
2429	13.0718	2.34892	10.788	200
2430	13.003	2.34223	10.8433	200
2431	13.051	2.3355	10.8985	200
2432	13.0684	2.32721	10.9528	200
2433	13.06	2.31621	11.0054	200
2434	13.0798	2.30412	11.0573	200
2435	6.85738	2.39891	10.9523	200
2436	6.81714	2.48572	10.8489	200
2437	6.86526	2.56062	10.7493	200
2438	6.86695	2.62671	10.6523	200
2439	6.86761	2.6846	10.5577	200
2440	7.53432	2.70154	10.4821	200
2441	7.54302	2.71144	10.4208	200
2442	7.57069	2.71722	10.3615	200
2443	7.63782	2.71748	10.3047	200
2444	7.53069	2.71984	10.2469	200
2445	7.56656	2.7182	10.1911	200
2446	7.54255	2.71529	10.1359	200
2447	7.56154	2.70942	10.0823	200
2448	7.56797	2.70129	10.0299	200
2449	7.53867	2.69254	9.97799	200
2450	7.52799	2.68243	9.92695	200
2451	7.59473	2.66784	9.87836	200
2452	8.22952	2.62538	9.84401	200
2453	8.29495	2.58053	9.81174	200
2454	8.2021	2.54008	9.7782	200
2455	8.16824	2.50132	9.74466	200
2456	8.28371	2.45797	9.71422	200
2457	8.22878	2.41745	9.68328	200
2458	8.29702	2.37448	9.6544	200
2459	8.23782	2.33457	9.62488	200
2460	8.21937	2.29586	9.5956	200
2461	8.23894	2.25673	9.56734	200
2462	8.24271	2.21789	9.53974	200
2463	8.26182	2.17872	9.51312	200
2464	8.29172	2.13883	9.48767	200
2465	8.93984	2.07254	9.47626	200
2466	8.86155	2.02047	9.46528	200
2467	8.94747	1.96681	9.45603	200
2468	8.91507	1.91588	9.44637	200
2469	8.92147	1.8662	9.437	200
2470	8.90823	1.81844	9.42755	200
2471	8.99524	1.76893	9.41984	200
2472	9.00065	1.72073	9.41235	200
2473	9.01632	1.67342	9.40528	200
2474	8.94008	1.63027	9.39697	200
2475	8.93577	1.58851	9.38873	200
2476	8.83703	1.55148	9.37888	200
2477	8.90683	1.51293	9.37045	200
2478	8.89673	1.47582	9.36199	200
2479	9.63729	1.43294	9.36691	200
2480	9.62866	1.39111	9.37158	200
2481	9.60516	1.34977	9.37575	200
2482	9.62821	1.31058	9.38026	200
2483	9.58307	1.27102	9.38388	200
2484	9.58552	1.23283	9.38748	200
2485	9.48282	1.1922	9.38918	200
2486	9.52675	1.15453	9.39164	200
2487	9.48374	1.11659	9.39328	200
2488	9.6344	1.08532	9.39759	200
2489	9.64337	1.05534	9.40198	200
2490	9.70599	1.02851	9.40741	200
2491	9.61503	0.999187	9.41111	200
2492	9.6195	0.970944	9.41483	200
2493	9.61369	0.943369	9.41838	200
2494	10.2751	0.940272	9.43368	200
2495	10.2853	0.9375	9.44699	200
2496	10.2821	0.934299	9.46003	200
2497	10.2829	0.930816	9.47289	200
2498	10.2587	0.926283	9.48517	200
2499	10.3022	0.922869	9.49794	200
2500	10.2891	0.918753	9.5103	200
2501	10.3295	0.915641	9.5231	200
2502	10.299	0.911273	9.53522	200
2503	10.3652	0.908731	9.54819	200
2504	10.2709	0.902917	9.55948	200
2505	10.2969	0.897746	9.571	200
2506	10.3274	0.89333	9.58282	200
2507	10.3576	0.889625	9.59492	200
2508	10.3192	0.884458	9.60624	200
2509	10.356	0.880249	9.61796	200
2510	11.0296	0.896854	9.64001	200
2511	11.0175	0.911873	9.66154	200
2512	11.0515	0.926813	9.68325	200
2513	11.0091	0.939284	9.70397	200
2514	11.0336	0.95148	9.72474	200
2515	11.0728	0.963873	9.74581	200
2516	11.0734	0.975238	9.76655	200
2517	10.9601	0.982059	9.7852	200
2518	11.0984	0.993885	9.80865	200
2519	10.906	0.997579	9.82824	200
2520	10.9902	1.00443	9.85245	200
2521	10.941	1.00793	9.87513	200
2522	10.9642	1.01199	9.90236	200
2523	10.9603	1.01429	9.9288	200
2524	11.0488	1.0209	9.9638	200
2525	11.0247	1.0234	9.99696	200
2526	10.963	1.01981	10.0271	200
2527	11.6703	1.05878	10.0785	200
2528	11.6398	1.09019	10.1273	200
2529	11.6567	1.11763	10.1751	200
2530	11.7048	1.13824	10.2133	200
2531	11.6582	1.15357	10.2494	200
2532	11.644	1.16562	10.2843	200
2533	6.07691	1.3177	10.1791	200
2534	6.09342	1.4561	10.077	200
2535	6.15911	1.57919	9.97903	200
2536	6.14891	1.69174	9.88328	200
2537	6.2176	1.79043	9.79164	200
2538	6.17448	1.88177	9.70121	200
2539	6.90384	1.92755	9.63127	200
2540	6.82658	1.97141	9.56115	200
2541	6.85107	2.00834	9.4934	200
2542	6.84852	2.04017	9.42728	200
2543	6.89084	2.06498	9.36387	200
2544	6.90675	2.08459	9.30244	200
2545	6.87965	2.1015	9.24187	200
2546	6.89725	2.11365	9.18325	200
2547	6.84937	2.12466	9.12491	200
2548	6.93656	2.12785	9.0702	200
2549	6.84886	2.13252	9.01466	200
2550	7.5212	2.10057	8.97733	200
2551	7.55368	2.07236	8.94767	200
2552	7.59324	2.04245	8.91945	200
2553	7.51978	2.01566	8.89029	200
2554	7.51896	1.98882	8.86172	200
2555	7.51128	1.96222	8.83358	200
2556	7.52895	1.93482	8.8064	200
2557	7.5196	1.90782	8.77959	200
2558	7.52391	1.88064	8.75343	200
2559	7.61624	1.84966	8.72974	200
2560	7.50304	1.82371	8.70418	200
2561	7.53225	1.79655	8.67977	200
2562	8.23303	1.74031	8.67046	200
2563	8.23619	1.68589	8.66141	200
2564	8.2232	1.6339	8.65228	200
2565	8.27887	1.58138	8.6445	200
2566	8.23406	1.53259	8.63595	200
2567	8.21436	1.4863	8.62717	200
2568	8.24689	1.44021	8.61924	200
2569	8.26048	1.39515	8.61177	200
2570	8.26056	1.35165	8.60445	200
2571	8.08936	1.3168	8.59372	200
2572	8.24915	1.27629	8.58654	200
2573	8.22904	1.238	8.57909	200
2574	8.22283	1.20126	8.57167	200
2575	8.90826	1.16524	8.57868	200
2576	8.93796	1.13645	8.5851	200
2577	8.97964	1.10995	8.59214	200
2578	8.91957	1.08201	8.59799	200
2579	9.02691	1.05868	8.60565	200
2580	8.96386	1.03366	8.61204	200
2581	8.90826	1.00733	8.61733	200
2582	8.90681	0.981688	8.6225	200
2583	9.00571	0.960313	8.62934	200
2584	8.92359	0.936525	8.6346	200
2585	8.92585	0.913479	8.6398	200
2586	8.92735	0.891124	8.64493	200
2587	8.93378	0.869614	8.65009	200
2588	8.99141	0.850746	8.65618	200
2589	9.67606	0.856786	8.6744	200
2590	9.65771	0.861304	8.69196	200
2591	9.55385	0.861325	8.70735	200
2592	9.60103	0.86248	8.7233	200
2593	9.5118	0.859837	8.73738	200
2594	9.62667	0.860888	8.75326	200
2595	9.68155	0.863295	8.76984	200
2596	9.61218	0.862546	8.78488	200
2597	9.53951	0.858691	8.79836	200
2598	9.61754	0.857279	8.81298	200
2599	9.61937	0.855461	8.82738	200
2600	9.6424	0.853776	8.84436	200
2601	9.64039	0.851369	8.86094	200
2602	9.55249	0.843377	8.87823	200
2603	9.70843	0.842717	8.89899	200
2604	10.2504	0.87451	8.94122	200
2605	10.2615	0.902373	8.98248	200
2606	10.2885	0.9276	9.02329	200
2607	10.2968	0.949217	9.06308	200
2608	10.3174	0.968287	9.10228	200
2609	10.2911	0.982073	9.13944	200
2610	10.2313	0.988932	9.17355	200
2611	10.3227	0.998946	9.20946	200
2612	10.2917	1.00415	9.24329	200
2613	5.56182	1.17149	9.12824	200
2614	5.53097	1.3231	9.01582	200
2615	5.48082	1.46134	8.90536	200
2616	5.47097	1.58466	8.79803	200
2617	5.46783	1.69375	8.69396	200
2618	6.13231	1.74799	8.61391	200
2619	6.19643	1.78147	8.55347	200
2620	6.13566	1.81329	8.49303	200
2621	6.19534	1.83751	8.43558	200
2622	6.08801	1.86301	8.37689	200
2623	6.14813	1.8813	8.32117	200
2624	6.15192	1.89569	8.26694	200
2625	6.18551	1.90498	8.2149	200
2626	6.18495	1.91123	8.16416	200
2627	6.21402	1.91317	8.1154	200
2628	6.88595	1.87899	8.08466	200
2629	6.8257	1.84798	8.05319	200
2630	6.89029	1.81373	8.02412	200
2631	6.84415	1.78204	7.99462	200
2632	6.86151	1.74959	7.96629	200
2633	6.88097	1.71638	7.93916	200
2634	6.86554	1.68424	7.91232	200
2635	6.85748	1.65277	7.88594	200
2636	6.83476	1.62269	7.85966	200
2637	6.85884	1.5916	7.83464	200
2638	6.87125	1.56019	7.81056	200
2639	7.56628	1.49439	7.80445	200
2640	7.57911	1.44151	7.79976	200
2641	7.57029	1.39101	7.79497	200
2642	7.49656	1.34549	7.78876	200
2643	7.63837	1.29569	7.78562	200
2644	7.65876	1.24699	7.78298	200
2645	7.58648	1.20322	7.77888	200
2646	7.61975	1.15971	7.77557	200
2647	7.64148	1.11698	7.77278	200
2648	7.57733	1.07858	7.7687	200
2649	7.57035	1.0419	7.76457	200
2650	7.53542	1.00804	7.7598	200
2651	8.24079	0.986078	7.76982	200
2652	8.2543	0.965178	7.77991	200
2653	8.23375	0.943872	7.78936	200
2654	8.22756	0.922802	7.79849	200
2655	8.18422	0.900423	7.80653	200
2656	8.12989	0.876378	7.81326	200
2657	8.27043	0.858911	7.82279	200
2658	8.21552	0.839486	7.83097	200
2659	8.18067	0.819078	7.83825	200
2660	8.21555	0.80067	7.84611	200
2661	8.24814	0.784059	7.85449	200
2662	8.26508	0.768498	7.86304	200
2663	8.21872	0.751297	7.87045	200
2664	8.91995	0.763722	7.89231	200
2665	8.94014	0.773868	7.91103	200
2666	8.93509	0.782803	7.92931	200
2667	8.96309	0.791766	7.94777	200
2668	8.90038	0.79751	7.96478	200
2669	8.9081	0.802717	7.98163	200
2670	8.87849	0.806079	7.99764	200
2671	8.89545	0.809354	8.01367	200
2672	8.91422	0.813153	8.03243	200
2673	8.92371	0.816407	8.051	200
2674	8.93862	0.819967	8.07319	200
2675	8.90522	0.82057	8.09399	200
2676	8.97069	0.824078	8.12139	200
2677	8.9413	0.823817	8.14701	200
2678	9.65507	0.866582	8.19414	200
2679	9.65029	0.90343	8.23964	200
2680	9.61591	0.932982	8.28265	200
2681	9.60121	0.95708	8.32385	200
2682	9.61087	0.9777	8.36407	200
2683	9.61275	0.994636	8.40309	200
2684	9.68166	1.01238	8.44305	200
2685	5.51413	1.13216	8.35152	200
2686	5.50009	1.23962	8.26241	200
2687	5.42707	1.33935	8.17381	200
2688	5.48069	1.42396	8.08965	200
2689	5.51266	1.49602	8.00912	200
2690	5.48248	1.56044	7.93016	200
2691	5.51703	1.61373	7.85475	200
2692	5.46206	1.66241	7.77998	200
2693	5.47217	1.70275	7.70786	200
2694	6.10431	1.69655	7.65774	200
2695	6.18024	1.6856	7.62081	200
2696	6.18259	1.67323	7.58485	200
2697	6.1649	1.66056	7.54935	200
2698	6.16569	1.64672	7.51476	200
2699	6.17771	1.63123	7.48133	200
2700	6.19592	1.61394	7.4492	200
2701	6.14671	1.59837	7.41663	200
2702	6.11838	1.58336	7.38418	200
2703	6.17018	1.56489	7.35382	200
2704	6.88192	1.51024	7.34203	200
2705	6.78661	1.4625	7.32814	200
2706	6.87324	1.41212	7.31677	200
2707	6.88836	1.36293	7.30606	200
2708	6.85684	1.31725	7.29483	200
2709	6.9035	1.27095	7.28504	200
2710	6.87732	1.22779	7.27485	200
2711	6.89536	1.18537	7.26536	200
2712	6.86888	1.14593	7.25545	200
2713	6.90684	1.10606	7.24673	200
2714	7.68961	1.0729	7.25781	200
2715	7.53544	1.03977	7.26359	200
2716	7.57448	1.0094	7.27006	200
2717	7.53147	0.978229	7.27551	200
2718	7.59599	0.950822	7.28219	200
2719	7.52451	0.921301	7.28723	200
2720	7.51297	0.892319	7.29194	200
2721	7.48994	0.863389	7.29606	200
2722	7.52473	0.836942	7.30082	200
2723	7.55948	0.812846	7.30621	200
2724	7.5227	0.787997	7.31072	200
2725	7.45425	0.761144	7.31371	200
2726	8.11412	0.76278	7.33039	200
2727	8.26611	0.769986	7.34988	200
2728	8.2467	0.77527	7.36856	200
2729	8.26335	0.780249	7.3872	200
2730	8.15856	0.779878	7.40327	200
2731	8.3109	0.7852	7.42218	200
2732	8.22537	0.785949	7.43891	200
2733	8.23065	0.78619	7.45541	200
2734	8.25247	0.786642	7.47201	200
2735	8.5013	0.796752	7.49346	200
2736	8.24714	0.794957	7.50916	200
2737	8.21351	0.790426	7.52677	200
2738	8.10745	0.779939	7.54128	200
2739	8.78765	0.80909	7.58023	200
2740	8.96498	0.845068	7.6235	200
2741	8.90234	0.881215	7.67679	200
2742	8.92449	0.911755	7.72877	200
2743	8.94393	0.937038	7.7794	200
2744	8.88087	0.947315	7.81382	200
2745	9.11121	0.969194	7.85437	200
2746	8.93879	0.976395	7.88826	200
2747	8.89137	0.978064	7.9196	200
2748	4.78913	1.11259	7.82177	200
2749	4.7754	1.23345	7.72658	200
2750	4.81892	1.33809	7.63571	200
2751	5.46535	1.3901	7.56789	200
2752	5.46701	1.43453	7.50223	200
2753	5.32325	1.48106	7.43414	200
2754	5.4832	1.51042	7.37317	200
2755	5.59644	1.52707	7.31765	200
2756	5.51628	1.54421	7.26136	200
2757	5.48369	1.5588	7.2058	200
2758	5.43589	1.572	7.15049	200
2759	5.57294	1.57234	7.10119	200
2760	6.1771	1.53183	7.07232	200
2761	6.19791	1.49896	7.05046	200
2762	6.13452	1.4698	7.02756	200
2763	6.21029	1.43718	7.00713	200
2764	6.05527	1.41291	6.98333	200
2765	6.12173	1.38534	6.96179	200
2766	6.16774	1.35578	6.94194	200
2767	6.16473	1.32685	6.92251	200
2768	6.06998	1.30313	6.90119	200
2769	6.18149	1.27396	6.8832	200
2770	6.89541	1.21087	6.8835	200
2771	6.83686	1.15266	6.88234	200
2772	6.87368	1.09546	6.88212	200
2773	6.80295	1.04465	6.88014	200
2774	6.87673	0.979568	6.88003	200
2775	6.88944	0.918933	6.88033	200
2776	6.90792	0.844654	6.88148	200
2777	6.92042	0.777511	6.8831	200
2778	6.88516	0.71289	6.88318	200
2779	6.85251	0.656038	6.8819	200
2780	6.83826	0.605004	6.88008	200
2781	7.58239	0.613112	6.90935	200
2782	7.53013	0.613751	6.93521	200
2783	4.08328	0.800266	6.81638	200
2784	4.08704	0.961022	6.70266	200
2785	4.09676	1.0981	6.59408	200
2786	4.09696	1.21468	6.49003	200
2787	4.026	1.31879	6.38736	200
2788	4.93092	1.3274	6.34185	200
2789	4.82259	1.33939	6.29437	200
2790	4.7824	1.35017	6.24712	200
2791	4.81039	1.35558	6.20222	200
2792	4.82474	1.35695	6.15918	200
2793	4.81887	1.35591	6.11729	200
2794	4.82434	1.35197	6.07689	200
2795	5.51869	1.30236	6.05944	200
2796	5.28963	1.26908	6.03538	200
2797	5.52638	1.22157	6.01948	200
2798	5.55361	1.17434	6.00492	200
2799	5.50759	1.13203	5.98938	200
2800	5.5075	1.09139	5.97432	200
2801	5.53231	1.0508	5.96051	200
2802	5.48594	1.01479	5.94567	200
2803	5.47576	0.980733	5.93099	200
2804	6.16044	0.933777	5.93816	200
2805	6.20019	0.900189	5.94471	200
2806	6.19066	0.867477	5.95086	200
2807	6.26542	0.839831	5.95872	200
2808	6.16326	0.808066	5.96383	200
2809	6.14504	0.776722	5.96836	200
2810	6.16624	0.747779	5.97331	200
2811	6.18149	0.720799	5.97851	200
2812	6.1787	0.694768	5.98352	200
2813	6.17608	0.669657	5.98833	200
2814	6.95431	0.684473	6.01248	200
2815	6.85544	0.692397	6.03355	200
2816	6.81193	0.696696	6.05301	200
2817	6.71521	0.69497	6.06957	200
2818	6.91329	0.702407	6.09066	200
2819	6.96064	0.710785	6.11241	200
2820	6.81562	0.710406	6.12999	200
2821	6.91216	0.713994	6.14954	200
2822	6.88559	0.715096	6.16794	200
2823	6.89467	0.715677	6.18611	200
2824	6.84561	0.712868	6.2026	200
2825	7.51442	0.742815	6.23539	200
2826	7.5902	0.768314	6.26362	200
2827	7.62644	0.793085	6.29201	200
2828	7.61557	0.815188	6.31959	200
2829	7.56258	0.833013	6.34548	200
2830	7.51695	0.847115	6.36989	200
2831	7.60321	0.863207	6.39558	200
2832	7.58215	0.87668	6.4203	200
2833	7.59071	0.888918	6.44468	200
2834	7.60518	0.900233	6.46886	200
2835	7.70867	0.914382	6.49469	200
2836	8.12403	0.944172	6.52863	200
2837	8.63906	0.992765	6.5726	200
2838	8.65869	1.03832	6.61606	200
2839	8.63189	1.07905	6.65806	200
2840	8.73168	1.12049	6.70125	200
2841	8.57105	1.15171	6.74021	200
2842	8.62232	1.18214	6.77942	200
2843	8.6021	1.20883	6.81739	200
2844	8.58369	1.23206	6.85419	200
2845	8.67934	1.25677	6.89221	200
2846	8.59821	1.27549	6.92775	200
2847	8.40221	1.28378	6.95847	200
2848	8.10782	1.27818	6.98241	200
2849	8.21358	1.27622	7.00806	200
2850	9.00526	1.30626	7.04967	200
2851	8.84773	1.32382	7.08178	200
2852	8.87708	1.34066	7.11384	200
2853	8.8006	1.35302	7.14396	200
2854	8.92607	1.36834	7.17578	200
2855	8.89599	1.38091	7.2065	200
2856	8.88791	1.39164	7.23652	200
2857	8.94122	1.40282	7.26696	200
2859	8.30476	1.38978	7.2855	200
2860	8.22128	1.37357	7.30221	200
2861	8.16234	1.35523	7.31757	200
2862	8.25985	1.34048	7.33439	200
2863	8.09839	1.31989	7.34803	200
2864	8.8518	1.32646	7.37489	200
2865	8.92485	1.33444	7.40256	200
2866	8.88676	1.33979	7.42907	200
2867	8.94508	1.34608	7.45614	200
2868	8.97138	1.35212	7.48319	200
2869	8.93942	1.35584	7.5092	200
2870	9.02891	1.36169	7.53633	200
2871	8.92221	1.36256	7.56108	200
2872	8.86448	1.36044	7.58436	200
2873	9.0555	1.36505	7.615	200
2874	8.99413	1.36564	7.64373	200
2875	8.92133	1.36124	7.67567	200
2876	8.97444	1.35811	7.70814	200
2877	8.96064	1.35151	7.74728	200
2878	9.02021	1.3466	7.78706	200
2879	9.65265	1.37904	7.84536	200
2880	9.69822	1.40865	7.90326	200
2884	7.60297	1.33938	7.89388	200
2885	3.03894	1.5591	7.74216	200
2886	3.37393	1.73467	7.60565	200
2887	3.13186	1.90587	7.46584	200
2888	3.16479	2.05557	7.33144	200
2889	2.77773	2.2117	7.18913	200
2890	3.83261	2.28325	7.08424	200
2891	4.16595	2.32294	6.99304	200
2892	6.16492	2.22951	6.96716	200
2893	7.35928	2.11468	6.97942	200
2894	7.53444	2.0172	6.99676	200
2895	7.20922	1.92696	7.00207	200
2896	6.90382	1.83552	6.99962	200
2897	9.35891	1.86171	7.0586	200
2898	8.29942	1.83067	7.08962	200
2903	1.66691	2.01027	6.95405	200
2904	1.61834	2.17654	6.82066	200
2905	1.67375	2.32506	6.69198	200
2906	2.24869	2.43097	6.5809	200
2907	2.87592	2.49467	6.48827	200
2908	2.03259	2.59272	6.37688	200
2909	1.38796	2.71253	6.25216	200
2910	1.39298	2.81986	6.13068	200
2911	2.05949	2.88243	6.0289	200
2912	2.02342	2.93858	5.92876	200
2913	2.09688	2.98324	5.83296	200
2914	2.22972	3.01424	5.74288	200
2915	2.03877	3.04874	5.65028	200
2916	2.03658	3.07698	5.55994	200
2917	1.94295	3.10398	5.46951	200
2918	2.14845	3.11484	5.38649	200
2919	2.20888	3.11745	5.32028	200
2920	2.11205	3.12123	5.25345	200
2921	1.98433	3.12739	5.18534	200
2922	2.75875	3.09819	5.13478	200
2923	2.51274	3.07835	5.08016	200
2924	2.71078	3.04881	5.0308	200
2925	2.73295	3.01752	4.98292	200
2926	2.67359	2.98801	4.93481	200
2927	2.86749	2.94965	4.89174	200
2928	2.64625	2.92031	4.84496	200
2929	2.74581	2.8861	4.80123	200
2930	2.79486	2.84944	4.75943	200
2931	2.66214	2.8181	4.71573	200
2932	2.7445	2.78281	4.67467	200
2933	2.73116	2.74784	4.63417	200
2934	2.55056	2.72016	4.59077	200
2935	3.35499	2.65831	4.56502	200
2936	3.46374	2.59344	4.54208	200
2937	3.48661	2.52935	4.52009	200
2938	3.4532	2.46842	4.49786	200
2939	3.54416	2.4053	4.47799	200
2940	3.28679	2.35471	4.45317	200
2941	3.32092	2.30378	4.42959	200
2942	3.39545	2.25088	4.40804	200
2943	3.41362	2.19852	4.38732	200
2944	3.31836	2.15818	4.36823	200
2945	3.44055	2.11423	4.35167	200
2946	3.55833	2.06706	4.3375	200
2947	3.37503	2.02761	4.32031	200
2948	3.45052	1.98626	4.30478	200
2949	4.07829	1.92341	4.30074	200
2950	4.14909	1.86013	4.29803	200
2951	4.09571	1.80092	4.29441	200
2952	4.01276	1.74666	4.28938	200
2953	4.13	1.68997	4.28654	200
2954	4.08773	1.62784	4.28239	200
2955	4.10107	1.56757	4.27862	200
2956	4.07452	1.4994	4.27351	200
2957	4.17165	1.42952	4.27097	200
2958	4.12665	1.34919	4.26646	200
2959	1.51351	1.43693	4.18043	200
2960	1.19273	1.53385	4.08706	200
2961	1.07095	1.62649	3.99281	200
2962	1.13765	1.70328	3.90358	200
2963	0.989277	1.77897	3.81251	200
2964	1.25668	1.82752	3.73264	200
2965	1.01843	1.88294	3.64782	200
2883	202.807	14.2127	9.87156	200
2966	2.75174	13.7694	9.64906	200
2967	3.46179	13.2955	9.45571	200
2968	4.79571	12.7558	9.31008	200
2969	4.79347	12.2409	9.16894	200
2970	4.82432	11.7473	9.03317	200
2971	4.94486	11.2687	8.90541	200
2972	4.95799	10.9026	8.80672	200
2973	3.52247	10.6217	8.67462	200
2974	3.54903	10.3469	8.54648	200
2975	3.51606	10.081	8.42071	200
2976	3.44187	9.82594	8.29624	200
2977	4.09037	9.54493	8.1911	200
2978	4.03753	9.27537	8.08726	200
2979	4.15786	9.00807	7.98902	200
2980	4.10928	8.75165	7.89203	200
2981	4.12777	8.50228	7.79792	200
2982	4.14719	8.2597	7.70665	200
2983	4.12006	8.02604	7.61699	200
2984	4.1488	7.79815	7.53028	200
2985	4.10466	7.57952	7.44464	200
2986	4.0681	7.36937	7.36023	200
2987	4.11783	7.16303	7.27917	200
2988	4.83336	6.92716	7.21802	200
2989	4.75379	6.70402	7.15641	200
2990	4.90815	6.48123	7.10021	200
2991	4.83413	6.27047	7.04355	200
2992	4.79512	6.06937	6.98734	200
2993	4.8368	5.90608	6.94254	200
2994	4.83248	5.74792	6.89858	200
2995	4.77581	5.59687	6.85435	200
2996	4.84954	5.4472	6.81259	200
2997	4.68323	5.30896	6.76823	200
2998	6.98125	5.09662	6.77266	200
2999	7.02213	4.89466	6.77786	200
3000	8.37342	4.7572	6.8111	200
3001	8.34687	4.62297	6.84309	200
3002	8.3555	4.49336	6.8746	200
3003	8.4502	4.37179	6.90743	200
3007	6.45406	4.20852	6.89798	200
3008	6.13736	4.06486	6.88213	200
3009	6.34415	3.9179	6.87093	200
3010	6.20593	3.78237	6.85707	200
3011	6.19698	3.65227	6.84332	200
3012	6.19173	3.52724	6.82974	200
3013	6.91666	3.38389	6.83155	200
3014	6.91189	3.24625	6.83323	200
3015	6.89164	3.11342	6.83444	200
3016	6.87647	2.98544	6.83532	200
3017	6.72177	2.88288	6.83329	200
3018	6.88353	2.78171	6.83419	200
3019	6.67792	2.68794	6.8314	200
3020	6.85246	2.5927	6.83177	200
3021	6.78301	2.50184	6.8309	200
3022	6.84359	2.41294	6.83113	200
3023	6.79711	2.32798	6.83052	200
3024	6.83603	2.24504	6.83062	200
3025	6.86463	2.16607	6.83122	200
3026	6.83246	2.07587	6.83125	200
3027	7.50411	2.01741	6.84527	200
3028	7.53763	1.95116	6.86258	200
3029	7.54099	1.88752	6.87954	200
3030	7.60362	1.8148	6.90216	200
3031	7.58382	1.74398	6.92346	200
3032	7.56649	1.67517	6.94356	200
3033	7.58017	1.61026	6.96345	200
3034	7.5816	1.54825	6.98277	200
3035	7.64382	1.4928	7.00343	200
3036	3.41383	1.62385	6.89125	200
3037	3.42711	1.73887	6.783	200
3038	3.45404	1.83825	6.67897	200
3039	3.41901	1.92711	6.57709	200
3040	3.32895	2.00967	6.47559	200
3041	3.36939	2.0782	6.37852	200
3042	3.42164	2.13312	6.28611	200
3043	3.36985	2.18207	6.19498	200
3044	4.08635	2.17748	6.12909	200
3045	4.11731	2.16712	6.06622	200
3046	4.10839	2.15404	6.00504	200
3047	4.10666	2.13806	5.94571	200
3048	4.09457	2.12371	5.89943	200
3049	4.11676	2.10666	5.85486	200
3050	4.08081	2.09003	5.81051	200
3051	4.09842	2.07113	5.76771	200
3052	4.09893	2.05101	5.72599	200
3053	4.12068	2.02873	5.68586	200
3054	4.81279	1.97094	5.66403	200
3055	4.81308	1.91494	5.64276	200
3056	4.8676	1.85795	5.62338	200
3057	4.81738	1.80536	5.60323	200
3058	4.82305	1.75409	5.58372	200
3059	4.81492	1.70483	5.5645	200
3060	4.81411	1.65711	5.54574	200
3061	4.91473	1.6058	5.52996	200
3062	4.79605	1.56221	5.51162	200
3063	4.9021	1.51457	5.49638	200
3064	4.81465	1.47293	5.47933	200
3065	5.52984	1.40181	5.4806	200
3066	5.49465	1.33242	5.48095	200
3067	5.45964	1.26686	5.48041	200
3068	5.51559	1.20528	5.48129	200
3069	5.37312	1.15956	5.47904	200
3070	5.494	1.11187	5.47935	200
3071	5.34266	1.07124	5.4765	200
3072	5.51797	1.02833	5.47736	200
3073	5.4393	0.98707	5.47657	200
3074	5.50304	0.947045	5.47712	200
3075	5.58877	0.912236	5.47945	200
3076	5.47251	0.874515	5.4793	200
3077	6.13666	0.865466	5.493	200
3078	6.2052	0.859079	5.50783	200
3079	6.22401	0.853124	5.52275	200
3080	6.18618	0.84522	5.53658	200
3081	6.18531	0.837032	5.55009	200
3082	6.1819	0.82848	5.56325	200
3083	6.13444	0.817759	5.57515	200
3084	6.14056	0.807244	5.58693	200
3085	6.14548	0.796881	5.59857	200
3086	6.24551	0.790633	5.61204	200
3087	6.15505	0.780315	5.62336	200
3088	6.16824	0.770505	5.63471	200
3089	6.13319	0.759171	5.64509	200
3090	6.82469	0.776688	5.66967	200
3091	6.82584	0.792499	5.69375	200
3092	6.86546	0.808299	5.71816	200
3093	6.90489	0.824066	5.74288	200
3094	6.80105	0.832426	5.76178	200
3095	6.89178	0.843053	5.78196	200
3096	6.84359	0.850859	5.80091	200
3097	6.85945	0.858275	5.81982	200
3098	6.81982	0.863336	5.83767	200
3099	6.86368	0.869145	5.85599	200
3100	6.8642	0.874111	5.874	200
3101	6.88614	0.87904	5.89207	200
3102	6.93724	0.884973	5.91073	200
3103	6.84658	0.886789	5.92744	200
3104	7.52279	0.912094	5.95593	200
3105	7.60987	0.938588	5.98547	200
3106	7.533	0.960336	6.0131	200
3107	7.55734	0.981189	6.04068	200
3108	7.5551	1.00023	6.06772	200
3109	7.62204	1.02002	6.09547	200
3110	7.57655	1.03649	6.12192	200
3111	7.55387	1.05061	6.14749	200
3112	7.5789	1.06421	6.17305	200
3113	7.47891	1.07284	6.19637	200
3114	7.54948	1.08285	6.22053	200
3115	7.55015	1.09166	6.24427	200
3116	7.50836	1.09782	6.26685	200
3117	7.61226	1.10666	6.29087	200
3118	7.53391	1.11153	6.31307	200
3119	8.23421	1.14044	6.34737	200
3120	8.23823	1.16725	6.38114	200
3121	8.24598	1.19216	6.41444	200
3122	8.235	1.2146	6.44695	200
3123	8.2767	1.23382	6.47554	200
3124	8.16566	1.24808	6.50195	200
3125	8.3128	1.26567	6.53024	200
3126	8.25382	1.27998	6.55717	200
3127	8.2543	1.29301	6.58369	200
3128	8.26486	1.30514	6.60995	200
3129	8.18101	1.31345	6.6345	200
3130	8.18751	1.32094	6.65877	200
3131	8.21425	1.32827	6.68307	200
3132	8.25466	1.33587	6.70763	200
3133	8.21897	1.34135	6.73124	200
3134	8.26639	1.34741	6.75523	200
3135	8.93307	1.37336	6.78925	200
3136	8.90331	1.39651	6.82229	200
3137	8.94258	1.41912	6.85541	200
3138	8.93545	1.43978	6.88791	200
3139	8.93645	1.4588	6.91992	200
3140	8.9219	1.47577	6.9512	200
3141	8.9665	1.49263	6.98269	200
3142	8.9422	1.50722	7.01331	200
3143	8.96905	1.52124	7.04387	200
3144	8.96627	1.53378	7.0739	200
3145	8.93154	1.5439	7.10293	200
3146	8.94206	1.55312	7.13166	200
3147	8.92781	1.56072	7.15973	200
3148	9.03305	1.57048	7.189	200
3149	8.97818	1.57732	7.21695	200
3150	9.00428	1.58388	7.24488	200
3151	8.93826	1.5873	7.27134	200
3152	9.62456	1.61123	7.30811	200
3153	9.63484	1.63359	7.34446	200
3154	9.64917	1.65457	7.38047	200
3155	9.56528	1.67114	7.41461	200
3156	9.61775	1.68591	7.44521	200
3157	9.64059	1.70006	7.4757	200
3158	9.58744	1.7115	7.50503	200
3159	9.6997	1.72492	7.53551	200
3160	9.6499	1.73574	7.56488	200
3161	9.6544	1.74556	7.5939	200
3162	9.51501	1.75044	7.62058	200
3163	9.66088	1.75849	7.64892	200
3164	9.56608	1.7629	7.67554	200
3165	9.54895	1.76597	7.70156	200
3166	9.52352	1.76752	7.72687	200
3167	9.54525	1.76893	7.75212	200
3168	9.6485	1.77247	7.77846	200
3169	9.59453	1.77368	7.80368	200
3170	10.3497	1.79514	7.83904	200
3171	10.323	1.81427	7.87354	200
3172	10.2858	1.83088	7.90705	200
3173	10.2984	1.84645	7.94026	200
3174	10.2452	1.85918	7.97227	200
3175	10.1842	1.86898	8.00299	200
3176	10.248	1.87943	8.03417	200
3177	10.3371	1.89119	8.06616	200
3178	10.2031	1.89802	8.09584	200
3179	10.3042	1.90664	8.12651	200
3180	10.3828	1.91635	8.15785	200
3181	10.3317	1.9235	8.18804	200
3182	10.308	1.92896	8.21748	200
3183	10.3644	1.93501	8.2473	200
3184	10.3182	1.93879	8.27606	200
3185	10.292	1.94093	8.30406	200
3186	10.3078	1.94268	8.33189	200
3187	10.3949	1.94602	8.36054	200
3188	10.2991	1.94581	8.38747	200
3189	10.9741	1.96361	8.42339	200
3190	10.9263	1.97859	8.45815	200
3191	10.9503	1.99286	8.49277	200
3192	11.0177	2.00764	8.52783	200
3193	11.0098	2.01949	8.55886	200
3194	11.0612	2.03157	8.59014	200
3195	10.9987	2.04099	8.62024	200
3196	10.9439	2.04806	8.64929	200
3197	11.0387	2.05659	8.67915	200
3198	11.011	2.06347	8.7083	200
3199	10.8626	2.06574	8.73523	200
3200	11.0078	2.07091	8.76364	200
3201	10.9481	2.07375	8.79095	200
3202	10.993	2.07696	8.81847	200
3203	10.8539	2.07592	8.84391	200
3204	10.9685	2.07713	8.87047	200
3205	10.9668	2.07767	8.89958	200
3206	11.0126	2.07865	8.92893	200
3207	10.9908	2.07812	8.96115	200
3208	11.0109	2.07723	8.99317	200
3209	11.6428	2.09768	9.04049	200
3210	11.5919	2.11388	9.08605	200
3211	11.5732	2.12943	9.13786	200
3212	11.6473	2.14526	9.19014	200
3213	11.6373	2.16036	9.25132	200
3214	11.6906	2.17431	9.3123	200
3215	11.6355	2.18175	9.37038	200
3216	11.731	2.19069	9.4294	200
3217	11.649	2.19213	9.48489	200
3218	11.6431	2.19044	9.53884	200
3219	11.6573	2.18684	9.5918	200
3220	11.775	2.18666	9.64638	200
3221	5.5092	2.28418	9.54295	200
3222	5.39748	2.37725	9.43932	200
3223	5.52904	2.4539	9.34156	200
3224	5.44031	2.52626	9.24403	200
3225	5.50556	2.57677	9.16614	200
3226	5.55749	2.61977	9.09096	200
3227	5.45992	2.6619	9.01531	200
3228	5.47041	2.69869	8.94146	200
3229	5.54573	2.72774	8.87072	200
3230	5.50124	2.75448	8.80052	200
3231	5.43897	2.77977	8.73048	200
3232	5.47612	2.79954	8.66268	200
3233	6.19653	2.78565	8.6113	200
3234	6.18453	2.7707	8.56075	200
3235	6.09356	2.75805	8.50935	200
3236	6.2092	2.73897	8.46143	200
3237	6.14801	2.72124	8.41323	200
3238	6.10417	2.70406	8.36512	200
3239	6.17788	2.68253	8.31956	200
3240	6.14933	2.66118	8.27434	200
3241	6.16648	2.63813	8.23043	200
3242	6.15151	2.61483	8.18712	200
3243	6.18916	2.58912	8.14549	200
3244	6.21568	2.56165	8.10529	200
3245	7.00277	2.50085	8.08232	200
3246	6.85676	2.44772	8.05678	200
3247	6.89955	2.39394	8.03268	200
3248	6.84413	2.34372	8.00791	200
3249	6.88	2.3003	7.98777	200
3250	6.9448	2.25539	7.96915	200
3251	6.87186	2.21403	7.94955	200
3252	6.83585	2.17473	7.92966	200
3253	6.82805	2.13641	7.90999	200
3254	6.81758	2.09912	7.89048	200
3255	6.77731	2.06391	7.87061	200
3256	6.94083	2.0234	7.854	200
3257	6.77536	1.98966	7.83474	200
3258	6.85398	1.95363	7.81722	200
3259	7.57797	1.8924	7.81295	200
3260	7.51111	1.83559	7.80756	200
3261	7.46767	1.78218	7.80149	200
3262	7.54082	1.72784	7.79684	200
3263	7.54982	1.67495	7.79242	200
3264	7.58747	1.62245	7.78876	200
3265	7.62768	1.57026	7.78589	200
3266	7.59579	1.52096	7.78249	200
3267	7.44729	1.47862	7.77651	200
3268	7.6128	1.43165	7.77358	200
3269	7.6247	1.38584	7.77092	200
3270	7.59689	1.34256	7.76782	200
3271	7.55621	1.30217	7.76404	200
3272	7.55478	1.26314	7.7603	200
3273	7.59863	1.2238	7.75741	200
3274	8.29839	1.19941	7.76707	200
3275	8.29203	1.17532	7.77645	200
3276	8.18709	1.14801	7.78378	200
3277	8.17415	1.12095	7.79075	200
3278	8.23106	1.09968	7.79763	200
3279	8.1951	1.07774	7.80384	200
3280	8.26038	1.05833	7.81097	200
3281	8.16783	1.03641	7.81654	200
3282	8.2073	1.01623	7.82265	200
3283	8.24041	0.997525	7.82918	200
3284	8.23834	0.979138	7.83557	200
3285	8.19692	0.959832	7.84122	200
3286	8.20693	0.941265	7.84693	200
3287	8.27628	0.925267	7.85364	200
3288	8.29176	0.910043	7.86048	200
3289	8.3069	0.895554	7.86746	200
3290	8.97231	0.902094	7.88472	200
3291	8.89315	0.905416	7.90048	200
3292	8.95303	0.910014	7.91692	200
3293	8.88074	0.911695	7.93198	200
3294	8.96516	0.915491	7.94813	200
3295	8.87136	0.915733	7.96255	200
3296	8.92154	0.917084	7.97753	200
3297	8.97494	0.919594	7.99312	200
3298	8.94884	0.920722	8.00805	200
3299	8.95717	0.921609	8.02288	200
3300	8.88317	0.919692	8.03632	200
3301	8.95375	0.919621	8.05066	200
3302	8.86328	0.916277	8.06335	200
3303	8.93061	0.914745	8.0769	200
3304	8.95207	0.913508	8.09058	200
3305	8.90527	0.91042	8.10331	200
3306	8.91851	0.907019	8.11786	200
3307	9.61715	0.928171	8.14464	200
3308	9.65084	0.952255	8.17601	200
3309	11.7226	1.1144	8.28684	200
3310	13.7495	1.38617	8.45755	200
3311	13.7432	1.62988	8.62273	200
3312	13.771	1.84978	8.78361	200
3313	13.6845	2.00233	8.90613	200
3314	13.7807	2.14595	9.028	200
3315	13.7062	2.27256	9.14495	200
3316	13.8252	2.39294	9.26196	200
3317	13.7154	2.49597	9.37329	200
3318	8.22042	2.42881	9.34447	200
3319	6.25144	2.46202	9.26714	200
3320	6.11886	2.49633	9.18844	200
3321	6.16081	2.5229	9.11275	200
3322	6.9003	2.50737	9.05743	200
3323	6.87343	2.4912	9.00283	200
3324	6.78591	2.47749	8.94741	200
3325	6.83395	2.45929	8.89457	200
3326	6.77582	2.44226	8.8416	200
3327	6.88413	2.41802	8.79266	200
3328	6.90001	2.39175	8.74535	200
3329	6.81398	2.36873	8.69706	200
3330	6.90433	2.33993	8.65224	200
3331	6.84159	2.31347	8.60698	200
3332	6.78515	2.28889	8.56143	200
3333	7.54293	2.22537	8.53597	200
3334	7.55812	2.17339	8.5156	200
3335	7.55349	2.12291	8.49555	200
3336	7.6181	2.07102	8.47727	200
3337	7.59643	2.02143	8.45892	200
3338	7.63529	1.97152	8.44176	200
3339	7.50481	1.92841	8.42224	200
3340	7.58983	1.88274	8.4049	200
3341	7.5225	1.84106	8.38651	200
3342	7.61454	1.79652	8.37043	200
3343	7.53793	1.75635	8.35309	200
3344	7.51276	1.71818	8.33558	200
3345	8.1749	1.65328	8.33223	200
3346	8.27995	1.58658	8.33114	200
3347	8.31739	1.52104	8.33085	200
3348	8.2456	1.46121	8.32908	200
3349	8.22316	1.40474	8.32687	200
3350	8.24273	1.34972	8.32512	200
3351	8.31493	1.29391	8.3249	200
3352	8.19302	1.24549	8.32216	200
3353	8.36473	1.19537	8.32304	200
3354	8.25886	1.14823	8.3217	200
3355	8.3233	1.10045	8.32174	200
3356	8.20491	1.05947	8.3193	200
3357	8.27279	1.01726	8.31833	200
3358	8.90121	0.999163	8.33048	200
3359	8.90153	0.983873	8.34067	200
3360	8.8714	0.967689	8.35015	200
3361	8.86467	0.951504	8.35934	200
3362	8.97302	0.939439	8.3703	200
3363	8.80126	0.921279	8.37799	200
3364	8.80703	0.903698	8.38565	200
3365	8.97049	0.892309	8.3961	200
3366	8.80218	0.874943	8.40335	200
3367	8.818	0.858504	8.41075	200
3368	8.8391	0.843141	8.4184	200
3369	8.92165	0.831002	8.42739	200
3370	8.86299	0.81688	8.43516	200
3371	8.95514	0.806276	8.44445	200
3372	9.62849	0.819767	8.46559	200
3373	9.62986	0.83207	8.48638	200
3374	9.57838	0.841353	8.50588	200
3375	9.64992	0.852163	8.52631	200
3376	9.54551	0.858128	8.54451	200
3377	9.60939	0.865511	8.56353	200
3378	9.60716	0.871872	8.58216	200
3379	9.6202	0.877806	8.6007	200
3380	9.66979	0.884637	8.61979	200
3381	9.68421	0.891057	8.6388	200
3382	9.70052	0.897152	8.65775	200
3383	9.66619	0.901126	8.67576	200
3384	9.62779	0.902943	8.69276	200
3385	9.58776	0.902659	8.70874	200
3386	9.59368	0.902026	8.72455	200
3387	10.3204	0.926805	8.75304	200
3388	10.295	0.946028	8.77713	200
3389	10.2954	0.963909	8.80086	200
3390	10.2837	0.982442	8.82733	200
3391	10.296	0.999807	8.85356	200
3392	10.311	1.01887	8.88392	200
3393	10.422	1.04051	8.91597	200
3394	10.2367	1.05452	8.94899	200
3395	10.2507	1.06688	8.98153	200
3396	10.2812	1.08143	9.02214	200
3397	10.1791	1.08615	9.0583	200
3398	10.3407	1.09842	9.09837	200
3399	10.4261	1.11275	9.13986	200
3400	10.4975	1.12805	9.18229	200
3401	10.4474	1.13662	9.22182	200
3402	10.454	1.14259	9.26033	200
3403	11.1295	1.188	9.31874	200
3404	11.1331	1.22715	9.37544	200
3405	5.57968	1.38769	9.25682	200
3406	6.28133	1.48692	9.16383	200
3407	6.19854	1.56084	9.0897	200
3408	6.17261	1.62865	9.01677	200
3409	6.17368	1.68937	8.94569	200
3410	6.17211	1.74358	8.87635	200
3411	6.11223	1.79461	8.80725	200
3412	6.14214	1.83813	8.74062	200
3413	6.15035	1.87574	8.67586	200
3414	6.21074	1.90521	8.61424	200
3415	6.19343	1.93099	8.55372	200
3416	6.87694	1.91828	8.51179	200
3417	6.93098	1.9014	8.47227	200
3418	6.85365	1.88726	8.43181	200
3419	6.95972	1.8665	8.395	200
3420	6.97432	1.84421	8.35949	200
3421	6.86307	1.82682	8.32208	200
3422	6.83785	1.80969	8.28497	200
3423	6.80915	1.793	8.24807	200
3424	6.91456	1.77002	8.21474	200
3425	7.04274	1.74012	8.18544	200
3426	6.87027	1.71887	8.15256	200
3427	7.79753	1.65068	8.14368	200
3428	7.52902	1.60751	8.13087	200
3429	7.57034	1.56389	8.1192	200
3430	7.37132	1.52989	8.10361	200
3431	7.43041	1.49419	8.08959	200
3432	7.5406	1.45481	8.07815	200
3433	7.56112	1.41573	8.06738	200
3434	7.55928	1.37791	8.05679	200
3435	7.50617	1.34344	8.04532	200
3436	7.3451	1.31664	8.03073	200
3437	7.52863	1.2827	8.02027	200
3438	7.32058	1.25841	8.00569	200
3439	7.96608	1.20762	8.00487	200
3440	8.22386	1.16643	8.00943	200
3441	8.23369	1.12717	8.0141	200
3442	8.28546	1.09151	8.01975	200
3443	8.25987	1.05604	8.02476	200
3444	8.27203	1.02234	8.02991	200
3445	8.21824	0.987588	8.03383	200
3446	8.27043	0.956296	8.03876	200
3447	8.21205	0.92367	8.04237	200
3448	8.24235	0.893516	8.04654	200
3449	8.22861	0.863872	8.05033	200
3450	8.20131	0.834168	8.05347	200
3451	8.23906	0.807143	8.05734	200
3452	8.94589	0.810535	8.07585	200
3453	8.89704	0.810915	8.09051	200
3454	8.92923	0.811907	8.10549	200
3455	8.85654	0.809733	8.1189	200
3456	8.87433	0.807793	8.13239	200
3457	8.93146	0.807481	8.14666	200
3458	8.93256	0.80671	8.16069	200
3459	8.89213	0.804021	8.17375	200
3460	8.90672	0.801483	8.18684	200
3461	8.92861	0.798994	8.2023	200
3462	8.92745	0.795917	8.2174	200
3463	8.94595	0.792548	8.23562	200
3464	8.93362	0.78782	8.25307	200
3465	8.97128	0.783469	8.27551	200
3466	9.65015	0.820417	8.31847	200
3467	9.65279	0.852535	8.36016	200
3468	9.72875	0.884787	8.40293	200
3469	9.66043	0.908081	8.44223	200
3470	9.65935	0.927396	8.48026	200
3471	9.62482	0.940968	8.51603	200
3472	9.66689	0.954086	8.55199	200
3473	9.62098	0.961267	8.5854	200
3474	5.46968	1.09592	8.48803	200
3475	5.50099	1.21412	8.39469	200
3476	5.40519	1.32508	8.30126	200
3477	5.4467	1.42067	8.21206	200
3478	5.51833	1.50023	8.12788	200
3479	5.48257	1.5718	8.04521	200
3480	5.43081	1.63696	7.96351	200
3481	5.53087	1.68669	7.88749	200
3482	6.16442	1.68972	7.8157	200
3483	6.15972	1.68691	7.7467	200
3484	6.18323	1.67148	7.64898	200
3485	6.12279	1.65332	7.55359	200
3486	6.18553	1.61766	7.46809	200
3487	6.22796	1.5862	7.41641	200
3488	6.12939	1.56127	7.36279	200
3489	3.37665	1.76334	7.1967	200
3490	3.51177	1.92347	7.04316	200
3491	3.41117	2.06585	6.89183	200
3492	4.16783	2.12069	6.77833	200
3493	4.06657	2.16995	6.66534	200
3494	4.12847	2.20052	6.55963	200
3495	4.14111	2.21869	6.45886	200
3496	4.02876	2.23631	6.35761	200
3497	4.11685	2.23668	6.26424	200
3498	4.07976	2.23233	6.17322	200
3499	4.72955	2.16661	6.11307	200
3500	4.77448	2.11485	6.07124	200
3501	4.85351	2.05878	6.03318	200
3502	4.81317	2.00636	5.99506	200
3503	4.85737	1.95207	5.95951	200
3504	4.88413	1.89727	5.9259	200
3505	4.76131	1.85148	5.8895	200
3506	4.81173	1.80312	5.85582	200
3507	5.48508	1.7136	5.84424	200
3508	5.45848	1.63061	5.83218	200
3509	5.43303	1.55364	5.81971	200
3510	5.4948	1.47685	5.80955	200
3511	5.47885	1.40521	5.79922	200
3512	5.50866	1.33554	5.79014	200
3513	5.49983	1.27022	5.78107	200
3514	5.50691	1.20796	5.7725	200
3515	5.49686	1.14969	5.76389	200
3516	6.1954	1.10481	5.77737	200
3517	6.2173	1.07156	5.78837	200
3518	6.20061	1.03859	5.79867	200
3519	6.16146	1.0048	5.80774	200
3520	6.14663	0.971508	5.81621	200
3521	6.06359	0.935301	5.8224	200
3522	6.24175	0.909503	5.83288	200
3523	6.18896	0.881831	5.84178	200
3524	6.27652	0.859476	5.85265	200
3525	6.20453	0.834096	5.86145	200
3526	6.83056	0.840846	5.88567	200
3527	6.78497	0.843768	5.90815	200
3528	6.83261	0.847802	5.93127	200
3529	6.81708	0.849702	5.95341	200
3530	6.88521	0.853806	5.97671	200
3531	6.83647	0.854103	5.9982	200
3532	6.79011	0.850993	6.018	200
3533	6.80993	0.848039	6.0378	200
3534	6.77632	0.842563	6.05626	200
3535	6.8001	0.837626	6.07485	200
3536	6.88193	0.836098	6.09503	200
3537	7.54178	0.86663	6.1312	200
3538	7.53094	0.888842	6.16036	200
3539	7.59278	0.911491	6.1902	200
3540	7.73367	0.937823	6.22236	200
3541	7.59847	0.956085	6.25103	200
3542	7.542	0.970038	6.27792	200
3543	7.58443	0.984057	6.30514	200
3544	7.60496	0.997213	6.33222	200
3545	7.6013	1.00854	6.35866	200
3546	7.60314	1.01837	6.38458	200
3547	7.53146	1.02372	6.40848	200
3548	7.66162	1.03328	6.43458	200
3549	8.31577	1.06861	6.47377	200
3550	8.25204	1.09818	6.51082	200
3551	8.24046	1.12449	6.54685	200
3552	8.06652	1.14095	6.57851	200
3553	8.21444	1.16158	6.61259	200
3554	8.29487	1.18327	6.64764	200
3555	8.20663	1.19893	6.68012	200
3556	8.3468	1.21842	6.71484	200
3557	8.31866	1.23447	6.74825	200
3558	8.34047	1.24938	6.78142	200
3559	8.30521	1.26081	6.81317	200
3560	8.19194	1.26573	6.84189	200
3561	8.83723	1.29613	6.88346	200
3562	8.92294	1.32267	6.91988	200
3563	8.91972	1.34686	6.95559	200
3564	8.89591	1.36805	6.99024	200
3565	8.93497	1.38865	7.02497	200
3566	8.88845	1.40561	7.05824	200
3567	8.87205	1.42018	7.09063	200
3568	9.04978	1.43943	7.12562	200
3569	8.85841	1.44991	7.15656	200
3570	8.78694	1.45635	7.18567	200
3571	8.78815	1.46157	7.21429	200
3572	8.85952	1.46813	7.24367	200
3573	8.89539	1.47469	7.27316	200
3574	8.86909	1.47902	7.30166	200
3575	9.54394	1.50628	7.3417	200
3576	9.56639	1.53193	7.38143	200
3577	9.66249	1.55869	7.42216	200
3578	9.58109	1.58012	7.46071	200
3579	9.58852	1.59968	7.49871	200
3580	9.58339	1.617	7.53593	200
3581	9.60188	1.63571	7.57897	200
3582	9.48449	1.64695	7.61867	200
3583	9.64471	1.66591	7.66932	200
3584	9.67119	1.6827	7.71937	200
3585	9.60064	1.69511	7.77815	200
3586	9.72419	1.7108	7.83897	200
3587	9.59206	1.71344	7.89375	200
3588	9.63279	1.71504	7.9481	200
3589	9.61741	1.71218	8.00026	200
3590	10.3384	1.7513	8.07333	200
3591	10.3391	1.78346	8.14413	200
3592	10.293	1.8063	8.21129	200
3593	10.334	1.82607	8.27762	200
3594	5.4912	1.88609	8.19054	200
3595	5.47804	1.93774	8.10578	200
3596	5.47312	1.98117	8.02351	200
3597	5.48642	2.01592	7.94422	200
3598	5.49279	2.04313	7.86761	200
3599	6.15069	2.02275	7.81396	200
3600	6.15197	2.00471	7.77241	200
3601	6.21677	1.98225	7.73352	200
3602	6.20361	1.95964	7.69527	200
3603	6.16505	1.93816	7.65701	200
3604	6.19031	1.91459	7.62035	200
3605	6.19442	1.89016	7.5847	200
3606	6.17729	1.86602	7.54951	200
3607	6.13421	1.84348	7.51413	200
3608	6.15608	1.81921	7.48018	200
3609	6.94817	1.75485	7.46687	200
3610	6.8384	1.69853	7.45116	200
3611	6.82741	1.64479	7.43557	200
3612	6.80393	1.59413	7.41978	200
3613	6.79298	1.54577	7.40411	200
3614	6.91743	1.49281	7.39194	200
3615	6.85766	1.44488	7.37858	200
3616	6.84429	1.39935	7.36522	200
3617	6.87042	1.35413	7.35285	200
3618	6.86796	1.31066	7.34073	200
3619	6.80877	1.27173	7.32743	200
3620	7.49343	1.21644	7.33158	200
3621	7.54564	1.17467	7.33604	200
3622	7.5267	1.13367	7.34001	200
3623	7.53811	1.09469	7.34414	200
3624	7.52882	1.05677	7.34798	200
3625	7.47982	1.01823	7.35073	200
3626	7.51039	0.982459	7.35406	200
3627	7.56621	0.950363	7.35848	200
3628	7.53875	0.918275	7.36223	200
3629	7.60471	0.890116	7.36728	200
3630	7.50785	0.858885	7.37021	200
3631	7.50162	0.828573	7.37295	200
3632	8.21955	0.829324	7.39058	200
3633	8.22972	0.829732	7.40806	200
3634	8.21557	0.828806	7.42489	200
3635	8.28235	0.83	7.44275	200
3636	8.28331	0.830439	7.46026	200
3637	8.28319	0.830125	7.47741	200
3638	8.31156	0.830292	7.49478	200
3639	8.25749	0.827475	7.51067	200
3640	8.29478	0.825668	7.52701	200
3641	8.21933	0.820112	7.54143	200
3642	8.22892	0.814586	7.55575	200
3643	8.28658	0.811096	7.57098	200
3644	8.21608	0.804179	7.58442	200
3645	8.90138	0.825544	7.61185	200
3646	8.917	0.842672	7.63516	200
3647	9.0111	0.861717	7.65973	200
3648	8.89367	0.87501	7.68176	200
3649	8.87584	0.886405	7.70308	200
3650	8.87544	0.896617	7.72402	200
3651	8.85258	0.9049	7.74417	200
3652	8.89068	0.914967	7.76806	200
3653	8.84285	0.921626	7.79045	200
3654	8.88355	0.930199	7.81777	200
3655	9.0126	0.94343	7.84764	200
3656	8.87251	0.948519	7.87967	200
3657	8.91592	0.954002	7.91205	200
3658	8.96274	0.960044	7.94489	200
3659	9.58986	1.00285	7.99629	200
3660	9.60792	1.0409	8.04665	200
3661	9.58962	1.07228	8.09487	200
3662	9.61957	1.10055	8.14252	200
3663	9.60029	1.12288	8.18807	200
3664	9.62153	1.14229	8.23287	200
3665	5.49725	1.24187	8.14738	200
3666	5.42578	1.33435	8.06233	200
3667	5.48133	1.41227	7.98167	200
3668	5.53725	1.47678	7.90528	200
3669	5.40171	1.54095	7.82704	200
3670	5.46305	1.59239	7.75317	200
3671	5.56762	1.62946	7.68487	200
3672	5.51029	1.66353	7.61691	200
3673	5.51548	1.6909	7.55124	200
3674	6.16304	1.67198	7.50786	200
3675	6.17813	1.65487	7.47462	200
3676	6.25503	1.6331	7.44413	200
3677	6.1386	1.61672	7.41149	200
3678	6.19247	1.59684	7.38101	200
3679	6.17492	1.5773	7.35086	200
3680	6.1006	1.56095	7.3196	200
3681	6.1886	1.53945	7.29133	200
3682	6.1859	1.51775	7.26369	200
3683	6.17082	1.4965	7.23637	200
3684	6.90668	1.43816	7.22813	200
3685	6.86654	1.38433	7.21909	200
3686	6.83396	1.33437	7.20946	200
3687	6.88198	1.28403	7.20127	200
3688	6.82404	1.23869	7.19184	200
3689	6.86655	1.19302	7.18371	200
3690	6.97932	1.14359	7.1786	200
3691	6.79791	1.10544	7.16908	200
3692	6.82798	1.06722	7.16055	200
3693	6.89002	1.02739	7.15379	200
3694	6.83722	0.991845	7.14587	200
3695	7.55629	0.962773	7.15613	200
3696	7.55512	0.939282	7.16444	200
3697	7.50122	0.914177	7.17146	200
3698	7.56	0.892275	7.17955	200
3699	7.54641	0.870382	7.1872	200
3700	7.58448	0.850669	7.19547	200
3701	7.51973	0.828735	7.20223	200
3702	7.75627	0.817289	7.21377	200
3703	7.53957	0.79681	7.22056	200
3704	7.53003	0.776504	7.227	200
3705	7.54037	0.757206	7.23353	200
3706	7.51703	0.737468	7.23944	200
3707	8.24347	0.748574	7.26035	200
3708	8.28371	0.760023	7.28167	200
3709	8.24577	0.768526	7.30176	200
3710	8.22522	0.774981	7.32099	200
3711	8.27624	0.782492	7.3409	200
3712	8.20518	0.7859	7.3589	200
3713	8.15109	0.786162	7.3754	200
3714	8.0602	0.781938	7.38967	200
3715	8.27524	0.786256	7.40812	200
3716	8.33091	0.791944	7.42734	200
3717	8.28757	0.794789	7.44527	200
3718	8.27228	0.796131	7.46249	200
3719	8.23183	0.795014	7.47852	200
3720	8.88584	0.820526	7.50784	200
3721	8.96863	0.843392	7.53392	200
3722	8.94127	0.863533	7.55906	200
3723	8.91775	0.881217	7.58332	200
3724	8.94358	0.898325	7.60761	200
3725	8.9663	0.914766	7.63187	200
3726	8.99562	0.930801	7.65622	200
3727	8.90803	0.942265	7.67858	200
3728	8.913	0.952699	7.70062	200
3729	8.8315	0.959062	7.72081	200
3730	8.85034	0.96515	7.74098	200
3731	8.89672	0.971956	7.76162	200
3732	8.88502	0.977364	7.78168	200
3733	8.95425	0.984335	7.80262	200
3734	9.66148	1.01557	7.83581	200
3735	9.57907	1.04156	7.86694	200
3736	9.65038	1.06805	7.89879	200
3737	9.65493	1.09262	7.93015	200
3738	9.56188	1.11188	7.95928	200
3739	9.5742	1.12984	7.98812	200
3740	9.55899	1.14559	8.01617	200
3741	9.60741	1.16151	8.04459	200
3742	9.63729	1.17691	8.07303	200
3743	9.67483	1.19208	8.10163	200
3744	9.59775	1.20294	8.12835	200
3745	9.60367	1.21267	8.15469	200
3746	9.58853	1.22057	8.18029	200
3747	9.56335	1.22637	8.20499	200
3748	9.56411	1.23111	8.22926	200
3749	10.2261	1.25846	8.26492	200
3750	10.3241	1.28348	8.29709	200
3751	10.3018	1.30602	8.32842	200
3752	10.2537	1.32537	8.3585	200
3753	10.3484	1.34614	8.38959	200
3754	10.3113	1.36412	8.41962	200
3755	10.2931	1.38004	8.44889	200
3756	10.3101	1.39508	8.47797	200
3757	10.3215	1.41109	8.51089	200
3758	10.2693	1.4235	8.54229	200
3759	10.291	1.43705	8.57872	200
3760	10.3509	1.45101	8.61564	200
3761	10.412	1.46828	8.66055	200
3762	10.362	1.47994	8.70309	200
3763	10.3655	1.49134	8.75504	200
3764	10.3545	1.4981	8.80502	200
3765	11.0532	1.54498	8.87527	200
3766	11.007	1.58165	8.94189	200
3767	11.0267	1.61309	9.00704	200
3768	11.0282	1.6386	9.0702	200
3769	11.0038	1.65704	9.13063	200
3770	11.0975	1.6764	9.19209	200
3771	11.0304	1.68652	9.24953	200
3772	6.1833	1.77275	9.15372	200
3773	6.18896	1.84725	9.06107	200
3774	6.19243	1.89832	8.98935	200
3775	6.17456	1.94414	8.91898	200
3776	6.14395	1.98569	8.8496	200
3777	6.16219	2.02077	8.78242	200
3778	6.14831	2.05144	8.71656	200
3779	6.1125	2.07907	8.65146	200
3780	6.15419	2.09998	8.58903	200
3781	6.13491	2.11768	8.52768	200
3782	6.14541	2.13091	8.46812	200
3783	6.87113	2.10422	8.4282	200
3784	6.85238	2.0778	8.3888	200
3785	6.81158	2.05277	8.34937	200
3786	6.8893	2.02313	8.31287	200
3787	6.88366	1.99344	8.27714	200
3788	6.87601	1.96382	8.24211	200
3789	6.88248	1.93361	8.20812	200
3790	6.90438	1.90212	8.17552	200
3791	6.83406	1.87408	8.14199	200
3792	6.89812	1.84257	8.11089	200
3793	6.86415	1.81278	8.07972	200
3794	7.55169	1.74854	8.06652	200
3795	7.6018	1.69505	8.05684	200
3796	7.54442	1.64577	8.04616	200
3797	7.56217	1.59736	8.03608	200
3798	7.56722	1.55034	8.02631	200
3799	7.54399	1.50584	8.01626	200
3800	7.52827	1.46343	8.00609	200
3801	7.55607	1.4212	7.99672	200
3802	7.6004	1.3785	7.98846	200
3803	7.55721	1.33903	7.97947	200
3804	7.59905	1.29909	7.97155	200
3805	7.57544	1.26146	7.96329	200
3806	8.22372	1.21975	7.96872	200
3807	8.16279	1.17701	7.97276	200
3808	8.27706	1.14065	7.9791	200
3809	8.23142	1.10364	7.98436	200
3810	8.242	1.06839	7.98972	200
3811	8.26694	1.03542	7.9955	200
3812	8.24464	1.00266	8.00069	200
3813	8.23987	0.970846	8.00567	200
3814	8.29547	0.942468	8.01171	200
3815	8.22363	0.912028	8.01612	200
3816	8.21346	0.882249	8.02023	200
3817	8.35447	0.859415	8.0272	200
3818	8.8871	0.859435	8.04511	200
3819	8.98072	0.862155	8.06182	200
3820	8.91201	0.861727	8.077	200
3821	8.94582	0.86198	8.09252	200
3822	8.87571	0.859166	8.1065	200
3823	8.88642	0.856335	8.12043	200
3824	8.94412	0.855169	8.13514	200
3825	8.90336	0.852063	8.14885	200
3826	8.89656	0.848336	8.1622	200
3827	8.82173	0.841592	8.17398	200
3828	8.92105	0.838216	8.18732	200
3829	8.9086	0.834039	8.2002	200
3830	8.7687	0.824555	8.21035	200
3831	8.88878	0.819336	8.22246	200
3832	9.61749	0.839896	8.24738	200
3833	9.579	0.857457	8.27115	200
3834	9.58898	0.873898	8.29469	200
3835	9.58909	0.888915	8.3178	200
3836	9.67457	0.905624	8.34203	200
3837	9.60066	0.918231	8.3645	200
3838	9.5716	0.928547	8.38606	200
3839	9.65254	0.940616	8.40867	200
3840	9.62388	0.950422	8.43037	200
3841	9.64703	0.961515	8.45572	200
3842	9.58897	0.96867	8.47933	200
3843	9.58183	0.975361	8.50689	200
3844	9.58911	0.980704	8.53395	200
3845	9.63108	0.987981	8.56823	200
3846	9.63607	0.992971	8.6016	200
3847	10.3103	1.0377	8.655	200
3848	10.2416	1.07201	8.70458	200
3849	10.335	1.10691	8.75553	200
3850	10.361	1.13807	8.8057	200
3851	10.2894	1.15967	8.85206	200
3852	10.3344	1.17984	8.89839	200
3853	10.3312	1.19565	8.94316	200
3854	5.47891	1.33743	8.8349	200
3855	5.47002	1.46415	8.72975	200
3856	5.5487	1.57146	8.63034	200
3857	5.51433	1.66799	8.53297	200
3858	6.16917	1.71148	8.4591	200
3859	6.08377	1.74467	8.39971	200
3860	6.13522	1.77066	8.3431	200
3861	6.16223	1.79117	8.28858	200
3862	6.14271	1.8089	8.23493	200
3863	6.15409	1.8225	8.18291	200
3864	6.14622	1.83321	8.13199	200
3865	6.14427	1.84093	8.0823	200
3866	6.25888	1.84006	8.03671	200
3867	6.15093	1.84292	7.97778	200
3868	6.827	1.79966	7.94182	200
3869	6.90613	1.73599	7.89866	200
3870	6.86627	1.67736	7.85565	200
3871	6.87477	1.61932	7.81478	200
3872	6.86372	1.56363	7.77515	200
3873	6.88203	1.50775	7.73794	200
3874	6.99638	1.4439	7.70704	200
3875	6.84904	1.39508	7.67129	200
3876	4.18387	1.56944	7.52598	200
3877	4.09009	1.72497	7.38281	200
3878	4.10943	1.85401	7.24642	200
3879	4.18774	1.9544	7.11898	200
3880	3.96636	2.05425	6.98762	200
3881	4.10769	2.12305	6.86762	200
3882	4.08814	2.17776	6.75181	200
3883	4.7879	2.16439	6.69043	200
3884	4.81754	2.14617	6.63191	200
3885	4.82968	2.12467	6.57559	200
3886	4.69503	2.10942	6.51682	200
3887	4.85906	2.08119	6.46501	200
3888	4.83341	2.05309	6.41403	200
3889	4.74087	2.02934	6.36174	200
3890	5.41546	1.96165	6.33217	200
3891	5.4733	1.89272	6.30533	200
3892	5.49805	1.82488	6.2801	200
3893	5.49755	1.75974	6.25564	200
3894	5.56752	1.69276	6.23414	200
3895	5.42877	1.6373	6.20897	200
3896	5.45926	1.58182	6.18554	200
3897	5.48048	1.52703	6.16351	200
3898	5.49753	1.47321	6.1427	200
3899	6.1895	1.38406	6.14416	200
3900	6.12629	1.31575	6.14371	200
3901	6.18958	1.25225	6.14486	200
3902	6.16235	1.19052	6.14529	200
3903	6.08207	1.13415	6.14371	200
3904	6.18791	1.07965	6.14482	200
3905	6.17737	1.0273	6.14563	200
3906	6.23334	0.980318	6.14782	200
3907	6.2209	0.934956	6.14965	200
3908	6.18374	0.889912	6.1505	200
3909	6.86503	0.881142	6.16836	200
3910	6.91155	0.874244	6.18694	200
3911	6.81274	0.861821	6.20259	200
3912	6.8438	0.85079	6.21862	200
3913	6.87776	0.841207	6.2351	200
3914	6.84654	0.829718	6.25038	200
3915	6.83334	0.817379	6.26495	200
3916	6.83749	0.805136	6.27927	200
3917	6.81011	0.791421	6.29254	200
3918	6.86989	0.780717	6.30697	200
3919	6.88522	0.770593	6.32143	200
3920	7.55473	0.793728	6.35226	200
3921	7.52626	0.809572	6.37672	200
3922	7.58808	0.826313	6.40195	200
3923	7.55146	0.839779	6.4259	200
3924	7.52236	0.850474	6.44874	200
3925	7.59106	0.862634	6.47254	200
3926	7.6005	0.873689	6.49604	200
3927	7.54684	0.881068	6.51793	200
3928	7.57556	0.888424	6.53996	200
3929	7.5402	0.893082	6.5608	200
3930	7.5388	0.89662	6.58118	200
3931	7.61315	0.902259	6.60268	200
3932	8.22774	0.932375	6.63653	200
3933	8.25469	0.960949	6.67024	200
3934	8.24125	0.986368	6.70297	200
3935	8.30641	1.01208	6.73638	200
3936	8.38232	1.03849	6.77067	200
3937	8.21313	1.05532	6.80072	200
3938	8.19556	1.06947	6.82978	200
3939	8.18905	1.08154	6.85809	200
3940	8.26364	1.09504	6.88738	200
3941	8.31249	1.10879	6.91707	200
3942	8.21068	1.11649	6.94402	200
3943	8.15465	1.12042	6.96924	200
3944	8.27143	1.12799	6.99636	200
3945	8.94222	1.16207	7.0369	200
3946	8.8817	1.18645	7.06984	200
3947	8.89347	1.20921	7.10241	200
3948	8.88604	1.22972	7.13426	200
3949	8.79858	1.24524	7.16398	200
3950	9.04785	1.26805	7.19762	200
3951	8.95007	1.28535	7.22891	200
3952	9.13754	1.30761	7.26299	200
3953	9.37772	1.33643	7.30075	200
3954	9.08371	1.35238	7.33259	200
3955	9.12927	1.36825	7.36468	200
3956	9.09892	1.38132	7.39564	200
3957	9.16641	1.39522	7.42726	200
3958	9.15252	1.40701	7.45807	200
3959	9.75726	1.43887	7.49913	200
3960	9.79747	1.46957	7.54017	200
3961	9.78636	1.49731	7.58028	200
3962	9.78781	1.52267	7.6197	200
3963	9.81576	1.54672	7.65891	200
3964	9.718	1.56502	7.69568	200
3965	9.77738	1.58347	7.73286	200
3966	9.62561	1.59451	7.76666	200
3967	9.33555	1.5936	7.79467	200
3968	9.54633	1.59924	7.82595	200
3969	9.64874	1.60723	7.8585	200
3970	9.67618	1.61474	7.89096	200
3971	9.53917	1.61594	7.92039	200
3972	9.58112	1.61754	7.95004	200
3973	9.70148	1.62232	7.98132	200
3974	10.2813	1.64652	8.02239	200
3975	10.2433	1.66447	8.05709	200
3976	10.3059	1.68273	8.09223	200
3977	10.2853	1.69868	8.12649	200
3978	10.239	1.71161	8.1595	200
3979	10.356	1.72676	8.19382	200
3980	10.3483	1.74012	8.22748	200
3981	10.2914	1.75024	8.25973	200
3982	10.2945	1.75913	8.29152	200
3983	10.3978	1.76998	8.32443	200
3984	10.285	1.77594	8.35507	200
3985	10.2877	1.78083	8.38526	200
3986	10.2905	1.78472	8.41503	200
3987	10.4586	1.79281	8.44696	200
3988	10.2848	1.79422	8.47568	200
3989	10.4254	1.79907	8.50614	200
3990	11.1222	1.82461	8.54702	200
3991	11.097	1.84728	8.58686	200
3992	11.2223	1.87191	8.62804	200
3993	11.0161	1.88804	8.66535	200
3994	11.0184	1.90257	8.70212	200
3995	10.9495	1.91334	8.73724	200
3996	10.9919	1.92401	8.77246	200
3997	11.0123	1.93388	8.80746	200
3998	11.06	1.94383	8.84266	200
3999	10.9802	1.94989	8.87605	200
4000	11.0084	1.95559	8.90937	200
4001	10.952	1.95831	8.94129	200
4002	11.0773	1.96386	8.97466	200
4003	10.806	1.95972	9.00328	200
4004	10.9522	1.95938	9.03373	200
4005	11.0099	1.9599	9.0646	200
4006	10.8977	1.95594	9.09324	200
4007	11.589	1.97281	9.13224	200
4008	11.652	1.988	9.16724	200
4009	11.4595	1.99645	9.19907	200
4010	11.7505	2.01187	9.23451	200
4011	11.6502	2.02309	9.26806	200
4012	11.6122	2.032	9.30062	200
4013	11.6274	2.04019	9.33293	200
4014	11.5725	2.04573	9.36404	200
4015	11.598	2.05096	9.39506	200
4017	10.9835	2.03811	9.41713	200
4019	10.2197	2.00379	9.42827	200
4020	10.3123	1.97268	9.44055	200
4021	10.3033	1.94185	9.45253	200
4022	10.1765	1.90802	9.46259	200
4023	10.3407	1.87941	9.47478	200
4024	10.3429	1.85132	9.48684	200
4025	10.9435	1.84035	9.50707	200
4026	11.0958	1.83337	9.52914	200
4027	10.9818	1.82279	9.54931	200
4028	10.862	1.80862	9.56754	200
4029	11.0547	1.79969	9.5882	200
4030	10.997	1.78883	9.60776	200
4031	11.023	1.77845	9.62742	200
4032	11.0171	1.76765	9.64672	200
4033	10.9991	1.75612	9.6655	200
4034	10.9364	1.74264	9.68315	200
4035	10.9964	1.73071	9.70139	200
4036	10.9707	1.71789	9.71902	200
4037	10.9427	1.70416	9.73602	200
4038	11.0075	1.69214	9.75367	200
4039	10.9354	1.67796	9.77009	200
4040	10.9418	1.6639	9.78636	200
4041	11.0165	1.65185	9.80344	200
4042	10.854	1.63306	9.81986	200
4043	11.0897	1.62171	9.8397	200
4044	11.7727	1.63282	9.87421	200
4045	11.7508	1.64153	9.90772	200
4046	11.6276	1.64479	9.94355	200
4047	11.7137	1.65002	9.98043	200
4048	11.6283	1.64991	10.0216	200
4049	11.7109	1.65187	10.0639	200
4050	11.6914	1.65065	10.1045	200
4051	11.703	1.64804	10.1445	200
4052	11.6901	1.64292	10.1831	200
4053	11.6733	1.63528	10.2204	200
4054	11.7397	1.62948	10.2584	200
4055	11.6604	1.6181	10.2934	200
4056	11.701	1.60758	10.3286	200
4057	5.44071	1.77159	10.2064	200
4058	5.4578	1.92044	10.0877	200
4059	5.54909	2.05135	9.97424	200
4060	5.53156	2.17092	9.86317	200
4061	5.50886	2.28009	9.75431	200
4062	6.20635	2.34348	9.66561	200
4063	6.11143	2.40402	9.57676	200
4064	6.21609	2.45185	9.49274	200
4065	6.14542	2.48916	9.423	200
4066	6.274	2.51665	9.3574	200
4067	6.1926	2.54366	9.29147	200
4068	6.09035	2.57105	9.22477	200
4069	6.09142	2.59448	9.1595	200
4070	6.19771	2.60979	9.09779	200
4071	6.18669	2.62234	9.03714	200
4072	6.22699	2.63016	8.9786	200
4073	6.15451	2.63824	8.91976	200
4074	6.82652	2.61553	8.87615	200
4075	6.87505	2.58993	8.83446	200
4076	6.8269	2.56567	8.79264	200
4077	6.88694	2.53817	8.75294	200
4078	6.86988	2.51087	8.7137	200
4079	6.86031	2.48348	8.67509	200
4080	6.80482	2.45792	8.63613	200
4081	6.86662	2.42924	8.59926	200
4082	6.86396	2.40033	8.56311	200
4083	6.83967	2.37212	8.52721	200
4084	6.87139	2.34227	8.49271	200
4085	6.91725	2.31032	8.45989	200
4086	6.8338	2.28181	8.42601	200
4087	7.78447	2.21347	8.41264	200
4088	7.62465	2.15407	8.39623	200
4089	7.63697	2.09596	8.38041	200
4090	7.73873	2.04402	8.36895	200
4091	7.69095	1.99523	8.35684	200
4092	7.62185	1.95022	8.34372	200
4093	7.66689	1.90474	8.33163	200
4094	7.69703	1.85938	8.3203	200
4095	7.66485	1.81638	8.30859	200
4096	7.6126	1.77637	8.29616	200
4097	7.6272	1.73681	8.28422	200
4098	7.39294	1.70662	8.2683	200
4099	7.518	1.67246	8.2549	200
4100	7.58298	1.63673	8.2429	200
4101	8.23896	1.57841	8.24283	200
4102	8.20776	1.52329	8.2422	200
4103	8.22299	1.46958	8.24186	200
4104	8.24055	1.41714	8.24184	200
4105	8.32119	1.36936	8.24325	200
4106	8.22713	1.32103	8.24296	200
4107	8.20631	1.27516	8.24231	200
4108	8.23309	1.22995	8.24215	200
4109	8.31108	1.18848	8.24338	200
4110	8.29329	1.14782	8.24427	200
4111	8.24469	1.10684	8.24427	200
4112	8.25726	1.06777	8.2445	200
4113	8.36423	1.03391	8.24664	200
4114	8.32173	0.999669	8.24798	200
4115	8.26587	0.964605	8.2483	200
4116	8.93297	0.954607	8.26053	200
4117	8.97285	0.945954	8.27325	200
4118	8.91156	0.934966	8.28464	200
4119	8.95138	0.926583	8.29506	200
4120	8.98068	0.919052	8.30577	200
4121	8.88143	0.90832	8.31477	200
4122	8.91995	0.898846	8.32422	200
4123	8.87594	0.887998	8.33284	200
4124	8.90853	0.878238	8.34184	200
4125	8.89822	0.86818	8.35053	200
4126	8.84685	0.856559	8.35828	200
4127	8.77949	0.842954	8.36486	200
4128	8.91429	0.833781	8.37345	200
4129	8.8883	0.823814	8.38149	200
4130	8.84675	0.812609	8.38876	200
4131	8.96489	0.805219	8.39776	200
4132	9.50307	0.814596	8.41503	200
4133	9.60102	0.826201	8.43356	200
4134	9.76441	0.841971	8.45436	200
4135	9.62886	0.852362	8.47271	200
4136	9.59873	0.860913	8.4903	200
4137	9.60762	0.868925	8.50776	200
4138	9.66374	0.877895	8.52582	200
4139	9.61968	0.884643	8.54291	200
4140	9.61831	0.890604	8.55972	200
4141	9.70435	0.898542	8.5776	200
4142	9.67349	0.904709	8.59472	200
4143	9.65236	0.91017	8.61361	200
4144	9.62679	0.913848	8.6317	200
4145	9.53832	0.913546	8.65059	200
4146	9.69143	0.918849	8.67227	200
4147	9.58136	0.91836	8.695	200
4148	9.50053	0.912718	8.71514	200
4149	10.2244	0.950001	8.7623	200
4150	10.3138	0.987597	8.81079	200
4151	10.274	1.01732	8.85651	200
4152	10.2747	1.04238	8.90083	200
4153	10.3548	1.0681	8.94627	200
4154	10.3612	1.08544	8.98164	200
4155	10.2582	1.09499	9.01355	200
4156	4.88009	1.24692	8.91021	200
4157	4.83322	1.38842	8.80829	200
4158	4.87322	1.51575	8.70991	200
4159	4.89061	1.63093	8.61443	200
4160	4.77671	1.74127	8.51849	200
4161	5.39669	1.81029	8.44044	200
4162	5.49445	1.86708	8.36679	200
4163	5.51468	1.91633	8.29549	200
4164	5.31525	1.96952	8.22098	200
4165	5.4752	2.00834	8.15234	200
4166	5.43886	2.04359	8.0845	200
4167	5.44868	2.0732	8.0186	200
4168	5.46799	2.09707	7.95484	200
4169	5.56078	2.11192	7.89499	200
4170	5.41496	2.13033	7.83298	200
4171	5.48937	2.14099	7.77439	200
4172	6.15769	2.11478	7.73398	200
4173	6.19417	2.08603	7.69548	200
4174	6.23667	2.05467	7.65901	200
4175	6.17228	2.031	7.62803	200
4176	6.17262	2.00702	7.59771	200
4177	6.14884	1.98376	7.56753	200
4178	6.21735	1.95736	7.5394	200
4179	6.21832	1.93085	7.51188	200
4180	6.15939	1.90675	7.4837	200
4181	6.16929	1.88207	7.45632	200
4182	6.28073	1.85263	7.43182	200
4183	6.07951	1.83178	7.40365	200
4184	6.7694	1.78189	7.39044	200
4185	6.88399	1.72874	7.37988	200
4186	6.83449	1.67944	7.36852	200
4187	6.8484	1.63113	7.35768	200
4188	6.72583	1.58949	7.34452	200
4189	6.93408	1.54037	7.33597	200
4190	6.84975	1.49644	7.32584	200
4191	6.88546	1.45244	7.31666	200
4192	6.75192	1.41545	7.3049	200
4193	7.02235	1.36825	7.29901	200
4194	6.90915	1.32748	7.29089	200
4195	6.82369	1.29164	7.28115	200
4196	6.91874	1.25292	7.2736	200
4197	7.55625	1.21249	7.27949	200
4198	7.55589	1.17348	7.28525	200
4199	7.52487	1.13457	7.29024	200
4200	7.45053	1.09978	7.2931	200
4201	7.63843	1.07283	7.29927	200
4202	7.82317	1.05323	7.30862	200
4203	7.61069	1.0264	7.31402	200
4204	7.38558	0.992298	7.31529	200
4205	7.57445	0.966114	7.31992	200
4206	7.52131	0.938802	7.32352	200
4207	7.51053	0.911952	7.32686	200
4208	7.61429	0.889647	7.33199	200
4209	7.53637	0.865173	7.33564	200
4210	7.70858	0.847593	7.3423	200
4211	8.31725	0.852141	7.35971	200
4212	8.26925	0.85419	7.37595	200
4213	8.22473	0.853996	7.3911	200
4214	7.9707	0.844196	7.40145	200
4215	8.18051	0.841869	7.41536	200
4216	8.2746	0.842489	7.43071	200
4217	8.17844	0.839104	7.44406	200
4218	8.25467	0.838086	7.45853	200
4219	8.21428	0.835145	7.47203	200
4220	8.28676	0.834415	7.48658	200
4221	8.31038	0.834035	7.50129	200
4222	8.13913	0.827028	7.51268	200
4223	8.16169	0.82067	7.52427	200
4224	8.29171	0.818452	7.54025	200
4225	8.88035	0.840186	7.56817	200
4226	8.86912	0.863223	7.60069	200
4227	8.90982	0.885518	7.63342	200
4228	9.00023	0.915598	7.67614	200
4229	8.99476	0.940787	7.71734	200
4230	8.96378	0.95989	7.75629	200
4231	8.93924	0.973831	7.79326	200
4232	9.09348	0.99423	7.83389	200
4233	8.82104	0.993787	7.86474	200
4234	8.84413	0.992886	7.89534	200
4235	4.19392	1.16217	7.77968	200
4236	4.08203	1.32064	7.66412	200
4237	4.32664	1.44669	7.55983	200
4238	3.96683	1.58083	7.44754	200
4239	4.61673	1.65895	7.35908	200
4240	4.77105	1.71702	7.2782	200
4241	4.8283	1.76283	7.20164	200
4242	4.61559	1.80399	7.13699	200
4243	4.84244	1.82852	7.07963	200
4244	4.60722	1.86071	7.01782	200
4245	4.81508	1.87781	6.96275	200
4246	4.87034	1.88854	6.91044	200
4247	4.8309	1.89809	6.85845	200
4248	4.77057	1.90758	6.80625	200
4249	5.51797	1.87661	6.77404	200
4250	5.45644	1.84866	6.7411	200
4251	5.54341	1.81611	6.71116	200
4252	5.47526	1.7871	6.68026	200
4253	5.48198	1.75766	6.6503	200
4254	5.52669	1.72596	6.62221	200
4255	5.54359	1.69359	6.59525	200
4256	5.51692	1.66283	6.56829	200
4257	5.44501	1.63585	6.54021	200
4258	5.52743	1.60469	6.51489	200
4259	5.39041	1.58068	6.48677	200
4260	6.0792	1.52203	6.47658	200
4261	6.24037	1.45774	6.47068	200
4262	6.1682	1.39997	6.46312	200
4263	6.07691	1.35773	6.45507	200
4264	6.10867	1.31559	6.44785	200
4265	6.18443	1.27175	6.44236	200
4266	6.18506	1.22948	6.437	200
4267	6.13084	1.19101	6.43062	200
4268	6.17985	1.15183	6.4254	200
4269	6.18778	1.11374	6.42045	200
4270	6.13484	1.07923	6.4145	200
4271	6.21205	1.0427	6.41028	200
4272	6.90603	1.01991	6.42061	200
4273	6.90118	0.997438	6.43062	200
4274	6.89016	0.975025	6.44019	200
4275	6.84414	0.95123	6.44861	200
4276	6.87049	0.929174	6.45739	200
4277	6.88333	0.908205	6.46627	200
4278	6.87802	0.887519	6.47485	200
4279	6.89399	0.868003	6.48358	200
4280	6.85639	0.847369	6.49134	200
4281	6.81989	0.825751	6.49819	200
4282	6.85116	0.806052	6.50554	200
4283	6.85499	0.787027	6.51282	200
4284	7.52718	0.796499	6.53395	200
4285	7.51674	0.80426	6.55443	200
4286	7.59355	0.814045	6.57608	200
4287	7.63515	0.822796	6.59499	200
4288	7.54685	0.827405	6.61198	200
4289	7.52363	0.830413	6.62826	200
4290	7.59157	0.835159	6.64546	200
4291	7.63306	0.840603	6.6631	200
4292	7.6755	0.846738	6.68118	200
4293	7.54563	0.84737	6.69661	200
4294	7.62629	0.850309	6.71321	200
4295	7.53084	0.849141	6.72781	200
4296	7.55026	0.848187	6.7425	200
4297	7.58158	0.847861	6.75748	200
4298	8.24217	0.870604	6.78399	200
4299	8.26703	0.892476	6.81048	200
4300	8.45063	0.919178	6.83976	200
4301	8.35965	0.940631	6.86691	200
4302	8.27012	0.957151	6.89196	200
4303	8.22799	0.970682	6.91582	200
4304	8.23269	0.983045	6.93933	200
4305	8.32392	0.997385	6.96406	200
4306	8.25644	1.00792	6.98714	200
4307	8.39635	1.02225	7.0123	200
4308	8.37653	1.03446	7.03666	200
4309	8.28527	1.04211	7.05896	200
4310	11.1026	1.14931	7.13116	200
4311	11.0125	1.24688	7.20047	200
4312	10.9314	1.33559	7.2671	200
4313	11.6237	1.44349	7.34489	200
4314	11.6924	1.53424	7.41282	200
4315	11.7523	1.6219	7.48062	200
4316	11.7127	1.70346	7.54675	200
4317	11.6818	1.77945	7.61136	200
4318	11.6572	1.85027	7.67457	200
4319	11.652	1.91675	7.73672	200
4320	11.6444	1.97896	7.79778	200
4321	11.7556	2.0408	7.85962	200
4322	11.7966	2.10006	7.92113	200
4323	11.6956	2.15986	7.98853	200
4324	10.8018	2.18319	8.03877	200
4325	10.3647	2.18914	8.08723	200
4326	10.3656	2.19286	8.1347	200
4327	10.2808	2.19052	8.18835	200
4328	10.2963	2.18639	8.24104	200
4329	10.9848	2.22123	8.32679	200
4330	11.0545	2.25288	8.41203	200
4331	10.9463	2.27047	8.49122	200
4332	11.0613	2.2892	8.57154	200
4333	11.0051	2.29822	8.64759	200
4334	11.0365	2.30389	8.72224	200
4335	10.9958	2.30199	8.79329	200
4336	10.994	2.29566	8.86206	200
4337	10.8902	2.27894	8.92544	200
4338	6.23398	2.29957	8.85815	200
4339	6.1875	2.31812	8.79139	200
4340	6.22588	2.33049	8.72725	200
4341	6.06776	2.34694	8.66076	200
4342	6.19056	2.3531	8.59901	200
4343	6.17859	2.35647	8.53849	200
4344	6.21295	2.35492	8.48036	200
4345	6.1835	2.35202	8.42293	200
4346	6.17609	2.34676	8.36676	200
4347	6.88745	2.30339	8.32978	200
4348	6.85875	2.26177	8.293	200
4349	6.76322	2.22517	8.25476	200
4350	6.7907	2.18711	8.21816	200
4351	6.86848	2.14524	8.18441	200
4352	6.83017	2.10569	8.15056	200
4353	6.84138	2.06586	8.11783	200
4354	6.8835	2.02429	8.08697	200
4355	6.85196	1.98482	8.05609	200
4356	6.91489	1.94264	8.02756	200
4357	6.92095	1.90084	7.9999	200
4358	7.50954	1.83031	7.98764	200
4359	7.46177	1.77596	7.97668	200
4360	7.60328	1.71752	7.9689	200
4361	7.59264	1.66163	7.96106	200
4362	7.58772	1.60796	7.95328	200
4363	7.54989	1.55777	7.94488	200
4364	7.54512	1.50951	7.93655	200
4365	7.56043	1.46229	7.92871	200
4366	7.55054	1.41712	7.92083	200
4367	7.45252	1.37758	7.91108	200
4368	7.41234	1.34096	7.90069	200
4369	7.52887	1.30058	7.89294	200
4370	8.2002	1.25919	7.89934	200
4371	8.25516	1.22155	7.90675	200
4372	8.20068	1.1829	7.91287	200
4373	8.21339	1.14613	7.91913	200
4374	8.19458	1.10986	7.92487	200
4375	8.28243	1.07851	7.93232	200
4376	8.25099	1.04685	7.93896	200
4377	8.25065	1.01622	7.94545	200
4378	8.21825	0.985242	7.95114	200
4379	8.24917	0.956608	7.95735	200
4380	8.31092	0.931481	7.96471	200
4381	8.2618	0.905048	7.9709	200
4382	8.26666	0.879661	7.97706	200
4383	8.95355	0.883695	7.9974	200
4384	8.9255	0.88528	8.01398	200
4385	8.91026	0.885673	8.02998	200
4386	8.95545	0.887094	8.04651	200
4387	8.93732	0.887226	8.06241	200
4388	8.88204	0.884409	8.07949	200
4389	8.88707	0.881207	8.09631	200
4390	8.84697	0.874679	8.11508	200
4391	9.04281	0.877331	8.13827	200
4392	9.03703	0.87867	8.16636	200
4393	8.93025	0.871496	8.19023	200
4394	8.96934	0.863796	8.22269	200
4395	8.96338	0.856101	8.24584	200
4396	8.97827	0.848371	8.26873	200
4397	9.70658	0.885213	8.31366	200
4398	9.71069	0.917201	8.35731	200
4399	9.73825	0.946184	8.40047	200
4400	9.65249	0.965299	8.43959	200
4401	4.78663	1.13328	8.32544	200
4402	5.45623	1.24177	8.23578	200
4403	5.48008	1.33639	8.14966	200
4404	5.45923	1.42102	8.06558	200
4405	5.42825	1.49704	7.98317	200
4406	5.4436	1.5622	7.9038	200
4407	5.40822	1.62053	7.82582	200
4408	5.43993	1.66837	7.75126	200
4409	5.54615	1.70191	7.68235	200
4410	5.502	1.73181	7.61421	200
4411	6.19468	1.71229	7.56985	200
4412	6.20781	1.69478	7.5358	200
4413	6.2049	1.67659	7.50253	200
4414	6.19585	1.65809	7.46986	200
4415	6.16823	1.64027	7.43732	200
4416	6.20701	1.61977	7.40656	200
4417	6.21757	1.59823	7.37684	200
4418	6.10938	1.58169	7.34515	200
4419	6.19071	1.56033	7.31629	200
4420	6.17343	1.53945	7.28772	200
4421	6.96734	1.4785	7.27971	200
4422	6.83167	1.42698	7.2685	200
4423	6.83117	1.36512	7.25484	200
4424	6.91151	1.30126	7.24411	200
4425	6.91742	1.22005	7.2305	200
4426	6.94988	1.14176	7.2188	200
4427	6.82926	1.07908	7.20257	200
4428	6.92084	1.01263	7.19083	200
4429	6.9079	0.951821	7.17904	200
4430	6.85195	0.89976	7.16541	200
4431	7.57553	0.858956	7.1825	200
4432	3.91176	1.05994	7.04622	200
4433	4.13089	1.21455	6.92475	200
4434	4.06365	1.35177	6.80553	200
4435	4.08752	1.46562	6.69228	200
4436	4.13842	1.55631	6.58587	200
4437	4.8269	1.57319	6.51258	200
4438	4.82298	1.58047	6.45978	200
4439	4.80321	1.58523	6.40801	200
4440	4.82004	1.5854	6.35839	200
4441	4.80245	1.58356	6.30976	200
4442	4.76076	1.5814	6.26136	200
4443	4.811	1.5732	6.21603	200
4444	4.85093	1.5602	6.17337	200
4445	5.49124	1.50532	6.15205	200
4446	5.43991	1.45574	6.1298	200
4447	5.46398	1.40637	6.10899	200
4448	5.45878	1.35911	6.08867	200
4449	5.47372	1.3126	6.06945	200
4450	5.49077	1.26673	6.05137	200
4451	5.53817	1.21964	6.03533	200
4452	5.44493	1.18031	6.01688	200
4453	5.52248	1.13744	6.00143	200
4454	6.18542	1.07785	6.00718	200
4455	6.17617	1.0324	6.0114	200
4456	6.19008	0.989717	6.01587	200
4457	6.16689	0.947781	6.01965	200
4458	6.17423	0.90812	6.02351	200
4459	6.18479	0.870778	6.02754	200
4460	6.11201	0.831462	6.02965	200
4461	6.16131	0.796471	6.03294	200
4462	6.11207	0.760603	6.03492	200
4463	6.1449	0.728071	6.03767	200
4464	6.83426	0.731497	6.05759	200
4465	6.88156	0.736121	6.07818	200
4466	6.86903	0.738857	6.09795	200
4467	6.8492	0.739476	6.11674	200
4468	6.88751	0.74104	6.136	200
4469	6.85211	0.739793	6.15391	200
4470	6.866	0.738407	6.17171	200
4471	6.87732	0.736767	6.18935	200
4472	6.87312	0.734117	6.20644	200
4473	6.92334	0.733256	6.22436	200
4474	7.56202	0.763475	6.25781	200
4475	7.56414	0.786094	6.28502	200
4476	7.54146	0.805691	6.3112	200
4477	7.5592	0.82412	6.3372	200
4478	7.57072	0.841178	6.36289	200
4479	7.57629	0.856687	6.38817	200
4480	7.5947	0.871263	6.41331	200
4481	7.5484	0.882255	6.43696	200
4482	7.54792	0.891784	6.4601	200
4483	7.55056	0.900061	6.48282	200
4484	7.50055	0.904963	6.50402	200
4485	7.56682	0.911539	6.52616	200
4486	8.28639	0.9469	6.56283	200
4487	8.22344	0.976637	6.59743	200
4488	8.2534	1.00494	6.63193	200
4489	8.27135	1.03138	6.66608	200
4490	8.34411	1.05832	6.70104	200
4491	8.20136	1.07674	6.7323	200
4492	8.27262	1.09605	6.76439	200
4493	8.22488	1.11124	6.79481	200
4494	8.34285	1.12944	6.82706	200
4495	8.32213	1.14467	6.85821	200
4496	8.27144	1.15586	6.88765	200
4497	8.31356	1.16711	6.91736	200
4498	8.22345	1.1729	6.94457	200
4499	8.85385	1.20358	6.98434	200
4500	8.92812	1.23002	7.01905	200
4501	8.94544	1.25489	7.05345	200
4502	8.94776	1.27772	7.08728	200
4503	8.7953	1.29309	7.11778	200
4504	8.91872	1.31123	7.14994	200
4505	8.9214	1.32767	7.18157	200
4506	9.1189	1.34944	7.21617	200
4507	8.94417	1.36296	7.24702	200
4508	8.84723	1.37143	7.2756	200
4509	8.88165	1.37981	7.30428	200
4510	8.85444	1.38589	7.33196	200
4511	8.88156	1.39174	7.35963	200
4512	9.04252	1.40214	7.38968	200
4513	9.64167	1.43249	7.42989	200
4514	9.60408	1.45898	7.46872	200
4515	9.5495	1.48118	7.50587	200
4516	9.54021	1.50094	7.5422	200
4517	9.68134	1.52373	7.5804	200
4518	9.62956	1.5425	7.61699	200
4519	9.56837	1.5571	7.65184	200
4520	9.4102	1.56429	7.68323	200
4521	9.51626	1.57388	7.71597	200
4522	9.60116	1.585	7.74963	200
4523	9.61893	1.59516	7.78301	200
4524	9.68559	1.60614	7.81698	200
4525	9.54707	1.61056	7.84788	200
4526	9.5226	1.61285	7.87778	200
4527	9.57825	1.61598	7.90815	200
4528	10.2838	1.64311	7.95057	200
4529	10.3496	1.66673	7.98805	200
4530	10.2954	1.68675	8.02411	200
4531	10.3346	1.70624	8.06021	200
4532	10.2682	1.72192	8.0947	200
4533	10.2972	1.73694	8.12912	200
4534	10.2845	1.75001	8.16279	200
4535	10.3114	1.76247	8.19637	200
4536	10.2937	1.77293	8.22914	200
4537	10.3069	1.78246	8.2616	200
4538	10.3046	1.7906	8.29352	200
4539	10.2159	1.79472	8.32356	200
4540	10.3024	1.80047	8.35448	200
4541	10.362	1.80694	8.38584	200
4542	10.3357	1.8114	8.41631	200
4543	10.2951	1.81351	8.44566	200
4544	10.9725	1.8358	8.48514	200
4545	10.9552	1.85562	8.52374	200
4546	10.992	1.87476	8.56231	200
4547	10.9775	1.89165	8.60004	200
4548	11.0603	1.90942	8.63848	200
4549	10.9909	1.92327	8.67524	200
4550	11.0948	1.93877	8.71304	200
4551	11.0693	1.95182	8.74986	200
4552	10.9896	1.96081	8.78486	200
4553	10.9833	1.96824	8.81921	200
4554	10.9833	1.97436	8.85302	200
4555	10.98	1.97913	8.88625	200
4556	10.9935	1.98314	8.91918	200
4557	10.9845	1.9857	8.95145	200
4558	10.9722	1.9868	8.98302	200
4559	11	1.98774	9.01454	200
4560	11.0638	1.98966	9.04656	200
4561	11.7951	2.01337	9.0895	200
4562	11.6861	2.02958	9.12557	200
4563	11.7195	2.04525	9.16159	200
4564	11.7079	2.05917	9.19696	200
4565	11.5985	2.06868	9.23031	200
4566	11.7113	2.08013	9.26477	200
4567	11.6124	2.08756	9.29738	200
4568	11.7467	2.09761	9.3314	200
4569	11.6966	2.10505	9.36425	200
4570	11.6998	2.11145	9.39668	200
4571	11.6659	2.11583	9.4282	200
4572	11.7535	2.12165	9.46049	200
4573	11.6624	2.12388	9.49108	200
4574	11.6475	2.12478	9.52103	200
4575	11.7105	2.12658	9.55143	200
4576	11.7322	2.12808	9.58172	200
4577	11.6347	2.126	9.61024	200
4578	11.5686	2.12134	9.63743	200
4579	12.3088	2.13662	9.67454	200
4580	12.3625	2.15193	9.71187	200
4581	12.3393	2.16514	9.74836	200
4582	12.4616	2.18037	9.78604	200
4583	12.3694	2.19156	9.82193	200
4584	12.4276	2.20306	9.85811	200
4585	12.3677	2.21158	9.89297	200
4586	12.2305	2.21508	9.92544	200
4587	12.3874	2.22193	9.95963	200
4588	12.3453	2.22648	9.99276	200
4589	12.4467	2.2328	10.0268	200
4590	12.3011	2.23395	10.0584	200
4591	12.3856	2.23654	10.0908	200
4592	12.3808	2.23802	10.1226	200
4593	12.3428	2.23753	10.1534	200
4594	12.3682	2.23682	10.188	200
4595	12.4129	2.23644	10.2228	200
4596	12.3627	2.233	10.261	200
4597	12.3544	2.22801	10.2984	200
4598	13.0772	2.25096	10.3562	200
4599	13.1295	2.27272	10.414	200
4600	13.1012	2.29345	10.4812	200
4601	13.091	2.30926	10.5464	200
4602	13.0391	2.31843	10.6088	200
4603	13.044	2.32427	10.6696	200
4604	13.0529	2.32722	10.7292	200
4605	13.0492	2.32686	10.7872	200
4607	12.4108	2.29169	10.8278	200
4608	12.2935	2.25039	10.8645	200
4609	12.3517	2.21223	10.9016	200
4610	12.3541	2.17424	10.9379	200
4611	5.98067	2.31339	10.814	200
4612	6.18741	2.42905	10.6983	200
4613	6.11854	2.53659	10.5838	200
4614	6.11475	2.63321	10.4721	200
4615	6.84588	2.68287	10.3815	200
4616	6.85988	2.7248	10.2934	200
4617	6.83685	2.76139	10.207	200
4618	7.86105	2.74408	10.1581	200
4619	7.55672	2.73813	10.1039	200
4620	6.94818	2.75554	10.0382	200
4623	5.48982	2.83024	9.94343	200
4624	5.56578	2.89471	9.85223	200
4625	5.5977	2.95137	9.7636	200
4626	5.76686	2.99493	9.68033	200
4627	5.75257	3.03379	9.5985	200
4628	6.26917	3.04611	9.52914	200
4629	5.37093	3.09245	9.44251	200
4630	5.65404	3.12145	9.36358	200
4631	6.18464	3.12384	9.29735	200
4632	6.56095	3.1077	9.24034	200
4633	8.59746	3.005	9.22695	200
4634	8.50375	2.90992	9.21188	200
4635	8.34803	2.82467	9.19389	200
4636	8.46965	2.73715	9.1788	200
4637	10.0934	2.66121	9.19785	200
4638	10.3915	2.60006	9.22272	200
4639	10.7881	2.55695	9.25533	200
4640	10.8759	2.51793	9.28909	200
4641	11.5633	2.50778	9.33647	200
4643	8.5341	2.43672	9.31975	200
4644	8.56492	2.36664	9.30403	200
4645	8.52859	2.30034	9.28787	200
4646	8.47757	2.24712	9.2734	200
4647	7.01112	2.24767	9.23301	200
4648	6.58379	2.262	9.1857	200
4649	6.37627	2.28155	9.13553	200
4650	6.18574	2.30542	9.08285	200
4651	6.19748	2.32613	9.03133	200
4652	6.1277	2.34676	8.97948	200
4653	6.1108	2.3654	8.92825	200
4654	6.20975	2.37801	8.8797	200
4655	6.86796	2.36493	8.84378	200
4656	6.79329	2.3537	8.80716	200
4657	6.76208	2.34267	8.77064	200
4658	6.90454	2.32565	8.73732	200
4659	6.65299	2.31703	8.7001	200
4660	6.81173	2.30172	8.66638	200
4661	6.82645	2.28523	8.63352	200
4662	6.86913	2.26663	8.60201	200
4663	6.85039	2.24824	8.57074	200
4664	6.83293	2.23	8.5397	200
4665	6.84558	2.21087	8.50945	200
4666	6.86909	2.19049	8.48016	200
4667	6.91336	2.16822	8.45218	200
4668	7.07015	2.14014	8.4275	200
4669	6.88138	2.11892	8.39989	200
4670	7.5899	2.07217	8.38542	200
4671	7.60478	2.02605	8.37148	200
4672	7.64631	1.97959	8.35853	200
4673	7.60203	1.9359	8.34502	200
4674	7.56042	1.89479	8.33101	200
4675	7.57912	1.85907	8.31926	200
4676	7.51315	1.82617	8.30667	200
4677	7.55062	1.79272	8.29485	200
4678	7.50803	1.76129	8.28256	200
4679	7.23314	1.73904	8.26616	200
4680	7.5584	1.70681	8.2551	200
4681	7.51343	1.67665	8.24351	200
4682	7.54651	1.64604	8.23262	200
4683	7.50647	1.61729	8.22128	200
4684	7.44483	1.59101	8.20914	200
4685	7.50712	1.56323	8.19817	200
4686	8.24811	1.51594	8.19895	200
4687	8.15906	1.46982	8.19833	200
4688	8.26975	1.42612	8.19945	200
4689	8.23083	1.38253	8.19993	200
4690	8.22161	1.34	8.20027	200
4691	8.32575	1.30205	8.20223	200
4692	8.18503	1.2619	8.20196	200
4693	8.16316	1.22367	8.20136	200
4694	8.19299	1.18569	8.20123	200
4695	8.25411	1.15029	8.20205	200
4696	8.2349	1.11537	8.20256	200
4697	8.27523	1.08279	8.2037	200
4698	8.25053	1.05041	8.20443	200
4699	8.26442	1.01946	8.20537	200
4700	8.20626	0.987632	8.20538	200
4701	8.20919	0.956887	8.20544	200
4702	8.25818	0.928632	8.20626	200
4703	8.97812	0.923732	8.21832	200
4704	8.88835	0.915803	8.22879	200
4705	9.14283	0.915747	8.24307	200
4706	9.00853	0.91105	8.25503	200
4707	8.9948	0.904932	8.26824	200
4708	8.99431	0.898543	8.28121	200
4709	8.94536	0.888776	8.29505	200
4710	8.91271	0.877479	8.30791	200
4711	8.90166	0.863292	8.32276	200
4712	8.92152	0.850065	8.33773	200
4713	8.9809	0.837134	8.35782	200
4714	8.9763	0.823467	8.37715	200
4715	8.94916	0.80775	8.39503	200
4716	8.88814	0.792018	8.40735	200
4717	8.94269	0.779183	8.42074	200
4718	3.40835	0.990842	8.29543	200
4719	3.39847	1.18615	8.173	200
4720	3.42084	1.36445	8.0542	200
4721	4.08491	1.49469	7.95496	200
4722	4.11494	1.61196	7.85896	200
4723	4.10219	1.7192	7.76504	200
4724	4.12018	1.81548	7.67392	200
4725	4.09496	1.90365	7.58445	200
4726	4.07372	1.98401	7.49668	200
4727	4.09554	2.05486	7.41165	200
4728	4.13944	2.11573	7.32984	200
4729	4.11893	2.17049	7.24957	200
4730	4.08306	2.22029	7.17041	200
4731	4.08332	2.26363	7.09323	200
4732	4.79414	2.2654	7.03575	200
4733	4.84	2.26192	6.98086	200
4734	4.85029	2.25535	6.92759	200
4735	4.88646	2.24464	6.87656	200
4736	4.77366	2.23755	6.82399	200
4737	4.8065	2.22838	6.78196	200
4738	4.84816	2.21611	6.74167	200
4739	4.83098	2.20338	6.70186	200
4740	4.7262	2.19389	6.6607	200
4741	4.81359	2.17944	6.62222	200
4742	4.7095	2.16833	6.58237	200
4743	4.83427	2.15082	6.54595	200
4744	5.46714	2.10615	6.52348	200
4745	5.47267	2.06218	6.50158	200
4746	5.46203	2.01957	6.47993	200
4747	5.51873	1.97547	6.4599	200
4748	5.50514	1.93294	6.44001	200
4749	5.68464	1.88387	6.42427	200
4750	5.49584	1.84406	6.40493	200
4751	5.47971	1.80578	6.38565	200
4752	5.51884	1.76665	6.36759	200
4753	5.51256	1.72867	6.34978	200
4754	5.48567	1.69264	6.33178	200
4755	5.51193	1.65628	6.3147	200
4756	5.52887	1.62001	6.29832	200
4757	6.21249	1.55608	6.29654	200
4758	6.03066	1.50232	6.29099	200
4759	6.21555	1.44287	6.28942	200
4760	6.15447	1.38837	6.28661	200
4761	6.23787	1.33255	6.28559	200
4762	6.22074	1.28728	6.28444	200
4763	6.26354	1.24205	6.28406	200
4764	6.09139	1.20457	6.28062	200
4765	6.12799	1.167	6.2779	200
4766	6.15289	1.12979	6.27566	200
4767	6.07428	1.09663	6.27206	200
4768	6.17924	1.06078	6.27041	200
4769	6.20657	1.02517	6.26927	200
4770	6.16091	0.99243	6.26733	200
4771	6.81046	0.976383	6.27703	200
4772	6.80298	0.960296	6.28642	200
4773	6.96556	0.950254	6.29855	200
4774	6.85037	0.936024	6.3084	200
4775	6.94342	0.925273	6.31974	200
4776	7.0151	0.917061	6.33216	200
4777	6.8777	0.903792	6.3419	200
4778	6.85932	0.889993	6.35114	200
4779	6.88566	0.877297	6.36068	200
4780	6.78794	0.861224	6.36831	200
4781	7.07827	0.855821	6.38099	200
4782	6.92376	0.84464	6.39068	200
4783	6.6701	0.824453	6.39567	200
4784	6.85079	0.811262	6.4038	200
4785	6.84536	0.798058	6.41168	200
4786	7.4556	0.806838	6.43032	200
4787	7.48579	0.815717	6.44917	200
4788	7.53917	0.825512	6.46863	200
4789	7.54787	0.834573	6.48791	200
4790	7.55464	0.842864	6.50695	200
4791	7.63185	0.851677	6.52453	200
4792	7.35299	0.850951	6.53747	200
4793	7.52273	0.855147	6.55287	200
4794	7.57606	0.860398	6.56886	200
4795	7.56653	0.864687	6.58444	200
4796	7.50061	0.866295	6.59876	200
4797	7.59791	0.870446	6.61437	200
4798	7.4487	0.869317	6.62741	200
4799	7.55514	0.871142	6.6419	200
4800	7.54131	0.872025	6.65595	200
4801	7.48954	0.870823	6.66898	200
4802	8.15947	0.890187	6.69226	200
4803	8.24667	0.910943	6.71655	200
4804	8.18469	0.928355	6.73949	200
4805	8.09567	0.941724	6.76068	200
4806	8.28307	0.959869	6.78447	200
4807	8.23553	0.975218	6.80714	200
4808	8.22639	0.989094	6.82932	200
4809	8.25853	1.00285	6.85165	200
4810	8.26208	1.01558	6.87368	200
4811	8.22801	1.02617	6.89484	200
4812	8.19393	1.0347	6.91514	200
4813	8.23042	1.04347	6.93569	200
4814	8.28038	1.05288	6.9567	200
4815	8.12532	1.05649	6.97496	200
4816	8.28939	1.06455	6.9955	200
4817	8.2369	1.07008	7.0149	200
4818	8.18301	1.07314	7.03315	200
4819	8.83417	1.09589	7.06129	200
4820	8.9384	1.1203	7.09061	200
4821	8.96666	1.14392	7.11993	200
4822	8.88816	1.16343	7.14756	200
4823	8.96648	1.18391	7.17598	200
4824	8.93548	1.1999	7.20041	200
4825	9.02614	1.21728	7.22577	200
4826	8.93946	1.23107	7.24957	200
4827	8.93171	1.2436	7.27293	200
4828	8.97264	1.25627	7.29654	200
4829	8.8705	1.2651	7.3184	200
4830	8.98075	1.27613	7.34149	200
4831	8.90411	1.28409	7.36319	200
4832	9.01527	1.29431	7.38614	200
4833	8.96908	1.30232	7.40812	200
4834	8.97884	1.30978	7.42994	200
4835	9.03924	1.3181	7.45229	200
4836	8.83942	1.32002	7.47155	200
4837	9.52585	1.34041	7.50008	200
4838	9.59769	1.36145	7.52922	200
4839	9.62829	1.38193	7.55837	200
4840	9.61198	1.40059	7.58689	200
4841	9.64019	1.41872	7.61541	200
4842	9.56407	1.43344	7.64247	200
4843	9.7258	1.45149	7.67141	200
4844	9.56642	1.46381	7.69773	200
4845	9.61415	1.47639	7.72434	200
4846	9.59157	1.48724	7.75028	200
4847	9.91466	1.50605	7.78034	200
4848	9.86623	1.52216	7.80931	200
4849	9.79274	1.53497	7.83685	200
4850	9.94194	1.5508	7.86609	200
4851	10.019	1.56753	7.89599	200
4852	9.9279	1.58043	7.92421	200
4853	9.82497	1.58933	7.95061	200
4854	9.89889	1.5993	7.97767	200
4855	10.6641	1.62949	8.01498	200
4856	10.5559	1.65481	8.05027	200
4857	10.6202	1.68023	8.08596	200
4858	10.4866	1.70024	8.1193	200
4859	10.6235	1.72257	8.15408	200
4860	10.6481	1.74186	8.18526	200
4861	10.5407	1.7572	8.2147	200
4862	10.2864	1.76506	8.2406	200
4863	10.3156	1.77281	8.26653	200
4864	10.3201	1.77982	8.2922	200
4865	10.3477	1.78672	8.3179	200
4866	10.1932	1.78893	8.34134	200
4867	10.2791	1.79265	8.36556	200
4868	10.3481	1.7974	8.39034	200
4869	10.3134	1.80054	8.41438	200
4870	10.2526	1.80148	8.43736	200
4871	10.377	1.80494	8.4616	200
4872	10.3153	1.80616	8.48477	200
4873	10.3874	1.80857	8.50855	200
4874	10.2708	1.80741	8.53058	200
4875	10.9791	1.82344	8.56119	200
4876	10.9694	1.83806	8.59129	200
4877	11.0321	1.85313	8.6218	200
4878	10.9394	1.86474	8.65077	200
4879	10.9674	1.87603	8.67973	200
4880	10.9755	1.88653	8.70842	200
4881	10.9168	1.89458	8.73603	200
4882	11.3009	1.91133	8.76809	200
4883	10.9825	1.91891	8.79577	200
4884	10.9002	1.92355	8.82207	200
4885	11.0473	1.93109	8.84989	200
4886	10.9855	1.9362	8.87658	200
4887	10.9193	1.93887	8.90212	200
4888	11.0427	1.94391	8.92887	200
4889	10.9987	1.94706	8.95475	200
4890	11.0252	1.95014	8.98063	200
4891	11.0188	1.95234	9.0061	200
4892	11.0209	1.9539	9.03129	200
4893	10.9504	1.95303	9.05527	200
4894	10.9975	1.95276	9.07955	200
4895	10.9975	1.95189	9.10353	200
4896	11.6497	1.96675	9.13535	200
4897	11.6305	1.97996	9.16654	200
4898	11.6122	1.9916	9.19711	200
4899	11.4017	1.99692	9.22467	200
4900	11.7101	2.01049	9.25919	200
4901	11.7274	2.02321	9.29347	200
4902	11.6229	2.03278	9.32987	200
4903	11.6615	2.04211	9.3663	200
4904	11.6393	2.05173	9.41365	200
4905	12.9846	2.12769	9.50292	200
4906	12.9797	2.19515	9.58984	200
4907	12.9977	2.25578	9.67504	200
4908	13.0734	2.31291	9.76	200
4909	13.0219	2.36036	9.84154	200
4910	13.1407	2.4073	9.92402	200
4911	13.0855	2.43872	9.98989	200
4912	13.0919	2.46636	10.0545	200
4913	13.0915	2.49013	10.1178	200
4914	13.1097	2.51104	10.1801	200
4915	8.34266	2.48298	10.1418	200
4916	8.26927	2.45754	10.1028	200
4917	8.26126	2.43187	10.0645	200
4918	8.24775	2.40624	10.0266	200
4919	8.97851	2.34965	10.0048	200
4920	8.91982	2.29696	9.98216	200
4921	8.86187	2.24793	9.95882	200
4922	9.0029	2.19409	9.93891	200
4923	8.8968	2.14609	9.9172	200
4924	8.84787	2.10123	9.89492	200
4925	8.23819	2.08271	9.8604	200
4926	8.18967	2.06554	9.8256	200
4927	8.25871	2.04476	9.79295	200
4928	8.35652	2.01941	9.76303	200
4929	8.16245	2.00196	9.72968	200
4930	8.13681	1.98492	9.6965	200
4931	8.22772	1.96341	9.6659	200
4932	8.97426	1.91042	9.65148	200
4933	8.94212	1.86752	9.63882	200
4934	8.80836	1.83049	9.62399	200
4935	8.91189	1.79054	9.61127	200
4936	8.97491	1.74932	9.59991	200
4937	8.88564	1.71236	9.58715	200
4938	8.55506	1.68806	9.56872	200
4939	8.8917	1.65195	9.55663	200
4940	8.8615	1.61778	9.54422	200
4941	8.80451	1.58642	9.53101	200
4942	8.96488	1.54998	9.5209	200
4943	8.91667	1.5162	9.51011	200
4944	8.90619	1.48362	9.49932	200
4945	8.94049	1.45059	9.48934	200
4946	9.56805	1.4016	9.49075	200
4947	9.59882	1.3554	9.49268	200
4948	9.60772	1.3111	9.49473	200
4949	9.66375	1.27031	9.49775	200
4950	9.55635	1.22703	9.49879	200
4951	9.62924	1.18787	9.50112	200
4952	9.58318	1.14838	9.50259	200
4953	9.64503	1.11245	9.50513	200
4954	9.57004	1.07504	9.50629	200
4955	9.65924	1.0421	9.50902	200
4956	9.59484	1.00795	9.51055	200
4957	9.61015	0.975509	9.51233	200
4958	9.62964	0.944858	9.51442	200
4959	9.59021	0.913819	9.51578	200
4960	9.63711	0.885516	9.51794	200
4961	10.2515	0.880088	9.53104	200
4962	10.3583	0.878436	9.54397	200
4963	10.3674	0.876717	9.55683	200
4964	10.3239	0.873288	9.56882	200
4965	10.3308	0.869809	9.58072	200
4966	10.2575	0.863776	9.5913	200
4967	10.2891	0.858588	9.6022	200
4968	10.4201	0.857317	9.61498	200
4969	10.2719	0.851055	9.62524	200
4970	10.2689	0.844574	9.6353	200
4971	10.4244	0.842841	9.64763	200
4972	10.246	0.835202	9.65698	200
4973	10.2488	0.827595	9.66623	200
4974	10.2907	0.821247	9.67598	200
4975	10.2944	0.814909	9.68565	200
4976	10.3102	0.808959	9.6954	200
4977	11.0567	0.82622	9.71667	200
4978	11.0158	0.840997	9.73697	200
4979	11.0312	0.855161	9.75719	200
4980	11.0174	0.867817	9.77688	200
4981	11.0445	0.880311	9.79669	200
4982	10.9982	0.890347	9.81546	200
4983	10.9699	0.898599	9.8335	200
4984	10.8653	0.90276	9.84962	200
4985	11.03	0.911435	9.86806	200
4986	11.0914	0.921181	9.88718	200
4987	10.8724	0.923182	9.90257	200
4989	10.4847	0.912525	9.91167	200
4990	10.3774	0.898562	9.91894	200
4991	10.3262	0.883208	9.92531	200
4992	10.3687	0.867501	9.93322	200
4993	10.2622	0.848266	9.9391	200
4994	10.9534	0.855186	9.96023	200
4995	10.9282	0.859884	9.98039	200
4996	10.9016	0.862947	10.0034	200
4997	11.0915	0.874204	10.0306	200
5001	8.99182	0.884491	9.99816	200
5002	9.00563	0.891243	9.96714	200
5003	8.76883	0.910434	9.9297	200
5004	8.89688	0.918083	9.89742	200
5005	8.83321	0.927215	9.86416	200
5006	3.34852	1.20664	9.70127	200
5007	3.35163	1.46379	9.54253	200
5008	3.46814	1.69432	9.39067	200
5009	3.37801	1.91023	9.24035	200
5010	3.42033	2.10572	9.09485	200
5011	4.1089	2.24973	8.9702	200
5012	4.37007	2.36725	8.8552	200
5013	4.16768	2.48326	8.73801	200
5014	4.09466	2.59127	8.62193	200
5015	4.23524	2.68104	8.51226	200
5016	4.11625	2.76679	8.40236	200
5017	4.2153	2.8378	8.29768	200
5018	4.14246	2.90367	8.1938	200
5019	4.94229	2.92106	8.11251	200
5020	5.02957	2.92916	8.03544	200
5021	4.97624	2.93566	7.95896	200
5022	5.60251	2.9067	7.90005	200
5023	5.65429	2.87365	7.8439	200
5024	5.5449	2.84492	7.78643	200
5025	5.40756	2.82161	7.72696	200
5026	4.91384	2.82119	7.65663	200
5027	4.74905	2.82479	7.59605	200
5028	4.76636	2.82499	7.5371	200
5029	4.77297	2.82245	7.47951	200
5030	4.74513	2.81878	7.42255	200
5031	4.81213	2.8101	7.36816	200
5032	4.76408	2.80152	7.31391	200
5033	4.66459	2.79518	7.25872	200
5034	5.31062	2.75988	7.21813	200
5035	5.49874	2.71653	7.18231	200
5036	5.4131	2.67706	7.14545	200
5037	5.58641	2.63047	7.11297	200
5038	5.48495	2.5887	7.07905	200
5039	5.51442	2.54603	7.04645	200
5040	5.47509	2.50542	7.01372	200
5041	5.4382	2.46667	6.98089	200
5042	5.51121	2.42513	6.95027	200
5043	5.43944	2.38704	6.9188	200
5044	5.52589	2.34561	6.88978	200
5045	5.45835	2.30752	6.85996	200
5046	6.0457	2.2453	6.84299	200
5047	6.20092	2.1785	6.82962	200
5048	6.10874	2.11777	6.8146	200
5049	6.17769	2.05606	6.80133	200
5050	6.20205	1.99536	6.78884	200
5051	6.18958	1.9455	6.77814	200
5052	6.18585	1.89717	6.76756	200
5053	6.33537	1.84485	6.75985	200
5054	6.10845	1.80223	6.74821	200
5055	6.22911	1.7564	6.73894	200
5056	6.17741	1.71373	6.72891	200
5057	6.16046	1.67282	6.71876	200
5058	6.2728	1.62901	6.7108	200
5059	6.23965	1.58766	6.70238	200
5060	6.83974	1.53586	6.70484	200
5061	6.82902	1.48544	6.70705	200
5062	6.96411	1.44157	6.71164	200
5063	6.71035	1.39013	6.71162	200
5064	6.90831	1.34751	6.71513	200
5065	6.88502	1.30545	6.71816	200
5066	6.8693	1.26422	6.72086	200
5067	6.86106	1.22408	6.72337	200
5068	6.7775	1.1823	6.72433	200
5069	6.82482	1.14366	6.72613	200
5070	6.96334	1.11129	6.73036	200
5071	6.89986	1.07765	6.73339	200
5072	6.76858	1.04042	6.73402	200
5073	6.87212	1.00819	6.73648	200
5074	6.83414	0.975673	6.73822	200
5075	7.47907	0.967286	6.75145	200
5076	7.56622	0.961838	6.766	200
5077	7.62221	0.958065	6.78129	200
5078	7.62663	0.954039	6.79639	200
5079	7.76032	0.954392	6.8136	200
5080	7.57602	0.948392	6.82551	200
5081	7.49732	0.939748	6.83601	200
5082	7.57329	0.93342	6.84753	200
5083	7.58302	0.927234	6.85902	200
5084	7.52642	0.919114	6.86945	200
5085	7.5566	0.911865	6.88018	200
5086	7.60232	0.905935	6.89147	200
5087	7.55239	0.898278	6.90179	200
5088	7.47295	0.888055	6.91072	200
5089	7.4963	0.878602	6.91987	200
5090	7.33953	0.86426	6.92642	200
5091	8.03252	0.871817	6.94371	200
5092	8.22312	0.884554	6.9637	200
5093	8.20261	0.895627	6.98305	200
5094	8.20379	0.905786	7.00213	200
5095	8.21142	0.91527	7.02102	200
5096	8.22167	0.924187	7.03978	200
5097	8.26809	0.93369	7.05897	200
5098	8.20114	0.940204	7.07682	200
5099	8.20214	0.945988	7.0944	200
5100	8.27058	0.953181	7.11278	200
5101	8.27478	0.959706	7.13094	200
5102	8.27385	0.965431	7.14879	200
5103	8.22353	0.968846	7.16559	200
5104	8.2242	0.971651	7.18213	200
5105	8.27462	0.975427	7.1992	200
5106	8.22795	0.977093	7.21527	200
5107	8.2754	0.979687	7.23183	200
5108	8.9374	1.00237	7.25848	200
5109	8.95041	1.02392	7.28492	200
5110	8.91083	1.04273	7.31032	200
5111	8.93315	1.06086	7.33568	200
5112	8.91508	1.07706	7.36036	200
5113	8.8913	1.08967	7.38162	200
5114	8.88911	1.10128	7.40256	200
5115	8.93126	1.11315	7.42379	200
5116	8.9225	1.12386	7.4446	200
5117	9.01135	1.13616	7.46636	200
5118	8.91389	1.14481	7.48647	200
5119	8.91596	1.15272	7.50632	200
5120	8.843	1.15783	7.52489	200
5121	9.00563	1.1668	7.54545	200
5122	8.94778	1.17334	7.56493	200
5123	8.90846	1.17806	7.58359	200
5124	9.0607	1.18637	7.6041	200
5125	8.97964	1.19162	7.62321	200
5126	9.67039	1.21539	7.65164	200
5127	9.59931	1.23573	7.67869	200
5128	9.60955	1.25504	7.70551	200
5129	9.58763	1.27246	7.73165	200
5130	9.61175	1.28934	7.75776	200
5131	9.53837	1.30298	7.78249	200
5132	9.57689	1.31663	7.80741	200
5133	9.6432	1.33105	7.83291	200
5134	9.60114	1.3432	7.85747	200
5135	9.55206	1.35296	7.881	200
5136	9.63706	1.36415	7.90539	200
5137	9.63479	1.3743	7.92941	200
5138	9.46248	1.37871	7.9507	200
5139	9.5755	1.38554	7.97327	200
5140	9.59745	1.39217	7.99583	200
5141	9.61262	1.39841	8.01828	200
5142	9.68114	1.40576	8.04138	200
5143	9.62781	1.41077	8.06341	200
5144	9.65901	1.41591	8.08557	200
5145	10.2967	1.43799	8.11628	200
5146	10.3744	1.46078	8.14764	200
5147	10.4191	1.48329	8.17919	200
5148	10.2774	1.50037	8.20833	200
5149	10.3316	1.51768	8.23782	200
5150	10.3209	1.53181	8.26386	200
5151	10.2937	1.54426	8.28923	200
5152	10.3543	1.55728	8.31504	200
5153	10.3732	1.5698	8.34077	200
5154	10.2865	1.5792	8.36509	200
5155	10.2872	1.58777	8.38912	200
5156	10.3583	1.59731	8.41373	200
5157	10.2098	1.60228	8.43618	200
5158	10.3609	1.61034	8.46024	200
5159	10.2925	1.61589	8.48314	200
5160	10.3764	1.62282	8.50681	200
5161	10.2466	1.62574	8.52856	200
5162	10.2053	1.62702	8.54951	200
5163	10.3252	1.63074	8.57171	200
5164	10.3555	1.63456	8.59401	200
5165	11.0182	1.6543	8.62431	200
5166	11.0115	1.67262	8.65415	200
5167	10.9528	1.68827	8.68288	200
5168	10.9427	1.70256	8.71113	200
5169	11.0527	1.71854	8.7404	200
5170	11.0934	1.7344	8.76981	200
5171	10.9688	1.74601	8.7973	200
5172	10.9982	1.75738	8.82481	200
5173	11.0387	1.7688	8.85248	200
5174	10.8999	1.77576	8.87807	200
5175	11.0535	1.78575	8.90526	200
5176	10.955	1.79235	8.93088	200
5177	11.0051	1.7994	8.95681	200
5178	11.0266	1.80616	8.98268	200
5179	10.9796	1.81092	9.00764	200
5180	10.9482	1.81453	9.0346	200
5181	10.9329	1.81685	9.06096	200
5182	10.9202	1.81818	9.09001	200
5183	10.9783	1.82037	9.11951	200
5184	10.9933	1.82228	9.15297	200
5185	10.8894	1.81921	9.18398	200
5186	11.6075	1.84439	9.23447	200
5187	11.5621	1.86452	9.28296	200
5188	11.7136	1.89283	9.34373	200
5189	11.6413	1.91306	9.40117	200
5190	11.632	1.92895	9.45694	200
5191	11.7505	1.94718	9.51428	200
5192	11.6861	1.95841	9.56857	200
5193	11.64	1.96406	9.62036	200
5194	11.7178	1.96962	9.66405	200
5195	4.77101	2.09143	9.56212	200
5196	4.86829	2.19986	9.46433	200
5197	4.83243	2.3012	9.36783	200
5198	4.75929	2.39734	9.27182	200
5199	4.71706	2.48723	9.17693	200
5200	4.84932	2.56391	9.08677	200
5201	5.5474	2.60455	9.01303	200
5202	5.39956	2.64659	8.93775	200
5203	5.52936	2.67833	8.86674	200
5204	5.45215	2.70901	8.7956	200
5205	5.50419	2.73327	8.72703	200
5206	5.45735	2.75563	8.65891	200
5207	5.51213	2.77192	8.59335	200
5208	5.44876	2.78745	8.52784	200
5209	5.54983	2.79539	8.4658	200
5210	5.48298	2.8032	8.40366	200
5211	5.45284	2.80935	8.34218	200
5212	5.47254	2.81186	8.28239	200
5213	5.48947	2.81107	8.22421	200
5214	6.21894	2.77749	8.18243	200
5215	6.17658	2.74534	8.14064	200
5216	6.14121	2.71426	8.09899	200
5217	6.20987	2.67988	8.05963	200
5218	6.08332	2.65056	8.01846	200
5219	6.20577	2.62064	7.98609	200
5220	6.17838	2.5916	7.95381	200
5221	6.1914	2.56199	7.92233	200
5222	6.14182	2.53408	7.89054	200
5223	6.0923	2.5078	7.85843	200
5224	6.17062	2.47851	7.82829	200
5225	6.22166	2.44737	7.7996	200
5226	6.15505	2.4187	7.77023	200
5227	6.22308	2.38757	7.7426	200
5228	6.90988	2.33204	7.72773	200
5229	6.83021	2.28081	7.7117	200
5230	6.85844	2.22983	7.69646	200
5231	6.79863	2.18225	7.68043	200
5232	6.86699	2.13337	7.66591	200
5233	6.96124	2.08234	7.65332	200
5234	6.89636	2.03501	7.6398	200
5235	6.86968	1.98983	7.62605	200
5236	6.85511	1.9463	7.61228	200
5237	6.84866	1.90406	7.59865	200
5238	7.039	1.85605	7.58865	200
5239	6.94517	1.81274	7.57716	200
5240	6.87121	1.77321	7.56456	200
5241	6.87992	1.73433	7.55233	200
5242	6.8575	1.69721	7.53992	200
5243	7.56434	1.63746	7.54036	200
5244	7.48969	1.58079	7.53945	200
5245	7.53817	1.52438	7.53943	200
5246	7.55345	1.47044	7.53968	200
5247	7.5694	1.41898	7.54021	200
5248	7.54618	1.37483	7.5403	200
5249	7.40101	1.33622	7.53812	200
5250	7.4699	1.29659	7.53706	200
5251	7.62611	1.25886	7.53845	200
5252	7.57343	1.22061	7.539	200
5253	7.62427	1.18513	7.54033	200
5254	7.58051	1.14935	7.54096	200
5255	7.52365	1.11397	7.54068	200
5256	7.58349	1.0805	7.54135	200
5257	7.50878	1.04775	7.54084	200
5258	7.63544	1.01796	7.54232	200
5259	8.2238	1.00745	7.55297	200
5260	8.20844	0.996447	7.56321	200
5261	8.19573	0.985074	7.57309	200
5262	8.28433	0.976516	7.58421	200
5263	8.18564	0.964794	7.5936	200
5264	8.26864	0.955739	7.60415	200
5265	8.29414	0.947434	7.61493	200
5266	8.25312	0.93777	7.6249	200
5267	8.28986	0.929244	7.63529	200
5268	8.19654	0.917744	7.64406	200
5269	8.31801	0.910125	7.65459	200
5270	8.18726	0.898329	7.66291	200
5271	8.22689	0.88788	7.67173	200
5272	8.22206	0.877331	7.68032	200
5273	8.22789	0.867025	7.68888	200
5274	8.29083	0.858741	7.69828	200
4988	206.474	7.04365	10.8042	200
5275	8.91883	6.88245	10.7747	200
5276	9.61809	6.70352	10.7566	200
5277	9.57716	6.53089	10.7382	200
5278	9.56791	6.30753	10.7138	200
5279	9.57724	6.09208	10.6901	200
5280	9.57824	5.84307	10.6623	200
5281	9.75408	5.59633	10.6396	200
5282	9.54802	5.31478	10.6055	200
5283	9.63282	5.0434	10.5751	200
5284	9.69313	4.78331	10.5476	200
5285	9.66352	4.53961	10.5199	200
5286	9.59821	4.31349	10.4911	200
5287	9.53276	4.10379	10.4612	200
5288	9.65324	3.939	10.441	200
5289	9.62248	3.78297	10.4205	200
5290	10.9497	3.62028	10.4337	200
5291	8.15303	3.5533	10.3767	200
5292	8.22573	3.48319	10.323	200
5293	8.29447	3.41045	10.2722	200
5294	8.93259	3.30691	10.2387	200
5295	8.90564	3.20822	10.2054	200
5296	9.0308	3.10654	10.1761	200
5297	8.86933	3.01655	10.1434	200
5298	8.9198	2.9269	10.1128	200
5299	8.92989	2.8397	10.0832	200
5300	8.61181	2.77129	10.0464	200
5301	6.86575	2.79176	9.96692	200
5302	6.95887	2.80257	9.89171	200
5303	6.86119	2.81397	9.81595	200
5304	6.84665	2.82173	9.74172	200
5305	7.61879	2.78679	9.68864	200
5306	7.58056	2.75851	9.64472	200
5307	7.45446	2.73483	9.59909	200
5308	7.55801	2.70593	9.55657	200
5309	7.64436	2.67285	9.51673	200
5310	7.56342	2.64287	9.47604	200
5311	7.60107	2.61088	9.43698	200
5312	7.62235	2.5777	9.39917	200
5313	7.48919	2.54988	9.35938	200
5314	7.53672	2.51958	9.32141	200
5315	7.59167	2.48666	9.28537	200
5316	7.4681	2.45877	9.24751	200
5317	8.23719	2.39842	9.22646	200
5318	8.20553	2.34102	9.20519	200
5319	8.29012	2.28161	9.18613	200
5320	8.2993	2.22349	9.16765	200
5321	8.16942	2.17244	9.14685	200
5322	8.323	2.11625	9.12969	200
5323	8.20749	2.0665	9.11047	200
5324	8.15765	2.02009	9.09062	200
5325	8.26248	1.97043	9.07337	200
5326	8.22054	1.92386	9.0556	200
5327	8.2071	1.87905	9.03792	200
5328	8.26091	1.83313	9.02174	200
5329	8.15411	1.7929	9.00366	200
5330	8.84888	1.72465	9.00043	200
5331	8.89899	1.66668	8.99862	200
5332	8.76386	1.61554	8.99443	200
5333	8.86553	1.56244	8.99213	200
5334	8.89287	1.51019	8.99035	200
5335	8.82198	1.46226	8.98735	200
5336	8.8913	1.41347	8.98563	200
5337	8.98607	1.363	8.98564	200
5338	8.94064	1.31593	8.98484	200
5339	8.93834	1.27059	8.984	200
5340	8.91695	1.22761	8.98281	200
5341	8.91195	1.1863	8.98154	200
5342	8.93585	1.14556	8.98072	200
5343	8.97193	1.10496	8.98057	200
5344	9.66372	1.0899	8.99277	200
5345	9.634	1.07387	9.00422	200
5346	9.58639	1.05631	9.01461	200
5347	9.65717	1.04154	9.02609	200
5348	9.63079	1.02593	9.03688	200
5349	9.69699	1.01069	9.05063	200
5350	9.68044	0.99482	9.06376	200
5351	9.57693	0.970737	9.07658	200
5352	9.61065	0.948903	9.08994	200
5353	9.67347	0.926067	9.10817	200
5354	9.64195	0.901549	9.12485	200
5355	9.62077	0.876197	9.14035	200
5356	9.66208	0.854043	9.15665	200
5357	9.57627	0.826891	9.16976	200
5358	9.56971	0.800206	9.18226	200
5359	10.272	0.8183	9.21632	200
5360	10.3834	0.840097	9.25279	200
5361	10.2936	0.85264	9.28531	200
5362	5.50371	1.0357	9.16713	200
5363	5.56369	1.19618	9.05453	200
5364	5.52431	1.34206	8.94421	200
5365	5.55987	1.4697	8.83845	200
5366	5.47991	1.58775	8.73349	200
5367	6.16363	1.64913	8.65318	200
5368	6.14101	1.69229	8.59038	200
5369	6.07662	1.73336	8.52753	200
5370	6.22332	1.7619	8.46993	200
5371	6.19268	1.78767	8.41299	200
5372	6.13919	1.81197	8.35615	200
5373	6.15028	1.83167	8.301	200
5374	6.18024	1.84612	8.24798	200
5375	6.23815	1.85431	8.19773	200
5376	6.20634	1.86116	8.14795	200
5377	6.93965	1.82852	8.11774	200
5378	6.88656	1.79865	8.08696	200
5379	6.90074	1.76803	8.05731	200
5380	6.83792	1.7406	8.02682	200
5381	6.82154	1.71383	7.99669	200
5382	6.85961	1.68499	7.96826	200
5383	6.7965	1.65933	7.93897	200
5384	6.77375	1.63462	7.90984	200
5385	6.80203	1.60828	7.88214	200
5386	6.86084	1.57893	7.85661	200
5387	6.79683	1.55297	7.83011	200
5388	7.59013	1.48733	7.82411	200
5389	7.55385	1.43661	7.81848	200
5390	7.61151	1.38538	7.81417	200
5391	7.53393	1.33933	7.80833	200
5392	7.64016	1.29053	7.80483	200
5393	7.5172	1.24874	7.79883	200
5394	7.57696	1.20596	7.79421	200
5395	7.7154	1.15899	7.79257	200
5396	7.57042	1.11996	7.78794	200
5397	7.55121	1.08315	7.78301	200
5398	7.52756	1.04866	7.77768	200
5399	7.54355	1.01473	7.77281	200
5400	8.14034	0.987759	7.78046	200
5401	8.25774	0.966489	7.7904	200
5402	8.17672	0.942314	7.79845	200
5403	8.23926	0.921417	7.80764	200
5404	8.13321	0.89659	7.81442	200
5405	8.25819	0.877722	7.82366	200
5406	8.29717	0.860879	7.83353	200
5407	8.0793	0.835249	7.83865	200
5408	8.25177	0.81766	7.84725	200
5409	8.27553	0.801435	7.85618	200
5410	8.2722	0.785376	7.86484	200
5411	8.15876	0.764898	7.87096	200
5412	8.31475	0.751518	7.88021	200
5413	8.94227	0.764457	7.90234	200
5414	8.87721	0.771971	7.91974	200
5415	8.94003	0.780839	7.93796	200
5416	9.03269	0.792049	7.95751	200
5417	9.02453	0.801869	7.97656	200
5418	8.86915	0.805108	7.9925	200
5419	8.865	0.807514	8.00808	200
5420	8.92568	0.811445	8.02447	200
5421	8.97388	0.816372	8.04142	200
5422	8.8697	0.816797	8.05621	200
5423	8.89871	0.817715	8.07125	200
5424	8.95231	0.819977	8.08699	200
5425	8.86282	0.8184	8.10084	200
5426	8.98358	0.820698	8.1166	200
5427	9.60878	0.844679	8.14325	200
5428	9.6146	0.86706	8.16952	200
5429	9.54363	0.885168	8.19406	200
5430	9.48108	0.899519	8.21704	200
5431	9.60951	0.917124	8.24191	200
5432	9.67284	0.935474	8.26746	200
5433	9.59235	0.949381	8.29112	200
5434	9.69279	0.965534	8.31615	200
5435	9.63475	0.978143	8.33969	200
5436	9.6052	0.988406	8.36229	200
5437	9.62247	0.998112	8.38479	200
5438	9.55168	1.00414	8.40563	200
5439	9.5608	1.00953	8.42626	200
5440	9.50961	1.01217	8.4456	200
5441	9.57848	1.01648	8.46583	200
5442	10.2963	1.04555	8.49852	200
5443	10.3107	1.06951	8.52683	200
5444	10.3444	1.09288	8.55523	200
5445	10.297	1.11316	8.58245	200
5446	10.2305	1.12987	8.6082	200
5447	10.2419	1.14562	8.63372	200
5448	10.3459	1.16332	8.66047	200
5449	10.2161	1.17558	8.68478	200
5450	10.2054	1.18636	8.70854	200
5451	10.2961	1.1989	8.73334	200
5452	10.3305	1.21312	8.76187	200
5453	10.3272	1.2257	8.78982	200
5454	10.319	1.23834	8.82167	200
5455	10.3238	1.24933	8.85297	200
5456	10.3163	1.26004	8.88955	200
5457	10.285	1.2668	8.92444	200
5458	11.0874	1.32282	8.99203	200
5459	11.1058	1.37225	9.05808	200
5460	10.9714	1.40606	9.11787	200
5461	10.9993	1.43577	9.17667	200
5462	10.9952	1.45969	9.2335	200
5463	10.9872	1.47806	9.2883	200
5464	10.9449	1.48923	9.34007	200
5465	11.0638	1.50388	9.39394	200
5466	10.9725	1.50855	9.44326	200
5467	6.09192	1.62372	9.33853	200
5468	6.06427	1.70625	9.25668	200
5469	6.15375	1.77608	9.1791	200
5470	6.3305	1.82971	9.10789	200
5471	6.20612	1.88331	9.03534	200
5472	6.17877	1.93197	8.96393	200
5473	6.1861	1.97427	8.89448	200
5474	6.14323	2.01311	8.8257	200
5475	6.2319	2.04215	8.76085	200
5476	6.14685	2.07074	8.6955	200
5477	6.82745	2.06061	8.6488	200
5478	6.8593	2.04705	8.60406	200
5479	6.89271	2.03026	8.56128	200
5480	6.76419	2.01861	8.51635	200
5481	6.81201	2.00289	8.47374	200
5482	6.87459	1.9827	8.43376	200
5483	6.86154	1.96218	8.39446	200
5484	6.83924	1.94183	8.35557	200
5485	6.82034	1.9215	8.31719	200
5486	6.84279	1.89915	8.28033	200
5487	6.9044	1.87298	8.24593	200
5488	7.5698	1.81314	8.22903	200
5489	7.54947	1.76591	8.21487	200
5490	7.53143	1.72081	8.20063	200
5491	7.49227	1.67862	8.18587	200
5492	7.58287	1.6338	8.17331	200
5493	7.53334	1.59239	8.15998	200
5494	7.54534	1.55165	8.14717	200
5495	7.54477	1.5121	8.13462	200
5496	7.55558	1.47322	8.12256	200
5497	7.5985	1.43367	8.11164	200
5498	7.58979	1.39568	8.10077	200
5499	7.52898	1.36135	8.08886	200
5500	8.20752	1.30957	8.09133	200
5501	8.23506	1.261	8.09432	200
5502	8.256	1.21519	8.09769	200
5503	8.23683	1.17036	8.10059	200
5504	8.25478	1.12801	8.1038	200
5505	8.27096	1.08798	8.10728	200
5506	8.30848	1.05103	8.11147	200
5507	8.30562	1.01532	8.11552	200
5508	8.22118	0.977421	8.11772	200
5509	8.23069	0.941402	8.12007	200
5510	8.18126	0.904726	8.12134	200
5511	8.27694	0.873512	8.12459	200
5512	8.2665	0.843028	8.12754	200
5513	9.01291	0.844792	8.14599	200
5514	8.92113	0.842304	8.15983	200
5515	8.93936	0.840062	8.17375	200
5516	8.93609	0.837286	8.18736	200
5517	8.9291	0.833873	8.20061	200
5518	8.90742	0.829335	8.21323	200
5519	8.95576	0.826234	8.22649	200
5520	8.86285	0.819453	8.23785	200
5521	9.03646	0.818708	8.25211	200
5522	8.94284	0.814137	8.26444	200
5523	8.99113	0.811013	8.27742	200
5524	8.89361	0.804055	8.28842	200
5525	8.95857	0.799272	8.30039	200
5526	8.87045	0.791085	8.31057	200
5527	9.53846	0.806685	8.33249	200
5528	9.62688	0.824102	8.35561	200
5529	9.58947	0.838736	8.37764	200
5530	9.58804	0.852009	8.39925	200
5531	9.61656	0.865055	8.42099	200
5532	9.71978	0.880545	8.44418	200
5533	9.55267	0.888685	8.46398	200
5534	9.73905	0.902484	8.48675	200
5535	9.59029	0.909664	8.50645	200
5536	9.58907	0.91687	8.52901	200
5537	9.50736	0.919431	8.54939	200
5538	9.65394	0.928686	8.577	200
5539	9.54519	0.93066	8.60121	200
5540	9.66357	0.938891	8.6344	200
5541	9.65541	0.944023	8.66631	200
5542	10.2883	0.986392	8.71699	200
5543	10.2948	1.02336	8.7663	200
5544	10.3453	1.05808	8.81564	200
5545	10.3929	1.09053	8.86493	200
5546	10.307	1.1125	8.91	200
5547	10.1838	1.12258	8.9498	200
5548	10.3846	1.14209	8.99464	200
5549	5.41732	1.29429	8.88285	200
5550	5.53496	1.42264	8.77822	200
5551	5.48386	1.53963	8.67527	200
5552	5.44286	1.64542	8.57426	200
5553	6.12213	1.71265	8.47209	200
5554	6.0893	1.76849	8.37281	200
5555	6.13653	1.82697	8.23304	200
5556	6.24985	1.84649	8.10909	200
5557	6.04893	1.8732	7.98033	200
5558	6.35582	1.85248	7.91264	200
5559	6.23646	1.83779	7.8428	200
5560	3.42671	2.05264	7.65879	200
5561	3.41908	2.2349	7.48214	200
5562	3.48857	2.38145	7.31574	200
5563	4.13281	2.44824	7.18312	200
5564	4.07845	2.50294	7.05376	200
5565	4.01691	2.54744	6.92722	200
5566	4.12922	2.56832	6.81064	200
5567	4.05631	2.58381	6.69587	200
5568	4.12824	2.58247	6.58889	200
5569	4.1115	2.57371	6.48566	200
5570	4.8537	2.49523	6.41766	200
5571	4.67402	2.44826	6.36318	200
5572	4.77646	2.39441	6.31359	200
5573	4.81021	2.33872	6.26661	200
5574	4.80845	2.28368	6.22104	200
5575	4.75236	2.23274	6.17514	200
5576	4.7928	2.17959	6.13194	200
5577	4.75275	2.12957	6.08885	200
5578	5.42445	2.038	6.06808	200
5579	5.48525	1.94705	6.04987	200
5580	5.5115	1.859	6.03304	200
5581	5.50897	1.77557	6.01666	200
5582	5.57456	1.69223	6.00285	200
5583	5.46309	1.6202	5.98598	200
5585	4.8944	1.58716	5.95187	200
5586	4.79727	1.56012	5.91579	200
5587	5.50451	1.48832	5.90293	200
5588	5.48857	1.4212	5.88999	200
5589	5.47221	1.37102	5.87954	200
5590	5.43715	1.32459	5.86848	200
5591	5.43316	1.28013	5.8576	200
5592	5.46801	1.2356	5.84786	200
5593	5.3692	1.19775	5.83589	200
5594	5.56558	1.15138	5.82913	200
5595	5.50929	1.1098	5.82113	200
5598	4.83825	1.10346	5.79656	200
5600	4.08609	1.13381	5.7538	200
5601	4.14997	1.15731	5.7137	200
5602	4.22322	1.17397	5.67644	200
5603	4.02947	1.19762	5.63527	200
5604	4.09824	1.21459	5.59684	200
5605	4.0938	1.22901	5.55926	200
5606	4.27899	1.23157	5.52726	200
5607	4.12379	1.24017	5.49217	200
5608	4.83233	1.21115	5.47567	200
5609	4.74868	1.18694	5.4575	200
5610	4.82186	1.15938	5.44161	200
5611	4.80465	1.13325	5.42568	200
5612	4.82638	1.10656	5.4107	200
5613	4.67035	1.0913	5.39527	200
5614	4.91504	1.06584	5.38527	200
5615	4.79814	1.04589	5.37304	200
5616	4.82527	1.02513	5.36163	200
5617	4.8547	1.00354	5.35107	200
5618	4.84633	0.982757	5.34055	200
5619	4.95639	0.957815	5.33254	200
5620	5.65919	0.931516	5.33935	200
5621	5.66474	0.90626	5.34613	200
5623	4.92953	0.885857	5.33745	200
5624	4.91437	0.866574	5.32863	200
5626	4.20112	0.877446	5.30514	200
5627	4.19938	0.886959	5.28211	200
5628	4.06817	0.900583	5.25681	200
5629	4.06251	0.912821	5.23193	200
5630	4.11322	0.921399	5.20863	200
5631	4.10327	0.929063	5.1856	200
5632	4.77542	0.907442	5.17705	200
5633	4.89817	0.881251	5.17124	200
5634	4.78721	0.860533	5.16324	200
5635	4.94743	0.833669	5.15874	200
5636	4.86382	0.811221	5.1526	200
5637	4.83737	0.790554	5.14603	200
5638	4.83091	0.770744	5.13946	200
5639	4.80419	0.755191	5.13348	200
5640	4.73111	0.74259	5.12629	200
5641	4.89037	0.724494	5.12208	200
5642	4.77945	0.710856	5.11596	200
5643	4.71563	0.699765	5.10881	200
5644	4.83135	0.684682	5.10386	200
5645	4.79606	0.671221	5.09836	200
5646	5.42631	0.658961	5.10421	200
5647	5.43587	0.647271	5.11014	200
5648	5.52001	0.638792	5.11745	200
5649	5.38143	0.625405	5.12217	200
5650	5.37175	0.611982	5.12662	200
5651	5.60548	0.607227	5.13517	200
5652	5.43317	0.596183	5.14049	200
5653	5.46351	0.586426	5.14626	200
5654	5.52136	0.578878	5.15296	200
5655	5.50674	0.570838	5.15928	200
5656	5.43653	0.560352	5.16423	200
5657	5.43735	0.550093	5.16911	200
5658	5.50303	0.542372	5.17507	200
5659	5.42258	0.531841	5.17949	200
5660	5.47693	0.523469	5.1848	200
5661	6.15817	0.539536	5.20218	200
5662	6.17149	0.554885	5.21949	200
5663	6.17425	0.569166	5.23654	200
5664	6.23161	0.584377	5.2543	200
5665	6.22731	0.598256	5.27168	200
5666	6.17351	0.609098	5.28778	200
5667	6.16565	0.618697	5.30346	200
5668	6.17737	0.626672	5.31711	200
5669	6.22039	0.635316	5.33123	200
5670	6.29634	0.645622	5.34631	200
5671	6.16506	0.651032	5.3591	200
5672	6.17725	0.656254	5.37188	200
5673	6.10724	0.658726	5.38337	200
5674	6.18062	0.663054	5.39583	200
5675	6.16178	0.666269	5.4078	200
5676	6.19962	0.670192	5.42017	200
5677	6.88593	0.695053	5.44307	200
5678	6.83386	0.716794	5.4648	200
5679	6.84064	0.737389	5.4863	200
5680	6.74674	0.753734	5.50599	200
5681	6.85753	0.772415	5.52711	200
5682	6.9909	0.79402	5.54998	200
5683	6.87231	0.810529	5.57064	200
5684	6.82859	0.82451	5.5903	200
5685	6.88777	0.83929	5.61057	200
5686	6.85297	0.851887	5.62998	200
5687	6.89344	0.864748	5.64972	200
5688	6.85344	0.87534	5.66853	200
5689	6.88184	0.885901	5.68749	200
5690	6.8592	0.894832	5.7058	200
5691	6.86832	0.903197	5.72396	200
5692	6.73132	0.906452	5.7397	200
5693	6.86788	0.91338	5.75732	200
5694	7.55134	0.940899	5.78536	200
5695	7.48899	0.964734	5.81198	200
5696	7.74906	0.99512	5.84224	200
5697	7.55833	1.01765	5.86905	200
5698	7.51398	1.03725	5.89475	200
5699	7.53176	1.05599	5.92033	200
5700	7.52369	1.0731	5.94538	200
5701	7.5456	1.08774	5.96761	200
5702	7.54837	1.10144	5.98956	200
5703	7.61246	1.11592	6.01211	200
5704	7.65879	1.13066	6.03498	200
5705	7.59421	1.14257	6.05663	200
5706	7.58098	1.15317	6.0778	200
5707	7.31932	1.15563	6.09504	200
5708	7.53137	1.16342	6.11499	200
5709	7.61632	1.17281	6.13584	200
5710	7.54741	1.17944	6.15545	200
5711	7.59592	1.18669	6.17546	200
5712	8.23297	1.21088	6.20403	200
5713	8.25064	1.23409	6.23246	200
5714	8.3969	1.25994	6.26252	200
5715	8.1593	1.27763	6.28886	200
5716	8.11516	1.29287	6.31423	200
5717	8.24077	1.31047	6.34098	200
5718	8.18042	1.32516	6.36653	200
5719	8.25212	1.34073	6.39272	200
5720	8.23934	1.35478	6.41837	200
5721	8.21406	1.36703	6.44331	200
5722	8.31988	1.38118	6.46937	200
5723	8.22308	1.39153	6.49373	200
5724	8.24193	1.40144	6.51801	200
5725	8.22051	1.4098	6.54165	200
5726	8.15372	1.41542	6.56404	200
5727	8.23066	1.42239	6.58719	200
5728	8.26981	1.42962	6.61056	200
5729	8.18737	1.43371	6.63246	200
5730	8.25334	1.43956	6.65778	200
5731	8.92489	1.46542	6.6932	200
5732	8.92971	1.49296	6.73314	200
5733	8.92965	1.51808	6.77236	200
5734	8.90816	1.54382	6.81686	200
5735	8.93318	1.56767	6.86095	200
5736	8.88317	1.5904	6.91151	200
5737	8.91571	1.61109	6.96161	200
5738	8.97201	1.63106	7.01187	200
5739	8.85678	1.64175	7.05799	200
5740	9.0385	1.65869	7.1075	200
5741	2.72907	1.79467	6.99804	200
5742	2.70036	1.91982	6.8906	200
5743	2.73518	2.0316	6.78671	200
5744	2.64794	2.13696	6.68324	200
5745	2.7567	2.22644	6.58508	200
5746	3.4209	2.27333	6.50598	200
5747	3.44305	2.31281	6.4294	200
5748	3.64017	2.33663	6.35967	200
5749	3.61081	2.35724	6.29095	200
5750	3.37547	2.38515	6.21806	200
5751	3.48241	2.40267	6.14967	200
5752	3.43555	2.41825	6.08182	200
5753	3.24578	2.43565	6.02273	200
5754	3.22373	2.45079	5.96442	200
5755	3.46875	2.45266	5.91242	200
5756	3.43486	2.4537	5.86081	200
5757	3.65565	2.44334	5.81487	200
5758	4.09395	2.41324	5.77901	200
5759	4.11798	2.3819	5.74441	200
5760	4.14006	2.3495	5.71098	200
5761	4.09448	2.31896	5.67731	200
5762	4.03497	2.29076	5.64309	200
5763	3.86632	2.26935	5.60607	200
5764	4.12737	2.2364	5.57527	200
5765	4.06543	2.20613	5.54381	200
5766	4.18016	2.17103	5.5154	200
5767	4.16489	2.13684	5.48726	200
5768	4.12518	2.10455	5.45889	200
5769	4.0948	2.0737	5.43047	200
5770	4.12424	2.04172	5.40325	200
5771	4.8113	1.98132	5.39092	200
5772	4.77634	1.92437	5.37812	200
5773	4.77036	1.86951	5.36546	200
5774	4.73787	1.81776	5.35238	200
5775	4.79753	1.76514	5.34082	200
5776	4.80971	1.71372	5.32976	200
5777	4.82011	1.66355	5.31914	200
5778	4.81103	1.62229	5.31006	200
5779	4.74902	1.58438	5.30004	200
5780	4.75342	1.54732	5.29028	200
5781	4.82844	1.50855	5.28203	200
5782	4.82923	1.47085	5.27395	200
5783	4.78872	1.43565	5.26528	200
5784	4.87109	1.39845	5.25824	200
5785	5.45092	1.35539	5.26168	200
5786	5.46719	1.31432	5.26535	200
5787	5.50328	1.27588	5.2696	200
5788	5.47708	1.23772	5.2733	200
5789	5.49523	1.20144	5.27727	200
5790	5.4691	1.16538	5.28069	200
5791	5.47389	1.13066	5.28414	200
5792	5.49599	1.09785	5.28792	200
5793	5.57125	1.06876	5.29298	200
5794	5.51897	1.03866	5.29702	200
5795	5.49376	1.00859	5.30053	200
5796	5.57188	0.982258	5.30538	200
5797	5.50904	0.954451	5.30901	200
5798	5.57528	0.929873	5.31377	200
5799	6.21388	0.92881	5.32984	200
5800	6.21267	0.927167	5.3456	200
5801	6.08154	0.920337	5.35874	200
5802	6.15568	0.915929	5.37298	200
5803	6.14563	0.910812	5.38677	200
5804	6.15034	0.905553	5.40041	200
5805	6.13558	0.899468	5.41354	200
5806	6.11904	0.893406	5.42456	200
5807	6.03278	0.884494	5.43406	200
5808	6.115	0.878132	5.4447	200
5809	6.12469	0.87194	5.45532	200
5810	6.20845	0.868226	5.46709	200
5811	6.07261	0.860016	5.47655	200
5812	6.15342	0.854292	5.48713	200
5813	6.25223	0.851504	5.49908	200
5814	6.20087	0.846825	5.51005	200
5815	6.87486	0.863012	5.53137	200
5816	6.90409	0.87894	5.55282	200
5817	6.89974	0.893564	5.57386	200
5818	6.92018	0.907712	5.5949	200
5819	6.96081	0.92203	5.61624	200
5820	6.83411	0.931274	5.63527	200
5821	6.85258	0.940212	5.65429	200
5822	6.87696	0.949038	5.6734	200
5823	6.80228	0.954658	5.69103	200
5824	6.81934	0.960084	5.70866	200
5825	6.78067	0.963581	5.72541	200
5826	6.83195	0.968048	5.7427	200
5827	6.83478	0.971924	5.75976	200
5828	6.82746	0.974916	5.77645	200
5829	6.793	0.976402	5.7946	200
5830	6.89624	0.980874	5.81427	200
5831	6.91667	0.985937	5.83724	200
5832	7.60977	1.01871	5.87416	200
5833	7.55233	1.05168	5.91612	200
5834	7.57557	1.08207	5.9576	200
5835	7.54891	1.1139	6.00733	200
5836	7.66381	1.14781	6.0591	200
5837	7.67248	1.17691	6.10952	200
5838	2.01585	1.3592	5.98159	200
5839	1.94927	1.52627	5.85558	200
5840	1.95316	1.64508	5.75802	200
5841	2.04788	1.74833	5.66526	200
5842	2.03839	1.84226	5.57459	200
5843	2.71037	1.89335	5.50298	200
5844	2.78728	1.93447	5.43509	200
5845	2.83298	1.96785	5.37004	200
5846	2.77532	1.9992	5.30517	200
5847	2.73999	2.02749	5.24104	200
5848	2.68642	2.05385	5.17717	200
5849	2.61787	2.07912	5.11319	200
5850	2.70513	2.09557	5.05299	200
5851	2.81744	2.10257	4.9971	200
5852	2.69158	2.11271	4.93946	200
5853	2.74071	2.11701	4.88449	200
5854	3.47766	2.0815	4.84932	200
5855	3.4773	2.04603	4.81502	200
5856	3.35343	2.01681	4.77848	200
5857	3.49241	1.98027	4.74633	200
5858	3.47797	1.94467	4.71462	200
5859	3.36285	1.91503	4.68082	200
5860	3.34695	1.88597	4.64748	200
5861	3.49145	1.85556	4.62339	200
5862	3.41832	1.82845	4.59829	200
5863	3.38599	1.80278	4.57303	200
5864	3.50796	1.77204	4.55084	200
5865	3.41064	1.74571	4.52708	200
5866	4.18399	1.68727	4.51994	200
5867	4.06541	1.6359	4.51047	200
5868	4.10844	1.58449	4.50209	200
5869	4.11663	1.53453	4.49406	200
5870	4.10829	1.48667	4.48602	200
5871	4.15017	1.43871	4.47903	200
5872	4.10702	1.39427	4.47128	200
5873	4.09779	1.35173	4.46349	200
5874	4.05565	1.31241	4.455	200
5875	4.09737	1.27262	4.44755	200
5876	4.04267	1.23647	4.43911	200
5877	4.14191	1.19733	4.43292	200
5878	4.0587	1.16303	4.42512	200
5879	4.7193	1.12683	4.43125	200
5880	4.78983	1.09482	4.43872	200
5881	5.5226	1.09436	4.4613	200
5882	6.17741	1.12027	4.49705	200
5883	6.21091	1.145	4.53276	200
5884	6.11159	1.16308	4.56565	200
5885	6.13519	1.17759	4.59368	200
5886	6.25381	1.19483	4.62332	200
5887	6.23673	1.20978	4.65213	200
5888	6.077	1.21746	4.67758	200
5889	6.18048	1.22765	4.70441	200
5890	5.51858	1.21288	4.71895	200
5891	5.48219	1.19682	4.73258	200
5892	5.54404	1.18306	4.74707	200
5893	6.19983	1.19269	4.77301	200
5894	6.19734	1.20096	4.79845	200
5895	6.09132	1.20425	4.82153	200
5896	6.19546	1.21031	4.84607	200
5897	6.14	1.21329	4.86917	200
5898	9.04292	1.31902	4.9437	200
5899	8.87169	1.4122	5.01384	200
5900	8.89679	1.50044	5.08318	200
5901	8.88036	1.58247	5.15099	200
5902	8.9316	1.66097	5.2185	200
5903	8.91926	1.73382	5.28458	200
5904	8.97861	1.80383	5.35055	200
5905	8.85814	1.86468	5.41318	200
5906	8.9464	1.92426	5.47628	200
5907	8.95255	1.97969	5.53835	200
5908	9.66362	2.05632	5.61202	200
5909	8.94786	2.10202	5.67159	200
5910	8.94482	2.14385	5.73003	200
5911	8.81669	2.17331	5.77826	200
5912	8.928	2.20382	5.82748	200
5913	8.91991	2.23159	5.8758	200
5914	8.92718	2.25721	5.92347	200
5915	8.94775	2.28118	5.97073	200
5916	8.9665	2.30351	6.01753	200
5917	8.88309	2.32107	6.06231	200
5918	8.90502	2.33737	6.10673	200
5919	8.98017	2.35413	6.15162	200
5920	9.05171	2.37119	6.19694	200
5921	8.87302	2.38071	6.23875	200
5922	8.93726	2.39065	6.28091	200
5923	8.93196	2.39878	6.32233	200
5924	9.58045	2.42564	6.37324	200
5925	9.72705	2.45464	6.42565	200
5926	9.63735	2.4783	6.47583	200
5927	9.61809	2.49905	6.52492	200
5928	12.4635	2.60653	6.61771	200
5929	12.4943	2.70872	6.70953	200
5930	12.3666	2.80085	6.79793	200
5931	12.3799	2.88776	6.88514	200
5932	12.5059	2.97317	6.97297	200
5933	12.2951	3.04657	7.05612	200
5934	12.2541	3.11381	7.13734	200
5935	12.3833	3.18044	7.21931	200
5936	12.4276	3.2438	7.30069	200
5937	12.366	3.30072	7.37983	200
5938	12.4742	3.35678	7.45944	200
5939	12.2701	3.40221	7.5346	200
5940	12.3456	3.44624	7.60977	200
5941	13.143	3.51145	7.69623	200
5942	13.1162	3.56447	7.77151	200
5943	12.9728	3.60993	7.84375	200
5948	8.96063	3.54068	7.85926	200
5949	8.82133	3.46905	7.87262	200
5950	8.92215	3.40184	7.8872	200
5951	8.93785	3.33653	7.90179	200
5952	8.87913	3.271	7.91536	200
5953	8.89398	3.20732	7.92895	200
5954	8.89645	3.1451	7.94239	200
5955	8.81797	3.08206	7.95455	200
5956	9.01855	3.026	7.96933	200
5957	8.96995	2.96974	7.98322	200
5958	8.84226	2.91111	7.99515	200
5959	9.51885	2.87257	8.01632	200
5960	9.44564	2.83248	8.03617	200
5967	5.44639	2.82574	8.0002	200
5968	5.57155	2.81471	7.96647	200
5969	5.53925	2.80394	7.93275	200
5970	5.39785	2.79647	7.89755	200
5971	5.54751	2.78407	7.86491	200
5972	5.48195	2.77293	7.83181	200
5973	5.5774	2.75852	7.8005	200
5974	5.5087	2.74556	7.76867	200
5975	5.47377	2.73304	7.73679	200
5976	5.44149	2.72088	7.70491	200
5977	5.53017	2.70571	7.67471	200
5978	6.06718	2.6752	7.65238	200
5979	6.15149	2.64258	7.63153	200
5980	6.20127	2.60891	7.61167	200
5981	6.17971	2.57621	7.59178	200
5982	6.13484	2.54512	7.57154	200
5983	6.21194	2.51219	7.55266	200
5984	6.20223	2.47992	7.5339	200
5985	6.16322	2.4491	7.51487	200
5986	6.1246	2.41969	7.49556	200
5987	6.21323	2.3881	7.47774	200
5988	6.25918	2.35561	7.46082	200
5989	6.08068	2.33122	7.44357	200
5990	6.15645	2.30512	7.42748	200
5991	6.08065	2.28116	7.41064	200
5992	6.11304	2.25657	7.39442	200
5993	6.13105	2.23174	7.37863	200
5994	6.22067	2.2049	7.36415	200
5995	6.14648	2.18022	7.34893	200
5996	6.14982	2.15569	7.33394	200
5997	6.10042	2.13263	7.31852	200
5998	6.75831	2.09332	7.31152	200
5999	6.8308	2.05301	7.30551	200
6000	6.86706	2.01264	7.30003	200
6001	6.87476	1.97296	7.29472	200
6002	6.86029	1.93449	7.28928	200
6003	6.96574	1.89422	7.28524	200
6004	6.82589	1.85436	7.27886	200
6005	6.78981	1.81643	7.27207	200
6006	6.85922	1.77257	7.26562	200
6007	6.88729	1.729	7.2597	200
6008	6.93278	1.67893	7.25387	200
6009	6.89897	1.63164	7.24753	200
6010	6.9161	1.57746	7.24062	200
6011	6.88306	1.52663	7.23317	200
6012	6.91308	1.4663	7.22517	200
6013	0.748555	1.71682	7.06325	200
6014	0.754827	1.9464	6.90554	200
6015	0.731884	2.15776	6.7512	200
6016	0.743683	2.35025	6.60101	200
6017	1.01559	2.51201	6.46138	200
6018	1.19767	2.64959	6.32978	200
6019	1.12742	2.77723	6.19972	200
6020	1.45526	2.87559	6.08111	200
6021	1.2801	2.97186	5.96108	200
6022	1.26511	3.0437	5.86325	200
6023	1.98544	3.07845	5.78246	200
6024	1.39228	3.13311	5.691	200
6025	1.42062	3.18049	5.60203	200
6026	1.47538	3.21992	5.51606	200
6027	1.37121	3.25846	5.42971	200
6028	1.54823	3.28441	5.34884	200
6029	1.67436	3.30067	5.27229	200
6030	1.48639	3.32088	5.19342	200
6031	1.27873	3.34563	5.11186	200
6032	1.29706	3.36517	5.03239	200
6033	1.43664	3.37478	4.95748	200
6034	1.55938	3.37575	4.88668	200
6035	1.61669	3.37134	4.81856	200
6036	2.31866	3.33503	4.76648	200
6037	2.11701	3.30647	4.71128	200
6038	2.09183	3.27784	4.65671	200
6039	2.09256	3.2481	4.60329	200
6040	2.06982	3.21833	4.55051	200
6041	2.09392	3.18659	4.49933	200
6042	2.01757	3.15722	4.44762	200
6043	2.11237	3.12297	4.39897	200
6044	2.06912	3.08992	4.35043	200
6045	2.0275	3.05796	4.30204	200
6046	1.99948	3.02649	4.25407	200
6047	2.00166	2.99884	4.21384	200
6048	2.13803	2.96588	4.17678	200
6049	2.11884	2.93345	4.14003	200
6050	2.71835	2.87946	4.11464	200
6051	2.83168	2.82244	4.09173	200
6052	2.76042	2.76918	4.06795	200
6053	2.66787	2.72029	4.04295	200
6054	2.73009	2.67002	4.01951	200
6055	2.64655	2.6237	3.99499	200
6056	2.70908	2.57592	3.97203	200
6057	2.86995	2.52328	3.95235	200
6058	2.80116	2.47428	3.93179	200
6059	2.79093	2.42665	3.91142	200
6060	2.68744	2.3837	3.88956	200
6061	2.60362	2.34449	3.8666	200
6062	2.76089	2.30025	3.84685	200
6063	2.66205	2.26041	3.82569	200
6064	2.74051	2.21844	3.80631	200
6065	3.40928	2.15339	3.79922	200
6066	3.39636	2.09087	3.79203	200
6067	3.40885	2.02988	3.78519	200
6068	3.55207	1.96571	3.78102	200
6069	3.46127	1.90692	3.77531	200
6070	3.43948	1.85081	3.76932	200
6071	3.46082	1.79573	3.76381	200
6072	3.33861	1.74678	3.75622	200
6073	3.2997	1.7007	3.74806	200
6074	3.33809	1.6546	3.74074	200
6075	3.42143	1.60691	3.73504	200
6076	3.45258	1.56552	3.73062	200
6077	3.5	1.52381	3.72702	200
6078	3.51922	1.48268	3.72377	200
6079	3.44112	1.44518	3.71936	200
6080	3.40317	1.4099	3.71442	200
6081	4.16648	1.37997	3.72148	200
6082	4.09909	1.34864	3.72738	200
6083	4.16533	1.32018	3.73422	200
6084	3.9912	1.28696	3.73824	200
6085	4.22016	1.2618	3.74577	200
6086	4.19263	1.23633	3.75275	200
6087	4.09864	1.2085	3.75815	200
6088	4.07857	1.18075	3.76316	200
6089	4.00265	1.15134	3.7669	200
6090	4.11543	1.12625	3.77234	200
6091	4.03048	1.09912	3.77638	200
6092	4.04554	1.07318	3.78058	200
6093	4.04664	1.04796	3.78474	200
6094	4.23698	1.02934	3.79181	200
6095	4.13928	1.00803	3.79723	200
6096	4.10948	0.986289	3.80211	200
6097	4.07789	0.964085	3.80642	200
6098	4.83526	0.966108	3.82249	200
6099	4.85998	0.968338	3.83871	200
6100	4.87538	0.970473	3.8549	200
6101	4.70509	0.966714	3.86819	200
6102	4.77452	0.964827	3.88235	200
6103	4.99567	0.97013	3.90223	200
6104	4.85177	0.969394	3.91918	200
6105	4.80937	0.966093	3.93773	200
6106	4.80056	0.96179	3.9557	200
6107	4.71155	0.951493	3.9746	200
5944	209.861	11.1982	9.12175	200
6108	3.44838	10.8529	8.94446	200
6109	3.39395	10.5878	8.8057	200
6110	2.00219	10.3986	8.63561	200
6111	2.06337	10.2073	8.4713	200
6112	2.74154	9.98339	8.32806	200
6113	2.71963	9.76464	8.18785	200
6114	2.73529	9.54904	8.05153	200
6115	2.6865	9.33984	7.91741	200
6116	2.72486	9.13247	7.78759	200
6117	2.76897	8.92678	7.66213	200
6118	2.74218	8.72644	7.53913	200
6119	7.51817	8.29116	7.5386	200
6120	10.9139	8.04537	7.62298	200
6121	10.9657	7.81024	7.70655	200
6122	11.1152	7.59016	7.79177	200
6123	11.6807	7.40509	7.88899	200
6124	11.6567	7.25353	7.96748	200
6125	11.5595	7.10097	8.04232	200
6126	11.6868	6.95695	8.11824	200
6127	11.6828	6.8156	8.19251	200
6128	11.0066	6.64887	8.25113	200
6129	10.4062	6.46162	8.29603	200
6130	9.48862	6.24208	8.32087	200
6131	7.52333	6.01523	8.30426	200
6132	7.54591	5.79619	8.28846	200
6133	7.43156	5.59038	8.2706	200
6134	7.58809	5.38589	8.25638	200
6135	8.26398	5.16179	8.25654	200
6136	8.24085	4.94737	8.25622	200
6137	8.24958	4.74151	8.25608	200
6138	8.23587	4.54479	8.25566	200
6139	8.30318	4.3574	8.25665	200
6140	8.25755	4.17588	8.25666	200
6141	8.12981	4.00717	8.25402	200
6142	8.21726	3.84173	8.25325	200
6143	8.24696	3.68193	8.25312	200
6144	8.32085	3.53133	8.25453	200
6145	8.25174	3.38431	8.25447	200
6146	8.19553	3.24575	8.25325	200
6147	8.25716	3.11068	8.25333	200
6148	8.95619	3.01035	8.26797	200
6149	8.93037	2.92649	8.2798	200
6150	9.02989	2.84877	8.29319	200
6151	8.99225	2.77199	8.30568	200
6152	8.96096	2.69639	8.31738	200
6153	8.97809	2.62369	8.32917	200
6154	8.97572	2.55308	8.34072	200
6155	8.94942	2.48363	8.35159	200
6156	8.91159	2.41493	8.36159	200
6157	8.83122	2.34546	8.36997	200
6158	8.93574	2.2819	8.38007	200
6159	8.94722	2.22065	8.3902	200
6160	8.97713	2.16231	8.40068	200
6161	8.9406	2.10436	8.41032	200
6162	9.63184	2.07283	8.43214	200
6163	9.64839	2.04224	8.45385	200
6164	9.52593	2.00759	8.473	200
6165	9.55411	1.9745	8.4923	200
6166	9.5758	1.94268	8.51165	200
6167	9.57792	1.91138	8.53069	200
6168	9.65356	1.88322	8.55074	200
6169	9.72105	1.85776	8.57164	200
6170	9.67266	1.83073	8.5913	200
6171	9.68624	1.80445	8.61085	200
6172	9.65389	1.77726	8.62948	200
6173	9.6998	1.75201	8.64859	200
6174	9.55691	1.72188	8.66481	200
6175	9.55003	1.69199	8.68062	200
6176	9.55234	1.6627	8.69618	200
6177	10.2487	1.65876	8.7239	200
6183	6.79026	1.66735	8.69369	200
6184	6.7951	1.67458	8.66402	200
6186	6.12394	1.70162	8.62434	200
6187	6.27029	1.72201	8.58755	200
6188	6.08998	1.74625	8.54853	200
6189	6.14489	1.76679	8.51097	200
6190	6.1877	1.78418	8.47467	200
6191	6.23829	1.79831	8.43972	200
6192	6.32045	1.80834	8.40661	200
6193	6.859	1.80019	8.38243	200
6194	6.89064	1.79056	8.35912	200
6195	6.85785	1.78151	8.33566	200
6196	6.91097	1.77036	8.3134	200
6201	4.0576	1.84803	8.2469	200
6202	4.00561	1.92282	8.18063	200
6203	4.17106	1.98803	8.11798	200
6204	4.19031	2.04865	8.05661	200
6205	4.08485	2.10874	7.99455	200
6206	4.13899	2.16333	7.93431	200
6207	4.16749	2.21344	7.87545	200
6208	4.07647	2.26299	7.81609	200
6209	4.01901	2.31093	7.75676	200
6210	4.7712	2.33201	7.71011	200
6211	4.68003	2.35382	7.66277	200
6212	4.83385	2.36867	7.61857	200
6213	4.81101	2.38238	7.5747	200
6214	4.75447	2.39607	7.53063	200
6215	4.76634	2.40757	7.48744	200
6216	5.039	2.40885	7.44918	200
6217	4.79561	2.4165	7.40772	200
6218	4.9773	2.41693	7.36974	200
6219	4.74113	2.42355	7.32867	200
6220	4.76052	2.42806	7.28854	200
6221	4.78958	2.43003	7.25383	200
6222	4.87455	2.42862	7.22079	200
6223	4.6137	2.43358	7.18458	200
6224	4.7323	2.4341	7.15052	200
6225	4.63842	2.43627	7.11562	200
6226	4.82784	2.43214	7.08385	200
6227	4.75852	2.42917	7.05155	200
6228	5.48764	2.40514	7.02983	200
6229	5.47463	2.38153	7.00823	200
6230	5.53452	2.35631	6.98776	200
6231	5.40787	2.33474	6.96582	200
6232	5.51311	2.31024	6.94564	200
6233	5.51169	2.2859	6.92573	200
6234	5.43183	2.2639	6.90498	200
6235	5.48893	2.24035	6.88531	200
6236	5.44279	2.21818	6.86527	200
6237	5.52234	2.19387	6.84662	200
6238	5.36459	2.1741	6.82604	200
6239	5.48645	2.15092	6.80743	200
6240	5.48805	2.12782	6.78911	200
6241	5.42607	2.10657	6.77018	200
6242	5.50079	2.08332	6.75254	200
6243	5.45895	2.06138	6.73458	200
6244	5.49085	2.03867	6.7173	200
6245	5.45532	2.01709	6.69977	200
6246	5.46412	1.99538	6.68261	200
6247	6.14581	1.95487	6.67516	200
6248	6.19464	1.91391	6.66848	200
6249	6.14636	1.87525	6.66123	200
6250	6.30888	1.83295	6.65634	200
6251	6.22493	1.79402	6.65034	200
6252	6.21411	1.7563	6.64429	200
6253	6.21464	1.71945	6.63832	200
6254	6.18649	1.68424	6.63204	200
6255	6.36572	1.64485	6.62834	200
6256	6.19338	1.61124	6.6223	200
6257	6.17264	1.57897	6.61606	200
6258	6.28266	1.54783	6.61189	200
6259	6.0592	1.52296	6.60498	200
6260	6.391	1.49023	6.6023	200
6261	6.15362	1.46419	6.59669	200
6262	6.11613	1.4396	6.59069	200
6263	6.17698	1.41395	6.58551	200
6264	6.01766	1.3928	6.57841	200
6265	6.14523	1.36881	6.573	200
6266	6.2109	1.34364	6.56847	200
6267	6.88958	1.31808	6.57249	200
6268	6.7523	1.28962	6.57473	200
6269	6.86033	1.26452	6.5783	200
6270	6.64722	1.23463	6.57916	200
6271	6.90683	1.21195	6.58326	200
6272	6.95648	1.19098	6.58792	200
6273	6.84215	1.16756	6.5911	200
6274	6.89927	1.14608	6.59495	200
6275	6.90155	1.12509	6.59879	200
6276	6.85362	1.10333	6.60197	200
6277	6.85177	1.082	6.60509	200
6278	6.9025	1.06238	6.60881	200
6279	6.90096	1.04313	6.61246	200
6280	6.82467	1.02235	6.61511	200
6281	6.82565	1.00206	6.61774	200
6282	6.78235	0.981119	6.6198	200
6283	6.8781	0.963048	6.62303	200
6284	6.80705	0.943572	6.62533	200
6285	6.84621	0.925504	6.62809	200
6286	6.87346	0.9085	6.63115	200
6287	6.86014	0.891512	6.63402	200
6288	7.54793	0.892072	6.64544	200
6289	7.56505	0.89276	6.65693	200
6290	7.4845	0.89113	6.66728	200
6291	7.53763	0.89061	6.67816	200
6292	7.50567	0.889032	6.6885	200
6293	7.58133	0.889126	6.69966	200
6294	7.68225	0.891462	6.71194	200
6295	7.66855	0.89309	6.7239	200
6296	7.5661	0.891817	6.73443	200
6297	7.51741	0.889096	6.74421	200
6298	7.52051	0.886276	6.75392	200
6299	7.50453	0.883192	6.76245	200
6300	7.51544	0.880233	6.771	200
6301	7.56968	0.878379	6.78008	200
6302	7.561	0.876164	6.78895	200
6303	7.59993	0.874682	6.79817	200
6304	7.52756	0.871379	6.80645	200
6305	7.42486	0.865629	6.81348	200
6306	7.48029	0.86111	6.82106	200
6307	7.57453	0.858663	6.82962	200
6308	7.57571	0.856104	6.8381	200
6309	7.56791	0.853233	6.84639	200
6310	8.2394	0.8655	6.86222	200
6311	8.24321	0.877215	6.87791	200
6312	8.22123	0.887808	6.89318	200
6313	8.35005	0.900741	6.90973	200
6314	8.26683	0.911112	6.92515	200
6315	8.19164	0.919188	6.93954	200
6316	8.22391	0.927487	6.95414	200
6317	8.24221	0.935682	6.96878	200
6318	8.17804	0.941899	6.98252	200
6319	8.20187	0.948204	6.99637	200
6320	8.21209	0.954283	7.01019	200
6321	8.26405	0.961091	7.02444	200
6322	8.22064	0.966434	7.03803	200
6323	8.25315	0.972086	7.05184	200
6324	8.37651	0.980099	7.06689	200
6325	8.16175	0.982707	7.07933	200
6326	8.24245	0.986807	7.09255	200
6327	8.23568	0.990359	7.10554	200
6328	8.24653	0.993782	7.1185	200
6329	8.25613	0.997051	7.13143	200
6330	8.22436	0.99923	7.14385	200
6331	8.24933	1.00164	7.15641	200
6332	8.22205	1.0031	7.16852	200
6333	8.93723	1.0205	7.18862	200
6334	8.96018	1.03757	7.20875	200
6335	9.09045	1.05675	7.23013	200
6336	8.92349	1.07267	7.2513	200
6337	8.78024	1.08407	7.27041	200
6338	8.88406	1.09878	7.29282	200
6339	8.88043	1.11236	7.31487	200
6340	8.92138	1.1278	7.33997	200
6341	8.9328	1.14233	7.36486	200
6342	8.89979	1.15636	7.39227	200
6343	8.96842	1.17135	7.42041	200
6344	8.92561	1.18526	7.45177	200
6345	8.95659	1.19857	7.48312	200
6346	8.91563	1.20832	7.51296	200
6347	1.35865	1.4144	7.38475	200
6348	1.38172	1.60559	7.25969	200
6349	1.39678	1.78298	7.13754	200
6350	1.38388	1.94843	7.01767	200
6351	1.29298	2.10577	6.89841	200
6352	1.97189	2.2233	6.79577	200
6353	2.02835	2.32931	6.69645	200
6354	2.04292	2.42615	6.5995	200
6355	2.07042	2.51377	6.50514	200
6356	2.0372	2.59519	6.41206	200
6357	2.08296	2.66744	6.32187	200
6358	2.08724	2.73274	6.23365	200
6359	2.06988	2.79236	6.1469	200
6360	2.05921	2.84633	6.06174	200
6361	2.06695	2.89419	5.97852	200
6362	2.01804	2.93227	5.9078	200
6363	2.04705	2.96543	5.83885	200
6364	2.02651	2.99567	5.77078	200
6365	2.67207	2.99935	5.71544	200
6366	2.76632	2.99756	5.66278	200
6367	2.73075	2.99522	5.61042	200
6368	2.71748	2.99157	5.55876	200
6369	2.75337	2.98491	5.50866	200
6370	2.82957	2.97399	5.46082	200
6371	2.77185	2.96381	5.4128	200
6372	2.72634	2.95391	5.36483	200
6373	2.72974	2.94252	5.31777	200
6374	2.63256	2.93333	5.26982	200
6375	2.72195	2.91956	5.22433	200
6376	2.76364	2.90317	5.18038	200
6377	2.73363	2.88687	5.13669	200
6378	2.74216	2.86929	5.09393	200
6379	2.73545	2.85104	5.05182	200
6380	3.42927	2.80717	5.02284	200
6381	3.39051	2.76521	4.99369	200
6382	3.51195	2.71937	4.96723	200
6383	3.45732	2.67618	4.94027	200
6384	3.4345	2.63437	4.91338	200
6385	3.41711	2.59373	4.88666	200
6386	3.43765	2.55284	4.86078	200
6387	3.35084	2.5156	4.83382	200
6388	3.43013	2.47589	4.80875	200
6389	3.42174	2.437	4.78398	200
6390	3.4634	2.39712	4.7604	200
6391	3.44897	2.3632	4.73991	200
6392	3.45654	2.32945	4.71986	200
6393	3.39632	2.29802	4.69918	200
6394	3.40448	2.26666	4.67895	200
6395	3.39397	2.23598	4.65887	200
6396	4.07135	2.18447	4.64969	200
6397	4.117	2.13285	4.64136	200
6398	4.06292	2.08427	4.63232	200
6399	4.09184	2.03603	4.62388	200
6400	4.19016	1.98596	4.6171	200
6401	4.10693	1.93984	4.60913	200
6402	4.11244	1.89474	4.60137	200
6403	4.17202	1.84895	4.59466	200
6404	4.12721	1.80577	4.58735	200
6405	4.12917	1.76366	4.58019	200
6406	4.05673	1.7249	4.57202	200
6407	4.10914	1.68547	4.56478	200
6408	4.12963	1.64639	4.55798	200
6409	4.04505	1.61097	4.54997	200
6410	4.12175	1.57401	4.54328	200
6411	4.10898	1.53839	4.53649	200
6412	4.14128	1.50267	4.53031	200
6413	4.7971	1.46405	4.53448	200
6414	4.80795	1.42684	4.53875	200
6415	4.81432	1.39086	4.54306	200
6416	4.7779	1.35474	4.54673	200
6417	4.8324	1.32133	4.55119	200
6418	4.80448	1.28795	4.55515	200
6419	4.75963	1.25409	4.55834	200
6420	4.80271	1.22254	4.56216	200
6421	4.78996	1.19145	4.56572	200
6422	4.82157	1.16221	4.56972	200
6423	4.81093	1.13343	4.57348	200
6424	4.77057	1.10742	4.57622	200
6425	4.82052	1.08345	4.57962	200
6426	4.81021	1.05976	4.58282	200
6427	4.83618	1.03736	4.58634	200
6428	4.79041	1.01421	4.58917	200
6429	4.7515	0.990544	4.59142	200
6430	4.79972	0.968814	4.59431	200
6431	5.47591	0.966391	4.60656	200
6432	5.47267	0.963257	4.62009	200
6433	5.50684	0.960866	4.63395	200
6434	5.49209	0.957197	4.64927	200
6435	5.44202	0.951323	4.66343	200
6436	5.53852	0.948146	4.68166	200
6437	5.52716	0.943869	4.69927	200
6438	5.47325	0.935374	4.71862	200
6182	197.9	10.5477	9.54816	200
6181	199.207	19.5032	14.2896	200
6180	200.631	27.8452	18.9482	241.709
6439	4.1051	27.1951	18.5771	236.138
6440	4.21772	26.5533	18.2181	230.644
6441	4.08577	25.9322	17.8648	225.323
6442	4.06501	25.3256	17.5198	220.125
6443	3.40587	24.765	17.167	215.287
6444	3.38644	24.2158	16.8224	210.549
6445	3.31746	23.6803	16.4848	205.927
6446	3.42251	23.1494	16.1583	201.353
6447	3.47384	22.6261	15.8411	200
6448	3.39912	22.1169	15.5301	200
6449	3.42115	21.6165	15.2274	200
6450	4.09462	21.0923	14.9491	200
6451	4.13598	20.5784	14.6787	200
6452	4.14677	20.076	14.4154	200
6453	4.80166	19.5529	14.1751	200
6454	5.51586	19.0082	13.9586	200
6455	5.56682	18.5659	13.7838	200
6456	5.5081	18.1371	13.6114	200
6457	5.54785	17.7174	13.4434	200
6458	5.51013	17.3097	13.2781	200
6459	5.48116	16.9134	13.1157	200
6460	5.49442	16.5262	12.9569	200
6461	4.73469	16.1802	12.7856	200
6462	5.42004	15.8129	12.6321	200
6463	5.42224	15.4544	12.4819	200
6464	5.50244	15.1013	12.3365	200
6465	5.41208	14.7606	12.1923	200
6466	5.47639	14.4254	12.0524	200
6467	5.4785	14.0983	11.9154	200
6468	5.47227	13.7793	11.7812	200
6469	9.00764	13.3207	11.7234	200
6470	8.95745	12.8809	11.6658	200
6471	8.90036	12.4595	11.6081	200
6472	8.93902	12.0515	11.5525	200
6473	8.9252	11.6589	11.4978	200
6474	9.607	11.2519	11.4584	200
6475	9.61785	10.9157	11.4255	200
6476	9.58948	10.5915	11.3928	200
6477	9.74834	10.2719	11.3634	200
6478	9.61635	9.96746	11.3322	200
6479	8.96904	9.69588	11.29	200
6480	8.88923	9.43534	11.2471	200
6481	8.73014	9.18825	11.2022	200
6482	8.87619	8.94317	11.1606	200
6483	8.9621	8.70229	11.1214	200
6484	8.93547	8.46956	11.0823	200
6485	8.99818	8.24151	11.0451	200
6486	8.919	8.0231	11.0072	200
6487	8.91689	7.81122	10.9698	200
6488	9.5743	7.58209	10.9449	200
6489	9.57993	7.36005	10.9205	200
6490	9.65716	7.14231	10.898	200
6491	9.47362	6.93809	10.8725	200
6492	9.59513	6.73592	10.8497	200
6493	9.55481	6.5416	10.8266	200
6494	9.63692	6.35046	10.8054	200
6495	9.59141	6.16701	10.7837	200
6496	9.60389	5.9889	10.7626	200
6497	9.57572	5.8174	10.7414	200
6498	9.58884	5.6508	10.7208	200
6499	9.48624	5.49307	10.6988	200
6500	9.61241	5.33569	10.6794	200
6501	9.61122	5.18328	10.6603	200
6502	9.60628	5.0358	10.6415	200
6503	10.3213	4.86739	10.6358	200
6504	10.2886	4.72613	10.6303	200
6505	10.2885	4.58912	10.625	200
6506	10.2871	4.45627	10.6197	200
6507	10.3241	4.32625	10.6151	200
6508	10.3083	4.20064	10.6103	200
6509	10.2647	4.08017	10.6049	200
6510	10.3314	3.96121	10.6006	200
6511	10.3099	3.84651	10.5961	200
6512	10.388	3.73281	10.5928	200
6513	10.3368	3.62416	10.5888	200
6514	10.3726	3.51766	10.5855	200
6515	10.2832	3.41718	10.5807	200
6516	10.369	3.31701	10.5774	200
6517	10.4115	3.21854	10.5748	200
6518	10.4234	3.12269	10.5725	200
6519	10.9806	3.03786	10.5788	200
6520	11.0411	2.95737	10.5861	200
6521	11.0434	2.87925	10.5932	200
6522	10.9947	2.80182	10.5995	200
6523	10.9731	2.72594	10.6053	200
6524	10.9984	2.65303	10.6115	200
6525	11.0874	2.585	10.6189	200
6526	10.9814	2.51554	10.6246	200
6527	10.9962	2.44855	10.6304	200
6528	10.8987	2.38042	10.6346	200
6529	10.9955	2.31731	10.6402	200
6530	11.0713	2.25836	10.6469	200
6531	11.0114	2.19918	10.6526	200
6532	10.9037	2.1383	10.6566	200
6533	10.9071	2.0793	10.6605	200
6534	10.8678	2.02081	10.6637	200
6535	10.9902	1.96786	10.6688	200
6536	11.7943	1.94153	10.6864	200
6537	11.6761	1.91509	10.7001	200
6538	11.61	1.88717	10.7128	200
6539	11.7291	1.86298	10.7269	200
6540	11.7257	1.83897	10.7408	200
6541	11.8852	1.81968	10.7567	200
6542	11.7144	1.79573	10.77	200
6543	11.6653	1.77072	10.7824	200
6544	11.6485	1.74559	10.7944	200
6545	11.7119	1.72259	10.8072	200
6546	11.669	1.69868	10.8191	200
6547	11.5594	1.67206	10.8294	200
6548	11.6784	1.64919	10.8412	200
6549	11.7054	1.62739	10.8532	200
6550	11.7007	1.60572	10.865	200
6551	11.6779	1.5837	10.8763	200
6552	11.718	1.56309	10.888	200
6553	11.5746	1.53875	10.8975	200
6554	12.3027	1.53504	10.917	200
6555	12.4094	1.53385	10.9377	200
6556	12.4151	1.53228	10.9583	200
6557	12.3051	1.52713	10.977	200
6558	12.3269	1.52221	10.9957	200
6559	12.1673	1.51247	11.012	200
6560	12.2801	1.50568	11.0296	200
6561	12.3877	1.50158	11.0485	200
6562	12.3874	1.49706	11.0671	200
6563	12.3338	1.49066	11.0846	200
6564	12.4193	1.48633	11.1032	200
6565	13.0977	1.50045	11.1309	200
6566	12.7573	1.50395	11.1535	200
6567	12.7537	1.50662	11.1757	200
6568	12.764	1.50889	11.1978	200
6569	12.7777	1.51086	11.2197	200
6570	12.7113	1.51033	11.2404	200
6571	12.7639	1.51069	11.2616	200
6572	12.7305	1.50953	11.282	200
6573	13.4338	1.52737	11.3119	200
6574	13.4311	1.54217	11.3384	200
6575	13.407	1.55533	11.3642	200
6576	13.4567	1.56876	11.3904	200
6577	14.4503	1.60604	11.4286	200
6578	13.8668	1.62684	11.4591	200
6579	13.5659	1.63884	11.4854	200
6580	13.5776	1.65017	11.5116	200
6581	13.6141	1.66148	11.5379	200
6582	13.6361	1.6724	11.5641	200
6583	13.6264	1.68214	11.5899	200
6584	12.851	1.67162	11.6056	200
6585	13.1921	1.66949	11.6255	200
6586	13.1795	1.6666	11.6449	200
6587	13.1774	1.66325	11.664	200
6588	13.2153	1.66045	11.6834	200
6589	13.245	1.65798	11.7029	200
6590	13.1699	1.6532	11.7213	200
6591	13.1714	1.64812	11.7394	200
6592	13.2698	1.64518	11.7585	200
6593	13.8643	1.65669	11.7849	200
6594	13.8431	1.66673	11.8106	200
6595	13.8725	1.67661	11.8364	200
6596	13.9259	1.68693	11.8625	200
6597	12.9879	1.67289	11.8765	200
6598	13.4638	1.67075	11.8964	200
6599	13.7483	1.67528	11.9195	200
6600	13.7969	1.68033	11.943	200
6601	14.0198	1.69024	11.969	200
6602	13.7147	1.69163	11.9908	200
6603	13.6181	1.68985	12.0134	200
6604	13.7083	1.68999	12.0369	200
6605	13.6803	1.68853	12.0626	200
6606	14.0406	1.69758	12.0935	200
6607	13.7243	1.69519	12.1226	200
6608	13.6931	1.69074	12.1507	200
6609	13.7182	1.68561	12.1833	200
6610	13.7627	1.68118	12.2162	200
6611	13.8257	1.67759	12.2565	200
6612	13.6135	1.66157	12.2904	200
6613	13.7475	1.65134	12.3268	200
6614	14.4186	1.67336	12.3791	200
6615	14.5204	1.69676	12.4326	200
6616	14.5116	1.71587	12.4846	200
6617	14.5989	1.73247	12.5287	200
6620	13.1783	1.68735	12.5422	200
6621	13.3056	1.64885	12.5581	200
6623	5.5672	1.87144	12.4125	200
6625	5.02866	2.10112	12.2586	200
6626	4.75521	2.32621	12.1023	200
6627	4.86286	2.57187	11.9213	200
6628	5.40562	2.76906	11.7584	200
6629	5.25262	3.00261	11.5551	200
6630	5.6401	3.18464	11.3703	200
6631	5.22536	3.43133	11.1142	200
6632	5.46603	3.61606	10.8789	200
6633	5.25168	3.78366	10.6444	200
6634	2.04045	4.18535	10.2859	200
6635	2.10299	4.51848	9.94497	200
6636	2.02168	4.80222	9.61483	200
6637	1.97848	5.0384	9.29665	200
6638	2.02721	5.22432	8.99376	200
6639	2.03494	5.33272	8.77629	200
6640	2.07826	5.41805	8.56698	200
6641	1.9894	5.49052	8.36143	200
6642	2.67055	5.50305	8.18359	200
6643	2.78975	5.49622	8.01503	200
6644	2.71099	5.48421	7.84928	200
6645	2.69277	5.46373	7.68814	200
6646	2.70197	5.43388	7.53232	200
6647	2.72341	5.39482	7.38204	200
6648	2.75585	5.34678	7.23747	200
6649	2.73982	5.29371	7.09692	200
6650	2.73367	5.23555	6.96057	200
6651	3.47374	5.12626	6.8516	200
6652	3.39769	5.02173	6.74367	200
6653	3.42369	4.91537	6.63992	200
6654	3.56329	4.80045	6.54377	200
6655	3.50071	4.69062	6.44868	200
6656	3.52869	4.60208	6.37568	200
6657	3.46455	4.51753	6.3029	200
6658	3.41774	4.43592	6.23077	200
6659	3.33716	4.3588	6.15843	200
6660	3.45389	4.27609	6.09082	200
6661	4.1162	4.16101	6.04145	200
6662	3.96016	4.05703	5.98942	200
6663	4.06627	3.95033	5.94134	200
6664	4.08443	3.84566	5.89491	200
6665	4.14158	3.74104	5.85108	200
6666	4.03809	3.64464	5.80576	200
6667	4.03974	3.55071	5.7616	200
6668	4.11318	3.45559	5.72039	200
6669	4.1394	3.36186	5.68087	200
6670	4.15215	3.2702	5.64265	200
6671	4.02474	3.18759	5.6022	200
6672	4.73996	3.07132	5.58065	200
6673	4.79241	2.95717	5.56094	200
6674	4.7908	2.84782	5.54169	200
6675	4.81973	2.74152	5.52364	200
6676	4.79959	2.64065	5.50554	200
6677	4.77473	2.56107	5.49031	200
6678	4.80905	2.48274	5.47612	200
6679	4.79145	2.40782	5.46185	200
6680	4.78105	2.33587	5.44767	200
6681	4.80905	2.26515	5.43436	200
6682	4.77936	2.19806	5.42072	200
6683	4.77001	2.13358	5.40716	200
6684	5.50959	2.04895	5.40929	200
6685	5.48075	1.96656	5.41078	200
6686	5.50512	1.88855	5.41275	200
6687	5.50598	1.81374	5.41469	200
6688	5.49955	1.7417	5.41646	200
6689	5.50087	1.67265	5.41821	200
6690	5.53095	1.60765	5.42056	200
6691	5.50275	1.54409	5.42227	200
6692	5.43395	1.48024	5.42252	200
6693	5.4845	1.42115	5.42381	200
6694	5.4833	1.36441	5.42505	200
6695	5.45808	1.30894	5.42573	200
6696	5.48066	1.25669	5.42688	200
6697	6.15887	1.23482	5.44213	200
6698	6.15952	1.21326	5.45707	200
6699	6.15394	1.19175	5.47159	200
6700	6.24994	1.17452	5.4878	200
6701	6.27653	1.15845	5.50424	200
6702	6.24837	1.14365	5.51752	200
6703	6.23992	1.1286	5.53042	200
6704	6.24061	1.11366	5.5431	200
6705	6.23318	1.09853	5.55543	200
6706	6.26641	1.08469	5.56812	200
6707	6.2272	1.06949	5.57989	200
6708	6.21332	1.05391	5.5912	200
6709	6.18197	1.03737	5.60175	200
6710	6.11311	1.01859	5.61088	200
6711	6.79849	1.02462	5.63209	200
6712	6.82122	1.0305	5.65332	200
6713	6.92967	1.03928	5.67611	200
6714	6.88371	1.04529	5.69768	200
6715	6.87226	1.04991	5.71865	200
6716	6.86793	1.05346	5.73917	200
6717	6.92416	1.05815	5.76033	200
6718	6.87344	1.06011	5.78021	200
6719	6.83978	1.06009	5.79913	200
6720	6.92787	1.06255	5.81929	200
6721	6.88733	1.06274	5.83836	200
6722	6.87828	1.06193	5.85693	200
6723	6.80807	1.05797	5.87391	200
6724	6.85415	1.05519	5.89142	200
6725	7.55394	1.07688	5.9211	200
6726	7.72161	1.10272	5.95325	200
6727	7.5376	1.11993	5.98154	200
6728	7.50222	1.13424	6.0087	200
6729	7.56063	1.14915	6.03641	200
6730	7.53555	1.16009	6.05983	200
6731	7.50695	1.16906	6.08245	200
6732	7.54228	1.17814	6.10525	200
6733	7.53731	1.18608	6.12763	200
6734	7.58551	1.19457	6.15041	200
6735	7.5865	1.20212	6.17285	200
6736	7.58552	1.2087	6.19492	200
6737	7.34885	1.20699	6.21295	200
6738	7.53457	1.21057	6.2336	200
6739	7.54277	1.21365	6.25405	200
6740	7.53641	1.2158	6.27409	200
6741	8.22453	1.23875	6.30457	200
6742	8.25336	1.26094	6.33501	200
6743	8.23751	1.28099	6.36474	200
6744	8.2536	1.29998	6.39425	200
6745	8.26305	1.31776	6.42345	200
6746	8.26764	1.33421	6.45227	200
6747	8.19442	1.34696	6.47949	200
6748	8.17299	1.35779	6.50595	200
6749	8.25635	1.37006	6.5333	200
6750	8.27426	1.38165	6.5605	200
6751	8.25503	1.39142	6.58698	200
6752	8.24497	1.39975	6.61288	200
6753	8.33043	1.40968	6.63972	200
6754	8.2388	1.4156	6.6647	200
6755	8.22625	1.42016	6.6891	200
6756	8.22593	1.42381	6.71312	200
6757	8.20112	1.42581	6.73637	200
6758	8.86869	1.44789	6.76968	200
6759	8.84399	1.46747	6.80209	200
6760	8.92174	1.48785	6.83521	200
6761	8.98775	1.50862	6.86885	200
6762	8.9751	1.52729	6.90176	200
6763	8.89022	1.5401	6.92937	200
6764	8.91793	1.55256	6.95699	200
6765	8.95007	1.5648	6.98467	200
6766	8.85299	1.57323	7.01062	200
6767	8.92902	1.58282	7.03726	200
6768	8.92976	1.59142	7.06355	200
6769	8.9417	1.59938	7.08963	200
6770	8.9532	1.60672	7.11552	200
6771	8.94978	1.61304	7.14099	200
6772	8.93504	1.61807	7.16591	200
6773	8.91918	1.62182	7.19026	200
6774	8.86571	1.62331	7.21353	200
6775	8.88886	1.62475	7.23679	200
6776	9.57606	1.6446	7.26928	200
6777	9.80271	1.66929	7.30447	200
6778	9.59831	1.68664	7.33633	200
6779	9.60145	1.70271	7.36779	200
6780	9.67986	1.71963	7.3999	200
6781	9.59842	1.73293	7.43044	200
6782	9.60815	1.74529	7.46068	200
6783	9.6068	1.75642	7.49049	200
6784	9.60077	1.76625	7.5198	200
6785	9.64033	1.77609	7.54925	200
6786	9.64374	1.78494	7.57834	200
6787	9.62126	1.7921	7.60671	200
6788	9.75618	1.80203	7.63656	200
6789	9.61096	1.80682	7.66399	200
6790	9.5978	1.81034	7.69084	200
6791	9.43149	1.80841	7.71502	200
6792	9.61271	1.81089	7.74137	200
6793	9.57346	1.81148	7.76682	200
6794	9.53406	1.81025	7.79136	200
6795	10.2782	1.82904	7.8259	200
6796	10.4589	1.85137	7.86247	200
6797	10.3887	1.87012	7.89756	200
6798	10.3532	1.88638	7.93166	200
6799	10.3275	1.90054	7.96494	200
6800	10.3311	1.91217	7.99451	200
6801	10.3067	1.92217	8.02342	200
6802	10.3431	1.93211	8.05241	200
6803	10.2067	1.93766	8.07934	200
6804	10.3645	1.94635	8.10791	200
6805	10.3807	1.95542	8.13947	200
6806	10.3819	1.96339	8.17062	200
6807	10.3567	1.97035	8.20477	200
6808	10.3435	1.97561	8.23819	200
6809	10.3726	1.98129	8.27631	200
6810	10.2803	1.9821	8.31209	200
6811	10.1977	1.97808	8.35137	200
6812	10.2198	1.97351	8.3903	200
6813	10.3023	1.97043	8.4381	200
6814	10.3077	1.96539	8.48484	200
6815	11.0105	1.99341	8.54798	200
6816	10.9351	2.01309	8.60766	200
6817	10.9758	2.03085	8.66686	200
6818	11.0132	2.04662	8.72552	200
6819	10.9666	2.05634	8.78155	200
6820	4.7384	2.15568	8.68047	200
6821	4.76726	2.24356	8.58264	200
6822	4.74378	2.34326	8.46267	200
6823	4.80276	2.42555	8.3483	200
6824	4.90218	2.5106	8.20471	200
6825	4.74965	2.5893	8.06075	200
6826	4.806	2.64476	7.92513	200
6827	1.35873	2.97156	7.65153	200
6828	1.35566	3.24859	7.3892	200
6829	1.34775	3.48132	7.13748	200
6830	2.04457	3.61562	6.92527	200
6831	2.03329	3.72198	6.72144	200
6832	2.08914	3.79784	6.52843	200
6833	2.05301	3.85431	6.34195	200
6834	2.22194	3.87645	6.17028	200
6835	2.00409	3.89456	6.04009	200
6836	2.02961	3.9018	5.91476	200
6837	1.90292	3.90868	5.78939	200
6838	2.5678	3.86573	5.68872	200
6839	2.83621	3.80241	5.59957	200
6840	2.74642	3.74308	5.51041	200
6841	2.73018	3.6829	5.42353	200
6842	2.73726	3.62061	5.33958	200
6843	2.73473	3.55713	5.25818	200
6844	2.74658	3.49178	5.17969	200
6845	2.7268	3.42685	5.10304	200
6846	2.74718	3.35991	5.02942	200
6847	3.41572	3.25077	4.97899	200
6848	3.36797	3.14829	4.92864	200
6849	3.42452	3.04553	4.88164	200
6850	3.4149	2.94685	4.8358	200
6851	3.5215	2.84482	4.79473	200
6852	3.42043	2.77129	4.76037	200
6853	3.46089	2.6977	4.72789	200
6854	3.4577	2.62632	4.69613	200
6855	3.41685	2.55897	4.66415	200
6856	3.31239	2.49861	4.63035	200
6857	4.03468	2.40346	4.61546	200
6858	4.21935	2.30309	4.60556	200
6859	4.08344	2.21405	4.59251	200
6860	4.1049	2.12772	4.58031	200
6861	4.16014	2.04235	4.56981	200
6862	4.17589	1.95992	4.55996	200
6863	4.10481	1.88468	4.54858	200
6864	4.05104	1.81533	4.53614	200
6865	4.10004	1.74636	4.52524	200
6866	4.11493	1.67956	4.51498	200
6867	4.21649	1.61051	4.50752	200
6868	4.8394	1.54658	4.51582	200
6869	4.78823	1.48287	4.52263	200
6870	4.81499	1.42334	4.52994	200
6871	4.79029	1.36519	4.53644	200
6872	4.82151	1.31119	4.54357	200
6873	4.81825	1.268	4.54929	200
6874	4.69774	1.22135	4.55238	200
6875	4.75786	1.17902	4.55666	200
6876	4.8509	1.14215	4.56279	200
6877	4.85142	1.10659	4.56881	200
6878	4.82549	1.07118	4.57415	200
6879	4.796	1.03579	4.57877	200
6880	5.46917	1.02973	4.59732	200
6881	5.48035	1.02362	4.61572	200
6882	5.56313	1.02044	4.63546	200
6883	5.49773	1.01385	4.65342	200
6884	5.39116	1.00234	4.66879	200
6885	5.41209	0.99155	4.68427	200
6886	5.48827	0.983735	4.70102	200
6887	5.46134	0.974425	4.71686	200
6888	5.481	0.965662	4.73278	200
6889	5.45715	0.955607	4.74787	200
6890	5.47284	0.945997	4.76297	200
6891	5.4675	0.935935	4.77765	200
6892	5.47565	0.926021	4.79219	200
6893	6.16909	0.944807	4.82088	200
6894	6.17039	0.961669	4.84899	200
6895	6.14256	0.975498	4.87594	200
6896	6.19548	0.989833	4.90343	200
6897	6.21669	1.00331	4.93079	200
6898	6.22535	1.01371	4.95391	200
6899	6.28088	1.0249	4.9776	200
6900	6.19568	1.0318	4.99935	200
6901	6.21292	1.03829	5.02102	200
6902	6.32472	1.04935	5.04818	200
6903	6.22329	1.05459	5.07266	200
6624	197.365	10.6165	9.87997	200
6622	199.356	19.5595	14.6169	200
6904	7.54689	18.7789	14.3959	200
6905	10.4047	17.8546	14.2712	200
6906	10.3601	16.9832	14.149	200
6907	11.0137	16.1177	14.051	200
6908	11.0147	15.3001	13.9561	200
6909	10.9056	14.5345	13.8608	200
6910	11.0902	13.7993	13.7742	200
6911	5.99768	13.4228	13.5312	200
6912	6.7809	13.0058	13.3203	200
6913	5.47005	12.6836	13.0749	200
6914	5.49651	12.3645	12.8381	200
6915	5.66594	12.04	12.614	200
6916	5.47963	11.7334	12.391	200
6917	5.446	11.4341	12.174	200
6918	5.48521	11.1375	11.965	200
6919	5.51125	10.8448	11.7633	200
6920	5.4032	10.5645	11.5645	200
6921	6.13246	10.2437	11.3948	200
6922	6.17749	9.9924	11.2644	200
6923	6.14886	9.74855	11.1365	200
6924	5.99946	9.51797	11.008	200
6925	6.19701	9.28263	10.8878	200
6926	6.20158	9.0528	10.7706	200
6927	6.11823	8.83278	10.6543	200
6928	6.18084	8.61481	10.5425	200
6929	6.18387	8.402	10.4335	200
6930	6.12915	8.19712	10.3259	200
6931	6.85759	7.96068	10.2392	200
6932	6.87698	7.73075	10.1551	200
6933	6.87386	7.50828	10.0731	200
6934	6.90003	7.29152	9.99376	200
6935	6.85242	7.08401	9.91523	200
6936	6.87471	6.88183	9.83922	200
6937	6.87178	6.68611	9.76503	200
6938	6.86293	6.49691	9.69248	200
6939	6.87572	6.3129	9.62206	200
6940	6.89775	6.13347	9.55395	200
6941	7.57179	5.92591	9.5044	200
6942	7.53451	5.76107	9.46336	200
6943	7.51087	5.60238	9.42268	200
6944	7.56801	5.44623	9.38404	200
6945	7.49765	5.2979	9.34474	200
6946	7.57321	5.15097	9.30783	200
6947	7.5241	5.01067	9.27067	200
6948	7.55419	4.87341	9.23491	200
6949	7.53946	4.74099	9.19959	200
6950	7.54803	4.61227	9.16518	200
6951	7.52941	4.48825	9.1311	200
6952	7.53255	4.36784	9.0978	200
6953	8.27131	4.22028	9.08058	200
6954	8.21144	4.08065	9.06247	200
6955	8.2256	3.94549	9.04504	200
6956	8.20212	3.81622	9.02747	200
6957	8.29706	3.68764	9.01226	200
6958	8.32235	3.56274	8.99788	200
6959	8.40392	3.43904	8.98551	200
6960	8.2493	3.32642	8.97017	200
6961	8.25129	3.21777	8.95519	200
6962	8.21836	3.1144	8.93984	200
6963	8.3202	3.01045	8.92693	200
6964	8.25156	2.91316	8.91286	200
6965	8.18464	2.82212	8.89769	200
6966	8.88461	2.70507	8.89742	200
6967	8.94119	2.61002	8.8982	200
6968	8.9429	2.51841	8.89899	200
6969	8.90451	2.42866	8.89909	200
6970	8.89274	2.34215	8.89898	200
6971	8.80677	2.26179	8.89733	200
6972	8.75206	2.1862	8.89474	200
6973	8.9512	2.11014	8.89574	200
6974	8.94953	2.0367	8.89671	200
6975	8.87887	1.96459	8.89639	200
6976	8.83317	1.89669	8.89526	200
6977	8.92261	1.82993	8.89574	200
6978	8.92564	1.76564	8.89628	200
6979	8.93186	1.70385	8.89691	200
6980	9.60524	1.6683	8.90956	200
6981	9.67148	1.63592	8.92317	200
6982	9.59294	1.60142	8.93513	200
6983	9.67392	1.57061	8.94832	200
6984	9.65771	1.53985	8.96099	200
6985	9.68145	1.51059	8.97385	200
6986	9.63241	1.48016	8.98561	200
6987	9.59057	1.4489	8.99641	200
6988	9.59609	1.41857	9.00712	200
6989	9.61782	1.38972	9.01802	200
6990	9.62703	1.36183	9.0289	200
6991	9.59688	1.33348	9.03904	200
6992	9.60809	1.30618	9.0492	200
6993	9.59567	1.27905	9.05896	200
6994	9.61885	1.25336	9.06896	200
6995	10.3367	1.25387	9.09159	200
6996	10.2304	1.25028	9.10939	200
6997	10.3128	1.24881	9.12819	200
6998	10.2501	1.24485	9.14572	200
6999	10.2232	1.23961	9.16256	200
7000	10.2767	1.23569	9.17996	200
7001	10.2775	1.23138	9.19711	200
7002	10.2865	1.22694	9.21413	200
7003	10.2915	1.22226	9.23097	200
7004	10.3599	1.21935	9.24861	200
7005	10.394	1.21704	9.2665	200
7006	10.3073	1.21153	9.28276	200
7007	10.3235	1.20619	9.29903	200
7008	10.3349	1.20087	9.31521	200
7009	10.3383	1.19531	9.3312	200
7010	10.3253	1.18902	9.34673	200
7011	11.0984	1.20661	9.3741	200
7012	11.0361	1.22084	9.40007	200
7013	11.0327	1.23371	9.42558	200
7014	11.1228	1.24819	9.45209	200
7015	11.0896	1.26036	9.47768	200
7016	10.9661	1.26748	9.50094	200
7017	11.0168	1.27524	9.52462	200
7018	11.0065	1.2817	9.54777	200
7019	11.0044	1.28795	9.57379	200
7020	10.9808	1.2922	9.59891	200
7021	10.9626	1.29518	9.62732	200
7022	10.9885	1.29793	9.65568	200
7023	11.0117	1.30083	9.68958	200
7024	11.0369	1.30316	9.72326	200
7025	10.9361	1.29751	9.76116	200
7026	10.9302	1.28948	9.79769	200
7027	10.9109	1.27846	9.83248	200
7028	11.5594	1.30649	9.88645	200
7029	11.6722	1.33645	9.94225	200
7030	11.6538	1.3552	9.98504	200
7031	11.5619	1.36628	10.0245	200
7032	11.6154	1.37752	10.0642	200
7033	11.676	1.38923	10.1045	200
7034	6.18359	1.51581	10.0065	200
7035	6.15901	1.6324	9.91032	200
7036	6.08802	1.74189	9.81476	200
7037	6.16196	1.83744	9.72344	200
7038	6.15785	1.92385	9.6343	200
7039	6.80139	1.9693	9.56348	200
7040	6.86449	2.00578	9.496	200
7041	6.8665	2.03697	9.43026	200
7042	6.8586	2.0637	9.36597	200
7043	6.86299	2.08567	9.3034	200
7044	6.86436	2.10333	9.24242	200
7045	6.88836	2.11587	9.18357	200
7046	6.88776	2.12487	9.12617	200
7047	6.87003	2.13143	9.06977	200
7048	6.83162	2.13677	9.01381	200
7049	6.85777	2.13773	8.95991	200
7050	7.60196	2.09874	8.92596	200
7051	7.58871	2.06701	8.8981	200
7052	7.58392	2.03564	8.87073	200
7053	7.51734	2.00721	8.84253	200
7054	7.54684	1.97757	8.81554	200
7055	7.55701	1.94761	8.78932	200
7056	7.53498	1.91872	8.76318	200
7057	7.53217	1.89007	8.73754	200
7058	7.52516	1.86183	8.71228	200
7059	7.54807	1.83276	8.68802	200
7060	7.54846	1.80387	8.66428	200
7061	7.47823	1.77813	8.63957	200
7062	8.17154	1.72354	8.62982	200
7063	8.1868	1.67019	8.62059	200
7064	8.22597	1.61704	8.61237	200
7065	8.26069	1.56432	8.60504	200
7066	8.2347	1.51457	8.59733	200
7067	8.23681	1.46648	8.58982	200
7068	8.22914	1.4204	8.5823	200
7069	8.27394	1.37407	8.57588	200
7070	8.25338	1.33025	8.56916	200
7071	8.21575	1.28955	8.56179	200
7072	8.45232	1.24038	8.55951	200
7073	8.25937	1.2012	8.55326	200
7074	8.25609	1.16354	8.54707	200
7075	8.95657	1.13212	8.5556	200
7076	8.92249	1.10479	8.56215	200
7077	8.90315	1.07751	8.56824	200
7078	8.91016	1.05124	8.57434	200
7079	8.92735	1.0263	8.58065	200
7080	8.96697	1.00344	8.58755	200
7081	8.98768	0.981896	8.59469	200
7082	8.91771	0.958364	8.60046	200
7083	8.91546	0.935386	8.60608	200
7084	8.94692	0.914152	8.61217	200
7085	8.73206	0.885785	8.61431	200
7086	8.9533	0.866256	8.62036	200
7087	8.92669	0.846258	8.62583	200
7088	8.91727	0.826443	8.63104	200
7089	9.58666	0.831056	8.6481	200
7090	9.64242	0.836886	8.66586	200
7091	9.6152	0.840902	8.68281	200
7092	9.65139	0.845462	8.7001	200
7093	9.59947	0.847387	8.71616	200
7094	9.57841	0.847917	8.73156	200
7095	9.55169	0.846924	8.7462	200
7096	9.61011	0.84753	8.76163	200
7097	9.60928	0.847534	8.77677	200
7098	9.60129	0.846712	8.79149	200
7099	9.62226	0.846142	8.80632	200
7100	9.59302	0.844018	8.82037	200
7101	9.61667	0.842029	8.83696	200
7102	9.64734	0.84071	8.85384	200
7103	9.62654	0.837309	8.87316	200
7104	10.3024	0.866905	8.90889	200
7105	10.27	0.897791	8.95143	200
7106	10.3069	0.926396	8.99378	200
7107	10.3162	0.951146	9.03511	200
7108	10.3862	0.976145	9.07733	200
7109	10.3119	0.992294	9.11591	200
7110	10.3052	1.0046	9.15307	200
7111	10.2796	1.01222	9.18828	200
7112	10.3305	1.02035	9.22397	200
7113	10.2982	1.02371	9.25754	200
7114	5.50666	1.19416	9.14032	200
7115	5.43412	1.35116	9.0245	200
7116	5.41394	1.53945	8.87406	200
7117	5.51383	1.69118	8.73405	200
7118	6.1473	1.80313	8.57238	200
7119	6.18573	1.87607	8.42321	200
7120	6.19857	1.91964	8.28417	200
7121	6.14891	1.93761	8.1952	200
7122	6.21058	1.94152	8.11251	200
7123	3.4406	2.16906	7.91785	200
7124	3.45293	2.36038	7.73181	200
7125	3.41745	2.52321	7.55204	200
7126	4.17549	2.59432	7.41135	200
7127	4.1477	2.6501	7.27537	200
7128	4.10689	2.69329	7.14335	200
7129	4.12129	2.72069	7.01743	200
7130	4.08434	2.73839	6.89521	200
7131	4.12598	2.74096	6.77983	200
7132	4.05076	2.73997	6.66612	200
7133	4.73956	2.67218	6.58584	200
7134	4.80447	2.61651	6.53017	200
7135	4.82074	2.55981	6.47675	200
7136	4.79464	2.50496	6.42419	200
7137	4.7824	2.45101	6.37288	200
7138	4.78995	2.39675	6.32341	200
7139	4.82203	2.34079	6.2765	200
7140	4.78619	2.28764	6.22992	200
7141	5.48115	2.19146	6.20652	200
7142	5.45319	2.10157	6.18298	200
7143	5.45989	2.01542	6.16038	200
7144	5.53544	1.92851	6.14085	200
7145	5.50888	1.84748	6.1211	200
7146	5.47961	1.7721	6.10106	200
7147	5.45923	1.70146	6.081	200
7148	5.51041	1.63078	6.06317	200
7149	5.47607	1.56555	6.04482	200
7150	6.19346	1.47699	6.04946	200
7151	6.16696	1.40902	6.0524	200
7152	6.16377	1.34414	6.05519	200
7153	6.12882	1.28061	6.05703	200
7154	6.14805	1.22113	6.0593	200
7155	6.20969	1.16759	6.06306	200
7156	6.1682	1.11447	6.06569	200
7157	6.15837	1.06338	6.06801	200
7158	6.18034	1.01582	6.07081	200
7159	6.17846	0.970416	6.0735	200
7160	6.84245	0.960342	6.09273	200
7161	6.90322	0.952849	6.11299	200
7162	6.8626	0.942686	6.13173	200
7163	6.85364	0.931647	6.14978	200
7164	6.87272	0.921211	6.16785	200
7165	6.8329	0.908402	6.18447	200
7166	6.88511	0.898013	6.20199	200
7167	6.89229	0.887627	6.21925	200
7168	6.87422	0.875994	6.23562	200
7169	6.83693	0.862259	6.25065	200
7170	6.89131	0.851179	6.26667	200
7171	7.55726	0.873149	6.29893	200
7172	7.51188	0.887307	6.3242	200
7173	7.59514	0.903291	6.35068	200
7174	7.56277	0.916157	6.37593	200
7175	7.5551	0.927115	6.4005	200
7176	7.56148	0.936859	6.42468	200
7177	7.55919	0.945094	6.44832	200
7178	7.59101	0.953327	6.47212	200
7179	7.58669	0.960045	6.49534	200
7180	7.59736	0.96596	6.5183	200
7181	7.61209	0.971286	6.54109	200
7182	7.58165	0.974172	6.56277	200
7183	8.3126	1.00649	6.59922	200
7184	8.31677	1.03612	6.635	200
7185	8.21696	1.05886	6.66796	200
7186	8.25433	1.08084	6.70101	200
7187	8.30372	1.10258	6.7344	200
7188	8.27678	1.12091	6.76653	200
7189	8.22803	1.1351	6.79698	200
7190	8.21506	1.14689	6.82652	200
7191	8.21693	1.15704	6.85549	200
7192	8.19929	1.16482	6.88348	200
7193	8.14999	1.16906	6.90987	200
7194	8.20807	1.17444	6.93691	200
7195	8.17918	1.17726	6.96279	200
7196	8.89071	1.20854	7.00296	200
7197	8.89392	1.23291	7.03672	200
7198	8.88253	1.2548	7.06968	200
7199	8.92022	1.27608	7.10273	200
7200	8.88424	1.29413	7.13454	200
7201	8.88629	1.31047	7.16582	200
7202	8.91474	1.32613	7.19705	200
7203	8.87057	1.33854	7.22694	200
7204	8.90825	1.35078	7.25696	200
7205	8.96014	1.36336	7.28737	200
7206	8.91653	1.37285	7.31646	200
7207	8.91181	1.3808	7.34495	200
7208	8.92829	1.38803	7.37322	200
7209	8.90565	1.39319	7.40059	200
7210	9.56888	1.42087	7.43931	200
7211	9.56582	1.44607	7.47728	200
7212	9.61769	1.47087	7.5155	200
7213	9.54984	1.49099	7.55183	200
7214	9.5902	1.51054	7.58823	200
7215	9.63628	1.52974	7.6248	200
7216	9.62516	1.54655	7.66052	200
7217	9.60759	1.56085	7.69529	200
7218	9.6127	1.57358	7.72953	200
7219	9.58326	1.58359	7.76263	200
7220	9.65659	1.59467	7.79645	200
7221	9.58821	1.60171	7.82845	200
7222	9.69888	1.61131	7.86184	200
7223	9.58726	1.61538	7.89266	200
7224	9.84835	1.62753	7.92758	200
7225	10.3083	1.65443	7.97009	200
7226	10.3194	1.67615	8.0068	200
7227	10.3224	1.69613	8.04298	200
7228	10.301	1.71369	8.07826	200
7229	10.3016	1.72961	8.113	200
7230	10.3256	1.74471	8.14757	200
7231	10.3658	1.7595	8.18223	200
7232	10.3507	1.77228	8.21611	200
7233	10.3001	1.78202	8.24867	200
7234	10.3036	1.79055	8.28078	200
7235	10.3077	1.79794	8.31245	200
7236	10.3243	1.80462	8.34389	200
7237	10.1756	1.80547	8.37251	200
7238	10.3107	1.80961	8.40279	200
7239	10.0722	1.80523	8.42887	200
7240	10.3475	1.80878	8.45885	200
7241	11.0105	1.83199	8.49872	200
7242	11.053	1.85456	8.53863	200
7243	11.0116	1.87389	8.57727	200
7244	11.0104	1.89136	8.61529	200
7245	11.051	1.90837	8.65334	200
7246	10.9529	1.9206	8.68928	200
7247	10.9482	1.93117	8.72457	200
7248	10.9825	1.94138	8.75985	200
7249	11.0259	1.95153	8.79526	200
7250	11.0227	1.96015	8.83006	200
7251	10.9732	1.96587	8.86355	200
7252	11.0013	1.97124	8.89695	200
7253	11.0239	1.97611	8.93018	200
7254	11.0038	1.97915	8.96258	200
7255	11.0227	1.98168	8.99477	200
7256	10.9377	1.98047	9.02513	200
7257	10.9735	1.97947	9.05557	200
7258	11.6415	1.99842	9.09597	200
7259	11.6102	2.01274	9.13089	200
7260	11.6886	2.02788	9.16642	200
7261	11.672	2.04115	9.20122	200
7262	11.6128	2.05144	9.23471	200
7263	11.6643	2.06195	9.26845	200
7264	11.6624	2.07117	9.3017	200
7265	11.6387	2.07855	9.33416	200
7266	11.8306	2.09016	9.36883	200
7267	11.6482	2.09541	9.40049	200
7268	11.6481	2.09964	9.43171	200
7269	11.6474	2.10286	9.46248	200
7270	11.6629	2.10557	9.49304	200
7271	11.6794	2.10781	9.52341	200
7272	11.6264	2.10768	9.55261	200
7273	11.6743	2.10807	9.58208	200
7274	11.6846	2.10792	9.61128	200
7275	11.6987	2.10735	9.64028	200
7276	12.4083	2.1257	9.67872	200
7277	12.3654	2.14128	9.71603	200
7278	12.3452	2.15483	9.75255	200
7279	12.395	2.17007	9.79384	200
7280	12.3663	2.18264	9.83403	200
7281	12.3761	2.19548	9.87943	200
7282	12.3703	2.20603	9.9239	200
7283	12.3779	2.21636	9.97503	200
7284	12.1849	2.21609	10.0211	200
7285	12.4016	2.22431	10.0806	200
7286	12.3715	2.22764	10.1379	200
7287	12.4186	2.2303	10.1949	200
7288	12.3722	2.22765	10.2493	200
7289	12.3848	2.22304	10.3027	200
7290	12.4371	2.21861	10.356	200
7291	12.3827	2.20901	10.4067	200
7292	12.3653	2.19649	10.4557	200
7293	12.4128	2.18452	10.5046	200
7294	12.3565	2.16789	10.5509	200
7295	13.0671	2.1853	10.6138	200
7296	6.86736	2.26336	10.5201	200
7297	6.85316	2.33354	10.4285	200
7298	6.85367	2.3956	10.3391	200
7299	6.83559	2.451	10.2515	200
7300	6.83913	2.49906	10.1662	200
7301	6.86923	2.53896	10.0838	200
7302	6.8635	2.57303	10.0033	200
7303	6.79388	2.60484	9.92304	200
7304	7.48565	2.59647	9.8621	200
7305	7.52365	2.58572	9.81338	200
7306	7.55042	2.57227	9.76624	200
7307	7.52849	2.55833	9.71962	200
7308	7.49338	2.54449	9.67324	200
7309	7.55228	2.52684	9.62905	200
7310	7.80321	2.49764	9.59101	200
7311	7.5832	2.47723	9.54918	200
7312	7.54314	2.45759	9.50739	200
7313	7.55369	2.4366	9.46668	200
7314	7.55644	2.41466	9.42689	200
7315	7.57365	2.39127	9.38828	200
7316	8.24673	2.3392	9.36449	200
7317	8.23176	2.28893	9.34089	200
7318	8.22937	2.23987	9.31774	200
7319	8.24081	2.19142	9.2953	200
7320	8.29675	2.14171	9.2745	200
7321	8.2283	2.09606	9.2527	200
7322	7.98717	2.06146	9.22634	200
7323	8.17364	2.01943	9.2044	200
7324	8.23798	1.97555	9.18427	200
7325	8.21583	1.93359	9.16409	200
7326	8.30542	1.8888	9.1462	200
7327	8.23327	1.84814	9.12718	200
7328	8.2561	1.80743	9.10904	200
7329	8.92124	1.73994	9.10512	200
7330	8.89918	1.68515	9.10144	200
7331	8.92504	1.63127	9.09829	200
7332	8.93163	1.57896	9.09532	200
7333	8.87592	1.53041	9.0914	200
7334	8.9531	1.48069	9.08893	200
7335	8.93179	1.43342	9.08612	200
7336	8.93757	1.38753	9.08347	200
7337	8.92164	1.34375	9.08058	200
7338	8.92702	1.30125	9.07784	200
7339	9.03061	1.25646	9.07699	200
7340	8.9115	1.21749	9.07404	200
7341	8.90873	1.17992	9.07108	200
7342	8.92308	1.14306	9.06844	200
7343	9.6179	1.12186	9.07825	200
7344	9.62465	1.10131	9.08801	200
7345	9.61242	1.0807	9.09737	200
7346	9.62136	1.06082	9.10673	200
7347	9.62932	1.0416	9.11606	200
7348	9.60266	1.02178	9.12475	200
7349	9.62119	1.00301	9.13361	200
7350	9.61857	0.984511	9.14227	200
7351	9.59792	0.965622	9.15041	200
7352	9.60579	0.947399	9.15854	200
7353	9.45484	0.924145	9.16383	200
7354	9.64841	0.908446	9.17248	200
7355	9.63537	0.892533	9.18075	200
7356	9.62032	0.876355	9.1886	200
7357	9.61254	0.860197	9.19617	200
7358	10.3088	0.869211	9.21603	200
7359	10.2803	0.875305	9.23266	200
7360	10.2713	0.880409	9.24889	200
7361	10.3383	0.886938	9.26591	200
7362	10.269	0.890569	9.28158	200
7363	10.303	0.894657	9.29754	200
7364	10.3364	0.899163	9.31378	200
7365	10.2944	0.901708	9.3291	200
7366	10.3124	0.904259	9.34446	200
7367	10.3185	0.906441	9.35968	200
7368	10.2878	0.907118	9.37418	200
7369	10.2782	0.90702	9.38831	200
7370	10.3045	0.907306	9.40262	200
7371	10.3212	0.907656	9.41698	200
7372	10.3064	0.907087	9.43087	200
7373	10.3373	0.907064	9.44503	200
7374	10.9806	0.926704	9.46903	200
7375	10.9899	0.945273	9.49279	200
7376	11.0165	0.96335	9.5166	200
7377	10.9623	0.978424	9.53919	200
7378	11.0129	0.996112	9.5655	200
7379	10.9845	1.01121	9.59084	200
7380	11.0357	1.02928	9.62094	200
7381	10.9762	1.04286	9.64918	200
7382	10.9982	1.05818	9.6829	200
7383	11.0179	1.07201	9.71628	200
7384	10.9884	1.08452	9.75603	200
7385	10.9916	1.09397	9.79464	200
7386	10.9724	1.0992	9.83145	200
7387	10.9686	1.10157	9.86699	200
7388	10.9842	1.10255	9.9019	200
7389	10.9468	1.09895	9.93455	200
7390	11.6978	1.13216	9.97863	200
7391	11.688	1.16102	10.0214	200
7392	11.6876	1.18628	10.063	200
7393	6.17532	1.32135	9.96583	200
7394	6.17187	1.44498	9.87098	200
7395	6.16848	1.55786	9.77842	200
7396	6.17714	1.66003	9.68838	200
7397	6.18928	1.75198	9.6009	200
7398	6.1742	1.83572	9.51524	200
7399	6.99364	1.87001	9.4522	200
7400	6.79836	1.9092	9.38585	200
7401	6.86142	1.93996	9.32274	200
7402	6.84682	1.96676	9.26084	200
7403	6.87839	1.98754	9.20128	200
7404	6.89781	2.00334	9.14369	200
7405	6.85417	2.01765	9.08645	200
7406	6.86099	2.02804	9.03082	200
7407	6.86533	2.03491	8.97668	200
7408	6.85966	2.03901	8.92375	200
7409	6.72838	2.04683	8.86887	200
7410	6.86489	2.04469	8.81877	200
7411	7.5549	2.00565	8.78717	200
7412	7.56298	1.97308	8.76167	200
7413	7.55493	1.94115	8.73652	200
7414	7.53053	1.91052	8.7114	200
7415	7.50368	1.88124	8.68624	200
7416	7.57079	1.84933	8.663	200
7417	7.54965	1.81866	8.6398	200
7418	7.5617	1.78781	8.61734	200
7419	7.5469	1.75791	8.59504	200
7420	7.54448	1.72844	8.57315	200
7421	7.55205	1.69897	8.55188	200
7422	7.54838	1.66999	8.53097	200
7423	8.23476	1.61275	8.5248	200
7424	8.21695	1.55838	8.51839	200
7425	8.28763	1.50306	8.51358	200
7426	8.32051	1.44848	8.50956	200
7427	8.25399	1.39877	8.50423	200
7428	8.22756	1.35202	8.49847	200
7429	8.30564	1.30372	8.49445	200
7430	8.29952	1.25752	8.49039	200
7431	8.30152	1.21299	8.48645	200
7432	8.26455	1.17169	8.48183	200
7433	8.24554	1.13272	8.47691	200
7434	8.32982	1.09165	8.47384	200
7435	8.25286	1.05537	8.46924	200
7436	8.93785	1.03092	8.479	200
7437	8.92617	1.01007	8.48698	200
7438	8.89923	0.988721	8.49434	200
7439	8.90153	0.967951	8.50162	200
7440	9.01387	0.951676	8.51076	200
7441	9.07606	0.937876	8.52086	200
7442	8.87081	0.916878	8.52711	200
7443	8.89012	0.897097	8.53359	200
7444	9.01708	0.882325	8.54222	200
7445	8.94941	0.865355	8.54949	200
7446	8.99573	0.850386	8.55746	200
7447	8.88775	0.831811	8.56336	200
7448	9.01189	0.818122	8.57137	200
7449	8.95274	0.802523	8.57818	200
7450	9.65557	0.812339	8.59742	200
7451	9.64433	0.820716	8.61611	200
7452	9.60767	0.826817	8.63382	200
7453	9.64832	0.833519	8.65193	200
7454	9.57678	0.83678	8.66845	200
7455	9.65064	0.841973	8.68599	200
7456	9.73108	0.849227	8.70465	200
7457	9.62608	0.851805	8.7211	200
7458	9.50688	0.849446	8.73513	200
7459	9.65437	0.851938	8.75155	200
7460	9.65315	0.853711	8.76765	200
7461	9.60262	0.853041	8.78256	200
7462	9.57353	0.850824	8.79668	200
7463	9.66185	0.851336	8.81213	200
7464	9.59947	0.84905	8.82619	200
7465	10.2924	0.871092	8.85237	200
7466	10.3195	0.889718	8.87529	200
7467	10.3146	0.906893	8.89778	200
7468	10.4232	0.926221	8.92162	200
7469	10.3352	0.941451	8.9437	200
7470	10.1957	0.951155	8.96327	200
7471	10.3264	0.964028	8.98456	200
7472	10.3783	0.977457	9.00634	200
7473	10.3367	0.988485	9.02713	200
7474	10.3051	0.998825	9.04995	200
7475	10.2556	1.00621	9.07148	200
7476	10.3567	1.01784	9.09825	200
7477	10.2378	1.02291	9.12199	200
7478	10.3387	1.03259	9.15241	200
7479	10.3368	1.04018	9.18202	200
7480	10.3694	1.04938	9.21912	200
7481	10.9968	1.0949	9.27468	200
7482	11.0793	1.13926	9.33107	200
7483	10.9948	1.17203	9.38306	200
7484	10.857	1.1909	9.42912	200
7485	10.9415	1.21099	9.47638	200
7486	10.949	1.22734	9.5224	200
7487	10.9595	1.24045	9.56731	200
7488	10.9262	1.24785	9.60977	200
7489	6.1323	1.35933	9.52284	200
7490	6.15288	1.45987	9.43859	200
7491	6.09887	1.55386	9.35509	200
7492	6.21218	1.63331	9.27652	200
7493	6.15972	1.70748	9.1986	200
7494	6.16755	1.77366	9.12282	200
7495	6.30969	1.82563	9.05249	200
7496	6.1441	1.87977	8.97978	200
7497	6.14725	1.92741	8.90897	200
7498	6.86698	1.93314	8.85792	200
7499	6.84812	1.93697	8.80767	200
7500	6.87568	1.93672	8.75938	200
7501	6.8551	1.9351	8.71177	200
7502	6.82312	1.93278	8.66455	200
7503	6.90609	1.92406	8.62059	200
7504	6.94643	1.91156	8.57873	200
7505	6.75087	1.90738	8.53304	200
7506	6.83154	1.89708	8.4905	200
7507	6.87521	1.88299	8.45012	200
7508	6.83685	1.86951	8.40978	200
7509	7.5247	1.82028	8.38766	200
7510	7.55842	1.77899	8.37038	200
7511	7.60973	1.73656	8.35453	200
7512	7.59191	1.69598	8.33865	200
7513	7.58141	1.65686	8.32287	200
7514	7.527	1.62099	8.30629	200
7515	7.56645	1.58427	8.29087	200
7516	7.56041	1.5487	8.27566	200
7517	7.54784	1.51449	8.26049	200
7518	7.53883	1.48146	8.24546	200
7519	7.56793	1.44796	8.23134	200
7520	7.55739	1.41571	8.2173	200
7521	8.30118	1.36022	8.21905	200
7522	8.23416	1.30417	8.21936	200
7523	8.19039	1.25104	8.21876	200
7524	8.26166	1.2007	8.21965	200
7525	8.21149	1.15101	8.21948	200
7526	8.2804	1.10559	8.22075	200
7527	8.19218	1.06071	8.22015	200
7528	8.25944	1.01815	8.22097	200
7529	8.37575	0.982177	8.22419	200
7530	8.2613	0.942798	8.22497	200
7531	8.248	0.904474	8.22545	200
7532	8.25241	0.867911	8.22601	200
7533	8.21758	0.832099	8.22583	200
7534	8.88209	0.824772	8.2395	200
7535	8.91677	0.819504	8.2516	200
7536	8.96968	0.815881	8.26442	200
7537	8.86012	0.808017	8.27506	200
7538	8.93525	0.802737	8.28684	200
7539	8.90245	0.796053	8.29784	200
7540	8.88776	0.788691	8.30837	200
7541	8.89763	0.781568	8.31889	200
7542	8.79273	0.770577	8.32735	200
7543	8.90982	0.763858	8.33775	200
7544	8.92339	0.757492	8.34821	200
7545	8.93056	0.750194	8.36034	200
7546	8.88984	0.740998	8.37138	200
7547	8.93125	0.731941	8.38537	200
7548	9.78996	0.765573	8.42048	200
7549	9.60352	0.791664	8.45745	200
7550	9.5804	0.812369	8.49255	200
7551	9.64535	0.833646	8.52857	200
7552	9.63344	0.850597	8.5631	200
7553	9.5814	0.861078	8.59492	200
7554	9.63411	0.87221	8.62739	200
7555	9.57771	0.877091	8.65709	200
7556	9.61176	0.881939	8.68692	200
7557	9.66574	0.887993	8.71751	200
7558	5.49238	1.03406	8.61673	200
7559	5.48048	1.16545	8.51872	200
7560	5.46658	1.28337	8.42334	200
7561	5.51775	1.38475	8.33254	200
7562	5.49747	1.4754	8.24394	200
7563	5.51955	1.57948	8.13043	200
7564	5.48147	1.6686	8.02005	200
7565	5.44866	1.78145	7.85934	200
7566	6.13586	1.77421	7.75162	200
7567	6.19595	1.74689	7.65439	200
7568	6.168	1.71433	7.56149	200
7569	6.33125	1.67399	7.51023	200
7570	3.41252	1.87596	7.33949	200
7571	3.42513	2.04583	7.17639	200
7572	3.40831	2.18935	7.01939	200
7573	3.50038	2.30015	6.87276	200
7574	4.17433	2.33334	6.76033	200
7575	4.05845	2.36405	6.64775	200
7576	4.19126	2.37175	6.5454	200
7577	4.20927	2.36879	6.44806	200
7578	4.11905	2.36547	6.35101	200
7579	4.07038	2.3584	6.25599	200
7580	4.74076	2.28814	6.19285	200
7581	4.74227	2.23579	6.14752	200
7582	4.69346	2.18693	6.10208	200
7583	4.71258	2.13709	6.05866	200
7584	4.69661	2.08865	6.01609	200
7585	4.83041	2.03221	5.97904	200
7586	4.77727	1.98031	5.94149	200
7587	4.79332	1.9283	5.9056	200
7588	5.4656	1.83528	5.89185	200
7589	5.49345	1.74548	5.8794	200
7590	5.52053	1.65881	5.86819	200
7591	5.53661	1.57586	5.85783	200
7592	5.4745	1.50133	5.84584	200
7593	5.44114	1.43279	5.8332	200
7594	5.47104	1.36587	5.82188	200
7595	5.49266	1.30108	5.81159	200
7596	5.49095	1.2398	5.80157	200
7597	6.22457	1.18875	5.81479	200
7598	6.16152	1.14665	5.82346	200
7599	6.16704	1.1065	5.83205	200
7600	6.13132	1.06614	5.83953	200
7601	6.17359	1.02953	5.84788	200
7602	6.23182	0.997252	5.85748	200
7603	6.19458	0.964244	5.8659	200
7604	6.16632	0.931052	5.87341	200
7605	6.19009	0.900333	5.88133	200
7606	6.11191	0.866845	5.88709	200
7607	6.80737	0.869516	5.9101	200
7608	6.90003	0.875536	5.93485	200
7609	6.81383	0.875708	5.95682	200
7610	6.85266	0.876714	5.97922	200
7611	6.88991	0.878412	6.00198	200
7612	6.79612	0.874198	6.02184	200
7613	6.85454	0.872123	6.04265	200
7614	6.85938	0.869353	6.06307	200
7615	6.88935	0.867199	6.08373	200
7616	6.89797	0.864551	6.10408	200
7617	6.8592	0.859079	6.12296	200
7618	7.5775	0.888852	6.15932	200
7619	7.54985	0.909755	6.18829	200
7620	7.58812	0.930174	6.21746	200
7621	7.58983	0.948599	6.24605	200
7622	7.53588	0.962817	6.27292	200
7623	7.53843	0.975429	6.29928	200
7624	7.57637	0.987998	6.32589	200
7625	7.55151	0.997899	6.35142	200
7626	7.61324	1.0089	6.37771	200
7627	7.67602	1.02095	6.40475	200
7628	7.68916	1.03193	6.43151	200
7629	7.67655	1.04081	6.45745	200
7630	8.33002	1.07546	6.49646	200
7631	8.33642	1.10732	6.53479	200
7632	8.36922	1.13762	6.57301	200
7633	8.34101	1.16388	6.60984	200
7634	8.37733	1.18903	6.64667	200
7635	8.41896	1.21333	6.68359	200
7636	8.36413	1.2328	6.7186	200
7637	8.35003	1.24941	6.75259	200
7638	8.43059	1.26727	6.78754	200
7639	8.37259	1.28051	6.82057	200
7640	8.28321	1.2881	6.85104	200
7641	8.21292	1.29117	6.87941	200
7642	8.24688	1.29435	6.9079	200
7643	8.92715	1.32455	6.94996	200
7644	8.89187	1.3466	6.98464	200
7645	8.90122	1.36696	7.01886	200
7646	8.91959	1.38602	7.05281	200
7647	8.90268	1.40259	7.08584	200
7648	8.87814	1.4165	7.11784	200
7649	8.89408	1.42935	7.14956	200
7650	8.95012	1.44261	7.18171	200
7651	8.81858	1.44955	7.21094	200
7652	8.79203	1.45424	7.23918	200
7653	8.89138	1.46131	7.26868	200
7654	8.92292	1.4682	7.29822	200
7655	8.98608	1.47605	7.32836	200
7656	8.91802	1.4801	7.35674	200
7657	9.61145	1.50777	7.39701	200
7658	9.63463	1.53383	7.43696	200
7659	9.59618	1.55617	7.47552	200
7660	9.60403	1.57661	7.51353	200
7661	9.59796	1.59474	7.55075	200
7662	9.61204	1.61418	7.59369	200
7663	9.59456	1.63029	7.63538	200
7664	9.59623	1.64682	7.6844	200
7665	9.55421	1.65797	7.73114	200
7666	9.59063	1.67057	7.78925	200
7667	9.60098	1.67939	7.84587	200
7668	9.62118	1.68538	7.90135	200
7669	9.56557	1.68406	7.95335	200
7670	9.61767	1.68282	8.00536	200
7671	9.74077	1.68611	8.05959	200
7672	10.2949	1.72043	8.12944	200
7673	10.2868	1.74774	8.19686	200
7674	10.2903	1.76935	8.26228	200
7675	5.48348	1.83244	8.17544	200
7676	5.45744	1.88779	8.09051	200
7677	5.47591	1.93321	8.0088	200
7678	5.50746	1.96872	7.93063	200
7679	5.36204	2.00621	7.85036	200
7680	6.03658	1.99418	7.79368	200
7681	6.23147	1.97258	7.75463	200
7682	6.19504	1.95193	7.71564	200
7683	6.19719	1.93026	7.67767	200
7684	6.14851	1.9102	7.63944	200
7685	6.18902	1.88721	7.60318	200
7686	6.16127	1.86495	7.56714	200
7687	6.16478	1.84182	7.53208	200
7688	6.16458	1.8181	7.49789	200
7689	6.18344	1.79292	7.46503	200
7690	6.87813	1.73262	7.45035	200
7691	6.79987	1.67851	7.43409	200
7692	6.84504	1.62404	7.41936	200
7693	6.84393	1.5716	7.40498	200
7694	6.87524	1.51951	7.39173	200
7695	6.90294	1.46798	7.37951	200
7696	6.86785	1.42016	7.36672	200
7697	6.85776	1.3746	7.354	200
7698	6.86711	1.33021	7.34182	200
7699	6.87088	1.28725	7.33005	200
7700	6.83992	1.24739	7.3178	200
7701	7.52766	1.19552	7.32304	200
7702	7.60333	1.15738	7.32888	200
7703	7.58877	1.11998	7.3343	200
7704	7.57974	1.08354	7.33941	200
7705	7.53223	1.04643	7.34342	200
7706	7.50296	1.00947	7.34675	200
7707	7.51843	0.974567	7.35032	200
7708	7.54592	0.94211	7.3544	200
7709	7.58327	0.912391	7.35917	200
7710	7.54746	0.88222	7.36309	200
7711	7.55329	0.853385	7.36705	200
7712	7.55828	0.825795	7.37103	200
7713	8.25747	0.828321	7.3895	200
7714	8.19229	0.827256	7.40623	200
7715	8.22357	0.826842	7.42325	200
7716	8.20924	0.825139	7.43963	200
7717	8.28235	0.825871	7.45718	200
7718	8.24068	0.824105	7.4735	200
7719	8.25048	0.822141	7.48969	200
7720	8.24851	0.819502	7.5055	200
7721	8.2084	0.814643	7.52014	200
7722	8.23079	0.810309	7.53495	200
7723	8.2536	0.80649	7.54992	200
7724	8.27222	0.802982	7.56496	200
7725	8.32778	0.801308	7.58086	200
7726	8.91845	0.823653	7.60872	200
7727	8.91795	0.840994	7.6321	200
7728	8.93976	0.85766	7.65545	200
7729	8.95124	0.873307	7.67859	200
7730	8.90095	0.885773	7.70042	200
7731	9.02154	0.901321	7.72401	200
7732	8.91555	0.911686	7.74529	200
7733	9.06607	0.928731	7.7728	200
7734	9.07771	0.944405	7.79999	200
7735	9.01632	0.958001	7.8304	200
7736	8.99473	0.968317	7.8595	200
7737	8.96813	0.977086	7.89415	200
7738	8.93171	0.980865	7.92657	200
7739	8.99502	0.986339	7.95996	200
7740	9.6949	1.03313	8.01418	200
7741	9.69184	1.07341	8.0666	200
7742	9.69753	1.10825	8.11757	200
7743	9.64395	1.13439	8.16527	200
7744	9.65166	1.15639	8.21172	200
7745	9.54384	1.16737	8.25335	200
7746	5.41614	1.27173	8.16468	200
7747	5.45662	1.3615	8.08005	200
7748	5.48319	1.43871	7.9989	200
7749	5.54054	1.50244	7.92208	200
7750	5.41444	1.56526	7.84372	200
7751	5.52057	1.61263	7.77112	200
7752	5.52675	1.65212	7.70098	200
7753	5.53371	1.68431	7.63325	200
7754	5.52747	1.71065	7.56745	200
7755	6.17975	1.69047	7.52408	200
7756	6.18516	1.67289	7.49061	200
7757	6.14361	1.6566	7.45693	200
7758	6.12427	1.6404	7.42361	200
7759	6.18873	1.62012	7.39274	200
7760	6.14423	1.60154	7.36153	200
7761	6.14592	1.58224	7.33114	200
7762	6.17147	1.56112	7.30215	200
7763	6.13132	1.5416	7.27287	200
7764	6.16923	1.5197	7.24528	200
7765	6.9061	1.46068	7.2368	200
7766	6.90471	1.40425	7.2285	200
7767	6.87265	1.35183	7.2196	200
7768	6.93953	1.29824	7.2126	200
7769	6.85579	1.25117	7.20368	200
7770	6.92086	1.20275	7.19661	200
7771	6.87586	1.15865	7.18859	200
7772	6.82317	1.11898	7.17945	200
7773	6.8987	1.07707	7.17243	200
7774	6.98481	1.0326	7.16774	200
7775	6.83282	0.997715	7.15937	200
7776	7.48413	0.964067	7.16749	200
7777	7.6112	0.942385	7.17673	200
7778	7.72786	0.926082	7.18821	200
7779	7.47411	0.899407	7.19417	200
7780	7.65234	0.881021	7.20371	200
7781	7.55088	0.858776	7.21095	200
7782	7.579	0.838329	7.21861	200
7783	7.68021	0.822632	7.22823	200
7784	7.66059	0.80637	7.23724	200
7785	7.42089	0.780423	7.24106	200
7786	7.55424	0.760954	7.24759	200
7787	7.62444	0.744949	7.25544	200
7788	8.31694	0.758138	7.27755	200
7789	8.29869	0.769096	7.29882	200
7790	8.08936	0.769989	7.31529	200
7791	8.30632	0.779199	7.33594	200
7792	8.16383	0.781228	7.35319	200
7793	8.23456	0.7854	7.37155	200
7794	8.27699	0.790401	7.39041	200
7795	8.17231	0.790046	7.4067	200
7796	8.09784	0.785925	7.4211	200
7797	8.25981	0.788124	7.43857	200
7798	8.20825	0.787355	7.4546	200
7799	8.16741	0.784248	7.46945	200
7800	8.18325	0.781312	7.48433	200
7801	8.84867	0.805605	7.51275	200
7802	8.82334	0.82364	7.53615	200
7803	8.95131	0.844765	7.56142	200
7804	8.90178	0.862464	7.58536	200
7805	8.98199	0.881541	7.61029	200
7806	8.99167	0.899392	7.63496	200
7807	8.86686	0.911267	7.65696	200
7808	8.91753	0.923742	7.67947	200
7809	9.03882	0.939299	7.70374	200
7810	8.95376	0.950396	7.72607	200
7811	8.93155	0.959506	7.74759	200
7812	8.93602	0.967681	7.76881	200
7813	9.11752	0.981289	7.7929	200
7814	8.97547	0.988477	7.81401	200
7815	9.68031	1.01983	7.84734	200
7816	9.56488	1.04475	7.87801	200
7817	9.61525	1.06948	7.90903	200
7818	9.58393	1.0911	7.93894	200
7819	9.55632	1.10989	7.96782	200
7820	9.54757	1.12667	7.99603	200
7821	10.0646	1.16031	8.03297	200
7822	9.81042	1.18235	8.06471	200
7823	9.753	1.20042	8.09486	200
7824	9.83248	1.21961	8.12588	200
7825	9.84753	1.23754	8.15663	200
7826	9.80936	1.25236	8.18614	200
7827	9.51411	1.25507	8.20985	200
7828	9.8937	1.27038	8.23992	200
7829	9.78619	1.28023	8.26753	200
7830	10.4303	1.31175	8.30615	200
7831	10.5524	1.34095	8.34125	200
7832	10.425	1.36417	8.37381	200
7833	10.4601	1.38673	8.4064	200
7834	10.4679	1.40782	8.43862	200
7835	10.4492	1.42665	8.47003	200
7836	10.0253	1.43067	8.49433	200
7837	10.2488	1.44223	8.52566	200
7838	10.2637	1.4528	8.5567	200
7839	10.2681	1.46357	8.59235	200
7840	10.3469	1.4757	8.6289	200
7841	10.3151	1.48622	8.67106	200
7842	10.344	1.49556	8.71288	200
7843	10.2665	1.49919	8.76143	200
7844	10.2693	1.49973	8.80855	200
7845	10.3014	1.4993	8.8552	200
7846	10.9862	1.53878	8.9218	200
7847	10.9502	1.56938	8.98518	200
7848	11.0612	1.60105	9.05006	200
7849	11.0917	1.62859	9.11386	200
7850	11.0331	1.64675	9.17384	200
7851	11.0186	1.65912	9.23148	200
7852	6.09214	1.75164	9.13338	200
7853	6.21634	1.80991	9.06045	200
7854	6.2409	1.87301	8.97234	200
7855	6.20451	1.92894	8.88585	200
7856	6.15059	1.99613	8.77188	200
7857	6.16017	2.04743	8.66305	200
7858	6.12348	2.10894	8.50433	200
7859	6.16819	2.12788	8.40699	200
7860	6.16666	2.13725	8.31364	200
7861	6.15144	2.13933	8.22355	200
7862	6.85194	2.07535	8.1664	200
7863	3.39313	2.30017	7.96751	200
7864	4.07152	2.43316	7.80518	200
7865	4.1627	2.53394	7.65341	200
7866	4.11639	2.61753	7.50603	200
7867	4.12598	2.68107	7.3652	200
7868	4.10966	2.72894	7.22955	200
7869	4.11923	2.76072	7.09995	200
7870	4.10348	2.78037	6.9751	200
7871	4.87265	2.72387	6.8875	200
7872	4.78494	2.68504	6.82179	200
7873	4.83106	2.64165	6.75958	200
7874	4.82657	2.59735	6.69917	200
7875	4.84089	2.55116	6.6411	200
7876	4.8488	2.50373	6.58509	200
7877	4.81237	2.45804	6.52969	200
7878	4.69796	2.4189	6.47245	200
7879	5.41423	2.33386	6.43938	200
7880	5.41475	2.25203	6.40736	200
7881	5.47287	2.16968	6.37816	200
7882	5.46405	2.09121	6.34959	200
7883	5.43885	2.01743	6.32113	200
7884	5.43985	1.94642	6.29359	200
7885	5.46272	1.8767	6.26762	200
7886	5.48363	1.8084	6.24313	200
7887	5.53027	1.73993	6.22085	200
7888	6.13732	1.63641	6.21824	200
7889	6.14474	1.55826	6.2164	200
7890	6.17082	1.48263	6.21526	200
7891	6.13722	1.4124	6.21331	200
7892	6.43039	1.35263	6.21873	200
7893	6.30652	1.28939	6.22093	200
7894	6.32044	1.22989	6.22342	200
7895	6.31244	1.17285	6.22564	200
7896	6.26027	1.11594	6.22651	200
7897	6.3063	1.06413	6.2285	200
7898	7.00626	1.04981	6.24794	200
7899	7.01384	1.03561	6.26709	200
7900	6.97419	1.01919	6.28477	200
7901	7.07241	1.00761	6.30446	200
7902	6.71955	0.977984	6.31484	200
7903	6.80756	0.953721	6.32715	200
7904	6.85775	0.932564	6.34042	200
7905	6.86146	0.911988	6.35344	200
7906	6.86527	0.891979	6.36624	200
7907	6.91551	0.874843	6.37997	200
7908	6.88587	0.856395	6.39262	200
7909	7.60588	0.874238	6.42295	200
7910	7.59025	0.886449	6.44727	200
7911	7.62996	0.898792	6.4719	200
7912	7.61427	0.90894	6.4957	200
7913	7.70495	0.921452	6.5209	200
7914	7.60108	0.928065	6.5434	200
7915	7.56998	0.932169	6.56479	200
7916	7.58851	0.935983	6.58611	200
7917	7.56192	0.937642	6.60644	200
7918	7.6106	0.940413	6.62736	200
7919	7.57694	0.940794	6.64714	200
7920	7.53347	0.938524	6.66561	200
7921	8.21455	0.963957	6.69788	200
7922	8.26396	0.989045	6.7305	200
7923	8.20968	1.00947	6.76132	200
7924	8.14166	1.02492	6.79008	200
7925	8.18132	1.04018	6.81906	200
7926	8.24542	1.05627	6.84877	200
7927	8.31554	1.07338	6.87933	200
7928	8.35599	1.09018	6.9101	200
7929	8.29063	1.10228	6.93886	200
7930	8.18148	1.10813	6.96474	200
7931	8.22798	1.11459	6.99106	200
7932	8.33315	1.12407	7.01902	200
7933	8.25398	1.12869	7.04475	200
7934	8.97295	1.162	7.08492	200
7935	8.92631	1.18626	7.1178	200
7936	8.88743	1.2071	7.1494	200
7937	8.92682	1.22746	7.18114	200
7938	8.97182	1.24758	7.21312	200
7939	9.03759	1.26818	7.24569	200
7940	8.90324	1.28209	7.27529	200
7941	8.83117	1.29186	7.30308	200
7942	8.88604	1.30226	7.33134	200
7943	8.94573	1.31341	7.36017	200
7944	9.04009	1.3265	7.39017	200
7945	8.85417	1.33141	7.41631	200
7946	8.9234	1.33768	7.44322	200
7947	8.89509	1.34176	7.46915	200
7948	9.5838	1.36936	7.50691	200
7949	9.57786	1.39442	7.54389	200
7950	9.60835	1.41835	7.58076	200
7951	9.61301	1.44027	7.61705	200
7952	9.51823	1.45673	7.65099	200
7953	9.67593	1.47703	7.68715	200
7954	9.55978	1.49115	7.72059	200
7955	9.58837	1.5046	7.75395	200
7956	9.59913	1.51677	7.7869	200
7957	9.58187	1.5267	7.81895	200
7958	9.47443	1.5313	7.84851	200
7959	9.57217	1.53817	7.87929	200
7960	9.59765	1.54461	7.90997	200
7961	9.59962	1.54979	7.94015	200
7962	9.59864	1.55367	7.96976	200
7963	10.2822	1.58077	8.01105	200
7964	10.3822	1.60546	8.0481	200
7965	10.3495	1.62721	8.08406	200
7966	10.2959	1.64548	8.11862	200
7967	10.3097	1.66253	8.15285	200
7968	10.158	1.67323	8.18418	200
7969	10.3053	1.68723	8.21733	200
7970	10.3098	1.69989	8.25002	200
7971	10.3179	1.71139	8.28233	200
7972	10.3	1.72096	8.31386	200
7973	10.2895	1.72892	8.34472	200
7974	10.3071	1.73726	8.37977	200
7975	10.3221	1.74458	8.41445	200
7976	10.3151	1.75108	8.45405	200
7977	10.3093	1.75542	8.4927	200
7978	10.3067	1.75835	8.53805	200
7979	11.0126	1.79416	8.59991	200
7980	10.954	1.82916	8.67348	200
7981	10.9699	1.85836	8.74524	200
7982	11.0104	1.89226	8.83962	200
7983	10.9729	1.91235	8.92851	200
7984	10.9474	1.92566	9.05469	200
7985	10.9959	1.92761	9.17601	200
7986	10.9863	1.89829	9.40231	200
7987	11.0044	1.82425	9.60257	200
7988	10.7552	1.65635	9.74665	200
