segment	rtt	rttvar	srtt	rto
0	272.839	136.419	272.839	1364.19
1	274.209	129.667	272.873	1310.21
2	274.945	124.351	272.916	1267.72
3	274.976	119.255	272.959	1227
4	276.179	115.111	273.017	1193.9
5	277.608	111.164	273.099	1162.41
6	280.044	107.907	273.207	1136.46
7	280.09	104.75	273.315	1111.31
8	285.253	102.172	273.481	1090.86
9	285.293	99.6619	273.645	1070.94
10	13.874	103.665	270.398	1099.71
11	15.4588	107.446	267.211	1126.78
12	15.6289	110.722	264.352	1150.13
13	17.1276	113.825	261.543	1172.14
14	18.1453	116.524	259.007	1191.2
15	18.9762	119.097	256.507	1209.28
16	21.2764	121.33	254.245	1224.89
17	21.3115	123.477	252.005	1239.82
18	20.1232	125.412	249.935	1253.23
19	22.9695	127.226	247.908	1265.72
20	21.5808	128.878	246.022	1277.04
21	24.0407	130.429	244.172	1287.61
22	22.9154	131.848	242.444	1297.23
23	24.6439	133.191	240.742	1306.27
24	24.6885	134.41	239.154	1314.43
25	26.6602	135.558	237.591	1322.06
26	24.8804	136.63	236.114	1329.15
27	24.9555	137.665	234.648	1335.97
28	27.6242	138.578	233.286	1341.91
29	30.0386	139.429	231.949	1347.38
30	29.6907	140.214	230.684	1352.4
31	31.3688	140.953	229.439	1357.06
32	29.8826	141.65	228.251	1361.45
33	32.5999	142.293	227.086	1365.43
34	32.0398	142.893	225.978	1369.12
35	32.11	143.472	224.877	1372.65
36	33.3068	143.995	223.835	1375.79
37	33.3934	144.5	222.8	1378.8
38	34.8106	144.953	221.821	1381.44
39	36.7245	145.371	220.857	1383.82
40	35.969	145.766	219.933	1386.06
41	39.4573	146.113	219.03	1387.93
42	37.155	146.457	218.156	1389.81
43	37.195	146.789	217.286	1391.6
44	39.7194	147.074	216.464	1393.05
45	39.8584	147.347	215.646	1394.42
46	42.5505	147.577	214.874	1395.49
47	45.2121	147.774	214.116	1396.31
48	45.3082	147.956	213.389	1397.03
49	48.0203	148.106	212.676	1397.52
50	48.0453	148.243	211.99	1397.94
51	50.9205	148.35	211.319	1398.12
52	51.3245	148.444	210.674	1398.23
53	51.3716	148.532	210.031	1398.28
54	50.0817	148.621	209.406	1398.37
55	52.9798	148.682	208.795	1398.25
56	51.3584	148.748	208.199	1398.18
57	52.3288	148.802	207.609	1398.03
58	54.3409	148.835	207.045	1397.72
59	56.0826	148.851	206.49	1397.3
60	54.1945	148.875	205.946	1396.95
61	54.229	148.896	205.404	1396.57
62	56.1346	148.898	204.886	1396.07
63	59.1464	148.876	204.38	1395.39
64	59.1197	148.852	203.889	1394.7
65	59.1331	148.824	203.4	1393.99
66	60.5728	148.785	202.93	1393.21
67	60.6136	148.742	202.462	1392.4
68	58.2225	148.713	202	1391.71
69	60.8286	148.665	201.547	1390.87
70	62.3981	148.605	201.113	1389.96
71	66.8293	148.516	200.693	1388.82
72	65.2054	148.436	200.28	1387.77
73	65.235	148.355	199.868	1386.71
74	65.1623	148.274	199.467	1385.66
75	68.7905	148.169	199.078	1384.43
76	66.1789	148.08	198.692	1383.33
77	69.8434	147.968	198.317	1382.06
78	70.4716	147.854	197.954	1380.79
79	70.5039	147.738	197.592	1379.5
80	72.7233	147.611	197.245	1378.13
81	72.8759	147.482	196.9	1376.75
82	73.6689	147.35	196.565	1375.36
83	76.5499	147.201	196.239	1373.85
84	76.4999	147.055	195.92	1372.36
85	76.5168	146.908	195.603	1370.87
86	77.884	146.756	195.296	1369.35
87	77.9236	146.603	194.991	1367.82
88	76.0255	146.462	194.687	1366.38
89	76.057	146.32	194.385	1364.95
90	78.7677	146.167	194.095	1363.43
91	81.6992	145.998	193.814	1361.8
92	78.2456	145.849	193.531	1360.32
93	78.2665	145.699	193.249	1358.84
94	81.5139	145.535	192.98	1357.26
95	83.5571	145.362	192.717	1355.61
96	83.571	145.191	192.46	1353.99
97	84.996	145.013	192.206	1352.31
98	82.4786	144.85	191.952	1350.75
99	82.5131	144.686	191.699	1349.18
100	84.3473	144.516	191.455	1347.58
101	84.4137	144.346	191.212	1345.98
102	81.78	144.19	190.967	1344.49
103	87.3085	144.009	190.736	1342.81
104	86.5203	143.834	190.507	1341.18
105	86.7958	143.658	190.28	1339.55
106	87.756	143.481	190.059	1337.91
107	87.7913	143.303	189.839	1336.27
108	87.3108	143.131	189.621	1334.67
109	87.3876	142.957	189.405	1333.06
110	87.3499	142.787	189.192	1331.49
111	91.1665	142.6	188.988	1329.79
112	88.3321	142.429	188.782	1328.21
113	94.8059	142.23	188.589	1326.43
114	92.0235	142.046	188.394	1324.76
115	92.064	141.861	188.2	1323.09
116	94.5546	141.67	188.014	1321.38
117	94.6154	141.479	187.829	1319.66
118	94.6392	141.29	187.647	1317.97
119	99.2862	141.083	187.475	1316.14
120	97.0438	140.888	187.301	1314.41
121	97.1855	140.693	187.127	1312.67
122	97.1639	140.501	186.957	1310.96
123	102.123	140.29	186.796	1309.12
124	102.807	140.08	186.64	1307.28
125	102.879	139.87	186.483	1305.44
126	102.166	139.666	186.328	1303.65
127	102.369	139.461	186.174	1301.86
128	105.947	139.246	186.029	1300
129	109.054	139.021	185.889	1298.05
130	109.003	138.799	185.752	1296.14
131	111.01	138.57	185.618	1294.18
132	112.092	138.341	185.489	1292.22
133	112.142	138.112	185.36	1290.26
134	106.887	137.905	185.224	1288.46
135	106.904	137.698	185.088	1286.67
136	109.384	137.486	184.958	1284.84
137	109.429	137.274	184.829	1283.02
138	109.423	137.065	184.701	1281.22
139	114.089	136.84	184.582	1279.3
140	114.835	136.616	184.466	1277.4
141	114.957	136.393	184.35	1275.49
142	110.834	136.186	184.229	1273.72
143	110.892	135.979	184.108	1271.94
144	110.878	135.775	183.989	1270.19
145	110.91	135.572	183.871	1268.45
146	119.024	135.345	183.767	1266.53
147	120.75	135.113	183.666	1264.57
148	118.181	134.893	183.562	1262.71
149	122.002	134.661	183.465	1260.75
150	121.444	134.434	183.368	1258.84
151	121.627	134.207	183.272	1256.93
152	123.418	133.977	183.179	1255
153	123.707	133.747	183.087	1253.07
154	123.857	133.52	182.997	1251.16
155	123.94	133.293	182.907	1249.25
156	123.998	133.069	182.818	1247.37
157	124.097	132.845	182.73	1245.49
158	125.87	132.619	182.645	1243.6
159	126.063	132.393	182.561	1241.7
160	122.485	132.18	182.473	1239.91
161	122.613	131.967	182.385	1238.12
162	122.654	131.757	182.298	1236.36
163	122.744	131.547	182.211	1234.59
164	119.097	131.351	182.121	1232.93
165	126.659	131.133	182.041	1231.1
166	128.113	130.913	181.964	1229.27
167	128.244	130.694	181.888	1227.44
168	134.296	130.461	181.821	1225.51
169	134.366	130.227	181.755	1223.57
170	132.096	130.004	181.686	1221.71
171	132.119	129.78	181.617	1219.86
172	132.003	129.56	181.549	1218.03
173	132.023	129.34	181.481	1216.2
174	128.526	129.133	181.409	1214.47
175	133.735	128.911	181.344	1212.63
176	131.066	128.7	181.276	1210.87
177	131.119	128.489	181.209	1209.12
178	136.333	128.266	181.149	1207.28
179	136.486	128.044	181.09	1205.44
180	136.54	127.824	181.031	1203.62
181	136.578	127.605	180.973	1201.81
182	134.752	127.393	180.912	1200.06
183	135.001	127.181	180.853	1198.3
184	135.09	126.971	180.794	1196.56
185	135.16	126.761	180.735	1194.82
186	137.253	126.549	180.679	1193.07
187	137.307	126.337	180.624	1191.32
188	137.582	126.126	180.57	1189.58
189	142.607	125.904	180.522	1187.75
190	139.89	125.69	180.471	1185.99
191	145.255	125.464	180.427	1184.14
192	142.383	125.248	180.38	1182.36
193	142.402	125.032	180.333	1180.59
194	142.395	124.818	180.286	1178.83
195	146.282	124.596	180.245	1177.01
196	147.898	124.372	180.206	1175.18
197	148.07	124.148	180.167	1173.35
198	150.379	123.921	180.131	1171.5
199	150.515	123.694	180.095	1169.65
200	148.534	123.475	180.058	1167.86
201	148.571	123.256	180.02	1166.07
202	148.607	123.039	179.983	1164.3
203	148.651	122.823	179.946	1162.53
204	153.037	122.599	179.915	1160.71
205	153.107	122.375	179.883	1158.89
206	153.102	122.154	179.852	1157.08
207	153.118	121.933	179.821	1155.29
208	153.105	121.715	179.791	1153.51
209	158.438	121.485	179.766	1151.64
210	156.522	121.261	179.74	1149.83
211	156.549	121.038	179.714	1148.02
212	156.51	120.818	179.687	1146.23
213	156.528	120.598	179.661	1144.45
214	162.089	120.368	179.642	1142.59
215	162.2	120.138	179.622	1140.73
216	156.768	119.923	179.597	1138.98
217	163.601	119.693	179.579	1137.12
218	161.772	119.47	179.56	1135.32
219	161.799	119.247	179.54	1133.51
220	161.555	119.027	179.521	1131.73
221	161.575	118.807	179.501	1129.96
222	157.675	118.598	179.478	1128.26
223	162.898	118.378	179.46	1126.48
224	162.925	118.16	179.442	1124.72
225	162.953	117.943	179.425	1122.97
226	160.721	117.733	179.405	1121.27
227	160.74	117.523	179.385	1119.57
228	160.693	117.315	179.365	1117.89
229	160.71	117.108	179.346	1116.21
230	166.253	116.891	179.332	1114.46
231	171.237	116.665	179.324	1112.64
232	173.326	116.436	179.317	1110.81
233	178.971	116.196	179.317	1108.89
234	179.134	115.958	179.317	1106.98
235	184.365	115.731	179.322	1105.17
236	177.957	115.499	179.321	1103.31
237	177.979	115.267	179.319	1101.45
238	177.948	115.037	179.318	1099.61
239	177.983	114.808	179.317	1097.78
240	177.978	114.581	179.315	1095.96
241	178.013	114.354	179.314	1094.15
242	180.622	114.13	179.315	1092.36
243	180.694	113.906	179.317	1090.57
244	180.663	113.685	179.318	1088.8
245	180.678	113.464	179.319	1087.03
246	180.658	113.245	179.321	1085.28
247	186.063	113.037	179.327	1083.62
248	181.502	112.822	179.329	1081.9
249	186.785	112.618	179.336	1080.28
250	186.205	112.414	179.343	1078.66
251	188.146	112.215	179.352	1077.07
252	188.078	112.017	179.36	1075.5
253	188.108	111.82	179.368	1073.93
254	188.045	111.625	179.376	1072.38
255	191.319	111.436	179.388	1070.88
256	186.43	111.24	179.394	1069.31
257	186.452	111.044	179.401	1067.75
258	184.805	110.847	179.406	1066.18
259	184.823	110.65	179.411	1064.61
260	190.072	110.464	179.421	1063.13
261	190.12	110.276	179.431	1061.64
262	194.174	110.097	179.445	1060.22
263	194.219	109.916	179.459	1058.79
264	194.036	109.736	179.473	1057.36
265	194.049	109.554	179.487	1055.92
266	188.737	109.363	179.495	1054.4
267	193.237	109.179	179.509	1052.94
268	190.18	108.989	179.519	1051.43
269	190.968	108.8	179.53	1049.93
270	190.938	108.612	179.541	1048.43
271	196.512	108.433	179.558	1047.02
272	194.547	108.25	179.572	1045.57
273	194.576	108.066	179.587	1044.12
274	193.481	107.881	179.601	1042.65
275	198.708	107.705	179.62	1041.26
276	198.726	107.529	179.639	1039.87
277	198.74	107.352	179.658	1038.48
278	204.235	107.187	179.682	1037.18
279	204.29	107.02	179.707	1035.87
280	204.291	106.854	179.732	1034.56
281	204.304	106.687	179.757	1033.25
282	198.814	106.509	179.776	1031.85
283	198.826	106.33	179.796	1030.43
284	198.802	106.151	179.815	1029.02
285	204.047	105.981	179.84	1027.69
286	204.085	105.812	179.865	1026.36
287	209.509	105.654	179.896	1025.13
288	204.883	105.486	179.922	1023.81
289	204.897	105.317	179.948	1022.48
290	204.144	105.146	179.974	1021.14
291	204.156	104.975	179.999	1019.8
292	209.785	104.815	180.031	1018.55
293	209.833	104.655	180.063	1017.3
294	214.92	104.506	180.1	1016.15
295	214.974	104.356	180.138	1014.98
296	214.968	104.206	180.175	1013.82
297	214.981	104.055	180.213	1012.65
298	214.975	103.904	180.251	1011.49
299	214.988	103.753	180.289	1010.31
300	214.995	103.601	180.327	1009.14
301	220.276	103.461	180.371	1008.06
302	212.156	103.302	180.406	1006.82
303	212.169	103.142	180.442	1005.58
304	210.485	102.979	180.475	1004.31
305	210.563	102.815	180.509	1003.03
306	215.815	102.663	180.549	1001.85
307	215.957	102.51	180.589	1000.67
308	217.461	102.361	180.631	999.518
309	217.499	102.211	180.673	998.358
310	215.537	102.056	180.713	997.163
311	215.6	101.901	180.754	995.959
312	220.64	101.757	180.8	994.857
313	220.68	101.613	180.846	993.747
314	214.515	101.454	180.886	992.516
315	214.596	101.294	180.926	991.278
316	219.663	101.146	180.971	990.143
317	219.706	100.998	181.017	989
318	219.565	100.849	181.063	987.857
319	219.577	100.699	181.11	986.704
320	219.514	100.55	181.156	985.553
321	219.525	100.399	181.202	984.392
322	219.414	100.248	181.249	983.231
323	219.425	100.096	181.295	982.06
324	224.849	99.957	181.349	981.005
325	224.889	99.8174	181.403	979.942
326	228.35	99.6865	181.461	978.953
327	228.387	99.5546	181.519	977.956
328	228.23	99.4225	181.578	976.958
329	228.24	99.2893	181.637	975.951
330	228.196	99.1561	181.696	974.944
331	228.217	99.0218	181.755	973.93
332	233.315	98.9008	181.821	973.027
333	233.351	98.7787	181.887	972.116
334	233.256	98.6565	181.953	971.205
335	233.268	98.5332	182.02	970.286
336	233.296	98.4101	182.087	969.368
337	233.312	98.286	182.154	968.442
338	233.292	98.1619	182.222	967.517
339	233.308	98.0367	182.289	966.583
340	231.014	97.9055	182.354	965.598
341	231.046	97.7732	182.42	964.606
342	227.991	97.6329	182.481	963.544
343	228.034	97.4914	182.543	962.474
344	227.939	97.3498	182.605	961.403
345	233.261	97.2215	182.674	960.446
346	227.214	97.0768	182.735	959.35
347	227.226	96.9307	182.797	958.243
348	227.232	96.7849	182.859	957.138
349	227.261	96.6378	182.921	956.023
350	232.732	96.5062	182.991	955.041
351	232.905	96.3739	183.062	954.053
352	233.033	96.2421	183.133	953.069
353	238.032	96.1232	183.212	952.198
354	238.054	96.0046	183.291	951.328
355	238.096	95.8849	183.37	950.449
356	238.153	95.7654	183.45	949.573
357	243.429	95.6601	183.538	948.819
358	243.445	95.555	183.626	948.066
359	243.547	95.4489	183.715	947.307
360	243.76	95.3435	183.805	946.553
361	243.919	95.2374	183.895	945.795
362	243.846	95.1311	183.986	945.035
363	243.894	95.0238	184.077	944.267
364	243.895	94.9164	184.168	943.499
365	248.94	94.8234	184.268	942.855
366	243.709	94.7142	184.36	942.073
367	243.78	94.6039	184.453	941.284
368	243.644	94.4932	184.545	940.491
369	243.672	94.3813	184.639	939.689
370	248.938	94.2861	184.74	939.029
371	248.968	94.1898	184.843	938.361
372	248.933	94.0933	184.946	937.692
373	248.944	93.9956	185.05	937.014
374	246.237	93.889	185.149	936.262
375	246.273	93.7813	185.25	935.5
376	251.374	93.6903	185.359	934.881
377	251.407	93.5981	185.469	934.254
378	251.305	93.5056	185.578	933.623
379	251.315	93.4118	185.689	932.984
380	251.284	93.3178	185.8	932.343
381	251.298	93.2225	185.912	931.693
382	249.212	93.1201	186.021	930.981
383	249.231	93.0162	186.13	930.26
384	254.457	92.9305	186.249	929.693
385	254.49	92.8435	186.369	929.118
386	254.224	92.7556	186.489	928.533
387	254.233	92.6662	186.61	927.94
388	254.887	92.5791	186.732	927.365
389	254.946	92.4908	186.855	926.782
390	254.965	92.4025	186.979	926.199
391	255.035	92.313	187.104	925.608
392	249.715	92.2038	187.219	924.849
393	249.772	92.0932	187.335	924.081
394	249.779	91.9825	187.452	923.312
395	254.725	91.8903	187.577	922.7
396	260.072	91.818	187.713	922.256
397	260.113	91.7455	187.848	921.812
398	260.106	91.6728	187.983	921.365
399	260.165	91.6001	188.117	920.918
400	256.281	91.5126	188.244	920.345
401	256.316	91.4252	188.371	919.773
402	260.142	91.3518	188.505	919.32
403	260.178	91.2784	188.639	918.866
404	265.335	91.224	188.782	918.574
405	265.378	91.1694	188.925	918.28
406	259.798	91.0937	189.057	917.807
407	259.811	91.0178	189.189	917.331
408	259.695	90.9412	189.321	916.851
409	259.707	90.8645	189.452	916.368
410	259.647	90.7874	189.583	915.882
411	265.047	90.7302	189.724	915.566
412	265.197	90.6733	189.865	915.251
413	265.229	90.6162	190.005	914.935
414	270.487	90.5784	190.155	914.782
415	270.521	90.5402	190.305	914.627
416	270.506	90.5017	190.455	914.468
417	270.524	90.4627	190.604	914.306
418	264.751	90.4019	190.743	913.958
419	276.188	90.3834	190.902	913.969
420	276.175	90.3643	191.061	913.976
421	276.19	90.3448	191.22	913.978
422	276.183	90.3247	191.379	913.976
423	276.195	90.3041	191.537	913.97
424	276.191	90.283	191.695	913.959
425	276.206	90.2615	191.852	913.944
426	281.711	90.26	192.02	914.1
427	281.764	90.2581	192.187	914.252
428	282.581	90.2586	192.356	914.425
429	282.616	90.2586	192.525	914.593
430	282.574	90.2578	192.693	914.755
431	282.602	90.2565	192.86	914.912
432	282.601	90.2546	193.028	915.064
433	282.613	90.2521	193.195	915.211
434	287.054	90.2655	193.37	915.494
435	287.346	90.2794	193.545	915.78
436	292.367	90.3112	193.73	916.22
437	292.408	90.3425	193.914	916.653
438	286.855	90.3522	194.087	916.904
439	286.893	90.3613	194.26	917.151
440	286.809	90.3695	194.433	917.389
441	286.822	90.377	194.605	917.621
442	286.739	90.3836	194.777	917.846
443	292.845	90.4122	194.96	918.258
444	286.046	90.4148	195.13	918.448
445	286.254	90.4174	195.3	918.639
446	286.255	90.4194	195.47	918.825
447	286.273	90.4208	195.639	919.006
448	286.266	90.4216	195.808	919.181
449	290.592	90.4379	195.985	919.488
450	290.607	90.4535	196.162	919.79
451	290.622	90.4684	196.338	920.085
452	290.711	90.483	196.514	920.378
453	290.76	90.4971	196.69	920.666
454	295.914	90.5296	196.875	921.112
455	295.949	90.5615	197.06	921.552
456	290.73	90.5731	197.234	921.819
457	290.742	90.584	197.409	922.081
458	290.709	90.5942	197.583	922.336
459	290.728	90.6037	197.757	922.586
460	296.318	90.6334	197.941	923.008
461	301.603	90.682	198.134	923.59
462	301.627	90.7298	198.327	924.166
463	301.643	90.7768	198.52	924.734
464	301.643	90.8222	198.709	925.287
465	301.692	90.8669	198.899	925.834
466	301.689	90.9107	199.088	926.373
467	306.971	90.9731	199.286	927.071
468	307.001	91.0347	199.484	927.761
469	307.017	91.0953	199.682	928.444
470	301.451	91.1345	199.869	928.945
471	301.57	91.1734	200.056	929.443
472	296.633	91.1933	200.233	929.779
473	296.661	91.2125	200.411	930.111
474	295.909	91.2283	200.586	930.412
475	295.95	91.2435	200.761	930.709
476	295.714	91.2571	200.936	930.993
477	295.759	91.2702	201.11	931.272
478	295.629	91.2822	201.284	931.541
479	295.642	91.2935	201.457	931.805
480	290.421	91.2849	201.621	931.9
481	295.844	91.2957	201.794	932.16
482	295.82	91.3057	201.967	932.413
483	301.124	91.3346	202.149	932.826
484	301.135	91.3627	202.331	933.233
485	301.15	91.3901	202.513	933.634
486	301.117	91.4167	202.694	934.027
487	301.166	91.4426	202.875	934.416
488	301.167	91.4678	203.056	934.798
489	301.185	91.4923	203.236	935.174
490	306.408	91.5352	203.426	935.708
491	306.466	91.5775	203.615	936.235
492	306.452	91.6189	203.804	936.756
493	306.488	91.6596	203.993	937.27
494	301.395	91.6807	204.172	937.618
495	301.414	91.7011	204.351	937.96
496	301.378	91.7207	204.529	938.295
497	306.786	91.7595	204.717	938.793
498	306.816	91.7975	204.905	939.285
499	306.978	91.8352	205.093	939.775
500	307.097	91.8726	205.28	940.261
501	307.243	91.9097	205.467	940.745
502	312.847	91.9666	205.665	941.398
503	312.885	92.0227	205.862	942.043
504	307.52	92.0581	206.049	942.514
505	307.519	92.0927	206.235	942.977
506	312.704	92.1456	206.431	943.596
507	312.763	92.1977	206.627	944.208
508	307.496	92.2296	206.812	944.649
509	307.537	92.2608	206.997	945.084
510	307.522	92.2912	207.182	945.512
511	307.579	92.321	207.366	945.935
512	305.668	92.343	207.547	946.291
513	310.827	92.3832	207.737	946.803
514	310.788	92.4224	207.926	947.306
515	310.81	92.4609	208.116	947.803
516	310.829	92.4986	208.304	948.293
517	310.904	92.5357	208.493	948.779
518	310.92	92.5721	208.681	949.258
519	310.962	92.6078	208.869	949.731
520	312.863	92.6496	209.06	950.257
521	312.902	92.6908	209.251	950.777
522	312.923	92.7311	209.442	951.291
523	318.327	92.7905	209.642	951.966
524	318.345	92.849	209.842	952.634
525	318.434	92.9069	210.041	953.297
526	318.644	92.9646	210.241	953.958
527	318.701	93.0216	210.441	954.613
528	224.67	92.7319	210.467	952.322
529	259.638	92.5718	210.557	951.131
530	254.726	92.3938	210.638	949.789
531	249.39	92.1966	210.709	948.282
532	249.377	91.9998	210.781	946.779
533	255.947	91.8276	210.864	945.484
534	255.935	91.6557	210.946	944.192
535	255.968	91.4843	211.029	942.903
536	255.988	91.3132	211.112	941.617
537	250.734	91.1232	211.185	940.17
538	250.734	90.9336	211.257	938.726
539	250.011	90.7417	211.329	937.262
540	250.005	90.5474	211.401	935.78
541	250.031	90.3537	211.473	934.303
542	255.29	90.1774	211.556	932.975
543	255.361	90.0018	211.639	931.653
544	255.377	89.8239	211.723	930.314
545	260.922	89.6676	211.818	929.158
546	255.606	89.4884	211.903	927.81
547	255.624	89.3096	211.988	926.465
548	255.658	89.1285	212.075	925.103
549	255.244	88.9461	212.161	923.73
550	255.252	88.7612	212.248	922.337
551	255.246	88.5767	212.334	920.948
552	255.237	88.3895	212.422	919.538
553	255.176	88.2025	212.51	918.13
554	243.752	87.9651	212.575	916.296
555	243.731	87.7284	212.64	914.467
556	243.726	87.4884	212.706	912.613
557	249.343	87.2729	212.783	910.967
558	249.404	87.0546	212.862	909.299
559	254.456	86.8587	212.952	907.821
560	254.51	86.66	213.043	906.323
561	248.98	86.4375	213.122	904.622
562	248.955	86.2116	213.202	902.895
563	248.288	85.9834	213.28	901.147
564	248.284	85.7516	213.36	899.373
565	248.285	85.5206	213.439	897.604
566	248.267	85.2859	213.52	895.807
567	253.535	85.0763	213.612	894.223
568	253.596	84.8636	213.707	892.616
569	254.606	84.6562	213.803	891.053
570	254.346	84.4442	213.9	889.454
571	249.352	84.2086	213.986	887.655
572	249.373	83.9693	214.072	885.827
573	249.287	83.7303	214.159	884.001
574	249.26	83.4872	214.247	882.144
575	254.437	83.2707	214.347	880.512
576	254.448	83.0504	214.449	878.853
577	254.523	82.8312	214.552	877.201
578	248.424	82.5762	214.64	875.249
579	248.494	82.3224	214.728	873.307
580	254.216	82.0946	214.833	871.589
581	254.205	81.8673	214.938	869.876
582	254.201	81.6358	215.044	868.13
583	254.2	81.4049	215.151	866.39
584	249.872	81.1455	215.247	864.411
585	249.856	80.887	215.343	862.439
586	249.851	80.6235	215.441	860.429
587	249.744	80.3603	215.539	858.421
588	254.439	80.1192	215.652	856.606
589	249.291	79.849	215.75	854.542
590	249.277	79.5733	215.849	852.436
591	249.298	79.2987	215.949	850.339
592	249.304	79.0186	216.051	848.199
593	249.309	78.7396	216.152	846.069
594	254.689	78.4883	216.272	844.179
595	249.093	78.2029	216.375	841.998
596	243.817	77.8775	216.463	839.483
597	243.879	77.554	216.551	836.983
598	243.881	77.2236	216.641	834.429
599	243.947	76.8952	216.731	831.892
600	243.927	76.5594	216.822	829.297
601	249.125	76.2603	216.932	827.014
602	249.142	75.9544	217.043	824.679
603	243.86	75.6132	217.137	822.042
604	243.834	75.2638	217.232	819.342
605	243.828	74.9162	217.327	816.656
606	243.823	74.5602	217.424	813.906
607	243.728	74.2053	217.521	811.164
608	249.003	73.8912	217.637	808.766
609	249.005	73.5785	217.752	806.38
610	244.19	73.2319	217.849	803.704
611	244.217	72.8873	217.946	801.045
612	243.774	72.5413	218.041	798.371
613	243.775	72.1971	218.136	795.713
614	243.774	71.8548	218.23	793.068
615	243.774	71.5142	218.324	790.438
616	243.773	71.1755	218.418	787.822
617	238.348	70.7987	218.491	784.881
618	238.329	70.424	218.564	781.956
619	233.027	70.0125	218.617	778.717
620	238.413	69.6433	218.69	775.836
621	238.436	69.2764	218.762	772.974
622	238.51	68.9122	218.835	770.133
623	238.524	68.5503	218.907	767.31
624	238.611	68.1911	218.98	764.509
625	238.628	67.8342	219.052	761.726
626	238.616	67.4793	219.124	758.958
627	238.615	67.1264	219.196	756.207
628	243.992	66.8152	219.287	753.808
629	243.988	66.5055	219.378	751.422
630	243.939	66.1971	219.468	749.045
631	243.945	65.8903	219.558	746.68
632	243.929	65.5851	219.647	744.328
633	238.515	65.2415	219.717	741.649
634	238.494	64.8999	219.786	738.985
635	243.505	64.5971	219.873	736.65
636	243.403	64.2951	219.96	734.321
637	243.275	63.9938	220.045	731.996
638	237.635	63.6526	220.11	729.331
639	237.618	63.3133	220.174	726.681
640	237.609	62.9759	220.238	724.046
641	237.606	62.6406	220.302	721.427
642	232.392	62.2689	220.347	718.498
643	238.517	61.9446	220.413	715.971
644	238.54	61.6224	220.48	713.46
645	238.574	61.3024	220.547	710.966
646	238.675	60.9849	220.613	708.493
647	238.712	60.6696	220.68	706.036
648	238.715	60.3561	220.746	703.595
649	233.56	60.0065	220.793	700.845
650	233.544	59.6591	220.84	698.112
651	238.28	59.3486	220.904	695.693
652	238.286	59.04	220.968	693.288
653	238.218	58.7328	221.032	690.894
654	238.203	58.4272	221.095	688.512
655	238.195	58.1233	221.158	686.144
656	233.058	57.7834	221.201	683.469
657	233.066	57.4458	221.245	680.811
658	238.35	57.1491	221.308	678.501
659	232.967	56.8147	221.351	675.868
660	233.007	56.4826	221.393	673.254
661	232.935	56.1616	221.435	670.728
662	232.735	55.8412	221.475	668.204
663	232.719	55.5226	221.515	665.696
664	172.978	55.4727	221.342	665.124
665	165.416	55.476	221.142	664.95
666	165.43	55.4776	220.943	664.764
667	165.476	55.4776	220.745	664.566
668	165.532	55.4757	220.548	664.353
669	158.995	55.5191	220.328	664.481
670	158.981	55.5607	220.109	664.595
671	164.107	55.5639	219.909	664.42
672	164.078	55.5658	219.71	664.236
673	163.892	55.5676	219.51	664.051
674	164.025	55.567	219.312	663.848
675	121.32	55.87	218.962	665.922
676	137.337	56.054	218.671	667.102
677	132.105	56.2783	218.352	668.579
678	132.147	56.4984	218.035	670.022
679	137.042	56.6839	217.729	671.2
680	137.007	56.866	217.423	672.351
681	132.187	57.0877	217.09	673.791
682	132.179	57.3051	216.758	675.199
683	137.406	57.4829	216.438	676.301
684	137.42	57.6565	216.12	677.372
685	137.419	57.8319	215.792	678.447
686	137.475	58.0026	215.465	679.486
687	137.503	58.1747	215.129	680.527
688	137.51	58.3423	214.795	681.533
689	143.199	58.4606	214.475	682.16
690	143.21	58.575	214.157	682.757
691	143.129	58.6903	213.828	683.35
692	143.079	58.8019	213.501	683.916
693	142.957	58.9148	213.161	684.48
694	142.943	59.0235	212.824	685.012
695	142.685	59.1347	212.473	685.55
696	142.672	59.2413	212.124	686.055
697	137.28	59.4039	211.734	686.965
698	137.296	59.5605	211.347	687.83
699	137.295	59.718	210.944	688.688
700	137.293	59.8694	210.544	689.499
701	137.313	60.0213	210.128	690.298
702	137.315	60.1666	209.714	691.047
703	142.783	60.2472	209.316	691.293
704	137.679	60.3828	208.889	691.951
705	137.705	60.5178	208.444	692.587
706	137.72	60.6454	208.002	693.165
707	142.911	60.7039	207.574	693.205
708	142.921	60.7558	207.149	693.195
709	142.952	60.8036	206.703	693.132
710	142.956	60.8445	206.26	693.016
711	142.959	60.8786	205.821	692.85
712	142.421	60.9136	205.38	692.689
713	142.59	60.9397	204.944	692.462
714	147.4	60.8925	204.545	691.685
715	147.259	60.8424	204.147	690.886
716	147.224	60.788	203.752	690.056
717	147.23	60.7287	203.359	689.189
718	147.237	60.6648	202.969	688.288
719	147.267	60.5958	202.583	687.349
720	142.514	60.5885	202.165	686.874
721	147.758	60.5027	201.788	685.809
722	147.777	60.4125	201.412	684.712
723	147.78	60.3183	201.04	683.587
724	147.753	60.2207	200.67	682.435
725	147.709	60.1198	200.302	681.261
726	147.732	60.015	199.937	680.057
727	147.806	59.9055	199.575	678.819
728	147.814	59.7924	199.216	677.555
729	147.748	59.6768	198.858	676.272
730	147.759	59.5576	198.503	674.964
731	147.748	59.4354	198.151	673.634
732	153.65	59.228	197.842	671.666
733	153.63	59.0194	197.535	669.69
734	148.414	58.8819	197.194	668.249
735	126.157	59.0507	196.7	669.106
736	126.146	59.2105	196.21	669.894
737	126.078	59.3622	195.723	670.621
738	126.012	59.5059	195.239	671.287
739	125.967	59.6416	194.758	671.891
740	131.587	59.6906	194.32	671.844
741	126.428	59.8045	193.848	672.284
742	126.414	59.9105	193.38	672.664
743	126.411	60.0085	192.915	672.983
744	126.264	60.1008	192.452	673.258
745	104.381	60.4892	191.84	675.754
746	82.8325	61.1631	191.083	680.388
747	82.7936	61.8176	190.331	684.872
748	77.2544	62.5714	189.5	690.071
749	82.0997	63.2307	188.71	694.556
750	77.2711	63.9839	187.84	699.711
751	77.3309	64.7109	186.976	704.663
752	77.2927	65.4604	186.062	709.746
753	77.2917	66.1823	185.156	714.614
754	77.2896	66.9266	184.193	719.606
755	77.2692	67.6408	183.238	724.365
756	77.3011	68.3773	182.219	729.238
757	77.1779	69.0824	181.209	733.868
758	77.2425	69.8091	180.126	738.599
759	77.2592	70.4979	179.055	743.038
760	77.2958	71.2083	177.898	747.565
761	77.2967	71.8764	176.755	751.766
762	82.6581	72.4319	175.579	755.034
763	77.2487	73.0793	174.35	758.985
764	77.2859	73.7456	173.002	762.966
765	77.3484	74.3541	171.673	766.506
766	77.3687	74.9083	170.363	769.63
767	77.3829	75.4103	169.072	772.355
768	71.533	76.025	167.717	775.917
769	76.4889	76.4473	166.45	778.029
770	76.4559	76.8236	165.2	779.789
771	71.4118	77.2949	163.898	782.257
772	71.418	77.7167	162.613	784.347
773	76.7895	77.9419	161.421	784.956
774	76.8089	78.1272	160.246	785.264
775	76.8674	78.273	159.088	785.273
776	71.2774	78.538	157.869	786.172
777	71.3499	78.7375	156.787	786.687
778	71.3529	78.9049	155.719	786.958
779	71.3593	79.0413	154.665	786.995
780	71.4336	79.146	153.624	786.792
781	65.5793	79.3685	152.524	787.472
782	49.3644	79.9633	151.234	790.94
783	38.1405	80.7915	149.82	796.153
784	38.1156	81.5644	148.424	800.939
785	43.7537	82.2062	146.97	804.62
786	43.7686	82.7894	145.537	807.852
787	43.7006	83.3846	143.946	811.023
788	38.7587	84.066	142.302	814.83
789	38.7097	84.7633	140.452	818.559
790	38.5964	85.3738	138.634	821.624
791	38.5955	85.9848	136.549	824.428
792	46.4049	86.1581	134.671	823.936
793	46.5428	86.2567	132.468	822.521
794	46.4828	86.2431	130.319	820.263
795	46.3801	86.1279	128.22	817.243
796	46.417	85.9116	126.175	813.468
797	46.4486	85.6024	124.182	809.001
798	46.479	85.2074	122.239	803.898
799	51.5608	84.481	120.472	796.32
800	51.4996	83.7055	118.748	788.392
801	46.2646	83.1444	116.936	782.091
802	45.1847	82.5748	115.142	775.74
803	40.0958	82.1984	113.266	770.853
804	39.3563	81.7839	111.418	765.69
805	41.3237	81.2969	109.958	760.333
806	51.6313	80.3398	108.743	751.461
807	51.6176	79.3725	107.553	742.533
808	51.5661	78.3981	106.386	733.571
809	51.6843	77.4108	105.247	724.533
810	46.6196	76.6281	104.025	717.05
811	51.8963	75.6073	102.939	707.798
812	51.975	74.5805	101.878	698.522
813	37.9407	74.137	100.546	693.642
814	37.9915	73.6544	99.2423	688.477
815	43.3047	72.9162	98.0769	681.407
816	43.3339	72.159	96.9365	674.208
817	55.3688	70.8843	96.0705	663.145
818	45.1076	70.0543	95.0087	655.443
819	46.6644	69.1497	94.0016	647.199
820	46.6804	68.2402	93.0157	638.937
821	46.5292	67.3338	92.0472	630.717
822	46.5765	66.4228	91.0999	622.482
823	41.3071	65.7299	90.0626	615.902
824	41.2456	65.0252	89.0456	609.247
825	44.9264	64.1541	88.1264	601.359
826	44.8605	63.2838	87.225	593.495
827	48.7403	62.2505	86.4233	584.427
828	49.3434	61.2017	85.6508	575.264
829	65.556	59.4889	85.2321	561.143
830	51.5648	58.5667	84.6309	553.165
831	51.5158	57.6577	84.0396	545.301
832	49.9795	56.8149	83.4314	537.951
833	49.9915	55.9801	82.8342	530.675
834	50.0181	55.1528	82.2482	523.471
835	55.2269	54.1481	81.7657	514.951
836	55.2409	53.1616	81.292	506.585
837	55.2283	52.1938	80.8266	498.377
838	50.0072	51.4304	80.2763	491.72
839	50.0007	50.6749	79.7356	485.135
840	40.8559	50.2536	79.0413	481.071
841	55.2625	49.3081	78.6167	473.082
842	39.0815	48.9591	77.9107	469.583
843	39.0945	48.5968	77.2176	465.992
844	39.0839	48.2232	76.5366	462.322
845	39.0816	47.8386	75.8678	458.576
846	39.131	47.4421	75.2118	454.749
847	44.3549	46.8498	74.6608	449.459
848	44.6276	46.2492	74.1245	444.118
849	44.5959	45.652	73.5972	438.813
850	44.6201	45.0565	73.0797	433.531
851	49.8502	44.2769	72.6649	426.88
852	49.87	43.5097	72.2578	420.336
853	49.9471	42.7526	71.8594	413.88
854	53.231	41.891	71.5268	406.655
855	50.1695	41.1577	71.1454	400.407
856	50.1698	40.4369	70.7708	394.266
857	55.5194	39.5374	70.4985	386.798
858	55.5568	38.7688	70.265	380.415
859	55.5898	38.0159	70.0357	374.163
860	55.6916	37.2761	69.8116	368.021
861	55.643	36.554	69.5902	362.022
862	61.2249	35.6731	69.4595	354.844
863	60.9666	34.8237	69.3268	347.917
864	55.7249	34.1606	69.1143	342.399
865	55.7797	33.5097	68.9059	336.984
866	50.5865	33.035	68.6197	332.9
867	50.6322	32.5648	68.3386	328.857
868	55.5068	31.9482	68.1381	323.723
869	61.6269	31.1532	68.0364	317.262
870	49.7536	30.751	67.7507	313.759
871	54.6831	30.1984	67.5465	309.134
872	55.2192	29.64	67.3539	304.474
873	60.488	28.9283	67.2466	298.673
874	60.4791	28.2358	67.1409	293.027
875	60.4495	27.5625	67.0363	287.536
876	60.3446	26.9103	66.9318	282.214
877	60.2969	26.2767	66.8281	277.042
878	49.5245	25.9963	66.5577	274.528
879	49.4851	25.7174	66.291	272.03
880	49.484	25.439	66.0284	269.54
881	54.7788	24.9955	65.8526	265.817
882	54.7581	24.5611	65.6792	262.168
883	57.3612	24.0535	65.5493	257.978
884	74.2354	23.5733	65.685	254.271
885	46.3429	23.4411	65.3828	252.911
886	50.9851	23.1585	65.1578	250.426
887	52.0631	22.844	64.9532	247.705
888	51.4203	22.553	64.7418	245.166
889	46.1757	22.4284	64.4517	243.879
890	46.2343	22.2968	64.167	242.542
891	46.2637	22.1748	63.9184	241.317
892	51.5386	21.9027	63.7464	238.968
893	51.5554	21.6329	63.5771	236.64
894	51.7016	21.3619	63.4122	234.307
895	51.6598	21.095	63.2489	232.009
896	57.912	20.6572	63.1748	228.433
897	57.9366	20.2289	63.102	224.933
898	52.5433	19.9603	62.9554	222.638
899	52.5349	19.6953	62.8107	220.373
900	58.3586	19.2719	62.7488	216.924
901	45.563	19.2139	62.5101	216.222
902	45.6216	19.1493	62.2756	215.47
903	40.9658	19.2094	61.9796	215.654
904	45.2446	19.1406	61.7472	214.872
905	40.035	19.2121	61.4456	215.142
906	41.3129	19.2376	61.166	215.067
907	41.3265	19.2543	60.8904	214.925
908	41.3429	19.2625	60.619	214.719
909	44.7514	19.1682	60.3986	213.744
910	47.8511	18.9843	60.2243	212.099
911	47.8984	18.7993	60.0531	210.448
912	47.9018	18.6147	59.8843	208.802
913	47.9216	18.4299	59.7182	207.157
914	46.7512	18.2781	59.5381	205.763
915	46.8302	18.1234	59.3616	204.349
916	46.8622	17.9672	59.188	202.925
917	46.8823	17.8099	59.0171	201.496
918	49.9778	17.5663	58.8915	200
919	48.3807	17.3703	58.7455	200
920	48.341	17.1768	58.601	200
921	49.702	16.9469	58.4774	200
922	46.5196	16.8083	58.3114	200
923	46.5266	16.6687	58.1477	200
924	45.1921	16.5656	57.9677	200
925	47.1559	16.4058	57.8176	200
926	52.1397	16.1078	57.7387	200
927	52.1658	15.8151	57.6613	200
928	51.4468	15.5751	57.5836	200
929	47.9173	15.4274	57.4628	200
930	52.2028	15.1732	57.3971	200
931	52.0757	14.9269	57.3305	200
932	52.0865	14.6848	57.265	200
933	47.0136	14.574	57.1368	200
934	46.9591	14.4641	57.0096	200
935	56.2977	14.1203	57.0007	200
936	56.3064	13.7846	56.992	200
937	53.6372	13.5239	56.9501	200
938	48.9029	13.387	56.8495	200
939	49.6423	13.2325	56.7594	200
940	48.242	13.1146	56.653	200
941	42.4123	13.1428	56.475	200
942	42.4209	13.1655	56.2993	200
943	42.4111	13.1836	56.1257	200
944	42.4815	13.1951	55.9551	200
945	37.562	13.3251	55.7252	200
946	37.56	13.4461	55.4981	200
947	39.5232	13.5093	55.2985	200
948	36.8184	13.6336	55.0675	200
949	41.7654	13.6253	54.9012	200
950	37.4276	13.7215	54.6828	200
951	38.7931	13.7757	54.4841	200
952	38.776	13.824	54.2878	200
953	41.4215	13.8	54.127	200
954	42.1716	13.7539	53.9775	200
955	41.4858	13.7224	53.8214	200
956	41.491	13.6876	53.6672	200
957	47.6804	13.4951	53.5924	200
958	44.9829	13.3729	53.4848	200
959	44.25	13.2695	53.3693	200
960	45.1948	13.1421	53.2672	200
961	46.5361	12.9818	53.183	200
962	47.8326	12.791	53.1161	200
963	47.8395	12.6032	53.0502	200
964	45.7376	12.4709	52.9588	200
965	45.7152	12.3402	52.8682	200
966	45.7118	12.2106	52.7788	200
967	43.7463	12.1312	52.6659	200
968	49.1987	11.9146	52.6225	200
969	49.2567	11.7203	52.5843	200
970	40.8512	11.7206	52.4509	200
971	42.8987	11.6713	52.3424	200
972	41.5652	11.651	52.2199	200
973	41.6019	11.6275	52.0993	200
974	42.2991	11.586	51.9879	200
975	42.2758	11.5434	51.8775	200
976	34.8498	11.668	51.684	200
977	35.5503	11.7695	51.5007	200
978	21.3742	12.1867	51.1584	200
979	22.0956	12.5703	50.8281	200
980	23.9958	12.8944	50.5232	200
981	26.3845	13.1499	50.2489	200
982	39.5786	13.0936	50.1276	200
983	38.9717	13.0496	50.0009	200
984	39.6842	12.9874	49.8836	200
985	39.6982	12.9238	49.7679	200
986	39.6998	12.8589	49.6535	200
987	41.7076	12.7472	49.5632	200
988	47.9357	12.4945	49.5447	200
989	43.7276	12.3427	49.4786	200
990	45.133	12.161	49.4292	200
991	45.1031	11.9829	49.38	200
992	43.7161	11.8393	49.3157	200
993	44.4216	11.6814	49.2601	200
994	44.4346	11.5256	49.2052	200
995	44.3743	11.3735	49.1503	200
996	40.9874	11.3005	49.0576	200
997	44.3926	11.1497	49.0045	200
998	46.5888	10.9512	48.9771	200
999	50.0637	10.727	48.9894	200
1000	49.1161	10.4861	48.9909	200
1001	48.3848	10.2615	48.984	200
1002	46.442	10.0861	48.9551	200
1003	54.2278	9.97669	49.015	200
1004	38.4374	9.99034	48.8948	200
1005	37.8063	10.0153	48.7688	200
1006	37.0991	10.0529	48.6362	200
1007	37.1128	10.0863	48.5053	200
1008	42.3844	9.9962	48.4357	200
1009	46.9202	9.80345	48.4185	200
1010	40.7323	9.75533	48.3311	200
1011	39.5782	9.73255	48.2317	200
1012	38.247	9.73828	48.1182	200
1013	43.5171	9.62153	48.0659	200
1014	43.5036	9.51612	48.0184	200
1015	43.5927	9.41007	47.9723	200
1016	40.8043	9.36336	47.8976	200
1017	40.8202	9.31574	47.8239	200
1018	40.8478	9.267	47.7512	200
1019	46.1568	9.10715	47.7346	200
1020	49.7687	8.95979	47.7558	200
1021	51.3702	8.84843	47.7935	200
1022	51.3303	8.73777	47.8303	200
1023	51.3382	8.62882	47.8669	200
1024	51.3386	8.52138	47.903	200
1025	57.6453	8.54681	48.0045	200
1026	46.5268	8.39954	47.9891	200
1027	48.6156	8.2376	47.9956	200
1028	48.5528	8.07759	48.0014	200
1029	48.5503	7.92074	48.0072	200
1030	50.7571	7.81302	48.0358	200
1031	45.4965	7.70315	48.0093	200
1032	38.9424	7.73156	47.9149	200
1033	38.9096	7.75809	47.8211	200
1034	38.8104	7.78419	47.7272	200
1035	38.8178	7.80763	47.6344	200
1036	33.5658	7.93807	47.4879	200
1037	33.5798	8.06244	47.343	200
1038	38.7031	8.07447	47.253	200
1039	39.7797	8.06195	47.1751	200
1040	39.7725	8.04821	47.098	200
1041	39.7496	8.03363	47.0215	200
1042	41.4013	7.98335	46.9629	200
1043	36.1022	8.0433	46.8498	200
1044	29.8319	8.23027	46.6725	200
1045	24.7777	8.51495	46.4445	200
1046	37.9992	8.51349	46.3565	200
1047	39.0154	8.48907	46.28	200
1048	40.2021	8.43884	46.2167	200
1049	35.718	8.48175	46.1074	200
1050	36.4069	8.50714	46.0063	200
1051	34.993	8.55935	45.8916	200
1052	35.0026	8.60788	45.7782	200
1053	35.0151	8.65278	45.666	200
1054	34.8089	8.69871	45.5529	200
1055	34.8329	8.74082	45.4413	200
1056	34.8374	8.77963	45.3308	200
1057	39.757	8.71284	45.2728	200
1058	39.7826	8.6457	45.2156	200
1059	43.1231	8.50918	45.1938	200
1060	43.1315	8.37486	45.1723	200
1061	43.1505	8.24251	45.1512	200
1062	43.1967	8.11151	45.1309	200
1063	38.0909	8.0909	45.0632	200
1064	36.9266	8.09178	44.9849	200
1065	43.2012	7.97047	44.9678	200
1066	43.2248	7.85071	44.951	200
1067	41.5374	7.76538	44.9182	200
1068	46.8823	7.65382	44.9371	200
1069	45.4691	7.51686	44.9422	200
1070	45.4929	7.3829	44.9475	200
1071	52.6496	7.38903	45.0216	200
1072	51.6825	7.37503	45.0856	200
1073	50.5473	7.33824	45.1381	200
1074	48.7506	7.26659	45.1729	200
1075	48.0423	7.18203	45.2004	200
1076	52.6924	7.18799	45.2725	200
1077	52.73	7.19317	45.3442	200
1078	52.7498	7.19725	45.4154	200
1079	50.7967	7.16233	45.4671	200
1080	50.8503	7.12812	45.5189	200
1081	56.148	7.19544	45.6211	200
1082	51.3164	7.16659	45.6759	200
1083	51.304	7.13701	45.73	200
1084	48.9299	7.06129	45.7607	200
1085	48.9797	6.9874	45.7917	200
1086	49.0214	6.91514	45.8228	200
1087	53.2279	6.92456	45.894	200
1088	53.2581	6.93301	45.9648	200
1089	53.2677	6.94013	46.035	200
1090	53.2673	6.94574	46.1045	200
1091	51.5584	6.91706	46.157	200
1092	51.5646	6.88803	46.209	200
1093	51.5659	6.85858	46.2605	200
1094	46.2362	6.72715	46.2602	200
1095	46.164	6.59964	46.2593	200
1096	51.2371	6.56845	46.3072	200
1097	49.9205	6.51162	46.3419	200
1098	49.9252	6.4553	46.3764	200
1099	53.4081	6.46639	46.444	200
1100	53.4612	6.47698	46.5115	200
1101	53.4959	6.48674	46.5786	200
1102	49.9018	6.4259	46.6106	200
1103	49.8828	6.36525	46.642	200
1104	49.8885	6.30527	46.6732	200
1105	49.8146	6.24443	46.7034	200
1106	49.7468	6.18287	46.7327	200
1107	49.9709	6.12624	46.7638	200
1108	49.9377	6.06946	46.7944	200
1109	49.9352	6.01314	46.8246	200
1110	48.9041	5.93749	46.8446	200
1111	48.9076	5.86299	46.8644	200
1112	48.8526	5.78847	46.8835	200
1113	44.6267	5.72055	46.8618	200
1114	49.9047	5.66906	46.8911	200
1115	55.5021	5.72563	46.9739	200
1116	55.5051	5.77573	47.05	200
1117	59.0453	5.8868	47.1571	200
1118	55.9747	5.93913	47.2359	200
1119	55.9847	5.9893	47.314	200
1120	55.9852	6.03719	47.3914	200
1121	55.9628	6.08245	47.4679	200
1122	59.3176	6.18543	47.5737	200
1123	54.2333	6.1939	47.6332	200
1124	35.2171	6.30501	47.5223	200
1125	44.4546	6.2472	47.4949	200
1126	40.941	6.25268	47.4364	200
1127	44.7922	6.18824	47.4128	200
1128	44.827	6.12391	47.3897	200
1129	44.0649	6.07393	47.36	200
1130	44.064	6.02432	47.3306	200
1131	44.0393	5.97552	47.3012	200
1132	47.6957	5.87586	47.3047	200
1133	47.7651	5.77915	47.3089	200
1134	57.732	5.86208	47.4019	200
1135	57.9535	5.94582	47.4961	200
1136	58.0026	6.02726	47.5899	200
1137	62.1935	6.18041	47.7203	200
1138	62.1536	6.32778	47.8492	200
1139	62.1474	6.47011	47.9769	200
1140	62.1289	6.60729	48.1032	200
1141	56.8009	6.64461	48.1809	200
1142	51.2611	6.58096	48.2084	200
1143	51.3042	6.51873	48.236	200
1144	51.3099	6.45721	48.2635	200
1145	54.8567	6.45964	48.3223	200
1146	56.125	6.48362	48.392	200
1147	56.1321	6.50606	48.4611	200
1148	56.1328	6.52688	48.5296	200
1149	56.2144	6.54755	48.5982	200
1150	52.8494	6.50655	48.6362	200
1151	58.21	6.56132	48.7216	200
1152	54.0115	6.53861	48.7689	200
1153	44.7616	6.49341	48.7331	200
1154	47.6786	6.39629	48.7237	200
1155	49.0346	6.28762	48.7265	200
1156	49.0109	6.18042	48.729	200
1157	48.0762	6.08171	48.7232	200
1158	48.0806	5.98458	48.7174	200
1159	48.065	5.88936	48.7116	200
1160	49.7868	5.8034	48.7212	200
1161	49.7386	5.71793	48.7303	200
1162	39.6131	5.77863	48.6489	200
1163	44.9367	5.74173	48.6157	200
1164	44.9141	5.7053	48.5827	200
1165	40.7563	5.74318	48.5128	200
1166	40.7688	5.7789	48.4437	200
1167	40.8202	5.81184	48.3756	200
1168	40.9025	5.84151	48.3089	200
1169	40.9687	5.86827	48.2433	200
1170	46.0341	5.80293	48.2236	200
1171	46.0394	5.73831	48.2041	200
1172	51.4662	5.69409	48.2332	200
1173	51.5978	5.65526	48.2613	200
1174	61.3959	5.77992	48.3707	200
1175	58.6499	5.85491	48.4564	200
1176	58.6679	5.92752	48.5415	200
1177	58.7626	5.99908	48.6267	200
1178	63.0641	6.13972	48.747	200
1179	64.3364	6.29721	48.8769	200
1180	59.0364	6.36158	48.9615	200
1181	59.0516	6.42373	49.0456	200
1182	58.9826	6.48228	49.1284	200
1183	56.0513	6.48962	49.1861	200
1184	50.8256	6.40879	49.1998	200
1185	50.8219	6.32901	49.2133	200
1186	57.511	6.36182	49.2824	200
1187	57.6525	6.39529	49.3522	200
1188	61.7561	6.49543	49.4556	200
1189	56.4792	6.50423	49.5141	200
1190	56.6311	6.51445	49.5734	200
1191	51.2298	6.43348	49.5872	200
1192	52.8099	6.37997	49.6141	200
1193	52.817	6.32701	49.6408	200
1194	52.7435	6.27328	49.6666	200
1195	58.6145	6.31785	49.7412	200
1196	59.4737	6.37476	49.8223	200
1197	59.5472	6.4306	49.9033	200
1198	59.4948	6.48328	49.9832	200
1199	58.6869	6.52029	50.0558	200
1200	58.864	6.55842	50.1292	200
1201	64.9089	6.69544	50.2523	200
1202	64.9424	6.82868	50.3748	200
1203	64.8173	6.95558	50.4951	200
1204	47.9555	6.88198	50.4739	200
1205	53.2772	6.814	50.4973	200
1206	53.2766	6.74676	50.5205	200
1207	53.2105	6.67914	50.5429	200
1208	48.8258	6.59644	50.5286	200
1209	47.5837	6.53558	50.504	200
1210	47.5962	6.47512	50.4798	200
1211	50.9423	6.37491	50.4837	200
1212	50.9561	6.27653	50.4876	200
1213	50.9576	6.17976	50.4915	200
1214	50.9335	6.08413	50.4952	200
1215	56.4839	6.08254	50.5451	200
1216	49.723	5.99486	50.5382	200
1217	51.0514	5.9035	50.5425	200
1218	46.9488	5.865	50.5126	200
1219	46.8211	5.82878	50.4818	200
1220	46.6512	5.79547	50.4499	200
1221	51.5313	5.7169	50.4589	200
1222	59.1424	5.76635	50.5313	200
1223	59.2239	5.81512	50.6037	200
1224	59.2403	5.86214	50.6757	200
1225	53.3911	5.8097	50.6983	200
1226	52.4898	5.74273	50.7132	200
1227	52.34	5.67413	50.7268	200
1228	57.5636	5.69351	50.7838	200
1229	53.2691	5.64004	50.8045	200
1230	53.0708	5.58381	50.8234	200
1231	51.8665	5.50813	50.832	200
1232	51.9214	5.43448	50.8411	200
1233	52.0081	5.36336	50.8508	200
1234	57.2472	5.3795	50.9008	200
1235	64.5769	5.50913	51.0077	200
1236	59.3109	5.55279	51.0725	200
1237	59.325	5.59497	51.137	200
1238	64.751	5.72027	51.2434	200
1239	64.7105	5.84131	51.3486	200
1240	66.7972	5.99142	51.4693	200
1241	66.7561	6.13666	51.5887	200
1242	63.4038	6.22539	51.681	200
1243	63.3993	6.31122	51.7725	200
1244	68.7367	6.47767	51.9051	200
1245	68.7071	6.63899	52.0363	200
1246	63.1683	6.70919	52.1233	200
1247	63.1639	6.77687	52.2096	200
1248	61.6902	6.81911	52.2836	200
1249	61.6865	6.85948	52.3571	200
1250	66.9194	6.97984	52.4709	200
1251	66.9408	7.09687	52.5839	200
1252	67.4403	7.21812	52.7	200
1253	58.6245	7.1979	52.7463	200
1254	58.6301	7.17737	52.7922	200
1255	63.4975	7.23249	52.8759	200
1256	63.5531	7.28632	52.9593	200
1257	63.562	7.33814	53.0421	200
1258	63.6047	7.38852	53.1246	200
1259	58.36	7.35487	53.1655	200
1260	63.6369	7.40357	53.2473	200
1261	63.6552	7.45051	53.3286	200
1262	59.5632	7.43151	53.3774	200
1263	64.7486	7.49307	53.4662	200
1264	64.7208	7.55184	53.5541	200
1265	64.7484	7.60875	53.6416	200
1266	59.5118	7.58159	53.6874	200
1267	69.0935	7.70385	53.8078	200
1268	69.0101	7.82101	53.9266	200
1269	69.0115	7.93451	54.0444	200
1270	74.4178	8.12886	54.2036	200
1271	74.4354	8.31797	54.3616	200
1272	72.2985	8.46827	54.5018	200
1273	77.5731	8.69644	54.682	200
1274	77.6596	8.91958	54.8615	200
1275	77.6794	9.13674	55.0398	200
1276	72.3338	9.2642	55.1749	200
1277	72.3343	9.38756	55.309	200
1278	72.3504	9.50715	55.4421	200
1279	72.3756	9.62319	55.5744	200
1280	77.6196	9.81728	55.7466	200
1281	77.638	10.0059	55.9176	200
1282	77.7663	10.191	56.0883	200
1283	77.7712	10.3705	56.2577	200
1284	72.4266	10.4611	56.384	200
1285	72.1587	10.5442	56.5073	200
1286	72.1194	10.6234	56.6293	200
1287	67.2977	10.6241	56.7126	200
1288	67.2604	10.6229	56.795	200
1289	67.3091	10.6212	56.8771	200
1290	72.2874	10.696	56.9975	200
1291	72.3045	10.768	57.1171	200
1292	78.1215	10.928	57.2812	200
1293	78.1788	11.0838	57.4445	200
1294	72.0617	11.139	57.5587	200
1295	66.8686	11.1104	57.6314	200
1296	66.899	11.0816	57.7038	200
1297	71.6632	11.1266	57.8129	200
1298	71.6933	11.1696	57.9213	200
1299	71.9706	11.2119	58.0246	200
1300	60.3754	11.0816	58.0419	200
1301	60.4003	10.9533	58.0592	200
1302	60.5362	10.8287	58.0774	200
1303	60.4807	10.7048	58.0951	200
1304	60.4747	10.5824	58.1126	200
1305	60.4852	10.4616	58.1301	200
1306	55.1648	10.3514	58.1083	200
1307	60.2387	10.2305	58.1239	200
1308	60.2522	10.1113	58.1396	200
1309	60.2524	9.9937	58.1551	200
1310	65.8329	9.95965	58.2116	200
1311	65.7803	9.92449	58.2672	200
1312	65.8206	9.88961	58.3227	200
1313	60.633	9.77815	58.3397	200
1314	60.6418	9.66821	58.3567	200
1315	60.5086	9.55768	58.3725	200
1316	60.5426	9.44903	58.3884	200
1317	60.475	9.34076	58.4038	200
1318	71.3608	9.39394	58.4991	200
1319	71.3514	9.4448	58.5936	200
1320	71.3697	9.49379	58.6875	200
1321	71.4	9.54112	58.781	200
1322	76.3943	9.65983	58.9105	200
1323	71.3837	9.7012	59.0022	200
1324	71.3758	9.74051	59.0932	200
1325	66.1263	9.70069	59.1449	200
1326	66.0727	9.65991	59.1958	200
1327	66.0301	9.61836	59.2461	200
1328	66.0682	9.57723	59.2962	200
1329	71.2316	9.61191	59.384	200
1330	66.4765	9.57486	59.4362	200
1331	66.4694	9.53749	59.4879	200
1332	66.4805	9.50006	59.5393	200
1333	66.1922	9.45819	59.5882	200
1334	71.8135	9.49888	59.6781	200
1335	71.8681	9.53846	59.7677	200
1336	71.847	9.57582	59.8565	200
1337	71.9041	9.61217	59.9451	200
1338	71.9216	9.64694	60.0332	200
1339	77.511	9.7621	60.1617	200
1340	77.5281	9.87392	60.2894	200
1341	72.4397	9.9074	60.3787	200
1342	72.5979	9.9414	60.4686	200
1343	72.6114	9.97377	60.5579	200
1344	67.0668	9.92281	60.6057	200
1345	67.1352	9.87291	60.6537	200
1346	72.184	9.89729	60.7385	200
1347	72.1513	9.91957	60.8224	200
1348	72.1405	9.94013	60.9057	200
1349	66.8752	9.88174	60.9496	200
1350	66.8508	9.82321	60.9929	200
1351	66.8958	9.76556	61.0363	200
1352	55.6799	9.70071	60.997	200
1353	61.4818	9.56519	61.0005	200
1354	61.43	9.43084	61.0037	200
1355	61.411	9.29814	61.0067	200
1356	56.4159	9.22891	60.9729	200
1357	56.4542	9.15964	60.9397	200
1358	61.6129	9.03484	60.9446	200
1359	61.2016	8.90576	60.9465	200
1360	61.2135	8.77872	60.9485	200
1361	61.5259	8.65811	60.9527	200
1362	61.5072	8.53894	60.9568	200
1363	61.4219	8.4202	60.9602	200
1364	61.4283	8.30326	60.9637	200
1365	61.4286	8.18799	60.9671	200
1366	61.4325	8.07442	60.9705	200
1367	61.4426	7.96262	60.974	200
1368	61.4808	7.85907	60.9775	200
1369	57.3014	7.80097	60.952	200
1370	57.3069	7.74325	60.9267	200
1371	61.0157	7.63694	60.9273	200
1372	59.0102	7.5575	60.914	200
1373	61.0037	7.45378	60.9146	200
1374	55.4678	7.4259	60.8768	200
1375	55.4746	7.39779	60.8392	200
1376	55.402	7.37056	60.8015	200
1377	55.2709	7.34501	60.7631	200
1378	60.578	7.24556	60.7618	200
1379	60.5542	7.14781	60.7604	200
1380	60.4821	7.0524	60.7584	200
1381	55.3741	7.02923	60.721	200
1382	61.0071	6.93558	60.723	200
1383	61.0238	6.84343	60.7251	200
1384	61.0266	6.75257	60.7272	200
1385	61.0256	6.66293	60.7293	200
1386	70.7131	6.70905	60.7986	200
1387	65.4407	6.68034	60.8308	200
1388	59.629	6.60425	60.8225	200
1389	59.6516	6.52879	60.8144	200
1390	59.6004	6.45497	60.8059	200
1391	65.0954	6.42489	60.8357	200
1392	65.0603	6.39433	60.8651	200
1393	65.5469	6.37055	60.8976	200
1394	61.2907	6.28753	60.9003	200
1395	61.2975	6.20572	60.9031	200
1396	60.9955	6.12081	60.9037	200
1397	60.9504	6.03645	60.904	200
1398	55.8081	6.02338	60.8686	200
1399	55.8405	6.00956	60.8337	200
1400	55.8512	5.99529	60.7991	200
1401	55.8565	5.98067	60.7648	200
1402	61.2575	5.90445	60.7682	200
1403	61.3444	5.83045	60.7722	200
1404	61.3842	5.75797	60.7765	200
1405	58.3737	5.71137	60.7598	200
1406	64.2146	5.68003	60.7838	200
1407	60.4506	5.60576	60.7814	200
1408	57.0368	5.57991	60.7554	200
1409	55.2087	5.57945	60.7169	200
1410	55.1444	5.57935	60.6782	200
1411	60.7578	5.50297	60.6788	200
1412	60.7428	5.42743	60.6792	200
1413	60.7029	5.35238	60.6794	200
1414	55.3887	5.35152	60.6426	200
1415	55.3952	5.35007	60.6062	200
1416	55.4213	5.34778	60.5702	200
1417	61.4846	5.2862	60.5765	200
1418	61.2037	5.22149	60.5809	200
1419	66.5632	5.23206	60.6224	200
1420	66.626	5.24277	60.6641	200
1421	66.7164	5.25401	60.7062	200
1422	62.3312	5.20361	60.7174	200
1423	62.2944	5.15324	60.7284	200
1424	62.3103	5.10364	60.7394	200
1425	62.3909	5.05569	60.7509	200
1426	67.5978	5.08057	60.7984	200
1427	62.0636	5.02758	60.8072	200
1428	62.0549	4.97508	60.8159	200
1429	67.1083	4.99338	60.8595	200
1430	65.9497	4.99472	60.8949	200
1431	65.9463	4.9955	60.93	200
1432	65.8765	4.99482	60.9643	200
1433	65.9145	4.9942	60.9987	200
1434	71.2088	5.06665	61.0696	200
1435	71.2145	5.13718	61.1401	200
1436	71.1974	5.20551	61.2099	200
1437	71.3012	5.27337	61.28	200
1438	65.8952	5.26423	61.312	200
1439	71.5649	5.33351	61.3832	200
1440	71.5898	5.4012	61.4541	200
1441	71.5099	5.46244	61.5203	200
1442	73.0049	5.54168	61.5958	200
1443	67.1132	5.54136	61.6321	200
1444	72.5338	5.61189	61.7038	200
1445	67.3382	5.61218	61.7409	200
1446	67.3238	5.6118	61.7776	200
1447	67.3112	5.61077	61.814	200
1448	61.7137	5.53826	61.8134	200
1449	66.5058	5.52713	61.8442	200
1450	66.5232	5.51597	61.875	200
1451	66.5256	5.50458	61.9056	200
1452	66.4811	5.49236	61.9357	200
1453	71.8996	5.55119	62.0013	200
1454	65.8168	5.52835	62.0264	200
1455	69.1311	5.5491	62.0731	200
1456	65.1499	5.51656	62.0934	200
1457	65.1302	5.48394	62.1133	200
1458	65.187	5.45222	62.1336	200
1459	62.5322	5.38573	62.1362	200
1460	62.5414	5.32019	62.1388	200
1461	62.487	5.25477	62.1411	200
1462	62.379	5.18876	62.1427	200
1463	57.1705	5.18591	62.11	200
1464	57.1749	5.18261	62.0775	200
1465	57.1764	5.17891	62.0453	200
1466	53.4752	5.22353	61.9889	200
1467	53.4777	5.26678	61.9329	200
1468	53.4765	5.30875	61.8773	200
1469	53.4971	5.34916	61.8221	200
1470	56.908	5.34344	61.7898	200
1471	51.575	5.40754	61.7226	200
1472	54.263	5.43454	61.6735	200
1473	54.2774	5.46035	61.6249	200
1474	54.1694	5.4866	61.5758	200
1475	54.1391	5.51225	61.5269	200
1476	48.4589	5.61167	61.4409	200
1477	53.812	5.63821	61.3907	200
1478	54.7683	5.65116	61.3472	200
1479	60.188	5.59206	61.3395	200
1480	54.9621	5.60239	61.2976	200
1481	54.9745	5.61187	61.256	200
1482	49.4827	5.69294	61.1785	200
1483	53.5025	5.71904	61.128	200
1484	53.3443	5.7462	61.0768	200
1485	53.3334	5.77248	61.0259	200
1486	57.5485	5.74228	61.003	200
1487	53.6151	5.76393	60.9544	200
1488	53.6165	5.78464	60.9061	200
1489	53.6168	5.80444	60.8581	200
1490	53.6167	5.82335	60.8105	200
1491	53.3611	5.84474	60.7615	200
1492	53.4696	5.86379	60.7135	200
1493	56.1366	5.84685	60.6834	200
1494	54.7616	5.84784	60.6444	200
1495	60.3563	5.77468	60.6426	200
1496	60.2221	5.70423	60.6398	200
1497	57.4878	5.67065	60.6191	200
1498	57.4804	5.63733	60.5984	200
1499	62.978	5.59447	60.6141	200
1500	62.995	5.55218	60.6297	200
1501	62.9904	5.51019	60.6452	200
1502	68.9633	5.54713	60.7	200
1503	68.9797	5.58309	60.7544	200
1504	69.7293	5.62772	60.8135	200
1505	69.7396	5.67112	60.8722	200
1506	69.7406	5.71319	60.9306	200
1507	69.7062	5.75348	60.9883	200
1508	66.2733	5.74732	61.0231	200
1509	66.2714	5.74075	61.0576	200
1510	63.5712	5.69829	61.0741	200
1511	69.1795	5.72996	61.1274	200
1512	69.3025	5.76213	61.1812	200
1513	69.3372	5.79363	61.2349	200
1514	73.7958	5.88267	61.3175	200
1515	68.4895	5.89963	61.3647	200
1516	67.8837	5.90778	61.4076	200
1517	67.916	5.91569	61.4504	200
1518	67.6354	5.91905	61.4891	200
1519	67.5304	5.92058	61.5268	200
1520	67.5216	5.92151	61.5643	200
1521	67.5535	5.92235	61.6017	200
1522	67.2347	5.91874	61.6369	200
1523	67.2376	5.91476	61.6719	200
1524	67.2378	5.9104	61.7067	200
1525	63.0112	5.85282	61.7149	200
1526	62.139	5.78496	61.7175	200
1527	62.1328	5.71784	61.7201	200
1528	67.6826	5.7209	61.7574	200
1529	67.6987	5.72365	61.7945	200
1530	68.4812	5.73569	61.8363	200
1531	74.0099	5.81616	61.9124	200
1532	74.3273	5.89865	61.99	200
1533	74.368	5.97964	62.0673	200
1534	68.7712	5.98869	62.1092	200
1535	74.3774	6.06719	62.1859	200
1536	74.394	6.14395	62.2622	200
1537	74.3974	6.21884	62.3381	200
1538	74.7638	6.29642	62.4157	200
1539	80.3051	6.44133	62.5275	200
1540	80.265	6.58254	62.6384	200
1541	74.2836	6.64582	62.7112	200
1542	79.793	6.77627	62.8179	200
1543	72.1072	6.80768	62.876	200
1544	72.1872	6.83897	62.9342	200
1545	72.2419	6.86983	62.9924	200
1546	72.2833	6.9001	63.0504	200
1547	72.3136	6.92963	63.1083	200
1548	77.5976	7.02413	63.1989	200
1549	77.605	7.1164	63.2889	200
1550	72.0084	7.13644	63.3434	200
1551	71.8856	7.15401	63.3968	200
1552	71.8573	7.17034	63.4497	200
1553	67.3776	7.12981	63.4742	200
1554	67.3421	7.08904	63.4984	200
1555	67.0098	7.04432	63.5203	200
1556	72.1715	7.0644	63.5744	200
1557	72.2027	7.08395	63.6283	200
1558	76.6323	7.15795	63.7096	200
1559	76.6461	7.23018	63.7905	200
1560	76.6671	7.30076	63.8709	200
1561	76.6836	7.36966	63.951	200
1562	72.7772	7.38786	64.0062	200
1563	76.5919	7.45284	64.0849	200
1564	76.6108	7.51625	64.1631	200
1565	76.6132	7.57792	64.2409	200
1566	76.6207	7.63795	64.3183	200
1567	76.729	7.6976	64.3959	200
1568	76.4301	7.75181	64.4711	200
1569	76.4369	7.80449	64.5459	200
1570	70.4297	7.78048	64.5827	200
1571	71.1145	7.76487	64.6235	200
1572	59.6247	7.73029	64.5922	200
1573	59.6187	7.69583	64.5612	200
1574	65.055	7.60581	64.5642	200
1575	59.4534	7.57462	64.5323	200
1576	59.4468	7.5435	64.5005	200
1577	59.4437	7.51242	64.4689	200
1578	59.1308	7.48524	64.4355	200
1579	55.0122	7.50947	64.3766	200
1580	55.02	7.53256	64.3182	200
1581	55.0207	7.55462	64.2601	200
1582	49.4953	7.64474	64.1678	200
1583	49.3787	7.73405	64.0753	200
1584	52.6889	7.7797	64.0042	200
1585	53.2057	7.81743	63.9367	200
1586	53.2541	7.85325	63.8699	200
1587	53.1767	7.88875	63.8031	200
1588	47.8839	7.98913	63.7036	200
1589	47.8696	8.08719	63.6046	200
1590	47.852	8.18301	63.5062	200
1591	47.9076	8.2757	63.4087	200
1592	53.2891	8.29875	63.3454	200
1593	53.9564	8.31237	63.2868	200
1594	56.9146	8.28812	63.2469	200
1595	56.9345	8.26342	63.2075	200
1596	66.5995	8.20253	63.2287	200
1597	66.6065	8.14222	63.2498	200
1598	66.6181	8.08255	63.2708	200
1599	57.0321	8.0606	63.2337	200
1600	60.3832	7.99857	63.2167	200
1601	60.3411	7.93759	63.1996	200
1602	60.3316	7.87723	63.1825	200
1603	60.2536	7.81832	63.1651	200
1604	56.427	7.80546	63.125	200
1605	60.0248	7.74945	63.1065	200
1606	60.0939	7.69306	63.0886	200
1607	60.6857	7.63008	63.0743	200
1608	60.6327	7.56831	63.0598	200
1609	57.4041	7.54554	63.0261	200
1610	57.4182	7.52247	62.9927	200
1611	57.4186	7.49928	62.9596	200
1612	54.5148	7.51053	62.9093	200
1613	57.1761	7.48938	62.8752	200
1614	57.1727	7.4681	62.8412	200
1615	51.6817	7.51205	62.7748	200
1616	51.6724	7.55479	62.7087	200
1617	51.7227	7.59564	62.6433	200
1618	51.7602	7.63477	62.5785	200
1619	46.1933	7.73894	62.481	200
1620	50.0948	7.79427	62.4073	200
1621	56.3172	7.77398	62.371	200
1622	56.3347	7.75329	62.3351	200
1623	56.3458	7.73229	62.2994	200
1624	61.3643	7.65137	62.2939	200
1625	58.0482	7.61083	62.2686	200
1626	64.4044	7.54565	62.2813	200
1627	64.3752	7.48075	62.2938	200
1628	64.3861	7.4166	62.3062	200
1629	64.4219	7.35349	62.3188	200
1630	64.4327	7.29111	62.3314	200
1631	64.5164	7.23033	62.3444	200
1632	69.5763	7.23034	62.3875	200
1633	70.037	7.23534	62.433	200
1634	69.338	7.2314	62.4741	200
1635	66.3689	7.19168	62.4973	200
1636	71.57	7.21407	62.5513	200
1637	56.7127	7.1977	62.5165	200
1638	56.7466	7.1807	62.4822	200
1639	56.7649	7.16328	62.4481	200
1640	56.777	7.14551	62.4144	200
1641	62.4711	7.06112	62.4147	200
1642	59.122	7.01626	62.3951	200
1643	59.1737	6.97108	62.3759	200
1644	59.1932	6.92598	62.357	200
1645	59.1977	6.88114	62.3382	200
1646	69.9784	6.89018	62.3837	200
1647	66.3845	6.85578	62.4075	200
1648	66.3259	6.82081	62.4308	200
1649	65.6832	6.77833	62.4502	200
1650	65.6723	6.73599	62.4693	200
1651	63.65	6.66986	62.4764	200
1652	69.2566	6.67117	62.5167	200
1653	69.3795	6.67345	62.5576	200
1654	76.7415	6.76286	62.642	200
1655	73.9197	6.81661	62.7091	200
1656	73.9108	6.86881	62.7758	200
1657	73.9088	6.91958	62.8421	200
1658	73.9087	6.96894	62.908	200
1659	73.954	7.01748	62.9737	200
1660	79.2234	7.12739	63.0704	200
1661	79.2288	7.2349	63.1666	200
1662	73.9129	7.2767	63.2306	200
1663	67.7011	7.24329	63.2572	200
1664	67.6944	7.20989	63.2836	200
1665	67.7002	7.17663	63.3099	200
1666	68.2282	7.14975	63.3392	200
1667	73.384	7.18421	63.3989	200
1668	66.6356	7.13722	63.4182	200
1669	66.5987	7.09011	63.4371	200
1670	71.9886	7.10751	63.488	200
1671	71.9648	7.12381	63.5385	200
1672	71.9353	7.13896	63.5885	200
1673	77.2005	7.21602	63.6695	200
1674	72.0865	7.23032	63.7196	200
1675	66.3762	7.17587	63.7354	200
1676	71.5802	7.18383	63.7821	200
1677	71.6009	7.19139	63.8287	200
1678	66.4275	7.13672	63.8441	200
1679	66.5375	7.08382	63.8602	200
1680	66.4952	7.03086	63.8758	200
1681	71.6712	7.03996	63.9222	200
1682	71.6863	7.04858	63.9685	200
1683	71.6991	7.0567	64.0145	200
1684	66.0696	6.99986	64.0261	200
1685	66.0641	6.94348	64.0377	200
1686	65.9976	6.88684	64.0489	200
1687	72.3448	6.90285	64.096	200
1688	72.3936	6.9187	64.1431	200
1689	61.6756	6.86812	64.1291	200
1690	61.7655	6.81693	64.1157	200
1691	61.7899	6.7659	64.1025	200
1692	61.7939	6.71525	64.0894	200
1693	61.7804	6.66517	64.0762	200
1694	66.9203	6.62175	64.0924	200
1695	79.7662	6.72462	64.1815	200
1696	84.4199	6.87818	64.2964	200
1697	84.8043	7.03306	64.413	200
1698	84.8059	7.18488	64.5288	200
1699	84.8059	7.33365	64.644	200
1700	84.8318	7.47972	64.7587	200
1701	84.8838	7.62342	64.8731	200
1702	84.8014	7.76325	64.9863	200
1703	85.1792	7.90449	65.1011	200
1704	85.1965	8.04302	65.2152	200
1705	85.2274	8.17904	65.3289	200
1706	85.2316	8.31226	65.442	200
1707	85.2623	8.44303	65.5546	200
1708	85.272	8.57115	65.6667	200
1709	85.357	8.6975	65.7785	200
1710	80.1247	8.76169	65.8601	200
1711	79.9495	8.82223	65.9401	200
1712	79.9396	8.88106	66.0196	200
1713	74.7827	8.87972	66.0694	200
1714	79.6969	8.93367	66.1469	200
1715	79.6943	8.9861	66.2238	200
1716	79.9066	9.03947	66.3016	200
1717	79.9198	9.0915	66.379	200
1718	79.8107	9.14082	66.4553	200
1719	74.6133	9.12965	66.5016	200
1720	74.6066	9.11801	66.5477	200
1721	79.8394	9.16544	66.6232	200
1722	79.7455	9.2104	66.6978	200
1723	79.7122	9.25363	66.7717	200
1724	74.5992	9.23742	66.8162	200
1725	74.6088	9.221	66.8605	200
1726	74.6408	9.20463	66.9047	200
1727	74.6703	9.18828	66.9488	200
1728	79.7514	9.22935	67.0215	200
1729	79.7617	9.26925	67.0939	200
1730	79.7624	9.30787	67.1659	200
1731	73.4595	9.27362	67.2016	200
1732	73.4201	9.2389	67.237	200
1733	73.3988	9.20393	67.272	200
1734	78.6992	9.2292	67.3369	200
1735	78.6955	9.25339	67.4014	200
1736	78.7024	9.27666	67.4657	200
1737	78.7053	9.29897	67.5295	200
1738	73.599	9.26227	67.564	200
1739	66.3922	9.17033	67.5573	200
1740	66.9057	9.07353	67.5536	200
1741	61.5795	9.03831	67.5197	200
1742	61.6603	9.00218	67.4864	200
1743	61.8094	8.9644	67.4542	200
1744	61.8311	8.92643	67.4222	200
1745	67.0407	8.82932	67.42	200
1746	67.1191	8.73241	67.4183	200
1747	61.5404	8.69997	67.3849	200
1748	67.2172	8.60301	67.384	200
1749	67.166	8.50773	67.3827	200
1750	67.1741	8.41342	67.3815	200
1751	67.152	8.32042	67.3802	200
1752	67.133	8.22868	67.3788	200
1753	72.6867	8.19549	67.409	200
1754	72.6924	8.1624	67.439	200
1755	72.7318	8.12979	67.4691	200
1756	72.7751	8.0977	67.4992	200
1757	75.0821	8.09185	67.5423	200
1758	70.1718	8.02978	67.5573	200
1759	70.1329	7.9678	67.5719	200
1760	64.6306	7.91068	67.5552	200
1761	64.6205	7.85413	67.5385	200
1762	64.6131	7.79812	67.5219	200
1763	64.6351	7.74231	67.5055	200
1764	64.6408	7.68688	67.4892	200
1765	64.6821	7.63143	67.4733	200
1766	64.7293	7.57589	67.4577	200
1767	64.7474	7.5206	67.4423	200
1768	64.7016	7.46628	67.4267	200
1769	64.6956	7.41247	67.4112	200
1770	64.6816	7.35925	67.3957	200
1771	64.6965	7.3063	67.3803	200
1772	69.8857	7.25174	67.3946	200
1773	68.1279	7.18089	67.3985	200
1774	68.1589	7.1111	67.4027	200
1775	68.1717	7.04216	67.4069	200
1776	68.1092	6.97325	67.4107	200
1777	71.4046	6.94087	67.4324	200
1778	71.4538	6.90913	67.4542	200
1779	67.2911	6.83581	67.4533	200
1780	67.3054	6.76311	67.4525	200
1781	67.2987	6.69127	67.4517	200
1782	67.3937	6.61917	67.4514	200
1783	71.0337	6.58616	67.4709	200
1784	60.8964	6.58603	67.4351	200
1785	58.5515	6.61101	67.3868	200
1786	52.7254	6.69851	67.3072	200
1787	52.6452	6.78507	67.2275	200
1788	52.4963	6.87144	67.1474	200
1789	52.4433	6.95658	67.0675	200
1790	51.9612	7.04516	66.9854	200
1791	54.4081	7.1053	66.917	200
1792	54.3388	7.16478	66.8487	200
1793	48.6583	7.28463	66.7498	200
1794	53.7561	7.34668	66.6792	200
1795	53.7569	7.40729	66.609	200
1796	56.2862	7.43898	66.5529	200
1797	56.3025	7.46953	66.4972	200
1798	55.8443	7.50413	66.4393	200
1799	61.2221	7.47928	66.4109	200
1800	61.2033	7.45458	66.3826	200
1801	61.1621	7.4303	66.3542	200
1802	58.6168	7.43364	66.3122	200
1803	58.6118	7.43654	66.2703	200
1804	58.6227	7.43883	66.2288	200
1805	58.6285	7.44059	66.1875	200
1806	58.6416	7.44173	66.1465	200
1807	63.9482	7.38474	66.1345	200
1808	63.9382	7.32834	66.1226	200
1809	69.2598	7.28278	66.1396	200
1810	63.9353	7.22758	66.1276	200
1811	63.8796	7.17346	66.1154	200
1812	63.8973	7.11959	66.1034	200
1813	63.911	7.06604	66.0914	200
1814	63.9168	7.01287	66.0796	200
1815	63.9175	6.96014	66.0679	200
1816	69.1817	6.91833	66.0848	200
1817	64.1558	6.8641	66.0743	200
1818	69.5053	6.82678	66.093	200
1819	66.1167	6.75284	66.0931	200
1820	66.1155	6.67968	66.0932	200
1821	66.2575	6.60886	66.0941	200
1822	66.2738	6.53898	66.0951	200
1823	63.0069	6.50147	66.0783	200
1824	62.9462	6.46484	66.0613	200
1825	66.816	6.40278	66.0654	200
1826	66.8154	6.34133	66.0694	200
1827	66.8165	6.28052	66.0735	200
1828	66.7396	6.2195	66.0771	200
1829	68.511	6.17835	66.0904	200
1830	67.4683	6.12617	66.0978	200
1831	64.5716	6.07617	66.0895	200
1832	64.6287	6.026	66.0816	200
1833	64.6435	5.97614	66.0738	200
1834	64.7129	5.92597	66.0664	200
1835	64.7924	5.8754	66.0595	200
1836	64.8411	5.82478	66.0528	200
1837	62.3307	5.80193	66.0326	200
1838	62.2955	5.77948	66.0123	200
1839	62.2927	5.75709	65.9921	200
1840	57.2072	5.79	65.9443	200
1841	57.2237	5.82186	65.897	200
1842	54.684	5.88046	65.836	200
1843	54.6811	5.93779	65.7754	200
1844	64.15	5.89091	65.7666	200
1845	58.788	5.90273	65.7286	200
1846	58.7938	5.91395	65.6909	200
1847	58.8441	5.92409	65.6537	200
1848	58.8309	5.93386	65.6166	200
1849	64.2084	5.88467	65.609	200
1850	64.2086	5.83592	65.6014	200
1851	64.2994	5.78664	65.5943	200
1852	64.353	5.73724	65.5876	200
1853	59.0721	5.7457	65.5521	200
1854	59.1262	5.75309	65.5172	200
1855	53.8735	5.81712	65.4539	200
1856	53.9322	5.87912	65.3913	200
1857	58.8265	5.88658	65.3556	200
1858	58.8388	5.89343	65.3202	200
1859	58.8706	5.89947	65.2852	200
1860	58.8941	5.90481	65.2504	200
1861	58.891	5.90975	65.2159	200
1862	53.6332	5.97142	65.1529	200
1863	58.3194	5.98079	65.1158	200
1864	52.9938	6.04754	65.0499	200
1865	53.006	6.11271	64.9844	200
1866	52.9997	6.17388	64.922	200
1867	52.9899	6.23386	64.8599	200
1868	58.3108	6.23715	64.8258	200
1869	58.347	6.23966	64.792	200
1870	58.3189	6.24209	64.7583	200
1871	58.3692	6.24362	64.725	200
1872	53.2868	6.29774	64.6655	200
1873	53.3443	6.35006	64.6065	200
1874	58.5972	6.34651	64.5752	200
1875	58.5824	6.34283	64.544	200
1876	63.938	6.28307	64.5408	200
1877	63.873	6.22457	64.5373	200
1878	63.8982	6.16639	64.534	200
1879	63.8518	6.10926	64.5305	200
1880	63.8475	6.05274	64.5269	200
1881	69.1375	6.03772	64.5509	200
1882	69.1037	6.02225	64.5746	200
1883	64.3142	5.96223	64.5733	200
1884	64.3234	5.90273	64.572	200
1885	64.3373	5.84368	64.5707	200
1886	64.339	5.78522	64.5695	200
1887	69.4058	5.77534	64.5947	200
1888	69.3996	5.76523	64.6198	200
1889	69.384	5.7548	64.6446	200
1890	69.382	5.7442	64.6692	200
1891	49.1323	5.84621	64.5883	200
1892	49.2191	5.94541	64.5083	200
1893	54.4579	5.98817	64.4559	200
1894	54.4224	6.03031	64.4037	200
1895	54.4176	6.07151	64.3517	200
1896	60.1658	6.05187	64.3299	200
1897	60.161	6.03225	64.3081	200
1898	60.0756	6.01351	64.2861	200
1899	60.0161	5.99534	64.2639	200
1900	59.9437	5.97789	64.2414	200
1901	59.9261	5.96057	64.2189	200
1902	59.8593	5.9439	64.1962	200
1903	70.9266	5.95209	64.2312	200
1904	66.0627	5.90917	64.2408	200
1905	66.0245	5.86619	64.2501	200
1906	65.9691	5.82299	64.259	200
1907	65.9416	5.77986	64.2678	200
1908	65.9147	5.73681	64.2763	200
1909	65.8615	5.69356	64.2846	200
1910	61.0232	5.66823	64.2676	200
1911	66.2001	5.62931	64.2777	200
1912	66.219	5.5909	64.2878	200
1913	66.2311	5.5529	64.2979	200
1914	71.877	5.574	64.3374	200
1915	71.8398	5.59409	64.3765	200
1916	66.3655	5.55654	64.3868	200
1917	66.3225	5.51882	64.3969	200
1918	71.3537	5.5338	64.4331	200
1919	71.3089	5.54778	64.4689	200
1920	71.2566	5.56069	64.5043	200
1921	71.1923	5.57244	64.5391	200
1922	65.9351	5.52893	64.5464	200
1923	66.0447	5.48694	64.5542	200
1924	61.8087	5.45839	64.5399	200
1925	61.8175	5.42989	64.5257	200
1926	61.7136	5.40262	64.5111	200
1927	61.693	5.3757	64.4964	200
1928	61.6905	5.34893	64.4818	200
1929	56.32	5.37823	64.4393	200
1930	62.1073	5.34649	64.4271	200
1931	62.0522	5.31554	64.4148	200
1932	62.0638	5.28466	64.4025	200
1933	62.0608	5.254	64.3903	200
1934	62.0606	5.22354	64.3782	200
1935	56.9311	5.2467	64.3394	200
1936	56.9216	5.26932	64.3008	200
1937	56.9707	5.29078	64.2626	200
1938	62.0665	5.25854	64.2511	200
1939	62.0839	5.22634	64.2399	200
1940	67.6895	5.20784	64.2578	200
1941	62.4556	5.17236	64.2484	200
1942	62.4449	5.13727	64.239	200
1943	62.4435	5.10246	64.2297	200
1944	56.6448	5.12832	64.1902	200
1945	62.1436	5.09621	64.1795	200
1946	62.278	5.06294	64.1696	200
1947	62.3221	5.02944	64.16	200
1948	62.4637	4.99472	64.1512	200
1949	67.5704	4.97831	64.169	200
1950	67.6481	4.96269	64.1871	200
1951	56.5436	4.99061	64.1473	200
1952	56.5343	5.01793	64.1076	200
1953	61.8097	4.9896	64.0957	200
1954	61.8415	4.9611	64.0839	200
1955	61.8484	4.93271	64.0723	200
1956	61.8789	4.90417	64.0608	200
1957	62.0381	4.87416	64.0503	200
1958	62.1047	4.84365	64.0402	200
1959	61.9047	4.81544	64.0291	200
1960	61.9402	4.78704	64.0182	200
1961	61.9449	4.75877	64.0074	200
1962	61.9895	4.73022	63.9969	200
1963	67.3253	4.7162	64.0135	200
1964	67.3458	4.70236	64.0302	200
1965	67.4023	4.68906	64.047	200
1966	72.9558	4.73125	64.0916	200
1967	68.0714	4.72374	64.1115	200
1968	68.1524	4.71691	64.1317	200
1969	68.2707	4.71113	64.1524	200
1970	68.3282	4.70578	64.1732	200
1971	73.4309	4.7513	64.2195	200
1972	73.3913	4.7955	64.2654	200
1973	72.6485	4.83138	64.3073	200
1974	72.6529	4.86652	64.349	200
1975	72.6901	4.90126	64.3907	200
1976	72.7783	4.93612	64.4327	200
1977	72.8292	4.97073	64.4747	200
1978	77.7947	5.05422	64.5413	200
1979	71.9717	5.07798	64.5784	200
1980	71.9391	5.10081	64.6152	200
1981	71.9727	5.12337	64.652	200
1982	72.028	5.1459	64.6889	200
1983	72.0665	5.16821	64.7258	200
1984	72.0809	5.19008	64.7625	200
1985	77.3243	5.2638	64.8254	200
1986	77.2887	5.33579	64.8877	200
1987	72.1965	5.35552	64.9242	200
1988	72.3	5.37573	64.9611	200
1989	66.6224	5.33858	64.9694	200
1990	71.8351	5.35385	65.0037	200
1991	71.8588	5.36886	65.038	200
1992	71.8783	5.38358	65.0722	200
1993	66.5298	5.34432	65.0795	200
1994	66.7076	5.30715	65.0876	200
1995	66.7246	5.27045	65.0958	200
1996	66.7593	5.23438	65.1041	200
1997	71.4949	5.24594	65.1361	200
1998	66.3294	5.20542	65.142	200
1999	66.2516	5.16446	65.1476	200
2000	66.2253	5.12359	65.153	200
2001	66.2474	5.0833	65.1585	200
2002	71.983	5.10071	65.1926	200
2003	71.9874	5.11765	65.2265	200
2004	71.9848	5.13406	65.2603	200
2005	71.9525	5.14964	65.2938	200
2006	71.9202	5.1644	65.3269	200
2007	71.8869	5.17836	65.3597	200
2008	72.1511	5.19449	65.3937	200
2009	72.1388	5.20999	65.4274	200
2010	72.13	5.22492	65.4609	200
2011	72.2035	5.2401	65.4946	200
2012	77.7238	5.30999	65.5558	200
2013	66.7483	5.26881	65.5617	200
2014	66.7351	5.22785	65.5676	200
2015	72.4104	5.244	65.6018	200
2016	72.4697	5.26024	65.6362	200
2017	72.2816	5.27409	65.6694	200
2018	72.2819	5.28748	65.7025	200
2019	77.2972	5.35055	65.7604	200
2020	77.259	5.41203	65.8179	200
2021	72.1539	5.42127	65.8496	200
2022	72.1624	5.43018	65.8812	200
2023	66.3128	5.3802	65.8833	200
2024	66.347	5.33103	65.8856	200
2025	71.8539	5.3374	65.9155	200
2026	71.7792	5.34267	65.9448	200
2027	71.7366	5.34716	65.9738	200
2028	66.9562	5.30351	65.9787	200
2029	66.9844	5.26053	65.9837	200
2030	71.9232	5.26732	66.0134	200
2031	71.9012	5.27352	66.0428	200
2032	71.8465	5.27883	66.0718	200
2033	71.8046	5.28336	66.1005	200
2034	77.3324	5.34285	66.1567	200
2035	72.1188	5.34904	66.1865	200
2036	72.1243	5.35493	66.2162	200
2037	72.1388	5.36061	66.2458	200
2038	72.0387	5.36493	66.2747	200
2039	72.0002	5.36853	66.3034	200
2040	66.7907	5.31972	66.3058	200
2041	66.7934	5.2714	66.3082	200
2042	72.3007	5.27861	66.3382	200
2043	72.3214	5.28566	66.3681	200
2044	66.6231	5.23535	66.3694	200
2045	66.4809	5.18411	66.37	200
2046	71.348	5.18205	66.3948	200
2047	66.4815	5.1311	66.3953	200
2048	66.6246	5.08208	66.3964	200
2049	66.653	5.03382	66.3977	200
2050	71.8576	5.03808	66.425	200
2051	71.8308	5.04176	66.452	200
2052	60.9514	5.04635	66.4245	200
2053	60.969	5.05044	66.3973	200
2054	66.2969	5.00094	66.3968	200
2055	66.3141	4.95175	66.3963	200
2056	66.2421	4.90378	66.3956	200
2057	66.3043	4.85565	66.3951	200
2058	61.0785	4.86026	66.3685	200
2059	61.1512	4.86383	66.3424	200
2060	61.1848	4.86677	66.3166	200
2061	66.2309	4.81896	66.3162	200
2062	60.7334	4.8266	66.2883	200
2063	60.7775	4.83344	66.2608	200
2064	60.7887	4.83958	66.2344	200
2065	60.7904	4.84539	66.2083	200
2066	55.0465	4.90612	66.1546	200
2067	60.2829	4.91541	66.1264	200
2068	60.4088	4.92312	66.0989	200
2069	60.4022	4.93056	66.0715	200
2070	55.3403	4.98633	66.0199	200
2071	55.3912	5.04058	65.9688	200
2072	55.4731	5.09304	65.9183	200
2073	60.2018	5.09903	65.8909	200
2074	60.2033	5.10469	65.8635	200
2075	60.2639	5.10945	65.8366	200
2076	65.6162	5.06244	65.8355	200
2077	65.7298	5.01478	65.835	200
2078	65.7479	4.96739	65.8346	200
2079	65.5896	4.92199	65.8334	200
2080	65.5757	4.87714	65.8322	200
2081	65.7138	4.83138	65.8316	200
2082	65.8926	4.78551	65.8319	200
2083	65.9059	4.74021	65.8323	200
2084	71.3204	4.7474	65.8586	200
2085	65.7983	4.70233	65.8584	200
2086	65.8002	4.65767	65.8581	200
2087	65.8579	4.61289	65.8581	200
2088	65.8633	4.56858	65.8581	200
2089	65.9214	4.52526	65.8584	200
2090	65.9224	4.48236	65.8587	200
2091	71.2232	4.49085	65.8845	200
2092	71.2249	4.49934	65.9112	200
2093	65.717	4.45629	65.9102	200
2094	65.7074	4.41198	65.9092	200
2095	65.7045	4.36815	65.9081	200
2096	65.6972	4.32297	65.907	200
2097	60.7406	4.33213	65.8789	200
2098	66.3517	4.28828	65.8816	200
2099	66.2042	4.24321	65.8834	200
2100	66.1781	4.1962	65.8852	200
2101	60.9725	4.20473	65.8559	200
2102	60.9864	4.21304	65.8255	200
2103	60.8973	4.22198	65.7947	200
2104	60.8812	4.23108	65.7624	200
2105	61.2798	4.23439	65.7329	200
2106	61.2844	4.23736	65.702	200
2107	61.2841	4.23987	65.6713	200
2108	61.2434	4.24263	65.6387	200
2109	61.1987	4.24553	65.6061	200
2110	61.1663	4.24857	65.5714	200
2111	66.1278	4.19088	65.5757	200
2112	61.0073	4.19717	65.5377	200
2113	60.9963	4.20291	65.4998	200
2114	61.0903	4.2066	65.4605	200
2115	66.4895	4.14985	65.4696	200
2116	66.4897	4.08967	65.4794	200
2117	66.5861	4.0323	65.4901	200
2118	66.6758	3.97756	65.5015	200
2119	72.1951	4.02979	65.5659	200
2120	72.0818	4.0776	65.6285	200
2121	72.0072	4.12185	65.6898	200
2122	71.9651	4.16326	65.7502	200
2123	71.9394	4.20222	65.8097	200
2124	71.9445	4.23939	65.8687	200
2125	72.0538	4.27681	65.9281	200
2126	72.1071	4.31338	65.9876	200
2127	72.0012	4.34608	66.0454	200
2128	61.0853	4.35789	65.9977	200
2129	66.6072	4.2858	66.0035	200
2130	66.6112	4.21507	66.0094	200
2131	66.6025	4.14542	66.0151	200
2132	66.5952	4.07685	66.0207	200
2133	66.894	4.01525	66.0291	200
2134	66.7208	3.95133	66.0357	200
2135	66.7154	3.88841	66.0423	200
2136	66.8089	3.82838	66.0496	200
2137	66.8677	3.77049	66.0575	200
2138	66.8559	3.71333	66.0652	200
2139	72.2338	3.75718	66.1202	200
2140	72.2883	3.80023	66.1753	200
2141	72.2909	3.84157	66.2299	200
2142	72.3464	3.88219	66.2845	200
2143	60.8176	3.91049	66.2357	200
2144	60.7315	3.93895	66.1866	200
2145	60.658	3.96734	66.1372	200
2146	55.9474	4.07845	66.0462	200
2147	57.5469	4.1574	65.9703	200
2148	57.5615	4.23331	65.8953	200
2149	57.5304	4.30709	65.8206	200
2150	57.518	4.37844	65.7464	200
2151	61.5154	4.37581	65.7087	200
2152	56.5553	4.46112	65.6269	200
2153	58.8145	4.50311	65.5661	200
2154	58.8252	4.54307	65.5059	200
2155	58.8276	4.5812	65.4463	200
2156	58.5329	4.62284	65.3846	200
2157	58.5397	4.66252	65.3235	200
2158	58.5813	4.69965	65.2633	200
2159	58.659	4.73367	65.2043	200
2160	53.3316	4.86115	65.0983	200
2161	62.1114	4.82768	65.0716	200
2162	62.1302	4.79399	65.0454	200
2163	56.6727	4.8579	64.9706	200
2164	56.6103	4.92044	64.8959	200
2165	56.6177	4.9804	64.822	200
2166	62.207	4.93816	64.7987	200
2167	56.9085	4.99088	64.7282	200
2168	56.93	5.04101	64.6586	200
2169	56.9361	5.08889	64.5897	200
2170	61.1309	5.05978	64.5588	200
2171	47.7049	5.27039	64.4083	200
2172	49.2475	5.447	64.2729	200
2173	54.8822	5.51743	64.1891	200
2174	45.1626	5.75866	64.0192	200
2175	43.5609	6.02115	63.8365	200
2176	46.4273	6.22451	63.6811	200
2177	46.4557	6.42095	63.5273	200
2178	47.7038	6.58885	63.386	200
2179	45.0122	6.7993	63.222	200
2180	45.0219	7.00289	63.0595	200
2181	42.7456	7.24058	62.8781	200
2182	44.8066	7.43399	62.7167	200
2183	46.2056	7.59608	62.5693	200
2184	42.1368	7.8253	62.3869	200
2185	42.1581	8.04679	62.2063	200
2186	43.4723	8.23763	62.039	200
2187	43.4115	8.42317	61.8727	200
2188	43.341	8.60368	61.7072	200
2189	34.5532	8.93493	61.4648	200
2190	34.5816	9.25544	61.2247	200
2191	42.0129	9.43323	61.0532	200
2192	42.0273	9.60453	60.8833	200
2193	41.9825	9.77053	60.7146	200
2194	43.5517	9.90254	60.5613	200
2195	43.6153	10.0283	60.41	200
2196	43.5311	10.1425	60.2694	200
2197	43.4811	10.2533	60.1295	200
2198	43.4189	10.3609	59.9902	200
2199	50.0964	10.3531	59.9078	200
2200	47.248	10.3915	59.8023	200
2201	45.7186	10.4531	59.6849	200
2202	45.203	10.5202	59.5642	200
2203	45.2806	10.5829	59.4452	200
2204	47.2439	10.6099	59.3435	200
2205	44.3868	10.6824	59.2189	200
2206	44.37	10.7518	59.0951	200
2207	45.8563	10.7933	58.9848	200
2208	46.576	10.8202	58.8814	200
2209	46.5877	10.8447	58.779	200
2210	46.5595	10.8676	58.6771	200
2211	44.5145	10.9226	58.5591	200
2212	43.1682	10.997	58.4308	200
2213	41.9014	11.0892	58.2931	200
2214	41.8857	11.1779	58.1564	200
2215	45.8154	11.1973	58.0535	200
2216	47.261	11.1905	57.9636	200
2217	50.8291	11.1229	57.9041	200
2218	53.5901	11.0094	57.8682	200
2219	53.5924	10.8972	57.8326	200
2220	46.0832	10.9114	57.7346	200
2221	46.0745	10.9239	57.6375	200
2222	46.0738	10.9345	57.5411	200
2223	38.9593	11.062	57.3863	200
2224	38.9438	11.185	57.2326	200
2225	38.9615	11.3031	57.0803	200
2226	44.2822	11.328	56.9737	200
2227	44.3644	11.3494	56.8686	200
2228	46.2512	11.3372	56.7801	200
2229	40.3755	11.4216	56.6434	200
2230	42.3082	11.4702	56.5239	200
2231	42.9765	11.5048	56.411	200
2232	38.5917	11.6101	56.2625	200
2233	38.625	11.7105	56.1156	200
2234	36.6687	11.8395	55.9535	200
2235	36.6487	11.9639	55.7926	200
2236	36.6459	12.0836	55.6331	200
2237	33.8271	12.2456	55.4514	200
2238	35.9035	12.3673	55.2885	200
2239	35.9265	12.4839	55.1271	200
2240	37.3586	12.572	54.979	200
2241	40.7387	12.5998	54.8604	200
2242	40.6886	12.626	54.7423	200
2243	40.7137	12.6494	54.6254	200
2244	40.7452	12.6699	54.5097	200
2245	42.8124	12.6537	54.4122	200
2246	41.3836	12.6599	54.3036	200
2247	40.1482	12.6848	54.1857	200
2248	37.3751	12.7536	54.0456	200
2249	39.327	12.7864	53.9229	200
2250	39.3467	12.8162	53.8015	200
2251	39.3506	12.8434	53.681	200
2252	39.3507	12.8682	53.5616	200
2253	39.3025	12.8914	53.4428	200
2254	39.3055	12.9122	53.325	200
2255	45.2376	12.8317	53.2576	200
2256	49.1079	12.687	53.223	200
2257	50.0373	12.5386	53.1981	200
2258	49.9381	12.3936	53.1727	200
2259	48.027	12.2804	53.1325	200
2260	45.0892	12.2142	53.0696	200
2261	44.3586	12.1594	53.0016	200
2262	43.6863	12.115	52.9288	200
2263	44.3158	12.0603	52.8615	200
2264	42.2696	12.0373	52.7787	200
2265	42.2654	12.0135	52.6966	200
2266	42.2652	11.9888	52.6151	200
2267	45.7364	11.9089	52.5614	200
2268	49.1591	11.776	52.5348	200
2269	45.0043	11.7097	52.476	200
2270	44.9827	11.6438	52.4174	200
2271	43.551	11.6004	52.3481	200
2272	43.6622	11.5549	52.2803	200
2273	47.1051	11.4552	52.2399	200
2274	48.5645	11.3336	52.2111	200
2275	51.8951	11.1615	52.2087	200
2276	44.558	11.1066	52.1489	200
2277	47.9821	10.9982	52.1164	200
2278	45.6746	10.927	52.066	200
2279	45.6681	10.8562	52.016	200
2280	43.6981	10.8165	51.9511	200
2281	43.7257	10.7761	51.8868	200
2282	43.734	10.7351	51.8231	200
2283	49.3559	10.6059	51.8038	200
2284	49.6279	10.4742	51.7868	200
2285	49.6365	10.3441	51.77	200
2286	48.9261	10.2269	51.7478	200
2287	45.0802	10.1713	51.6957	200
2288	45.0938	10.1155	51.6441	200
2289	44.1561	10.0745	51.5856	200
2290	44.2097	10.0323	51.528	200
2291	45.7314	9.96612	51.4827	200
2292	47.1206	9.87856	51.4486	200
2293	46.5548	9.80067	51.4104	200
2294	46.5656	9.72324	51.3726	200
2295	45.18	9.66807	51.3242	200
2296	49.3461	9.54791	51.3087	200
2297	49.3744	9.42895	51.2936	200
2298	50.6622	9.29149	51.2887	200
2299	47.9716	9.19814	51.2628	200
2300	46.5659	9.12781	51.2261	200
2301	47.9284	9.03671	51.2003	200
2302	47.9473	8.94634	51.1749	200
2303	47.9421	8.85706	51.1496	200
2304	46.552	8.79051	51.1137	200
2305	45.855	8.73532	51.0726	200
2306	44.3588	8.70374	51.0202	200
2307	40.9999	8.72431	50.9419	200
2308	43.6712	8.7016	50.8851	200
2309	40.8828	8.72192	50.807	200
2310	43.7778	8.69547	50.752	200
2311	43.7907	8.66837	50.6976	200
2312	43.8071	8.64059	50.6438	200
2313	43.7808	8.61282	50.5902	200
2314	47.8291	8.52139	50.5686	200
2315	47.0883	8.44262	50.5414	200
2316	46.8827	8.36787	50.5129	200
2317	46.8735	8.29399	50.4844	200
2318	41.6403	8.30258	50.4153	200
2319	41.6671	8.30954	50.347	200
2320	47.1613	8.22948	50.3221	200
2321	47.8545	8.13945	50.3028	200
2322	48.9647	8.03943	50.293	200
2323	48.9838	7.94046	50.2833	200
2324	47.5217	7.8643	50.263	200
2325	46.4685	7.80445	50.2351	200
2326	45.7685	7.75536	50.2023	200
2327	45.7576	7.70668	50.1696	200
2328	47.7489	7.62894	50.1518	200
2329	43.5825	7.61336	50.1035	200
2330	43.5617	7.5976	50.0554	200
2331	44.3996	7.56904	50.0138	200
2332	43.5993	7.55206	49.9667	200
2333	41.6146	7.56383	49.9052	200
2334	40.2449	7.59466	49.8342	200
2335	40.2341	7.62415	49.7636	200
2336	43.5518	7.60338	49.7179	200
2337	42.1906	7.60226	49.6626	200
2338	40.0945	7.63117	49.5922	200
2339	40.8246	7.64788	49.5278	200
2340	40.9243	7.66193	49.4645	200
2341	40.836	7.67615	49.4011	200
2342	40.1793	7.69888	49.3333	200
2343	39.3154	7.73298	49.2596	200
2344	40.0323	7.75496	49.1917	200
2345	43.484	7.72485	49.1498	200
2346	51.26	7.64228	49.1653	200
2347	51.4762	7.56388	49.1823	200
2348	47.9243	7.47114	49.173	200
2349	47.8812	7.38027	49.1635	200
2350	49.2698	7.2733	49.1643	200
2351	49.337	7.16888	49.1656	200
2352	50.7458	7.08669	49.1772	200
2353	46.538	7.02129	49.1578	200
2354	49.4974	6.92303	49.1603	200
2355	51.4561	6.85498	49.1772	200
2356	47.0725	6.78512	49.1617	200
2357	47.0121	6.71695	49.1459	200
2358	48.9235	6.62144	49.1443	200
2359	46.4907	6.56309	49.1247	200
2360	46.4856	6.50538	49.1053	200
2361	46.4841	6.44826	49.0861	200
2362	49.9967	6.36683	49.0928	200
2363	50.008	6.28666	49.0995	200
2364	52.7271	6.24755	49.1262	200
2365	50.5992	6.17734	49.137	200
2366	50.5922	6.10789	49.1477	200
2367	50.6196	6.03972	49.1585	200
2368	50.642	5.97271	49.1694	200
2369	50.6505	5.90666	49.1803	200
2370	53.2026	5.87895	49.2099	200
2371	52.5061	5.84096	49.2341	200
2372	51.9072	5.79438	49.2538	200
2373	61.7317	5.89267	49.3455	200
2374	61.725	5.98806	49.4366	200
2375	59.106	6.0422	49.5077	200
2376	59.1665	6.09538	49.5787	200
2377	57.1809	6.11754	49.6346	200
2378	56.5176	6.1288	49.6852	200
2379	60.7351	6.20117	49.7664	200
2380	55.8699	6.19973	49.8113	200
2381	51.6131	6.13505	49.8246	200
2382	50.28	6.05153	49.8279	200
2383	50.2745	5.9691	49.8312	200
2384	48.8873	5.8952	49.8242	200
2385	56.5742	5.90777	49.8739	200
2386	55.1433	5.89838	49.9126	200
2387	53.9107	5.87044	49.942	200
2388	50.304	5.78943	49.9447	200
2389	52.3597	5.7398	49.9624	200
2390	52.3938	5.69385	49.9793	200
2391	50.2717	5.61883	49.9814	200
2392	50.2669	5.54476	49.9833	200
2393	48.3043	5.49107	49.9717	200
2394	48.3039	5.43797	49.9601	200
2395	53.8101	5.41591	49.9868	200
2396	54.5398	5.40393	50.0184	200
2397	49.0289	5.34261	50.0116	200
2398	49.0176	5.28221	50.0047	200
2399	46.2915	5.26042	49.9789	200
2400	46.3722	5.23745	49.9538	200
2401	52.064	5.19402	49.9685	200
2402	52.0452	5.15072	49.9829	200
2403	52.0368	5.10771	49.9972	200
2404	52.0281	5.06498	50.0113	200
2405	46.1387	5.04841	49.9844	200
2406	46.1375	5.03172	49.9577	200
2407	53.3388	5.0088	49.9811	200
2408	45.8193	4.99704	49.9522	200
2409	45.891	4.98404	49.924	200
2410	45.9422	4.97012	49.8964	200
2411	48.8614	4.91546	49.8892	200
2412	48.802	4.86229	49.8817	200
2413	48.8969	4.80844	49.8748	200
2414	48.3397	4.76297	49.8642	200
2415	45.5346	4.75695	49.8341	200
2416	45.5646	4.75018	49.8044	200
2417	50.9564	4.70021	49.8124	200
2418	50.9682	4.65098	49.8205	200
2419	51.0792	4.60386	49.8292	200
2420	43.5924	4.62654	49.7859	200
2421	48.8123	4.5758	49.7791	200
2422	48.7882	4.52601	49.7722	200
2423	48.7566	4.47726	49.7652	200
2424	44.7443	4.48481	49.7303	200
2425	44.8142	4.4908	49.6962	200
2426	44.8342	4.49595	49.6624	200
2427	48.3647	4.45153	49.6534	200
2428	48.3825	4.40736	49.6446	200
2429	48.354	4.36407	49.6356	200
2430	53.8935	4.36259	49.6652	200
2431	48.4375	4.31905	49.6567	200
2432	47.7765	4.28518	49.6436	200
2433	47.8208	4.25098	49.6309	200
2434	47.9565	4.21519	49.6193	200
2435	48.0444	4.17852	49.6084	200
2436	53.0775	4.16867	49.6325	200
2437	47.3931	4.14187	49.6169	200
2438	47.3832	4.11537	49.6014	200
2439	47.3962	4.08884	49.5861	200
2440	47.4437	4.0618	49.5712	200
2441	47.4714	4.03455	49.5566	200
2442	52.8203	4.02384	49.5793	200
2443	45.7547	4.02108	49.5527	200
2444	43.7833	4.04536	49.5127	200
2445	43.5988	4.07131	49.4716	200
2446	47.7099	4.03923	49.4594	200
2447	44.7368	4.04872	49.4266	200
2448	44.731	4.05771	49.394	200
2449	44.5667	4.06839	49.3604	200
2450	37.5718	4.17562	49.2786	200
2451	42.8516	4.20689	49.2339	200
2452	42.8254	4.23747	49.1894	200
2453	43.0576	4.26378	49.1468	200
2454	43.089	4.28869	49.1048	200
2455	48.0264	4.2441	49.0973	200
2456	47.7804	4.20345	49.0881	200
2457	42.6054	4.2351	49.0431	200
2458	42.6048	4.2657	48.9984	200
2459	42.639	4.29478	48.9543	200
2460	42.6704	4.32241	48.9106	200
2461	47.8169	4.27757	48.903	200
2462	47.9419	4.2315	48.8963	200
2463	47.9317	4.18852	48.89	200
2464	44.4195	4.19223	48.8606	200
2465	44.4482	4.19512	48.8316	200
2466	50.1264	4.15696	48.8401	200
2467	49.6491	4.11291	48.8454	200
2468	49.6011	4.06873	48.8504	200
2469	49.5615	4.02455	48.855	200
2470	55.0519	4.05314	48.8958	200
2471	54.9715	4.07975	48.9358	200
2472	55.0725	4.10681	48.9762	200
2473	49.9661	4.0658	48.9827	200
2474	50.0066	4.02578	48.9894	200
2475	50.0812	3.98717	48.9966	200
2476	50.1361	3.9497	49.0041	200
2477	54.8573	3.97474	49.0426	200
2478	54.925	3.99985	49.0813	200
2479	49.5989	3.95403	49.0847	200
2480	54.8843	3.97831	49.1228	200
2481	53.8279	3.98787	49.1538	200
2482	53.8261	3.99688	49.1845	200
2483	49.7102	3.9512	49.188	200
2484	49.8173	3.90749	49.1921	200
2485	55.0981	3.93379	49.231	200
2486	55.189	3.96042	49.2702	200
2487	55.1184	3.98526	49.3087	200
2488	55.0359	4.00818	49.3463	200
2489	60.5294	4.10259	49.4199	200
2490	54.9212	4.12099	49.4561	200
2491	54.9524	4.13908	49.4923	200
2492	49.916	4.0902	49.4951	200
2493	49.9578	4.04247	49.4981	200
2494	49.9388	3.99507	49.501	200
2495	50.0248	3.9494	49.5044	200
2496	50.0029	3.90399	49.5077	200
2497	55.0358	3.92536	49.5441	200
2498	49.8337	3.87752	49.546	200
2499	49.7267	3.82888	49.5472	200
2500	49.8235	3.78213	49.549	200
2501	49.829	3.73605	49.5508	200
2502	49.82	3.69043	49.5526	200
2503	55.0617	3.71436	49.5889	200
2504	54.8336	3.7345	49.6234	200
2505	49.8046	3.68775	49.6246	200
2506	55.2415	3.71313	49.6615	200
2507	55.2206	3.73742	49.6981	200
2508	55.5465	3.76519	49.7366	200
2509	60.6219	3.85888	49.8082	200
2510	60.4645	3.94832	49.8783	200
2511	60.4648	4.03566	49.9479	200
2512	60.4162	4.1203	50.0168	200
2513	60.3469	4.20201	50.0848	200
2514	65.8665	4.35438	50.1886	200
2515	61.0996	4.44065	50.2604	200
2516	61.0103	4.52366	50.3311	200
2517	60.9411	4.60375	50.4009	200
2518	60.7524	4.67938	50.469	200
2519	60.7321	4.75284	50.5365	200
2520	60.7494	4.82469	50.6037	200
2521	60.7888	4.89522	50.6707	200
2522	66.1406	5.03436	50.7725	200
2523	66.5423	5.17561	50.8762	200
2524	66.5005	5.3131	50.979	200
2525	71.4955	5.51314	51.114	200
2526	66.1906	5.63897	51.2132	200
2527	60.9989	5.69354	51.2776	200
2528	66.0035	5.81238	51.3744	200
2529	65.9864	5.92817	51.4706	200
2530	65.919	6.04028	51.5656	200
2531	65.9801	6.15046	51.6605	200
2532	71.1135	6.3255	51.7884	200
2533	71.0433	6.49562	51.9151	200
2534	71.0374	6.66176	52.0409	200
2535	66.0966	6.75905	52.1334	200
2536	66.1079	6.85398	52.2253	200
2537	66.1226	6.94666	52.3168	200
2538	71.3592	7.10581	52.442	200
2539	71.3892	7.26162	52.5667	200
2540	71.4235	7.40656	52.6845	200
2541	71.6196	7.55067	52.8029	200
2542	71.4187	7.68898	52.9192	200
2543	66.0241	7.75668	53.0011	200
2544	66.0993	7.82345	53.083	200
2545	71.6936	7.95829	53.1993	200
2546	71.7074	8.09016	53.315	200
2547	70.9346	8.20927	53.4251	200
2548	65.8112	8.26148	53.5025	200
2549	65.7879	8.31178	53.5793	200
2550	65.9469	8.36248	53.6566	200
2551	65.9516	8.41164	53.7335	200
2552	71.3843	8.52712	53.8438	200
2553	71.3625	8.63952	53.9533	200
2554	71.399	8.7496	54.0623	200
2555	71.484	8.858	54.1712	200
2556	71.4702	8.96351	54.2793	200
2557	66.1617	8.99999	54.3536	200
2558	71.9009	9.10683	54.4632	200
2559	71.9165	9.21116	54.5723	200
2560	71.9839	9.31367	54.6811	200
2561	77.1805	9.47849	54.8218	200
2562	71.5188	9.56872	54.9261	200
2563	71.4765	9.65599	55.0296	200
2564	71.5812	9.74219	55.133	200
2565	71.591	9.82613	55.2359	200
2566	71.2706	9.90374	55.3361	200
2567	66.2575	9.91646	55.4043	200
2568	66.2101	9.92758	55.4719	200
2569	66.2232	9.93787	55.5391	200
2570	71.5323	10.0136	55.639	200
2571	72.2169	10.0956	55.7426	200
2572	72.2209	10.1754	55.8456	200
2573	72.2211	10.2529	55.948	200
2574	72.0756	10.3263	56.0488	200
2575	77.0518	10.4598	56.18	200
2576	82.5754	10.659	56.345	200
2577	77.2582	10.7872	56.4757	200
2578	77.3365	10.9131	56.6061	200
2579	77.3695	11.0362	56.7359	200
2580	82.6106	11.2217	56.8976	200
2581	82.3993	11.4002	57.057	200
2582	77.3546	11.5114	57.1838	200
2583	77.3262	11.6193	57.3097	200
2584	77.2698	11.7236	57.4345	200
2585	66.2858	11.6877	57.4898	200
2586	71.4479	11.716	57.577	200
2587	66.3632	11.6794	57.6319	200
2588	66.3558	11.6425	57.6865	200
2589	66.4815	11.6069	57.7414	200
2590	71.5531	11.6344	57.8278	200
2591	71.5673	11.6607	57.9136	200
2592	66.1184	11.6175	57.9649	200
2593	60.5531	11.5047	57.9811	200
2594	60.5174	11.3926	57.9969	200
2595	60.5136	11.2816	58.0127	200
2596	61.0365	11.1784	58.0316	200
2597	65.8965	11.137	58.0807	200
2598	71.2251	11.1621	58.1629	200
2599	76.5028	11.2518	58.2775	200
2600	81.9319	11.4068	58.4253	200
2601	71.3343	11.4256	58.506	200
2602	71.3719	11.4436	58.5864	200
2603	71.5262	11.4623	58.6673	200
2604	77.4327	11.5536	58.7846	200
2605	77.4446	11.6424	58.9012	200
2606	77.5265	11.7297	59.0176	200
2607	82.8441	11.8809	59.1665	200
2608	82.8646	12.0286	59.3146	200
2609	82.8205	12.1721	59.4616	200
2610	77.3984	12.2442	59.5737	200
2611	71.5162	12.2404	59.6483	200
2612	71.5722	12.2364	59.7228	200
2613	71.6008	12.232	59.7971	200
2614	71.6071	12.2267	59.8709	200
2615	72.1798	12.2277	59.9478	200
2616	66.6554	12.1587	59.9897	200
2617	66.7105	12.0907	60.0317	200
2618	66.7361	12.0234	60.0736	200
2619	66.7324	11.9563	60.1152	200
2620	66.7852	11.8903	60.1569	200
2621	82.9617	12.0202	60.2927	200
2622	82.9888	12.1473	60.4278	200
2623	82.9534	12.2708	60.5619	200
2624	82.8899	12.3906	60.6948	200
2625	82.8458	12.5068	60.8266	200
2626	82.8349	12.6199	60.9576	200
2627	77.6605	12.6685	61.057	200
2628	77.6557	12.7153	61.1558	200
2629	82.8557	12.8222	61.285	200
2630	82.7454	12.9251	61.4127	200
2631	77.4945	12.9626	61.5085	200
2632	77.4835	12.9985	61.6035	200
2633	77.483	13.0328	61.6981	200
2634	77.531	13.0661	61.7923	200
2635	77.5413	13.0981	61.8861	200
2636	82.8267	13.1914	62.0107	200
2637	82.3084	13.276	62.1315	200
2638	83.0696	13.3673	62.2562	200
2639	77.2107	13.3861	62.3452	200
2640	71.9383	13.341	62.4023	200
2641	66.346	13.2291	62.4257	200
2642	66.2875	13.1176	62.4487	200
2643	66.2419	13.0066	62.4713	200
2644	66.1385	12.8954	62.4931	200
2645	55.0612	12.8304	62.4489	200
2646	55.1002	12.7651	62.4052	200
2647	66.1121	12.6573	62.4272	200
2648	66.0024	12.5492	62.4485	200
2649	66.0167	12.4422	62.4697	200
2650	66.0176	12.3364	62.4909	200
2651	66.0669	12.2321	62.5121	200
2652	66.1268	12.1295	62.5337	200
2653	71.346	12.09	62.5861	200
2654	71.3324	12.0502	62.6382	200
2655	71.3894	12.0109	62.6903	200
2656	65.8933	11.9061	62.7093	200
2657	65.9158	11.8025	62.7284	200
2658	65.8956	11.6997	62.7473	200
2659	65.8246	11.597	62.7656	200
2660	76.3185	11.6203	62.8463	200
2661	76.2906	11.642	62.9263	200
2662	76.303	11.6627	63.0059	200
2663	54.8407	11.621	62.9573	200
2664	54.8686	11.579	62.9091	200
2665	54.8955	11.5366	62.8614	200
2666	60.324	11.4294	62.8463	200
2667	60.3457	11.3231	62.8315	200
2668	60.2869	11.2186	62.8163	200
2669	60.2775	11.1153	62.8012	200
2670	60.2466	11.0134	62.786	200
2671	55.0617	10.9742	62.74	200
2672	55.0515	10.9351	62.6942	200
2673	55.0498	10.8959	62.6487	200
2674	60.4506	10.7924	62.6357	200
2675	60.469	10.6897	62.6228	200
2676	60.487	10.5879	62.6101	200
2677	71.1921	10.564	62.6611	200
2678	65.8878	10.4766	62.6803	200
2679	65.985	10.3913	62.7	200
2680	65.5584	10.3016	62.717	200
2681	60.3294	10.2074	62.7028	200
2682	60.3208	10.1142	62.6886	200
2683	60.4271	10.0207	62.6752	200
2684	60.4773	9.92759	62.6621	200
2685	65.7848	9.84657	62.6807	200
2686	65.7297	9.76565	62.6988	200
2687	65.6857	9.68495	62.7166	200
2688	65.666	9.60477	62.7342	200
2689	60.3722	9.51854	62.7201	200
2690	55.2602	9.49403	62.6757	200
2691	65.621	9.41607	62.6932	200
2692	65.7538	9.33663	62.7124	200
2693	65.7072	9.25736	62.7311	200
2694	65.652	9.17398	62.7503	200
2695	66.3426	9.10054	62.7739	200
2696	66.3631	9.02399	62.7988	200
2697	66.2995	8.94728	62.8232	200
2698	66.2085	8.86548	62.848	200
2699	66.2016	8.78443	62.8727	200
2700	76.8855	8.86612	62.9822	200
2701	76.8464	8.94421	63.0905	200
2702	66.3801	8.84997	63.1179	200
2703	66.3725	8.75671	63.145	200
2704	66.3692	8.65792	63.1738	200
2705	71.7613	8.65666	63.2505	200
2706	71.7707	8.65403	63.3324	200
2707	71.7112	8.64874	63.413	200
2708	71.6824	8.64084	63.4991	200
2709	66.2806	8.51877	63.5281	200
2710	66.2804	8.38771	63.5594	200
2711	66.2769	8.25884	63.5902	200
2712	66.2954	8.13262	63.621	200
2713	71.7902	8.13345	63.7138	200
2714	71.8586	8.13371	63.8064	200
2715	71.9441	8.1338	63.8988	200
2716	72.0044	8.13316	63.9909	200
2717	82.8384	8.37667	64.2051	200
2718	88.1704	8.73095	64.4775	200
2719	88.1005	9.06941	64.7459	200
2720	83.7449	9.29508	64.9618	200
2721	89.0022	9.6302	65.235	200
2722	88.9155	9.94952	65.5041	200
2723	83.8468	10.1403	65.7125	200
2724	83.9321	10.3239	65.9196	200
2725	84.0013	10.5002	66.125	200
2726	83.9167	10.6659	66.3272	200
2727	88.9335	10.9373	66.5841	200
2728	83.6599	11.0768	66.7781	200
2729	83.6584	11.2087	66.97	200
2730	83.6924	11.334	67.16	200
2731	88.9767	11.5723	67.4079	200
2732	83.157	11.6672	67.5869	200
2733	55.5318	11.676	67.4499	200
2734	55.5204	11.6818	67.3143	200
2735	55.126	11.6933	67.1758	200
2736	55.0887	11.7022	67.0385	200
2737	55.0402	11.709	66.9021	200
2738	57.6766	11.6525	66.7973	200
2739	58.3539	11.5796	66.7013	200
2740	74.9154	11.5095	66.7869	200
2741	69.599	11.3283	66.8162	200
2742	69.5962	11.1502	66.8451	200
2743	63.238	10.993	66.8076	200
2744	57.9349	10.9489	66.7151	200
2745	62.4344	10.8099	66.6706	200
2746	78.6481	10.8343	66.7953	200
2747	78.635	10.8552	66.9186	200
2748	78.6432	10.8733	67.0408	200
2749	82.1888	10.9624	67.1986	200
2750	88.2695	11.173	67.4181	200
2751	88.2541	11.3743	67.6351	200
2752	88.2531	11.5669	67.8499	200
2753	88.2919	11.7518	68.0628	200
2754	83.0122	11.8184	68.2185	200
2755	83.0068	11.8802	68.3726	200
2756	83.2518	11.9427	68.5276	200
2757	83.3613	12.003	68.6821	200
2758	78.3113	11.9535	68.7824	200
2759	78.368	11.9042	68.8822	200
2760	78.3652	11.8537	68.981	200
2761	75.6897	11.7465	69.0509	200
2762	79.8905	11.7276	69.1638	200
2763	91.2625	11.9437	69.394	200
2764	58.469	11.9225	69.2802	200
2765	63.79	11.7885	69.223	200
2766	63.8683	11.6544	69.1672	200
2767	63.876	11.5219	69.1121	200
2768	63.829	11.3919	69.0571	200
2769	70.0318	11.1749	69.0672	200
2770	59.1664	11.1483	68.9641	200
2771	59.107	11.1214	68.8614	200
2772	59.0387	11.0944	68.7591	200
2773	55.4628	11.1402	68.6206	200
2774	44.3688	11.4134	68.368	200
2775	49.7896	11.5627	68.1744	200
2776	49.8047	11.7045	67.9831	200
2777	49.7671	11.8401	67.7933	200
2778	49.7817	11.9687	67.6057	200
2779	55.3333	11.975	67.4779	200
2780	54.8534	11.9886	67.3464	200
2781	54.761	12.001	67.2153	200
2782	54.8262	12.0091	67.0862	200
2783	54.786	12.0152	66.9581	200
2784	60.1272	11.9071	66.8869	200
2785	60.1476	11.7995	66.8167	200
2786	55.4373	11.7907	66.6982	200
2787	69.9931	11.6137	66.7325	200
2788	70.0165	11.4402	66.7667	200
2789	70.015	11.2827	66.798	200
2790	64.6214	11.1075	66.777	200
2791	70.0452	10.9568	66.8085	200
2792	70.0645	10.8087	66.8398	200
2793	71.6764	10.6938	66.8863	200
2794	65.7961	10.5092	66.8758	200
2795	60.3461	10.4326	66.813	200
2796	60.3385	10.3565	66.7508	200
2797	60.337	10.2807	66.6891	200
2798	60.3386	10.2051	66.628	200
2799	60.3186	10.1302	66.5674	200
2800	54.9057	10.1596	66.4552	200
2801	60.0234	10.0879	66.3934	200
2802	59.981	10.0173	66.3317	200
2803	59.9704	9.94696	66.2705	200
2804	54.4068	9.98382	66.1565	200
2805	52.1476	10.0612	66.0218	200
2806	59.1977	9.99897	65.9562	200
2807	64.4022	9.83657	65.9412	200
2808	69.8398	9.72237	65.9787	200
2809	75.3507	9.71564	66.0688	200
2810	75.3144	9.7066	66.1577	200
2811	75.1786	9.69341	66.2445	200
2812	57.0628	9.68357	66.1562	200
2813	57.1598	9.67035	66.0697	200
2814	59.8755	9.6035	66.0101	200
2815	59.8941	9.53643	65.9513	200
2816	59.9016	9.46938	65.8931	200
2817	54.6811	9.50289	65.7853	200
2818	59.776	9.43571	65.7275	200
2819	58.1728	9.39954	65.6549	200
2820	53.3245	9.4559	65.5363	200
2821	53.3124	9.50913	65.4188	200
2822	53.3629	9.5581	65.3029	200
2823	53.4361	9.6025	65.1888	200
2824	53.4251	9.64406	65.0757	200
2825	58.3766	9.58743	65.0112	200
2826	60.4383	9.49099	64.9673	200
2827	55.3222	9.49396	64.8745	200
2828	55.4575	9.49248	64.784	200
2829	60.674	9.38897	64.7445	200
2830	60.7891	9.28448	64.7064	200
2831	57.813	9.23849	64.6401	200
2832	50.7549	9.32785	64.5066	200
2833	56.6276	9.29999	64.4309	200
2834	51.1988	9.37561	64.3036	200
2835	40.3177	9.65657	64.073	200
2836	45.6144	9.82584	63.8955	200
2837	50.9728	9.8854	63.7713	200
2838	57.7877	9.81036	63.7137	200
2839	57.7226	9.73691	63.6561	200
2840	55.0515	9.71514	63.5734	200
2841	55.1108	9.69105	63.492	200
2842	55.1405	9.66713	63.4174	200
2843	60.2716	9.55068	63.3894	200
2844	60.0568	9.43964	63.3596	200
2845	61.4327	9.30548	63.3424	200
2846	62.7119	9.15057	63.3368	200
2847	62.7385	8.99785	63.3314	200
2848	62.7454	8.84764	63.3262	200
2849	64.7233	8.71459	63.3387	200
2850	64.6659	8.58267	63.3505	200
2851	64.6473	8.45257	63.3621	200
2852	59.6847	8.3673	63.3293	200
2853	57.597	8.32024	63.2781	200
2854	61.0768	8.21098	63.2584	200
2855	60.9487	8.1056	63.2378	200
2856	55.7702	8.0942	63.1711	200
2857	55.6602	8.08379	63.1041	200
2858	58.5653	8.02048	63.0635	200
2859	58.9863	7.95007	63.0271	200
2860	50.6493	8.02914	62.9166	200
2861	50.6334	8.1051	62.8069	200
2862	50.6329	8.17776	62.6982	200
2863	48.6842	8.28198	62.5731	200
2864	47.2961	8.40689	62.4367	200
2865	53.7361	8.41213	62.359	200
2866	56.5872	8.36499	62.3075	200
2867	59.1394	8.27218	62.2792	200
2868	61.2585	8.14269	62.2701	200
2869	61.2873	8.01484	62.2613	200
2870	61.2546	7.88969	62.2523	200
2871	60.4095	7.78171	62.2359	200
2872	60.4003	7.67553	62.2195	200
2873	53.9087	7.68687	62.1453	200
2874	56.0398	7.65863	62.0908	200
2875	56.0319	7.63006	62.0367	200
2876	56.0301	7.60107	61.983	200
2877	54.012	7.60768	61.9119	200
2878	54.0333	7.61251	61.8415	200
2879	54.0375	7.61593	61.7718	200
2880	58.7568	7.53377	61.7449	200
2881	58.856	7.45083	61.7191	200
2882	55.5103	7.42865	61.6637	200
2883	58.7521	7.34799	61.6377	200
2884	58.7503	7.26833	61.6119	200
2885	58.7495	7.18966	61.5864	200
2886	58.6527	7.11365	61.5602	200
2887	58.2537	7.04567	61.5306	200
2888	55.3767	7.02975	61.4757	200
2889	55.3672	7.01329	61.4212	200
2890	55.4064	6.99546	61.3675	200
2891	65.2368	6.93964	61.402	200
2892	65.4153	6.88738	61.4378	200
2893	46.481	7.03148	61.3043	200
2894	43.6075	7.22193	61.1463	200
2895	44.5784	7.38882	60.9984	200
2896	67.0754	7.3654	61.0526	200
2897	74.0874	7.46663	61.169	200
2898	76.1711	7.60119	61.3029	200
2899	77.6342	7.7467	61.439	200
2900	73.3806	7.81661	61.5386	200
2901	75.3637	7.91675	61.6538	200
2902	75.3792	8.01356	61.7681	200
2903	71.9563	8.04981	61.853	200
2904	71.9789	8.08441	61.9374	200
2905	71.9983	8.11735	62.0213	200
2906	76.2654	8.21946	62.14	200
2907	79.0115	8.36366	62.2806	200
2908	79.0158	8.50319	62.42	200
2909	74.317	8.55975	62.5192	200
2910	77.849	8.67258	62.6469	200
2911	77.7084	8.77906	62.7724	200
2912	74.4314	8.82706	62.8696	200
2913	74.4232	8.87251	62.9659	200
2914	74.4222	8.91557	63.0613	200
2915	78.0408	9.01663	63.1862	200
2916	78.0514	9.11411	63.31	200
2917	78.0526	9.20791	63.4329	200
2918	78.1916	9.30043	63.5559	200
2919	78.1714	9.38901	63.6777	200
2920	70.2288	9.34171	63.7323	200
2921	66.0554	9.22474	63.7516	200
2922	63.953	9.07435	63.7533	200
2923	63.9773	8.92684	63.7552	200
2924	60.4443	8.83324	63.7276	200
2925	63.961	8.68991	63.7295	200
2926	58.884	8.62584	63.6891	200
2927	64.5664	8.4967	63.6964	200
2928	67.4262	8.41725	63.7275	200
2929	67.334	8.33707	63.7576	200
2930	68.0591	8.26981	63.7934	200
2931	67.346	8.19119	63.823	200
2932	71.6308	8.18479	63.8881	200
2933	72.9365	8.19919	63.9635	200
2934	74.3573	8.23576	64.0501	200
2935	74.4063	8.2711	64.1364	200
2936	70.1018	8.23267	64.1861	200
2937	69.386	8.18212	64.2295	200
2938	69.4133	8.13215	64.2727	200
2939	69.3782	8.08171	64.3152	200
2940	65.7648	7.97117	64.3273	200
2941	68.4257	7.90663	64.3614	200
2942	70.4521	7.87636	64.4122	200
2943	70.4835	7.84628	64.4628	200
2944	72.5315	7.84998	64.53	200
2945	66.072	7.74485	64.5429	200
2946	66.063	7.6411	64.5555	200
2947	66.0617	7.53885	64.5681	200
2948	68.6983	7.48204	64.6025	200
2949	72.9317	7.49616	64.6719	200
2950	68.3633	7.43275	64.7027	200
2951	68.3775	7.37011	64.7333	200
2952	68.4204	7.30873	64.764	200
2953	71.7641	7.30358	64.8224	200
2954	72.3359	7.30708	64.885	200
2955	53.3647	7.3773	64.789	200
2956	52.927	7.45205	64.6901	200
2957	45.1893	7.65286	64.5276	200
2958	45.069	7.84962	64.3655	200
2959	45.0951	8.03997	64.2049	200
2960	47.8834	8.16936	64.0774	200
2961	47.1387	8.30638	63.945	200
2962	47.8743	8.4277	63.8195	200
2963	56.3528	8.41268	63.7611	200
2964	55.0606	8.41718	63.6932	200
2965	53.5734	8.44379	63.6141	200
2966	53.5812	8.46861	63.5357	200
2967	58.8959	8.40879	63.4995	200
2968	56.8656	8.38106	63.4476	200
2969	56.8452	8.35326	63.3961	200
2970	56.8421	8.32515	63.3449	200
2971	56.8267	8.29691	63.2939	200
2972	59.574	8.2254	63.2649	200
2973	57.563	8.18597	63.2203	200
2974	57.5414	8.14679	63.176	200
2975	55.4876	8.13963	63.1159	200
2976	55.4893	8.13161	63.0563	200
2977	55.5771	8.12142	62.9979	200
2978	61.2578	8.02171	62.9843	200
2979	58.7486	7.96255	62.9512	200
2980	59.6303	7.89002	62.9252	200
2981	58.9756	7.82846	62.8944	200
2982	58.9958	7.76705	62.8639	200
2983	58.9845	7.70631	62.8336	200
2984	60.899	7.61613	62.8185	200
2985	66.1562	7.54927	62.8446	200
2986	68.9967	7.52744	62.8926	200
2987	67.5123	7.48201	62.9287	200
2988	71.0367	7.49179	62.9921	200
2989	68.3479	7.45841	63.0339	200
2990	68.425	7.42611	63.076	200
2991	68.4756	7.39445	63.1182	200
2992	64.368	7.29843	63.128	200
2993	64.431	7.20476	63.1382	200
2994	62.467	7.10267	63.1329	200
2995	57.6401	7.07752	63.09	200
2996	57.6359	7.05215	63.0474	200
2997	57.608	7.02695	63.0049	200
2998	57.6322	7.0011	62.9629	200
2999	56.3312	6.99533	62.9111	200
3000	56.3616	6.98836	62.8599	200
3001	56.3756	6.98049	62.8093	200
3002	58.9951	6.93101	62.7795	200
3003	59.0388	6.88117	62.7503	200
3004	53.6114	6.91644	62.6789	200
3005	53.6413	6.94958	62.6083	200
3006	53.6513	6.98095	62.5383	200
3007	53.6828	7.01024	62.4691	200
3008	58.5747	6.96155	62.4387	200
3009	59.1164	6.90469	62.4127	200
3010	59.1243	6.84818	62.387	200
3011	60.2121	6.77516	62.37	200
3012	56.4798	6.76133	62.324	200
3013	56.4507	6.74746	62.2781	200
3014	56.4221	6.73353	62.2324	200
3015	59.8836	6.66502	62.214	200
3016	54.5949	6.67992	62.1545	200
3017	55.7506	6.67561	62.1045	200
3018	50.6509	6.75027	62.015	200
3019	52.028	6.80084	61.937	200
3020	49.9661	6.88162	61.8434	200
3021	49.9509	6.95992	61.7505	200
3022	51.1926	7.01614	61.668	200
3023	52.622	7.04785	61.5974	200
3024	54.5633	7.04764	61.5424	200
3025	54.5082	7.04744	61.4907	200
3026	54.42	7.04778	61.4387	200
3027	54.428	7.04723	61.3872	200
3028	51.2524	7.09264	61.3126	200
3029	51.2659	7.13608	61.2388	200
3030	54.9171	7.1241	61.1923	200
3031	54.9597	7.11099	61.1465	200
3032	54.3783	7.10595	61.0967	200
3033	54.3641	7.10046	61.0472	200
3034	57.8613	7.04289	61.0238	200
3035	56.5741	7.00475	60.991	200
3036	56.5586	6.96692	60.9584	200
3037	56.5571	6.92919	60.9261	200
3038	56.514	6.89218	60.8936	200
3039	56.634	6.85346	60.8623	200
3040	56.6458	6.81468	60.8313	200
3041	56.6404	6.7761	60.8005	200
3042	56.489	6.73985	60.7688	200
3043	51.747	6.77341	60.7025	200
3044	50.409	6.82518	60.6268	200
3045	50.3157	6.87644	60.551	200
3046	50.3439	6.92542	60.4759	200
3047	50.3493	6.97249	60.4014	200
3048	55.2596	6.94557	60.3636	200
3049	60.7448	6.84903	60.3664	200
3050	54.9383	6.82814	60.3265	200
3051	60.2015	6.72956	60.3256	200
3052	58.8506	6.65229	60.3148	200
3053	57.4053	6.59725	60.2934	200
3054	63.4437	6.54655	60.3165	200
3055	62.1252	6.47688	60.3298	200
3056	62.7563	6.41732	60.3477	200
3057	64.2635	6.38053	60.3765	200
3058	64.3177	6.34466	60.4054	200
3059	64.3656	6.30959	60.4346	200
3060	64.4003	6.27512	60.4637	200
3061	64.3985	6.2407	60.4926	200
3062	63.7409	6.1967	60.5165	200
3063	63.7559	6.15321	60.5403	200
3064	60.1022	6.06916	60.5371	200
3065	63.4892	6.02332	60.5588	200
3066	66.6513	6.02434	60.6036	200
3067	67.0876	6.0311	60.6513	200
3068	64.2735	5.99567	60.6779	200
3069	63.6457	5.95115	60.6998	200
3070	63.6519	5.90704	60.7215	200
3071	63.654	5.8633	60.743	200
3072	65.6539	5.84929	60.7791	200
3073	65.5458	5.83337	60.8142	200
3074	66.9704	5.83812	60.8595	200
3075	65.5906	5.82184	60.8942	200
3076	65.148	5.79878	60.9255	200
3077	64.2104	5.76181	60.9497	200
3078	68.1175	5.78248	61.0024	200
3079	66.8043	5.78277	61.045	200
3080	66.7738	5.78197	61.0872	200
3081	66.7708	5.78053	61.1289	200
3082	67.4705	5.78878	61.1756	200
3083	62.0022	5.71581	61.1817	200
3084	60.7856	5.63757	61.1787	200
3085	48.5642	5.74018	61.086	200
3086	53.913	5.76125	61.0332	200
3087	54.9546	5.76591	60.9885	200
3088	62.5194	5.70364	60.9998	200
3089	63.0817	5.65037	61.0151	200
3090	63.8393	5.60881	61.0359	200
3091	60.471	5.53464	61.0317	200
3092	62.4016	5.47339	61.0418	200
3093	62.4317	5.41334	61.052	200
3094	62.3832	5.35664	61.0613	200
3095	62.2995	5.29944	61.0699	200
3096	62.2886	5.24276	61.0783	200
3097	58.2138	5.20973	61.0584	200
3098	62.2169	5.15346	61.0665	200
3099	66.5897	5.1586	61.1048	200
3100	63.144	5.11527	61.119	200
3101	65.052	5.09885	61.1463	200
3102	64.6302	5.07642	61.1705	200
3103	63.9387	5.04436	61.1897	200
3104	63.2353	5.00271	61.2039	200
3105	67.1437	5.01573	61.2452	200
3106	67.1679	5.02832	61.2863	200
3107	67.1814	5.04036	61.3272	200
3108	67.1752	5.05158	61.3678	200
3109	65.7082	5.0417	61.398	200
3110	62.158	4.98223	61.4033	200
3111	62.1475	4.92337	61.4084	200
3112	65.7786	4.91569	61.4388	200
3113	61.8719	4.85343	61.4418	200
3114	61.8658	4.79191	61.4447	200
3115	61.8651	4.73119	61.4476	200
3116	65.8593	4.72675	61.4783	200
3117	56.8128	4.7259	61.4459	200
3118	62.1217	4.66965	61.4506	200
3119	62.1364	4.61432	61.4553	200
3120	64.3879	4.59096	61.4757	200
3121	59.0358	4.56108	61.4588	200
3122	57.9775	4.54608	61.4346	200
3123	57.6061	4.53612	61.408	200
3124	57.6125	4.52583	61.3816	200
3125	56.927	4.52484	61.3507	200
3126	58.9939	4.49473	61.3343	200
3127	57.0529	4.49176	61.3046	200
3128	59.8179	4.45003	61.2943	200
3129	63.453	4.4182	61.3093	200
3130	63.4682	4.38682	61.3243	200
3131	63.4702	4.3557	61.3392	200
3132	63.4702	4.3248	61.354	200
3133	63.4542	4.2939	61.3685	200
3134	65.5311	4.29208	61.3974	200
3135	72.4314	4.38572	61.4741	200
3136	72.4839	4.47772	61.5505	200
3137	67.3149	4.49559	61.5906	200
3138	67.3314	4.51288	61.6304	200
3139	67.3136	4.52913	61.6699	200
3140	69.3278	4.57259	61.7231	200
3141	66.0745	4.56952	61.7533	200
3142	66.0659	4.56595	61.7832	200
3143	64.0365	4.53383	61.7989	200
3144	64.0284	4.50182	61.8144	200
3145	64.0631	4.47053	61.83	200
3146	64.1004	4.43997	61.8457	200
3147	64.1153	4.40983	61.8615	200
3148	60.4575	4.36808	61.8518	200
3149	66.0889	4.36626	61.8812	200
3150	66.1242	4.36455	61.9106	200
3151	67.6318	4.38339	61.9504	200
3152	63.6669	4.34635	61.9623	200
3153	63.5972	4.30869	61.9736	200
3154	60.0965	4.27492	61.9606	200
3155	60.8205	4.23138	61.9527	200
3156	58.5824	4.21942	61.9293	200
3157	58.5698	4.20747	61.906	200
3158	64.8005	4.18924	61.9261	200
3159	53.5953	4.24676	61.8682	200
3160	53.0641	4.31005	61.8071	200
3161	50.8888	4.40184	61.7312	200
3162	48.7953	4.52036	61.6414	200
3163	52.1826	4.58895	61.5757	200
3164	50.1078	4.68449	61.4961	200
3165	46.542	4.82712	61.3922	200
3166	46.5555	4.96615	61.2892	200
3167	46.5502	5.09474	61.1922	200
3168	46.5498	5.22037	61.0959	200
3169	54.9017	5.23318	61.0552	200
3170	54.8826	5.24554	61.0145	200
3171	63.088	5.2038	61.0282	200
3172	53.1163	5.23943	60.9761	200
3173	54.4491	5.25637	60.9332	200
3174	51.0852	5.31679	60.8684	200
3175	51.0661	5.37581	60.8039	200
3176	54.5771	5.387	60.7629	200
3177	52.5864	5.42371	60.7092	200
3178	54.8611	5.42929	60.6707	200
3179	54.8841	5.43399	60.6326	200
3180	54.947	5.4373	60.5952	200
3181	55.0014	5.43936	60.5584	200
3182	55.0178	5.44069	60.5219	200
3183	54.994	5.44184	60.4856	200
3184	61.2078	5.37974	60.4903	200
3185	62.5818	5.33647	60.5041	200
3186	63.9934	5.31217	60.527	200
3187	64.0954	5.28922	60.5505	200
3188	62.6206	5.24686	60.5641	200
3189	62.6119	5.20477	60.5776	200
3190	62.6121	5.16305	60.591	200
3191	60.8341	5.09832	60.5926	200
3192	65.3855	5.0943	60.6241	200
3193	65.4613	5.09091	60.6559	200
3194	65.4771	5.08736	60.6877	200
3195	59.3322	5.03826	60.6787	200
3196	57.369	5.01552	60.657	200
3197	57.3749	4.99271	60.6354	200
3198	57.392	4.96969	60.614	200
3199	62.5978	4.9304	60.6271	200
3200	59.2138	4.88412	60.6178	200
3201	58.6796	4.84536	60.605	200
3202	58.902	4.80401	60.5938	200
3203	59.0054	4.7617	60.5834	200
3204	59.0798	4.71883	60.5735	200
3205	59.1746	4.67515	60.5643	200
3206	59.2625	4.63076	60.5557	200
3207	70.6816	4.70306	60.6223	200
3208	73.5976	4.81191	60.7077	200
3209	67.8758	4.84291	60.7549	200
3210	66.5796	4.85583	60.7932	200
3211	65.2232	4.85023	60.8223	200
3212	67.5015	4.87429	60.8663	200
3213	67.6652	4.89962	60.911	200
3214	64.1951	4.87836	60.9326	200
3215	67.2397	4.89716	60.9741	200
3216	64.9018	4.8844	60.9999	200
3217	64.8965	4.8714	61.0256	200
3218	68.2291	4.90209	61.073	200
3219	68.2508	4.93203	61.1202	200
3220	68.2275	4.96065	61.1669	200
3221	72.3924	5.04308	61.2408	200
3222	66.1823	5.04175	61.2733	200
3223	71.1798	5.10576	61.3385	200
3224	70.1962	5.15512	61.3968	200
3225	70.0873	5.20164	61.4539	200
3226	70.0559	5.24638	61.5105	200
3227	70.0364	5.28953	61.5666	200
3228	70.0487	5.33154	61.6224	200
3229	70.044	5.3722	61.6778	200
3230	64.7945	5.34252	61.6983	200
3231	69.9175	5.38037	61.7524	200
3232	69.9657	5.41765	61.8064	200
3233	69.8952	5.45279	61.8596	200
3234	71.9494	5.5138	61.926	200
3235	72.0881	5.57497	61.9929	200
3236	72.091	5.63448	62.0593	200
3237	66.8411	5.62326	62.0908	200
3238	72.1522	5.68166	62.157	200
3239	71.9596	5.73588	62.2215	200
3240	71.7327	5.78555	62.284	200
3241	71.6205	5.83228	62.3455	200
3242	71.5649	5.87684	62.4061	200
3243	76.1483	5.98034	62.4965	200
3244	76.0934	6.07554	62.5815	200
3245	79.0903	6.20596	62.6847	200
3246	67.1158	6.18377	62.7124	200
3247	64.2097	6.12519	62.7217	200
3248	63.0903	6.05323	62.724	200
3249	63.1571	5.98298	62.7267	200
3250	63.1515	5.9135	62.7294	200
3251	60.9199	5.8622	62.7181	200
3252	60.7924	5.81299	62.706	200
3253	65.5889	5.77637	62.7241	200
3254	68.7247	5.77917	62.7616	200
3255	68.1713	5.77455	62.7954	200
3256	68.2052	5.76999	62.8292	200
3257	64.7965	5.72246	62.8415	200
3258	64.7671	5.675	62.8535	200
3259	64.7708	5.62802	62.8655	200
3260	64.0055	5.57192	62.8726	200
3261	67.5928	5.56128	62.9021	200
3262	61.2038	5.51299	62.8915	200
3263	71.5285	5.55204	62.9455	200
3264	71.5776	5.59054	62.9994	200
3265	71.6327	5.62857	63.0534	200
3266	71.6597	5.66579	63.1072	200
3267	76.0983	5.75736	63.1884	200
3268	76.0864	5.84662	63.269	200
3269	76.0649	5.93348	63.349	200
3270	70.8682	5.9533	63.396	200
3271	70.8424	5.97197	63.4425	200
3272	75.1273	6.04338	63.5155	200
3273	72.9617	6.08591	63.5746	200
3274	72.7973	6.12512	63.6322	200
3275	72.787	6.16299	63.6894	200
3276	72.8379	6.20031	63.7466	200
3277	67.5087	6.16983	63.7701	200
3278	67.5032	6.13937	63.7934	200
3279	73.7911	6.1876	63.8559	200
3280	74.1091	6.23842	63.92	200
3281	74.1778	6.28866	63.9841	200
3282	69.6686	6.28111	64.0197	200
3283	69.7456	6.27417	64.0554	200
3284	69.7679	6.26715	64.0911	200
3285	71.2039	6.27771	64.1356	200
3286	63.4086	6.20833	64.1311	200
3287	68.9153	6.19053	64.161	200
3288	70.852	6.19679	64.2028	200
3289	76.2406	6.2698	64.278	200
3290	76.262	6.34122	64.3529	200
3291	76.1787	6.40978	64.4268	200
3292	76.1679	6.47642	64.5002	200
3293	71.2944	6.48039	64.5427	200
3294	70.3746	6.47229	64.5791	200
3295	70.3747	6.46383	64.6153	200
3296	70.3932	6.45525	64.6514	200
3297	70.3892	6.44628	64.6873	200
3298	70.3407	6.43637	64.7226	200
3299	70.3142	6.42581	64.7576	200
3300	72.6641	6.44432	64.807	200
3301	74.7193	6.48767	64.8689	200
3302	74.7451	6.53002	64.9307	200
3303	58.3822	6.53025	64.8897	200
3304	63.6157	6.46455	64.8818	200
3305	63.804	6.39722	64.875	200
3306	68.9182	6.36779	64.9003	200
3307	64.4994	6.2932	64.8978	200
3308	64.5393	6.21902	64.8956	200
3309	64.5464	6.14565	64.8934	200
3310	69.9599	6.13216	64.925	200
3311	69.9224	6.11797	64.9563	200
3312	65.6197	6.04979	64.9604	200
3313	71.1968	6.05212	64.9994	200
3314	71.2269	6.05431	65.0383	200
3315	71.2972	6.05687	65.0774	200
3316	71.3207	6.0592	65.1165	200
3317	71.385	6.06181	65.1556	200
3318	71.4523	6.06475	65.195	200
3319	75.8628	6.12229	65.2617	200
3320	75.6262	6.17532	65.3264	200
3321	75.6415	6.22706	65.3909	200
3322	80.7762	6.34154	65.4871	200
3323	81.9129	6.46759	65.5897	200
3324	81.9528	6.59129	65.692	200
3325	81.8797	6.70553	65.7884	200
3326	77.37	6.76358	65.8573	200
3327	77.4207	6.82072	65.9261	200
3328	81.3988	6.92371	66.0182	200
3329	72.1554	6.91435	66.0548	200
3330	66.6838	6.83953	66.0585	200
3331	66.6695	6.76537	66.0621	200
3332	72.3188	6.75932	66.0994	200
3333	72.3432	6.75318	66.1365	200
3334	72.3874	6.7472	66.1737	200
3335	67.1946	6.67903	66.1798	200
3336	67.1202	6.61071	66.1854	200
3337	67.1662	6.54369	66.1913	200
3338	67.2355	6.47822	66.1975	200
3339	67.2984	6.4142	66.204	200
3340	78.9291	6.48933	66.2798	200
3341	73.248	6.49503	66.3212	200
3342	67.6792	6.43388	66.3293	200
3343	67.7441	6.37413	66.3377	200
3344	77.679	6.43326	66.4053	200
3345	72.5856	6.43025	66.442	200
3346	72.3627	6.42418	66.4773	200
3347	72.3355	6.41744	66.5122	200
3348	72.3091	6.41005	66.5467	200
3349	72.2283	6.40138	66.5805	200
3350	72.3219	6.39352	66.6147	200
3351	66.8833	6.32061	66.6163	200
3352	72.0992	6.31064	66.6489	200
3353	72.1186	6.30062	66.6814	200
3354	72.629	6.29642	66.7168	200
3355	72.6182	6.29172	66.752	200
3356	78.1451	6.35245	66.8198	200
3357	78.085	6.41093	66.8868	200
3358	78.0073	6.467	66.953	200
3359	83.3222	6.58488	67.0505	200
3360	78.2173	6.63943	67.1169	200
3361	78.1582	6.69183	67.1827	200
3362	78.246	6.74387	67.2485	200
3363	73.0522	6.73268	67.2831	200
3364	71.8601	6.70701	67.3103	200
3365	77.2223	6.74517	67.3693	200
3366	77.2541	6.78255	67.4281	200
3367	77.2634	6.81889	67.4867	200
3368	77.301	6.85455	67.5451	200
3369	82.5255	6.95128	67.6343	200
3370	73.0372	6.93285	67.6664	200
3371	72.9597	6.91333	67.6979	200
3372	73.1469	6.8959	67.7304	200
3373	78.6269	6.94352	67.7952	200
3374	73.0003	6.92283	67.8262	200
3375	73.0166	6.9022	67.8571	200
3376	73.0154	6.88144	67.8878	200
3377	72.9285	6.85953	67.9178	200
3378	78.2165	6.90047	67.9791	200
3379	78.3512	6.9418	68.0409	200
3380	78.2984	6.98127	68.1019	200
3381	89.4814	7.15268	68.2292	200
3382	83.0839	7.24437	68.3176	200
3383	88.4802	7.39815	68.4376	200
3384	88.4	7.54773	68.5564	200
3385	88.5266	7.69561	68.6753	200
3386	89.5519	7.85253	68.7996	200
3387	89.3723	8.00396	68.922	200
3388	89.3695	8.1521	69.0437	200
3389	84.2418	8.23598	69.1342	200
3390	84.2266	8.3176	69.224	200
3391	84.225	8.39716	69.3133	200
3392	84.182	8.4742	69.4018	200
3393	89.4203	8.61164	69.521	200
3394	84.2116	8.68401	69.6084	200
3395	84.4104	8.75684	69.6965	200
3396	78.3241	8.7553	69.7479	200
3397	83.5967	8.81593	69.8303	200
3398	78.0053	8.8083	69.879	200
3399	78.1036	8.80135	69.9279	200
3400	78.1182	8.79408	69.9767	200
3401	83.3834	8.84899	70.0565	200
3402	77.9103	8.83714	70.1032	200
3403	83.3315	8.88942	70.182	200
3404	83.2333	8.93896	70.2597	200
3405	83.2946	8.98773	70.3372	200
3406	88.8046	9.10058	70.4472	200
3407	83.4337	9.14684	70.5245	200
3408	83.4262	9.19154	70.6013	200
3409	83.4597	9.23519	70.6778	200
3410	83.538	9.27638	70.7509	200
3411	88.7179	9.37514	70.853	200
3412	83.434	9.41157	70.9244	200
3413	83.4264	9.44669	70.9955	200
3414	83.3251	9.47945	71.0655	200
3415	83.2176	9.50982	71.1346	200
3416	77.8036	9.47754	71.1725	200
3417	83.3934	9.50871	71.2419	200
3418	83.5119	9.54009	71.3116	200
3419	83.5629	9.5709	71.3812	200
3420	83.5966	9.60095	71.4506	200
3421	83.4897	9.62865	71.519	200
3422	83.3737	9.65395	71.5864	200
3423	83.3776	9.67823	71.6534	200
3424	83.2861	9.70044	71.7195	200
3425	78.1274	9.66303	71.7559	200
3426	82.4321	9.67454	71.8165	200
3427	82.4455	9.68539	71.8769	200
3428	82.2248	9.69291	71.9357	200
3429	71.2375	9.5907	71.9318	200
3430	71.2556	9.4894	71.9279	200
3431	71.2931	9.38878	71.9243	200
3432	76.716	9.33654	71.9515	200
3433	76.7356	9.2848	71.9787	200
3434	76.7368	9.23336	72.0058	200
3435	76.6716	9.18146	72.0323	200
3436	71.3988	9.08432	72.0287	200
3437	76.653	9.03364	72.0549	200
3438	76.4589	8.98103	72.08	200
3439	76.442	8.92854	72.1047	200
3440	73.356	8.8413	72.1119	200
3441	73.6136	8.75789	72.1204	200
3442	78.8375	8.7347	72.1585	200
3443	78.8528	8.71152	72.1966	200
3444	79.3618	8.69394	72.2373	200
3445	79.2552	8.6749	72.2772	200
3446	73.8571	8.59427	72.2861	200
3447	73.7899	8.5137	72.2947	200
3448	79.0665	8.4939	72.3332	200
3449	73.7499	8.41348	72.3412	200
3450	73.759	8.33398	72.3493	200
3451	79.099	8.31598	72.3876	200
3452	79.0966	8.29772	72.4257	200
3453	79.1096	8.27938	72.4637	200
3454	79.0222	8.25982	72.501	200
3455	73.8291	8.18105	72.5085	200
3456	73.8543	8.10338	72.5162	200
3457	79.0604	8.08566	72.5534	200
3458	79.1517	8.06876	72.5908	200
3459	79.1041	8.05108	72.6278	200
3460	79.133	8.03351	72.6648	200
3461	73.5527	7.95231	72.6699	200
3462	73.462	7.87094	72.6744	200
3463	73.4505	7.79032	72.6788	200
3464	78.2803	7.76545	72.7106	200
3465	73.0971	7.6816	72.7128	200
3466	73.0303	7.59791	72.7146	200
3467	73.1489	7.51651	72.7171	200
3468	61.9774	7.55314	72.656	200
3469	67.2349	7.52891	72.6252	200
3470	57.4575	7.61571	72.5391	200
3471	57.448	7.70066	72.4533	200
3472	57.4462	7.78369	72.368	200
3473	57.4587	7.86466	72.2833	200
3474	57.8471	7.93934	72.2013	200
3475	57.8449	8.01226	72.1197	200
3476	57.376	8.08875	72.036	200
3477	57.3841	8.16333	71.9527	200
3478	57.3865	8.23609	71.8699	200
3479	57.4002	8.30693	71.7877	200
3480	57.3566	8.37652	71.7057	200
3481	57.7026	8.44046	71.6262	200
3482	57.7087	8.5027	71.5471	200
3483	57.7095	8.56332	71.4685	200
3484	55.4947	8.64753	71.3777	200
3485	55.2231	8.73284	71.2859	200
3486	49.8798	8.87685	71.1643	200
3487	55.043	8.95917	71.0727	200
3488	43.9287	9.16582	70.9185	200
3489	49.1254	9.30931	70.7946	200
3490	49.101	9.45004	70.6714	200
3491	49.0776	9.58804	70.5487	200
3492	54.6693	9.65953	70.4585	200
3493	54.5019	9.73109	70.3678	200
3494	54.4937	9.80089	70.2776	200
3495	49.1724	9.92935	70.1577	200
3496	49.2017	10.0547	70.0386	200
3497	49.2281	10.1769	69.9204	200
3498	49.2445	10.2962	69.8029	200
3499	54.675	10.3487	69.7207	200
3500	60.1632	10.3401	69.6687	200
3501	60.1571	10.3311	69.6171	200
3502	55.1144	10.3764	69.5382	200
3503	55.3713	10.4176	69.4612	200
3504	59.9828	10.4074	69.4097	200
3505	59.941	10.3972	69.3583	200
3506	59.9198	10.3868	69.307	200
3507	59.9242	10.3759	69.256	200
3508	59.8396	10.3655	69.2048	200
3509	60.3152	10.3494	69.1565	200
3510	60.326	10.3329	69.1085	200
3511	60.3872	10.3154	69.0611	200
3512	60.2715	10.2988	69.0133	200
3513	60.4082	10.2804	68.9666	200
3514	55.1373	10.319	68.8914	200
3515	55.1847	10.3558	68.8169	200
3516	60.2679	10.3361	68.7704	200
3517	60.2881	10.316	68.7243	200
3518	60.2755	10.2957	68.6784	200
3519	59.837	10.2799	68.6304	200
3520	59.8097	10.264	68.5824	200
3521	60.4929	10.2404	68.5385	200
3522	60.5438	10.216	68.495	200
3523	60.6197	10.1905	68.4522	200
3524	60.6918	10.1641	68.41	200
3525	65.5597	10.0846	68.3945	200
3526	60.1394	10.0647	68.3497	200
3527	65.4515	9.98685	68.3339	200
3528	65.4715	9.90941	68.3184	200
3529	65.4741	9.83261	68.3029	200
3530	65.6221	9.75487	68.2883	200
3531	71.003	9.67835	68.3031	200
3532	65.8711	9.59958	68.2899	200
3533	65.8153	9.52214	68.2764	200
3534	60.8967	9.49885	68.2363	200
3535	65.8115	9.42196	68.2231	200
3536	65.8353	9.3455	68.2102	200
3537	54.8899	9.3887	68.1378	200
3538	54.878	9.43078	68.0657	200
3539	60.7347	9.40795	68.0259	200
3540	60.724	9.38506	67.9862	200
3541	65.6911	9.308	67.9737	200
3542	65.6902	9.23164	67.9613	200
3543	65.6907	9.15598	67.949	200
3544	65.7007	9.08089	67.9367	200
3545	65.9853	9.0034	67.9261	200
3546	60.5128	8.98612	67.8858	200
3547	65.5298	8.91405	67.873	200
3548	65.3689	8.84438	67.8594	200
3549	65.0658	8.77861	67.8442	200
3550	60.4885	8.76314	67.8043	200
3551	60.4603	8.74771	67.7643	200
3552	60.4565	8.73206	67.7246	200
3553	65.7617	8.65848	67.714	200
3554	65.7776	8.58542	67.7034	200
3555	60.4903	8.5705	67.6642	200
3556	60.5501	8.55467	67.6256	200
3557	60.554	8.53855	67.5871	200
3558	60.615	8.52152	67.5492	200
3559	65.4973	8.4512	67.5381	200
3560	65.4561	8.38197	67.5268	200
3561	65.3683	8.31432	67.515	200
3562	60.3561	8.30176	67.4761	200
3563	60.3865	8.28859	67.4376	200
3564	65.6787	8.21761	67.428	200
3565	65.6982	8.14709	67.4186	200
3566	65.8393	8.0757	67.4101	200
3567	65.9332	8.00398	67.402	200
3568	65.8941	7.93337	67.3938	200
3569	70.8321	7.88451	67.4125	200
3570	70.7616	7.83521	67.4307	200
3571	65.8911	7.76678	67.4224	200
3572	65.7934	7.70006	67.4135	200
3573	66.2386	7.62914	67.4071	200
3574	66.2486	7.5588	67.4008	200
3575	66.2766	7.48886	67.3947	200
3576	71.1887	7.4487	67.4153	200
3577	65.8686	7.38455	67.4069	200
3578	65.8647	7.32104	67.3985	200
3579	65.877	7.25801	67.3903	200
3580	65.5732	7.19886	67.3804	200
3581	60.66	7.19366	67.3439	200
3582	65.8867	7.13131	67.336	200
3583	65.9173	7.06922	67.3282	200
3584	65.9485	7.00737	67.3207	200
3585	65.5098	6.95089	67.3109	200
3586	71.2756	6.91843	67.3324	200
3587	66.3696	6.8537	67.3272	200
3588	71.3693	6.82313	67.3492	200
3589	71.3837	6.79282	67.3711	200
3590	71.4433	6.76325	67.3932	200
3591	71.4687	6.73404	67.4154	200
3592	65.812	6.68059	67.407	200
3593	71.1109	6.64958	67.4263	200
3594	66.1182	6.59394	67.4195	200
3595	66.1152	6.53884	67.4127	200
3596	66.0714	6.4847	67.4057	200
3597	65.9811	6.43199	67.3983	200
3598	71.226	6.40486	67.4182	200
3599	71.2597	6.37816	67.4383	200
3600	71.2123	6.35104	67.4579	200
3601	71.3013	6.32491	67.4779	200
3602	71.2912	6.29875	67.4978	200
3603	71.2486	6.27221	67.5173	200
3604	71.1923	6.24515	67.5365	200
3605	76.3487	6.27189	67.5824	200
3606	71.3812	6.24613	67.6021	200
3607	71.3842	6.22046	67.6218	200
3608	71.3786	6.1948	67.6414	200
3609	71.3333	6.16873	67.6606	200
3610	71.316	6.14255	67.6797	200
3611	71.4059	6.11738	67.6991	200
3612	71.4614	6.09284	67.7187	200
3613	71.3779	6.06749	67.7377	200
3614	65.8087	6.02438	67.7277	200
3615	65.8698	5.98098	67.718	200
3616	65.7555	5.9373	67.7073	200
3617	65.7544	5.89399	67.6967	200
3618	65.7466	5.84918	67.6856	200
3619	65.68	5.8055	67.6743	200
3620	76.502	5.84148	67.7268	200
3621	76.5492	5.87696	67.7793	200
3622	76.5912	5.91365	67.8344	200
3623	71.5264	5.88588	67.8575	200
3624	71.4616	5.85586	67.8812	200
3625	71.4838	5.82621	67.9049	200
3626	71.5124	5.79539	67.9299	200
3627	76.5647	5.83483	67.9899	200
3628	76.551	5.87492	68.0528	200
3629	71.2902	5.83613	68.0766	200
3630	71.4092	5.79701	68.1027	200
3631	71.3835	5.7577	68.1283	200
3632	65.9807	5.69753	68.1104	200
3633	65.3191	5.64909	68.0871	200
3634	71.1179	5.60233	68.1142	200
3635	66.1392	5.53756	68.0966	200
3636	66.204	5.46746	68.0784	200
3637	66.1394	5.39961	68.0597	200
3638	71.8368	5.3658	68.0991	200
3639	71.8798	5.33278	68.1385	200
3640	71.8047	5.29806	68.1766	200
3641	71.2051	5.25077	68.2082	200
3642	71.1947	5.2036	68.2393	200
3643	71.193	5.15673	68.2701	200
3644	76.4791	5.22032	68.3556	200
3645	76.4935	5.2811	68.4403	200
3646	71.2372	5.22935	68.4695	200
3647	71.2151	5.1776	68.4981	200
3648	71.3723	5.12961	68.528	200
3649	71.2977	5.08045	68.5569	200
3650	76.6246	5.14268	68.6409	200
3651	76.6945	5.20333	68.7248	200
3652	76.69	5.26086	68.8078	200
3653	71.4805	5.20695	68.8356	200
3654	71.458	5.1531	68.8629	200
3655	71.6512	5.10383	68.892	200
3656	76.635	5.15881	68.9726	200
3657	76.6421	5.21112	69.0525	200
3658	76.6079	5.25996	69.1312	200
3659	71.3295	5.19617	69.1541	200
3660	76.5099	5.2377	69.2248	200
3661	76.4629	5.27617	69.2944	200
3662	76.4083	5.31151	69.3628	200
3663	48.5324	5.60995	69.1625	200
3664	48.5271	5.8989	68.9641	200
3665	48.5263	6.1785	68.7676	200
3666	53.0269	6.36238	68.6163	200
3667	53.0406	6.53956	68.4665	200
3668	53.0261	6.71073	68.318	200
3669	47.7462	6.97729	68.1202	200
3670	47.7388	7.23506	67.9242	200
3671	51.8774	7.40452	67.7699	200
3672	51.8385	7.5685	67.6168	200
3673	47.6306	7.8073	67.4246	200
3674	53.1334	7.93199	67.2872	200
3675	47.7245	8.15566	67.0991	200
3676	47.6488	8.37286	66.912	200
3677	47.6407	8.58244	66.7267	200
3678	47.6117	8.785	66.5429	200
3679	52.9638	8.87719	66.4124	200
3680	52.7738	8.96875	66.2812	200
3681	51.3258	9.08388	66.1374	200
3682	57.2462	9.08018	66.0519	200
3683	57.299	9.07388	65.9678	200
3684	57.231	9.0674	65.8838	200
3685	57.2791	9.0585	65.801	200
3686	52.0296	9.14913	65.6686	200
3687	57.3679	9.13282	65.5888	200
3688	57.2864	9.11685	65.509	200
3689	51.6017	9.20897	65.3752	200
3690	53.5712	9.25887	65.2617	200
3691	53.5994	9.30509	65.1496	200
3692	45.7005	9.50017	64.9626	200
3693	45.713	9.68766	64.7775	200
3694	47.1435	9.84047	64.6079	200
3695	47.1747	9.98649	64.4403	200
3696	49.9697	10.0727	64.3012	200
3697	48.5679	10.1816	64.1499	200
3698	54.9642	10.1624	64.0616	200
3699	53.7478	10.1653	63.9624	200
3700	48.2413	10.2722	63.8112	200
3701	48.2332	10.3742	63.6614	200
3702	52.3218	10.3928	63.5524	200
3703	52.3363	10.4086	63.4446	200
3704	52.3579	10.4216	63.338	200
3705	46.9456	10.5365	63.1803	200
3706	46.9832	10.6453	63.0246	200
3707	43.4603	10.8168	62.8365	200
3708	42.8534	10.9931	62.6443	200
3709	43.5974	11.148	62.4612	200
3710	43.6474	11.2954	62.2803	200
3711	43.7025	11.4355	62.1016	200
3712	43.7475	11.5685	61.9252	200
3713	48.9837	11.593	61.8096	200
3714	43.6657	11.71	61.6476	200
3715	43.5986	11.8232	61.4865	200
3716	35.4519	12.077	61.254	200
3717	40.8815	12.2251	61.0721	200
3718	40.8903	12.3672	60.8919	200
3719	39.4969	12.5284	60.7009	200
3720	41.5589	12.6465	60.53	200
3721	40.1341	12.7849	60.3479	200
3722	40.1592	12.9171	60.1676	200
3723	37.4321	13.0924	59.9646	200
3724	43.5885	13.1511	59.8184	200
3725	39.5142	13.2788	59.6371	200
3726	39.4973	13.4013	59.4573	200
3727	41.3323	13.4857	59.2955	200
3728	41.363	13.5651	59.1354	200
3729	38.6601	13.6885	58.9525	200
3730	38.6683	13.8062	58.7714	200
3731	38.6473	13.9191	58.5917	200
3732	42.922	13.9503	58.4518	200
3733	42.8868	13.9792	58.3129	200
3734	45.5811	13.9569	58.1992	200
3735	40.8344	14.0177	58.0441	200
3736	40.0513	14.0887	57.8835	200
3737	39.9521	14.1573	57.7234	200
3738	39.89	14.223	57.5642	200
3739	42.7223	14.234	57.4316	200
3740	49.0559	14.1294	57.3569	200
3741	43.8297	14.1187	57.2361	200
3742	46.5402	14.0575	57.1406	200
3743	48.5754	13.9595	57.0641	200
3744	55.2466	13.7426	57.0479	200
3745	47.8643	13.6612	56.9659	200
3746	49.2524	13.555	56.897	200
3747	49.27	13.4492	56.8289	200
3748	47.1812	13.3813	56.7428	200
3749	47.1749	13.3132	56.6573	200
3750	47.1241	13.2457	56.5722	200
3751	50.4641	13.1182	56.5177	200
3752	50.0452	12.9996	56.4599	200
3753	49.0482	12.8998	56.3937	200
3754	49.1262	12.7992	56.3288	200
3755	47.2955	12.7319	56.2482	200
3756	47.2753	12.6648	56.1681	200
3757	50.6808	12.5366	56.1191	200
3758	50.6925	12.4097	56.0706	200
3759	50.6938	12.2841	56.0226	200
3760	46.4102	12.2364	55.9368	200
3761	46.3904	12.1884	55.8515	200
3762	43.7273	12.1872	55.7433	200
3763	43.1591	12.1943	55.6309	200
3764	43.1555	12.1993	55.5195	200
3765	49.2238	12.0939	55.4633	200
3766	49.2274	11.9893	55.4077	200
3767	46.3578	11.9368	55.3269	200
3768	40.0352	11.9967	55.1903	200
3769	44.3891	11.9754	55.0939	200
3770	44.4128	11.9538	55.0049	200
3771	44.3304	11.9325	54.9159	200
3772	56.1769	11.7546	54.9264	200
3773	47.1016	11.6891	54.8612	200
3774	47.08	11.624	54.7964	200
3775	45.6616	11.5825	54.7202	200
3776	45.651	11.5406	54.6447	200
3777	45.678	11.4977	54.5699	200
3778	45.7012	11.4539	54.496	200
3779	51.3925	11.3147	54.4702	200
3780	55.4751	11.1429	54.4785	200
3781	57.731	11.0114	54.5057	200
3782	56.4198	10.8598	54.5216	200
3783	56.3179	10.7087	54.5366	200
3784	56.3298	10.5601	54.5515	200
3785	61.6567	10.5025	54.6107	200
3786	56.9055	10.3657	54.6298	200
3787	56.9382	10.2314	54.6491	200
3788	57.0084	10.1002	54.6687	200
3789	62.0297	10.0546	54.7301	200
3790	62.0415	10.0089	54.791	200
3791	64.0923	9.99706	54.8685	200
3792	64.0993	9.98429	54.9454	200
3793	64.1096	9.97062	55.0218	200
3794	58.0511	9.85493	55.0471	200
3795	58.06	9.7409	55.0722	200
3796	58.0635	9.62841	55.0971	200
3797	58.0634	9.51737	55.1218	200
3798	70.088	9.60818	55.2465	200
3799	70.1184	9.69591	55.3705	200
3800	70.0952	9.77972	55.4932	200
3801	67.4402	9.81584	55.5927	200
3802	59.2504	9.71321	55.6232	200
3803	59.256	9.61187	55.6535	200
3804	59.2564	9.51172	55.6835	200
3805	59.2567	9.41274	55.7133	200
3806	59.2569	9.31492	55.7428	200
3807	64.3402	9.30296	55.8145	200
3808	69.7338	9.3799	55.9304	200
3809	64.0487	9.35887	55.9981	200
3810	56.5864	9.2127	56.003	200
3811	45.8635	9.22814	55.9185	200
3812	45.8757	9.24172	55.8348	200
3813	51.1541	9.1657	55.7958	200
3814	51.1603	9.0902	55.7572	200
3815	45.935	9.1024	55.6753	200
3816	45.8971	9.11366	55.5938	200
3817	51.2028	9.03495	55.5572	200
3818	51.1748	8.95741	55.5207	200
3819	56.9571	8.83206	55.5327	200
3820	56.9896	8.70914	55.5448	200
3821	54.8732	8.57518	55.5392	200
3822	54.8653	8.44349	55.5336	200
3823	54.843	8.31427	55.5279	200
3824	54.8771	8.18655	55.5224	200
3825	54.8891	8.06066	55.5172	200
3826	60.2511	8.00521	55.5566	200
3827	60.5271	7.95463	55.598	200
3828	58.656	7.87302	55.6235	200
3829	63.6063	7.87485	55.69	200
3830	63.6202	7.87572	55.752	200
3831	63.636	7.87584	55.8136	200
3832	66.5351	7.92031	55.8973	200
3833	60.82	7.87347	55.9358	200
3834	60.8411	7.82709	55.9741	200
3835	60.8888	7.78158	56.0125	200
3836	60.9079	7.73649	56.0508	200
3837	66.1112	7.7728	56.1294	200
3838	61.0044	7.72752	56.1675	200
3839	55.6144	7.61542	56.1631	200
3840	55.6488	7.50446	56.1591	200
3841	55.6167	7.39568	56.1549	200
3842	55.6233	7.28843	56.1507	200
3843	60.6116	7.24425	56.1856	200
3844	55.9887	7.13413	56.184	200
3845	61.4842	7.10547	56.2254	200
3846	61.3906	7.07516	56.2658	200
3847	66.7564	7.12852	56.3477	200
3848	61.4215	7.09642	56.3874	200
3849	61.3873	7.06366	56.4264	200
3850	70.1379	7.16753	56.5336	200
3851	70.1237	7.26788	56.6397	200
3852	70.1298	7.3651	56.7451	200
3853	70.1328	7.45921	56.8497	200
3854	70.1694	7.55077	56.9538	200
3855	70.1176	7.63848	57.0566	200
3856	75.4334	7.80626	57.2002	200
3857	70.0911	7.88571	57.3009	200
3858	69.8258	7.9582	57.3988	200
3859	55.3043	7.86658	57.3824	200
3860	50.3667	7.85328	57.3276	200
3861	50.3754	7.8392	57.2733	200
3862	55.9975	7.73665	57.2633	200
3863	56.0292	7.63504	57.2537	200
3864	53.1502	7.57986	57.2216	200
3865	58.1566	7.47604	57.2289	200
3866	58.1398	7.37345	57.236	200
3867	58.091	7.2716	57.2427	200
3868	58.0728	7.17095	57.2492	200
3869	52.9028	7.12682	57.2152	200
3870	52.9242	7.08251	57.1817	200
3871	52.9005	7.03874	57.1483	200
3872	52.8732	6.99556	57.1149	200
3873	58.0978	6.90161	57.1225	200
3874	58.2269	6.81103	57.1312	200
3875	75.1809	6.98663	57.2722	200
3876	74.5717	7.14777	57.4073	200
3877	69.083	7.21852	57.4985	200
3878	74.3651	7.36927	57.6303	200
3879	68.9795	7.43145	57.719	200
3880	69.1844	7.49449	57.8085	200
3881	74.43	7.63709	57.9384	200
3882	60.2547	7.55396	57.9565	200
3883	60.3073	7.47266	57.9749	200
3884	60.3711	7.39334	57.9936	200
3885	60.3619	7.31482	58.0121	200
3886	65.5637	7.31852	58.0711	200
3887	65.5792	7.32148	58.1297	200
3888	60.2459	7.24015	58.1463	200
3889	60.2275	7.15954	58.1625	200
3890	60.2813	7.08078	58.1791	200
3891	60.2974	7.00324	58.1956	200
3892	60.2994	6.92668	58.2121	200
3893	60.3008	6.85109	58.2284	200
3894	65.7437	6.86147	58.2871	200
3895	60.1482	6.78793	58.3008	200
3896	60.1193	6.71485	58.3142	200
3897	60.1113	6.64253	58.3274	200
3898	65.7409	6.65387	58.3819	200
3899	65.7517	6.6644	58.4361	200
3900	65.7997	6.67468	58.4902	200
3901	65.8764	6.68514	58.5445	200
3902	71.1544	6.77227	58.6372	200
3903	71.1391	6.85653	58.7292	200
3904	71.1837	6.93885	58.8207	200
3905	71.22	7.01915	58.9119	200
3906	66.0552	7.02098	58.9644	200
3907	65.9362	7.02025	59.0157	200
3908	77.227	7.18483	59.1496	200
3909	77.3367	7.34662	59.2833	200
3910	77.4421	7.50562	59.4169	200
3911	72.1789	7.58292	59.5107	200
3912	76.5689	7.72226	59.6361	200
3913	76.3706	7.8548	59.7592	200
3914	77.169	7.99531	59.8872	200
3915	71.7878	8.05274	59.9747	200
3916	76.6572	8.17965	60.0973	200
3917	76.618	8.30231	60.2188	200
3918	76.6002	8.42112	60.3393	200
3919	71.3852	8.45972	60.4205	200
3920	71.3751	8.49641	60.501	200
3921	71.38	8.53144	60.581	200
3922	71.405	8.56516	60.6606	200
3923	71.413	8.59732	60.7397	200
3924	76.6468	8.70482	60.8566	200
3925	76.6654	8.80929	60.9729	200
3926	76.6676	8.91055	61.0883	200
3927	71.2228	8.92854	61.1628	200
3928	76.7591	9.0266	61.2775	200
3929	76.7202	9.12095	61.391	200
3930	76.7313	9.21241	61.5038	200
3931	82.016	9.37859	61.6547	200
3932	71.3811	9.3837	61.7262	200
3933	71.4366	9.38851	61.7976	200
3934	71.4166	9.3919	61.8683	200
3935	71.3852	9.39373	61.9383	200
3936	66.097	9.31675	61.9689	200
3937	66.0964	9.24043	61.9992	200
3938	76.7925	9.32209	62.108	200
3939	76.7767	9.40072	62.2158	200
3940	76.7938	9.47686	62.323	200
3941	76.8348	9.5509	62.4297	200
3942	70.7849	9.53331	62.4912	200
3943	70.6586	9.51323	62.5512	200
3944	70.6	9.49169	62.6104	200
3945	70.6448	9.47026	62.6695	200
3946	66.2971	9.38434	62.6961	200
3947	76.7883	9.45357	62.7998	200
3948	70.7523	9.43149	62.8582	200
3949	70.7482	9.40882	62.9163	200
3950	65.8065	9.31296	62.9375	200
3951	65.7919	9.21798	62.9585	200
3952	65.8667	9.12519	62.9799	200
3953	71.1992	9.11187	63.0403	200
3954	71.2721	9.09893	63.1008	200
3955	71.3285	9.08611	63.1613	200
3956	71.3617	9.07309	63.2216	200
3957	71.3543	9.05926	63.2814	200
3958	66.1646	8.96843	63.3026	200
3959	66.2021	8.87918	63.3239	200
3960	71.1716	8.86401	63.3817	200
3961	71.2024	8.84867	63.4392	200
3962	65.6764	8.75144	63.4556	200
3963	65.6858	8.65554	63.472	200
3964	65.7251	8.56662	63.4876	200
3965	65.7128	8.47854	63.5031	200
3966	71.7126	8.4748	63.5601	200
3967	76.6031	8.53825	63.6507	200
3968	76.5508	8.59883	63.7403	200
3969	76.5311	8.66048	63.8343	200
3970	76.4613	8.71881	63.9272	200
3971	76.4441	8.77815	64.025	200
3972	76.4702	8.83545	64.1222	200
3973	88.1913	9.08934	64.3228	200
3974	88.1243	9.33455	64.5211	200
3975	88.0566	9.58813	64.7312	200
3976	87.9875	9.83221	64.9389	200
3977	66.2769	9.66886	64.9518	200
3978	66.2746	9.50836	64.9645	200
3979	71.5651	9.44778	65.0332	200
3980	71.5692	9.38712	65.1013	200
3981	82.4003	9.56693	65.2979	200
3982	71.9039	9.49964	65.373	200
3983	71.938	9.42627	65.455	200
3984	71.947	9.35291	65.5362	200
3985	77.2697	9.41904	65.6991	200
3986	77.3345	9.48061	65.8607	200
3987	77.325	9.53571	66.02	200
3988	72.0048	9.43707	66.1031	200
3989	71.9855	9.33833	66.1848	200
3990	72.0002	9.24047	66.2656	200
3991	71.9945	9.14293	66.3451	200
3992	71.9883	9.04571	66.4235	200
3993	76.8845	9.08503	66.5688	200
3994	76.8576	9.11847	66.7117	200
3995	71.8913	9.00905	66.7836	200
3996	71.8706	8.9001	66.8543	200
3997	71.8672	8.79213	66.9239	200
3998	71.8652	8.68516	66.9925	200
3999	71.9054	8.58037	67.0608	200
4000	77.3477	8.62778	67.2036	200
4001	93.7009	9.12415	67.5717	200
4002	82.3649	9.28162	67.7771	200
4003	77.499	9.29385	67.9121	200
4004	49.3001	9.55269	67.6536	200
4005	49.2748	9.77335	67.4239	200
4006	60.4656	9.70297	67.3369	200
4007	60.4937	9.63147	67.2514	200
4008	60.5079	9.55927	67.1671	200
4009	65.3502	9.36572	67.1444	200
4010	65.3166	9.17727	67.1215	200
4011	65.2425	8.99481	67.098	200
4012	60.4499	8.92962	67.0057	200
4013	65.7294	8.71703	66.988	200
4014	65.7278	8.484	66.9683	200
4015	65.7262	8.25769	66.9489	200
4016	65.7624	8.00515	66.9277	200
4017	65.7438	7.76153	66.9065	200
4018	65.711	7.48795	66.8816	200
4019	76.7261	7.58614	67.0867	200
4020	60.651	7.52862	66.9258	200
4021	60.7481	7.46108	66.7714	200
4022	71.0932	7.30411	66.8794	200
4023	49.3192	7.81692	66.4404	200
4024	49.3296	8.28161	66.0127	200
4025	49.3974	8.69829	65.5973	200
4026	41.9222	9.44713	65.0054	200
4027	41.938	10.1281	64.4287	200
4028	52.6606	10.2101	64.1345	200
4029	47.7501	10.5189	63.7249	200
4030	47.7712	10.7906	63.3261	200
4031	56.8281	10.576	63.1636	200
4032	58.6003	10.3254	63.0685	200
4033	51.0916	10.3943	62.819	200
4034	51.1186	10.4487	62.5753	200
4035	53.0459	10.4104	62.3767	200
4036	52.9814	10.3681	62.181	200
4037	49.1817	10.4777	61.9102	200
4038	51.2265	10.4863	61.6876	200
4039	40.481	10.933	61.2458	200
4040	41.754	11.2896	60.8397	200
4041	43.8343	11.5277	60.4854	200
4042	35.6056	12.0841	59.9671	200
4043	40.4036	12.3957	59.5595	200
4044	55.2241	12.0599	59.4692	200
4045	52.3573	11.8537	59.321	200
4046	52.3338	11.6509	59.1755	200
4047	50.4181	11.5304	58.993	200
4048	55.8794	11.1797	58.9282	200
4049	55.8938	10.8403	58.8649	200
4050	53.7921	10.6	58.7593	200
4051	53.7591	10.3666	58.6551	200
4052	52.5142	10.1906	58.5272	200
4053	56.6454	9.84437	58.488	200
4054	56.8715	9.50154	58.4543	200
4055	52.6683	9.34673	58.3337	200
4056	60.6354	9.05318	58.3817	200
4057	47.0423	9.13483	58.1792	200
4058	47.6449	9.18482	57.9911	200
4059	60.9452	8.96229	58.0438	200
4060	60.9383	8.74558	58.0955	200
4061	55.4468	8.52784	58.0482	200
4062	55.4575	8.3158	58.002	200
4063	55.4929	8.10842	57.9572	200
4064	55.5111	7.90619	57.9135	200
4065	55.4726	7.711	57.8699	200
4066	56.7779	7.47461	57.8504	200
4067	58.6399	7.23585	57.8645	200
4068	58.7933	7.0106	57.8811	200
4069	51.6542	6.98261	57.7699	200
4070	52.3614	6.92639	57.6733	200
4071	52.9856	6.84644	57.5896	200
4072	53.6146	6.74389	57.5186	200
4073	41.0182	7.09233	57.224	200
4074	41.7108	7.39308	56.9469	200
4075	42.2834	7.65273	56.6851	200
4076	43.901	7.83599	56.4568	200
4077	44.3619	7.9881	56.2408	200
4078	45.0354	8.103	56.0407	200
4079	45.752	8.18106	55.857	200
4080	40.262	8.44584	55.5785	200
4081	49.8456	8.34895	55.4761	200
4082	50.5433	8.22694	55.388	200
4083	49.7758	8.13356	55.2878	200
4084	50.3555	8.01923	55.1998	200
4085	51.823	7.85343	55.1395	200
4086	48.1271	7.82714	55.0299	200
4087	46.893	7.83682	54.9027	200
4088	48.1471	7.80304	54.7972	200
4089	48.171	7.76626	54.6936	200
4090	49.7166	7.6791	54.6159	200
4091	49.9861	7.5838	54.5435	200
4092	50.1988	7.48258	54.4757	200
4093	50.1913	7.38264	54.4087	200
4094	50.1737	7.28427	54.3425	200
4095	48.7065	7.23276	54.2545	200
4096	47.6462	7.21325	54.1512	200
4097	47.6919	7.18969	54.0503	200
4098	47.6916	7.16372	53.9509	200
4099	48.4384	7.11212	53.8648	200
4100	47.709	7.08223	53.7686	200
4101	48.4279	7.02781	53.6852	200
4102	49.7032	6.93262	53.623	200
4103	54.0899	6.73057	53.6302	200
4104	55.5156	6.57916	53.6597	200
4105	55.5257	6.43187	53.6889	200
4106	54.0865	6.2433	53.6951	200
4107	52.9409	6.07176	53.6833	200
4108	55.0912	5.92602	53.7053	200
4109	55.7406	5.80443	53.7371	200
4110	55.0664	5.66459	53.7579	200
4111	56.5184	5.57384	53.801	200
4112	52.6958	5.43419	53.7837	200
4113	51.7797	5.327	53.7524	200
4114	56.5286	5.24728	53.7958	200
4115	55.4204	5.13408	53.8212	200
4116	54.7057	5.00128	53.835	200
4117	53.998	4.85008	53.8375	200
4118	56.1418	4.77052	53.8735	200
4119	60.0575	4.80978	53.9594	200
4120	55.857	4.72889	53.9858	200
4121	52.5027	4.63873	53.9652	200
4122	55.506	4.55267	53.9866	200
4123	54.9091	4.45184	53.9994	200
4124	54.1763	4.33309	54.0019	200
4125	51.3154	4.28735	53.9645	200
4126	49.9735	4.27912	53.9091	200
4127	49.9531	4.27014	53.8542	200
4128	47.9354	4.31593	53.772	200
4129	62.3397	4.43404	53.891	200
4130	66.9957	4.67489	54.073	200
4131	63.5409	4.80803	54.2045	200
4132	63.2809	4.92659	54.3305	200
4133	63.986	5.05795	54.4646	200
4134	64.7052	5.20191	54.6069	200
4135	63.2843	5.29845	54.7274	200
4136	63.3274	5.39016	54.8468	200
4137	59.4055	5.36707	54.9101	200
4138	59.2336	5.33808	54.9702	200
4139	61.3132	5.36599	55.0583	200
4140	58.2067	5.30439	55.102	200
4141	59.5787	5.2814	55.1642	200
4142	62.3509	5.33432	55.264	200
4143	62.3646	5.38339	55.3626	200
4144	62.3665	5.4284	55.4599	200
4145	62.3667	5.46947	55.5558	200
4146	68.6211	5.68046	55.7373	200
4147	52.1924	5.62114	55.688	200
4148	50.9338	5.59706	55.622	200
4149	64.7909	5.69627	55.7494	200
4150	64.8455	5.79071	55.8757	200
4151	64.1652	5.86013	55.9908	200
4152	64.7453	5.94052	56.1124	200
4153	64.0428	5.9958	56.2226	200
4154	64.0191	6.04582	56.3308	200
4155	66.1651	6.15105	56.4674	200
4156	66.8943	6.25795	56.5978	200
4157	67.6043	6.37666	56.7353	200
4158	65.5282	6.43707	56.8453	200
4159	66.8869	6.52718	56.9708	200
4160	67.5338	6.62808	57.1028	200
4161	66.856	6.7062	57.2247	200
4162	66.8639	6.77952	57.3452	200
4163	66.8648	6.84802	57.4642	200
4164	66.8649	6.91184	57.5817	200
4165	60.5369	6.81292	57.6187	200
4166	49.3058	6.85042	57.5147	200
4167	48.6316	6.90124	57.4037	200
4168	47.7845	6.96919	57.2835	200
4169	47.8695	7.03031	57.1658	200
4170	48.5105	7.07093	57.0576	200
4171	47.2366	7.13968	56.9348	200
4172	48.4481	7.17336	56.8288	200
4173	59.8497	7.06954	56.8665	200
4174	58.4031	6.93122	56.8857	200
4175	58.9881	6.8105	56.912	200
4176	57.234	6.64828	56.916	200
4177	56.5372	6.49155	56.9113	200
4178	58.3937	6.36632	56.9298	200
4179	57.8094	6.22915	56.9408	200
4180	55.7226	6.10388	56.9256	200
4181	53.6462	6.03326	56.8846	200
4182	53.6654	5.96291	56.8444	200
4183	58.4343	5.85358	56.8642	200
4184	59.1598	5.76463	56.8929	200
4185	61.9956	5.74808	56.9567	200
4186	48.0757	5.82641	56.8457	200
4187	52.4541	5.79054	56.7908	200
4188	39.4412	6.07951	56.5739	200
4189	39.445	6.35575	56.3598	200
4190	40.1121	6.60305	56.1567	200
4191	41.4747	6.80502	55.9732	200
4192	54.6726	6.66741	55.9569	200
4193	43.9952	6.79977	55.8074	200
4194	43.3256	6.94182	55.6514	200
4195	44.7317	7.04126	55.5149	200
4196	61.7221	7.02231	55.5854	200
4197	61.473	6.99651	55.6523	200
4198	61.4681	6.96968	55.7184	200
4199	59.5479	6.89831	55.7619	200
4200	61.472	6.87131	55.8268	200
4201	61.4941	6.84394	55.8912	200
4202	61.4644	6.81506	55.9546	200
4203	68.4343	6.9438	56.0964	200
4204	63.6768	6.95827	56.1825	200
4205	62.95	6.95393	56.2594	200
4206	60.1792	6.88498	56.304	200
4207	57.415	6.75375	56.3166	200
4208	54.9646	6.63098	56.3012	200
4209	54.4888	6.52147	56.2806	200
4210	53.7596	6.43055	56.252	200
4211	52.5002	6.36967	56.2093	200
4212	57.921	6.2638	56.2288	200
4213	43.5068	6.41058	56.0842	200
4214	42.7956	6.5669	55.9332	200
4215	42.7738	6.71673	55.7837	200
4216	45.2213	6.80413	55.6636	200
4217	46.562	6.85634	55.5602	200
4218	49.9765	6.82742	55.4968	200
4219	51.2793	6.7681	55.4488	200
4220	52.2088	6.68792	55.412	200
4221	55.5703	6.53951	55.4138	200
4222	52.2507	6.46278	55.3779	200
4223	54.1593	6.34359	55.364	200
4224	54.119	6.22771	55.3499	200
4225	47.1758	6.27195	55.257	200
4226	47.1658	6.3133	55.165	200
4227	56.263	6.19477	55.1775	200
4228	58.5287	6.13014	55.2156	200
4229	59.7452	6.09376	55.2671	200
4230	54.5866	5.97073	55.2593	200
4231	55.783	5.84693	55.2653	200
4232	55.659	5.723	55.2698	200
4233	63.3076	5.77561	55.3611	200
4234	59.9258	5.74808	55.413	200
4235	61.9127	5.76517	55.4868	200
4236	61.9258	5.78048	55.56	200
4237	61.927	5.79381	55.6324	200
4238	58.0653	5.71743	55.66	200
4239	56.7331	5.61187	55.6722	200
4240	63.0475	5.65195	55.756	200
4241	51.3552	5.62588	55.7102	200
4242	51.559	5.59516	55.6669	200
4243	52.197	5.55088	55.6308	200
4244	48.9761	5.57388	55.5615	200
4245	49.9989	5.57364	55.5035	200
4246	48.0735	5.61231	55.4261	200
4247	48.0655	5.64874	55.3494	200
4248	50.0717	5.64101	55.2945	200
4249	50.6542	5.62016	55.2461	200
4250	46.0208	5.69527	55.15	200
4251	59.0283	5.65741	55.1904	200
4252	59.4378	5.62803	55.2347	200
4253	60.454	5.61952	55.289	200
4254	59.3061	5.58613	55.3309	200
4255	59.3155	5.55277	55.3724	200
4256	53.6697	5.47256	55.3547	200
4257	53.0014	5.40757	55.3301	200
4258	51.0307	5.38448	55.2854	200
4259	54.6526	5.28549	55.2788	200
4260	54.6926	5.18759	55.2727	200
4261	54.6995	5.09145	55.2667	200
4262	54.6998	4.99719	55.2608	200
4263	48.384	5.03635	55.1891	200
4264	58.2056	4.99427	55.2206	200
4265	61.9192	5.02977	55.2903	200
4266	60.4338	5.03214	55.3439	200
4267	60.6596	5.03805	55.3993	200
4268	60.5578	5.04056	55.453	200
4269	59.5256	5.02039	55.4954	200
4270	59.6298	5.00193	55.5385	200
4271	64.9115	5.09299	55.6362	200
4272	62.9576	5.13942	55.7124	200
4273	65.1351	5.22865	55.8106	200
4274	60.6634	5.22082	55.8611	200
4275	45.2971	5.33214	55.7511	200
4276	50.614	5.32808	55.6976	200
4277	55.9239	5.22179	55.6999	200
4278	55.0485	5.12657	55.6931	200
4279	55.0439	5.0333	55.6864	200
4280	53.0372	4.98363	55.6588	200
4281	50.3089	4.99126	55.603	200
4282	50.3296	4.99713	55.5481	200
4283	52.0091	4.96676	55.5112	200
4284	51.9907	4.93663	55.4746	200
4285	52.0446	4.90524	55.4388	200
4286	54.0332	4.83233	55.4242	200
4287	54.0517	4.76025	55.4099	200
4288	45.7568	4.86218	55.3094	200
4289	48.5021	4.90271	55.2384	200
4290	37.6271	5.1471	55.0691	200
4291	39.7267	5.34317	54.9216	200
4292	37.9559	5.56668	54.7584	200
4293	38.0072	5.78176	54.5974	200
4294	38.0992	5.98785	54.4387	200
4295	40.4713	6.1413	54.3044	200
4296	52.8047	6.05204	54.29	200
4297	53.5058	5.95073	54.2825	200
4298	50.778	5.90369	54.2488	200
4299	53.3035	5.80833	54.2397	200
4300	53.8888	5.70338	54.2363	200
4301	53.963	5.59896	54.2337	200
4302	51.1152	5.55126	54.2037	200
4303	51.1237	5.50373	54.1741	200
4304	53.8832	5.40348	54.1713	200
4305	53.8788	5.3052	54.1685	200
4306	53.9155	5.20804	54.166	200
4307	57.8635	5.17899	54.2016	200
4308	52.5664	5.11084	54.1859	200
4309	52.562	5.04378	54.1703	200
4310	52.5022	4.97886	54.1542	200
4311	50.506	4.95327	54.1191	200
4312	50.5348	4.92694	54.0847	200
4313	53.9841	4.83413	54.0837	200
4314	51.3238	4.79424	54.0572	200
4315	56.5444	4.74988	54.0811	200
4316	54.4784	4.66617	54.0849	200
4317	52.3631	4.60955	54.0683	200
4318	52.3909	4.55316	54.0522	200
4319	55.9153	4.50143	54.0701	200
4320	55.8354	4.44881	54.0871	200
4321	62.0338	4.51608	54.1635	200
4322	48.5001	4.53814	54.1091	200
4323	47.7643	4.57288	54.048	200
4324	49.7467	4.56766	54.0067	200
4325	47.2199	4.61034	53.9414	200
4326	48.1098	4.63382	53.8854	200
4327	55.5184	4.57611	53.9011	200
4328	52.7504	4.51024	53.89	200
4329	54.0363	4.42632	53.8914	200
4330	51.2734	4.39154	53.8662	200
4331	51.268	4.35705	53.8412	200
4332	53.3047	4.28358	53.8361	200
4333	54.1496	4.20723	53.8391	200
4334	55.5621	4.15946	53.8557	200
4335	55.5896	4.11281	53.8723	200
4336	57.0415	4.09466	53.9028	200
4337	58.3716	4.10186	53.9458	200
4338	58.3451	4.10758	53.9881	200
4339	62.4295	4.19092	54.0692	200
4340	65.0657	4.3218	54.175	200
4341	62.0637	4.39039	54.2508	200
4342	62.0877	4.45667	54.3262	200
4343	64.0481	4.55069	54.413	200
4344	64.0613	4.64172	54.4991	200
4345	63.9746	4.72804	54.5837	200
4346	60.3867	4.74723	54.6355	200
4347	68.7933	4.91528	54.762	200
4348	62.8552	4.97202	54.8342	200
4349	59.4746	4.9661	54.8756	200
4350	59.4702	4.95946	54.9167	200
4351	57.4597	4.91631	54.9394	200
4352	57.4321	4.87304	54.9616	200
4353	62.4413	4.91958	55.0284	200
4354	49.8618	4.92399	54.9823	200
4355	49.8453	4.92779	54.9364	200
4356	48.5716	4.95345	54.8796	200
4357	48.5661	4.97774	54.8232	200
4358	48.595	5.00007	54.7676	200
4359	50.5022	4.98695	54.7295	200
4360	53.6442	4.91728	54.7198	200
4361	57.708	4.88283	54.7465	200
4362	63.9933	4.96076	54.8291	200
4363	63.8597	5.03343	54.9097	200
4364	63.3851	5.0949	54.9854	200
4365	65.563	5.1928	55.0798	200
4366	56.5437	5.12621	55.0929	200
4367	53.8846	5.05625	55.0821	200
4368	53.5648	4.99305	55.0685	200
4369	56.3238	4.9263	55.0798	200
4370	56.3505	4.86102	55.0911	200
4371	56.385	4.79733	55.1027	200
4372	56.4061	4.73494	55.1143	200
4373	58.3697	4.70851	55.1434	200
4374	59.0631	4.69443	55.1784	200
4375	55.6767	4.6195	55.1828	200
4376	55.6285	4.54497	55.1868	200
4377	60.5836	4.56018	55.235	200
4378	60.5926	4.57442	55.2828	200
4379	60.5927	4.58755	55.3302	200
4380	63.3469	4.64879	55.4018	200
4381	56.881	4.59218	55.415	200
4382	57.0676	4.53969	55.4298	200
4383	56.3775	4.47555	55.4382	200
4384	56.3984	4.41277	55.4468	200
4385	56.4112	4.3512	55.4554	200
4386	56.3815	4.29003	55.4637	200
4387	57.7904	4.25497	55.4844	200
4388	53.3661	4.21682	55.4655	200
4389	65.5377	4.32138	55.5555	200
4390	59.9746	4.32312	55.5949	200
4391	59.3569	4.3131	55.6285	200
4392	59.0081	4.29643	55.6587	200
4393	57.5415	4.25333	55.6755	200
4394	58.2631	4.22359	55.6986	200
4395	58.879	4.20496	55.727	200
4396	57.7839	4.1666	55.7453	200
4397	55.587	4.09502	55.7439	200
4398	56.3749	4.03317	55.7496	200
4399	56.4107	3.97295	55.7555	200
4400	61.3236	3.99953	55.8019	200
4401	61.8825	4.03422	55.8525	200
4402	60.7944	4.04935	55.8937	200
4403	60.1435	4.05269	55.9291	200
4404	56.5245	3.99507	55.9341	200
4405	54.3219	3.95535	55.9207	200
4406	49.3675	3.99865	55.8661	200
4407	49.3693	4.04028	55.8119	200
4408	51.4057	4.04638	55.7752	200
4409	48.7002	4.09686	55.7162	200
4410	50.8204	4.11018	55.6754	200
4411	49.4941	4.14469	55.6239	200
4412	49.5053	4.17759	55.5729	200
4413	52.7326	4.15531	55.5493	200
4414	52.7358	4.13294	55.5258	200
4415	52.7296	4.11066	55.5025	200
4416	57.0907	4.06862	55.5157	200
4417	53.5309	4.03389	55.4992	200
4418	44.4478	4.15085	55.4071	200
4419	47.1058	4.22002	55.3379	200
4420	46.489	4.29717	55.2642	200
4421	45.994	4.38005	55.1869	200
4422	45.2873	4.47205	55.1044	200
4423	49.9724	4.48305	55.0617	200
4424	55.9585	4.42328	55.0691	200
4425	55.1816	4.35143	55.0701	200
4426	54.6162	4.28647	55.0663	200
4427	53.8217	4.23577	55.0559	200
4428	58.9469	4.23002	55.0884	200
4429	63.2397	4.29538	55.1563	200
4430	56.3052	4.24293	55.1659	200
4431	56.964	4.20219	55.1808	200
4432	56.0859	4.14723	55.1884	200
4433	56.1821	4.09467	55.1967	200
4434	66.6213	4.21684	55.2919	200
4435	66.2012	4.32838	55.3828	200
4436	65.507	4.42498	55.4671	200
4437	65.5011	4.51846	55.5508	200
4438	63.4279	4.57444	55.6164	200
4439	63.442	4.62863	55.6816	200
4440	66.5084	4.73193	55.7718	200
4441	65.772	4.81973	55.8552	200
4442	65.7587	4.90446	55.9377	200
4443	62.4938	4.93199	55.9923	200
4444	62.4869	4.95803	56.0465	200
4445	62.4853	4.98271	56.1001	200
4446	52.6562	4.95706	56.0714	200
4447	52.6826	4.93093	56.0432	200
4448	49.7746	4.95322	55.9909	200
4449	46.3941	5.03061	55.911	200
4450	46.316	5.10668	55.831	200
4451	46.3432	5.1797	55.7519	200
4452	46.4449	5.24849	55.6744	200
4453	40.992	5.40572	55.552	200
4454	34.3863	5.66839	55.3756	200
4455	39.5903	5.837	55.2441	200
4456	39.5963	6.00052	55.1137	200
4457	39.5975	6.15911	54.9844	200
4458	34.4358	6.39893	54.8132	200
4459	55.5722	6.30494	54.8195	200
4460	55.6133	6.21309	54.8261	200
4461	55.6	6.1281	54.8321	200
4462	54.3596	6.03973	54.8284	200
4463	59.7008	6.02149	54.8665	200
4464	60.4653	6.01488	54.9103	200
4465	59.6022	5.99421	54.9469	200
4466	59.5589	5.97261	54.9829	200
4467	59.572	5.95099	55.0188	200
4468	59.5865	5.92938	55.0545	200
4469	63.12	5.96276	55.1175	200
4470	63.2152	5.99612	55.1808	200
4471	57.9775	5.94613	55.2026	200
4472	57.9843	5.89668	55.2243	200
4473	63.2661	5.9302	55.2872	200
4474	63.2802	5.96243	55.3496	200
4475	63.2823	5.99321	55.4116	200
4476	63.2835	6.02257	55.4731	200
4477	63.2831	6.0505	55.5341	200
4478	68.907	6.16491	55.6386	200
4479	73.9766	6.35511	55.7818	200
4480	73.982	6.54019	55.924	200
4481	74.0069	6.72055	56.0653	200
4482	74.0016	6.89579	56.2054	200
4483	79.3923	7.15034	56.3866	200
4484	79.3737	7.39779	56.5662	200
4485	79.368	7.63848	56.7443	200
4486	74.1897	7.79171	56.8806	200
4487	74.2206	7.9409	57.016	200
4488	74.2923	8.08676	57.151	200
4489	74.3532	8.22919	57.2854	200
4490	53.9959	8.15201	57.2597	200
4491	54.025	8.07518	57.2344	200
4492	54.0733	7.9984	57.2097	200
4493	54.0795	7.92233	57.1853	200
4494	54.0877	7.84694	57.1611	200
4495	63.5519	7.82419	57.211	200
4496	62.681	7.7874	57.2537	200
4497	51.6731	7.75292	57.2101	200
4498	51.6411	7.7188	57.1666	200
4499	59.2837	7.63127	57.1832	200
4500	59.3	7.54511	57.1997	200
4501	55.7938	7.44918	57.1887	200
4502	55.6767	7.35641	57.1769	200
4503	55.6751	7.26493	57.1652	200
4504	60.9809	7.21104	57.195	200
4505	61.1852	7.16071	57.2262	200
4506	66.9757	7.20116	57.3023	200
4507	67.0282	7.24061	57.3783	200
4508	67.0867	7.27917	57.4542	200
4509	72.0605	7.39366	57.5683	200
4510	71.7438	7.49962	57.679	200
4511	61.0599	7.43527	57.7054	200
4512	61.0545	7.37142	57.7316	200
4513	61.0245	7.30769	57.7573	200
4514	66.7245	7.33362	57.8274	200
4515	61.2315	7.27222	57.854	200
4516	61.224	7.21125	57.8803	200
4517	66.2616	7.22953	57.9458	200
4518	66.2412	7.24619	58.0106	200
4519	66.2397	7.26154	58.0749	200
4520	66.1711	7.27459	58.1381	200
4521	66.1096	7.28547	58.2004	200
4522	61.0389	7.21599	58.2226	200
4523	61.0725	7.14777	58.2448	200
4524	61.0814	7.08041	58.267	200
4525	66.3077	7.09541	58.3298	200
4526	66.3641	7.10922	58.3889	200
4527	66.3576	7.12186	58.4475	200
4528	64.1696	7.10127	58.4896	200
4529	64.1766	7.08047	58.5314	200
4530	64.2068	7.05981	58.5731	200
4531	64.2453	7.0394	58.6148	200
4532	61.9579	6.98504	58.6394	200
4533	67.076	7.00639	58.7014	200
4534	67.0561	7.02622	58.7629	200
4535	67.0615	7.04493	58.8239	200
4536	67.1039	7.06309	58.8848	200
4537	61.8219	7.00241	58.9064	200
4538	56.3825	6.93655	58.8878	200
4539	57.2822	6.85816	58.876	200
4540	59.4666	6.76598	58.8803	200
4541	59.462	6.67504	58.8846	200
4542	54.5064	6.64126	58.8524	200
4543	51.9216	6.64552	58.8015	200
4544	52.0334	6.64732	58.7517	200
4545	52.0405	6.64826	58.7023	200
4546	52.0402	6.64846	58.6534	200
4547	46.303	6.73231	58.5625	200
4548	46.2973	6.81368	58.4724	200
4549	51.378	6.81781	58.4202	200
4550	64.9372	6.81338	58.4681	200
4551	64.9237	6.80812	58.5156	200
4552	64.9915	6.80324	58.5632	200
4553	65.0569	6.79868	58.6109	200
4554	70.2684	6.87014	58.6967	200
4555	70.2885	6.93957	58.7819	200
4556	70.1966	7.00538	58.8658	200
4557	70.1541	7.06837	58.9488	200
4558	64.9325	7.05241	58.9928	200
4559	64.9729	7.03664	59.0368	200
4560	64.9638	7.02032	59.0804	200
4561	64.9657	7.00363	59.1237	200
4562	57.6575	6.9222	59.1129	200
4563	57.7145	6.84096	59.1026	200
4564	62.945	6.79687	59.1308	200
4565	62.9693	6.75336	59.1591	200
4566	57.6498	6.67624	59.148	200
4567	63.3908	6.64046	59.1792	200
4568	63.4106	6.60503	59.2103	200
4569	63.4014	6.56953	59.2411	200
4570	63.3553	6.53342	59.2713	200
4571	63.3994	6.49805	59.3017	200
4572	67.9513	6.52969	59.3653	200
4573	61.2819	6.46185	59.3794	200
4574	59.1083	6.37081	59.3774	200
4575	59.0925	6.28131	59.3753	200
4576	59.0761	6.19334	59.3731	200
4577	60.7281	6.12218	59.3831	200
4578	60.6076	6.05016	59.3921	200
4579	60.6097	5.97909	59.401	200
4580	60.6505	5.90954	59.4102	200
4581	60.6913	5.84147	59.4196	200
4582	64.9143	5.83637	59.46	200
4583	76.935	6.00753	59.5885	200
4584	58.302	5.9381	59.5791	200
4585	58.2919	5.8697	59.5696	200
4586	58.2121	5.80335	59.5596	200
4587	58.139	5.7389	59.5492	200
4588	58.3408	5.67227	59.5403	200
4589	58.3729	5.60602	59.5317	200
4590	58.4263	5.53983	59.5236	200
4591	58.4537	5.4741	59.5157	200
4592	58.4092	5.40987	59.5076	200
4593	58.386	5.3468	59.4993	200
4594	63.6416	5.32909	59.5298	200
4595	63.6624	5.31247	59.5585	200
4596	63.6801	5.29593	59.5871	200
4597	62.4773	5.26252	59.6072	200
4598	64.4073	5.2561	59.6405	200
4599	59.163	5.18973	59.6372	200
4600	59.0981	5.12513	59.6334	200
4601	59.1389	5.06082	59.63	200
4602	53.5175	5.07543	59.5876	200
4603	53.5166	5.08925	59.5454	200
4604	53.5142	5.10234	59.5035	200
4605	53.521	5.11456	59.462	200
4606	53.4555	5.12695	59.4203	200
4607	48.8758	5.20219	59.347	200
4608	53.2247	5.21497	59.3045	200
4609	53.1446	5.22809	59.2617	200
4610	58.4249	5.1671	59.2559	200
4611	58.4653	5.10632	59.2504	200
4612	69.5564	5.17854	59.322	200
4613	69.5339	5.24844	59.3929	200
4614	69.5313	5.31636	59.4633	200
4615	69.5053	5.38199	59.5331	200
4616	69.5002	5.44567	59.6023	200
4617	65.3059	5.44926	59.6419	200
4618	48.1964	5.53254	59.5624	200
4619	53.4196	5.54101	59.5197	200
4620	53.4379	5.54852	59.4775	200
4621	53.4409	5.5553	59.4356	200
4622	53.4407	5.5614	59.3939	200
4623	48.0189	5.64215	59.315	200
4624	48.0452	5.72031	59.2367	200
4625	52.485	5.73463	59.1898	200
4626	54.5463	5.71948	59.1576	200
4627	54.5862	5.70353	59.1258	200
4628	57.2169	5.65083	59.1126	200
4629	53.3155	5.65286	59.0723	200
4630	53.3414	5.65394	59.0325	200
4631	53.3332	5.65457	58.9929	200
4632	53.4121	5.65355	58.9542	200
4633	49.2699	5.70953	58.8869	200
4634	52.5891	5.7177	58.8432	200
4635	52.5937	5.72508	58.7998	200
4636	52.5937	5.73176	58.7567	200
4637	52.5171	5.73881	58.7133	200
4638	47.2692	5.81806	58.6339	200
4639	47.2714	5.89506	58.555	200
4640	52.7662	5.89358	58.5148	200
4641	57.0581	5.83196	58.5046	200
4642	57.0292	5.77145	58.4944	200
4643	57.0056	5.71197	58.4841	200
4644	52.6328	5.7139	58.4434	200
4645	52.6754	5.71466	58.4034	200
4646	47.4355	5.78762	58.3272	200
4647	47.408	5.85889	58.2514	200
4648	38.4022	6.0532	58.1135	200
4649	38.4152	6.24271	57.9767	200
4650	43.6374	6.35517	57.8772	200
4651	43.626	6.46483	57.7782	200
4652	43.5918	6.57208	57.6797	200
4653	43.5606	6.6769	57.5816	200
4654	43.5554	6.77897	57.4842	200
4655	43.582	6.8779	57.3877	200
4656	43.7136	6.97229	57.2927	200
4657	47.6897	7.00883	57.226	200
4658	47.7119	7.04362	57.16	200
4659	47.7144	7.07698	57.0944	200
4660	53.3522	7.03067	57.0684	200
4661	60.8494	6.98553	57.0946	200
4662	58.7882	6.91203	57.1064	200
4663	63.247	6.90132	57.149	200
4664	60.601	6.85341	57.173	200
4665	59.2713	6.78737	57.1876	200
4666	59.2705	6.72203	57.202	200
4667	59.3508	6.65851	57.217	200
4668	64.7658	6.67022	57.2666	200
4669	64.686	6.68008	57.3154	200
4670	64.6847	6.68915	57.3639	200
4671	59.3559	6.62734	57.377	200
4672	63.4828	6.62048	57.4172	200
4673	63.5043	6.61346	57.4572	200
4674	63.4725	6.60559	57.4968	200
4675	68.7214	6.66636	57.5707	200
4676	68.7289	6.72547	57.6441	200
4677	63.2279	6.71045	57.6808	200
4678	58.9615	6.639	57.6892	200
4679	58.9659	6.56844	57.6976	200
4680	58.9885	6.499	57.7061	200
4681	64.6023	6.50423	57.7515	200
4682	64.5302	6.50784	57.7961	200
4683	64.7976	6.51433	57.8421	200
4684	69.7085	6.58475	57.9202	200
4685	63.2893	6.56876	57.9555	200
4686	63.2855	6.55246	57.9906	200
4687	63.3006	6.53611	58.0255	200
4688	63.3106	6.51965	58.0603	200
4689	63.3115	6.50296	58.0949	200
4690	63.3852	6.487	58.1297	200
4691	63.3912	6.47088	58.1643	200
4692	58.1367	6.3861	58.1641	200
4693	58.005	6.30416	58.163	200
4694	59.5048	6.23886	58.1719	200
4695	59.5087	6.17436	58.1807	200
4696	64.8324	6.18065	58.2244	200
4697	70.1354	6.25604	58.3028	200
4698	63.4431	6.24136	58.3366	200
4699	63.4384	6.22637	58.3702	200
4700	58.9409	6.15195	58.3739	200
4701	59.057	6.07999	58.3784	200
4702	59.0626	6.00899	58.3829	200
4703	64.4135	6.00928	58.4226	200
4704	64.3535	6.00824	58.4616	200
4705	64.643	6.01052	58.5023	200
4706	80.9346	6.2266	58.6499	200
4707	81.1018	6.44009	58.7976	200
4708	81.1236	6.64912	58.9445	200
4709	81.4337	6.85754	59.0924	200
4710	81.9754	7.0684	59.243	200
4711	81.9843	7.27462	59.3926	200
4712	81.9859	7.47618	59.5412	200
4713	76.7026	7.60362	59.6541	200
4714	76.6922	7.72776	59.7662	200
4715	76.7165	7.84911	59.8777	200
4716	76.7096	7.9673	59.9885	200
4717	76.7276	8.08272	60.0986	200
4718	81.949	8.26387	60.2423	200
4719	76.3426	8.36698	60.3483	200
4720	76.339	8.4673	60.4535	200
4721	76.2194	8.56333	60.5572	200
4722	76.9483	8.66633	60.665	200
4723	76.861	8.7654	60.7716	200
4724	76.8617	8.86178	60.8774	200
4725	82.338	9.02755	61.0186	200
4726	82.395	9.19004	61.1592	200
4727	87.6189	9.41727	61.3333	200
4728	87.5634	9.63849	61.5059	200
4729	87.5515	9.85437	61.6772	200
4730	87.5487	10.0651	61.8474	200
4731	87.5481	10.2709	62.0165	200
4732	82.0647	10.3995	62.1484	200
4733	82.0857	10.525	62.2796	200
4734	82.3016	10.65	62.4113	200
4735	76.6643	10.6974	62.5051	200
4736	82.3199	10.8173	62.6354	200
4737	82.3746	10.9347	62.7653	200
4738	87.7833	11.12	62.9299	200
4739	87.691	11.2995	63.0928	200
4740	87.7014	11.4746	63.2547	200
4741	82.3943	11.5755	63.3806	200
4742	82.449	11.6741	63.5061	200
4743	82.2408	11.767	63.6293	200
4744	82.349	11.8585	63.7525	200
4745	65.675	11.7343	63.7645	200
4746	65.5549	11.61	63.7757	200
4747	70.7811	11.5524	63.8195	200
4748	70.5179	11.4917	63.8613	200
4749	65.8504	11.3729	63.8737	200
4750	65.8427	11.2554	63.8861	200
4751	65.8419	11.1392	63.8983	200
4752	65.8722	11.0246	63.9106	200
4753	71.2716	10.9788	63.9566	200
4754	71.2616	10.9329	64.0023	200
4755	71.2775	10.8871	64.0477	200
4756	76.5619	10.9075	64.126	200
4757	71.3251	10.8611	64.171	200
4758	71.3193	10.8147	64.2156	200
4759	71.9692	10.7765	64.2641	200
4760	71.8696	10.7368	64.3116	200
4761	76.4414	10.7542	64.3874	200
4762	82.0023	10.84	64.4975	200
4763	82.1103	10.9246	64.6076	200
4764	71.5154	10.8744	64.6508	200
4765	71.5117	10.8243	64.6937	200
4766	71.2272	10.7706	64.7345	200
4767	71.2272	10.7172	64.7751	200
4768	71.2224	10.6638	64.8154	200
4769	71.2213	10.6106	64.8554	200
4770	71.222	10.5575	64.8952	200
4771	71.2094	10.5045	64.9347	200
4772	76.5215	10.518	65.0071	200
4773	82.252	10.6021	65.1149	200
4774	76.9208	10.6171	65.1886	200
4775	66.0251	10.4949	65.1939	200
4776	70.9655	10.4358	65.2299	200
4777	65.5581	10.3095	65.232	200
4778	65.5514	10.1846	65.234	200
4779	65.537	10.0611	65.2359	200
4780	65.4717	9.93827	65.2374	200
4781	65.4395	9.81657	65.2386	200
4782	65.4163	9.69608	65.2397	200
4783	65.2987	9.57562	65.2401	200
4784	70.5328	9.52208	65.2732	200
4785	75.5109	9.53102	65.3372	200
4786	75.4777	9.53864	65.4005	200
4787	70.2345	9.47983	65.4307	200
4788	70.1809	9.42071	65.4604	200
4789	75.4256	9.42752	65.5227	200
4790	75.4441	9.43369	65.5847	200
4791	75.4462	9.43904	65.6464	200
4792	75.4129	9.44313	65.7074	200
4793	70.0081	9.37885	65.7343	200
4794	70.0426	9.31547	65.7612	200
4795	70.0164	9.25221	65.7878	200
4796	64.7174	9.14994	65.7811	200
4797	81.3221	9.22983	65.8782	200
4798	81.3427	9.30776	65.9749	200
4799	86.0422	9.44226	66.1003	200
4800	86.4485	9.57858	66.2275	200
4801	81.2158	9.6462	66.3212	200
4802	75.6618	9.64238	66.3795	200
4803	75.5844	9.63691	66.4371	200
4804	80.7753	9.69568	66.5267	200
4805	80.7367	9.75211	66.6155	200
4806	75.785	9.74482	66.6728	200
4807	75.7754	9.7368	66.7297	200
4808	75.7735	9.72813	66.7862	200
4809	75.822	9.71948	66.8427	200
4810	75.8393	9.71044	66.8989	200
4811	75.8416	9.70084	66.9548	200
4812	75.7244	9.6892	67.0096	200
4813	74.0395	9.65596	67.0536	200
4814	79.2175	9.68731	67.1296	200
4815	80.7583	9.73658	67.2148	200
4816	75.7613	9.7217	67.2682	200
4817	75.8255	9.70715	67.3217	200
4818	75.8425	9.69232	67.3749	200
4819	87.0173	9.81669	67.4977	200
4820	92.0785	10.0012	67.6513	200
4821	92.0592	10.1813	67.8039	200
4822	92.0094	10.3566	67.9551	200
4823	91.9862	10.5276	68.1053	200
4824	86.7562	10.6291	68.2219	200
4825	86.8212	10.7287	68.3381	200
4826	82.2211	10.7663	68.4208	200
4827	82.2257	10.8025	68.503	200
4828	82.2258	10.8372	68.5846	200
4829	82.2267	10.8706	68.6658	200
4830	76.9562	10.8399	68.7152	200
4831	82.5912	10.876	68.7978	200
4832	82.6183	10.9111	68.88	200
4833	82.6247	10.9448	68.9619	200
4834	82.6248	10.9772	69.0432	200
4835	82.5767	11.0076	69.1237	200
4836	82.5461	11.0364	69.2036	200
4837	87.7522	11.1258	69.314	200
4838	76.8359	11.0829	69.3588	200
4839	76.8446	11.0401	69.4034	200
4840	76.6089	10.9944	69.4463	200
4841	76.1628	10.9435	69.4862	200
4842	71.1641	10.8332	69.4962	200
4843	71.1546	10.724	69.5061	200
4844	71.1238	10.6155	69.5157	200
4845	71.2127	10.5094	69.5258	200
4846	84.9696	10.5681	69.6178	200
4847	85.007	10.6255	69.7094	200
4848	87.9665	10.7164	69.818	200
4849	88.0109	10.8054	69.9263	200
4850	87.954	10.8913	70.0336	200
4851	87.9451	10.9749	70.1402	200
4852	87.944	11.0562	70.2462	200
4853	82.6994	11.0728	70.3203	200
4854	78.0519	11.0331	70.3664	200
4855	75.5962	10.964	70.3975	200
4856	74.0351	10.8768	70.4191	200
4857	74.0238	10.7902	70.4406	200
4858	73.9418	10.7034	70.4614	200
4859	79.2282	10.6804	70.5136	200
4860	68.0747	10.5822	70.4991	200
4861	71.1728	10.4643	70.5031	200
4862	71.174	10.3477	70.5071	200
4863	76.8579	10.3001	70.5449	200
4864	76.8919	10.253	70.5827	200
4865	76.8989	10.2062	70.6203	200
4866	76.8331	10.1586	70.6573	200
4867	80.777	10.1582	70.7175	200
4868	75.4174	10.0932	70.7455	200
4869	75.4118	10.0286	70.7733	200
4870	75.4113	9.96442	70.8009	200
4871	75.4542	9.90119	70.8286	200
4872	79.6008	9.88775	70.8808	200
4873	73.966	9.80677	70.8991	200
4874	73.9442	9.72627	70.9173	200
4875	73.9491	9.64657	70.9353	200
4876	73.9845	9.56803	70.9535	200
4877	74.0101	9.49052	70.9717	200
4878	74.016	9.41378	70.9898	200
4879	74.1308	9.3391	71.0085	200
4880	68.527	9.25746	70.9937	200
4881	79.4729	9.2482	71.0442	200
4882	79.7387	9.2416	71.0959	200
4883	79.7854	9.23503	71.1476	200
4884	79.8381	9.22855	71.1994	200
4885	79.9149	9.22244	71.2513	200
4886	79.9717	9.21646	71.3032	200
4887	74.6108	9.14612	71.3228	200
4888	65.9146	9.10162	71.2907	200
4889	65.9292	9.05709	71.2587	200
4890	62.947	9.04822	71.2093	200
4891	62.9449	9.03889	71.1601	200
4892	73.8712	8.96356	71.1762	200
4893	78.7217	8.94668	71.2211	200
4894	79.8009	8.94231	71.2722	200
4895	79.8366	8.93781	71.3232	200
4896	74.8781	8.87373	71.3443	200
4897	72.1031	8.77712	71.3488	200
4898	72.0904	8.68146	71.3533	200
4899	72.0891	8.58687	71.3576	200
4900	72.0883	8.49334	71.362	200
4901	72.1657	8.4018	71.3668	200
4902	72.2019	8.31172	71.3717	200
4903	69.2637	8.23786	71.3592	200
4904	69.2788	8.16456	71.3468	200
4905	66.9436	8.11978	71.3206	200
4906	66.935	8.07532	71.2945	200
4907	66.9326	8.03112	71.2685	200
4908	66.9331	7.98712	71.2427	200
4909	63.0284	7.98982	71.1938	200
4910	63.0507	7.99165	71.1454	200
4911	63.0445	7.99289	71.0993	200
4912	79.2443	7.99462	71.1456	200
4913	84.4486	8.05494	71.2212	200
4914	84.4158	8.11335	71.2962	200
4915	80.2662	8.12308	71.3471	200
4916	80.2822	8.13231	71.3979	200
4917	80.3198	8.14128	71.4486	200
4918	80.3692	8.15013	71.4993	200
4919	85.8034	8.22006	71.5805	200
4920	85.7946	8.28818	71.6613	200
4921	85.7942	8.35459	71.7416	200
4922	80.4484	8.35859	71.7911	200
4923	80.4115	8.36157	71.8401	200
4924	69.498	8.29317	71.8267	200
4925	64.1379	8.2863	71.7831	200
4926	69.0477	8.22322	71.7675	200
4927	69.0137	8.16107	71.7519	200
4928	68.9379	8.1003	71.7359	200
4929	68.882	8.04068	71.7197	200
4930	79.7599	8.04068	71.7653	200
4931	74.7418	7.98313	71.7823	200
4932	74.7167	7.92576	71.7989	200
4933	74.714	7.86882	71.8155	200
4934	80.058	7.87306	71.8623	200
4935	69.1377	7.81456	71.8468	200
4936	64.2885	7.81165	71.8039	200
4937	63.2078	7.82056	71.7551	200
4938	63.181	7.82912	71.7063	200
4939	63.1887	7.83694	71.6579	200
4940	63.1932	7.84408	71.6098	200
4941	63.1941	7.85057	71.562	200
4942	68.6548	7.7944	71.5455	200
4943	68.7037	7.73812	71.5294	200
4944	63.3236	7.74343	71.4827	200
4945	63.3672	7.74766	71.4366	200
4946	74.4546	7.69391	71.4538	200
4947	74.4749	7.64081	71.4709	200
4948	71.1115	7.55807	71.4689	200
4949	71.1035	7.47633	71.4668	200
4950	71.1022	7.39552	71.4648	200
4951	76.2762	7.36615	71.4921	200
4952	76.2502	7.33652	71.5191	200
4953	76.2449	7.30685	71.546	200
4954	76.254	7.27731	71.5727	200
4955	76.3427	7.24882	71.5998	200
4956	71.0173	7.17307	71.5965	200
4957	65.8543	7.15681	71.5639	200
4958	65.8803	7.14007	71.5316	200
4959	65.9106	7.1228	71.4997	200
4960	65.8838	7.10568	71.4677	200
4961	65.8629	7.08862	71.4359	200
4962	71.0871	7.01204	71.4339	200
4963	65.6305	6.9983	71.4009	200
4964	65.6237	6.98442	71.3681	200
4965	65.6423	6.97012	71.3356	200
4966	65.6846	6.95513	71.3035	200
4967	70.9992	6.87955	71.3017	200
4968	70.959	6.80527	71.2998	200
4969	70.9	6.73248	71.2975	200
4970	65.9586	6.71664	71.2672	200
4971	71.2141	6.64092	71.2669	200
4972	71.4343	6.56736	71.2678	200
4973	77.1393	6.55945	71.3012	200
4974	66.2031	6.54284	71.2722	200
4975	66.1837	6.52632	71.2433	200
4976	66.2606	6.50878	71.215	200
4977	66.3096	6.49056	71.1871	200
4978	82.3016	6.5431	71.2503	200
4979	82.3097	6.59442	71.3131	200
4980	82.3491	6.64489	71.3758	200
4981	82.3938	6.69459	71.4384	200
4982	87.6007	6.80217	71.5303	200
4983	98.5133	7.0315	71.6836	200
4984	98.5334	7.25671	71.8361	200
4985	98.5229	7.4775	71.9878	200
4986	93.0355	7.63171	72.1073	200
4987	93.0764	7.78327	72.2265	200
4988	93.0501	7.93146	72.3448	200
4989	92.9871	8.0759	72.4621	200
4990	87.4275	8.15419	72.5471	200
4991	87.5207	8.23168	72.6322	200
4992	87.5415	8.30756	72.7169	200
4993	92.9574	8.44316	72.8319	200
4994	93.0117	8.57653	72.9466	200
4995	93.105	8.70815	73.0611	200
4996	93.1361	8.83731	73.1752	200
4997	93.137	8.96373	73.2886	200
4998	93.138	9.08743	73.4014	200
4999	93.148	9.20856	73.5136	200
5000	93.0537	9.32085	73.6198	200
5001	82.1682	9.31246	73.6662	200
5002	87.5634	9.36229	73.7417	200
5003	87.5515	9.41063	73.8168	200
5004	87.5872	9.45802	73.8916	200
5005	87.6089	9.50432	73.9662	200
5006	87.6321	9.54955	74.0405	200
5007	82.4091	9.53671	74.0859	200
5008	82.4614	9.52409	74.1315	200
5009	82.5219	9.51177	74.1771	200
5010	87.4791	9.55297	74.2493	200
5011	87.4987	9.59314	74.3214	200
5012	82.1297	9.57374	74.3638	200
5013	104.046	9.79231	74.5251	200
5014	104.124	10.0076	74.686	200
5015	109.306	10.2751	74.8741	200
5016	104.09	10.481	75.0329	200
5017	103.923	10.6811	75.1899	200
5018	98.2465	10.8156	75.3152	200
5019	98.2371	10.9472	75.4398	200
5020	98.2024	11.0756	75.5635	200
5021	103.641	11.2604	75.7161	200
5022	103.919	11.4446	75.8694	200
5023	82.6264	11.3936	75.9061	200
5024	82.6789	11.3434	75.9429	200
5025	87.4165	11.3448	76.0053	200
5026	87.391	11.3453	76.0671	200
5027	82.1842	11.2884	76.1004	200
5028	104.08	11.4699	76.2524	200
5029	104.092	11.6478	76.4037	200
5030	104.137	11.8226	76.5545	200
5031	104.149	11.9941	76.7044	200
5032	104.123	12.1617	76.8535	200
5033	104.124	12.326	77.0017	200
5034	109.505	12.5453	77.1783	200
5035	98.7809	12.6437	77.2957	200
5036	98.6902	12.7388	77.412	200
5037	98.7202	12.832	77.5278	200
5038	93.569	12.8669	77.615	200
5039	98.4244	12.9532	77.7281	200
5040	93.1555	12.9801	77.8119	200
5041	93.129	13.0055	77.8952	200
5042	93.1277	13.0297	77.9779	200
5043	93.1581	13.0531	78.0604	200
5044	93.1631	13.0754	78.1425	200
5045	93.1952	13.0969	78.2243	200
5046	93.2052	13.1173	78.3057	200
5047	98.5435	13.1947	78.4157	200
5048	93.1225	13.2112	78.4957	200
5049	93.0871	13.2262	78.575	200
5050	93.0412	13.2396	78.6536	200
5051	93.0253	13.2519	78.7317	200
5052	92.9711	13.2627	78.8091	200
5053	92.9146	13.2718	78.8857	200
5054	92.8502	13.2794	78.9616	200
5055	98.2711	13.3449	79.0666	200
5056	93.3045	13.3546	79.144	200
5057	93.2684	13.363	79.2207	200
5058	93.2637	13.3704	79.297	200
5059	87.5555	13.3148	79.3419	200
5060	87.4979	13.2587	79.3862	200
5061	82.2895	13.1462	79.402	200
5062	82.2407	13.0341	79.4174	200
5063	87.6524	12.982	79.4622	200
5064	87.7085	12.9305	79.507	200
5065	104.052	13.0567	79.6404	200
5066	109.328	13.2375	79.8018	200
5067	103.824	13.3547	79.9323	200
5068	103.501	13.4657	80.0604	200
5069	103.467	13.5738	80.1876	200
5070	103.416	13.6787	80.3139	200
5071	98.6236	13.7291	80.4134	200
5072	98.6203	13.7777	80.5123	200
5073	104.072	13.8841	80.6403	200
5074	71.7549	13.8297	80.5921	200
5075	76.5621	13.7232	80.5702	200
5076	76.5362	13.6179	80.5482	200
5077	76.6961	13.5117	80.5273	200
5078	76.6839	13.4067	80.5064	200
5079	82.0185	13.2774	80.5146	200
5080	81.9826	13.149	80.5226	200
5081	81.9513	13.0216	80.5304	200
5082	82.0045	12.8961	80.5384	200
5083	81.956	12.7713	80.5461	200
5084	81.6942	12.645	80.5523	200
5085	93.4732	12.648	80.6225	200
5086	93.5495	12.651	80.6928	200
5087	98.4698	12.7067	80.7894	200
5088	98.4913	12.761	80.8856	200
5089	98.4607	12.8133	80.9811	200
5090	98.457	12.864	81.0761	200
5091	98.432	12.9129	81.1704	200
5092	98.5502	12.9614	81.2649	200
5093	103.77	13.0608	81.3821	200
5094	98.439	13.1024	81.4709	200
5095	98.4291	13.1426	81.5593	200
5096	98.4268	13.1814	81.6471	200
5097	98.4266	13.2189	81.7345	200
5098	98.4674	13.2555	81.8217	200
5099	98.5027	13.2912	81.9085	200
5100	98.5089	13.3256	81.995	200
5101	103.977	13.4158	82.1095	200
5102	98.5063	13.4469	82.1949	200
5103	98.5297	13.4769	82.28	200
5104	98.6072	13.5066	82.365	200
5105	98.6442	13.5355	82.4498	200
5106	98.4997	13.5617	82.5334	200
5107	98.5079	13.5868	82.6166	200
5108	98.5057	13.6108	82.6993	200
5109	98.5034	13.6337	82.7816	200
5110	93.0228	13.5983	82.835	200
5111	92.9855	13.5624	82.8879	200
5112	82.4835	13.4253	82.8857	200
5113	82.2667	13.2919	82.8825	200
5114	82.3309	13.1592	82.8796	200
5115	82.3106	13.0281	82.8767	200
5116	82.3585	12.8978	82.874	200
5117	87.6365	12.813	82.8988	200
5118	87.658	12.7291	82.9236	200
5119	87.7015	12.6463	82.9485	200
5120	82.2602	12.5217	82.9449	200
5121	81.7477	12.4038	82.9386	200
5122	76.9489	12.337	82.9074	200
5123	77.036	12.2696	82.8769	200
5124	81.9544	12.1514	82.8721	200
5125	81.9545	12.0344	82.8673	200
5126	87.7414	11.9598	82.8927	200
5127	87.5488	11.8837	82.9169	200
5128	87.5576	11.8083	82.9411	200
5129	87.4939	11.7327	82.9648	200
5130	87.4857	11.6576	82.9883	200
5131	87.4795	11.5829	83.0117	200
5132	70.8216	11.5893	82.9482	200
5133	70.7719	11.5954	82.8848	200
5134	82.169	11.482	82.8811	200
5135	82.1818	11.3697	82.8774	200
5136	82.1822	11.2585	82.8738	200
5137	82.2017	11.1483	82.8703	200
5138	82.2393	11.0387	82.867	200
5139	87.3749	10.9707	82.8905	200
5140	87.4073	10.9034	82.914	200
5141	82.182	10.7975	82.9102	200
5142	82.1715	10.6927	82.9064	200
5143	82.1794	10.5889	82.9026	200
5144	82.2186	10.4857	82.899	200
5145	82.2374	10.3834	82.8956	200
5146	87.7698	10.326	82.921	200
5147	87.8056	10.2693	82.9464	200
5148	87.8078	10.213	82.9717	200
5149	82.3315	10.1133	82.9684	200
5150	87.598	10.0561	82.9925	200
5151	92.9421	10.055	83.0443	200
5152	92.903	10.053	83.0957	200
5153	93.4863	10.0565	83.1498	200
5154	82.2725	9.96089	83.1452	200
5155	82.2927	9.86601	83.1408	200
5156	82.3339	9.77164	83.1366	200
5157	82.396	9.67757	83.1327	200
5158	82.4422	9.58395	83.1291	200
5159	82.467	9.49102	83.1257	200
5160	76.6842	9.45925	83.0921	200
5161	76.5484	9.42888	83.058	200
5162	76.4945	9.39903	83.0239	200
5163	76.4873	9.36921	82.9898	200
5164	76.432	9.33993	82.9557	200
5165	71.2033	9.36506	82.8944	200
5166	71.2066	9.38925	82.8336	200
5167	93.0591	9.39796	82.8868	200
5168	98.4067	9.46173	82.9677	200
5169	98.4293	9.52423	83.0482	200
5170	98.4355	9.5853	83.1283	200
5171	98.3532	9.64405	83.2076	200
5172	93.3313	9.64905	83.2604	200
5173	93.4288	9.65446	83.3133	200
5174	93.0696	9.65552	83.3641	200
5175	87.9698	9.60291	83.3881	200
5176	88.1133	9.5521	83.4127	200
5177	88.1488	9.50193	83.4374	200
5178	93.1562	9.50419	83.488	200
5179	93.2053	9.50641	83.5386	200
5180	93.1678	9.50769	83.5888	200
5181	93.1354	9.5081	83.6385	200
5182	76.8035	9.48025	83.6029	200
5183	82.202	9.39609	83.5956	200
5184	82.2225	9.31252	83.5884	200
5185	82.2418	9.22954	83.5814	200
5186	82.2202	9.14758	83.5743	200
5187	77.0687	9.12006	83.5405	200
5188	77.0771	9.09238	83.5068	200
5189	77.1397	9.06399	83.4736	200
5190	82.1714	8.98637	83.4671	200
5191	82.1879	8.9093	83.4607	200
5192	93.1865	8.91747	83.5093	200
5193	93.1522	8.92472	83.5576	200
5194	93.1834	8.93173	83.6057	200
5195	92.8148	8.9345	83.6517	200
5196	92.8137	8.93678	83.6975	200
5197	92.893	8.93936	83.7435	200
5198	92.9349	8.94188	83.7895	200
5199	87.6726	8.89129	83.8089	200
5200	87.4881	8.83917	83.8273	200
5201	87.4566	8.78707	83.8454	200
5202	86.8428	8.72918	83.8604	200
5203	98.4243	8.78752	83.9332	200
5204	98.4288	8.8446	84.0057	200
5205	98.3835	8.89993	84.0776	200
5206	98.3687	8.95384	84.1491	200
5207	98.3337	9.00615	84.22	200
5208	103.477	9.10866	84.3163	200
5209	103.443	9.20884	84.4119	200
5210	98.4986	9.25761	84.4823	200
5211	98.4899	9.30511	84.5524	200
5212	98.4891	9.35143	84.6221	200
5213	98.5216	9.39691	84.6915	200
5214	98.4974	9.441	84.7606	200
5215	98.5127	9.48411	84.8293	200
5216	92.8925	9.4699	84.8697	200
5217	87.5536	9.40204	84.8831	200
5218	87.5419	9.33461	84.8964	200
5219	87.4956	9.26725	84.9094	200
5220	87.5157	9.20064	84.9224	200
5221	87.4551	9.13396	84.9351	200
5222	92.7505	9.12078	84.9741	200
5223	82.0159	9.05915	84.9593	200
5224	82.0033	8.99812	84.9446	200
5225	81.9202	8.93838	84.9294	200
5226	81.9451	8.87884	84.9145	200
5227	76.9789	8.86941	84.8748	200
5228	76.9828	8.85963	84.8354	200
5229	77.0348	8.84904	84.7964	200
5230	81.9549	8.78896	84.7822	200
5231	81.9751	8.72915	84.7681	200
5232	98.4747	8.77892	84.8367	200
5233	98.4909	8.82767	84.9049	200
5234	98.4455	8.8748	84.9726	200
5235	98.437	8.9207	85.04	200
5236	98.3218	8.96431	85.1064	200
5237	98.3109	9.00671	85.1724	200
5238	98.3067	9.04798	85.2381	200
5239	103.597	9.14109	85.3298	200
5240	98.5817	9.1822	85.3961	200
5241	98.6201	9.22262	85.4622	200
5242	104.048	9.31625	85.5552	200
5243	104.063	9.40817	85.6477	200
5244	104.106	9.49867	85.74	200
5245	98.9227	9.53551	85.8059	200
5246	98.9704	9.5718	85.8717	200
5247	98.9348	9.60671	85.937	200
5248	98.9448	9.64072	86.0021	200
5249	98.9585	9.67388	86.0669	200
5250	98.6115	9.70258	86.1296	200
5251	98.6238	9.7305	86.1921	200
5252	98.6251	9.75753	86.2542	200
5253	87.6554	9.67396	86.2612	200
5254	87.6629	9.59124	86.2682	200
5255	87.688	9.50952	86.2753	200
5256	93.0054	9.48173	86.309	200
5257	93.0106	9.45393	86.3425	200
5258	87.7903	9.37387	86.3497	200
5259	87.8364	9.29499	86.3572	200
5260	87.909	9.21756	86.3649	200
5261	87.9609	9.14134	86.3729	200
5262	88.0164	9.06636	86.3811	200
5263	88.0179	8.99207	86.3893	200
5264	92.9899	8.96815	86.4223	200
5265	92.9871	8.94412	86.4551	200
5266	76.6768	8.95246	86.4062	200
5267	76.6622	8.96038	86.3575	200
5268	76.7374	8.96697	86.3094	200
5269	76.7426	8.97297	86.2616	200
5270	76.7372	8.97848	86.214	200
5271	82.0542	8.9303	86.1932	200
5272	76.7538	8.93539	86.146	200
5273	82.1233	8.88626	86.1258	200
5274	82.1835	8.83682	86.1061	200
5275	82.119	8.78832	86.0862	200
5276	82.0656	8.74065	86.0661	200
5277	82.0466	8.69343	86.046	200
5278	87.3721	8.61976	86.0526	200
5279	87.3388	8.54642	86.0591	200
5280	82.4148	8.4974	86.0408	200
5281	87.7488	8.42951	86.0494	200
5282	76.6073	8.43963	86.0022	200
5283	76.6161	8.44909	85.9552	200
5284	76.6938	8.45722	85.9089	200
5285	76.7145	8.46459	85.863	200
5286	76.7162	8.47141	85.8172	200
5287	81.9143	8.42572	85.7977	200
5288	81.9198	8.38025	85.7783	200
5289	76.6645	8.38758	85.7327	200
5290	76.6766	8.39427	85.6875	200
5291	76.6658	8.4003	85.6441	200
5292	82.1178	8.35343	85.6271	200
5293	71.0038	8.41372	85.5568	200
5294	70.9856	8.47293	85.4868	200
5295	70.928	8.53144	85.4168	200
5296	76.4444	8.53568	85.3736	200
5297	76.4147	8.53975	85.3306	200
5298	76.4007	8.5435	85.2876	200
5299	76.3928	8.54688	85.2449	200
5300	76.4011	8.54974	85.2024	200
5301	76.6378	8.54988	85.1612	200
5302	76.7043	8.54898	85.1205	200
5303	82.113	8.4957	85.1061	200
5304	76.6294	8.49551	85.0653	200
5305	76.5936	8.49529	85.0246	200
5306	76.5947	8.49466	84.984	200
5307	71.2478	8.54505	84.918	200
5308	76.6223	8.54266	84.8781	200
5309	76.6984	8.53917	84.8388	200
5310	76.7017	8.5353	84.7997	200
5311	76.6442	8.53165	84.7605	200
5312	81.7802	8.47827	84.7461	200
5313	81.7438	8.42562	84.7317	200
5314	81.7956	8.37283	84.7176	200
5315	76.7915	8.36854	84.6795	200
5316	76.7969	8.36386	84.6416	200
5317	76.8107	8.35874	84.6039	200
5318	76.8272	8.35314	84.5665	200
5319	81.9207	8.29826	84.5538	200
5320	87.7058	8.24878	84.569	200
5321	87.7453	8.2	84.5842	200
5322	82.5061	8.14114	84.5743	200
5323	82.4187	8.08359	84.5639	200
5324	87.8076	8.03705	84.5795	200
5325	87.7766	7.99051	84.5949	200
5326	92.9323	7.99385	84.6349	200
5327	92.9766	7.99719	84.675	200
5328	92.9886	8.00023	84.715	200
5329	87.6679	7.9517	84.7292	200
5330	87.6863	7.90367	84.7434	200
5331	87.761	7.85669	84.7579	200
5332	92.968	7.86009	84.7974	200
5333	82.1888	7.8096	84.7849	200
5334	82.1771	7.75958	84.7723	200
5335	82.0945	7.70876	84.7589	200
5336	82.1255	7.65801	84.7458	200
5337	87.3894	7.60577	84.7595	200
5338	82.1529	7.5537	84.746	200
5339	82.1262	7.50007	84.7317	200
5340	82.1192	7.44694	84.7175	200
5341	82.1175	7.39186	84.7027	200
5342	82.1497	7.33688	84.6882	200
5343	82.1518	7.27973	84.6731	200
5344	76.664	7.28841	84.6255	200
5345	76.8307	7.29474	84.5767	200
5346	76.8948	7.29958	84.5287	200
5347	76.9057	7.30383	84.4786	200
5348	71.2858	7.38132	84.3918	200
5349	71.3318	7.46019	84.3011	200
5350	71.3252	7.5368	84.211	200
5351	71.3515	7.61507	84.1164	200
5352	71.3078	7.69145	84.0222	200
5353	71.2446	7.77092	83.9224	200
5354	76.6229	7.76355	83.8654	200
5355	71.2236	7.84485	83.76	200
5356	71.2502	7.9226	83.6558	200
5357	71.2601	8.00248	83.5451	200
5358	71.2212	8.07965	83.4351	200
5359	71.2097	8.15938	83.3175	200
5360	71.1493	8.23647	83.2005	200
5361	71.0866	8.31104	83.084	200
5362	71.0934	8.3818	82.9687	200
5363	71.1631	8.44764	82.8552	200
5364	66.0212	8.60892	82.6934	200
5365	66.0563	8.7633	82.5334	200
5366	66.0512	8.91174	82.3749	200
5367	71.0063	8.95899	82.2656	200
5368	71.0151	9.00306	82.1574	200
5369	71.0052	9.04439	82.0502	200
5370	70.9895	9.08316	81.9438	200
5371	77.1447	9.00077	81.8977	200
5372	71.4381	9.02883	81.7971	200
5373	71.4433	9.05431	81.6976	200
5374	76.1799	8.98629	81.6445	200
5375	76.1947	8.91828	81.5921	200
5376	76.4318	8.84601	81.5425	200
5377	76.4052	8.77469	81.4931	200
5378	71.277	8.80241	81.3949	200
5379	76.5612	8.73154	81.3517	200
5380	76.532	8.66168	81.3087	200
5381	76.5699	8.59163	81.2663	200
5382	76.6246	8.5211	81.2249	200
5383	76.5954	8.4516	81.1836	200
5384	82.5928	8.32585	81.1962	200
5385	87.5246	8.29018	81.2527	200
5386	65.5538	8.42248	81.1125	200
5387	60.2183	8.64518	80.9259	200
5388	60.2101	8.86073	80.741	200
5389	60.1295	9.07057	80.5569	200
5390	60.0886	9.2741	80.3742	200
5391	60.0808	9.47087	80.193	200
5392	60.0756	9.66099	80.0134	200
5393	65.3445	9.75041	79.8824	200
5394	60.4188	9.92386	79.7086	200
5395	60.4337	10.0908	79.5365	200
5396	60.5083	10.2504	79.3666	200
5397	60.5589	10.4032	79.1987	200
5398	60.8985	10.5443	79.0353	200
5399	65.2482	10.6022	78.9122	200
5400	65.1933	10.6578	78.7897	200
5401	60.3488	10.7968	78.6251	200
5402	76.7804	10.6369	78.6086	200
5403	71.7241	10.5699	78.5471	200
5404	76.5557	10.4167	78.5293	200
5405	76.5555	10.266	78.5117	200
5406	76.5678	10.1174	78.4944	200
5407	71.2385	10.0663	78.4296	200
5408	71.2165	10.0153	78.3652	200
5409	71.1738	9.9649	78.301	200
5410	71.0802	9.91589	78.2365	200
5411	71.0673	9.86684	78.1725	200
5412	70.8737	9.82099	78.1073	200
5413	65.9488	9.86273	77.9987	200
5414	65.9584	9.90161	77.8912	200
5415	71.4669	9.83952	77.8339	200
5416	71.5512	9.776	77.7778	200
5417	71.6281	9.71124	77.7229	200
5418	71.635	9.64654	77.6685	200
5419	71.6228	9.58224	77.6145	200
5420	71.6432	9.51776	77.5612	200
5421	66.3403	9.54817	77.461	200
5422	77.2076	9.38219	77.4588	200
5423	82.0326	9.29633	77.4996	200
5424	81.9696	9.21015	77.5395	200
5425	81.9256	9.124	77.5787	200
5426	75.756	8.99362	77.5624	200
5427	71.3397	8.94414	77.5069	200
5428	71.3675	8.89405	77.452	200
5429	71.3836	8.8436	77.3979	200
5430	54.9354	9.08679	77.1973	200
5431	65.4717	9.13391	77.0926	200
5432	60.6511	9.2644	76.9458	200
5433	60.6921	9.38921	76.8007	200
5434	71.3831	9.31829	76.7523	200
5435	71.4196	9.24712	76.7047	200
5436	71.3886	9.1816	76.6604	200
5437	71.4032	9.11619	76.6166	200
5438	71.4189	9.05088	76.5733	200
5439	71.4347	8.98568	76.5304	200
5440	76.5391	8.83606	76.5305	200
5441	82.3197	8.78528	76.5788	200
5442	82.3211	8.73456	76.6266	200
5443	82.3017	8.68357	76.6739	200
5444	76.8555	8.54187	76.6754	200
5445	76.8215	8.40194	76.6766	200
5446	76.7414	8.26299	76.6772	200
5447	76.7041	8.12572	76.6774	200
5448	81.8705	8.07684	76.7207	200
5449	81.8463	8.02765	76.7634	200
5450	81.7787	7.97745	76.8052	200
5451	81.8985	7.92938	76.8476	200
5452	77.0626	7.8008	76.8494	200
5453	77.0566	7.67424	76.8511	200
5454	77.0548	7.54973	76.8528	200
5455	71.5342	7.51255	76.8085	200
5456	71.5705	7.47464	76.7649	200
5457	71.5565	7.43687	76.7215	200
5458	77.0565	7.3185	76.7242	200
5459	77.072	7.20232	76.7271	200
5460	83.5219	7.19553	76.7838	200
5461	83.4924	7.18741	76.8397	200
5462	83.4481	7.17776	76.8947	200
5463	77.8559	7.07415	76.9028	200
5464	77.8657	6.9723	76.9108	200
5465	77.8785	6.87222	76.9188	200
5466	77.877	6.77365	76.9268	200
5467	83.5215	6.77067	76.9818	200
5468	83.5803	6.7678	77.0368	200
5469	83.6364	6.765	77.0918	200
5470	78.5717	6.67691	77.1041	200
5471	56.4604	6.90969	76.9321	200
5472	56.5264	7.13462	76.762	200
5473	56.5836	7.35202	76.5939	200
5474	56.5052	7.5643	76.4265	200
5475	61.2462	7.69123	76.3	200
5476	83.7612	7.6874	76.3621	200
5477	83.7878	7.68303	76.424	200
5478	78.5709	7.59076	76.4419	200
5479	78.6076	7.50035	76.4599	200
5480	78.6788	7.41232	76.4784	200
5481	67.643	7.43604	76.4048	200
5482	78.5832	7.34841	76.423	200
5483	78.6347	7.2628	76.4414	200
5484	78.6874	7.17919	76.4601	200
5485	78.7168	7.09714	76.4789	200
5486	78.7142	7.01611	76.4975	200
5487	78.7411	6.93657	76.5162	200
5488	78.452	6.85322	76.5324	200
5489	78.4573	6.77108	76.5484	200
5490	60.5514	6.92485	76.4151	200
5491	60.5592	7.0737	76.283	200
5492	60.559	7.21787	76.1519	200
5493	55.4391	7.44278	75.9793	200
5494	55.4265	7.66128	75.8081	200
5495	55.48	7.8724	75.6387	200
5496	55.5117	8.07664	75.4709	200
5497	55.5149	8.26225	75.315	200
5498	71.5353	8.19221	75.2855	200
5499	71.5423	8.1227	75.2562	200
5500	71.5364	8.0539	75.2272	200
5501	71.5195	7.98599	75.1982	200
5502	76.4216	7.88033	75.2078	200
5503	76.3746	7.77543	75.2169	200
5504	87.2679	7.84223	75.311	200
5505	87.2613	7.90642	75.4044	200
5506	82.5049	7.89383	75.4599	200
5507	60.007	8.01194	75.3391	200
5508	60.0328	8.12591	75.2196	200
5509	60.0572	8.23586	75.1011	200
5510	65.1806	8.26218	75.0236	200
5511	65.2224	8.28622	74.947	200
5512	76.0659	8.17423	74.9558	200
5513	65.1394	8.19989	74.8791	200
5514	65.1122	8.22438	74.8028	200
5515	65.1573	8.24658	74.7274	200
5516	70.4554	8.18448	74.694	200
5517	70.4635	8.1227	74.661	200
5518	70.4757	8.06117	74.6283	200
5519	65.3065	8.08087	74.5555	200
5520	65.3464	8.0985	74.4835	200
5521	60.2344	8.1946	74.3722	200
5522	70.8524	8.12156	74.3447	200
5523	70.8681	8.04898	74.3175	200
5524	70.8713	7.97706	74.2906	200
5525	70.9035	7.90534	74.2642	200
5526	70.8545	7.83509	74.2375	200
5527	70.8468	7.76565	74.211	200
5528	76.1876	7.6752	74.2265	200
5529	76.2038	7.58617	74.2419	200
5530	71.0737	7.51714	74.2172	200
5531	71.0313	7.44946	74.1923	200
5532	70.9601	7.38356	74.167	200
5533	70.9127	7.31904	74.1416	200
5534	65.9591	7.33254	74.0777	200
5535	65.9466	7.34501	74.0141	200
5536	54.9872	7.52754	73.8655	200
5537	66.0904	7.53141	73.8047	200
5538	71.3539	7.45202	73.7856	200
5539	71.3538	7.37358	73.7666	200
5540	71.317	7.29664	73.7475	200
5541	71.2906	7.22102	73.7283	200
5542	66.0757	7.22776	73.6685	200
5543	66.0454	7.23394	73.6089	200
5544	88.1719	7.34846	73.7227	200
5545	88.1547	7.45914	73.8354	200
5546	88.1503	7.56626	73.9473	200
5547	88.0366	7.66818	74.0574	200
5548	82.7175	7.68368	74.125	200
5549	82.6932	7.6975	74.192	200
5550	82.6556	7.70947	74.2581	200
5551	82.6234	7.71971	74.3234	200
5552	87.9561	7.8121	74.4299	200
5553	87.9696	7.9016	74.5357	200
5554	82.9207	7.90915	74.6012	200
5555	82.9289	7.91569	74.6663	200
5556	82.9644	7.92166	74.7311	200
5557	82.9576	7.92643	74.7954	200
5558	88.2743	8.01318	74.9007	200
5559	88.2877	8.09715	75.0053	200
5560	83.0346	8.09609	75.068	200
5561	83.1131	8.09529	75.1308	200
5562	83.186	8.0947	75.1901	200
5563	66.6552	8.10117	75.1273	200
5564	66.6859	8.10618	75.0652	200
5565	82.884	8.10195	75.1227	200
5566	88.3217	8.1769	75.2198	200
5567	88.3449	8.24967	75.3163	200
5568	88.4045	8.32083	75.4125	200
5569	88.4513	8.39021	75.5084	200
5570	77.3863	8.29444	75.5222	200
5571	72.1612	8.22189	75.4975	200
5572	72.1541	8.15014	75.4729	200
5573	77.0624	8.05366	75.4846	200
5574	77.0861	7.95878	75.4964	200
5575	77.0889	7.86516	75.5081	200
5576	77.0372	7.77198	75.5193	200
5577	71.3976	7.7183	75.489	200
5578	71.4099	7.66478	75.459	200
5579	71.4118	7.61158	75.4293	200
5580	71.4124	7.55872	75.3997	200
5581	71.412	7.5062	75.3704	200
5582	71.3953	7.45427	75.3412	200
5583	71.4253	7.40224	75.3124	200
5584	71.421	7.35061	75.2838	200
5585	71.3138	7.30089	75.2546	200
5586	71.3268	7.25129	75.2257	200
5587	65.7321	7.28426	75.1559	200
5588	65.7225	7.31587	75.0865	200
5589	65.6817	7.34659	75.0174	200
5590	65.6905	7.37753	74.9445	200
5591	93.4993	7.55217	75.0895	200
5592	93.5011	7.73316	75.2429	200
5593	93.4241	7.9073	75.3944	200
5594	93.3802	8.08727	75.555	200
5595	98.7033	8.35622	75.7617	200
5596	98.6304	8.6353	75.9816	200
5597	98.5695	8.90362	76.1988	200
5598	98.5887	9.18459	76.432	200
5599	87.9525	9.23325	76.552	200
5600	82.5519	9.15977	76.6202	200
5601	87.7963	9.20559	76.7472	200
5602	87.807	9.25195	76.8854	200
5603	93.2703	9.43027	77.0902	200
5604	93.2259	9.61653	77.3143	200
5605	93.2132	9.79104	77.5352	200
5606	98.4821	10.1009	77.8261	200
5607	99.079	10.4107	78.1213	200
5608	99.0806	10.7037	78.4124	200
5609	99.0805	10.9805	78.6994	200
5610	99.0819	11.2417	78.9825	200
5611	88.0285	11.1807	79.1081	200
5612	88.0402	11.1182	79.2322	200
5613	88.0453	11.0542	79.3546	200
5614	88.0451	10.9885	79.4753	200
5615	88.0744	10.9222	79.5947	200
5616	88.0608	10.8539	79.7123	200
5617	93.3456	10.9311	79.9017	200
5618	93.3505	11.0011	80.0885	200
5619	93.5142	11.0684	80.2749	200
5620	93.5182	11.1288	80.4589	200
5621	93.5184	11.1825	80.6402	200
5622	93.5189	11.2296	80.8191	200
5623	71.0151	11.19	80.6829	200
5624	76.5381	10.9943	80.6254	200
5625	71.0339	10.9504	80.4755	200
5626	71.0241	10.9036	80.3278	200
5627	71.022	10.8465	80.1617	200
5628	82.1165	10.529	80.1966	200
5629	65.8665	10.6874	79.898	200
5630	65.8506	10.8274	79.6054	200
5631	71.047	10.7139	79.3914	200
5632	71.0561	10.595	79.183	200
5633	71.03	10.4729	78.9792	200
5634	70.9968	10.3484	78.7796	200
5635	76.6786	9.93599	78.7271	200
5636	76.7235	9.53937	78.677	200
5637	76.7376	9.15937	78.6285	200
5638	76.5094	8.80736	78.5756	200
5639	76.5175	8.46989	78.5241	200
5640	76.5183	8.14668	78.474	200
5641	76.5187	7.83711	78.4251	200
5642	76.3677	7.54812	78.3736	200
5643	87.3997	7.62202	78.5993	200
5644	87.4195	7.68193	78.8198	200
5645	108.937	8.80371	79.5727	200
5646	108.952	9.83251	80.3072	200
5647	108.926	10.7718	81.0227	200
5648	108.983	11.6312	81.7217	200
5649	103.794	12.0663	82.1815	200
5650	103.792	12.4639	82.6317	200
5651	109.285	13.0551	83.187	200
5652	109.302	13.5993	83.7311	200
5653	82.102	13.1005	83.6971	200
5654	76.9891	12.8342	83.5574	200
5655	81.8515	12.3705	83.5218	200
5656	65.8767	12.5903	83.1542	200
5657	65.9113	12.7841	82.795	200
5658	65.9613	12.9529	82.4443	200
5659	65.9561	13.1002	82.1008	200
5660	66.0001	13.2252	81.7654	200
5661	65.9782	13.3319	81.4365	200
5662	76.6563	12.9756	81.3369	200
5663	76.5105	12.6361	81.2363	200
5664	76.5201	12.3061	81.1381	200
5665	54.7468	12.8929	80.5883	200
5666	67.3492	12.9074	80.3124	200
5667	65.278	12.996	79.9992	200
5668	62.1203	13.1995	79.6267	200
5669	62.1003	13.3797	79.2616	200
5670	62.0628	13.5389	78.9033	200
5671	62.0159	13.6784	78.5515	200
5672	61.9721	13.7993	78.2061	200
5673	65.2304	13.7699	77.9744	200
5674	65.2403	13.7329	77.747	200
5675	54.5575	14.0706	77.3329	200
5676	59.0666	14.2204	77.0067	200
5677	60.5012	14.302	76.7119	200
5678	61.0562	14.3504	76.4324	200
5679	60.2405	14.4162	76.1432	200
5680	58.7889	14.5211	75.8333	200
5681	58.411	14.6247	75.5222	200
5682	64.0629	14.5117	75.3176	200
5683	64.0812	14.3947	75.1169	200
5684	64.0832	14.2747	74.9199	200
5685	64.0839	14.1518	74.7264	200
5686	67.4878	13.9049	74.5971	200
5687	71.3595	13.524	74.5393	200
5688	71.3667	13.1543	74.4827	200
5689	73.3363	12.7254	74.4622	200
5690	63.4848	12.663	74.2662	200
5691	63.4469	12.5971	74.073	200
5692	61.1458	12.6089	73.8421	200
5693	50.3574	12.9974	73.4228	200
5694	54.365	13.2138	73.0824	200
5695	53.8938	13.4272	72.7398	200
5696	48.2529	13.8222	72.3025	200
5697	49.583	14.1399	71.8968	200
5698	49.5974	14.4313	71.4986	200
5699	49.5995	14.6981	71.1076	200
5700	53.2343	14.8115	70.7884	200
5701	53.2807	14.9077	70.4758	200
5702	55.1766	14.92	70.2367	200
5703	56.4232	14.8854	70.0209	200
5704	54.4594	14.9065	69.7777	200
5705	54.4378	14.9201	69.538	200
5706	55.1803	14.9025	69.3137	200
5707	46.5859	15.147	68.9586	200
5708	40.6533	15.5582	68.5163	200
5709	49.7391	15.6588	68.2229	200
5710	53.9006	15.6171	67.9991	200
5711	53.9109	15.5693	67.779	200
5712	54.5096	15.4974	67.5717	200
5713	58.0662	15.3102	67.4231	200
5714	58.0846	15.1235	67.2772	200
5715	51.0355	15.1585	67.0234	200
5716	51.0052	15.1853	66.7732	200
5717	53.7698	15.1172	66.57	200
5718	59.4831	14.8662	66.4592	200
5719	59.0174	14.6342	66.343	200
5720	59.728	14.3836	66.2396	200
5721	59.7544	14.1368	66.1383	200
5722	57.6553	13.9601	66.0057	200
5723	59.0606	13.7409	65.8972	200
5724	58.6575	13.5377	65.7841	200
5725	61.6453	13.244	65.7194	200
5726	45.6956	13.4559	65.4065	200
5727	46.2826	13.633	65.1077	200
5728	44.3457	13.8558	64.7833	200
5729	42.7803	14.1104	64.4395	200
5730	45.6409	14.2569	64.1458	200
5731	47.1421	14.3427	63.8801	200
5732	47.1733	14.4166	63.6191	200
5733	44.4142	14.5662	63.319	200
5734	46.3837	14.6403	63.0544	200
5735	55.1217	14.4539	62.9442	200
5736	54.3658	14.2907	62.8251	200
5737	53.646	14.1487	62.6976	200
5738	55.6894	13.9504	62.6002	200
5739	55.6428	13.7561	62.5036	200
5740	54.9444	13.584	62.3986	200
5741	59.9692	13.2742	62.3649	200
5742	43.9294	13.4175	62.1088	200
5743	48.0665	13.4349	61.9138	200
5744	50.862	13.3687	61.7603	200
5745	51.4886	13.2827	61.6176	200
5746	50.2058	13.2307	61.4591	200
5747	48.0282	13.2362	61.2726	200
5748	46.5562	13.2774	61.0682	200
5749	46.5393	13.3121	60.8664	200
5750	48.533	13.2849	60.6951	200
5751	46.5946	13.3076	60.4993	200
5752	48.0569	13.2836	60.3265	200
5753	71.5379	13.226	60.4822	200
5754	71.5303	13.1655	60.6356	200
5755	71.5302	13.1024	60.7869	200
5756	71.5379	13.0371	60.9362	200
5757	72.9924	13.0099	61.1037	200
5758	73.107	12.9819	61.2704	200
5759	67.5342	12.7953	61.3574	200
5760	68.4133	12.6359	61.4554	200
5761	64.096	12.3582	61.4921	200
5762	61.6276	12.0187	61.494	200
5763	61.5266	11.6857	61.4944	200
5764	60.8232	11.3798	61.4851	200
5765	60.153	11.1007	61.4666	200
5766	62.1708	10.8119	61.4764	200
5767	62.1992	10.5316	61.4864	200
5768	61.4397	10.2404	61.4858	200
5769	64.1942	10.0312	61.5234	200
5770	63.5071	9.80762	61.5509	200
5771	64.2479	9.61011	61.5884	200
5772	48.8709	9.68779	61.4294	200
5773	48.9416	9.75779	61.2733	200
5774	50.91	9.77293	61.1438	200
5775	54.3745	9.69783	61.0592	200
5776	52.933	9.65854	60.9576	200
5777	51.4898	9.65377	60.8392	200
5778	51.4714	9.64662	60.7221	200
5779	49.1906	9.69375	60.578	200
5780	52.7454	9.64722	60.4801	200
5781	51.9099	9.62029	60.373	200
5782	52.5803	9.5746	60.2755	200
5783	57.5259	9.40398	60.2412	200
5784	57.5169	9.23698	60.2071	200
5785	55.5183	9.12328	60.1485	200
5786	58.256	8.94251	60.1249	200
5787	63.3376	8.79926	60.165	200
5788	75.0239	8.95075	60.3507	200
5789	76.5271	9.13139	60.553	200
5790	79.3458	9.37293	60.7879	200
5791	81.149	9.64763	61.0424	200
5792	70.463	9.64196	61.1601	200
5793	71.1042	9.64951	61.2844	200
5794	69.8699	9.62291	61.3918	200
5795	72.8094	9.66778	61.5345	200
5796	73.9956	9.73761	61.6902	200
5797	75.1053	9.82955	61.8579	200
5798	80.0894	10.0396	62.0858	200
5799	80.1225	10.2395	62.3113	200
5800	77.2392	10.3567	62.4979	200
5801	77.2186	10.4658	62.6819	200
5802	76.034	10.538	62.8488	200
5803	73.0591	10.5298	62.9764	200
5804	73.0898	10.5194	63.1028	200
5805	74.3804	10.5383	63.2438	200
5806	75.0833	10.5709	63.3918	200
5807	68.7688	10.441	63.459	200
5808	54.3043	10.4089	63.3446	200
5809	52.0716	10.4305	63.2037	200
5810	48.5697	10.5356	63.0207	200
5811	50.6994	10.5802	62.8667	200
5812	51.5311	10.5991	62.725	200
5813	48.8831	10.6728	62.5677	200
5814	48.8854	10.7412	62.4122	200
5815	49.1024	10.7996	62.261	200
5816	61.2784	10.5764	62.2498	200
5817	61.3856	10.3557	62.24	200
5818	64.298	10.1671	62.2634	200
5819	59.9901	9.98772	62.2376	200
5820	59.9543	9.81262	62.2116	200
5821	59.9213	9.64166	62.1856	200
5822	59.8989	9.4745	62.1596	200
5823	59.8972	9.31059	62.1339	200
5824	59.8984	9.14979	62.1085	200
5825	60.602	8.97608	62.0914	200
5826	64.8938	8.83577	62.1232	200
5827	61.4514	8.65022	62.1156	200
5828	63.5785	8.48687	62.1322	200
5829	63.606	8.32748	62.1489	200
5830	64.9013	8.20078	62.1802	200
5831	64.884	8.07584	62.2109	200
5832	61.0345	7.91904	62.1976	200
5833	66.3022	7.83235	62.2442	200
5834	66.3426	7.74749	62.2908	200
5835	62.1341	7.57497	62.289	200
5836	62.7461	7.4132	62.2942	200
5837	61.8292	7.25528	62.2889	200
5838	67.4697	7.20814	62.3478	200
5839	66.7906	7.14529	62.3983	200
5840	64.1311	7.02227	62.418	200
5841	63.437	6.88584	62.4295	200
5842	63.4159	6.75176	62.4408	200
5843	64.1515	6.63719	62.4602	200
5844	69.162	6.63866	62.5364	200
5845	69.1817	6.63881	62.6119	200
5846	67.1795	6.59174	62.6638	200
5847	69.2052	6.59059	62.7381	200
5848	63.6006	6.46041	62.7479	200
5849	64.9859	6.36444	62.7733	200
5850	64.9409	6.26906	62.798	200
5851	66.254	6.20512	62.8372	200
5852	64.9242	6.11153	62.861	200
5853	64.9622	6.02039	62.8848	200
5854	66.8282	5.97318	62.9296	200
5855	60.7758	5.88638	62.9052	200
5856	60.7581	5.80139	62.8808	200
5857	60.7785	5.71732	62.8569	200
5858	64.1583	5.62532	62.8704	200
5859	64.091	5.53355	62.8831	200
5860	64.7772	5.45773	62.9029	200
5861	54.7395	5.5141	62.8178	200
5862	55.4191	5.55336	62.7408	200
5863	54.0744	5.61822	62.6505	200
5864	54.0686	5.67996	62.5611	200
5865	54.0666	5.7386	62.4726	200
5866	59.8153	5.6744	62.4449	200
5867	60.6724	5.59311	62.4265	200
5868	61.375	5.49849	62.4155	200
5869	62.1023	5.39047	62.4123	200
5870	60.0401	5.32758	62.3875	200
5871	63.2629	5.23483	62.3967	200
5872	62.5904	5.12981	62.3987	200
5873	61.2094	5.04771	62.3863	200
5874	59.8917	4.99452	62.3603	200
5875	59.8401	4.94297	62.334	200
5876	61.8277	4.85054	62.3288	200
5877	67.4306	4.85578	62.3819	200
5878	68.2118	4.87607	62.4426	200
5879	68.8291	4.90754	62.5092	200
5880	68.8543	4.93749	62.5753	200
5881	70.3029	4.99561	62.6558	200
5882	64.0442	4.92047	62.6702	200
5883	64.6195	4.85856	62.6905	200
5884	65.7833	4.82178	62.7227	200
5885	64.16	4.75127	62.7377	200
5886	63.4516	4.66715	62.7452	200
5887	64.1564	4.59932	62.7599	200
5888	65.4838	4.56025	62.7882	200
5889	68.1576	4.57711	62.8442	200
5890	77.3211	4.78336	62.995	200
5891	72.1608	4.87466	63.0904	200
5892	72.1845	4.96256	63.1852	200
5893	71.4738	5.03185	63.2715	200
5894	70.7683	5.0832	63.3496	200
5895	69.5047	5.10553	63.4137	200
5896	68.7774	5.11091	63.4696	200
5897	68.0674	5.10022	63.5175	200
5898	73.0553	5.19267	63.6168	200
5899	73.0634	5.2813	63.7152	200
5900	73.107	5.36693	63.8131	200
5901	65.5572	5.29145	63.8312	200
5902	64.7729	5.20083	63.841	200
5903	64.1572	5.09907	63.8443	200
5904	64.185	4.99993	63.8479	200
5905	68.6064	4.99491	63.8974	200
5906	71.8455	5.05643	63.9802	200
5907	69.0045	5.05581	64.0285	200
5908	68.0802	5.0365	64.0675	200
5909	66.2211	4.97644	64.0899	200
5910	51.5446	5.13412	63.9593	200
5911	52.9035	5.2687	63.8336	200
5912	52.2001	5.41336	63.7014	200
5913	53.2435	5.53947	63.5707	200
5914	51.2692	5.70852	63.4169	200
5915	35.0358	6.33832	63.0227	200
5916	35.6406	6.92287	62.6424	200
5917	34.9423	7.57216	62.2096	200
5918	36.4024	8.142	61.8064	200
5919	36.4133	8.75811	61.3529	200
5920	34.4076	9.40765	60.8718	200
5921	34.4434	10.1168	60.3212	200
5922	38.0436	10.5512	59.9234	200
5923	39.2863	10.9114	59.5548	200
5924	39.3533	11.2432	59.1941	200
5925	37.3477	11.6218	58.804	200
5926	37.4675	11.9688	58.423	200
5927	37.5148	12.2881	58.0496	200
5928	37.592	12.5798	57.6843	200
5929	43.2072	12.6476	57.4258	200
5930	37.3549	12.9127	57.0674	200
5931	34.1592	13.2697	56.6583	200
5932	34.1866	13.5983	56.257	200
5933	37.9576	13.7662	55.9302	200
5934	29.5391	14.2171	55.459	200
5935	29.5782	14.6337	54.9968	200
5936	25.9842	15.1472	54.4787	200
5937	22.407	15.7517	53.906	200
5938	22.3508	16.3161	53.3425	200
5939	22.2977	16.8421	52.7882	200
5940	24.2115	17.2612	52.2779	200
5941	24.8436	17.6245	51.788	200
5942	24.7707	17.96	51.3055	200
5943	25.4239	18.2429	50.8433	200
5944	25.4257	18.4991	50.3894	200
5945	25.4044	18.7308	49.9433	200
5946	28.7766	18.8178	49.5653	200.107
5947	24.378	19.0452	49.1155	201.477
5948	23.1518	19.2923	48.6519	202.991
5949	25.8392	19.4181	48.2445	203.589
5950	25.8676	19.5237	47.8449	204.035
5951	25.8681	19.6004	47.5015	204.305
5952	35.856	19.3518	47.3196	202.134
5953	35.8678	19.1049	47.1407	200
5954	35.8687	18.8601	46.9645	200
5955	33.8106	18.6818	46.759	200
5956	35.9876	18.4346	46.5907	200
5957	36.0344	18.1884	46.4258	200
5958	29.7137	18.1423	46.1646	200
5959	29.7581	18.088	45.9083	200
5960	29.7225	18.0286	45.6554	200
5961	26.382	18.0675	45.3542	200
5962	26.8189	18.0821	45.0646	200
5963	26.796	18.0879	44.7792	200
5964	24.0802	18.1695	44.4557	200
5965	24.072	18.2387	44.1372	200
5966	24.1139	18.2945	43.8244	200
5967	24.1176	18.3386	43.5165	200
5968	23.8787	18.3792	43.2096	200
5969	23.8856	18.4088	42.9077	200
5970	23.8874	18.4279	42.6105	200
5971	29.1391	18.273	42.4	200
5972	26.2731	18.2059	42.148	200
5973	26.2263	18.1345	41.8992	200
5974	26.2365	18.0573	41.6545	200
5975	26.2245	17.9752	41.4134	200
5976	26.2461	17.8874	41.1764	200
5977	30.94	17.6483	41.0165	200
5978	26.8697	17.5389	40.7954	200
5979	26.9184	17.4245	40.5786	200
5980	32.2484	17.1403	40.4484	200
5981	32.2372	16.8613	40.3201	200
5982	32.2313	16.5871	40.1938	200
5983	32.2423	16.3173	40.0695	200
5984	37.8572	15.9254	40.0388	200
5985	30.7232	15.7418	39.9094	200
5986	30.7718	15.5584	39.7825	200
5987	30.8415	15.3746	39.6583	200
5988	25.6627	15.3363	39.4639	200
5989	25.6986	15.2926	39.2727	200
5990	31.026	15.0969	39.1582	200
5991	31.2091	14.8984	39.0478	200
5992	31.2127	14.7022	38.939	200
5993	36.2647	14.368	38.9018	200
5994	42.514	14.0693	38.952	200
5995	38.4585	13.6922	38.9451	200
5996	38.5336	13.3233	38.9394	200
5997	33.2331	13.1117	38.8602	200
5998	33.2319	12.9038	38.782	200
5999	33.289	12.698	38.7057	200
6000	38.5147	12.3505	38.7031	200
6001	38.5397	12.012	38.7008	200
6002	32.9154	11.839	38.6204	200
6003	27.6059	11.8161	38.4674	200
6004	27.5858	11.7902	38.3163	200
6005	27.5503	11.7617	38.1668	200
6006	27.497	11.7314	38.0186	200
6007	32.7474	11.5519	37.9454	200
6008	33.0245	11.3677	37.877	200
6009	32.8399	11.1919	37.8071	200
6010	32.9966	11.0146	37.7403	200
6011	27.934	10.9811	37.6041	200
6012	38.5977	10.7036	37.6179	200
6013	38.5634	10.4326	37.631	200
6014	38.431	10.165	37.6421	200
6015	38.4043	9.90382	37.6527	200
6016	38.3722	9.6487	37.6627	200
6017	38.3883	9.40084	37.6728	200
6018	33.2047	9.26381	37.6107	200
6019	33.2305	9.12816	37.5499	200
6020	38.5099	8.90127	37.5632	200
6021	38.5375	8.70309	37.5754	200
6022	38.6094	8.51136	37.5883	200
6023	38.5923	8.32368	37.6009	200
6024	43.7284	8.26877	37.6774	200
6025	43.7158	8.21301	37.7529	200
6026	38.4157	8.02426	37.7612	200
6027	32.7969	7.94776	37.6992	200
6028	32.8444	7.87043	37.6385	200
6029	32.6551	7.79826	37.5762	200
6030	38.2787	7.62086	37.585	200
6031	27.4976	7.68253	37.4589	200
6032	27.5424	7.73837	37.3349	200
6033	27.5484	7.78957	37.2126	200
6034	27.5907	7.83538	37.0923	200
6035	27.6208	7.87629	36.9739	200
6036	32.8909	7.78145	36.9229	200
6037	32.9141	7.68713	36.8728	200
6038	32.9779	7.59233	36.8241	200
6039	33.0688	7.4964	36.7771	200
6040	33.0981	7.40096	36.7311	200
6041	33.085	7.30709	36.6856	200
6042	33.0852	7.21443	36.6406	200
6043	33.2027	7.12001	36.5976	200
6044	32.8023	7.03689	36.5501	200
6045	32.8152	6.95434	36.5035	200
6046	32.8165	6.87265	36.4574	200
6047	32.8158	6.79188	36.4119	200
6048	32.75	6.71363	36.3661	200
6049	41.8122	6.68194	36.4342	200
6050	36.8752	6.52592	36.4397	200
6051	37.8775	6.39871	36.4576	200
6052	37.8424	6.27336	36.4749	200
6053	37.8406	6.15067	36.492	200
6054	37.7897	6.02935	36.5082	200
6055	37.822	5.91146	36.5247	200
6056	32.5279	5.86359	36.4747	200
6057	36.5281	5.71833	36.4754	200
6058	37.0504	5.58975	36.4826	200
6059	32.4439	5.55097	36.4321	200
6060	32.4645	5.51138	36.3825	200
6061	32.4802	5.47116	36.3337	200
6062	34.4429	5.38978	36.3122	200
6063	34.3814	5.31117	36.2903	200
6064	34.2467	5.23691	36.267	200
6065	29.4677	5.27242	36.1898	200
6066	34.5226	5.19048	36.1708	200
6067	34.5601	5.10912	36.1525	200
6068	36.4922	5.00073	36.1564	200
6069	36.5076	4.89505	36.1604	200
6070	27.4263	4.98231	36.0611	200
6071	26.7085	5.08163	35.9548	200
6072	25.9912	5.19258	35.8416	200
6073	29.0297	5.22939	35.7642	200
6074	29.0444	5.26326	35.6879	200
6075	29.0963	5.29345	35.6129	200
6076	29.0342	5.32266	35.5382	200
6077	32.4148	5.27267	35.5027	200
6078	28.5639	5.31054	35.4238	200
6079	27.9855	5.3589	35.3393	200
6080	32.5179	5.30123	35.3073	200
6081	32.5267	5.24394	35.2757	200
6082	32.5296	5.18717	35.2445	200
6083	34.5976	5.07366	35.2364	200
6084	32.7957	5.00783	35.2059	200
6085	38.0082	4.94657	35.2448	200
6086	38.0305	4.88654	35.2835	200
6087	38.0314	4.81971	35.3264	200
6088	38.5509	4.76986	35.3768	200
6089	38.5991	4.71459	35.4343	200
6090	36.7157	4.59197	35.4572	200
6091	36.7175	4.45315	35.4835	200
6092	36.8019	4.32254	35.5109	200
6093	36.8543	4.17358	35.5445	200
6094	39.8801	4.18168	35.6529	200
6095	36.9018	3.99838	35.6919	200
6096	36.8693	3.82207	35.7287	200
6097	36.8821	3.59967	35.7768	200
6098	45.8449	4.13871	36.1963	200
6099	42.4391	4.40172	36.5865	200
6100	42.2066	4.55402	36.9377	200
6101	42.174	4.72458	37.5922	200
6102	45.6814	5.56571	38.6034	200
6103	45.6673	5.94027	39.4864	200
