segment	rtt	rttvar	srtt	rto
0	237.009	118.505	237.009	1185.05
1	237.052	112.582	237.01	1137.66
2	237.811	107.924	237.027	1100.42
3	238.628	103.494	237.06	1065.01
4	239.319	99.8783	237.101	1036.13
5	239.861	96.4098	237.15	1008.43
6	240.772	93.5102	237.207	985.288
7	241.24	90.714	237.27	962.982
8	242.149	88.3297	237.337	943.975
9	242.922	86.0313	237.415	925.665
10	6.68481	89.6487	234.531	951.721
11	7.14391	93.0922	231.688	976.426
12	8.60345	96.0466	229.153	997.526
13	9.16171	98.8635	226.653	1017.56
14	9.05336	101.337	224.387	1035.08
15	10.012	103.692	222.154	1051.69
16	9.90165	105.78	220.113	1066.35
17	10.4166	107.778	218.097	1080.32
18	10.5047	109.561	216.243	1092.73
19	11.4204	111.262	214.414	1104.51
20	11.4104	112.791	212.723	1115.05
21	12.1218	114.254	211.051	1125.08
22	12.1099	115.577	209.497	1134.12
23	12.721	116.846	207.959	1142.73
24	13.05	117.994	206.526	1150.48
25	13.4718	119.098	205.107	1157.89
26	13.0121	120.112	203.773	1164.67
27	13.7172	121.083	202.453	1171.12
28	14.3934	121.965	201.216	1176.93
29	15.7154	122.801	199.995	1182.4
30	16.3534	123.561	198.847	1187.34
31	18.109	124.276	197.718	1191.92
32	19.0655	124.923	196.654	1196.04
33	20.4714	125.533	195.606	1199.87
34	20.4728	126.097	194.611	1203.39
35	21.9053	126.627	193.629	1206.64
36	22.7805	127.107	192.701	1209.56
37	24.0735	127.559	191.784	1212.25
38	25.4729	127.962	190.918	1214.62
39	25.5212	128.352	190.057	1216.87
40	27.4274	128.695	189.244	1218.8
41	29.1517	129.009	188.443	1220.51
42	31.7348	129.275	187.69	1221.89
43	31.7767	129.531	186.94	1223.19
44	31.3488	129.773	186.22	1224.4
45	37.75	129.946	185.532	1225.1
46	38.9187	130.095	184.878	1225.64
47	43.7242	130.193	184.248	1225.8
48	45.3915	130.268	183.649	1225.79
49	45.4745	130.336	183.054	1225.74
50	47.2439	130.382	182.488	1225.54
51	51.6085	130.386	181.942	1225.03
52	51.1804	130.389	181.415	1224.53
53	53.3592	130.37	180.899	1223.86
54	53.351	130.348	180.401	1223.19
55	53.5858	130.321	179.905	1222.47
56	57.7059	130.259	179.442	1221.51
57	58.329	130.19	178.984	1220.5
58	57.6229	130.125	178.537	1219.54
59	59.962	130.04	178.101	1218.42
60	61.3176	129.945	177.684	1217.25
61	62.7962	129.838	177.274	1215.98
62	65.1162	129.715	176.885	1214.6
63	65.5527	129.587	176.498	1213.2
64	65.0001	129.465	176.121	1211.84
65	66.9674	129.328	175.753	1210.37
66	69.2839	129.177	175.402	1208.82
67	69.3639	129.025	175.054	1207.25
68	68.282	128.883	174.711	1205.77
69	68.8321	128.735	174.372	1204.25
70	74.1839	128.557	174.059	1202.51
71	77.3733	128.357	173.757	1200.62
72	80.6815	128.142	173.473	1198.61
73	82.7643	127.914	173.196	1196.51
74	81.6472	127.698	172.924	1194.5
75	85.6022	127.457	172.664	1192.32
76	87.4915	127.211	172.417	1190.11
77	87.5162	126.965	172.17	1187.89
78	88.7899	126.718	171.933	1185.68
79	92.1823	126.451	171.706	1183.31
80	90.8543	126.198	171.482	1181.06
81	90.9848	125.944	171.258	1178.81
82	93.7294	125.681	171.047	1176.49
83	93.9726	125.416	170.838	1174.17
84	93.2747	125.162	170.632	1171.93
85	96.4907	124.89	170.434	1169.56
86	95.9447	124.628	170.241	1167.26
87	96.4064	124.363	170.048	1164.96
88	103.91	124.066	169.88	1162.41
89	106.825	123.755	169.719	1159.76
90	107.451	123.448	169.563	1157.14
91	107.77	123.139	169.409	1154.52
92	107.826	122.838	169.258	1151.96
93	108.044	122.536	169.108	1149.39
94	105.094	122.254	168.954	1146.99
95	108.236	121.958	168.808	1144.47
96	110.051	121.66	168.669	1141.95
97	110.247	121.362	168.531	1139.43
98	110.607	121.068	168.397	1136.94
99	115.577	120.752	168.275	1134.29
100	109.459	120.471	168.141	1131.91
101	112.534	120.176	168.015	1129.42
102	113.682	119.882	167.894	1126.95
103	114.074	119.587	167.774	1124.47
104	109.844	119.317	167.646	1122.18
105	111.37	119.04	167.523	1119.84
106	108.983	118.779	167.397	1117.63
107	110.808	118.511	167.275	1115.37
108	119.491	118.212	167.174	1112.87
109	119.627	117.912	167.073	1110.37
110	117.491	117.627	166.97	1107.99
111	118.282	117.34	166.868	1105.59
112	114.096	117.076	166.76	1103.36
113	117.053	116.799	166.658	1101.05
114	129.708	116.477	166.584	1098.4
115	133.089	116.143	166.516	1095.66
116	132.186	115.818	166.448	1092.99
117	132.263	115.494	166.38	1090.33
118	131.442	115.18	166.312	1087.75
119	131.795	114.865	166.245	1085.16
120	136.971	114.535	166.188	1082.47
121	137.525	114.205	166.133	1079.77
122	138.344	113.878	166.081	1077.1
123	138.559	113.551	166.028	1074.43
124	138.13	113.231	165.976	1071.82
125	142.781	112.895	165.933	1069.09
126	142.847	112.565	165.891	1066.41
127	149.448	112.211	165.86	1063.55
128	147.273	111.872	165.827	1060.81
129	157.989	111.495	165.813	1057.78
130	156.32	111.131	165.796	1054.84
131	156.902	110.766	165.78	1051.91
132	159.665	110.397	165.769	1048.95
133	159.724	110.03	165.758	1046
134	170.413	109.664	165.766	1043.08
135	171.752	109.304	165.777	1040.21
136	172.937	108.954	165.789	1037.42
137	173.02	108.606	165.801	1034.65
138	181.615	108.292	165.828	1032.17
139	181.766	107.98	165.855	1029.7
140	179.892	107.667	165.878	1027.22
141	181.394	107.36	165.904	1024.79
142	178.236	107.048	165.925	1022.3
143	178.668	106.737	165.946	1019.84
144	201.07	106.505	166.003	1018.04
145	201.159	106.273	166.06	1016.24
146	201.13	106.045	166.116	1014.48
147	201.555	105.819	166.173	1012.72
148	201.461	105.595	166.228	1010.99
149	201.903	105.374	166.285	1009.28
150	199.057	105.147	166.336	1007.51
151	199.125	104.921	166.387	1005.76
152	196.036	104.689	166.433	1003.94
153	196.245	104.458	166.479	1002.14
154	191.313	104.215	166.517	1000.24
155	196.26	103.988	166.562	998.466
156	194.419	103.759	166.604	996.673
157	194.902	103.531	166.647	994.898
158	195.123	103.308	166.689	993.153
159	195.627	103.087	166.732	991.425
160	195.407	102.868	166.775	989.716
161	195.708	102.65	166.817	988.019
162	192.693	102.427	166.855	986.272
163	197.608	102.219	166.899	984.649
164	197.657	102.013	166.944	983.051
165	197.945	101.809	166.988	981.463
166	199.605	101.613	167.034	979.937
167	199.73	101.417	167.081	978.417
168	196.608	101.215	167.122	976.843
169	196.741	101.014	167.164	975.275
170	201.679	100.829	167.212	973.846
171	201.815	100.645	167.26	972.422
172	201.767	100.464	167.307	971.016
173	201.925	100.283	167.355	969.616
174	198.066	100.094	167.397	968.145
175	203.171	99.9188	167.445	966.796
176	203.753	99.746	167.495	965.462
177	209.358	99.587	167.552	964.248
178	209.006	99.4272	167.609	963.027
179	209.159	99.2665	167.667	961.799
180	206.11	99.0975	167.72	960.5
181	206.253	98.9274	167.774	959.193
182	205.185	98.7546	167.827	957.864
183	208.269	98.5889	167.884	956.596
184	208.411	98.424	167.942	955.334
185	214.277	98.2743	168.008	954.203
186	206.918	98.1037	168.064	952.894
187	207.04	97.9318	168.121	951.576
188	210.187	97.7694	168.182	950.338
189	210.234	97.6056	168.244	949.088
190	206.954	97.4323	168.301	947.76
191	217.172	97.2878	168.374	946.676
192	218.599	97.1477	168.448	945.63
193	224.611	97.0243	168.533	944.727
194	224.621	96.901	168.617	943.825
195	230.063	96.7929	168.711	943.054
196	230.049	96.6848	168.804	942.283
197	230.249	96.576	168.899	941.508
198	235.106	96.4823	169.001	940.86
199	235.176	96.3876	169.105	940.206
200	232.154	96.2834	169.203	939.471
201	237.64	96.1953	169.312	938.874
202	235.957	96.1018	169.417	938.231
203	236.166	96.0077	169.524	937.586
204	236.148	95.9135	169.631	936.939
205	236.312	95.8186	169.739	936.288
206	236.036	95.7227	169.847	935.629
207	236.199	95.6261	169.956	934.965
208	231.388	95.5136	170.057	934.166
209	235.441	95.4132	170.166	933.472
210	235.255	95.3121	170.274	932.771
211	235.311	95.2099	170.384	932.063
212	232.301	95.0974	170.489	931.268
213	232.369	94.9836	170.595	930.464
214	235.723	94.8814	170.706	929.757
215	236.024	94.7787	170.82	929.049
216	235.869	94.6755	170.933	928.337
217	236.169	94.5718	171.047	927.622
218	240.405	94.483	171.17	927.034
219	240.729	94.394	171.294	926.446
220	239.475	94.3004	171.416	925.819
221	243.388	94.2195	171.546	925.302
222	248.309	94.1563	171.685	924.935
223	248.366	94.092	171.826	924.562
224	246.576	94.0209	171.963	924.131
225	246.681	93.9489	172.103	923.694
226	238.172	93.8449	172.226	922.985
227	244.637	93.7637	172.363	922.473
228	244.579	93.682	172.5	921.956
229	244.829	93.5999	172.639	921.438
230	244.695	93.5171	172.778	920.914
231	244.707	93.4327	172.918	920.38
232	244.177	93.3461	173.057	919.826
233	253.007	93.293	173.216	919.56
234	253.27	93.2404	173.375	919.298
235	253.338	93.1869	173.536	919.031
236	250.481	93.1214	173.691	918.662
237	255.904	93.0767	173.86	918.473
238	243.479	92.9806	174.002	917.847
239	243.596	92.8831	174.147	917.212
240	240.372	92.772	174.285	916.461
241	240.491	92.6595	174.425	915.701
242	243.382	92.559	174.572	915.044
243	243.577	92.4575	174.72	914.38
244	243.592	92.3558	174.869	913.715
245	243.683	92.2526	175.02	913.04
246	243.682	92.1491	175.17	912.363
247	243.777	92.044	175.323	911.675
248	243.522	91.9376	175.476	910.976
249	248.201	91.8502	175.641	910.443
250	249.098	91.7666	175.808	909.941
251	255.701	91.7117	175.993	909.686
252	258.847	91.6707	176.184	909.55
253	258.946	91.6286	176.38	909.409
254	271.269	91.644	176.603	909.756
255	272.156	91.6628	176.833	910.136
256	272.051	91.6799	177.062	910.501
257	272.2	91.6968	177.295	910.87
258	272.162	91.7124	177.528	911.227
259	274.948	91.7409	177.771	911.699
260	270.345	91.7451	178.003	911.963
261	290.933	91.8532	178.291	913.116
262	292.607	91.9678	178.582	914.325
263	292.706	92.0832	178.88	915.545
264	286.271	92.1629	179.159	916.463
265	286.35	92.2428	179.444	917.387
266	286.365	92.3209	179.729	918.296
267	286.439	92.3991	180.019	919.212
268	275.751	92.4172	180.279	919.617
269	280.803	92.4613	180.552	920.242
270	280.815	92.5037	180.824	920.854
271	280.911	92.5449	181.096	921.456
272	280.489	92.5821	181.367	922.023
273	280.622	92.6184	181.636	922.583
274	276.515	92.6307	181.894	922.939
275	280.096	92.6609	182.161	923.448
276	280.132	92.6898	182.427	923.946
277	281.421	92.7241	182.696	924.489
278	289.972	92.8031	182.988	925.413
279	290.037	92.8806	183.279	926.323
280	311.689	93.0737	183.628	928.217
281	311.733	93.2641	183.976	930.088
282	310.414	93.4444	184.319	931.874
283	310.684	93.6233	184.663	933.649
284	310.873	93.8004	185.006	935.409
285	315.609	94.0004	185.36	937.364
286	312.129	94.1785	185.705	939.133
287	312.492	94.3557	186.049	940.895
288	312.411	94.5296	186.393	942.63
289	312.445	94.701	186.735	944.343
290	312.386	94.8692	187.077	946.03
291	317.228	95.0609	187.43	947.918
292	315.781	95.2418	187.779	949.714
293	315.861	95.4203	188.127	951.49
294	315.401	95.5934	188.473	953.22
295	315.551	95.7645	188.818	954.935
296	315.252	95.9312	189.162	956.612
297	315.396	96.0959	189.505	958.272
298	297.688	96.1616	189.799	959.092
299	297.732	96.2256	190.092	959.897
300	297.719	96.2875	190.385	960.685
301	297.882	96.3484	190.677	961.464
302	297.776	96.4069	190.968	962.223
303	297.88	96.464	191.258	962.97
304	297.575	96.5175	191.547	963.687
305	297.692	96.5698	191.836	964.394
306	301.971	96.6436	192.135	965.283
307	302.027	96.7156	192.434	966.158
308	301.651	96.7835	192.73	966.998
309	301.789	96.8502	193.027	967.828
310	297.967	96.8942	193.312	968.465
311	298.061	96.9369	193.597	969.092
312	298.128	96.9781	193.881	969.706
313	298.223	97.0182	194.164	970.31
314	303.229	97.0836	194.461	971.13
315	303.339	97.1477	194.756	971.938
316	303.327	97.2098	195.051	972.73
317	303.64	97.2717	195.347	973.52
318	303.685	97.3318	195.641	974.295
319	303.969	97.3903	195.929	975.051
320	299.136	97.4212	196.204	975.573
321	299.204	97.4509	196.477	976.085
322	302.97	97.499	196.761	976.753
323	303.031	97.5457	197.043	977.409
324	302.667	97.5886	197.324	978.033
325	302.849	97.6308	197.605	978.652
326	302.496	97.6694	197.884	979.239
327	302.622	97.707	198.162	979.819
328	302.267	97.7411	198.439	980.368
329	302.349	97.7739	198.716	980.907
330	303.105	97.8091	198.993	981.466
331	303.135	97.8428	199.27	982.012
332	302.97	97.8739	199.546	982.537
333	303.122	97.9042	199.822	983.055
334	302.947	97.932	200.096	983.552
335	308.346	97.9869	200.384	984.279
336	308.751	98.0421	200.672	985.009
337	308.813	98.0958	200.96	985.726
338	308.819	98.1478	201.246	986.429
339	308.97	98.1987	201.533	987.122
340	308.779	98.2468	201.818	987.793
341	313.94	98.3206	202.116	988.681
342	309.634	98.3695	202.402	989.359
343	310.067	98.419	202.689	990.04
344	310.134	98.467	202.974	990.71
345	310.32	98.5142	203.26	991.374
346	314.644	98.5827	203.556	992.218
347	314.786	98.65	203.852	993.052
348	319.866	98.7423	204.16	994.099
349	320.049	98.8335	204.469	995.137
350	315.229	98.897	204.763	995.939
351	315.319	98.959	205.057	996.729
352	315.243	99.0187	205.35	997.5
353	320.855	99.1064	205.658	998.508
354	320.972	99.1926	205.964	999.505
355	321.027	99.277	206.27	1000.49
356	321.132	99.3599	206.576	1001.45
357	325.831	99.4657	206.893	1002.62
358	325.722	99.5687	207.209	1003.76
359	326.069	99.6713	207.525	1004.9
360	171.608	99.3322	207.429	1002.09
361	171.814	98.9859	207.333	999.22
362	172.163	98.6391	207.237	996.35
363	172.21	98.2857	207.14	993.426
364	172.231	97.9336	207.043	990.512
365	172.133	97.5755	206.944	987.548
366	177.231	97.1899	206.859	984.379
367	177.235	96.7971	206.773	981.15
368	173.935	96.4253	206.678	978.08
369	179.617	96.0124	206.597	974.696
370	183.225	95.58	206.528	971.168
371	161.315	95.2729	206.39	968.573
372	161.456	94.9659	206.253	965.98
373	138.695	94.7946	206.042	964.399
374	149.154	94.5577	205.864	962.326
375	149.017	94.316	205.682	960.21
376	148.943	94.0751	205.5	958.101
377	148.859	93.8288	205.313	955.944
378	148.715	93.5839	205.127	953.798
379	143.709	93.3666	204.92	951.852
380	143.505	93.1507	204.712	949.918
381	148.632	92.8932	204.518	947.663
382	148.792	92.6351	204.324	945.405
383	148.85	92.3697	204.126	943.083
384	144.079	92.1388	203.912	941.022
385	144.103	91.9011	203.692	938.9
386	144.089	91.6636	203.473	936.781
387	149.261	91.3799	203.267	934.306
388	149.144	91.0976	203.062	931.843
389	149.109	90.8074	202.851	929.311
390	149.137	90.5176	202.642	926.783
391	144.452	90.2569	202.407	924.462
392	144.59	89.9953	202.174	922.136
393	149.728	89.6824	201.955	919.414
394	155.218	89.3245	201.761	916.357
395	155.239	88.9555	201.56	913.204
396	155.288	88.5876	201.361	910.061
397	155.375	88.2072	201.155	906.813
398	155.49	87.8273	200.951	903.57
399	150.908	87.4775	200.72	900.54
400	151.017	87.1277	200.49	897.511
401	151.114	86.7647	200.252	894.37
402	154.53	86.3701	200.032	890.993
403	154.518	85.9615	199.805	887.497
404	154.565	85.5543	199.579	884.013
405	154.521	85.1325	199.344	880.404
406	154.522	84.7126	199.111	876.811
407	149.464	84.3473	198.852	873.63
408	149.411	83.9837	198.594	870.464
409	149.416	83.6211	198.338	867.307
410	154.485	83.2069	198.11	863.765
411	154.457	82.7949	197.883	860.242
412	154.726	82.382	197.658	856.714
413	154.63	81.972	197.434	853.21
414	154.779	81.5625	197.212	849.711
415	154.89	81.1537	196.991	846.221
416	151.174	80.7856	196.752	843.038
417	151.299	80.4176	196.516	839.856
418	154.546	80.0171	196.297	836.434
419	154.466	79.6193	196.079	833.034
420	154.444	79.2237	195.862	829.652
421	154.475	78.8295	195.647	826.283
422	154.494	78.4371	195.433	822.929
423	154.568	78.0457	195.22	819.585
424	150.165	77.702	194.985	816.601
425	150.242	77.3587	194.752	813.621
426	154.654	76.9706	194.543	810.308
427	154.524	76.5856	194.335	807.02
428	154.531	76.2025	194.127	803.747
429	149.325	75.8754	193.894	800.897
430	144.123	75.6035	193.635	798.463
431	144.242	75.3305	193.378	796.021
432	149.886	74.9988	193.151	793.141
433	149.929	74.6678	192.926	790.268
434	150.043	74.3367	192.703	787.396
435	145.005	74.0592	192.454	784.928
436	145.148	73.7805	192.208	782.452
437	144.841	73.5054	191.961	780.004
438	144.879	73.2301	191.716	777.557
439	144.831	72.9557	191.472	775.117
440	144.154	72.6886	191.225	772.734
441	144.09	72.4225	190.98	770.359
442	139.182	72.2076	190.71	768.371
443	139.046	71.9936	190.441	766.39
444	138.808	71.7815	190.172	764.424
445	138.788	71.5691	189.904	762.457
446	144.279	71.2988	189.667	760.057
447	139.363	71.0801	189.405	758.046
448	140.037	70.8539	189.148	755.979
449	144.193	70.5841	188.913	753.587
450	143.996	70.3168	188.679	751.214
451	139.738	70.0941	188.425	749.177
452	139.84	69.8701	188.172	747.132
453	144.273	69.5995	187.943	744.739
454	80.7933	69.9907	187.385	747.31
455	84.3923	70.3344	186.848	749.524
456	84.3912	70.669	186.315	751.667
457	84.4357	70.9941	185.784	753.737
458	79.2181	71.3647	185.229	756.147
459	79.1039	71.7268	184.676	758.491
460	78.8968	72.0969	184.101	760.877
461	83.4578	72.4072	183.555	762.812
462	83.2672	72.724	182.985	764.777
463	83.1584	73.032	182.418	766.674
464	82.9509	73.3467	181.825	768.599
465	82.8668	73.6516	181.236	770.449
466	79.57	74.0018	180.601	772.615
467	79.6102	74.3391	179.97	774.683
468	79.5783	74.6819	179.309	776.765
469	85.2574	74.9368	178.691	778.185
470	85.4635	75.1908	178.043	779.57
471	85.667	75.4295	177.402	780.838
472	85.8075	75.6672	176.728	782.066
473	85.8899	75.8903	176.06	783.183
474	81.5111	76.1819	175.322	784.777
475	84.8964	76.4044	174.615	785.851
476	84.9921	76.6247	173.868	786.866
477	84.8386	76.8315	173.126	787.778
478	84.7498	77.0377	172.337	788.639
479	84.6617	77.2276	171.554	789.375
480	79.0008	77.5223	170.665	790.843
481	78.8888	77.7965	169.782	792.154
482	83.8889	77.9651	168.887	792.608
483	83.7939	78.1136	168.001	792.91
484	83.5714	78.2452	167.121	793.083
485	83.5138	78.3569	166.251	793.106
486	83.4399	78.4497	165.388	792.986
487	83.3997	78.5234	164.534	792.721
488	85.5633	78.5328	163.711	791.973
489	85.7259	78.5214	162.899	791.07
490	85.6892	78.494	162.095	790.047
491	85.844	78.4473	161.3	788.879
492	90.1155	78.296	160.559	786.927
493	96.6526	77.9962	159.893	783.863
494	91.234	77.8017	159.178	781.591
495	94.5551	77.5482	158.557	778.943
496	93.7691	77.3028	157.934	776.356
497	93.8457	77.0487	157.317	773.707
498	89.9811	76.8619	156.67	771.565
499	90.0988	76.664	156.03	769.342
500	89.7449	76.4644	155.392	767.108
501	89.5377	76.2604	154.759	764.843
502	89.7462	76.0441	154.134	762.487
503	63.1686	76.3311	153.259	763.908
504	59.5503	76.6653	152.358	765.68
505	62.0754	76.9271	151.49	766.907
506	71.161	76.9926	150.718	766.658
507	50.016	77.4485	149.75	769.338
508	50.7099	77.8637	148.797	771.707
509	53.6791	78.1955	147.883	773.447
510	53.6872	78.5032	146.977	775.003
511	54.6442	78.7692	146.089	776.243
512	54.639	79.0131	145.21	777.314
513	50.6181	79.3126	144.3	778.801
514	51.0219	79.5812	143.403	780.053
515	50.9328	79.8291	142.514	781.147
516	51.3474	80.0471	141.638	782.015
517	51.8408	80.2346	140.774	782.651
518	64.8269	80.1522	140.044	781.261
519	76.0496	79.8414	139.429	778.16
520	78.8135	79.4717	138.846	774.619
521	75.4602	79.1624	138.236	771.535
522	80.3863	78.7525	137.68	767.7
523	80.8798	78.3303	137.134	763.777
524	81.2553	77.8986	136.597	759.785
525	82.4162	77.4425	136.076	755.615
526	86.4876	76.9068	135.599	750.853
527	90.137	76.3021	135.162	745.578
528	85.2136	75.7953	134.681	741.044
529	77.9717	75.4282	134.136	737.562
530	77.9965	75.0573	133.596	734.055
531	75.5559	74.7301	133.038	730.879
532	68.4545	74.5349	132.417	728.697
533	71.6906	74.2694	131.833	725.989
534	72.1157	73.9896	131.259	723.176
535	70.633	73.7326	130.676	720.537
536	77.4929	73.3374	130.165	716.864
537	79.0683	72.9097	129.674	712.951
538	79.0501	72.4811	129.187	709.036
539	77.059	72.0897	128.686	705.403
540	76.6885	71.7033	128.186	701.812
541	79.1216	71.2679	127.714	697.857
542	80.2321	70.8105	127.257	693.741
543	75.9068	70.4363	126.763	690.254
544	65.3782	70.2622	126.173	688.271
545	57.885	70.2242	125.517	687.311
546	55.6787	70.2168	124.845	686.58
547	55.9377	70.1916	124.183	685.716
548	55.5777	70.1633	123.57	684.876
549	52.6906	70.1761	122.937	684.346
550	54.2079	70.1502	122.323	683.525
551	56.7492	70.0685	121.738	682.286
552	55.5463	69.9993	121.147	681.141
553	52.8147	69.9695	120.537	680.293
554	49.2159	69.9937	119.9	679.849
555	50.5433	69.9823	119.281	679.139
556	50.0871	69.9682	118.663	678.409
557	55.6992	69.8431	118.101	676.846
558	55.6325	69.7114	117.543	675.235
559	59.3616	69.5055	117.024	673.068
560	59.2642	69.2958	116.508	670.874
561	58.2081	69.0994	115.987	668.783
562	58.6981	68.8885	115.476	666.584
563	51.832	68.7949	114.908	665.267
564	50.534	68.7159	114.333	664.06
565	50.9131	68.6214	113.767	662.737
566	51.0655	68.5156	113.207	661.332
567	50.8682	68.4053	112.65	659.893
568	50.754	68.2891	112.098	658.41
569	49.2367	68.1922	111.536	657.074
570	50.0371	68.0726	110.987	655.568
571	45.3293	68.0295	110.401	654.637
572	42.3156	68.0305	109.793	654.037
573	42.3623	68.0198	109.191	653.349
574	42.9384	67.9882	108.599	652.505
575	43.637	67.9342	108.019	651.493
576	43.8572	67.8669	107.447	650.381
577	43.9162	67.7894	106.879	649.195
578	42.5782	67.7271	106.305	648.122
579	39.4067	67.7123	105.708	647.407
580	40.5069	67.6675	105.126	646.466
581	39.7891	67.6259	104.542	645.549
582	40.3986	67.5637	103.97	644.479
583	39.6856	67.5051	103.396	643.437
584	39.004	67.4495	102.821	642.417
585	35.3915	67.4492	102.219	641.812
586	35.3864	67.4381	101.622	641.127
587	31.3454	67.4888	100.995	640.905
588	29.0272	67.5688	100.352	640.902
589	33.0441	67.5641	99.751	640.264
590	31.2482	67.5809	99.1394	639.787
591	33.8257	67.5404	98.5562	638.879
592	33.0732	67.5037	97.9715	638.001
593	39.8005	67.337	97.4521	636.148
594	39.625	67.1672	96.9358	634.273
595	44.4164	66.9056	96.4669	631.712
596	42.0942	66.6818	95.9814	629.436
597	43.3773	66.4304	95.5117	626.955
598	42.1731	66.1967	95.0355	624.609
599	37.9056	66.0347	94.5254	622.803
600	43.8538	65.7604	94.073	620.156
601	43.9411	65.4813	93.6254	617.476
602	43.1928	65.2126	93.1751	614.876
603	45.3125	64.9028	92.7477	611.97
604	49.5976	64.5143	92.3625	608.477
605	50.3083	64.14	92.012	605.132
606	48.4394	63.7972	91.6489	602.027
607	48.6274	63.4509	91.2904	598.898
608	51.7667	63.0522	90.961	595.378
609	50.663	62.6729	90.6252	592.009
610	50.0475	62.3047	90.2871	588.724
611	49.4139	61.9475	89.9465	585.526
612	53.4823	61.5228	89.6426	581.825
613	52.9016	61.1097	89.3364	578.214
614	51.3044	60.7251	89.0195	574.82
615	51.7188	60.3347	88.7087	571.386
616	53.8699	59.9098	88.4183	567.696
617	52.2824	59.5135	88.1172	564.225
618	49.4822	59.1656	87.7952	561.12
619	49.4365	58.8188	87.4756	558.026
620	47.0122	58.5128	87.1384	555.241
621	49.5736	58.1637	86.8253	552.135
622	48.8277	57.8276	86.5087	549.13
623	49.0561	57.488	86.1966	546.101
624	45.4595	57.2088	85.8571	543.528
625	45.3154	56.9311	85.5193	540.968
626	43.9331	56.6753	85.1727	538.575
627	44.0753	56.4157	84.8302	536.156
628	47.0031	56.1059	84.515	533.362
629	46.4713	55.8048	84.198	530.637
630	46.1207	55.5094	83.8807	527.956
631	46.1819	55.2125	83.5665	525.267
632	43.5841	54.9587	83.2333	522.903
633	46.0026	54.6632	82.9231	520.229
634	46.0609	54.3665	82.6159	517.548
635	48.5562	54.0281	82.3321	514.557
636	48.3373	53.6942	82.0488	511.602
637	47.6738	53.3722	81.7623	508.74
638	44.5973	53.1021	81.4526	506.269
639	44.5958	52.8313	81.1455	503.796
640	44.6602	52.5589	80.8414	501.313
641	49.5803	52.2039	80.5809	498.212
642	45.0262	51.9265	80.2846	495.696
643	45.0073	51.649	79.9906	493.182
644	49.578	51.295	79.7372	490.097
645	49.3281	50.9469	79.4838	487.059
646	51.2117	50.569	79.2482	483.8
647	52.5943	50.1704	79.0261	480.389
648	51.3766	49.7951	78.7957	477.156
649	51.3836	49.422	78.5672	473.943
650	51.4198	49.0508	78.341	470.747
651	50.6343	48.695	78.1101	467.67
652	51.3477	48.3295	77.8871	464.523
653	52.3253	47.95	77.6741	461.274
654	51.1391	47.5931	77.4529	458.198
655	51.1349	47.2385	77.2336	455.142
656	51.2745	46.8839	77.0173	452.088
657	61.8614	46.3551	76.891	447.732
658	58.9375	45.8817	76.7414	443.795
659	52.7392	45.5171	76.5414	440.678
660	52.6341	45.1569	76.3421	437.597
661	52.6986	44.7983	76.1451	434.532
662	52.5714	44.4446	75.9487	431.505
663	45.9003	44.2047	75.6983	429.335
664	50.595	43.8863	75.4891	426.579
665	50.715	43.5678	75.2826	423.825
666	47.2656	43.3248	75.0637	421.662
667	47.3508	43.0808	74.8472	419.494
668	50.3836	42.7899	74.6561	416.976
669	53.5058	42.4518	74.4909	414.105
670	53.4844	42.1167	74.3267	411.261
671	60.3954	41.6763	74.2179	407.629
672	56.0669	41.3088	74.0761	404.546
673	56.021	40.9454	73.935	401.498
674	56.3307	40.5807	73.7975	398.443
675	55.0778	40.2391	73.6513	395.564
676	54.8686	39.9039	73.5045	392.736
677	49.1064	39.6616	73.3139	390.607
678	48.0037	39.4374	73.1162	388.615
679	53.612	39.1259	72.9638	385.971
680	53.59	38.8173	72.8124	383.351
681	53.9129	38.5061	72.6648	380.713
682	51.5852	38.2338	72.5001	378.37
683	49.3451	37.9982	72.3192	376.305
684	48.2141	37.7811	72.1309	374.38
685	48.2035	37.5646	71.944	372.461
686	48.2778	37.3475	71.7591	370.539
687	48.1452	37.1329	71.5746	368.638
688	53.7586	36.831	71.4354	366.084
689	53.8362	36.5305	71.2979	363.542
690	53.8789	36.2319	71.1618	361.017
691	53.9481	35.9348	71.0273	358.505
692	53.9271	35.6405	70.8937	356.018
693	54.091	35.3461	70.7625	353.532
694	54.2477	35.0519	70.6334	351.049
695	53.4133	34.7733	70.4989	348.685
696	53.3968	34.4972	70.3653	346.343
697	53.6486	34.2193	70.2347	343.989
698	53.462	33.9467	70.1037	341.678
699	53.4009	33.6773	69.9732	339.392
700	50.3107	33.4583	69.8195	337.486
701	47.1701	33.2894	69.6426	335.958
702	51.6073	33.0511	69.5017	333.91
703	65.2205	32.6016	69.4683	330.281
704	67.9405	32.116	69.4563	326.384
705	67.9824	31.6372	69.4448	322.543
706	67.8403	31.168	69.4323	318.776
707	64.3104	30.761	69.3923	315.48
708	64.3975	30.3584	69.3532	312.22
709	68.4572	29.8981	69.3462	308.531
710	68.2586	29.4479	69.3377	304.921
711	63.1124	29.085	69.2891	301.969
712	63.0291	28.7284	69.2402	299.067
713	62.5954	28.3833	69.1883	296.255
714	62.7583	28.0403	69.138	293.461
715	57.9854	27.7764	69.0509	291.263
716	58.1903	27.5121	68.9661	289.063
717	60.8255	27.2095	68.9025	286.578
718	60.7396	26.9119	68.8387	284.134
719	60.7446	26.6178	68.7755	281.718
720	47.6614	26.5318	68.6105	280.865
721	47.6477	26.4448	68.4467	280.005
722	48.0237	26.3507	68.2872	279.093
723	47.8315	26.2586	68.1274	278.196
724	47.8381	26.1653	67.9689	277.292
725	49.5063	26.045	67.8246	276.184
726	49.4204	25.9256	67.6808	275.086
727	54.361	25.7286	67.5768	273.406
728	54.3977	25.5325	67.4738	271.734
729	55.5033	25.3206	67.3803	269.945
730	55.7532	25.1067	67.2894	268.143
731	55.7907	24.9066	67.2049	266.457
732	56.208	24.702	67.124	264.74
733	60.6193	24.4344	67.0762	262.551
734	60.7378	24.1683	67.0296	260.376
735	58.8537	23.9331	66.9695	258.434
736	62.4843	23.6471	66.9365	256.113
737	59.2274	23.4127	66.8798	254.181
738	59.1768	23.1817	66.8232	252.277
739	64.6681	22.8725	66.8073	249.787
740	64.5996	22.5686	66.7911	247.34
741	64.6507	22.2682	66.7754	244.921
742	60.6611	22.0306	66.7304	242.975
743	60.6479	21.7961	66.6857	241.054
744	60.2148	21.5707	66.6381	239.204
745	60.282	21.347	66.5914	237.367
746	64.3866	21.0655	66.5751	235.099
747	64.222	20.7903	66.5578	232.88
748	64.1194	20.5204	66.5399	230.703
749	63.9921	20.2561	66.5212	228.57
750	68.2001	19.9829	66.5335	226.397
751	71.6248	19.7639	66.571	224.682
752	72.0291	19.5535	66.6111	223.039
753	74.6034	19.3835	66.6699	221.738
754	74.8165	19.2183	66.7298	220.476
755	76.4223	19.0782	66.801	219.426
756	76.3942	18.9387	66.8716	218.381
757	76.3212	18.7991	66.9411	217.334
758	74.6187	18.6356	66.9975	216.082
759	74.9248	18.4781	67.0558	214.881
760	71.237	18.2679	67.0865	213.229
761	71.2533	18.0605	67.1172	211.601
762	70.0135	17.8375	67.1385	209.838
763	69.9027	17.6158	67.1588	208.085
764	69.9697	17.3981	67.1795	206.364
765	74.9203	17.2561	67.2364	205.285
766	74.6336	17.1111	67.2908	204.18
767	70.3116	16.9039	67.313	202.544
768	70.277	16.6989	67.3348	200.926
769	67.8867	16.4614	67.3388	200
770	52.8723	16.4321	67.2325	200
771	52.8863	16.4014	67.127	200
772	52.9228	16.3691	67.0225	200
773	47.2469	16.4192	66.8771	200
774	54.1955	16.3642	66.7839	200
775	64.3372	16.1596	66.7659	200
776	64.2535	15.9589	66.7474	200
777	68.9064	15.7559	66.7633	200
778	68.8466	15.5549	66.7786	200
779	68.733	15.3549	66.793	200
780	64.4819	15.163	66.776	200
781	64.4009	14.975	66.7585	200
782	64.3894	14.7896	66.7411	200
783	64.1989	14.6095	66.7224	200
784	61.9621	14.4646	66.6874	200
785	58.6277	14.3705	66.6281	200
786	58.3004	14.2816	66.5669	200
790	60.9795	14.1537	66.5258	200
791	65.7841	13.9565	66.5204	200
792	65.6854	13.7635	66.5142	200
793	65.3775	13.5778	66.5059	200
794	60.5543	13.4657	66.4621	200
795	66.0631	13.2735	66.4592	200
796	66.0942	13.0837	66.4565	200
797	66.3062	12.8935	66.4554	200
798	68.8651	12.7393	66.4731	200
799	69.0653	12.5901	66.4922	200
800	64.0742	12.4405	66.4744	200
801	64.4497	12.2873	66.4595	200
802	69.1254	12.1459	66.4791	200
803	69.6963	12.0218	66.5014	200
804	72.0212	11.9315	66.5398	200
805	68.1771	11.7886	66.5511	200
806	68.1453	11.647	66.5622	200
807	68.128	11.507	66.5731	200
808	68.0244	11.3673	66.5832	200
809	61.0109	11.2868	66.5445	200
787	93.2019	11.5003	66.7296	200
788	92.9345	11.7045	66.9116	200
789	95.4813	11.9388	67.11	200
811	55.4665	11.9347	67.0291	200
812	50.7744	11.9947	66.9162	200
813	50.8771	12.0508	66.8048	200
814	50.9884	12.1031	66.695	200
815	51.0985	12.1516	66.5867	200
816	51.3329	12.1947	66.4808	200
817	56.4736	12.1643	66.4113	200
818	56.8892	12.1276	66.3451	200
819	52.4285	12.1525	66.2485	200
820	57.1631	12.1099	66.1854	200
821	57.1062	12.0678	66.1224	200
822	51.4404	12.1041	66.0204	200
810	72.8824	12.0313	66.068	200
825	70.9551	11.9321	66.102	200
826	75.2951	11.894	66.1658	200
827	70.1663	11.7844	66.1936	200
851	46.2735	11.8974	66.0553	200
852	46.2026	12.0079	65.9174	200
828	75.2504	11.9707	65.9822	200
829	74.9236	11.9287	66.0443	200
830	72.351	11.8506	66.0881	200
831	72.3678	11.7732	66.1317	200
832	77.5021	11.7676	66.2107	200
833	77.8392	11.7657	66.2914	200
853	52.5567	11.793	66.196	200
823	92.5285	11.995	66.3789	200
824	92.5055	12.1912	66.5603	200
858	45.9992	12.3075	66.4176	200
834	77.71	12.2934	66.496	200
835	82.9762	12.3515	66.6104	200
836	82.224	12.3968	66.7188	200
837	79.7031	12.405	66.809	200
838	74.2586	12.3362	66.8607	200
839	74.3402	12.2687	66.9127	200
840	74.3118	12.2011	66.9641	200
841	74.3656	12.1344	67.0155	200
842	79.8325	12.1439	67.1045	200
843	79.8766	12.1526	67.1932	200
844	79.9874	12.1615	67.282	200
845	75.4468	12.106	67.3387	200
846	76.305	12.0624	67.401	200
847	79.4933	12.0628	67.485	200
848	79.5348	12.0627	67.5686	200
849	79.5314	12.0613	67.6517	200
850	79.7385	12.0616	67.7356	200
854	79.6748	12.0599	67.8186	200
855	79.9048	12.0603	67.9025	200
856	80.6622	12.07	67.9911	200
857	96.6469	12.3004	68.1901	200
859	84.5267	12.3564	68.3035	200
860	79.9396	12.3464	68.3843	200
861	79.5713	12.3303	68.462	200
862	79.7725	12.3161	68.5406	200
863	74.8961	12.2334	68.5847	200
864	78.5669	12.2021	68.654	200
865	79.1348	12.1782	68.7268	200
866	81.8679	12.1916	68.8181	200
867	83.7476	12.2296	68.9218	200
868	78.8233	12.1972	68.9905	200
869	79.7309	12.177	69.0651	200
870	79.5221	12.1531	69.1377	200
871	77.4942	12.1004	69.1957	200
872	77.6044	12.0491	69.2541	200
873	77.6082	12.0005	69.3091	200
874	80.2138	11.9861	69.3808	200
875	80.1254	11.9697	69.4515	200
876	75.0689	11.8862	69.4885	200
877	76.1071	11.8168	69.532	200
878	76.1076	11.7479	69.5753	200
879	85.7112	11.8056	69.6814	200
880	85.6194	11.86	69.7863	200
881	85.68	11.9131	69.8909	200
882	85.7904	11.9655	69.9955	200
883	97.4185	12.1689	70.1759	200
884	97.3432	12.3663	70.3546	200
885	102.794	12.6304	70.568	200
886	102.967	12.8905	70.7812	200
887	105.913	13.1831	71.0123	200
888	102.689	13.4265	71.2207	200
889	102.595	13.6626	71.4271	200
890	102.713	13.8945	71.6329	200
891	102.492	14.1177	71.836	200
892	103.551	14.3493	72.0446	200
893	98.5798	14.5096	72.2192	200
894	101.67	14.7062	72.4129	200
895	93.2109	14.7864	72.5498	200
896	85.4338	14.7613	72.6345	200
897	85.4666	14.736	72.719	200
898	85.3606	14.7084	72.8021	200
899	85.1097	14.6768	72.8831	200
900	85.0871	14.6443	72.9634	200
901	87.2003	14.6389	73.0571	200
902	86.7115	14.626	73.1469	200
903	84.1959	14.5789	73.2196	200
904	83.3801	14.5208	73.2864	200
905	86.1685	14.4992	73.3712	200
906	84.3945	14.4535	73.4437	200
907	84.4355	14.4079	73.516	200
908	82.4842	14.3363	73.575	200
909	88.967	14.3502	73.6763	200
910	89.2079	14.3658	73.7784	200
911	92.8133	14.4272	73.9037	200
912	90.7363	14.4589	74.0144	200
913	95.7579	14.5547	74.1575	200
914	95.6172	14.6456	74.2986	200
915	94.6724	14.7209	74.4327	200
916	94.7426	14.7945	74.5663	200
917	90.3249	14.8072	74.67	200
918	90.3708	14.8189	74.7733	200
919	91.2325	14.8405	74.8816	200
920	95.3224	14.9142	75.016	200
921	78.1781	14.7595	75.0368	200
922	78.451	14.6103	75.0593	200
923	79.6372	14.4783	75.0894	200
924	85.2958	14.4221	75.1566	200
925	82.1025	14.3237	75.2023	200
926	88.1005	14.3049	75.2871	200
927	88.0381	14.2845	75.371	200
928	87.9499	14.262	75.4538	200
929	88.1021	14.2408	75.537	200
930	87.3217	14.2085	75.6145	200
931	91.192	14.2265	75.717	200
932	87.4611	14.1938	75.7942	200
933	78.2566	14.0395	75.8104	200
934	79.633	13.905	75.8356	200
935	79.5952	13.7715	75.8603	200
936	84.7936	13.7079	75.9191	200
937	84.8244	13.6447	75.9777	200
938	84.8399	13.5818	76.036	200
939	79.2074	13.4448	76.0569	200
940	79.4398	13.3124	76.0791	200
941	79.3703	13.1805	76.1008	200
942	78.2545	13.0354	76.1149	200
943	79.2091	12.9046	76.1353	200
944	79.1676	12.7747	76.1552	200
945	79.264	12.6476	76.1757	200
946	85.4905	12.6037	76.237	200
947	79.3768	12.4792	76.2576	200
948	83.2412	12.4069	76.3036	200
949	95.55	12.4969	76.4302	200
950	101.548	12.6546	76.5872	200
951	101.066	12.8024	76.7402	200
952	96.1405	12.8849	76.8614	200
953	101.659	13.0338	77.0164	200
954	101.864	13.1815	77.1717	200
955	101.849	13.3252	77.3259	200
956	96.8084	13.4021	77.4477	200
957	97.0299	13.4794	77.5701	200
958	96.1978	13.5437	77.6865	200
959	101.138	13.6676	77.8331	200
960	107.024	13.8616	78.0155	200
961	106.716	14.0471	78.1949	200
962	101.834	14.167	78.3426	200
963	95.9509	14.21	78.4527	200
964	97.3157	14.2682	78.5706	200
965	91.3582	14.2497	78.6505	200
966	91.4286	14.2313	78.7304	200
967	91.3993	14.2118	78.8096	200
968	98.0987	14.2752	78.9301	200
969	92.1749	14.2623	79.0129	200
970	88.3449	14.2007	79.0712	200
971	88.4937	14.141	79.1301	200
972	93.742	14.1469	79.2214	200
973	94.0261	14.1551	79.314	200
974	94.2865	14.1653	79.4075	200
975	99.864	14.2439	79.5354	200
976	99.9317	14.3209	79.6629	200
977	99.9584	14.3955	79.7897	200
978	100.038	14.4687	79.9163	200
979	111.263	14.6797	80.1122	200
980	111.502	14.8885	80.3084	200
981	114.945	15.1354	80.5248	201.608
982	111.017	15.3274	80.7154	203.334
983	111.124	15.5159	80.9055	205.033
984	111.265	15.7014	81.0952	206.707
985	104.974	15.8036	81.2445	207.674
986	104.591	15.8979	81.3904	208.574
987	111.381	16.0741	81.5778	210.171
988	99.2331	16.0939	81.6882	210.439
989	99.4836	16.1151	81.7994	210.72
990	99.6831	16.1372	81.9112	211.009
991	99.6518	16.1573	82.022	211.28
992	106.216	16.2577	82.1733	212.235
993	100.774	16.287	82.2895	212.586
994	104.952	16.3667	82.4312	213.365
995	105.155	16.4462	82.5732	214.143
996	105.224	16.5237	82.7147	214.905
997	104.984	16.5956	82.8539	215.618
998	104.845	16.663	82.9914	216.295
999	95.6657	16.6131	83.0706	215.976
1000	96.2165	16.5698	83.1527	215.711
1001	98.0262	16.5486	83.2457	215.634
1002	96.5122	16.5076	83.3286	215.389
1003	97.7998	16.4821	83.4191	215.276
1004	96.2788	16.4368	83.4994	214.994
1005	96.5763	16.3948	83.5812	214.74
1006	101.594	16.4151	83.6937	215.014
1007	101.739	16.4354	83.8065	215.29
1008	115.902	16.6312	84.0071	217.057
1009	115.782	16.8205	84.2057	218.77
1010	115.931	17.0068	84.404	220.458
1011	115.712	17.1856	84.5997	222.084
1012	113.24	17.3287	84.7787	223.409
1013	107.783	17.3997	84.9224	224.12
1014	110.103	17.4969	85.0798	225.055
1015	106.604	17.5473	85.2144	225.593
1016	106.664	17.5961	85.3484	226.117
1017	106.597	17.6417	85.4812	226.615
1018	106.482	17.6837	85.6125	227.082
1019	99.1663	17.6321	85.6972	226.754
1020	103.31	17.6318	85.8073	226.862
1021	99.7145	17.5853	85.8942	226.576
1022	99.7957	17.5392	85.9811	226.295
1023	100.07	17.4961	86.0691	226.038
1024	99.8061	17.4491	86.155	225.748
1025	99.8513	17.4022	86.2406	225.458
1026	104.198	17.4091	86.3528	225.626
1027	99.172	17.3518	86.4329	225.247
1028	99.0951	17.2932	86.5121	224.857
1029	98.949	17.2324	86.5898	224.449
1030	99.0702	17.173	86.6678	224.052
1031	95.7902	17.0772	86.7221	223.34
1032	95.9438	16.9837	86.777	222.646
1033	89.4414	16.8132	86.7928	221.299
1034	90.4184	16.6562	86.8144	220.064
1035	86.16	16.4657	86.8105	218.536
1036	86.2559	16.2763	86.8072	217.018
1037	86.2061	16.0897	86.8037	215.521
1038	87.2222	15.9031	86.8061	214.031
1039	87.1834	15.7183	86.8084	212.555
1040	87.1751	15.5355	86.8106	211.095
1041	95.2843	15.4515	86.861	210.473
1042	95.1579	15.3663	86.9104	209.841
1043	94.8848	15.2783	86.9579	209.184
1044	94.0208	15.1805	86.9999	208.444
1045	96.4239	15.112	87.056	207.952
1046	97.445	15.0557	87.1178	207.564
1047	100.257	15.0329	87.196	207.459
1048	100.198	15.0088	87.2734	207.343
1049	93.2915	14.9017	87.3093	206.523
1050	93.1245	14.7935	87.3439	205.692
1051	92.8824	14.6834	87.3768	204.844
1052	99.2738	14.6502	87.4477	204.649
1053	92.7262	14.5386	87.4791	203.788
1054	95.8649	14.4654	87.529	203.252
1055	93.454	14.3637	87.5643	202.474
1056	86.3522	14.2071	87.557	201.214
1057	86.3695	14.0521	87.55	200
1058	86.33	13.8994	87.5427	200
1059	86.3189	13.7485	87.5354	200
1060	97.075	13.6984	87.5922	200
1061	97.4436	13.6526	87.6508	200
1062	98.6786	13.6213	87.7165	200
1063	99.3362	13.5975	87.7857	200
1064	104.046	13.6292	87.8824	200
1065	104.368	13.6632	87.9806	200
1066	104.492	13.6971	88.0788	200
1067	100.157	13.6778	88.1507	200
1068	99.0792	13.6451	88.2158	200
1069	104.796	13.68	88.3145	200
1070	104.813	13.7136	88.4127	200
1071	104.905	13.7467	88.5109	200
1072	105.164	13.7813	88.61	200
1073	98.8057	13.7386	88.6707	200
1074	102.548	13.7402	88.7533	200
1075	102.886	13.7449	88.8374	200
1076	106.371	13.79	88.9418	200
1077	106.187	13.8312	89.0444	200
1078	111.716	13.9364	89.1794	200.671
1079	111.687	14.0384	89.3133	201.621
1080	110.844	14.1276	89.4415	202.463
1081	110.971	14.2157	89.5696	203.296
1082	110.994	14.3016	89.6972	204.11
1083	111.934	14.396	89.8295	204.998
1084	110.347	14.4689	89.9517	205.703
1085	110.229	14.538	90.0723	206.377
1086	109.884	14.6008	90.1903	206.997
1087	118.678	14.7661	90.3598	208.489
1088	122.014	14.9672	90.5483	210.286
1089	114.146	15.0699	90.6887	211.248
1090	118.843	15.2257	90.8563	212.662
1091	110.546	15.2788	90.9735	213.204
1092	110.712	15.3319	91.091	213.746
1093	110.831	15.3844	91.2085	214.284
1094	104.506	15.3596	91.2877	214.164
1095	108.806	15.3853	91.3919	214.474
1096	104.834	15.3621	91.4719	214.369
1097	104.924	15.3394	91.552	214.267
1098	104.744	15.3138	91.6305	214.141
1099	104.541	15.2852	91.7074	213.989
1100	110.077	15.3219	91.8167	214.392
1101	110.035	15.3564	91.9252	214.776
1102	105.087	15.3303	92.0035	214.646
1103	100.812	15.2526	92.0559	214.077
1104	104.566	15.22	92.1304	213.89
1105	104.249	15.1831	92.2025	213.667
1106	104.606	15.15	92.2764	213.476
1107	104.341	15.1132	92.3482	213.254
1108	104.304	15.0756	92.4193	213.024
1109	104.33	15.038	92.4902	212.794
1110	99.7557	14.9454	92.5335	212.097
1111	99.235	14.8473	92.5734	211.352
1112	103.613	14.802	92.6391	211.055
1113	103.577	14.756	92.7042	210.752
1114	110.733	14.7949	92.8115	211.171
1115	113.888	14.8697	92.937	211.895
1116	113.894	14.9389	93.056	212.567
1117	110.274	14.9648	93.1539	212.872
1118	109.789	14.9838	93.2484	213.119
1119	105.329	14.9508	93.317	212.923
1120	109.852	14.9688	93.411	213.161
1121	109.789	14.9848	93.504	213.382
1122	109.683	14.9984	93.596	213.583
1123	109.611	15.0099	93.6869	213.766
1124	119.938	15.1377	93.8361	214.937
1125	119.913	15.262	93.9843	216.08
1126	115.395	15.3318	94.1059	216.761
1127	115.358	15.3991	94.2267	217.42
1128	115.36	15.4643	94.3467	218.061
1129	120.836	15.5896	94.4972	219.214
1130	110.62	15.5956	94.5889	219.354
1131	106.145	15.5497	94.6545	219.052
1132	109.411	15.5407	94.7384	219.064
1133	104.585	15.476	94.7943	218.602
1134	99.1912	15.3501	94.8193	217.62
1135	104.391	15.2844	94.8737	217.149
1136	104.274	15.2176	94.9271	216.668
1137	104.248	15.1506	94.98	216.185
1138	100.426	15.0403	95.011	215.333
1139	104.624	14.9786	95.0656	214.895
1140	104.435	14.9149	95.1188	214.438
1141	110.085	14.9155	95.2079	214.532
1142	110.436	14.9192	95.2986	214.652
1143	116.375	14.9962	95.4303	215.4
1144	116.661	15.0741	95.563	216.156
1145	110.401	15.071	95.6606	216.228
1146	110.128	15.063	95.7558	216.26
1147	105.129	14.984	95.8209	215.693
1148	109.889	14.9713	95.9186	215.689
1149	104.623	14.8791	95.9826	215.016
1150	109.203	14.8547	96.0798	214.918
1151	109.014	14.8247	96.1808	214.779
1152	109.074	14.7945	96.2816	214.638
1153	109.692	14.7715	96.3933	214.565
1154	110.25	14.7562	96.5088	214.559
1155	105.969	14.6617	96.5932	213.887
1156	105.915	14.5663	96.6765	213.207
1157	98.5243	14.3217	96.6942	211.268
1158	104.051	14.1878	96.765	210.267
1159	104.113	14.0453	96.8415	209.204
1160	103.903	13.8998	96.9151	208.114
1161	103.702	13.7381	96.9922	206.897
1162	109.671	13.7141	97.1363	206.849
1163	110.27	13.7009	97.2855	206.893
1164	127.122	14.0676	97.6246	210.165
1165	130.54	14.496	97.9986	213.966
1166	130.811	14.9122	98.3715	217.669
1167	130.644	15.3068	98.7382	221.192
1168	120.186	15.4463	98.9819	222.553
1169	120.119	15.5757	99.2221	223.828
1170	125.056	15.8088	99.5157	225.986
1171	125.246	16.0343	99.8081	228.083
1172	130.449	16.3663	100.156	231.087
1173	124.923	16.5572	100.438	232.895
1174	123.553	16.7063	100.7	234.35
1175	123.446	16.8435	100.959	235.707
1176	120.344	16.9013	101.179	236.389
1177	120.352	16.9529	101.397	237.02
1178	119.934	16.9889	101.608	237.519
1179	120.363	17.029	101.821	238.053
1180	120.447	17.0623	102.015	238.513
1181	120.531	17.0926	102.208	238.949
1182	120.216	17.1117	102.395	239.289
1183	116.138	17.0415	102.538	238.87
1184	100.618	16.7265	102.518	236.33
1185	110.047	16.5348	102.597	234.876
1186	109.786	16.3401	102.672	233.393
1187	115.542	16.2678	102.806	232.949
1188	106.482	16.0055	102.844	230.888
1189	106.416	15.7465	102.881	228.853
1190	109.846	15.5635	102.954	227.462
1191	109.893	15.3838	103.026	226.097
1192	109.913	15.2068	103.098	224.752
1193	94.1371	15.0767	103.005	223.618
1194	93.9781	14.9506	102.91	222.516
1195	95.5084	14.7934	102.833	221.18
1196	99.1388	14.5622	102.795	219.292
1197	99.0429	14.3369	102.756	217.451
1198	105.132	14.0878	102.781	215.483
1199	105.201	13.8447	102.806	213.563
1200	111.383	13.735	102.895	212.775
1201	111.327	13.6245	102.983	211.979
1202	105.592	13.395	103.01	210.17
1203	105.835	13.1748	103.04	208.438
1204	105.867	12.9592	103.069	206.743
1205	109.117	12.8152	103.132	205.654
1206	120.296	12.9058	103.311	206.557
1207	120.073	12.9862	103.485	207.375
1208	111.209	12.8765	103.566	206.578
1209	114.755	12.8414	103.682	206.413
1210	114.686	12.8031	103.797	206.222
1211	104.984	12.5611	103.809	204.298
1212	104.797	12.32	103.82	202.379
1213	104.62	12.08	103.828	200.468
1214	101.342	11.8801	103.802	200
1215	107.35	11.7065	103.839	200
1216	109.475	11.58	103.898	200
1217	109.484	11.4552	103.956	200
1218	111.609	11.3759	104.036	200
1219	122.048	11.5142	104.223	200
1220	124.157	11.6896	104.431	200
1221	124.2	11.858	104.637	200
1222	118.169	11.8928	104.778	200
1223	118.155	11.9238	104.917	200.307
1224	112.039	11.8237	104.991	200
1225	112.228	11.7281	105.067	200
1226	112.316	11.6348	105.142	200
1227	116.5	11.6291	105.261	200
1228	116.587	11.6228	105.379	200
1229	116.739	11.6177	105.488	200
1230	113.442	11.5473	105.564	200
1231	110.189	11.4141	105.609	200
1232	112.869	11.3343	105.679	200
1233	95.1179	11.3194	105.577	200
1234	81.231	11.5699	105.343	200
1235	81.1458	11.8127	105.11	200
1236	82.155	12.027	104.89	201.106
1237	82.3988	12.2282	104.673	202.499
1238	82.6273	12.417	104.461	203.798
1239	88.289	12.4892	104.306	204.22
1240	84.0144	12.6393	104.111	205.225
1241	82.393	12.8139	103.902	206.413
1242	87.757	12.8779	103.747	206.77
1243	87.9434	12.9342	103.595	207.068
1244	81.1815	13.1165	103.379	208.311
1245	75.4518	13.4013	103.111	210.321
1246	75.6566	13.6715	102.847	212.219
1247	79.1038	13.8652	102.618	213.54
1248	80.4723	14.0245	102.405	214.601
1249	80.4154	14.1776	102.194	215.615
1250	83.736	14.26	102.016	216.096
1251	83.5678	14.3405	101.839	216.563
1252	82.5019	14.4366	101.653	217.146
1253	82.4987	14.5273	101.469	217.688
1254	85.8274	14.5488	101.319	217.709
1255	85.6098	14.5711	101.168	217.736
1256	85.5743	14.5907	101.018	217.743
1257	90.1176	14.5197	100.913	217.071
1258	87.5668	14.4972	100.784	216.762
1259	94.3102	14.3429	100.722	215.465
1260	92.2039	14.2309	100.64	214.487
1261	94.5894	14.0736	100.582	213.171
1262	101.775	13.8259	100.594	211.2
1263	102.874	13.6038	100.616	209.446
1264	104.713	13.421	100.655	208.023
1265	98.9527	13.1956	100.639	206.204
1266	99.0089	12.9732	100.623	204.409
1267	100.664	12.7245	100.623	202.419
1268	95.1192	12.5857	100.57	201.256
1269	96.702	12.418	100.533	200
1270	91.5959	12.3511	100.447	200
1271	91.7039	12.2817	100.363	200
1272	91.6794	12.2125	100.28	200
1273	88.6632	12.2011	100.168	200
1274	87.1507	12.2168	100.043	200
1275	87.169	12.2294	99.919	200
1276	84.8511	12.284	99.7741	200
1277	85.1935	12.3281	99.6339	200
1278	82.0342	12.4295	99.4647	200
1279	102.859	12.2558	99.4973	200
1280	99.8014	12.0259	99.5002	200
1281	99.9137	11.8026	99.5042	200
1282	102.337	11.6424	99.5295	200
1283	102.782	11.4926	99.5585	200
1284	95.0676	11.3676	99.5184	200
1285	95.3128	11.2397	99.4809	200
1286	94.2445	11.1325	99.4341	200
1287	92.5876	11.0559	99.373	200
1288	90.324	11.0201	99.2922	200
1289	90.711	10.9766	99.2156	200
1290	89.3512	10.9567	99.1275	200
1291	87.3358	10.9716	99.0222	200
1292	87.5579	10.9804	98.9199	200
1293	91.9419	10.9089	98.8576	200
1294	90.4454	10.8643	98.7825	200
1295	93.2978	10.7683	98.7335	200
1296	89.4955	10.7409	98.651	200
1297	85.8559	10.7776	98.5368	200
1298	85.7477	10.8135	98.4226	200
1299	86.8349	10.8274	98.3191	200
1300	86.3596	10.8476	98.2123	200
1301	86.349	10.8657	98.1064	200
1302	88.9055	10.836	98.0243	200
1303	92.6122	10.7391	97.9759	200
1304	93.676	10.6242	97.9375	200
1305	93.5	10.5137	97.8979	200
1306	84.4984	10.5652	97.7783	200
1307	84.3923	10.6156	97.6588	200
1308	84.5662	10.6598	97.5419	200
1309	84.7714	10.6975	97.4278	200
1310	84.15	10.7436	97.3093	200
1311	83.5441	10.7975	97.1864	200
1312	78.7143	10.9346	97.0215	200
1313	78.4437	11.0711	96.8556	200
1314	83.8493	11.1056	96.7395	200
1315	82.8585	11.1552	96.6155	200
1316	92.9849	11.0208	96.5831	200
1317	77.8515	11.1585	96.4159	200
1318	77.7939	11.2918	96.2496	200
1319	80.8797	11.3646	96.1124	200
1320	83.3096	11.3903	95.998	200
1321	77.4603	11.5179	95.8325	200
1322	76.8671	11.6509	95.6632	200
1323	83.915	11.6526	95.5583	200
1324	85.1351	11.6307	95.4652	200
1325	84.6443	11.6162	95.3686	200
1326	88.7333	11.5273	95.3094	200
1327	88.2439	11.4476	95.2463	200
1328	95.1629	11.2447	95.2455	200
1329	95.8266	11.0543	95.2507	200
1330	95.2495	10.8569	95.2507	200
1331	91.679	10.7268	95.2188	200
1332	90.4875	10.6197	95.1766	200
1333	92.9756	10.4694	95.1569	200
1334	99.369	10.3576	95.1945	200
1335	99.3062	10.2461	95.2313	200
1336	100.919	10.1647	95.282	200
1337	100.806	10.0818	95.3314	200
1338	102.215	10.0247	95.3928	200
1339	106.725	10.0465	95.4873	200
1340	107.56	10.0803	95.5879	200
1341	107.583	10.1122	95.6878	200
1342	107.465	10.14	95.786	200
1343	104.496	10.1161	95.8585	200
1344	104.18	10.0862	95.9279	200
1345	105.15	10.0718	96.0047	200
1346	94.4703	9.92953	95.992	200
1347	95.6267	9.77012	95.9889	200
1348	92.6007	9.66376	95.9607	200
1349	89.9121	9.6035	95.9103	200
1350	89.722	9.54658	95.8587	200
1351	92.2337	9.44789	95.8285	200
1352	107.963	9.49266	95.9296	200
1353	112.087	9.60375	96.0643	200
1354	110.859	9.69026	96.1875	200
1355	106.742	9.70466	96.2755	200
1356	106.013	9.7052	96.3566	200
1357	99.1182	9.58948	96.3797	200
1358	103.881	9.55467	96.4422	200
1359	101.858	9.48569	96.4873	200
1360	100.685	9.39756	96.5223	200
1361	103.358	9.35486	96.5792	200
1362	104.243	9.32667	96.6431	200
1363	94.1468	9.21283	96.6223	200
1364	99.4571	9.10653	96.6459	200
1365	97.6509	8.9715	96.6543	200
1366	98.0045	8.84448	96.6656	200
1367	98.6075	8.72944	96.6817	200
1368	98.7182	8.61789	96.6987	200
1369	92.3647	8.54649	96.6626	200
1370	91.6774	8.48713	96.621	200
1371	91.6871	8.42791	96.5799	200
1372	94.3932	8.32389	96.5617	200
1373	89.8989	8.29621	96.5062	200
1374	96.9535	8.16539	96.5099	200
1375	93.1644	8.08506	96.482	200
1376	93.7032	7.99662	96.4589	200
1377	99.5456	7.91479	96.4846	200
1378	99.4109	7.83165	96.509	200
1379	102.868	7.8071	96.562	200
1380	102.742	7.77998	96.6135	200
1381	100.251	7.71094	96.6438	200
1382	94.1717	7.62362	96.6232	200
1383	91.2717	7.58575	96.5786	200
1384	91.5314	7.54344	96.5365	200
1385	95.2861	7.43856	96.5261	200
1386	95.3004	7.33501	96.5159	200
1387	95.3469	7.23224	96.5061	200
1388	94.2951	7.14856	96.4877	200
1389	94.3572	7.06492	96.47	200
1390	94.941	6.97265	96.4572	200
1391	92.1808	6.92772	96.4216	200
1392	92.8124	6.87241	96.3915	200
1393	92.7461	6.81862	96.3611	200
1394	91.7086	6.78252	96.3224	200
1395	92.3976	6.73489	96.2896	200
1396	92.0014	6.69412	96.2539	200
1397	90.5961	6.67684	96.2068	200
1398	90.527	6.66022	96.1594	200
1399	95.2884	6.56374	96.1522	200
1400	95.3532	6.47366	96.1459	200
1401	96.6803	6.38086	96.1501	200
1402	96.5654	6.28765	96.1533	200
1403	93.9144	6.22439	96.1359	200
1404	88.4078	6.24788	96.0755	200
1405	84.5931	6.32967	95.9858	200
1406	97.5337	6.25495	95.9979	200
1407	96.878	6.17097	96.0047	200
1408	89.8817	6.17023	95.9569	200
1409	92.4526	6.12857	95.9295	200
1410	89.5382	6.13267	95.8796	200
1411	96.1985	6.04183	95.8821	200
1412	97.1378	5.96705	95.8919	200
1413	92.3639	5.92894	95.8643	200
1414	89.9334	5.92897	95.818	200
1415	95.6489	5.83897	95.8167	200
1416	94.2091	5.77285	95.8041	200
1417	94.9833	5.69548	95.7977	200
1418	95.2046	5.61575	95.7931	200
1419	97.3501	5.55234	95.8052	200
1420	100.159	5.5336	95.8392	200
1421	99.7491	5.50823	95.8698	200
1422	99.7628	5.48299	95.9002	200
1423	99.3697	5.45153	95.9273	200
1424	103.637	5.48682	95.9875	200
1425	99.4133	5.45462	96.0143	200
1426	100.303	5.4364	96.0478	200
1427	100.795	5.42563	96.0849	200
1428	100.685	5.41273	96.1208	200
1429	101.288	5.40889	96.1612	200
1430	96.8035	5.33441	96.1662	200
1431	96.8867	5.26232	96.1718	200
1432	98.3981	5.21488	96.1892	200
1433	97.0361	5.14663	96.1959	200
1434	97.0247	5.07916	96.2023	200
1435	97.24	5.01602	96.2104	200
1436	92.4767	4.99598	96.1813	200
1437	95.2178	4.93297	96.1737	200
1438	87.9081	4.98504	96.1092	200
1439	97.5515	4.92969	96.1204	200
1440	98.0549	4.88289	96.1355	200
1441	98.0842	4.83704	96.1508	200
1442	97.6179	4.78438	96.1622	200
1443	90.925	4.79146	96.1213	200
1444	89.9896	4.8124	96.0734	200
1445	90.3723	4.82628	96.0289	200
1446	93.1073	4.79652	96.006	200
1447	88.1909	4.84369	95.945	200
1448	98.3712	4.80591	95.9639	200
1449	98.5103	4.77061	95.9838	200
1450	103.308	4.81051	96.0411	200
1451	98.2967	4.77058	96.0587	200
1452	95.3631	4.70691	96.0532	200
1453	95.3675	4.64408	96.0479	200
1454	95.3031	4.58315	96.0421	200
1455	96.7948	4.5233	96.0479	200
1456	90.562	4.53834	96.0051	200
1457	90.6137	4.55167	95.963	200
1458	90.423	4.56712	95.9197	200
1459	91.8246	4.55974	95.8877	200
1460	92.5021	4.54139	95.8612	200
1461	93.9776	4.49986	95.8465	200
1462	93.7341	4.46256	95.83	200
1463	93.6927	4.42623	95.8133	200
1464	93.8213	4.38819	95.7978	200
1465	99.7302	4.38149	95.8267	200
1466	99.6373	4.3731	95.8547	200
1467	103.599	4.42267	95.9116	200
1468	103.872	4.4747	95.9702	200
1469	104.007	4.52708	96.0293	200
1470	104.32	4.58242	96.0902	200
1471	108.927	4.70381	96.1846	200
1472	99.27	4.68001	96.2073	200
1473	98.8791	4.65048	96.2269	200
1474	105.293	4.71542	96.2936	200
1475	105.35	4.77926	96.3602	200
1476	108.294	4.88448	96.4479	200
1477	108.203	4.98551	96.5344	200
1478	94.148	4.94728	96.5168	200
1479	91.2161	4.95248	96.4779	200
1480	90.1656	4.97248	96.4314	200
1481	97.9485	4.92166	96.4426	200
1482	105.194	4.97798	96.5069	200
1483	100.146	4.95829	96.5337	200
1484	100.422	4.94255	96.5623	200
1485	101.036	4.93565	96.5952	200
1486	106.257	5.00515	96.6662	200
1487	106.259	5.07262	96.7368	200
1488	118.346	5.3158	96.8956	200
1489	112.375	5.46527	97.0095	200
1490	112.751	5.61638	97.1252	200
1491	111.453	5.74449	97.2306	200
1492	114.42	5.9128	97.357	200
1493	113.533	6.06372	97.4759	200
1494	112.592	6.19685	97.587	200
1495	115.265	6.36568	97.717	200
1496	115.289	6.53048	97.8462	200
1497	115.371	6.69217	97.9751	200
1498	115.471	6.85104	98.1037	200
1499	113.336	6.97429	98.2157	200
1500	113.382	7.09476	98.3272	200
1501	119.81	7.30635	98.4852	200
1502	119.27	7.50457	98.638	200
1503	119.244	7.69723	98.7896	200
1504	129.802	8.04011	99.0176	200
1505	111.87	8.11088	99.1121	200
1506	111.892	8.17955	99.2061	200
1507	120.375	8.37057	99.3617	200
1508	111.812	8.43057	99.4533	200
1509	111.883	8.48938	99.5447	200
1510	109.151	8.5058	99.6153	200
1511	109.293	8.52304	99.6865	200
1512	108.329	8.5248	99.75	200
1513	108.495	8.52803	99.8143	200
1514	112.395	8.58763	99.9068	200
1515	108.755	8.59146	99.9719	200
1516	119.082	8.74615	100.112	200
1517	119.227	8.89863	100.253	200
1518	117.483	9.02115	100.38	200
1519	122.406	9.2124	100.542	200
1520	116.937	9.31804	100.662	200
1521	116.98	9.42098	100.782	200
1522	106.574	9.36761	100.825	200
1523	106.502	9.31335	100.866	200
1524	106.203	9.25486	100.906	200
1525	106.16	9.19603	100.944	200
1526	107.651	9.15943	100.994	200
1527	108.07	9.12879	101.046	200
1528	107.344	9.08716	101.092	200
1529	108.445	9.06166	101.146	200
1530	108.635	9.03853	101.201	200
1531	108.655	9.01522	101.256	200
1532	108.636	8.99117	101.31	200
1533	112.995	9.03079	101.396	200
1534	108.053	8.99783	101.442	200
1535	113.166	9.03569	101.524	200
1536	105.015	8.95868	101.548	200
1537	107.78	8.92081	101.591	200
1538	108.435	8.89197	101.639	200
1539	92.3212	8.89788	101.574	200
1540	105.916	8.8346	101.604	200
1541	107.595	8.7951	101.646	200
1542	105.271	8.72329	101.671	200
1543	105.308	8.65265	101.696	200
1544	105.56	8.58614	101.723	200
1545	108.864	8.56607	101.773	200
1546	116.411	8.65041	101.874	200
1547	116.388	8.73184	101.975	200
1548	116.371	8.81051	102.075	200
1549	112.523	8.83326	102.148	200
1550	100.519	8.73319	102.136	200
1551	102.871	8.6221	102.141	200
1552	102.79	8.51135	102.146	200
1553	106.147	8.44871	102.174	200
1554	117.93	8.55021	102.283	200
1555	118.731	8.6599	102.397	200
1556	119.522	8.77745	102.516	200
1557	115.785	8.83983	102.608	200
1558	120.878	8.9708	102.735	200
1559	120.667	9.09526	102.86	200
1560	120.625	9.21568	102.983	200
1561	114.384	9.24602	103.062	200
1562	113.812	9.26691	103.137	200
1563	120.518	9.3796	103.258	200
1564	116.878	9.4385	103.352	200
1565	116.844	9.49479	103.446	200
1566	116.76	9.54784	103.538	200
1567	120.065	9.64476	103.653	200
1568	116.091	9.68355	103.74	200
1569	120.636	9.78373	103.857	200
1570	120.245	9.87546	103.971	200
1571	115.246	9.89489	104.049	200
1572	113.32	9.88622	104.113	200
1573	111.85	9.85637	104.167	200
1574	114.252	9.85954	104.237	200
1575	122.378	9.97456	104.363	200
1576	124.229	10.1119	104.501	200
1577	122.476	10.2211	104.626	200
1578	122.113	10.3221	104.747	200
1579	127.24	10.4911	104.904	200
1580	127.276	10.6561	105.059	200
1581	139.072	10.9805	105.295	200
1582	131.835	11.1966	105.479	200
1583	138.815	11.5041	105.711	200
1584	138.921	11.8056	105.942	200.386
1585	139.044	12.1014	106.171	202.982
1586	134.682	12.3293	106.369	205.004
1587	123.815	12.4003	106.491	205.693
1588	124.059	12.4721	106.613	206.39
1589	120.778	12.4956	106.711	206.676
1590	118.846	12.4906	106.795	206.72
1591	118.003	12.4728	106.873	206.656
1592	117.17	12.4426	106.945	206.485
1593	114.46	12.3742	106.997	205.99
1594	114.031	12.3	107.046	205.446
1595	114.105	12.2272	107.095	204.912
1596	114.054	12.1541	107.143	204.375
1597	114.065	12.0814	107.191	203.842
1598	116.88	12.0482	107.258	203.644
1599	109.761	11.9156	107.276	202.6
1600	109.612	11.7825	107.292	201.552
1601	114.23	11.7152	107.34	201.062
1602	114.1	11.6464	107.387	200.558
1603	120.259	11.6634	107.476	200.784
1604	119.893	11.6739	107.563	200.954
1605	115.353	11.62	107.617	200.576
1606	121.271	11.6482	107.712	200.897
1607	122.896	11.6947	107.811	201.369
1608	126.643	11.7886	107.935	202.245
1609	126.338	11.8757	108.056	203.062
1610	125.597	11.9502	108.172	203.773
1611	127.171	12.043	108.297	204.64
1612	118.849	12.0233	108.366	204.553
1613	135.228	12.2186	108.543	206.292
1614	135.29	12.4098	108.719	207.997
1615	129.441	12.5191	108.855	209.008
1616	124.093	12.5549	108.956	209.395
1617	128.449	12.6462	109.084	210.253
1618	124.589	12.6838	109.186	210.656
1619	124.166	12.714	109.284	210.997
1620	117.086	12.6494	109.336	210.531
1621	116.933	12.5829	109.386	210.049
1622	128.457	12.6683	109.511	210.857
1623	129.101	12.7594	109.64	211.715
1624	119.363	12.7194	109.704	211.459
1625	119.165	12.6765	109.766	211.178
1626	119.032	12.6317	109.827	210.88
1627	111.883	12.4925	109.841	209.781
1628	112.046	12.3571	109.855	208.712
1629	112.324	12.227	109.871	207.688
1630	112.17	12.0964	109.887	206.658
1631	107.76	11.9652	109.873	205.594
1632	107.793	11.8351	109.859	204.54
1633	107.966	11.7043	109.846	203.481
1634	107.949	11.5753	109.834	202.436
1635	108.353	11.4425	109.824	201.364
1636	108.941	11.3035	109.818	200.247
1637	109.324	11.1613	109.815	200
1638	115.044	11.0832	109.85	200
1639	115.096	11.0064	109.884	200
1640	108.986	10.8734	109.878	200
1641	109.254	10.7386	109.874	200
1642	114.292	10.6554	109.903	200
1643	108.416	10.5348	109.893	200
1644	108.509	10.4144	109.884	200
1645	118.407	10.3895	109.94	200
1646	114.657	10.3149	109.971	200
1647	114.736	10.2418	110.003	200
1648	114.504	10.1663	110.032	200
1649	114.373	10.0896	110.061	200
1650	114.578	10.0163	110.091	200
1651	111.278	9.90014	110.098	200
1652	111.529	9.78869	110.108	200
1653	117.349	9.75518	110.155	200
1654	117.191	9.71939	110.202	200
1655	113.259	9.63173	110.222	200
1656	126.112	9.71408	110.326	200
1657	126.269	9.79603	110.431	200
1658	126.486	9.87838	110.537	200
1659	134.465	10.0632	110.694	200
1660	122.725	10.0891	110.773	200
1661	123.076	10.1183	110.854	200
1662	123.351	10.1496	110.937	200
1663	123.258	10.1781	111.018	200
1664	123.193	10.2044	111.098	200
1665	119.531	10.1811	111.153	200
1666	119.395	10.1556	111.207	200
1667	119.524	10.1314	111.262	200
1668	119.318	10.1041	111.315	200
1669	118.964	10.0718	111.365	200
1670	118.8	10.0371	111.414	200
1671	123.327	10.0617	111.493	200
1672	123.341	10.0852	111.571	200
1673	120.258	10.0669	111.628	200
1674	119.757	10.0414	111.681	200
1675	119.559	10.0129	111.733	200
1676	110.231	9.90091	111.723	200
1677	111.6	9.77225	111.722	200
1678	108.362	9.68788	111.7	200
1679	108.707	9.5998	111.681	200
1680	113.806	9.50145	111.695	200
1681	114.184	9.40919	111.711	200
1682	118.659	9.37681	111.757	200
1683	118.717	9.34501	111.803	200
1684	123.009	9.36828	111.873	200
1685	122.923	9.38931	111.942	200
1686	122.855	9.40835	112.01	200
1687	122.658	9.42385	112.076	200
1688	118.031	9.38049	112.114	200
1689	122.524	9.39336	112.179	200
1690	125.745	9.44553	112.263	200
1691	125.437	9.49212	112.346	200
1692	121.216	9.48434	112.401	200
1693	121.082	9.4743	112.455	200
1694	120.218	9.4529	112.504	200
1695	111.636	9.34559	112.499	200
1696	111.865	9.23668	112.495	200
1697	113.353	9.13195	112.5	200
1698	105.567	9.10447	112.457	200
1699	105.587	9.07653	112.414	200
1700	104.382	9.06347	112.364	200
1701	108.582	8.99745	112.34	200
1702	108.534	8.93256	112.316	200
1703	110.689	8.84124	112.306	200
1704	106.18	8.80729	112.268	200
1705	106.227	8.77271	112.23	200
1706	105.968	8.74132	112.191	200
1707	111.176	8.64474	112.184	200
1708	111.273	8.54807	112.179	200
1709	117.418	8.50672	112.211	200
1710	114.049	8.42336	112.223	200
1711	114.349	8.34463	112.236	200
1712	114.871	8.27327	112.253	200
1713	117.969	8.24131	112.288	200
1714	117.932	8.20883	112.324	200
1715	128.111	8.30356	112.422	200
1716	126.848	8.38008	112.513	200
1717	126.932	8.45557	112.603	200
1718	129.842	8.56536	112.71	200
1719	119.747	8.54626	112.754	200
1720	119.391	8.52239	112.796	200
1721	115.082	8.44444	112.81	200
1722	115.148	8.3681	112.825	200
1723	115.355	8.29512	112.841	200
1724	137.461	8.49919	112.994	200
1725	142.301	8.75928	113.178	200
1726	142.677	9.01854	113.362	200
1727	153.852	9.41194	113.615	200
1728	154.102	9.80038	113.868	200
1729	153.015	10.1672	114.113	200
1730	126.802	10.1987	114.192	200
1731	126.863	10.2296	114.271	200
1732	125.297	10.2396	114.34	200
1733	132.015	10.3325	114.451	200
1734	132.22	10.4255	114.562	200
1735	121.239	10.3786	114.603	200
1736	125.753	10.3883	114.673	200
1737	124.194	10.3774	114.733	200
1738	124.139	10.3653	114.791	200
1739	124.244	10.3539	114.85	200
1740	124.354	10.3432	114.91	200
1741	119.675	10.2698	114.941	200
1742	119.756	10.1981	114.973	200
1743	121.027	10.1405	115.015	200
1744	121.101	10.0842	115.057	200
1745	121.134	10.0253	115.102	200
1746	121.061	9.96547	115.146	200
1747	120.795	9.89802	115.19	200
1748	120.744	9.83015	115.233	200
1749	132.133	9.94797	115.374	200
1750	130.785	10.039	115.502	200
1751	134.527	10.1995	115.672	200
1752	133.794	10.3409	115.834	200
1753	130.654	10.4271	115.977	200
1754	130.532	10.5065	116.117	200.168
1755	146.322	10.9169	116.431	203.766
1756	146.356	11.3129	116.743	207.246
1757	162.284	12.0908	117.26	213.987
1758	158.867	12.7616	117.733	219.826
1759	158.864	13.4708	118.247	226.014
1760	158.87	14.1496	118.755	231.952
1761	158.682	14.7941	119.254	237.607
1762	158.623	15.4084	119.746	243.014
1763	164.531	16.1428	120.306	249.449
1764	164.778	16.8511	120.862	255.671
1765	131	16.6832	120.989	254.455
1766	126.106	16.3941	121.053	252.205
1767	142.023	16.5085	121.315	253.383
1768	130.726	16.3472	121.422	252.199
1769	130.306	16.1776	121.523	250.943
1770	126.19	15.916	121.576	248.904
1771	120.77	15.5726	121.567	246.147
1772	128.524	15.3768	121.646	244.66
1773	128.918	15.1926	121.728	243.269
1774	125.572	14.9346	121.772	241.249
1775	125.739	14.6854	121.817	239.3
1776	148.813	14.9652	122.124	241.845
1777	149.53	15.2479	122.435	244.419
1778	149.527	15.5171	122.743	246.88
1779	149.279	15.7675	123.045	249.185
1780	96.7127	16.0076	122.746	250.806
1781	96.6635	16.2366	122.449	252.342
1782	96.868	16.449	122.158	253.75
1783	103.193	16.5062	121.943	253.992
1784	97.7746	16.6803	121.668	255.111
1785	97.7084	16.8457	121.396	256.162
1786	108.378	16.7587	121.248	255.318
1787	108.513	16.6673	121.103	254.442
1788	92.3882	16.9411	120.777	256.306
1789	92.7461	17.1931	120.459	258.004
1790	97.397	17.3265	120.196	258.809
1791	97.6532	17.4451	119.94	259.501
1792	97.9707	17.5479	119.691	260.074
1793	97.816	17.6462	119.442	260.612
1794	109.829	17.4637	119.333	259.042
1795	109.529	17.2896	119.221	257.538
1796	106.753	17.18	119.08	256.52
1797	106.734	17.0701	118.939	255.501
1798	100.145	17.1093	118.726	255.601
1799	94.532	17.2703	118.451	256.614
1800	94.4589	17.4231	118.178	257.563
1801	94.6513	17.5618	117.911	258.406
1802	96.3793	17.6521	117.666	258.883
1803	96.4448	17.7332	117.425	259.291
1804	99.5308	17.7368	117.222	259.116
1805	106.1	17.5865	117.095	257.787
1806	107.5	17.4049	116.986	256.225
1807	109.263	17.1849	116.899	254.377
1808	98.6763	17.2084	116.691	254.359
1809	98.509	17.2306	116.485	254.329
1810	101.687	17.1753	116.317	253.719
1811	101.552	17.1205	116.149	253.113
1812	105.597	16.9712	116.029	251.799
1813	100.937	16.932	115.872	251.328
1814	104.137	16.8238	115.75	250.34
1815	104.404	16.7096	115.631	249.308
1816	104.964	16.5838	115.52	248.19
1817	102.908	16.501	115.389	247.397
1818	104.745	16.379	115.278	246.31
1819	104.794	16.2562	115.169	245.218
1820	104.95	16.1304	115.062	244.106
1821	106.376	15.9753	114.972	242.774
1822	107.463	15.7989	114.894	241.285
1823	107.355	15.6268	114.815	239.83
1824	108.552	15.4317	114.75	238.204
1825	112.983	15.1471	114.731	235.908
1826	114.069	14.8453	114.725	233.487
1827	111.28	14.6078	114.689	231.551
1828	99.4465	14.621	114.53	231.498
1829	115.698	14.3407	114.542	229.268
1830	116.973	14.0926	114.567	227.308
1831	115.5	13.8184	114.577	225.125
1832	115.776	13.5555	114.59	223.034
1833	114.471	13.2756	114.588	220.793
1834	119.806	13.1077	114.643	219.505
1835	115.873	12.8603	114.656	217.538
1836	118.502	12.6725	114.696	216.076
1837	118.726	12.4925	114.738	214.677
1838	117.096	12.2814	114.762	213.013
1839	117.853	12.0899	114.794	211.513
1840	119.247	11.9308	114.841	210.287
1841	102.071	11.9483	114.708	210.294
1842	100.797	11.9891	114.563	210.476
1843	105.324	11.9318	114.467	209.921
1844	107.818	11.8217	114.397	208.971
1845	118.211	11.6549	114.437	207.676
1846	117.171	11.4691	114.466	206.218
1847	117.339	11.29	114.495	204.815
1848	117.53	11.118	114.527	203.471
1849	90.0147	11.3971	114.272	205.448
1850	96.8604	11.5223	114.09	206.269
1851	103.368	11.5057	113.979	206.024
1852	104.073	11.4724	113.876	205.654
1853	105.005	11.4181	113.783	205.128
1854	109.864	11.2619	113.742	203.838
1855	115.09	11.0554	113.756	202.199
1856	114.851	10.8479	113.768	200.551
1857	114.063	10.628	113.771	200
1858	117.984	10.4944	113.815	200
1859	118.257	10.3683	113.861	200
1860	115.849	10.1937	113.882	200
1861	117.745	10.0618	113.922	200
1862	121.015	10.0047	113.99	200
1863	119.19	9.91233	114.04	200
1864	117.857	9.79511	114.077	200
1865	116.069	9.64505	114.096	200
1866	127.275	9.71301	114.223	200
1867	126.622	9.76466	114.342	200
1868	121.532	9.71515	114.411	200
1869	126.307	9.75709	114.525	200
1870	105.084	9.75103	114.435	200
1871	109.063	9.6668	114.383	200
1872	108.884	9.58665	114.33	200
1873	107.44	9.5348	114.264	200
1874	105.858	9.51308	114.183	200
1875	98.2071	9.63737	114.029	200
1876	96.3416	9.79218	113.859	200
1877	106.775	9.7401	113.791	200
1878	87.9442	10.0499	113.543	200
1879	83.7371	10.4298	113.256	200
1880	81.9878	10.8305	112.955	200
1881	86.4937	11.1311	112.701	201.75
1882	97.8589	11.2025	112.558	202.178
1883	96.9365	11.2875	112.408	202.708
1884	96.6335	11.3738	112.256	203.246
1885	96.5191	11.4577	112.105	203.766
1886	94.8012	11.5701	111.939	204.499
1887	94.9455	11.6744	111.775	205.17
1888	91.5517	11.8388	111.581	206.291
1889	91.7057	11.9933	111.39	207.336
1890	97.4377	12.031	111.256	207.504
1891	98.1624	12.0514	111.13	207.541
1892	86.375	12.2957	110.892	209.257
1893	89.5563	12.4696	110.687	210.443
1894	89.5915	12.6354	110.484	211.567
1895	81.8684	12.9427	110.209	213.75
1896	70.1848	13.4635	109.824	217.532
1897	66.1499	14.0445	109.404	221.76
1898	66.1711	14.6058	108.988	225.835
1899	66.1469	15.1488	108.576	229.766
1900	70.7205	15.5855	108.212	232.896
1901	70.4629	16.0117	107.849	235.943
1902	82.3688	16.1938	107.604	237.154
1903	74.8304	16.5126	107.289	239.39
1904	74.6075	16.8236	106.975	241.563
1905	71.152	17.1889	106.63	244.142
1906	69.7166	17.5683	106.275	246.821
1907	65.5667	18.0133	105.884	249.99
1908	58.2093	18.5837	105.426	254.095
1909	50.1018	19.2902	104.894	259.215
1910	60.4831	19.7733	104.467	262.653
1911	60.4501	20.2395	104.043	265.959
1912	60.3135	20.6912	103.623	269.153
1913	60.2016	21.1284	103.205	272.232
1914	60.3297	21.5466	102.793	275.166
1915	60.511	21.9169	102.416	277.75
1916	65.2365	22.1894	102.084	279.599
1917	59.4873	22.5538	101.703	282.134
1918	58.5907	22.9209	101.318	284.686
1919	58.7535	23.2717	100.938	287.112
1920	71.286	23.3856	100.674	287.759
1921	71.2295	23.4938	100.411	288.361
1922	71.8232	23.5848	100.155	288.834
1923	76.6928	23.5826	99.9459	288.607
1924	76.7136	23.5763	99.7385	288.349
1925	76.8589	23.5639	99.5342	288.045
1926	77.1429	23.543	99.3343	287.678
1927	72.9433	23.5938	99.0986	287.849
1928	82.6321	23.4665	98.9516	286.684
1929	65.6237	23.6426	98.654	287.795
1930	60.9428	23.8939	98.3173	289.468
1931	65.6198	24.0511	98.0254	290.434
1932	65.252	24.2068	97.7328	291.387
1933	76.9291	24.1461	97.547	290.715
1934	76.8245	24.0849	97.362	290.041
1935	76.8898	24.0204	97.1792	289.342
1936	76.599	23.959	96.9955	288.667
1937	66.8281	24.0698	96.7261	289.285
1938	66.961	24.1715	96.4603	289.833
1939	71.1065	24.1926	96.234	289.775
1940	71.2208	24.2073	96.0106	289.669
1941	71.315	24.216	95.7901	289.518
1942	71.4664	24.2179	95.573	289.317
1943	76.0443	24.1342	95.3986	288.472
1944	71.1659	24.136	95.1822	288.27
1945	76.4353	24.0397	95.0149	287.333
1946	83.7484	23.8116	94.9143	285.407
1947	87.2321	23.5236	94.8457	283.035
1948	71.5014	23.5204	94.6372	282.8
1949	71.5171	23.5133	94.4308	282.537
1950	70.9634	23.5124	94.2213	282.321
1951	66.0147	23.5963	93.9694	282.74
1952	72.5989	23.5565	93.7786	282.231
1953	72.5911	23.5142	93.5894	281.703
1954	76.5716	23.3982	93.4375	280.623
1955	76.2692	23.287	93.2842	279.58
1956	76.732	23.1667	93.1364	278.47
1957	76.7398	23.0458	92.99	277.356
1958	77.7451	22.9065	92.8539	276.106
1959	80.0041	22.7269	92.7392	274.554
1960	83.4583	22.4868	92.6563	272.551
1961	82.7848	22.2615	92.5682	270.66
1962	82.5417	22.043	92.4787	268.823
1963	77.3989	21.9187	92.344	267.694
1964	77.3244	21.7955	92.2099	266.574
1965	76.6898	21.6834	92.0713	265.539
1966	76.6461	21.5717	91.9336	264.507
1967	78.6687	21.4234	91.8152	263.202
1968	78.5702	21.2773	91.6969	261.915
1969	78.3618	21.1355	91.5778	260.662
1970	78.2168	20.9967	91.4586	259.432
1971	78.2295	20.8672	91.3483	258.286
1972	73.3455	20.816	91.1876	257.716
1973	73.2857	20.764	91.0277	257.14
1974	67.9423	20.8086	90.8058	257.275
1975	67.1625	20.8632	90.5784	257.484
1976	63.6788	20.9889	90.2982	258.21
1977	63.7979	21.1037	90.0222	258.852
1978	63.9219	21.2173	89.7256	259.464
1979	64.1209	21.317	89.4346	259.971
1980	64.429	21.4092	89.122	260.396
1981	65.8063	21.4569	88.8306	260.486
1982	65.8343	21.4996	88.5112	260.508
1983	61.6008	21.6499	88.1374	261.337
1984	71.6703	21.488	87.8801	259.784
1985	78.2061	21.1188	87.729	256.679
1986	81.0225	20.6041	87.6092	252.442
1987	80.0429	20.1966	87.491	249.064
1988	73.0046	20.0182	87.2646	247.41
1989	72.354	19.8586	87.0317	245.9
1990	56.7306	20.1849	86.5582	248.037
1991	70.6776	20.0504	86.3101	246.713
1992	72.7303	19.8482	86.0979	244.883
1993	73.1947	19.6312	85.8963	242.946
1994	73.2383	19.4132	85.6985	241.004
1995	79.7524	18.9924	85.6056	237.545
1996	73.7501	18.7694	85.4203	235.575
1997	74.065	18.5377	85.2429	233.544
1998	74.1293	18.3057	85.0693	231.515
1999	76.9647	17.9869	84.9426	228.838
2000	80.8705	17.5521	84.879	225.295
2001	36.1809	18.5254	84.1181	232.321
2002	36.4604	19.4358	83.3734	238.86
2003	36.8005	20.2838	82.6457	244.916
2004	41.9542	20.9215	82.0099	249.382
2005	41.2633	21.5411	81.3733	253.702
2006	41.1586	22.1246	80.7449	257.742
2007	27.6272	23.0932	79.915	264.66
2008	25.4636	24.0731	79.0641	271.649
2009	25.0622	25.0084	78.2204	278.287
2010	29.6517	25.7446	77.4615	283.419
2011	29.6809	26.4333	76.7149	288.181
2012	29.6475	27.0781	75.9795	292.604
2013	30.3088	27.6591	75.2659	296.539
2014	43.6055	27.7841	74.7712	297.044
2015	58.6656	27.4192	74.5195	293.873
2016	55.2022	27.166	74.2177	291.546
2017	53.6255	26.9606	73.8959	289.58
2018	54.0994	26.7367	73.5866	287.48
2019	56.2452	26.4431	73.3157	284.86
2020	55.9167	26.1919	73.074	282.609
2021	50.7797	26.0836	72.7644	281.433
2022	61.1824	25.6808	72.6035	278.05
2023	61.5736	25.2738	72.4503	274.641
2024	61.4694	24.8768	72.2978	271.312
2025	67.3952	24.3219	72.2297	266.805
2026	67.3997	23.7805	72.1626	262.407
2027	62.8957	23.3773	72.0339	259.053
2028	56.3211	23.1644	71.8157	257.131
2029	59.2865	22.869	71.6417	254.594
2030	58.8183	22.59	71.4636	252.183
2031	45.6332	22.68	71.1048	252.545
2032	33.7436	23.0878	70.5859	255.288
2033	33.5477	23.4753	70.0715	257.874
2034	33.5939	23.8365	69.5648	260.257
2035	33.0369	24.189	69.0575	262.57
2036	35.1819	24.4581	68.587	264.252
2037	35.2854	24.7037	68.1245	265.754
2038	39.7869	24.8047	67.7309	266.168
2039	39.7219	24.8937	67.3419	266.491
2040	27.2404	25.3161	66.7849	269.314
2041	33.7661	25.5301	66.3263	270.567
2042	59.9792	24.9972	66.2382	266.216
2043	53.9486	24.6442	66.0675	263.221
2044	53.9009	24.2976	65.8985	260.28
2045	53.8386	23.9577	65.731	257.393
2046	63.6891	23.3489	65.7027	252.494
2047	60.7807	22.8371	65.6343	248.331
2048	65.4863	22.2068	65.6322	243.287
2049	65.4738	21.5944	65.63	238.385
2050	59.5484	21.1635	65.5456	234.853
2051	59.4541	20.7448	65.461	231.419
2052	59.2204	20.3419	65.3743	228.109
2053	59.1373	19.9501	65.2877	224.888
2054	67.7953	19.4656	65.3225	221.047
2055	67.8866	18.9961	65.3581	217.327
2056	68.1285	18.5454	65.3966	213.76
2057	65.7749	18.0912	65.4013	210.131
2058	65.8065	17.649	65.4064	206.599
2059	65.8359	17.2186	65.4117	203.16
2060	59.0226	16.9478	65.3319	200.914
2061	34.6733	17.2906	64.9486	203.273
2062	34.7178	17.6141	64.5708	205.484
2063	34.7307	17.9197	64.1978	207.556
2064	37.5134	18.1389	63.8642	208.975
2065	28.1669	18.5778	63.418	212.041
2066	28.1179	18.9959	62.9767	214.944
2067	24.5798	19.4809	62.4968	218.344
2068	24.4757	19.9444	62.0215	221.577
2069	26.0601	20.3448	61.572	224.331
2070	25.9612	20.7265	61.1269	226.939
2071	35.4176	20.851	60.8055	227.614
2072	36.7261	20.9318	60.5045	227.959
2073	27.6785	21.2291	60.0942	229.927
2074	27.5888	21.511	59.6879	231.776
2075	28.4708	21.7537	59.2976	233.327
2076	30.3718	21.933	58.9361	234.4
2077	28.3261	22.1499	58.5534	235.753
2078	29.1958	22.3301	58.1865	236.827
2079	29.6819	22.4844	57.8302	237.706
2080	43.7109	22.2753	57.6537	235.856
2081	42.6242	22.0942	57.4658	234.219
2082	46.7539	21.8096	57.3319	231.809
2083	50.9999	21.4227	57.2528	228.634
2084	48.4422	21.1074	57.1426	226.002
2085	47.8517	20.812	57.0265	223.522
2086	53.4214	20.3818	56.9814	220.036
2087	59.021	19.9232	57.0069	216.393
2088	63.605	19.5901	57.0894	213.81
2089	62.0731	19.2249	57.1517	210.951
2090	62.1572	18.8695	57.2143	208.17
2091	55.7436	18.4345	57.1959	204.672
2092	54.4045	18.0434	57.161	201.508
2093	50.5774	17.7569	57.0787	200
2094	50.6731	17.4731	56.9986	200
2095	59.3909	17.0961	57.0285	200
2096	65.0752	16.8699	57.1291	200
2097	67.4665	16.7066	57.2583	200
2098	68.0584	16.5723	57.381	200
2099	67.182	16.4184	57.4924	200
2100	66.8439	16.2578	57.5987	200
2101	52.6891	15.9999	57.5429	200
2102	51.8595	15.7654	57.4783	200
2103	58.7596	15.4362	57.4929	200
2104	63.1238	15.2134	57.5569	200
2105	62.939	14.99	57.618	200
2106	63.2005	14.7761	57.6815	200
2107	59.0391	14.4712	57.6969	200
2108	51.871	14.2747	57.6307	200
2109	48.4143	14.1597	57.5259	200
2110	52.4975	13.9522	57.4688	200
2111	52.445	13.7493	57.4117	200
2112	50.5978	13.5917	57.3343	200
2113	50.5936	13.436	57.2577	200
2114	50.5485	13.2831	57.1814	200
2115	50.5907	13.131	57.1065	200
2116	59.7503	12.8926	57.1366	200
2117	52.2111	12.7116	57.0806	200
2118	50.0013	12.5836	57.0002	200
2119	50.1523	12.4532	56.9224	200
2120	49.5242	12.3383	56.8383	200
2121	60.6884	12.1454	56.882	200
2122	66.8244	12.0953	56.995	200
2123	66.824	12.0438	57.1067	200
2124	72.1231	12.1114	57.2773	200
2125	67.3546	12.0651	57.3919	200
2126	62.4859	11.9067	57.4497	200
2127	67.7097	11.8693	57.5663	200
2128	67.954	11.8356	57.6844	200
2129	66.4708	11.7663	57.7842	200
2130	75.897	11.9106	57.9901	200
2131	74.9776	12.0259	58.1831	200
2132	70.9605	12.043	58.3283	200
2133	72.1605	12.0837	58.4855	200
2134	71.0922	12.0956	58.6287	200
2135	72.6426	12.1392	58.788	200
2136	72.7314	12.1802	58.9464	200
2137	77.4682	12.3243	59.1569	200
2138	58.5279	12.0585	59.1498	200
2139	58.5099	11.799	59.1425	200
2140	58.3533	11.5488	59.1335	200
2141	58.6374	11.2976	59.1279	200
2142	63.8098	11.1472	59.1811	200
2143	67.8318	11.0952	59.2712	200
2144	57.1544	10.9081	59.2491	200
2145	59.3151	10.6823	59.2498	200
2146	64.931	10.5781	59.309	200
2147	60.3697	10.3798	59.3201	200
2148	53.9919	10.2745	59.2646	200
2149	50.3661	10.2459	59.1719	200
2150	45.0226	10.3272	59.0245	200
2151	44.5815	10.4129	58.874	200
2152	44.5668	10.4941	58.725	200
2153	38.9074	10.6883	58.5186	200
2154	38.7833	10.8768	58.313	200
2155	38.9954	11.0526	58.1118	200
2156	53.7129	10.914	58.0659	200
2157	53.5875	10.7799	58.0193	200
2158	56.3584	10.59	58.002	200
2159	56.3728	10.4033	57.985	200
2160	52.6485	10.2977	57.9294	200
2161	62.492	10.1782	57.9769	200
2162	62.6669	10.0639	58.0258	200
2163	63.3253	9.96464	58.081	200
2164	71.7334	10.0415	58.2232	200
2165	66.7163	10.0092	58.3117	200
2166	69.606	10.036	58.4293	200
2167	65.5196	9.97461	58.5032	200
2168	65.6175	9.91502	58.5773	200
2169	63.0463	9.80157	58.6238	200
2170	57.3372	9.62417	58.6104	200
2171	56.3138	9.47151	58.5865	200
2172	56.3484	9.32082	58.5632	200
2173	59.8619	9.15369	58.5767	200
2174	60.7537	9.00834	58.5994	200
2175	60.7133	8.86471	58.6214	200
2176	60.8981	8.72746	58.6451	200
2177	61.4741	8.60457	58.6746	200
2178	61.7641	8.48967	58.7068	200
2179	84.4387	8.84888	58.9748	200
2180	72.0141	8.93618	59.1107	200
2181	72.0023	9.01859	59.2449	200
2182	72.7169	9.11136	59.3853	200
2183	72.9718	9.2046	59.5268	200
2184	72.0898	9.27456	59.6577	200
2185	62.5142	9.14085	59.6874	200
2186	62.7125	9.01344	59.7189	200
2187	66.1479	8.9596	59.7859	200
2188	57.5131	8.82029	59.7622	200
2189	57.7151	8.67918	59.7409	200
2190	55.053	8.59602	59.6921	200
2191	55.4199	8.50595	59.6476	200
2192	62.3727	8.39477	59.6738	200
2193	62.0249	8.27855	59.6964	200
2194	58.4184	8.14392	59.6841	200
2195	69.4056	8.17426	59.7776	200
2196	72.0907	8.25385	59.896	200
2197	82.1997	8.52404	60.1104	200
2198	78.7533	8.71864	60.2897	200
2199	77.9352	8.89031	60.4593	200
2200	80.9761	9.11389	60.6566	200
2201	81.0725	9.33124	60.8529	200
2202	81.0587	9.54036	61.0472	200
2203	81.8141	9.75626	61.2469	200
2204	70.1032	9.73895	61.332	200
2205	66.6724	9.65437	61.3834	200
2206	66.6737	9.57044	61.4343	200
2207	61.7016	9.39153	61.4368	200
2208	61.49	9.21195	61.4373	200
2209	61.2204	9.03897	61.4353	200
2210	67.0997	8.97407	61.4897	200
2211	72.1908	9.00728	61.5926	200
2212	68.3402	8.96382	61.6575	200
2213	68.2947	8.91908	61.7213	200
2214	73.1685	8.9677	61.8314	200
2215	77.2161	9.0911	61.9793	200
2216	77.9635	9.22366	62.133	200
2217	77.9891	9.35121	62.2855	200
2218	71.0472	9.33987	62.3697	200
2219	77.1876	9.44522	62.5122	200
2220	74.9571	9.5029	62.6319	200
2221	64.8744	9.36328	62.6534	200
2222	74.5299	9.41161	62.7676	200
2223	65.7954	9.28885	62.7967	200
2224	74.8667	9.34233	62.9128	200
2225	75.0146	9.3954	63.0291	200
2226	74.9863	9.44466	63.1441	200
2227	83.7976	9.66021	63.3427	200
2228	79.5551	9.78622	63.4986	200
2229	78.9843	9.89582	63.6475	200
2230	71.9383	9.86495	63.7272	200
2231	71.9982	9.8343	63.8067	200
2232	72.0531	9.80376	63.886	200
2233	77.347	9.87409	64.0155	200
2234	77.3555	9.94074	64.1437	200
2235	80.279	10.0599	64.2989	200
2236	74.1489	10.0558	64.3936	200
2237	72.5052	10.0184	64.4716	200
2238	76.5261	10.0576	64.5875	200
2239	76.532	10.0939	64.7023	200
2240	71.4115	10.0288	64.7669	200
2241	71.7368	9.96997	64.8339	200
2242	70.7379	9.89178	64.8906	200
2243	71.0644	9.82028	64.95	200
2244	74.809	9.82102	65.0448	200
2245	75.1105	9.82539	65.1347	200
2246	68.7627	9.71472	65.1671	200
2247	73.2329	9.68528	65.2391	200
2248	80.6444	9.78742	65.3766	200
2249	68.5678	9.66963	65.4051	200
2250	77.4021	9.71119	65.5122	200
2251	71.7272	9.64876	65.5677	200
2252	71.9466	9.59037	65.6247	200
2253	69.2953	9.48466	65.6575	200
2254	64.5329	9.33537	65.6474	200
2255	65.7446	9.1704	65.6483	200
2256	65.4336	9.01048	65.6464	200
2257	61.2923	8.92733	65.6075	200
2258	61.2669	8.84542	65.5687	200
2259	61.2953	8.76378	65.5306	200
2260	55.9637	8.77812	65.4452	200
2261	60.2821	8.71356	65.3991	200
2262	68.489	8.61314	65.4266	200
2263	68.6879	8.51757	65.4558	200
2264	64.988	8.37383	65.4516	200
2265	60.8414	8.30662	65.4104	200
2266	65.2435	8.16127	65.4089	200
2267	65.1959	8.01933	65.407	200
2268	71.7586	7.98955	65.4637	200
2269	71.7205	7.95861	65.5196	200
2270	71.4486	7.92237	65.5725	200
2271	67.9281	7.82296	65.5936	200
2272	67.971	7.72572	65.6148	200
2273	72.4481	7.70978	65.6758	200
2274	72.4029	7.69223	65.7359	200
2275	73.8453	7.69968	65.8083	200
2276	65.6975	7.56417	65.8073	200
2277	65.6862	7.43125	65.8062	200
2278	55.5304	7.48205	65.7145	200
2279	63.2536	7.39238	65.6925	200
2280	66.1206	7.26802	65.6963	200
2281	65.76	7.13937	65.6969	200
2282	61.2571	7.09116	65.6572	200
2283	59.9119	7.06713	65.6059	200
2284	63.7341	6.97436	65.5892	200
2285	68.7662	6.90654	65.6176	200
2286	83.3695	7.10021	65.7761	200
2287	83.4787	7.28954	65.9341	200
2288	83.4747	7.47259	66.0908	200
2289	84.0015	7.65899	66.2507	200
2290	72.7982	7.63914	66.3091	200
2291	72.632	7.61563	66.3656	200
2292	72.6082	7.59111	66.4213	200
2293	72.7573	7.5687	66.4779	200
2294	74.0996	7.56965	66.5459	200
2295	75.1583	7.58827	66.6228	200
2296	64.066	7.49842	66.6	200
2297	64.4998	7.40202	66.5813	200
2298	69.6803	7.32518	66.6089	200
2299	69.6366	7.24844	66.636	200
2300	69.7914	7.17535	66.6641	200
2301	69.8162	7.10351	66.6923	200
2302	77.5535	7.16613	66.7828	200
2303	77.6127	7.2272	66.873	200
2304	72.0354	7.19278	66.9161	200
2305	71.9904	7.15748	66.9583	200
2306	72.1155	7.12414	67.0013	200
2307	76.3885	7.16185	67.0795	200
2308	84.9493	7.34032	67.2285	200
2309	81.9299	7.463	67.351	200
2310	82.2271	7.58656	67.4749	200
2311	82.349	7.70801	67.5989	200
2312	86.3208	7.89158	67.7549	200
2313	82.6215	8.00783	67.8788	200
2314	77.5083	8.03486	67.959	200
2315	62.8991	7.98527	67.9169	200
2316	62.7512	7.93828	67.8738	200
2317	67.8347	7.80663	67.8735	200
2318	63.4473	7.75028	67.8366	200
2319	66.0486	7.65091	67.8217	200
2320	66.1193	7.55177	67.8075	200
2321	71.8247	7.49286	67.841	200
2322	75.3775	7.49359	67.9038	200
2323	76.0772	7.50492	67.9719	200
2324	80.2873	7.58509	68.0745	200
2325	80.9772	7.67372	68.1821	200
2326	81.379	7.76577	68.292	200
2327	76.2909	7.76965	68.3587	200
2328	76.4012	7.7742	68.4257	200
2329	76.4577	7.7785	68.4926	200
2330	88.7036	7.9857	68.6611	200
2331	88.9048	8.19	68.8298	200
2332	91.4086	8.42982	69.0179	200
2333	95.7791	8.73534	69.2409	200
2334	95.3364	9.02467	69.4584	200
2335	95.1862	9.30306	69.6728	200
2336	94.8665	9.5679	69.8827	200
2337	90.6798	9.75506	70.056	200
2338	76.2345	9.69544	70.1075	200
2339	76.0931	9.63361	70.1574	200
2340	76.054	9.57133	70.2066	200
2341	80.4969	9.58331	70.2923	200
2342	82.9516	9.63458	70.3978	200
2343	82.62	9.6777	70.4996	200
2344	83.9528	9.74063	70.6118	200
2345	84.0035	9.80148	70.7234	200
2346	86.2706	9.89724	70.8529	200
2347	81.0638	9.90247	70.938	200
2348	87.8003	10.0185	71.0785	200
2349	89.3759	10.1564	71.231	200
2350	94.1676	10.3694	71.4221	200
2351	88.6111	10.4831	71.5654	200
2352	84.8962	10.5306	71.6765	200
2353	78.3586	10.4664	71.7322	200
2354	78.3786	10.4028	71.7875	200
2355	83.1641	10.419	71.8823	200
2356	82.4158	10.4209	71.9701	200
2357	82.3765	10.4207	72.0568	200
2358	87.9539	10.5119	72.1893	200
2359	87.8652	10.598	72.32	200
2360	85.963	10.6487	72.4336	200
2361	85.9531	10.6966	72.5463	200
2362	86.3351	10.7481	72.6612	200
2363	71.3636	10.6005	72.6511	200
2364	66.9116	10.5245	72.6062	200
2365	67.0028	10.4476	72.5625	200
2366	67.3433	10.3659	72.5217	200
2367	67.5342	10.2819	72.4827	200
2368	70.6824	10.1494	72.4686	200
2369	70.5825	10.0202	72.4539	200
2370	70.4488	9.89501	72.4382	200
2371	71.859	9.74945	72.4337	200
2372	87.8948	9.83869	72.5545	200
2373	82.0451	9.83325	72.6287	200
2374	87.4704	9.91151	72.7446	200
2375	86.1252	9.96571	72.8491	200
2376	86.1766	10.0182	72.9533	200
2377	84.4769	10.0418	73.0433	200
2378	84.6621	10.0664	73.1341	200
2379	82.4767	10.0551	73.207	200
2380	78.5334	9.9812	73.2487	200
2381	73.8574	9.83476	73.2534	200
2382	77.2145	9.74298	73.2844	200
2383	82.8477	9.74017	73.3591	200
2384	82.8003	9.7355	73.4328	200
2385	77.4879	9.64674	73.4645	200
2386	71.919	9.52016	73.4524	200
2387	77.2996	9.43152	73.4825	200
2388	77.2469	9.34297	73.5119	200
2389	71.573	9.22728	73.4968	200
2390	72.1482	9.10417	73.4862	200
2391	61.9469	9.14222	73.3961	200
2392	62.0765	9.17624	73.3076	200
2393	66.9444	9.13229	73.2579	200
2394	67.0671	9.08633	73.2096	200
2395	77.5595	9.01232	73.2435	200
2396	77.6933	8.94103	73.2783	200
2397	98.3235	9.19266	73.474	200
2398	98.0766	9.43344	73.6662	200
2399	97.88	9.66438	73.8553	200
2400	94.7803	9.84033	74.0188	200
2401	89.6015	9.93006	74.1406	200
2402	90.0298	10.0232	74.2647	200
2403	92.6024	10.1531	74.408	200
2404	72.0577	10.023	74.3884	200
2405	71.7356	9.9002	74.3663	200
2406	66.9651	9.85557	74.3002	200
2407	71.8073	9.72409	74.2779	200
2408	72.1584	9.57785	74.2575	200
2409	71.7353	9.44217	74.2333	200
2410	76.4885	9.29244	74.2568	200
2411	71.3506	9.15939	74.2265	200
2412	71.047	9.02348	74.1904	200
2413	75.5994	8.85043	74.2064	200
2414	72.0563	8.68292	74.1795	200
2415	66.4642	8.65873	74.0831	200
2416	66.5219	8.62824	73.978	200
2417	82.8111	8.63393	74.1007	200
2418	82.9974	8.64214	74.2397	200
2419	77.5366	8.4751	74.2913	200
2420	77.4902	8.31022	74.3412	200
2421	77.2949	8.14283	74.3874	200
2422	76.7211	7.96129	74.4239	200
2423	81.9925	7.94902	74.5421	200
2424	81.6971	7.9242	74.6539	200
2425	76.7969	7.74354	74.6874	200
2426	76.7844	7.56709	74.7202	200
2427	76.9767	7.40113	74.7554	200
2428	66.7433	7.4181	74.6441	200
2429	72.9201	7.25993	74.6202	200
2430	55.3461	7.59366	74.3525	200
2431	55.3621	7.91023	74.0887	200
2432	55.5044	8.20674	73.8306	200
2433	55.4219	8.49012	73.5749	200
2434	55.4116	8.75882	73.3227	200
2435	43.954	9.33132	72.9148	200
2436	43.9761	9.87597	72.5128	200
2437	43.9774	10.3943	72.1165	200
2438	43.9788	10.8872	71.7257	200
2439	44.0371	11.3539	71.3412	200
2440	39.0145	11.9364	70.8922	200
2441	39.037	12.4897	70.4497	200
2442	38.7392	13.0237	70.0093	200
2443	43.5263	13.3975	69.6415	200
2444	43.4766	13.7522	69.2781	200
2445	55.5863	13.7505	69.0879	200
2446	55.339	13.7505	68.897	200
2447	49.1359	13.9174	68.6225	200
2448	49.9255	14.0502	68.3628	200
2449	49.8711	14.1736	68.106	200
2450	49.7148	14.2907	67.8506	200
2451	49.7806	14.3957	67.5996	200
2452	49.6561	14.4942	67.3504	200
2453	46.5238	14.6701	67.0611	200
2454	52.5336	14.6662	66.8593	200
2455	52.7055	14.6519	66.6628	200
2456	53.2129	14.6185	66.476	200
2457	53.5428	14.5717	66.2963	200
2458	53.3491	14.5266	66.1165	200
2459	53.6443	14.4695	65.9433	200
2460	53.6635	14.4087	65.7727	200
2461	59.3263	14.1875	65.6832	200
2462	59.7313	13.9588	65.6005	200
2463	51.2116	13.9707	65.4007	200
2464	51.7576	13.9616	65.2112	200
2465	52.9531	13.919	65.058	200
2466	53.327	13.8643	64.9113	200
2467	49.6782	13.8985	64.7209	200
2468	49.7794	13.9246	64.5341	200
2469	49.8387	13.9439	64.3505	200
2470	49.9737	13.9547	64.1707	200
2471	49.9436	13.9615	63.9929	200
2472	43.0226	14.1367	63.7308	200
2473	37.0285	14.4509	63.397	200
2474	36.8824	14.7525	63.0656	200
2475	36.6801	15.0433	62.7357	200
2476	36.2425	15.3295	62.4046	200
2477	37.8264	15.5608	62.0973	200
2478	37.6099	15.7839	61.7913	200
2479	37.5402	15.9956	61.4881	200
2480	31.2094	16.3527	61.1096	200
2481	30.6884	16.7044	60.7294	200
2482	27.2049	17.1249	60.3103	200
2483	26.9023	17.532	59.8927	200.148
2484	26.9473	17.9173	59.4809	202.819
2485	30.3234	18.1983	59.1164	204.703
2486	29.8755	18.4744	58.7509	206.546
2487	29.7213	18.7383	58.388	208.294
2488	29.8246	18.9839	58.031	209.902
2489	29.8744	19.2132	57.679	211.385
2490	29.818	19.4294	57.3308	212.766
2491	29.9043	19.6293	56.9879	214.023
2492	41.67	19.5215	56.7965	212.969
2493	41.6859	19.4113	56.6076	211.898
2494	42.0113	19.2909	56.4251	210.752
2495	42.1852	19.1646	56.2471	209.564
2496	42.5178	19.0287	56.0755	208.305
2497	41.0843	18.9278	55.8881	207.311
2498	41.2087	18.8216	55.7046	206.277
2499	44.3024	18.6361	55.5621	204.651
2500	40.4838	18.5472	55.3736	203.751
2501	40.6199	18.4523	55.1892	202.808
2502	41.1757	18.3414	55.014	201.745
2503	41.3169	18.2252	54.8428	200.645
2504	45.4998	18.0032	54.726	200
2505	45.6486	17.78	54.6126	200
2506	41.16	17.6817	54.4597	200
2507	41.3287	17.5783	54.3105	200
2508	41.3536	17.4732	54.1632	200
2509	41.2921	17.3686	54.017	200
2510	41.9216	17.2488	53.8795	200
2511	42.2999	17.1199	53.7479	200
2512	45.0997	16.9274	53.6497	200
2513	34.851	16.9699	53.436	200
2514	35.0295	17.0026	53.2269	200
2515	34.9591	17.0313	53.0193	200
2516	34.6232	17.0624	52.8102	200
2517	36.9767	17.0344	52.6303	200
2518	36.6431	17.0106	52.4486	200
2519	36.4595	16.9874	52.2669	200
2520	33.4494	17.029	52.0531	200
2521	33.2147	17.0701	51.839	200
2522	33.0833	17.1084	51.6259	200
2523	32.5027	17.1542	51.4086	200
2524	37.495	17.0806	51.2505	200
2525	33.6643	17.0921	51.0506	200
2526	33.5826	17.1006	50.8521	200
2527	33.68	17.1022	50.657	200
2528	38.6146	16.9872	50.5202	200
2529	38.613	16.8718	50.3848	200
2530	38.5757	16.7567	50.2506	200
2531	38.7022	16.6383	50.1194	200
2532	38.6775	16.5202	49.9894	200
2533	54.027	16.2366	50.0353	200
2534	51.4325	15.8993	50.0512	200
2535	47.0453	15.6063	50.017	200
2536	46.8991	15.3224	49.9816	200
2537	46.8511	15.0453	49.946	200
2538	46.823	14.7744	49.9105	200
2539	48.7173	14.4657	49.8969	200
2540	48.7455	14.1631	49.8839	200
2541	48.7586	13.8668	49.8711	200
2542	48.7522	13.5771	49.8584	200
2543	48.7032	13.2948	49.8452	200
2544	48.7674	13.0171	49.833	200
2545	48.8266	12.7441	49.8215	200
2546	43.5308	12.5975	49.7501	200
2547	48.8023	12.3327	49.7393	200
2548	48.9526	12.0703	49.7303	200
2549	49.0596	11.8112	49.7227	200
2550	49.3486	11.5729	49.7188	200
2551	48.6115	11.3549	49.7073	200
2552	48.4386	11.1448	49.6941	200
2553	48.379	10.94	49.6804	200
2554	53.1468	10.7843	49.7165	200
2555	52.4209	10.6159	49.7447	200
2556	43.0478	10.5343	49.6749	200
2557	43.0115	10.4537	49.6055	200
2558	35.195	10.5361	49.4554	200
2559	35.1694	10.6142	49.3066	200
2560	35.0355	10.6904	49.1579	200
2561	35.1324	10.7599	49.0118	200
2562	34.0152	10.8481	48.8556	200
2563	34.0661	10.9303	48.7015	200
2564	34.0584	11.0076	48.549	200
2565	39.1809	10.9734	48.4514	200
2566	42.0299	10.8786	48.3845	200
2567	44.8432	10.7258	48.3476	200
2568	44.7932	10.5763	48.3106	200
2569	44.7736	10.4297	48.2738	200
2570	39.2527	10.4003	48.1798	200
2571	39.1538	10.3717	48.0858	200
2572	41.4901	10.293	48.0171	200
2573	43.2575	10.1778	47.9675	200
2574	43.4379	10.0601	47.9203	200
2575	39.2512	10.0311	47.83	200
2576	40.41	9.97672	47.7527	200
2577	45.065	9.82487	47.7247	200
2578	62.809	9.93444	47.8818	200
2579	63.8262	10.0596	48.0479	200
2580	57.213	10.041	48.1434	200
2581	57.0953	10.0183	48.2366	200
2582	51.0518	9.86825	48.266	200
2583	51.1394	9.72252	48.2959	200
2584	51.0958	9.5783	48.3251	200
2585	54.6905	9.51137	48.3914	200
2586	52.3909	9.39654	48.433	200
2587	59.7821	9.43721	48.5512	200
2588	60.2189	9.48368	48.6728	200
2589	55.2572	9.42328	48.7414	200
2590	52.4468	9.30416	48.78	200
2591	52.5071	9.18797	48.8188	200
2592	55.9346	9.1448	48.8929	200
2593	55.9642	9.1016	48.9666	200
2594	55.981	9.05812	49.0396	200
2595	59.1339	9.0797	49.1448	200
2596	56.656	9.04702	49.223	200
2597	55.0377	8.97968	49.2836	200
2598	58.2263	8.97891	49.3768	200
2599	57.9923	8.97192	49.4596	200
2600	59.7799	8.99785	49.5588	200
2601	58.6314	8.99929	49.6461	200
2602	65.553	9.13213	49.799	200
2603	42.7813	9.09147	49.7315	200
2604	41.7381	9.07035	49.6547	200
2605	46.6013	8.95464	49.6253	200
2606	46.5053	8.84243	49.5953	200
2607	51.299	8.70515	49.6117	200
2608	51.2864	8.56995	49.6278	200
2609	51.4639	8.44045	49.6455	200
2610	48.7949	8.29449	49.6373	200
2611	47.7243	8.17177	49.6189	200
2612	40.6915	8.1863	49.533	200
2613	40.2968	8.20649	49.4442	200
2614	47.0886	8.09397	49.4216	200
2615	47.5293	7.97471	49.4034	200
2616	44.6661	7.91245	49.3578	200
2617	41.9477	7.90279	49.2866	200
2618	44.3713	7.84534	49.2393	200
2619	45.7736	7.76111	49.206	200
2620	42.5968	7.73896	49.1424	200
2621	44.5889	7.6777	49.0987	200
2622	46.571	7.57866	49.0744	200
2623	43.5574	7.53901	49.0213	200
2624	47.3609	7.42596	49.0053	200
2625	51.6332	7.33369	49.0306	200
2626	49.7204	7.20592	49.0372	200
2627	57.4189	7.22853	49.1178	200
2628	45.8975	7.15145	49.0869	200
2629	46.0258	7.07279	49.0574	200
2630	46.1014	6.99362	49.029	200
2631	45.3372	6.93013	48.9935	200
2632	45.7501	6.85923	48.9623	200
2633	47.0029	6.765	48.9435	200
2634	51.7954	6.68975	48.9709	200
2635	51.8328	6.61613	48.9984	200
2636	50.7436	6.52246	49.0152	200
2637	50.9476	6.43419	49.0338	200
2638	55.3031	6.43102	49.0941	200
2639	55.3376	6.42742	49.1541	200
2640	48.4753	6.31686	49.1476	200
2641	49.7948	6.20783	49.1538	200
2642	49.7412	6.09975	49.1594	200
2643	49.3103	5.98535	49.1609	200
2644	46.9436	5.91288	49.1396	200
2645	50.6276	5.82779	49.1539	200
2646	54.1186	5.81119	49.2016	200
2647	55.1351	5.81354	49.2587	200
2648	55.7184	5.82597	49.3208	200
2649	58.1385	5.8835	49.4056	200
2650	56.8916	5.91432	49.4775	200
2651	57.3896	5.95274	49.5536	200
2652	60.2548	6.03753	49.6492	200
2653	71.6568	6.32271	49.8457	200
2654	64.0893	6.46416	49.9728	200
2655	64.0115	6.59942	50.0982	200
2656	68.4675	6.80959	50.2622	200
2657	68.517	7.01397	50.4252	200
2658	64.6874	7.1434	50.5525	200
2659	64.3241	7.26176	50.6755	200
2660	63.4111	7.35951	50.7892	200
2661	58.6583	7.36861	50.8595	200
2662	63.8355	7.46875	50.9753	200
2663	63.8027	7.56443	51.0898	200
2664	63.5592	7.65202	51.2012	200
2665	59.2433	7.65899	51.273	200
2666	64.3771	7.75622	51.39	200
2667	64.2111	7.84667	51.5045	200
2668	62.5352	7.90352	51.6029	200
2669	62.5407	7.95771	51.7006	200
2670	67.0689	8.09004	51.8378	200
2671	67.7119	8.22904	51.9795	200
2672	62.5853	8.27148	52.0742	200
2673	60.0139	8.26556	52.1451	200
2674	61.4801	8.28465	52.2285	200
2675	58.9288	8.25636	52.2883	200
2676	56.3595	8.18162	52.3247	200
2677	57.8171	8.1336	52.3737	200
2678	70.3483	8.30933	52.5342	200
2679	70.4061	8.48009	52.6938	200
2680	63.1708	8.51575	52.7873	200
2681	51.9261	8.37906	52.7796	200
2682	57.2437	8.30915	52.8195	200
2683	57.3044	8.24086	52.8595	200
2684	57.3192	8.17334	52.8993	200
2685	57.2962	8.1059	52.9386	200
2686	57.2069	8.03738	52.9767	200
2687	57.2597	7.97033	53.0149	200
2688	52.1707	7.84308	53.0074	200
2689	52.1701	7.71798	52.9999	200
2690	46.8997	7.68909	52.9455	200
2691	47.0366	7.6573	52.8927	200
2692	50.1792	7.56901	52.8685	200
2693	49.8274	7.48816	52.8413	200
2694	44.6579	7.50057	52.7682	200
2695	44.7124	7.51049	52.6963	200
2696	53.3978	7.3889	52.7026	200
2697	60.1116	7.38926	52.7687	200
2698	60.0938	7.38811	52.8341	200
2699	59.7237	7.37921	52.8956	200
2700	63.8259	7.44262	52.9932	200
2701	63.6354	7.49975	53.0883	200
2702	59.3147	7.47701	53.1439	200
2703	59.3234	7.45384	53.199	200
2704	62.7175	7.49071	53.284	200
2705	59.1459	7.46162	53.3363	200
2706	46.3019	7.45399	53.2735	200
2707	52.9999	7.32577	53.2711	200
2708	53.2428	7.19546	53.2708	200
2709	53.9698	7.08718	53.2767	200
2710	53.9721	6.98065	53.2825	200
2711	50.6723	6.90781	53.2607	200
2712	57.2318	6.85887	53.2938	200
2713	52.7022	6.75441	53.2889	200
2714	52.6881	6.65185	53.2839	200
2715	52.5779	6.55276	53.278	200
2716	57.8174	6.5192	53.3158	200
2717	57.7439	6.48435	53.3527	200
2718	57.8711	6.45158	53.3904	200
2719	57.8595	6.41854	53.4276	200
2720	57.9493	6.38692	53.4653	200
2721	54.7891	6.30254	53.4763	200
2722	57.9912	6.27274	53.5139	200
2723	57.9557	6.24223	53.551	200
2724	58.2137	6.2159	53.5898	200
2725	51.5226	6.14675	53.5726	200
2726	56.9555	6.10069	53.6008	200
2727	57.0326	6.05621	53.6294	200
2728	56.7144	6.00669	53.6551	200
2729	52.9688	5.91801	53.6494	200
2730	67.381	6.04824	53.7638	200
2731	67.1736	6.17093	53.8755	200
2732	67.4308	6.294	53.9885	200
2733	67.2463	6.41007	54.099	200
2734	66.8878	6.51638	54.2056	200
2735	70.1271	6.67313	54.3382	200
2736	63.519	6.71492	54.4147	200
2737	63.3983	6.75273	54.4896	200
2738	63.6209	6.79238	54.5657	200
2739	67.755	6.89899	54.6756	200
2740	67.9523	7.00529	54.7862	200
2741	66.1833	7.07848	54.8812	200
2742	64.5912	7.12234	54.9621	200
2743	72.1189	7.28958	55.1051	200
2744	73.4127	7.47321	55.2577	200
2745	73.494	7.6526	55.4096	200
2746	69.7949	7.76481	55.5295	200
2747	69.7263	7.87201	55.6478	200
2748	69.4981	7.97164	55.7632	200
2749	69.8395	8.07339	55.8805	200
2750	74.7981	8.25412	56.0382	200
2751	74.9557	8.43184	56.1958	200
2752	71.7109	8.5499	56.3251	200
2753	71.7648	8.66473	56.4538	200
2754	71.5051	8.77117	56.5792	200
2755	74.2433	8.91939	56.7264	200
2756	62.752	8.87115	56.7766	200
2757	57.9807	8.74337	56.7867	200
2758	58.3432	8.62359	56.7996	200
2759	62.82	8.5802	56.8498	200
2760	48.1137	8.5828	56.777	200
2761	48.1709	8.58319	56.7053	200
2762	52.1663	8.51578	56.6675	200
2763	49.0981	8.50001	56.6044	200
2764	49.1537	8.48252	56.5423	200
2765	51.5718	8.42399	56.5009	200
2766	56.1548	8.28936	56.498	200
2767	57.4343	8.1668	56.5058	200
2768	57.4068	8.04571	56.5133	200
2769	58.3056	7.94148	56.5282	200
2770	57.4418	7.83167	56.5354	200
2771	57.1896	7.71952	56.5405	200
2772	56.8239	7.60334	56.5427	200
2773	51.8733	7.55749	56.5062	200
2774	49.4964	7.54893	56.4514	200
2775	58.7363	7.46668	56.4693	200
2776	58.6074	7.38342	56.486	200
2777	57.0084	7.27622	56.4901	200
2778	57.0394	7.17111	56.4944	200
2779	57.0944	7.06843	56.4991	200
2780	62.066	7.04497	56.5425	200
2781	56.9854	6.94181	56.546	200
2782	57.6896	6.85122	56.5549	200
2783	61.6027	6.82304	56.5944	200
2784	62.0315	6.80138	56.6369	200
2785	66.9028	6.85552	56.7171	200
2786	62.1175	6.83278	56.7592	200
2787	61.4781	6.79975	56.7961	200
2788	61.4044	6.76551	56.8321	200
2789	61.049	6.72569	56.8651	200
2790	56.1818	6.63127	56.8597	200
2791	63.1071	6.62527	56.9085	200
2792	63.2008	6.62007	56.9577	200
2793	59.0581	6.54945	56.9741	200
2794	59.5247	6.48697	56.994	200
2795	61.4753	6.45563	57.029	200
2796	56.302	6.36612	57.0233	200
2797	51.667	6.35034	56.9815	200
2798	55.2759	6.27777	56.9682	200
2799	55.178	6.20765	56.9542	200
2800	54.7538	6.14503	56.937	200
2801	59.5817	6.09034	56.9577	200
2802	55.498	6.01799	56.9463	200
2803	60.8945	5.98564	56.9771	200
2804	60.873	5.95299	57.0075	200
2805	61.0203	5.92267	57.0389	200
2806	55.8546	5.84864	57.0296	200
2807	45.3793	5.93929	56.9386	200
2808	45.4754	6.0256	56.8491	200
2809	54.023	5.97561	56.827	200
2810	54.0503	5.92562	56.8053	200
2811	54.1024	5.87527	56.7842	200
2812	48.6938	5.90988	56.721	200
2813	48.6692	5.94334	56.6581	200
2814	53.1054	5.90599	56.6303	200
2815	61.095	5.88347	56.6652	200
2816	60.6193	5.85332	56.6961	200
2817	56.0696	5.77165	56.6912	200
2818	61.4204	5.75537	56.7281	200
2819	62.0164	5.74807	56.7694	200
2820	62.1151	5.74178	56.8112	200
2821	62.2549	5.73712	56.8537	200
2822	62.3203	5.73289	56.8964	200
2823	59.0686	5.67726	56.9134	200
2824	58.8853	5.61936	56.9288	200
2825	58.7812	5.5605	56.9433	200
2826	58.2848	5.49458	56.9538	200
2827	60.6816	5.46697	56.9829	200
2828	60.057	5.42958	57.0069	200
2829	65.5394	5.47806	57.0736	200
2830	60.8668	5.45174	57.1032	200
2831	65.7356	5.50143	57.1706	200
2832	65.3957	5.54399	57.2349	200
2833	60.7757	5.51269	57.2626	200
2834	66.3554	5.56863	57.3336	200
2835	66.994	5.6288	57.4046	200
2836	61.7384	5.60976	57.4365	200
2837	62.7194	5.60495	57.4753	200
2838	62.5427	5.59704	57.5126	200
2839	64.3083	5.61467	57.5626	200
2840	64.1876	5.62953	57.6113	200
2841	64.0893	5.64201	57.6589	200
2842	56.041	5.58283	57.647	200
2843	61.389	5.55576	57.6745	200
2844	61.4596	5.52972	57.7024	200
2845	62.1944	5.51446	57.7354	200
2846	62.4462	5.50264	57.77	200
2847	60.8295	5.46671	57.7925	200
2848	49.0711	5.51457	57.7284	200
2849	49.3422	5.5568	57.6667	200
2850	54.1417	5.52692	57.6408	200
2851	49.0194	5.57243	57.5774	200
2852	53.0803	5.55662	57.5443	200
2853	60.3146	5.51564	57.5647	200
2854	63.6316	5.52374	57.6093	200
2855	63.5946	5.53053	57.6533	200
2856	59.4786	5.47604	57.6668	200
2857	59.9812	5.42955	57.6838	200
2858	64.6799	5.45258	57.7352	200
2859	64.6229	5.47369	57.7859	200
2860	60.314	5.43037	57.8044	200
2861	60.4541	5.38948	57.8239	200
2862	54.9571	5.35238	57.8028	200
2863	54.6388	5.3202	57.7796	200
2864	54.9762	5.28319	57.759	200
2865	55.0277	5.24566	57.7389	200
2866	68.0807	5.3206	57.8149	200
2867	62.7901	5.31552	57.8515	200
2868	63.0219	5.31339	57.8895	200
2869	64.8022	5.3369	57.9404	200
2870	65.5836	5.37082	57.9965	200
2871	69.421	5.45984	58.0806	200
2872	69.534	5.54798	58.1648	200
2873	73.5262	5.6923	58.2777	200
2874	73.7525	5.83616	58.3915	200
2875	73.9458	5.97907	58.5059	200
2876	73.7099	6.11473	58.6177	200
2877	71.8884	6.21997	58.7152	200
2878	71.7419	6.32006	58.811	200
2879	70.9573	6.40574	58.9003	200
2880	70.8132	6.48673	58.9879	200
2881	67.2625	6.51302	59.0488	200
2882	67.1963	6.53706	59.1087	200
2883	71.4946	6.62307	59.1998	200
2884	66.406	6.63164	59.2527	200
2885	66.1762	6.63593	59.3036	200
2886	61.5451	6.57131	59.3201	200
2887	54.2254	6.54959	59.2827	200
2888	56.3238	6.49679	59.2609	200
2889	56.2977	6.44482	59.2391	200
2890	72.953	6.55172	59.34	200
2891	72.8009	6.65333	59.4389	200
2892	69.7264	6.70677	59.5146	200
2893	69.9004	6.76087	59.5909	200
2894	72.7089	6.85436	59.6874	200
2895	72.5801	6.94316	59.7822	200
2896	72.5882	7.02937	59.8764	200
2897	72.6789	7.11427	59.9705	200
2898	67.5631	7.12131	60.0263	200
2899	67.4961	7.12643	60.0812	200
2900	60.7386	7.0313	60.0861	200
2901	60.667	6.93644	60.0904	200
2902	60.5943	6.84184	60.0941	200
2903	60.8825	6.75282	60.0999	200
2904	58.6331	6.6794	60.0897	200
2905	69.3749	6.71559	60.1541	200
2906	64.5194	6.68295	60.1845	200
2907	64.5112	6.65022	60.2145	200
2908	58.9681	6.57517	60.2059	200
2909	58.8198	6.5031	60.1962	200
2910	59.6249	6.42071	60.1923	200
2911	62.4324	6.36265	60.2078	200
2912	58.8152	6.29362	60.1981	200
2913	58.8028	6.22559	60.1885	200
2914	58.7649	6.15889	60.1786	200
2915	59.9543	6.07646	60.177	200
2916	63.7924	6.04228	60.2021	200
2917	63.7317	6.00738	60.2266	200
2918	59.8325	5.92942	60.2239	200
2919	59.8105	5.85281	60.221	200
2920	59.8281	5.77698	60.2183	200
2921	65.2668	5.76686	60.2533	200
2922	69.5108	5.81534	60.3176	200
2923	64.3586	5.7907	60.3457	200
2924	64.3803	5.76631	60.3737	200
2925	52.695	5.79286	60.3204	200
2926	73.3084	5.8928	60.4106	200
2927	71.699	5.96774	60.489	200
2928	71.7819	6.0417	60.5674	200
2929	68.9974	6.07487	60.6259	200
2930	70.6698	6.12999	60.6957	200
2931	70.7798	6.18491	60.7657	200
2932	70.7858	6.23818	60.8353	200
2933	70.7374	6.28906	60.9041	200
2934	75.5735	6.40546	61.0059	200
2935	69.3848	6.43286	61.0641	200
2936	69.2916	6.45779	61.1213	200
2937	72.859	6.53112	61.2028	200
2938	72.6371	6.59922	61.2822	200
2939	75.3637	6.70314	61.38	200
2940	77.228	6.83015	61.49	200
2941	65.6308	6.7928	61.5188	200
2942	65.6953	6.75646	61.5478	200
2943	68.5972	6.76053	61.5967	200
2944	70.0742	6.78438	61.6556	200
2945	71.2261	6.82307	61.7221	200
2946	70.5086	6.85034	61.7831	200
2947	71.1324	6.88505	61.848	200
2948	72.7013	6.94017	61.9234	200
2949	73.5	7.00456	62.0038	200
2950	78.6133	7.13796	62.1191	200
2951	81.8121	7.31234	62.2559	200
2952	78.2562	7.433	62.367	200
2953	78.5771	7.55491	62.4795	200
2954	81.336	7.71187	62.6105	200
2955	81.506	7.8672	62.7417	200
2956	81.4417	8.01766	62.8716	200
2957	75.9946	8.08856	62.9627	200
2958	75.7245	8.15347	63.0513	200
2959	75.2614	8.20981	63.1361	200
2960	77.0714	8.28933	63.2329	200
2961	72.1426	8.29795	63.2948	200
2962	51.3306	8.34887	63.2117	200
2963	52.7528	8.37817	63.139	200
2964	53.4273	8.39669	63.0716	200
2965	63.4389	8.28517	63.0742	200
2966	61.7845	8.18801	63.0652	200
2967	61.6796	8.09353	63.0556	200
2968	61.7302	7.99953	63.0464	200
2969	61.7521	7.9064	63.0374	200
2970	56.9102	7.88169	62.9948	200
2971	60.2001	7.81104	62.9754	200
2972	60.1278	7.7421	62.9556	200
2973	56.4192	7.72536	62.9103	200
2974	63.7934	7.63032	62.9164	200
2975	65.6501	7.56231	62.9354	200
2976	65.93	7.49887	62.9562	200
2977	69.2858	7.48349	62.9978	200
2978	74.3867	7.53488	63.0727	200
2979	74.3953	7.58471	63.1472	200
2980	71.3	7.59219	63.2009	200
2981	69.6886	7.57766	63.2435	200
2982	68.4475	7.54642	63.2778	200
2983	71.7291	7.55833	63.3334	200
2984	68.0158	7.52049	63.3642	200
2985	66.5581	7.46356	63.3852	200
2986	66.0128	7.39993	63.4025	200
2987	61.1213	7.33258	63.3875	200
2988	56.9324	7.32103	63.345	200
2989	56.6016	7.31343	63.3006	200
2990	66.8657	7.26411	63.3241	200
2991	63.4263	7.16987	63.3248	200
2992	63.3525	7.07589	63.325	200
2993	67.7576	7.04111	63.3541	200
2994	67.8336	7.00741	63.3836	200
2995	64.022	6.9236	63.3878	200
2996	65.0198	6.85398	63.3985	200
2997	63.1673	6.76684	63.397	200
2998	63.1981	6.68041	63.3957	200
2999	65.4379	6.61939	63.4091	200
3000	64.2485	6.54333	63.4146	200
3001	64.3025	6.46892	63.4205	200
3002	54.2857	6.50399	63.3604	200
3003	55.7725	6.51825	63.3105	200
3004	59.9427	6.4768	63.2883	200
3005	59.8289	6.4371	63.2656	200
3006	59.7022	6.39928	63.2421	200
3007	59.8291	6.35999	63.2197	200
3008	61.6537	6.29691	63.2094	200
3009	63.1437	6.21492	63.2089	200
3010	66.7935	6.18031	63.2325	200
3011	59.436	6.14894	63.2075	200
3012	59.0632	6.12256	63.1803	200
3013	70.8237	6.14257	63.2305	200
3014	71.1267	6.16565	63.2825	200
3015	66.0657	6.12114	63.3008	200
3016	60.9263	6.07184	63.2852	200
3017	61.0905	6.02083	63.2707	200
3018	62.9163	5.94627	63.2684	200
3019	62.8181	5.87395	63.2654	200
3020	62.7698	5.80319	63.2622	200
3021	59.2996	5.77897	63.2361	200
3022	59.4475	5.75278	63.2112	200
3023	74.0696	5.81996	63.2826	200
3024	74.6095	5.89241	63.3571	200
3025	74.5502	5.96216	63.4308	200
3026	74.4412	6.02858	63.5032	200
3027	74.4073	6.09273	63.575	200
3028	63.9673	6.01773	63.5775	200
3029	64.2633	5.94757	63.582	200
3030	68.1261	5.9291	63.6119	200
3031	63.6185	5.85117	63.612	200
3032	68.4519	5.83787	63.6438	200
3033	69.3549	5.8362	63.6814	200
3034	68.3999	5.82149	63.7124	200
3035	69.0325	5.81489	63.7474	200
3036	78.6116	5.93396	63.8452	200
3037	77.6351	6.03733	63.936	200
3038	77.2953	6.13367	64.0238	200
3039	77.4885	6.23013	64.1124	200
3040	78.0163	6.3311	64.2039	200
3041	76.561	6.41039	64.2852	200
3042	73.6908	6.4498	64.3471	200
3043	73.8327	6.48974	64.4095	200
3044	74.8886	6.54223	64.4784	200
3045	77.2175	6.62377	64.5622	200
3046	71.8128	6.63202	64.6099	200
3047	80.5036	6.75388	64.7145	200
3048	86.5589	6.95244	64.8582	200
3049	86.5233	7.14603	65.0007	200
3050	82.4173	7.28117	65.1153	200
3051	73.2435	7.29231	65.1688	200
3052	73.1737	7.30169	65.2215	200
3053	74.136	7.32291	65.2801	200
3054	81.8671	7.43871	65.3838	200
3055	87.3998	7.62093	65.5214	200
3056	87.2753	7.79759	65.6573	200
3057	85.5571	7.94886	65.7817	200
3058	85.7471	8.09907	65.9065	200
3059	85.8461	8.24708	66.0311	200
3060	85.9404	8.39286	66.1555	200
3061	85.9535	8.53542	66.2793	200
3062	74.6938	8.53391	66.3319	200
3063	75.1432	8.53737	66.3869	200
3064	81.3374	8.61754	66.4804	200
3065	85.6475	8.74941	66.6002	200
3066	85.6287	8.8779	66.7191	200
3067	85.5054	9.00175	66.8365	200
3068	85.4523	9.12192	66.9529	200
3069	81.3872	9.18833	67.0431	200
3070	81.3854	9.25275	67.1327	200
3071	76.4511	9.25357	67.191	200
3072	79.0662	9.28634	67.2652	200
3073	79.2638	9.32024	67.3402	200
3074	78.8606	9.34774	67.4122	200
3075	75.3178	9.32972	67.4616	200
3076	73.9686	9.29443	67.5022	200
3077	77.425	9.30229	67.5643	200
3078	79.2482	9.33206	67.6373	200
3079	83.5082	9.41379	67.7365	200
3080	90.0552	9.5751	67.876	200
3081	88.9284	9.71857	68.0076	200
3082	88.9592	9.85898	68.1385	200
3083	88.1022	9.98529	68.2633	200
3084	85.7571	10.0791	68.3726	200
3085	89.3982	10.216	68.504	200
3086	79.2076	10.2221	68.5709	200
3087	79.6227	10.2324	68.64	200
3088	79.6147	10.2417	68.7086	200
3089	79.5867	10.2497	68.7766	200
3090	76.9126	10.2233	68.8274	200
3091	82.813	10.2703	68.9148	200
3092	90.2302	10.4083	69.048	200
3093	91.6698	10.561	69.1894	200
3094	83.9826	10.6139	69.2819	200
3095	78.2964	10.5939	69.3382	200
3096	83.2667	10.6356	69.4253	200
3097	84.6384	10.6928	69.5204	200
3098	84.4108	10.7453	69.6134	200
3099	84.3694	10.7954	69.7057	200
3100	89.9944	10.9141	69.8325	200
3101	96.9514	11.1166	70.0019	200
3102	93.5451	11.272	70.1491	200
3103	96.287	11.4578	70.3125	200
3104	90.0576	11.5614	70.4359	200
3105	85.5917	11.6063	70.5306	200
3106	85.6984	11.6508	70.6254	200
3107	85.75	11.6943	70.7199	200
3108	85.6181	11.7343	70.813	200
3109	86.0947	11.7787	70.9085	200
3110	89.3256	11.8616	71.0236	200
3111	89.3619	11.9426	71.1383	200
3112	85.5994	11.9741	71.2286	200
3113	85.5034	12.0028	71.3179	200
3114	85.5271	12.0304	71.4067	200
3115	84.9536	12.0494	71.4913	200
3116	85.3437	12.0719	71.5779	200
3117	83.1514	12.0657	71.6502	200
3118	81.712	12.0406	71.7131	200
3119	77.0609	11.957	71.7465	200
3120	71.035	11.8164	71.7421	200
3121	80.4747	11.7778	71.7967	200
3122	80.7427	11.7424	71.8526	200
3123	80.5534	11.7044	71.907	200
3124	85.2214	11.7246	71.9902	200
3125	81.8074	11.7007	72.0515	200
3126	82.2476	11.6819	72.1153	200
3127	72.2178	11.5372	72.1159	200
3128	72.2923	11.3951	72.117	200
3129	72.3591	11.2557	72.1185	200
3130	72.2733	11.117	72.1195	200
3131	71.0162	10.9918	72.1126	200
3132	63.1221	10.9668	72.0564	200
3133	61.8945	10.9567	71.9929	200
3134	62.0237	10.9444	71.9306	200
3135	61.7619	10.9351	71.8701	200
3136	62.0659	10.9217	71.8117	200
3137	60.262	10.9292	71.7429	200
3138	58.8671	10.9523	71.6663	200
3139	58.976	10.973	71.5908	200
3140	59.0438	10.9918	71.5161	200
3141	53.3342	11.0774	71.4079	200
3142	46.1938	11.2456	71.2578	200
3143	46.1094	11.4112	71.1081	200
3144	47.4424	11.557	70.9672	200
3145	47.3857	11.7002	70.8268	200
3146	47.661	11.8367	70.6889	200
3147	63.3765	11.7828	70.6454	200
3148	63.4087	11.7287	70.6023	200
3149	68.2089	11.6176	70.5881	200
3150	68.5028	11.5041	70.5757	200
3151	71.2383	11.375	70.5796	200
3152	71.6272	11.2521	70.5859	200
3153	72.0648	11.1357	70.5947	200
3154	75.6566	11.0634	70.6248	200
3155	75.3554	10.988	70.653	200
3156	70.4445	10.8597	70.6517	200
3157	74.5029	10.7763	70.6746	200
3158	73.9851	10.6874	70.6943	200
3159	80.3237	10.6748	70.7517	200
3160	82.183	10.6838	70.8197	200
3161	81.615	10.6851	70.884	200
3162	72.0282	10.5715	70.8908	200
3163	71.7191	10.4555	70.8957	200
3164	77.2665	10.4069	70.9336	200
3165	73.2952	10.3111	70.9477	200
3166	73.2723	10.2161	70.9615	200
3167	76.673	10.1624	70.9955	200
3168	76.61	10.1083	71.0289	200
3169	76.5832	10.0541	71.062	200
3170	76.5679	9.99994	71.0948	200
3171	76.6217	9.94669	71.1277	200
3172	71.8545	9.83692	71.132	200
3173	71.4709	9.72385	71.134	200
3174	71.414	9.61143	71.1357	200
3175	75.9887	9.55478	71.1646	200
3176	77.1846	9.5127	71.2004	200
3177	77.6234	9.47591	71.2386	200
3178	77.3412	9.43576	71.2749	200
3179	77.5246	9.39782	71.3121	200
3180	77.4157	9.35861	71.3485	200
3181	77.3428	9.31855	71.3842	200
3182	77.5322	9.28081	71.4208	200
3183	77.5035	9.24274	71.457	200
3184	84.5143	9.28815	71.5347	200
3185	84.7005	9.33431	71.613	200
3186	83.131	9.36031	71.6816	200
3187	83.0638	9.38438	71.7494	200
3188	82.828	9.40455	71.8153	200
3189	67.9469	9.33864	71.7923	200
3190	71.2402	9.23404	71.789	200
3191	78.0743	9.19893	71.8264	200
3192	77.8025	9.16057	71.862	200
3193	72.1652	9.05512	71.8638	200
3194	75.4981	8.99059	71.8854	200
3195	75.6198	8.92801	71.9076	200
3196	76.624	8.87787	71.9357	200
3197	76.9377	8.83173	71.9655	200
3198	76.3826	8.77918	71.9918	200
3199	72.0833	8.67575	71.9923	200
3200	77.0017	8.63211	72.0221	200
3201	69.5197	8.55913	72.0072	200
3202	67.9949	8.505	71.9834	200
3203	68.1845	8.44898	71.9607	200
3204	82.5127	8.47401	72.0236	200
3205	82.3694	8.4963	72.0851	200
3206	77.1337	8.45525	72.1152	200
3207	81.5412	8.46681	72.1713	200
3208	81.4342	8.47629	72.2264	200
3209	82.6645	8.49964	72.2886	200
3210	82.7742	8.52328	72.351	200
3211	83.0129	8.54874	72.4144	200
3212	83.0104	8.57311	72.4775	200
3213	83.1335	8.59791	72.5409	200
3214	83.1495	8.62185	72.6041	200
3215	83.1936	8.64527	72.6671	200
3216	86.8251	8.7109	72.7514	200
3217	82.1934	8.7196	72.8076	200
3218	81.5975	8.72044	72.8599	200
3219	86.6333	8.78059	72.9419	200
3220	96.0785	8.94373	73.0733	200
3221	97.1822	9.11606	73.2103	200
3222	93.8308	9.24679	73.3275	200
3223	94.2339	9.37928	73.4463	200
3224	99.164	9.56495	73.5924	200
3225	99.2002	9.74725	73.7379	200
3226	99.1425	9.92517	73.8822	200
3227	98.2242	10.089	74.0205	200
3228	98.1482	10.2485	74.1576	200
3229	98.2178	10.4055	74.2943	200
3230	98.6351	10.5638	74.4326	200
3231	98.4428	10.7166	74.5691	200
3232	102.382	10.9109	74.7271	200
3233	98.984	11.0626	74.8649	200
3234	87.3315	11.0785	74.9357	200
3235	87.1528	11.0915	75.0052	200
3236	93.5409	11.1761	75.1105	200
3237	89.856	11.2166	75.1943	200
3238	89.4676	11.2514	75.2754	200
3239	84.8908	11.2328	75.33	200
3240	84.8905	11.2138	75.3843	200
3241	87.5784	11.2249	75.4536	200
3242	87.5871	11.2352	75.5225	200
3243	82.1136	11.1825	75.56	200
3244	81.9116	11.1276	75.5961	200
3245	86.5388	11.1255	75.6582	200
3246	86.5104	11.1223	75.7199	200
3247	72.6528	11.0308	75.7025	200
3248	72.871	10.9376	75.6864	200
3249	76.389	10.8213	75.6904	200
3250	71.1627	10.7498	75.6647	200
3251	76.329	10.6352	75.6684	200
3252	71.3284	10.5637	75.6438	200
3253	71.3293	10.4927	75.6193	200
3254	71.142	10.4243	75.5938	200
3255	71.1325	10.3565	75.5685	200
3256	70.9673	10.2911	75.5423	200
3257	71.0541	10.2252	75.5168	200
3258	75.4395	10.1099	75.5164	200
3259	71.7392	10.0379	75.4949	200
3260	71.7482	9.96642	75.4736	200
3261	71.3141	9.90043	75.45	200
3262	73.0208	9.81553	75.4362	200
3263	73.2602	9.72872	75.4238	200
3264	72.3925	9.65261	75.4066	200
3265	72.2313	9.579	75.3886	200
3266	72.2344	9.50599	75.3706	200
3267	71.8707	9.43774	75.3508	200
3268	72.686	9.36078	75.3356	200
3269	72.4986	9.28664	75.3195	200
3270	76.1829	9.19092	75.3244	200
3271	70.2702	9.14391	75.2957	200
3272	70.2521	9.09732	75.267	200
3273	66.9265	9.08872	75.2196	200
3274	70.9317	9.03416	75.1953	200
3275	71.0478	8.97863	75.1717	200
3276	66.0669	8.98007	75.12	200
3277	78.4777	8.91618	75.1391	200
3278	78.7549	8.85594	75.1596	200
3279	81.976	8.83277	75.1983	200
3280	75.3475	8.73409	75.1992	200
3281	75.7197	8.64075	75.2021	200
3282	81.0614	8.60914	75.2354	200
3283	80.9167	8.57587	75.2677	200
3284	80.7172	8.54035	75.2987	200
3285	77.9522	8.47345	75.3137	200
3286	77.9689	8.40733	75.3288	200
3287	77.7744	8.33958	75.3427	200
3288	77.5364	8.26974	75.3552	200
3289	78.9259	8.21635	75.3755	200
3290	82.2644	8.20126	75.4146	200
3291	92.2492	8.29936	75.5103	200
3292	92.525	8.3984	75.6069	200
3293	88.7195	8.45197	75.6814	200
3294	93.5499	8.55898	75.783	200
3295	88.5921	8.60727	75.8557	200
3296	88.7608	8.65611	75.9291	200
3297	96.8818	8.79584	76.0481	200
3298	96.9389	8.93329	76.1668	200
3299	97.1761	9.07051	76.2862	200
3300	97.4774	9.20825	76.4066	200
3301	98.545	9.35518	76.5324	200
3302	94.1274	9.44882	76.6323	200
3303	95.1704	9.5521	76.7377	200
3304	100.131	9.70939	76.8706	200
3305	100.167	9.86379	77.003	200
3306	93.6189	9.94051	77.0974	200
3307	93.5193	10.0142	77.1907	200
3308	93.9536	10.0909	77.2859	200
3309	88.6325	10.1045	77.3476	200
3310	99.2145	10.2324	77.4664	200
3311	103.954	10.409	77.6104	200
3312	103.978	10.5825	77.7537	200
3313	104.348	10.7565	77.8982	200
3314	104.233	10.9259	78.0413	200
3315	100.661	11.053	78.1643	200
3316	100.754	11.1784	78.287	200
3317	100.868	11.308	78.4153	200
3318	100.462	11.43	78.5406	200
3319	96.2507	11.5048	78.646	200
3320	99.7701	11.6193	78.7718	200
3321	99.6903	11.7355	78.9025	200
3322	87.3554	11.6945	78.9553	200
3323	87.0896	11.6476	79.0088	200
3324	88.77	11.6228	79.0731	200
3325	88.9893	11.5991	79.1419	200
3326	94.2956	11.6485	79.2472	200
3327	89.2328	11.624	79.3206	200
3328	89.4016	11.6013	79.3947	200
3329	89.8442	11.5833	79.4763	200
3330	93.8578	11.6271	79.5887	200
3331	93.7948	11.67	79.7071	200
3332	93.7744	11.71	79.8243	200
3333	93.7395	11.7494	79.9485	200
3334	87.0634	11.6666	80.0121	200
3335	88.6213	11.6078	80.0949	200
3336	84.179	11.4631	80.1341	200
3337	88.7724	11.4043	80.2241	200
3338	88.8374	11.3461	80.3138	200
3339	84.0843	11.1883	80.3531	200
3340	83.8229	11.0275	80.3892	200
3341	83.6154	10.865	80.4228	200
3342	75.4652	10.7419	80.3712	200
3343	81.0487	10.5322	80.3783	200
3344	81.7678	10.3418	80.3927	200
3345	81.5881	10.1512	80.4052	200
3346	80.5656	9.94306	80.4069	200
3347	80.6652	9.74129	80.4095	200
3348	82.1568	9.57475	80.4277	200
3349	77.2141	9.44223	80.3943	200
3350	82.962	9.29901	80.421	200
3351	83.6971	9.17353	80.4551	200
3352	93.1438	9.24676	80.5873	200
3353	92.7772	9.30808	80.7143	200
3354	93.2473	9.37526	80.8448	200
3355	94.2593	9.45941	80.9846	200
3356	82.7623	9.29938	81.0031	200
3357	83.5895	9.15952	81.03	200
3358	90.0268	9.15613	81.1238	200
3359	84.0865	9.0271	81.1546	200
3360	84.2518	8.90356	81.1869	200
3361	87.5253	8.85012	81.2529	200
3362	49.0247	9.33716	80.9172	200
3363	48.9507	9.80861	80.5842	200
3364	49.1636	10.2589	80.2569	200
3365	54.4023	10.5838	79.9876	200
3366	54.3424	10.8975	79.7205	200
3367	55.8974	11.1668	79.4723	200
3368	54.9356	11.4454	79.2167	200
3369	58.3429	11.6418	78.9993	200
3370	58.157	11.8335	78.7822	200
3371	58.0653	12.0185	78.5664	200
3372	55.6117	12.2464	78.3272	200
3373	55.7821	12.4609	78.0924	200
3374	55.2344	12.6775	77.8543	200
3375	54.4263	12.9015	77.6103	200
3376	50.7092	13.1932	77.33	200
3377	50.7315	13.4724	77.053	200
3378	50.4547	13.7459	76.7759	200
3379	45.861	14.1036	76.4539	200
3380	45.9947	14.4443	76.1366	200
3381	44.3044	14.8066	75.805	200
3382	37.8967	15.2879	75.4101	200
3383	37.7871	15.7532	75.0182	201.044
3384	37.6215	16.2041	74.6287	204.261
3385	57.5608	16.2221	74.4509	204.227
3386	61.0766	16.1627	74.3116	203.613
3387	61.1696	16.0998	74.1747	202.973
3388	61.1368	16.0409	74.0493	202.377
3389	61.0716	15.982	73.9245	201.781
3390	55.9115	16.0211	73.7513	201.92
3391	55.9618	16.0551	73.5803	202.021
3392	48.7804	16.2233	73.3418	203.128
3393	48.777	16.3837	73.1056	204.175
3394	56.5586	16.3868	72.9465	204.041
3395	56.6913	16.3843	72.7902	203.864
3396	56.8403	16.3759	72.6368	203.644
3397	56.8424	16.3647	72.485	203.403
3398	56.8638	16.3504	72.3347	203.138
3399	51.6976	16.4329	72.1363	203.599
3400	51.6946	16.51	71.9398	204.019
3401	49.3529	16.6268	71.7226	204.737
3402	49.3885	16.7366	71.5078	205.4
3403	49.2706	16.8424	71.294	206.033
3404	49.2581	16.9422	71.0821	206.62
3405	49.1543	17.0381	70.8713	207.176
3406	45.2058	17.204	70.6245	208.257
3407	45.2646	17.3609	70.3806	209.268
3408	50.5232	17.4089	70.1897	209.461
3409	50.6128	17.4506	70.0015	209.606
3410	31.4495	17.8564	69.6308	212.482
3411	27.9266	18.315	69.2298	215.75
3412	27.9508	18.7566	68.8329	218.886
3413	28.1428	19.1784	68.4416	221.869
3414	28.231	19.5829	68.055	224.718
3415	28.1811	19.9731	67.6716	227.456
3416	28.1769	20.3485	67.2918	230.08
3417	32.7111	20.6222	66.9593	231.937
3418	32.6481	20.8854	66.6294	233.713
3419	33.8962	21.1133	66.3146	235.221
3420	27.036	21.4626	65.937	237.638
3421	27.0476	21.7977	65.563	239.945
3422	27.1183	22.1179	65.1934	242.136
3423	27.1983	22.4232	64.828	244.214
3424	27.1421	22.7167	64.4657	246.199
3425	27.0044	23.0003	64.1055	248.108
3426	27.002	23.2715	63.7487	249.92
3427	27.5925	23.5193	63.401	251.555
3428	27.5892	23.7557	63.0567	253.102
3429	27.5238	23.9821	62.715	254.572
3430	27.4478	24.1992	62.3759	255.969
3431	27.4393	24.4056	62.04	257.285
3432	27.4799	24.6009	61.7077	258.515
3433	32.4436	24.6906	61.4263	258.951
3434	29.289	24.8338	61.1173	259.788
3435	29.3207	24.9677	60.8115	260.553
3436	25.2954	25.1706	60.47	261.835
3437	25.5568	25.3579	60.1343	262.998
3438	25.6513	25.5334	59.8028	264.07
3439	25.7152	25.6979	59.475	265.058
3440	25.983	25.8478	59.153	265.935
3441	29.8083	25.9102	58.891	266.173
3442	29.6619	25.9695	58.63	266.386
3443	29.601	26.0241	58.3708	266.564
3444	36.6663	25.947	58.177	265.753
3445	36.6364	25.8683	57.9847	264.931
3446	35.3009	25.8114	57.7821	264.274
3447	30.8314	25.8318	57.5415	264.196
3448	35.6899	25.7607	57.3464	263.432
3449	35.4365	25.6919	57.1508	262.686
3450	35.2838	25.6236	56.9555	261.945
3451	35.2061	25.5545	56.7613	261.197
3452	35.2347	25.4825	56.5691	260.429
3453	35.2648	25.4079	56.3789	259.642
3454	31.2005	25.4038	56.1541	259.385
3455	36.8132	25.2956	55.9814	258.346
3456	36.8529	25.1854	55.8106	257.294
3457	36.983	25.0719	55.6425	256.218
3458	37.1803	24.9539	55.4777	255.109
3459	37.3132	24.8326	55.3155	253.977
3460	36.9319	24.7175	55.1514	252.891
3461	39.587	24.554	55.0124	251.445
3462	45.4118	24.287	54.9267	249.223
3463	51.5145	23.9142	54.8962	246.21
3464	51.4011	23.5496	54.865	243.262
3465	51.4783	23.1896	54.8348	240.351
3466	51.4493	22.8359	54.8045	237.492
3467	55.5322	22.4411	54.811	234.34
3468	55.6519	22.0554	54.8185	231.262
3469	51.8046	21.7154	54.7916	228.515
3470	51.9492	21.3784	54.7663	225.793
3471	57.1499	21.0392	54.7875	223.101
3472	48.7773	20.7708	54.7339	220.9
3473	65.1153	20.5853	54.8266	219.509
3474	69.9785	20.4882	54.9618	218.868
3475	69.9336	20.3897	55.0955	218.213
3476	65.0279	20.203	55.1842	216.808
3477	65.1865	20.0208	55.2735	215.44
3478	68.4441	19.8985	55.3911	214.579
3479	68.3684	19.7749	55.507	213.706
3480	68.4992	19.6538	55.623	212.853
3481	69.1271	19.544	55.7435	212.095
3482	69.1134	19.4337	55.8629	211.333
3483	63.5146	19.2233	55.9312	209.718
3484	63.532	19.0158	55.9991	208.125
3485	63.3499	18.8075	56.0647	206.525
3486	63.102	18.5973	56.1276	204.906
3487	63.0205	18.3883	56.1891	203.295
3488	63.2241	18.1856	56.2519	201.736
3489	58.3858	17.8989	56.271	200
3490	52.6012	17.6448	56.2382	200
3491	47.9147	17.4784	56.1639	200
3492	47.815	17.3153	56.0893	200
3493	62.65	17.1233	56.1479	200
3494	64.3693	16.9643	56.2213	200
3495	66.6773	16.8481	56.3147	200
3496	68.0493	16.7568	56.4195	200
3497	75.1754	16.7925	56.5869	200
3498	78.0035	16.8696	56.7654	200
3499	77.9253	16.9411	56.9417	200
3500	75.1011	16.9614	57.0931	200
3501	74.551	16.9696	57.2385	200
3502	58.2471	16.7036	57.2469	200
3503	54.5509	16.4702	57.2245	200
3504	54.5456	16.2403	57.2021	200
3505	54.4942	16.0148	57.1796	200
3506	54.4273	15.7937	57.1566	200
3507	53.2411	15.5958	57.124	200
3508	53.3011	15.3995	57.0922	200
3509	53.2948	15.2062	57.0605	200
3510	55.2233	14.9834	57.0452	200
3511	55.2128	14.7642	57.0299	200
3512	59.7267	14.5631	57.0524	200
3513	59.978	14.3691	57.0768	200
3514	61.3594	14.201	57.1125	200
3515	61.9648	14.0452	57.1529	200
3516	68.0038	13.9919	57.2433	200
3517	63.635	13.8653	57.2966	200
3518	63.7517	13.7418	57.3504	200
3519	64.7554	13.6362	57.4121	200
3520	63.2391	13.506	57.4606	200
3521	65.0535	13.4074	57.5239	200
3522	50.5186	13.3007	57.4655	200
3523	51.6883	13.1753	57.4174	200
3524	47.3823	13.123	57.3338	200
3525	45.9969	13.0932	57.2393	200
3526	39.9457	13.1632	57.0952	200
3527	55.3789	12.9725	57.0809	200
3528	57.6911	12.7664	57.086	200
3529	57.7174	12.5642	57.0912	200
3530	65.5342	12.4955	57.1616	200
3531	66.2702	12.439	57.2375	200
3532	66.6789	12.3891	57.3162	200
3533	65.5637	12.3201	57.3849	200
3534	65.5853	12.2514	57.4532	200
3535	65.7609	12.1857	57.5225	200
3536	65.6852	12.1186	57.5905	200
3537	68.0951	12.0917	57.678	200
3538	68.0263	12.0627	57.7643	200
3539	68.0348	12.0328	57.8498	200
3540	65.845	11.9655	57.9165	200
3541	66.102	11.9025	57.9847	200
3542	63.5362	11.7966	58.0309	200
3543	65.3681	11.7223	58.0921	200
3544	63.943	11.6245	58.1408	200
3545	63.3764	11.518	58.1845	200
3546	57.4019	11.3391	58.178	200
3547	56.8951	11.1714	58.1673	200
3548	62.3167	11.0544	58.2018	200
3549	61.1238	10.9189	58.2262	200
3550	61.1076	10.7849	58.2502	200
3551	64.4711	10.7088	58.302	200
3552	63.9062	10.6238	58.3487	200
3553	60.7958	10.4875	58.3691	200
3554	58.7227	10.3186	58.3721	200
3555	58.8856	10.1552	58.3764	200
3556	57.8533	9.99464	58.372	200
3557	47.1354	10.0153	58.2784	200
3558	47.6094	10.0255	58.195	200
3559	45.7124	10.0639	58.0975	200
3560	52.3153	9.99704	58.0523	200
3561	42.441	10.0848	57.9303	200
3562	55.1351	9.97086	57.9085	200
3563	59.0844	9.83344	57.9177	200
3564	59.2517	9.70063	57.9281	200
3565	60.2167	9.58482	57.946	200
3566	60.0547	9.468	57.9625	200
3567	60.3202	9.3569	57.9809	200
3568	58.0091	9.21114	57.9811	200
3569	58.5036	9.07538	57.9852	200
3570	66.4497	9.06584	58.0513	200
3571	66.0234	9.04875	58.1136	200
3572	65.9329	9.02954	58.1747	200
3573	66.9835	9.02609	58.2435	200
3574	64.9138	8.98928	58.2956	200
3575	69.3837	9.02207	58.3822	200
3576	69.4678	9.05431	58.4688	200
3577	69.4009	9.08365	58.5543	200
3578	69.5394	9.11336	58.6401	200
3579	71.5942	9.17337	58.7413	200
3580	73.5925	9.26209	58.8573	200
3581	73.5143	9.34638	58.9718	200
3582	68.2455	9.34525	59.0443	200
3583	68.2853	9.34362	59.1165	200
3584	68.4819	9.34396	59.1896	200
3585	68.3881	9.34169	59.2615	200
3586	73.4345	9.41717	59.3722	200
3587	76.706	9.54087	59.5076	200
3588	72.0607	9.58794	59.6057	200
3589	72.1674	9.6344	59.7038	200
3590	71.946	9.67515	59.7995	200
3591	69.3484	9.67317	59.8741	200
3592	62.7775	9.5674	59.8968	200
3593	62.4593	9.45794	59.9168	200
3594	47.1405	9.50979	59.817	200
3595	46.3221	9.57206	59.7115	200
3596	46.5519	9.62811	59.6087	200
3597	60.1001	9.48535	59.6126	200
3598	65.9682	9.43645	59.6622	200
3599	66.3886	9.3941	59.7148	200
3600	66.1833	9.34839	59.7653	200
3601	69.0208	9.34694	59.8376	200
3602	62.3813	9.24064	59.8575	200
3603	62.461	9.13693	59.8778	200
3604	66.2985	9.09449	59.928	200
3605	63.5364	9.00877	59.9562	200
3606	67.2074	8.98131	60.0128	200
3607	63.4345	8.89444	60.0396	200
3608	63.2862	8.80619	60.0649	200
3609	63.2058	8.71767	60.0895	200
3610	63.6451	8.63701	60.1172	200
3611	56.2918	8.56183	60.0873	200
3612	57.4625	8.46906	60.0668	200
3613	68.0844	8.46201	60.1295	200
3614	68.2757	8.45707	60.1931	200
3615	68.5079	8.45485	60.2581	200
3616	68.4942	8.45143	60.3224	200
3617	72.1369	8.50398	60.4147	200
3618	66.9957	8.47393	60.4661	200
3619	63.8619	8.39458	60.4927	200
3620	69.7006	8.40729	60.5646	200
3621	69.6465	8.41783	60.6356	200
3622	69.8562	8.43038	60.7076	200
3623	69.8293	8.44054	60.7747	200
3624	69.2067	8.44042	60.8367	200
3625	69.2407	8.43988	60.8985	200
3626	71.4233	8.47054	60.9758	200
3627	70.8418	8.49106	61.0484	200
3628	67.7073	8.46412	61.0973	200
3629	71.9832	8.49973	61.1774	200
3630	57.4792	8.42912	61.1502	200
3631	54.7575	8.39917	61.1032	200
3632	54.1291	8.37821	61.0519	200
3633	69.3187	8.37658	61.1127	200
3634	66.1748	8.32783	61.1499	200
3635	64.763	8.2585	61.1765	200
3636	68.7361	8.24822	61.2321	200
3637	65.1514	8.18456	61.2609	200
3638	66.4078	8.13989	61.2987	200
3639	68.9696	8.13299	61.3551	200
3640	68.4902	8.11831	61.4076	200
3641	68.4909	8.10309	61.4597	200
3642	68.5364	8.088	61.5117	200
3643	68.0089	8.0646	61.5595	200
3644	72.8112	8.11147	61.6422	200
3645	70.2704	8.11907	61.7057	200
3646	59.7722	8.0281	61.6914	200
3647	63.3686	7.93471	61.7038	200
3648	63.2286	7.84044	61.715	200
3649	63.3717	7.74951	61.7272	200
3650	59.6948	7.66543	61.7122	200
3651	66.3176	7.62043	61.7461	200
3652	66.299	7.57532	61.7796	200
3653	67.8868	7.55373	61.8245	200
3654	70.7929	7.57453	61.8904	200
3655	72.9056	7.62513	61.9714	200
3656	72.9932	7.67508	62.0525	200
3657	73.3378	7.72817	62.1354	200
3658	75.8801	7.81665	62.2365	200
3659	75.8164	7.9014	62.3363	200
3660	73.5901	7.9507	62.4191	200
3661	75.5917	8.0275	62.5159	200
3662	75.2725	8.09704	62.6097	200
3663	70.7473	8.09764	62.6696	200
3664	70.8924	8.09948	62.73	200
3665	73.2718	8.13539	62.8076	200
3666	73.1637	8.16805	62.8837	200
3667	55.9869	8.14935	62.833	200
3668	56.0551	8.12919	62.7832	200
3669	61.4433	8.02934	62.7733	200
3670	69.3323	8.00772	62.8215	200
3671	77.9347	8.11221	62.9327	200
3672	76.9227	8.19865	63.0355	200
3673	72.5483	8.21797	63.1055	200
3674	72.4234	8.23415	63.174	200
3675	72.8063	8.25471	63.2448	200
3676	72.8343	8.27434	63.3153	200
3677	75.9044	8.33779	63.4079	200
3678	71.1587	8.32916	63.4649	200
3679	70.64	8.31219	63.5176	200
3680	70.9108	8.29867	63.572	200
3681	67.3026	8.23149	63.5994	200
3682	67.5094	8.16794	63.6282	200
3683	67.348	8.10253	63.6555	200
3684	67.5489	8.04063	63.6842	200
3685	65.6173	7.95081	63.6984	200
3686	70.577	7.93504	63.7489	200
3687	69.522	7.90325	63.7914	200
3688	66.8467	7.83195	63.8139	200
3689	68.4465	7.7849	63.8479	200
3690	68.4127	7.73755	63.8815	200
3691	68.7662	7.69559	63.9174	200
3692	68.3805	7.6507	63.9484	200
3693	65.8859	7.57135	63.9619	200
3694	65.8382	7.49225	63.9749	200
3695	69.8984	7.47046	64.016	200
3696	67.5784	7.41618	64.0408	200
3697	67.5433	7.36183	64.0651	200
3698	67.4387	7.30643	64.0885	200
3699	67.4883	7.25217	64.1121	200
3700	68.3893	7.21085	64.1418	200
3701	69.2918	7.18223	64.1776	200
3702	78.901	7.28697	64.2798	200
3703	78.6405	7.38521	64.3795	200
3704	73.1686	7.40471	64.4406	200
3705	61.57	7.34174	64.4206	200
3706	52.7988	7.40118	64.3399	200
3707	60.23	7.35547	64.3114	200
3708	58.3207	7.33652	64.2698	200
3709	70.8642	7.32621	64.3156	200
3710	70.5171	7.31059	64.3587	200
3711	71.2927	7.30536	64.4068	200
3712	73.0085	7.32336	64.4665	200
3713	72.7552	7.33677	64.5241	200
3714	76.5273	7.40158	64.6075	200
3715	77.8811	7.48313	64.6996	200
3716	77.799	7.56114	64.7906	200
3717	77.584	7.63381	64.8794	200
3718	77.6891	7.70569	64.9684	200
3719	81.3357	7.82599	65.0821	200
3720	76.4987	7.87586	65.1613	200
3721	71.6849	7.85708	65.2066	200
3722	70.8698	7.82661	65.246	200
3723	70.6967	7.79361	65.2838	200
3724	66.9811	7.70894	65.2956	200
3725	80.7976	7.81717	65.4033	200
3726	80.7125	7.92123	65.5096	200
3727	81.7308	8.03651	65.6222	200
3728	85.5179	8.20122	65.7604	200
3729	85.4951	8.36141	65.8974	200
3730	85.8977	8.52306	66.0363	200
3731	87.0723	8.69685	66.1824	200
3732	87.2776	8.86905	66.3289	200
3733	87.4779	9.0396	66.4758	200
3734	87.7833	9.20999	66.6237	200
3735	87.6737	9.37443	66.7699	200
3736	87.4742	9.53179	66.9137	200
3737	92.5996	9.75615	67.0921	200
3738	83.1159	9.8432	67.2033	200
3739	83.8752	9.93805	67.3191	200
3740	83.982	10.0314	67.4348	200
3741	83.7659	10.1189	67.5482	200
3742	83.9811	10.2066	67.6624	200
3743	80.7212	10.2462	67.753	200
3744	80.755	10.2845	67.8433	200
3745	68.2915	10.1479	67.8465	200
3746	71.9779	10.0643	67.8751	200
3747	71.2224	9.97105	67.8984	200
3748	84.0039	10.0562	68.0102	200
3749	84.2221	10.1417	68.1228	200
3750	80.4029	10.1714	68.2081	200
3751	78.6824	10.1756	68.2808	200
3752	81.9511	10.2242	68.3758	200
3753	81.9876	10.2712	68.4703	200
3754	82.1019	10.3179	68.5649	200
3755	78.2058	10.3085	68.6319	200
3756	82.4961	10.3579	68.7282	200
3757	82.3702	10.4035	68.8229	200
3758	76.8783	10.3709	68.8789	200
3759	77.1608	10.3419	68.9364	200
3760	82.7799	10.3905	69.0325	200
3761	70.1977	10.2624	69.0406	200
3762	73.5203	10.1821	69.0717	200
3763	72.6444	10.0903	69.0965	200
3764	72.8912	10.0028	69.1229	200
3765	76.6081	9.96969	69.1721	200
3766	82.0544	10.008	69.2569	200
3767	81.9492	10.0433	69.3404	200
3768	76.7059	10.0081	69.3888	200
3769	76.91	9.97538	69.4383	200
3770	76.8349	9.94145	69.487	200
3771	80.0113	9.94912	69.5562	200
3772	80.8665	9.96703	69.6306	200
3773	74.5631	9.90078	69.6631	200
3774	72.8841	9.81289	69.6842	200
3775	73.2361	9.73051	69.7076	200
3776	72.56	9.64001	69.7264	200
3777	72.5064	9.54974	69.7447	200
3778	76.7515	9.51628	69.7908	200
3779	77.1366	9.48772	69.8391	200
3780	77.7661	9.46719	69.8912	200
3781	77.7415	9.44591	69.9429	200
3782	77.7889	9.42486	69.9945	200
3783	74.8048	9.36414	70.0262	200
3784	78.1832	9.34826	70.0798	200
3785	60.8098	9.34723	70.0188	200
3786	60.681	9.3471	69.9574	200
3787	60.6841	9.34613	69.8964	200
3788	60.7418	9.34361	69.8362	200
3789	62.8037	9.3132	69.7899	200
3790	67.8687	9.21594	69.7773	200
3791	72.5166	9.13072	69.7953	200
3792	72.5297	9.04655	69.8133	200
3793	68.4095	8.94599	69.804	200
3794	68.4388	8.84624	69.795	200
3795	68.3488	8.74887	69.7855	200
3796	68.2342	8.65417	69.7753	200
3797	68.1958	8.56108	69.7649	200
3798	67.1438	8.48292	69.7477	200
3799	63.8233	8.44926	69.7087	200
3800	68.1755	8.35826	69.6986	200
3801	68.5996	8.26274	69.6914	200
3802	74.0607	8.21151	69.7201	200
3803	66.7174	8.14297	69.7004	200
3804	61.4776	8.14402	69.6463	200
3805	61.2976	8.14672	69.5914	200
3806	61.44	8.14678	69.5377	200
3807	61.2636	8.14845	69.4833	200
3808	64.2502	8.11009	69.4489	200
3809	72.0802	8.03801	69.4662	200
3810	71.1779	7.95476	69.4774	200
3811	71.2872	7.87391	69.4893	200
3812	73.7159	7.82592	69.5171	200
3813	76.5066	7.81491	69.5631	200
3814	76.4305	7.80244	69.6083	200
3815	76.3995	7.78913	69.653	200
3816	72.0383	7.71803	69.6687	200
3817	71.3268	7.6383	69.6796	200
3818	66.0451	7.58561	69.6557	200
3819	66.0605	7.5331	69.632	200
3820	71.0772	7.453	69.6415	200
3821	70.2725	7.36324	69.6457	200
3822	73.5065	7.31715	69.6711	200
3823	73.3092	7.26874	69.695	200
3824	73.4245	7.22217	69.7195	200
3825	73.4971	7.17685	69.7444	200
3826	73.7994	7.13577	69.7711	200
3827	72.3976	7.07644	69.7884	200
3828	67.3024	7.01604	69.772	200
3829	62.3454	7.02144	69.7231	200
3830	77.7662	7.03488	69.7761	200
3831	77.9331	7.04964	69.8297	200
3832	78.1485	7.06634	69.8845	200
3833	78.2444	7.08336	69.9394	200
3834	83.6566	7.17065	70.0297	200
3835	78.1208	7.18276	70.0829	200
3836	78.1947	7.19498	70.1363	200
3837	82.0035	7.25646	70.2144	200
3838	77.8227	7.26109	70.2644	200
3839	77.4715	7.26038	70.3118	200
3840	72.4847	7.19344	70.3261	200
3841	77.4187	7.19211	70.3728	200
3842	83.0841	7.2611	70.4522	200
3843	82.9582	7.32666	70.5304	200
3844	83.0644	7.39175	70.6087	200
3845	83.0733	7.45516	70.6866	200
3846	83.0795	7.51688	70.7641	200
3847	85.4609	7.60663	70.8559	200
3848	74.8598	7.56159	70.881	200
3849	74.9448	7.51787	70.9064	200
3850	75.3578	7.47954	70.9342	200
3851	76.8884	7.46047	70.9714	200
3852	73.7354	7.40177	70.9887	200
3853	73.8506	7.34502	71.0066	200
3854	73.9521	7.29003	71.025	200
3855	79.4762	7.30454	71.0778	200
3856	79.4771	7.31822	71.1303	200
3857	79.5876	7.33246	71.1831	200
3858	79.6267	7.34635	71.2359	200
3859	78.0699	7.33995	71.2786	200
3860	78.2492	7.33533	71.3222	200
3861	77.357	7.31907	71.3599	200
3862	77.3373	7.3023	71.3973	200
3863	82.7166	7.35251	71.468	200
3864	83.7838	7.41455	71.545	200
3865	83.3806	7.46981	71.619	200
3866	79.9625	7.48074	71.6711	200
3867	80.2981	7.49506	71.725	200
3868	80.3574	7.50928	71.779	200
3869	67.0924	7.474	71.7497	200
3870	66.7641	7.44289	71.7185	200
3871	76.381	7.40813	71.7477	200
3872	76.6988	7.37742	71.7786	200
3873	75.8477	7.33607	71.804	200
3874	75.6326	7.29222	71.828	200
3875	75.3544	7.24515	71.85	200
3876	76.7517	7.21585	71.8806	200
3877	76.5071	7.18349	71.9096	200
3878	76.2898	7.14844	71.9369	200
3879	81.5719	7.17953	71.9972	200
3880	76.9245	7.15137	72.0279	200
3881	77.2671	7.12747	72.0607	200
3882	72.0473	7.03855	72.0606	200
3883	75.1212	6.98882	72.0797	200
3884	74.8868	6.93655	72.0973	200
3885	74.7772	6.88334	72.114	200
3886	74.7009	6.82963	72.1302	200
3887	69.2402	6.78038	72.1121	200
3888	68.639	6.73904	72.0904	200
3889	74.3564	6.68313	72.1046	200
3890	73.8496	6.6214	72.1155	200
3891	66.2426	6.61205	72.0788	200
3892	66.1702	6.60325	72.0419	200
3893	66.4806	6.59023	72.0071	200
3894	77.072	6.57116	72.0388	200
3895	71.6306	6.49412	72.0362	200
3896	74.4024	6.44252	72.051	200
3897	74.4846	6.39241	72.0662	200
3898	74.5721	6.34383	72.0819	200
3899	92.0479	6.5141	72.2067	200
3900	91.9163	6.67905	72.3298	200
3901	86.3759	6.77114	72.4176	200
3902	86.3967	6.86123	72.505	200
3903	88.8388	6.97964	72.6071	200
3904	87.7704	7.08194	72.7018	200
3905	87.7073	7.18098	72.7956	200
3906	87.2291	7.27164	72.8858	200
3907	86.9376	7.35639	72.9737	200
3908	86.91	7.43864	73.0608	200
3909	90.0464	7.55797	73.1669	200
3910	90.2001	7.67642	73.2734	200
3911	80.4662	7.67037	73.3183	200
3912	80.2685	7.66136	73.3618	200
3913	83.6461	7.69415	73.4261	200
3914	83.6808	7.72616	73.4901	200
3915	83.7379	7.75768	73.5542	200
3916	78.3862	7.72111	73.5844	200
3917	78.4357	7.68523	73.6147	200
3918	78.4596	7.64973	73.645	200
3919	72.9065	7.56334	73.6404	200
3920	78.0454	7.52386	73.6679	200
3921	77.8073	7.48155	73.6938	200
3922	78.0184	7.44209	73.7208	200
3923	77.9203	7.40349	73.7458	200
3924	74.8739	7.32878	73.7525	200
3925	78.4436	7.29738	73.7804	200
3926	83.8872	7.33082	73.8406	200
3927	83.996	7.36445	73.901	200
3928	84.1525	7.39882	73.9621	200
3929	84.0235	7.43052	74.022	200
3930	83.5017	7.45491	74.0784	200
3931	84.3592	7.48855	74.1396	200
3932	83.7951	7.51435	74.1971	200
3933	83.9194	7.54063	74.2549	200
3934	83.6611	7.56284	74.3109	200
3935	76.013	7.49307	74.321	200
3936	75.873	7.42234	74.3303	200
3937	73.0013	7.3498	74.3224	200
3938	72.9362	7.27881	74.3141	200
3939	78.3096	7.23972	74.3379	200
3940	58.8286	7.33817	74.2456	200
3941	72.6979	7.26923	74.2364	200
3942	72.4799	7.2036	74.2259	200
3943	72.3681	7.13996	74.2149	200
3944	64.3672	7.1722	74.1562	200
3945	64.2589	7.20464	74.0973	200
3946	64.4018	7.23429	74.0396	200
3947	69.3104	7.20447	74.0115	200
3948	69.221	7.17573	73.9829	200
3949	70.5255	7.13146	73.9624	200
3950	72.0307	7.06956	73.9509	200
3951	72.4379	7.00341	73.9419	200
3952	72.3877	6.93854	73.9326	200
3953	72.4696	6.87335	73.9239	200
3954	64.5058	6.90365	73.8678	200
3955	67.3283	6.89931	73.8289	200
3956	80.0032	6.89068	73.8657	200
3957	80.1971	6.88402	73.9034	200
3958	83.1855	6.91257	73.9586	200
3959	83.1559	6.93977	74.0133	200
3960	82.9678	6.96375	74.0666	200
3961	77.5738	6.9226	74.0875	200
3962	77.6002	6.88201	74.1084	200
3963	77.5256	6.84076	74.1288	200
3964	77.6369	6.80108	74.1497	200
3965	77.0406	6.75453	74.1669	200
3966	82.6363	6.77495	74.2173	200
3967	79.0943	6.75235	74.2463	200
3968	79.4385	6.73378	74.2772	200
3969	83.2266	6.76016	74.3305	200
3970	83.0244	6.78318	74.3822	200
3971	82.983	6.80481	74.4334	200
3972	77.6713	6.76235	74.4527	200
3973	76.8736	6.71067	74.4671	200
3974	76.8364	6.65898	74.4812	200
3975	76.5632	6.6045	74.4936	200
3976	82.9293	6.62629	74.5438	200
3977	79.9748	6.61206	74.5761	200
3978	80.1387	6.59957	74.6092	200
3979	80.6582	6.59301	74.6453	200
3980	80.6268	6.58573	74.6809	200
3981	84.5597	6.62494	74.7397	200
3982	88.7626	6.71301	74.8231	200
3983	79.9541	6.69418	74.8537	200
3984	80.0891	6.67681	74.8848	200
3985	85.417	6.72271	74.9475	200
3986	85.8212	6.77212	75.0122	200
3987	86.2367	6.82512	75.0791	200
3988	86.1518	6.87569	75.145	200
3989	81.1668	6.86553	75.1808	200
3990	81.1107	6.85439	75.2161	200
3991	83.3982	6.87019	75.2648	200
3992	76.5439	6.80363	75.2724	200
3993	76.4828	6.73705	75.2796	200
3994	81.451	6.73031	75.3164	200
3995	81.8042	6.72742	75.355	200
3996	81.9224	6.72552	75.3941	200
3997	83.2994	6.73956	75.4411	200
3998	70.6138	6.7168	75.4124	200
3999	70.4772	6.69559	75.383	200
4000	67.5056	6.70966	75.3361	200
4001	67.6102	6.72175	75.2901	200
4002	73.4479	6.66366	75.2792	200
4003	78.149	6.6185	75.2963	200
4004	78.4264	6.57697	75.3149	200
4005	78.4814	6.53637	75.3337	200
4006	84.9604	6.57316	75.391	200
4007	85.1906	6.61157	75.4494	200
4008	89.9447	6.70116	75.5317	200
4009	89.0677	6.77882	75.6086	200
4010	89.2911	6.85727	75.6864	200
4011	90.3111	6.94554	75.7695	200
4012	95.9483	7.09592	75.8841	200
4013	96.2245	7.24642	75.9997	200
4014	96.1996	7.39362	76.1145	200
4015	96.1034	7.53675	76.228	200
4016	101.794	7.74163	76.3733	200
4017	101.724	7.94174	76.5173	200
4018	101.739	8.1381	76.6606	200
4019	105.963	8.3786	76.8271	200
4020	105.97	8.61455	76.9927	200
4021	110.244	8.89452	77.1816	200
4022	110.421	9.17117	77.3705	200
4023	110.405	9.44234	77.5582	200
4024	100.927	9.60059	77.691	200
4025	99.4366	9.7386	77.8145	200
4026	94.5432	9.81803	77.9096	200
4027	95.1357	9.90221	78.0074	200
4028	90.0216	9.92621	78.0757	200
4029	94.2695	9.99744	78.1677	200
4030	93.9725	10.0634	78.2575	200
4031	94.2309	10.1306	78.3483	200
4032	94.3852	10.1977	78.4394	200
4033	94.5864	10.2653	78.5311	200
4034	90.9739	10.2901	78.6018	200
4035	91.1204	10.3154	78.673	200
4036	90.6231	10.334	78.7409	200
4037	100.525	10.4641	78.8646	200
4038	100.175	10.5873	78.9857	200
4039	100.074	10.7066	79.1055	200
4040	96.1445	10.7786	79.2023	200
4041	96.1082	10.8482	79.2984	200
4042	100.209	10.9626	79.4172	200
4043	100.103	11.0731	79.5347	200
4044	99.9964	11.1798	79.651	200
4045	100.446	11.289	79.7692	200
4046	96.0116	11.3453	79.8614	200
4047	96.3435	11.4037	79.9551	200
4048	96.3513	11.4604	80.0482	200
4049	92.9237	11.4765	80.1214	200
4050	92.7695	11.4898	80.1933	200
4051	92.8525	11.5031	80.2652	200
4052	94.2813	11.5316	80.3448	200
4053	89.4745	11.5044	80.3967	200
4054	89.5689	11.4778	80.4488	200
4055	86.7006	11.4185	80.4843	200
4056	93.7409	11.4393	80.5597	200
4057	101.173	11.5436	80.6768	200
4058	104.602	11.6843	80.8127	200
4059	110.687	11.891	80.9825	200
4060	110.431	12.0905	81.1498	200
4061	110.9	12.2912	81.3188	200
4062	115.261	12.5372	81.5117	200
4063	104.652	12.6577	81.6431	200
4064	104.598	12.7747	81.7736	200
4065	100.205	12.839	81.8783	200
4066	99.5523	12.894	81.9787	200
4067	99.5289	12.9469	82.0784	200
4068	104.888	13.0589	82.208	200
4069	100.554	13.119	82.3123	200
4070	100.791	13.1799	82.4173	200
4071	100.507	13.2357	82.52	200
4072	100.629	13.2911	82.6229	200
4073	99.0569	13.3268	82.7163	200
4074	99.4441	13.3655	82.8114	200
4075	104.224	13.4569	82.933	200
4076	104.099	13.5445	83.0533	200
4077	103.972	13.6283	83.1721	200
4078	104.027	13.7104	83.2906	200
4079	103.966	13.7896	83.4081	200
4080	104.06	13.8676	83.5254	200
4081	89.0474	13.7727	83.5568	200
4082	94.1888	13.737	83.6172	200
4083	95.4403	13.7153	83.6844	200
4084	98.6228	13.7292	83.7693	200
4085	98.6267	13.742	83.8537	200
4086	94.4177	13.7059	83.9137	200
4087	99.5695	13.728	84.0027	200
4088	100.085	13.7548	84.094	200
4089	93.9035	13.71	84.1498	200
4090	99.1123	13.7242	84.2348	200
4091	99.8793	13.746	84.3237	200
4092	102.944	13.8014	84.4295	200
4093	99.9595	13.821	84.5177	200
4094	99.9859	13.8398	84.6056	200
4095	100.212	13.8598	84.6943	200
4096	106.607	13.9514	84.8188	200
4097	100.44	13.9695	84.9037	200
4098	101.145	13.9942	84.9919	200
4099	101.007	14.0162	85.079	200
4100	97.1471	13.995	85.1446	200
4101	82.931	13.8669	85.1325	200
4102	76.2011	13.8133	85.084	200
4103	72.8281	13.7964	85.0174	200
4104	68.2776	13.8284	84.9264	200
4105	65.5123	13.8891	84.8209	200
4106	65.202	13.9513	84.7143	200
4107	61.4281	14.0528	84.5877	200
4108	67.0093	14.0911	84.4922	200
4109	71.9026	14.0748	84.4238	200
4110	76.4584	14.0084	84.3805	200
4111	82.3366	13.8784	84.3694	200
4112	82.345	13.7495	84.3584	200
4113	77.0675	13.6793	84.3187	200
4114	77.1635	13.6084	84.2798	200
4115	76.904	13.5406	84.2398	200
4116	76.5517	13.477	84.198	200
4117	80.3282	13.3726	84.1769	200
4118	77.2046	13.303	84.139	200
4119	76.6613	13.2397	84.0984	200
4120	78.7252	13.1542	84.0692	200
4121	79.4756	13.0612	84.0442	200
4122	82.3446	12.9377	84.035	200
4123	82.5491	12.8132	84.0269	200
4124	82.6294	12.6891	84.0193	200
4125	87.8336	12.5926	84.0401	200
4126	88.0079	12.4989	84.0616	200
4127	82.9225	12.3754	84.0554	200
4128	85.982	12.2618	84.0659	200
4129	82.5412	12.1451	84.0576	200
4130	88.2476	12.0587	84.0804	200
4131	104.55	12.1501	84.1916	200
4132	104.354	12.2372	84.3012	200
4133	103.91	12.3173	84.4078	200
4134	104.246	12.399	84.5156	200
4135	98.8546	12.4201	84.5935	200
4136	102.426	12.479	84.6904	200
4137	99.5883	12.5052	84.7714	200
4138	104.667	12.5856	84.8795	200
4139	104.606	12.6632	84.9867	200
4140	104.492	12.7376	85.0927	200
4141	98.7753	12.7478	85.1671	200
4142	105.807	12.8336	85.2793	200
4143	105.769	12.9168	85.3906	200
4144	104.973	12.9893	85.4971	200
4145	106.515	13.0765	85.6113	200
4146	106.561	13.1621	85.7251	200
4147	104.162	13.2195	85.8253	200
4148	103.232	13.265	85.9199	200
4149	103.304	13.3097	86.0144	200
4150	105.807	13.3802	86.122	200
4151	103.099	13.4193	86.2143	200
4152	102.939	13.4552	86.3051	200
4153	102.499	13.485	86.3932	200
4154	102.29	13.5112	86.4795	200
4155	97.6916	13.4862	86.5405	200
4156	97.1171	13.4546	86.598	200
4157	91.2667	13.3591	86.6233	200
4158	91.5557	13.2675	86.6501	200
4159	91.6502	13.1776	86.6773	200
4160	95.972	13.1354	86.7278	200
4161	95.7821	13.0911	86.777	200
4162	98.8522	13.08	86.8427	200
4163	94.9703	13.0262	86.8868	200
4164	99.6961	13.0238	86.9565	200
4165	100.935	13.0342	87.0324	200
4166	94.061	12.9689	87.0706	200
4167	93.3754	12.8965	87.1049	200
4168	90.5459	12.7937	87.1236	200
4169	95.2909	12.7434	87.168	200
4170	95.1807	12.692	87.2115	200
4171	89.9304	12.5836	87.2263	200
4172	89.79	12.4747	87.2402	200
4173	96.2883	12.4374	87.2894	200
4174	92.0319	12.3538	87.3152	200
4175	92.3221	12.2739	87.3424	200
4176	91.8682	12.1897	87.367	200
4177	75.5037	12.1862	87.3025	200
4178	70.777	12.2333	87.2127	200
4179	70.9643	12.277	87.1244	200
4180	81.6442	12.2031	87.0946	200
4181	82.535	12.12	87.0698	200
4182	78.1929	12.0848	87.0216	200
4183	80.2823	12.0267	86.985	200
4184	75.7068	12.0185	86.9237	200
4185	76.5452	12.0007	86.8673	200
4186	77.9759	11.9669	86.8189	200
4187	77.9613	11.9331	86.7708	200
4188	71.6749	11.9675	86.6887	200
4189	73.098	11.9851	86.6149	200
4190	73.4899	11.997	86.5465	200
4191	84.3714	11.8947	86.5352	200
4192	83.1986	11.8055	86.5178	200
4193	84.8322	11.7001	86.509	200
4194	85.546	11.5883	86.504	200
4195	86.8345	11.471	86.5057	200
4196	88.0145	11.3672	86.5136	200
4197	84.0573	11.2744	86.5008	200
4198	91.8702	11.2129	86.5288	200
4199	92.512	11.1584	86.5599	200
4200	92.8597	11.1078	86.5927	200
4201	88.2287	11.0092	86.6013	200
4202	88.4002	10.9132	86.6106	200
4203	86.4782	10.8009	86.6099	200
4204	88.2006	10.705	86.6182	200
4205	91.6493	10.6459	86.6444	200
4206	93.1031	10.6023	86.6781	200
4207	89.967	10.5261	86.6952	200
4208	91.3025	10.4644	86.7192	200
4209	89.3255	10.3826	86.7328	200
4210	89.8754	10.3071	86.7491	200
4211	86.3059	10.2044	86.7468	200
4212	86.7243	10.0983	86.7467	200
4213	87.0153	9.99594	86.7481	200
4214	87.5789	9.90047	86.7524	200
4215	88.2411	9.81284	86.7602	200
4216	83.7027	9.74248	86.7443	200
4217	84.654	9.66277	86.7334	200
4218	85.7809	9.57203	86.7284	200
4219	85.6625	9.48343	86.7229	200
4220	79.5112	9.45976	86.6853	200
4221	79.9104	9.43179	86.65	200
4222	80.2618	9.40009	86.6167	200
4223	79.2601	9.3788	86.5784	200
4224	79.8044	9.35167	86.5431	200
4225	80.2283	9.32004	86.5103	200
4226	88.0035	9.23851	86.518	200
4227	83.1768	9.17708	86.5006	200
4228	82.913	9.11885	86.4819	200
4229	87.5039	9.03451	86.4873	200
4230	86.3666	8.94166	86.4866	200
4231	86.3988	8.84943	86.4862	200
4232	86.47	8.75742	86.4861	200
4233	85.7444	8.67392	86.4822	200
4234	86.3962	8.58446	86.4818	200
4235	87.1761	8.50227	86.4854	200
4236	87.6708	8.42605	86.4916	200
4237	88.378	8.35793	86.5014	200
4238	90.281	8.31024	86.5211	200
4239	83.0139	8.26021	86.5028	200
4240	84.4233	8.19583	86.492	200
4241	100.132	8.25254	86.563	200
4242	100.058	8.30714	86.6333	200
4243	99.3999	8.3536	86.6998	200
4244	98.6419	8.39097	86.762	200
4245	98.6169	8.42706	86.8237	200
4246	92.0973	8.39421	86.8512	200
4247	92.1462	8.36192	86.8788	200
4248	92.6185	8.33461	86.9087	200
4249	92.0486	8.30133	86.9354	200
4250	92.2263	8.26997	86.963	200
4251	91.0992	8.22691	86.9845	200
4252	89.9834	8.17245	87.0002	200
4253	87.8154	8.09581	87.0044	200
4254	86.4446	8.01731	87.0015	200
4255	89.7241	7.96216	87.0157	200
4256	89.7708	7.90792	87.03	200
4257	89.1906	7.84805	87.0413	200
4258	89.0801	7.78754	87.0519	200
4259	88.5885	7.72242	87.0599	200
4260	87.506	7.64663	87.0622	200
4261	88.9163	7.58629	87.0719	200
4262	89.5406	7.53298	87.0847	200
4263	88.7912	7.47229	87.0936	200
4264	88.9011	7.41328	87.103	200
4265	92.9933	7.39741	87.1337	200
4266	92.4996	7.37625	87.1617	200
4267	93.1249	7.36153	87.1927	200
4268	93.6112	7.35171	87.2261	200
4269	94.215	7.34793	87.2625	200
4270	96.2986	7.36551	87.3096	200
4271	94.8614	7.36745	87.3489	200
4272	95.0059	7.37047	87.3888	200
4273	95.3629	7.37675	87.4303	200
4274	94.9564	7.37831	87.4695	200
4275	93.0022	7.35908	87.4984	200
4276	93.494	7.34488	87.5296	200
4277	89.5717	7.28964	87.5402	200
4278	89.0708	7.22965	87.5482	200
4279	89.6035	7.17575	87.5589	200
4280	89.4703	7.12091	87.5689	200
4281	89.2929	7.06469	87.5778	200
4282	91.3211	7.0301	87.5973	200
4283	91.0064	6.99238	87.6151	200
4284	93.5066	6.98091	87.6458	200
4285	94.0544	6.97495	87.6791	200
4286	95.6353	6.98517	87.7206	200
4287	93.3357	6.97147	87.7487	200
4288	90.2989	6.92725	87.7614	200
4289	89.5716	6.87608	87.7705	200
4290	75.4805	6.93022	87.709	200
4291	74.9329	6.98868	87.6451	200
4292	75.3071	7.04217	87.5834	200
4293	75.4351	7.09323	87.5227	200
4294	76.0736	7.13679	87.4655	200
4295	76.7805	7.17227	87.412	200
4296	76.796	7.20671	87.3589	200
4297	76.4838	7.24339	87.3046	200
4298	76.8352	7.27565	87.2522	200
4299	84.919	7.22623	87.2406	200
4300	84.6192	7.18018	87.2274	200
4301	84.5006	7.13564	87.2138	200
4302	84.1881	7.09454	87.1987	200
4303	84.5119	7.05047	87.1853	200
4304	80.8914	7.0429	87.1538	200
4305	80.0854	7.04315	87.1184	200
4306	80.6951	7.03695	87.0863	200
4307	80.7567	7.02988	87.0547	200
4308	80.8679	7.02145	87.0237	200
4309	80.9602	7.01187	86.9934	200
4310	79.4887	7.0168	86.9559	200
4311	78.8412	7.02778	86.9153	200
4312	86.0191	6.96646	86.9108	200
4313	86.1073	6.90483	86.9068	200
4314	81.7169	6.88768	86.8809	200
4315	81.5954	6.87166	86.8544	200
4316	81.1113	6.86037	86.8257	200
4317	80.5959	6.85407	86.7946	200
4318	85.7732	6.79574	86.7895	200
4319	84.0845	6.75483	86.7759	200
4320	82.0148	6.73489	86.7521	200
4321	81.6741	6.71832	86.7268	200
4322	81.3153	6.70526	86.6997	200
4323	74.2636	6.76256	86.6375	200
4324	78.396	6.77735	86.5963	200
4325	79.5902	6.77964	86.5613	200
4326	80.2047	6.77541	86.5295	200
4327	80.1624	6.77132	86.4977	200
4328	79.6956	6.77163	86.4636	200
4329	79.7054	6.77149	86.4299	200
4330	79.5572	6.77251	86.3955	200
4331	76.8691	6.80004	86.3479	200
4332	76.2426	6.8331	86.2973	200
4333	73.1362	6.89638	86.2315	200
4334	74.0925	6.9488	86.1708	200
4335	73.2858	7.00816	86.1064	200
4336	73.3677	7.06547	86.0427	200
4337	73.9175	7.11607	85.9821	200
4338	74.139	7.16334	85.9229	200
4339	74.7025	7.2039	85.8668	200
4340	73.4739	7.25579	85.8048	200
4341	74.0261	7.30102	85.7459	200
4342	73.7308	7.34816	85.6858	200
4343	73.6554	7.39499	85.6257	200
4344	73.7386	7.43991	85.5662	200
4345	76.9769	7.4514	85.5233	200
4346	76.9732	7.46239	85.4805	200
4347	77.0256	7.47231	85.4383	200
4348	77.6798	7.47517	85.3995	200
4349	69.2444	7.56197	85.3187	200
4350	69.2815	7.64672	85.2385	200
4351	70.4973	7.71767	85.1648	200
4352	79.9191	7.69295	85.1386	200
4353	80.0749	7.66665	85.1133	200
4354	79.1511	7.64961	85.0834	200
4355	84.5544	7.5784	85.0808	200
4356	84.6899	7.50653	85.0788	200
4357	84.6412	7.43584	85.0767	200
4358	84.4383	7.36786	85.0735	200
4359	84.9994	7.29492	85.0731	200
4360	85.2052	7.22329	85.0738	200
4361	84.5895	7.1559	85.0713	200
4362	79.598	7.13908	85.044	200
4363	80.2926	7.1152	85.0202	200
4364	80.8543	7.0857	84.9994	200
4365	82.3386	7.04146	84.9861	200
4366	83.5151	6.98575	84.9787	200
4367	84.4764	6.92091	84.9762	200
4368	79.2241	6.90923	84.9474	200
4369	78.7765	6.90184	84.9166	200
4370	80.1229	6.88076	84.8926	200
4371	81.9362	6.84152	84.8778	200
4372	82.6424	6.79546	84.8667	200
4373	83.1387	6.74478	84.858	200
4374	75.1079	6.77484	84.8093	200
4375	74.63	6.80888	84.7584	200
4376	74.089	6.84748	84.705	200
4377	76.2941	6.86312	84.663	200
4378	77.7094	6.86402	84.6282	200
4379	78.293	6.85873	84.5965	200
4380	78.4722	6.85139	84.5659	200
4381	78.4117	6.84441	84.5351	200
4382	79.2193	6.82913	84.5086	200
4383	78.4164	6.82176	84.4781	200
4384	78.6953	6.81137	84.4492	200
4385	78.4288	6.80345	84.4191	200
4386	78.9568	6.79004	84.3918	200
4387	79.7186	6.76887	84.3684	200
4388	79.8205	6.74752	84.3465	200
4389	79.7443	6.72689	84.3244	200
4390	78.4546	6.71865	84.2962	200
4391	77.0793	6.72344	84.2615	200
4392	76.9246	6.72933	84.2262	200
4393	76.7924	6.73611	84.1905	200
4394	76.942	6.74103	84.1556	200
4395	76.8487	6.74647	84.1205	200
4396	72.1353	6.79685	84.0629	200
4397	72.8496	6.83931	84.009	200
4398	72.7947	6.88138	83.955	200
4399	79.2078	6.86086	83.9322	200
4400	79.382	6.83864	83.9103	200
4401	79.328	6.81694	83.8883	200
4402	78.1005	6.80705	83.8605	200
4403	68.1617	6.89254	83.785	200
4404	68.0098	6.97795	83.7092	200
4405	76.3624	6.9815	83.6739	200
4406	70.9864	7.03636	83.6129	200
4407	70.2416	7.09728	83.5486	200
4408	70.2338	7.15706	83.4846	200
4409	70.231	7.21568	83.4208	200
4410	69.7019	7.27821	83.3549	200
4411	69.5714	7.34076	83.2886	200
4412	75.9101	7.34112	83.2531	200
4413	74.3738	7.35591	83.2104	200
4414	73.6029	7.37756	83.1643	200
4415	72.9582	7.40476	83.1152	200
4416	71.9828	7.4406	83.0617	200
4417	71.1004	7.48407	83.0042	200
4418	70.0146	7.53701	82.9417	200
4419	68.8469	7.60006	82.8739	200
4420	71.0651	7.64053	82.8172	200
4421	69.6087	7.69407	82.7537	200
4422	68.0187	7.76177	82.6828	200
4423	67.3229	7.83483	82.609	200
4424	66.9783	7.90979	82.5338	200
4425	67.0986	7.98215	82.4596	200
4426	65.8878	8.06474	82.3799	200
4427	65.3478	8.15096	82.2981	200
4428	62.4076	8.26384	82.2024	200
4429	60.637	8.39174	82.0988	200
4430	59.8805	8.52469	81.9919	200
4431	60.4827	8.64954	81.8885	200
4432	60.5999	8.77107	81.7862	200
4433	59.5594	8.90045	81.6793	200
4434	65.95	8.96611	81.6037	200
4435	64.2409	9.04685	81.5202	200
4436	64.3006	9.12543	81.4374	200
4437	64.5484	9.20008	81.3562	200
4438	64.4678	9.27401	81.275	200
4439	67.2133	9.32004	81.2074	200
4440	67.2124	9.365	81.1401	200
4441	67.121	9.40975	81.0727	200
4442	67.3042	9.45166	81.0066	200
4443	67.5041	9.49061	80.9416	200
4444	67.5848	9.52778	80.8774	200
4445	68.1344	9.5587	80.8162	200
4446	67.4464	9.59534	80.7519	200
4447	68.1285	9.62446	80.6912	200
4448	68.1692	9.65232	80.631	200
4449	67.3885	9.68684	80.5673	200
4450	71.6429	9.67951	80.5244	200
4451	68.4742	9.7023	80.4665	200
4452	69.2036	9.7173	80.4123	200
4453	72.1958	9.70287	80.3728	200
4454	74.1296	9.66961	80.3428	200
4455	74.055	9.63709	80.3126	200
4456	75.9308	9.58656	80.2915	200
4457	68.5661	9.60712	80.2351	200
4458	68.0093	9.6323	80.1764	200
4459	72.2841	9.61557	80.1384	200
4460	72.1492	9.59993	80.1	200
4461	71.571	9.58963	80.059	200
4462	72.6826	9.56835	80.0235	200
4463	73.5134	9.53895	79.9922	200
4464	67.8827	9.56366	79.934	200
4465	68.006	9.5864	79.8767	200
4466	67.3634	9.61454	79.8165	200
4467	66.7972	9.64728	79.7539	200
4468	67.4443	9.67287	79.6947	200
4469	68.9586	9.6831	79.6431	200
4470	68.7864	9.69438	79.5909	200
4471	70.6445	9.68719	79.5479	200
4472	67.8479	9.70654	79.4917	200
4473	67.8517	9.72513	79.4357	200
4474	67.2253	9.74903	79.377	200
4475	68.6666	9.75827	79.3255	200
4476	68.8118	9.76554	79.275	200
4477	68.6145	9.77414	79.2237	200
4478	70.1911	9.76701	79.1803	200
4479	69.3459	9.76766	79.133	200
4480	69.4139	9.76719	79.0863	200
4481	70.0796	9.75988	79.043	200
4482	69.4699	9.75808	78.9969	200
4483	70.1698	9.74913	78.9545	200
4484	69.6151	9.74519	78.9096	200
4485	70.4273	9.73304	78.8688	200
4486	64.9951	9.77286	78.8021	200
4487	64.2714	9.81861	78.7323	200
4488	63.749	9.86827	78.6602	200
4489	62.9385	9.92455	78.5846	200
4490	64.3273	9.96621	78.5161	200
4491	61.668	10.0324	78.4351	200
4492	63.6691	10.0779	78.3641	200
4493	63.1443	10.1255	78.2936	200
4494	66.1018	10.1446	78.2372	200
4495	66.0183	10.1638	78.1806	200
4496	66.5795	10.1772	78.1269	200
4497	66.1483	10.1938	78.0715	200
4498	67.5529	10.1968	78.0228	200
4499	69.4948	10.1814	77.9833	200
4500	70.6602	10.1549	77.9494	200
4501	71.5784	10.1199	77.9199	200
4502	73.8164	10.0642	77.9009	200
4503	70.7945	10.0368	77.868	200
4504	66.337	10.0506	77.8146	200
4505	66.3954	10.0633	77.7617	200
4506	79.4449	9.9857	77.7695	200
4507	77.6627	9.89423	77.769	200
4508	78.2677	9.80723	77.7713	200
4509	78.0453	9.71896	77.7726	200
4510	77.6559	9.63005	77.7721	200
4511	78.4514	9.54717	77.7752	200
4512	74.559	9.48855	77.7603	200
4513	74.8372	9.42776	77.7468	200
4514	74.8311	9.36747	77.7333	200
4515	74.145	9.31396	77.7167	200
4516	73.4261	9.26744	77.6968	200
4517	73.3516	9.22187	77.6767	200
4518	73.2468	9.1775	77.6562	200
4519	74.6804	9.12007	77.6424	200
4520	77.0684	9.04094	77.6397	200
4521	75.7015	8.97517	77.6308	200
4522	74.372	8.92224	77.6157	200
4523	80.5368	8.86668	77.6292	200
4524	79.4101	8.80107	77.6375	200
4525	79.4002	8.7359	77.6456	200
4526	80.6048	8.68241	77.6593	200
4527	81.312	8.63584	77.6762	200
4528	79.8833	8.57631	77.6864	200
4529	79.0998	8.50999	77.693	200
4530	80.0442	8.45296	77.7039	200
4531	77.7616	8.37523	77.7041	200
4532	77.7823	8.2984	77.7045	200
4533	79.4336	8.23757	77.7125	200
4534	79.8449	8.18104	77.7224	200
4535	80.4804	8.13083	77.7351	200
4536	79.0527	8.06775	77.7412	200
4537	78.9636	8.00436	77.7469	200
4538	79.0544	7.94235	77.753	200
4539	78.2623	7.87353	77.7553	200
4540	79.433	7.81616	77.7631	200
4541	79.9065	7.76363	77.773	200
4542	81.2579	7.72401	77.7891	200
4543	79.2643	7.66615	77.796	200
4544	80.6241	7.62136	77.8091	200
4545	78.6767	7.55882	77.8131	200
4546	78.7538	7.49754	77.8174	200
4547	84.8367	7.49311	77.8499	200
4548	82.6367	7.46805	77.8721	200
4549	82.0008	7.43713	77.8912	200
4550	82.2291	7.40843	77.9113	200
4551	82.0505	7.37816	77.9304	200
4552	80.1682	7.33057	77.9408	200
4553	84.6212	7.32455	77.9717	200
4554	82.065	7.29463	77.9907	200
4555	82.47	7.26856	78.0114	200
4556	80.2051	7.22157	78.0216	200
4557	79.5346	7.16871	78.0286	200
4558	79.5299	7.11624	78.0355	200
4559	86.6963	7.13054	78.0756	200
4560	84.6577	7.12546	78.1061	200
4561	83.8878	7.11302	78.1329	200
4562	82.5546	7.0881	78.1533	200
4563	82.3229	7.06107	78.1726	200
4564	81.7122	7.02847	78.189	200
4565	81.9731	6.99843	78.2065	200
4566	81.5948	6.965	78.2222	200
4567	80.7734	6.92413	78.234	200
4568	82.1158	6.89596	78.252	200
4569	81.6978	6.86401	78.268	200
4570	81.0459	6.82618	78.2808	200
4571	85.0278	6.82544	78.312	200
4572	85.8884	6.83239	78.3471	200
4573	94.6186	6.91979	78.4225	200
4574	94.8354	7.00769	78.4984	200
4575	95.6299	7.10143	78.5777	200
4576	95.7374	7.19456	78.6572	200
4577	109.768	7.41601	78.8012	200
4578	109.928	7.63555	78.9453	200
4579	113.74	7.88703	79.1064	200
4580	112.389	8.12217	79.2605	200
4581	112.433	8.35412	79.4141	200
4582	113.185	8.58946	79.5704	200
4583	113.182	8.82115	79.726	200
4584	113.097	9.04847	79.8805	200
4585	114.635	9.28649	80.0414	200
4586	115.705	9.53071	80.2065	200
4587	115.321	9.7676	80.3691	200
4588	114.577	9.99389	80.5275	200
4589	113.926	10.2106	80.6821	200
4590	113.475	10.4197	80.8339	200
4591	113.523	10.6259	80.9853	200
4592	124.914	10.9343	81.1886	200
4593	125.795	11.246	81.3951	200
4594	125.131	11.5469	81.5976	200
4595	124.688	11.8389	81.7971	200
4596	124.682	12.1264	81.9957	200
4597	126.088	12.4224	82.1998	200
4598	130.917	12.7584	82.4253	200
4599	132.223	13.1014	82.6559	200
4600	132.666	13.4431	82.8874	200
4601	135.804	13.8086	83.1324	200
4602	130.158	14.1052	83.3423	200
4603	134.847	14.4391	83.5722	200
4604	136.203	14.7801	83.8072	202.048
4605	139.159	15.1424	84.0543	205.193
4606	139.852	15.5054	84.3034	208.346
4607	139.164	15.8568	84.5483	211.402
4608	132.764	16.1457	84.7636	213.929
4609	134.618	16.4467	84.9861	216.559
4610	135.565	16.7514	85.2119	219.223
4611	135.507	17.0509	85.4365	221.844
4612	134.837	17.3397	85.657	224.375
4613	138.867	17.66	85.8945	227.175
4614	130.422	17.8999	86.0933	229.293
4615	120.238	18.0449	86.2458	230.605
4616	121.548	18.199	86.4034	231.996
4617	122.486	18.3587	86.5644	233.434
4618	122.358	18.5144	86.7242	234.839
4619	122.863	18.6717	86.8856	236.259
4620	123.896	18.8355	87.0508	237.735
4621	123.338	18.9913	87.2128	239.143
4622	124.378	19.1536	87.3787	240.607
4623	123.815	19.3079	87.5414	242.004
4624	124.515	19.4656	87.7064	243.431
4625	125.767	19.6316	87.8763	244.929
4626	125.075	19.7885	88.0424	246.35
4627	125.376	19.9451	88.2091	247.77
4628	116.683	20.0213	88.3362	248.506
4629	119.544	20.1212	88.4755	249.445
4630	120.396	20.2265	88.618	250.43
4631	122.219	20.3459	88.768	251.535
4632	109.646	20.3507	88.8612	251.667
4633	109.759	20.3556	88.9545	251.799
4634	107.465	20.3391	89.0372	251.75
4635	112.882	20.3704	89.1436	252.107
4636	114.873	20.4182	89.2585	252.604
4637	114.151	20.4582	89.3696	253.035
4638	114.92	20.5037	89.4837	253.513
4639	113.708	20.5369	89.5918	253.887
4640	112.189	20.5553	89.6927	254.135
4641	112.975	20.5796	89.7966	254.434
4642	111.624	20.5908	89.8941	254.62
4643	112.207	20.6061	89.9937	254.843
4644	114.151	20.6378	90.1015	255.204
4645	114.72	20.6734	90.2114	255.598
4646	115.327	20.713	90.3235	256.028
4647	104.26	20.6525	90.3858	255.606
4648	103.902	20.5888	90.4461	255.157
4649	104.235	20.5281	90.5077	254.732
4650	106.205	20.485	90.5777	254.458
4651	106.803	20.4469	90.6502	254.226
4652	108.428	20.4231	90.7295	254.114
4653	122.444	20.5239	90.8711	255.063
4654	121.882	20.6176	91.0096	255.95
4655	121.461	20.7054	91.1455	256.788
4656	119.626	20.7748	91.2726	257.471
4657	120.298	20.8484	91.4022	258.19
4658	120.503	20.9221	91.5321	258.909
4659	114.53	20.9407	91.6348	259.16
4660	116.044	20.9716	91.7438	259.517
4661	112.868	20.973	91.8381	259.622
4662	112.256	20.968	91.9292	259.673
4663	114.264	20.9802	92.0289	259.871
4664	114.911	20.9972	92.1311	260.109
4665	113.077	20.9967	92.2246	260.199
4666	110.268	20.9704	92.3051	260.068
4667	111.443	20.954	92.3906	260.023
4668	117.545	20.9915	92.5029	260.435
4669	115.028	21.0052	92.6034	260.645
4670	115.406	21.0213	92.7052	260.875
4671	113.006	21.0148	92.7959	260.914
4672	112.943	21.0071	92.8858	260.942
4673	118.214	21.0457	92.9989	261.364
4674	116.584	21.0683	93.1042	261.651
4675	116.819	21.092	93.21	261.946
4676	116.55	21.112	93.3142	262.211
4677	116.55	21.131	93.418	262.466
4678	116.832	21.1514	93.5225	262.734
4679	116.076	21.1639	93.6232	262.934
4680	117.4	21.1872	93.7293	263.227
4681	116.19	21.1986	93.8296	263.418
4682	113.363	21.1837	93.9168	263.387
4683	112.185	21.1577	93.9983	263.26
4684	110.739	21.1183	94.0731	263.019
4685	112.996	21.0987	94.1576	262.947
4686	111.4	21.0642	94.2345	262.748
4687	110.228	21.019	94.3059	262.458
4688	106.44	20.9396	94.3601	261.877
4689	106.557	20.8616	94.4146	261.307
4690	105.712	20.7762	94.465	260.674
4691	100.714	20.6465	94.4929	259.665
4692	98.6339	20.4991	94.5114	258.504
4693	98.4788	20.3515	94.5291	257.341
4694	98.954	20.2093	94.5488	256.223
4695	98.9851	20.0685	94.5686	255.116
4696	103.544	19.9694	94.6087	254.364
4697	102.229	19.8592	94.6427	253.516
4698	103.471	19.7607	94.6821	252.768
4699	103.509	19.663	94.7215	252.026
4700	101.612	19.549	94.7523	251.144
4701	102.139	19.4404	94.7853	250.309
4702	101.491	19.3267	94.8152	249.429
4703	100.451	19.1999	94.8413	248.441
4704	100.624	19.0757	94.8681	247.474
4705	99.82	18.9399	94.8919	246.411
4706	97.8546	18.7863	94.9061	245.196
4707	97.7583	18.6269	94.9204	243.936
4708	94.7569	18.4423	94.9196	242.458
4709	85.9622	18.3435	94.8729	241.621
4710	91.297	18.1897	94.8543	240.372
4711	91.9893	18.0231	94.8387	239.023
4712	91.4025	17.8645	94.82	237.736
4713	91.9946	17.6936	94.804	236.353
4714	95.0611	17.4955	94.8055	234.769
4715	95.2072	17.292	94.8078	233.144
4716	96.1715	17.1024	94.816	231.635
4717	97.4016	16.9209	94.8321	230.199
4718	97.2068	16.7391	94.847	228.76
4719	97.8338	16.5581	94.8666	227.332
4720	100.179	16.4102	94.9016	226.183
4721	100.109	16.2546	94.9377	224.974
4722	104.465	16.1611	95.0039	224.293
4723	105.132	16.0724	95.0783	223.658
4724	104.053	15.968	95.1443	222.889
4725	98.0313	15.7636	95.1669	221.276
4726	97.1941	15.549	95.1827	219.575
4727	97.3473	15.3259	95.2008	217.808
4728	95.3603	15.0732	95.2021	215.787
4729	95.987	14.818	95.2091	213.753
4730	90.6483	14.6348	95.1684	212.247
4731	93.6374	14.4008	95.1547	210.361
4732	94.2737	14.1594	95.1468	208.422
4733	94.2146	13.9232	95.1385	206.524
4734	96.2934	13.6952	95.1488	204.711
4735	96.3896	13.4876	95.1592	203.06
4736	96.3784	13.2832	95.1693	201.435
4737	96.3756	13.0819	95.1794	200
4738	96.8917	12.8924	95.1937	200
4739	96.2043	12.6944	95.2021	200
4740	96.4502	12.5036	95.2125	200
4741	99.3624	12.3644	95.2471	200
4742	94.4447	12.1717	95.2404	200
4743	95.2747	11.9694	95.2407	200
4744	96.4453	11.79	95.2507	200
4745	93.5091	11.6225	95.2362	200
4746	94.32	11.444	95.2285	200
4747	94.2205	11.2701	95.2201	200
4748	94.0074	11.1025	95.21	200
4749	95.9699	10.9301	95.2164	200
4750	95.9349	10.7599	95.2224	200
4751	96.7967	10.6068	95.2355	200
4752	97.7525	10.472	95.2564	200
4753	93.1805	10.3321	95.2391	200
4754	94.0223	10.1801	95.229	200
4755	93.2643	10.0432	95.2126	200
4756	92.6302	9.91887	95.1911	200
4757	94.1543	9.77083	95.1825	200
4758	66.9456	10.0786	94.9472	200
4759	67.0122	10.3762	94.7144	200
4760	64.1836	10.7121	94.4599	200
4761	64.0496	11.0404	94.2065	200
4762	63.0102	11.3764	93.9466	200
4763	60.9613	11.7365	93.6717	200
4764	62.2177	12.0651	93.4096	200
4765	61.4256	12.3971	93.143	200
4766	66.0208	12.6425	92.917	200
4767	64.3857	12.9073	92.6792	200
4768	65.193	13.1503	92.4502	200
4769	66.0596	13.371	92.2303	200
4770	65.885	13.5872	92.0107	200.709
4771	63.5183	13.8356	91.7733	202.458
4772	63.2646	14.0802	91.5357	204.177
4773	66.6136	14.2609	91.328	205.415
4774	66.1974	14.4421	91.1186	206.655
4775	65.8897	14.6347	90.8934	207.971
4776	63.9051	14.8553	90.6524	209.495
4777	64.3342	15.0757	90.3993	211.005
4778	64.359	15.2866	90.1489	212.442
4779	65.0374	15.4913	89.8874	213.817
4780	65.8805	15.6687	89.6373	214.987
4781	64.9391	15.8739	89.3566	216.348
4782	64.2008	16.0848	89.0708	217.749
4783	65.3133	16.2767	88.7738	218.987
4784	64.5532	16.4753	88.471	220.273
4785	66.1008	16.639	88.1603	221.272
4786	66.0457	16.7911	87.8532	222.182
4787	75.7929	16.6433	87.6647	220.811
4788	54.8883	17.1474	87.1526	224.332
4789	56.8307	17.5591	86.6788	227.152
4790	58.3673	17.8951	86.2365	229.398
4791	58.4626	18.2038	85.8025	231.433
4792	58.2962	18.4946	85.3727	233.329
4793	59.6864	18.7193	84.9714	234.726
4794	59.1833	18.9402	84.5684	236.09
4795	59.9876	19.1165	84.1843	237.116
4796	62.1428	19.2079	83.8399	237.503
4797	59.461	19.3695	83.459	238.415
4798	59.1557	19.5236	83.0793	239.268
4799	58.9629	19.6672	82.7025	240.04
4800	57.6888	19.8342	82.3116	240.986
4801	58.9064	19.9458	81.9459	241.513
4802	59.1696	20.0343	81.59	241.864
4803	59.7483	20.0908	81.2488	241.975
4804	47.4086	20.5204	80.72	244.884
4805	45.2902	20.9864	80.1664	248.057
4806	45.3118	21.4197	79.6218	250.98
4807	43.9828	21.8641	79.065	253.978
4808	46.1653	22.209	78.5509	256.223
4809	47.6853	22.4795	78.0686	257.904
4810	47.4786	22.7329	77.5907	259.454
4811	47.9961	22.9474	77.1282	260.707
4812	48.8071	23.1153	76.6857	261.608
4813	49.3441	23.2327	76.306	262.167
4814	49.8277	23.3228	75.9382	262.521
4815	50.3593	23.3855	75.583	262.667
4816	49.1872	23.4691	75.2164	262.969
4817	49.7901	23.5235	74.8632	263.051
4818	48.5962	23.5997	74.4984	263.296
4819	48.2986	23.6719	74.1345	263.51
4820	47.154	23.7638	73.7598	263.87
4821	47.8726	23.8228	73.4002	263.983
4822	48.9128	23.8413	73.0601	263.79
4823	47.4938	23.8892	72.705	263.818
4824	48.1258	23.9083	72.3637	263.63
4825	46.0106	23.9763	71.9976	263.808
4826	44.7578	24.0669	71.6193	264.155
4827	45.7088	24.1181	71.2594	264.204
4828	44.1612	24.2009	70.8831	264.49
4829	44.9251	24.2497	70.5225	264.52
4830	44.9824	24.2856	70.1678	264.452
4831	44.24	24.3312	69.8077	264.457
4832	44.5096	24.358	69.4564	264.321
4833	43.755	24.3953	69.0994	264.262
4834	45.1579	24.3827	68.7669	263.829
4835	45.1867	24.3604	68.4394	263.323
4836	45.0691	24.3329	68.1148	262.778
4837	46.0383	24.2703	67.8082	261.97
4838	57.7568	23.8753	67.6686	258.671
4839	49.5139	23.7164	67.4164	257.147
4840	49.3785	23.5586	67.1659	255.635
4841	49.9244	23.3832	66.9264	253.992
4842	49.7363	23.2111	66.6877	252.377
4843	49.2766	23.05	66.4458	250.846
4844	48.5658	22.9064	66.1975	249.449
4845	47.3166	22.7946	65.9353	248.292
4846	47.5557	22.6719	65.68	247.056
4847	47.5786	22.545	65.4286	245.788
4848	49.3773	22.3646	65.2057	244.123
4849	51.7594	22.1169	65.0189	241.954
4850	50.433	21.9286	64.8366	240.265
4851	50.3336	21.743	64.6553	238.599
4852	50.7844	21.5462	64.4819	236.851
4853	50.2745	21.3627	64.3043	235.206
4854	51.4073	21.151	64.1431	233.351
4855	51.2659	20.9442	63.9821	231.536
4856	61.6638	20.4786	63.9532	227.782
4857	60.2881	20.0582	63.9073	224.373
4858	52.4261	19.8438	63.7638	222.514
4859	52.8703	19.62	63.6277	220.588
4860	52.3636	19.4111	63.4869	218.776
4861	55.9874	19.1133	63.3931	216.3
4862	58.7763	18.7509	63.3354	213.343
4863	58.4998	18.403	63.275	210.499
4864	59.1275	18.0467	63.2231	207.596
4865	60.767	17.6569	63.1924	204.448
4866	59.5471	17.3066	63.1468	201.6
4867	58.8241	16.982	63.0928	200
4868	56.8676	16.7131	63.015	200
4869	57.562	16.4316	62.9468	200
4870	57.9969	16.1445	62.885	200
4871	55.9713	15.9138	62.7985	200
4872	55.6029	15.6958	62.7086	200
4873	55.3504	15.4874	62.6166	200
4874	54.8685	15.2939	62.5198	200
4875	55.1496	15.0958	62.4276	200
4876	55.5819	14.8895	62.3421	200
4877	60.0363	14.5749	62.3132	200
4878	55.0792	14.3914	62.2228	200
4879	56.2108	14.1819	62.1477	200
4880	56.2318	13.9753	62.0737	200
4881	52.1536	13.8739	61.9497	200
4882	52.0786	13.7738	61.8263	200
4883	53.1002	13.6476	61.7172	200
4884	54.8011	13.4794	61.6308	200
4885	53.5039	13.3455	61.5292	200
4886	53.7625	13.2061	61.4321	200
4887	53.2137	13.0814	61.3294	200
4888	53.5205	12.9496	61.2318	200
4889	53.7768	12.8122	61.1386	200
4890	54.2563	12.664	61.0526	200
4891	53.8769	12.5392	60.971	200
4892	56.1211	12.3645	60.9159	200
4893	56.0738	12.1935	60.8609	200
4894	57.5201	11.9923	60.8229	200
4895	56.8279	11.8105	60.7775	200
4896	58.8425	11.5861	60.7555	200
4897	67.1316	11.4677	60.828	200
4898	53.8721	11.3651	60.7489	200
4899	51.6942	11.3126	60.646	200
4900	51.8089	11.2564	60.5456	200
4901	54.6318	11.135	60.4784	200
4902	55.7787	10.9887	60.425	200
4903	54.4538	10.8747	60.3572	200
4904	54.0413	10.7711	60.2854	200
4905	52.7503	10.6975	60.1998	200
4906	53.2002	10.6135	60.1202	200
4907	53.7864	10.5162	60.0482	200
4908	54.35	10.4067	59.9835	200
4909	54.7321	10.2895	59.9238	200
4910	55.1555	10.164	59.8696	200
4911	55.9447	10.0222	59.825	200
4912	57.2633	9.85269	59.7959	200
4913	58.1586	9.66598	59.7773	200
4914	55.9159	9.53406	59.7334	200
4915	56.0359	9.40141	59.6914	200
4916	55.8111	9.27593	59.6473	200
4917	58.7565	9.08536	59.6372	200
4918	57.1849	8.9346	59.6093	200
4919	57.7369	8.7741	59.588	200
4920	55.3238	8.6716	59.5396	200
4921	54.3044	8.5935	59.4801	200
4922	54.6294	8.50844	59.425	200
4923	56.6571	8.37797	59.3935	200
4924	57.4962	8.23068	59.372	200
4925	56.7796	8.10254	59.3425	200
4926	56.0255	7.99377	59.3048	200
4927	56.1468	7.88387	59.2689	200
4928	55.3241	7.79435	59.2241	200
4929	54.9455	7.71444	59.1755	200
4930	55.9567	7.61227	59.1389	200
4931	59.4923	7.44729	59.1429	200
4932	59.4623	7.28529	59.1465	200
4933	58.8292	7.12693	59.1429	200
4934	58.4226	6.98133	59.1347	200
4935	59.1953	6.82404	59.1354	200
4936	61.2863	6.72668	59.1578	200
4937	61.2289	6.62969	59.1794	200
4938	61.1788	6.53322	59.2002	200
4939	59.8907	6.4115	59.2074	200
4940	59.8201	6.29069	59.2138	200
4941	60.2224	6.18065	59.2243	200
4942	61.9226	6.10809	59.2524	200
4943	64.9846	6.10026	59.3121	200
4944	65.5888	6.10394	59.3775	200
4945	62.9877	6.05198	59.4151	200
4946	59.0505	5.93349	59.4113	200
4947	59.0267	5.81789	59.4073	200
4948	62.2518	5.75594	59.4369	200
4949	63.5986	5.72273	59.4803	200
4950	62.917	5.6751	59.5161	200
4951	64.2957	5.65645	59.5659	200
4952	64.8663	5.64903	59.6211	200
4953	64.8331	5.63992	59.6754	200
4954	60.8136	5.54614	59.6872	200
4955	60.1544	5.44033	59.6921	200
4956	60.8241	5.35057	59.7039	200
4957	62.1253	5.28955	59.7291	200
4958	61.9787	5.22621	59.7525	200
4959	63.1571	5.18826	59.788	200
4960	60.2892	5.09061	59.7932	200
4961	60.3757	4.99669	59.7993	200
4962	62.5515	4.94993	59.828	200
4963	66.6439	4.98881	59.899	200
4964	64.1318	4.97306	59.9431	200
4965	63.7101	4.94793	59.9823	200
4966	67.0791	4.9927	60.0562	200
4967	63.8895	4.96854	60.0962	200
4968	66.4155	4.99669	60.162	200
4969	68.5447	5.06723	60.2493	200
4970	67.7848	5.11865	60.3278	200
4971	67.8982	5.16973	60.4066	200
4972	65.0137	5.15801	60.4546	200
4973	63.1397	5.10649	60.4826	200
4974	63.7259	5.06767	60.5164	200
4975	62.5219	5.00388	60.5373	200
4976	61.7617	4.92514	60.55	200
4977	60.5251	4.82305	60.5498	200
4978	60.5149	4.7233	60.5494	200
4979	60.503	4.62586	60.5489	200
4980	59.9352	4.54227	60.5425	200
4981	58.4365	4.49152	60.5206	200
4982	58.443	4.44123	60.499	200
4983	58.043	4.39987	60.4734	200
4984	59.3766	4.33105	60.4619	200
4985	60.973	4.25759	60.4669	200
4986	62.3306	4.21155	60.4848	200
4987	62.9046	4.1771	60.508	200
4988	62.0198	4.12584	60.5226	200
4989	63.7869	4.10927	60.554	200
4990	70.5593	4.22266	60.6502	200
4991	65.1279	4.22756	60.6932	200
4992	64.6786	4.2229	60.7315	200
4993	63.0595	4.18646	60.7539	200
4994	62.2	4.13376	60.7678	200
4995	61.9373	4.07675	60.7791	200
4996	61.175	4.00597	60.7829	200
4997	60.5359	3.93368	60.7805	200
4998	61.5882	3.87356	60.7883	200
4999	60.637	3.80198	60.7868	200
5000	61.0722	3.73435	60.7896	200
5001	61.1962	3.67036	60.7935	200
5002	60.9648	3.60307	60.7951	200
5003	61.0958	3.53956	60.798	200
5004	61.1667	3.47858	60.8016	200
5005	62.7829	3.44979	60.8206	200
5006	63.6644	3.43813	60.8479	200
5007	64.086	3.43428	60.8791	200
5008	63.9789	3.42785	60.9089	200
5009	63.2165	3.40631	60.9311	200
5010	64.5705	3.41079	60.9661	200
5011	62.7624	3.37974	60.9833	200
5012	68.1845	3.45323	61.0526	200
5013	72.8691	3.61406	61.1662	200
5014	69.7555	3.70974	61.2488	200
5015	68.2672	3.77337	61.3163	200
5016	64.8909	3.76954	61.3506	200
5017	66.0375	3.78719	61.3957	200
5018	67.5626	3.83295	61.455	200
5019	65.9615	3.8459	61.4983	200
5020	64.3906	3.82756	61.5262	200
5021	64.6035	3.81313	61.5557	200
5022	63.9178	3.78523	61.5785	200
5023	63.8667	3.75644	61.6005	200
5024	63.9555	3.72949	61.6231	200
5025	64.1342	3.70606	61.6472	200
5026	65.7646	3.71397	61.6868	200
5027	67.2223	3.749	61.7401	200
5028	67.194	3.78179	61.7925	200
5029	67.1026	3.81117	61.8436	200
5030	67.0272	3.83757	61.8934	200
5031	65.4693	3.83253	61.9278	200
5032	65.6557	3.83052	61.9636	200
5033	65.4579	3.82405	61.9972	200
5034	65.936	3.82626	62.0351	200
5035	79.3561	4.08577	62.2016	200
5036	78.6995	4.32447	62.3603	200
5037	79.3581	4.56818	62.5237	200
5038	79.6951	4.79324	62.677	200
5039	73.093	4.89365	62.77	200
5040	65.9818	4.86361	62.7987	200
5041	67.328	4.85764	62.8392	200
5042	72.0942	4.93617	62.9218	200
5043	69.1363	4.95899	62.9773	200
5044	71.3763	5.02042	63.0523	200
5045	70.5231	5.06418	63.119	200
5046	72.1441	5.13491	63.1995	200
5047	72.1126	5.20237	63.2791	200
5048	71.9357	5.26405	63.3564	200
5049	71.9961	5.32433	63.4336	200
5050	71.4234	5.37193	63.5049	200
5051	72.2951	5.43297	63.5834	200
5052	73.4395	5.51195	63.6714	200
5053	71.043	5.54516	63.7372	200
5054	70.2173	5.56186	63.7951	200
5055	70.6522	5.58499	63.8563	200
5056	70.5646	5.60504	63.9162	200
5057	70.6413	5.62505	63.9762	200
5058	70.5735	5.64241	64.0351	200
5059	69.38	5.63709	64.0828	200
5060	69.817	5.63882	64.134	200
5061	68.9914	5.62487	64.1774	200
5062	64.7548	5.53473	64.1826	200
5063	65.3006	5.45586	64.1925	200
5064	67.0681	5.40979	64.2182	200
5065	68.1312	5.38306	64.2532	200
5066	68.0226	5.35424	64.2868	200
5067	71.8935	5.39447	64.3547	200
5068	72.1944	5.43813	64.4247	200
5069	72.7671	5.48999	64.4992	200
5070	69.6908	5.48466	64.5456	200
5071	80.9525	5.6797	64.6921	200
5072	66.5484	5.61143	64.7086	200
5073	66.6867	5.54655	64.7263	200
5074	68.5572	5.51591	64.7605	200
5075	70.5233	5.52032	64.8119	200
5076	70.6006	5.52511	64.8636	200
5077	71.2476	5.54045	64.9206	200
5078	73.6479	5.59735	64.9985	200
5079	73.0025	5.64033	65.07	200
5080	72.7324	5.67643	65.1384	200
5081	72.9885	5.71525	65.2085	200
5082	72.7559	5.74797	65.2759	200
5083	73.6751	5.79531	65.3509	200
5084	74.9345	5.86296	65.4365	200
5085	75.443	5.93695	65.5258	200
5086	75.4857	6.00879	65.6147	200
5087	77.5105	6.11391	65.7209	200
5088	80.0531	6.26067	65.8489	200
5089	81.4235	6.42699	65.988	200
5090	72.2958	6.42486	66.0443	200
5091	72.4415	6.42436	66.1014	200
5092	70.6136	6.39022	66.1417	200
5093	73.2013	6.40217	66.2047	200
5094	73.8382	6.42416	66.2729	200
5095	74.322	6.45124	66.34	200
5096	70.4614	6.41241	66.3743	200
5097	69.6211	6.35965	66.4014	200
5098	70.387	6.32008	66.4346	200
5099	71.1185	6.29281	66.4736	200
5100	78.8938	6.39493	66.5771	200
5101	69.9089	6.34388	66.6049	200
5102	73.3026	6.34978	66.6607	200
5103	71.4776	6.32423	66.7008	200
5104	70.1694	6.27664	66.7297	200
5105	70.7236	6.23859	66.763	200
5106	70.8204	6.20224	66.7968	200
5107	69.6138	6.14582	66.8203	200
5108	68.9552	6.07897	66.8381	200
5109	68.247	6.00113	66.8498	200
5110	70.2263	5.95739	66.878	200
5111	69.7514	5.90599	66.9019	200
5112	72.3605	5.89853	66.9474	200
5113	79.5683	6.01057	67.0526	200
5114	79.0591	6.1105	67.1526	200
5115	79.0825	6.20749	67.252	200
5116	77.1564	6.26911	67.3346	200
5117	76.9522	6.32491	67.4147	200
5118	75.3723	6.35213	67.481	200
5119	75.4487	6.37905	67.5474	200
5120	74.7406	6.39262	67.6074	200
5121	76.3124	6.43116	67.6799	200
5122	73.4223	6.41968	67.7278	200
5123	74.9594	6.43321	67.788	200
5124	77.5817	6.48922	67.8696	200
5125	79.1452	6.56899	67.9636	200
5126	78.9435	6.6425	68.0551	200
5127	79.7773	6.72717	68.1528	200
5128	76.7807	6.75884	68.2247	200
5129	74.9983	6.75909	68.2811	200
5130	74.8282	6.75556	68.3357	200
5131	77.6634	6.79843	68.4134	200
5132	74.7178	6.79019	68.466	200
5133	73.2712	6.75711	68.506	200
5134	73.3745	6.72563	68.5466	200
5135	73.0326	6.6883	68.584	200
5136	72.9187	6.64908	68.6201	200
5137	72.9729	6.61081	68.6564	200
5138	75.0799	6.60769	68.7099	200
5139	76.5723	6.6286	68.7754	200
5140	74.5861	6.61496	68.8238	200
5141	76.5663	6.63376	68.8883	200
5142	72.5916	6.58491	68.9192	200
5143	71.1148	6.51176	68.9375	200
5144	71.7385	6.44991	68.9608	200
5145	71.5904	6.38624	68.9828	200
5146	71.6418	6.32412	69.0049	200
5147	70.3101	6.24047	69.0158	200
5148	72.8218	6.19989	69.0475	200
5149	73.6521	6.1733	69.0859	200
5150	74.8444	6.16639	69.1339	200
5151	74.2689	6.1492	69.1767	200
5152	74.1143	6.12901	69.2178	200
5153	74.7225	6.1186	69.2637	200
5154	72.872	6.07676	69.2937	200
5155	73.5483	6.04639	69.3292	200
5156	72.0744	5.99481	69.3506	200
5157	72.0683	5.9436	69.3719	200
5158	72.1435	5.89404	69.3935	200
5159	72.4641	5.84992	69.4175	200
5160	72.6852	5.80957	69.443	200
5161	71.2982	5.74779	69.4575	200
5162	68.9528	5.66586	69.4536	200
5163	68.0224	5.59969	69.4424	200
5164	68.3983	5.52851	69.4343	200
5165	68.0579	5.46363	69.4235	200
5166	67.9563	5.40119	69.412	200
5167	69.4654	5.31763	69.4125	200
5168	75.2972	5.32649	69.4584	200
5169	73.1287	5.30061	69.4871	200
5170	72.102	5.25865	69.5075	200
5171	78.2717	5.31342	69.576	200
5172	76.2706	5.335	69.6283	200
5173	77.2354	5.3705	69.6877	200
5174	74.2959	5.35859	69.7237	200
5175	74.4748	5.3491	69.7609	200
5176	75.2799	5.35175	69.804	200
5177	75.1507	5.35168	69.8457	200
5178	76.615	5.37383	69.8986	200
5179	74.7293	5.36534	69.9364	200
5180	74.6782	5.3556	69.9734	200
5181	74.9413	5.34954	70.0122	200
5182	74.033	5.32878	70.0436	200
5183	74.8348	5.32038	70.0811	200
5184	73.4774	5.29031	70.1076	200
5185	74.8169	5.28123	70.1444	200
5186	75.5817	5.28367	70.1869	200
5187	75.7166	5.28751	70.2301	200
5188	76.3503	5.30053	70.2779	200
5189	75.7785	5.30365	70.3208	200
5190	75.7644	5.30584	70.3634	200
5191	75.5843	5.30442	70.4069	200
5192	79.4438	5.36663	70.4822	200
5193	70.5512	5.27203	70.4828	200
5194	70.5249	5.17863	70.4832	200
5195	71.3713	5.09612	70.4917	200
5196	71.0055	5.008	70.4967	200
5197	71.0686	4.91558	70.5026	200
5198	71.7345	4.83884	70.5154	200
5199	73.5422	4.79765	70.5498	200
5200	66.9887	4.76955	70.5094	200
5201	67.7126	4.72023	70.4744	200
5202	67.1026	4.68652	70.4323	200
5203	63.2177	4.75674	70.3321	200
5204	64.0553	4.79896	70.2449	200
5205	68.7759	4.6949	70.2219	200
5206	64.7493	4.7192	70.1364	200
5207	65.6274	4.71264	70.066	200
5208	65.6142	4.70449	69.9964	200
5209	66.404	4.66973	69.9403	200
5210	65.1602	4.67318	69.8656	200
5211	64.9547	4.68061	69.7889	200
5212	63.6023	4.72767	69.6922	200
5213	70.8161	4.61505	69.7097	200
5214	71.6606	4.53179	69.7402	200
5215	71.8221	4.46374	69.7691	200
5216	71.2391	4.38058	69.7896	200
5217	70.5121	4.27896	69.7996	200
5218	71.2542	4.20051	69.8198	200
5219	73.1342	4.17589	69.8658	200
5220	74.6854	4.19377	69.9328	200
5221	74.6805	4.20916	69.9987	200
5222	45.9114	4.76133	69.6642	200
5223	46.7295	5.26614	69.3456	200
5224	53.7718	5.55247	69.1293	200
5225	53.8028	5.82397	68.9165	200
5226	56.1083	6.01797	68.7386	200
5227	59.7391	6.10079	68.6136	200
5228	63.4055	6.07599	68.5412	200
5229	63.9094	6.03588	68.4769	200
5230	55.929	6.21676	68.3026	200
5231	56.1585	6.38141	68.134	200
5232	58.6583	6.46736	68.0023	200
5233	58.2711	6.55803	67.8672	200
5234	67.5014	6.38602	67.8621	200
5235	72.6889	6.34271	67.9291	200
5236	71.2859	6.25976	67.9758	200
5237	70.5644	6.15779	68.0117	200
5238	69.7401	6.03475	68.0357	200
5239	69.553	5.90926	68.0568	200
5240	56.15	6.07586	67.8914	200
5241	55.3478	6.25552	67.7172	200
5242	47.3207	6.64832	67.4339	200
5243	47.2065	7.02552	67.153	200
5244	45.2317	7.43929	66.8485	200
5245	39.8752	7.9819	66.4739	200
5246	37.5388	8.56393	66.072	200
5247	37.4479	9.12116	65.6745	200
5248	41.6436	9.53532	65.3407	200
5249	40.5951	9.95783	64.997	200
5250	39.435	10.3913	64.642	200
5251	40.7878	10.7652	64.3107	200
5252	40.4413	11.0928	64.0123	200
5253	32.3768	11.6064	63.6169	200
5254	26.478	12.2447	63.1526	200
5255	27.9715	12.8181	62.7129	200
5256	27.3162	13.3826	62.2704	200
5257	27.4884	13.9176	61.8356	200
5258	31.9567	14.3166	61.4621	200
5259	32.2208	14.6897	61.0966	200
5260	33.6829	15.0078	60.7539	200
5261	33.8297	15.3057	60.4174	200
5262	33.2021	15.6035	60.0772	200
5263	32.2543	15.909	59.7294	200
5264	32.7334	16.1861	59.392	200
5265	31.5584	16.4773	59.044	200
5266	31.748	16.7478	58.7028	200
5267	26.7547	17.1278	58.3035	200
5268	30.4225	17.3966	57.955	200
5269	30.5656	17.6465	57.6126	200
5270	29.6801	17.9036	57.2635	200.492
5271	32.1521	18.0838	56.9496	201.62
5272	33.524	18.2173	56.6567	202.395
5273	35.5081	18.2906	56.3924	202.717
5274	36.0071	18.343	56.1376	202.881
5275	35.0863	18.4107	55.8744	203.16
5276	35.1418	18.4687	55.6153	203.365
5277	34.9956	18.5225	55.3575	203.538
5278	29.4799	18.7064	55.034	204.685
5279	28.7602	18.8956	54.7056	205.87
5280	27.6298	19.1001	54.3672	207.168
5281	26.9086	19.309	54.0239	208.496
5282	29.8895	19.4297	53.7223	209.16
5283	32.0539	19.4856	53.4514	209.337
5284	32.4677	19.5231	53.1891	209.374
5285	37.8489	19.4185	52.9974	208.346
5286	39.4784	19.271	52.8284	206.997
5287	40.5671	19.0958	52.6751	205.441
5288	36.7896	19.0155	52.4765	204.601
5289	36.8952	18.9297	52.2818	203.719
5290	37.8873	18.8163	52.1018	202.632
5291	39.4173	18.663	51.9433	201.247
5292	40.1225	18.4919	51.7955	200
5293	39.4885	18.3514	51.6557	200
5294	36.0016	18.2901	51.4778	200
5295	35.6856	18.2333	51.2983	200
5296	37.7403	18.127	51.1443	200
5297	37.7469	18.0195	50.992	200
5298	46.0523	17.7223	50.9359	200
5299	45.7901	17.4364	50.8774	200
5300	46.6367	17.1365	50.8292	200
5301	46.4456	16.8467	50.7794	200
5302	46.7952	16.5544	50.7341	200
5303	43.1859	16.3497	50.6483	200
5304	40.9647	16.1982	50.5383	200
5305	40.1111	16.067	50.4198	200
5306	34.5934	16.0616	50.24	200
5307	33.1462	16.085	50.0457	200
5308	37.8632	15.9963	49.9073	200
5309	37.3034	15.9192	49.7641	200
5310	36.5532	15.8577	49.6139	200
5311	38.5192	15.7494	49.4879	200
5312	37.1793	15.6712	49.348	200
5313	38.372	15.5645	49.2233	200
5314	39.8774	15.4232	49.1171	200
5315	43.6203	15.1976	49.0546	200
5316	44.7488	14.95	49.0057	200
5317	44.4473	14.7139	48.9539	200
5318	42.3931	14.5286	48.8793	200
5319	42.4029	14.3456	48.8057	200
5320	34.5346	14.3439	48.6435	200
5321	35.0759	14.3262	48.4894	200
5322	38.0251	14.2385	48.3704	200
5323	38.7323	14.1339	48.2609	200
5324	39.6657	14.008	48.1632	200
5325	39.8393	13.8788	48.0687	200
5326	39.6435	13.7549	47.9729	200
5327	40.2312	13.6182	47.8849	200
5328	41.7875	13.4473	47.8157	200
5329	43.0914	13.249	47.762	200
5330	37.415	13.1831	47.6444	200
5331	39.5601	13.0672	47.5525	200
5332	39.0628	12.9632	47.456	200
5333	36.3218	12.9216	47.3295	200
5334	34.5212	12.919	47.184	200
5335	34.5954	12.9115	47.0409	200
5336	35.1443	12.8884	46.9057	200
5337	35.6535	12.8513	46.7779	200
5338	33.5062	12.86	46.6396	200
5339	34.6037	12.8429	46.5142	200
5340	36.7515	12.7787	46.4125	200
5341	36.8638	12.7114	46.3131	200
5342	36.8062	12.6446	46.214	200
5343	39.9289	12.5121	46.1486	200
5344	40.3579	12.3721	46.0883	200
5345	37.1696	12.3002	45.9954	200
5346	36.6411	12.2388	45.8979	200
5347	35.6319	12.1977	45.791	200
5348	36.1257	12.1449	45.6903	200
5349	38.6657	12.0383	45.6171	200
5350	40.0921	11.9026	45.5596	200
5351	39.9062	11.7724	45.5007	200
5352	39.0365	11.6618	45.4333	200
5353	39.3096	11.5464	45.3696	200
5354	38.4514	11.45	45.2975	200
5355	38.7261	11.3483	45.229	200
5356	38.7914	11.246	45.162	200
5357	40.1119	11.117	45.1094	200
5358	38.7092	11.0187	45.0427	200
5359	37.3649	10.9491	44.9627	200
5360	37.6536	10.8732	44.8866	200
5361	41.9354	10.7082	44.8558	200
5362	40.1912	10.5823	44.8073	200
5363	39.4741	10.4729	44.7517	200
5364	38.7782	10.3792	44.6895	200
5365	38.7086	10.2876	44.6272	200
5366	38.8325	10.194	44.5668	200
5367	36.2152	10.1556	44.4798	200
5368	36.5506	10.1092	44.3972	200
5369	38.1531	10.0287	44.3322	200
5370	39.1698	9.9273	44.2784	200
5371	40.1145	9.80723	44.235	200
5372	41.4992	9.6599	44.2065	200
5373	39.8612	9.54918	44.1613	200
5374	38.4932	9.46833	44.1022	200
5375	37.1684	9.41552	44.03	200
5376	38.6696	9.33104	43.9742	200
5377	39.0985	9.23822	43.9234	200
5378	42.3194	9.07917	43.9067	200
5379	43.303	8.9026	43.9004	200
5380	43.8896	8.71735	43.9003	200
5381	44.5114	8.54847	43.9066	200
5382	44.5958	8.38473	43.9138	200
5383	45.2387	8.23765	43.9276	200
5384	45.3111	8.09486	43.942	200
5385	41.6152	7.97469	43.9178	200
5386	42.5903	7.8362	43.9039	200
5387	41.6359	7.72912	43.8821	200
5388	42.2661	7.61156	43.8666	200
5389	44.5989	7.47927	43.8736	200
5390	45.2975	7.36282	43.8873	200
5391	46.019	7.26222	43.9078	200
5392	45.6648	7.15635	43.9247	200
5393	45.2624	7.04445	43.9376	200
5394	43.1283	6.92454	43.9298	200
5395	42.6806	6.8154	43.9178	200
5396	41.8533	6.72404	43.8979	200
5397	41.2104	6.64641	43.8721	200
5398	41.3323	6.56744	43.8477	200
5399	41.7922	6.48067	43.8279	200
5400	43.2943	6.3663	43.8228	200
5401	42.536	6.26862	43.8104	200
5402	41.8681	6.18542	43.7917	200
5403	38.0337	6.1772	43.7364	200
5404	37.7473	6.17358	43.6788	200
5405	38.5179	6.15411	43.6292	200
5406	36.8385	6.16635	43.5639	200
5407	39.0555	6.13446	43.5205	200
5408	38.427	6.11444	43.4715	200
5409	38.9943	6.08296	43.4285	200
5410	39.7825	6.03609	43.3934	200
5411	40.6355	5.97305	43.3669	200
5412	41.3803	5.89639	43.3478	200
5413	43.3425	5.7831	43.3477	200
5414	41.3881	5.70957	43.3289	200
5415	37.7958	5.70618	43.2757	200
5416	36.8014	5.72095	43.2134	200
5417	39.7958	5.67665	43.1806	200
5418	40.2134	5.62455	43.1521	200
5419	40.1122	5.57484	43.1228	200
5420	47.7419	5.55646	43.1672	200
5421	47.5066	5.53306	43.209	200
5422	46.8883	5.49741	43.2443	200
5423	47.0772	5.4654	43.2812	200
5424	45.9376	5.41138	43.3067	200
5425	44.7078	5.33426	43.3202	200
5426	43.3179	5.23172	43.3202	200
5427	42.6559	5.14388	43.3138	200
5428	44.6221	5.07012	43.3264	200
5429	47.0534	5.04429	43.3622	200
5430	47.1479	5.02009	43.3986	200
5431	45.606	4.966	43.4198	200
5432	45.6878	4.91411	43.4416	200
5433	43.8805	4.82805	43.4459	200
5434	43.7333	4.74073	43.4486	200
5435	43.1422	4.65545	43.4457	200
5436	44.5147	4.58648	43.456	200
5437	48.1346	4.58826	43.5009	200
5438	49.4077	4.61361	43.5577	200
5439	50.9489	4.66702	43.6288	200
5440	49.9133	4.69591	43.6849	200
5441	49.87	4.7225	43.7401	200
5442	51.3518	4.77409	43.8081	200
5443	54.2466	4.87524	43.9013	200
5444	51.6857	4.92719	43.9708	200
5445	50.6692	4.95882	44.0306	200
5446	50.4463	4.98483	44.0879	200
5447	43.406	4.90799	44.0818	200
5448	43.5563	4.82973	44.0771	200
5449	45.0233	4.76038	44.0856	200
5450	44.0919	4.67549	44.0856	200
5451	45.0692	4.60956	44.0944	200
5452	44.905	4.54172	44.1016	200
5453	44.9091	4.47504	44.1088	200
5454	44.2374	4.39742	44.11	200
5455	41.6079	4.36358	44.0876	200
5456	39.71	4.36383	44.0486	200
5457	39.6905	4.36372	44.0097	200
5458	40.5028	4.34842	43.9783	200
5459	40.1106	4.33984	43.9438	200
5460	39.686	4.33838	43.9058	200
5461	39.7532	4.33506	43.8687	200
5462	39.7335	4.33149	43.8318	200
5463	37.8065	4.36174	43.778	200
5464	33.7604	4.46273	43.6885	200
5465	32.9549	4.57471	43.5927	200
5466	33.6219	4.67107	43.5037	200
5467	35.9946	4.72175	43.4366	200
5468	35.2422	4.78376	43.3635	200
5469	36.6271	4.81863	43.3033	200
5470	35.5793	4.87051	43.2344	200
5471	32.5381	4.97454	43.1389	200
5472	32.0663	5.08343	43.04	200
5473	33.0748	5.17061	42.951	200
5474	40.8875	5.11512	42.9326	200
5475	41.1015	5.05648	42.9162	200
5476	42.0977	4.9808	42.9089	200
5477	41.0672	4.92474	42.8925	200
5478	41.1803	4.86738	42.8772	200
5479	41.0158	4.8137	42.8606	200
5480	41.1502	4.75828	42.8453	200
5481	41.1611	4.70339	42.8303	200
5482	42.6408	4.62278	42.8286	200
5483	43.1121	4.5453	42.8311	200
5484	42.5158	4.46976	42.8283	200
5485	43.5234	4.40235	42.8345	200
5486	42.6795	4.32651	42.8331	200
5487	42.5383	4.25451	42.8305	200
5488	46.8843	4.25093	42.8667	200
5489	47.465	4.25713	42.9077	200
5490	49.689	4.3022	42.9683	200
5491	51.5469	4.37857	43.0449	200
5492	51.5736	4.45268	43.121	200
5493	51.787	4.52791	43.1984	200
5494	50.5484	4.57831	43.264	200
5495	50.0115	4.61704	43.3243	200
5496	50.7036	4.66637	43.3902	200
5497	50.8957	4.71369	43.4527	200
5498	49.4995	4.7359	43.5031	200
5499	48.4067	4.7387	43.544	200
5500	48.0693	4.73514	43.5817	200
5501	47.8857	4.72796	43.6175	200
5502	46.9349	4.70445	43.6452	200
5503	38.6851	4.70871	43.6038	200
5504	38.6494	4.7128	43.5626	200
5505	37.254	4.7394	43.51	200
5506	37.3841	4.7625	43.4589	200
5507	37.0724	4.78957	43.4057	200
5508	37.8746	4.80193	43.3596	200
5509	37.8017	4.81453	43.3133	200
5510	38.4412	4.81549	43.2727	200
5511	40.7077	4.77798	43.2513	200
5512	43.6316	4.70469	43.2545	200
5513	43.3837	4.62843	43.2556	200
5514	43.6512	4.55788	43.2589	200
5515	45.267	4.51538	43.2756	200
5516	45.289	4.47368	43.2924	200
5517	41.0376	4.4367	43.2736	200
5518	41.8936	4.38576	43.2621	200
5519	40.3862	4.36059	43.2381	200
5520	41.6248	4.3148	43.2247	200
5521	41.4224	4.27293	43.2097	200
5522	41.0306	4.23803	43.1915	200
5523	41.4503	4.19641	43.177	200
5524	40.3917	4.17289	43.1538	200
5525	41.2755	4.13465	43.1381	200
5526	44.9821	4.09647	43.1535	200
5527	44.8049	4.05572	43.1673	200
5528	45.4346	4.02591	43.1861	200
5529	46.1182	4.00768	43.2106	200
5530	46.77	4.00021	43.2402	200
5531	46.1358	3.9818	43.2644	200
5532	48.0954	3.99595	43.3046	200
5533	48.8327	4.02149	43.3507	200
5534	48.1792	4.03494	43.3909	200
5535	47.8186	4.04148	43.4278	200
5536	47.4251	4.04075	43.4611	200
5537	48.6902	4.06055	43.5047	200
5538	47.414	4.05803	43.5373	200
5539	47.3587	4.05408	43.5691	200
5540	46.6553	4.03795	43.5949	200
5541	42.9651	3.98115	43.5896	200
5542	42.329	3.9358	43.5791	200
5543	43.2083	3.87638	43.576	200
5544	42.1049	3.8363	43.5637	200
5545	41.9807	3.79874	43.5506	200
5546	41.9984	3.7613	43.5376	200
5547	42.3231	3.71885	43.5275	200
5548	43.2933	3.66077	43.5255	200
5549	42.648	3.61439	43.5182	200
5550	39.3475	3.62366	43.4835	200
5551	38.802	3.64129	43.4445	200
5552	38.4707	3.6635	43.403	200
5553	38.4719	3.68462	43.3619	200
5554	38.4214	3.70555	43.3207	200
5555	38.2602	3.72814	43.2786	200
5556	36.6357	3.77672	43.2232	200
5557	38.1078	3.79903	43.1806	200
5558	37.5479	3.82768	43.1366	200
5559	39.1889	3.82955	43.1057	200
5560	47.079	3.8318	43.1368	200
5561	46.3491	3.82212	43.1619	200
5562	47.1291	3.82438	43.1929	200
5563	48.1209	3.84163	43.2314	200
5564	47.5046	3.84837	43.2648	200
5565	47.415	3.85309	43.2972	200
5566	47.6246	3.8605	43.331	200
5567	47.4425	3.86442	43.3631	200
5568	46.468	3.85255	43.3874	200
5569	46.7992	3.84566	43.414	200
5570	46.8505	3.83927	43.4409	200
5571	47.5991	3.84425	43.4733	200
5572	48.1304	3.85695	43.5097	200
5573	47.3704	3.85701	43.5399	200
5574	47.4593	3.85799	43.5705	200
5575	48.4896	3.87456	43.6089	200
5576	47.2193	3.87044	43.6371	200
5577	48.3965	3.88432	43.6743	200
5578	50.3636	3.92815	43.7266	200
5579	48.026	3.93395	43.7602	200
5580	47.8903	3.93702	43.7924	200
5581	47.9821	3.94096	43.8252	200
5582	48.702	3.95559	43.8633	200
5583	48.6773	3.969	43.9009	200
5584	48.6972	3.98192	43.9384	200
5585	48.7019	3.99414	43.9756	200
5586	47.9293	3.9935	44.0065	200
5587	46.5496	3.97084	44.0263	200
5588	48.5567	3.97958	44.0617	200
5589	49.0603	3.99551	44.1008	200
5590	50.9935	4.04077	44.1546	200
5591	49.5308	4.06164	44.1966	200
5592	42.2566	4.02849	44.1815	200
5593	42.4531	3.99255	44.168	200
5594	43.8973	3.93439	44.1658	200
5595	40.2404	3.93425	44.1352	200
5596	40.8152	3.92465	44.1092	200
5597	40.8728	3.9139	44.084	200
5598	40.6234	3.90681	44.0569	200
5599	40.7865	3.89687	44.0314	200
5600	45.3808	3.85707	44.0419	200
5601	45.4283	3.81846	44.0527	200
5602	46.2482	3.7931	44.0699	200
5603	45.6217	3.75808	44.082	200
5604	45.1599	3.7162	44.0904	200
5605	43.4698	3.66784	44.0856	200
5606	43.4489	3.62047	44.0806	200
5607	41.001	3.61202	44.0566	200
5608	41.8089	3.5907	44.039	200
5609	40.4909	3.59003	44.0113	200
5610	38.1774	3.62509	43.9657	200
5611	37.4944	3.66956	43.9151	200
5612	38.2051	3.70145	43.8705	200
5613	38.0675	3.73428	43.8252	200
5614	37.4093	3.77618	43.7751	200
5615	38.1401	3.80523	43.731	200
5616	41.7323	3.777	43.7154	200
5617	42.2858	3.74032	43.7043	200
5618	43.2051	3.68968	43.7004	200
5619	43.0595	3.64204	43.6953	200
5620	40.289	3.63836	43.6687	200
5621	40.5713	3.6299	43.6445	200
5622	41.2492	3.61061	43.6258	200
5623	40.096	3.60942	43.5999	200
5624	39.0953	3.62259	43.5667	200
5625	39.2104	3.63338	43.5347	200
5626	39.5298	3.63884	43.5053	200
5627	37.0135	3.68079	43.4575	200
5628	37.5307	3.71382	43.414	200
5629	36.9264	3.75461	43.3662	200
5630	36.9412	3.79388	43.319	200
5631	36.9738	3.8314	43.2723	200
5632	37.2804	3.86318	43.2283	200
5633	32.0113	3.97132	43.1458	200
5634	31.0496	4.0908	43.0569	200
5635	30.3658	4.21728	42.9636	200
5636	30.3321	4.34101	42.8707	200
5637	30.117	4.46473	42.7769	200
5638	31.0282	4.57184	42.6905	200
5639	30.3172	4.68657	42.5995	200
5640	31.1887	4.78546	42.5156	200
5641	30.9456	4.88523	42.4305	200
5642	30.4913	4.98897	42.3428	200
5643	30.3642	5.09175	42.2547	200
5644	38.7117	5.06898	42.2286	200
5645	37.6411	5.06189	42.1949	200
5646	39.8899	5.02135	42.1779	200
5647	39.8751	4.98137	42.161	200
5648	39.1877	4.95184	42.1392	200
5649	36.2933	4.96499	42.0962	200
5650	35.1082	4.99474	42.0448	200
5651	35.5742	5.01644	41.9972	200
5652	37.1017	5.01466	41.9612	200
5653	37.1504	5.01166	41.9258	200
5654	37.0281	5.00999	41.8898	200
5655	37.0299	5.00778	41.8541	200
5656	37.7202	4.99493	41.8237	200
5657	37.5485	4.98434	41.7923	200
5658	37.8392	4.96917	41.7632	200
5659	37.0714	4.96509	41.7287	200
5660	36.6749	4.9664	41.6915	200
5661	37.0527	4.96158	41.6574	200
5662	37.5355	4.94923	41.6271	200
5663	37.4183	4.93835	41.5962	200
5664	38.6162	4.90954	41.5742	200
5665	38.0431	4.88927	41.5483	200
5666	38.337	4.8646	41.5247	200
5667	38.2695	4.84093	41.5007	200
5668	41.5617	4.77064	41.5012	200
5669	42.3544	4.71303	41.5075	200
5670	42.8466	4.66341	41.5173	200
5671	44.3757	4.63687	41.5383	200
5672	43.6813	4.60019	41.5541	200
5673	46.6425	4.60737	41.5915	200
5674	46.2403	4.60798	41.6257	200
5675	45.6599	4.59954	41.6553	200
5676	46.2389	4.59931	41.689	200
5677	46.373	4.60055	41.7235	200
5678	38.0708	4.58661	41.6966	200
5679	41.393	4.52363	41.6944	200
5680	39.2884	4.49248	41.6767	200
5681	40.6029	4.44221	41.6688	200
5682	43.4344	4.40285	41.6818	200
5683	42.2132	4.34591	41.6857	200
5684	42.6564	4.29627	41.6928	200
5685	41.3176	4.23861	41.6901	200
5686	43.8105	4.20746	41.7057	200
5687	45.4514	4.20067	41.7332	200
5688	46.1881	4.20441	41.766	200
5689	48.4961	4.24155	41.8154	200
5690	48.5519	4.27824	41.865	200
5691	49.6499	4.32981	41.9222	200
5692	49.2953	4.37208	41.9734	200
5693	50.451	4.4291	42.0323	200
5694	50.5013	4.48521	42.0911	200
5695	51.5974	4.55495	42.1571	200
5696	51.9457	4.62763	42.2251	200
5697	51.5754	4.69323	42.29	200
5698	52.3842	4.76824	42.3601	200
5699	51.9457	4.83515	42.4267	200
5700	53.1441	4.91685	42.5011	200
5701	53.824	5.00582	42.5797	200
5702	54.4603	5.1013	42.6622	200
5703	51.0611	5.1471	42.7206	200
5704	50.9787	5.19031	42.7779	200
5705	50.3147	5.2229	42.8303	200
5706	48.8939	5.23457	42.8724	200
5707	49.0149	5.24718	42.915	200
5708	46.6348	5.22597	42.9408	200
5709	47.4232	5.21564	42.972	200
5710	47.5242	5.20643	43.0036	200
5711	48.2493	5.20697	43.04	200
5712	49.7715	5.22814	43.0868	200
5713	49.7736	5.2484	43.1332	200
5714	48.4064	5.24875	43.1698	200
5715	48.6676	5.2522	43.208	200
5716	49.3939	5.26517	43.251	200
5717	46.566	5.23809	43.274	200
5718	46.2914	5.20725	43.2949	200
5719	47.7837	5.19727	43.3261	200
5720	47.1816	5.17863	43.3529	200
5721	44.6184	5.12428	43.3617	200
5722	43.7178	5.05806	43.3641	200
5723	43.7312	4.9929	43.3667	200
5724	43.7397	4.92874	43.3693	200
5725	45.8256	4.8944	43.3863	200
5726	46.7781	4.87353	43.4099	200
5727	47.8982	4.86818	43.4411	200
5728	49.0552	4.87854	43.48	200
5729	48.557	4.88129	43.5153	200
5730	50.6231	4.91222	43.5647	200
5731	49.5298	4.92684	43.6061	200
5732	49.3204	4.93778	43.6458	200
5733	49.209	4.94646	43.6844	200
5734	48.568	4.94559	43.7183	200
5735	47.6422	4.9314	43.7456	200
5736	47.6963	4.91778	43.773	200
5737	49.9043	4.93463	43.8156	200
5738	49.8977	4.95057	43.8578	200
5739	50.4986	4.97404	43.9039	200
5740	49.0797	4.97684	43.9399	200
5741	51.9384	5.01881	43.9954	200
5742	51.9009	5.05891	44.0503	200
5743	51.2071	5.08804	44.1	200
5744	51.9826	5.12685	44.1547	200
5745	51.2836	5.15466	44.2043	200
5746	50.5335	5.17097	44.2482	200
5747	50.1795	5.18153	44.2894	200
5748	48.2908	5.16514	44.3172	200
5749	51.1548	5.18837	44.3647	200
5750	49.0066	5.18078	44.3969	200
5751	48.9807	5.17249	44.4287	200
5752	46.9869	5.13618	44.4465	200
5753	46.9433	5.09952	44.4638	200
5754	47.0174	5.06416	44.4816	200
5755	44.9829	5.00079	44.485	200
5756	47.0363	4.96677	44.5028	200
5757	46.447	4.92479	44.5163	200
5758	47.7807	4.90173	44.5389	200
5759	47.1853	4.8704	44.5573	200
5760	45.4117	4.81462	44.5632	200
5761	43.2883	4.76546	44.5544	200
5762	42.1087	4.73324	44.5374	200
5763	44.8566	4.67193	44.5396	200
5764	47.132	4.64305	44.5576	200
5765	47.2601	4.61752	44.5754	200
5766	47.0776	4.58968	44.5919	200
5767	45.7864	4.54501	44.5997	200
5768	46.4215	4.50918	44.6117	200
5769	47.6638	4.49	44.6318	200
5770	47.7806	4.47236	44.6525	200
5771	49.0873	4.47186	44.6817	200
5772	49.892	4.48158	44.716	200
5773	51.0057	4.50537	44.7573	200
5774	47.9494	4.48809	44.7783	200
5775	48.6604	4.48011	44.8039	200
5776	49.466	4.48251	44.8345	200
5777	52.8338	4.52878	44.8872	200
5778	50.0608	4.53727	44.9212	200
5779	50.7914	4.5548	44.9598	200
5780	50.8485	4.57235	44.9986	200
5781	50.7742	4.58819	45.0366	200
5782	50.5987	4.601	45.0732	200
5783	51.8609	4.62977	45.1178	200
5784	52.8465	4.67055	45.1687	200
5785	53.999	4.72528	45.2268	200
5786	51.0895	4.74025	45.2653	200
5787	52.8352	4.77748	45.3151	200
5788	53.3176	4.81991	45.3678	200
5789	53.6392	4.86533	45.4222	200
5790	55.4489	4.93324	45.4882	200
5791	54.8204	4.99112	45.5496	200
5792	56.3271	5.06726	45.6205	200
5793	55.3717	5.12889	45.6846	200
5794	54.4197	5.17634	45.7421	200
5795	52.2226	5.1935	45.7847	200
5796	52.0766	5.20795	45.8261	200
5797	51.7146	5.21691	45.8648	200
5798	52.2767	5.23263	45.907	200
5799	52.7806	5.25422	45.9522	200
5800	51.0026	5.25154	45.9855	200
5801	48.8237	5.21978	46.0041	200
5802	50.8661	5.21507	46.0361	200
5803	51.4291	5.21741	46.0716	200
5804	51.5628	5.22101	46.1077	200
5805	50.0869	5.20467	46.1339	200
5806	50.7905	5.19746	46.1645	200
5807	50.0257	5.17988	46.19	200
5808	49.3522	5.15333	46.2108	200
5809	48.8335	5.12003	46.228	200
5810	50.7689	5.11241	46.2579	200
5811	49.2025	5.08389	46.2773	200
5812	50.007	5.06607	46.3018	200
5813	50.6296	5.05635	46.3303	200
5814	50.5056	5.04476	46.3577	200
5815	48.6014	5.00791	46.3725	200
5816	49.9869	4.98957	46.3963	200
5817	48.6288	4.95329	46.411	200
5818	52.2105	4.96443	46.4491	200
5819	52.289	4.97595	46.4875	200
5820	52.0711	4.98394	46.5243	200
5821	52.2338	4.99349	46.5618	200
5822	53.0912	5.0137	46.6048	200
5823	51.7635	5.0156	46.6387	200
5824	53.59	5.04107	46.6845	200
5825	51.7349	5.0412	46.7177	200
5826	50.3912	5.0232	46.7418	200
5827	52.4783	5.03258	46.7796	200
5828	51.4394	5.02768	46.8102	200
5829	51.4031	5.02196	46.8405	200
5830	51.1887	5.01309	46.8691	200
5831	50.7135	4.99771	46.8944	200
5832	51.0234	4.98628	46.9215	200
5833	52.3694	4.99235	46.9574	200
5834	53.264	5.00965	46.9989	200
5835	53.2141	5.02551	47.0397	200
5836	53.3955	5.04301	47.0816	200
5837	54.2047	5.07038	47.1284	200
5838	54.2358	5.09719	47.1752	200
5839	55.322	5.13731	47.2288	200
5840	55.9878	5.18497	47.2864	200
5841	54.0347	5.20451	47.3286	200
5842	55.2501	5.23847	47.3781	200
5843	55.0759	5.26921	47.4262	200
5844	55.0773	5.29898	47.474	200
5845	55.3205	5.33083	47.5231	200
5846	54.4372	5.35062	47.5663	200
5847	54.6063	5.37173	47.6103	200
5848	54.2981	5.38819	47.6521	200
5849	53.2475	5.39077	47.687	200
5850	55.7385	5.42403	47.7374	200
5851	53.7695	5.43163	47.7751	200
5852	51.8035	5.41409	47.8002	200
5853	52.5045	5.40522	47.8296	200
5854	54.5112	5.42117	47.8714	200
5855	53.8029	5.42755	47.9085	200
5856	53.8018	5.43337	47.9453	200
5857	52.1511	5.41803	47.9716	200
5858	52.1579	5.40263	47.9978	200
5859	53.3358	5.40182	48.0311	200
5860	54.5713	5.41605	48.072	200
5861	52.9446	5.40926	48.1024	200
5862	53.5891	5.41023	48.1367	200
5863	51.7944	5.38832	48.1596	200
5864	51.8711	5.36736	48.1828	200
5865	56.0857	5.39905	48.2322	200
5866	54.5812	5.41093	48.2719	200
5867	53.2188	5.40513	48.3028	200
5868	53.2864	5.39986	48.3339	200
5869	53.8754	5.40163	48.3686	200
5870	53.9065	5.40333	48.4032	200
5871	53.8208	5.40351	48.437	200
5872	51.933	5.37967	48.4589	200
5873	50.6032	5.33922	48.4723	200
5874	53.6909	5.33772	48.5049	200
5875	52.3849	5.31949	48.5292	200
5876	54.3264	5.32546	48.5654	200
5877	52.5194	5.30832	48.5901	200
5878	51.8294	5.28246	48.6103	200
5879	51.4286	5.25166	48.628	200
5880	53.0777	5.24163	48.6558	200
5881	53.7389	5.23965	48.6875	200
5882	52.1701	5.21769	48.7093	200
5883	52.2052	5.19616	48.7311	200
5884	53.9414	5.19634	48.7637	200
5885	53.244	5.18739	48.7917	200
5886	52.8777	5.17362	48.8173	200
5887	55.9012	5.1975	48.8615	200
5888	54.7027	5.20554	48.898	200
5889	53.8915	5.20289	48.9292	200
5890	52.5768	5.18345	48.952	200
5891	54.6943	5.19044	48.9879	200
5892	55.3069	5.20454	49.0274	200
5893	53.387	5.19398	49.0547	200
5894	52.5842	5.17317	49.0767	200
5895	51.865	5.14336	49.0941	200
5896	52.789	5.12525	49.1172	200
5897	53.2665	5.11305	49.1432	200
5898	53.954	5.10928	49.1732	200
5899	53.2474	5.09634	49.1987	200
5900	50.5892	5.05001	49.2074	200
5901	49.4333	4.98971	49.2088	200
5902	52.2586	4.96546	49.2279	200
5903	54.0291	4.96341	49.2579	200
5904	55.2795	4.97664	49.2955	200
5905	52.3129	4.95215	49.3144	200
5906	51.4299	4.91669	49.3276	200
5907	53.5294	4.90775	49.3539	200
5908	55.0069	4.91707	49.3892	200
5909	55.8676	4.93659	49.4297	200
5910	56.6386	4.96499	49.4747	200
5911	56.1501	4.98637	49.5164	200
5912	59.9785	5.05481	49.5818	200
5913	59.7702	5.11898	49.6455	200
5914	60.0583	5.18515	49.7106	200
5915	61.1925	5.26386	49.7824	200
5916	57.1584	5.29026	49.8285	200
5917	58.1348	5.32796	49.8804	200
5918	57.6752	5.3588	49.9291	200
5919	59.4962	5.4114	49.9889	200
5920	58.72	5.4529	50.0434	200
5921	59.3266	5.50078	50.1015	200
5922	58.7321	5.53804	50.1528	200
5923	57.0585	5.55432	50.1939	200
5924	60.5908	5.61197	50.2558	200
5925	60.8338	5.67108	50.3188	200
5926	60.0509	5.71943	50.3767	200
5927	60.0581	5.7666	50.4343	200
5928	57.0086	5.77621	50.4735	200
5929	58.7796	5.80633	50.5229	200
5930	57.4047	5.81913	50.5639	200
5931	57.3642	5.83081	50.6044	200
5932	55.9632	5.82519	50.6363	200
5933	55.3556	5.81203	50.6643	200
5934	56.4904	5.81219	50.699	200
5935	54.583	5.78924	50.7221	200
5936	54.052	5.75996	50.742	200
5937	56.2829	5.75735	50.7749	200
5938	55.9655	5.7506	50.8058	200
5939	53.2299	5.711	50.8203	200
5940	55.9577	5.70417	50.8509	200
5941	55.9845	5.69738	50.8814	200
5942	57.1344	5.70399	50.9186	200
5943	54.1361	5.67439	50.9378	200
5944	52.3352	5.62348	50.9461	200
5945	53.4244	5.58603	50.9608	200
5946	52.1682	5.5339	50.968	200
5947	53.2136	5.49476	50.9814	200
5948	51.2097	5.43206	50.9828	200
5949	52.2556	5.38255	50.9903	200
5950	50.8356	5.32031	50.9894	200
5951	50.9174	5.25783	50.989	200
5952	55.5151	5.24912	51.0159	200
5953	54.4764	5.22782	51.0365	200
5954	54.5564	5.20749	51.0575	200
5955	52.2774	5.16002	51.0647	200
5956	52.5365	5.11611	51.0735	200
5957	54.5736	5.09687	51.0943	200
5958	54.6599	5.07864	51.1155	200
5959	56.821	5.0861	51.1495	200
5960	56.0928	5.0844	51.1789	200
5961	56.5355	5.08764	51.2108	200
5962	56.6643	5.092	51.2433	200
5963	57.5175	5.10607	51.2806	200
5964	58.6	5.13242	51.3242	200
5965	58.5005	5.15675	51.3669	200
5966	57.031	5.16279	51.4006	200
5967	55.4641	5.1497	51.4248	200
5968	54.9385	5.13022	51.4457	200
5969	57.4367	5.14047	51.4814	200
5970	58.7477	5.16578	51.5246	200
5971	56.9883	5.16932	51.5572	200
5972	58.9537	5.19584	51.6012	200
5973	56.9827	5.19805	51.6332	200
5974	57.4833	5.20581	51.668	200
5975	57.5029	5.2133	51.7028	200
5976	56.9254	5.21341	51.7338	200
5977	57.6437	5.2217	51.769	200
5978	58.1088	5.23501	51.8068	200
5979	56.8606	5.23285	51.8368	200
5980	54.9425	5.20753	51.8553	200
5981	57.7842	5.21611	51.8906	200
5982	55.6047	5.19823	51.9127	200
5983	55.6833	5.18123	51.9352	200
5984	57.1149	5.18121	51.966	200
5985	56.6318	5.17508	51.9938	200
5986	58.0551	5.18563	52.0299	200
5987	58.7653	5.20408	52.0699	200
5988	59.2761	5.22791	52.1128	200
5989	58.5065	5.24179	52.1509	200
5990	58.379	5.25353	52.188	200
5991	55.9129	5.23533	52.2101	200
5992	56.058	5.21882	52.233	200
5993	59.0211	5.2375	52.2734	200
5994	55.3015	5.21119	52.2915	200
5995	52.4909	5.15153	52.2927	200
5996	53.0887	5.09968	52.2974	200
5997	55.3587	5.07541	52.3156	200
5998	56.6965	5.06714	52.3417	200
5999	55.1332	5.04005	52.3583	200
6000	55.2913	5.01496	52.3758	200
6001	54.3644	4.97894	52.3876	200
6002	55.1786	4.95289	52.4042	200
6003	53.9255	4.91204	52.4133	200
6004	57.3444	4.91226	52.4426	200
6005	57.7616	4.91711	52.4743	200
6006	59.2954	4.93977	52.5149	200
6007	59.4197	4.9621	52.5541	200
6008	60.7569	4.99893	52.6007	200
6009	59.0316	5.0152	52.6373	200
6010	60.456	5.04706	52.6817	200
6011	60.2909	5.07617	52.7249	200
6012	59.5857	5.09645	52.7639	200
6013	60.4181	5.12552	52.8074	200
6014	60.4381	5.15398	52.8507	200
6015	58.5107	5.15973	52.8829	200
6016	59.4	5.17516	52.9199	200
6017	59.9279	5.19598	52.9597	200
6018	61.7327	5.23663	53.0096	200
6019	62.2129	5.28171	53.0619	200
6020	60.9089	5.31086	53.1065	200
6021	62.1491	5.35326	53.1578	200
6022	63.1622	5.40611	53.2147	200
6023	63.5438	5.46206	53.2734	200
6024	62.8568	5.50889	53.3278	200
6025	62.1124	5.54612	53.3777	200
6026	64.1258	5.60523	53.4388	200
6027	62.1208	5.64019	53.4881	200
6028	64.2293	5.69815	53.5492	200
6029	64.003	5.7522	53.6086	200
6030	62.2379	5.78489	53.6576	200
6031	61.706	5.81061	53.7033	200
6032	60.736	5.8245	53.7433	200
6033	62.5999	5.85895	53.7936	200
6034	62.5703	5.89211	53.8435	200
6035	61.6802	5.91421	53.888	200
6036	60.7833	5.92535	53.9272	200
6037	59.8605	5.92544	53.9609	200
6038	62.2258	5.95203	54.0078	200
6039	61.5887	5.97054	54.0509	200
6040	59.1068	5.96014	54.0796	200
6041	56.4259	5.91908	54.093	200
6042	57.4807	5.89031	54.1122	200
6043	58.0758	5.86842	54.1347	200
6044	58.2043	5.84797	54.1579	200
6045	56.9349	5.81308	54.1736	200
6046	58.1407	5.7921	54.1962	200
6047	56.5366	5.75288	54.2095	200
6048	55.3643	5.70062	54.216	200
6049	57.2689	5.67054	54.2334	200
6050	59.4157	5.66499	54.2628	200
6051	58.263	5.64607	54.2856	200
6052	59.4284	5.64035	54.3148	200
6053	59.3149	5.63307	54.3432	200
6054	58.0972	5.61172	54.3645	200
6055	59.4042	5.60522	54.3931	200
6056	58.8664	5.59236	54.4186	200
6057	58.1374	5.57107	54.4397	200
6058	59.4373	5.56455	54.4681	200
6059	61.3368	5.57937	54.5071	200
6060	61.1756	5.59174	54.545	200
6061	60.044	5.59064	54.5777	200
6062	58.8187	5.57457	54.603	200
6063	58.993	5.55976	54.6304	200
6064	62.4689	5.58825	54.6794	200
6065	61.2279	5.60088	54.7225	200
6066	58.9829	5.58324	54.7505	200
6067	61.2067	5.59537	54.7954	200
6068	59.8073	5.58726	54.8302	200
6069	61.2024	5.59881	54.877	200
6070	61.3541	5.61172	54.9246	200
6071	62.1625	5.63713	54.9812	200
6072	62.1367	5.66086	55.0371	200
6073	61.5326	5.67477	55.0912	200
6074	60.7295	5.67416	55.1382	200
6075	61.4544	5.68562	55.1946	200
6076	62.7971	5.71985	55.2625	200
6077	61.4672	5.72918	55.3221	200
6078	62.0384	5.74816	55.3867	200
6079	62.1669	5.76966	55.4573	200
6080	59.2364	5.72819	55.4967	200
6081	61.3062	5.73003	55.5627	200
6082	60.3703	5.70907	55.6173	200
6083	61.0185	5.70137	55.6849	200
6084	61.4303	5.70247	55.7567	200
6085	61.7592	5.7108	55.84	200
6086	61.023	5.69614	55.912	200
6087	60.0136	5.64631	55.9761	200
6088	59.4845	5.5795	56.0309	200
6089	59.2285	5.49443	56.088	200
6090	58.6861	5.39099	56.1344	200
6091	58.3048	5.25679	56.1796	200
6092	59.488	5.17561	56.2486	200
6093	58.3069	5.01975	56.3	200
6094	57.0571	4.80661	56.319	200
6095	59.6963	4.71728	56.4245	200
6096	60.9265	4.70383	56.5652	200
6097	59.7683	4.57877	56.6986	200
6098	59.6613	4.44409	56.8221	200
6099	59.8643	4.26886	57.0122	200
6100	63.5574	4.5534	57.4213	200
6101	63.6804	4.97982	58.2037	200
6102	63.4644	5.05004	58.8613	200
6103	63.0676	4.83911	59.3871	200
