segment	rtt	rttvar	srtt	rto
0	281.404	140.702	281.404	1407.02
1	282.017	133.697	281.419	1351
2	282.64	128.178	281.444	1306.86
3	283.513	122.923	281.488	1264.87
4	284.357	118.635	281.539	1230.62
5	284.952	114.52	281.6	1197.76
6	285.752	111.071	281.665	1170.23
7	286.618	107.755	281.742	1143.78
8	287.401	104.919	281.821	1121.17
9	288.061	102.178	281.907	1099.33
10	7.45102	106.485	278.477	1130.36
11	8.32974	110.577	275.1	1159.71
12	8.33056	114.126	272.068	1185.08
13	8.92504	117.513	269.078	1209.18
14	9.10251	120.481	266.37	1230.22
15	9.78475	123.317	263.697	1250.23
16	9.48339	125.834	261.253	1267.92
17	10.2066	128.242	258.839	1284.77
18	10.1005	130.393	256.618	1299.77
19	10.7578	132.455	254.423	1314.07
20	10.8295	134.308	252.393	1326.85
21	11.5094	136.084	250.386	1339.06
22	11.5055	137.69	248.519	1350.04
23	12.1129	139.233	246.672	1360.53
24	11.9369	140.637	244.946	1370.04
25	12.5926	141.986	243.238	1379.12
26	12.5008	143.218	241.636	1387.38
27	13.2745	144.401	240.05	1395.26
28	13.2516	145.485	238.558	1402.44
29	13.8918	146.527	237.08	1409.3
30	14.4316	147.479	235.688	1415.52
31	15.1919	148.391	234.31	1421.44
32	15.6325	149.228	233.008	1426.83
33	17.0751	150.022	231.723	1431.9
34	19.2829	150.731	230.516	1436.37
35	20.5344	151.405	229.323	1440.56
36	20.6955	152.027	228.189	1444.4
37	22.9024	152.606	227.073	1447.92
38	23.2608	153.139	226.012	1451.12
39	24.0185	153.648	224.96	1454.14
40	24.5945	154.115	223.958	1456.88
41	26.6483	154.547	222.971	1459.35
42	26.8856	154.946	222.029	1461.6
43	28.0438	155.322	221.096	1463.67
44	28.0786	155.671	220.202	1465.57
45	29.4839	155.995	219.319	1467.28
46	30.8679	156.285	218.478	1468.76
47	31.4971	156.559	217.643	1470.12
48	31.7571	156.812	216.842	1471.34
49	33.1272	157.044	216.05	1472.4
50	33.79	157.254	215.291	1473.32
51	34.9727	157.446	214.54	1474.11
52	35.6794	157.619	213.818	1474.77
53	37.8409	157.767	213.109	1475.24
54	39.0157	157.895	212.429	1475.59
55	39.6558	158.011	211.754	1475.84
56	42.6103	158.095	211.113	1475.87
57	44.5936	158.159	210.482	1475.75
58	45.9167	158.206	209.877	1475.53
59	48.7017	158.228	209.285	1475.11
60	50.1785	158.234	208.716	1474.59
61	52.9161	158.217	208.16	1473.89
62	53.5219	158.192	207.623	1473.16
63	56.4185	158.143	207.098	1472.25
64	57.0153	158.089	206.591	1471.3
65	57.5657	158.028	206.088	1470.31
66	57.6232	157.965	205.599	1469.32
67	60.3411	157.881	205.121	1468.17
68	61.0499	157.793	204.66	1467
69	61.8007	157.697	204.202	1465.78
70	61.0925	157.606	203.755	1464.6
71	61.9592	157.507	203.311	1463.37
72	62.6921	157.404	202.883	1462.11
73	63.7594	157.293	202.459	1460.8
74	63.1041	157.186	202.044	1459.53
75	65.2009	157.065	201.637	1458.15
76	65.1295	156.945	201.24	1456.8
77	65.9019	156.819	200.846	1455.4
78	65.9761	156.695	200.463	1454.02
79	66.5492	156.565	200.083	1452.61
80	66.677	156.437	199.712	1451.21
81	67.9559	156.3	199.346	1449.74
82	67.9319	156.164	198.989	1448.3
83	68.5399	156.025	198.635	1446.83
84	67.8269	155.89	198.287	1445.41
85	69.94	155.744	197.945	1443.9
86	69.3339	155.603	197.61	1442.43
87	70.0683	155.456	197.278	1440.93
88	71.8021	155.303	196.958	1439.39
89	72.0057	155.149	196.639	1437.83
90	73.5725	154.988	196.332	1436.24
91	75.6482	154.817	196.03	1434.56
92	76.3752	154.644	195.737	1432.89
93	79.1021	154.458	195.451	1431.12
94	78.9702	154.275	195.171	1429.37
95	81.0958	154.082	194.897	1427.55
96	80.5409	153.895	194.627	1425.79
97	81.89	153.701	194.361	1423.97
98	83.1521	153.504	194.104	1422.13
99	83.9049	153.303	193.849	1420.28
100	83.9912	153.106	193.599	1418.45
101	85.3864	152.902	193.353	1416.57
102	84.4931	152.705	193.11	1414.75
103	86.5328	152.499	192.872	1412.87
104	89.3846	152.284	192.645	1410.92
105	91.3913	152.061	192.423	1408.91
106	95.3064	151.824	192.214	1406.8
107	97.3563	151.578	192.009	1404.63
108	99.4937	151.328	191.813	1402.44
109	101.646	151.069	191.622	1400.17
110	104.956	150.8	191.442	1397.85
111	107.766	150.521	191.267	1395.43
112	108.565	150.243	191.098	1393.04
113	110.004	149.959	190.932	1390.61
114	112.777	149.67	190.774	1388.13
115	116.019	149.368	190.623	1385.57
116	116.71	149.068	190.477	1383.02
117	117.457	148.767	190.332	1380.46
118	120.213	148.459	190.195	1377.87
119	121.65	148.147	190.061	1375.24
120	123.891	147.832	189.934	1372.59
121	125.291	147.512	189.81	1369.9
122	122.976	147.206	189.683	1367.33
123	123.589	146.899	189.558	1364.75
124	123.21	146.599	189.434	1362.22
125	125.193	146.291	189.314	1359.64
126	126.578	145.984	189.199	1357.07
127	128.558	145.67	189.087	1354.45
128	126.442	145.369	188.974	1351.93
129	128.641	145.061	188.865	1349.36
130	127.851	144.761	188.756	1346.84
131	129.257	144.457	188.649	1344.3
132	127.699	144.163	188.542	1341.84
133	128.556	143.866	188.436	1339.37
134	127.792	143.577	188.331	1336.95
135	128.586	143.286	188.227	1334.52
136	126.292	143.004	188.12	1332.15
137	126.915	142.716	188.012	1329.74
138	126.256	142.431	187.903	1327.35
139	127.096	142.139	187.795	1324.91
140	127.288	141.848	187.687	1322.47
141	127.836	141.55	187.578	1319.98
142	127.862	141.254	187.47	1317.5
143	129.201	140.949	187.363	1314.95
144	128.025	140.649	187.254	1312.44
145	129.138	140.341	187.146	1309.87
146	128.653	140.035	187.036	1307.32
147	129.851	139.722	186.928	1304.7
148	129.841	139.409	186.82	1302.09
149	131.196	139.086	186.713	1299.4
150	131.941	138.762	186.608	1296.7
151	133.265	138.428	186.504	1293.93
152	133.269	138.096	186.4	1291.16
153	134.462	137.754	186.296	1288.33
154	135.189	137.41	186.195	1285.47
155	135.716	137.059	186.093	1282.57
156	140.25	136.692	186.001	1279.53
157	140.901	136.316	185.908	1276.44
158	144.304	135.928	185.823	1273.25
159	145.028	135.532	185.738	1269.99
160	147.301	135.127	185.658	1266.67
161	148.527	134.712	185.579	1263.27
162	150.807	134.288	185.506	1259.81
163	151.189	133.857	185.432	1256.29
164	153.85	133.417	185.364	1252.7
165	154.519	132.967	185.296	1249.03
166	160.031	132.494	185.241	1245.2
167	161.337	132.01	185.187	1241.26
168	166.3	131.505	185.145	1237.18
169	168.527	130.982	185.107	1232.97
170	171.816	130.447	185.077	1228.66
171	172.765	129.9	185.049	1224.25
172	174.604	129.347	185.025	1219.8
173	176.063	128.78	185.003	1215.24
174	180.774	128.192	184.993	1210.53
175	182.997	127.585	184.989	1205.67
176	182.897	126.982	184.984	1200.84
177	184.403	126.362	184.982	1195.88
178	187.032	125.753	184.987	1191.01
179	187.624	125.137	184.994	1186.09
180	188.328	124.528	185.002	1181.23
181	190.699	123.922	185.017	1176.39
182	191.169	123.321	185.032	1171.6
183	191.964	122.715	185.05	1166.77
184	193.855	122.122	185.073	1162.05
185	195.186	121.526	185.1	1157.31
186	193.376	120.924	185.122	1152.51
187	195.478	120.323	185.15	1147.73
189	195.981	119.728	185.18	1143
190	194.595	119.115	185.206	1138.12
191	196.557	118.516	185.237	1133.37
192	196.659	117.908	185.27	1128.53
193	200.014	117.321	185.312	1123.88
194	201.651	116.734	185.359	1119.23
195	203.083	116.159	185.411	1114.68
196	201.458	115.563	185.459	1109.96
197	204.28	114.987	185.515	1105.41
198	204.881	114.404	185.574	1100.81
199	206.192	113.832	185.637	1096.29
200	204.706	113.24	185.696	1091.61
201	207.574	112.669	185.764	1087.11
202	211.064	112.109	185.846	1082.72
203	213.025	111.564	185.933	1078.45
204	220.028	111.055	186.045	1074.48
205	224.168	110.575	186.17	1070.77
206	229.623	110.121	186.317	1067.29
207	232.371	109.688	186.473	1063.98
208	232.537	109.247	186.633	1060.61
209	233.681	108.815	186.796	1057.31
210	234.928	108.393	186.963	1054.11
211	235.731	107.979	187.132	1050.97
212	234.953	107.561	187.298	1047.79
213	236.938	107.159	187.471	1044.74
214	237.272	106.761	187.644	1041.73
215	238.507	106.373	187.82	1038.8
216	237.996	105.982	187.995	1035.85
217	239.461	105.604	188.173	1033
218	237.473	105.213	188.344	1030.05
219	237.92	104.826	188.517	1027.13
220	237.542	104.439	188.687	1024.2
221	238.239	104.058	188.859	1021.32
222	234.786	103.654	189.018	1018.25
223	235.226	103.255	189.179	1015.22
224	233.248	102.844	189.332	1012.09
225	233.971	102.44	189.487	1009.01
226	231.214	102.018	189.632	1005.78
227	231.78	101.603	189.778	1002.6
228	230.456	101.179	189.919	999.355
229	231.122	100.763	190.062	996.166
230	229.042	100.334	190.198	992.869
231	229.724	99.9117	190.335	989.628
232	228.306	99.4815	190.467	986.319
233	229.102	99.059	190.601	983.073
234	229.861	98.6437	190.737	979.887
235	232.07	98.2457	190.881	976.846
236	231.068	97.8425	191.02	973.76
237	234.521	97.4651	191.171	970.892
238	239.44	97.1235	191.339	968.327
239	240.804	96.7925	191.511	965.851
240	238.766	96.4485	191.675	963.263
241	239.594	96.1115	191.841	960.733
242	237.565	95.7616	192	958.093
243	238.004	95.4161	192.16	955.488
244	238.065	95.0722	192.319	952.897
245	238.815	94.7349	192.48	950.36
246	234.636	94.3698	192.627	947.585
247	235.982	94.0155	192.777	944.901
248	237.378	93.6816	192.928	942.381
249	238.194	93.3545	193.081	939.917
250	237.961	93.027	193.233	937.448
251	240.616	92.7186	193.393	935.141
252	240.125	92.4078	193.551	932.813
253	241.366	92.1065	193.712	930.564
254	241.397	91.8064	193.873	928.324
255	242.098	91.5119	194.036	926.131
256	242.969	91.2242	194.201	923.995
257	243.49	90.9409	194.368	921.895
258	259.843	90.7688	194.589	920.74
259	260.539	90.6011	194.812	919.621
260	261.208	90.4376	195.036	918.537
261	261.933	90.2785	195.262	917.49
262	260.702	90.1107	195.483	916.369
263	261.452	89.9476	195.706	915.287
266	259.293	89.7694	195.921	914.077
267	260.055	89.5962	196.138	912.907
268	259.17	89.4167	196.351	911.685
269	260.469	89.2458	196.567	910.534
264	264.301	89.1004	196.796	909.6
265	264.83	88.9581	197.026	908.691
270	261.951	88.7957	197.245	907.611
271	262.849	88.639	197.467	906.579
272	262.738	88.4811	197.687	905.536
273	263.302	88.3266	197.909	904.522
274	262.934	88.1692	198.129	903.482
275	264.234	88.0201	198.352	902.513
276	266.871	87.8883	198.584	901.69
277	267.516	87.7602	198.816	900.898
278	271.102	87.6557	199.061	900.306
279	272.618	87.5604	199.309	899.793
280	160.152	87.2334	199.177	897.044
281	161.158	86.9008	199.048	894.255
282	160.314	86.5754	198.918	891.521
283	161.064	86.2462	198.79	888.759
284	160.94	85.9192	198.662	886.015
285	161.798	85.5877	198.537	883.239
286	162.634	85.252	198.416	880.432
287	163.894	84.9093	198.299	877.573
288	166.598	84.5497	198.192	874.59
289	166.426	84.1931	198.085	871.63
290	167.799	83.8289	197.983	868.614
291	169.355	83.4559	197.886	865.533
292	168.365	83.0915	197.786	862.518
293	169.048	82.7242	197.689	859.483
294	169.242	82.3575	197.593	856.453
295	169.469	81.991	197.498	853.426
296	170.59	81.6188	197.407	850.358
297	170.578	81.2486	197.316	847.306
298	170.522	80.8807	197.226	844.272
299	170.785	80.5129	197.137	841.239
300	170.432	80.1493	197.046	838.241
301	170.466	79.7873	196.957	835.255
302	171.459	79.4205	196.87	832.235
303	173.125	79.0443	196.79	829.145
304	174.27	78.6624	196.714	826.013
305	173.948	78.2847	196.637	822.915
306	175.564	77.8874	196.564	819.663
307	179.486	77.4651	196.505	816.226
308	179.669	77.0321	196.445	812.701
309	181.743	76.5868	196.392	809.087
310	187.163	76.0916	196.358	805.091
311	187.241	75.5991	196.325	801.118
312	187.308	75.0947	196.29	797.048
313	187.252	74.5943	196.256	793.01
314	187.231	74.082	196.221	788.877
315	187.379	73.5723	196.186	784.765
316	187.692	73.0475	196.152	780.532
317	187.696	72.5266	196.118	776.331
318	187.605	71.9932	196.083	772.028
319	186.696	71.4714	196.044	767.815
320	188.928	70.9167	196.013	763.346
321	186.51	70.3872	195.972	759.07
322	188.563	69.8249	195.939	754.538
323	188.703	69.2661	195.906	750.035
324	186.773	68.7093	195.864	745.539
325	186.482	68.16	195.821	741.101
326	186.014	67.5989	195.774	736.565
327	185.365	67.049	195.724	732.115
328	185.429	66.4814	195.672	727.524
329	185.47	65.9186	195.621	722.97
330	185.436	65.3381	195.568	718.273
331	176.467	64.8564	195.469	714.32
332	175.905	64.3641	195.362	710.275
333	174.064	63.896	195.246	706.415
334	174.806	63.4022	195.13	702.348
335	179.347	62.8611	195.041	697.929
336	182.09	62.2669	194.964	693.099
337	183.754	61.6591	194.897	688.169
338	184.28	61.021	194.831	682.999
339	183.575	60.399	194.76	677.952
340	183.055	59.7583	194.683	672.749
341	184.13	59.1108	194.614	667.5
342	184.383	58.4677	194.546	662.288
343	185.709	57.8146	194.488	657.005
344	185.562	57.1714	194.43	651.8
345	187.052	56.5162	194.381	646.51
346	187.889	55.858	194.338	641.202
347	189.059	55.1925	194.304	635.843
348	189.43	54.5304	194.272	630.514
349	189.932	53.87	194.243	625.203
350	190.516	53.2102	194.218	619.9
351	191.302	52.5484	194.199	614.587
352	193.056	51.872	194.192	609.168
353	197.907	51.2384	194.216	604.123
354	197.085	50.602	194.235	599.051
355	196.733	49.969	194.251	594.004
356	195.841	49.3324	194.262	588.921
357	195.948	48.7055	194.273	583.917
358	194.504	48.0677	194.275	578.816
359	194.877	47.4431	194.279	573.824
360	198.717	46.8773	194.308	569.326
361	196.752	46.2926	194.324	564.665
362	198.682	45.7409	194.352	560.279
363	201.352	45.2311	194.399	556.247
364	200.004	44.7097	194.435	552.113
365	200.748	44.2045	194.477	548.113
366	200.695	43.7047	194.518	544.155
367	200.586	43.2095	194.558	540.233
368	200.511	42.7192	194.597	536.351
369	200.762	42.2383	194.637	532.544
370	200.846	41.7642	194.678	528.792
371	200.603	41.2926	194.717	525.058
372	201.875	40.8435	194.764	521.512
373	203.552	40.4217	194.822	518.196
374	205.656	40.0324	194.893	515.152
375	206.079	39.6528	194.967	512.19
376	207.228	39.2924	195.048	509.387
377	210.088	38.9733	195.147	506.933
378	210.384	38.661	195.247	504.535
379	210.201	38.349	195.345	502.138
380	208.191	38.0135	195.43	499.538
381	208.166	37.6809	195.514	496.961
382	206.07	37.324	195.583	494.175
383	205.23	36.9598	195.647	491.325
384	205.429	36.6022	195.711	488.529
385	204.366	36.2345	195.768	485.644
386	206.011	35.8925	195.835	482.975
387	205.604	35.5488	195.899	480.29
388	202.049	35.1619	195.94	477.235
389	203.622	34.8003	195.99	474.393
390	210.613	34.5348	196.087	472.365
391	209.87	34.2618	196.177	470.272
392	209.804	33.9903	196.267	468.189
393	210.24	33.7269	196.359	466.174
394	210.273	33.4662	196.45	464.18
395	210.138	33.206	196.541	462.188
396	210.07	32.947	196.63	460.206
397	206.767	32.6469	196.696	457.872
398	206.643	32.3482	196.762	455.548
399	206.481	32.0505	196.826	453.23
400	203.652	31.7186	196.871	450.619
401	203.165	31.3841	196.912	447.984
402	203.082	31.0339	196.955	445.226
403	203.369	30.6919	196.999	442.535
404	203.294	30.3331	197.046	439.711
405	203.786	29.9862	197.095	436.985
406	204.264	29.6297	197.151	434.188
407	203.76	29.27	197.203	431.363
408	204.323	28.9008	197.262	428.469
409	204.555	28.5407	197.323	425.648
410	205.923	28.1846	197.4	422.876
411	207.155	27.8555	197.487	420.331
412	208.141	27.5247	197.589	417.787
413	212.792	27.2877	197.735	416.037
414	213.611	27.05	197.901	414.301
415	210.301	26.7448	198.03	411.988
416	182.153	26.4978	197.85	409.832
417	182.517	26.244	197.675	407.628
418	182.414	25.9695	197.485	405.24
419	182.211	25.7021	197.294	402.91
420	182.221	25.4363	197.105	400.596
421	182.305	25.1704	196.92	398.283
422	181.126	24.936	196.723	396.211
423	181.294	24.6983	196.53	394.116
424	176.151	24.5903	196.275	392.998
425	176.005	24.4823	196.022	391.88
426	175.226	24.3901	195.762	390.883
427	171.151	24.3956	195.454	390.619
428	177.396	24.2372	195.229	389.126
429	178.39	24.0522	195.018	387.436
430	179.77	23.8321	194.827	385.485
431	179.755	23.6132	194.639	383.544
432	180.305	23.3812	194.46	381.509
433	181.296	23.1257	194.295	379.301
434	179.606	22.9148	194.112	377.43
435	181.833	22.6489	193.958	375.15
436	181.04	22.4057	193.797	373.042
437	179.488	22.2032	193.618	371.244
438	281.597	23.8476	194.718	385.499
439	282.893	25.4558	195.82	399.466
440	284.187	27.0286	196.924	413.153
441	284.085	28.5319	198.014	426.269
442	284.775	30.1494	199.219	440.414
443	285.371	31.705	200.415	454.055
444	285.506	33.3733	201.745	468.731
445	285.517	34.9483	203.054	482.64
446	288.509	36.752	204.58	498.596
447	289.845	38.4846	206.102	513.98
448	263.6	39.2769	207.3	521.515
449	262.536	39.9418	208.451	527.986
450	260.341	40.5392	209.748	534.062
451	259.897	41.0197	211.002	539.16
452	259.615	41.3994	212.217	543.412
453	259.309	41.684	213.395	546.867
454	259.081	41.8841	214.537	549.61
455	255.802	41.8583	215.397	550.263
456	255.893	41.8016	216.24	550.653
457	256.406	41.7334	217.077	550.944
458	164.652	42.1789	215.985	553.416
459	163.355	42.6144	214.888	555.803
460	164.192	42.9511	213.832	557.441
461	164.21	43.2291	212.798	558.631
462	164.53	43.4391	211.793	559.305
463	165.569	43.5551	210.83	559.271
464	165.386	43.6338	209.883	558.953
465	166.805	43.6106	208.986	557.871
466	167.633	43.5166	208.124	556.257
467	168.835	43.3404	207.306	554.029
468	169.61	43.1052	206.52	551.362
469	175.786	42.5898	205.88	546.598
470	175.467	42.0824	205.246	541.906
471	161.141	42.1667	204.327	541.661
472	160.536	42.2344	203.415	541.29
473	159.259	42.3145	202.495	541.011
474	157.249	42.4366	201.553	541.046
475	157.175	42.5175	200.628	540.768
476	156.638	42.5788	199.712	540.342
477	160.514	42.4379	198.895	538.399
478	161.259	42.2379	198.111	536.014
479	161.979	41.9834	197.358	533.226
480	160.523	41.7996	196.7	531.097
481	119.847	43.2601	195.099	541.18
482	120.238	44.8402	193.228	551.949
483	121.898	46.1647	191.445	560.762
484	122.636	47.5799	189.294	569.934
485	123.317	48.7297	187.232	577.07
486	124.608	49.8876	184.623	583.724
487	124.684	50.7253	182.126	587.928
488	127.32	50.9803	180.413	588.255
489	127.602	51.0947	178.763	587.52
490	127.335	51.1155	177.155	586.08
491	127.233	51.041	175.595	583.923
492	128.812	50.7749	174.133	580.333
493	104.013	51.984	171.942	587.814
494	105.557	52.8841	169.868	592.94
495	106.179	53.5594	167.877	596.352
496	108.327	53.9338	166.016	597.487
497	107.566	54.2161	164.19	597.918
498	107.781	54.3532	162.427	597.252
499	106.98	54.4215	160.694	596.066
500	107.447	54.3481	159.03	593.815
501	77.2798	56.0608	156.476	604.962
502	75.8811	57.5941	153.957	614.71
503	75.9942	58.8672	151.521	622.458
504	76.7732	59.8597	149.185	628.062
505	72.5485	60.6985	147.269	632.857
506	68.3383	61.6101	145.296	638.177
507	68.955	62.3467	143.387	642.16
508	68.4467	62.9764	141.514	645.324
509	67.1642	63.545	139.655	648.015
510	64.9827	64.2404	137.321	651.245
511	65.6572	64.7044	135.082	652.717
512	65.4958	65.1112	132.182	653.072
513	65.4307	65.2479	129.401	651.385
514	66.045	65.0903	126.761	647.484
515	70.2216	64.3777	124.405	639.427
516	71.0034	63.4631	122.18	629.885
517	72.3888	62.3238	120.106	618.696
518	72.4597	61.1007	118.12	606.926
519	57.3491	61.0732	115.588	604.174
520	57.5016	60.8243	113.168	599.763
521	53.0325	60.767	110.662	596.798
522	51.2087	60.6575	108.185	593.445
523	51.3029	60.3429	105.815	588.558
524	51.2081	59.8649	103.54	582.459
525	40.7914	60.1052	100.925	581.767
526	41.3801	60.0585	98.4442	578.913
527	41.4557	59.8667	96.6633	575.597
528	44.6267	59.3773	95.0372	570.055
529	44.1815	58.8447	93.448	564.205
530	43.0887	58.3143	91.8742	558.389
531	42.2278	57.7726	90.3228	552.504
532	40.7099	57.2626	88.7724	546.873
533	41.5168	56.6372	87.2956	540.393
534	42.1521	55.9188	85.8849	533.235
535	41.9677	55.1687	84.5125	525.862
536	46.6866	54.0848	83.3304	516.009
537	46.8493	52.9846	82.1904	506.067
538	46.65	51.8943	81.0798	496.234
539	47.5911	50.7439	80.0332	485.985
540	45.4513	49.3971	78.5923	473.769
541	45.4197	48.0451	77.2101	461.571
542	45.595	45.9913	75.2342	443.165
543	46.9055	43.7835	73.4636	423.732
544	47.4895	41.5573	71.8403	404.299
545	45.505	39.6546	70.1943	387.431
546	46.2475	37.6911	68.6976	370.226
547	28.8851	37.8679	67.0388	369.982
548	28.2475	37.9448	65.4225	368.981
549	28.9461	37.8225	63.9026	366.482
550	28.2489	37.6417	62.417	363.551
551	27.6434	37.4027	60.9681	360.19
552	29.0258	36.9477	59.6372	355.219
553	36.1551	35.8255	58.6588	345.263
554	36.4492	34.6909	57.7334	335.26
555	36.6833	33.5541	56.8563	325.289
556	32.3179	32.8028	55.8339	318.257
557	32.2836	32.0318	54.8526	311.107
558	32.9886	30.7608	53.4861	299.573
559	32.2107	29.5751	52.1564	288.757
560	21.2002	29.7478	50.2216	288.204
561	21.6957	29.595	48.4388	285.199
562	24.4368	28.8959	46.9386	278.106
563	21.7414	28.4336	45.3638	272.832
564	25.4323	27.3708	44.1181	263.085
565	25.3827	26.2914	42.9471	253.278
566	26.9158	25.0089	41.9452	242.016
567	23.2774	24.4805	41.1673	237.011
568	22.5759	23.9897	40.3927	232.31
569	20.7107	23.6307	39.5726	228.618
570	22.0924	23.1182	38.8443	223.79
571	21.8735	22.6059	38.1372	218.984
572	22.4827	22.0266	37.4849	213.698
573	23.417	21.3634	36.8987	207.806
574	23.4614	20.7029	36.3388	201.962
575	17.9527	20.5098	35.5727	200
576	16.5655	20.3846	34.7808	200
577	16.5836	20.2023	34.0226	200
578	16.6187	19.8525	32.9348	200
579	17.3155	19.3234	31.9586	200
580	16.5065	18.8395	30.9928	200
581	16.6097	18.2824	30.0939	200
582	18.5447	17.4408	29.3721	200
583	20.7936	16.333	28.8359	200
584	20.6209	15.3182	28.3225	200
585	20.6441	14.3632	27.8426	200
586	21.2938	13.3864	27.4333	200
587	23.46	11.0331	26.9366	200
588	18.539	10.3743	25.8869	200
589	17.9712	10.0669	25.3922	200
590	19.4351	9.55321	25.0199	200
591	19.694	9.02479	24.687	200
592	19.9912	8.48367	24.3935	200
593	19.9627	7.97706	24.1166	200
594	15.2192	8.09211	23.5605	200
595	13.9111	8.28677	22.9574	200
596	13.6597	8.41313	22.3763	200
597	13.86	8.43891	21.3118	200
598	13.8854	8.18579	20.3835	200
599	22.3532	6.63176	20.6297	200
600	22.109	5.98771	20.7221	200
601	22.1302	5.41525	20.8101	200
602	14.1343	5.57282	20.3929	200
603	14.8683	5.56679	20.0476	200
604	15.9638	5.38142	19.7924	200
605	16.6465	5.10197	19.5958	200
606	13.8364	5.18415	19.2358	200
607	13.8418	5.21038	18.8987	200
608	14.5193	5.00263	18.3513	200
609	14.3136	4.76138	17.8465	200
610	13.7146	4.60403	17.33	200
611	11.7106	4.73096	16.9788	200
612	13.8423	4.53166	16.7828	200
613	14.5271	4.24716	16.6418	200
614	15.2632	3.88859	16.5556	200
615	13.1612	3.82683	16.3435	200
616	13.0304	3.76261	16.1364	200
617	12.9583	3.68954	15.9378	200
618	14.3334	3.4289	15.8375	200
619	14.3732	3.26518	15.7765	200
620	15.0601	3.05278	15.7467	200
621	13.0642	3.02192	15.6349	200
622	12.5298	3.02885	15.5055	200
623	12.398	3.0354	15.376	200
624	13.1776	2.96565	15.2844	200
625	13.7789	2.84397	15.2217	200
626	11.8028	2.89188	15.0792	200
627	10.7501	3.01165	14.8989	200
628	11.1062	3.07674	14.7408	200
629	11.1812	3.1371	14.5184	200
630	12.3932	3.01061	14.3855	200
631	13.0838	2.797	14.3042	200
632	12.3903	2.68662	14.1846	200
633	12.9782	2.50158	14.1092	200
634	10.3217	2.66231	13.8724	200
635	10.347	2.77021	13.6521	200
636	10.481	2.82032	13.4539	200
637	11.1766	2.75244	13.3116	200
638	6.97701	3.05095	13.0476	200
639	6.17235	3.36964	12.7612	200
640	6.32128	3.6255	12.4928	200
641	7.42428	3.74575	12.2816	200
642	10.2178	3.60559	12.1956	200
643	11.0029	3.40452	12.1459	200
644	12.9428	3.18722	12.1791	200
645	12.389	2.9391	12.1879	200
646	12.9027	2.75374	12.2177	200
647	12.5513	2.55206	12.2316	200
648	11.0205	2.44031	12.1811	200
649	10.9186	2.34216	12.1285	200
650	11.5331	2.1966	12.1037	200
651	11.0713	2.12384	12.0714	200
652	11.9099	1.96031	12.0647	200
653	11.0455	1.88188	12.0222	200
654	11.6001	1.69942	11.9959	200
655	13.7649	1.70812	12.1064	200
656	15.1258	1.87203	12.2951	200
657	15.2062	2.00192	12.4771	200
658	15.9132	2.18119	12.6918	200
659	11.0314	2.1161	12.5881	200
660	11.7078	1.96162	12.533	200
661	12.46	1.80424	12.53	200
662	12.6882	1.66707	12.5366	200
663	12.4101	1.53869	12.5313	200
664	14.4689	1.57194	12.612	200
665	15.1723	1.6543	12.7187	200
666	15.9024	1.78175	12.8514	200
667	16.6155	1.94694	13.0082	200
668	17.1772	2.13211	13.1819	200
669	17.2503	2.29347	13.3514	200
670	16.5733	2.37084	13.4857	200
671	17.2623	2.48799	13.643	200
672	17.1592	2.57366	13.7895	200
673	17.8821	2.70024	13.9601	200
674	17.7651	2.76929	14.079	200
675	17.6955	2.83989	14.2297	200
676	18.0336	2.92022	14.3882	200
677	18.5913	3.08059	14.6508	200
678	17.2221	3.01692	14.8116	200
679	17.57	2.98461	14.984	200
680	17.9055	2.97673	15.1666	200
681	18.6131	3.03546	15.382	200
682	16.6806	2.81836	15.4631	200
683	17.1605	2.67823	15.5692	200
684	17.757	2.61693	15.7059	200
685	17.3374	2.53481	15.7739	200
686	17.2394	2.4457	15.835	200
687	17.0769	2.34538	15.8867	200
688	17.5067	2.28493	15.9542	200
689	17.4179	2.21649	16.0152	200
690	17.9376	2.19198	16.0953	200
691	17.8601	2.15638	16.1688	200
692	17.8832	2.11955	16.2403	200
693	16.5883	1.8981	16.262	200
694	16.4312	1.68199	16.2726	200
695	18.3273	1.72858	16.401	200
696	18.5316	1.77883	16.5342	200
697	19.0948	1.87656	16.6942	200
698	17.94	1.79772	16.7721	200
699	17.8545	1.7083	16.8397	200
700	18.4814	1.69997	16.9423	200
701	18.6015	1.68977	17.1497	200
702	19.2861	1.80141	17.4168	200
703	11.5818	2.8098	16.6874	200
704	14.4678	2.73602	16.5487	200
705	15.096	2.5756	16.4579	200
706	15.8768	2.32629	16.4216	200
707	16.4007	2.03811	16.4203	200
708	13.573	2.13926	16.2423	200
709	12.8399	2.29715	16.0297	200
710	12.7631	2.53951	15.6213	200
711	13.0763	2.5409	15.3032	200
712	13.6001	2.33144	15.0903	200
713	9.19227	2.77727	14.7217	200
714	9.00102	3.14519	14.3641	200
715	9.16468	3.40198	14.0392	200
716	10.033	3.4775	13.7888	200
717	9.12744	3.62548	13.4975	200
718	9.85114	3.62809	13.2696	200
719	9.8601	3.60076	13.0565	200
720	9.68287	3.57236	12.8456	200
721	10.3597	3.43656	12.6903	200
722	8.08271	3.53414	12.4983	200
723	9.66633	3.47562	12.3803	200
724	10.1959	3.36802	12.2893	200
725	11.0446	3.19108	12.2374	200
726	11.6688	2.97253	12.2137	200
727	12.2685	2.72939	12.216	200
728	14.3411	2.67904	12.3045	200
729	11.4462	2.52731	12.2688	200
730	10.4701	2.46659	12.1938	200
731	9.71034	2.468	12.0903	200
732	8.97216	2.52218	11.9604	200
733	10.3798	2.44372	11.8946	200
734	11.9328	2.24326	11.8962	200
735	10.5051	2.19	11.8527	200
736	11.8325	2.00918	11.8518	200
737	12.2982	1.87894	11.8704	200
738	13.6915	1.87171	11.9843	200
739	13.9957	1.88918	12.11	200
740	14.5272	1.95518	12.261	200
741	14.893	2.03977	12.4255	200
742	15.8252	2.20976	12.638	200
743	15.6601	2.31129	12.8269	200
744	16.3399	2.4615	13.0465	200
745	15.3029	2.44442	13.1405	200
746	13.9876	2.3113	13.1758	200
747	14.4765	2.18498	13.2571	200
748	11.9311	2.07761	13.1742	200
749	13.1471	1.56498	13.1708	200
750	13.8825	1.45832	13.2153	200
751	16.4287	1.67771	13.4161	200
752	7.65938	2.18759	13.0563	200
753	8.18275	2.52334	12.7517	200
754	8.95218	2.68286	12.5143	200
755	11.0928	2.52519	12.4254	200
756	10.9299	2.39649	12.3319	200
757	12.7517	2.14939	12.3582	200
758	17.2871	2.49684	12.6662	200
759	17.8508	2.8328	12.9903	200
760	19.9866	3.35325	13.4275	200
761	22.7858	4.85451	14.5973	200
762	22.5946	5.6402	15.597	200
763	31.1344	6.87735	16.5681	200
764	18.0264	6.19998	16.6592	200
765	23.3022	6.25535	17.0744	200
766	24.7364	6.43118	17.5533	200
767	20.3142	5.97239	17.7258	200
768	20.4248	5.56321	17.8945	200
769	21.7145	5.34531	18.1333	200
770	20.5227	4.97583	18.2826	200
771	21.7466	4.78684	18.4991	200
772	23.805	4.8301	18.7202	200
773	23.0822	4.7911	18.9019	200
774	23.3435	4.76196	19.087	200
775	23.6965	4.74925	19.2791	200
776	24.6738	4.80304	19.5038	200
777	26.6218	4.99595	19.8004	200
778	26.9154	5.17254	20.0969	200
779	27.6144	5.36795	20.4101	200
780	27.9043	5.54514	20.7224	200
781	27.755	5.6691	21.0154	200
782	28.3063	5.80425	21.3192	200
783	28.2241	5.89598	21.6069	200
784	29.6432	6.07434	21.9417	200
785	27.5341	6.04422	22.1165	200
786	27.0749	5.97635	22.2714	200
787	22.9977	5.64822	22.2941	200
788	23.2868	5.35725	22.3252	200
789	24.7614	5.17469	22.4013	200
790	27.0364	5.14096	22.5461	200
791	26.8919	5.09126	22.6819	200
792	27.558	5.07781	22.8343	200
793	33.873	5.45036	23.1793	200
794	33.6749	5.7657	23.5073	200
795	33.8342	6.05077	23.83	200
796	33.5091	6.27754	24.1325	200
797	31.5807	6.35071	24.3652	200
798	28.8968	6.23702	24.5068	200
799	28.5947	6.10269	24.6346	200
800	28.9622	5.99175	24.7698	200
801	29.6844	5.93789	24.8927	200
802	32.9507	6.0439	25.0941	200
803	34.2719	6.20059	25.3236	200
804	30.9376	6.17126	25.4639	200
805	31.3574	6.15737	25.6112	200
806	31.1124	6.12456	25.7488	200
807	30.5685	6.05932	25.8693	200
808	29.9673	5.96125	25.9717	200
809	29.6122	5.84521	26.0627	200
810	30.327	5.76616	26.1693	200
811	30.2689	5.68283	26.2718	200
812	24.5561	5.48447	26.2289	200
813	24.3231	5.30554	26.1813	200
814	25.6311	5.06777	26.1675	200
815	26.1228	4.81662	26.1664	200
816	26.7592	4.60543	26.1812	200
817	27.2692	4.42955	26.2084	200
818	27.6439	4.27985	26.2443	200
819	28.4695	4.17712	26.2999	200
820	30.3109	4.16881	26.4002	200
821	30.9602	4.18837	26.5142	200
822	32.4628	4.26171	26.6381	200
823	32.8607	4.34341	26.7678	200
824	35.6597	4.53293	26.953	200
825	35.71	4.70894	27.1355	200
826	39.3366	5.02111	27.3897	200
827	40.0672	5.34013	27.6538	200
828	39.4412	5.60876	27.8993	200
829	39.9486	5.87712	28.1504	200
830	39.1551	6.09077	28.3796	200
831	38.0602	6.24034	28.5813	200
832	37.9712	6.37157	28.7769	200
833	39.3395	6.54619	28.997	200
834	38.0484	6.65058	29.1856	200
835	38.4903	6.76117	29.3794	200
836	37.231	6.8066	29.543	200
837	35.2395	6.76035	29.6617	200
838	36.8363	6.77761	29.8111	200
839	35.8895	6.74848	29.9378	200
840	36.3645	6.73507	30.0716	200
841	36.658	6.72887	30.2089	200
842	37.1022	6.73572	30.3525	200
843	37.8482	6.76739	30.5086	200
844	40.0545	6.88316	30.7075	200
845	39.9438	6.98121	30.8999	200
846	41.4775	7.13105	31.1203	200
847	68.1465	8.19874	31.7815	200
848	56.5843	8.79174	32.2244	200
849	53.8012	9.24835	32.6097	200
850	53.1569	9.65188	32.9766	200
851	47.9641	9.84244	33.2442	200
852	50.8639	10.1202	33.5589	200
853	53.1433	10.4582	33.9086	200
854	52.1918	10.7377	34.2351	200
855	53.2984	11.035	34.5755	200
856	51.5278	11.2463	34.8782	200
857	74.353	12.2545	35.5831	200
858	73.7381	13.1795	36.2645	200
859	75.7687	14.1197	36.9699	200
860	77.085	15.0481	37.6862	200
861	66.9908	15.5573	38.2095	200
862	66.0986	15.9977	38.7075	200
863	68.2871	16.4827	39.2357	200
864	70.1959	16.9998	39.7886	200
865	69.538	17.4551	40.3198	200
866	65.4411	17.7289	40.7684	200
867	63.6649	17.9135	41.1773	200
868	71.6855	18.3633	41.7221	200
869	71.3944	18.7672	42.252	200
870	72.3728	19.1727	42.7898	200
871	56.7495	18.9865	43.0391	200
872	71.6627	19.3307	43.5502	200
873	69.5489	19.5688	44.0145	200.565
874	70.2483	19.8069	44.483	202.938
875	71.8	20.0751	44.9708	205.571
876	59.634	19.906	45.1999	204.447
877	59.7614	19.7389	45.4274	203.339
878	59.245	19.5539	45.6433	202.074
879	60.1106	19.3949	45.8694	201.029
880	66.0215	19.4186	46.1842	201.533
881	67.4816	19.4773	46.517	202.335
882	67.9189	19.5375	46.8514	203.151
883	71.0055	19.6817	47.2288	204.683
884	74.6078	19.9223	47.6566	207.035
885	74.4223	20.1361	48.0748	209.164
886	70.207	20.1985	48.4206	210.009
887	55.8196	19.7985	48.5362	206.924
888	55.0512	19.3834	48.638	203.705
889	53.7596	18.9377	48.7181	200.22
890	52.9038	18.4767	48.7835	200
891	53.6136	18.0503	48.8589	200
892	49.0739	17.4929	48.8623	200
893	51.6662	17.0339	48.9061	200
894	50.8475	16.5622	48.9364	200
895	48.6343	16.0541	48.9317	200
896	50.2199	15.5927	48.9518	200
897	56.0596	15.3275	49.0629	200
898	55.7753	15.0583	49.1678	200
899	48.1819	14.6185	49.1524	200
900	43.167	14.3487	49.0589	200
901	43.3593	14.0785	48.9698	200
902	39.0016	13.95	48.814	200
903	39.1818	13.8151	48.6635	200
904	39.942	13.6559	48.5273	200
905	40.6281	13.476	48.4038	200
906	42.6198	13.2356	48.3135	200
907	48.5704	12.83	48.3175	200
908	48.9265	12.4481	48.327	200
909	51.6308	12.1941	48.3729	200
910	53.729	12.0042	48.4473	200
911	55.7928	11.8748	48.5493	200
912	56.5713	11.7678	48.6607	200
913	52.4465	11.546	48.7133	200
914	44.5734	11.3403	48.6558	200
915	43.3282	11.1733	48.5818	200
916	44.1038	10.9873	48.5196	200
917	44.3314	10.7984	48.4614	200
918	44.4274	10.6105	48.4054	200
919	44.073	10.4361	48.3452	200
920	43.4363	10.2826	48.277	200
921	43.4695	10.1305	48.2103	200
922	43.2243	9.98763	48.141	200
923	40.8107	9.91381	48.0392	200
924	45.1231	9.71943	47.9987	200
925	55.0041	9.64404	48.096	200
926	56.3513	9.60546	48.2107	200
927	54.2507	9.50642	48.2946	200
928	49.6938	9.28122	48.314	200
929	46.8501	9.06408	48.2937	200
930	45.4267	8.89193	48.2538	200
931	57.383	8.89852	48.3806	200
932	57.8496	8.91437	48.5121	200
933	58.6577	8.94857	48.6531	200
934	62.6401	9.08852	48.8473	200
935	63.8366	9.25243	49.0555	200
936	64.3687	9.42079	49.2682	200
937	64.1417	9.57225	49.4748	200
938	64.4696	9.72288	49.683	200
939	63.9076	9.84793	49.8806	200
940	63.3401	9.94825	50.0675	200
941	64.5888	10.0753	50.2692	200
942	56.4457	9.96698	50.355	200
943	57.1835	9.8798	50.4498	200
944	58.616	9.83219	50.5632	200
945	59.3991	9.80452	50.686	200
946	58.6701	9.759	50.7858	200
947	56.4867	9.65755	50.857	200
948	56.462	9.55624	50.9271	200
949	57.3397	9.47765	51.0072	200
950	55.6196	9.35601	51.0649	200
951	55.1369	9.22391	51.1158	200
952	54.934	9.08877	51.1635	200
953	47.4578	8.93924	51.1121	200
954	59.3763	8.92049	51.2268	200
955	58.6511	8.87373	51.3428	200
956	59.2345	8.84304	51.4662	200
957	58.7624	8.7878	51.5964	200
958	60.612	8.79593	51.7574	200
959	61.3581	8.82946	51.9574	200
960	62.0051	8.88022	52.1668	200
961	61.2746	8.8916	52.3945	200
962	59.3254	8.79356	52.5677	200
963	57.1005	8.58052	52.6811	200
964	57.0486	8.36987	52.7902	200
965	58.428	8.23327	52.9312	200
966	58.4729	8.09869	53.0697	200
967	59.2313	8.00183	53.2238	200
968	59.959	7.93851	53.3922	200
969	59.7149	7.85772	53.5502	200
970	52.9656	7.49406	53.5356	200
972	46.7438	7.45895	53.3658	200
973	46.1014	7.44922	53.1842	200
974	49.012	7.31268	53.0973	200
975	50.9349	7.09808	53.0522	200
976	50.9851	6.88846	53.0092	200
977	53.1601	6.60773	53.0123	200
978	54.5202	6.39523	53.0437	200
979	55.7733	6.2425	53.1006	200
980	56.5527	6.12623	53.1725	200
981	53.0494	5.8761	53.1699	200
982	46.2125	5.92115	53.025	200
983	46.8011	5.93377	52.8953	200
984	51.2047	5.75697	52.8601	200
985	49.1494	5.67171	52.7828	200
986	49.0584	5.59057	52.7052	200
987	48.924	5.51518	52.6264	200
988	47.6447	5.49295	52.5226	200
989	47.5688	5.47049	52.4194	200
990	45.6059	5.52645	52.2775	200
991	44.096	5.63707	52.107	200
992	41.4991	5.84419	51.886	200
993	42.2388	6.00265	51.6851	200
994	40.7501	6.20816	51.4572	200
995	37.026	6.55079	51.1566	200
996	37.2709	6.85641	50.8673	200
997	39.5118	7.04387	50.6307	200
998	44.7786	6.99421	50.5088	200
999	47.5676	6.84947	50.4563	200
1000	50.1354	6.6163	50.4506	200
1001	50.8564	6.3945	50.4578	200
1002	50.9262	6.18285	50.4662	200
1003	52.4677	6.03352	50.5019	200
1004	53.5996	5.92867	50.5572	200
1005	46.7012	5.85464	50.4884	200
1006	43.4239	5.89785	50.3622	200
1007	47.5828	5.78648	50.3126	200
1008	47.255	5.68902	50.258	200
1009	48.1976	5.55942	50.2212	200
1010	47.6088	5.45417	50.1745	200
1011	48.3566	5.32431	50.1421	200
1012	52.566	5.22072	50.1854	200
1013	55.1718	5.21235	50.2744	200
1014	53.1327	5.12828	50.3254	200
1015	53.8079	5.0695	50.3876	200
1016	53.6787	5.00599	50.4464	200
1017	54.4765	4.97114	50.5184	200
1018	48.7384	4.85717	50.4866	200
1019	53.9576	4.80766	50.5486	200
1020	53.0825	4.72645	50.5938	200
1021	53.863	4.67441	50.6522	200
1022	52.5513	4.57529	50.6861	200
1023	55.3674	4.57907	50.7697	200
1024	55.9166	4.59935	50.8616	200
1025	56.5986	4.63998	50.964	200
1026	59.3737	4.77461	51.1142	200
1027	55.1785	4.75242	51.1777	200
1028	50.7568	4.61705	51.1711	200
1029	49.7	4.51875	51.1482	200
1030	49.0453	4.44325	51.1153	200
1031	47.7583	4.4093	51.0628	200
1032	46.4416	4.41593	50.9906	200
1033	48.8487	4.34486	50.9572	200
1034	48.8993	4.27339	50.925	200
1035	48.5327	4.21461	50.8876	200
1036	48.2893	4.1641	50.847	200
1037	50.653	4.04004	50.844	200
1038	51.1678	3.9239	50.8491	200
1039	51.7591	3.82972	50.8633	200
1040	51.7871	3.73891	50.8777	200
1041	49.7141	3.65843	50.8595	200
1042	51.0988	3.55158	50.8633	200
1043	51.7239	3.46749	50.8767	200
1044	50.0652	3.38449	50.864	200
1045	52.4594	3.32858	50.889	200
1046	53.277	3.29919	50.9263	200
1047	53.2042	3.26727	50.9619	200
1048	53.0458	3.23029	50.9944	200
1049	48.9416	3.1935	50.9624	200
1050	53.8715	3.18461	51.0078	200
1051	52.2872	3.12507	51.0278	200
1052	53.1753	3.09452	51.0614	200
1053	53.3408	3.06905	51.097	200
1054	54.2448	3.07151	51.1462	200
1055	53.1794	3.03907	51.1779	200
1056	53.2733	3.00957	51.2107	200
1057	54.1079	3.00606	51.2559	200
1058	53.2319	2.97387	51.2868	200
1059	54.5424	2.98268	51.3377	200
1060	52.3563	2.92812	51.3518	200
1061	55.3784	2.95863	51.4078	200
1062	53.0978	2.92339	51.4312	200
1063	54.474	2.92671	51.4735	200
1064	55.8621	2.96732	51.5344	200
1065	54.674	2.9721	51.578	200
1066	55.0497	2.98598	51.6263	200
1067	54.4395	2.98118	51.6653	200
1068	53.0859	2.93783	51.6851	200
1069	51.1178	2.87198	51.6772	200
1070	53.5355	2.84382	51.703	200
1071	53.8984	2.82581	51.7335	200
1072	53.6181	2.79966	51.7597	200
1073	52.2628	2.73587	51.7666	200
1074	52.762	2.68752	51.7805	200
1075	52.9702	2.64591	51.797	200
1076	52.3466	2.58768	51.8046	200
1077	52.9998	2.549	51.8212	200
1078	53.0908	2.51346	51.8389	200
1079	53.5857	2.49217	51.8631	200
1080	55.0591	2.51172	51.9075	200
1081	53.6611	2.49066	51.9319	200
1082	55.2324	2.51315	51.9777	200
1083	55.679	2.54616	52.0291	200
1084	57.1758	2.61839	52.1006	200
1085	60.8039	2.78742	52.2215	200
1086	64.7556	3.05816	52.3955	200
1087	65.502	3.33728	52.5776	200
1088	65.4589	3.60239	52.7565	200
1089	57.076	3.62231	52.8165	200
1090	59.3121	3.70212	52.9067	200
1091	59.2437	3.77531	52.9947	200
1092	58.5965	3.82605	53.0725	200
1093	58.5917	3.87896	53.1587	200
1094	59.8713	3.96751	53.2636	200
1095	60.5751	4.08693	53.3942	200
1096	62.1045	4.25206	53.5497	200
1097	62.0506	4.42909	53.7268	200
1098	59.3181	4.47751	53.8433	200
1099	58.5461	4.48878	53.9609	200
1100	59.3624	4.53441	54.0959	200
1101	59.8123	4.59351	54.2388	200
1102	59.3783	4.62081	54.3673	200
1103	57.8884	4.56582	54.4553	200
1104	56.2689	4.42821	54.5007	200
1105	54.5481	4.20917	54.5019	200
1106	53.6465	4.04148	54.4805	200
1107	51.6424	3.98131	54.4095	200
1108	60.6396	4.09375	54.5653	200
1109	59.2545	4.12352	54.6825	200
1110	61.9293	4.27968	54.8637	200
1111	64.0823	4.52663	55.0942	200
1112	63.9761	4.74439	55.3162	200
1113	64.728	4.97776	55.5515	200
1114	66.2103	5.21447	55.7736	200
1115	58.6363	5.11648	55.8332	200
1116	59.18	5.04275	55.9029	200
1117	59.9358	5.00067	55.9869	200
1118	55.9253	4.79487	55.9856	200
1119	56.6209	4.62156	55.9989	200
1120	57.1449	4.47674	56.0228	200
1121	54.9914	4.33318	56.0013	200
1122	53.1262	4.27243	55.9414	200
1123	54.3979	4.15872	55.9092	200
1124	55.1669	4.01637	55.8938	200
1125	56.5869	3.8779	55.9082	200
1126	56.3671	3.73544	55.9178	200
1127	56.6136	3.60879	55.9322	200
1128	54.6379	3.51235	55.9053	200
1129	58.0202	3.45413	55.9493	200
1130	59.1045	3.44167	56.0151	200
1131	66.788	3.74714	56.2395	200
1132	66.235	4.00749	56.4478	200
1133	57.2665	3.87463	56.4648	200
1134	56.4678	3.71331	56.4649	200
1135	56.5592	3.56252	56.4668	200
1136	53.8071	3.5249	56.4114	200
1137	54.3499	3.46392	56.3685	200
1138	55.3054	3.36389	56.3463	200
1139	55.1342	3.2563	56.316	200
1140	52.9169	3.26344	56.231	200
1141	52.8165	3.27289	56.1243	200
1142	52.235	3.31142	56.0028	200
1143	56.585	3.08398	56.0271	200
1144	55.1867	2.89701	55.992	200
1145	54.3426	2.79305	55.9233	200
1146	51.6368	2.88639	55.7894	200
1147	49.7631	3.08263	55.601	200
1148	49.0356	3.30031	55.3959	200
1149	49.5774	3.45769	55.214	200
1150	46.8457	3.76461	54.9525	200
1151	32.9689	4.90329	54.2655	200
1152	46.2586	5.09727	54.0153	200
1153	49.7391	5.04596	53.8817	200
1154	51.0313	4.90873	53.7926	200
1155	56.2937	4.75825	53.8708	200
1156	55.7693	4.57952	53.9301	200
1157	56.4653	4.45175	54.0093	200
1158	52.3587	4.27668	53.9577	200
1159	57.7766	4.24806	54.0771	200
1160	55.7552	4.08744	54.1295	200
1161	55.9409	3.94518	54.1861	200
1162	57.1776	3.88557	54.2796	200
1163	55.1933	3.73698	54.3024	200
1164	63.4929	4.00965	54.5322	200
1165	64.0456	4.28483	54.77	200
1166	62.832	4.47369	54.9716	200
1167	59.6734	4.48509	55.0891	200
1168	51.8977	4.42041	55.0093	200
1169	42.0331	4.8482	54.6849	200
1170	39.3647	5.3718	54.3019	200
1171	55.6692	5.17157	54.3361	200
1172	57.0792	5.05015	54.4047	200
1173	57.1048	4.93264	54.4722	200
1174	51.717	4.82377	54.4033	200
1175	55.1482	4.61983	54.4219	200
1176	54.4322	4.38935	54.4222	200
1177	43.163	4.73284	54.1407	200
1178	40.5147	5.17749	53.8001	200
1179	47.7673	5.22026	53.6492	200
1180	48.6391	5.20975	53.524	200
1181	33.1395	5.96849	53.0144	200
1182	40.7238	6.2846	52.7071	200
1183	48.9061	6.16042	52.6121	200
1184	48.2173	6.08685	52.5205	200
1185	39.1418	6.39067	52.2418	200
1186	43.9718	6.46898	52.0695	200
1187	47.4408	6.3923	51.9731	200
1188	55.1069	6.25653	52.0384	200
1189	55.7925	6.15226	52.1166	200
1190	48.6075	6.04213	52.0435	200
1191	57.1171	6.00178	52.1492	200
1192	56.6476	5.93914	52.2429	200
1193	48.1122	5.86379	52.1568	200
1194	41.3566	6.06947	51.9318	200
1195	42.0488	6.22837	51.7259	200
1196	43.6202	6.30659	51.5571	200
1197	44.0745	6.35559	51.4012	200
1198	46.2822	6.30406	51.2945	200
1199	44.8681	6.30916	51.1606	200
1200	50.2501	6.08422	51.1417	200
1201	52.4194	5.88395	51.1683	200
1202	51.0472	5.64383	51.1658	200
1203	43.4169	5.74908	50.972	200
1204	43.2739	5.84653	50.7796	200
1205	43.5336	5.934	50.5532	200
1206	42.7409	6.05138	50.309	200
1207	43.5812	6.10775	50.0287	200
1208	43.4525	6.14679	49.7547	200
1209	46.3161	5.92111	49.6114	200
1210	46.4389	5.69206	49.4792	200
1211	41.416	5.84025	49.2272	200
1212	45.0223	5.73805	49.0958	200
1213	42.6624	5.78151	48.8948	200
1214	44.7114	5.68163	48.7641	200
1215	46.9497	5.43992	48.7074	200
1216	48.5963	5.10687	48.7039	200
1217	48.0815	4.82659	48.6844	200
1218	48.892	4.5379	48.6909	200
1219	50.9611	4.39616	48.7619	200
1220	48.5649	4.13371	48.7557	200
1221	44.4629	4.14366	48.6216	200
1222	39.5147	4.45386	48.337	200
1223	39.9888	4.69725	48.0761	200
1224	34.6221	5.24455	47.6557	200
1225	36.5745	5.60934	47.3094	200
1226	37.9448	5.84404	47.0167	200
1227	39.2571	5.96376	46.7742	200
1228	46.9258	5.67315	46.778	200
1229	44.2075	5.51801	46.7138	200
1230	48.6432	5.33858	46.762	200
1231	43.8749	5.21601	46.6898	200
1232	42.0185	5.18877	46.573	200
1233	40.7341	5.22128	46.4271	200
1234	41.3476	5.21419	46.3001	200
1235	43.9573	5.07062	46.2415	200
1236	44.709	4.89371	46.2032	200
1237	45.4335	4.68751	46.184	200
1238	41.5628	4.68419	46.0684	200
1239	41.4128	4.68276	45.952	200
1240	34.5499	5.01873	45.667	200
1241	35.9753	5.25238	45.4247	200
1242	36.5414	5.43392	45.2026	200
1243	37.0977	5.56747	45	200
1244	36.5063	5.71378	44.7876	200
1245	35.186	5.90817	44.5476	200
1246	36.3914	6.02057	44.3437	200
1247	36.5633	6.10856	44.1492	200
1248	38.7307	6.07405	44.0137	200
1249	46.8415	5.93879	44.0726	200
1250	47.6085	5.83867	44.1463	200
1251	44.242	5.59937	44.1483	200
1252	44.7415	5.39078	44.1606	200
1253	45.5288	5.22317	44.1891	200
1254	44.8555	5.0333	44.203	200
1255	44.2734	4.82652	44.2045	200
1256	44.3025	4.6295	44.2065	200
1257	45.8675	4.50581	44.2411	200
1258	47.1038	4.43734	44.3008	200
1259	47.2792	4.37655	44.3628	200
1260	48.2062	4.35434	44.4429	200
1261	41.4751	4.29656	44.3811	200
1262	40.2538	4.28951	44.2951	200
1263	40.1476	4.28359	44.2087	200
1264	44.3861	4.1125	44.2124	200
1265	48.3519	4.11362	44.2986	200
1266	49.1988	4.1464	44.4007	200
1267	47.5008	4.1028	44.4653	200
1268	46.1649	4.00267	44.5007	200
1269	45.5137	3.8781	44.5218	200
1270	45.5141	3.75785	44.5425	200
1271	45.1598	3.627	44.5553	200
1272	44.8016	3.48613	44.5605	200
1273	45.646	3.38611	44.5831	200
1274	42.0357	3.35615	44.5376	200
1275	43.3262	3.27956	44.516	200
1276	46.8292	3.24504	44.5573	200
1277	52.259	3.40421	44.6948	200
1278	50.4009	3.48642	44.7967	200
1279	52.374	3.63252	44.932	200
1280	52.6281	3.77765	45.0694	200
1281	53.2217	3.93388	45.215	200
1282	53.7687	4.09887	45.3677	200
1283	53.101	4.22867	45.5058	200
1284	52.4356	4.32514	45.6296	200
1285	53.3603	4.44677	45.7676	200
1286	53.7427	4.57278	45.91	200
1287	55.1543	4.76742	46.1026	200
1288	47.4972	4.62688	46.1317	200
1289	46.2663	4.40227	46.135	200
1290	44.7724	4.25029	46.101	200
1291	45.5513	4.019	46.0838	200
1292	44.5015	3.86671	46.0344	200
1293	46.9486	3.68218	46.0629	200
1294	48.5592	3.60806	46.1409	200
1295	48.64	3.53876	46.219	200
1296	46.1657	3.32092	46.2174	200
1297	46.0771	3.12212	46.213	200
1298	46.1017	2.93394	46.2095	200
1299	46.7756	2.78595	46.2272	200
1300	37.6568	3.14748	45.9594	200
1301	45.3159	2.99097	45.9393	200
1302	46.3866	2.832	45.9532	200
1303	52.5015	3.06426	46.1579	200
1304	51.9115	3.23235	46.3377	200
1305	51.109	3.32853	46.4868	200
1306	55.7179	3.69745	46.7752	200
1307	60.5628	4.32808	47.2061	200
1308	60.8209	4.79241	47.5465	200
1309	52.8732	4.81913	47.6796	200
1310	54.4307	4.91572	47.8484	200
1311	52.4917	4.8987	47.9935	200
1312	50.3298	4.73855	48.0665	200
1313	50.6294	4.55724	48.1733	200
1314	51.6	4.46303	48.3161	200
1315	50.9499	4.23437	48.4807	200
1316	49.6272	3.97704	48.5285	200
1317	50.9524	3.84761	48.6295	200
1318	54.0532	3.97895	48.8554	200
1319	55.6601	4.21442	49.139	200
1320	51.113	4.02772	49.2212	200
1321	51.9945	3.92319	49.3368	200
1322	56.6066	4.20208	49.6397	200
1323	55.8632	4.37053	49.899	200
1324	53.911	4.34065	50.0662	200
1325	49.0083	4.06709	50.0221	200
1326	46.1202	4.05332	49.8595	200
1327	47.3303	3.92631	49.7541	200
1328	49.4265	3.62642	49.7405	200
1329	53.0529	3.6068	49.844	200
1330	53.2586	3.59479	49.9507	200
1331	53.1755	3.57166	50.0515	200
1332	49.8618	3.36029	50.0455	200
1333	44.4705	3.49871	49.8713	200
1334	44.3622	3.62436	49.6992	200
1335	53.3404	3.62541	49.8129	200
1336	54.627	3.6997	49.9634	200
1337	47.6682	3.61192	49.8917	200
1338	47.9956	3.50468	49.8324	200
1339	49.1673	3.26804	49.8047	200
1340	46.8282	3.24375	49.6807	200
1341	44.366	3.50262	49.3485	200
1342	42.9682	3.86232	48.9497	200
1343	42.8144	4.14644	48.5663	200
1344	44.3352	4.15702	48.3018	200
1345	45.0188	4.08418	48.165	200
1346	40.6225	4.37238	47.8508	200
1347	40.6347	4.60935	47.5501	200
1348	44.2895	4.49696	47.4142	200
1349	48.3133	4.19714	47.4517	200
1350	50.9605	4.11109	47.671	200
1351	52.4594	4.19576	47.9703	200
1352	48.8855	3.78568	48.0275	200
1353	50.9829	3.6819	48.2122	200
1354	48.8528	3.30174	48.2522	200
1355	57.2279	4.01099	48.8132	200
1359	31.6347	5.65693	47.7395	200
1360	35.3704	6.49595	46.9665	200
1356	73.2725	8.97221	48.6106	200
1357	72.6256	10.8526	50.1115	200
1358	67.2736	11.6412	51.1842	200
1361	28.2872	12.5792	50.2301	200
1362	26.6294	13.4977	49.2468	200
1363	27.371	14.1959	48.3353	200
1364	25.9179	14.881	47.4012	200
1365	24.3104	15.5651	46.4391	200
1366	40.8602	14.7329	46.2066	200
1367	35.1543	14.4262	45.7461	200
1368	35.7433	14.0576	45.3293	200
1369	38.5388	13.452	45.0464	200
1370	47.318	12.5203	45.1411	200
1371	48.8237	11.7838	45.2945	200
1372	39.5869	11.2775	45.0567	200
1373	43.5611	10.0548	44.9632	200
1374	38.5001	9.6058	44.5593	200
1375	36.5021	9.41222	44.0557	200
1376	30.9295	9.87646	43.2353	200
1377	36.9134	9.43215	42.8402	200
1378	32.489	9.54703	42.1932	200
1379	37.5087	8.93922	41.9004	200
1380	38.2544	8.27757	41.6726	200
1381	39.6314	7.49802	41.545	200
1382	33.2027	7.56838	41.1974	200
1383	26.4854	8.16368	40.5844	200
1384	24.8689	8.793	39.9296	200
1385	24.8088	9.32031	39.2996	200
1386	26.2471	9.63132	38.7557	200
1387	28.3021	9.69985	38.3201	200
1388	24.2204	10.2498	37.4389	200
1389	30.6367	9.81888	37.0138	200
1390	47.342	9.88255	37.6593	200
1391	50.2362	10.2193	38.4453	200
1392	51.4703	10.57	39.2594	200
1393	33.9941	9.90696	38.9303	200
1394	29.0585	9.90256	38.3133	200
1395	32.9087	9.34032	37.9755	200
1396	29.501	9.2321	37.4459	200
1397	30.0856	8.99812	36.9859	200
1398	28.9719	8.87509	36.485	200
1399	30.825	8.47321	36.1312	200
1400	31.8772	8.12161	35.954	200
1401	32.6736	7.51645	35.749	200
1402	29.9234	7.3051	35.3849	200
1403	34.7443	5.63896	35.3048	200
1404	35.459	4.95336	35.3144	200
1405	45.9604	5.66494	35.9798	200
1406	23.9136	6.46509	35.2257	200
1407	24.41	7.00892	34.5497	200
1408	25.8901	7.21525	34.0085	200
1409	23.1066	7.67607	33.3271	200
1410	21.9869	8.13408	32.6183	200
1411	22.3014	8.40694	31.9735	200
1412	23.5472	8.40936	31.4469	200
1413	23.8922	8.33814	31.1321	200
1414	22.7949	8.33806	30.7847	200
1415	18.4758	8.66897	30.2718	200
1416	19.2392	8.86595	29.8121	200
1417	35.6463	8.61329	30.0552	200
1418	37.466	8.51308	30.364	200
1419	33.9091	8.09908	30.5117	200
1420	31.1958	7.48116	30.5402	200
1421	33.4285	7.09842	30.6606	200
1422	33.1702	6.71602	30.7651	200
1423	16.1154	7.37716	30.1547	200
1424	16.3843	7.90993	29.581	200
1425	17.017	8.29777	29.0575	200
1426	16.9613	8.53517	28.6795	200
1427	21.9068	8.42501	28.4678	200
1428	17.2605	8.59891	28.1176	200
1429	17.1924	8.7443	27.7762	200
1430	17.9065	8.81464	27.4677	200
1431	29.9361	8.41799	27.5449	200
1432	56.5892	9.70714	28.4525	200
1433	57.6022	10.9223	29.3634	200
1434	57.5969	12.0043	30.2457	200
1435	49.2166	12.4397	30.8386	200
1436	46.9299	12.6679	31.3414	200
1437	47.8991	12.911	31.8589	200
1438	49.2392	13.1903	32.402	200
1439	37.9974	12.7157	32.5769	200
1440	18.1698	12.8214	32.1266	200
1441	53.5465	13.3588	32.796	200
1442	54.1251	13.8569	33.4625	200
1443	56.0981	14.2958	34.0284	200
1444	56.328	14.696	34.5859	200
1445	58.3549	15.1497	35.1801	200
1446	78.5673	16.5616	36.2648	200
1447	77.4352	17.792	37.2941	200
1448	78.6741	18.9714	38.3286	200
1449	74.6688	19.8398	39.2371	200
1450	63.2922	20.0506	39.8385	200.243
1451	71.5437	20.6333	40.6311	205.698
1452	73.1671	21.2285	41.4445	211.272
1453	71.0296	21.6463	42.1841	215.354
1454	71.6139	22.0355	42.9199	219.204
1455	70.239	22.2997	43.6028	222
1456	66.2165	22.3154	44.1682	222.691
1457	64.9961	22.241	44.6889	222.617
1458	62.0897	21.999	45.1239	221.116
1459	64.2027	21.853	45.6009	220.425
1460	75.4775	22.2541	46.3478	224.381
1461	69.3865	22.2934	46.9238	225.271
1462	68.4807	22.2566	47.4627	225.515
1463	69.8314	22.2622	48.0219	226.119
1464	73.4122	22.3925	48.5509	227.691
1465	74.3501	22.5345	49.0883	229.364
1466	74.2196	22.6426	49.6119	230.753
1467	64.4413	22.3171	49.9209	228.458
1468	64.4686	21.9934	50.2239	226.171
1469	64.0139	21.6516	50.5112	223.724
1470	60.5712	21.1686	50.7208	220.069
1471	49.0751	20.3551	50.6865	213.528
1472	50.6048	19.5104	50.6848	206.768
1473	60.3187	19.0989	50.8855	203.677
1474	64.9405	18.8887	51.1783	202.288
1475	66.3998	18.7359	51.4954	201.383
1476	62.8542	18.4285	51.7321	200
1477	61.2089	18.0555	51.9295	200
1478	60.6833	17.668	52.1119	200
1479	57.0415	17.1372	52.2146	200
1480	60.7244	16.7777	52.3919	200
1481	63.931	16.5594	52.6323	200
1482	68.7233	16.5399	52.9675	200
1483	53.8053	15.8857	52.985	200
1484	50.4975	15.3274	52.9331	200
1485	47.9567	14.8961	52.8295	200
1486	44.6654	14.6156	52.6594	200
1487	43.2866	14.3972	52.4641	200
1488	51.1892	13.8504	52.4375	200
1489	51.9287	13.3739	52.4285	200
1490	51.9401	12.9137	52.4197	200
1491	51.9601	12.4689	52.4115	200
1492	51.106	12.0702	52.3882	200
1493	48.5396	11.7277	52.308	200
1494	49.2977	11.3644	52.2453	200
1495	54.6625	10.9171	52.3057	200
1496	48.5431	10.5594	52.2117	200
1497	49.9486	10.0408	52.141	200
1498	47.2556	9.71863	51.9883	200
1499	45.2528	9.53218	51.7778	200
1500	48.611	9.13434	51.6788	200
1501	42.6689	9.12656	51.3973	200
1502	43.3644	9.05821	51.1463	200
1503	43.4982	8.97007	50.9073	200
1504	43.4951	8.8727	50.6756	200
1505	44.1347	8.72696	50.4712	200
1506	29.046	9.5206	49.8017	200
1507	28.7969	10.2384	49.1453	200
1508	28.2099	10.9069	48.491	200
1509	28.4231	11.4795	47.8639	200
1510	29.1053	11.9344	47.2777	200
1511	28.3904	12.369	46.6875	200
1512	28.5204	12.7314	46.1198	200
1513	28.4241	13.0416	45.5668	200
1514	29.9738	13.2543	44.9171	200
1515	30.1723	13.3785	44.3027	200
1516	30.4784	13.4342	43.4387	200
1517	29.6856	13.4741	42.5791	200
1518	29.6756	13.4027	41.7726	200
1519	29.5934	13.3008	41.2652	200
1520	29.2276	13.1955	40.7636	200
1521	21.5795	13.6946	39.9643	200
1522	22.1862	14.0349	39.2235	200
1523	22.1555	14.2876	38.5123	200
1524	22.7661	14.4092	37.8563	200
1525	22.401	14.4963	37.2123	200
1526	23.225	14.4539	36.6295	200
1527	21.8708	14.4793	36.0145	200
1528	23.0551	14.2893	35.2046	200
1529	22.7697	14.0575	34.4274	200
1530	22.5887	13.7802	33.6875	200
1531	22.8105	13.4173	33.0077	200
1532	22.4585	13.0588	32.3483	200
1533	28.7081	11.8814	32.1208	200
1534	29.2363	10.7568	31.9405	200
1535	29.4174	9.72762	31.7828	200
1536	30.2065	8.7087	31.6843	200
1537	30.3085	8.09763	31.627	200
1538	29.1494	7.62929	31.5238	200
1539	28.901	7.00347	31.3598	200
1540	29.7827	6.32518	31.2613	200
1541	29.7224	5.1286	31.0689	200
1542	30.4678	4.56266	31.0313	200
1543	30.5791	4.04886	31.0031	200
1544	19.3958	4.99366	30.2776	200
1545	20.1406	5.63658	29.6441	200
1546	20.17	6.11627	29.0519	200
1547	20.697	6.3961	28.5297	200
1548	22.0798	6.40284	28.1266	200
1549	22.0504	6.36201	27.7469	200
1550	23.3569	6.1155	27.4725	200
1551	23.9625	5.89837	27.3262	200
1552	24.0285	5.68165	27.1888	200
1553	21.0449	5.72018	26.9328	200
1554	20.6688	5.7655	26.6718	200
1555	20.2447	5.82063	26.404	200
1556	20.6882	5.81189	26.1659	200
1557	24.1203	5.49803	26.0806	200
1558	24.1728	5.19885	26.0011	200
1559	23.0495	5.01158	25.8782	200
1560	23.3375	4.80567	25.7723	200
1561	23.858	4.44425	25.6527	200
1562	24.7986	3.99547	25.5993	200
1563	26.2552	3.57802	25.6403	200
1564	23.3908	3.41196	25.4997	200
1565	23.3511	3.25403	25.3654	200
1566	24.6045	2.94239	25.3178	200
1567	25.0982	2.60204	25.3041	200
1568	26.0926	2.37535	25.3534	200
1569	26.5627	2.22959	25.429	200
1570	25.9274	2.08533	25.4497	200
1571	22.1277	2.18839	25.3113	200
1572	21.4518	2.32765	25.1505	200
1573	22.0412	2.39279	25.0209	200
1574	22.2236	2.4265	24.9044	200
1575	22.807	2.39907	24.817	200
1576	22.7675	2.36994	24.7316	200
1577	23.3613	2.28664	24.6745	200
1578	24.1518	2.13964	24.6527	200
1579	22.0224	2.18054	24.5431	200
1580	22.0377	2.20761	24.4387	200
1581	22.0839	2.21988	24.3406	200
1582	24.5723	2.0542	24.3503	200
1583	25.1462	1.97556	24.3751	200
1584	28.4785	2.10854	24.5034	200
1585	27.1143	2.13995	24.585	200
1586	26.308	2.11389	24.6388	200
1587	26.3397	2.08808	24.692	200
1588	26.5795	2.07554	24.7509	200
1589	26.1326	2.01771	24.8085	200
1590	26.9617	2.029	24.8982	200
1591	26.8763	2.02264	25.0219	200
1592	23.3031	1.98465	24.9144	200
1593	24.1689	1.82976	24.8678	200
1594	24.1998	1.68454	24.8261	200
1595	24.0488	1.57113	24.7775	200
1596	21.1535	1.82774	24.551	200
1597	20.689	1.99726	24.3901	200
1598	20.3983	2.24658	24.1406	200
1599	20.6701	2.39957	23.9237	200
1600	20.5988	2.6309	23.5081	200
1601	20.5623	2.67026	23.324	200
1602	21.213	2.60035	23.192	200
1603	20.9075	2.56087	23.0493	200
1604	21.5023	2.43414	22.9526	200
1605	21.3799	2.32645	22.8543	200
1606	21.4567	2.21034	22.7669	200
1607	15.7387	2.81257	22.3277	200
1608	15.7619	3.28172	21.9173	200
1609	16.5072	3.54776	21.5792	200
1610	17.3076	3.60808	21.4012	200
1611	17.899	3.59926	21.2553	200
1612	19.6348	3.43436	21.1877	200
1613	19.271	3.30789	21.1079	200
1614	19.3335	3.18009	21.0339	200
1615	19.7858	3.01909	20.9819	200
1616	20.4841	2.80899	20.9612	200
1617	20.1097	2.64586	20.9257	200
1618	21.6212	2.48333	20.9547	200
1619	21.9497	2.35931	20.9962	200
1620	22.5163	2.25441	21.0912	200
1621	22.8226	2.18904	21.1994	200
1622	23.4521	2.197	21.3402	200
1623	20.7051	2.00176	21.3005	200
1624	20.5225	1.84879	21.2519	200
1625	20.6316	1.69522	21.2131	200
1626	22.9086	1.69526	21.3191	200
1627	23.4862	1.75425	21.4545	200
1628	24.1743	1.87494	21.6245	200
1629	24.7373	1.9781	21.7542	200
1630	23.5624	1.96394	21.8295	200
1631	21.8978	1.80597	21.8324	200
1632	22.0175	1.6709	21.8401	200
1633	22.1475	1.55727	21.8529	200
1634	40.1204	2.94979	22.614	200
1635	39.4739	4.10896	23.3165	200
1636	22.5972	3.82649	23.2866	200
1637	47.2492	5.5045	24.285	200
1638	47.3598	6.96868	25.2465	200
1639	49.3603	8.39744	26.2512	200
1640	43.8292	9.16249	26.9836	200
1641	48.5081	10.1927	27.8805	200
1642	59.439	11.528	28.8667	200
1643	61.4747	12.8455	29.8857	200
1644	52.1091	13.4316	30.5802	200
1645	55.4238	14.1449	31.3565	200
1646	58.7914	14.9755	32.2139	200
1647	56.143	15.5351	32.9616	200
1648	54.2194	15.8928	33.6259	200
1649	57.5367	16.3939	34.3732	200
1650	54.9163	16.6532	35.0151	200
1651	55.8502	16.9146	35.6662	200
1652	51.7918	16.8653	36.1701	200
1653	51.0934	16.7439	36.6365	200
1654	57.9791	17.0313	37.3035	200
1655	54.713	17.055	37.8475	200
1656	55.2774	17.0784	38.3922	200
1657	52.2351	16.8762	38.8248	200
1658	52.6002	16.6824	39.2553	200
1659	45.5178	16.1614	39.4118	200
1660	45.5548	15.6605	39.5654	200
1661	54.4012	15.6192	39.9363	200
1662	52.2833	15.4556	40.245	200
1663	44.1096	14.8761	40.3416	200
1664	49.3212	14.5813	40.5661	200
1665	47.301	14.0909	40.7765	200
1666	48.564	13.6969	41.0199	200
1667	51.4631	13.4257	41.455	200
1668	52.8344	13.2552	41.9292	200
1669	51.6723	12.9626	42.3351	200
1670	50.2916	12.5454	42.6667	200
1671	48.7936	12.0105	42.9219	200
1672	56.5496	12.1453	43.4898	200
1673	55.115	12.1019	43.9741	200
1674	40.7946	11.3584	43.8417	200
1675	47.0134	10.6762	43.9738	200
1676	47.1676	10.0526	44.1069	200
1677	31.2742	10.4001	43.3049	200
1678	22.101	11.7506	41.9796	200
1679	19.2863	13.1184	40.5613	200
1680	16.4461	14.493	39.0541	200
1681	21.3748	14.8913	37.9491	200
1682	25.6098	14.5723	37.1779	200
1683	37.9765	12.8506	37.2278	200
1684	39.6213	11.5435	37.3774	200
1685	48.7414	11.521	38.0877	200
1686	50.0609	11.6341	39.5843	200
1687	42.6848	9.50068	39.9719	200
1688	30.8841	9.39745	38.8359	200
1689	20.7312	10.4859	37.7044	200
1690	28.9948	10.2638	37.16	200
1691	29.1925	9.97679	36.662	200
1692	46.6388	9.97679	37.2856	200
1693	40.8721	9.17801	37.5097	200
1694	25.4221	9.54171	36.7543	200
1695	24.9486	9.82471	36.0164	200
1696	26.2903	9.81239	35.4085	200
1697	15.5039	10.6534	34.5792	200
1698	29.5108	10.188	34.368	200
1699	31.6619	9.56449	34.2552	200
1700	50.2556	10.369	35.2553	200
1701	50.1912	10.9398	36.1888	200
1702	51.5623	12.0483	38.1104	200
1703	46.9683	11.6495	38.6641	200
1704	32.6247	10.9482	38.2866	200
1705	16.599	12.2906	36.9311	200
1706	16.752	13.2767	35.6699	200
1707	30.7848	12.2277	35.3646	200
1708	29.7669	11.399	35.0147	200
1709	36.7036	10.1852	35.1203	200
1710	37.8484	9.25309	35.2908	200
1711	39.1843	8.58313	35.5342	200
1712	25.219	8.72747	35.1044	200
1713	24.0346	8.92266	34.6431	200
1714	14.8696	10.279	33.4073	200
1715	15.3183	11.2553	32.2767	200
1716	14.6285	12.8535	30.0707	200
1717	30.6112	11.3144	30.1045	200
1718	31.6912	10.0984	30.2036	200
1719	25.5388	9.41924	29.9121	200
1720	26.8212	8.62819	29.7189	200
1721	12.1659	9.7438	28.6218	200
1722	9.73242	10.887	27.4412	200
1723	10.3015	11.6686	26.37	200
1724	10.3008	12.2187	25.3657	200
1725	11.7161	12.3975	24.5126	200
1726	13.783	12.2585	24.0655	200
1727	19.9341	11.5813	23.8934	200
1728	36.4702	11.6642	24.4174	200
1729	37.3239	11.7677	24.9552	200
1730	37.6994	11.8491	25.4862	200
1731	38.6926	11.9622	26.0365	200
1732	35.8892	11.7864	26.447	200
1733	30.3421	11.1288	26.6093	200
1734	8.34449	11.7235	25.8482	200
1735	11.0166	11.9825	25.2303	200
1736	11.4013	12.2133	24.366	200
1737	11.9393	12.24	23.5893	200
1738	11.6597	12.2012	22.8437	200
1739	20.0048	11.0309	22.6663	200
1740	41.8591	12.0511	23.8658	200
1741	39.5939	12.5107	24.8488	200
1742	39.5303	12.7821	25.7664	200
1743	31.9954	11.9629	26.1557	200
1744	12.8614	12.1294	25.3248	200
1745	12.4918	12.2173	24.5228	200
1746	13.0519	12.124	23.8058	200
1747	13.2062	11.997	23.3642	200
1748	13.676	11.8046	22.9605	200
1749	15.1033	11.4756	22.6331	200
1750	13.7295	11.1541	22.0766	200
1751	14.3847	10.7213	21.5959	200
1752	15.8132	9.48668	20.8731	200
1753	28.4492	9.00905	21.8201	200
1754	30.4164	8.95745	22.3573	200
1755	18.6736	8.29824	22.1271	200
1756	17.6012	7.8267	21.8442	200
1757	18.2912	7.29249	21.6222	200
1758	18.6184	6.7564	21.4344	200
1759	18.059	6.33378	21.2235	200
1760	17.2562	6.03797	20.9755	200
1761	17.3536	5.73596	20.7492	200
1762	18.6862	4.81772	20.4913	200
1763	17.3617	4.39569	20.1001	200
1764	18.5815	3.67642	19.9102	200
1765	17.2193	3.55324	19.7421	200
1766	22.6146	3.46816	19.9216	200
1767	22.3176	3.33414	20.0713	200
1768	23.2833	3.31886	20.2721	200
1769	21.5557	3.06446	20.3523	200
1770	18.3622	2.93016	20.2279	200
1771	18.4501	2.78613	20.1168	200
1772	18.9501	2.58369	20.0439	200
1773	20.1733	2.37917	20.0493	200
1774	20.6695	2.23259	20.0751	200
1775	19.8692	2.0637	20.0665	200
1776	18.6132	2.01284	20.006	200
1777	18.3199	1.98562	19.9357	200
1778	18.7218	1.92131	19.8852	200
1779	17.2096	1.98417	19.7737	200
1780	20.6848	1.89474	19.8116	200
1781	23.3191	2.02914	19.9578	200
1782	23.3245	2.14061	20.0981	200
1783	25.8757	2.44369	20.3388	200
1784	30.3484	3.07419	20.7559	200
1785	43.4264	4.70721	21.7005	200
1786	43.65	5.78486	22.3864	200
1787	35.7658	6.25951	22.8045	200
1788	35.162	6.64063	23.1907	200
1789	38.6573	7.19226	23.674	200
1790	37.3215	7.59571	24.1005	200
1791	34.4701	7.76908	24.4245	200
1792	31.9487	7.75377	24.6597	200
1793	33.2712	7.80738	24.9288	200
1794	33.844	7.87663	25.2074	200
1795	43.0734	8.50096	25.7657	200
1796	37.4513	8.7	26.1309	200
1797	37.4672	8.86477	26.4851	200
1798	36.8571	8.95897	26.8092	200
1799	39.5592	9.19591	27.2077	200
1800	35.1727	9.11898	27.4566	200
1801	34.501	8.98932	27.6767	200
1802	37.2592	9.02639	27.9762	200
1803	36.4687	8.99969	28.1885	200
1804	44.9182	9.48282	28.7113	200
1805	47.1231	10.0409	29.2867	200
1806	48.5215	10.807	30.0881	200
1807	48.8701	11.4716	30.8707	200
1809	40.106	11.1921	31.4479	200
1810	40.0856	10.8728	31.9877	200
1811	39.3865	10.5833	32.296	200
1812	41.4837	10.467	32.6788	200
1808	56.6686	11.5939	33.6784	200
1813	24.7079	11.3753	33.3047	200
1814	47.6863	11.6258	33.9039	200
1815	49.1505	11.9275	34.5392	200
1816	49.9049	12.2141	35.1794	200
1817	48.6847	12.3217	35.7421	200
1818	48.3212	12.3431	36.2663	200
1819	49.7228	12.4359	36.8269	200
1820	47.2099	12.2648	37.2596	200
1821	48.1913	12.1537	37.7151	200
1822	48.9064	12.0735	38.1814	200
1823	46.8026	11.8578	38.4508	200
1824	47.9949	11.7132	38.749	200
1825	45.4597	11.4005	38.9587	200
1826	51.2637	11.4759	39.4714	200
1827	36.4346	10.7726	39.3449	200
1828	46.3612	10.3031	39.7834	200
1829	47.0851	9.9279	40.2398	200
1830	48.4945	9.71876	40.7557	200
1831	48.3936	9.45865	41.2331	200
1832	46.9808	8.99479	41.5923	200
1833	24.253	10.0379	40.5086	200
1834	41.3325	8.88611	40.5601	200
1835	42.6895	8.32306	40.6488	200
1836	44.7896	7.97453	40.8213	200
1837	44.7823	7.64007	40.9864	200
1838	30.7361	7.85758	40.5593	200
1839	14.6372	9.36296	39.4792	200
1840	18.731	10.3117	38.6147	200
1841	17.3322	11.226	37.7279	200
1842	25.6935	11.2933	37.2265	200
1843	29.9898	10.9553	36.925	200
1844	24.1981	11.1029	36.3947	200
1845	40.8369	10.5479	36.5798	200
1846	36.9668	9.70112	36.5959	200
1847	37.3882	8.95872	36.6289	200
1848	37.0339	8.42411	36.6416	200
1849	32.7498	8.14084	36.5199	200
1850	33.3746	7.82862	36.4216	200
1851	34.333	7.46988	36.3564	200
1852	38.1748	7.11666	36.4132	200
1853	45.5039	7.24003	36.6973	200
1854	45.7388	7.35263	36.9798	200
1855	47.1974	7.53168	37.2991	200
1856	46.9141	7.66189	37.5996	200
1857	43.7251	7.56586	37.791	200
1858	44.8008	7.53111	38.0101	200
1859	46.2864	7.57768	38.2687	200
1860	38.0239	7.11937	38.2611	200
1861	35.8563	6.82471	38.1859	200
1862	38.848	6.43955	38.2066	200
1863	53.2391	6.97661	38.6764	200
1864	53.9396	7.39094	39.0579	200
1865	53.9071	7.76385	39.4292	200
1866	53.6831	8.08835	39.7855	200
1867	49.3409	8.1617	40.0244	200
1868	47.5334	8.12907	40.2121	200
1869	37.2232	7.87206	40.1374	200
1870	34.9425	7.7382	40.0075	200
1871	41.3041	7.41612	40.0399	200
1872	37.9298	7.15082	39.9872	200
1873	45.6208	7.07496	40.128	200
1874	49.7121	7.20041	40.3676	200
1875	54.468	7.54541	40.7201	200
1876	53.9494	7.8296	41.0509	200
1877	57.2294	8.24705	41.4553	200
1878	58.8597	8.70492	41.8904	200
1879	59.4031	9.1453	42.3283	200
1880	58.4162	9.49243	42.7305	200
1881	62.9962	10.0311	43.2371	200
1882	54.1944	10.0774	43.511	200
1883	56.7445	10.2352	43.8419	200
1884	57.3077	10.3967	44.1785	200
1885	53.0313	10.3324	44.3629	200
1886	55.8614	10.381	44.6025	200
1887	55.0999	10.3858	44.8212	200
1888	59.8693	10.5801	45.1347	200
1889	64.2236	10.9346	45.5324	200
1890	66.1686	11.3389	45.9623	200
1891	65.6164	11.6853	46.3718	200
1892	64.1143	11.9377	46.7414	200
1893	63.9942	12.1592	47.1008	200
1894	62.0614	12.2759	47.4125	200
1895	63.4422	12.4323	47.7465	200
1896	66.8643	12.7109	48.1447	200
1897	65.6471	12.9105	48.5094	200
1898	67.7769	13.1754	48.9108	200
1899	75.337	13.7275	49.4613	200
1900	75.2266	14.2291	49.9981	200
1901	75.7734	14.7102	50.5351	200
1902	73.9682	15.0736	51.0233	200
1903	77.2449	15.5381	51.5696	200
1904	72.4598	15.7611	52.0048	200
1905	75.9198	16.1009	52.503	200
1906	70.6365	16.1856	52.8808	200
1907	71.1701	16.2732	53.2618	200
1908	71.9058	16.372	53.6502	200
1909	74.5771	16.5618	54.0862	200
1910	75.3728	16.7305	54.4663	200
1911	75.8325	16.8961	54.8479	200
1912	77.9958	17.1194	55.2612	200
1913	79.4186	17.3707	55.6926	200
1914	73.1645	17.3743	56.0046	200
1915	72.4321	17.3405	56.2979	200
1916	71.7323	17.2724	56.5736	200
1917	82.8333	17.5934	57.0425	200
1918	77.906	17.7102	57.415	200
1919	76.3529	17.7541	57.7532	200
1920	75.9422	17.7696	58.078	200.235
1921	74.5263	17.7224	58.3717	200.151
1922	72.5707	17.5966	58.6253	200
1923	74.6313	17.5398	58.9111	200
1924	74.341	17.4644	59.1866	200
1925	69.1789	17.1975	59.3651	200
1926	71.1707	17.005	59.5759	200
1927	70.4038	16.7844	59.7692	200
1928	69.2476	16.5234	59.9385	200
1929	69.0219	16.2577	60.1007	200
1930	69.1387	15.9999	60.2621	200
1931	64.9488	15.5958	60.3458	200
1932	65.617	15.2271	60.4399	200
1933	66.9261	14.9149	60.5557	200
1934	68.4953	14.6658	60.6975	200
1935	68.353	14.4154	60.8342	200
1936	68.3548	14.1692	60.9685	200
1937	67.7631	13.9058	61.0898	200
1938	68.3259	13.6676	61.2191	200
1939	69.2302	13.4908	61.3442	200
1940	64.8764	13.1796	61.3994	200
1941	66.8962	12.9395	61.4853	200
1942	64.2503	12.6216	61.5285	200
1943	63.4406	12.2869	61.5584	200
1944	62.7422	11.9399	61.5769	200
1945	62.8938	11.608	61.5975	200
1946	60.8045	11.27	61.5851	200
1947	60.7968	10.9424	61.5728	200
1948	60.8613	10.6227	61.5616	200
1949	60.7639	10.3157	61.5492	200
1950	60.8783	10.0143	61.5387	200
1951	60.7449	9.72615	61.5263	200
1952	59.9722	9.47077	61.502	200
1953	60.782	9.19731	61.4908	200
1954	61.4885	8.90996	61.4907	200
1955	60.7612	8.65432	61.4793	200
1956	61.4096	8.38605	61.4782	200
1957	62.0951	8.14326	61.4879	200
1958	60.7906	7.91057	61.477	200
1959	64.8745	7.76954	61.5301	200
1960	64.3342	7.61437	61.5739	200
1961	63.5351	7.43771	61.6045	200
1962	63.5196	7.26513	61.6344	200
1963	64.8677	7.13913	61.685	200
1964	63.4527	6.97128	61.7126	200
1965	60.5539	6.78963	61.6945	200
1966	60.7797	6.60604	61.6802	200
1967	60.7671	6.42814	61.6659	200
1968	60.8907	6.25148	61.6538	200
1969	61.3791	6.03803	61.6489	200
1970	65.5559	5.96192	61.7187	200
1971	66.2027	5.90034	61.8121	200
1972	68.1652	5.9192	61.9444	200
1973	66.906	5.87132	62.0685	200
1974	61.4929	5.60654	62.0541	200
1975	61.5365	5.28848	62.0379	200
1976	59.3625	5.12516	61.9543	200
1977	59.3457	4.96787	61.8728	200
1978	56.5524	4.98991	61.7065	200
1979	67.6872	5.03944	61.856	200
1980	66.9089	5.04012	61.9824	200
1981	68.9008	5.13403	62.1553	200
1982	71.7918	5.35915	62.3962	200
1983	70.0799	5.47538	62.5883	200
1984	58.9186	5.38509	62.4966	200
1985	57.9459	5.34337	62.3828	200
1986	58.5838	5.26615	62.2878	200
1987	59.3457	5.14995	62.2143	200
1988	59.9445	5.00594	62.1575	200
1989	62.5269	4.77411	62.1668	200
1990	63.5069	4.60241	62.2003	200
1991	63.4818	4.43637	62.2323	200
1992	66.3443	4.42015	62.3351	200
1993	70.3991	4.60234	62.5367	200
1994	61.0524	4.44644	62.4996	200
1995	61.4066	4.27876	62.4723	200
1996	63.4251	4.11247	62.4961	200
1997	63.2141	3.94274	62.514	200
1998	63.3161	3.78571	62.5341	200
1999	64.2125	3.68034	62.5761	200
2000	56.5702	3.77723	62.4509	200
2001	55.19	3.92239	62.2997	200
2002	52.4234	4.17046	62.0939	200
2003	50.1164	4.49576	61.8444	200
2004	51.0542	4.75802	61.6196	200
2005	46.0443	5.20874	61.2951	200
2006	44.7409	5.68147	60.9502	200
2007	49.0351	5.9412	60.702	200
2008	48.2981	6.21048	60.4436	200
2009	48.4005	6.45351	60.1927	200
2010	48.0913	6.68883	59.9406	200
2011	48.8221	6.8734	59.7089	200
2012	53.4385	6.84828	59.5783	200
2013	53.095	6.83307	59.4432	200
2014	53.2465	6.80655	59.3141	200
2015	50.4915	6.89056	59.1303	200
2016	44.8596	7.19806	58.833	200
2017	42.0083	7.59917	58.4825	200
2018	46.9421	7.76339	58.2421	200
2024	41.5645	8.13481	57.8946	200
2021	43.6091	8.39109	57.597	200
2022	43.4499	8.63093	57.3023	200
2023	43.6332	8.84085	57.0175	200
2019	51.1008	8.71901	56.8942	200
2020	51.7252	8.57109	56.7865	200
2027	48.338	8.56672	56.6357	200
2028	47.6062	8.58324	56.4744	200
2029	48.8845	8.54777	56.3389	200
2030	47.582	8.55523	56.1825	200
2025	54.8792	8.29624	56.1593	200
2026	55.1329	8.0366	56.1409	200
2031	51.2339	7.92483	56.0533	200
2032	48.7953	7.90101	55.9237	200
2033	48.733	7.87564	55.7953	200
2034	49.7846	7.80903	55.688	200
2035	50.332	7.72143	55.5923	200
2036	50.9518	7.61139	55.5094	200
2037	50.5327	7.5173	55.4206	200
2038	51.258	7.37752	55.3338	200
2039	44.5542	7.51927	55.1093	200
2040	44.8713	7.65521	54.8533	200
2041	46.9036	7.66993	54.6546	200
2042	49.1089	7.53717	54.4813	200
2043	49.6936	7.36532	54.3317	200
2044	51.9815	7.05188	54.2582	200
2045	55.6824	6.70014	54.3027	200
2046	53.2453	6.34747	54.2697	200
2047	53.1996	6.01763	54.2362	200
2048	53.0901	5.71317	54.2004	200
2049	53.6642	5.38961	54.1837	200
2050	53.9245	5.06895	54.1756	200
2051	49.5732	5.03979	54.0317	200
2052	48.6708	5.05986	53.8642	200
2053	46.9932	5.17305	53.6495	200
2054	47.5845	5.24738	53.3968	200
2055	47.6753	5.28688	53.1584	200
2056	48.3916	5.22187	52.8605	200
2057	48.2801	5.14167	52.5742	200
2058	45.578	5.37349	52.1369	200
2059	46.9491	5.35028	51.8127	200
2060	52.4274	4.95564	51.8383	200
2061	46.3091	5.00344	51.6079	200
2062	45.5614	5.09036	51.356	200
2063	45.4506	5.15828	51.1099	200
2064	46.2609	5.1325	50.9079	200
2065	46.7628	5.05022	50.7352	200
2066	48.9315	4.77967	50.66	200
2067	48.7348	4.54179	50.5798	200
2068	50.3153	4.18535	50.5688	200
2069	49.5135	3.92451	50.5248	200
2070	51.4721	3.67641	50.5643	200
2071	51.7012	3.46478	50.6117	200
2072	52.9966	3.37479	50.711	200
2073	42.1589	3.69837	50.4438	200
2074	38.7297	4.19935	50.0777	200
2075	37.317	4.73443	49.6789	200
2076	36.641	5.2534	49.2715	200
2077	37.3237	5.6718	48.8981	200
2078	38.049	5.99538	48.5591	200
2079	39.4865	6.18771	48.2756	200
2080	40.1294	6.31011	48.021	200
2081	38.702	6.49817	47.7298	200
2082	35.2687	6.87085	47.3404	200
2083	34.6697	7.23334	46.9444	200
2084	35.4098	7.50217	46.584	200
2085	33.9405	7.8235	46.1889	200
2086	33.2084	8.14581	45.7832	200
2087	32.7168	8.45334	45.3749	200
2088	34.5553	8.60123	45.0368	200
2089	35.9414	8.64241	44.6578	200
2090	24.3837	9.61172	43.813	200
2091	29.601	10.1868	42.9248	200
2092	30.9052	10.4159	42.1736	200
2093	31.6096	10.4344	41.5133	200
2094	33.7223	10.2141	41.1887	200
2095	33.6361	9.9923	40.874	200
2096	28.0346	10.2296	40.339	200
2097	26.3729	10.5409	39.7571	200
2098	24.2697	10.9531	39.1118	200
2099	24.9393	11.2214	38.5213	200
2100	25.6853	11.356	37.9864	200
2101	25.6257	11.4397	37.4714	200
2102	32.1789	10.9274	37.2509	200
2103	32.9956	10.0934	36.9849	200
2104	34.3915	9.15591	36.8228	200
2105	34.6138	8.28755	36.6848	200
2106	30.9401	7.96969	36.3257	200
2107	32.2668	7.48085	36.0721	200
2108	20.7871	8.45637	35.1167	200
2109	21.9347	9.04707	34.2929	200
2110	21.4951	9.51591	33.493	200
2111	22.2457	9.73234	32.79	200
2112	26.9675	9.24362	32.4261	200
2113	27.0192	8.92389	32.2008	200
2114	25.0299	8.77781	31.9021	200
2115	24.7026	8.64628	31.6021	200
2116	25.3996	8.44263	31.3436	200
2117	22.1593	8.50444	30.961	200
2118	22.6466	8.48859	30.6145	200
2119	23.4376	8.37929	30.3155	200
2120	24.051	8.20305	30.0545	200
2121	24.2389	7.90462	29.691	200
2122	22.9731	7.75628	29.2711	200
2123	32.2676	7.1613	29.4584	200
2124	32.5099	6.64757	29.6491	200
2125	33.0686	6.24406	29.8628	200
2126	30.3132	5.51985	29.891	200
2127	25.0592	5.43384	29.589	200
2128	24.9014	5.34056	29.296	200
2129	25.0053	5.20933	29.0279	200
2130	25.7856	4.96344	28.8252	200
2131	27.0686	4.6962	28.752	200
2132	32.3504	4.60471	28.9019	200
2133	32.3706	4.51004	29.0465	200
2134	33.0697	4.46948	29.2141	200
2135	33.6519	4.46684	29.399	200
2136	34.3155	4.50431	29.6039	200
2137	41.9351	5.15655	30.1177	200
2138	25.6199	5.10165	29.9303	200
2139	42.2975	5.70711	30.4456	200
2140	42.1639	6.20804	30.9338	200
2141	42.9207	6.68961	31.4333	200
2142	44.1267	7.18993	31.9622	200
2143	61.564	8.59068	32.8872	200
2144	54.6371	9.41313	33.5669	200
2145	60.8231	10.5283	34.4187	200
2146	46.8673	10.6883	34.9374	200
2147	58.1078	11.7285	35.9028	200
2148	60.8383	13.3794	37.4613	200
2149	60.8665	14.6326	38.9241	200
2150	61.6991	15.6504	40.3475	200
2151	49.0111	14.7771	40.889	200
2152	62.7647	15.6644	42.2562	200
2153	47.6739	14.3836	42.5948	200
2154	49.2668	13.4196	43.0118	200
2155	52.597	12.9403	43.6109	200
2156	47.5537	10.6909	44.1038	200
2157	39.3939	9.19564	43.515	200
2158	27.8958	9.99858	42.5388	200
2159	45.125	9.07203	42.7005	200
2160	37.3256	8.60988	42.3645	200
2161	40.7495	7.73552	42.2636	200
2162	35.7691	7.42527	41.4518	200
2163	30.2253	8.37558	40.0485	200
2164	30.4917	8.67087	38.8539	200
2165	23.4689	10.3494	36.9307	200
2166	24.0523	10.6655	36.1258	200
2167	22.5774	11.0259	35.2791	200
2168	23.4647	11.1244	34.5407	200
2169	24.7688	10.9554	33.9299	200
2170	25.1344	10.6854	33.3802	200
2171	25.6232	10.3193	32.8954	200
2172	22.7028	10.3035	32.2584	200
2173	22.0794	10.2879	31.6222	200
2174	22.9171	10.0901	31.0781	200
2175	23.1531	9.90965	30.7479	200
2176	29.5931	9.18007	30.6998	200
2177	26.8916	8.73241	30.5411	200
2178	26.8625	8.31126	30.3878	200
2179	31.5589	7.71624	30.4366	200
2180	41.9504	8.0327	30.9164	200
2181	43.4413	8.40705	31.4382	200
2182	36.587	8.13553	31.6528	200
2183	30.4004	7.56194	31.6006	200
2184	33.145	7.06047	31.6649	200
2185	42.756	7.39636	32.1271	200
2186	33.32	6.87941	32.1768	200
2187	44.7901	7.35723	32.7023	200
2188	44.8719	7.65801	33.0826	200
2189	45.5112	7.95617	33.471	200
2190	44.1625	8.12713	33.8051	200
2191	45.5785	8.43098	34.2957	200
2192	37.9714	8.03471	34.4488	200
2193	39.0274	7.60269	34.735	200
2194	32.3834	6.94631	34.588	200
2195	36.6922	6.34105	34.7195	200
2196	40.0351	6.21286	35.0517	200
2197	41.3949	6.22915	35.4482	200
2198	31.1816	5.98382	35.1815	200
2199	31.8109	5.65718	34.9709	200
2200	30.9132	5.52388	34.8018	200
2201	25.4631	5.84178	34.4127	200
2202	24.0466	6.21881	33.9808	200
2203	15.0647	7.27692	33.1926	200
2204	15.2319	8.16723	32.4442	200
2205	18.6032	8.64006	31.8675	200
2206	32.3747	7.96231	31.8887	200
2207	35.3796	7.5897	32.0341	200
2208	35.7922	7.11074	32.269	200
2209	30.2869	6.46966	32.1451	200
2210	30.2005	5.90404	32.0236	200
2211	38.5394	5.98051	32.4308	200
2212	37.0636	5.81205	32.7203	200
2213	12.5145	7.61127	31.4575	200
2214	13.3546	8.92272	30.3261	200
2215	19.8283	9.11961	29.6699	200
2216	19.1258	9.29767	29.0109	200
2217	20.7083	9.21475	28.665	200
2218	25.4217	8.71713	28.5299	200
2219	32.0527	8.28427	28.6766	200
2220	18.6907	8.42608	28.2606	200
2221	25.7378	7.93414	28.1554	200
2222	36.3234	7.95362	28.4958	200
2223	34.9217	7.82632	28.7635	200
2224	28.9837	7.19247	28.7727	200
2225	22.9554	7.07788	28.5303	200
2226	26.2818	6.67543	28.4366	200
2227	25.1616	6.39206	28.3002	200
2228	21.2632	6.44581	28.0069	200
2229	26.1473	6.06363	27.9295	200
2230	33.4598	6.01919	28.1599	200
2231	35.3498	6.16552	28.6093	200
2232	38.0549	6.57553	29.1996	200
2233	33.9414	6.34632	29.496	200
2234	28.8618	5.63231	29.4563	200
2235	23.6106	5.65899	29.091	200
2236	13.1865	6.93967	28.0969	200
2237	13.0859	7.94859	27.1588	200
2238	13.763	8.62949	26.3215	200
2239	26.7768	7.60772	26.35	200
2240	28.93	7.18874	26.4575	200
2241	21.3518	7.01515	26.2447	200
2242	23.8314	6.63167	26.1442	200
2243	23.485	6.30063	26.0334	200
2244	15.9275	6.61773	25.6123	200
2245	16.6655	6.81182	25.2395	200
2246	17.2555	6.9095	24.9068	200
2247	16.5317	7.03164	24.5579	200
2248	14.1707	7.31127	24.1251	200
2249	20.8917	6.97145	23.9904	200
2250	14.7888	7.15729	23.607	200
2251	15.8899	7.20394	23.2854	200
2252	16.5385	7.16585	23.0043	200
2253	15.8825	7.1631	22.7817	200
2254	18.7221	6.96913	22.6549	200
2255	18.6432	6.78428	22.5295	200
2256	13.6772	6.91354	22.2529	200
2257	20.0089	6.62169	22.1827	200
2258	21.3407	6.26046	22.1564	200
2259	30.4324	6.38643	22.4151	200
2260	37.3415	6.92018	22.8815	200
2261	37.2862	7.38796	23.3317	200
2262	35.307	7.67467	23.7059	200
2263	35.2767	7.91818	24.0675	200
2264	33.9163	8.03885	24.3752	200
2265	29.6024	7.86312	24.5386	200
2266	26.9314	7.52122	24.6134	200
2267	17.8907	7.47131	24.4033	200
2268	14.4751	7.62486	24.093	200
2269	23.7841	7.16762	24.0834	200
2270	22.9257	6.86712	24.0544	200
2271	30.0796	6.82502	24.2051	200
2272	36.1427	7.08065	24.5035	200
2273	35.8572	7.2943	24.7873	200
2274	37.7126	7.57585	25.1105	200
2275	40.9751	7.99029	25.5071	200
2276	42.4055	8.4357	25.9295	200
2277	44.2859	8.93173	26.3885	200
2278	48.2338	9.57741	26.9346	200
2279	49.4619	10.2249	27.4978	200
2280	47.6361	10.7206	28.0012	200
2281	40.1992	10.7944	28.3062	200
2282	38.6969	10.7743	28.5659	200
2283	41.503	10.8824	28.8894	200
2284	37.1242	10.75	29.0952	200
2285	42.8171	10.8986	29.4383	200
2286	41.3731	10.9504	29.7367	200
2287	44.2096	11.1265	30.0985	200
2288	35.8507	10.8578	30.2423	200
2289	36.7858	10.6421	30.4059	200
2290	39.4239	10.5609	30.6313	200
2291	41.4072	10.5699	30.8558	200
2292	40.9586	10.5504	31.0663	200
2293	40.7912	10.516	31.2689	200
2294	40.0232	10.4426	31.4513	200
2295	40.4505	10.3825	31.6388	200
2296	37.8847	10.2101	31.7689	200
2297	40.1491	10.1339	31.9435	200
2298	36.5964	9.90549	32.0404	200
2299	45.4351	10.0509	32.3195	200
2300	44.6593	10.1462	32.5765	200
2301	45.5304	10.2632	32.8464	200
2302	48.2576	10.4777	33.1675	200
2303	48.2021	10.6676	33.4807	200
2304	48.8566	10.8638	33.801	200
2305	51.5926	11.1524	34.1717	200
2306	50.5551	11.3704	34.513	200
2307	50.988	11.5831	34.8562	200
2308	47.8496	11.6418	35.1269	200
2309	46.1275	11.6151	35.3561	200
2310	42.952	11.4477	35.5144	200
2311	34.588	11.0093	35.4951	200
2312	38.79	10.6878	35.5637	200
2313	36.5069	10.2818	35.5834	200
2314	38.23	9.96367	35.6385	200
2315	38.7546	9.67836	35.7034	200
2316	36.6073	9.36498	35.7196	200
2317	37.2485	9.08512	35.7469	200
2318	36.5302	8.78863	35.7608	200
2319	38.4243	8.56987	35.8084	200
2320	37.9255	8.33941	35.8462	200
2321	36.3236	8.05863	35.8547	200
2322	35.8997	7.77243	35.8555	200
2323	37.0634	7.53798	35.8771	200
2324	34.0927	7.33249	35.8452	200
2325	29.5326	7.29606	35.7325	200
2326	31.8192	7.17525	35.6626	200
2327	36.9713	6.96573	35.686	200
2328	38.6577	6.82308	35.7391	200
2329	40.0874	6.7347	35.8167	200
2330	40.8817	6.67507	35.9072	200
2331	42.2369	6.66273	36.0202	200
2332	42.8735	6.66954	36.1426	200
2333	40.167	6.57507	36.2144	200
2334	42.8814	6.57835	36.3335	200
2335	49.1299	6.80042	36.562	200
2336	49.6794	7.02603	36.7962	200
2337	49.0693	7.21342	37.0154	200
2338	48.0799	7.35096	37.213	200
2339	47.784	7.46596	37.4017	200
2340	46.9453	7.54016	37.5722	200
2341	44.9556	7.53456	37.704	200
2342	44.0658	7.49268	37.8176	200
2343	50.3062	7.6711	38.0406	200
2344	55.7882	8.03098	38.3575	200
2345	55.1418	8.30452	38.6198	200
2346	55.9807	8.58753	38.8911	200
2347	49.554	8.65238	39.0577	200
2348	53.1433	8.82217	39.2778	200
2349	54.4906	9.02188	39.5155	200
2350	47.5966	8.99248	39.6417	200
2351	47.559	8.95888	39.7654	200
2352	56.5464	9.20332	40.0276	200
2353	56.483	9.42995	40.2847	200
2354	56.4014	9.6389	40.5366	200
2355	54.4601	9.7728	40.7541	200
2356	49.6712	9.74605	40.8934	200
2357	53.241	9.82735	41.0864	200
2358	48.3395	9.7469	41.1997	200
2359	44.1091	9.53323	41.2452	200
2360	45.563	9.37025	41.3126	200
2361	46.9322	9.25304	41.4004	200
2362	49.5504	9.21857	41.5278	200
2363	51.2786	9.2352	41.6801	200
2364	49.6498	9.19566	41.8047	200
2365	53.2503	9.26596	41.9835	200
2366	55.8098	9.42883	42.2304	200
2367	58.6078	9.677	42.5228	200
2368	58.4874	9.93898	42.8554	200
2369	59.1378	10.2033	43.1947	200
2370	59.4154	10.5042	43.6002	200
2371	60.0189	10.7999	44.0106	200
2372	60.0688	11.1285	44.5125	200
2373	64.6112	11.6892	45.1405	200
2374	62.6303	12.0517	45.6871	200
2375	61.9993	12.318	46.1969	200
2376	63.2191	12.612	46.7288	200
2377	64.6147	12.9416	47.2877	200
2378	64.6948	13.2207	47.8317	200
2379	61.3368	13.2349	48.1693	200
2380	61.6264	13.246	48.5058	200
2381	60.4126	13.1791	48.8034	200
2382	53.0889	12.7344	48.9106	200
2383	56.4354	12.4739	49.0987	200
2384	66.1328	12.7019	49.5245	200
2385	64.0179	12.7915	49.8869	200
2386	63.3363	12.8244	50.2231	200
2387	62.7612	12.8101	50.5366	200
2388	64.6382	12.8747	50.8891	200
2389	63.9181	12.8824	51.2148	200
2390	61.2834	12.7417	51.4665	200
2391	72.418	13.1522	51.9903	200
2392	74.3497	13.6125	52.5493	200
2393	75.813	14.0951	53.1309	200
2394	70.2326	14.2454	53.5584	200
2395	73.0604	14.5082	54.046	200
2396	73.0016	14.7306	54.5199	200
2397	72.177	14.8769	54.9613	200
2398	85.3648	15.6533	55.7214	200
2399	84.8593	16.2151	56.3284	200
2400	84.8801	16.7291	56.9233	200
2401	84.9141	17.1984	57.5064	200
2402	71.8376	17.0789	57.805	200
2403	71.2475	16.9274	58.085	200
2404	66.9493	16.5914	58.2697	200
2405	63.5885	16.1217	58.3805	200
2406	69.0201	15.8933	58.6022	200
2407	69.7622	15.6961	58.8347	200
2408	70.4128	15.5245	59.0759	200
2409	57.897	14.9268	59.0513	200
2410	77.3841	15.0687	59.4332	200
2411	77.2031	15.1812	59.8034	200
2412	78.5834	15.3312	60.1947	200
2413	78.7162	15.4641	60.5806	200
2414	71.572	15.2778	60.8096	200
2415	70.9457	15.0635	61.0207	200
2416	70.2131	14.8189	61.2122	200
2417	72.9588	14.6909	61.4569	200
2418	73.8712	14.596	61.7156	200
2419	74.3834	14.5157	61.9795	200
2420	74.5235	14.4335	62.2408	200
2421	74.4226	14.3397	62.4946	200
2422	74.5567	14.2448	62.7459	200
2423	74.9037	14.1578	62.9992	200
2424	74.4931	14.0627	63.2044	200
2425	73.3088	13.9213	63.3849	200
2426	73.1508	13.7729	63.5593	200
2427	75.0693	13.6921	63.7648	200
2428	79.2444	13.756	64.0412	200
2429	81.379	13.8839	64.3508	200
2430	81.3477	13.9951	64.6543	200
2431	83.3335	14.1623	64.9879	200
2432	82.159	14.2698	65.2945	200
2433	81.3874	14.3349	65.5819	200
2434	85.4021	14.5308	65.9358	200
2435	82.3927	14.5996	66.2297	200
2436	84.1094	14.7167	66.549	200
2437	85.5234	14.8688	66.8878	200
2438	86.2023	15.0276	67.2327	200
2439	85.3306	15.1372	67.5559	200
2440	85.417	15.2345	67.8748	200
2441	77.542	15.0357	68.0475	200
2442	74.9086	14.7437	68.17	200
2443	74.1078	14.4292	68.276	200
2444	80.276	14.3425	68.4903	200
2445	76.2866	14.1087	68.6295	200
2446	77.493	13.9214	68.7878	200
2447	77.4052	13.7319	68.9417	200
2448	75.6308	13.4804	69.0611	200
2449	73.2088	13.0915	69.1475	200
2450	72.6564	12.6923	69.2206	200
2451	71.6385	12.1785	69.2811	200
2452	73.7617	11.7936	69.3931	200
2453	72.8971	11.2755	69.5026	200
2454	74.3128	10.8714	69.6529	200
2455	78.9739	10.7745	69.9442	200
2456	82.3997	10.8796	70.3334	200
2457	79.7898	10.7907	70.6289	200
2458	82.015	10.8279	70.9847	200
2459	77.3959	10.5518	71.1851	200
2460	73.1702	10.0164	71.2471	200
2461	79.5257	9.90779	71.5058	200
2462	55.8986	10.264	71.0181	200
2463	51.9273	10.8157	70.4215	200
2464	41.4262	11.9519	69.5154	200
2465	41.0581	12.9835	68.6261	200
2466	41.7325	13.8529	67.7857	200
2467	44.5045	14.3243	67.2037	200
2468	45.1011	14.7132	66.6511	200
2469	44.4117	15.0895	66.0951	200
2470	44.9366	15.393	65.5662	200
2471	44.3179	15.6857	65.035	200
2472	49.6903	15.6687	64.6513	200
2473	39.9191	16.1219	64.033	200
2474	42.0965	16.4126	63.4846	200
2475	42.0259	16.728	62.814	200
2476	44.3036	16.8394	62.2356	200
2477	40.6362	17.236	61.3356	200
2478	52.886	16.5038	60.9835	200
2479	52.1649	15.8634	60.6161	200
2480	51.7372	15.2814	60.2461	200
2481	50.8707	14.7892	59.8555	200
2482	50.1874	14.3624	59.4527	200
2483	46.9257	14.2095	58.9307	200
2484	37.8771	14.7798	58.0535	200
2485	39.2535	15.1148	57.2701	200
2486	40.6766	15.2381	56.5787	200
2487	40.5117	15.3071	55.9093	200
2488	39.3962	15.4579	54.8772	200
2489	39.2018	15.4851	53.8975	200
2490	39.8388	15.3068	53.0188	200
2491	39.9551	15.0264	52.2023	200
2492	39.2475	14.7675	51.3927	200
2493	39.9132	14.3564	50.6752	200
2494	39.9199	13.9063	50.003	200
2495	40.6557	13.3364	49.4188	200
2496	41.3145	12.6824	48.9123	200
2497	42.3537	12.1721	48.639	200
2498	39.388	11.8069	48.0608	200
2499	39.4888	11.4026	47.5251	200
2500	38.0586	10.9185	46.3418	200
2501	38.0749	10.5871	45.8251	200
2502	38.7884	10.1433	45.3853	200
2503	38.4274	9.7451	44.9504	200
2504	38.8152	9.29386	44.567	200
2505	38.4565	8.89594	44.1851	200
2506	37.8287	8.57849	43.7878	200
2507	29.1147	9.34032	42.8707	200
2508	29.4671	9.84822	42.033	200
2509	30.123	10.1059	41.2886	200
2510	30.383	10.1726	40.8342	200
2511	31.1033	10.1358	40.4288	200
2512	36.5628	9.6133	40.2677	200
2513	36.4958	9.12651	40.1105	200
2514	37.2515	8.60422	39.9914	200
2515	37.8812	8.06305	39.9035	200
2516	38.1134	7.5403	39.8289	200
2517	38.0428	7.06078	39.7545	200
2518	30.3108	7.25935	39.361	200
2519	30.4369	7.39807	38.9891	200
2520	32.4194	7.32904	38.7154	200
2521	33.0344	7.19171	38.4787	200
2522	33.6031	6.99869	38.2755	200
2523	33.4891	6.86043	38.126	200
2524	33.6121	6.71376	37.9849	200
2525	28.8447	6.86542	37.6993	200
2526	28.6857	6.99968	37.4176	200
2527	26.6393	7.23584	37.0808	200
2528	26.2225	7.46224	36.7415	200
2529	26.2133	7.65386	36.4125	200
2530	26.9542	7.76663	36.1169	200
2531	27.0919	7.84528	35.8349	200
2532	26.8407	7.91708	35.5538	200
2533	28.7184	7.84948	35.3402	200
2534	29.3781	7.73151	35.1539	200
2535	28.6107	7.65724	34.9494	200
2536	28.6289	7.54585	34.686	200
2537	28.6131	7.4231	34.433	200
2538	28.6045	7.22377	34.0687	200
2539	29.438	6.89964	33.7793	200
2540	29.1955	6.61017	33.4928	200
2541	29.8501	6.23923	33.2651	200
2542	30.6579	5.93656	33.1565	200
2543	27.1346	5.94367	32.9056	200
2544	26.6352	5.9709	32.6443	200
2545	26.3881	5.99468	32.3836	200
2546	27.0878	5.93644	32.163	200
2547	27.6329	5.81924	31.9742	200
2548	25.3242	5.88848	31.6971	200
2549	26.2097	5.85506	31.4685	200
2550	25.92	5.82951	31.2373	200
2551	26.1805	5.76512	31.0266	200
2552	27.1058	5.61143	30.8632	200
2553	27.1976	5.44929	30.7105	200
2554	27.7123	5.24503	30.5856	200
2555	26.0911	5.19812	30.4451	200
2556	26.2397	5.13607	30.3137	200
2557	26.8786	5.02977	30.2064	200
2558	26.9907	4.91639	30.1059	200
2559	29.5068	4.64655	30.0871	200
2560	29.5317	4.39086	30.0698	200
2561	30.4207	4.13836	30.0807	200
2562	31.1314	3.94538	30.1136	200
2563	29.1488	3.75909	30.0834	200
2564	28.9031	3.59792	30.0465	200
2565	28.84	3.39864	29.9963	200
2566	28.8078	3.21446	29.9468	200
2567	29.1482	2.91247	29.8968	200
2568	29.1427	2.64268	29.8497	200
2570	28.2322	2.51453	29.7486	200
2571	28.9426	2.30096	29.6982	200
2572	25.1851	2.48531	29.5102	200
2573	24.9313	2.65977	29.3194	200
2574	27.1246	2.60165	29.1822	200
2575	26.4474	2.6183	29.0113	200
2576	26.5855	2.57017	28.7081	200
2569	57.6167	5.86248	30.5149	200
2577	29.6865	5.23322	30.4631	200
2578	26.1671	5.11607	30.1946	200
2579	27.127	4.86001	30.0029	200
2580	28.9458	4.38464	29.9368	200
2581	29.7126	3.86458	29.9228	200
2582	30.0739	3.4004	29.9322	200
2583	29.6636	3.00894	29.9154	200
2584	30.3255	2.68408	29.9411	200
2585	30.6687	2.52104	29.9714	200
2586	31.8596	2.46831	30.0501	200
2587	31.9958	2.42476	30.1311	200
2588	31.4911	2.33602	30.1878	200
2589	31.2965	2.18261	30.2571	200
2590	31.8092	2.10379	30.3541	200
2591	31.8496	1.95173	30.541	200
2592	27.4655	2.0922	30.3488	200
2593	27.2801	2.21426	30.157	200
2594	28.2352	2.1777	30.0369	200
2595	28.9642	2.03958	29.9699	200
2596	32.658	2.12064	30.1379	200
2597	32.5242	2.15385	30.287	200
2598	31.7085	2.06231	30.3759	200
2599	33.2622	2.16531	30.5563	200
2600	34.2908	2.29607	30.7119	200
2601	33.3476	2.32438	30.8217	200
2602	33.5973	2.36199	30.9373	200
2603	33.9022	2.41222	31.0609	200
2604	32.4257	2.32494	31.1177	200
2605	33.5764	2.33609	31.2202	200
2606	33.3312	2.31733	31.3081	200
2607	34.0954	2.35649	31.4243	200
2608	34.7693	2.43887	31.5636	200
2609	34.3531	2.46809	31.6799	200
2610	34.9926	2.53848	31.8179	200
2611	34.58	2.55711	31.933	200
2612	35.262	2.62144	32.0717	200
2613	34.4394	2.60558	32.1457	200
2614	37.9946	2.80828	32.3285	200
2615	37.0844	2.93001	32.4771	200
2616	36.984	3.02857	32.6179	200
2617	36.7164	3.09544	32.746	200
2618	36.8577	3.15895	32.8745	200
2619	36.8362	3.20912	32.9983	200
2620	37.2424	3.2738	33.1309	200
2621	37.34	3.33226	33.2625	200
2622	37.4048	3.38289	33.3919	200
2623	38.1243	3.46723	33.5398	200
2624	39.7298	3.63741	33.7332	200
2625	40.0204	3.80302	33.9297	200
2626	40.4211	3.97104	34.1326	200
2627	40.4195	4.11578	34.329	200
2628	40.8153	4.26394	34.5317	200
2629	41.3991	4.42665	34.7463	200
2630	41.3598	4.53599	34.9117	200
2631	38.491	4.48816	35.0012	200
2632	38.597	4.44355	35.091	200
2633	40.1986	4.47675	35.2187	200
2634	40.1523	4.49959	35.3421	200
2635	40.2527	4.52014	35.4648	200
2636	40.2801	4.53489	35.5852	200
2637	40.1873	4.53825	35.7003	200
2638	40.3829	4.54547	35.8173	200
2639	40.9752	4.57609	35.9463	200
2640	40.8705	4.5935	36.0694	200
2641	38.4632	4.48351	36.1292	200
2642	38.4632	4.37604	36.1876	200
2643	35.4995	4.19164	36.1704	200
2644	37.5646	4.05177	36.2052	200
2645	36.9167	3.88475	36.223	200
2646	36.7595	3.71733	36.2364	200
2647	38.6245	3.65087	36.2961	200
2648	38.1239	3.55972	36.3418	200
2649	38.1603	3.47266	36.3873	200
2650	38.8456	3.42194	36.4487	200
2651	39.5676	3.40931	36.5137	200
2652	42.6552	3.52315	36.6417	200
2653	42.5221	3.62137	36.7642	200
2654	43.2702	3.74156	36.8997	200
2655	41.276	3.76801	36.9909	200
2656	41.1984	3.78632	37.0785	200
2657	41.422	3.80953	37.169	200
2658	40.9014	3.80632	37.2468	200
2659	40.6719	3.79043	37.3181	200
2660	40.6955	3.77322	37.3885	200
2661	40.5591	3.74811	37.4546	200
2662	41.228	3.74916	37.5332	200
2663	40.5893	3.72029	37.5968	200
2664	46.9365	3.95443	37.7914	200
2665	47.5414	4.19591	37.9945	200
2666	47.8664	4.43241	38.2002	200
2667	47.9221	4.6528	38.4027	200
2668	48.5012	4.8797	38.6131	200
2669	48.454	5.08642	38.8181	200
2670	47.7347	5.24601	39.0039	200
2671	48.4613	5.42148	39.2009	200
2672	48.5164	5.58373	39.395	200
2673	48.6448	5.73648	39.5877	200
2674	50.0044	5.93149	39.8047	200
2675	50.6209	6.13501	40.0301	200
2676	50.6268	6.29436	40.2193	200
2677	51.7663	6.48195	40.4255	200
2678	52.6138	6.68575	40.6431	200
2679	55.1395	6.96471	40.902	200
2680	54.9615	7.21809	41.1531	200
2681	55.1915	7.46167	41.4037	200
2682	55.0225	7.68157	41.6469	200
2683	57.1685	7.96157	41.9241	200
2684	57.7235	8.24149	42.2062	200
2685	57.9538	8.50957	42.4874	200
2686	57.8649	8.75484	42.762	200
2687	59.2386	9.03062	43.0563	200
2688	64.4185	9.47104	43.4377	200
2689	68.1695	10.0161	43.8794	200
2690	84.6194	11.1133	44.6069	200
2691	56.3203	11.1348	44.816	200
2692	57.7739	11.1999	45.0474	200
2693	58.3793	11.276	45.2855	200
2694	58.3473	11.3398	45.5187	200
2695	58.4014	11.3949	45.7488	200
2696	58.4135	11.4403	45.9749	200
2697	58.1366	11.466	46.1921	200
2698	57.2072	11.4499	46.3888	200
2699	65.9098	11.7382	46.7374	200
2700	68.7332	12.1045	47.1302	200
2701	82.5118	12.9358	47.762	200
2702	77.3442	13.5304	48.2903	200
2703	74.9736	14.0001	48.7667	200
2704	77.0797	14.5113	49.2723	200
2705	62.707	14.4776	49.4822	200
2706	62.2226	14.4233	49.6813	200
2707	59.8055	14.289	49.8395	200
2708	53.7142	13.9635	49.9	200
2709	54.5597	13.6728	49.9729	200
2710	55.105	13.4059	50.053	200
2711	57.2454	13.2117	50.1654	200
2712	55.5796	12.9681	50.25	200
2713	79.0309	13.4622	50.6997	200
2714	77.9071	13.8917	51.1248	200
2715	81.8059	14.4164	51.6042	200
2716	65.4479	14.3985	51.8205	200
2717	65.4213	14.3736	52.033	200
2718	68.2444	14.431	52.2863	200
2719	70.5705	14.5514	52.572	200
2720	71.2294	14.6797	52.8636	200
2721	69.1812	14.7309	53.1185	200
2722	66.3747	14.6848	53.3256	200
2723	68.7568	14.7082	53.5668	200
2724	70.8907	14.7899	53.8374	200
2725	70.2426	14.8404	54.0938	200
2726	77.6945	15.1141	54.4625	200
2727	80.9662	15.4701	54.8767	200
2728	82.242	15.8418	55.3042	200
2729	73.4323	15.9132	55.5875	200
2730	66.352	15.7523	55.7557	200
2731	63.3583	15.4977	55.8745	200
2732	63.704	15.258	55.9968	200
2733	69.9326	15.2167	56.2146	200
2734	68.738	15.1325	56.4102	200
2735	65.6237	14.9211	56.5748	200
2736	66.2553	14.734	56.7476	200
2737	80.8401	15.1239	57.2496	200
2738	81.4133	15.5006	57.753	200
2739	88.9316	16.2845	58.5324	200
2740	87.6151	16.9244	59.2595	200
2741	84.6462	17.4533	60.0528	200
2742	85.4086	17.9472	60.8452	204.423
2743	83.2432	18.2254	61.5451	207.348
2744	79.306	18.2021	61.9892	207.606
2745	86.5809	18.5216	62.6039	210.777
2746	84.6788	18.6993	63.1558	212.75
2747	84.5002	18.8315	63.6894	214.342
2748	87.0413	19.0575	64.2732	216.734
2749	86.6569	19.2239	64.8328	218.624
2750	60.9663	18.456	64.7362	212.384
2751	62.8883	17.6256	64.69	205.695
2752	65.9029	16.8049	64.7203	200
2753	70.2389	16.2406	64.8582	200
2754	75.0781	15.9396	65.1137	200
2755	72.0725	15.4906	65.2877	200
2756	60.9088	14.935	65.1782	200
2757	63.8802	14.2531	65.1458	200
2758	64.5042	13.5725	65.1297	200
2759	68.4867	13.0618	65.2137	200
2760	67.6978	12.5329	65.2758	200
2761	66.4386	11.8223	65.3121	200
2762	70.4134	11.4022	65.4715	200
2763	72.4763	11.0357	65.7634	200
2764	80.8899	11.3766	66.3937	200
2765	85.6988	12.0373	67.198	200
2766	80.6042	12.1514	67.7566	200
2767	80.6303	12.2116	68.293	200
2768	79.9134	12.1623	68.7772	200
2769	73.7105	11.5599	68.9828	200
2770	67.2654	10.7397	68.9112	200
2771	79.0276	10.6878	69.3327	200
2772	79.0917	10.6104	69.7394	200
2773	81.1547	10.6774	70.215	200
2774	81.2679	10.7087	70.6755	200
2775	83.9934	10.9262	71.2304	200
2776	83.4858	11.0092	71.6134	200
2777	70.3372	10.4009	71.5735	200
2778	64.2018	10.2116	71.3432	200
2779	62.7928	10.1078	71.076	200
2780	64.9302	9.86014	70.8839	200
2781	66.0698	9.54476	70.7335	200
2782	65.4947	9.27563	70.5698	200
2783	67.0084	8.79944	70.4214	200
2784	67.441	8.31452	70.2972	200
2785	65.5199	7.87237	69.9986	200
2786	70.4124	6.94005	70.0245	200
2787	70.4182	6.12176	70.0491	200
2788	71.6623	5.55819	70.1499	200
2789	67.6795	5.17222	69.9955	200
2790	41.8873	8.03921	68.2387	200
2791	40.7195	9.66255	67.0921	200
2792	40.6749	11.0588	65.9914	200
2793	41.1025	12.2113	64.9543	200
2794	41.2877	13.1659	63.9682	200
2795	41.9559	13.9031	63.0511	200
2796	43.0062	14.4149	62.2159	200
2797	40.9795	14.9834	61.331	200
2798	40.9782	15.4308	60.483	200
2799	42.6818	15.6283	59.7413	200
2800	42.6951	15.7465	59.031	200
2801	38.806	16.1197	58.1883	200
2803	38.3489	16.4297	57.3616	200
2802	40.6394	16.448	56.8391	200
2804	58.1706	15.5032	56.8807	200
2805	59.5485	14.701	56.9641	200
2806	51.474	14.1253	56.7925	200
2807	51.0683	13.6002	56.6136	200
2808	55.1462	12.8419	56.5678	200
2809	73.2308	13.0807	57.0885	200
2810	89.8332	14.3097	58.1117	200
2811	89.2396	15.3609	59.0845	200
2812	53.7137	14.7365	58.9167	200
2813	53.1295	14.1772	58.7358	200
2814	59.1772	13.3187	58.7496	200
2815	71.2538	13.2678	59.1404	200
2816	71.2575	13.1959	59.519	200
2817	75.0735	13.3433	60.0051	200
2818	60.5312	12.5422	60.0215	200
2819	61.8772	11.8743	60.0795	200
2820	62.6884	11.411	60.1447	200
2821	64.0035	11.0334	60.2412	200
2822	63.415	10.6404	60.3206	200
2823	72.2307	10.7039	60.6183	200
2824	73.1553	10.7956	60.9317	200
2825	73.4558	10.882	61.2448	200
2826	62.5487	10.4031	61.2774	200
2827	62.5138	9.94475	61.3083	200
2828	66.4114	9.70266	61.4359	200
2829	70.369	9.66418	61.6592	200
2830	70.2557	9.6108	61.8742	200
2831	67.5268	9.41289	62.0155	200
2832	69.4444	9.31369	62.2012	200
2833	62.6968	8.87279	62.2136	200
2834	72.5893	8.94794	62.473	200
2835	66.0796	8.68087	62.5631	200
2836	57.2102	8.47287	62.3959	200
2837	56.5139	8.31094	62.212	200
2838	52.707	8.41045	61.816	200
2839	51.1568	8.59785	61.3719	200
2840	51.2584	8.72415	60.9505	200
2841	51.4647	8.78762	60.5552	200
2842	57.8106	8.28403	60.4409	200
2843	61.1878	7.65594	60.472	200
2844	82.5875	8.8609	61.3935	200
2845	57.3133	8.46251	61.2235	200
2846	61.5366	7.78339	61.2365	200
2847	61.5689	7.16248	61.2504	200
2848	55.3038	7.06115	61.0026	200
2849	55.8314	6.90365	60.7871	200
2850	51.9969	7.02156	60.5124	200
2851	49.1344	7.29384	60.1569	200
2852	48.5663	7.56239	59.7947	200
2853	45.6893	7.97132	59.3539	200
2854	46.8847	8.25244	58.9642	200
2855	46.8754	8.49221	58.5864	200
2856	47.7526	8.63856	58.2479	200
2857	52.3946	8.46448	58.065	200
2858	50.964	8.37926	57.843	200
2859	45.3465	8.63659	57.4525	200
2860	41.5051	9.24582	56.7881	200
2861	41.3161	9.76466	56.1434	200
2862	39.9472	10.5686	55.1311	200
2863	39.9758	11.1419	54.1839	200
2864	39.3247	11.6066	53.2552	200
2865	38.9166	11.9481	52.3591	200
2866	38.9685	12.0683	51.8011	200
2867	25.0248	13.294	50.6854	200
2868	24.9951	14.327	49.615	200
2869	25.0088	15.1836	48.5897	200
2870	24.4768	15.9277	47.585	200
2871	24.8623	16.494	46.6383	200
2872	26.2334	16.8199	45.7881	200
2873	27.9657	16.9034	45.0455	200
2874	27.8035	16.9316	44.327	200
2875	28.3219	16.8544	43.6602	200
2876	26.0921	16.9139	42.9282	200
2877	26.4979	16.8736	42.2436	200
2878	27.0763	16.7314	41.6116	200
2879	26.3966	16.6366	41.1361	200
2880	27.6291	16.441	40.714	200
2881	27.6915	16.1561	40.1714	200
2882	27.0934	15.8996	39.6265	200
2883	29.8681	15.132	39.0166	200
2884	76.6239	17.9414	41.3671	200
2885	84.1841	21.0509	44.0431	212.45
2886	84.9868	23.5375	46.6021	234.902
2887	84.9292	25.3862	48.9975	252.087
2890	28.9338	24.7209	47.7436	245.51
2891	28.7311	24.0073	46.5553	238.614
2892	28.829	23.4839	45.8167	233.688
2893	28.7885	22.9459	45.1072	228.675
2894	29.3829	22.3441	44.452	223.205
2895	29.6787	21.7132	43.8364	217.542
2896	29.6482	20.7726	42.9497	209.13
2888	80.3401	22.8498	45.2866	228.085
2889	81.1619	26.1062	49.771	258.621
2897	37.1833	24.4164	48.9843	244.315
2898	36.6552	22.9055	48.2137	231.458
2899	32.9859	21.9458	47.262	222.828
2900	33.0802	20.9753	46.3756	214.178
2901	30.4864	20.3395	45.3825	208.099
2902	30.2583	19.6876	44.4373	201.938
2903	25.5672	19.5854	43.2579	200
2904	25.6613	19.3368	42.1581	200
2905	26.1815	19.0568	41.4924	200
2906	25.6071	18.7925	40.8305	200
2907	26.3271	18.4351	40.2262	200
2908	23.6806	18.2776	39.5368	200
2909	23.7528	18.0698	38.8791	200
2910	23.9762	17.8059	38.2582	200
2911	24.2076	17.493	37.6727	200
2912	20.4653	17.4692	36.9558	200
2913	19.9498	17.4306	36.2472	200
2914	21.2647	17.2266	35.6229	200
2915	21.6007	16.9595	35.0386	200
2916	21.5878	16.6671	34.4782	200
2917	22.0748	16.3118	33.9614	200
2918	21.9109	16.0455	33.5848	200
2919	26.1622	15.5066	33.3529	200
2920	26.1932	14.9849	33.1291	200
2921	24.9472	14.5597	32.8734	200
2922	25.4199	14.1156	32.6405	200
2923	25.9115	13.6539	32.4302	200
2924	26.2539	13.1865	32.2372	200
2925	26.9979	12.6898	32.0735	200
2926	27.5548	12.1791	31.9323	200
2927	26.1283	11.7807	31.7509	200
2928	26.1046	11.3973	31.5745	200
2929	23.9337	11.1625	31.3357	200
2930	23.3003	10.9671	31.0846	200
2931	23.4154	10.7609	30.8449	200
2932	24.5979	10.3848	30.5846	200
2933	24.563	10.0212	30.3337	200
2934	35.0338	9.35605	30.6275	200
2935	39.2904	9.26942	31.1689	200
2936	22.2759	9.22236	30.6131	200
2937	34.6752	8.79234	30.7823	200
2938	37.0067	8.57834	31.0417	200
2939	26.287	8.2597	30.8436	200
2940	22.1394	8.29675	30.4809	200
2941	42.7757	8.62992	30.9932	200
2942	44.8721	9.06733	31.5715	200
2943	35.3739	8.62859	31.7299	200
2944	44.9108	9.00796	32.2791	200
2946	53.8398	10.054	33.1775	200
2947	33.7867	9.26695	33.2029	200
2948	47.6298	9.69695	33.804	200
2949	48.8953	10.1465	34.4328	200
2950	49.6037	10.7745	35.381	200
2951	39.3954	9.92952	35.6319	200
2952	53.3094	10.898	36.7367	200
2953	53.2121	11.5952	37.7664	200
2954	29.5443	11.1736	37.2525	200
2955	18.5337	12.1167	36.0826	200
2956	19.1671	12.7166	35.0254	200
2957	19.9335	13.0135	34.0821	200
2958	21.3163	12.9825	33.2843	200
2959	22.6029	12.7908	32.8392	200
2960	22.7519	12.5655	32.4189	200
2961	22.7259	12.3261	32.015	200
2962	23.5003	12.0085	31.6603	200
2966	22.0448	11.8091	31.2596	200
2967	22.0188	11.5951	30.8746	200
2968	16.4679	11.8294	30.2743	200
2969	15.2272	12.0975	29.6473	200
2970	16.5233	12.183	29.1005	200
2963	62.7933	13.9755	30.5044	200
2964	52.526	14.646	31.4219	200
2971	13.0766	14.9543	30.6575	200
2972	13.6384	15.2124	29.5938	200
2973	13.823	15.2822	28.6082	200
2965	56.5689	16.867	30.3557	200
2974	14.36	16.7581	29.356	200
2975	7.48659	17.397	27.9891	200
2976	8.1735	17.6993	26.7507	200
2977	9.25642	17.6481	24.5639	200
2978	13.8317	15.9191	23.2224	200
2980	27.3189	14.4413	23.4784	200
2979	41.0279	14.8298	24.5752	200
2981	19.0983	13.6607	24.2329	200
2982	19.7317	12.5158	23.9516	200
2983	19.5029	11.5074	23.6736	200
2984	15.1001	11.1406	23.1377	200
2985	13.3665	10.9695	22.527	200
2986	26.9471	10.1508	22.8033	200
2987	35.8519	10.513	23.6188	200
2988	34.6319	10.5755	24.3071	200
2989	31.0686	9.622	25.1523	200
2990	30.8594	8.64328	25.8657	200
2991	19.4722	8.36205	25.4661	200
2992	17.2667	8.34172	24.9536	200
2993	16.4186	8.39006	23.8868	200
2994	17.9279	7.78226	23.1419	200
2995	25.2974	6.37556	23.4113	200
2996	21.6171	5.23023	23.187	200
2997	23.9275	4.10778	23.2796	200
2998	22.0694	3.74558	23.204	200
2999	17.6111	3.97649	22.8544	200
3000	17.3067	4.1729	22.5077	200
3001	17.8808	4.22964	22.2185	200
3002	18.4215	4.17556	21.9812	200
3003	16.4857	4.34055	21.6377	200
3004	16.5684	4.43165	21.3209	200
3005	16.5777	4.50953	20.728	200
3006	17.9216	4.08373	20.3772	200
3007	18.0353	3.64827	20.0845	200
3008	15.8948	3.71594	19.8226	200
3009	16.5712	3.65787	19.6194	200
3010	14.5337	3.83635	19.3015	200
3011	15.1438	3.87651	19.0417	200
3012	13.424	4.09416	18.6906	200
3013	13.3886	4.24514	18.3592	200
3014	19.2307	3.82344	18.4137	200
3015	19.2798	3.45378	18.4678	200
3016	20.7237	3.30404	18.6088	200
3017	19.5454	3.10676	18.6478	200
3018	18.9479	2.87287	18.6603	200
3019	14.4429	2.98491	18.4846	200
3020	14.4621	3.07138	18.317	200
3021	13.7639	3.19485	18.1273	200
3022	14.4523	3.23485	17.9742	200
3023	13.1164	3.37009	17.7717	200
3024	13.6638	3.43158	17.6006	200
3025	10.3979	3.74584	17.3005	200
3026	11.1018	3.95024	17.0422	200
3027	13.0123	3.95687	16.8743	200
3028	13.7211	3.8899	16.7429	200
3029	13.7768	3.83216	16.6502	200
3030	13.0668	3.81661	16.5382	200
3031	13.331	3.77852	16.438	200
3032	13.0631	3.7533	16.3325	200
3033	12.4649	3.76044	16.2117	200
3034	11.7568	3.80384	16.0725	200
3035	23.8758	4.05381	16.3163	200
3036	24.1167	4.28797	16.5601	200
3037	28.2881	4.75297	16.9266	200
3038	28.9472	5.2072	17.3022	200
3039	28.9307	5.60853	17.6656	200
3040	30.2856	6.04675	18.06	200
3041	34.6643	6.70659	18.5789	200
3042	34.8133	7.30208	19.0862	200
3043	32.2753	7.67003	19.4984	200
3044	32.6553	8.01296	19.9095	200
3045	34.853	8.44611	20.3765	200
3046	34.6194	8.73595	20.7326	200
3047	34.0086	8.96295	21.0645	200
3048	32.5724	9.0902	21.3522	200
3049	33.3981	9.23799	21.6533	200
3050	32.5444	9.32064	21.9256	200
3051	32.9559	9.40613	22.2013	200
3052	33.665	9.509	22.4879	200
3053	33.9126	9.60478	22.7736	200
3054	32.3214	9.60193	23.0122	200
3055	33.0136	9.6219	23.2623	200
3056	30.669	9.51114	23.4474	200
3057	34.0516	9.56579	23.7125	200
3058	34.142	9.60897	23.9733	200
3059	35.1635	9.68804	24.253	200
3060	35.7093	9.77645	24.5394	200
3061	33.9141	9.75636	24.7738	200
3062	48.4886	10.4543	25.3667	200
3063	48.2801	11.0772	25.9395	200
3064	48.4238	11.6476	26.5016	200
3065	49.0256	12.1914	27.0647	200
3066	49.7001	12.7136	27.6306	200
3067	49.7668	13.1062	28.0918	200
3068	46.1998	13.3146	28.469	200
3069	45.8335	13.4834	28.8308	200
3070	41.438	13.4469	29.0934	200
3071	39.3672	13.3146	29.3075	200
3072	40.8096	13.2391	29.5471	200
3073	48.2843	13.4682	29.9375	200
3074	48.4953	13.6803	30.3241	200
3075	48.9345	13.8857	30.7118	200
3076	48.3305	14.0412	31.0788	200
3077	48.976	14.2019	31.4517	200
3078	49.7014	14.3706	31.8319	200
3079	48.0248	14.4465	32.1693	200
3080	48.1838	14.5118	32.5029	200
3081	48.6057	14.5781	32.8384	200
3082	46.3533	14.5338	33.1199	200
3083	46.3422	14.4792	33.3954	200
3084	45.502	14.3803	33.6476	200
3085	51.7718	14.5363	34.0252	200
3086	51.3615	14.653	34.3864	200
3087	50.4818	14.7131	34.7217	200
3088	50.4966	14.7573	35.0503	200
3089	50.8483	14.8007	35.3795	200
3090	50.7501	14.8244	35.6997	200
3091	51.9412	14.8835	36.038	200
3092	52.5159	14.9404	36.3323	200
3093	53.3166	15.0134	36.6356	200
3094	55.1592	15.1388	36.9664	200
3095	55.2393	15.2507	37.2927	200
3096	55.2179	15.3462	37.6128	200
3097	54.592	15.4045	37.916	200
3098	55.9267	15.4976	38.2376	200
3103	52.8112	15.4646	38.4978	200
3104	52.9607	15.4288	38.7561	200
3105	54.3107	15.4333	39.0338	200
3106	55.1716	15.4585	39.322	200
3107	55.0737	15.469	39.6033	200
3108	55.8054	15.4951	39.8926	200
3109	58.547	15.608	40.2257	200
3110	59.8256	15.7505	40.5757	200
3111	62.0237	15.954	40.9587	200
3099	105.159	17.6771	42.1052	200
3100	107.847	19.3937	43.2791	200
3101	107.409	20.9914	44.4243	212.356
3102	111.696	22.6443	45.6256	226.78
3112	62.6294	22.4428	45.9292	225.472
3113	66.8196	22.3874	46.3023	225.401
3114	66.8437	22.3215	46.6691	225.241
3115	66.2596	22.2239	47.0189	224.81
3116	66.8498	22.1385	47.373	224.481
3117	68.1378	22.0894	47.7438	224.459
3118	68.3133	22.0351	48.1111	224.392
3119	65.3245	21.8629	48.4185	223.322
3120	66.1609	21.7157	48.7353	222.461
3121	64.084	21.5168	48.9752	221.109
3122	64.6397	21.3339	49.2199	219.891
3123	73.6229	21.4298	49.6012	221.04
3124	73.2958	21.5006	49.9714	221.976
3125	73.8506	21.5749	50.3446	222.944
3126	69.8975	21.5117	50.6501	222.744
3127	67.9269	21.3794	50.92	221.955
3128	68.8637	21.272	51.2004	221.376
3129	69.0208	21.1641	51.4788	220.792
3130	68.457	21.0333	51.7441	220.011
3131	66.8377	20.8477	51.98	218.762
3132	65.7606	20.6269	52.1953	217.21
3133	70.0605	20.5406	52.4744	216.799
3134	69.7402	20.4382	52.7442	216.25
3135	72.9349	20.4305	53.0597	216.504
3136	76.4169	20.522	53.4246	217.6
3137	75.8702	20.5821	53.7753	218.432
3138	76.5385	20.6502	54.131	219.333
3139	71.9318	20.5612	54.4092	218.899
3140	69.6475	20.3948	54.6473	217.806
3141	69.7477	20.2294	54.8832	216.718
3142	70.3981	20.0821	55.1256	215.782
3143	71.4426	19.9644	55.3806	215.096
3144	67.4805	19.7186	55.5696	213.319
3145	66.8087	19.4536	55.7452	211.374
3146	67.2795	19.2062	55.9255	209.575
3147	68.2303	18.9905	56.1177	208.042
3148	72.1618	18.8984	56.3684	207.556
3149	69.078	18.705	56.567	206.207
3150	70.9302	18.5693	56.7914	205.346
3151	69.1453	18.3751	56.9845	203.985
3153	68.8766	18.1725	57.1703	202.55
3154	68.3787	17.9549	57.3454	200.985
3155	65.6565	17.687	57.4608	200
3152	97.9611	18.3207	58.0233	204.589
3156	64.6185	17.995	58.1149	202.075
3157	64.9658	17.6854	58.2101	200
3158	67.5844	17.4546	58.3403	200
3159	66.0863	17.1849	58.4479	200
3160	65.5239	16.9041	58.5461	200
3161	67.7612	16.6905	58.6741	200
3162	67.7059	16.4778	58.7996	200
3163	68.2478	16.2825	58.9308	200
3164	66.8749	16.0509	59.0411	200
3165	65.7287	15.7908	59.134	200
3166	67.0412	15.5718	59.2438	200
3167	66.3411	15.3364	59.3424	200
3168	65.4325	15.0795	59.427	200
3169	64.8986	14.8127	59.503	200
3170	66.7044	14.6012	59.603	200
3171	69.0903	14.4592	59.7348	200
3172	69.5207	14.3294	59.8707	200
3173	47.6103	14.2719	59.7004	200
3174	48.2888	14.1924	59.5419	200
3175	50.2303	14.0569	59.4126	200
3176	50.9614	13.9011	59.2952	200
3177	52.5374	13.7027	59.2013	200
3178	57.1453	13.3792	59.1728	200
3179	59.2273	13.0091	59.1735	200
3180	60.6137	12.6877	59.1935	200
3181	60.7879	12.3796	59.2157	200
3182	60.8698	12.0816	59.2387	200
3183	61.3055	11.8034	59.2674	200
3184	57.8361	11.5153	59.2475	200
3185	59.8208	11.2114	59.2554	200
3186	60.7988	10.9428	59.2769	200
3187	61.9548	10.6845	59.3187	200
3188	63.3997	10.4782	59.3825	200
3189	62.3967	10.2116	59.4363	200
3190	63.0965	9.97763	59.5017	200
3191	62.819	9.70012	59.5708	200
3192	64.5937	9.50523	59.6754	200
3193	61.2633	9.10937	59.7151	200
3194	60.0453	8.67041	59.7234	200
3195	56.683	8.3889	59.6474	200
3196	55.1773	8.19296	59.5356	200
3197	53.2301	8.09859	59.378	200
3198	53.8883	7.96814	59.2407	200
3199	60.6222	7.63881	59.2753	200
3200	60.5993	7.32307	59.3084	200
3201	61.8922	7.08611	59.373	200
3202	62.6768	6.89699	59.4556	200
3203	60.4931	6.60402	59.4815	200
3204	58.7009	6.31285	59.462	200
3205	58.258	6.0574	59.4319	200
3206	59.0776	5.77225	59.423	200
3207	57.0478	5.6024	59.3636	200
3208	59.0796	5.33648	59.3565	200
3209	55.6841	5.26714	59.28	200
3210	50.3516	5.41969	59.094	200
3211	52.4118	5.4723	58.9548	200
3212	52.3894	5.51785	58.818	200
3213	50.8685	5.61916	58.6524	200
3214	51.0985	5.69978	58.495	200
3215	46.1254	5.97769	58.2373	200
3216	55.4858	5.84326	58.18	200
3217	54.6399	5.7473	58.1063	200
3218	53.0329	5.71922	58.0006	200
3219	55.1588	5.59933	57.9414	200
3220	55.4528	5.46971	57.8895	200
3221	56.6086	5.29518	57.8628	200
3222	56.6	5.12716	57.8365	200
3223	57.9081	4.91651	57.838	200
3224	59.379	4.77587	57.8701	200
3225	58.7328	4.61282	57.8881	200
3226	59.3521	4.48162	57.9186	200
3227	56.5474	4.35201	57.89	200
3228	58.86	4.21109	57.9102	200
3229	58.0867	4.04298	57.9139	200
3230	58.7214	3.90817	57.9307	200
3231	59.2845	3.80174	57.9589	200
3232	61.8202	3.80422	58.0394	200
3233	62.6716	3.83872	58.1359	200
3234	59.1344	3.73728	58.1537	200
3235	56.1506	3.67534	58.1179	200
3236	51.6599	3.77473	58.0026	200
3237	51.7136	3.86452	57.8903	200
3238	54.3527	3.85284	57.8271	200
3239	56.0017	3.78044	57.7945	200
3240	57.3835	3.6601	57.7872	200
3241	58.2846	3.54714	57.7961	200
3242	59.1257	3.46795	57.8198	200
3243	62.1377	3.4983	57.8969	200
3244	62.3666	3.53299	57.9767	200
3245	65.6051	3.67926	58.113	200
3246	66.7315	3.85566	58.2669	200
3247	68.0814	4.06848	58.4421	200
3248	70.035	4.3372	58.6491	200
3249	72.1104	4.66306	58.8895	200
3250	73.8904	5.03227	59.1574	200
3251	72.3822	5.32486	59.3935	200
3252	68.2898	5.45241	59.5524	200
3253	68.871	5.59048	59.7188	200
3254	60.8913	5.4327	59.7397	200
3255	62.6378	5.34217	59.7915	200
3256	62.6654	5.25402	59.8428	200
3257	62.0588	5.14552	59.8824	200
3258	58.3806	5.01538	59.8556	200
3259	57.0943	4.93488	59.8063	200
3260	58.1034	4.81945	59.7759	200
3261	61.3551	4.70373	59.8041	200
3262	60.7371	4.58589	59.8186	200
3263	61.1728	4.4849	59.8398	200
3264	60.786	4.37432	59.8546	200
3265	60.0221	4.24286	59.8572	200
3266	59.8528	4.1104	59.8571	200
3267	61.4904	4.03299	59.8826	200
3268	64.0725	4.03789	59.9481	200
3269	61.6806	3.96585	59.9752	200
3270	66.3137	4.04	60.0742	200
3271	65.6377	4.0876	60.1611	200
3272	63.2287	4.05573	60.2091	200
3273	62.6561	4.00545	60.2473	200
3274	64.0983	4.00063	60.3075	200
3275	65.4401	4.036	60.3877	200
3276	64.7183	4.04521	60.4553	200
3277	66.1827	4.09777	60.5448	200
3278	68.1522	4.20745	60.6637	200
3279	66.7734	4.26689	60.7592	200
3280	68.647	4.38005	60.8824	200
3281	70.195	4.53419	61.0279	200
3282	73.018	4.76718	61.2153	200
3283	72.7979	4.98017	61.3962	200
3284	72.2832	5.16475	61.5663	200
3285	65.2861	5.11959	61.6245	200
3286	61.224	4.97212	61.6182	200
3287	63.9093	4.88834	61.654	200
3288	63.5502	4.79483	61.6836	200
3289	63.4004	4.69864	61.7105	200
3290	57.887	4.67129	61.6507	200
3291	57.13	4.66659	61.5801	200
3292	56.5716	4.67727	61.5018	200
3294	57.2093	4.66525	61.4348	200
3293	59.2185	4.58872	61.4001	200
3295	58.6744	4.53697	61.3623	200
3296	59.1983	4.47105	61.3322	200
3297	57.8095	4.4447	61.2833	200
3298	60.5857	4.34062	61.2736	200
3299	59.3041	4.27475	61.2462	200
3300	60.0042	4.19051	61.229	200
3301	57.2294	4.18521	61.1734	200
3302	58.6139	4.14005	61.1379	200
3303	51.5902	4.29026	61.0053	200
3304	49.6881	4.48545	60.8481	200
3305	48.8431	4.72044	60.6605	200
3306	49.6657	4.91651	60.4887	200
3307	50.3301	5.10373	60.3073	200
3308	48.8382	5.33106	60.1025	200
3309	48.6239	5.58721	59.8634	200
3310	47.5325	5.8682	59.6065	200
3311	47.8521	6.16251	59.3126	200
3312	48.9256	6.37373	59.0529	200
3313	48.8489	6.56525	58.7978	200
3314	55.2484	6.41446	58.7091	200
3315	55.2022	6.26908	58.6214	200
3316	54.4691	6.16324	58.5176	200
3317	54.3462	6.06365	58.4133	200
3318	52.3748	6.06239	58.2624	200
3319	50.9294	6.12592	58.079	200
3320	52.3712	6.10502	57.9364	200
3321	65.7156	6.18873	58.1308	200
3322	55.9117	5.99025	58.0754	200
3323	55.2912	5.82994	58.0058	200
3324	48.3047	6.0235	57.7632	200
3325	49.0256	6.15921	57.5448	200
3326	51.1099	6.17299	57.3839	200
3327	52.0131	6.13288	57.2496	200
3328	50.5725	6.16009	57.0827	200
3329	49.937	6.20937	56.9041	200
3330	50.6885	6.20968	56.7487	200
3331	57.2193	5.92272	56.7604	200
3332	58.4266	5.7099	56.8021	200
3333	58.0204	5.52275	56.8275	200
3334	57.9443	5.33917	56.8507	200
3335	60.6923	5.27677	56.9308	200
3336	59.4891	5.1635	56.9841	200
3337	57.222	4.95827	56.989	200
3338	54.3864	4.86012	56.9348	200
3339	54.4552	4.74109	56.8728	200
3340	54.3613	4.62961	56.81	200
3341	58.4904	4.44529	56.8625	200
3342	58.6519	4.27929	56.9185	200
3343	58.7398	4.07446	56.9943	200
3344	59.4661	3.9409	57.0973	200
3345	59.4027	3.8046	57.1934	200
3346	58.7682	3.61879	57.259	200
3347	54.6733	3.5327	57.1513	200
3348	55.1737	3.4031	57.0689	200
3349	53.8876	3.38462	56.9363	200
3350	45.0989	4.08902	56.4431	200
3351	45.585	4.51208	56.1038	200
3352	43.715	5.00438	55.7166	200
3353	45.5096	5.32954	55.3977	200
3354	46.3216	5.5637	55.114	200
3355	44.9141	5.85347	54.7953	200
3356	45.0473	6.09687	54.4907	200
3358	48.8436	6.06876	54.3142	200
3357	49.638	5.98172	54.1681	200
3359	52.414	5.7175	54.1132	200
3360	53.6203	5.39096	54.0978	200
3361	52.4248	5.15859	54.0455	200
3362	52.4498	4.93591	53.9957	200
3363	53.007	4.68921	53.9648	200
3364	53.647	4.41599	53.9549	200
3365	44.9445	4.70314	53.6733	200
3366	45.3755	4.92781	53.414	200
3367	46.0405	5.08066	53.1836	200
3368	42.8472	5.34344	52.9251	200
3369	41.552	5.64493	52.6408	200
3370	40.7344	5.958	52.3432	200
3371	39.9399	6.28027	52.0331	200
3372	39.4739	6.59421	51.7191	200
3373	36.6558	7.01767	51.3425	200
3374	35.7794	7.44494	50.9534	200
3375	35.9232	7.8242	50.5777	200
3376	36.5978	8.13198	50.2282	200
3377	38.8217	8.29571	49.943	200
3378	39.9873	8.37871	49.6941	200
3379	40.6551	8.41173	49.4681	200
3380	41.3524	8.39692	49.2652	200
3381	41.3575	8.37246	49.0676	200
3382	41.2488	8.34478	48.8721	200
3383	40.6732	8.33748	48.6671	200
3384	32.2245	8.74273	48.256	200
3385	32.8667	9.07506	47.8713	200
3386	32.8033	9.37471	47.4946	200
3387	31.4667	9.70737	47.0939	200
3388	32.2726	9.96307	46.7234	200
3389	32.3147	10.1483	46.4232	200
3390	32.0723	10.3234	46.1242	200
3391	34.303	10.3858	45.8779	200
3392	34.3143	10.4349	45.637	200
3393	34.4507	10.4662	45.404	200
3394	36.368	10.4066	45.2157	200
3400	17.0197	11.1478	44.6283	200
3401	16.5054	11.8551	44.0424	200
3404	12.3537	12.6815	43.3822	200
3402	17.2073	13.2438	42.8369	200
3403	15.8044	13.8183	42.2738	200
3405	15.0678	14.3761	41.707	200
3406	13.7725	14.941	41.125	200
3395	35.8639	14.5377	41.0154	200
3407	14.4301	15.0397	40.4615	200
3396	37.3	14.5448	40.3957	200
3408	17.0645	14.9109	39.9096	200
3409	17.9152	15.206	39.4514	200
3410	20.1631	15.3761	39.0495	200
3397	42.7953	14.8915	39.1276	200
3398	43.2968	14.4447	39.2144	200
3411	20.7035	14.6142	38.8288	200
3412	21.2415	14.738	38.4624	200
3413	21.9294	14.8128	38.118	200
3399	46.7382	14.5548	38.2975	200
3414	22.1985	14.61	38.0101	200
3415	20.6897	14.7068	37.7008	200
3416	21.8068	14.7492	37.4169	200
3417	20.5975	14.8231	37.1166	200
3418	20.857	14.8744	36.8262	200
3419	22.0963	14.8692	36.5632	200
3420	22.1955	14.8513	36.3066	200
3421	22.8939	14.7999	36.0671	200
3422	22.8815	14.7423	35.8317	200
3423	23.7145	14.6485	35.6153	200
3424	24.3068	14.5292	35.4134	200
3425	24.2461	14.4092	35.2139	200
3426	24.2567	14.2859	35.0183	200
3427	24.8074	14.1404	34.8359	200
3428	25.7182	13.961	34.6731	200
3429	23.4293	13.8639	34.4723	200
3430	27.2867	13.6254	34.344	200
3431	27.0557	13.3991	34.2139	200
3432	28.1996	13.1354	34.1065	200
3433	26.8555	12.9252	33.977	200
3434	26.1031	12.7448	33.8364	200
3435	26.4367	12.5539	33.7042	200
3436	28.2903	12.2989	33.6076	200
3437	28.7842	12.0319	33.5214	200
3438	28.139	11.7944	33.4253	200
3439	28.762	11.5397	33.342	200
3440	29.524	11.264	33.2739	200
3441	30.414	10.9638	33.2228	200
3442	30.9953	10.6518	33.183	200
3443	30.0506	10.4168	33.1341	200
3444	31.5999	10.1392	33.1101	200
3445	28.1574	9.97717	33.0327	200
3446	27.424	9.84065	32.9451	200
3447	26.1672	9.73126	32.824	200
3448	28.9182	9.52322	32.7543	200
3449	30.1493	9.23496	32.7	200
3450	33.4911	8.88313	32.7165	200
3451	33.6981	8.48805	32.741	200
3452	33.0129	8.07724	32.7478	200
3453	31.8072	7.63121	32.7184	200
3454	33.3508	7.19378	32.7382	200
3455	33.4144	6.78643	32.7593	200
3456	32.9834	6.37628	32.7663	200
3457	33.912	6.04936	32.8021	200
3458	35.8261	5.86027	32.8966	200
3459	37.8207	5.80176	33.0505	200
3460	40.0487	5.87654	33.2692	200
3461	41.4182	6.01856	33.5239	200
3462	22.7355	6.31668	33.1867	200
3463	24.0218	6.45909	32.9576	200
3464	22.9783	6.6351	32.7081	200
3465	24.0441	6.73654	32.4915	200
3466	26.0559	6.7215	32.3306	200
3467	26.4692	6.67849	32.1841	200
3468	27.657	6.57092	32.0709	200
3469	31.0026	6.29579	32.0442	200
3470	31.8364	5.99139	32.039	200
3471	30.2118	5.78318	31.9933	200
3472	31.7392	5.50673	31.987	200
3473	49.8466	6.12437	32.4335	200
3474	50.5984	6.7264	32.8876	200
3475	49.796	7.2355	33.3103	200
3476	50.4019	7.72831	33.7376	200
3477	54.2612	8.36807	34.2507	200
3478	53.7878	8.92652	34.7391	200
3479	49.7236	9.22942	35.1137	200
3480	50.3168	9.5281	35.4938	200
3481	49.8739	9.7707	35.8533	200
3482	50.3012	10.0046	36.2145	200
3483	54.4928	10.4182	36.6714	200
3484	36.4174	9.78298	36.6635	200
3485	39.7862	9.36671	36.7611	200
3486	40.7282	8.91675	36.9264	200
3487	51.743	9.4084	37.5437	200
3488	46.9565	9.40876	37.9359	200
3489	47.003	9.38029	38.3137	200
3490	46.9682	9.3198	38.6743	200
3491	44.05	8.99112	38.8983	200
3492	46.949	8.91274	39.2338	200
3493	33.0576	8.6847	38.9764	200
3494	43.6379	8.34943	39.1707	200
3495	44.0709	8.062	39.3748	200
3496	45.6332	7.9117	39.6356	200
3497	44.2552	7.70594	39.78	200
3498	42.8462	7.41596	39.8758	200
3499	40.5001	6.99148	39.8953	200
3500	25.5814	7.44913	39.448	200
3501	36.3442	7.17755	39.351	200
3502	38.4824	6.78323	39.3238	200
3503	37.6056	6.46667	39.2701	200
3504	38.3691	6.11882	39.242	200
3505	39.0388	5.74909	39.2356	200
3506	40.6634	5.47901	39.2803	200
3507	38.771	5.1684	39.2643	200
3508	41.99	5.01573	39.3495	200
3509	26.7355	5.49062	38.9553	200
3510	29.71	5.72529	38.6664	200
3511	31.1328	5.83831	38.431	200
3512	30.968	5.93985	38.1978	200
3513	33.7287	5.86631	38.086	200
3514	38.0776	5.57342	38.0858	200
3515	37.1862	5.33973	38.0633	200
3516	37.7802	5.0869	38.0563	200
3517	40.4381	4.95164	38.1158	200
3518	39.3291	4.76473	38.1461	200
3519	54.8133	5.35985	38.5628	200
3520	62.9923	6.31333	39.1736	200
3521	63.862	7.23208	39.7908	200
3522	65.8695	8.17442	40.4427	200
3523	65.9943	9.04328	41.0815	200
3524	69.851	10.0296	41.8008	200
3525	69.1885	10.8975	42.4855	200
3526	67.8782	11.6223	43.1203	200
3527	64.0537	12.0878	43.6436	200
3528	59.6557	12.284	44.0439	200
3529	45.5895	11.7471	44.0825	200
3530	51.1176	11.5115	44.2584	200
3531	56.6399	11.555	44.568	200
3532	56.6026	11.579	44.8688	200
3533	58.1359	11.6634	45.2005	200
3534	59.9877	11.7935	45.5086	200
3535	61.9394	11.9868	45.8509	200
3536	63.9479	12.2414	46.2279	200
3537	65.2136	12.5224	46.6234	200
3538	68.5697	12.915	47.0806	200
3539	70.1486	13.3381	47.5612	200
3540	67.3762	13.6079	47.974	200
3541	62.588	13.6499	48.2785	200
3542	65.4329	13.7959	48.6359	200
3543	64.5864	13.8857	48.9682	200
3544	64.0149	13.934	49.2817	200
3545	64.5942	13.9915	49.6007	200
3546	66.571	14.1156	49.9542	200
3547	55.2644	13.7487	50.0648	200
3548	53.9105	13.3361	50.145	200
3549	53.8325	12.9341	50.2218	200
3550	56.5479	12.6587	50.3536	200
3551	60.6273	12.5594	50.5676	200
3552	64.8099	12.6295	50.8643	200
3553	55.0646	12.2783	50.9518	200
3554	50.7458	11.7752	50.9475	200
3555	52.5125	11.3498	50.9801	200
3556	57.6338	11.1541	51.1188	200
3557	68.7692	11.4248	51.4865	200
3558	69.5111	11.6998	51.862	200
3559	64.8259	11.745	52.0935	200
3560	62.6966	11.7042	52.2828	200
3561	62.1382	11.6381	52.4588	200
3562	69.0867	11.8164	52.7557	200
3563	62.1699	11.7306	52.9239	200
3564	55.9987	11.4214	52.9788	200
3565	44.7903	11.306	52.8325	200
3566	44.9013	11.1854	52.6909	200
3567	59.3323	11.0231	52.8095	200
3568	68.1938	11.1789	53.0842	200
3569	67.5746	11.2972	53.343	200
3570	56.5299	11.0075	53.3999	200
3571	57.3176	10.7543	53.4698	200
3572	57.8795	10.5277	53.5486	200
3573	56.5671	10.2595	53.6025	200
3574	57.8589	10.0451	53.6785	200
3575	59.9736	9.9112	53.7909	200
3576	52.8859	9.58955	53.7747	200
3577	51.6909	9.32149	53.7375	200
3578	52.8927	9.01875	53.7224	200
3579	63.4018	9.04234	53.8953	200
3580	70.4269	9.30982	54.1905	200
3581	52.5446	9.0361	54.1611	200
3582	44.1562	9.0707	53.9825	200
3583	39.9936	9.24635	53.7326	200
3584	40.7095	9.38124	53.5001	200
3585	44.0023	9.3854	53.3305	200
3586	46.1762	9.30571	53.2027	200
3587	50.3715	9.07448	53.1522	200
3588	52.4351	8.81331	53.141	200
3589	55.0905	8.59882	53.1714	200
3590	55.6546	8.4077	53.2102	200
3591	55.8548	8.2276	53.2516	200
3592	64.7348	8.32934	53.431	200
3593	66.3202	8.47184	53.6324	200
3594	56.5367	8.29785	53.6778	200
3595	49.7119	8.14314	53.6069	200
3596	49.5266	7.99804	53.5341	200
3597	47.5305	7.91493	53.409	200
3598	47.644	7.82535	53.2889	200
3599	52.3966	7.4787	53.2666	200
3600	49.0012	7.31803	53.1599	200
3601	54.0673	6.91736	53.1883	200
3602	53.8741	6.52789	53.2097	200
3603	56.5171	6.32661	53.3131	200
3604	58.6899	6.26724	53.4811	200
3605	55.8055	6.02081	53.5537	200
3606	65.6573	6.40099	53.932	200
3607	66.9135	6.81227	54.3377	200
3608	67.2065	7.1908	54.7398	200
3609	66.515	7.47733	55.1078	200
3610	44.1732	7.69341	54.7661	200
3611	41.656	7.96424	54.4383	200
3612	39.6171	8.30709	54.0678	200
3613	41.5725	8.51651	53.7554	200
3614	40.965	8.7302	53.4356	200
3615	39.6416	8.98339	53.0908	200
3616	39.7075	9.20339	52.7562	200
3617	44.8518	9.13844	52.5586	200
3618	44.9782	9.06053	52.3691	200
3619	44.9095	8.98048	52.1826	200
3620	45.5942	8.86088	52.0179	200
3621	57.8908	8.71148	52.1647	200
3622	58.0443	8.56988	52.3117	200
3623	53.3762	8.19461	52.3383	200
3624	54.0385	7.86989	52.3808	200
3625	43.4331	7.92378	52.1571	200
3626	42.1317	8.02886	51.9065	200
3627	37.3629	8.43603	51.452	200
3628	38.3535	8.72744	51.0427	200
3629	38.0916	9.07941	50.503	200
3630	37.9646	9.36766	49.9806	200
3631	38.6976	9.52727	49.5105	200
3632	36.6614	9.80409	48.9751	200
3633	36.5724	10.0206	48.4583	200
3634	37.0083	10.1398	47.9812	200
3635	37.0346	10.207	47.5251	200
3636	39.425	10.0314	47.1876	200
3637	49.5872	9.39543	47.2876	200
3638	41.9933	9.05367	47.067	200
3639	44.023	8.55287	46.9402	200
3640	42.0686	8.24609	46.7372	200
3641	45.5365	7.65897	46.6872	200
3642	47.1579	7.20971	46.7019	200
3643	37.0972	7.35939	46.4017	200
3644	38.1369	7.41598	46.1435	200
3645	38.9725	7.40066	45.9194	200
3646	38.8096	7.38248	45.6972	200
3647	44.1673	7.01669	45.6494	200
3648	45.5119	6.58674	45.6451	200
3649	49.9015	6.4411	45.7781	200
3650	47.6063	6.15279	45.8352	200
3651	38.6958	6.21446	45.6121	200
3652	36.3687	6.40376	45.3233	200
3653	34.8983	6.65509	44.9975	200
3654	36.607	6.76355	44.7353	200
3655	36.6077	6.8488	44.4813	200
3656	35.9849	6.95177	44.2158	200
3657	32.8949	7.22484	43.862	200
3658	34.2441	7.34449	43.6215	200
3659	40.5205	7.13232	43.544	200
3660	40.6537	6.92021	43.4718	200
3661	33.929	7.05134	43.2332	200
3662	34.1673	7.15207	43.0065	200
3663	32.5077	7.3194	42.7441	200
3664	33.1072	7.43528	42.5032	200
3665	31.0112	7.63811	42.2159	200
3666	32.4537	7.74431	41.9718	200
3667	37.392	7.58608	41.8573	200
3668	38.0275	7.39827	41.7616	200
3669	31.7372	7.52958	41.5109	200
3670	40.8093	7.18818	41.4934	200
3671	47.7807	7.14313	41.6506	200
3672	44.6466	6.93577	41.7255	200
3673	43.4392	6.67467	41.7683	200
3674	37.9733	6.53069	41.6735	200
3675	37.3654	6.41955	41.5658	200
3676	39.064	6.22366	41.5032	200
3677	35.9678	6.18925	41.3648	200
3678	37.2524	6.08541	41.262	200
3679	38.0319	5.96643	41.1947	200
3680	38.0534	5.84872	41.1293	200
3681	29.846	6.07516	40.8942	200
3682	27.437	6.38274	40.6138	200
3683	28.1158	6.63755	40.3535	200
3684	28.9499	6.83613	40.1159	200
3685	33.8406	6.81276	39.9852	200
3686	33.792	6.78694	39.8561	200
3687	34.1585	6.74156	39.7374	200
3688	33.8635	6.70541	39.6151	200
3689	40.6348	6.4685	39.6363	200
3690	43.5176	6.3607	39.7172	200
3691	41.2847	6.16099	39.7498	200
3692	42.8424	6.03313	39.8142	200
3693	42.624	5.89882	39.8728	200
3694	39.9219	5.65509	39.8738	200
3695	40.0572	5.4271	39.8776	200
3696	40.0774	5.2093	39.8818	200
3697	41.9512	5.07847	39.9249	200
3698	42.6079	4.97866	39.9808	200
3699	38.539	4.83128	39.9508	200
3700	41.9086	4.71156	39.9915	200
3701	34.5823	4.74063	39.8789	200
3702	33.0789	4.82643	39.7372	200
3703	35.8752	4.78625	39.6567	200
3704	35.8496	4.75128	39.5887	200
3705	34.4111	4.7665	39.4963	200
3706	32.3989	4.84975	39.3695	200
3707	28.2826	5.0725	39.1716	200
3708	29.5248	5.23587	38.9993	200
3709	30.1597	5.36457	38.8415	200
3710	30.3555	5.47605	38.6899	200
3711	32.5236	5.5007	38.5798	200
3712	34.5243	5.44909	38.5074	200
3713	32.3282	5.47516	38.397	200
3714	37.295	5.31897	38.3774	200
3715	44.7048	5.35499	38.4904	200
3716	44.6189	5.38262	38.5998	200
3717	45.39	5.43289	38.721	200
3718	45.5906	5.4842	38.8437	200
3719	45.517	5.52666	38.9629	200
3720	45.3607	5.55778	39.0771	200
3721	46.2351	5.61493	39.2049	200
3722	46.1862	5.66373	39.3296	200
3723	44.1789	5.63464	39.4162	200
3724	37.0497	5.51792	39.3739	200
3725	34.4194	5.4978	39.2855	200
3726	32.4106	5.54698	39.1627	200
3727	32.5099	5.58648	39.0439	200
3728	28.9424	5.74773	38.8635	200
3729	26.9166	5.96912	38.6502	200
3730	28.4074	6.12176	38.4673	200
3731	33.1635	6.09254	38.3726	200
3732	35.1006	5.97501	38.3044	200
3733	37.8242	5.74606	38.2944	200
3734	44.142	5.75114	38.4406	200
3735	48.293	5.9562	38.6869	200
3736	47.7068	6.14768	38.9688	200
3737	51.0157	6.51638	39.3452	200
3738	52.3656	6.92288	39.7521	200
3739	51.844	7.24594	40.13	200
3740	54.9021	7.71632	40.5916	200
3741	54.3899	8.09645	41.0228	200
3742	53.6753	8.3812	41.4182	200
3743	52.3534	8.54082	41.7599	200
3744	46.8294	8.32386	41.9183	200
3745	27.1797	8.72479	41.4578	200
3746	28.6609	8.97929	41.0579	200
3747	34.1096	8.85235	40.8407	200
3748	35.3889	8.63982	40.6704	200
3749	37.7016	8.35626	40.5961	200
3750	38.8968	8.02341	40.5537	200
3751	52.5562	8.22237	40.8537	200
3752	53.7686	8.45699	41.1766	200
3753	58.9768	8.92415	41.6216	200
3754	57.3783	9.26578	42.0155	200
3755	56.9187	9.54765	42.3881	200
3756	55.8009	9.74091	42.7234	200
3757	56.6985	9.95262	43.0728	200
3758	71.3931	10.871	43.7808	200
3759	70.1797	11.6474	44.4408	200
3760	71.044	12.3952	45.1058	200
3761	67.5131	12.8958	45.666	200
3762	69.7627	13.4558	46.2684	200
3763	66.0459	13.7719	46.7629	200
3764	55.0086	13.4956	46.969	200
3765	58.3519	13.39	47.2536	200
3766	65.5017	13.6329	47.7098	200
3767	67.1585	13.9237	48.196	200
3768	66.3099	14.1332	48.6489	200
3769	88.6547	15.4268	49.649	200
3772	77.3582	15.9386	50.2263	200
3773	74.4178	16.3512	50.8311	200
3774	72.4154	16.6129	51.3707	200
3775	80.1136	17.371	52.2689	200
3776	79.8368	18.0083	53.1304	200
3777	75.8477	18.4007	54.0769	201.283
3778	76.8282	18.7633	55.0249	205.131
3779	67.8738	18.2704	55.5603	201.724
3780	59.3587	17.0644	55.7186	200
3781	61.4025	16.116	55.9554	200
3782	33.8627	16.6141	55.0348	200
3783	35.8555	16.8279	54.2357	200
3784	31.727	17.3013	53.2978	200
3785	26.7971	18.0679	52.1936	200
3786	26.8385	18.5233	51.4013	200
3787	25.1377	19.0071	50.5806	202.637
3788	23.5574	19.5081	49.7361	205.801
3789	24.1713	19.8867	48.9372	208.03
3790	23.1083	20.258	48.13	210.194
3791	23.3271	20.5421	47.3549	211.692
3792	31.7858	20.2313	46.8684	208.719
3793	27.4502	20.1805	46.2616	207.705
3794	29.5991	19.9606	45.7409	205.426
3795	30.3275	19.6764	45.2592	202.67
3796	31.5208	19.3053	44.8299	200
3797	32.0348	18.8984	44.43	200
3798	30.3855	18.595	43.9912	200
3799	27.4613	18.4659	43.4746	200
3800	28.0626	18.2751	42.993	200
3801	27.6444	18.0922	42.5133	200
3802	41.9425	17.2161	42.4991	200
3803	36.3268	16.6639	42.3448	200
3804	50.7672	16.2518	42.5553	200
3805	45.2822	15.5756	42.6235	200
3806	48.7701	15.1041	42.7771	200
3807	48.7253	14.6463	42.9259	200
3808	47.3267	14.1341	43.0359	200
3809	46.5504	13.6031	43.1237	200
3810	47.2829	13.1309	43.2277	200
3811	47.509	12.6884	43.3347	200
3812	41.9888	12.1213	43.3011	200
3813	45.3523	11.6178	43.3524	200
3814	40.2888	11.1901	43.2758	200
3815	44.5651	10.695	43.308	200
3816	47.9754	10.3936	43.4247	200
3817	49.4938	10.1774	43.5764	200
3818	52.2231	10.1009	43.7926	200
3819	52.9383	10.0531	44.0212	200
3820	52.8767	9.99324	44.2426	200
3821	53.4328	9.95309	44.4724	200
3822	54.7504	9.97339	44.7936	200
3823	48.7255	9.5958	44.9164	200
3824	45.7921	8.86912	44.9529	200
3825	42.0043	8.37574	44.8301	200
3826	39.2096	8.14613	44.5959	200
3827	37.2637	8.0783	44.2904	200
3828	40.0622	7.75745	44.1142	200
3829	39.278	7.51401	43.9127	200
3830	39.283	7.27365	43.7198	200
3831	28.3998	7.94418	43.0814	200
3832	29.6828	8.39872	42.5232	200
3833	26.8381	9.00591	41.8696	200
3834	25.3192	9.63462	41.18	200
3835	25.4923	10.3913	40.1995	200
3836	27.5591	10.6724	39.4095	200
3837	27.3866	10.8412	38.6581	200
3838	25.4551	11.1364	37.8329	200
3839	26.3017	11.1858	37.1122	200
3840	12.2486	12.8955	35.5582	200
3841	13.1821	14.0806	34.1597	200
3842	17.8542	14.3587	33.1406	200
3843	20.0521	14.1999	32.3226	200
3844	18.4389	14.1604	31.4549	200
3845	19.2903	13.6614	29.9343	200
3846	29.5031	10.3539	29.8804	200
3847	25.4942	9.60792	29.6062	200
3848	17.2881	9.94669	28.8364	200
3849	14.5681	10.4869	27.9446	200
3850	15.2395	10.7642	27.1505	200
3851	13.7269	11.0966	26.3116	200
3852	15.1715	11.102	25.6153	200
3853	9.73692	11.6991	24.6229	200
3854	10.4834	12.0041	23.7392	200
3855	14.5376	11.6538	23.1641	200
3856	16.6011	11.2296	22.8906	200
3857	15.8039	10.8843	22.5953	200
3858	12.3089	10.8345	22.1667	200
3859	11.5643	10.8152	21.725	200
3860	8.20106	11.0409	21.1615	200
3861	9.70509	11.0755	20.6841	200
3862	8.2205	11.1912	20.1648	200
3863	11.1196	11.0124	19.7879	200
3864	19.7456	10.0982	19.7862	200
3865	20.4665	9.31336	19.8145	200
3866	21.8579	8.70753	19.8996	200
3867	27.9287	8.65099	20.2342	200
3868	29.9833	8.7425	20.6404	200
3869	29.5049	8.75012	20.9174	200
3870	27.5958	8.62064	21.1261	200
3871	19.2468	8.19931	21.0674	200
3872	20.727	7.70812	21.0567	200
3873	22.6723	7.2004	21.1241	200
3874	21.3483	6.61905	21.1334	200
3875	19.3089	6.01974	21.0194	200
3876	26.226	5.9181	21.3448	200
3877	32.3332	6.55189	22.0316	200
3878	30.6698	6.81269	22.5714	200
3879	29.7872	6.86307	23.0224	200
3880	26.5464	6.44569	23.2427	200
3881	27.933	6.29941	23.4381	200
3882	21.7749	5.91305	23.3688	200
3883	26.6496	5.6937	23.5055	200
3884	27.2291	5.52952	23.6607	200
3885	16.5887	5.65806	23.366	200
3886	19.699	5.49214	23.2132	200
3887	24.7657	5.16383	23.2779	200
3888	26.4475	4.99765	23.41	200
3889	25.7824	4.77888	23.5088	200
3890	29.8537	4.90937	23.7732	200
3891	32.0475	5.18978	24.1179	200
3892	30.1909	5.26338	24.371	200
3893	31.018	5.37869	24.6479	200
3894	29.3167	5.33432	24.7938	200
3895	26.2735	5.0934	24.8401	200
3896	23.5089	4.85826	24.7985	200
3897	24.9668	4.56514	24.8037	200
3898	23.3957	4.36782	24.7597	200
3899	28.3347	4.31827	24.8715	200
3900	35.9155	4.73863	25.2166	200
3901	38.5034	5.27289	25.6318	200
3902	37.1871	5.66554	25.9929	200
3903	38.638	6.10176	26.3881	200
3904	37.1621	6.39378	26.7247	200
3905	35.1453	6.52046	26.9879	200
3906	36.6507	6.71686	27.2898	200
3907	34.4612	6.74526	27.514	200
3908	26.7599	6.37081	27.4904	200
3909	26.0283	6.06401	27.4447	200
3910	26.6977	5.7317	27.4214	200
3911	24.5389	5.58924	27.3493	200
3912	24.8097	5.43675	27.2858	200
3913	24.9544	5.28149	27.2275	200
3914	24.9176	5.13291	27.1698	200
3915	27.6223	4.89889	27.1811	200
3916	29.0739	4.74859	27.2284	200
3917	30.5568	4.67758	27.3116	200
3918	40.3605	5.09614	27.6378	200
3919	40.4062	5.47976	27.957	200
3920	40.9838	5.8571	28.2827	200
3921	41.1318	6.2067	28.6039	200
3922	43.043	6.61832	28.9649	200
3923	43.5781	7.01806	29.3302	200
3924	40.0205	7.20167	29.5975	200
3925	35.1375	7.11859	29.736	200
3926	31.1128	6.83149	29.7704	200
3927	31.6453	6.58366	29.8173	200
3928	35.8424	6.55573	29.9679	200
3929	37.8095	6.62002	30.1639	200
3930	37.9618	6.67891	30.3589	200
3931	39.4944	6.80174	30.5873	200
3932	39.8583	6.90463	30.7804	200
3933	40.3998	7.01775	30.9808	200
3934	40.6112	7.12661	31.1815	200
3935	43.3165	7.33529	31.4343	200
3936	40.2802	7.39823	31.6186	200
3937	40.933	7.47808	31.8126	200
3938	42.2925	7.60315	32.0309	200
3939	36.8606	7.48759	32.1316	200
3940	35.4449	7.31367	32.2006	200
3941	36.0661	7.16999	32.2811	200
3942	35.2697	6.99576	32.3434	200
3943	36.6236	6.88262	32.4326	200
3944	35.4037	6.71964	32.4945	200
3945	38.2547	6.67966	32.6145	200
3946	37.4268	6.60185	32.7147	200
3947	41.7929	6.70503	32.9038	200
3948	43.3969	6.86287	33.1224	200
3949	42.0108	6.94726	33.3076	200
3950	39.306	6.90772	33.4326	200
3951	45.3625	7.11698	33.6811	200
3952	46.7554	7.3652	33.9535	200
3953	48.2347	7.65336	34.251	200
3954	48.3088	7.92021	34.5439	200
3955	47.4441	8.12771	34.8127	200
3956	50.2204	8.43104	35.1336	200
3957	50.2687	8.67047	35.4039	200
3958	45.991	8.73892	35.593	200
3959	46.9392	8.83204	35.7956	200
3960	41.3415	8.71468	35.8946	200
3961	40.5033	8.56804	35.9769	200
3962	41.2399	8.44999	36.0709	200
3963	40.5791	8.30922	36.1514	200
3964	44.1727	8.29893	36.2946	200
3965	44.8676	8.30872	36.4477	200
3966	52.4143	8.58221	36.7328	200
3967	52.9629	8.85535	37.0227	200
3968	53.7967	9.13816	37.3222	200
3969	51.8292	9.3299	37.5812	200
3970	52.6139	9.53357	37.8497	200
3972	51.1913	9.66957	38.0879	200
3973	52.8406	9.85111	38.3514	200
3974	57.8588	10.196	38.6997	200
3975	56.657	10.4732	39.0204	200
3976	56.5334	10.7246	39.3331	200
3977	56.4755	10.9538	39.6392	200
3978	48.5776	10.8818	39.7988	200
3979	49.3893	10.8357	39.9701	200
3980	44.4528	10.6088	40.0501	200
3981	46.9387	10.4759	40.1732	200
3982	51.463	10.505	40.3748	200
3983	53.5367	10.5999	40.6098	200
3984	54.0812	10.7024	40.8504	200
3985	55.3778	10.8391	41.1098	200
3986	55.5902	10.9691	41.3683	200
3987	53.5524	11.0071	41.5587	200
3988	54.1562	11.0568	41.7556	200
3989	57.4881	11.2029	42.0014	200
3990	57.8192	11.3471	42.2485	200
3991	59.5276	11.5325	42.5185	200
3992	59.5955	11.7057	42.7853	200
3993	57.163	11.7892	43.01	200
3994	57.303	11.8675	43.2333	200
3995	55.4621	11.8804	43.4517	200
3996	54.5028	11.8508	43.649	200
3997	55.0588	11.8324	43.8867	200
3998	55.1178	11.8073	44.1207	200
3999	54.5095	11.7364	44.3804	200
3971	162.608	17.061	47.3361	200
4000	52.9733	16.347	47.5123	200
4001	55.133	15.8016	47.7504	200
4002	54.5537	15.2392	47.963	200
4003	56.4176	14.8151	48.2272	200
4004	65.1254	14.9453	48.7553	200
4005	64.1208	14.9716	49.2355	200
4006	66.3112	15.1031	49.7691	200
4007	59.0524	14.7394	50.0592	200
4008	58.6723	14.3565	50.3284	200
4009	55.9365	13.919	50.4686	200
4010	56.3961	13.5195	50.6167	200
4011	56.3361	13.1295	50.7597	200
4012	57.2517	12.7976	50.922	200
4013	54.1655	12.3199	51.0031	200
4014	58.2225	12.0649	51.1836	200
4015	67.4402	12.2745	51.59	200
4016	66.0328	12.41	52.0414	200
4017	65.397	12.4691	52.4587	200
4020	50.9278	11.5576	52.3949	200
4021	50.9573	10.7142	52.335	200
4019	55.1717	10.0578	52.4532	200
4022	59.2452	9.78562	52.7362	200
4023	55.2799	9.18212	52.8422	200
4024	55.051	8.60102	52.9342	200
4025	68.0272	9.14201	53.5631	200
4026	69.2706	9.68913	54.2176	200
4027	53.3534	8.95372	54.1816	200
4028	47.7072	8.74711	53.9118	200
4029	49.5445	8.38212	53.7298	200
4030	32.3884	9.46206	52.8406	200
4031	31.9436	10.415	51.9699	200
4032	32.5782	11.163	51.1619	200
4033	32.6388	11.7764	50.3901	200
4034	33.48	12.0972	49.8617	200
4035	49.3773	11.3714	49.8465	200
4036	38.2701	11.3842	49.4848	200
4037	37.1414	11.4442	49.099	200
4038	37.7909	11.4357	48.7457	200
4039	37.1684	11.4445	48.3839	200
4040	55.2058	11.1556	48.5971	200
4041	54.6196	10.8348	48.7853	200
4042	37.9418	10.8353	48.4464	200
4043	34.4734	11.0314	48.0098	200
4044	36.6734	11.0505	47.6555	200
4045	36.035	11.0861	47.2923	200
4046	36.5777	11.0629	46.9575	200
4047	32.4437	11.2786	46.504	200
4048	35.0071	11.2922	46.1447	200
4049	35.4523	11.2547	45.8105	200
4050	34.6086	11.2521	45.5305	200
4051	34.8325	11.2244	45.263	200
4052	59.1658	11.3583	45.6106	200
4053	56.8538	11.3526	45.8917	200
4054	56.9413	11.3374	46.1679	200
4055	55.6516	11.2447	46.405	200
4056	53.0855	11.0165	46.572	200
4057	40.6061	10.764	46.4229	200
4058	45.0575	10.294	46.3887	200
4059	47.7238	9.8461	46.4221	200
4060	49.1827	9.49182	46.4911	200
4061	46.1386	9.03486	46.4823	200
4062	49.8712	8.75255	46.567	200
4063	50.5631	8.51473	46.6669	200
4064	51.2459	8.31794	46.7814	200
4065	52.6813	8.19704	46.9289	200
4066	52.8819	8.08484	47.0777	200
4067	54.5423	8.05382	47.2644	200
4068	53.1996	7.94789	47.4127	200
4069	53.75	7.86736	47.5712	200
4070	52.5385	7.74652	47.6746	200
4071	53.8978	7.68305	47.8043	200
4072	54.8016	7.65448	47.9501	200
4073	50.2749	7.43241	47.9985	200
4074	50.4573	7.22517	48.0497	200
4075	50.0532	7.0076	48.0915	200
4076	52.7008	6.90768	48.1875	200
4077	52.7148	6.80849	48.2818	200
4078	54.8357	6.79788	48.4184	200
4079	52.3162	6.67705	48.4996	200
4080	53.31	6.59927	48.5998	200
4081	55.7069	6.62043	48.7478	200
4082	54.8241	6.59775	48.8744	200
4083	52.6437	6.4799	48.953	200
4084	52.6317	6.36318	49.0296	200
4085	49.7679	6.12881	49.045	200
4086	49.2993	5.88404	49.0503	200
4087	50.4531	5.69733	49.0795	200
4088	46.2932	5.57603	49.0215	200
4089	46.4368	5.45139	48.9676	200
4090	45.747	5.35844	48.9005	200
4091	46.0849	5.25249	48.8419	200
4092	45.9568	5.15385	48.7817	200
4093	45.358	5.08176	48.7104	200
4094	45.9401	4.98545	48.6527	200
4095	47.5951	4.84517	48.6338	200
4096	46.7736	4.73856	48.6006	200
4097	45.2799	4.68792	48.5413	200
4098	38.7074	4.87171	48.3657	200
4099	40.071	4.99395	48.2176	200
4100	41.4995	5.05553	48.0976	200
4101	42.1951	5.08578	47.9922	200
4102	44.2308	5.03848	47.925	200
4103	46.2209	4.91939	47.8946	200
4104	45.7122	4.82165	47.8556	200
4105	45.5095	4.73323	47.8137	200
4106	48.0203	4.57157	47.8174	200
4107	48.6265	4.43719	47.8319	200
4108	50.8403	4.38617	47.8856	200
4109	51.402	4.3551	47.9484	200
4110	55.4611	4.46787	48.0825	200
4111	53.8882	4.51565	48.1862	200
4112	45.4344	4.45265	48.1371	200
4113	43.8063	4.44829	48.0597	200
4114	41.7265	4.51561	47.9466	200
4115	41.2378	4.59394	47.8268	200
4116	44.5649	4.54637	47.7686	200
4117	47.292	4.40102	47.7601	200
4118	46.5945	4.28547	47.7393	200
4119	48.0261	4.14266	47.7444	200
4120	46.889	4.02526	47.7291	200
4121	46.9378	3.90976	47.715	200
4122	47.8299	3.77423	47.717	200
4123	48.6638	3.67325	47.7339	200
4124	48.8156	3.59226	47.7508	200
4125	53.6743	3.66511	47.8434	200
4126	56.9207	3.83424	47.9852	200
4127	61.243	4.12873	48.1924	200
4128	63.1008	4.46559	48.4253	200
4129	63.302	4.79094	48.6578	200
4130	62.5718	5.07603	48.8752	200
4131	57.3642	5.18269	49.0078	200
4132	54.2287	5.18388	49.0894	200
4133	54.8226	5.20105	49.179	200
4134	52.7763	5.15093	49.2352	200
4135	55.7906	5.19482	49.3376	200
4136	63.811	5.48477	49.5638	200
4137	61.4239	5.684	49.7491	200
4138	62.6239	5.90872	49.9502	200
4139	64.6326	6.18289	50.1796	200
4140	65.9604	6.48283	50.4262	200
4141	59.8557	6.57491	50.5736	200
4142	60.8965	6.69203	50.7349	200
4143	58.9322	6.73907	50.8629	200
4144	57.8643	6.74727	50.9723	200
4145	58.0995	6.75914	51.0837	200
4146	60.2145	6.83326	51.2264	200
4147	64.8457	7.04532	51.4392	200
4148	69.5879	7.3923	51.7227	200
4149	70.1505	7.73716	52.0107	200
4150	70.2637	8.06578	52.2959	200
4151	68.0469	8.30594	52.542	200
4152	63.7791	8.39754	52.7176	200
4153	63.898	8.48451	52.8923	200
4154	63.0499	8.53679	53.051	200
4155	62.489	8.56496	53.1984	200
4156	63.0432	8.60495	53.3523	200
4157	60.2671	8.558	53.4483	200
4158	58.1844	8.45184	53.5141	200
4159	58.9438	8.36789	53.5895	200
4160	72.6643	8.6653	53.8544	200
4161	74.0216	8.9848	54.1345	200
4162	74.2693	9.29452	54.4142	200
4163	74.1321	9.58406	54.688	200
4164	72.012	9.79905	54.9286	200
4165	63.5155	9.76538	55.0479	200
4166	63.1164	9.71825	55.16	200
4167	63.6285	9.68353	55.2776	200
4168	62.3487	9.61097	55.3758	200
4169	58.8151	9.43953	55.4236	200
4170	58.7039	9.26844	55.4691	200
4171	59.0914	9.1116	55.5194	200
4172	58.5153	8.94172	55.561	200
4173	59.9021	8.81392	55.6213	200
4174	60.9654	8.71754	55.6955	200
4175	60.2149	8.60092	55.7583	200
4176	59.4433	8.46437	55.8095	200
4177	55.3366	8.24238	55.8029	200
4178	59.2001	8.10779	55.8501	200
4179	59.886	7.99469	55.9062	200
4180	63.1438	7.97366	56.0067	200
4181	64.6284	7.99166	56.1264	200
4182	70.859	8.17891	56.3311	200
4183	71.6726	8.37787	56.5441	200
4184	71.3281	8.55582	56.7495	200
4185	72.1786	8.74674	56.9638	200
4186	70.9695	8.89283	57.1583	200
4187	70.8748	9.02682	57.3488	200
4188	70.9754	9.15459	57.538	200
4189	69.8401	9.24202	57.7089	200
4190	70.3786	9.33723	57.8849	200
4191	72.6061	9.48678	58.0893	200
4192	73.5236	9.65199	58.3037	200
4193	77.7421	9.92384	58.5737	200
4194	81.1607	10.2404	58.856	200
4195	81.6613	10.5545	59.1411	200
4196	80.7512	10.8309	59.4112	200
4197	65.3918	10.7097	59.486	200
4198	63.9681	10.554	59.542	200
4199	66.8753	10.4735	59.6337	200
4200	67.4227	10.4063	59.731	200
4201	67.3391	10.3364	59.8261	200
4202	67.5301	10.2706	59.9224	200
4203	67.6174	10.2062	60.0186	200
4204	66.171	10.1048	60.0955	200
4205	69.5405	10.0884	60.2136	200
4206	69.5211	10.0688	60.3299	200
4207	70.7602	10.0779	60.4603	200
4208	71.8367	10.1103	60.6025	200
4209	75.2125	10.2228	60.7851	200
4210	73.7987	10.2926	60.9478	200
4211	72.4978	10.324	61.0922	200
4212	70.412	10.2989	61.2087	200
4213	71.0377	10.2872	61.3315	200
4214	70.1608	10.2507	61.4419	200
4215	68.7499	10.1772	61.5332	200
4216	70.8351	10.1553	61.6495	200
4217	66.4003	10.0202	61.7089	200
4218	68.1532	9.93076	61.7894	200
4219	62.8266	9.70842	61.8024	200
4220	64.1145	9.52351	61.8313	200
4221	66.5301	9.40289	61.89	200
4222	65.6506	9.26183	61.9371	200
4223	66.2766	9.13878	61.9913	200
4224	67.661	9.05205	62.0622	200
4225	70.4614	9.03573	62.1672	200
4226	72.7759	9.07506	62.2998	200
4227	72.499	9.10316	62.4273	200
4228	74.4693	9.17663	62.5778	200
4229	76.1893	9.2875	62.7479	200
4230	76.1518	9.39041	62.9155	200
4231	78.149	9.53648	63.1059	200
4232	77.4808	9.65744	63.2856	200
4233	77.6066	9.77403	63.4646	200
4234	78.8994	9.91555	63.6575	200
4235	79.0566	10.0402	63.8325	200
4236	79.5909	10.1701	64.0116	200
4237	77.582	10.2474	64.1658	200
4238	82.1646	10.4236	64.3703	200
4239	80.1532	10.5454	64.5497	200
4240	79.5028	10.6456	64.7196	200
4241	76.1981	10.6645	64.85	200
4242	69.7606	10.5337	64.9058	200
4243	69.6799	10.4028	64.9601	200
4244	71.8509	10.323	65.0384	200
4245	71.3195	10.2311	65.1098	200
4246	71.9475	10.154	65.1875	200
4247	69.6906	10.0256	65.2386	200
4248	71.2648	9.93469	65.3071	200
4249	70.7075	9.83163	65.3685	200
4250	67.4232	9.65489	65.3918	200
4251	66.7837	9.46709	65.4076	200
4252	73.2465	9.43008	65.4967	200
4253	77.2101	9.48198	65.6298	200
4254	79.2148	9.57522	65.7842	200
4255	80.0744	9.68238	65.9466	200
4256	81.4351	9.81434	66.1226	200
4257	80.5895	9.92008	66.287	200
4258	80.6335	10.0207	66.45	200
4259	84.1817	10.1959	66.6515	200
4260	78.6606	10.2371	66.788	200
4261	79.1089	10.2845	66.928	200
4262	77.9186	10.3005	67.0529	200
4263	78.0126	10.3155	67.1774	200
4264	75.1215	10.2616	67.2677	200
4265	74.6159	10.1954	67.3512	200
4266	71.8964	10.067	67.4029	200
4267	72.4253	9.95235	67.4599	200
4268	69.1552	9.76469	67.4792	200
4269	73.8497	9.68755	67.5516	200
4270	72.4447	9.57858	67.6072	200
4271	73.6724	9.49873	67.6761	200
4272	71.4159	9.36785	67.7186	200
4273	72.6561	9.26716	67.7747	200
4274	66.9829	9.07454	67.7657	200
4275	65.7426	8.91428	67.7427	200
4276	63.6394	8.80494	67.6961	200
4277	62.0748	8.73258	67.6322	200
4278	64.3619	8.60844	67.5951	200
4279	66.3534	8.44101	67.5809	200
4280	65.5283	8.30792	67.5596	200
4281	65.5122	8.17749	67.5382	200
4282	62.8153	8.10552	67.489	200
4283	80.1635	8.20071	67.6211	200
4284	79.7277	8.28208	67.7472	200
4285	79.4147	8.35261	67.8687	200
4286	77.4226	8.37764	67.9682	200
4287	74.4515	8.33817	68.0358	200
4288	75.2028	8.31377	68.1104	200
4289	75.0728	8.28562	68.1829	200
4290	73.9594	8.23334	68.2431	200
4291	69.8065	8.09439	68.2594	200
4292	65.8787	7.97535	68.2346	200
4293	64.4068	7.88894	68.1947	200
4294	68.3665	7.72817	68.1965	200
4295	69.4537	7.59336	68.2096	200
4296	66.9942	7.46048	68.1969	200
4297	68.3212	7.30764	68.1982	200
4298	64.9798	7.22245	68.1647	200
4299	65.0291	7.13731	68.1321	200
4300	64.3797	7.06679	68.093	200
4301	62.1785	7.04278	68.0314	200
4302	60.9895	7.04276	67.9513	200
4303	61.5072	7.02916	67.8781	200
4304	63.3662	6.96622	67.8217	200
4305	62.9675	6.91342	67.761	200
4306	63.658	6.83535	67.704	200
4307	60.7739	6.83799	67.6078	200
4308	60.3039	6.85255	67.4937	200
4309	60.2039	6.86621	67.3798	200
4310	62.0868	6.81002	67.2852	200
4311	63.0013	6.71981	67.2087	200
4312	63.52	6.59351	67.1319	200
4313	63.5986	6.466	67.0583	200
4314	63.623	6.33972	66.9867	200
4315	65.9752	6.11772	66.9656	200
4316	71.7229	6.06103	67.0647	200
4317	72.1677	6.02111	67.1711	200
4318	69.1676	5.85342	67.2127	200
4319	67.811	5.63446	67.2251	200
4320	67.5358	5.41263	67.2316	200
4321	68.1999	5.22745	67.2518	200
4322	68.0497	5.04289	67.2684	200
4323	69.5462	4.94414	67.3091	200
4324	70.0533	4.86557	67.3581	200
4325	61.521	4.90026	67.2538	200
4326	62.0393	4.91149	67.1607	200
4327	65.9418	4.77961	67.1389	200
4328	63.4437	4.74088	67.073	200
4329	62.2066	4.74536	66.9861	200
4330	61.4163	4.77481	66.8866	200
4331	58.454	4.90544	66.736	200
4332	63.4027	4.84929	66.6765	200
4333	65.4977	4.7182	66.6554	200
4334	64.1872	4.63785	66.6114	200
4335	64.8614	4.53471	66.5801	200
4336	65.6458	4.40612	66.5634	200
4337	65.489	4.28713	66.5442	200
4338	66.2274	4.14533	66.5386	200
4339	61.9944	4.15958	66.4574	200
4340	62.1988	4.16312	66.3814	200
4341	59.0055	4.27786	66.2497	200
4342	58.8613	4.38895	66.1177	200
4343	66.5281	4.24686	66.1251	200
4344	69.8496	4.2282	66.1916	200
4345	70.5984	4.23458	66.2703	200
4346	67.7516	4.13625	66.2967	200
4347	67.109	4.01753	66.3112	200
4348	64.9462	3.9228	66.2869	200
4349	64.8701	3.8333	66.2616	200
4350	64.7764	3.74944	66.235	200
4351	68.2774	3.68847	66.2715	200
4352	67.4907	3.61131	66.2906	200
4353	70.0292	3.61529	66.349	200
4354	58.2537	3.75528	66.2225	200
4355	57.5717	3.90827	66.0873	200
4356	57.2472	4.06238	65.9492	200
4357	58.0459	4.18241	65.8257	200
4358	59.3916	4.25277	65.7252	200
4359	58.5906	4.34283	65.6137	200
4360	61.8899	4.32072	65.5472	200
4361	60.607	4.34284	65.459	200
4362	59.9284	4.39233	65.3437	200
4363	58.4987	4.49452	65.2011	200
4364	65.4636	4.28292	65.2077	200
4365	66.1298	4.11488	65.2308	200
4366	64.3264	3.91423	65.2025	200
4367	67.1798	3.79317	65.2643	200
4368	66.732	3.64782	65.3101	200
4369	65.5229	3.43313	65.3168	200
4370	61.4153	3.4624	65.1949	200
4371	61.3283	3.48766	65.074	200
4372	60.7909	3.53738	64.9402	200
4373	60.1146	3.61789	64.7894	200
4374	47.2442	4.48835	64.2411	200
4375	45.8652	5.35632	63.6669	200
4376	44.8852	6.02759	63.1973	200
4377	44.8863	6.64176	62.7395	200
4379	42.1389	7.3397	62.2245	200
4380	42.9152	7.93818	61.7418	200
4381	43.5191	8.4524	61.2862	200
4382	43.4702	8.92058	60.8408	200
4383	51.6883	8.93218	60.612	200
4384	40.386	9.49687	60.1064	200
4385	40.9112	9.98179	59.6265	200
4386	39.3651	10.4958	59.1199	200
4387	39.3071	10.9616	58.6246	200
4388	32.6352	11.9009	57.8125	200
4389	32.6671	12.7286	57.0267	200
4390	35.5247	13.4597	56.1307	200
4391	35.5323	14.0546	55.2725	200
4392	37.3874	14.3738	54.5273	200
4393	44.4378	14.0168	54.1069	200
4394	46.6102	13.4735	53.7945	200
4395	48.0355	12.8306	53.5545	200
4396	51.7024	11.9157	53.4774	200
4397	39.8625	12.0573	52.9101	200
4398	53.8988	11.1349	52.9513	200
4399	51.9159	10.2933	52.9081	200
4400	52.6176	9.45974	52.896	200
4401	53.1232	8.69036	52.9055	200
4402	52.4544	8.00375	52.8867	200
4403	63.0885	8.14113	53.2055	200
4404	51.0367	7.76786	53.1377	200
4405	55.3259	7.41913	53.2061	200
4406	55.8055	7.1179	53.2873	200
4407	56.8339	6.89469	53.3982	200
4408	56.5261	6.65927	53.4959	200
4409	58.0184	6.52571	53.6373	200
4410	55.92	6.26053	53.7086	200
4411	62.9765	6.44849	53.9982	200
4412	62.6286	6.58486	54.2679	200
4413	62.1102	6.66345	54.513	200
4414	62.8445	6.76771	54.7733	200
4415	66.8803	7.10141	55.1517	200
4416	61.4641	7.0521	55.3489	200
4417	62.8209	7.07834	55.5824	200
4418	65.4795	7.25451	55.8917	200
4419	62.1341	7.2039	56.0478	200
4420	57.8922	6.93593	56.0939	200
4421	59.1634	6.74261	56.1706	200
4422	62.6721	6.73055	56.3332	200
4423	63.2152	6.73812	56.5052	200
4424	61.3049	6.6412	56.6252	200
4425	64.6588	6.71082	56.8261	200
4426	63.1769	6.69282	56.9848	200
4427	61.58	6.58794	57.0997	200
4428	61.7777	6.49244	57.2167	200
4429	59.2315	6.26856	57.267	200
4430	60.5984	6.1217	57.3503	200
4431	57.7981	5.838	57.3615	200
4432	56.4429	5.59203	57.3385	200
4433	58.8603	5.38852	57.3766	200
4434	58.193	5.15991	57.397	200
4435	55.5729	4.99312	57.3514	200
4436	57.1816	4.75195	57.3471	200
4437	60.844	4.6892	57.4346	200
4438	61.4411	4.65507	57.5347	200
4439	62.6152	4.67279	57.6406	200
4440	62.8346	4.69451	57.7488	200
4441	65.7152	4.83084	57.9147	200
4442	66.5355	4.98876	58.0943	200
4443	63.7828	5.01791	58.2129	200
4444	63.6623	5.03589	58.3264	200
4445	64.8804	5.09914	58.4629	200
4446	70.9729	5.40793	58.7235	200
4447	69.5496	5.63368	58.9491	200
4448	66.0462	5.69466	59.0969	200
4449	66.8408	5.78004	59.2583	200
4450	67.5734	5.88567	59.4315	200
4451	67.489	5.97616	59.5994	200
4452	66.5522	6.01686	59.7442	200
4453	54.7694	5.97344	59.6406	200
4454	54.9521	5.9199	59.5429	200
4455	56.6359	5.79436	59.4823	200
4456	59.3913	5.55672	59.4804	200
4457	60.7348	5.37745	59.5066	200
4458	58.2638	5.20517	59.4807	200
4459	59.1976	5.00009	59.4748	200
4460	58.3633	4.83806	59.4516	200
4461	57.5081	4.71745	59.4111	200
4462	58.9459	4.54028	59.4014	200
4463	60.3535	4.39077	59.4213	200
4464	60.2811	4.26466	59.4366	200
4465	61.5136	4.18653	59.4737	200
4466	63.5668	4.18319	59.5468	200
4467	62.1527	4.12685	59.5933	200
4468	62.9162	4.09814	59.6527	200
4469	56.1915	4.07539	59.5909	200
4470	55.4264	4.07857	59.5165	200
4471	55.9484	4.06034	59.4528	200
4472	60.0247	3.93576	59.463	200
4473	60.7737	3.842	59.4864	200
4474	60.8472	3.75339	59.5107	200
4475	59.2865	3.62734	59.5067	200
4476	59.2715	3.50619	59.5025	200
4477	59.9547	3.39712	59.5106	200
4478	60.1284	3.29786	59.5216	200
4479	61.4396	3.24858	59.5559	200
4480	59.518	3.13391	59.5552	200
4481	60.5912	3.05899	59.5737	200
4482	58.6872	2.9814	59.5578	200
4483	58.0463	2.9289	59.5309	200
4484	59.5061	2.82518	59.5304	200
4485	59.5812	2.7261	59.5313	200
4486	58.2177	2.67565	59.5079	200
4487	58.6288	2.61149	59.4922	200
4488	59.1892	2.52904	59.4868	200
4489	59.3556	2.4434	59.4844	200
4490	58.5681	2.38886	59.468	200
4491	58.921	2.32308	59.4583	200
4492	59.5093	2.24194	59.4592	200
4493	58.5974	2.19881	59.4457	200
4494	57.5914	2.18804	59.4167	200
4495	56.7779	2.20213	59.3755	200
4496	54.993	2.27027	59.307	200
4497	55.7266	2.31121	59.2511	200
4498	56.1003	2.33745	59.2019	200
4499	51.9241	2.49183	59.0881	200
4500	58.6448	2.42781	59.0812	200
4501	56.2213	2.44132	59.0365	200
4502	56.1119	2.45642	58.9908	200
4503	56.6503	2.4528	58.9543	200
4504	57.5327	2.42058	58.932	200
4505	57.6657	2.3845	58.9123	200
4506	58.6429	2.3184	58.9081	200
4507	58.7172	2.25192	58.9051	200
4508	62.9467	2.30785	58.9682	200
4509	63.1536	2.36652	59.0336	200
4510	59.3766	2.30328	59.039	200
4511	54.4222	2.37558	58.9668	200
4512	57.2145	2.3561	58.9395	200
4513	59.2296	2.29154	58.944	200
4514	61.9229	2.31302	58.9905	200
4515	61.3598	2.31478	59.0276	200
4516	53.0855	2.42813	58.9347	200
4517	51.0057	2.60003	58.8108	200
4518	51.0462	2.76142	58.6895	200
4519	50.6387	2.92672	58.5637	200
4520	54.7727	2.95372	58.5045	200
4521	56.1447	2.93516	58.4676	200
4522	58.7351	2.8518	58.4718	200
4523	59.3082	2.78882	58.4848	200
4524	60.6224	2.76846	58.5182	200
4525	61.2613	2.76767	58.5611	200
4526	61.2946	2.76672	58.5991	200
4527	63.3755	2.82254	58.6654	200
4528	63.4647	2.87745	58.7321	200
4529	62.6413	2.90611	58.7864	200
4530	59.169	2.83602	58.7917	200
4531	55.9739	2.83551	58.7525	200
4532	58.681	2.75873	58.7515	200
4533	55.2906	2.77824	58.7035	200
4535	56.8615	2.75223	58.6779	200
4536	57.1217	2.719	58.6563	200
4537	53.0224	2.79997	58.578	200
4538	53.1409	2.87323	58.5025	200
4539	55.4502	2.8782	58.4601	200
4540	55.7275	2.87416	58.4222	200
4534	81.0649	3.49192	58.776	200
4541	63.0901	3.51762	58.8434	200
4542	65.3081	3.62287	58.9588	200
4543	66.8109	3.77392	59.099	200
4544	67.2528	3.95641	59.2689	200
4545	66.507	4.09315	59.4197	200
4546	67.8802	4.31151	59.6312	200
4547	67.9344	4.5111	59.8388	200
4548	67.9106	4.68913	60.0406	200
4549	68.5275	4.87902	60.2527	200
4550	65.7255	4.90871	60.3896	200
4551	62.291	4.75834	60.4371	200
4552	64.8289	4.74002	60.5469	200
4553	64.6574	4.70854	60.6496	200
4554	63.4859	4.61492	60.7206	200
4555	62.0666	4.45148	60.7542	200
4556	60.6405	4.23459	60.7514	200
4557	61.2317	4.04687	60.7634	200
4558	62.6423	3.93847	60.8103	200
4559	68.2405	4.11306	60.9961	200
4560	68.2364	4.26942	61.1771	200
4561	64.1018	4.20218	61.2502	200
4562	60.5835	4.02541	61.2336	200
4563	60.581	3.85677	61.2172	200
4564	65.681	3.88712	61.3288	200
4565	65.4912	3.90088	61.4329	200
4566	67.5351	4.01095	61.5854	200
4567	69.5629	4.17622	61.7516	200
4568	71.8405	4.42257	61.9618	200
4569	70.4899	4.59363	62.1395	200
4570	68.2866	4.65836	62.2676	200
4571	68.2619	4.71402	62.3924	200
4572	66.8675	4.70407	62.4857	200
4573	65.535	4.63512	62.5492	200
4574	68.2569	4.67981	62.6681	200
4575	63.3611	4.51369	62.6825	200
4576	63.6732	4.3669	62.7032	200
4577	67.6505	4.39108	62.8062	200
4578	69.6664	4.49396	62.9492	200
4579	72.3299	4.69757	63.1446	200
4580	58.573	4.69233	63.0494	200
4581	59.2237	4.65622	62.9697	200
4582	57.2971	4.69856	62.8515	200
4583	57.205	4.73806	62.7338	200
4584	56.5837	4.7969	62.6057	200
4585	56.5576	4.84903	62.4797	200
4586	53.96	5.00198	62.3022	200
4587	60.2186	4.88038	62.2588	200
4588	61.7733	4.69726	62.2487	200
4589	59.5096	4.61566	62.1916	200
4590	63.6991	4.48616	62.223	200
4591	64.355	4.38806	62.2674	200
4592	63.1408	4.26254	62.283	200
4593	59.3395	4.21543	62.2305	200
4594	59.4029	4.16586	62.18	200
4595	57.9983	4.16643	62.1053	200
4596	61.4354	4.04155	62.0933	200
4597	62.1697	3.89994	62.0947	200
4598	64.8781	3.86006	62.1444	200
4599	70.3825	4.01642	62.2915	200
4600	64.8942	3.96592	62.338	200
4601	63.658	3.87143	62.3616	200
4602	61.22	3.77393	62.3412	200
4603	59.9296	3.72528	62.2981	200
4604	61.9306	3.60535	62.2916	200
4605	63.4093	3.51651	62.3115	200
4606	63.4268	3.43075	62.3314	200
4607	77.3007	3.84284	62.5987	200
4608	80.0392	4.32847	62.9102	200
4609	78.7259	4.73873	63.1926	200
4610	76.1617	5.03267	63.4242	200
4611	77.6514	5.36104	63.6782	200
4612	75.6332	5.59654	63.8917	200
4613	71.5048	5.66856	64.0277	200
4614	72.8046	5.77957	64.1844	200
4615	72.568	5.87257	64.3341	200
4616	76.4158	6.09433	64.5499	200
4617	78.9442	6.39076	64.8069	200
4618	79.1155	6.67354	65.0624	200
4619	79.6192	6.95508	65.3223	200
4620	83.3176	7.34937	65.6437	200
4621	81.705	7.62162	65.8946	200
4622	76.383	7.7112	66.0585	200
4623	75.8096	7.77495	66.2109	200
4624	75.5995	7.82537	66.3576	200
4625	74.2246	7.82667	66.4805	200
4626	75.4892	7.86361	66.6213	200
4627	73.8761	7.84458	66.7346	200
4628	72.5342	7.78068	66.8252	200
4629	73.79	7.75518	66.9341	200
4630	74.1722	7.73902	67.0472	200
4631	71.1857	7.62651	67.1118	200
4632	71.9503	7.53938	67.1874	200
4633	76.7053	7.60121	67.3361	200
4634	80.7393	7.78252	67.5456	200
4635	81.2055	7.96619	67.759	200
4636	81.879	8.15849	67.9796	200
4637	77.3002	8.19481	68.1253	200
4638	61.95	8.13169	68.0288	200
4640	69.5233	7.92428	68.0521	200
4641	69.7216	7.72882	68.0782	200
4639	76.7744	7.75905	68.2141	200
4642	72.7551	7.65848	68.285	200
4643	74.4934	7.61317	68.382	200
4644	74.9904	7.58177	68.4853	200
4645	72.8333	7.48071	68.5532	200
4646	73.5429	7.40287	68.6312	200
4647	74.2634	7.34753	68.7192	200
4649	63.2432	7.28905	68.6336	200
4648	76.9932	7.3225	68.7643	200
4650	66.2245	7.17304	68.7246	200
4651	65.9951	7.03418	68.6819	200
4652	67.4347	6.85334	68.6624	200
4653	69.506	6.66553	68.6756	200
4654	74.4138	6.63977	68.7553	200
4655	61.9292	6.64495	68.6605	200
4656	54.4545	6.85498	68.4632	200
4657	55.1695	7.03383	68.2786	200
4658	51.9328	7.29249	68.0515	200
4659	56.5788	7.40861	67.8922	200
4660	55.8827	7.53641	67.7254	200
4661	56.4673	7.63979	67.569	200
4662	56.5014	7.73501	67.4153	200
4663	57.8977	7.78452	67.2831	200
4664	61.9646	7.71602	67.2092	200
4665	60.0066	7.70176	67.1092	200
4666	56.5702	7.78057	66.9628	200
4667	61.2641	7.72274	66.8837	200
4668	58.7197	7.735	66.7703	200
4669	60.7362	7.68775	66.6865	200
4670	64.045	7.54758	66.6498	200
4671	66.0679	7.35408	66.6417	200
4672	59.2576	7.35492	66.5392	200
4673	64.0108	7.22085	66.504	200
4674	62.6406	7.12758	66.4504	200
4675	67.7742	6.96637	66.4688	200
4676	67.4503	6.80012	66.4824	200
4677	63.2839	6.70008	66.438	200
4678	62.3534	6.62742	66.3813	200
4679	61.1223	6.58941	66.3082	200
4680	59.9214	6.58378	66.2195	200
4681	59.8281	6.57844	66.1307	200
4682	54.4973	6.71885	65.9692	200
4683	52.3302	6.91108	65.7797	200
4684	52.9288	7.07608	65.6012	200
4685	52.3725	7.24698	65.4175	200
4686	55.6654	7.31657	65.2821	200
4687	68.0422	7.19	65.3204	200
4688	63.3718	7.04441	65.2933	200
4689	63.4361	6.90032	65.2675	200
4690	65.6725	6.71989	65.2732	200
4691	65.8046	6.56518	65.2798	200
4692	60.7726	6.51373	65.2235	200
4693	59.3298	6.49822	65.1498	200
4694	54.7029	6.59694	65.0192	200
4695	53.7416	6.71396	64.8782	200
4696	53.0414	6.84203	64.7303	200
4697	54.5118	6.92644	64.6025	200
4698	57.3585	6.93438	64.512	200
4699	60.0286	6.8731	64.4559	200
4700	58.7861	6.84302	64.3851	200
4701	61.6231	6.74099	64.3505	200
4702	61.7226	6.63817	64.3177	200
4703	60.2792	6.57317	64.2672	200
4704	59.6802	6.52352	64.2099	200
4705	55.5336	6.57734	64.1014	200
4706	54.48	6.65344	63.9812	200
4707	54.3738	6.72729	63.8611	200
4708	58.9404	6.68212	63.7996	200
4709	62.302	6.55251	63.7808	200
4710	63.5145	6.39535	63.7775	200
4711	63.3093	6.24717	63.7717	200
4712	62.9858	6.11064	63.7618	200
4713	65.5543	6.00268	63.7842	200
4714	66.0894	5.91024	63.813	200
4715	66.9987	5.84213	63.8529	200
4716	66.3389	5.75823	63.8839	200
4717	66.6954	5.68456	63.9191	200
4718	66.1719	5.59876	63.9472	200
4719	69.0744	5.58697	64.0113	200
4720	70.8064	5.61717	64.0963	200
4721	67.559	5.56331	64.1396	200
4722	67.123	5.49882	64.1769	200
4723	66.7364	5.42533	64.2088	200
4724	61.4113	5.35964	64.1739	200
4725	62.5798	5.2655	64.1539	200
4726	62.9313	5.16443	64.1387	200
4727	63.8337	5.04294	64.1349	200
4728	60.4555	5.00885	64.0889	200
4729	56.881	5.06383	63.9988	200
4730	65.3664	4.97142	64.0159	200
4731	66.0044	4.89685	64.0407	200
4732	66.6977	4.84594	64.0709	200
4733	67.3195	4.80964	64.1078	200
4734	68.47	4.79947	64.1574	200
4735	71.1829	4.85006	64.2372	200
4736	74.7459	4.97867	64.3566	200
4737	77.954	5.17455	64.5112	200
4738	80.4653	5.41954	64.6925	200
4739	78.066	5.60031	64.8444	200
4740	73.0809	5.66022	64.938	200
4741	71.953	5.69101	65.0177	200
4742	74.9447	5.78728	65.1305	200
4745	76.8361	5.92178	65.2636	200
4746	79.4399	6.10939	65.4247	200
4747	72.4067	6.12922	65.504	200
4748	75.8134	6.22422	65.6211	200
4749	73.8966	6.27084	65.7152	200
4750	73.8527	6.31326	65.8077	200
4751	67.648	6.21161	65.8286	200
4752	70.6475	6.17995	65.8833	200
4753	70.6881	6.1487	65.9379	200
4754	71.7333	6.14067	66.0038	200
4755	71.9008	6.13513	66.0708	200
4756	72.1726	6.13437	66.1401	200
4757	71.6746	6.12074	66.203	200
4758	79.8735	6.29232	66.3584	200
4759	78.7218	6.4303	66.4989	200
4760	75.092	6.47946	66.5965	200
4761	77.1753	6.57262	66.7167	200
4762	78.0422	6.68064	66.8454	200
4763	80.0891	6.8298	66.9959	200
4764	77.9394	6.93264	67.1327	200
4765	74.5637	6.9451	67.2256	200
4766	71.0948	6.85966	67.2793	200
4767	63.4767	6.77474	67.2265	200
4768	72.4484	6.72621	67.3081	200
4769	77.3824	6.83084	67.4655	200
4770	78.6947	6.98792	67.666	200
4771	78.608	7.12914	67.8614	200
4772	77.7714	7.24501	68.0679	200
4773	78.4316	7.37495	68.2838	200
4774	79.4966	7.53486	68.5174	200
4775	80.0477	7.70134	68.7576	200
4776	81.3962	7.90706	69.0209	200
4777	78.1636	7.95854	69.2114	200
4778	83.4931	8.222	69.5089	200
4779	79.9781	8.31564	69.727	200
4780	77.9629	8.31231	69.8986	200
4781	78.1326	8.30905	70.0702	200
4782	75.9613	8.2083	70.1929	200
4783	47.6275	8.80651	69.7228	200
4784	49.5895	9.27846	69.3033	200
4785	49.5838	9.7135	68.8925	200
4786	48.937	10.1403	68.4768	200
4787	48.2921	10.5588	68.0563	200
4788	44.1908	11.2241	67.4596	200
4789	44.9894	11.7864	66.8979	200
4790	46.8658	12.3018	66.2719	200
4791	49.9884	12.6336	65.5934	200
4792	61.4584	11.9253	65.4211	200
4793	65.7031	10.9551	65.4328	200
4794	52.5612	11.0749	65.0306	200
4795	51.8683	11.2053	64.6193	200
4796	50.3799	11.3949	64.1743	200
4797	52.5527	11.4091	63.8111	200
4798	52.7694	11.3861	63.4661	200
4799	48.8756	11.5864	63.0101	200
4800	51.6726	11.5709	62.6558	200
4801	52.4002	11.4887	62.3353	200
4802	53.1202	11.3466	62.0474	200
4803	52.3729	11.2421	61.745	200
4804	54.5448	10.9894	61.52	200
4805	50.2415	11.0075	61.1676	200
4806	49.0921	11.0743	60.7902	200
4807	53.5888	10.8322	60.5652	200
4808	54.6024	10.5279	60.3788	200
4809	54.6341	10.2289	60.1993	200
4810	55.1475	9.90535	60.0414	200
4811	55.1241	9.65594	59.9185	200
4812	54.5787	9.44014	59.785	200
4813	54.5159	9.23158	59.6533	200
4814	52.1508	9.14513	59.4657	200
4815	51.0325	9.10953	59.2549	200
4816	50.2885	9.10237	59.0307	200
4817	54.2387	8.88685	58.9109	200
4818	54.1521	8.68045	58.792	200
4819	54.2455	8.47375	58.6783	200
4820	54.8913	8.23941	58.5836	200
4821	55.5112	7.98107	58.5068	200
4822	55.4872	7.73299	58.4313	200
4823	56.5914	7.43834	58.3853	200
4824	53.5261	7.30938	58.2638	200
4825	53.1787	7.19817	58.1367	200
4826	50.6176	7.21422	57.9487	200
4827	49.9972	7.25108	57.7499	200
4828	49.8022	7.28591	57.5512	200
4829	49.8008	7.30914	57.3575	200
4830	50.5032	7.2864	57.1861	200
4831	50.6248	7.25619	57.0494	200
4832	49.2261	7.27982	56.8864	200
4833	49.8871	7.26813	56.7406	200
4834	49.7425	7.25688	56.5948	200
4835	48.7628	7.28084	56.4317	200
4836	48.7889	7.29593	56.2724	200
4837	47.6979	7.3492	56.0938	200
4838	43.3354	7.57458	55.828	200
4839	44.2434	7.74166	55.5866	200
4840	44.8584	7.8661	55.3631	200
4841	44.888	7.97481	55.1449	200
4842	45.7258	8.03499	54.9487	200
4843	46.9968	8.03153	54.783	200
4844	48.4099	7.96242	54.6502	200
4845	47.7438	7.91843	54.5064	200
4846	46.2813	7.9312	54.335	200
4847	49.8936	7.78579	54.2425	200
4848	49.8536	7.64425	54.151	200
4849	48.956	7.5422	54.0428	200
4850	49.7005	7.40887	53.9523	200
4851	48.9599	7.30819	53.8483	200
4852	49.0706	7.20275	53.7488	200
4853	49.7193	7.07053	53.6648	200
4854	49.5392	6.94783	53.5789	200
4855	51.3679	6.75046	53.5328	200
4856	51.1293	6.53311	53.4727	200
4857	49.3845	6.41087	53.3705	200
4858	50.2432	6.20565	53.2728	200
4859	50.0284	6.02057	53.1714	200
4860	48.5514	5.90386	52.9789	200
4861	48.7011	5.76835	52.8007	200
4862	48.2687	5.66532	52.6118	200
4863	48.1467	5.59031	52.4723	200
4864	48.934	5.46206	52.3617	200
4865	48.0951	5.38734	52.2284	200
4866	49.4437	5.22468	52.1414	200
4867	40.8009	5.60691	51.787	200
4868	41.4694	5.90133	51.4646	200
4869	40.6785	6.20663	51.1275	200
4870	41.2227	6.43776	50.818	200
4871	36.4398	6.93404	50.3687	200
4872	37.1561	7.32645	49.9558	200
4873	37.1992	7.66583	49.5571	200
4874	37.3043	7.95252	49.1742	200
4875	39.6351	8.08473	48.7768	200
4876	39.5493	8.17995	48.3923	200
4877	40.923	8.09112	47.9254	200
4878	40.8949	7.95854	47.486	200
4879	41.5936	7.70028	47.1178	200
4880	39.115	7.73808	46.6176	200
4881	39.1273	7.71744	46.3055	200
4882	37.1443	7.83775	45.9238	200
4883	37.4598	7.88993	45.5711	200
4884	37.4331	7.9106	45.232	200
4885	37.8011	7.87063	44.9224	200
4886	39.1126	7.61302	44.5593	200
4887	39.9266	7.24047	44.2698	200
4888	38.3892	7.07049	43.9022	200
4889	38.2629	6.89159	43.5498	200
4890	38.1075	6.71043	43.2096	200
4891	35.4652	6.83967	42.7256	200
4892	38.5259	6.50967	42.4631	200
4893	38.5583	6.18406	42.2191	200
4894	39.3068	5.77509	42.037	200
4895	37.081	5.67271	41.7273	200
4896	37.8493	5.44837	41.4849	200
4897	39.0895	5.19395	41.3851	200
4898	38.9869	4.84448	41.2352	200
4899	39.0595	4.51088	41.0992	200
4900	39.1565	3.86884	40.8564	200
4901	40.3849	3.44417	40.8269	200
4902	41.1305	3.0516	40.8459	200
4903	36.744	3.18288	40.5895	200
4904	37.4345	3.1794	40.3924	200
4905	38.0547	3.07418	40.2462	200
4906	37.9596	2.97574	40.1033	200
4907	30.3827	3.81885	39.4958	200
4908	30.2067	4.50263	38.9152	200
4909	31.1917	4.90524	38.4325	200
4910	31.7663	5.05199	38.1547	200
4911	33.1633	5.04694	37.9468	200
4912	28.9962	5.37224	37.5738	200
4913	29.0812	5.63228	37.22	200
4914	29.5733	5.80015	36.9013	200
4915	30.1428	5.88001	36.6197	200
4916	30.5334	5.8972	36.3661	200
4917	29.0853	6.0125	36.0628	200
4918	25.0999	6.42503	35.606	200
4919	25.0556	6.76881	35.1664	200
4920	24.9764	7.05391	34.7418	200
4921	24.9991	7.27797	34.3359	200
4922	25.9049	7.37405	33.9846	200
4923	26.372	7.38896	33.7467	200
4924	26.3604	7.38879	33.5159	200
4925	34.3597	6.97973	33.5422	200
4926	34.6002	6.60962	33.5753	200
4927	33.8076	6.21104	33.5825	200
4928	33.9819	5.84781	33.595	200
4929	33.8559	5.49863	33.6032	200
4930	34.4384	5.20716	33.6293	200
4931	31.8926	4.99026	33.575	200
4932	31.9831	4.77786	33.5253	200
4933	26.9941	4.88744	33.3212	200
4934	26.9686	4.97901	33.1226	200
4935	27.1084	5.04371	32.9347	200
4936	26.8724	5.10737	32.7452	200
4937	26.777	5.17911	32.4966	200
4938	27.2165	5.18752	32.2766	200
4939	28.2707	5.03982	32.0262	200
4940	27.4919	4.97663	31.7428	200
4941	27.5123	4.88336	31.4784	200
4942	23.5064	5.14075	31.1462	200
4943	23.5613	5.34443	30.8302	200
4944	20.1678	5.78759	30.3859	200
4945	19.9696	6.17332	29.9519	200
4946	20.0042	6.48785	29.5374	200
4947	20.7603	6.67863	29.1717	200
4948	19.9111	6.89379	28.7859	200
4949	19.9066	7.05924	28.4159	200
4950	20.522	7.1288	28.087	200
4951	21.5596	7.07867	27.815	200
4952	21.3481	7.02769	27.5455	200
4953	21.3378	6.95937	27.2869	200
4954	22.0225	6.81811	27.0675	200
4955	27.5868	6.42444	27.0838	200
4956	27.43	6.04455	27.0946	200
4957	27.5507	5.69527	27.1088	200
4958	27.4398	5.36	27.1192	200
4959	27.8895	5.07314	27.1433	200
4960	27.7237	4.79235	27.1614	200
4961	28.1695	4.55584	27.1929	200
4962	28.9998	4.38402	27.2494	200
4963	33.8001	4.51944	27.4541	200
4964	33.8494	4.63668	27.6539	200
4965	33.1305	4.68918	27.8251	200
4966	33.6798	4.76203	28.008	200
4967	32.9361	4.7724	28.162	200
4968	33.0598	4.78024	28.3151	200
4969	33.9129	4.83134	28.49	200
4970	33.6749	4.85343	28.652	200
4971	35.107	4.95352	28.8538	200
4972	29.7792	4.75212	28.8769	200
4973	31.0313	4.62224	28.9308	200
4974	31.0521	4.49719	28.9838	200
4975	32.6814	4.45722	29.0762	200
4976	33.0969	4.43539	29.1767	200
4977	33.7924	4.4444	29.2921	200
4978	33.8123	4.44819	29.4051	200
4979	33.792	4.44512	29.5148	200
4980	33.7549	4.43487	29.6208	200
4981	34.4195	4.45306	29.7408	200
4982	37.1585	4.6013	29.9262	200
4983	37.267	4.73827	30.1097	200
4984	37.9305	4.89239	30.3053	200
4985	37.2816	4.99659	30.4797	200
4986	38.056	5.12557	30.6691	200
4987	38.511	5.26139	30.8651	200
4988	38.5877	5.38445	31.0582	200
4989	39.341	5.52937	31.2653	200
4990	39.4288	5.66108	31.4693	200
4991	40.103	5.80971	31.6852	200
4992	40.7988	5.9749	31.913	200
4993	31.1609	5.75728	31.8974	200
4994	31.06	5.55229	31.8799	200
4995	30.3634	5.38413	31.8483	200
4996	29.5516	5.25549	31.8005	200
4997	28.7787	5.16241	31.7375	200
4998	28.9326	5.06419	31.6791	200
4999	29.0393	4.94297	31.6131	200
5000	31.131	4.71992	31.601	200
5001	33.2906	4.53052	31.6538	200
5002	43.4241	4.98301	32.0217	200
5003	45.5562	5.69564	32.5856	200
5004	48.4866	6.54609	33.2481	200
5005	46.1491	7.07566	33.7857	200
5006	49.2282	7.7729	34.4291	200
5007	50.4391	8.45932	35.0962	200
5008	49.8141	8.98087	35.7094	200
5009	50.2481	9.44401	36.3152	200
5010	29.8394	9.19666	36.0454	200
5011	30.9168	8.85766	35.8317	200
5012	29.1275	8.58848	35.4127	200
5013	27.7215	8.47631	34.932	200
5014	40.7534	8.14445	35.2958	200
5015	45.0658	8.34764	35.9064	200
5016	47.0532	8.69753	36.6031	200
5017	45.3429	8.70281	37.1493	200
5018	52.5848	9.5444	38.1141	200
5019	54.7684	10.4331	39.155	200
5020	59.1859	11.233	39.9896	200
5021	60.2004	11.9811	40.8317	200
5022	52.0432	11.917	41.2988	200
5023	43.7259	11.1261	41.4	200
5024	43.0412	10.3357	41.4684	200
5025	47.8158	10.0034	41.7328	200
5026	43.7091	9.33445	41.8152	200
5027	45.0102	8.82284	41.9483	200
5028	40.4221	8.21479	41.8847	200
5029	42.3386	7.56805	41.9036	200
5030	47.9998	7.44539	42.1576	200
5031	46.262	7.16697	42.3286	200
5032	46.9334	6.95346	42.5205	200
5033	45.8935	6.72968	42.6259	200
5034	46.2672	6.53665	42.7397	200
5035	53.6773	6.81171	43.0815	200
5036	57.2102	7.26903	43.523	200
5037	59.0488	7.78507	44.0082	200
5038	57.3673	8.13345	44.4257	200
5039	57.3678	8.43399	44.8301	200
5040	58.0634	8.83393	45.3815	200
5041	57.5235	9.1096	45.8874	200
5042	55.3098	9.1487	46.4763	200
5043	48.9378	8.31279	46.6302	200
5044	60.2496	8.97613	47.4814	200
5047	46.5204	7.97423	47.4213	200
5048	43.5936	7.45592	47.1821	200
5045	69.1077	9.26462	48.5524	200
5046	69.1238	10.2069	49.4096	200
5049	40.6608	10.0853	49.045	200
5050	43.2935	9.7242	48.8054	200
5051	45.8678	9.15864	48.683	200
5052	49.207	8.43909	48.7048	200
5053	50.6047	7.89415	48.784	200
5054	51.9449	7.49972	48.9157	200
5055	48.3323	6.92336	48.8914	200
5056	47.6949	6.44612	48.8415	200
5057	42.5293	6.43497	48.5785	200
5058	38.6898	6.72278	48.1665	200
5059	39.7959	6.8601	47.8177	200
5060	41.8919	6.8017	47.6325	200
5061	39.8774	6.86129	47.3902	200
5062	33.9134	7.27476	46.969	200
5063	28.1306	7.99749	46.3803	200
5064	33.9245	8.27614	45.9911	200
5065	30.2771	8.741	45.5	200
5066	32.0157	9.03746	45.0786	200
5067	34.6825	9.12237	44.7538	200
5068	33.9733	9.226	44.4169	200
5069	34.6627	9.25901	44.112	200
5070	25.6274	9.83562	43.5344	200
5071	32.8814	9.88671	43.2015	200
5072	31.755	9.98419	42.8438	200
5073	33.0197	9.97418	42.5368	200
5074	31.6651	10.0303	42.197	200
5075	29.7482	10.1814	41.808	200
5076	30.4236	10.2566	41.4523	200
5077	31.9947	10.2167	41.2158	200
5078	32.0815	10.1626	40.9875	200
5079	31.8475	10.1114	40.759	200
5080	31.5844	10.0646	40.5296	200
5081	33.9399	9.89083	40.3649	200
5082	34.6786	9.6806	40.2227	200
5083	38.0249	9.30646	40.1677	200
5084	38.5901	8.92002	40.1283	200
5085	38.571	8.55188	40.0894	200
5086	40.0148	8.12802	40.0875	200
5087	39.2391	7.76404	40.0663	200
5088	53.5682	8.05093	40.4038	200
5090	53.8493	8.32066	40.74	200
5091	44.1247	8.07386	40.8246	200
5092	51.7673	8.2173	41.0982	200
5093	46.8578	8.09441	41.2422	200
5094	49.8704	8.12111	41.4579	200
5095	49.7444	8.12937	41.665	200
5096	50.3298	8.15614	41.8816	200
5097	53.9487	8.35169	42.1833	200
5098	55.1313	8.5815	42.507	200
5099	56.4998	8.80697	42.7985	200
5100	58.7196	9.10339	43.1302	200
5101	58.7454	9.37472	43.4555	200
5102	49.761	9.24683	43.5869	200
5103	50.5755	9.15274	43.7325	200
5104	59.2619	9.41843	44.056	200
5105	59.5257	9.67056	44.3783	200
5106	58.8005	9.86855	44.6788	200
5107	56.7095	9.95864	44.9294	200
5108	54.2052	9.93018	45.1227	200
5109	55.2133	9.93687	45.3329	200
5110	62.9828	10.2582	45.7006	200
5111	62.1727	10.5172	46.0438	200
5112	71.4704	11.1384	46.5735	200
5113	71.4472	11.7107	47.0917	200
5114	71.4062	12.2358	47.5982	200
5115	60.4328	12.2608	47.8656	200
5116	61.7015	12.3264	48.1539	200
5117	73.0579	12.8505	48.6727	200
5118	72.3315	13.3909	49.2642	200
5119	73.6299	13.9396	49.8733	200
5120	76.6883	14.7444	50.7113	200
5121	66.4731	14.8079	51.2038	200
5122	67.0344	14.8932	51.8634	200
5123	61.3254	14.4406	52.2577	200
5124	59.5987	13.8489	52.5636	200
5125	60.0358	13.3175	52.8749	200
5126	65.6028	13.2807	53.2726	200
5127	67.0082	13.3091	53.7019	200
5128	67.0363	13.3107	54.1186	200
5129	46.265	12.9696	53.8732	200
5130	39.7912	13.0391	53.4331	200
5131	43.0676	12.872	53.1092	200
5132	51.2638	12.1829	53.0515	200
5133	45.5127	11.8926	52.8159	200
5134	47.6725	11.4708	52.6552	200
5135	48.0611	11.041	52.5116	200
5136	50.7566	10.4606	52.4568	200
5137	40.8927	10.5296	52.0954	200
5138	40.3741	10.6041	51.7291	200
5139	53.5526	10.0553	51.7861	200
5140	45.3822	9.82707	51.586	200
5141	46.1407	9.55321	51.4158	200
5142	54.5778	9.23365	51.4949	200
5143	52.4072	8.81758	51.5177	200
5144	52.8234	8.34809	51.5585	200
5145	50.0235	7.92227	51.5105	200
5146	41.4197	8.10298	51.09	200
5147	39.7274	8.37462	50.6166	200
5148	29.7326	9.93829	49.3114	200
5149	35.1652	10.2889	48.7219	200
5150	47.3645	9.54465	48.6654	200
5151	48.2977	8.7799	48.65	200
5152	40.6741	8.71291	48.3177	200
5153	25.8797	9.85667	47.3828	200
5154	38.5817	9.7687	47.0161	200
5155	39.9664	9.54212	46.7223	200
5156	36.0249	9.6384	46.2766	200
5157	35.7354	9.71363	45.8374	200
5158	34.3634	9.93368	45.1203	200
5159	32.1812	10.3094	44.3116	200
5160	29.914	10.8204	43.4117	200
5161	40.881	9.78417	43.2536	200
5162	36.0393	9.46293	42.8027	200
5163	25.4786	10.4456	41.7199	200
5164	26.1327	11.0883	40.7457	200
5165	26.9933	11.4213	39.8862	200
5166	28.1662	11.496	38.4212	200
5167	27.5732	11.334	37.0652	200
5168	26.9485	11.0296	35.8006	200
5169	29.8985	10.3887	35.4317	200
5170	32.1181	9.5043	35.2246	200
5171	33.2489	8.56324	35.1011	200
5172	33.61	7.67922	35.0079	200
5173	23.2372	8.19066	34.2723	200
5174	21.3525	8.7818	33.4648	200
5175	23.5509	8.92331	32.8452	200
5176	24.2609	8.88093	32.3087	200
5177	24.6037	8.78294	31.9876	200
5178	25.2545	8.61212	31.7071	200
5179	27.888	8.21269	31.5479	200
5180	26.0007	7.99057	31.3168	200
5181	26.0706	7.76187	31.0982	200
5182	26.9279	7.46258	30.9244	200
5183	27.7864	7.10219	30.7937	200
5184	25.8413	6.92305	30.5873	200
5185	25.8909	6.7375	30.3917	200
5186	24.9065	6.63314	30.1631	200
5187	25.0669	6.50506	29.9508	200
5188	24.9976	6.37573	29.7444	200
5189	25.5728	6.19205	29.5706	200
5190	26.4905	5.99755	29.4743	200
5191	24.6807	5.92231	29.3245	200
5192	23.2196	5.93753	29.0701	200
5193	21.7287	6.05452	28.7643	200
5194	21.385	6.22011	28.303	200
5195	21.0139	6.35374	27.8475	200
5196	21.0706	6.40663	27.4239	200
5197	21.7704	6.31249	27.0706	200
5198	23.5398	5.96478	26.8499	200
5199	20.8339	5.97117	26.4739	200
5200	21.4525	5.85245	26.1601	200
5201	23.8515	5.55712	26.0639	200
5202	23.1825	5.33414	25.9438	200
5203	25.478	4.92845	25.9244	200
5204	15.8537	5.35697	25.5048	200
5205	15.8661	5.71378	25.1032	200
5206	16.7251	5.93581	24.7541	200
5207	15.7059	6.19517	24.3771	200
5208	16.9568	6.29727	24.0679	200
5209	17.6904	6.30395	23.8022	200
5210	15.7825	6.44693	23.468	200
5211	15.8601	6.54368	23.151	200
5212	15.7102	6.61844	22.841	200
5213	25.5423	6.29201	22.9535	200
5214	30.9988	6.40159	23.205	200
5215	40.0369	7.05349	23.731	200
5216	35.3328	7.33776	24.0935	200
5217	34.5616	7.53341	24.4206	200
5218	35.3688	7.74683	24.7628	200
5219	35.2626	7.91889	25.0909	200
5220	26.7594	7.52825	25.143	200
5221	27.5342	7.20718	25.2178	200
5222	21.0404	7.01781	25.0872	200
5223	17.4891	7.05408	24.8498	200
5224	21.9603	6.79379	24.7595	200
5225	27.9563	6.56898	24.8594	200
5226	34.693	6.77302	25.1667	200
5227	35.927	7.02222	25.5029	200
5228	35.3612	7.19948	25.811	200
5229	37.3355	7.46979	26.1711	200
5230	38.6527	7.78302	26.5612	200
5231	41.7924	8.15543	26.942	200
5232	40.3708	8.4191	27.2777	200
5233	34.7959	8.37405	27.4656	200
5234	25.9115	8.03306	27.4268	200
5235	21.216	7.94194	27.2715	200
5236	24.1891	7.69897	27.1945	200
5237	31.8572	7.54716	27.311	200
5238	38.2439	7.71644	27.5844	200
5239	39.4022	7.92151	27.8798	200
5240	40.1625	8.13957	28.1869	200
5241	38.8663	8.26656	28.4538	200
5242	36.7233	8.2667	28.6606	200
5243	35.9994	8.22031	28.8441	200
5244	35.9359	8.16389	29.0214	200
5245	33.8762	7.99843	29.1427	200
5246	33.1056	7.79666	29.2418	200
5247	46.3058	8.26002	29.6684	200
5248	42.428	8.485	29.9874	200
5249	41.0298	8.61287	30.2634	200
5250	41.653	8.7517	30.5482	200
5251	43.0441	8.93891	30.8606	200
5252	41.5517	9.01192	31.0833	200
5253	41.8527	9.08515	31.3077	200
5254	42.8868	9.18907	31.5489	200
5255	44.5	9.34582	31.8187	200
5256	45.0674	9.50844	32.0947	200
5257	43.8668	9.60276	32.34	200
5258	33.3465	9.24458	32.3609	200
5259	44.0442	9.34619	32.6043	200
5260	46.3169	9.52812	32.89	200
5261	44.9708	9.63448	33.1417	200
5262	44.469	9.70502	33.3777	200
5263	45.0632	9.78754	33.6211	200
5264	45.0354	9.85532	33.8589	200
5265	43.6402	9.85223	34.0627	200
5266	43.7434	9.84508	34.2644	200
5267	44.4005	9.85721	34.4756	200
5268	45.6555	9.91232	34.7085	200
5269	46.2823	9.98155	34.9496	200
5270	43.4992	9.92188	35.1277	200
5271	39.296	9.68215	35.2146	200
5273	36.8684	9.34764	35.249	200
5272	38.0604	9.0753	35.3076	200
5274	39.4017	8.86775	35.3929	200
5275	39.9077	8.68637	35.4869	200
5276	42.7738	8.62806	35.6387	200
5277	43.1806	8.58927	35.7734	200
5278	44.9905	8.61169	35.938	200
5279	45.5189	8.6463	36.1091	200
5280	44.4478	8.63531	36.258	200
5281	43.5082	8.58584	36.3875	200
5282	45.3511	8.59934	36.5475	200
5283	46.9978	8.66544	36.7341	200
5284	42.8575	8.57465	36.8435	200
5285	43.9726	8.52303	36.9708	200
5286	44.8619	8.50046	37.1117	200
5287	44.6748	8.46698	37.2468	200
5288	44.3913	8.41975	37.3743	200
5289	43.586	8.34089	37.4853	200
5290	46.5238	8.3658	37.6467	200
5291	47.3638	8.41406	37.8202	200
5292	45.7342	8.3962	37.9615	200
5293	44.2856	8.3222	38.0744	200
5294	45.3823	8.28598	38.2049	200
5295	44.3818	8.21065	38.3152	200
5296	42.5839	8.06986	38.3915	200
5297	47.6383	8.1119	38.5566	200
5298	45.5068	8.07041	38.6807	200
5299	44.1656	7.97807	38.7786	200
5300	43.5497	7.86353	38.8638	200
5301	42.2939	7.70519	38.9251	200
5302	41.9612	7.53844	38.9793	200
5303	43.4591	7.4292	39.0593	200
5304	41.7994	7.26174	39.1082	200
5305	42.4165	7.13819	39.1599	200
5306	46.8093	7.15417	39.2794	200
5307	52.1369	7.33239	39.4803	200
5308	52.923	7.52334	39.6904	200
5309	52.222	7.67985	39.8862	200
5310	53.0406	7.85093	40.0917	200
5311	52.346	7.98853	40.2832	200
5312	44.8318	7.88103	40.3543	200
5313	43.5806	7.73557	40.4047	200
5314	44.8942	7.63413	40.4748	200
5315	46.7361	7.59123	40.5727	200
5316	48.3962	7.59849	40.6949	200
5317	48.289	7.59835	40.8136	200
5318	45.3748	7.50345	40.8848	200
5319	45.5072	7.41341	40.957	200
5320	46.1888	7.34524	41.0388	200
5321	49.0478	7.36598	41.1639	200
5322	45.6666	7.2765	41.2343	200
5323	50.7053	7.34508	41.3823	200
5324	52.5481	7.46448	41.5567	200
5325	54.0237	7.6208	41.7515	200
5326	53.3021	7.74361	41.932	200
5327	54.7017	7.90067	42.1315	200
5328	52.9429	7.99163	42.3005	200
5329	49.6215	7.97067	42.4149	200
5330	47.8875	7.89261	42.5004	200
5331	45.3983	7.73652	42.5456	200
5332	43.6209	7.52836	42.5624	200
5333	44.1442	7.34253	42.5872	200
5334	44.9	7.18535	42.6233	200
5335	44.8213	7.02949	42.6576	200
5336	46.1816	6.91994	42.7127	200
5337	47.5647	6.85532	42.7885	200
5338	49.6274	6.85486	42.8835	200
5339	51.0228	6.89054	42.9965	200
5340	49.2773	6.8736	43.0838	200
5341	54.6102	7.00285	43.2439	200
5342	58.7635	7.23942	43.4594	200
5343	58.7406	7.46281	43.6716	200
5344	55.8177	7.59289	43.8403	200
5345	56.2997	7.72807	44.0134	200
5346	59.6489	7.94772	44.2305	200
5347	60.2067	8.17073	44.4524	200
5348	60.5314	8.39041	44.6758	200
5349	60.4776	8.59628	44.8952	200
5350	61.5987	8.82148	45.1272	200
5351	61.0947	9.01998	45.349	200
5352	60.2851	9.18431	45.5564	200
5353	62.4122	9.39741	45.7905	200
5354	62.4178	9.59824	46.0215	200
5355	63.9023	9.82831	46.2698	200
5356	62.3537	10.0021	46.4932	200
5357	62.0592	10.1566	46.7094	200
5358	55.5047	10.1188	46.8316	200
5359	52.8991	10.0063	46.9158	200
5360	51.4499	9.85427	46.9788	200
5361	51.1951	9.69766	47.0374	200
5362	56.4302	9.68919	47.1678	200
5363	58.3369	9.7303	47.3229	200
5364	56.1387	9.70489	47.4454	200
5365	55.9822	9.67244	47.5639	200
5366	56.2852	9.64602	47.6851	200
5367	56.8628	9.63301	47.8125	200
5368	56.4039	9.60408	47.9319	200
5369	56.7866	9.58326	48.0548	200
5370	57.5695	9.58136	48.187	200
5371	55.5262	9.51908	48.2889	200
5372	55.1981	9.44658	48.3849	200
5373	56.4482	9.40815	48.4969	200
5374	59.1678	9.44323	48.6451	200
5375	64.2656	9.59766	48.8403	200
5376	60.9051	9.65934	48.9911	200
5377	59.9202	9.69108	49.1278	200
5378	61.6828	9.76268	49.2847	200
5379	60.9704	9.81075	49.4308	200
5380	60.4047	9.83983	49.5679	200
5381	55.548	9.74334	49.6427	200
5382	53.4124	9.594	49.6898	200
5383	52.1164	9.41481	49.7201	200
5384	51.6142	9.22679	49.7438	200
5385	50.7128	9.02035	49.7559	200
5386	50.8682	8.82264	49.7698	200
5390	45.8445	8.70021	49.7208	200
5391	46.807	8.55555	49.6843	200
5392	44.8497	8.46252	49.6239	200
5393	44.2358	8.38566	49.5566	200
5394	45.7498	8.27119	49.509	200
5395	41.9916	8.25234	49.415	200
5396	41.4059	8.24626	49.3149	200
5397	43.396	8.18808	49.2409	200
5398	39.5988	8.22443	49.1204	200
5399	38.946	8.27317	48.9932	200
5400	40.4343	8.28032	48.8862	200
5401	43.6137	8.20512	48.8203	200
5402	46.9436	8.04691	48.7968	200
5403	46.5528	7.90184	48.7688	200
5404	46.6983	7.75605	48.7429	200
5405	46.2319	7.62493	48.7115	200
5406	45.7893	7.50736	48.675	200
5407	45.3963	7.40164	48.634	200
5408	43.8962	7.33505	48.5748	200
5409	45.6035	7.22595	48.5376	200
5410	45.3908	7.11264	48.4939	200
5411	45.7125	6.99233	48.4553	200
5412	42.3881	6.96342	48.3605	200
5413	42.3825	6.93263	48.2671	200
5414	41.6242	6.92228	48.1485	200
5415	42.1485	6.88934	48.0413	200
5416	41.2403	6.88566	47.8996	200
5417	42.0376	6.84301	47.7775	200
5418	42.646	6.75744	47.6492	200
5419	41.2275	6.74065	47.4887	200
5420	39.5303	6.80154	47.2897	200
5421	40.1308	6.81941	47.1108	200
5422	40.3764	6.81515	46.9424	200
5423	40.8154	6.78648	46.8147	200
5424	44.0053	6.62077	46.7562	200
5426	31.1167	6.99655	46.4304	200
5427	36.0285	7.13844	46.2137	200
5428	35.8825	7.27147	45.9985	200
5429	35.7482	7.39559	45.7849	200
5430	35.4649	7.51744	45.5699	200
5431	35.8394	7.60965	45.3672	200
5432	36.0469	7.68092	45.173	200
5433	32.5407	7.88723	44.9098	200
5434	33.3261	8.04125	44.6685	200
5435	36.5024	8.04645	44.4984	200
5436	35.9713	8.06648	44.3207	200
5437	38.1593	7.9871	44.1924	200
5438	39.0748	7.86754	44.0858	200
5439	39.0984	7.74753	43.9819	200
5440	39.076	7.62913	43.8796	200
5441	39.1175	7.50967	43.7804	200
5442	27.898	7.85853	43.4495	200
5443	23.4528	8.46544	42.9496	200
5444	23.9807	9.12191	42.3568	200
5445	20.4416	9.9215	41.672	200
5446	22.4432	10.6971	40.8708	200
5447	21.9574	11.3818	40.0827	200
5448	22.2283	11.9212	39.3388	200
5449	25.2579	12.0562	38.8988	200
5450	26.9285	12.0508	38.5247	200
5451	33.4961	11.6119	38.3676	200
5452	32.8866	11.2287	38.1963	200
5453	33.2518	10.836	38.0418	200
5454	31.3154	10.5791	37.8316	200
5455	31.9694	10.2843	37.6484	200
5456	32.1076	9.98783	37.4752	200
5457	31.029	9.76648	37.2738	200
5458	32.8339	9.43356	37.135	200
5459	33.2389	9.08748	37.0133	200
5460	32.9272	8.77489	36.8856	200
5461	33.1009	8.463	36.7673	200
5462	34.4733	8.07744	36.6956	200
5463	34.3336	7.72022	36.6218	200
5464	35.1524	7.32955	36.5759	200
5465	34.5726	6.99666	36.5133	200
5466	32.45	6.84999	36.4117	200
5467	32.4604	6.70506	36.3129	200
5468	32.459	6.5625	36.2166	200
5469	31.7667	6.45686	36.1053	200
5470	34.6597	6.2063	36.0692	200
5471	34.0277	5.99806	36.0181	200
5472	33.8218	5.80798	35.9632	200
5473	35.2435	5.55356	35.9452	200
5474	36.0181	5.27953	35.9471	200
5475	49.1155	5.67397	36.2763	200
5476	47.6957	5.96125	36.5618	200
5477	48.2581	6.248	36.8542	200
5478	48.4195	6.51387	37.1433	200
5479	49.6504	6.81353	37.456	200
5480	47.6285	6.98148	37.7103	200
5481	48.9211	7.19294	37.9906	200
5482	48.9393	7.38073	38.2643	200
5483	48.926	7.54478	38.5308	200
5484	49.7088	7.72644	38.8103	200
5485	50.9582	7.94751	39.114	200
5486	44.2858	7.83186	39.2217	200
5487	44.1834	7.71227	39.3251	200
5488	43.8299	7.57862	39.4189	200
5489	44.3864	7.46983	39.5224	200
5490	45.7247	7.41701	39.6516	200
5491	49.1339	7.50307	39.8492	200
5492	49.7945	7.60483	40.0564	200
5493	51.9742	7.78453	40.3047	200
5494	51.5494	7.92871	40.5389	200
5495	50.4366	8.01075	40.7451	200
5496	51.2117	8.11308	40.9632	200
5497	54.7169	8.34811	41.2497	200
5498	53.9723	8.53038	41.5148	200
5499	54.6932	8.72404	41.7893	200
5500	54.5063	8.89041	42.0543	200
5501	54.4931	9.03826	42.3134	200
5502	54.7866	9.18139	42.5733	200
5503	55.4713	9.33625	42.842	200
5504	67.9219	9.99223	43.3645	200
5505	70.4844	10.7059	43.9295	200
5506	69.5125	11.3258	44.4624	200
5507	70.3856	11.934	45.0025	200
5508	69.7886	12.4695	45.5189	200
5509	71.2046	13.0202	46.054	200
5510	70.4117	13.4251	46.489	200
5511	72.9807	13.8917	46.962	200
5512	74.5802	14.382	47.4552	200
5513	76.9141	14.9204	47.9813	200
5514	78.7855	15.4877	48.5313	200
5515	78.6885	16.0116	49.0699	200
5516	73.9867	16.3297	49.5148	200
5517	68.3004	16.4174	49.8503	200
5518	73.4309	16.6732	50.2713	200
5519	73.3341	16.9014	50.6832	200
5520	74.4936	17.1482	51.1084	200
5521	73.5644	17.3377	51.5094	200
5522	74.0766	17.5245	51.9123	200
5523	75.4269	17.7741	52.4022	200
5524	73.9883	17.9329	52.8519	200
5525	83.0761	18.5475	53.6075	201.987
5526	82.6685	19.0731	54.3341	206.919
5527	83.1744	19.6836	55.2353	212.704
5528	81.3564	20.0859	56.0516	216.739
5529	83.3225	20.535	56.9038	221.184
5530	84.0237	20.9466	57.7513	225.324
5531	81.3587	21.1129	58.489	227.392
5532	80.4943	21.1686	59.1767	228.526
5533	81.7824	21.2584	59.8831	229.951
5534	82.96	21.3721	60.6043	231.581
5535	83.8359	21.4883	61.3303	233.237
5536	61.9948	20.1868	61.351	222.846
5537	63.5928	19.0653	61.4211	213.943
5538	74.3425	18.6813	61.8249	211.275
5539	71.1275	18.0951	62.1156	206.876
5540	64.9864	17.1436	62.2053	200
5541	69.2891	16.5148	62.4267	200
5542	67.0853	15.7738	62.5723	200
5543	79.4431	15.8424	63.0995	200
5544	80.9777	15.9696	63.6582	200
5545	69.0714	15.4418	63.7935	200
5546	62.7125	14.7238	63.7665	200
5547	51.9354	14.5791	63.4707	200
5548	50.3208	14.5077	63.1419	200
5549	47.4678	14.566	62.7501	200
5550	42.7363	14.8384	62.2497	200
5551	49.5478	14.7316	61.9322	200
5552	38.6531	15.1589	61.3502	200
5553	55.907	14.6732	61.2141	200
5554	59.3907	14.0307	61.1686	200
5555	40.9343	14.3408	60.6627	200
5556	40.9786	14.608	60.1706	200
5557	40.0722	14.8825	59.6681	200
5558	39.54	15.1448	59.1649	200
5559	41.4345	15.2741	58.7217	200
5560	53.0083	14.796	58.5788	200
5561	48.0703	14.5817	58.3161	200
5562	59.1125	13.8924	58.336	200
5563	42.2674	14.0012	57.9343	200
5564	39.6797	14.2139	57.4779	200
5565	41.2576	14.3142	57.0724	200
5566	42.9088	14.3079	56.7774	200
5567	47.0306	14.1179	56.5743	200
5568	47.9214	13.8902	56.394	200
5569	47.7612	13.6711	56.2142	200
5570	48.6506	13.4166	56.0566	200
5571	36.3919	13.677	55.6469	200
5572	49.7057	13.3547	55.5231	200
5573	41.2111	13.3945	55.225	200
5574	40.6884	13.4421	54.9221	200
5575	44.6601	13.3096	54.7083	200
5576	47.0716	13.0733	54.5492	200
5577	47.9385	12.804	54.4115	200
5578	55.1226	12.3001	54.4263	200
5579	53.0066	11.8468	54.3968	200
5580	51.5765	11.4707	54.338	200
5581	56.3606	11.077	54.3801	200
5582	53.8375	10.6381	54.3688	200
5583	64.4531	10.615	54.5789	200
5584	50.248	10.3531	54.4887	200
5585	46.3587	10.2605	54.3193	200
5586	47.57	10.1142	54.1787	200
5587	44.0575	10.1145	53.9678	200
5588	42.4205	10.1742	53.7273	200
5589	42.5717	10.2151	53.4949	200
5590	43.5596	10.2034	53.2879	200
5591	35.9938	10.4567	52.9791	200
5592	35.9114	10.6928	52.6743	200
5593	35.2834	10.932	52.3637	200
5594	35.283	11.1516	52.0587	200
5595	41.9223	11.1153	51.8777	200
5596	36.1909	11.2786	51.5976	200
5597	36.5529	11.4131	51.3289	200
5598	36.6916	11.5282	51.0675	200
5599	36.466	11.638	50.8068	200
5600	36.5438	11.7318	50.5521	200
5601	36.238	11.824	50.2965	200
5602	35.9993	11.9123	50.0412	200
5603	36.3219	11.9768	49.7962	200
5604	36.977	12.0069	49.5673	200
5605	38.3089	11.9802	49.3662	200
5606	38.629	11.9358	49.1745	200
5607	40.6301	11.8147	49.0219	200
5608	52.6263	11.5215	49.0863	200
5609	51.3631	11.1913	49.127	200
5610	47.0498	10.8658	49.0899	200
5611	49.384	10.4882	49.0951	200
5612	48.2733	10.143	49.0804	200
5613	53.2752	9.89515	49.1678	200
5614	51.9758	9.59985	49.2263	200
5615	50.6452	9.1908	49.2618	200
5616	60.9338	9.31486	49.5536	200
5617	61.1637	9.45832	49.9164	200
5618	62.3908	9.64682	50.3062	200
5619	63.7848	9.88631	50.7274	200
5620	62.5244	10.0057	51.0961	200
5621	61.7213	10.0444	51.4281	200
5622	63.8009	10.19	51.8148	200
5623	57.9638	9.93739	52.0069	200
5624	58.565	9.72619	52.2119	200
5625	57.9795	9.47877	52.3921	200
5626	47.5437	9.18938	52.2406	200
5627	50.5049	8.72352	52.1864	200
5628	51.1904	8.24055	52.1552	200
5629	51.758	7.75033	52.1428	200
5630	52.423	7.28345	52.1516	200
5631	52.4885	6.93612	52.16	200
5632	52.6424	6.61344	52.1721	200
5633	46.5906	6.56184	52.0325	200
5634	48.5753	6.40661	51.9461	200
5635	33.3903	7.01407	51.4822	200
5636	43.4396	7.06549	51.2811	200
5637	44.074	7.07257	51.1009	200
5638	47.7042	6.88879	51.016	200
5639	51.2594	6.55652	51.0221	200
5640	52.29	6.29208	51.0538	200
5641	55.1153	6.18055	51.1553	200
5642	53.1272	5.97011	51.2046	200
5643	53.6562	5.79419	51.2659	200
5644	52.3913	5.50239	51.3011	200
5645	50.2317	5.22532	51.2677	200
5646	36.747	5.99994	50.6626	200
5647	42.1385	6.21029	50.3075	200
5648	37.0953	6.79378	49.757	200
5649	35.6067	7.40681	49.1674	200
5650	43.5664	7.25633	48.934	200
5651	46.9852	6.81403	48.8528	200
5652	42.1461	6.80509	48.5733	200
5653	33.7001	7.47744	47.9536	200
5654	33.8713	8.02785	47.3669	200
5655	33.191	8.54018	46.7762	200
5656	24.9622	9.64633	45.8673	200
5657	24.8917	10.5904	44.9933	200
5658	24.5941	11.4078	44.1433	200
5659	25.3114	12.0265	43.3587	200
5660	26.2075	12.3468	42.8227	200
5661	26.0332	12.6245	42.298	200
5662	24.6896	12.936	41.7478	200
5663	27.2128	13.0692	41.1421	200
5664	29.6143	12.9408	40.6618	200
5665	36.4771	11.8463	40.4003	200
5666	26.2127	12.1389	39.5135	200
5667	26.9532	12.1916	38.7285	200
5668	27.3637	12.0882	38.0182	200
5669	28.5578	11.7598	37.4269	200
5670	25.5818	11.7704	36.6866	200
5671	25.4224	11.7072	35.9826	200
5672	26.1216	11.4764	35.3663	200
5673	26.1556	11.2876	34.9825	200
5674	25.8969	11.1041	34.6039	200
5675	24.7894	10.9966	34.195	200
5676	25.0023	10.8463	33.812	200
5677	24.9521	10.6808	33.4428	200
5678	25.8607	10.4225	33.1269	200
5679	25.7422	10.1694	32.8192	200
5680	26.3101	9.86436	32.548	200
5681	28.3522	9.39198	32.3732	200
5682	28.8205	8.90536	32.2251	200
5683	30.3534	8.31922	32.1471	200
5684	30.1156	7.79525	32.0625	200
5685	30.5647	7.27046	32.0001	200
5686	31.8764	6.82378	31.9962	200
5687	31.638	6.41969	31.985	200
5688	24.7039	6.47353	31.7575	200
5689	27.1128	6.35923	31.6123	200
5690	26.7599	6.26505	31.4607	200
5691	27.4707	6.12286	31.336	200
5692	28.3538	5.92657	31.2428	200
5693	29.1258	5.68848	31.1767	200
5694	30.6234	5.36752	31.1594	200
5695	33.6648	5.18864	31.2377	200
5696	31.6563	4.89052	31.2508	200
5697	30.0467	4.66011	31.2131	200
5698	30.2945	4.42627	31.1844	200
5699	29.5727	4.25036	31.134	200
5700	29.7005	4.07431	31.0892	200
5701	30.4634	3.85878	31.0697	200
5702	30.5136	3.69364	31.0558	200
5703	33.9701	3.65468	31.1286	200
5704	32.1874	3.52488	31.1551	200
5705	30.519	3.38044	31.1392	200
5706	29.7407	3.28134	31.1042	200
5707	29.7981	3.18258	31.0716	200
5708	30.0285	3.07561	31.0455	200
5709	29.1116	3.01852	30.9972	200
5710	28.8178	2.97656	30.9427	200
5711	29.5727	2.89623	30.9084	200
5712	32.8151	2.84676	30.9561	200
5713	30.2148	2.74148	30.9376	200
5714	28.5419	2.72419	30.8777	200
5715	26.7681	2.79346	30.7749	200
5716	26.7587	2.8546	30.6745	200
5717	26.9751	2.89685	30.582	200
5718	29.0093	2.83064	30.5427	200
5719	29.4255	2.74497	30.5148	200
5720	32.0121	2.68259	30.5522	200
5721	33.8308	2.71238	30.6342	200
5722	34.5196	2.77103	30.7313	200
5723	32.5484	2.73128	30.7692	200
5724	38.767	2.95072	30.9358	200
5725	37.812	3.11428	31.0791	200
5726	36.5313	3.2117	31.1926	200
5727	35.8898	3.27359	31.2905	200
5728	36.5538	3.3565	31.4001	200
5729	35.6107	3.39208	31.4879	200
5730	35.1703	3.40418	31.5646	200
5731	34.2532	3.37436	31.6206	200
5732	32.3274	3.26321	31.6353	200
5733	33.2298	3.19368	31.6685	200
5734	38.4347	3.34253	31.8095	200
5735	39.9096	3.54077	31.9783	200
5736	42.5332	3.83303	32.1981	200
5737	43.6836	4.21565	32.4853	200
5738	41.5419	4.45769	32.7117	200
5739	42.9093	4.81644	33.0304	200
5740	43.3121	5.15801	33.3517	200
5741	42.5726	5.49659	33.7359	200
5742	44.3338	5.9217	34.1775	200
5743	42.8643	6.15212	34.5394	200
5744	44.9735	6.50896	34.9742	200
5745	50.8576	7.29016	35.636	200
5746	47.8253	7.69843	36.1439	200
5747	48.5218	7.99089	36.5307	200
5748	37.3637	7.54353	36.5567	200
5749	38.5545	7.19692	36.6191	200
5750	38.5976	6.87077	36.681	200
5751	37.9419	6.52015	36.7204	200
5752	37.2274	6.14433	36.7362	200
5753	35.8824	5.81367	36.7095	200
5754	37.2168	5.48202	36.7254	200
5755	37.845	5.20937	36.7604	200
5756	29.2981	5.35017	36.5272	200
5757	29.0653	5.48215	36.294	200
5758	31.2859	5.45252	36.1375	200
5759	31.7033	5.38888	35.9989	200
5760	27.8793	5.55955	35.7452	200
5761	34.4721	5.29165	35.7054	200
5762	35.2581	4.98888	35.6914	200
5763	35.9195	4.69133	35.6985	200
5764	35.9693	4.4703	35.7053	200
5765	27.0256	4.68077	35.4883	200
5766	24.8333	4.97948	35.2219	200
5767	22.6873	5.35724	34.9086	200
5768	20.7817	5.79572	34.5554	200
5769	20.6185	6.20278	34.207	200
5770	19.2097	6.6425	33.832	200
5771	19.2107	7.04145	33.4665	200
5772	22.9212	7.21664	33.2029	200
5773	25.7264	7.22963	33.016	200
5774	26.4256	7.19766	32.8512	200
5775	27.4223	7.10923	32.7155	200
5776	29.6866	6.90521	32.6398	200
5777	31.6801	6.60793	32.6158	200
5778	31.7568	6.32048	32.5943	200
5779	30.3982	6.11426	32.5394	200
5780	29.1245	5.97929	32.454	200
5781	30.4221	5.78193	32.4032	200
5782	26.848	5.77059	32.2643	200
5783	26.494	5.77057	32.1201	200
5784	31.0231	5.53689	32.0927	200
5785	30.4593	5.37424	32.0586	200
5786	27.9705	5.32066	31.9735	200
5787	26.9391	5.30873	31.8686	200
5788	24.8523	5.37987	31.7224	200
5789	24.8233	5.44318	31.5787	200
5790	24.2751	5.52069	31.4265	200
5791	26.313	5.50373	31.32	200
5792	26.3007	5.48354	31.2154	200
5793	30.9803	5.26485	31.2105	200
5794	32.0452	5.08026	31.2279	200
5795	31.5421	4.88168	31.2344	200
5796	32.2286	4.7197	31.2552	200
5797	31.4434	4.53088	31.2591	200
5798	36.8119	4.57346	31.3748	200
5799	35.8973	4.57134	31.469	200
5800	36.5817	4.5939	31.5755	200
5801	37.3183	4.64177	31.6951	200
5802	40.4766	4.81426	31.8781	200
5803	42.7237	5.06556	32.104	200
5804	44.1104	5.35476	32.3542	200
5805	39.38	5.42439	32.5005	200
5806	37.8206	5.42004	32.6114	200
5807	36.5751	5.35936	32.6939	200
5808	37.3437	5.32979	32.7908	200
5809	39.6783	5.3947	32.9343	200
5810	41.2706	5.49975	33.0832	200
5811	38.9019	5.51114	33.1871	200
5812	41.4481	5.60935	33.3346	200
5813	42.8005	5.74709	33.5036	200
5814	42.7579	5.87235	33.6689	200
5815	40.9712	5.92342	33.7993	200
5816	38.0488	5.86363	33.8752	200
5817	42.1125	5.94841	34.0223	200
5818	45.4666	6.14469	34.2266	200
5819	44.9346	6.30767	34.4178	200
5820	47.806	6.56054	34.6569	200
5821	47.546	6.78656	34.8871	200
5822	45.8973	6.93741	35.0837	200
5823	46.5726	7.09996	35.2888	200
5824	47.109	7.26854	35.4999	200
5825	46.1291	7.38857	35.6897	200
5826	44.1124	7.4255	35.8401	200
5827	44.1225	7.4561	35.988	200
5828	44.1583	7.48161	36.1339	200
5829	43.2275	7.46775	36.2606	200
5830	40.0597	7.33673	36.3284	200
5831	41.3078	7.25254	36.4173	200
5832	42.0594	7.19502	36.5181	200
5833	44.0258	7.20619	36.6522	200
5834	41.2515	7.11308	36.7343	200
5835	40.5911	6.99679	36.8032	200
5836	42.7046	6.95767	36.9085	200
5837	43.5297	6.94565	37.0268	200
5838	44.813	6.97567	37.1658	200
5839	45.4084	7.01526	37.2946	200
5840	43.4615	6.98875	37.391	200
5841	42.0163	6.91489	37.4632	200
5842	40.0011	6.77811	37.5029	200
5843	41.9662	6.70577	37.5726	200
5844	41.9734	6.63374	37.6414	200
5845	41.2293	6.53856	37.6975	200
5846	38.8885	6.37145	37.7161	200
5847	37.5594	6.17724	37.7136	200
5848	35.4497	6.05494	37.6782	200
5849	38.861	5.90269	37.6967	200
5850	40.4293	5.80362	37.7394	200
5851	44.4866	5.83311	37.8448	200
5852	43.6867	5.83338	37.9361	200
5853	44.5725	5.85847	38.0398	200
5854	45.7896	5.91758	38.1609	200
5855	44.4796	5.93011	38.2596	200
5856	43.5928	5.91145	38.343	200
5857	44.5024	5.9192	38.4392	200
5858	44.4507	5.92209	38.5331	200
5859	41.7741	5.8383	38.5838	200
5860	41.7414	5.75453	38.6331	200
5861	40.847	5.64389	38.6677	200
5862	40.1099	5.51258	38.6902	200
5863	42.621	5.46315	38.7517	200
5864	43.6388	5.44515	38.828	200
5865	42.6933	5.39578	38.8884	200
5866	41.2806	5.30192	38.9258	200
5867	39.2126	5.1452	38.9303	200
5868	41.8046	5.07423	38.9752	200
5869	45.346	5.11475	39.0747	200
5870	45.6115	5.15919	39.1769	200
5871	46.8686	5.23833	39.297	200
5872	47.5744	5.32275	39.412	200
5873	47.935	5.41164	39.5304	200
5874	48.2988	5.50489	39.6522	200
5875	48.1546	5.58815	39.7703	200
5876	49.1364	5.69309	39.9003	200
5877	49.6215	5.80498	40.0354	200
5878	52.5143	5.99037	40.2087	200
5879	46.125	5.98831	40.2908	200
5880	44.9783	5.95218	40.3559	200
5881	45.3136	5.92455	40.4248	200
5882	44.7697	5.88067	40.4851	200
5883	45.7827	5.86447	40.5587	200
5884	45.7717	5.84638	40.6311	200
5885	44.3981	5.78862	40.6834	200
5886	42.9189	5.68992	40.7145	200
5887	44.7657	5.6444	40.7708	200
5888	45.5338	5.61991	40.8369	200
5889	46.2981	5.6155	40.9128	200
5890	44.7439	5.56594	40.966	200
5891	45.8477	5.54693	41.0338	200
5892	45.4479	5.51153	41.1027	200
5893	46.1278	5.49633	41.1813	200
5894	47.933	5.54117	41.3018	200
5895	48.2648	5.59194	41.4262	200
5896	51.0312	5.75915	41.6263	200
5897	51.8043	5.94327	41.8383	200
5898	53.6059	6.23449	42.1325	200
5899	53.8319	6.50773	42.425	200
5900	53.7729	6.74974	42.7087	200
5901	54.1555	6.9846	42.9948	200
5902	57.6017	7.36571	43.36	200
5903	56.4667	7.65276	43.6877	200
5904	54.9874	7.83511	43.9702	200
5905	55.1151	8.0006	44.2488	200
5906	54.3826	8.10726	44.5021	200
5907	54.4162	8.1976	44.75	200
5908	55.7017	8.3353	45.0238	200
5909	44.973	7.92108	45.0225	200
5910	46.3827	7.59304	45.0565	200
5911	51.7638	7.54874	45.2242	200
5912	45.645	7.19235	45.2347	200
5913	46.3958	6.89078	45.2638	200
5914	44.9881	6.56003	45.2569	200
5915	42.7402	6.35785	45.1939	200
5916	44.1141	6.09395	45.1669	200
5917	53.7241	6.19658	45.3452	200
5918	53.8271	6.29181	45.5219	200
5919	54.4287	6.40076	45.7075	200
5920	35.6055	6.55498	45.497	200
5921	38.5574	6.57101	45.3524	200
5922	33.7016	6.78267	45.1097	200
5923	44.944	6.50696	45.1063	200
5924	44.8051	6.24838	45.1	200
5925	44.0949	6.02991	45.0791	200
5926	44.8652	5.78758	45.0746	200
5927	45.5066	5.56443	45.0836	200
5928	56.6145	5.81303	45.3238	200
5929	50.8023	5.79909	45.438	200
5930	58.1294	6.08627	45.7024	200
5931	56.7107	6.29135	45.9317	200
5932	57.3987	6.50701	46.1706	200
5933	48.9758	6.35276	46.229	200
5934	47.895	6.15748	46.2637	200
5935	35.7261	6.33999	46.0442	200
5936	35.0642	6.53332	45.8155	200
5937	38.1992	6.57844	45.6568	200
5938	40.0387	6.53843	45.5397	200
5939	39.4832	6.51835	45.4136	200
5940	35.3314	6.66684	45.2035	200
5941	40.0274	6.60473	45.0957	200
5942	40.4619	6.53433	45.0129	200
5943	46.0238	6.33707	45.031	200
5944	51.7542	6.35086	45.151	200
5945	52.4408	6.38439	45.2812	200
5946	53.9934	6.46752	45.4368	200
5947	53.5879	6.52765	45.5823	200
5948	55.9355	6.66427	45.7672	200
5949	56.0817	6.79464	45.9514	200
5950	60.3679	7.06684	46.2088	200
5951	66.9285	7.55444	46.5788	200
5952	66.7602	8.0054	46.9392	200
5953	61.1491	8.22699	47.193	200
5954	58.5395	8.3384	47.3956	200
5955	69.5927	8.83336	47.792	200
5956	73.7769	9.44591	48.256	200
5957	80.6941	10.2671	48.8352	200
5958	79.1862	10.9843	49.3772	200
5959	80.7602	11.7129	49.9376	200
5960	79.7596	12.3596	50.4702	200
5961	79.2648	12.9466	50.9843	200
5962	79.8375	13.5147	51.4996	200
5963	77.9368	13.9762	51.9717	200
5964	74.3557	14.2765	52.3714	200
5965	68.0877	14.3365	52.6988	200
5966	67.4942	14.3556	53.007	200
5967	67.6947	14.3722	53.3742	200
5968	66.7412	14.3219	53.7084	200
5969	70.8458	14.4979	54.244	200
5970	72.3712	14.7247	54.8104	200
5971	72.4037	14.904	55.3602	200
5972	66.0351	14.6397	55.6938	200
5973	63.42	14.2076	55.9353	200
5974	61.8627	13.6901	56.1205	200
5975	61.915	13.1966	56.3016	200
5976	61.9667	12.7259	56.4786	200
5977	61.4681	12.2424	56.6345	200
5978	51.9337	11.771	56.4876	200
5979	48.4329	11.5388	56.2359	200
5980	36.7138	12.0377	55.6258	200
5981	35.8551	12.521	55.008	200
5982	39.3847	12.7149	54.5198	200
5983	38.1315	12.8986	54.1101	200
5984	49.2192	12.4982	53.9878	200
5985	57.3778	12.0428	54.0725	200
5986	55.8363	11.5288	54.1166	200
5987	41.0277	11.6068	53.7894	200
5988	50.841	11.1739	53.7157	200
5989	49.1249	10.7625	53.5722	200
5990	49.2314	10.3611	53.4366	200
5991	49.074	9.86125	53.2548	200
5992	50.4189	9.2758	53.1366	200
5993	52.3084	8.57184	53.1021	200
5994	55.9294	8.09312	53.2199	200
5995	53.1208	7.42696	53.2158	200
5996	51.7893	6.92692	53.1564	200
5997	49.1708	6.68181	52.9903	200
5998	44.3717	6.84321	52.6312	200
5999	44.2558	6.97089	52.2822	200
6000	35.2917	7.80586	51.5743	200
6001	29.8437	8.96625	50.6688	200
6002	30.4833	9.9012	49.8278	200
6003	38.744	9.99974	49.366	200
6004	28.0762	10.9406	48.4789	200
6005	28.8905	11.6612	47.6627	200
6006	27.3401	12.2026	47.0276	200
6007	45.6829	11.5239	46.9856	200
6008	48.232	10.8816	47.0245	200
6009	48.3235	10.2827	47.0651	200
6010	45.8044	9.71881	47.0257	200
6011	46.4497	9.14738	47.0077	200
6012	47.6497	8.6158	47.0278	200
6013	49.1857	8.21218	47.0952	200
6014	49.468	7.84721	47.1694	200
6015	32.9949	8.24267	46.7264	200
6016	31.5775	8.67431	46.253	200
6017	51.6481	8.46935	46.4216	200
6018	51.3274	8.24663	46.5749	200
6019	48.2729	7.83734	46.628	200
6020	57.0628	7.99969	46.9541	200
6021	58.3871	8.21427	47.3114	200
6022	59.1484	8.44069	47.6813	200
6023	59.8027	8.62473	47.9843	200
6024	62.5041	8.91948	48.3473	200
6025	62.0877	9.16053	48.6908	200
6026	42.6494	9.00457	48.5398	200
6027	38.6383	9.04942	48.2922	200
6028	49.3806	8.65136	48.3194	200
6029	47.5126	8.25913	48.2993	200
6030	47.4577	7.88826	48.2782	200
6031	55.1909	7.83948	48.451	200
6032	57.3549	7.89269	48.6736	200
6033	55.9344	7.8611	48.8552	200
6034	47.1136	7.55512	48.8116	200
6035	47.8305	7.22642	48.7871	200
6036	50.6677	6.95913	48.8341	200
6037	50.5373	6.69633	48.8767	200
6038	35.9993	7.00538	48.5547	200
6039	28.4681	7.65945	48.0526	200
6040	31.377	8.11025	47.6357	200
6041	37.8479	8.19413	47.391	200
6042	36.9835	8.3048	47.1308	200
6043	44.01	8.0456	47.0528	200
6044	44.7298	7.80715	47.0044	200
6045	47.5134	7.50306	47.015	200
6046	47.4627	7.20909	47.0243	200
6047	45.9746	6.95245	47.0025	200
6048	45.3083	6.73335	46.9672	200
6049	45.4051	6.51788	46.9346	200
6050	46.6933	6.25636	46.9296	200
6051	45.8364	6.04123	46.9068	200
6052	46.5298	5.80522	46.899	200
6053	51.4899	5.75462	46.9946	200
6054	48.0072	5.55704	47.0157	200
6055	49.7852	5.44089	47.0734	200
6056	51.9619	5.41787	47.1752	200
6057	50.6342	5.33625	47.2473	200
6058	50.5518	5.25159	47.3161	200
6059	48.5308	5.08338	47.3414	200
6060	47.8936	4.89458	47.353	200
6061	48.9339	4.75652	47.3859	200
6062	50.7924	4.70026	47.4569	200
6063	50.819	4.64451	47.5269	200
6064	47.8282	4.46354	47.5332	200
6065	44.638	4.39819	47.4729	200
6066	48.7198	4.26689	47.4988	200
6067	49.2611	4.16253	47.5355	200
6068	49.7582	4.0817	47.5819	200
6069	47.5671	3.93645	47.5816	200
6070	48.9	3.84295	47.6051	200
6071	47.5393	3.70805	47.604	200
6072	47.5299	3.57827	47.6026	200
6073	50.9944	3.57161	47.6632	200
6074	50.6145	3.54945	47.7159	200
6075	49.515	3.48694	47.748	200
6076	47.4674	3.37243	47.743	200
6077	48.1144	3.26525	47.7496	200
6078	47.4999	3.15755	47.7452	200
6079	48.7451	3.08049	47.763	200
6080	49.2207	3.02253	47.7891	200
6081	50.7571	3.02058	47.8421	200
6082	54.8087	3.16151	47.9665	200
6083	55.7309	3.3259	48.1051	200
6084	57.0401	3.52623	48.2647	200
6085	56.514	3.69491	48.412	200
6086	59.8385	3.97104	48.616	200
6087	59.18	4.2065	48.8047	200
6088	58.3699	4.39788	48.9755	200
6089	56.996	4.52726	49.1187	200
6090	59.0271	4.71945	49.2956	200
6091	59.0849	4.93069	49.4996	200
6092	57.8186	5.07187	49.6729	200
6093	58.6455	5.2669	49.8972	200
6094	56.4141	5.3294	50.0601	200
6095	56.2935	5.3859	50.2549	200
6096	57.1452	5.47992	50.4702	200
6097	55.0101	5.40158	50.6594	200
6098	54.19	5.24567	50.8065	200
6099	49.3721	4.76926	50.7169	200
6100	51.4102	4.25976	50.7602	200
6101	54.2683	4.07184	51.1987	200
6102	54.2385	3.81382	51.5787	200
6103	53.9898	3.46315	51.8801	200
