segment	rtt	rttvar	srtt	rto
0	509.841	254.921	509.841	2549.21
1	512.761	242.321	509.914	2448.48
2	518.276	232.572	510.089	2370.67
3	520.742	223.326	510.31	2296.92
4	526.304	215.921	510.596	2237.96
5	529.38	208.88	510.932	2181.97
6	532.073	203.014	511.262	2135.37
7	543.341	197.672	511.763	2093.14
8	545.749	193.125	512.235	2057.24
9	546.676	188.717	512.713	2022.45
10	58.4673	195.355	507.035	2069.88
11	58.7288	201.679	501.432	2114.86
12	65.9981	206.992	496.483	2152.42
13	67.6063	212.035	491.61	2187.89
14	62.1412	216.564	487.136	2219.65
15	62.2284	220.905	482.71	2249.95
16	80.5099	224.391	478.843	2273.97
17	80.5584	227.735	475.013	2296.9
18	77.5595	230.766	471.464	2317.59
19	80.4423	233.628	467.973	2337
20	77.4351	236.243	464.719	2354.66
21	77.4587	238.76	461.491	2371.57
22	78.4428	241.014	458.499	2386.61
23	78.5572	243.185	455.531	2401.01
24	81.3144	245.112	452.779	2413.68
25	86.0536	246.901	450.083	2425.29
26	89.9612	248.473	447.582	2435.37
27	94.6767	249.924	445.131	2444.52
28	94.3354	251.251	442.823	2452.83
29	94.7777	252.524	440.533	2460.73
30	101.295	253.665	438.301	2467.62
31	102.381	254.808	435.969	2474.43
32	102.17	255.905	433.651	2480.89
33	102.382	257.013	431.215	2487.32
34	112.537	257.92	428.872	2492.23
35	112.579	258.832	426.401	2497.06
36	111.116	259.714	423.937	2501.65
37	111.191	260.598	421.331	2506.12
38	115.616	261.35	418.784	2509.58
39	115.655	262.096	416.077	2512.85
40	116.288	262.769	413.4	2515.55
41	116.42	263.427	410.545	2517.96
42	118.438	263.979	407.736	2519.56
43	118.516	264.504	404.723	2520.76
44	123.797	264.847	401.797	2520.57
45	123.86	265.144	398.639	2519.79
46	121.453	265.418	395.489	2518.83
47	124.996	265.545	392.108	2516.46
48	122.145	265.655	388.733	2513.97
49	123.573	265.643	385.419	2510.56
50	123.592	265.547	382.146	2506.52
51	123.614	265.372	378.914	2501.89
52	123.346	265.127	375.72	2496.73
53	123.362	264.808	372.565	2491.03
54	119.945	264.503	369.407	2485.43
55	120.028	264.125	366.29	2479.29
56	120.091	263.677	363.213	2472.63
57	131.15	262.886	360.312	2463.4
58	121.989	262.272	357.333	2455.51
59	122.589	261.584	354.399	2447.07
60	123.342	260.821	351.51	2438.08
61	123.399	260.003	348.659	2428.68
62	128.214	259.014	345.903	2418.02
63	128.306	257.979	343.183	2407.01
64	129.374	256.874	340.511	2395.51
65	129.434	255.73	337.872	2383.71
66	140.812	254.263	335.409	2369.51
67	144.865	252.67	333.027	2354.39
68	151.467	250.892	330.758	2337.89
69	155.601	248.999	328.568	2320.56
70	155.634	247.097	326.407	2303.18
71	155.634	245.189	324.272	2285.78
72	155.634	243.275	322.164	2268.37
73	155.638	241.356	320.082	2250.93
74	155.64	239.434	318.027	2233.5
75	155.574	237.509	315.996	2216.07
76	155.653	235.58	313.992	2198.63
77	149.603	233.8	311.937	2182.34
78	161.262	231.722	310.054	2163.83
79	160.688	229.663	308.187	2145.49
80	160.708	227.609	306.343	2127.21
81	155.276	225.869	304.626	2111.58
82	155.426	224.126	302.931	2095.94
83	165.646	222.153	301.371	2078.59
84	165.66	220.188	299.829	2061.33
85	159.865	218.365	298.238	2045.16
86	159.848	216.547	296.666	2029.04
87	159.796	214.736	295.11	2013
88	159.985	212.927	293.575	1996.99
89	134.779	211.697	291.77	1985.34
90	134.327	210.464	289.981	1973.69
91	134.342	209.218	288.212	1961.95
92	134.342	207.96	286.464	1950.14
93	134.403	206.689	284.736	1938.25
94	134.516	205.406	283.029	1926.28
95	134.566	204.112	281.342	1914.24
96	140.665	202.67	279.743	1901.1
97	140.494	201.229	278.161	1887.99
98	135.543	199.897	276.54	1875.71
99	141.877	198.414	275.01	1862.32
100	141.893	196.93	273.497	1848.94
101	141.964	195.444	272.003	1835.55
102	142.079	193.955	270.526	1822.16
103	142.172	192.464	269.068	1808.78
104	147.06	190.863	267.681	1794.58
105	155.365	189.077	266.405	1779.02
106	160.614	187.185	265.203	1762.68
107	160.653	185.306	264.015	1746.47
108	160.677	183.444	262.84	1730.39
109	148.768	181.867	261.544	1716.48
110	162.845	179.977	260.422	1700.24
111	151.177	178.369	259.181	1686.13
112	156.995	176.638	258.02	1671.12
113	157.024	174.747	256.757	1654.73
114	157.356	172.863	255.515	1638.42
115	157.3	170.79	254.151	1620.47
116	157.167	168.739	252.804	1602.72
117	157.118	166.456	251.309	1582.96
118	155.655	164.244	249.814	1563.76
119	155.61	161.742	248.132	1542.07
120	155.815	159.263	246.483	1520.59
121	138.212	157.138	244.228	1501.33
122	138.204	155.009	242.019	1482.09
123	138.137	152.878	239.855	1462.88
124	138.035	150.751	237.733	1443.74
125	138.092	148.621	235.658	1424.63
126	138.082	146.494	233.625	1405.58
127	133.08	144.58	231.53	1388.17
128	136.419	142.519	229.549	1369.7
129	131.173	140.679	227.499	1352.93
130	131.329	138.825	225.496	1336.09
131	136.15	136.763	223.634	1317.74
132	136.178	134.709	221.812	1299.48
133	123.769	133.181	219.77	1285.22
134	115.879	131.961	217.605	1273.29
135	120.185	130.521	215.576	1259.75
136	120.211	129.056	213.589	1246.04
137	120.167	127.572	211.643	1232.22
138	120.122	126.07	209.736	1218.29
139	120.186	124.548	207.87	1204.25
140	120.234	123.01	206.044	1190.12
141	98.206	122.468	204.119	1183.86
142	98.3184	121.873	202.229	1177.21
143	103.078	121.061	200.459	1168.95
144	98.2549	120.388	198.634	1161.74
145	98.5551	119.663	196.847	1154.15
146	103.101	118.737	195.173	1145.07
147	53.8663	119.543	192.649	1148.99
148	60.3978	120.073	189.894	1150.47
149	60.5048	120.461	187.199	1150.88
150	60.5119	120.772	184.031	1150.21
151	60.5158	120.909	180.943	1148.22
152	60.431	120.884	177.177	1144.25
153	60.4335	120.626	173.529	1138.53
154	60.483	120.152	169.997	1131.21
155	60.0138	119.516	166.56	1122.69
156	59.8989	118.713	163.226	1112.93
157	55.1159	118.05	159.848	1104.25
158	55.1744	117.214	156.577	1094.29
159	54.853	116.246	153.398	1083.37
160	60.1639	114.808	150.484	1068.95
161	43.3982	114.325	147.138	1061.74
162	43.415	113.442	142.816	1050.35
163	33.3345	113.112	138.254	1043.15
164	37.8224	111.527	131.977	1024.19
165	37.6663	109.375	126.083	1001.08
166	37.6522	106.757	120.556	974.61
167	37.6561	103.775	115.375	945.572
168	32.7359	101.133	110.21	919.272
169	26.167	99.7086	106.708	904.377
170	26.1859	98.1097	103.353	888.231
171	26.1403	95.4976	98.5272	862.508
172	26.1479	92.6078	94.0035	834.866
173	32.054	84.9432	86.2598	765.806
174	32.109	81.0942	82.8754	731.629
175	24.5098	78.2531	79.2276	705.253
176	16.2508	76.3436	75.2915	686.04
177	16.7692	74.1159	71.6339	664.561
178	18.286	71.5199	68.2996	640.459
179	11.5192	69.6775	64.7508	622.171
180	3.31041	68.6478	60.9108	610.094
181	3.84603	67.2	57.3443	594.944
182	4.24949	65.4368	54.0258	577.52
183	4.63215	64.0999	51.9678	564.767
184	4.50308	62.7136	49.9901	551.699
185	4.58581	61.2712	48.0982	538.268
186	4.42087	59.805	46.2783	524.719
187	4.11107	58.3352	44.5214	511.203
188	5.71712	56.7076	42.9045	496.566
189	13.9808	54.3923	41.6994	476.838
190	13.3635	52.2209	40.5187	458.286
191	12.8147	50.1779	39.3644	440.787
192	18.0172	47.7753	38.4749	420.677
193	17.9917	45.501	37.6214	401.629
194	16.5013	43.4692	36.7414	384.495
195	16.5755	41.5273	35.9012	368.119
196	12.301	40.4068	35.1637	358.418
197	12.2995	39.3104	34.4492	348.933
198	12.362	38.234	33.759	339.631
199	12.4452	37.1765	33.0929	330.505
200	12.4665	36.1421	32.4483	321.585
201	12.3447	35.1397	31.8201	312.937
202	12.2251	34.1681	31.2077	304.553
203	12.2311	33.2187	30.6147	296.364
204	15.895	32.0625	30.1547	286.655
205	15.9893	30.9439	29.7121	277.263
206	17.706	29.7603	29.3369	267.419
207	17.3688	28.6483	28.9629	258.149
208	17.4754	27.5757	28.6039	249.21
209	17.4963	26.5465	28.2568	240.629
210	17.5829	25.5544	27.9232	232.359
211	22.5705	24.2918	27.7559	222.091
212	22.6119	23.0951	27.5952	212.356
213	19.0912	22.3655	27.3826	206.307
214	19.0703	21.6629	27.1748	200.478
215	17.2711	21.0749	26.9272	200
216	18.7481	20.4301	26.7227	200
217	18.7036	19.8096	26.5222	200
218	18.7111	19.2097	26.3269	200
219	18.7037	18.6303	26.1364	200
220	13.7617	18.3175	25.827	200
221	13.7645	18.0048	25.5254	200
222	18.4862	17.4565	25.3495	200
223	13.3951	17.1814	25.0506	200
224	13.3548	16.9071	24.7582	200
225	13.5542	16.622	24.4781	200
226	16.2808	16.2007	24.2732	200
227	17.428	15.733	24.102	200
228	17.4433	15.2792	23.9356	200
229	17.3548	14.8443	23.7711	200
230	17.3597	14.4227	23.6108	200
231	17.3937	14.0124	23.4553	200
232	17.5145	13.6088	23.3068	200
233	20.1512	13.1733	23.2411	200
234	24.0416	12.6577	23.2578	200
235	24.1588	12.1679	23.2765	200
236	23.9757	11.69	23.2911	200
237	18.9935	11.382	23.2016	200
238	17.8143	11.1322	23.0893	200
239	17.8013	10.8887	22.9791	200
240	17.8	10.6508	22.8712	200
241	17.7266	10.4214	22.7641	200
242	17.6832	10.1989	22.6582	200
243	22.8975	9.78387	22.6632	200
244	22.9848	9.38961	22.6699	200
245	17.9914	9.19331	22.5724	200
246	13.1699	9.20203	22.3765	200
247	18.1222	8.99588	22.2879	200
248	18.1342	8.79412	22.2014	200
249	19.6986	8.53198	22.1492	200
250	19.8324	8.27301	22.101	200
251	23.7793	7.99824	22.1359	200
252	23.8175	7.73504	22.171	200
253	23.8243	7.48163	22.2054	200
254	23.8272	7.23747	22.2392	200
255	30.0131	7.25983	22.4012	200
256	30.0245	7.27497	22.56	200
257	34.8717	7.48484	22.8165	200
258	32.5277	7.59616	23.0592	200
259	32.4634	7.68655	23.2943	200
260	27.6434	7.47796	23.4303	200
261	27.6402	7.27371	23.5618	200
262	25.0323	6.79011	23.6231	200
263	24.9114	6.33162	23.6768	200
264	20.9484	6.03135	23.5631	200
265	20.9831	5.81564	23.4825	200
266	21.091	5.60163	23.4077	200
267	21.1127	5.39497	23.336	200
268	18.4571	5.36271	23.1835	200
269	16.8571	5.42295	22.9858	200
270	17.2952	5.43967	22.808	200
271	17.47	5.43332	22.6412	200
272	17.5008	5.41501	22.4806	200
273	17.449	5.39104	22.3233	200
274	17.3295	5.36622	22.1673	200
275	21.3872	5.07958	22.1429	200
276	19.663	4.9171	22.0654	200
277	21.0031	4.67618	22.0322	200
278	20.5759	4.47494	21.9867	200
279	20.6157	4.28094	21.9438	200
280	20.6327	4.09532	21.9029	200
281	20.6712	3.91634	21.8644	200
282	20.6849	3.7795	21.8349	200
283	20.7087	3.64683	21.8067	200
284	21.7395	3.46785	21.805	200
285	18.269	3.47126	21.7166	200
286	17.5684	3.50511	21.6129	200
287	17.5929	3.53086	21.5124	200
288	17.3735	3.56126	21.409	200
289	21.9281	3.40915	21.4219	200
290	21.9232	3.26376	21.4345	200
291	22.1093	3.13431	21.4513	200
292	22.1305	3.01155	21.4683	200
293	22.1058	2.89285	21.4843	200
294	22.8205	2.81502	21.5177	200
295	19.1821	2.79105	21.4593	200
296	21.7659	2.66683	21.4669	200
297	21.7785	2.54906	21.4747	200
298	21.782	2.43697	21.4824	200
299	17.2544	2.52653	21.3767	200
300	17.3818	2.59995	21.2768	200
301	17.2224	2.67267	21.1755	200
302	22.3095	2.59573	21.2038	200
303	22.3322	2.53459	21.2273	200
304	22.3338	2.47509	21.2504	200
305	25.1848	2.5359	21.3323	200
306	25.162	2.5898	21.4121	200
307	23.8223	2.58232	21.4623	200
308	23.8405	2.57381	21.5119	200
309	23.8408	2.56361	21.5604	200
310	23.7845	2.54946	21.6067	200
311	23.793	2.53433	21.6523	200
312	23.806	2.51846	21.6972	200
313	18.7199	2.53758	21.6351	200
314	23.9065	2.52649	21.6824	200
315	23.9579	2.51603	21.7298	200
316	23.9655	2.50434	21.7764	200
317	22.0966	2.41334	21.7831	200
318	27.0219	2.53106	21.8922	200
319	23.6073	2.49706	21.928	200
320	23.7009	2.46689	21.9649	200
321	23.8656	2.4433	22.0045	200
322	24.017	2.42535	22.0464	200
323	26.6285	2.51521	22.1419	200
324	26.6462	2.59809	22.2357	200
325	26.6467	2.67362	22.3276	200
326	26.6619	2.74282	22.4179	200
327	21.4802	2.67835	22.4012	200
328	21.6237	2.61046	22.3873	200
329	21.6889	2.54217	22.3748	200
330	26.9703	2.61551	22.4569	200
331	22.0517	2.53656	22.4496	200
332	26.561	2.59281	22.5231	200
333	26.5416	2.64372	22.5948	200
334	26.329	2.68267	22.6615	200
335	26.3173	2.72321	22.7377	200
336	28.6389	2.85563	22.8606	200
337	28.8314	3.01139	23.0099	200
338	28.8707	3.15386	23.1564	200
339	28.8687	3.31376	23.3349	200
340	28.8793	3.45318	23.5082	200
341	28.8837	3.57333	23.6761	200
342	28.8111	3.67093	23.8366	200
343	28.827	3.7534	23.9926	200
344	22.0745	3.63869	23.9326	200
345	27.0275	3.6047	24.0293	200
346	21.6079	3.53074	23.9537	200
347	21.5605	3.45964	23.8789	200
348	19.9701	3.48771	23.7567	200
349	20.0388	3.5021	23.6405	200
350	19.9247	3.51546	23.5244	200
351	19.8941	3.52264	23.411	200
352	14.5333	3.85733	23.1335	200
353	24.8247	3.72194	23.1864	200
354	19.6142	3.71259	23.0748	200
355	19.6014	3.69763	22.9662	200
356	26.0423	3.65879	23.0623	200
357	26.4218	3.64008	23.1673	200
358	26.6336	3.63139	23.254	200
359	32.8421	3.92922	23.4937	200
360	32.9714	4.20665	23.7306	200
361	32.9081	4.45519	23.9601	200
362	24.1269	4.24077	23.9642	200
363	24.2483	4.04293	23.9713	200
364	24.2738	3.85591	23.9789	200
365	24.1636	3.67235	23.9835	200
366	23.8449	3.49566	23.9801	200
367	23.911	3.32433	23.9783	200
368	23.8751	3.16328	23.9757	200
369	17.7199	3.3179	23.8193	200
370	17.6371	3.46112	23.6648	200
371	17.6448	3.58907	23.5143	200
372	21.3937	3.51564	23.4613	200
373	21.3289	3.44648	23.408	200
374	21.493	3.3699	23.3601	200
375	16.9502	3.5219	23.1998	200
376	17.0347	3.65406	23.0457	200
377	17.0744	3.76992	22.8964	200
378	17.0637	3.85587	22.7749	200
379	16.8156	3.94351	22.6508	200
380	16.7191	4.02635	22.5272	200
381	16.6825	4.10211	22.4054	200
382	21.7335	3.95919	22.3914	200
383	24.3393	3.87538	22.432	200
384	24.3514	3.79388	22.472	200
385	24.1378	3.70521	22.5067	200
386	28.8591	3.81551	22.639	200
387	28.8007	3.91327	22.7674	200
388	28.798	4.00149	22.893	200
389	28.8171	4.0816	23.0165	200
390	34.0219	4.37009	23.2457	200
391	34.0762	4.63927	23.4714	200
392	34.0859	4.88824	23.6925	200
393	34.2185	5.12314	23.9118	200
394	29.1446	5.12771	24.0208	200
395	27.2855	5.05009	24.0888	200
396	27.3081	4.9738	24.1559	200
397	27.3093	4.89795	24.2216	200
398	27.3326	4.8235	24.2864	200
399	27.3441	4.74992	24.3501	200
400	27.3444	4.67677	24.4125	200
401	27.3429	4.604	24.4735	200
402	27.4092	4.53449	24.5347	200
403	27.3667	4.47368	24.5853	200
404	27.3573	4.41291	24.6348	200
405	27.3559	4.35249	24.6834	200
406	27.2034	4.28704	24.7284	200
407	27.2071	4.22246	24.7726	200
408	32.0753	4.33247	24.903	200
409	32.092	4.43449	25.0314	200
410	32.0923	4.52829	25.1575	200
411	26.6841	4.42108	25.1847	200
412	26.7585	4.31939	25.2128	200
413	26.7898	4.22145	25.241	200
414	27.0426	4.13502	25.2732	200
415	27.0506	4.05082	25.3049	200
416	32.0091	4.14559	25.4246	200
417	26.856	4.04865	25.4502	200
418	26.88	3.95512	25.4757	200
419	26.9159	3.8653	25.5014	200
420	26.9511	3.77903	25.5273	200
421	27.0613	3.69884	25.5547	200
422	21.8181	3.70019	25.488	200
423	21.838	3.6984	25.4228	200
424	21.8616	3.6935	25.3592	200
425	27.3905	3.63413	25.3955	200
426	27.3325	3.57352	25.4301	200
427	27.4027	3.51635	25.4653	200
428	27.2238	3.45357	25.4967	200
429	32.2381	3.57099	25.6171	200
430	27.3154	3.50411	25.6474	200
431	27.6271	3.44966	25.6828	200
432	27.6014	3.40182	25.7127	200
433	27.5735	3.35366	25.7418	200
434	27.5444	3.30519	25.77	200
435	27.5452	3.25737	25.7977	200
436	27.4109	3.20599	25.8229	200
437	27.2765	3.15123	25.8456	200
438	27.3147	3.09866	25.8686	200
439	32.7072	3.21553	25.9754	200
440	22.321	3.22925	25.9183	200
441	22.3464	3.23996	25.8625	200
442	27.2178	3.18106	25.8837	200
443	27.181	3.12219	25.904	200
444	28.0438	3.09149	25.9374	200
445	28.0553	3.06107	25.9705	200
446	32.5575	3.17125	26.0734	200
447	32.6033	3.27621	26.1755	200
448	32.5913	3.37432	26.2757	200
449	32.5844	3.46602	26.3743	200
450	32.8713	3.56074	26.4758	200
451	32.9024	3.6503	26.5762	200
452	32.9111	3.73419	26.6752	200
453	38.7882	3.99603	26.8645	200
454	38.8053	4.2443	27.051	200
455	33.3825	4.30953	27.15	200
456	33.0221	4.35836	27.2417	200
457	37.9075	4.55547	27.4084	200
458	33.7434	4.61108	27.5073	200
459	33.7821	4.66307	27.6054	200
460	32.189	4.66058	27.677	200
461	32.2439	4.65766	27.7484	200
462	33.0223	4.67691	27.8308	200
463	33.0484	4.69381	27.9123	200
464	33.2075	4.7126	27.995	200
465	33.2263	4.72701	28.0677	200
466	33.3481	4.74238	28.141	200
467	37.9735	4.88377	28.2776	200
468	37.9485	5.01675	28.4119	200
469	38.2127	5.14963	28.548	200
470	27.0381	5.04853	28.5271	200
471	27.005	4.95057	28.5059	200
472	32.1953	4.91554	28.5572	200
473	32.2346	4.88115	28.6082	200
474	38.1981	5.01195	28.7414	200
475	37.4619	5.11496	28.8625	200
476	37.4018	5.21008	28.9811	200
477	32.9846	5.17656	29.0367	200
478	32.9612	5.14178	29.0912	200
479	27.3209	5.04813	29.0667	200
480	27.4195	4.95366	29.0438	200
481	27.3008	4.86447	29.0196	200
482	33.4184	4.85154	29.0807	200
483	33.4378	4.8378	29.1412	200
484	33.4861	4.82411	29.2015	200
485	38.889	4.9592	29.3361	200
486	38.9382	5.08817	29.4694	200
487	40.2663	5.24675	29.6194	200
488	38.2087	5.3396	29.7387	200
489	38.2379	5.42736	29.8567	200
490	33.2733	5.37151	29.9042	200
491	33.2895	5.31633	29.9512	200
492	43.6588	5.54943	30.1416	200
493	43.687	5.77154	30.3297	200
494	43.8057	5.98555	30.5169	200
495	43.8106	6.18855	30.7015	200
496	43.8113	6.38081	30.8836	200
497	43.8117	6.56268	31.0632	200
498	43.6806	6.73086	31.2384	200
499	48.8104	7.03201	31.4825	200
500	42.7358	7.14926	31.6387	200
501	42.7538	7.25942	31.7931	200
502	42.7413	7.35164	31.93	200
503	42.5305	7.43286	32.0625	200
504	43.1209	7.5235	32.2007	200
505	43.097	7.60782	32.3369	200
506	41.6093	7.64943	32.4528	200
507	38.4449	7.608	32.5277	200
508	38.4388	7.56558	32.6016	200
509	38.1707	7.51567	32.6712	200
510	38.1541	7.46485	32.7398	200
511	33.5793	7.29921	32.7503	200
512	33.5473	7.13666	32.7602	200
513	33.6314	6.98002	32.7711	200
514	33.7949	6.83111	32.7839	200
515	38.0362	6.79164	32.8496	200
516	38.0869	6.75279	32.915	200
517	38.0941	6.71344	32.9798	200
518	32.9234	6.54702	32.9791	200
519	32.9056	6.38518	32.9781	200
520	32.9983	6.22605	32.9784	200
521	33.0717	6.07273	32.9796	200
522	33.2234	5.92701	32.9826	200
523	38.2204	5.90978	33.0481	200
524	32.9986	5.76327	33.0475	200
525	33.0537	5.61934	33.0475	200
526	32.9103	5.48229	33.0458	200
527	38.1433	5.47267	33.1095	200
528	38.1718	5.4624	33.1728	200
529	38.3687	5.45574	33.2378	200
530	38.4039	5.4485	33.3023	200
531	37.6288	5.42045	33.3564	200
532	37.6935	5.39336	33.4106	200
533	37.6099	5.36351	33.4631	200
534	37.5245	5.33096	33.5139	200
535	33.2961	5.20313	33.5112	200
536	33.2789	5.07885	33.5083	200
537	33.3155	4.9567	33.5059	200
538	37.9988	4.94511	33.562	200
539	38.1064	4.93509	33.6188	200
540	38.0407	4.92226	33.6741	200
541	37.8691	4.90408	33.7265	200
542	37.9278	4.8865	33.779	200
543	38.0706	4.87298	33.8278	200
544	45.3552	5.02422	33.9588	200
545	39.6733	5.03991	34.0237	200
546	43.4019	5.13851	34.1303	200
547	43.4494	5.23352	34.2362	200
548	45.8863	5.37935	34.3686	200
549	45.9075	5.51934	34.4997	200
550	46.0595	5.65662	34.6311	200
551	46.2578	5.7923	34.7632	200
552	33.2921	5.69409	34.7465	200
553	33.1582	5.60078	34.7284	200
554	33.3591	5.50461	34.7129	200
555	38.1439	5.45749	34.7519	200
556	38.1547	5.41079	34.7905	200
557	38.3236	5.36811	34.8307	200
558	38.4055	5.32736	34.8713	200
559	44.2803	5.42012	34.9782	200
560	44.23	5.5072	35.0833	200
561	44.2365	5.59007	35.1874	200
562	44.5742	5.67636	35.294	200
563	44.5954	5.75874	35.3997	200
564	44.6202	5.83742	35.5045	200
565	49.0889	6.01349	35.6589	200
566	42.6761	6.0363	35.7386	200
567	42.6865	6.05701	35.8176	200
568	38.8741	5.98882	35.8523	200
569	38.852	5.92089	35.8864	200
570	36.3138	5.79603	35.8912	200
571	36.3201	5.67405	35.8961	200
572	35.9315	5.53308	35.8966	200
573	35.714	5.39932	35.8943	200
574	32.9088	5.33227	35.8528	200
575	32.9924	5.26361	35.8131	200
576	32.7558	5.19466	35.7653	200
577	32.9865	5.11916	35.7219	200
578	32.9971	5.03365	35.6732	200
579	37.7739	4.9289	35.7107	200
580	37.8306	4.81186	35.7549	200
581	32.872	4.73148	35.6948	200
582	33.061	4.64408	35.64	200
583	33.0831	4.55711	35.5867	200
584	32.7353	4.48604	35.5273	200
585	37.8219	4.39474	35.5751	200
586	37.8589	4.30678	35.6227	200
587	37.879	4.22135	35.6697	200
588	33.2095	4.14796	35.6184	200
589	32.8463	4.09064	35.5607	200
590	32.8815	4.03183	35.5049	200
591	32.8895	3.97281	35.4504	200
592	38.0209	3.91438	35.5039	200
593	38.9416	3.89451	35.5756	200
594	38.7266	3.86354	35.6412	200
595	38.7061	3.83026	35.705	200
596	38.8456	3.80152	35.7705	200
597	33.7841	3.72589	35.7291	200
598	33.9346	3.64542	35.6917	200
599	34.0003	3.564	35.6565	200
600	34.0256	3.48345	35.6225	200
601	38.8095	3.47287	35.6794	200
602	33.7089	3.41921	35.6442	200
603	38.4804	3.39839	35.6949	200
604	38.5095	3.37754	35.7451	200
605	33.3757	3.34153	35.7028	200
606	22.0018	3.71151	35.4581	200
607	22.0255	4.0587	35.2183	200
608	27.1541	4.20175	35.0743	200
609	27.1027	4.33638	34.9319	200
610	27.1518	4.45937	34.793	200
611	27.0345	4.5772	34.6544	200
612	27.0191	4.68642	34.5181	200
613	27.1286	4.78296	34.3861	200
614	27.1953	4.86895	34.2577	200
615	27.3128	4.9431	34.1337	200
616	32.1783	4.83639	34.0988	200
617	27.5949	4.89595	33.9827	200
618	27.6104	4.94867	33.8689	200
619	27.5933	4.99606	33.7568	200
620	22.3376	5.22546	33.5529	200
621	22.4502	5.43536	33.3546	200
622	27.4047	5.45373	33.2484	200
623	27.3243	5.47053	33.1426	200
624	27.1931	5.48764	33.0363	200
625	27.5918	5.4861	32.9391	200
626	28.0027	5.46647	32.851	200
627	32.1018	5.29799	32.8376	200
628	32.0834	5.13571	32.8241	200
629	32.1033	4.99775	32.8129	200
630	27.1744	5.01777	32.7248	200
631	28.0228	5.0079	32.6513	200
632	27.8167	5.00249	32.5758	200
633	27.8501	4.99383	32.5019	200
634	27.9349	4.98049	32.4306	200
635	26.5495	5.00863	32.3387	200
636	26.4385	5.03649	32.2465	200
637	26.1275	5.07032	32.1509	200
638	26.1517	5.09934	32.0571	200
639	26.1532	5.12449	31.9649	200
640	25.6758	5.16088	31.8666	200
641	25.2009	5.20791	31.7625	200
642	21.087	5.37876	31.5957	200
643	21.1043	5.53853	31.4317	200
644	26.223	5.52823	31.3503	200
645	26.256	5.51467	31.2707	200
646	26.256	5.49904	31.1924	200
647	25.137	5.51643	31.0978	200
648	25.2355	5.52724	31.0062	200
649	25.2354	5.53485	30.916	200
650	25.2081	5.54026	30.8268	200
651	20.7367	5.68244	30.6692	200
652	20.7461	5.81496	30.5141	200
653	21.5595	5.91307	30.3742	200
654	21.5809	6.00308	30.2368	200
655	21.6228	6.08467	30.1022	200
656	21.6315	6.15923	29.9698	200
657	26.7854	6.06627	29.9201	200
658	26.7148	5.97686	29.87	200
659	26.8743	5.8837	29.8232	200
660	32.3845	5.77987	29.8632	200
661	32.4742	5.68085	29.904	200
662	32.4755	5.59447	29.9397	200
663	32.561	5.51189	29.9761	200
664	27.5502	5.42617	29.9424	200
665	27.4594	5.34441	29.9079	200
666	32.4788	5.26737	29.9437	200
667	32.4482	5.19062	29.9784	200
668	32.5178	5.11698	30.0137	200
669	32.7259	5.05017	30.0514	200
670	27.5927	4.97819	30.0172	200
671	27.6071	4.90685	29.9838	200
672	27.5639	4.83777	29.9501	200
673	27.5606	4.76976	29.917	200
674	22.3904	4.84634	29.8124	200
675	22.3893	4.91792	29.7093	200
676	27.4099	4.84518	29.6774	200
677	27.4498	4.77247	29.6464	200
678	27.4063	4.70213	29.6153	200
679	27.423	4.63241	29.5849	200
680	32.4766	4.58406	29.625	200
681	32.4242	4.53447	29.6639	200
682	32.3762	4.48386	29.7016	200
683	32.37	4.43343	29.7386	200
684	33.3947	4.41183	29.7894	200
685	33.4404	4.3907	29.8401	200
686	37.9134	4.49299	29.9523	200
687	37.6999	4.5834	30.0599	200
688	32.1917	4.5153	30.0895	200
689	32.1799	4.44794	30.1185	200
690	32.2971	4.3849	30.1488	200
691	32.356	4.32441	30.1794	200
692	32.4447	4.26721	30.2109	200
693	37.4936	4.35098	30.312	200
694	37.9338	4.44183	30.4179	200
695	28.1408	4.3817	30.3863	200
696	28.1969	4.3208	30.3559	200
697	32.6382	4.26417	30.3876	200
698	32.6842	4.20952	30.4195	200
699	27.8845	4.16766	30.3878	200
700	27.9034	4.12558	30.3567	200
701	28.0346	4.08049	30.3277	200
702	28.0737	4.03482	30.2995	200
703	27.4134	4.00611	30.2634	200
704	27.4789	3.97557	30.2286	200
705	27.5483	3.94319	30.1951	200
706	27.5659	3.91033	30.1623	200
707	27.6391	3.87565	30.1307	200
708	27.6822	3.83997	30.1001	200
709	27.6515	3.80519	30.0695	200
710	27.6394	3.77081	30.0391	200
711	27.5897	3.73778	30.0085	200
712	33.2707	3.72589	30.0493	200
713	33.6897	3.72375	30.0948	200
714	32.8487	3.6995	30.1292	200
715	32.9899	3.67854	30.165	200
716	33.0893	3.65968	30.2015	200
717	38.2435	3.76924	30.302	200
718	38.2906	3.87472	30.4019	200
719	38.0816	3.96984	30.4979	200
720	38.1218	4.06119	30.5932	200
721	38.1167	4.14775	30.6872	200
722	38.1401	4.23038	30.7804	200
723	32.7211	4.17314	30.8047	200
724	32.6341	4.11454	30.8275	200
725	33.0083	4.0662	30.8548	200
726	33.0317	4.01896	30.882	200
727	32.9608	3.97046	30.908	200
728	33.1526	3.92731	30.936	200
729	33.1478	3.88442	30.9637	200
730	33.1349	3.84159	30.9908	200
731	37.828	3.91648	31.0763	200
732	32.7227	3.85973	31.0969	200
733	26.6946	3.87329	31.0418	200
734	28.3397	3.84401	31.0081	200
735	31.4558	3.75911	31.0137	200
736	32.7695	3.70902	31.0356	200
737	27.6537	3.70085	30.9933	200
738	27.7991	3.68818	30.9534	200
739	32.7478	3.64084	30.9758	200
740	32.695	3.59716	30.9954	200
741	32.9811	3.56054	31.0179	200
742	32.861	3.5215	31.0389	200
743	32.9059	3.4839	31.0601	200
744	32.9559	3.44781	31.0816	200
745	33.0081	3.41323	31.1035	200
746	39.174	3.51908	31.1952	200
747	43.3975	3.71642	31.3339	200
748	43.4336	3.90695	31.4714	200
749	43.1784	4.08422	31.6044	200
750	43.1075	4.25283	31.7351	200
751	43.2593	4.41809	31.8661	200
752	38.7098	4.47322	31.9439	200
753	38.1168	4.51185	32.014	200
754	38.1341	4.5484	32.0836	200
755	36.4607	4.5445	32.1333	200
756	33.112	4.46346	32.1444	200
757	32.8398	4.37782	32.1523	200
758	37.8108	4.40693	32.2166	200
759	37.6661	4.43062	32.2785	200
760	32.7901	4.34155	32.2844	200
761	32.8469	4.25567	32.2908	200
762	32.93	4.17347	32.298	200
763	32.6218	4.08598	32.3017	200
764	32.6508	4.00105	32.3057	200
765	32.6601	3.91817	32.3097	200
766	37.5879	3.94908	32.3697	200
767	37.5559	3.9772	32.4286	200
768	26.4973	4.02161	32.3612	200
769	32.8744	3.94187	32.367	200
770	32.8928	3.86423	32.373	200
771	32.8925	3.78822	32.3789	200
772	32.8905	3.71375	32.3847	200
773	32.5436	3.63295	32.3865	200
774	32.5661	3.55447	32.3886	200
775	27.5437	3.5838	32.3335	200
776	32.8502	3.51409	32.3394	200
777	32.8855	3.44664	32.3456	200
778	34.8995	3.42635	32.3746	200
779	44.1221	3.61546	32.5081	200
780	39.1175	3.68351	32.5832	200
781	39.1108	3.74815	32.6574	200
782	39.0573	3.80841	32.7301	200
783	39.1516	3.8678	32.8031	200
784	39.2357	3.92609	32.8762	200
785	43.5937	4.06758	32.9878	200
786	43.5686	4.20327	33.098	200
787	43.6807	4.33617	33.2083	200
788	43.7168	4.46476	33.3177	200
789	44.1008	4.59639	33.4301	200
790	44.1289	4.72353	33.5415	200
791	44.1321	4.84576	33.6518	200
792	38.4892	4.84558	33.7022	200
793	38.6979	4.84871	33.7542	200
794	38.7796	4.85239	33.8066	200
795	38.8213	4.85577	33.8588	200
796	38.833	4.85824	33.9106	200
797	38.7656	4.85817	33.9612	200
798	43.6164	4.9581	34.0618	200
799	38.3097	4.94331	34.106	200
800	38.3302	4.92833	34.15	200
801	36.3936	4.8724	34.1734	200
802	27.1266	4.9177	34.1	200
803	27.1529	4.95997	34.0276	200
804	33.3239	4.8713	34.0203	200
805	33.3736	4.78329	34.0136	200
806	33.2309	4.69994	34.0054	200
807	33.1988	4.61883	33.997	200
808	33.5308	4.53232	33.9922	200
809	38.7145	4.53628	34.0414	200
810	38.9124	4.54325	34.0921	200
811	43.7433	4.64966	34.1926	200
812	43.6549	4.74993	34.2912	200
813	43.7249	4.8475	34.3895	200
814	43.7466	4.94145	34.4869	200
815	43.4723	5.0257	34.5805	200
816	38.8754	5.01047	34.6253	200
817	38.6655	4.99026	34.6673	200
818	43.4253	5.06875	34.7586	200
819	43.4141	5.14348	34.8487	200
820	43.7135	5.221	34.9411	200
821	43.7302	5.29534	35.0326	200
822	38.9078	5.26575	35.073	200
823	38.9153	5.2361	35.113	200
824	39.0709	5.20947	35.1542	200
825	39.0759	5.18264	35.1951	200
826	38.172	5.13668	35.2261	200
827	38.1895	5.09141	35.257	200
828	32.0197	5.05278	35.2233	200
829	32.0019	5.01462	35.1897	200
830	32.1366	4.97376	35.1579	200
831	32.2265	4.93121	35.1274	200
832	36.6141	4.85945	35.1428	200
833	36.6547	4.7897	35.1586	200
834	33.3023	4.73329	35.1407	200
835	33.2945	4.67777	35.123	200
836	33.6821	4.61552	35.1091	200
837	33.7611	4.55269	35.0962	200
838	28.2904	4.59602	35.0307	200
839	28.2797	4.63746	34.9658	200
840	28.3343	4.67581	34.902	200
841	32.4698	4.63266	34.8787	200
842	32.5257	4.58882	34.856	200
843	38.4796	4.57025	34.8909	200
844	38.5348	4.55244	34.9259	200
845	43.6046	4.63179	35.0094	200
846	43.6122	4.70815	35.0921	200
847	43.5174	4.77964	35.1731	200
848	43.6892	4.85149	35.255	200
849	43.7708	4.92196	35.3369	200
850	43.7389	4.98888	35.4177	200
851	39.0714	4.96321	35.4528	200
852	39.2268	4.94034	35.4891	200
853	43.6301	5.00189	35.5673	200
854	43.6558	5.06125	35.6451	200
855	43.4903	5.11478	35.7206	200
856	43.3811	5.16374	35.7942	200
857	38.8555	5.12331	35.8237	200
858	44.0749	5.18346	35.903	200
859	44.1246	5.24188	35.982	200
860	37.7559	5.17519	35.9991	200
861	37.6197	5.10683	36.0147	200
862	32.2448	5.08112	35.9784	200
863	32.3788	5.05263	35.9438	200
864	32.3419	5.02473	35.9092	200
865	32.4122	4.99535	35.8756	200
866	37.151	4.92381	35.8878	200
867	32.6402	4.89158	35.8566	200
868	32.6439	4.85929	35.8257	200
869	32.8783	4.82252	35.7974	200
870	32.8476	4.78651	35.769	200
871	27.6783	4.85005	35.6912	200
872	33.3641	4.80153	35.6688	200
873	33.4978	4.75094	35.648	200
874	33.6184	4.69861	35.6284	200
875	33.3348	4.65236	35.6064	200
876	33.315	4.60695	35.5843	200
877	33.3449	4.56142	35.5628	200
878	33.3434	4.51639	35.5415	200
879	28.9775	4.55576	35.4784	200
880	32.7811	4.52002	35.4524	200
881	32.8095	4.48392	35.427	200
882	32.8158	4.44791	35.4019	200
883	32.7918	4.41257	35.3768	200
884	33.5693	4.36247	35.3594	200
885	33.6363	4.31171	35.3429	200
886	33.6667	4.26103	35.3267	200
887	38.0775	4.23406	35.3513	200
888	38.1206	4.2079	35.376	200
889	38.1224	4.1818	35.4005	200
890	37.8833	4.15146	35.4227	200
891	37.8693	4.12102	35.4446	200
892	37.7808	4.08914	35.4654	200
893	33.1846	4.05685	35.445	200
894	33.207	4.02437	35.4251	200
895	37.9496	3.99759	35.4476	200
896	38.1967	3.9753	35.4721	200
897	38.2359	3.95366	35.4968	200
898	38.004	3.92783	35.5192	200
899	32.2953	3.91526	35.4904	200
900	32.1468	3.90505	35.4606	200
901	31.8382	3.9	35.4282	200
902	36.9255	3.8571	35.4416	200
903	36.9639	3.8154	35.4552	200
904	36.9321	3.77364	35.4684	200
905	36.7248	3.72869	35.4796	200
906	36.6687	3.68334	35.4902	200
907	32.8492	3.66473	35.4666	200
908	33.0566	3.64232	35.4451	200
909	33.1381	3.61848	35.4245	200
910	38.4963	3.60871	35.4519	200
911	32.5793	3.59557	35.4263	200
912	32.8007	3.57825	35.4028	200
913	32.827	3.56035	35.3798	200
914	32.8804	3.5414	35.3575	200
915	28.4574	3.60138	35.2959	200
916	32.7315	3.58286	35.273	200
917	32.7589	3.56378	35.2506	200
918	32.7612	3.54459	35.2283	200
919	32.7601	3.52537	35.2063	200
920	32.8326	3.5048	35.1851	200
921	32.7067	3.48647	35.163	200
922	32.8419	3.46566	35.1423	200
923	33.3116	3.43647	35.1259	200
924	33.4187	3.40558	35.1107	200
925	33.5169	3.37323	35.0964	200
926	33.5471	3.34066	35.0826	200
927	33.7504	3.30479	35.0707	200
928	33.8097	3.2683	35.0595	200
929	37.9047	3.26074	35.0849	200
930	32.8425	3.24256	35.0648	200
931	32.8254	3.22464	35.0448	200
932	32.8233	3.20673	35.025	200
933	32.8652	3.18804	35.0057	200
934	32.8729	3.16919	34.9867	200
935	32.9128	3.14963	34.9682	200
936	32.7973	3.13216	34.9488	200
937	37.8418	3.12789	34.9746	200
938	37.7185	3.12103	34.9991	200
939	37.6431	3.11251	35.0227	200
940	37.3456	3.09841	35.0434	200
941	37.3275	3.08386	35.0638	200
942	37.2868	3.06849	35.0837	200
943	37.5403	3.05756	35.1056	200
944	37.6116	3.04837	35.1265	200
945	33.3094	3.02785	35.1114	200
946	38.2986	3.0305	35.1379	200
947	38.3216	3.03306	35.1645	200
948	38.6401	3.04043	35.1934	200
949	38.5961	3.04647	35.2218	200
950	38.5002	3.05033	35.2491	200
951	38.2863	3.05011	35.2744	200
952	38.004	3.04477	35.2971	200
953	37.8992	3.03739	35.3188	200
954	37.7813	3.02781	35.3393	200
955	37.7642	3.01776	35.3596	200
956	37.6053	3.00489	35.3783	200
957	37.7463	2.99428	35.398	200
958	38.7749	3.00065	35.4261	200
959	38.764	3.00627	35.454	200
960	39.035	3.01585	35.4838	200
961	39.0724	3.0254	35.5137	200
962	39.2071	3.03653	35.5445	200
963	39.5532	3.05273	35.5779	200
964	39.5647	3.0683	35.6111	200
965	43.4768	3.14825	35.6767	200
966	38.3953	3.14109	35.6993	200
967	38.4799	3.13508	35.7225	200
968	38.4992	3.12911	35.7456	200
969	38.4988	3.12284	35.7686	200
970	38.5149	3.11657	35.7914	200
971	38.6903	3.11294	35.8156	200
972	38.5015	3.10582	35.838	200
973	43.813	3.18697	35.9044	200
974	44.0369	3.2694	35.9722	200
975	44.0679	3.34984	36.0397	200
976	39.1424	3.34572	36.0655	200
977	39.1589	3.34151	36.0913	200
978	38.8671	3.33208	36.1144	200
979	38.8628	3.32235	36.1373	200
980	39.0321	3.31522	36.1615	200
981	43.4775	3.3819	36.2224	200
982	39.9601	3.38783	36.2536	200
983	38.4694	3.3683	36.272	200
984	38.5049	3.34938	36.2906	200
985	43.6292	3.41586	36.3518	200
986	43.5998	3.47973	36.4122	200
987	43.692	3.54306	36.4729	200
988	38.7118	3.52133	36.4915	200
989	38.759	3.50043	36.5104	200
990	38.4936	3.47514	36.5269	200
991	38.4774	3.44973	36.5432	200
992	42.8582	3.49748	36.5958	200
993	42.5603	3.5386	36.6455	200
994	42.551	3.57804	36.6947	200
995	38.5738	3.54973	36.7104	200
996	38.6119	3.52226	36.7262	200
997	38.6675	3.49591	36.7424	200
998	38.6631	3.46965	36.7584	200
999	43.8983	3.53082	36.8179	200
1000	43.9098	3.59017	36.877	200
1001	43.7181	3.64435	36.934	200
1002	44.0141	3.70161	36.993	200
1003	38.7372	3.66899	37.0076	200
1004	38.7965	3.63766	37.0225	200
1005	38.6083	3.60101	37.0366	200
1006	43.1885	3.64656	37.0916	200
1007	43.1	3.69198	37.1493	200
1008	43.0823	3.73508	37.2064	200
1009	43.1642	3.78139	37.2684	200
1010	43.18	3.82577	37.33	200
1011	43.1359	3.87077	37.396	200
1012	38.7346	3.81322	37.4112	200
1013	37.2493	3.72194	37.4092	200
1014	43.562	3.78271	37.4861	200
1015	43.6903	3.84997	37.5723	200
1016	38.5925	3.77137	37.5864	200
1017	43.647	3.84291	37.6811	200
1018	43.4546	3.90324	37.7713	200
1019	43.5727	3.96255	37.862	200
1020	43.5358	4.01603	37.9506	200
1021	43.529	4.06485	38.0378	200
1022	43.5283	4.1094	38.1236	200
1023	38.9439	4.00662	38.1364	200
1024	43.8996	4.06151	38.2264	200
1025	43.8898	4.11156	38.3149	200
1026	43.8049	4.15464	38.4007	200
1027	43.7519	4.19203	38.4843	200
1028	44.4688	4.24805	38.5778	200
1029	44.5259	4.30117	38.6708	200
1030	43.5928	4.32057	38.7477	200
1031	43.6539	4.33887	38.8243	200
1032	43.8186	4.35936	38.9024	200
1033	43.482	4.36624	38.9739	200
1034	32.9486	4.41808	38.8798	200
1035	32.7011	4.4731	38.7832	200
1036	32.6872	4.52382	38.688	200
1037	32.7019	4.56952	38.5945	200
1038	32.7967	4.60363	38.5139	200
1039	38.1909	4.48473	38.5094	200
1040	38.217	4.36827	38.5054	200
1041	33.368	4.38964	38.434	200
1042	33.6296	4.40116	38.3673	200
1043	33.6662	4.40949	38.302	200
1044	33.6925	4.41505	38.238	200
1045	37.6713	4.30815	38.2301	200
1046	37.771	4.20123	38.2237	200
1047	33.6434	4.21176	38.1601	200
1048	33.695	4.2188	38.0981	200
1049	33.638	4.2255	38.0362	200
1050	33.7528	4.22711	37.9767	200
1051	33.8881	4.22326	37.9199	200
1052	38.1156	4.11138	37.9226	200
1053	38.1454	4.00336	37.9257	200
1054	38.2174	3.90026	37.9297	200
1055	38.2994	3.80219	37.9349	200
1056	38.2042	3.70405	37.9386	200
1057	32.8209	3.74332	37.8675	200
1058	32.8515	3.77867	37.7979	200
1059	38.1904	3.68461	37.8033	200
1060	37.9337	3.58588	37.8051	200
1061	38.0419	3.49285	37.8084	200
1062	38.0972	3.40385	37.8124	200
1063	36.4379	3.34748	37.7933	200
1064	36.3148	3.29556	37.7728	200
1065	36.3506	3.24352	37.753	200
1066	36.3072	3.19359	37.733	200
1067	36.2167	3.147	37.7119	200
1068	41.0381	3.15197	37.7581	200
1069	41.9067	3.17965	37.8157	200
1070	37.7077	3.09433	37.8142	200
1071	37.6972	3.01163	37.8126	200
1072	37.6134	2.9335	37.8098	200
1073	37.5581	2.85901	37.8063	200
1074	37.5777	2.78594	37.8032	200
1075	42.8001	2.84122	37.8656	200
1076	42.8159	2.89394	37.9275	200
1077	42.962	2.94746	37.9904	200
1078	37.5429	2.88496	37.9848	200
1079	37.5915	2.82267	37.9799	200
1080	37.5505	2.76284	37.9745	200
1081	37.6542	2.70178	37.9705	200
1082	39.7594	2.67895	37.9929	200
1083	39.7809	2.65668	38.0152	200
1084	39.6231	2.63046	38.0353	200
1085	39.6895	2.60605	38.056	200
1086	44.0812	2.69153	38.1313	200
1087	39.1563	2.64986	38.1441	200
1088	38.3308	2.58828	38.1465	200
1089	38.3803	2.52942	38.1494	200
1090	38.4361	2.47335	38.153	200
1091	38.4604	2.4192	38.1568	200
1092	43.3566	2.48872	38.2218	200
1093	43.3731	2.55528	38.2862	200
1094	43.5559	2.62314	38.3521	200
1095	38.4019	2.5588	38.3527	200
1096	38.4942	2.49837	38.3545	200
1097	38.2363	2.43887	38.353	200
1098	38.2202	2.38121	38.3513	200
1099	43.1406	2.44142	38.4112	200
1100	43.0762	2.497	38.4695	200
1101	42.8715	2.54463	38.5245	200
1102	44.0765	2.61981	38.5939	200
1103	44.0949	2.69184	38.6627	200
1104	44.0002	2.75798	38.7294	200
1105	44.0476	2.82198	38.7959	200
1106	39.7779	2.77598	38.8082	200
1107	39.8839	2.73348	38.8216	200
1108	43.9234	2.79269	38.8854	200
1109	43.886	2.84788	38.9479	200
1110	43.9088	2.90071	39.0099	200
1111	43.96	2.95194	39.0718	200
1112	39.2412	2.88238	39.0739	200
1113	39.3733	2.8178	39.0776	200
1114	44.0678	2.87211	39.14	200
1115	44.3634	2.93089	39.2053	200
1116	44.3612	2.98146	39.2639	200
1117	44.247	3.02695	39.3205	200
1118	44.3908	3.07339	39.3781	200
1119	44.521	3.12042	39.4366	200
1120	39.5466	3.052	39.4378	200
1121	39.8995	2.98725	39.4436	200
1122	44.1536	3.03031	39.5025	200
1123	43.0146	3.0437	39.5513	200
1124	43.1839	3.06006	39.6017	200
1125	43.1968	3.07678	39.6579	200
1126	43.0101	3.08538	39.7103	200
1127	42.8441	3.08711	39.7662	200
1128	42.7184	3.0823	39.8189	200
1129	44.3572	3.14296	39.9135	200
1130	44.3654	3.1975	40.0062	200
1131	44.3332	3.24456	40.0964	200
1132	44.2843	3.28387	40.1836	200
1133	44.1961	3.31422	40.2672	200
1134	48.8829	3.53512	40.4467	200
1135	44.0812	3.53926	40.5224	200
1136	43.8536	3.53059	40.5918	200
1137	43.8799	3.52048	40.6603	200
1138	43.9944	3.51271	40.7298	200
1139	44.0197	3.50343	40.7983	200
1140	43.8587	3.48497	40.8621	200
1141	43.75	3.46009	40.9222	200
1142	39.727	3.36572	40.8973	200
1143	39.9507	3.26493	40.8776	200
1144	40.0672	3.16266	40.8607	200
1145	43.8241	3.15436	40.9225	200
1146	38.9943	3.10326	40.8823	200
1147	39.0219	3.05148	40.8435	200
1148	39.2125	2.99229	40.8096	200
1149	39.2655	2.93195	40.7774	200
1150	39.1151	2.87905	40.7428	200
1151	39.0994	2.82756	40.7085	200
1152	39.0694	2.77804	40.6744	200
1153	44.1119	2.80552	40.746	200
1154	37.7303	2.81427	40.6832	200
1155	42.9809	2.79275	40.731	200
1156	42.768	2.76576	40.7674	200
1157	42.9458	2.74478	40.8063	200
1158	39.2483	2.70239	40.7785	200
1159	39.4294	2.65406	40.7544	200
1160	39.4716	2.60508	40.7315	200
1161	39.3636	2.5609	40.7071	200
1162	39.4307	2.51502	40.6843	200
1163	43.3237	2.51946	40.7314	200
1164	43.3523	2.52308	40.7782	200
1165	43.3579	2.52511	40.8243	200
1166	38.3458	2.52344	40.78	200
1167	30.5412	2.79899	40.5972	200
1168	25.3491	3.2436	40.3249	200
1169	25.3686	3.66191	40.0578	200
1170	25.3166	4.0576	39.7946	200
1171	24.9921	4.44134	39.5302	200
1172	24.9048	4.80506	39.2691	200
1173	29.9798	4.96521	39.1032	200
1174	29.9284	5.11555	38.9394	200
1175	29.8588	5.25716	38.7772	200
1176	29.7932	5.39026	38.6168	200
1177	31.9855	5.43458	38.4984	200
1178	32.0663	5.47021	38.3835	200
1179	32.1078	5.49898	38.2714	200
1180	36.5875	5.36272	38.2414	200
1181	27.8869	5.541	38.0565	200
1182	27.9026	5.70575	37.8751	200
1183	27.9022	5.85815	37.6971	200
1184	27.919	5.99814	37.5224	200
1185	27.9766	6.109	37.3733	200
1186	33.0222	6.05407	37.3053	200
1187	32.9173	6.002	37.2367	200
1188	27.8113	6.10898	37.0895	200
1189	27.8271	6.20753	36.9447	200
1190	27.8034	6.29921	36.8019	200
1191	28.0695	6.37524	36.6655	200
1192	33.4251	6.27728	36.6148	200
1193	33.3928	6.1818	36.5645	200
1194	33.3658	6.08858	36.5145	200
1195	28.9395	6.13503	36.3961	200
1196	33.3713	6.03783	36.3489	200
1197	33.4729	5.93902	36.3039	200
1198	33.5535	5.83938	36.261	200
1199	33.5685	5.74104	36.2189	200
1200	33.6759	5.6411	36.1792	200
1201	33.645	5.54401	36.1396	200
1202	28.617	5.60584	36.022	200
1203	33.6297	5.50542	35.9846	200
1204	33.4706	5.41194	35.9454	200
1205	33.4577	5.32055	35.9065	200
1206	33.3439	5.23437	35.8665	200
1207	33.0556	5.15863	35.8225	200
1208	27.3358	5.26264	35.6899	200
1209	27.4496	5.35569	35.5612	200
1210	27.7125	5.43359	35.4385	200
1211	27.5816	5.50932	35.3158	200
1212	27.6158	5.57778	35.1955	200
1213	27.5244	5.64319	35.0756	200
1214	27.5991	5.70048	34.9588	200
1215	27.6526	5.75066	34.8446	200
1216	32.4434	5.64599	34.8071	200
1217	32.4995	5.54166	34.771	200
1218	32.4902	5.45108	34.7394	200
1219	32.4647	5.36285	34.7078	200
1220	38.3384	5.31473	34.7582	200
1221	38.339	5.26656	34.8079	200
1222	38.5632	5.22458	34.8601	200
1223	38.6671	5.1852	34.913	200
1224	38.6874	5.14602	34.9654	200
1225	32.9596	5.05879	34.9375	200
1226	37.6092	4.99248	34.9746	200
1227	37.5233	4.92459	35.01	200
1228	37.6521	4.86119	35.0467	200
1229	31.9245	4.81288	35.0034	200
1230	36.7191	4.72685	35.0272	200
1231	36.7784	4.64419	35.0515	200
1232	36.7863	4.56338	35.0756	200
1233	31.9885	4.52237	35.0327	200
1234	32.225	4.47474	34.9937	200
1235	32.284	4.42571	34.9561	200
1236	32.3579	4.37495	34.92	200
1237	36.6362	4.30109	34.9438	200
1238	26.0617	4.42834	34.8205	200
1239	26.0645	4.54855	34.6989	200
1240	30.6804	4.53383	34.6431	200
1241	30.6233	4.51955	34.5872	200
1242	30.6132	4.50439	34.532	200
1243	30.6742	4.48643	34.4785	200
1244	32.43	4.41871	34.45	200
1245	36.5241	4.35358	34.4788	200
1246	36.42	4.28657	34.5058	200
1247	37.3172	4.24559	34.5448	200
1248	38.9438	4.24985	34.6059	200
1249	43.2723	4.37253	34.7263	200
1250	43.2734	4.48849	34.845	200
1251	43.1501	4.59451	34.9603	200
1252	42.8792	4.68685	35.0703	200
1253	42.8577	4.77298	35.1785	200
1254	42.8718	4.8541	35.2853	200
1255	42.7878	4.92031	35.3791	200
1256	38.5829	4.87739	35.4192	200
1257	43.4304	4.95574	35.5193	200
1258	43.4609	5.03038	35.6186	200
1259	38.578	4.97861	35.6556	200
1260	38.5756	4.92715	35.6921	200
1261	38.8511	4.88294	35.7315	200
1262	38.9182	4.84054	35.7714	200
1263	37.2563	4.75664	35.7899	200
1264	33.008	4.70728	35.7552	200
1265	32.9954	4.65859	35.7207	200
1266	39.0661	4.62576	35.7625	200
1267	42.9559	4.68995	35.8524	200
1268	38.413	4.63671	35.8844	200
1269	38.7388	4.59215	35.9201	200
1270	38.7718	4.54864	35.9557	200
1271	38.7833	4.50561	35.9911	200
1272	38.8991	4.46567	36.0274	200
1273	39.0855	4.43048	36.0656	200
1274	39.195	4.39795	36.1048	200
1275	43.473	4.47221	36.1969	200
1276	43.4084	4.54069	36.287	200
1277	38.3924	4.47981	36.3133	200
1278	38.4071	4.42016	36.3395	200
1279	43.7454	4.4948	36.4321	200
1280	43.7663	4.56579	36.5237	200
1281	43.4973	4.62598	36.6109	200
1282	43.5877	4.68475	36.6981	200
1283	38.7769	4.6196	36.7241	200
1284	38.8854	4.55814	36.7511	200
1285	38.9803	4.49992	36.779	200
1286	43.3472	4.55162	36.8611	200
1287	38.4435	4.47739	36.8809	200
1288	38.5024	4.406	36.9011	200
1289	43.3048	4.45594	36.9812	200
1290	43.3235	4.50309	37.0605	200
1291	43.4785	4.55097	37.1407	200
1292	43.5595	4.59766	37.2209	200
1293	43.4503	4.63846	37.2988	200
1294	43.4316	4.67581	37.3754	200
1295	43.5903	4.71429	37.4531	200
1296	43.8515	4.75256	37.5258	200
1297	43.9376	4.79027	37.5987	200
1298	43.7618	4.82147	37.6687	200
1299	43.7931	4.85108	37.7383	200
1300	44.4389	4.89311	37.8145	200
1301	44.4648	4.93305	37.89	200
1302	44.3079	4.96679	37.963	200
1303	44.3946	5.00009	38.0361	200
1304	48.7659	5.13031	38.158	200
1305	48.6931	5.25314	38.2777	200
1306	48.6016	5.36838	38.395	200
1307	44.3521	5.38176	38.4627	200
1308	43.6295	5.37688	38.5214	200
1309	43.5956	5.37	38.5791	200
1310	39.02	5.25797	38.5841	200
1311	43.7654	5.25623	38.643	200
1312	43.6218	5.24993	38.6996	200
1313	43.5445	5.24072	38.7546	200
1314	43.7661	5.23551	38.8116	200
1315	43.7331	5.22837	38.8675	200
1316	43.676	5.21883	38.9221	200
1317	43.9096	5.21357	38.9788	200
1318	39.3858	5.10433	38.9834	200
1319	43.6462	5.0943	39.0364	200
1320	43.6689	5.0838	39.0891	200
1321	43.6252	5.07135	39.1406	200
1322	43.5926	5.05727	39.1912	200
1323	43.6414	5.04348	39.2418	200
1324	43.6477	5.02899	39.2918	200
1325	48.4887	5.12371	39.3963	200
1326	44.0019	5.11193	39.4487	200
1327	43.978	5.09869	39.5001	200
1328	44.067	5.0866	39.552	200
1329	48.4281	5.17273	39.6529	200
1330	43.786	5.1491	39.6999	200
1331	43.7703	5.12458	39.7461	200
1332	43.1476	5.08542	39.7848	200
1333	38.3869	5.00161	39.7689	200
1334	38.3929	4.91921	39.7533	200
1335	38.3493	4.83932	39.7373	200
1336	43.1611	4.80715	39.7762	200
1337	43.1662	4.77494	39.8147	200
1338	43.194	4.74322	39.8531	200
1339	43.0713	4.70856	39.8897	200
1340	43.3758	4.68077	39.9293	200
1341	43.5933	4.65959	39.9675	200
1342	39.3152	4.57611	39.9607	200
1343	39.363	4.49322	39.9545	200
1344	43.7146	4.47795	39.9936	200
1345	37.8865	4.42856	39.9717	200
1346	37.8605	4.38028	39.9497	200
1347	37.9072	4.33157	39.9284	200
1348	32.8863	4.38804	39.855	200
1349	32.8785	4.44197	39.7824	200
1350	33.0413	4.48986	39.7122	200
1351	38.1114	4.42967	39.6955	200
1352	38.4797	4.36271	39.6828	200
1353	38.6608	4.29312	39.6722	200
1354	38.6911	4.22411	39.6619	200
1355	38.8152	4.15375	39.6531	200
1356	38.8518	4.08391	39.6448	200
1357	38.9382	4.01355	39.6374	200
1358	38.9529	3.94419	39.6303	200
1359	44.0904	3.95494	39.6767	200
1360	44.2144	3.96708	39.724	200
1361	44.2869	3.9795	39.7715	200
1362	44.2738	3.99039	39.8184	200
1363	44.1043	3.99654	39.8631	200
1364	44.3089	4.0059	39.9094	200
1365	44.2237	4.01232	39.9543	200
1366	44.2426	4.01807	39.999	200
1367	48.2296	4.10583	40.0847	200
1368	44.0994	4.10393	40.1266	200
1369	44.0193	4.09953	40.1671	200
1370	44.0119	4.09423	40.2072	200
1371	44.0307	4.08859	40.247	200
1372	44.0222	4.08206	40.2863	200
1373	44.0218	4.07484	40.3252	200
1374	48.9938	4.17054	40.4155	200
1375	43.8343	4.15488	40.4511	200
1376	43.849	4.13911	40.4865	200
1377	43.6741	4.11748	40.5227	200
1378	43.7135	4.09642	40.559	200
1379	43.6472	4.07121	40.5976	200
1380	43.6389	4.04546	40.6356	200
1381	43.526	4.01338	40.6758	200
1382	48.4378	4.11751	40.7836	200
1383	38.4549	4.0616	40.7472	200
1384	38.3867	4.00844	40.7103	200
1385	38.2113	3.95454	40.6657	200
1386	38.1705	3.90241	40.6211	200
1387	38.2412	3.83898	40.5715	200
1388	42.8955	3.77585	40.62	200
1389	42.9433	3.71533	40.6684	200
1390	42.7389	3.6468	40.7115	200
1391	42.7203	3.57855	40.7533	200
1392	38.6379	3.51758	40.7093	200
1393	38.4321	3.47328	40.6686	200
1394	38.5615	3.42449	40.631	200
1395	43.5425	3.40617	40.683	200
1396	43.4517	3.3834	40.7324	200
1397	43.4421	3.35934	40.7808	200
1398	43.4391	3.3343	40.8283	200
1399	44.2399	3.33706	40.8892	200
1400	38.091	3.31782	40.8392	200
1401	33.2799	3.4693	40.7042	200
1402	33.354	3.6079	40.573	200
1403	33.3808	3.73591	40.4445	200
1404	33.3844	3.85463	40.3185	200
1405	38.2541	3.79069	40.2816	200
1406	38.3589	3.72398	40.2473	200
1407	38.4161	3.65638	40.2146	200
1408	38.3604	3.59202	40.1815	200
1409	33.4768	3.70318	40.0617	200
1410	33.5052	3.80509	39.9447	200
1411	33.5815	3.89645	39.831	200
1412	38.1896	3.81591	39.8017	200
1413	32.5891	3.93722	39.6729	200
1414	37.9179	3.85928	39.6416	200
1415	37.9461	3.782	39.6113	200
1416	37.8454	3.71	39.5798	200
1417	37.8329	3.63989	39.5486	200
1418	37.8325	3.57118	39.5179	200
1419	33.0863	3.67334	39.4031	200
1420	38.276	3.5824	39.3829	200
1421	38.2336	3.4955	39.3624	200
1422	38.2507	3.41037	39.3426	200
1423	38.2587	3.33766	39.3256	200
1424	38.3746	3.26308	39.3108	200
1425	38.5775	3.18402	39.2993	200
1426	43.6876	3.22166	39.3679	200
1427	39.1616	3.12742	39.3647	200
1428	38.7918	3.04759	39.3557	200
1429	33.1838	3.14523	39.2593	200
1430	33.2819	3.23373	39.1659	200
1431	33.3809	3.31346	39.0755	200
1432	38.3611	3.23224	39.0643	200
1433	38.3977	3.15206	39.0539	200
1434	38.2447	3.07884	39.0413	200
1435	33.2025	3.16509	38.95	200
1436	33.3867	3.24003	38.8631	200
1437	33.4529	3.30785	38.7786	200
1438	33.4744	3.37024	38.6957	200
1439	37.8544	3.29121	38.6825	200
1440	37.6353	3.22108	38.6662	200
1441	37.4539	3.15831	38.6472	200
1442	32.4359	3.25371	38.5502	200
1443	32.4479	3.34273	38.4548	200
1444	32.496	3.42448	38.3617	200
1445	33.0215	3.48435	38.2783	200
1446	33.1098	3.53698	38.1975	200
1447	33.0398	3.58763	38.1169	200
1448	34.0803	3.60166	38.0539	200
1449	34.1465	3.61122	37.9928	200
1450	34.2211	3.61623	37.9339	200
1451	34.0123	3.62577	37.8726	200
1452	33.7876	3.64012	37.8088	200
1453	38.1286	3.53636	37.8138	200
1454	38.6323	3.45143	37.8266	200
1455	39.5091	3.39615	37.8529	200
1456	35.4227	3.36932	37.8191	200
1457	35.7412	3.33345	37.7902	200
1458	35.7754	3.29682	37.7623	200
1459	38.2257	3.21811	37.7687	200
1460	38.3586	3.14511	37.7769	200
1461	38.5524	3.07929	37.7877	200
1462	32.7932	3.13248	37.7183	200
1463	38.0953	3.05594	37.7235	200
1464	38.1613	2.98322	37.7296	200
1465	37.3309	2.91142	37.7241	200
1466	37.2888	2.84264	37.718	200
1467	37.2141	2.77768	37.711	200
1468	42.2286	2.82601	37.7738	200
1469	42.2453	2.87172	37.8359	200
1470	37.8422	2.79212	37.836	200
1471	37.3252	2.72875	37.8289	200
1472	36.5846	2.68751	37.8116	200
1473	36.7348	2.64277	37.7966	200
1474	36.2896	2.61122	37.7757	200
1475	35.942	2.58962	37.7502	200
1476	42.2758	2.6434	37.8131	200
1477	40.0216	2.63132	37.8437	200
1478	39.9005	2.61536	37.8723	200
1479	39.7647	2.59527	37.8986	200
1480	32.8363	2.6638	37.8283	200
1481	32.7081	2.73203	37.7572	200
1482	32.7645	2.79483	37.6878	200
1483	33.0569	2.84583	37.6235	200
1484	33.0847	2.89285	37.5605	200
1485	33.1646	2.9346	37.4994	200
1486	28.4584	3.10423	37.3738	200
1487	28.5036	3.26439	37.2506	200
1488	28.6623	3.41228	37.1314	200
1489	32.9128	3.43467	37.0728	200
1490	32.8248	3.45726	37.0138	200
1491	32.6895	3.48135	36.9537	200
1492	32.7043	3.50268	36.8947	200
1493	32.6885	3.52027	36.8421	200
1494	32.7689	3.53409	36.7912	200
1495	31.7989	3.57054	36.7288	200
1496	31.7244	3.60639	36.6662	200
1497	31.7128	3.64006	36.6043	200
1498	31.6755	3.67228	36.5427	200
1499	32.8264	3.67338	36.4963	200
1500	32.9865	3.66929	36.4524	200
1501	32.9124	3.66606	36.4081	200
1502	32.5886	3.66989	36.3604	200
1503	32.6079	3.67196	36.3135	200
1504	32.5163	3.67509	36.266	200
1505	32.1583	3.6859	36.2147	200
1506	32.1141	3.69627	36.1634	200
1507	39.1447	3.6784	36.2007	200
1508	34.9298	3.61821	36.1848	200
1509	34.9273	3.55919	36.1691	200
1510	34.9945	3.49957	36.1544	200
1511	35.0296	3.44021	36.1403	200
1512	35.1875	3.37802	36.1284	200
1513	35.2003	3.31677	36.1168	200
1514	40.0146	3.3313	36.1655	200
1515	35.184	3.27255	36.1533	200
1516	39.8289	3.28263	36.1992	200
1517	39.847	3.29176	36.2448	200
1518	39.7367	3.29676	36.2885	200
1519	40.0221	3.30768	36.3351	200
1520	34.7858	3.26372	36.3158	200
1521	34.7926	3.22021	36.2967	200
1522	40.2944	3.23964	36.3467	200
1523	40.3129	3.2578	36.3963	200
1524	40.3146	3.27432	36.4452	200
1525	40.3151	3.2892	36.4936	200
1526	40.3151	3.30251	36.5414	200
1527	33.2682	3.30178	36.5005	200
1528	33.3203	3.29874	36.4607	200
1529	38.1427	3.25832	36.4817	200
1530	38.1677	3.21901	36.5028	200
1531	38.2396	3.18195	36.5245	200
1532	38.2421	3.14534	36.546	200
1533	38.26	3.10956	36.5674	200
1534	38.2552	3.07725	36.5866	200
1535	33.3182	3.08159	36.5495	200
1536	38.0402	3.04543	36.5664	200
1537	33.4979	3.04595	36.5315	200
1538	33.5129	3.04533	36.4972	200
1539	33.5142	3.04392	36.4633	200
1540	38.3315	3.0172	36.4846	200
1541	38.2574	2.98891	36.5047	200
1542	38.255	2.96076	36.5246	200
1543	38.4009	2.93612	36.5459	200
1544	38.4189	2.91195	36.5672	200
1545	38.4198	2.88788	36.5882	200
1546	38.4177	2.86382	36.609	200
1547	38.4729	2.8411	36.6302	200
1548	38.4549	2.81799	36.651	200
1549	38.4693	2.79528	36.6716	200
1550	38.6531	2.77678	36.6941	200
1551	38.586	2.75667	36.7156	200
1552	38.5388	2.73545	36.7363	200
1553	38.5563	2.71464	36.757	200
1554	38.689	2.69686	36.779	200
1555	38.8352	2.68229	36.8023	200
1556	38.9026	2.66906	36.8262	200
1557	43.755	2.76588	36.9049	200
1558	38.8198	2.74653	36.9267	200
1559	38.7527	2.72561	36.9475	200
1560	43.6467	2.81592	37.0236	200
1561	43.7142	2.90398	37.0996	200
1562	39.5705	2.89414	37.1277	200
1563	39.8746	2.89079	37.1589	200
1564	44.1528	2.98404	37.2384	200
1565	38.7828	2.95132	37.2559	200
1566	39.0997	2.92615	37.2769	200
1567	39.1496	2.90221	37.2982	200
1568	43.8852	2.98596	37.373	200
1569	43.887	3.06614	37.447	200
1570	43.7278	3.1392	37.5184	200
1571	43.7536	3.20956	37.5893	200
1572	38.7371	3.1627	37.6023	200
1573	38.7521	3.11695	37.6154	200
1574	38.574	3.0679	37.6263	200
1575	38.5579	3.01935	37.6368	200
1576	43.4846	3.08363	37.7033	200
1577	43.3695	3.14232	37.7677	200
1578	43.4019	3.19896	37.8317	200
1579	43.4835	3.25005	37.8906	200
1580	38.8577	3.20249	37.9007	200
1581	38.7425	3.15331	37.9094	200
1582	43.1366	3.19652	37.9639	200
1583	38.4412	3.13986	37.9688	200
1584	38.3924	3.08327	37.9733	200
1585	43.0761	3.12535	38.0264	200
1586	42.7159	3.15793	38.0753	200
1587	38.4823	3.10062	38.0795	200
1588	44.0381	3.16016	38.1416	200
1589	43.772	3.21163	38.2002	200
1590	44.0314	3.2662	38.261	200
1591	39.3171	3.22016	38.272	200
1592	43.7127	3.26642	38.3286	200
1593	43.8964	3.31436	38.3866	200
1594	43.8371	3.35886	38.4434	200
1595	43.8302	3.40111	38.4995	200
1596	43.9976	3.4448	38.5568	200
1597	44.0702	3.48789	38.6142	200
1598	44.0796	3.52909	38.6712	200
1599	38.9924	3.46226	38.6745	200
1600	43.7784	3.49646	38.7277	200
1601	43.7859	3.529	38.7804	200
1602	43.927	3.5627	38.834	200
1603	43.9628	3.59533	38.8874	200
1604	43.7994	3.62276	38.9386	200
1605	44.0678	3.65414	38.992	200
1606	43.5309	3.67258	39.0393	200
1607	43.5445	3.68992	39.0862	200
1608	43.6141	3.70738	39.1334	200
1609	43.7893	3.72714	39.1819	200
1610	43.8458	3.74666	39.2304	200
1611	43.8149	3.76411	39.2782	200
1612	43.8451	3.78084	39.3258	200
1613	43.8181	3.79566	39.3726	200
1614	43.5575	3.80377	39.4162	200
1615	48.3021	3.90965	39.5087	200
1616	43.8856	3.91938	39.5543	200
1617	43.6768	3.92361	39.5972	200
1618	43.6615	3.92654	39.6396	200
1619	43.6588	3.92847	39.6815	200
1620	43.439	3.92491	39.7206	200
1621	43.3813	3.9194	39.7587	200
1622	43.494	3.91557	39.7976	200
1623	48.6979	4.01942	39.8903	200
1624	43.9259	4.01975	39.9324	200
1625	44.1066	4.02297	39.9759	200
1626	44.3964	4.03125	40.0219	200
1627	44.3201	4.03638	40.0632	200
1628	44.1749	4.03783	40.1028	200
1629	44.0904	4.03686	40.1411	200
1630	48.4234	4.11851	40.2207	200
1631	44.3415	4.11855	40.2604	200
1632	44.3976	4.11891	40.3002	200
1633	49.4446	4.21555	40.3881	200
1634	44.29	4.20952	40.4256	200
1635	44.3012	4.2031	40.4629	200
1636	48.9087	4.28469	40.5441	200
1637	38.29	4.24564	40.5224	200
1638	43.2118	4.21571	40.5483	200
1639	43.2283	4.18618	40.574	200
1640	38.6103	4.14344	40.5551	200
1641	38.752	4.09844	40.5378	200
1642	38.8593	4.0519	40.5217	200
1643	38.9043	4.00508	40.5061	200
1644	39.0025	3.95697	40.4917	200
1645	39.0586	3.90844	40.4779	200
1646	43.506	3.89151	40.507	200
1647	43.3976	3.87226	40.5348	200
1648	38.4515	3.83785	40.5148	200
1649	38.4558	3.80079	40.4933	200
1650	38.246	3.76843	40.4699	200
1651	37.9647	3.73971	40.4414	200
1652	37.9672	3.71095	40.4133	200
1653	37.9318	3.68022	40.3823	200
1654	43.1986	3.65862	40.4175	200
1655	43.3435	3.63827	40.4581	200
1656	38.9046	3.58036	40.4366	200
1657	43.3827	3.56053	40.4826	200
1658	43.3507	3.5389	40.5274	200
1659	38.1988	3.49567	40.4858	200
1660	43.5277	3.47946	40.5401	200
1661	43.5435	3.46246	40.5938	200
1662	39.2024	3.38849	40.5689	200
1663	43.5493	3.37391	40.6221	200
1664	38.7819	3.31914	40.5893	200
1665	38.841	3.26304	40.5581	200
1666	38.6723	3.21385	40.5244	200
1667	38.5211	3.17061	40.4886	200
1668	43.4639	3.16364	40.5417	200
1669	43.4587	3.15482	40.5938	200
1670	43.4863	3.14546	40.6455	200
1671	43.6016	3.13869	40.6983	200
1672	39.3269	3.07557	40.6738	200
1673	39.3552	3.01282	40.6502	200
1674	27.8183	3.36351	40.4211	200
1675	27.8525	3.69226	40.1966	200
1676	27.5671	4.01145	39.9711	200
1677	27.4967	4.31369	39.7484	200
1678	27.7008	4.5899	39.5332	200
1679	27.9114	4.84104	39.3257	200
1680	27.9786	5.0734	39.1231	200
1681	28.0209	5.28871	38.9248	200
1682	26.8773	5.5301	38.7097	200
1683	26.8936	5.7546	38.4987	200
1684	26.7582	5.96838	38.289	200
1685	26.7741	6.16647	38.0834	200
1686	26.6136	6.3322	37.9042	200
1687	26.4117	6.49346	37.7246	200
1688	26.6064	6.63798	37.5509	200
1689	17.1151	7.06916	37.2316	200
1690	17.0038	7.48037	36.9155	200
1691	21.437	7.73031	36.6737	200
1692	25.5338	7.83686	36.4996	200
1693	25.1244	7.94743	36.3219	200
1694	24.8439	8.05776	36.1425	200
1695	24.7854	8.16086	35.9651	200
1696	24.7446	8.25647	35.7898	200
1697	20.905	8.46361	35.5572	200
1698	26.2558	8.48978	35.4118	200
1699	26.2908	8.50951	35.2693	200
1700	26.2947	8.52405	35.1291	200
1701	26.31	8.53327	34.9913	200
1702	26.3094	8.53791	34.8556	200
1703	26.3296	8.53754	34.7224	200
1704	26.0941	8.54037	34.5876	200
1705	33.2487	8.31533	34.5667	200
1706	33.2463	8.09674	34.5461	200
1707	28.7962	8.0234	34.4562	200
1708	24.1083	8.09604	34.2945	200
1709	24.2675	8.15638	34.1379	200
1710	24.3948	8.20596	33.9856	200
1711	24.495	8.24611	33.8373	200
1712	24.6426	8.27575	33.6937	200
1713	24.5906	8.3016	33.5514	200
1714	23.7867	8.34732	33.3988	200
1715	23.8123	8.38605	33.2491	200
1716	23.8127	8.41887	33.1016	200
1717	23.8138	8.44602	32.9565	200
1718	23.8301	8.46729	32.8139	200
1719	23.8274	8.48171	32.6891	200
1720	24.044	8.48625	32.569	200
1721	28.4713	8.36434	32.5121	200
1722	28.985	8.22997	32.4631	200
1723	29.026	8.09684	32.4154	200
1724	29.0388	7.96572	32.3685	200
1725	25.5138	7.93485	32.2733	200
1726	25.3955	7.90549	32.1777	200
1727	30.5733	7.73046	32.1555	200
1728	30.801	7.55335	32.1366	200
1729	30.946	7.37661	32.1201	200
1730	31.1649	7.19824	32.1068	200
1731	26.673	7.14923	32.0314	200
1732	26.8071	7.09576	31.9588	200
1733	27.0843	7.03405	31.8911	200
1734	30.2788	6.88345	31.8687	200
1735	30.5259	6.72954	31.8501	200
1736	30.8139	6.57139	31.8357	200
1737	31.0402	6.41095	31.8246	200
1738	31.2126	6.24987	31.8161	200
1739	30.9556	6.10016	31.8042	200
1740	26.601	6.07525	31.7319	200
1741	28.0118	6.00983	31.6802	200
1742	28.1284	5.94155	31.6309	200
1743	28.3274	5.86827	31.585	200
1744	28.3575	5.79491	31.5402	200
1745	27.525	5.74547	31.4844	200
1746	27.2651	5.70308	31.4258	200
1747	27.6361	5.64993	31.3732	200
1748	27.4312	5.60249	31.3184	200
1749	29.1953	5.50584	31.289	200
1750	29.1444	5.41247	31.2592	200
1751	29.2483	5.31798	31.2312	200
1752	32.0196	5.19216	31.2422	200
1753	31.8518	5.06486	31.2507	200
1754	31.6352	4.93485	31.256	200
1755	31.6934	4.80992	31.2621	200
1756	31.6246	4.69874	31.2666	200
1757	35.3579	4.68355	31.3177	200
1758	31.2904	4.56715	31.3174	200
1759	26.3192	4.57792	31.2549	200
1760	24.9442	4.62124	31.176	200
1761	24.8506	4.66385	31.097	200
1762	29.6326	4.58386	31.0787	200
1763	29.8004	4.50122	31.0627	200
1764	30.6631	4.39868	31.0577	200
1765	35.462	4.39882	31.1127	200
1766	34.8971	4.38345	31.16	200
1767	35.3593	4.37885	31.2125	200
1768	33.6991	4.33154	31.2436	200
1769	33.8174	4.2876	31.2758	200
1770	33.5999	4.23851	31.3048	200
1771	27.8363	4.21926	31.2615	200
1772	27.9946	4.19545	31.2206	200
1773	31.5	4.09754	31.2241	200
1774	31.5265	4.00266	31.2279	200
1775	31.5733	3.91123	31.2322	200
1776	31.4522	3.81895	31.235	200
1777	27.2836	3.82226	31.1856	200
1778	27.2441	3.82524	31.1363	200
1779	27.6433	3.81693	31.0927	200
1780	27.6342	3.80797	31.0494	200
1781	27.6225	3.79845	31.0066	200
1782	37.7559	3.87222	31.0909	200
1783	37.7593	3.94212	31.1743	200
1784	32.4636	3.8758	31.1904	200
1785	27.7172	3.86573	31.147	200
1786	32.496	3.80281	31.1639	200
1787	32.0452	3.72978	31.1749	200
1788	31.8543	3.65352	31.1834	200
1789	31.9062	3.58025	31.1924	200
1790	31.8138	3.50628	31.2002	200
1791	31.6245	3.42923	31.2055	200
1792	31.4025	3.34842	31.2079	200
1793	27.8902	3.34765	31.1665	200
1794	32.5723	3.29911	31.184	200
1795	32.5777	3.25147	31.2015	200
1796	32.5954	3.20503	31.2189	200
1797	32.5688	3.16287	31.2342	200
1798	32.5493	3.12087	31.2492	200
1799	32.6462	3.08169	31.265	200
1800	33.3147	3.05824	31.2883	200
1801	37.5006	3.12992	31.3589	200
1802	37.5364	3.19918	31.4291	200
1803	32.4448	3.14956	31.4407	200
1804	32.4276	3.10041	31.4519	200
1805	32.4556	3.05275	31.4633	200
1806	32.4262	3.00526	31.4742	200
1807	32.8761	2.96881	31.4902	200
1808	32.9495	2.93451	31.5067	200
1809	32.9398	2.90038	31.523	200
1810	32.711	2.86146	31.5365	200
1811	32.6207	2.82107	31.5488	200
1812	32.9248	2.78823	31.5645	200
1813	32.9839	2.75712	31.5806	200
1814	37.4648	2.82819	31.6475	200
1815	32.7553	2.78909	31.6601	200
1816	32.7424	2.7503	31.6724	200
1817	32.7496	2.71227	31.6846	200
1818	32.8657	2.67747	31.698	200
1819	32.9143	2.64426	31.7118	200
1820	32.9464	2.61223	31.7259	200
1821	32.9531	2.58075	31.7398	200
1822	37.2879	2.64819	31.8029	200
1823	33.1405	2.6184	31.8181	200
1824	33.1519	2.5892	31.8332	200
1825	33.1742	2.56083	31.8485	200
1826	38.4854	2.65347	31.9239	200
1827	38.3601	2.73944	31.997	200
1828	38.2855	2.8201	32.0685	200
1829	33.0633	2.77862	32.0798	200
1830	33.0478	2.73747	32.0908	200
1831	33.0505	2.69706	32.1017	200
1832	37.7702	2.76459	32.1661	200
1833	37.7981	2.82976	32.2301	200
1834	37.4919	2.88504	32.2899	200
1835	37.4589	2.93695	32.3486	200
1836	33.0441	2.886	32.3565	200
1837	33.1011	2.83733	32.365	200
1838	33.1355	2.79036	32.3737	200
1839	33.1548	2.74469	32.3826	200
1840	38.3694	2.81838	32.4507	200
1841	38.415	2.88988	32.5184	200
1842	38.5319	2.95495	32.5811	200
1843	38.6356	3.01952	32.6441	200
1844	38.5721	3.08011	32.7059	200
1845	32.6303	3.01752	32.7051	200
1846	38.3539	3.07234	32.7639	200
1847	40.2219	3.1637	32.8416	200
1848	38.9307	3.22465	32.9051	200
1849	33.7945	3.176	32.9143	200
1850	33.8616	3.12956	32.9242	200
1851	33.8757	3.08419	32.9341	200
1852	37.9579	3.1246	32.9864	200
1853	38.1844	3.16779	33.0406	200
1854	38.2513	3.21035	33.0948	200
1855	33.5481	3.15291	33.0996	200
1856	33.5641	3.0969	33.1044	200
1857	33.5462	3.04159	33.109	200
1858	33.6204	2.98888	33.1143	200
1859	33.5309	2.93528	33.1187	200
1860	38.2949	2.98197	33.1726	200
1861	38.425	3.02927	33.2273	200
1862	38.696	3.08009	33.2843	200
1863	33.5831	3.02215	33.2874	200
1864	33.628	2.96628	33.2909	200
1865	38.2107	3.00698	33.3422	200
1866	38.1999	3.04554	33.3928	200
1867	38.0936	3.08002	33.4417	200
1868	38.1249	3.11342	33.4905	200
1869	38.4127	3.1511	33.5418	200
1870	43.9823	3.30296	33.6506	200
1871	46.8708	3.50957	33.7883	200
1872	37.5674	3.51519	33.8276	200
1873	37.4066	3.51652	33.8649	200
1874	42.5912	3.62505	33.9558	200
1875	42.6187	3.73001	34.046	200
1876	38.5824	3.74681	34.0933	200
1877	38.393	3.75833	34.1381	200
1878	38.381	3.76842	34.1823	200
1879	38.3816	3.7774	34.226	200
1880	38.3822	3.78529	34.2693	200
1881	38.4614	3.79376	34.313	200
1882	42.9184	3.894	34.4026	200
1883	42.9121	3.99016	34.4913	200
1884	38.4112	3.9887	34.5321	200
1885	43.4546	4.09148	34.625	200
1886	43.1943	4.18477	34.7143	200
1887	43.2479	4.27537	34.8032	200
1888	43.2758	4.36281	34.8914	200
1889	38.729	4.35187	34.9314	200
1890	38.7789	4.34136	34.9715	200
1891	38.6493	4.3286	35.0069	200
1892	38.7593	4.31752	35.0429	200
1893	43.3716	4.39465	35.123	200
1894	44.0835	4.48246	35.2092	200
1895	38.1377	4.45257	35.2373	200
1896	39.0789	4.44082	35.2743	200
1897	39.1149	4.42928	35.3112	200
1898	39.3292	4.42137	35.3498	200
1899	38.5649	4.39817	35.3808	200
1900	38.624	4.37596	35.4119	200
1901	38.4139	4.34954	35.4408	200
1902	38.4501	4.32376	35.4697	200
1903	38.4289	4.29752	35.4982	200
1904	38.3984	4.27065	35.5261	200
1905	38.369	4.24319	35.5534	200
1906	43.2801	4.31018	35.6277	200
1907	38.8935	4.29009	35.6591	200
1908	39.0428	4.27266	35.6916	200
1909	38.8229	4.25071	35.7218	200
1910	44.1798	4.33162	35.8031	200
1911	44.304	4.4118	35.8848	200
1912	44.2627	4.48807	35.9654	200
1913	44.3673	4.56334	36.0462	200
1914	44.4696	4.63757	36.1272	200
1915	49.8877	4.81301	36.2595	200
1916	50.0314	4.9853	36.3919	200
1917	50.0778	5.15261	36.5235	200
1918	59.9444	5.50393	36.7487	200
1919	55.23	5.75349	36.9264	200
1920	49.5343	5.88531	37.0476	200
1921	44.1998	5.90967	37.1164	200
1922	43.5087	5.91895	37.1779	200
1923	43.5348	5.92737	37.239	200
1924	43.4104	5.93207	37.2983	200
1925	38.976	5.85025	37.3144	200
1926	43.8075	5.86261	37.3769	200
1927	49.4061	5.9812	37.4925	200
1928	49.3698	6.09459	37.6068	200
1929	49.3699	6.2036	37.7199	200
1930	49.4383	6.30965	37.8325	200
1931	54.5793	6.51036	37.9936	200
1932	49.7514	6.61127	38.1066	200
1933	49.9678	6.71223	38.2207	200
1934	49.8417	6.80663	38.3324	200
1935	60.4235	7.10056	38.5448	200
1936	50.0589	7.18544	38.6555	200
1937	49.9632	7.26471	38.7643	200
1938	49.6799	7.33492	38.8692	200
1939	54.5885	7.49616	39.0204	200
1940	54.5155	7.64999	39.1694	200
1941	49.2406	7.69655	39.2662	200
1942	49.2305	7.74016	39.362	200
1943	54.1014	7.87476	39.5037	200
1944	54.133	7.99537	39.6343	200
1945	52.1611	8.07629	39.7462	200
1946	54.9771	8.20405	39.8822	200
1947	55.0743	8.32884	40.0178	200
1948	55.2224	8.46106	40.164	200
1949	50.3563	8.49436	40.262	200
1950	49.9754	8.51975	40.3632	200
1951	49.8846	8.54062	40.4624	200
1952	50.0276	8.5639	40.5711	200
1953	45.1995	8.47446	40.6237	200
1954	43.9006	8.34452	40.6646	200
1955	49.3403	8.3528	40.7731	200
1956	49.3854	8.36001	40.8927	200
1957	49.4113	8.36441	41.011	200
1958	44.2235	8.20341	41.0612	200
1959	49.4634	8.20963	41.1925	200
1960	49.2099	8.20276	41.3357	200
1961	49.2168	8.19127	41.4764	200
1962	43.6008	7.9746	41.5143	200
1963	49.1886	7.96387	41.6514	200
1964	49.2006	7.94907	41.7862	200
1965	54.4914	8.11893	42.0131	200
1966	49.4297	8.09385	42.1455	200
1967	49.5507	8.06925	42.2777	200
1968	49.3874	8.03498	42.4047	200
1969	49.34	7.99571	42.5285	200
1970	44.669	7.78659	42.5668	200
1971	44.8253	7.58916	42.6071	200
1972	44.8062	7.39666	42.6464	200
1973	41.6371	7.16854	42.6283	200
1974	44.7618	6.98871	42.6664	200
1975	33.7496	7.05757	42.5072	200
1976	33.843	7.11495	42.3525	200
1977	28.6608	7.32047	42.1385	200
1978	34.0967	7.34302	42.0129	200
1979	34.4884	7.34868	41.8953	200
1980	29.5838	7.50377	41.703	200
1981	29.6915	7.64464	41.5153	200
1982	29.5702	7.77903	41.3286	200
1983	29.5533	7.90391	41.1446	200
1984	33.2961	7.90218	41.022	200
1985	33.1182	7.90223	40.8985	200
1986	33.0227	7.9014	40.7754	200
1987	33.0218	7.89679	40.6543	200
1988	28.1641	8.04033	40.4591	200
1989	33.9836	7.99143	40.358	200
1990	32.946	7.97332	40.2421	200
1991	32.9339	7.95254	40.128	200
1992	32.958	7.92808	40.0159	200
1993	32.9203	7.90207	39.9051	200
1994	32.564	7.88453	39.7903	200
1995	32.2819	7.87278	39.673	200
1996	31.8255	7.87199	39.5504	200
1997	31.7632	7.86934	39.4287	200
1998	31.7278	7.86408	39.3084	200
1999	31.7237	7.85535	39.1899	200
2000	33.7406	7.78016	39.1047	200
2001	33.829	7.7019	39.0223	200
2002	34.1496	7.61348	38.9462	200
2003	34.1628	7.52504	38.8714	200
2004	34.4728	7.42734	38.8027	200
2005	32.3103	7.39812	38.7013	200
2006	32.9876	7.34549	38.612	200
2007	33.0049	7.29116	38.5244	200
2008	33.0819	7.23339	38.4393	200
2009	33.0903	7.18105	38.365	200
2010	38.5656	6.98714	38.3678	200
2011	33.4809	6.9288	38.3	200
2012	33.4589	6.87081	38.2327	200
2013	38.492	6.68715	38.2363	200
2014	38.6219	6.51211	38.2417	200
2015	38.6306	6.34202	38.2471	200
2016	38.6299	6.17649	38.2524	200
2017	32.7588	6.15752	38.1761	200
2018	32.6351	6.14039	38.0991	200
2019	32.2525	6.13223	38.0179	200
2020	32.2914	6.12096	37.9384	200
2021	37.4806	5.96365	37.932	200
2022	33.4079	5.92366	37.8692	200
2023	33.2595	5.88716	37.8052	200
2024	33.3141	5.84838	37.7428	200
2025	33.3408	5.8082	37.6817	200
2026	33.4552	5.76427	37.623	200
2027	38.4269	5.62648	37.6341	200
2028	33.8656	5.57487	37.5818	200
2029	32.7171	5.55514	37.5142	200
2030	32.7055	5.53441	37.4474	200
2031	27.6979	5.65149	37.312	200
2032	27.7016	5.76147	37.1785	200
2033	27.7658	5.86289	37.0478	200
2034	27.8411	5.95577	36.9199	200
2035	32.9305	5.90115	36.8645	200
2036	32.9635	5.84559	36.8103	200
2037	33.0965	5.78638	36.7588	200
2038	33.0833	5.72774	36.7077	200
2039	27.7755	5.81675	36.5836	200
2040	43.5722	5.8493	36.6807	200
2041	38.5075	5.73757	36.7061	200
2042	38.4727	5.62726	36.7306	200
2043	38.5003	5.52011	36.7552	200
2044	38.4723	5.41447	36.779	200
2045	43.5308	5.45161	36.8728	200
2046	38.5762	5.35791	36.8941	200
2047	38.0961	5.25401	36.9091	200
2048	33.5345	5.20702	36.867	200
2049	33.5924	5.15871	36.826	200
2050	38.029	5.05982	36.8411	200
2051	38.0447	4.96342	36.8561	200
2052	37.9978	4.86787	36.8704	200
2053	37.9313	4.7727	36.8836	200
2054	32.9809	4.75095	36.8349	200
2055	33.0796	4.72605	36.7879	200
2056	38.0773	4.64014	36.804	200
2057	38.0318	4.55483	36.8194	200
2058	37.9409	4.46899	36.8334	200
2059	38.2228	4.392	36.8508	200
2060	38.2031	4.31601	36.8677	200
2061	38.1657	4.24056	36.8839	200
2062	38.1047	4.16507	36.8991	200
2063	38.136	4.09186	36.9146	200
2064	33.1168	4.08451	36.8671	200
2065	38.2126	4.01603	36.8839	200
2066	38.2371	3.94946	36.9009	200
2067	37.9379	3.87665	36.9138	200
2068	37.9549	3.80576	36.9268	200
2069	37.8608	3.73396	36.9385	200
2070	38.382	3.6767	36.9566	200
2071	38.3816	3.62041	36.9744	200
2072	38.4876	3.56773	36.9933	200
2073	38.5174	3.51664	37.0123	200
2074	38.3636	3.4625	37.0292	200
2075	38.2438	3.4063	37.0444	200
2076	38.3221	3.35309	37.0604	200
2077	38.3486	3.30147	37.0765	200
2078	38.3886	3.25173	37.0929	200
2079	38.7561	3.21202	37.1137	200
2080	38.9618	3.17792	37.1368	200
2081	39.1109	3.14783	37.1614	200
2082	39.2411	3.12112	37.1874	200
2083	39.2986	3.09587	37.2138	200
2084	39.3047	3.07075	37.24	200
2085	38.3874	3.02266	37.2543	200
2086	38.4353	2.97662	37.2691	200
2087	38.5219	2.93744	37.2833	200
2088	38.3994	2.89605	37.296	200
2089	38.3874	2.85503	37.3084	200
2090	43.5275	2.93149	37.3791	200
2091	38.4661	2.88957	37.3914	200
2092	38.5455	2.85012	37.4045	200
2093	38.4694	2.80955	37.4166	200
2094	38.5013	2.77034	37.429	200
2095	38.6405	2.73492	37.4427	200
2096	38.6992	2.70132	37.457	200
2097	43.6044	2.77964	37.5269	200
2098	43.6236	2.85503	37.5961	200
2099	43.6718	2.92822	37.6652	200
2100	39.0208	2.89248	37.6806	200
2101	42.8543	2.94433	37.7394	200
2102	42.7156	2.99051	37.7959	200
2103	42.5851	3.03138	37.8503	200
2104	42.419	3.06632	37.9023	200
2105	42.5001	3.10113	37.9545	200
2106	38.4007	3.04079	37.9596	200
2107	38.425	2.98226	37.9649	200
2108	38.4486	2.92547	37.9704	200
2109	43.5734	2.98632	38.034	200
2110	43.6482	3.04605	38.0978	200
2111	43.7222	3.10465	38.1617	200
2112	38.9713	3.05248	38.1709	200
2113	38.9981	3.00191	38.1803	200
2114	43.413	3.05261	38.2398	200
2115	43.377	3.09998	38.2982	200
2116	43.3633	3.14465	38.3557	200
2117	43.2112	3.18353	38.4109	200
2118	43.291	3.22208	38.4664	200
2119	38.6518	3.15307	38.4685	200
2120	38.7439	3.08767	38.4716	200
2121	38.8532	3.02617	38.4759	200
2122	37.4854	2.9799	38.4647	200
2123	38.5279	2.91361	38.4654	200
2124	38.633	2.8512	38.4673	200
2125	38.7579	2.793	38.4706	200
2126	38.9234	2.73982	38.4757	200
2127	38.9061	2.68733	38.4806	200
2128	38.9002	2.63579	38.4854	200
2129	39.0418	2.58853	38.4917	200
2130	39.0474	2.54232	38.498	200
2131	43.4609	2.59734	38.5544	200
2132	38.2154	2.55029	38.5509	200
2133	38.137	2.50578	38.5466	200
2134	38.0617	2.46368	38.5415	200
2135	43.3704	2.51295	38.5918	200
2136	43.3645	2.56003	38.6416	200
2137	38.9533	2.51319	38.6448	200
2138	38.99	2.46803	38.6484	200
2139	38.9891	2.42371	38.6519	200
2140	38.9902	2.38026	38.6555	200
2141	38.9052	2.33587	38.6581	200
2142	38.0884	2.29908	38.6521	200
2143	38.0036	2.26469	38.6454	200
2144	37.9473	2.23205	38.6381	200
2145	43.5276	2.28741	38.689	200
2146	38.6659	2.24024	38.6888	200
2147	38.8066	2.19602	38.69	200
2148	38.7994	2.15255	38.6912	200
2149	38.8449	2.11091	38.6928	200
2150	43.6632	2.17048	38.7445	200
2151	43.6685	2.22784	38.7958	200
2152	44.2341	2.29473	38.8525	200
2153	44.7294	2.36936	38.9137	200
2154	40.7999	2.35929	38.9333	200
2155	41.3459	2.3604	38.9585	200
2156	41.7251	2.36886	38.9873	200
2157	42.1937	2.38631	39.0207	200
2158	43.6474	2.43298	39.0689	200
2159	38.2113	2.40016	39.0599	200
2160	38.2387	2.36727	39.0514	200
2161	38.1225	2.3373	39.0417	200
2162	38.1153	2.30791	39.0321	200
2163	43.9161	2.36158	39.0829	200
2164	44.0512	2.41588	39.1347	200
2165	44.0109	2.46714	39.1855	200
2166	43.9847	2.51572	39.2355	200
2167	44.2206	2.56717	39.2874	200
2168	44.2252	2.61656	39.3388	200
2169	41.7866	2.61304	39.3643	200
2170	43.8905	2.65289	39.4115	200
2171	43.8081	2.68922	39.4573	200
2172	43.7199	2.722	39.5017	200
2173	43.5808	2.75027	39.5442	200
2174	38.6777	2.71102	39.5351	200
2175	43.7839	2.74306	39.5794	200
2176	43.2059	2.76147	39.6172	200
2177	43.0512	2.77548	39.653	200
2178	42.7453	2.78208	39.6852	200
2179	42.3926	2.78052	39.7134	200
2180	42.589	2.7825	39.7433	200
2181	42.3743	2.77959	39.7686	200
2182	42.1777	2.77246	39.7918	200
2183	44.2702	2.80527	39.8348	200
2184	44.6057	2.84307	39.8807	200
2185	44.6475	2.88006	39.9265	200
2186	45.1963	2.92601	39.9772	200
2187	45.2155	2.97048	40.0276	200
2188	44.3344	2.99618	40.069	200
2189	44.3462	3.02081	40.1101	200
2190	44.5678	3.04845	40.153	200
2191	41.8096	3.02168	40.1689	200
2192	43.7306	3.03206	40.2032	200
2193	43.7842	3.04262	40.2376	200
2194	46.2215	3.09918	40.2951	200
2195	44.0529	3.11184	40.3313	200
2196	43.9871	3.12231	40.3664	200
2197	43.9036	3.13028	40.4004	200
2198	43.9015	3.13741	40.4341	200
2199	48.9643	3.24112	40.5161	200
2200	43.6609	3.23927	40.5463	200
2201	43.6393	3.23645	40.5761	200
2202	43.2868	3.22634	40.6021	200
2203	43.1947	3.21415	40.6271	200
2204	43.1003	3.19991	40.6509	200
2205	42.9822	3.1832	40.6733	200
2206	48.1344	3.26547	40.745	200
2207	48.0349	3.34286	40.8151	200
2208	47.8527	3.41391	40.8828	200
2209	44.3184	3.41433	40.9158	200
2210	44.1171	3.41023	40.9466	200
2211	44.1326	3.40592	40.9772	200
2212	48.959	3.49392	41.054	200
2213	49.3737	3.58672	41.134	200
2214	44.7155	3.58662	41.1684	200
2215	45.056	3.59241	41.2058	200
2216	45.3402	3.60283	41.2455	200
2217	46.0207	3.62537	41.2915	200
2218	43.8904	3.60563	41.3164	200
2219	43.6689	3.58153	41.3391	200
2220	38.6727	3.56393	41.3134	200
2221	38.4511	3.55044	41.2859	200
2222	38.4356	3.53697	41.2585	200
2223	43.4346	3.5108	41.2794	200
2224	43.497	3.48593	41.3007	200
2225	38.4437	3.47383	41.2733	200
2226	38.4548	3.46123	41.2462	200
2227	38.4841	3.44779	41.2196	200
2228	38.565	3.43253	41.1941	200
2229	38.5491	3.41739	41.1686	200
2230	38.5157	3.40269	41.1431	200
2231	43.4144	3.38093	41.165	200
2232	38.2747	3.37149	41.1372	200
2233	38.6447	3.35459	41.1132	200
2234	38.7269	3.3373	41.0919	200
2235	38.7391	3.31972	41.0709	200
2236	38.8732	3.29968	41.0513	200
2237	42.8868	3.27353	41.0677	200
2238	42.8783	3.24741	41.0838	200
2239	37.6679	3.25042	41.0533	200
2240	37.3631	3.25827	41.0204	200
2241	37.0346	3.27126	40.9848	200
2242	36.7463	3.28853	40.947	200
2243	41.5749	3.24102	40.9526	200
2244	39.4484	3.21001	40.9391	200
2245	39.459	3.17911	40.9259	200
2246	43.729	3.1724	40.9509	200
2247	39.3936	3.14356	40.937	200
2248	39.5303	3.11254	40.9245	200
2249	39.7102	3.07865	40.9136	200
2250	38.8056	3.06131	40.8948	200
2251	38.8611	3.04296	40.8766	200
2252	38.8558	3.02471	40.8586	200
2253	38.8745	3.00613	40.8409	200
2254	44.2132	3.01267	40.871	200
2255	44.2261	3.01878	40.901	200
2256	44.1765	3.02337	40.9302	200
2257	44.1962	3.0277	40.9594	200
2258	39.2587	3.004	40.9442	200
2259	39.2741	2.98018	40.9293	200
2260	38.981	2.96175	40.9119	200
2261	39.1067	2.9411	40.8957	200
2262	43.4148	2.93356	40.9182	200
2263	43.3377	2.92438	40.9398	200
2264	43.1907	2.91235	40.9599	200
2265	38.9426	2.89637	40.9419	200
2266	38.9849	2.8796	40.9245	200
2267	38.7864	2.86635	40.9054	200
2268	43.892	2.8685	40.932	200
2269	43.8853	2.87002	40.9584	200
2270	43.8996	2.87129	40.9847	200
2271	38.6089	2.86244	40.9634	200
2272	38.2088	2.86051	40.9389	200
2273	38.2411	2.8576	40.9148	200
2274	38.6062	2.8478	40.8942	200
2275	37.3604	2.86005	40.8626	200
2276	37.2795	2.87296	40.8306	200
2277	37.1577	2.88724	40.7978	200
2278	39.0461	2.86696	40.7822	200
2279	39.1179	2.84549	40.7673	200
2280	39.2416	2.82192	40.7537	200
2281	39.2921	2.79763	40.7406	200
2282	34.0014	2.86801	40.6805	200
2283	34.0829	2.93461	40.6216	200
2284	34.0996	2.99867	40.5633	200
2285	37.6664	2.99685	40.5375	200
2286	37.7307	2.99346	40.5124	200
2287	37.7548	2.98925	40.4878	200
2288	37.7017	2.98562	40.4629	200
2289	37.7169	2.98134	40.4384	200
2290	37.8046	2.97513	40.4149	200
2291	33.3838	3.04273	40.3563	200
2292	33.3709	3.10844	40.2981	200
2293	38.4126	3.08806	40.2824	200
2294	38.3707	3.06845	40.2664	200
2295	38.5943	3.04518	40.2525	200
2296	38.6382	3.02133	40.239	200
2297	33.6768	3.08034	40.1843	200
2298	38.1664	3.06264	40.1675	200
2299	38.1193	3.04573	40.1505	200
2300	38.0076	3.03068	40.1326	200
2301	38.0088	3.01557	40.1149	200
2302	37.9852	3.0008	40.0972	200
2303	39.601	2.95906	40.093	200
2304	38.7309	2.93244	40.0817	200
2305	38.7432	2.90587	40.0705	200
2306	38.7147	2.88004	40.0592	200
2307	37.838	2.86906	40.0407	200
2308	42.7897	2.86706	40.0636	200
2309	42.7225	2.86359	40.0858	200
2310	42.6595	2.85875	40.1072	200
2311	42.5581	2.85196	40.1276	200
2312	42.4453	2.84305	40.147	200
2313	42.4025	2.83326	40.1658	200
2314	38.7927	2.80892	40.1543	200
2315	38.8094	2.78452	40.1431	200
2316	54.7057	2.98082	40.2645	200
2317	54.8165	3.17367	40.3857	200
2318	54.8212	3.36137	40.506	200
2319	54.8794	3.5449	40.6258	200
2320	55.0433	3.72611	40.7459	200
2321	55.1338	3.90381	40.8658	200
2322	59.5656	4.15041	41.0217	200
2323	60.8596	4.41186	41.187	200
2324	60.823	4.6656	41.3506	200
2325	60.5943	4.90857	41.511	200
2326	64.5539	5.21081	41.703	200
2327	64.3047	5.50065	41.8914	200
2328	59.7831	5.70717	42.0405	200
2329	59.7983	5.90801	42.1884	200
2330	59.8518	6.10393	42.3356	200
2331	59.9076	6.29507	42.4821	200
2332	59.9631	6.4815	42.6277	200
2333	53.442	6.55371	42.7179	200
2334	48.4367	6.5398	42.7655	200
2335	48.388	6.52451	42.8124	200
2336	48.4986	6.51054	42.8597	200
2337	43.4523	6.4119	42.8647	200
2338	49.1326	6.4095	42.9169	200
2339	49.1202	6.40606	42.9686	200
2340	49.1323	6.40203	43.02	200
2341	54.4287	6.48547	43.115	200
2342	54.443	6.56618	43.2094	200
2343	54.4221	6.64362	43.3029	200
2344	54.404	6.71791	43.3954	200
2345	54.3091	6.78784	43.4863	200
2346	44.0692	6.68442	43.4912	200
2347	48.9707	6.66434	43.5369	200
2348	48.9286	6.64313	43.5818	200
2349	48.854	6.62028	43.6257	200
2350	48.7562	6.59545	43.6685	200
2351	48.8062	6.57116	43.7113	200
2352	48.7476	6.54718	43.7506	200
2353	44.3887	6.45484	43.7556	200
2354	43.6949	6.35494	43.7551	200
2355	43.683	6.25677	43.7546	200
2356	43.8196	6.16002	43.7551	200
2357	39.8353	6.12502	43.7245	200
2358	39.8592	6.08971	43.6943	200
2359	44.0642	6.00033	43.6972	200
2360	44.0249	5.9117	43.6997	200
2361	43.9589	5.82338	43.7017	200
2362	55.2646	5.91306	43.7921	200
2363	60.3625	6.07958	43.9215	200
2364	60.4283	6.2425	44.0505	200
2365	55.2377	6.31976	44.1379	200
2366	55.2327	6.39437	44.2246	200
2367	55.4562	6.46995	44.3123	200
2368	55.4335	6.54263	44.3992	200
2369	44.7342	6.44564	44.4018	200
2370	54.726	6.50624	44.4825	200
2371	54.7151	6.56446	44.5624	200
2372	49.4712	6.53859	44.6008	200
2373	49.5214	6.51331	44.6392	200
2374	49.5619	6.48846	44.6777	200
2375	49.6561	6.46486	44.7166	200
2376	49.7177	6.44199	44.7556	200
2377	48.6556	6.40227	44.7861	200
2378	43.9211	6.31575	44.7793	200
2379	43.8669	6.22569	44.7717	200
2380	43.952	6.1356	44.7649	200
2381	49.2458	6.10605	44.8049	200
2382	60.8535	6.28359	44.9482	200
2383	60.9498	6.47048	45.1021	200
2384	65.3655	6.73572	45.2969	200
2385	65.2766	7.01164	45.505	200
2386	59.5723	7.15863	45.6516	200
2387	59.5518	7.31185	45.8095	200
2388	59.3658	7.45377	45.9636	200
2389	59.3577	7.60228	46.131	200
2390	59.3824	7.7435	46.2966	200
2391	60.4106	7.92046	46.4927	200
2392	60.4364	8.08777	46.6863	200
2393	60.4536	8.26526	46.9014	200
2394	54.7154	8.25116	47.0235	200
2395	49.6367	8.07497	47.0644	200
2396	49.5963	7.90175	47.1039	200
2397	49.643	7.73416	47.1436	200
2398	54.5521	7.72399	47.2593	200
2399	54.2202	7.70014	47.3681	200
2400	54.0951	7.66973	47.4732	200
2401	54.0194	7.63461	47.5755	200
2402	49.233	7.44783	47.6014	200
2403	49.255	7.26676	47.6272	200
2404	49.1564	7.08746	47.6511	200
2405	49.0844	6.91077	47.6735	200
2406	49.0425	6.75683	47.6925	200
2407	48.9253	6.60338	47.7097	200
2408	48.8796	6.45245	47.7259	200
2409	61.0361	6.64295	47.9108	200
2410	38.1001	6.73094	47.7745	200
2411	38.1289	6.8119	47.6405	200
2412	38.1277	6.88693	47.5084	200
2413	38.2381	6.95314	47.3797	200
2414	38.2361	7.01398	47.2527	200
2415	33.6183	7.19788	47.0633	200
2416	38.1527	7.24545	46.9395	200
2417	38.21	7.28668	46.8183	200
2418	38.2161	7.32322	46.6988	200
2419	33.3393	7.49089	46.5133	200
2420	38.8158	7.49663	46.4064	200
2421	38.885	7.49732	46.3019	200
2422	38.9202	7.49411	46.1994	200
2423	39.1207	7.48257	46.1011	200
2424	39.1663	7.46735	46.0047	200
2425	39.2492	7.44757	45.9109	200
2426	39.4649	7.41975	45.8214	200
2427	38.1265	7.42739	45.7145	200
2428	39.9702	7.38064	45.6347	200
2429	38.5071	7.37361	45.5357	200
2430	38.526	7.36351	45.4384	200
2431	38.385	7.35489	45.3404	200
2432	38.3415	7.345	45.2432	200
2433	43.4723	7.19017	45.2186	200
2434	38.9755	7.16386	45.1319	200
2435	38.997	7.13528	45.0467	200
2436	39.03	7.10421	44.9631	200
2437	43.6997	6.94196	44.9456	200
2438	38.2218	6.9359	44.8522	200
2439	38.1752	6.9287	44.7595	200
2440	38.1817	6.91774	44.6567	200
2441	38.1045	6.90632	44.5543	200
2442	38.1919	6.88689	44.4407	200
2443	38.1937	6.86403	44.3291	200
2444	48.6639	6.75865	44.4194	200
2445	48.471	6.64585	44.5038	200
2446	38.9609	6.5907	44.3653	200
2447	37.5029	6.60429	44.1937	200
2448	44.0349	6.28201	44.1897	200
2449	44.1905	5.96795	44.1898	200
2450	44.3229	5.67621	44.1931	200
2451	44.3758	5.40154	44.1977	200
2452	38.9373	5.39448	44.0661	200
2453	38.9637	5.37988	43.9386	200
2454	38.9808	5.35877	43.8146	200
2455	43.703	5.09641	43.8118	200
2456	39.2561	5.06938	43.698	200
2457	38.4469	5.07847	43.5667	200
2458	33.7409	5.31583	43.321	200
2459	33.6682	5.53268	43.0797	200
2460	38.0766	5.5062	42.9546	200
2461	38.0563	5.48087	42.8526	200
2462	38.0339	5.45328	42.7522	200
2463	37.9933	5.42434	42.653	200
2464	37.9065	5.3961	42.5542	200
2465	37.8857	5.36578	42.4569	200
2466	33.1906	5.5283	42.2639	200
2467	38.0001	5.47561	42.175	200
2468	38.2275	5.41194	42.0928	200
2469	32.3162	5.5938	41.8891	200
2470	37.5681	5.54076	41.7991	200
2471	33.1897	5.66862	41.6197	200
2472	33.392	5.77525	41.4483	200
2473	33.5181	5.86504	41.2831	200
2474	33.5497	5.94289	41.122	200
2475	33.7056	6.00429	40.9675	200
2476	33.8255	6.05169	40.8187	200
2477	38.0771	5.91377	40.7616	200
2478	38.0211	5.78155	40.7045	200
2479	33.0083	5.86132	40.5441	200
2480	33.373	5.9159	40.3947	200
2481	37.9548	5.77107	40.3439	200
2482	32.7012	5.84905	40.1847	200
2483	32.7625	5.9146	40.0301	200
2484	32.6602	5.97523	39.8765	200
2485	32.6871	6.02582	39.7267	200
2486	32.5589	6.06661	39.5987	200
2487	32.5858	6.10041	39.4735	200
2488	37.3249	5.95927	39.4351	200
2489	37.2076	5.82599	39.3954	200
2490	32.9648	5.84758	39.2805	200
2491	32.9485	5.86489	39.1675	200
2492	38.0664	5.69475	39.1478	200
2493	31.0024	5.78227	39.0023	200
2494	27.416	5.98956	38.7954	200
2495	27.4219	6.18184	38.5923	200
2496	27.648	6.35193	38.3969	200
2497	27.6513	6.50885	38.205	200
2498	27.7823	6.64863	38.0189	200
2499	27.9032	6.77245	37.8383	200
2500	31.9768	6.73991	37.7336	200
2501	32.2091	6.6965	37.6349	200
2502	27.2921	6.82673	37.4502	200
2503	27.3386	6.94405	37.2697	200
2504	32.3815	6.87062	37.1824	200
2505	32.4158	6.79548	37.0973	200
2506	27.2181	6.90561	36.9209	200
2507	28.229	6.96941	36.7656	200
2508	27.2185	7.06147	36.5952	200
2509	27.1674	7.14598	36.4268	200
2510	26.932	7.22986	36.2573	200
2511	31.8002	7.13084	36.1777	200
2512	31.6947	7.03627	36.0976	200
2513	31.5587	6.94708	36.0166	200
2514	31.5729	6.85767	35.9372	200
2515	27.8305	6.8967	35.8105	200
2516	32.823	6.77454	35.7639	200
2517	33.0308	6.64824	35.7212	200
2518	33.0995	6.52241	35.6802	200
2519	45.9963	6.64096	35.8414	200
2520	46.0506	6.75247	36.0009	200
2521	45.689	6.84421	36.1523	200
2522	29.8364	6.8277	36.0536	200
2523	29.7634	6.8109	35.9553	200
2524	34.8553	6.63244	35.9381	200
2525	34.8153	6.46026	35.9206	200
2526	29.9171	6.44599	35.8268	200
2527	30.0243	6.42587	35.7361	200
2528	35.1587	6.24311	35.7271	200
2529	35.4866	6.05553	35.7233	200
2530	35.5336	5.87222	35.7204	200
2531	35.258	5.70316	35.7131	200
2532	30.0576	5.70167	35.6248	200
2533	29.9856	5.69972	35.5366	200
2534	41.7821	5.71677	35.6342	200
2535	33.7399	5.59732	35.6046	200
2536	39.4789	5.54347	35.6652	200
2537	39.5336	5.49113	35.7256	200
2538	39.4018	5.43441	35.7831	200
2539	39.5167	5.38126	35.8414	200
2540	39.6579	5.33236	35.901	200
2541	45.1761	5.45557	36.0459	200
2542	45.1955	5.571	36.1889	200
2543	45.271	5.68072	36.3308	200
2544	40.1691	5.62315	36.3908	200
2545	39.8091	5.55424	36.4442	200
2546	39.8578	5.48735	36.4975	200
2547	39.8835	5.42168	36.5504	200
2548	39.9564	5.36569	36.5977	200
2549	44.36	5.43226	36.7056	200
2550	55.5042	5.80355	36.9666	200
2551	49.5717	5.99248	37.1417	200
2552	39.6551	5.89584	37.1766	200
2553	38.809	5.77741	37.1993	200
2554	38.8119	5.66172	37.2217	200
2555	44.6243	5.71008	37.3245	200
2556	44.4483	5.74935	37.4234	200
2557	39.279	5.64119	37.4492	200
2558	44.8177	5.68917	37.5516	200
2559	44.8011	5.73251	37.6522	200
2560	44.5874	5.76592	37.7486	200
2561	49.8484	5.94186	37.9166	200
2562	49.8271	6.10765	38.082	200
2563	49.7656	6.26254	38.2443	200
2564	49.7763	6.40891	38.4045	200
2565	49.8931	6.55001	38.564	200
2566	49.8888	6.68264	38.7213	200
2567	45.3852	6.68212	38.8139	200
2568	39.9339	6.52762	38.8294	200
2569	39.6851	6.37006	38.8413	200
2570	44.9834	6.36373	38.9266	200
2571	50.7266	6.51473	39.0905	200
2572	50.752	6.6577	39.2525	200
2573	44.7831	6.62639	39.3293	200
2574	44.7869	6.59392	39.4051	200
2575	49.5751	6.69326	39.5463	200
2576	39.4105	6.51111	39.5444	200
2577	39.6187	6.33231	39.5455	200
2578	55.2021	6.59132	39.7629	200
2579	50.0617	6.6943	39.906	200
2580	50.2752	6.79638	40.05	200
2581	50.4143	6.89549	40.1939	200
2582	50.5591	6.99187	40.3379	200
2583	50.5078	7.08015	40.4791	200
2584	50.6483	7.16596	40.6204	200
2585	50.8273	7.24198	40.748	200
2586	54.8494	7.41346	40.9242	200
2587	48.9973	7.42995	41.0251	200
2588	54.6345	7.58444	41.1953	200
2589	49.3465	7.59861	41.2972	200
2590	45.9138	7.52406	41.3549	200
2591	45.9668	7.45125	41.4125	200
2592	45.9973	7.37959	41.4698	200
2593	49.1017	7.3859	41.5652	200
2594	50.2346	7.41799	41.6736	200
2595	49.3207	7.42371	41.7692	200
2596	49.0936	7.42123	41.8607	200
2597	44.3535	7.29802	41.8919	200
2598	44.3711	7.17755	41.9229	200
2599	44.1426	7.0536	41.9506	200
2600	55.818	7.22394	42.124	200
2601	55.7255	7.38338	42.294	200
2602	55.7259	7.5346	42.4619	200
2603	59.7864	7.77934	42.6784	200
2604	60.0504	8.01916	42.8956	200
2605	59.8398	8.24228	43.1074	200
2606	55.8321	8.35434	43.2664	200
2607	55.8027	8.45889	43.4231	200
2608	44.4746	8.27371	43.4363	200
2609	54.92	8.35396	43.5798	200
2610	47.6974	8.24805	43.6313	200
2611	47.7238	8.14416	43.6825	200
2612	53.8004	8.1935	43.8089	200
2613	50.8434	8.16452	43.8969	200
2614	56.3847	8.27261	44.053	200
2615	56.4767	8.37639	44.2083	200
2616	60.7129	8.57959	44.4146	200
2617	49.7626	8.4988	44.4814	200
2618	49.7503	8.40908	44.5546	200
2619	55.0601	8.46731	44.7005	200
2620	43.2583	8.24778	44.678	200
2621	43.2177	8.03567	44.6552	200
2622	43.2951	7.79725	44.6309	200
2623	39.1138	7.71582	44.5323	200
2624	39.0858	7.62126	44.4189	200
2625	43.9287	7.32413	44.4087	200
2626	43.9678	6.97997	44.3976	200
2627	44.2014	6.64079	44.3927	200
2628	49.9166	6.58494	44.5308	200
2629	49.924	6.52535	44.6657	200
2630	39.7106	6.44683	44.5418	200
2631	40.2092	6.35874	44.4515	200
2632	40.1937	6.2712	44.3628	200
2633	38.0514	6.27287	44.2313	200
2634	49.3124	6.22321	44.3372	200
2635	43.1601	6.01296	44.3127	200
2636	54.5359	6.18839	44.5256	200
2637	39.4555	6.14179	44.42	200
2638	44.5035	5.88936	44.4218	200
2639	39.0343	5.86845	44.3095	200
2640	38.9348	5.84788	44.1975	200
2641	44.1242	5.60727	44.196	200
2642	49.1259	5.57905	44.2987	200
2643	48.6446	5.52766	44.3893	200
2644	48.7367	5.47849	44.4798	200
2645	44.7408	5.26109	44.4853	200
2646	33.4948	5.49981	44.2563	200
2647	32.9975	5.73977	44.0217	200
2648	32.6774	5.97329	43.7854	200
2649	38.2332	5.95575	43.6697	200
2650	34.018	6.10974	43.4686	200
2651	37.5931	6.09999	43.3462	200
2652	37.5939	6.0855	43.2264	200
2653	43.3508	5.83712	43.229	200
2654	44.3636	5.64118	43.2526	200
2655	44.7881	5.47011	43.2846	200
2656	45.2904	5.34638	43.3204	200
2657	45.4033	5.22983	43.3576	200
2658	45.7751	5.12939	43.4008	200
2659	45.8204	5.03261	43.444	200
2660	41.1845	4.93357	43.4036	200
2661	32.9301	5.13142	43.2166	200
2662	38.5669	5.11422	43.1336	200
2663	42.7896	4.94385	43.1274	200
2664	39.05	4.91291	43.0546	200
2665	39.0812	4.87936	42.9837	200
2666	44.0874	4.74451	43.0034	200
2667	49.3356	4.80122	43.1165	200
2668	48.965	4.83862	43.2209	200
2669	48.9847	4.87166	43.3238	200
2670	48.4872	4.88208	43.416	200
2671	48.3048	4.88232	43.5033	200
2672	47.9738	4.86761	43.5832	200
2673	53.4701	5.04687	43.7597	200
2674	53.2063	5.204	43.9284	200
2675	55.8751	5.44481	44.1417	200
2676	44.6686	5.26917	44.1511	200
2677	44.4939	5.09323	44.1573	200
2678	44.476	4.92271	44.1629	200
2679	44.4803	4.75823	44.1686	200
2680	50.7162	4.82214	44.2855	200
2681	50.9301	4.88722	44.4042	200
2682	50.9629	4.94692	44.5213	200
2683	56.3896	5.19411	44.7332	200
2684	56.4464	5.42694	44.9424	200
2685	56.4402	5.61665	45.1221	200
2686	56.2991	5.79041	45.2967	200
2687	56.4103	5.95676	45.4703	200
2688	50.7583	5.93586	45.553	200
2689	56.0418	6.07814	45.7169	200
2690	55.978	6.20886	45.8772	200
2691	56.0438	6.33254	46.036	200
2692	50.8678	6.28564	46.1115	200
2693	50.8603	6.23761	46.1857	200
2694	50.8463	6.18833	46.2586	200
2695	55.6935	6.28978	46.406	200
2696	44.3203	6.1584	46.3734	200
2697	44.3119	6.03037	46.3412	200
2698	44.0305	5.91413	46.3051	200
2699	44.0516	5.79974	46.2699	200
2700	44.1323	5.68529	46.2365	200
2701	49.682	5.6153	46.2903	200
2702	49.7165	5.54689	46.3438	200
2703	49.5377	5.46285	46.4009	200
2704	49.4808	5.37775	46.4559	200
2705	44.6879	5.22734	46.419	200
2706	49.5324	5.13926	46.4839	200
2707	49.5335	5.03477	46.5601	200
2708	49.5905	4.93455	46.6359	200
2709	49.8142	4.82479	46.7352	200
2710	49.8402	4.7173	46.8322	200
2711	38.919	4.91705	46.585	200
2712	38.9399	5.08754	46.346	200
2713	44.0964	4.91018	46.2757	200
2714	44.4375	4.71818	46.2183	200
2715	44.7697	4.5547	46.1821	200
2716	44.9038	4.39087	46.1501	200
2717	45.1522	4.22123	46.1252	200
2718	38.2193	4.40546	45.9275	200
2719	38.2117	4.57098	45.7346	200
2720	38.1199	4.72316	45.5443	200
2721	38.0976	4.85934	45.3581	200
2722	32.9454	5.23701	45.0478	200
2723	33.3108	5.562	44.7544	200
2724	33.4484	5.8492	44.4717	200
2725	38.3139	5.86463	44.3178	200
2726	38.3407	5.87025	44.1683	200
2727	38.4439	5.86296	44.0252	200
2728	38.5964	5.84125	43.8895	200
2729	38.6946	5.80893	43.7596	200
2730	33.6746	6.02274	43.5075	200
2731	33.8961	6.20217	43.2672	200
2732	33.8968	6.36058	43.033	200
2733	32.7568	6.55636	42.7761	200
2734	32.717	6.73149	42.5246	200
2735	32.8651	6.87789	42.2831	200
2736	27.6646	7.20042	41.9785	200
2737	27.537	7.50213	41.6777	200
2738	27.1075	7.79663	41.3741	200
2739	27.9744	8.03009	41.095	200
2740	28.019	8.24034	40.8225	200
2741	27.2938	8.46069	40.5407	200
2742	27.1574	8.6658	40.2619	200
2743	27.1993	8.84899	39.9897	200
2744	22.5054	9.2088	39.6255	200
2745	22.3737	9.54392	39.2661	200
2746	22.3438	9.85135	38.9135	200
2747	27.1533	9.93089	38.6685	200
2748	27.2528	9.99275	38.4307	200
2749	27.6407	10.026	38.2059	200
2750	27.7059	10.0457	37.9871	200
2751	27.1779	10.0775	37.762	200
2752	27.1207	10.101	37.5403	200
2753	22.2337	10.3179	37.2214	200
2754	22.2021	10.5138	36.9085	200
2755	22.2245	10.6876	36.6026	200
2756	22.421	10.8331	36.3071	200
2757	22.5162	10.9564	36.0198	200
2758	22.5593	11.0607	35.7394	200
2759	27.8916	10.9269	35.5759	200
2760	28.0405	10.7855	35.4189	200
2761	28.0797	10.6625	35.2878	200
2762	27.838	10.5477	35.1548	200
2763	27.8975	10.4302	35.0252	200
2764	22.8226	10.4935	34.8073	200
2765	22.9291	10.543	34.5952	200
2766	17.5257	10.776	34.2904	200
2767	19.7102	10.9119	34.03	200
2768	19.5593	11.039	33.7716	200
2769	19.3404	11.1602	33.5139	200
2770	19.2417	11.2713	33.259	200
2771	19.4382	11.3624	33.0122	200
2772	15.0209	11.5991	32.691	200
2773	14.9422	11.8187	32.374	200
2774	15.1862	12.0105	32.0671	200
2775	15.0735	12.1885	31.7636	200
2776	14.9151	12.3549	31.4628	200
2777	14.7976	12.5088	31.1652	200
2778	20.0282	12.4598	30.9663	200
2779	19.747	12.4155	30.766	200
2780	19.6437	12.3693	30.5673	200
2781	17.4776	12.3951	30.3336	200
2782	17.5626	12.4085	30.1055	200
2783	17.6217	12.4112	29.8826	200
2784	22.7835	12.2215	29.7559	200
2785	22.5558	12.0421	29.6273	200
2786	30.4262	11.6406	29.6415	200
2787	30.2079	11.2451	29.6517	200
2788	30.2297	10.8641	29.662	200
2789	34.6593	10.6546	29.7512	200
2790	34.7261	10.4771	29.8289	200
2791	34.7587	10.3037	29.906	200
2792	34.8336	10.1357	29.983	200
2793	24.1219	10.0021	29.8914	200
2794	24.199	9.86746	29.8024	200
2795	29.222	9.57724	29.7934	200
2796	29.1505	9.29804	29.7833	200
2797	29.1342	9.02777	29.7732	200
2798	29.1211	8.76602	29.763	200
2799	27.1193	8.5747	29.7217	200
2800	27.1258	8.38786	29.6811	200
2801	24.2924	8.29414	29.5969	200
2802	24.3328	8.19945	29.5147	200
2803	24.2756	8.10694	29.4328	200
2804	19.8361	8.15349	29.2829	200
2805	19.8502	8.19347	29.1355	200
2806	19.7971	8.22925	28.9896	200
2807	19.7643	8.26037	28.8454	200
2808	25.1117	8.11891	28.7871	200
2809	25.0479	7.98204	28.7287	200
2810	24.9498	7.85069	28.6696	200
2811	28.5642	7.60865	28.668	200
2812	31.1694	7.44905	28.707	200
2813	31.1036	7.29116	28.7445	200
2814	31.0945	7.13675	28.7812	200
2815	27.9001	6.94126	28.7674	200
2816	27.8878	6.75184	28.7537	200
2817	28.3287	6.55412	28.7471	200
2818	28.3392	6.36205	28.7407	200
2819	28.4336	6.17283	28.7359	200
2820	28.5391	5.98608	28.7328	200
2821	28.6073	5.80294	28.7308	200
2822	28.689	5.6229	28.7302	200
2823	28.7024	5.46748	28.7298	200
2824	28.7975	5.31749	28.7307	200
2825	34.035	5.31712	28.8044	200
2826	34.3832	5.32438	28.8819	200
2827	34.5983	5.33527	28.9613	200
2828	30.2794	5.22368	28.9796	200
2829	27.8986	5.10861	28.9646	200
2830	27.9299	4.99544	28.9502	200
2831	28.0734	4.88104	28.938	200
2832	33.5004	4.87218	29.0014	200
2833	33.5446	4.86305	29.0645	200
2834	27.6767	4.76651	29.0452	200
2835	27.7398	4.67037	29.0271	200
2836	27.8297	4.5739	29.0105	200
2837	28.1372	4.4711	28.9983	200
2838	28.4361	4.36252	28.9905	200
2839	28.4305	4.25689	28.9827	200
2840	28.5433	4.15085	28.9766	200
2841	32.469	4.13256	29.0251	200
2842	33.1617	4.13267	29.0826	200
2843	26.8772	4.07913	29.052	200
2844	26.5862	4.03432	29.0177	200
2845	26.473	3.99294	28.9824	200
2846	22.0164	4.07552	28.8856	200
2847	22.1145	4.1504	28.7916	200
2848	22.1278	4.22021	28.699	200
2849	21.9626	4.29011	28.6055	200
2850	21.4318	4.3702	28.5058	200
2851	35.4129	4.44067	28.6018	200
2852	30.0778	4.35832	28.6223	200
2853	30.0591	4.27717	28.6422	200
2854	29.8691	4.19244	28.6593	200
2855	36.5823	4.29606	28.7693	200
2856	36.6335	4.39518	28.8785	200
2857	37.0879	4.50113	28.9925	200
2858	37.8175	4.62123	29.1151	200
2859	38.2997	4.74799	29.2427	200
2860	34.425	4.75885	29.3074	200
2861	36.5962	4.8221	29.3986	200
2862	32.2397	4.77257	29.4341	200
2863	32.8844	4.73951	29.4772	200
2864	37.7577	4.82804	29.5807	200
2865	38.4067	4.92799	29.691	200
2866	38.3351	5.02089	29.7991	200
2867	38.4204	5.1109	29.9068	200
2868	42.7597	5.30445	30.0675	200
2869	38.1046	5.37277	30.168	200
2870	24.2732	5.38582	30.0943	200
2871	24.6079	5.38833	30.0257	200
2872	24.6904	5.387	29.959	200
2873	24.8281	5.3806	29.8949	200
2874	28.7004	5.27595	29.8799	200
2875	34.7307	5.26532	29.9406	200
2876	34.6429	5.25124	29.9994	200
2877	33.9963	5.21988	30.0493	200
2878	33.7637	5.18225	30.0958	200
2879	43.2848	5.38242	30.2606	200
2880	43.4727	5.57816	30.4258	200
2881	40.6484	5.69427	30.5535	200
2882	40.7454	5.80671	30.6809	200
2883	40.187	5.89919	30.7998	200
2884	39.5404	5.97023	30.909	200
2885	38.8496	6.01949	31.0083	200
2886	38.8506	6.06506	31.1063	200
2887	45.3757	6.27016	31.2847	200
2888	43.3753	6.41567	31.4358	200
2889	43.1951	6.54926	31.5828	200
2890	43.033	6.67179	31.7259	200
2891	42.7385	6.7803	31.8636	200
2892	48.0397	7.0152	32.0658	200
2893	47.9313	7.23646	32.2641	200
2894	37.2038	7.17904	32.3259	200
2895	31.0482	7.0315	32.3099	200
2896	32.381	6.85749	32.3108	200
2897	33.0139	6.70363	32.3196	200
2898	37.7954	6.67294	32.388	200
2899	28.3883	6.60611	32.338	200
2900	39.0441	6.60861	32.4218	200
2901	38.8843	6.60528	32.4953	200
2902	38.7725	6.59783	32.5666	200
2903	38.6454	6.58603	32.6357	200
2904	48.9087	6.80619	32.8206	200
2905	44.7631	6.92292	32.9563	200
2906	49.5579	7.14289	33.145	200
2907	49.584	7.35417	33.3318	200
2908	49.1214	7.54588	33.5112	200
2909	46.8406	7.67733	33.6627	200
2910	46.8316	7.80213	33.8123	200
2911	46.8318	7.92071	33.9603	200
2912	50.4637	8.11577	34.1478	200
2913	45.3867	8.18675	34.2755	200
2914	45.6347	8.25885	34.4046	200
2915	49.9685	8.42488	34.5815	200
2916	49.7358	8.57782	34.7537	200
2917	48.0175	8.68432	34.9044	200
2918	47.3768	8.77041	35.0461	200
2919	42.4236	8.73875	35.13	200
2920	48.0006	8.83266	35.2762	200
2921	37.4266	8.68079	35.3006	200
2922	37.472	8.53285	35.3253	200
2923	37.6845	8.39254	35.3521	200
2924	42.9219	8.37384	35.4382	200
2925	42.9367	8.35394	35.5234	200
2926	43.823	8.35271	35.6177	200
2927	43.7336	8.34733	35.7099	200
2928	43.9471	8.34482	35.8035	200
2929	43.9541	8.34041	35.8961	200
2930	38.1674	8.20247	35.9219	200
2931	38.4867	8.07434	35.9511	200
2932	42.9212	8.04925	36.0303	200
2933	42.9774	8.0242	36.1092	200
2934	39.5752	7.9206	36.1486	200
2935	39.5771	7.81851	36.1876	200
2936	44.7082	7.83446	36.2844	200
2937	45.2448	7.86005	36.3862	200
2938	45.2697	7.88331	36.4872	200
2939	45.3261	7.90503	36.5876	200
2940	50.3791	8.03881	36.7443	200
2941	50.5842	8.17065	36.9016	200
2942	44.9872	8.16872	36.9935	200
2943	50.0537	8.27989	37.1419	200
2944	50.1015	8.38625	37.2892	200
2945	50.1766	8.48855	37.4356	200
2946	49.9674	8.57278	37.5661	200
2947	50.3669	8.66086	37.6995	200
2948	50.7101	8.75148	37.835	200
2949	39.4724	8.60327	37.8521	200
2950	54.8728	8.77863	38.0294	200
2951	49.8836	8.84271	38.1529	200
2952	49.9063	8.90335	38.2753	200
2953	49.4972	8.95165	38.3922	200
2954	49.1475	8.98923	38.5042	200
2955	50.2836	9.04736	38.6269	200
2956	50.3726	9.10357	38.7493	200
2957	50.3789	9.1562	38.8704	200
2958	50.5089	9.20791	38.9916	200
2959	49.244	9.22967	39.0984	200
2960	50.6933	9.27894	39.2192	200
2961	50.7685	9.32624	39.3395	200
2962	55.1134	9.46057	39.5038	200
2963	50.543	9.49346	39.6188	200
2964	55.4671	9.62585	39.7839	200
2965	55.4819	9.75235	39.9474	200
2966	50.4676	9.76835	40.057	200
2967	50.5055	9.78251	40.1658	200
2968	50.6057	9.79621	40.2746	200
2969	50.6812	9.80892	40.383	200
2970	50.7301	9.82014	40.4908	200
2971	56.154	9.94187	40.6539	200
2972	55.947	10.0534	40.8132	200
2973	55.9111	10.1584	40.9705	200
2974	45.2306	10.0356	41.0149	200
2975	56.1091	10.141	41.1721	200
2976	56.2706	10.2442	41.3294	200
2977	56.7396	10.3519	41.4899	200
2978	62.1278	10.5661	41.7049	200
2979	56.6706	10.6578	41.8608	200
2980	61.4863	10.8446	42.0652	200
2981	61.2196	11.0178	42.2647	200
2982	60.9306	11.1771	42.4592	200
2983	57.0412	11.248	42.6111	200
2984	55.2343	11.2767	42.7426	200
2985	55.159	11.3004	42.8719	200
2986	50.2109	11.2179	42.9483	200
2987	50.1686	11.1346	43.0236	200
2988	44.9295	10.9423	43.0434	200
2989	44.958	10.7543	43.0634	200
2990	50.4706	10.6845	43.1405	200
2991	50.618	10.6177	43.2184	200
2992	50.5025	10.5483	43.2943	200
2993	55.7804	10.5886	43.4243	200
2994	55.8839	10.6276	43.5541	200
2995	56.3761	10.6698	43.6774	200
2996	49.884	10.584	43.7371	200
2997	55.626	10.6091	43.8514	200
2998	55.6502	10.632	43.9649	200
2999	56.0577	10.66	44.0811	200
3000	45.4904	10.4821	44.0947	200
3001	50.2083	10.3981	44.1535	200
3002	49.7564	10.3059	44.2073	200
3003	44.5387	10.1141	44.2105	200
3004	55.0786	10.1286	44.315	200
3005	50.1923	10.0468	44.3715	200
3006	50.177	9.96528	44.4274	200
3007	49.954	9.87992	44.4805	200
3008	49.7266	9.79081	44.5309	200
3009	50.4985	9.71728	44.5883	200
3010	55.5911	9.742	44.6941	200
3011	55.5858	9.76411	44.7988	200
3012	55.6174	9.78439	44.9029	200
3013	55.647	9.80284	45.0062	200
3014	55.5735	9.81755	45.1078	200
3015	55.2543	9.82387	45.2053	200
3016	55.0561	9.82439	45.3001	200
3017	55.239	9.82659	45.3956	200
3018	55.1242	9.8247	45.4892	200
3019	55.1341	9.82125	45.5819	200
3020	55.1839	9.81703	45.6742	200
3021	54.5928	9.79975	45.76	200
3022	55.4492	9.79763	45.8532	200
3023	55.6883	9.79835	45.9477	200
3024	60.5148	9.89005	46.0878	200
3025	55.553	9.88188	46.1788	200
3026	56.3182	9.88683	46.2763	200
3027	55.1166	9.86671	46.3613	200
3028	55.133	9.84565	46.4456	200
3029	55.0304	9.8214	46.5282	200
3030	49.8259	9.69595	46.5599	200
3031	49.8359	9.57249	46.5914	200
3032	49.8997	9.45202	46.6232	200
3033	49.9701	9.33461	46.6554	200
3034	54.6157	9.30818	46.7319	200
3035	49.0274	9.17333	46.754	200
3036	44.1314	9.03685	46.7267	200
3037	49.3563	8.90337	46.7541	200
3038	49.3762	8.76061	46.7839	200
3039	54.9998	8.74823	46.8772	200
3040	55.1656	8.73673	46.9808	200
3041	50.2157	8.59919	47.0213	200
3042	54.9455	8.58044	47.1313	200
3043	54.7969	8.55503	47.2378	200
3044	60.3332	8.69691	47.4424	200
3045	60.2969	8.82684	47.6433	200
3046	60.2596	8.96218	47.8686	200
3047	60.4078	9.08993	48.0925	200
3048	60.4466	9.20651	48.3131	200
3049	55.0892	9.1197	48.4341	200
3050	49.1748	8.82045	48.4473	200
3051	49.404	8.5396	48.4644	200
3052	49.1681	8.25975	48.477	200
3053	48.0029	7.98169	48.4685	200
3054	44.2871	7.84596	48.3938	200
3055	44.382	7.70903	48.3222	200
3056	49.4883	7.47535	48.343	200
3057	44.0316	7.36235	48.266	200
3058	44.0684	7.24933	48.1911	200
3059	49.0805	7.02219	48.2069	200
3060	49.0827	6.80267	48.2226	200
3061	44.5998	6.6891	48.1579	200
3062	55.645	6.7176	48.2916	200
3063	55.6866	6.7418	48.4236	200
3064	55.444	6.75175	48.549	200
3065	50.6441	6.58544	48.5864	200
3066	55.1663	6.58524	48.7039	200
3067	55.3652	6.58795	48.8229	200
3068	55.5511	6.59234	48.928	200
3069	60.9866	6.76316	49.1164	200
3070	60.8412	6.91821	49.2996	200
3071	56.1782	6.91697	49.4071	200
3072	61.0399	7.06434	49.5888	200
3073	61.0168	7.2007	49.7674	200
3074	55.934	7.16839	49.8638	200
3075	55.8807	7.1324	49.9578	200
3076	44.069	7.09354	49.8658	200
3077	39.251	7.20358	49.6999	200
3078	43.4606	7.17344	49.6024	200
3079	43.5125	7.13958	49.5073	200
3080	43.2191	7.11298	49.409	200
3081	38.7142	7.22491	49.2419	200
3082	38.5596	7.33295	49.075	200
3083	38.6087	7.43087	48.9114	200
3084	38.4625	7.52518	48.7482	200
3085	38.1378	7.6216	48.5824	200
3086	38.1883	7.70824	48.42	200
3087	43.8665	7.60965	48.3488	200
3088	39.1299	7.65994	48.2048	200
3089	39.1465	7.70364	48.0633	200
3090	39.2644	7.73786	47.9258	200
3091	39.2586	7.7669	47.7903	200
3092	27.4794	8.1589	47.473	200
3093	26.6451	8.55481	47.1476	200
3094	28.2429	8.87824	46.8522	200
3095	28.3252	9.17976	46.5627	200
3096	28.4111	9.46013	46.2791	200
3097	28.4796	9.72073	46.0009	200
3098	28.5679	9.96174	45.7286	200
3099	28.6523	10.1841	45.4617	200
3100	28.7054	10.3666	45.229	200
3101	50.8055	10.2336	45.3065	200
3102	45.7747	9.96231	45.313	200
3103	50.0075	9.81598	45.3782	200
3104	43.8449	9.58591	45.3569	200
3105	43.671	9.36646	45.3335	200
3106	43.8339	9.14794	45.3126	200
3107	48.9393	8.99457	45.363	200
3108	48.9881	8.84541	45.4133	200
3109	44.6331	8.62138	45.4025	200
3110	50.2924	8.51773	45.4704	200
3111	44.4074	8.31065	45.4557	200
3112	44.3251	8.11121	45.44	200
3113	44.2398	7.91923	45.4233	200
3114	44.1634	7.73425	45.4058	200
3115	44.2032	7.55282	45.3891	200
3116	44.3306	7.37242	45.3744	200
3117	49.0367	7.26936	45.4252	200
3118	49.0309	7.16759	45.4753	200
3119	33.3165	7.30624	45.3065	200
3120	33.2541	7.43807	45.1391	200
3121	44.675	7.24435	45.1326	200
3122	44.7141	7.05474	45.1268	200
3123	44.7581	6.86902	45.1217	200
3124	54.8559	6.94861	45.2569	200
3125	49.7318	6.87989	45.319	200
3126	49.7415	6.81163	45.3804	200
3127	49.7064	6.74258	45.4405	200
3128	44.2916	6.5872	45.4246	200
3129	44.4153	6.43226	45.4106	200
3130	44.4164	6.2812	45.3967	200
3131	44.39	6.13469	45.3828	200
3132	49.0737	6.06681	45.434	200
3133	48.8593	5.99343	45.4816	200
3134	49.1595	5.92911	45.5327	200
3135	44.5005	5.79308	45.5183	200
3136	49.3294	5.73803	45.5713	200
3137	49.3305	5.68856	45.6183	200
3138	48.4846	5.618	45.6541	200
3139	48.4692	5.54793	45.6893	200
3140	38.4397	5.59047	45.5987	200
3141	38.4008	5.63065	45.5087	200
3142	38.5262	5.66445	45.4214	200
3143	44.1045	5.55576	45.4049	200
3144	44.1256	5.44885	45.389	200
3145	44.1067	5.34468	45.3729	200
3146	44.0257	5.24475	45.3561	200
3147	44.9397	5.12404	45.3509	200
3148	44.8442	5.0086	45.3445	200
3149	48.6615	4.96631	45.386	200
3150	48.7038	4.9251	45.4275	200
3151	43.9684	4.83845	45.4092	200
3152	43.9182	4.75476	45.3906	200
3153	48.8774	4.72306	45.4342	200
3154	48.8622	4.69069	45.477	200
3155	44.3877	4.60065	45.4634	200
3156	44.4246	4.51161	45.4504	200
3157	49.5897	4.5023	45.5022	200
3158	49.2278	4.48288	45.5487	200
3159	49.2699	4.46384	45.5953	200
3160	43.8215	4.39658	45.5731	200
3161	48.9453	4.37097	45.6152	200
3162	48.8017	4.34136	45.6551	200
3163	43.8245	4.27859	45.6322	200
3164	43.8914	4.21514	45.6104	200
3165	43.9671	4.15085	45.5899	200
3166	44.0084	4.08661	45.5701	200
3167	42.6363	4.05779	45.5334	200
3168	47.9349	4.01639	45.5635	200
3169	44.112	3.95226	45.5453	200
3170	49.1653	3.94395	45.5906	200
3171	49.2007	3.93561	45.6357	200
3172	49.2058	3.92647	45.6803	200
3173	44.0055	3.87018	45.6594	200
3174	44.0238	3.81431	45.6389	200
3175	43.7686	3.76571	45.6156	200
3176	43.8254	3.71632	45.5932	200
3177	49.7363	3.72699	45.645	200
3178	49.0745	3.72023	45.6839	200
3179	43.8965	3.6763	45.6636	200
3180	43.8765	3.62907	45.6413	200
3181	43.7622	3.58532	45.6178	200
3182	38.6302	3.67983	45.5207	200
3183	38.6054	3.7697	45.4247	200
3184	38.8275	3.85806	45.3216	200
3185	38.722	3.94373	45.2185	200
3186	38.6704	4.03674	45.1016	200
3187	43.3219	3.95613	45.0698	200
3188	38.1194	4.08089	44.925	200
3189	32.7898	4.41649	44.6722	200
3190	32.8222	4.78817	44.3759	200
3191	37.4177	4.87858	44.231	200
3192	37.4721	4.95693	44.0901	200
3193	37.5849	5.02144	43.9546	200
3194	37.4876	5.08167	43.8199	200
3195	37.5073	5.13296	43.6884	200
3196	37.4406	5.17941	43.5582	200
3197	37.3907	5.22058	43.4297	200
3198	36.4601	5.29346	43.2845	200
3199	36.5089	5.35521	43.1434	200
3200	42.8212	5.1455	43.1366	200
3201	37.213	5.17793	43.0132	200
3202	37.3035	5.20008	42.8943	200
3203	32.8736	5.40094	42.6855	200
3204	33.4319	5.56147	42.4927	200
3205	33.3212	5.71189	42.3017	200
3206	33.2724	5.85011	42.1136	200
3207	33.2324	5.9764	41.9285	200
3208	33.1687	6.09238	41.746	200
3209	33.1655	6.19605	41.5673	200
3210	33.2509	6.2844	41.394	200
3211	33.2963	6.35995	41.2253	200
3212	38.8398	6.19435	41.1756	200
3213	33.0638	6.27425	41.0066	200
3214	33.0288	6.34523	40.8404	200
3215	38.0428	6.19741	40.7821	200
3216	32.8382	6.25978	40.6403	200
3217	32.358	6.33202	40.4924	200
3218	32.4078	6.39461	40.348	200
3219	32.4198	6.44938	40.2064	200
3220	32.4249	6.49695	40.0675	200
3221	32.4261	6.53783	39.931	200
3222	38.0118	6.37287	39.8967	200
3223	32.9184	6.3945	39.7721	200
3224	33.0266	6.40703	39.6517	200
3225	33.5343	6.39669	39.5424	200
3226	37.9649	6.22457	39.5143	200
3227	37.9876	6.05679	39.487	200
3228	33.4487	6.05613	39.3792	200
3229	38.3055	5.87819	39.36	200
3230	38.2467	5.70801	39.3401	200
3231	38.1603	5.54629	39.3191	200
3232	38.1112	5.39134	39.2975	200
3233	38.1074	5.2413	39.2762	200
3234	38.359	5.08687	39.2599	200
3235	38.4359	4.93462	39.2451	200
3236	32.8381	4.98721	39.1307	200
3237	37.7306	4.8591	39.1057	200
3238	37.6066	4.7391	39.079	200
3239	32.0447	4.82106	38.9533	200
3240	33.2565	4.85234	38.8516	200
3241	33.2794	4.87805	38.7521	200
3242	32.7824	4.91704	38.6455	200
3243	28.0552	5.11965	38.4564	200
3244	28.1167	5.30608	38.2718	200
3245	28.1616	5.45621	38.1138	200
3246	28.2301	5.59456	37.9594	200
3247	33.0691	5.57255	37.8829	200
3248	33.1007	5.54785	37.8082	200
3249	32.8285	5.5301	37.7304	200
3250	32.7815	5.51194	37.6531	200
3251	32.9242	5.48746	37.5792	200
3252	28.0357	5.61421	37.4301	200
3253	28.0264	5.73263	37.2831	200
3254	27.7226	5.85226	37.1338	200
3255	27.7417	5.96287	36.987	200
3256	27.7376	6.06558	36.8425	200
3257	27.7368	6.16058	36.7002	200
3258	27.6523	6.25081	36.5588	200
3259	32.964	6.16781	36.5027	200
3260	33.0179	6.08396	36.4482	200
3261	33.2102	5.99502	36.3976	200
3262	33.1783	5.90828	36.3473	200
3263	28.3268	5.97429	36.222	200
3264	28.3331	6.03412	36.0987	200
3265	28.4399	6.08489	35.9791	200
3266	28.514	6.12803	35.8624	200
3267	38.9986	6.03453	35.9114	200
3268	39.1077	5.94584	35.9614	200
3269	39.1117	5.85848	36.0106	200
3270	27.9831	5.92626	35.8852	200
3271	27.7922	5.99397	35.7587	200
3272	27.8505	6.05379	35.6351	200
3273	27.8625	6.1075	35.5137	200
3274	33.1502	5.9905	35.4768	200
3275	33.2358	5.87333	35.4417	200
3276	33.3468	5.75525	35.409	200
3277	33.5588	5.63322	35.3801	200
3278	33.3669	5.53266	35.3521	200
3279	33.3597	5.43432	35.3245	200
3280	38.6675	5.37623	35.3709	200
3281	38.6767	5.31872	35.4168	200
3282	38.6523	5.26085	35.4618	200
3283	38.8742	5.20951	35.5091	200
3284	39.2001	5.16733	35.5604	200
3285	39.2344	5.12584	35.6114	200
3286	39.3768	5.08805	35.6637	200
3287	39.4087	5.05075	35.7157	200
3288	28.6263	5.10738	35.6173	200
3289	38.7497	5.05252	35.6608	200
3290	38.7808	4.99884	35.7041	200
3291	33.4126	4.92363	35.6723	200
3292	27.9774	5.00061	35.5654	200
3293	27.8507	5.076	35.4583	200
3294	27.6382	5.15222	35.3497	200
3295	27.9405	5.21492	35.2467	200
3296	27.9206	5.27356	35.145	200
3297	32.988	5.18699	35.115	200
3298	38.8846	5.14762	35.1674	200
3299	38.9025	5.10838	35.2193	200
3300	50.0383	5.37812	35.4251	200
3301	53.6143	5.73399	35.6777	200
3302	42.5534	5.7657	35.7732	200
3303	42.5127	5.79275	35.8668	200
3304	42.3538	5.81203	35.9569	200
3305	42.5926	5.83491	36.0491	200
3306	42.6636	5.85656	36.1409	200
3307	37.6991	5.73717	36.1626	200
3308	37.7294	5.62132	36.1843	200
3309	37.849	5.51142	36.2075	200
3310	37.9757	5.40744	36.232	200
3311	38.0809	5.30859	36.2577	200
3312	38.1802	5.21453	36.2844	200
3313	37.9898	5.11705	36.3081	200
3314	38.1646	5.02648	36.3339	200
3315	42.732	5.06077	36.4138	200
3316	37.6775	4.96584	36.4296	200
3317	26.4575	5.091	36.305	200
3318	35.5292	4.98312	36.2953	200
3319	49.5853	5.19079	36.4614	200
3320	45.7551	5.29336	36.5776	200
3321	45.8107	5.39186	36.693	200
3322	46.0728	5.49155	36.8102	200
3323	46.1093	5.58674	36.9265	200
3324	45.8609	5.67043	37.0382	200
3325	50.954	5.87657	37.2121	200
3326	46.1433	5.95293	37.3238	200
3327	49.247	6.10219	37.4728	200
3328	49.1767	6.24223	37.6191	200
3329	49.0646	6.37231	37.7622	200
3330	48.9831	6.49353	37.9024	200
3331	48.9041	6.60623	38.0399	200
3332	48.7856	6.70971	38.1743	200
3333	52.3957	6.89751	38.352	200
3334	52.4376	7.07721	38.5281	200
3335	47.8597	7.13357	38.6447	200
3336	47.8445	7.18522	38.7597	200
3337	51.3785	7.32106	38.9175	200
3338	42.4162	7.2255	38.9612	200
3339	22.1838	7.4643	38.7515	200
3340	23.2679	7.66478	38.5579	200
3341	23.2731	7.85528	38.3669	200
3342	25.6555	7.97668	38.208	200
3343	26.4458	8.07132	38.061	200
3344	30.2264	8.0654	37.963	200
3345	41.9916	7.96448	38.0134	200
3346	52.9403	8.13854	38.2	200
3347	55.648	8.37128	38.4181	200
3348	56.0889	8.60377	38.639	200
3349	56.1186	8.82566	38.8575	200
3350	60.5809	9.14811	39.129	200
3351	60.605	9.45631	39.3974	200
3352	60.6091	9.75019	39.6626	200
3353	56.811	9.93514	39.8769	200
3354	56.8741	10.1117	40.0894	200
3355	56.9455	10.2803	40.3001	200
3356	56.9583	10.4253	40.4894	200
3357	57.1236	10.5664	40.6784	200
3358	58.8842	10.74	40.8853	200
3359	58.7709	10.9024	41.0886	200
3360	53.8521	10.9447	41.2336	200
3361	52.8243	10.9594	41.3653	200
3362	52.8694	10.9717	41.496	200
3363	50.287	10.9222	41.5959	200
3364	54.0085	10.9561	41.737	200
3365	50.3547	10.9029	41.8349	200
3366	33.5272	10.8439	41.7405	200
3367	38.3705	10.6741	41.7022	200
3368	32.5409	10.6397	41.5981	200
3369	32.2138	10.6112	41.4915	200
3370	37.3053	10.4651	41.4439	200
3371	32.8524	10.4225	41.3463	200
3372	32.8734	10.3782	41.25	200
3373	32.9138	10.3318	41.1552	200
3374	32.9525	10.2834	41.062	200
3375	37.8634	10.1224	41.0257	200
3376	39.0085	9.93821	41.0028	200
3377	39.046	9.75681	40.9805	200
3378	39.0408	9.57915	40.9585	200
3379	38.8604	9.40912	40.9346	200
3380	33.8305	9.35674	40.8539	200
3381	44.0607	9.21697	40.8904	200
3382	44.1109	9.08068	40.9269	200
3383	44.5348	8.9563	40.9679	200
3384	44.4643	8.83221	41.0077	200
3385	48.7353	8.8071	41.0955	200
3386	44.2113	8.67775	41.1309	200
3387	44.0531	8.54695	41.1641	200
3388	44.0848	8.41907	41.1973	200
3389	55.216	8.54634	41.3566	200
3390	55.2443	8.66773	41.5144	200
3391	55.0682	8.77878	41.6684	200
3392	49.9489	8.76745	41.7625	200
3393	49.9028	8.7532	41.855	200
3394	55.3701	8.86142	42.0086	200
3395	55.4011	8.9644	42.1608	200
3396	55.5738	9.06551	42.3132	200
3397	50.7649	9.05156	42.4093	200
3398	49.6429	9.01024	42.4915	200
3399	49.6534	8.96823	42.5728	200
3400	49.7624	8.92781	42.6545	200
3401	49.8793	8.89233	42.7298	200
3402	54.2143	8.94633	42.8494	200
3403	53.9442	8.99109	42.965	200
3404	49.9421	8.94913	43.0377	200
3405	49.7607	8.90275	43.1077	200
3406	53.8984	8.94208	43.2201	200
3407	53.9987	8.98034	43.3324	200
3408	49.7802	8.92758	43.3996	200
3409	49.8359	8.87568	43.4666	200
3410	49.8858	8.8245	43.5335	200
3411	49.8149	8.77152	43.5989	200
3412	33.9774	8.78923	43.4987	200
3413	34.0707	8.80254	43.4005	200
3414	34.2027	8.81077	43.3047	200
3415	39.5329	8.70579	43.2654	200
3416	39.9837	8.59279	43.2312	200
3417	47.8108	8.50918	43.2789	200
3418	48.0364	8.43102	43.3284	200
3419	47.8641	8.34987	43.3757	200
3420	47.9104	8.27039	43.4229	200
3421	47.9324	8.19203	43.4699	200
3422	47.9495	8.11469	43.5166	200
3423	47.9464	8.03792	43.5627	200
3424	48.0102	7.96312	43.609	200
3425	52.5807	7.98413	43.7025	200
3426	48.3254	7.91411	43.7506	200
3427	48.4284	7.84668	43.7994	200
3428	42.2039	7.71645	43.7827	200
3429	47.4573	7.63224	43.821	200
3430	42.9351	7.49169	43.8118	200
3431	43.0616	7.35124	43.804	200
3432	42.9833	7.21519	43.7954	200
3433	42.9672	7.08213	43.7868	200
3434	42.9833	6.95132	43.7784	200
3435	43.0898	6.82085	43.7713	200
3436	47.5548	6.75757	43.8107	200
3437	47.6092	6.69592	43.8502	200
3438	47.5238	6.63296	43.8885	200
3439	42.198	6.52999	43.8709	200
3440	46.4249	6.44715	43.8975	200
3441	49.5569	6.43074	43.9564	200
3442	49.2997	6.40809	44.0121	200
3443	49.2934	6.38461	44.0671	200
3444	49.1174	6.35681	44.1197	200
3445	49.3551	6.33345	44.1743	200
3446	54.3683	6.41388	44.2804	200
3447	54.2892	6.48877	44.3847	200
3448	54.4097	6.56244	44.4891	200
3449	54.5464	6.63525	44.5939	200
3450	49.9392	6.61044	44.6453	200
3451	50.0535	6.58732	44.6973	200
3452	50.0492	6.56356	44.7488	200
3453	50.1025	6.5403	44.8002	200
3454	49.4455	6.50385	44.8449	200
3455	60.6351	6.68244	44.9967	200
3456	60.5314	6.85267	45.1461	200
3457	60.5718	7.01754	45.2944	200
3458	60.6126	7.17716	45.4417	200
3459	60.6462	7.33154	45.5879	200
3460	60.5491	7.47826	45.7318	200
3461	50.3886	7.424	45.7765	200
3462	50.3476	7.36914	45.8205	200
3463	50.4965	7.31735	45.8655	200
3464	50.7829	7.27119	45.9127	200
3465	49.8698	7.20746	45.9508	200
3466	55.8633	7.25948	46.0461	200
3467	61.1664	7.41065	46.1915	200
3468	61.3557	7.55976	46.3373	200
3469	61.4036	7.70411	46.4822	200
3470	61.3286	7.84146	46.6249	200
3471	60.9395	7.96595	46.7626	200
3472	60.9673	8.08592	46.8991	200
3473	60.8194	8.19812	47.033	200
3474	60.7058	8.31218	47.1754	200
3475	60.8321	8.42352	47.3177	200
3476	60.9645	8.54223	47.4727	200
3477	60.9316	8.65397	47.6257	200
3478	60.859	8.76845	47.7911	200
3479	65.5325	8.99278	48.0129	200
3480	60.8471	9.09948	48.1911	200
3481	53.4685	8.99331	48.2644	200
3482	53.4278	8.87363	48.3451	200
3483	53.3488	8.75269	48.4233	200
3484	58.3567	8.79486	48.6007	200
3485	58.2815	8.8265	48.7735	200
3486	58.3283	8.85251	48.9441	200
3487	52.5023	8.66343	49.0077	200
3488	52.5425	8.48026	49.0708	200
3489	52.3922	8.29601	49.1301	200
3490	52.0609	8.1044	49.1824	200
3491	48.5266	7.83838	49.1707	200
3492	42.5145	7.79616	49.0519	200
3493	37.3553	7.93546	48.843	200
3494	37.3907	8.06106	48.6385	200
3495	41.8912	8.01414	48.518	200
3496	41.7617	7.96922	48.3974	200
3497	42.9741	7.87829	48.3005	200
3498	48.3093	7.59723	48.3007	200
3499	38.7664	7.66641	48.1304	200
3500	38.7252	7.72851	47.9625	200
3501	38.6609	7.78469	47.7964	200
3502	38.5401	7.83725	47.6311	200
3503	38.7019	7.87625	47.4716	200
3504	43.8532	7.72418	47.407	200
3505	43.676	7.58157	47.3404	200
3506	49.3786	7.38359	47.3768	200
3507	49.1891	7.18462	47.4091	200
3508	49.1344	6.98964	47.44	200
3509	44.5821	6.84207	47.3889	200
3510	49.5046	6.69437	47.422	200
3511	49.4698	6.54917	47.454	200
3512	43.5857	6.46539	47.3935	200
3513	49.0272	6.3144	47.4191	200
3514	43.8812	6.22763	47.3638	200
3515	44.1652	6.13297	47.3138	200
3516	49.1575	5.99893	47.3426	200
3517	49.1858	5.86907	47.3714	200
3518	49.061	5.73846	47.3978	200
3519	49.3899	5.62138	47.4289	200
3520	49.4992	5.51041	47.4613	200
3521	44.0292	5.44546	47.4076	200
3522	44.2306	5.37457	47.358	200
3523	44.1921	5.30555	47.3085	200
3524	48.4334	5.1749	47.3261	200
3525	48.4752	5.0491	47.3441	200
3526	43.5813	5.0089	47.2853	200
3527	43.5647	4.96864	47.2271	200
3528	43.5617	4.92791	47.1699	200
3529	39.1382	5.02491	47.0444	200
3530	43.8391	4.96804	46.9943	200
3531	43.5472	4.92051	46.9404	200
3532	38.5546	5.0288	46.8094	200
3533	38.4892	5.13166	46.6794	200
3534	38.5761	5.22452	46.5528	200
3535	33.0994	5.48167	46.3426	200
3536	38.3382	5.5605	46.2175	200
3537	55.1447	5.66571	46.357	200
3538	55.0003	5.75876	46.492	200
3539	59.6424	5.98975	46.6975	200
3540	55.5293	6.07856	46.8355	200
3541	55.5903	6.16219	46.9723	200
3542	55.6184	6.23981	47.1074	200
3543	55.6171	6.30287	47.2256	200
3544	60.5953	6.49917	47.4113	200
3545	60.6403	6.68611	47.595	200
3546	54.2551	6.68538	47.6875	200
3547	49.5308	6.55088	47.7131	200
3548	49.5909	6.42107	47.7392	200
3549	49.8222	6.30057	47.7681	200
3550	49.8591	6.18364	47.7972	200
3551	54.7262	6.20434	47.8934	200
3552	55.266	6.23679	47.9958	200
3553	54.5174	6.2447	48.0864	200
3554	48.7252	6.08898	48.0952	200
3555	48.8058	5.93958	48.1051	200
3556	44.2085	5.88284	48.051	200
3557	48.9449	5.74425	48.0634	200
3558	48.9223	5.60855	48.0753	200
3559	48.9185	5.47618	48.087	200
3560	48.9348	5.34761	48.0988	200
3561	48.9374	5.22236	48.1105	200
3562	43.9397	5.19315	48.0525	200
3563	44.0226	5.16083	47.9966	200
3564	44.0499	5.12711	47.9418	200
3565	49.2161	5.02009	47.9595	200
3566	50.4894	4.95092	47.9946	200
3567	50.2662	4.87649	48.0261	200
3568	50.2478	4.80275	48.057	200
3569	45.2405	4.74757	48.0179	200
3570	49.0326	4.64388	48.032	200
3571	50.0814	4.57181	48.0604	200
3572	33.2206	4.85703	47.8543	200
3573	33.2149	5.12877	47.651	200
3574	38.4944	5.24065	47.5238	200
3575	45.2095	5.15936	47.4917	200
3576	55.9573	5.2512	47.6093	200
3577	55.9718	5.33763	47.7254	200
3578	56.1597	5.42365	47.8425	200
3579	61.2004	5.64404	48.0281	200
3580	61.2603	5.83375	48.1935	200
3581	61.2687	6.01478	48.3569	200
3582	61.1469	6.18416	48.5168	200
3583	61.2588	6.34811	48.6761	200
3584	54.822	6.34305	48.7529	200
3585	60.2397	6.47165	48.8965	200
3586	60.2764	6.59435	49.0387	200
3587	60.2804	6.71054	49.1792	200
3588	60.2804	6.8203	49.318	200
3589	55.918	6.81479	49.4005	200
3590	50.3524	6.66822	49.4124	200
3591	49.9828	6.51577	49.4195	200
3592	50.2277	6.37308	49.4296	200
3593	44.9742	6.32514	49.3739	200
3594	33.6239	6.56076	49.1771	200
3595	38.9535	6.65233	49.0493	200
3596	39.036	6.73636	48.9241	200
3597	44.7049	6.67343	48.8714	200
3598	44.9711	6.6041	48.8226	200
3599	50.7373	6.48686	48.8465	200
3600	50.9281	6.37673	48.8726	200
3601	50.9436	6.26909	48.8984	200
3602	50.9536	6.16374	48.9241	200
3603	51.0911	6.06382	48.9512	200
3604	51.13	5.96669	48.9785	200
3605	45.6663	5.90033	48.9371	200
3606	50.6556	5.79579	48.9585	200
3607	50.9754	5.70131	48.9837	200
3608	51.0117	5.60948	49.0091	200
3609	51.0025	5.51907	49.034	200
3610	50.8846	5.42736	49.0571	200
3611	46.2807	5.36109	49.0224	200
3612	46.1202	5.29962	48.9862	200
3613	46.0728	5.23996	48.9497	200
3614	50.3889	5.13438	48.9697	200
3615	40.0975	5.23821	48.8465	200
3616	40.2861	5.34203	48.7127	200
3617	51.4485	5.26058	48.7555	200
3618	46.6063	5.14946	48.7171	200
3619	57.2008	5.26854	48.8686	200
3620	57.395	5.40428	49.0462	200
3621	57.345	5.52489	49.2191	200
3622	57.5034	5.66286	49.4262	200
3623	62.452	6.031	49.7519	200
3624	62.1688	6.35029	50.0623	200
3625	62.1279	6.63606	50.3639	200
3626	62.1109	6.89161	50.6576	200
3627	57.0865	6.87233	50.7916	200
3628	56.8326	6.83769	50.9174	200
3629	62.3773	7.03028	51.1562	200
3630	62.4132	7.20639	51.3907	200
3631	62.4932	7.36874	51.622	200
3632	56.8622	7.28005	51.7311	200
3633	45.0389	7.25556	51.5917	200
3634	40.1158	7.4314	51.3526	200
3635	40.1031	7.59049	51.1183	200
3636	40.1	7.73332	50.8887	200
3637	40.2004	7.85644	50.6661	200
3638	45.5298	7.7431	50.559	200
3639	45.5629	7.62864	50.455	200
3640	45.4811	7.51803	50.3513	200
3641	40.3037	7.62343	50.142	200
3642	45.3567	7.50517	50.0423	200
3643	45.3095	7.38966	49.9437	200
3644	45.0164	7.28706	49.8411	200
3645	39.1791	7.42768	49.6189	200
3646	39.1991	7.55235	49.4019	200
3647	39.1996	7.66276	49.1893	200
3648	39.1253	7.76281	48.9796	200
3649	39.0947	7.85123	48.7737	200
3650	39.1085	7.92681	48.5724	200
3651	39.4195	7.9706	48.4089	200
3652	39.6699	7.99804	48.2529	200
3653	39.946	8.00907	48.1045	200
3654	39.6082	8.02647	47.9528	200
3655	40.1338	8.01906	47.8132	200
3656	40.1904	8.00491	47.6771	200
3657	40.2011	7.98602	47.5436	200
3658	33.1065	8.21641	47.2857	200
3659	33.1255	8.42869	47.0329	200
3660	33.1255	8.62436	46.7845	200
3661	33.1264	8.80413	46.5406	200
3662	33.127	8.96876	46.3011	200
3663	33.338	9.11142	46.0696	200
3664	33.4253	9.23759	45.8438	200
3665	33.6812	9.34206	45.6266	200
3666	38.2015	9.2736	45.4941	200
3667	37.9654	9.21128	45.3596	200
3668	37.9242	9.14785	45.2268	200
3669	32.2957	9.28297	44.9959	200
3670	32.2343	9.40721	44.768	200
3671	32.2273	9.51912	44.5441	200
3672	28.4941	9.75236	44.2575	200
3673	28.5118	9.96641	43.9763	200
3674	33.3676	9.98935	43.7869	200
3675	33.406	10.0033	43.6015	200
3676	33.4095	10.0101	43.4195	200
3677	33.1802	10.0183	43.2366	200
3678	33.1219	10.0217	43.056	200
3679	33.1369	10.018	42.8789	200
3680	32.8479	10.0184	42.7222	200
3681	28.1183	10.1617	42.494	200
3682	28.1042	10.2939	42.2691	200
3683	28.1027	10.4149	42.0478	200
3684	28.1029	10.5252	41.8299	200
3685	28.1027	10.6253	41.6154	200
3686	28.3225	10.7086	41.4077	200
3687	27.2537	10.8163	41.1865	200
3688	32.4059	10.7527	41.0493	200
3689	27.5567	10.8383	40.8385	200
3690	27.6413	10.912	40.6323	200
3691	27.671	10.9761	40.4298	200
3692	27.6768	11.0316	40.2305	200
3693	27.7736	11.0761	40.0359	200
3694	27.9309	11.1083	39.8468	200
3695	32.752	10.9829	39.7359	200
3696	27.4321	11.0241	39.5436	200
3697	27.4902	11.0563	39.3553	200
3698	27.4994	11.0813	39.1701	200
3699	33.0088	10.9275	39.0738	200
3700	33.0468	10.7744	38.9796	200
3701	33.0507	10.623	38.887	200
3702	32.8128	10.4808	38.7921	200
3703	33.1401	10.3299	38.7038	200
3704	28.1292	10.3376	38.5385	200
3705	28.1498	10.3392	38.3762	200
3706	28.077	10.3379	38.2153	200
3707	33.1719	10.1725	38.1365	200
3708	33.1948	10.009	38.0593	200
3709	33.1771	9.84878	37.983	200
3710	33.0895	9.69393	37.9065	200
3711	28.3257	9.69039	37.7568	200
3712	28.6804	9.67121	37.615	200
3713	33.0846	9.52841	37.5521	200
3714	33.0985	9.38744	37.4902	200
3715	33.2018	9.2458	37.4307	200
3716	33.0352	9.11106	37.3696	200
3717	33.0465	8.97807	37.3096	200
3718	33.0905	8.84587	37.251	200
3719	33.1483	8.71411	37.194	200
3720	32.768	8.595	37.1325	200
3721	32.6869	8.47974	37.0708	200
3722	32.6886	8.36592	37.0099	200
3723	38.6236	8.17836	37.0323	200
3724	33.5886	8.04684	36.9845	200
3725	33.7331	7.91363	36.9393	200
3726	38.1655	7.72787	36.9564	200
3727	38.1221	7.54558	36.9725	200
3728	38.0821	7.36681	36.988	200
3729	37.7281	7.18273	36.9982	200
3730	37.7435	7.00391	37.0086	200
3731	32.9967	6.9208	36.9529	200
3732	43.9866	6.92394	37.0506	200
3733	43.9022	6.92193	37.1457	200
3734	38.5436	6.76848	37.1651	200
3735	38.5309	6.61841	37.1841	200
3736	38.4796	6.47055	37.2021	200
3737	43.762	6.47303	37.2932	200
3738	38.6751	6.33161	37.3124	200
3739	38.6637	6.19327	37.3312	200
3740	38.6354	6.05746	37.3493	200
3741	32.8685	6.01366	37.287	200
3742	32.8573	5.96967	37.2255	200
3743	37.4668	5.81055	37.2289	200
3744	32.985	5.76702	37.1699	200
3745	32.9711	5.72346	37.1116	200
3746	32.9779	5.6793	37.0542	200
3747	33.1736	5.62934	37.0003	200
3748	33.2634	5.57677	36.9484	200
3749	33.2907	5.52346	36.8976	200
3750	33.2927	5.4755	36.8525	200
3751	33.2659	5.42828	36.8077	200
3752	33.4782	5.37581	36.7661	200
3753	33.5702	5.32131	36.7261	200
3754	33.5796	5.26694	36.6868	200
3755	38.8409	5.18912	36.7137	200
3756	33.8162	5.13183	36.6775	200
3757	33.7393	5.07698	36.6408	200
3758	39.2073	5.01422	36.6729	200
3759	39.2474	4.95323	36.705	200
3760	39.0175	4.88721	36.7339	200
3761	38.952	4.82048	36.7617	200
3762	34.1549	4.76514	36.7291	200
3763	34.1406	4.71072	36.6967	200
3764	34.354	4.65152	36.6674	200
3765	34.4177	4.59148	36.6393	200
3766	39.4032	4.54579	36.6739	200
3767	39.3614	4.49933	36.7075	200
3768	39.3574	4.45309	36.7406	200
3769	39.4684	4.40996	36.7747	200
3770	39.479	4.36732	36.8085	200
3771	39.1275	4.31611	36.8375	200
3772	45.2376	4.41821	36.9425	200
3773	45.2242	4.5148	37.046	200
3774	45.2232	4.60636	37.1482	200
3775	44.8861	4.68465	37.2449	200
3776	49.9945	4.88627	37.4043	200
3777	39.0516	4.8053	37.4249	200
3778	33.7946	4.77592	37.3795	200
3779	33.8997	4.74352	37.336	200
3780	34.1084	4.70562	37.2957	200
3781	34.1437	4.66678	37.2563	200
3782	34.1473	4.62783	37.2174	200
3783	38.5356	4.54509	37.2339	200
3784	38.3741	4.45997	37.2481	200
3785	38.3213	4.3753	37.2615	200
3786	33.1061	4.3698	37.2096	200
3787	38.7394	4.2988	37.2287	200
3788	38.8725	4.23243	37.2493	200
3789	39.2421	4.17644	37.2742	200
3790	44.3233	4.24825	37.3623	200
3791	44.3476	4.31046	37.4417	200
3792	44.5602	4.37428	37.5226	200
3793	38.3985	4.29477	37.5325	200
3794	49.4951	4.46904	37.6685	200
3795	49.6044	4.63874	37.8041	200
3796	44.664	4.68922	37.882	200
3797	44.8833	4.74177	37.9616	200
3798	44.9165	4.79206	38.0406	200
3799	44.6587	4.83356	38.1158	200
3800	50.0446	4.99482	38.2514	200
3801	49.8668	5.14528	38.3834	200
3802	49.8527	5.28901	38.5137	200
3803	49.8505	5.42646	38.6425	200
3804	45.6829	5.46314	38.7226	200
3805	45.7064	5.4977	38.8019	200
3806	50.9204	5.64817	38.9396	200
3807	50.9634	5.79307	39.0763	200
3808	45.2884	5.80259	39.1469	200
3809	45.0582	5.80506	39.214	200
3810	44.8208	5.80056	39.2777	200
3811	44.9611	5.79789	39.3423	200
3812	45.0249	5.79527	39.4069	200
3813	45.0206	5.79115	39.4707	200
3814	40.6967	5.68739	39.4846	200
3815	40.7526	5.58695	39.499	200
3816	40.0367	5.47219	39.5051	200
3817	40.0306	5.35977	39.5111	200
3818	40.1363	5.25216	39.5182	200
3819	35.1687	5.23165	39.4688	200
3820	39.4442	5.1133	39.4685	200
3821	39.5469	4.99887	39.4694	200
3822	34.0409	5.00864	39.4077	200
3823	34.0329	5.01696	39.3466	200
3824	34.0391	5.02356	39.2863	200
3825	39.9802	4.92516	39.2942	200
3826	39.7412	4.82338	39.2993	200
3827	39.7101	4.7231	39.3039	200
3828	39.0483	4.62156	39.301	200
3829	39.0602	4.522	39.2983	200
3830	39.0613	4.42461	39.2956	200
3831	39.0618	4.32937	39.2929	200
3832	38.9088	4.2397	39.2886	200
3833	33.857	4.26679	39.2269	200
3834	33.8563	4.29188	39.1658	200
3835	33.9442	4.31301	39.1065	200
3836	50.8368	4.46753	39.2287	200
3837	44.198	4.47799	39.2804	200
3838	43.9588	4.48216	39.3292	200
3839	39.0349	4.39491	39.3261	200
3840	39.153	4.30696	39.3243	200
3841	44.3826	4.32261	39.377	200
3842	43.738	4.32341	39.4224	200
3843	39.4589	4.2341	39.4228	200
3844	39.4611	4.14668	39.4232	200
3845	39.5	4.06189	39.424	200
3846	43.804	4.06852	39.4696	200
3847	43.9306	4.07669	39.5161	200
3848	38.0236	4.02286	39.5005	200
3849	38.0259	3.96977	39.4852	200
3850	41.0403	3.91946	39.5014	200
3851	43.1808	3.91446	39.5397	200
3852	43.3387	3.91206	39.5793	200
3853	43.3875	3.90989	39.619	200
3854	43.4333	3.9079	39.6587	200
3855	48.4651	4.00995	39.7504	200
3856	48.4705	4.10808	39.8413	200
3857	48.4695	4.20225	39.9311	200
3858	48.7013	4.29741	40.0225	200
3859	49.0343	4.39563	40.1164	200
3860	32.2274	4.46841	40.0342	200
3861	32.6405	4.52935	39.9572	200
3862	36.5911	4.50511	39.9221	200
3863	31.2839	4.59122	39.8321	200
3864	31.092	4.67765	39.7411	200
3865	25.8252	4.87012	39.5961	200
3866	29.745	4.97389	39.4935	200
3867	29.859	5.07098	39.3931	200
3868	29.7928	5.16535	39.2931	200
3869	32.6513	5.19611	39.2239	200
3870	28.4362	5.3126	39.1116	200
3871	40.0151	5.22074	39.121	200
3872	40.3295	5.13715	39.1336	200
3873	44.7332	5.14679	39.1919	200
3874	42.0404	5.09891	39.2216	200
3875	40.4335	5.01793	39.2342	200
3876	40.494	4.93963	39.2473	200
3877	40.4752	4.8623	39.2601	200
3878	40.4321	4.78542	39.2723	200
3879	35.2864	4.76877	39.2308	200
3880	40.5045	4.69595	39.2441	200
3881	40.5291	4.62489	39.2575	200
3882	46.9391	4.68857	39.3375	200
3883	50.5529	4.82455	39.4543	200
3884	50.595	4.95613	39.5703	200
3885	50.5418	5.07181	39.6758	200
3886	50.0805	5.17436	39.7759	200
3887	46.1931	5.19826	39.8376	200
3888	46.0882	5.2185	39.8977	200
3889	46.1065	5.23755	39.9574	200
3890	46.1002	5.25495	40.0165	200
3891	47.4012	5.29591	40.0875	200
3892	47.3101	5.33297	40.1569	200
3893	47.4349	5.37037	40.2269	200
3894	44.5974	5.35114	40.2689	200
3895	44.621	5.33193	40.3108	200
3896	35.5004	5.3219	40.2645	200
3897	37.2689	5.27716	40.2357	200
3898	32.967	5.31546	40.1658	200
3899	32.7113	5.3566	40.0941	200
3900	33.0002	5.39001	40.0259	200
3901	32.9527	5.42238	39.9579	200
3902	33.0176	5.45157	39.8912	200
3903	43.2817	5.41193	39.9238	200
3904	50.226	5.50598	40.0228	200
3905	44.9577	5.49499	40.0703	200
3906	45.0061	5.48424	40.1177	200
3907	38.2731	5.41425	40.1	200
3908	34.3724	5.42027	40.0449	200
3909	34.4303	5.42401	39.9909	200
3910	39.5613	5.32796	39.9868	200
3911	39.5965	5.23301	39.9831	200
3912	39.5983	5.13977	39.9794	200
3913	45.1782	5.14091	40.0293	200
3914	45.0828	5.13922	40.0779	200
3915	45.1113	5.13719	40.1263	200
3916	45.3245	5.13836	40.1763	200
3917	40.155	5.03995	40.1761	200
3918	45.1811	5.03928	40.2242	200
3919	45.049	5.03516	40.2706	200
3920	44.9363	5.02805	40.3155	200
3921	44.8359	5.01829	40.359	200
3922	42.3147	4.95939	40.3778	200
3923	40.2446	4.86658	40.3765	200
3924	40.2254	4.7759	40.375	200
3925	51.5663	4.89927	40.4826	200
3926	46.0786	4.91267	40.5364	200
3927	46.0742	4.92469	40.5897	200
3928	51.54	5.04056	40.695	200
3929	41.3032	4.95533	40.7008	200
3930	34.4982	4.97931	40.6412	200
3931	34.5624	5.00046	40.5827	200
3932	39.2153	4.93059	40.5696	200
3933	39.1814	4.86247	40.5562	200
3934	39.2224	4.79461	40.5434	200
3935	39.1539	4.72912	40.53	200
3936	34.1961	4.75999	40.4691	200
3937	34.284	4.78739	40.4097	200
3938	39.4956	4.71823	40.4015	200
3939	39.5383	4.64938	40.3938	200
3940	33.869	4.68287	40.3355	200
3941	33.8544	4.71498	40.2777	200
3942	33.7804	4.74681	40.2197	200
3943	33.5594	4.78098	40.1602	200
3944	33.3949	4.81641	40.0998	200
3945	28.3534	4.94016	39.9949	200
3946	33.5624	4.96681	39.9375	200
3947	50.738	5.07098	40.0339	200
3948	50.7687	5.17212	40.1298	200
3949	55.2743	5.3502	40.265	200
3950	55.2489	5.52223	40.3988	200
3951	60.7449	5.78694	40.5804	200
3952	49.3588	5.84036	40.6588	200
3953	49.303	5.89043	40.736	200
3954	49.2979	5.93813	40.8124	200
3955	43.7232	5.88407	40.8384	200
3956	43.9448	5.83447	40.8662	200
3957	44.0158	5.78653	40.8943	200
3958	48.4795	5.81865	40.962	200
3959	43.7817	5.76509	40.9872	200
3960	43.7732	5.7119	41.012	200
3961	43.724	5.65832	41.0363	200
3962	43.7166	5.60515	41.0602	200
3963	43.5256	5.54908	41.0822	200
3964	43.4708	5.49264	41.1035	200
3965	43.6979	5.44089	41.1267	200
3966	43.5625	5.38722	41.1484	200
3967	60.1814	5.63089	41.3184	200
3968	60.2555	5.86851	41.4875	200
3969	66.4682	6.20979	41.7105	200
3970	66.4998	6.54157	41.9318	200
3971	66.6248	6.8657	42.1523	200
3972	67.0107	7.187	42.3743	200
3973	67.0516	7.49933	42.5946	200
3974	61.8133	7.7086	42.7662	200
3975	48.8282	7.6792	42.8203	200
3976	48.9431	7.6514	42.875	200
3977	44.4455	7.54282	42.889	200
3978	55.6014	7.63513	43.0025	200
3979	55.0213	7.71341	43.1098	200
3980	55.1616	7.79088	43.2174	200
3981	55.1741	7.86527	43.3242	200
3982	55.251	7.9378	43.4307	200
3983	55.331	8.00855	43.5369	200
3984	60.0179	8.15985	43.6841	200
3985	59.8174	8.30223	43.8281	200
3986	55.291	8.35867	43.9305	200
3987	55.3334	8.41303	44.0323	200
3988	55.3675	8.46521	44.1335	200
3989	55.4088	8.51539	44.2341	200
3990	61.4831	8.67135	44.3882	200
3991	61.5782	8.82347	44.5416	200
3992	61.6525	8.97146	44.6944	200
3993	66.0375	9.19238	44.885	200
3994	66.0912	9.40691	45.0743	200
3995	60.9852	9.51531	45.2069	200
3996	44.3662	9.37073	45.1999	200
3997	49.7365	9.29016	45.2377	200
3998	43.6231	9.16224	45.2242	200
3999	43.8531	9.03239	45.2128	200
4000	44.1549	8.89948	45.204	200
4001	48.1637	8.80048	45.2287	200
4002	48.168	8.7028	45.2532	200
4003	59.4993	8.79519	45.3719	200
4004	60.8586	8.90671	45.5009	200
4005	61.1456	9.01901	45.6313	200
4006	61.1065	9.12661	45.7603	200
4007	49.9804	9.04484	45.7954	200
4008	50.1894	8.96732	45.8321	200
4009	50.0807	8.88868	45.8675	200
4010	50.0823	8.81078	45.9026	200
4011	50.0017	8.73225	45.9367	200
4012	49.9226	8.65315	45.97	200
4013	45.1194	8.5231	45.9629	200
4014	50.4523	8.45587	46.0003	200
4015	50.6745	8.39284	46.0392	200
4016	50.6309	8.32949	46.0775	200
4017	50.6297	8.26654	46.1154	200
4018	50.6833	8.20489	46.1535	200
4019	49.2508	8.11976	46.1793	200
4020	49.2784	8.03608	46.2051	200
4021	49.208	7.9522	46.2302	200
4022	51.0711	7.90034	46.2705	200
4023	51.0862	7.84893	46.3106	200
4024	51.386	7.80271	46.3529	200
4025	66.6094	8.01027	46.5217	200
4026	66.6504	8.21224	46.6895	200
4027	61.1866	8.31699	46.8103	200
4028	66.6179	8.5085	46.9753	200
4029	66.4221	8.6908	47.1374	200
4030	66.0027	8.86038	47.2946	200
4031	61.7075	8.95292	47.4147	200
4032	61.9606	9.04614	47.5359	200
4033	55.7379	9.03206	47.6043	200
4034	50.223	8.92518	47.6261	200
4035	49.8158	8.81292	47.6443	200
4036	49.7563	8.70123	47.6619	200
4037	49.6809	8.58986	47.6788	200
4038	49.7793	8.48171	47.6963	200
4039	49.7819	8.3751	47.7136	200
4040	49.9651	8.27304	47.7324	200
4041	55.4908	8.26446	47.7971	200
4042	55.5695	8.25626	47.8618	200
4043	55.4286	8.24477	47.9249	200
4044	50.0991	8.1436	47.943	200
4045	49.8607	8.03983	47.959	200
4046	54.9357	8.02211	48.0171	200
4047	54.9507	8.00397	48.0749	200
4048	54.848	7.98346	48.1313	200
4049	50.4646	7.88929	48.1508	200
4050	50.4893	7.79677	48.1703	200
4051	56.0774	7.79861	48.2362	200
4052	60.9834	7.88109	48.3424	200
4053	60.9956	7.96062	48.4478	200
4054	66.5029	8.12886	48.5983	200
4055	66.6563	8.29435	48.7488	200
4056	51.5823	8.20902	48.7709	200
4057	51.6091	8.1251	48.7931	200
4058	56.1054	8.1124	48.8502	200
4059	50.6096	8.01314	48.864	200
4060	56.4058	8.00577	48.9229	200
4061	56.5222	7.99942	48.9823	200
4062	56.6282	7.9939	49.042	200
4063	56.3899	7.9838	49.0994	200
4064	51.2615	7.89284	49.1163	200
4065	51.2436	7.80275	49.1329	200
4066	56.0524	7.78895	49.187	200
4067	56.105	7.77534	49.241	200
4068	56.1067	7.76113	49.2946	200
4069	50.9802	7.6662	49.3078	200
4070	56.73	7.66238	49.3658	200
4071	61.735	7.73593	49.4624	200
4072	56.2626	7.72131	49.5156	200
4073	61.2594	7.78416	49.6073	200
4074	61.29	7.84507	49.6986	200
4075	61.3823	7.90505	49.7899	200
4076	61.5102	7.96467	49.8814	200
4077	56.6275	7.94562	49.9341	200
4078	56.7252	7.92758	49.9872	200
4079	56.7308	7.90908	50.0399	200
4080	61.1373	7.9589	50.1266	200
4081	61.228	8.008	50.2133	200
4082	55.6644	7.96805	50.2559	200
4083	50.2432	7.84375	50.2558	200
4084	50.5962	7.72651	50.2584	200
4085	60.8517	7.7713	50.3412	200
4086	60.7618	7.81269	50.4226	200
4087	66.1518	7.93639	50.5455	200
4088	66.7333	8.06532	50.672	200
4089	66.751	8.19053	50.7976	200
4090	66.8103	8.3209	50.931	200
4091	66.8132	8.44692	51.0634	200
4092	60.9172	8.47205	51.1513	200
4093	60.7976	8.49301	51.2375	200
4094	60.5898	8.50954	51.3274	200
4095	60.5661	8.52356	51.4162	200
4096	60.5595	8.53647	51.5115	200
4097	60.5546	8.54703	51.6057	200
4098	61.4202	8.57584	51.7172	200
4099	61.4239	8.60154	51.8275	200
4100	61.4206	8.62633	51.9474	200
4101	61.1887	8.6417	52.0629	200
4102	55.7187	8.5032	52.1137	200
4103	61.2761	8.52151	52.241	200
4104	64.4412	8.63647	52.4316	200
4105	59.3954	8.5842	52.5404	200
4106	59.3794	8.52966	52.6473	200
4107	59.3209	8.47166	52.7515	200
4108	59.3801	8.41406	52.8551	200
4109	59.2348	8.35049	52.9548	200
4110	59.1356	8.28269	53.0514	200
4111	73.5731	8.66516	53.372	200
4112	68.843	8.87784	53.6137	200
4113	68.7441	9.07323	53.8502	200
4114	73.3753	9.36356	54.1213	200
4115	74.8896	9.68036	54.4098	200
4116	74.5912	9.97205	54.6901	200
4117	58.5424	9.80206	54.7436	200
4118	70.7797	9.97523	54.9663	200
4119	65.4206	9.98853	55.1115	200
4120	71.0129	10.1528	55.3324	200
4121	45.4402	10.1455	55.195	200
4122	59.429	9.98133	55.2538	200
4123	65.0511	9.97622	55.3898	200
4124	65.0429	9.96724	55.5239	200
4125	64.8437	9.94926	55.6534	200
4126	64.7826	9.92648	55.7801	200
4127	64.7771	9.90066	55.9051	200
4128	50.3157	9.7809	55.8275	200
4129	55.6609	9.51383	55.8252	200
4130	60.5967	9.3821	55.8914	200
4131	60.6859	9.25467	55.958	200
4132	56.0339	8.9997	55.9591	200
4133	48.5049	8.95677	55.8555	200
4134	48.4398	8.91396	55.7525	200
4135	52.7167	8.75068	55.7104	200
4136	47.7789	8.72793	55.6002	200
4137	52.8908	8.56074	55.5626	200
4138	47.9082	8.53557	55.4563	200
4139	47.8045	8.51102	55.35	200
4140	34.3838	8.85699	55.0588	200
4141	50.4371	8.73935	54.9946	200
4142	50.446	8.62294	54.9314	200
4143	50.444	8.50806	54.8691	200
4144	50.4438	8.39465	54.8076	200
4145	50.4973	8.2812	54.7478	200
4146	50.5834	8.16684	54.6899	200
4147	45.3707	8.19885	54.5605	200
4148	46.0804	8.20666	54.4427	200
4149	46.2817	8.20539	54.3294	200
4150	50.3332	8.08847	54.2739	200
4151	51.5267	7.95494	54.2395	200
4152	51.6222	7.8215	54.2068	200
4153	51.8226	7.68557	54.177	200
4154	49.1055	7.62021	54.1136	200
4155	41.8092	7.73732	53.9598	200
4156	36.6309	7.97711	53.7432	200
4157	36.1849	8.21664	53.5237	200
4158	36.1766	8.4449	53.3069	200
4159	35.5702	8.67719	53.0852	200
4160	24.8677	9.1657	52.7325	200
4161	35.7121	9.36206	52.5197	200
4162	35.7483	9.5473	52.3101	200
4163	35.7494	9.72263	52.1031	200
4164	35.6887	9.88992	51.8979	200
4165	35.6008	10.0501	51.6942	200
4166	40.6697	10.0745	51.5564	200
4167	40.6977	10.0941	51.4206	200
4168	40.49	10.115	51.284	200
4169	36.4452	10.2331	51.0985	200
4170	36.4604	10.3432	50.9155	200
4171	45.3646	10.2234	50.8461	200
4172	52.2927	10.004	50.8642	200
4173	52.1105	9.78502	50.8798	200
4174	50.5198	9.5494	50.8753	200
4175	50.4888	9.32033	50.8705	200
4176	50.4064	9.09892	50.8647	200
4177	50.3918	8.88327	50.8587	200
4178	50.389	8.67293	50.8529	200
4179	50.6598	8.46094	50.8505	200
4180	45.389	8.38595	50.7822	200
4181	39.8204	8.45034	50.6452	200
4182	39.843	8.50914	50.5101	200
4183	39.9592	8.56018	50.3783	200
4184	40.1166	8.60272	50.25	200
4185	40.3174	8.63597	50.1258	200
4186	39.7171	8.68028	49.9957	200
4187	45.4109	8.5779	49.9384	200
4188	45.4346	8.47604	49.8821	200
4189	45.6267	8.37053	49.8289	200
4190	45.6673	8.2653	49.7769	200
4191	45.7304	8.15983	49.7263	200
4192	35.8456	8.28985	49.5686	200
4193	37.1435	8.38383	49.4274	200
4194	37.1715	8.47184	49.2881	200
4195	37.173	8.55464	49.1504	200
4196	37.477	8.62552	49.0178	200
4197	40.5573	8.62177	48.9216	200
4198	40.5842	8.61531	48.8269	200
4199	40.6904	8.60442	48.7344	200
4200	40.462	8.59688	48.6404	200
4201	40.6361	8.58341	48.5495	200
4202	40.6809	8.56716	48.4601	200
4203	46.411	8.41902	48.4368	200
4204	46.3512	8.27508	48.4131	200
4205	46.2869	8.13533	48.3889	200
4206	51.0239	8.01033	48.4189	200
4207	46.5111	7.87163	48.3972	200
4208	40.636	7.86912	48.309	200
4209	40.6496	7.86435	48.2219	200
4210	40.4372	7.86254	48.1335	200
4211	45.9017	7.73457	48.1081	200
4212	45.8888	7.60922	48.0829	200
4213	45.9766	7.48416	48.059	200
4214	51.2701	7.38704	48.0954	200
4215	42.9959	7.33506	48.0375	200
4216	42.9806	7.28328	47.98	200
4217	42.9785	7.23142	47.9232	200
4218	42.6527	7.18686	47.8633	200
4219	39.5835	7.21169	47.7692	200
4220	50.8496	7.1178	47.8042	200
4221	50.9234	7.02692	47.8397	200
4222	50.936	6.93759	47.8748	200
4223	45.0907	6.84319	47.8432	200
4224	39.7664	6.87123	47.7514	200
4225	44.9962	6.77768	47.7201	200
4226	44.97	6.68615	47.6889	200
4227	44.8958	6.59767	47.6571	200
4228	39.9537	6.6228	47.5696	200
4229	39.86	6.6475	47.482	200
4230	40.128	6.66356	47.3984	200
4231	40.1866	6.67602	47.3165	200
4232	40.2479	6.68494	47.2361	200
4233	39.6838	6.70465	47.1503	200
4234	39.7193	6.72116	47.0659	200
4235	39.7164	6.73544	46.9823	200
4236	39.7948	6.74571	46.9007	200
4237	34.3006	6.86768	46.7694	200
4238	39.9589	6.86648	46.6985	200
4239	45.2462	6.75369	46.6833	200
4240	45.3045	6.64171	46.669	200
4241	45.3175	6.5315	46.6549	200
4242	45.3133	6.42338	46.6409	200
4243	39.7788	6.43252	46.5695	200
4244	39.6442	6.44278	46.4973	200
4245	39.6301	6.45162	46.4258	200
4246	39.6567	6.45824	46.3553	200
4247	39.8091	6.46007	46.2871	200
4248	39.7121	6.46246	46.2186	200
4249	39.8156	6.46122	46.1519	200
4250	39.8419	6.45778	46.0802	200
4251	44.8613	6.33872	46.0663	200
4252	44.7764	6.2125	46.0502	200
4253	44.8716	6.08665	46.0355	200
4254	44.8565	5.95032	46.0191	200
4255	50.5351	5.91048	46.0818	200
4256	45.5982	5.74089	46.0743	200
4257	45.5737	5.57713	46.0664	200
4258	45.5651	5.39585	46.0575	200
4259	45.535	5.2218	46.0482	200
4260	45.5672	5.02426	46.0381	200
4261	45.5236	4.83636	46.0274	200
4262	51.0069	4.84232	46.1312	200
4263	45.7421	4.65677	46.1231	200
4264	45.7148	4.47974	46.1145	200
4265	52.2365	4.54817	46.2421	200
4266	52.3011	4.61112	46.3683	200
4267	51.308	4.62481	46.4712	200
4268	51.5305	4.64291	46.5766	200
4269	51.6566	4.66112	46.6825	200
4270	51.6054	4.67203	46.785	200
4271	51.4658	4.67239	46.8825	200
4272	45.2857	4.56255	46.854	200
4273	34.2607	4.84936	46.6291	200
4274	34.364	5.11421	46.4101	200
4275	27.7535	5.59787	46.077	200
4276	27.8118	6.05027	45.7508	200
4277	32.9408	6.29169	45.5221	200
4278	37.7361	6.34506	45.383	200
4279	37.7511	6.39102	45.2467	200
4280	32.9558	6.60173	45.0273	200
4281	32.7161	6.80563	44.8074	200
4282	37.6466	6.81832	44.6795	200
4283	37.6479	6.82593	44.554	200
4284	37.6503	6.82871	44.4307	200
4285	37.6664	6.82641	44.3099	200
4286	42.1655	6.65919	44.2716	200
4287	41.4768	6.52118	44.2217	200
4288	41.4048	6.38888	44.1714	200
4289	42.2398	6.22969	44.1369	200
4290	42.2139	6.07588	44.1026	200
4291	37.0637	6.11027	43.9769	200
4292	37.293	6.13076	43.8575	200
4293	37.28	6.14671	43.7401	200
4294	37.2814	6.15785	43.6247	200
4295	37.2821	6.16445	43.5115	200
4296	37.0536	6.17493	43.3961	200
4297	37.0929	6.17951	43.2836	200
4298	37.3292	6.17147	43.1773	200
4299	37.5156	6.15326	43.0762	200
4300	37.5605	6.13049	42.9777	200
4301	33.6587	6.23013	42.8321	200
4302	33.6093	6.32364	42.6879	200
4303	33.6274	6.40917	42.5464	200
4304	33.4971	6.49167	42.405	200
4305	33.5187	6.56651	42.2661	200
4306	33.5207	6.6346	42.1295	200
4307	32.7981	6.71887	41.9837	200
4308	32.8229	6.79518	41.8405	200
4309	32.942	6.86091	41.7015	200
4310	32.9678	6.91943	41.565	200
4311	33.2636	6.96262	41.4353	200
4312	33.2877	6.99965	41.308	200
4313	33.0266	7.03971	41.1786	200
4314	32.8592	7.0797	41.0486	200
4315	32.8457	7.1148	40.9205	200
4316	32.8595	7.14436	40.7945	200
4317	38.1279	7.00443	40.7528	200
4318	32.7119	7.03683	40.6272	200
4319	32.7004	7.06463	40.5033	200
4320	33.5208	7.06207	40.3942	200
4321	33.5333	7.05578	40.287	200
4322	33.5386	7.04618	40.1816	200
4323	33.9712	7.02006	40.0846	200
4324	34.0236	6.99009	39.9899	200
4325	33.9013	6.96191	39.8947	200
4326	38.4003	6.79105	39.8714	200
4327	33.1822	6.78787	39.7668	200
4328	33.1298	6.78316	39.6631	200
4329	33.1567	6.77451	39.5615	200
4330	33.165	6.76269	39.4615	200
4331	33.1672	6.74806	39.3632	200
4332	38.4908	6.56444	39.3496	200
4333	38.5359	6.38473	39.3368	200
4334	28.4076	6.51096	39.185	200
4335	33.1442	6.49791	39.1011	200
4336	33.1787	6.48192	39.0189	200
4337	33.0086	6.46882	38.9354	200
4338	33.0221	6.45339	38.8533	200
4339	33.0195	6.43618	38.7723	200
4340	26.8928	6.58738	38.6073	200
4341	26.8656	6.73055	38.4442	200
4342	26.9339	6.86332	38.2843	200
4343	28.0244	6.95768	38.1418	200
4344	28.0342	7.04517	38.0014	200
4345	28.2294	7.12092	37.8657	200
4346	28.2317	7.19072	37.7319	200
4347	28.4097	7.24993	37.6024	200
4348	28.4457	7.3029	37.4753	200
4349	33.4911	7.21071	37.4199	200
4350	33.5748	7.11722	37.3665	200
4351	33.6948	7.02151	37.3155	200
4352	33.5064	6.93228	37.2626	200
4353	28.7762	6.97545	37.1447	200
4354	28.7615	7.01456	37.0283	200
4355	27.6337	7.08067	36.8978	200
4356	27.696	7.13959	36.77	200
4357	33.2159	7.03999	36.7207	200
4358	28.5178	7.07229	36.6067	200
4359	28.6683	7.09635	36.4965	200
4360	33.1563	6.99202	36.4501	200
4361	33.494	6.8799	36.409	200
4362	33.5189	6.76908	36.3689	200
4363	33.3073	6.66609	36.3264	200
4364	38.5991	6.54406	36.3579	200
4365	38.4391	6.42009	36.3868	200
4366	38.4245	6.29835	36.4151	200
4367	34.0673	6.18862	36.3825	200
4368	34.2032	6.07725	36.3523	200
4369	34.1666	5.96914	36.3219	200
4370	38.5869	5.86625	36.3534	200
4371	38.2406	5.76677	36.3769	200
4372	38.2309	5.66895	36.4001	200
4373	38.2213	5.57276	36.4229	200
4374	33.3163	5.5111	36.384	200
4375	33.3541	5.44907	36.3462	200
4376	34.0572	5.37007	36.3176	200
4377	33.576	5.30435	36.2833	200
4378	33.4047	5.24371	36.2473	200
4379	33.421	5.18327	36.212	200
4380	33.4238	5.12339	36.1771	200
4381	33.4744	5.06288	36.1433	200
4382	33.4812	5.00286	36.1101	200
4383	33.2891	4.94831	36.0748	200
4384	33.3094	4.89374	36.0402	200
4385	33.3105	4.83964	36.0061	200
4386	32.812	4.7985	35.9662	200
4387	32.6218	4.76215	35.9244	200
4388	32.5684	4.72699	35.8824	200
4389	28.1506	4.80211	35.7858	200
4390	28.1662	4.87255	35.6905	200
4391	28.1522	4.9392	35.5963	200
4392	28.1495	5.00188	35.5032	200
4393	33.5807	4.9249	35.4792	200
4394	33.6205	4.84825	35.456	200
4395	33.5158	4.77554	35.4317	200
4396	32.7282	4.72374	35.3979	200
4397	32.7331	4.67227	35.3646	200
4398	32.7621	4.62053	35.3321	200
4399	28.1742	4.68396	35.2426	200
4400	33.1781	4.61847	35.2168	200
4401	33.1859	4.55378	35.1914	200
4402	33.1913	4.48994	35.1664	200
4403	28.0484	4.55564	35.0774	200
4404	33.3401	4.48518	35.0557	200
4405	33.3793	4.41496	35.0347	200
4406	33.3968	4.34553	35.0143	200
4407	33.4118	4.27696	34.9942	200
4408	33.4132	4.20956	34.9745	200
4409	33.4133	4.14335	34.955	200
4410	33.4266	4.07798	34.9359	200
4411	38.6811	4.06966	34.9827	200
4412	38.7198	4.0621	35.0251	200
4413	38.7245	4.05385	35.0672	200
4414	33.2705	4.00256	35.0468	200
4415	33.2512	3.9524	35.0264	200
4416	33.2481	3.90298	35.0061	200
4417	39.0836	3.90695	35.0525	200
4418	39.099	3.91012	35.0985	200
4419	39.0719	3.91156	35.1436	200
4420	39.2508	3.916	35.1903	200
4421	39.3152	3.92075	35.2372	200
4422	39.3076	3.92415	35.2834	200
4423	39.3057	3.92638	35.3291	200
4424	39.2811	3.92696	35.374	200
4425	33.9516	3.87004	35.3579	200
4426	33.9332	3.81446	35.3417	200
4427	28.3224	3.8873	35.2619	200
4428	28.3251	3.95661	35.1831	200
4429	33.6504	3.90152	35.1657	200
4430	33.6875	3.84644	35.1489	200
4431	33.6741	3.79254	35.1321	200
4432	39.9644	3.81617	35.187	200
4433	40.0547	3.84006	35.2423	200
4434	40.0774	3.86268	35.2973	200
4435	40.1064	3.88419	35.3519	200
4436	40.136	3.90464	35.4063	200
4437	40.3215	3.9276	35.4621	200
4438	44.99	4.05488	35.5704	200
4439	45.3404	4.18477	35.6814	200
4440	45.4705	4.31214	35.7927	200
4441	45.4973	4.4347	35.903	200
4442	45.4615	4.55115	36.0116	200
4443	39.1874	4.51989	36.0477	200
4444	39.193	4.48865	36.0834	200
4445	44.4665	4.57716	36.1787	200
4446	44.5051	4.66237	36.2733	200
4447	44.5071	4.74354	36.3668	200
4448	44.5058	4.82071	36.4593	200
4449	44.5147	4.89422	36.5509	200
4450	44.7021	4.96824	36.6435	200
4451	39.4289	4.91863	36.6752	200
4452	39.421	4.86925	36.7064	200
4453	44.0735	4.92602	36.7901	200
4454	32.9275	4.90185	36.7462	200
4455	37.9279	4.8173	36.7596	200
4456	37.974	4.73542	36.7734	200
4457	37.9425	4.66112	36.7856	200
4458	38.1021	4.59144	36.7993	200
4459	38.1126	4.52315	36.813	200
4460	37.907	4.4517	36.8244	200
4461	39.2299	4.40908	36.8494	200
4462	32.3127	4.41174	36.8022	200
4463	32.1993	4.41572	36.7542	200
4464	32.1894	4.41882	36.7067	200
4465	37.1438	4.33587	36.7112	200
4466	38.5342	4.28352	36.7302	200
4467	38.5312	4.2318	36.749	200
4468	33.4201	4.21299	36.7143	200
4469	33.4683	4.19284	36.6805	200
4470	37.7482	4.12773	36.6916	200
4471	37.7926	4.06468	36.7031	200
4472	37.7875	4.00259	36.7144	200
4473	37.5618	3.93685	36.7232	200
4474	37.5017	3.87105	36.7313	200
4475	37.5964	3.80843	36.7403	200
4476	32.9573	3.8079	36.7009	200
4477	32.5308	3.81544	36.6575	200
4478	44.1974	3.89304	36.736	200
4479	44.2265	3.96799	36.814	200
4480	44.4629	4.04467	36.8937	200
4481	49.2168	4.21713	37.0221	200
4482	49.0846	4.38058	37.1477	200
4483	49.0979	4.53828	37.2722	200
4484	49.1238	4.69064	37.3957	200
4485	43.1369	4.71253	37.4555	200
4486	43.8789	4.74817	37.5224	200
4487	43.8862	4.78183	37.5887	200
4488	44.0303	4.81641	37.6558	200
4489	38.8691	4.74134	37.6684	200
4490	43.8892	4.77217	37.7332	200
4491	43.9567	4.8024	37.798	200
4492	43.7897	4.82718	37.8605	200
4493	43.7722	4.84977	37.922	200
4494	39.5009	4.78163	37.9385	200
4495	44.0669	4.80969	38.0023	200
4496	44.1495	4.83755	38.0663	200
4497	44.1826	4.86419	38.1301	200
4498	44.2693	4.89075	38.194	200
4499	44.2496	4.91502	38.2571	200
4500	44.2811	4.93812	38.3198	200
4501	44.3059	4.95995	38.3822	200
4502	38.7579	4.86445	38.3861	200
4503	44.5237	4.89097	38.45	200
4504	44.3514	4.91202	38.5115	200
4505	44.399	4.93234	38.5728	200
4506	39.6617	4.85843	38.5833	200
4507	39.726	4.78697	38.5943	200
4508	39.8255	4.71859	38.6061	200
4509	39.8307	4.6514	38.6179	200
4510	44.3069	4.67135	38.6726	200
4511	44.9146	4.70155	38.7326	200
4512	44.9279	4.73028	38.7922	200
4513	44.7676	4.75422	38.8496	200
4514	44.804	4.7773	38.9069	200
4515	39.0029	4.68727	38.9078	200
4516	38.9826	4.59857	38.9085	200
4517	39.0011	4.51192	38.9094	200
4518	43.9962	4.52297	38.9583	200
4519	43.9927	4.53281	39.0067	200
4520	39.3773	4.45276	39.0103	200
4521	39.323	4.37315	39.0133	200
4522	39.4235	4.29694	39.0173	200
4523	39.3332	4.22038	39.0203	200
4524	39.234	4.14332	39.0224	200
4525	39.1941	4.06695	39.024	200
4526	44.7932	4.09968	39.0795	200
4527	39.126	4.02174	39.0799	200
4528	39.3408	3.94941	39.0824	200
4529	43.8347	3.96485	39.1281	200
4530	43.8437	3.97929	39.1735	200
4531	43.8614	3.99291	39.2185	200
4532	43.8057	4.00434	39.2626	200
4533	43.7075	4.01281	39.3054	200
4534	43.5806	4.01786	39.3465	200
4535	43.7763	4.02578	39.3891	200
4536	39.3216	3.94966	39.3884	200
4537	45.0659	3.98288	39.443	200
4538	45.0835	4.01476	39.4973	200
4539	45.0849	4.04501	39.551	200
4540	45.0344	4.07267	39.6037	200
4541	45.4499	4.10677	39.6599	200
4542	45.5067	4.14023	39.7161	200
4543	45.7874	4.17737	39.7745	200
4544	40.8016	4.11679	39.7844	200
4545	40.7955	4.05706	39.7941	200
4546	40.7932	3.99825	39.8037	200
4547	40.667	3.93797	39.812	200
4548	40.8362	3.88193	39.8219	200
4549	45.0143	3.90713	39.8718	200
4550	45.0391	3.93136	39.9215	200
4551	45.0436	3.95426	39.9707	200
4552	39.7169	3.8831	39.9683	200
4553	34.2295	3.91879	39.9131	200
4554	37.2825	3.89401	39.8878	200
4555	32.8809	3.95388	39.8204	200
4556	33.0188	4.00864	39.755	200
4557	33.1765	4.05806	39.6918	200
4558	33.3294	4.10238	39.6306	200
4559	33.4559	4.13938	39.5755	200
4560	34.5521	4.15517	39.5306	200
4561	34.5877	4.16923	39.4865	200
4562	34.3511	4.18649	39.4406	200
4563	34.3037	4.20346	39.3948	200
4564	38.71	4.14063	39.3887	200
4565	38.7137	4.07398	39.3822	200
4566	38.7078	4.0086	39.3757	200
4567	38.6824	3.93953	39.3685	200
4568	38.4136	3.87735	39.3585	200
4569	38.369	3.81171	39.3473	200
4570	38.0079	3.75552	39.332	200
4571	38.017	3.69451	39.3156	200
4572	38.0496	3.6338	39.2998	200
4573	38.1024	3.56612	39.2832	200
4574	43.41	3.58169	39.3405	200
4575	43.2474	3.59186	39.4015	200
4576	39.0754	3.4898	39.3964	200
4577	39.0604	3.37717	39.3904	200
4578	39.0705	3.26798	39.3847	200
4579	38.7594	3.1736	39.3735	200
4580	38.7282	3.0833	39.362	200
4581	37.3076	3.04656	39.3253	200
4582	37.2577	3.01159	39.2884	200
4583	37.1158	2.98163	39.2496	200
4584	36.9474	2.95736	39.2085	200
4585	36.8191	2.93708	39.1658	200
4586	40.0822	2.86491	39.1822	200
4587	39.9804	2.79109	39.1964	200
4588	38.8853	2.70252	39.1909	200
4589	38.867	2.61757	39.1851	200
4590	38.8639	2.53556	39.1794	200
4591	38.8616	2.45635	39.1737	200
4592	22.1648	2.97608	38.87	200
4593	22.1745	3.40481	38.6091	200
4594	27.6509	3.64086	38.4379	200
4595	27.6752	3.86341	38.2697	200
4596	25.4239	4.14411	38.069	200
4597	25.4249	4.40974	37.8714	200
4598	25.4239	4.66092	37.6769	200
4599	25.4457	4.89749	37.4858	200
4600	25.6264	5.11505	37.3005	200
4601	27.3535	5.26605	37.1451	200
4602	27.3663	5.40707	36.9923	200
4603	27.3711	5.53876	36.842	200
4604	27.3707	5.66165	36.694	200
4605	27.3828	5.7757	36.5485	200
4606	27.4785	5.87864	36.4068	200
4607	35.2776	5.73022	36.3891	200
4608	35.3314	5.58421	36.3726	200
4609	35.3292	5.44231	36.3563	200
4610	30.1183	5.46717	36.2588	200
4611	33.4435	5.3843	36.2148	200
4612	27.9793	5.4734	36.0862	200
4613	27.9623	5.55623	35.9592	200
4614	27.9871	5.63172	35.8347	200
4615	28.0822	5.69799	35.7135	200
4616	28.1219	5.75717	35.5949	200
4617	33.705	5.63632	35.5654	200
4618	33.7316	5.51749	35.5367	200
4619	33.8193	5.39873	35.5099	200
4620	33.8881	5.28071	35.4845	200
4621	33.8856	5.16565	35.4596	200
4622	33.871	5.05386	35.4347	200
4623	26.5159	5.17464	35.2954	200
4624	31.2971	5.13788	35.2329	200
4625	31.3527	5.09858	35.1723	200
4626	31.3562	5.06295	35.1193	200
4627	31.0355	5.03575	35.0626	200
4628	33.6924	4.93393	35.0435	200
4629	33.8027	4.83134	35.0263	200
4630	33.8422	4.73003	35.0098	200
4631	33.8181	4.63174	34.9933	200
4632	33.7084	4.53878	34.9754	200
4633	33.6532	4.44943	34.9571	200
4634	27.6572	4.52861	34.8557	200
4635	27.6756	4.60226	34.756	200
4636	27.5699	4.67403	34.6562	200
4637	27.5174	4.74249	34.557	200
4638	27.5111	4.80648	34.4592	200
4639	27.4209	4.86847	34.3614	200
4640	32.2227	4.79265	34.3317	200
4641	27.459	4.85042	34.2362	200
4642	27.4435	4.90438	34.1419	200
4643	27.4701	4.95347	34.0492	200
4644	27.709	4.99199	33.9612	200
4645	27.7763	5.02512	33.8753	200
4646	32.1252	4.93415	33.851	200
4647	32.0531	4.84703	33.826	200
4648	32.0393	4.76202	33.8012	200
4649	32.0377	4.67873	33.7767	200
4650	32.0185	4.5976	33.7523	200
4651	32.0233	4.51792	33.7283	200
4652	27.5112	4.56511	33.6419	200
4653	27.5025	4.60884	33.5566	200
4654	32.6187	4.50687	33.5436	200
4655	32.6784	4.40571	33.5316	200
4656	32.6866	4.30681	33.5199	200
4657	32.7687	4.20804	33.5094	200
4658	32.7324	4.11273	33.4986	200
4659	32.7522	4.01922	33.4883	200
4660	32.755	3.92794	33.4781	200
4661	32.7453	3.83919	33.4679	200
4662	32.762	3.75215	33.4581	200
4663	32.5073	3.68212	33.4462	200
4664	32.5525	3.61241	33.435	200
4665	34.1492	3.53995	33.444	200
4666	34.1567	3.46927	33.4529	200
4667	34.1551	3.40009	33.4616	200
4668	34.1552	3.33243	33.4703	200
4669	34.1725	3.26667	33.4791	200
4670	34.0254	3.19866	33.4859	200
4671	34.0219	3.13209	33.4926	200
4672	34.0251	3.0671	33.4993	200
4673	39.6971	3.14537	33.5767	200
4674	39.6881	3.21952	33.6531	200
4675	39.759	3.29168	33.7295	200
4676	39.6715	3.35794	33.8037	200
4677	34.9788	3.30336	33.8184	200
4678	35.0327	3.25114	33.8336	200
4679	40.0547	3.32538	33.9114	200
4680	40.0885	3.39668	33.9886	200
4681	40.0894	3.46428	34.0648	200
4682	40.1045	3.52867	34.1403	200
4683	40.1053	3.58957	34.2149	200
4684	40.0967	3.64688	34.2884	200
4685	33.8666	3.56625	34.2831	200
4686	33.887	3.487	34.2782	200
4687	33.8914	3.40949	34.2734	200
4688	39.0622	3.44398	34.3332	200
4689	39.0676	3.47624	34.3924	200
4690	38.9786	3.50399	34.4497	200
4691	38.9255	3.52828	34.5057	200
4692	39.001	3.55246	34.5619	200
4693	34.2091	3.47246	34.5575	200
4694	34.1912	3.39481	34.5529	200
4695	34.2836	3.31667	34.5495	200
4696	34.3996	3.2375	34.5476	200
4697	34.3898	3.16051	34.5457	200
4698	34.3902	3.08538	34.5437	200
4699	40.5976	3.15959	34.6194	200
4700	40.6198	3.23061	34.6944	200
4701	40.6212	3.29802	34.7685	200
4702	40.6243	3.36196	34.8417	200
4703	45.0552	3.53325	34.9693	200
4704	45.0864	3.68288	35.0843	200
4705	44.9743	3.82395	35.1967	200
4706	39.4182	3.83299	35.2447	200
4707	44.8659	3.96454	35.354	200
4708	44.8965	4.09131	35.4624	200
4709	40.0103	4.10169	35.5141	200
4710	40.1644	4.11415	35.567	200
4711	45.0186	4.23546	35.6744	200
4712	45.0524	4.35234	35.7809	200
4713	44.9707	4.46228	35.8854	200
4714	38.9102	4.42961	35.9197	200
4715	38.8623	4.39581	35.9532	200
4716	38.9657	4.36437	35.9874	200
4717	44.2369	4.45267	36.0812	200
4718	38.288	4.40163	36.1062	200
4719	43.6066	4.47206	36.1915	200
4720	32.5368	4.45348	36.1499	200
4721	32.5279	4.43458	36.1088	200
4722	32.5805	4.41398	36.0687	200
4723	32.7834	4.38833	36.0313	200
4724	33.4857	4.34645	36.0024	200
4725	33.5493	4.30342	35.9745	200
4726	33.5396	4.26095	35.9469	200
4727	33.5393	4.21883	35.9195	200
4728	33.7065	4.17324	35.8944	200
4729	39.0072	4.14914	35.9297	200
4730	39.017	4.12501	35.9648	200
4731	44.0181	4.21429	36.0563	200
4732	43.8742	4.29619	36.1452	200
4733	39.0235	4.26396	36.1779	200
4734	39.006	4.23133	36.21	200
4735	39.0039	4.19866	36.2418	200
4736	39.0129	4.16622	36.2733	200
4737	44.4318	4.25695	36.366	200
4738	44.2335	4.33901	36.4554	200
4739	44.5596	4.42458	36.5475	200
4740	39.1379	4.38289	36.5769	200
4741	38.9593	4.33743	36.604	200
4742	38.9881	4.29303	36.6311	200
4743	39.0206	4.24977	36.6582	200
4744	38.9673	4.20567	36.6845	200
4745	38.7799	4.15771	36.7083	200
4746	33.6536	4.13264	36.6736	200
4747	33.6238	4.10803	36.6389	200
4748	38.8024	4.06383	36.6635	200
4749	38.8344	4.0244	36.6861	200
4750	39.4283	3.99768	36.7147	200
4751	39.4453	3.97128	36.7431	200
4752	34.0311	3.94505	36.7149	200
4753	34.0512	3.91835	36.6871	200
4754	39.1939	3.88895	36.7132	200
4755	39.2144	3.86003	36.7393	200
4756	39.2155	3.83121	36.7651	200
4757	39.2168	3.80247	36.7906	200
4758	39.3303	3.77616	36.8171	200
4759	44.9318	3.86654	36.9016	200
4760	39.5666	3.84151	36.9293	200
4761	39.589	3.81689	36.957	200
4762	39.115	3.78233	36.9795	200
4763	39.1383	3.7485	37.002	200
4764	33.9652	3.73367	36.9704	200
4765	33.7691	3.72258	36.937	200
4766	33.7506	3.71141	36.9038	200
4767	39.1629	3.68116	36.9274	200
4768	39.1639	3.65106	36.9507	200
4769	39.3499	3.62498	36.9757	200
4770	39.3886	3.59973	37.0008	200
4771	39.3217	3.57309	37.025	200
4772	39.4595	3.54937	37.0503	200
4773	39.453	3.52548	37.0754	200
4774	38.8425	3.48884	37.0938	200
4775	43.7575	3.55499	37.1632	200
4776	38.4499	3.50773	37.1766	200
4777	38.4416	3.46101	37.1898	200
4778	33.7862	3.45981	37.1543	200
4779	33.8058	3.45749	37.1194	200
4780	33.8078	3.45445	37.0849	200
4781	38.6026	3.4141	37.1007	200
4782	38.5079	3.37229	37.1154	200
4783	38.3721	3.32821	37.1285	200
4784	38.3643	3.28462	37.1414	200
4785	38.3358	3.24107	37.1538	200
4786	33.1903	3.25612	37.1125	200
4787	38.505	3.2173	37.127	200
4788	38.5006	3.17889	37.1413	200
4789	38.5001	3.14097	37.1555	200
4790	38.5005	3.10355	37.1695	200
4791	33.0904	3.12387	37.127	200
4792	33.4408	3.13558	37.0886	200
4793	33.2757	3.15098	37.0453	200
4794	33.2735	3.16508	37.0024	200
4795	32.9345	3.18766	36.9516	200
4796	32.9337	3.20841	36.9013	200
4797	33.0207	3.22708	36.8474	200
4798	33.0279	3.24354	36.7944	200
4799	38.3192	3.18983	36.8182	200
4800	38.5505	3.14428	36.8453	200
4801	38.5317	3.09221	36.8754	200
4802	38.5387	3.04118	36.9051	200
4803	32.8684	3.08266	36.821	200
4804	38.7745	3.03561	36.8617	200
4805	38.8705	2.99283	36.9035	200
4806	34.523	2.96731	36.8539	200
4807	34.5877	2.94227	36.8135	200
4808	29.2888	3.10593	36.6791	200
4809	34.0161	3.09011	36.6316	200
4810	34.0568	3.0717	36.5856	200
4811	34.3334	3.04243	36.5454	200
4812	33.2613	3.05106	36.4867	200
4813	33.329	3.05487	36.4303	200
4814	33.3702	3.05506	36.3757	200
4815	33.4801	3.04937	36.324	200
4816	32.6977	3.06997	36.2592	200
4817	27.2683	3.28143	36.0987	200
4818	27.0738	3.48655	35.9375	200
4819	26.7537	3.69002	35.7735	200
4820	26.8179	3.87808	35.6136	200
4821	26.9497	4.049	35.4589	200
4822	31.1986	4.05654	35.3828	200
4823	26.4914	4.22922	35.224	200
4824	26.476	4.3906	35.0678	200
4825	26.2091	4.55017	34.9096	200
4826	29.3399	4.58659	34.8102	200
4827	29.4508	4.61418	34.7145	200
4828	29.4851	4.63615	34.6211	200
4829	29.5567	4.65145	34.5306	200
4830	29.4645	4.66626	34.4402	200
4831	28.9698	4.69498	34.3425	200
4832	28.958	4.7196	34.2463	200
4833	28.9587	4.73989	34.1519	200
4834	28.9054	4.75798	34.0582	200
4835	34.3008	4.59671	34.0626	200
4836	34.1288	4.45514	34.0636	200
4837	29.6645	4.45339	33.9949	200
4838	29.6445	4.45017	33.9269	200
4839	29.7289	4.44228	33.8613	200
4840	29.6131	4.43622	33.7949	200
4841	27.3875	4.49781	33.6948	200
4842	27.2205	4.55958	33.5936	200
4843	27.1704	4.61782	33.4933	200
4844	26.9714	4.67732	33.3914	200
4845	21.9838	4.88764	33.2131	200
4846	21.9768	5.08603	33.0375	200
4847	22.1185	5.26832	32.8669	200
4848	27.5672	5.2693	32.7841	200
4849	27.603	5.26654	32.7032	200
4850	33.4538	5.12542	32.7149	200
4851	33.568	4.99191	32.7282	200
4852	33.6037	4.86327	32.7419	200
4853	33.7141	4.74167	32.7571	200
4854	33.7713	4.62519	32.7729	200
4855	33.7036	4.50973	32.7875	200
4856	33.6538	4.39588	32.801	200
4857	33.0171	4.26526	32.8044	200
4858	33.0385	4.13928	32.8081	200
4859	33.0836	4.01854	32.8124	200
4860	33.1548	3.90366	32.8177	200
4861	33.2109	3.79396	32.8239	200
4862	33.2587	3.68899	32.8306	200
4863	38.3461	3.74606	32.9168	200
4864	33.0715	3.63383	32.9192	200
4865	33.0651	3.52483	32.9215	200
4866	30.3663	3.49453	32.8816	200
4867	30.4588	3.46104	32.8437	200
4868	30.5097	3.42582	32.8073	200
4869	30.4664	3.39568	32.7748	200
4870	30.3441	3.36887	32.741	200
4871	30.2972	3.34318	32.7071	200
4872	35.3367	3.32335	32.7436	200
4873	35.3318	3.30293	32.7795	200
4874	30.968	3.26151	32.7544	200
4875	30.9898	3.21992	32.7299	200
4876	30.9479	3.17998	32.7051	200
4877	36.4543	3.19579	32.7572	200
4878	36.986	3.22449	32.8159	200
4879	36.9591	3.25	32.8735	200
4880	37.943	3.30055	32.9439	200
4881	37.8092	3.34401	33.0114	200
4882	37.8066	3.38432	33.078	200
4883	35.0177	3.34419	33.105	200
4884	35.045	3.30519	33.1319	200
4885	35.1158	3.26848	33.1595	200
4886	35.1801	3.23382	33.1875	200
4887	35.2285	3.20069	33.2159	200
4888	35.267	3.16875	33.2444	200
4889	35.3077	3.13805	33.273	200
4890	34.7348	3.09148	33.2933	200
4891	34.7566	3.04625	33.3137	200
4892	34.567	2.99645	33.3311	200
4893	34.5288	2.94648	33.3477	200
4894	34.524	2.89731	33.364	200
4895	40.0043	3.00128	33.4563	200
4896	39.75	3.09274	33.5437	200
4897	39.7841	3.18017	33.6303	200
4898	33.6828	3.09329	33.6311	200
4899	33.6998	3.00928	33.632	200
4900	33.7005	2.92759	33.633	200
4901	38.3835	2.97822	33.699	200
4902	38.2138	3.02091	33.7617	200
4903	38.1518	3.05894	33.8226	200
4904	38.1062	3.09296	33.8821	200
4905	38.1194	3.12475	33.941	200
4906	38.0781	3.15005	33.9927	200
4907	38.0408	3.17251	34.0433	200
4908	43.1387	3.32058	34.157	200
4909	38.6946	3.351	34.2137	200
4910	38.6802	3.37889	34.2695	200
4911	38.6784	3.40464	34.3246	200
4912	38.6771	3.42833	34.3791	200
4913	38.6765	3.45006	34.4328	200
4914	33.3756	3.39024	34.4196	200
4915	40.7356	3.46339	34.4985	200
4916	40.7488	3.53306	34.5766	200
4917	40.5745	3.59468	34.6516	200
4918	40.5578	3.65246	34.7254	200
4919	40.5551	3.70689	34.7983	200
4920	38.6445	3.71037	34.8464	200
4921	38.6813	3.71349	34.8943	200
4922	38.6838	3.71539	34.9417	200
4923	38.7474	3.71765	34.9893	200
4924	44.0142	3.85033	35.1021	200
4925	44.0674	3.9782	35.2141	200
4926	44.0703	4.10015	35.3248	200
4927	44.0703	4.21628	35.4342	200
4928	38.8703	4.19678	35.4771	200
4929	38.8495	4.17617	35.5193	200
4930	38.8475	4.15497	35.5609	200
4931	38.9772	4.1365	35.6036	200
4932	44.0211	4.24353	35.7088	200
4933	44.0609	4.34624	35.8132	200
4934	43.7205	4.43527	35.912	200
4935	36.717	4.34451	35.9221	200
4936	36.7681	4.25705	35.9327	200
4937	36.7714	4.17159	35.9431	200
4938	36.7711	4.088	35.9535	200
4939	41.5765	4.12638	36.0238	200
4940	38.8783	4.09458	36.0595	200
4941	39.0136	4.06607	36.0964	200
4942	43.9419	4.16055	36.1945	200
4943	43.8909	4.24895	36.2907	200
4944	39.0438	4.21155	36.3251	200
4945	44.1122	4.30094	36.4224	200
4946	44.3366	4.39127	36.5213	200
4947	44.3711	4.46987	36.6105	200
4948	44.3726	4.54469	36.6987	200
4949	44.4769	4.61818	36.7871	200
4950	44.6857	4.69274	36.8769	200
4951	44.7214	4.76437	36.966	200
4952	44.5759	4.82904	37.0525	200
4953	44.022	4.87768	37.1317	200
4954	44.0389	4.92381	37.2102	200
4955	38.9315	4.85102	37.2298	200
4956	38.1297	4.76122	37.24	200
4957	43.0452	4.78495	37.3059	200
4958	43.0695	4.80719	37.3714	200
4959	43.0724	4.8275	37.4362	200
4960	38.3906	4.73948	37.4471	200
4961	38.5845	4.65761	37.46	200
4962	38.4367	4.57395	37.4711	200
4963	33.509	4.56005	37.4261	200
4964	38.0568	4.47074	37.4332	200
4965	37.7809	4.37704	37.4372	200
4966	32.8817	4.38109	37.3854	200
4967	32.6933	4.38887	37.3268	200
4968	38.0876	4.29817	37.3363	200
4969	38.1391	4.20108	37.3474	200
4970	38.2898	4.11056	37.3605	200
4971	38.2387	4.00954	37.3742	200
4972	38.1334	3.90797	37.3861	200
4973	38.1874	3.79702	37.4004	200
4974	38.292	3.69325	37.4163	200
4975	38.4615	3.58291	37.4381	200
4976	38.4678	3.47653	37.4596	200
4977	43.6727	3.59056	37.589	200
4978	38.5137	3.47948	37.6083	200
4979	38.7577	3.38239	37.6322	200
4980	38.7797	3.28927	37.6561	200
4981	38.7856	3.19928	37.6796	200
4982	38.7517	3.11064	37.702	200
4983	38.0342	2.99488	37.7089	200
4984	38.2125	2.89107	37.7194	200
4985	43.3311	3.00443	37.8363	200
4986	38.7736	2.9183	37.8558	200
4987	38.6586	2.83016	37.8725	200
4988	27.9958	3.12377	37.6668	200
4989	32.6216	3.20382	37.5617	200
4990	32.488	3.28173	37.456	200
4991	32.9151	3.3342	37.3614	200
4992	33.0238	3.37601	37.271	200
4993	33.1496	3.40706	37.1851	200
4994	33.1208	3.43445	37.1005	200
4995	32.5644	3.48035	37.006	200
4996	32.3467	3.52947	36.9089	200
4997	32.3651	3.57173	36.8142	200
4998	33.0753	3.57771	36.7475	200
4999	33.0976	3.58028	36.6823	200
5000	33.039	3.58253	36.6172	200
5001	37.6555	3.49166	36.6358	200
5002	33.3828	3.48314	36.5777	200
5003	32.7035	3.49711	36.5085	200
5004	27.1625	3.706	36.3416	200
5005	27.0624	3.90504	36.1759	200
5006	27.04	4.09185	36.0128	200
5007	27.0094	4.26726	35.852	200
5008	27.2728	4.42126	35.6988	200
5009	27.2899	4.56368	35.5486	200
5010	27.4046	4.69154	35.4032	200
5011	27.4948	4.80643	35.262	200
5012	27.058	4.92777	35.1155	200
5013	27.076	5.0389	34.9719	200
5014	33.0855	4.92631	34.9382	200
5015	28.2065	4.99079	34.818	200
5016	38.3877	4.94003	34.8818	200
5017	33.7	4.80581	34.8607	200
5018	33.719	4.67495	34.8403	200
5019	39.0333	4.65773	34.9151	200
5020	38.9483	4.63543	34.9872	200
5021	38.9451	4.61123	35.0578	200
5022	34.2483	4.47546	35.0434	200
5023	34.3647	4.33986	35.0313	200
5024	38.7599	4.31803	35.0978	200
5025	38.7445	4.29405	35.163	200
5026	38.7653	4.26935	35.2273	200
5027	33.405	4.19287	35.1988	200
5028	33.4636	4.11607	35.1717	200
5029	33.8337	4.02926	35.1508	200
5030	38.2176	3.99918	35.1987	200
5031	33.2945	3.93371	35.169	200
5032	33.2526	3.87067	35.139	200
5033	33.3804	3.80467	35.1115	200
5034	39.0305	3.80824	35.1728	200
5035	39.0545	3.81054	35.2334	200
5036	39.0095	3.80946	35.2924	200
5037	38.4204	3.78816	35.3413	200
5038	38.3858	3.76492	35.3889	200
5039	33.8351	3.69582	35.3646	200
5040	39.3142	3.70375	35.4263	200
5041	39.3421	3.71037	35.4875	200
5042	39.3624	3.71552	35.548	200
5043	39.3623	3.7186	35.6076	200
5044	39.2648	3.71668	35.6648	200
5045	38.3493	3.68443	35.7067	200
5046	33.9033	3.62564	35.6785	200
5047	41.169	3.68392	35.7643	200
5048	41.2387	3.73987	35.8499	200
5049	41.0645	3.78595	35.9313	200
5050	35.406	3.68406	35.9231	200
5051	35.4232	3.58456	35.9153	200
5052	35.4228	3.48793	35.9076	200
5053	35.4228	3.39408	35.9	200
5054	40.9031	3.44436	35.9782	200
5055	40.9765	3.49292	36.0563	200
5056	40.9629	3.5371	36.133	200
5057	41.0229	3.57937	36.2094	200
5058	41.032	3.61822	36.2847	200
5059	41.0486	3.65402	36.3592	200
5060	41.0499	3.68282	36.4243	200
5061	41.0455	3.70889	36.4885	200
5062	40.9415	3.72956	36.5504	200
5063	40.9589	3.75077	36.6192	200
5064	39.7281	3.73071	36.6678	200
5065	39.5765	3.70135	36.7198	200
5066	39.5554	3.67044	36.7704	200
5067	39.5818	3.63464	36.829	200
5068	39.5865	3.5981	36.8864	200
5069	39.5826	3.553	36.9538	200
5070	39.8091	3.51811	37.0252	200
5071	39.4216	3.44801	37.1001	200
5072	39.4378	3.39249	37.1585	200
5073	39.781	3.35399	37.2241	200
5074	39.7443	3.3123	37.2871	200
5075	39.7401	3.26934	37.3484	200
5076	39.7405	3.22547	37.4082	200
5077	39.7557	3.18158	37.4669	200
5078	39.7531	3.13681	37.5241	200
5079	39.7518	3.09136	37.5798	200
5080	33.5328	3.13914	37.4786	200
5081	33.5815	3.17703	37.3811	200
5082	38.7463	3.08644	37.4153	200
5083	38.2296	2.97283	37.4356	200
5084	38.2516	2.86499	37.456	200
5085	38.2536	2.76162	37.476	200
5086	38.2531	2.66239	37.4954	200
5087	38.255	2.56725	37.5144	200
5088	38.3668	2.48151	37.5357	200
5089	43.6043	2.66086	37.6874	200
5090	32.7108	2.77665	37.563	200
5091	32.7506	2.87844	37.4427	200
5092	37.964	2.76058	37.4557	200
5093	38.2814	2.67996	37.4729	200
5094	32.9678	2.756	37.3791	200
5095	32.9569	2.82543	37.2869	200
5096	32.9549	2.8882	37.1967	200
5097	32.9543	2.94462	37.1083	200
5098	32.9505	2.99517	37.0217	200
5099	38.258	2.92189	37.0474	200
5100	33.2799	2.95712	36.9689	200
5101	28.4808	3.18758	36.7921	200
5102	28.4649	3.40173	36.6186	200
5103	27.5408	3.63823	36.4295	200
5104	27.6407	3.85284	36.2464	200
5105	22.0875	4.28226	35.9514	200
5106	22.1015	4.68091	35.6629	200
5107	22.1111	5.05053	35.3806	200
5108	27.0782	5.18602	35.2076	200
5109	27.1094	5.30736	35.0389	200
5110	27.1923	5.41316	34.8754	200
5111	32.8457	5.27219	34.8331	200
5112	32.6228	5.14461	34.7871	200
5113	23.1875	5.41357	34.5454	200
5114	23.2117	5.66024	34.3093	200
5115	18.8616	6.06805	33.9875	200
5116	18.8404	6.44634	33.6719	200
5117	18.8567	6.79505	33.3632	200
5118	18.8549	7.07052	33.1042	200
5119	18.8197	7.32816	32.8491	200
5120	25.8038	7.31806	32.7233	200
5121	26.0748	7.29414	32.6046	200
5122	26.0885	7.26635	32.4882	200
5123	26.0434	7.23701	32.3731	200
5124	23.4009	7.29898	32.2129	200
5125	23.4554	7.35107	32.0565	200
5126	21.2229	7.47545	31.863	200
5127	21.2699	7.58679	31.6739	200
5128	21.2944	7.68653	31.4885	200
5129	21.297	7.77599	31.3065	200
5130	21.3204	7.85493	31.1282	200
5131	26.1001	7.75397	31.0384	200
5132	26.1313	7.6523	30.9508	200
5133	26.1325	7.55108	30.8648	200
5134	25.1259	7.48636	30.7623	200
5135	24.9511	7.42653	30.6585	200
5136	24.976	7.36424	30.557	200
5137	24.9358	7.30199	30.4567	200
5138	26.083	7.19741	30.3786	200
5139	26.0394	7.09533	30.3011	200
5140	25.9289	6.99807	30.223	200
5141	25.8571	6.90407	30.145	200
5142	25.8449	6.81107	30.0682	200
5143	25.8427	6.71873	29.9928	200
5144	25.8134	6.62804	29.9182	200
5145	26.311	6.52015	29.8537	200
5146	26.3581	6.41213	29.7913	200
5147	26.4378	6.31655	29.7389	200
5148	26.5266	6.21954	29.6887	200
5149	29.6589	6.02611	29.6883	200
5150	24.6233	5.99608	29.6091	200
5151	24.6118	5.96486	29.531	200
5152	29.8488	5.78839	29.536	200
5153	25.4437	5.73539	29.4721	200
5154	25.4533	5.68174	29.4093	200
5155	25.4554	5.62774	29.3475	200
5156	25.4538	5.57355	29.2866	200
5157	25.4556	5.5191	29.2268	200
5158	25.5764	5.4607	29.1697	200
5159	25.6116	5.40125	29.1141	200
5160	31.1769	5.29692	29.1464	200
5161	31.193	5.19534	29.1784	200
5162	31.2103	5.09649	29.2101	200
5163	31.117	4.99681	29.2399	200
5164	31.0466	4.89712	29.2681	200
5165	27.2663	4.80664	29.2369	200
5166	27.277	4.71768	29.2062	200
5167	32.7609	4.68134	29.2618	200
5168	32.5781	4.63868	29.3136	200
5169	27.3808	4.55412	29.2834	200
5170	27.3708	4.47157	29.2535	200
5171	27.3826	4.3903	29.2243	200
5172	27.4968	4.30709	29.1973	200
5173	27.525	4.22475	29.1711	200
5174	27.3887	4.14843	29.1433	200
5175	27.3723	4.07413	29.1156	200
5176	27.2958	4.00368	29.0872	200
5177	27.3131	3.93401	29.0595	200
5178	27.3158	3.86556	29.0322	200
5179	27.3318	3.7979	29.0056	200
5180	27.4671	3.73514	28.9843	200
5181	32.3833	3.7258	29.0315	200
5182	37.9732	3.87069	29.1557	200
5183	37.9688	4.00798	29.2781	200
5184	32.4742	3.98542	29.3225	200
5185	34.9597	4.03131	29.4008	200
5186	35.0176	4.07535	29.4788	200
5187	35.0274	4.11627	29.5558	200
5188	35.0109	4.15346	29.6316	200
5189	34.8831	4.18396	29.7045	200
5190	34.8676	4.21116	29.7762	200
5191	34.8647	4.23552	29.8469	200
5192	40.5501	4.41518	29.9956	200
5193	29.8049	4.29783	29.9929	200
5194	30.6767	4.19744	30.0024	200
5195	30.7039	4.10033	30.0122	200
5196	30.7064	4.00572	30.0218	200
5197	30.7289	3.91409	30.0316	200
5198	36.2603	3.97838	30.1181	200
5199	31.4573	3.90507	30.1367	200
5200	25.5711	3.92342	30.0733	200
5201	25.5883	3.93902	30.011	200
5202	25.8055	3.94642	29.9526	200
5203	27.3245	3.9098	29.9161	200
5204	33.0224	3.88748	29.9593	200
5205	33.049	3.86532	30.0022	200
5206	33.2229	3.84741	30.0469	200
5207	33.2563	3.82969	30.0915	200
5208	33.3142	3.81283	30.1362	200
5209	33.5172	3.80083	30.1832	200
5210	27.9109	3.75838	30.1516	200
5211	38.2526	3.879	30.2642	200
5212	37.4215	3.97007	30.3636	200
5213	42.3378	4.1924	30.5299	200
5214	42.3621	4.40462	30.6942	200
5215	42.4899	4.60993	30.858	200
5216	47.6238	4.91382	31.0676	200
5217	41.945	5.06291	31.2036	200
5218	41.9057	5.20389	31.3373	200
5219	36.8532	5.21169	31.4063	200
5220	36.8622	5.2178	31.4745	200
5221	42.09	5.35274	31.6072	200
5222	33.2333	5.25957	31.6275	200
5223	27.5152	5.23089	31.5761	200
5224	27.5034	5.20194	31.5252	200
5225	27.3139	5.17717	31.4726	200
5226	31.6212	5.05146	31.4744	200
5227	37.3544	5.07217	31.5479	200
5228	42.2092	5.2119	31.6812	200
5229	42.2252	5.3452	31.813	200
5230	37.7559	5.36014	31.8873	200
5231	37.7716	5.37325	31.9608	200
5232	32.875	5.26177	31.9722	200
5233	32.9023	5.15348	31.9839	200
5234	43.3488	5.30876	32.1259	200
5235	43.4343	5.45875	32.2673	200
5236	38.3055	5.47324	32.3428	200
5237	43.1862	5.60749	32.4783	200
5238	43.1316	5.73364	32.6115	200
5239	43.0713	5.85179	32.7422	200
5240	43.065	5.96357	32.8713	200
5241	37.5524	5.9315	32.9298	200
5242	37.3202	5.89298	32.9847	200
5243	37.4066	5.8562	33.0399	200
5244	43.5878	5.97349	33.1718	200
5245	43.8934	6.0922	33.3058	200
5246	39.5855	6.09688	33.3843	200
5247	34.0697	5.9616	33.3929	200
5248	33.7028	5.82031	33.3967	200
5249	33.7326	5.68319	33.4009	200
5250	32.8626	5.55457	33.3942	200
5251	39.795	5.57573	33.4742	200
5252	39.8144	5.59484	33.5535	200
5253	39.7577	5.61007	33.631	200
5254	36.288	5.53625	33.6642	200
5255	40.4579	5.56768	33.7491	200
5256	40.5132	5.59759	33.8337	200
5257	40.5136	5.62219	33.9096	200
5258	41.5353	5.66772	33.9963	200
5259	46.5432	5.82407	34.1388	200
5260	46.5777	5.9744	34.2802	200
5261	46.5814	6.11819	34.42	200
5262	46.5795	6.25549	34.5581	200
5263	52.1498	6.51313	34.7581	200
5264	52.0711	6.75859	34.9548	200
5265	46.134	6.85905	35.0818	200
5266	45.8676	6.9483	35.2044	200
5267	50.6827	7.14216	35.3803	200
5268	50.4219	7.3217	35.5512	200
5269	45.6608	7.38506	35.6661	200
5270	51.1209	7.56846	35.8417	200
5271	46.0396	7.62822	35.9576	200
5272	39.0517	7.52517	35.9928	200
5273	39.4304	7.43227	36.0318	200
5274	44.3722	7.45291	36.1266	200
5275	37.3215	7.31068	36.1402	200
5276	39.0161	7.20989	36.1729	200
5277	39.0292	7.11094	36.2053	200
5278	39.0598	7.0142	36.2378	200
5279	44.1902	7.03553	36.3281	200
5280	38.343	6.92142	36.351	200
5281	38.6366	6.81606	36.377	200
5282	38.6534	6.71289	36.4029	200
5283	49.5645	6.85945	36.5524	200
5284	49.7559	7.00363	36.7025	200
5285	44.2909	7.01692	36.7887	200
5286	44.5337	7.03347	36.8767	200
5287	48.6815	7.14191	37.0108	200
5288	48.8121	7.2478	37.1449	200
5289	43.9733	7.23827	37.2225	200
5290	44.0232	7.22833	37.2998	200
5291	44.0854	7.21826	37.3769	200
5292	43.907	7.20262	37.4511	200
5293	43.9136	7.1858	37.5246	200
5294	43.9194	7.16782	37.5972	200
5295	43.4526	7.13799	37.6638	200
5296	43.7949	7.1151	37.7334	200
5297	43.834	7.09205	37.8028	200
5298	37.8876	6.93279	37.8037	200
5299	43.7094	6.90944	37.8708	200
5300	43.7183	6.88531	37.9373	200
5301	43.7352	6.86059	38.0032	200
5302	49.5002	6.95719	38.1229	200
5303	49.4351	7.04791	38.2408	200
5304	44.105	7.02325	38.3019	200
5305	44.0878	6.99748	38.3621	200
5306	39.1678	6.86848	38.3705	200
5307	43.6388	6.83514	38.4254	200
5308	43.7398	6.80346	38.4808	200
5309	48.7542	6.87575	38.5878	200
5310	44.4096	6.8538	38.6484	200
5311	44.2827	6.82839	38.7071	200
5312	44.2782	6.8022	38.7651	200
5313	44.2265	6.77426	38.822	200
5314	49.2973	6.85137	38.9311	200
5315	43.9764	6.81374	38.9837	200
5316	44.1884	6.78022	39.0379	200
5317	44.2179	6.74688	39.0919	200
5318	44.2638	6.71407	39.1457	200
5319	39.1649	6.57459	39.1459	200
5320	43.8367	6.53534	39.1948	200
5321	43.8649	6.49648	39.2435	200
5322	38.2238	6.38238	39.2328	200
5323	44.2231	6.35338	39.2848	200
5324	44.2784	6.32505	39.3368	200
5325	49.0429	6.39549	39.4379	200
5326	43.769	6.35248	39.483	200
5327	43.786	6.30978	39.5279	200
5328	43.7867	6.26705	39.5722	200
5329	48.9931	6.33275	39.6704	200
5330	43.0002	6.27019	39.705	200
5331	43.9761	6.22854	39.7495	200
5332	43.7914	6.18299	39.7916	200
5333	38.511	6.08085	39.7783	200
5334	43.7134	6.03615	39.8193	200
5335	43.7218	5.9917	39.8599	200
5336	43.7927	5.94881	39.9009	200
5337	49.307	6.02083	39.9989	200
5338	49.4358	6.092	40.0972	200
5339	49.4444	6.16598	40.2034	200
5340	49.3165	6.23296	40.307	200
5341	49.3191	6.30244	40.4196	200
5342	54.6322	6.5002	40.5973	200
5343	54.5485	6.70717	40.791	200
5344	50.1314	6.78031	40.9208	200
5345	50.1356	6.85639	41.0647	200
5346	50.1525	6.92612	41.2067	200
5347	48.5908	6.94247	41.3386	200
5348	48.9469	6.96625	41.4745	200
5349	49.5438	7.01221	41.6426	200
5350	49.5936	7.05133	41.8082	200
5351	49.5052	7.07823	41.9686	200
5352	49.6926	7.10514	42.1295	200
5353	49.7593	7.127	42.2884	200
5354	49.7633	7.14149	42.4442	200
5355	55.2744	7.34466	42.6733	200
5356	54.9133	7.5195	42.8918	200
5357	54.9864	7.68289	43.1078	200
5358	54.9958	7.83307	43.3201	200
5359	55.2113	7.978	43.5324	200
5360	55.2455	8.1114	43.7416	200
5361	55.2199	8.23164	43.9466	200
5362	39.4767	8.09729	43.8668	200
5363	43.5855	7.77162	43.8609	200
5364	49.183	7.66956	43.9718	200
5365	49.0249	7.53874	44.0981	200
5366	49.0314	7.40847	44.2214	200
5367	43.9258	6.96391	44.2122	200
5368	43.9608	6.54438	44.2043	200
5369	43.6612	6.1693	44.1874	200
5370	38.8065	6.12003	44.0192	200
5371	43.6221	5.76235	44.0068	200
5372	43.6511	5.42443	43.9957	200
5373	38.4284	5.43336	43.8217	200
5374	43.4099	5.11951	43.8088	200
5375	43.3833	4.82613	43.7955	200
5376	33.323	5.17903	43.4683	200
5377	38.4001	5.1721	43.3099	200
5378	38.0039	5.18047	43.1441	200
5379	39.7716	5.06747	43.0387	200
5380	39.7893	4.95384	42.9371	200
5381	44.0217	4.71201	42.971	200
5382	39.0658	4.66159	42.849	200
5383	39.0637	4.60682	42.7307	200
5384	39.0782	4.54718	42.6166	200
5385	38.2913	4.53608	42.5084	200
5386	28.0289	5.03325	42.1464	200
5387	27.9986	5.48898	41.7927	200
5388	26.1129	5.99852	41.4008	200
5389	26.131	6.46209	41.019	200
5390	21.6136	7.10925	40.5339	200
5391	21.5939	7.70079	40.0604	200
5392	21.5883	8.23935	39.5986	200
5393	21.5882	8.7279	39.1483	200
5394	32.3407	8.63189	38.9781	200
5395	26.4417	8.82711	38.6647	200
5396	26.4556	8.99621	38.3595	200
5397	31.8389	8.87243	38.1965	200
5398	27.0522	8.98602	37.9179	200
5399	30.6574	8.89974	37.7363	200
5400	30.6466	8.80925	37.5591	200
5401	30.9038	8.70155	37.3927	200
5402	30.9774	8.58724	37.2323	200
5403	36.0017	8.21941	37.2016	200
5404	30.934	8.12181	37.0449	200
5405	31.5974	7.9881	36.9087	200
5406	32.3912	7.84349	36.8146	200
5407	32.3928	7.70092	36.7225	200
5408	32.2379	7.5669	36.629	200
5409	32.2777	7.43292	36.5384	200
5410	33.6737	7.24257	36.4787	200
5411	34.1808	7.03655	36.4308	200
5412	34.1027	6.84036	36.3823	200
5413	34.0629	6.65199	36.334	200
5414	29.017	6.6797	36.1816	200
5415	28.3962	6.72577	36.0194	200
5416	36.9558	6.48454	36.0389	200
5417	37.0163	6.25508	36.0592	200
5418	32.4381	6.14533	35.9838	200
5419	32.4614	6.03604	35.9104	200
5420	34.7481	5.83297	35.8862	200
5421	34.7358	5.63786	35.8622	200
5422	33.2638	5.51122	35.8081	200
5423	32.782	5.40767	35.745	200
5424	34.8298	5.22049	35.726	200
5425	39.6808	5.16775	35.8084	200
5426	39.7098	5.11498	35.8896	200
5427	34.8521	4.94509	35.868	200
5428	31.2661	4.93079	35.7722	200
5429	31.6661	4.89643	35.6866	200
5430	31.7733	4.85546	35.6051	200
5431	42.07	4.91294	35.7205	200
5432	42.0898	4.96495	35.8343	200
5433	39.6686	4.92457	35.9027	200
5434	39.6923	4.88404	35.9704	200
5435	36.2124	4.71825	35.9747	200
5436	41.4966	4.74695	36.0733	200
5437	39.2794	4.69192	36.1306	200
5438	36.6603	4.54327	36.14	200
5439	36.7224	4.40181	36.1504	200
5440	36.7963	4.26767	36.162	200
5441	36.4539	4.12568	36.1672	200
5442	36.0403	3.98286	36.1649	200
5443	35.9898	3.84687	36.1618	200
5444	44.2467	3.99823	36.3062	200
5445	32.5836	3.98839	36.2397	200
5446	32.6331	3.97475	36.1753	200
5447	36.4445	3.84241	36.1801	200
5448	36.4394	3.71444	36.1847	200
5449	42.4002	3.80376	36.2957	200
5450	40.8907	3.83202	36.3778	200
5451	40.9089	3.85698	36.4587	200
5452	43.7942	3.98122	36.5897	200
5453	43.7602	4.09512	36.7177	200
5454	49.402	4.40187	36.9442	200
5455	44.3095	4.50771	37.0757	200
5456	44.4365	4.60961	37.2072	200
5457	44.546	4.70708	37.3382	200
5458	36.5204	4.56818	37.3236	200
5459	40.285	4.51079	37.3765	200
5460	42.4098	4.52712	37.4552	200
5461	42.3907	4.53988	37.5323	200
5462	48.7863	4.7497	37.7081	200
5463	48.8152	4.94836	37.8817	200
5464	51.3215	5.21372	38.0917	200
5465	47.5403	5.34606	38.2393	200
5466	47.5257	5.4692	38.3844	200
5467	47.8122	5.59291	38.5317	200
5468	49.0744	5.74758	38.6964	200
5469	43.422	5.71565	38.7703	200
5470	48.2219	5.8324	38.9179	200
5471	48.123	5.93779	39.0618	200
5472	47.9796	6.03092	39.2011	200
5473	47.7393	6.10927	39.3345	200
5474	43.9867	6.06373	39.4072	200
5475	44.2269	6.02486	39.4825	200
5476	48.4404	6.11651	39.6225	200
5477	48.4551	6.20139	39.7605	200
5478	38.6757	6.0415	39.7435	200
5479	40.5206	5.87698	39.7557	200
5480	39.5225	5.70061	39.752	200
5481	42.1109	5.59618	39.7889	200
5482	44.1731	5.55831	39.8574	200
5483	39.3867	5.39932	39.85	200
5484	38.1964	5.28227	39.8242	200
5485	43.7482	5.23982	39.8855	200
5486	43.9402	5.20279	39.9489	200
5487	43.959	5.16552	40.0115	200
5488	44.2133	5.1354	40.0772	200
5489	49.1332	5.25791	40.2187	200
5490	49.1551	5.37287	40.3583	200
5491	48.9118	5.47226	40.492	200
5492	48.9603	5.56589	40.6243	200
5493	47.4175	5.59998	40.7186	200
5494	47.4294	5.63084	40.8118	200
5495	47.8589	5.67017	40.9097	200
5496	48.3485	5.7193	41.013	200
5497	40.7733	5.56709	41.0097	200
5498	38.2698	5.48856	40.9716	200
5499	36.2655	5.46682	40.9063	200
5500	46.4385	5.46864	40.9831	200
5501	46.5304	5.47082	41.0602	200
5502	41.2199	5.32329	41.0624	200
5503	40.4686	5.19192	41.0541	200
5504	40.4903	5.06336	41.0463	200
5505	40.2178	4.94572	41.0348	200
5506	35.3113	4.96732	40.9553	200
5507	35.6038	4.978	40.881	200
5508	41.5077	4.85713	40.8897	200
5509	41.4999	4.73916	40.8981	200
5510	41.5173	4.62471	40.9067	200
5511	46.8183	4.66046	40.9888	200
5512	47.0673	4.69984	41.0733	200
5513	51.4996	4.85891	41.2181	200
5514	49.2542	4.94717	41.3297	200
5515	49.2499	5.02975	41.4397	200
5516	49.2684	5.1075	41.5484	200
5517	54.9879	5.33894	41.7351	200
5518	49.2681	5.39989	41.8397	200
5519	49.175	5.45365	41.9416	200
5520	48.601	5.48714	42.0341	200
5521	44.1847	5.39446	42.064	200
5522	49.4319	5.44928	42.1663	200
5523	49.6772	5.50654	42.2706	200
5524	54.7138	5.69923	42.4434	200
5525	54.4769	5.87518	42.6106	200
5526	48.5797	5.87779	42.6935	200
5527	48.5658	5.87764	42.775	200
5528	48.5632	5.87515	42.8554	200
5529	48.6018	5.87157	42.9352	200
5530	49.4433	5.88749	43.0166	200
5531	49.2437	5.89598	43.0944	200
5532	49.704	5.91382	43.177	200
5533	49.6884	5.92876	43.2584	200
5534	55.1929	6.0789	43.4076	200
5535	55.1084	6.21945	43.5539	200
5536	49.4438	6.21121	43.6275	200
5537	44.5917	6.08003	43.6395	200
5538	44.6192	5.95252	43.6518	200
5539	48.85	5.93367	43.7168	200
5540	48.8833	5.91449	43.7813	200
5541	43.6072	5.77098	43.7792	200
5542	43.367	5.63701	43.774	200
5543	38.6056	5.62529	43.7094	200
5544	43.7621	5.48598	43.7101	200
5545	43.7929	5.3509	43.7111	200
5546	43.8733	5.22118	43.7131	200
5547	43.9705	5.09708	43.7163	200
5548	43.9591	4.97572	43.7194	200
5549	44.0132	4.85867	43.723	200
5550	44.4976	4.75657	43.7327	200
5551	44.5868	4.65901	43.7434	200
5552	38.4887	4.6739	43.6777	200
5553	38.5314	4.68571	43.6134	200
5554	49.839	4.72421	43.6912	200
5555	49.9366	4.76224	43.7693	200
5556	54.2036	4.90404	43.8997	200
5557	53.8981	5.0314	44.0247	200
5558	53.8433	5.15108	44.1474	200
5559	49.6323	5.15942	44.216	200
5560	49.7198	5.16803	44.2848	200
5561	49.7643	5.17582	44.3533	200
5562	54.848	5.30879	44.4845	200
5563	54.5213	5.42699	44.6099	200
5564	49.5734	5.41541	44.672	200
5565	49.5948	5.40309	44.7335	200
5566	55.0815	5.52672	44.8628	200
5567	55.0518	5.64327	44.9902	200
5568	55.2398	5.75843	45.1183	200
5569	55.2762	5.86841	45.2453	200
5570	55.3183	5.97353	45.3712	200
5571	49.081	5.92208	45.4134	200
5572	53.9895	5.9824	45.5108	200
5573	49.1117	5.92827	45.5517	200
5574	60.0487	6.12301	45.7165	200
5575	43.2418	6.0401	45.6884	200
5576	43.086	5.96196	45.6588	200
5577	38.7286	5.98397	45.58	200
5578	38.712	6.00406	45.502	200
5579	49.5734	5.96014	45.5482	200
5580	49.6059	5.9169	45.5944	200
5581	55.1671	5.99998	45.7031	200
5582	55.1565	6.07847	45.8106	200
5583	50.0606	6.03691	45.8589	200
5584	50.0442	5.99483	45.9064	200
5585	49.9139	5.94967	45.952	200
5586	50.0362	5.90727	45.9984	200
5587	54.9212	5.9758	46.0998	200
5588	54.896	6.0399	46.1997	200
5589	54.8	6.09809	46.2974	200
5590	54.7489	6.15158	46.3935	200
5591	59.671	6.31353	46.5444	200
5592	59.7765	6.47077	46.6947	200
5593	54.4827	6.5007	46.7832	200
5594	55.0098	6.53993	46.8767	200
5595	55.2884	6.58247	46.9723	200
5596	54.5377	6.60481	47.0583	200
5597	54.5504	6.62497	47.1434	200
5598	54.5524	6.64279	47.2276	200
5599	54.5533	6.65831	47.3108	200
5600	54.5544	6.67161	47.3932	200
5601	55.1775	6.6969	47.4816	200
5602	55.1475	6.71892	47.5687	200
5603	49.4732	6.6095	47.5904	200
5604	49.4547	6.50166	47.6116	200
5605	49.4532	6.39575	47.6325	200
5606	49.451	6.29172	47.6531	200
5607	54.4451	6.30309	47.7303	200
5608	54.4033	6.31149	47.8062	200
5609	54.8428	6.32798	47.8861	200
5610	59.6477	6.45146	48.0198	200
5611	59.5448	6.56677	48.1507	200
5612	59.5303	6.67615	48.28	200
5613	54.5817	6.66764	48.3517	200
5614	54.5848	6.65777	48.4225	200
5615	60.0096	6.76979	48.5542	200
5616	60.0197	6.86762	48.6736	200
5617	54.6114	6.84825	48.7354	200
5618	54.381	6.8232	48.7943	200
5619	44.1553	6.77769	48.7459	200
5620	44.2108	6.73097	48.6987	200
5621	49.5373	6.60821	48.7074	200
5622	49.5634	6.48837	48.7163	200
5623	49.5691	6.37096	48.7252	200
5624	43.8957	6.33885	48.6749	200
5625	43.9947	6.30429	48.6262	200
5626	48.465	6.17631	48.6245	200
5627	48.5046	6.05014	48.6232	200
5628	48.5133	5.92638	48.6221	200
5629	48.5241	5.80495	48.6211	200
5630	43.5563	5.78953	48.5683	200
5631	43.4966	5.77458	48.5155	200
5632	32.602	5.9858	48.3497	200
5633	32.9292	6.18236	48.1891	200
5634	32.9594	6.37084	48.0304	200
5635	32.9628	6.55203	47.8735	200
5636	32.9633	6.72615	47.7182	200
5637	38.2984	6.78227	47.62	200
5638	32.9216	6.94719	47.4669	200
5639	38.5253	6.98874	47.3738	200
5640	38.3965	7.03017	47.2803	200
5641	38.326	7.07025	47.187	200
5642	38.267	7.10879	47.0941	200
5643	44.0978	7.02311	47.0629	200
5644	44.0628	6.93929	47.0316	200
5645	38.7314	6.96765	46.9452	200
5646	38.7647	6.99291	46.8599	200
5647	38.8412	7.01429	46.7764	200
5648	33.0098	7.15496	46.633	200
5649	32.9835	7.29026	46.4908	200
5650	33.7616	7.40357	46.3582	200
5651	33.7783	7.51141	46.2272	200
5652	33.8629	7.61251	46.0984	200
5653	44.4951	7.48732	46.0817	200
5654	44.3316	7.3678	46.0635	200
5655	44.3096	7.25084	46.0452	200
5656	44.3004	7.13613	46.027	200
5657	44.4068	7.02122	46.0101	200
5658	44.5254	6.90587	45.9947	200
5659	44.5757	6.79156	45.9799	200
5660	44.8226	6.67418	45.9678	200
5661	44.2995	6.56989	45.9505	200
5662	44.303	6.46734	45.9333	200
5663	38.9032	6.47907	45.8601	200
5664	39.0095	6.48681	45.7887	200
5665	38.8682	6.49514	45.7222	200
5666	38.9461	6.50055	45.657	200
5667	44.2983	6.40167	45.6439	200
5668	38.4116	6.41764	45.5744	200
5669	38.5364	6.42957	45.5067	200
5670	38.6244	6.43827	45.4406	200
5671	43.4352	6.35303	45.4213	200
5672	43.3781	6.27014	45.4016	200
5673	43.3131	6.18973	45.3815	200
5674	43.3079	6.11057	45.3616	200
5675	38.1134	6.13245	45.2919	200
5676	38.4138	6.14679	45.2258	200
5677	43.4823	6.06211	45.209	200
5678	42.9187	5.98957	45.187	200
5679	42.9807	5.91681	45.1658	200
5680	47.6811	5.8514	45.19	200
5681	47.7053	5.78725	45.2141	200
5682	42.5151	5.72786	45.1882	200
5683	42.4642	5.67009	45.162	200
5684	46.0398	5.57793	45.1704	200
5685	45.829	5.48333	45.1768	200
5686	40.9157	5.45982	45.1358	200
5687	43.7118	5.38221	45.1221	200
5688	43.4891	5.31011	45.1064	200
5689	49.0047	5.28296	45.1439	200
5690	49.0379	5.25625	45.1813	200
5691	48.7759	5.22429	45.2159	200
5692	48.7529	5.19184	45.2499	200
5693	49.2383	5.1687	45.2882	200
5694	53.3745	5.2248	45.366	200
5695	53.2832	5.27658	45.4421	200
5696	53.216	5.32461	45.5169	200
5697	51.1216	5.32999	45.5708	200
5698	51.1435	5.33466	45.6243	200
5699	51.1448	5.33823	45.6774	200
5700	51.0998	5.33985	45.7296	200
5701	51.0166	5.33883	45.7804	200
5702	50.6959	5.33069	45.8277	200
5703	50.6378	5.32068	45.8739	200
5704	46.8784	5.23767	45.8836	200
5705	46.8646	5.15581	45.893	200
5706	42.1578	5.12849	45.8571	200
5707	47.9668	5.07044	45.8774	200
5708	47.9413	5.01262	45.8972	200
5709	47.8651	4.95407	45.9161	200
5710	44.6504	4.88314	45.904	200
5711	48.9205	4.84724	45.933	200
5712	48.9558	4.81216	45.962	200
5713	46.5004	4.72997	45.9672	200
5714	46.5233	4.6497	45.9726	200
5715	50.6703	4.65062	46.0177	200
5716	50.7282	4.65177	46.063	200
5717	54.7951	4.73024	46.147	200
5718	50.1265	4.71684	46.1825	200
5719	50.0803	4.70221	46.2173	200
5720	44.2364	4.65362	46.1996	200
5721	45.5772	4.58163	46.1941	200
5722	45.5829	4.51073	46.1886	200
5723	45.9505	4.43443	46.1865	200
5724	43.1937	4.40869	46.1598	200
5725	47.6593	4.35673	46.1732	200
5726	47.6858	4.30595	46.1867	200
5727	47.6898	4.2559	46.2001	200
5728	47.6908	4.20652	46.2134	200
5729	47.768	4.15916	46.2273	200
5730	42.6756	4.14832	46.1956	200
5731	42.1197	4.14702	46.1592	200
5732	42.2497	4.14278	46.1243	200
5733	42.401	4.13529	46.091	200
5734	41.1354	4.14994	46.0468	200
5735	41.232	4.16181	46.0038	200
5736	41.3207	4.17112	45.962	200
5737	46.4271	4.10494	45.9661	200
5738	42.2977	4.09714	45.9334	200
5739	42.3506	4.08796	45.9014	200
5740	42.0076	4.08449	45.8666	200
5741	46.6362	4.02529	45.8735	200
5742	37.1918	4.10844	45.796	200
5743	42.3637	4.09637	45.7653	200
5744	38.7298	4.14885	45.7025	200
5745	49.4881	4.14237	45.7363	200
5746	49.4367	4.13447	45.7693	200
5747	49.4371	4.12614	45.8021	200
5748	49.4293	4.11723	45.8345	200
5749	43.908	4.07811	45.8173	200
5750	48.8383	4.05923	45.8442	200
5751	48.5217	4.03456	45.8681	200
5752	48.5161	4.0098	45.8918	200
5753	44.0994	3.9702	45.8758	200
5754	44.12	3.93066	45.8601	200
5755	49.252	3.92103	45.8904	200
5756	54.6779	4.00794	45.9689	200
5757	54.6754	4.09184	46.0466	200
5758	54.6254	4.17196	46.1232	200
5759	54.2948	4.24338	46.1961	200
5760	54.1757	4.3101	46.2674	200
5761	54.0243	4.37165	46.3366	200
5762	49.4156	4.34857	46.3641	200
5763	49.5541	4.32788	46.3926	200
5764	49.5339	4.30669	46.4207	200
5765	48.8031	4.27233	46.4419	200
5766	48.8183	4.23847	46.4632	200
5767	48.7157	4.20301	46.4833	200
5768	54.319	4.26788	46.5532	200
5769	49.8682	4.25086	46.5828	200
5770	54.999	4.32524	46.658	200
5771	54.7926	4.39326	46.7306	200
5772	54.6288	4.45585	46.8011	200
5773	44.0354	4.42567	46.7764	200
5774	43.9393	4.3973	46.7511	200
5775	48.7132	4.35671	46.7674	200
5776	48.7948	4.31789	46.7843	200
5777	48.7989	4.2795	46.8011	200
5778	48.7994	4.24148	46.8178	200
5779	49.6077	4.21729	46.841	200
5780	54.9844	4.28272	46.9089	200
5781	55.0099	4.34636	46.9764	200
5782	54.9125	4.40619	47.0425	200
5783	54.8947	4.46362	47.108	200
5784	55.4144	4.52767	47.1772	200
5785	49.9703	4.49876	47.2005	200
5786	49.9515	4.46963	47.2234	200
5787	50.033	4.44196	47.2468	200
5788	49.2297	4.40097	47.2633	200
5789	49.2467	4.36068	47.2798	200
5790	49.4917	4.32487	47.2983	200
5791	54.5802	4.37415	47.359	200
5792	54.3303	4.41744	47.4171	200
5793	54.5742	4.4631	47.4767	200
5794	49.8775	4.42873	47.4967	200
5795	49.8943	4.39487	47.5167	200
5796	54.6386	4.44032	47.576	200
5797	49.1629	4.39277	47.5893	200
5798	49.294	4.34797	47.6035	200
5799	54.4057	4.38887	47.6601	200
5800	49.4229	4.3451	47.6748	200
5801	49.1735	4.29766	47.6873	200
5802	60.6982	4.44288	47.7957	200
5803	60.7274	4.58436	47.9035	200
5804	60.949	4.72538	48.0122	200
5805	60.3907	4.85293	48.1154	200
5806	60.5846	4.97987	48.2193	200
5807	60.7064	5.10499	48.3233	200
5808	65.6295	5.30834	48.4676	200
5809	59.8507	5.40958	48.5624	200
5810	54.4166	5.41699	48.6112	200
5811	54.4023	5.42323	48.6595	200
5812	54.4441	5.42925	48.7077	200
5813	54.5231	5.43569	48.7561	200
5814	54.0614	5.43351	48.8003	200
5815	54.0843	5.43102	48.8444	200
5816	54.72	5.43843	48.8933	200
5817	59.179	5.51922	48.979	200
5818	54.7548	5.52349	49.0272	200
5819	54.8101	5.52782	49.0754	200
5820	59.8004	5.61444	49.1647	200
5821	54.7393	5.61377	49.2112	200
5822	54.7392	5.61234	49.2573	200
5823	54.6757	5.60911	49.3024	200
5824	54.5231	5.60263	49.3459	200
5825	54.7111	5.59868	49.3906	200
5826	49.9674	5.509	49.3958	200
5827	54.682	5.50502	49.443	200
5828	54.3471	5.49346	49.4901	200
5829	60.2922	5.59555	49.594	200
5830	60.4886	5.70595	49.7075	200
5831	61.9625	5.84239	49.8351	200
5832	53.8122	5.79999	49.8803	200
5833	53.816	5.75762	49.9251	200
5834	53.6699	5.7073	49.9719	200
5835	59.2297	5.79606	50.0876	200
5836	54.8998	5.76874	50.1544	200
5837	54.8247	5.73822	50.2193	200
5838	60.2168	5.87132	50.3755	200
5839	55.4412	5.84615	50.4546	200
5840	60.6053	5.98066	50.6133	200
5841	60.7998	6.1121	50.7724	200
5842	61.0639	6.2427	50.9332	200
5843	65.6455	6.50738	51.1631	200
5844	65.6111	6.75552	51.3888	200
5845	60.4183	6.82658	51.5299	200
5846	60.5063	6.89376	51.6702	200
5847	59.9465	6.93697	51.7995	200
5848	55.3019	6.82963	51.8542	200
5849	60.3619	6.88207	51.9872	200
5850	60.3517	6.9284	52.1179	200
5851	60.6172	6.97749	52.2507	200
5852	60.6685	7.0225	52.3822	200
5853	60.7012	7.06302	52.5122	200
5854	60.6976	7.09809	52.6401	200
5855	27.8164	7.65202	52.2522	200
5856	27.2594	8.19391	51.8617	200
5857	27.1004	8.71165	51.4748	200
5858	26.8481	9.20899	51.09	200
5859	22.2027	9.82394	50.6386	200
5860	33.247	10.0604	50.3669	200
5861	33.2681	10.2559	50.1294	200
5862	38.516	10.2936	49.9681	200
5863	43.619	10.1841	49.8799	200
5864	43.5597	10.0767	49.7921	200
5865	43.5169	9.97114	49.705	200
5866	38.5655	10.0036	49.5503	200
5867	43.7951	9.88559	49.4703	200
5868	38.2848	9.92169	49.315	200
5869	38.5445	9.94527	49.1654	200
5870	38.6145	9.96209	49.0189	200
5871	38.3779	9.98095	48.8711	200
5872	37.2859	10.0255	48.7102	200
5873	32.7401	10.1906	48.4883	200
5874	32.7282	10.3453	48.2695	200
5875	32.7262	10.4897	48.0536	200
5876	32.726	10.6241	47.8407	200
5877	27.6107	10.8909	47.5597	200
5878	27.6576	11.1413	47.2833	200
5879	27.8489	11.3716	47.0134	200
5880	33.1136	11.4418	46.8203	200
5881	27.9902	11.6471	46.5588	200
5882	28.1962	11.8336	46.3038	200
5883	32.6382	11.8845	46.114	200
5884	32.4328	11.9344	45.9239	200
5885	33.0876	11.9595	45.7457	200
5886	33.1963	11.9759	45.5714	200
5887	33.0971	11.9897	45.3981	200
5888	33.0215	12.0004	45.2262	200
5889	32.9785	12.0073	45.0561	200
5890	28.2236	12.1413	44.8223	200
5891	33.3726	12.1221	44.6633	200
5892	38.8808	11.946	44.583	200
5893	38.8932	11.7505	44.4941	200
5894	38.8898	11.5585	44.4065	200
5895	38.0806	11.3716	44.2935	200
5896	38.0866	11.1871	44.1827	200
5897	38.1796	10.9711	44.0576	200
5898	43.226	10.5486	44.0403	200
5899	33.1148	10.5675	43.7672	200
5900	37.8714	10.3339	43.6198	200
5901	37.853	10.1055	43.4756	200
5902	33.4314	10.1025	43.2245	200
5903	39.8939	9.76388	43.1412	200
5904	38.3417	9.51566	43.0213	200
5905	38.7538	9.25325	42.9146	200
5906	38.6167	9.00548	42.8071	200
5907	38.7379	8.75867	42.7054	200
5908	38.8014	8.51594	42.6078	200
5909	38.8466	8.2782	42.5138	200
5910	23.6922	8.80536	42.0432	200
5911	23.5627	9.28912	41.5812	200
5912	27.6502	9.52121	41.2329	200
5913	33.4218	9.43571	41.0376	200
5914	33.8065	9.32548	40.8569	200
5915	29.6391	9.40433	40.6232	200
5916	29.6264	9.47068	40.3941	200
5917	30.2363	9.4993	40.1824	200
5918	32.4399	9.42611	40.0211	200
5919	32.4674	9.34809	39.8638	200
5920	32.415	9.26895	39.7086	200
5921	26.5492	9.43105	39.4344	200
5922	27.1851	9.54848	39.1792	200
5923	34.2738	9.35502	39.077	200
5924	26.2271	9.50064	38.8093	200
5925	31.0684	9.42732	38.6481	200
5926	31.1071	9.34872	38.491	200
5927	30.9041	9.27531	38.3329	200
5928	30.3653	9.22082	38.1669	200
5929	29.9347	9.17963	37.9954	200
5930	27.6556	9.22797	37.78	200
5931	27.6066	9.26736	37.568	200
5932	27.5606	9.2982	37.3596	200
5933	32.684	9.10559	37.2621	200
5934	37.2509	8.72665	37.2619	200
5935	26.1397	8.82647	37.0302	200
5936	21.9614	9.08656	36.7163	200
5937	20.4603	9.38529	36.3776	200
5938	20.5156	9.65515	36.0471	200
5939	20.563	9.89802	35.7246	200
5940	20.5905	10.085	35.4543	200
5941	20.6121	10.2549	35.1893	200
5942	24.1425	10.2832	34.992	200
5943	24.1438	10.3034	34.7983	200
5944	24.1479	10.3158	34.6081	200
5945	24.1489	10.3209	34.4213	200
5946	15.2655	10.6364	34.0793	200
5947	10.0599	11.1144	33.6503	200
5948	9.98988	11.5625	33.2278	200
5949	12.4063	11.8931	32.856	200
5950	18.0489	11.9972	32.5916	200
5951	18.1876	12.0832	32.3344	200
5952	18.2254	12.1555	32.0824	200
5953	19.7746	12.161	31.8627	200
5954	19.7775	12.1583	31.6468	200
5955	19.7553	12.1487	31.4345	200
5956	20.5192	12.1047	31.2396	200
5957	20.5318	12.0548	31.0484	200
5958	20.5586	11.9989	30.8611	200
5959	20.5868	11.9373	30.6776	200
5960	18.6412	11.9408	30.4626	200
5961	18.6212	11.9373	30.2512	200
5962	22.1178	11.8014	30.106	200
5963	20.9542	11.7068	29.9425	200
5964	12.4476	11.9135	29.6301	200
5965	17.545	11.9196	29.4143	200
5966	24.1269	11.6828	29.3199	200
5967	22.652	11.5037	29.2008	200
5968	24.8849	11.247	29.1238	200
5969	24.9733	11.0252	29.0589	200
5970	28.0581	10.7119	29.0433	200
5971	24.3099	10.5251	28.9693	200
5972	24.3294	10.3412	28.8968	200
5973	25.4677	10.1252	28.8432	200
5974	26.3319	9.88726	28.804	200
5975	26.7201	9.6434	28.7714	200
5976	26.9657	9.39847	28.7432	200
5977	23.3838	9.27225	28.6595	200
5978	24.0113	9.12775	28.5868	200
5979	23.1891	9.01119	28.5025	200
5980	19.1621	9.02148	28.3566	200
5981	13.1121	9.21594	28.1184	200
5982	13.777	9.37611	27.8943	200
5983	12.2429	9.57221	27.6497	200
5984	12.3012	9.75272	27.4099	200
5985	13.5006	9.88261	27.1926	200
5986	12.785	10.024	26.9674	200
5987	15.7192	10.0623	26.7917	200
5988	16.3552	10.074	26.6286	200
5989	15.2457	10.1149	26.4508	200
5990	16.2289	10.1182	26.291	200
5991	16.5557	10.1063	26.1389	200
5992	16.3132	10.0975	25.9854	200
5993	19.852	9.97361	25.8896	200
5994	20.4566	9.83171	25.8047	200
5995	20.4289	9.69247	25.7207	200
5996	19.1777	9.59404	25.6184	200
5997	21.8753	9.4112	25.56	200
5998	21.8754	9.23225	25.5024	200
5999	23.3626	9.0106	25.4689	200
6000	24.1526	8.77016	25.4484	200
6001	26.0039	8.51345	25.4571	200
6002	24.7682	8.2961	25.4475	200
6003	24.5184	8.09146	25.4346	200
6004	22.0267	7.96136	25.3873	200
6005	21.3536	7.85226	25.3312	200
6006	22.751	7.70582	25.2954	200
6007	20.9324	7.61296	25.2348	200
6008	20.2055	7.54119	25.1649	200
6009	25.9693	7.35406	25.1761	200
6010	25.6896	7.16404	25.1832	200
6011	23.7501	7.00485	25.1633	200
6012	23.8182	6.84763	25.1447	200
6013	24.6611	6.67085	25.1379	200
6014	23.5302	6.53021	25.1156	200
6015	22.845	6.41189	25.0841	200
6016	20.6672	6.35647	25.0227	200
6017	23.1316	6.23243	24.9965	200
6018	22.5827	6.12636	24.9629	200
6019	23.2578	6.00354	24.9393	200
6020	23.2543	5.88358	24.9159	200
6021	24.1664	5.74097	24.9054	200
6022	23.43	5.62248	24.8849	200
6023	26.7211	5.51731	24.9105	200
6024	28.0912	5.4524	24.9546	200
6025	29.6266	5.43072	25.0195	200
6026	30.7957	5.44032	25.0997	200
6027	28.0048	5.36989	25.1401	200
6028	28.3524	5.30996	25.1847	200
6029	29.2505	5.2754	25.2412	200
6030	32.7579	5.33766	25.3456	200
6031	32.5978	5.39084	25.4463	200
6032	31.0975	5.39807	25.5248	200
6033	31.1507	5.4044	25.6029	200
6034	32.4125	5.44343	25.6975	200
6035	29.7178	5.4039	25.7533	200
6036	29.7445	5.36466	25.8088	200
6037	29.124	5.30773	25.8548	200
6038	30.5899	5.29182	25.9206	200
6039	32.1166	5.31443	25.998	200
6040	29.6529	5.27294	26.0437	200
6041	30.4247	5.25064	26.0985	200
6042	30.5049	5.22953	26.1536	200
6043	30.5889	5.20968	26.209	200
6044	28.9412	5.14774	26.2431	200
6045	30.6076	5.12816	26.2977	200
6046	30.1313	5.09579	26.3456	200
6047	27.4535	4.99609	26.3595	200
6048	26.1104	4.87742	26.3564	200
6049	26.8203	4.76708	26.3622	200
6050	26.1467	4.65329	26.3595	200
6051	25.6051	4.55581	26.35	200
6052	28.1834	4.48775	26.3729	200
6053	27.5876	4.40592	26.3881	200
6054	30.6723	4.40288	26.4417	200
6055	32.196	4.43667	26.5136	200
6056	33.4296	4.49865	26.6001	200
6057	32.5878	4.53587	26.6749	200
6058	33.3433	4.58919	26.7583	200
6059	33.3706	4.63977	26.8409	200
6060	35.7642	4.74685	26.9525	200
6061	36.2747	4.86124	27.069	200
6062	37.222	4.99353	27.1959	200
6063	35.7179	5.08174	27.3024	200
6064	35.7717	5.16643	27.4083	200
6065	34.856	5.22346	27.5014	200
6066	32.3652	5.21447	27.5622	200
6067	32.7991	5.21503	27.6276	200
6068	32.9791	5.21844	27.6945	200
6069	30.4262	5.15627	27.7287	200
6070	30.4397	5.09514	27.7626	200
6071	30.3106	5.03146	27.7944	200
6072	29.9729	4.96014	27.8216	200
6073	36.4738	5.05244	27.9298	200
6074	32.8078	5.04808	27.9908	200
6075	30.0542	4.97346	28.0166	200
6076	30.4639	4.9103	28.0472	200
6077	29.9097	4.83411	28.0704	200
6078	30.414	4.77185	28.0997	200
6079	31.0371	4.72598	28.1364	200
6080	29.5039	4.64965	28.152	200
6081	26.5045	4.58142	28.1333	200
6082	29.0609	4.49838	28.1438	200
6083	28.1557	4.38622	28.144	200
6084	27.4272	4.29448	28.135	200
6085	30.3355	4.23631	28.1656	200
6086	29.0877	4.14425	28.1784	200
6087	30.2137	4.07835	28.2102	200
6088	30.3628	4.01817	28.2438	200
6089	31.5912	3.99422	28.3036	200
6090	33.8004	4.04788	28.4017	200
6091	34.9894	4.1537	28.539	200
6092	35.6703	4.27777	28.6875	200
6093	36.1281	4.43591	28.8736	200
6094	29.0558	4.22322	28.8781	200
6095	32.6628	4.19581	28.9964	200
6096	32.7667	4.16922	29.1142	200
6097	31.2209	3.99734	29.202	200
6098	33.3662	4.01124	29.3755	200
6099	32.1286	3.85398	29.5476	200
6100	31.5962	3.62831	29.6756	200
6101	36.5544	4.44093	30.5354	200
6102	36.5514	4.83469	31.2874	200
6103	36.5434	4.94	31.9444	200
