segment	rtt	rttvar	srtt	rto
0	306.913	153.457	306.913	1534.57
1	307.142	145.795	306.919	1473.28
2	307.439	139.742	306.93	1424.87
16	5.04532	153.254	294.351	1520.38
17	6.55656	164.466	282.36	1598.08
18	6.16057	171.449	273.729	1645.32
19	9.48004	177.249	265.471	1683.46
22	5.77864	182.402	257.355	1716.57
23	7.241	186.634	249.539	1742.61
24	8.68505	190.022	242.013	1762.19
27	7.53988	192.801	234.685	1777.09
28	10.1384	194.785	227.668	1785.95
29	10.2289	196.201	220.873	1790.48
30	5.31204	197.411	214.137	1793.42
31	5.54559	198.109	207.618	1792.49
32	10.6699	198.037	201.464	1785.76
33	11.6613	197.522	195.533	1775.71
34	8.18088	196.887	189.678	1764.77
35	7.32359	195.978	183.979	1751.81
36	3.94147	194.982	178.353	1738.21
37	3.51563	193.975	173.982	1725.78
38	2.57072	192.847	169.697	1712.47
40	2.96194	191.541	165.528	1697.86
42	2.5709	190.112	161.454	1682.35
41	3.27506	188.515	157.5	1665.62
43	0.989309	186.915	153.587	1648.91
44	1.1169	185.193	149.775	1631.32
45	1.36158	183.354	146.065	1612.9
46	2.24445	181.377	142.47	1593.49
39	11.5711	178.853	139.197	1570.02
47	5.94084	176.573	135.866	1548.45
50	1.78931	174.449	132.514	1528.1
51	1.85152	172.259	129.247	1507.32
48	6.60015	169.779	126.181	1484.41
49	5.11877	167.343	123.155	1461.9
52	2.6656	165	120.142	1440.14
53	2.74964	162.62	117.207	1418.17
56	4.20266	160.139	114.382	1395.49
57	4.30123	157.636	111.63	1372.72
54	8.48183	154.912	109.052	1348.35
58	3.84853	152.426	106.422	1325.83
55	9.9256	150.096	104.411	1305.18
59	6.77451	147.91	102.377	1285.66
60	8.99989	145.638	100.432	1265.53
61	9.5932	143.355	98.5393	1245.38
62	10.0404	141.069	96.6956	1225.25
63	10.2282	138.794	94.8942	1205.24
64	9.23636	136.58	93.1096	1185.75
65	7.61655	134.451	91.3285	1166.94
66	5.06757	132.443	89.5314	1149.08
67	4.78705	130.456	87.7659	1131.41
68	4.49459	128.49	86.0311	1113.95
69	4.35573	126.539	84.3295	1096.64
70	5.32241	124.559	82.6835	1079.15
71	5.49614	122.585	81.0755	1061.75
73	5.60066	120.622	79.5031	1044.48
74	5.35848	118.685	77.9584	1027.44
72	10.6693	116.544	76.5565	1008.91
78	6.82405	114.593	75.1038	991.851
79	6.96268	112.658	73.6842	974.948
76	9.74014	110.628	72.352	957.377
77	10.2813	108.605	71.0589	939.898
80	5.42404	106.815	69.6915	924.208
82	5.05099	105.057	68.3448	908.803
81	7.05853	103.233	67.068	892.936
83	4.97256	101.519	65.7743	877.929
84	6.08938	100.025	64.7085	864.911
85	6.76667	98.5223	63.6739	851.852
86	9.21353	96.9487	62.7013	838.291
90	9.43256	95.3887	61.7501	824.86
91	9.84001	93.8359	60.8232	811.51
94	2.25173	92.5764	59.7772	800.389
92	6.71493	91.1652	58.8297	788.151
95	1.38507	89.9609	57.8039	777.491
96	1.36148	88.7638	56.796	766.907
93	5.92365	87.4105	55.8876	755.172
97	2.18421	86.2067	54.9286	744.582
98	2.16942	85.0122	53.9864	734.084
99	2.32614	83.821	53.0639	723.632
100	2.32378	82.6396	52.1579	713.274
104	1.83501	81.4854	51.2592	703.142
105	0.647168	80.3828	50.3555	693.418
106	0.683406	79.286	49.4685	683.756
101	5.82178	78.0131	48.689	672.794
107	0.773481	76.9382	47.8334	663.339
102	5.83116	75.6905	47.0834	652.607
108	0.718673	74.6432	46.2554	643.401
109	0.584406	73.6084	45.4399	634.307
110	0.330448	72.5906	44.6343	625.359
111	1.48785	71.539	43.8639	616.176
103	6.13621	70.3315	43.1902	605.842
114	2.04432	69.2891	42.4554	596.769
115	1.99229	68.2596	41.7329	587.81
112	3.94666	67.1713	41.0581	578.429
113	4.147	66.0906	40.399	569.124
116	2.07841	65.2228	39.8002	561.582
117	2.34354	64.3551	39.215	554.056
118	2.12583	63.503	38.6354	546.66
119	2.10827	62.66	38.0647	539.345
120	2.20574	61.8225	37.5044	532.084
121	4.72523	60.9149	36.9922	524.311
122	4.50797	60.0264	36.4847	516.696
123	4.57612	59.1477	35.9861	509.168
124	5.83704	58.2415	35.515	501.447
125	6.0083	57.3436	35.054	493.803
128	3.05934	56.5514	34.5541	486.965
126	3.56449	55.7526	34.0698	480.091
127	3.9336	54.9521	33.599	473.216
130	2.03007	54.2214	33.1057	466.877
129	2.60849	53.48	32.6292	460.469
131	1.23899	52.7897	32.1387	454.456
132	1.3736	52.1014	31.658	448.469
133	0.90086	51.4344	31.1774	442.653
134	0.880475	50.7739	30.704	436.895
135	0.670668	50.1257	30.2348	431.24
136	0.527244	49.4876	29.7706	425.672
137	0.642595	48.8514	29.3155	420.127
138	0.477954	48.226	28.8649	414.673
139	0.855075	47.5942	28.4272	409.181
142	0.954439	46.9654	27.998	403.721
143	0.863091	46.3457	27.574	398.34
144	0.941014	45.7297	27.1578	392.995
140	1.35133	45.1071	26.7546	387.611
141	1.29855	44.493	26.3569	382.301
145	0.850572	43.8997	25.9583	377.156
146	0.636442	43.3191	25.5627	372.116
147	0.727974	42.7415	25.1746	367.106
148	0.656123	42.172	24.7915	362.168
149	0.618587	41.672	24.4558	357.832
150	0.629638	41.1763	24.1249	353.535
151	0.441993	40.6904	23.7959	349.319
152	0.497184	40.2073	23.4723	345.131
153	0.451006	39.7299	23.1526	340.992
154	1.59425	39.2251	22.8532	336.654
155	1.80571	38.7202	22.5608	332.322
156	1.8375	38.2203	22.273	328.035
157	2.11894	37.7184	21.9931	323.741
158	2.13473	37.2223	21.7173	319.496
159	2.20059	36.7305	21.4462	315.29
162	0.842985	36.2825	21.1601	311.42
163	0.829488	35.8394	20.8777	307.593
160	2.62176	35.351	20.6241	303.432
166	0.698249	34.9225	20.3474	299.727
167	0.598971	34.501	20.0731	296.081
168	0.80778	34.0778	19.8055	292.428
169	0.914598	33.6559	19.5432	288.791
170	0.766437	33.2426	19.2824	285.223
171	0.788345	32.8329	19.0255	281.689
161	2.75308	32.3729	18.7995	277.783
172	0.967209	31.969	18.5518	274.304
164	2.67908	31.5219	18.3314	270.507
165	2.88513	31.0754	18.1168	266.72
173	1.43704	30.6755	17.8852	263.289
174	2.44469	30.2523	17.6707	259.689
175	2.44713	29.8348	17.4593	256.138
181	1.38167	29.4527	17.236	252.857
176	2.74337	29.0371	17.0347	249.332
177	2.57583	28.6322	16.8339	245.891
178	2.6221	28.2316	16.6365	242.489
182	1.10897	27.8787	16.4208	239.45
179	2.78077	27.4832	16.2314	236.097
180	2.69218	27.0959	16.0433	232.81
184	1.31275	26.7524	15.8388	229.858
185	1.47821	26.4082	15.6393	226.905
186	1.4219	26.0695	15.4418	223.998
188	0.953818	25.78	15.2607	221.501
189	0.852478	25.4957	15.0806	219.046
183	2.233	25.1795	14.92	216.356
190	0.94644	24.8993	14.7454	213.94
187	1.84796	24.5993	14.5842	211.378
192	1.01279	24.3236	14.4145	209.003
193	1.12837	24.0477	14.2484	206.63
194	1.18344	23.7731	14.0851	204.27
195	1.25038	23.4996	13.9247	201.922
196	1.25463	23.2289	13.7663	200
197	1.19103	22.9625	13.6091	200
199	0.943252	22.7051	13.4508	200
191	2.00817	22.4236	13.3078	200
200	1.40047	22.1607	13.1589	200
198	2.12759	21.8824	13.021	200
206	1.21282	21.6306	12.8734	200
201	1.98681	21.362	12.7373	200
202	2.18742	21.0917	12.6055	200
207	1.69945	20.837	12.4691	200
204	2.04085	20.5768	12.3388	200
205	2.22056	20.3153	12.2123	200
208	1.4935	20.0754	12.0783	200
203	2.55151	19.8117	11.9592	200
209	1.41035	19.5801	11.8274	200
210	1.30271	19.3538	11.6958	200
211	0.990651	19.1375	11.562	200
212	1.05937	18.9217	11.4307	200
213	1.16982	18.7051	11.3025	200
214	1.21781	18.4896	11.1764	200
215	1.44536	18.2707	11.0548	200
216	1.27371	18.0584	10.9325	200
217	1.22299	17.8497	10.8111	200
218	1.19601	17.6438	10.6909	200
219	1.29228	17.4377	10.5734	200
220	1.32328	17.233	10.4578	200
221	1.33942	17.0302	10.3438	200
222	1.0233	16.8374	10.2273	200
223	0.951377	16.6484	10.1114	200
224	0.972998	16.4606	9.99715	200
227	0.786931	16.2794	9.88203	200
228	0.877859	16.0975	9.76947	200
229	0.994525	15.9311	9.66976	200
231	1.21813	15.7611	9.57372	200
233	1.23371	15.5924	9.47894	200
234	1.20312	15.4261	9.3849	200
235	1.31234	15.259	9.29317	200
236	1.37944	15.0921	9.20324	200
225	2.51859	14.901	9.12727	200
226	2.51263	14.7127	9.05211	200
230	2.24256	14.533	8.97472	200
239	1.26072	14.3781	8.88706	200
240	1.22567	14.2254	8.8	200
242	1.1744	14.0754	8.71335	200
232	2.97447	13.8859	8.64813	200
243	1.0608	13.7428	8.56191	200
245	1.06872	13.6008	8.47676	200
246	1.04497	13.4606	8.39231	200
237	2.74765	13.2829	8.32817	200
247	0.8694	13.1506	8.24341	200
248	0.906628	13.0184	8.16003	200
250	0.735293	12.8913	8.07566	200
251	0.924562	12.7608	7.9944	200
252	0.99283	12.6299	7.91483	200
253	0.964087	12.5009	7.83585	200
238	3.49535	12.3154	7.78652	200
254	1.16731	12.1859	7.71131	200
255	1.30818	12.0545	7.63854	200
241	3.35338	11.8779	7.58985	200
256	1.4138	11.7483	7.51966	200
257	1.36187	11.6213	7.44969	200
244	3.49208	11.4471	7.40472	200
258	1.70604	11.3165	7.33996	200
259	1.57785	11.1902	7.27448	200
260	1.73907	11.0617	7.21157	200
261	1.76557	10.9341	7.14969	200
262	1.82061	10.8067	7.08913	200
263	1.79851	10.6813	7.02901	200
264	1.72103	10.5592	6.96869	200
265	1.76385	10.4375	6.90954	200
266	1.80748	10.3163	6.85157	200
267	1.76733	10.1973	6.79379	200
268	1.76267	10.0799	6.73662	200
269	1.80667	9.96288	6.6806	200
270	1.75308	9.84844	6.6246	200
271	1.65763	9.74675	6.57286	200
272	1.65346	9.64618	6.52162	200
273	1.68289	9.54602	6.47121	200
274	1.59851	9.44866	6.42045	200
275	1.6535	9.35112	6.3708	200
276	1.49812	9.25782	6.32004	200
277	1.49186	9.16554	6.26975	200
279	1.30203	9.07808	6.218	200
280	1.30545	8.9913	6.16683	200
281	1.39132	8.90347	6.11708	200
249	5.99246	8.72058	6.11578	200
282	1.40822	8.63697	6.06674	200
283	1.54701	8.5512	6.01966	200
294	1.07988	8.47596	5.96821	200
295	0.945639	8.40401	5.91589	200
296	0.954032	8.3323	5.8642	200
284	2.37501	8.2314	5.82785	200
285	2.43289	8.13064	5.79249	200
286	2.46844	8.0305	5.75786	200
278	3.60628	7.90803	5.73545	200
287	3.18957	7.79631	5.70893	200
288	3.83339	7.67296	5.68939	200
289	4.25755	7.54294	5.67448	200
290	4.39187	7.41251	5.66112	200
291	4.43165	7.2837	5.64831	200
292	4.41272	7.1577	5.63544	200
293	4.32257	7.03593	5.62176	200
302	3.0001	6.94397	5.59445	200
297	4.12427	6.82993	5.57914	200
303	3.10303	6.73922	5.55335	200
298	4.27349	6.62549	5.54001	200
305	2.97068	6.54098	5.51325	200
299	4.52577	6.42528	5.50296	200
300	4.9022	6.30394	5.4967	200
301	5.37265	6.17519	5.49541	200
304	6.44336	6.06629	5.50528	200
310	4.21745	5.96674	5.49187	200
311	4.28042	5.86767	5.47925	200
306	5.89257	5.75404	5.48355	200
312	4.2304	5.66027	5.4705	200
307	5.39864	5.54384	5.46975	200
313	4.26616	5.45342	5.45721	200
308	5.02395	5.34883	5.4527	200
314	4.39745	5.25938	5.44171	200
315	4.48275	5.16979	5.43172	200
309	5.46236	5.06272	5.43204	200
316	4.53416	4.97595	5.42268	200
317	4.72233	4.88688	5.41539	200
318	4.94105	4.80202	5.41083	200
319	4.31744	4.7307	5.40031	200
333	1.19026	4.72069	5.35983	200
320	4.20308	4.65215	5.34871	200
321	3.73493	4.59372	5.33319	200
322	2.53095	4.55927	5.30624	200
323	2.63321	4.52299	5.28054	200
324	2.65905	4.48642	5.25533	200
325	2.67892	4.44969	5.23056	200
334	1.58875	4.43416	5.19554	200
326	2.86597	4.39368	5.17314	200
327	2.88225	4.35324	5.15111	200
328	3.07767	4.3094	5.13118	200
329	3.15158	4.2646	5.11214	200
336	1.98013	4.24282	5.08202	200
330	3.16342	4.19812	5.06358	200
331	3.28983	4.1515	5.04652	200
332	3.4521	4.10232	5.03119	200
337	2.94798	4.06349	5.01116	200
338	2.90134	4.02592	4.99087	200
339	2.95644	3.98762	4.97131	200
340	3.02978	3.94827	4.95264	200
341	3.25072	3.90507	4.93628	200
343	3.18036	3.86374	4.91939	200
344	3.17722	3.82294	4.90264	200
345	3.22405	3.78171	4.8865	200
346	3.46487	3.73632	4.87283	200
347	3.48576	3.69114	4.85949	200
348	3.28436	3.65045	4.84434	200
349	3.29915	3.60996	4.82949	200
350	3.623	3.56374	4.81789	200
351	3.62879	3.51807	4.80645	200
335	6.3589	3.48027	4.82138	200
352	3.69737	3.43496	4.81057	200
353	3.5272	3.39358	4.79823	200
354	3.24639	3.35816	4.78331	200
342	5.59655	3.30922	4.79113	200
360	3.85108	3.26366	4.78209	200
361	3.85026	3.21882	4.77313	200
362	4.17912	3.16834	4.76741	200
363	4.2164	3.11801	4.76212	200
364	4.60948	3.06098	4.76065	200
365	4.90568	3.0049	4.76204	200
355	7.03939	2.99091	4.78394	200
366	5.50757	2.94731	4.7909	200
367	5.737	2.90882	4.79999	200
356	8.29859	2.92016	4.83363	200
368	6.30003	2.89221	4.84773	200
369	6.16649	2.86195	4.86041	200
357	8.70135	2.88077	4.89734	200
370	6.51568	2.85649	4.91291	200
372	6.42788	2.8307	4.92747	200
358	9.04422	2.85543	4.96706	200
373	6.85753	2.83819	4.98393	200
359	10.1642	2.88002	5.03019	200
371	8.53317	2.89114	5.06146	200
374	7.23481	2.87832	5.08087	200
375	7.37966	2.86797	5.10139	200
381	6.78223	2.84678	5.1164	200
384	5.64583	2.80539	5.12113	200
382	6.4156	2.77841	5.13268	200
385	5.77754	2.74031	5.13844	200
383	6.50341	2.71575	5.15063	200
386	6.06884	2.68365	5.15882	200
387	5.81086	2.64737	5.16465	200
388	5.7483	2.61052	5.16986	200
389	5.54834	2.57066	5.17324	200
390	5.75346	2.53512	5.17842	200
392	4.91428	2.49457	5.17606	200
393	4.90757	2.45481	5.17366	200
376	10.9817	2.51469	5.22551	200
377	11.0608	2.57399	5.27761	200
378	10.8623	2.62775	5.32748	200
409	0.453718	2.66786	5.28396	200
410	0.584277	2.70414	5.242	200
379	11.2048	2.76233	5.29524	200
380	11.2272	2.81893	5.3482	200
412	0.758701	2.85055	5.30722	200
413	0.991603	2.87671	5.26869	200
415	0.972621	2.90205	5.23033	200
416	1.67521	2.91371	5.19859	200
399	6.0587	2.87704	5.20627	200
400	6.11454	2.84188	5.21438	200
401	6.27685	2.81011	5.22386	200
402	6.4371	2.78159	5.2347	200
403	6.66441	2.75745	5.24746	200
405	6.61582	2.73265	5.25968	200
406	6.24465	2.70144	5.26847	200
407	6.54222	2.67594	5.27984	200
408	6.6976	2.65347	5.2925	200
418	2.66258	2.65305	5.26902	200
411	6.09559	2.62044	5.2764	200
419	2.97665	2.61471	5.25587	200
420	2.75844	2.61261	5.23357	200
421	2.62142	2.61261	5.21024	200
422	2.62337	2.61215	5.18715	200
423	2.48249	2.6138	5.163	200
414	5.81416	2.57875	5.16881	200
424	2.34958	2.58304	5.14364	200
425	2.49242	2.58426	5.11997	200
426	2.3831	2.58699	5.09553	200
417	5.38689	2.54599	5.09813	200
428	1.9485	2.55677	5.07001	200
429	2.11858	2.56382	5.04366	200
431	1.88017	2.57453	5.01541	200
432	1.91893	2.58385	4.98776	200
433	1.78321	2.59493	4.95915	200
434	1.53757	2.60969	4.9286	200
435	1.5348	2.62369	4.8983	200
436	1.55035	2.63662	4.8684	200
437	1.55991	2.64782	4.84083	200
438	1.38605	2.66127	4.81204	200
439	1.4346	2.67321	4.7839	200
440	1.49199	2.68352	4.75646	200
441	1.40729	2.69461	4.72855	200
442	1.20848	2.70837	4.69922	200
443	1.18722	2.72176	4.66995	200
427	3.8427	2.69019	4.66306	200
444	1.41769	2.69944	4.63601	200
430	3.62619	2.67128	4.6276	200
445	1.67586	2.67595	4.603	200
446	1.74199	2.67904	4.57916	200
447	1.8495	2.67988	4.55641	200
448	1.94482	2.67874	4.53465	200
449	2.00391	2.67627	4.51356	200
450	2.22668	2.66978	4.4945	200
452	1.97604	2.66726	4.47351	200
453	1.89514	2.66578	4.45202	200
454	2.0452	2.66146	4.43196	200
456	2.00358	2.65758	4.41173	200
457	2.05469	2.65257	4.39209	200
459	1.86812	2.65042	4.37105	200
462	1.64502	2.65168	4.34833	200
463	2.47325	2.63874	4.33271	200
464	2.69249	2.6221	4.31904	200
466	2.6354	2.60646	4.30501	200
451	5.01199	2.5748	4.3109	200
467	2.75653	2.55779	4.29795	200
468	3.21385	2.53323	4.28891	200
469	3.35282	2.50661	4.28111	200
455	5.80547	2.49024	4.29381	200
470	3.99504	2.45371	4.29132	200
471	3.94353	2.41861	4.28842	200
458	6.20726	2.41029	4.30441	200
460	6.03896	2.39902	4.31887	200
472	4.30469	2.35927	4.31875	200
461	6.39243	2.35451	4.33603	200
473	3.66689	2.32642	4.33045	200
474	3.42469	2.30275	4.3229	200
475	3.12816	2.28428	4.31295	200
476	2.90032	2.26975	4.30117	200
477	2.88654	2.2555	4.28939	200
465	6.02765	2.24688	4.30387	200
478	2.36898	2.24168	4.28775	200
481	1.80132	2.24576	4.26702	200
482	1.54568	2.25368	4.24435	200
483	1.68021	2.25886	4.22298	200
484	1.71184	2.26306	4.20205	200
485	1.90369	2.26365	4.1829	200
486	2.45973	2.25464	4.16854	200
487	2.48673	2.24509	4.15452	200
488	2.71669	2.23164	4.14254	200
489	3.09239	2.21195	4.13379	200
490	3.29766	2.18901	4.12682	200
503	2.0978	2.18635	4.10991	200
491	5.21416	2.16831	4.11911	200
504	2.02372	2.1671	4.10165	200
492	5.32134	2.1513	4.11181	200
493	5.42897	2.1374	4.12279	200
494	5.4295	2.12356	4.13368	200
495	5.44546	2.11003	4.14461	200
496	5.37719	2.09632	4.15424	200
497	5.24912	2.08067	4.16279	200
498	5.2983	2.0659	4.17166	200
505	1.69918	2.07225	4.15235	200
506	1.7219	2.07785	4.13336	200
499	5.86754	2.07248	4.14691	200
507	1.89457	2.07529	4.12931	200
500	5.44591	2.06343	4.13959	200
508	2.1115	2.06288	4.12375	200
501	7.77958	2.08777	4.15231	200
512	4.91585	2.06708	4.15827	200
513	4.95062	2.04716	4.16446	200
514	4.83371	2.02563	4.16969	200
515	4.62141	2.00103	4.17322	200
502	8.47537	2.03699	4.20683	200
517	4.24914	2.00582	4.20716	200
518	4.12848	1.97571	4.20655	200
519	4.14569	1.94579	4.20607	200
520	4.00705	1.9185	4.20452	200
521	4.00916	1.89157	4.20299	200
509	6.28056	1.89448	4.21922	200
510	6.27808	1.89705	4.2353	200
511	6.35208	1.90048	4.25184	200
522	2.11766	1.90413	4.23517	200
523	1.86763	1.91137	4.21667	200
524	1.99632	1.9162	4.19932	200
529	1.75007	1.92453	4.18019	200
525	2.34263	1.92317	4.16583	200
530	1.83448	1.92954	4.14762	200
531	1.88722	1.93471	4.12996	200
526	2.5719	1.92883	4.11778	200
532	2.22587	1.92825	4.103	200
527	2.73433	1.91951	4.09231	200
533	2.03925	1.92159	4.07627	200
534	2.05024	1.92322	4.06044	200
528	2.82577	1.91246	4.0508	200
535	2.03615	1.91406	4.03506	200
536	2.03562	1.91539	4.01943	200
537	1.89839	1.91861	4.00286	200
538	2.1342	1.91782	3.98827	200
539	2.23877	1.91519	3.9746	200
540	2.32511	1.91104	3.96171	200
541	2.77996	1.89965	3.95248	200
542	2.76715	1.88848	3.94322	200
543	2.8257	1.87644	3.93449	200
544	2.71146	1.86623	3.92493	200
546	2.66038	1.85682	3.91505	200
545	2.92393	1.8433	3.90731	200
547	2.92211	1.82989	3.89961	200
548	2.90518	1.81683	3.89184	200
549	2.87531	1.80433	3.8839	200
550	2.89603	1.79157	3.87618	200
551	2.85212	1.77958	3.86818	200
552	2.78155	1.76875	3.85969	200
553	2.77792	1.75802	3.85124	200
554	2.50865	1.75152	3.84075	200
555	2.82026	1.7401	3.83277	200
556	3.31447	1.72101	3.82872	200
557	3.4166	1.70056	3.82551	200
568	2.16256	1.69997	3.81251	200
569	2.22791	1.69817	3.80013	200
570	1.76642	1.70341	3.78424	200
571	1.39957	1.71405	3.76561	200
572	1.54488	1.72197	3.74826	200
573	1.5363	1.72962	3.73098	200
574	1.47734	1.73733	3.71441	200
575	1.48245	1.7446	3.698	200
576	1.87289	1.74579	3.68458	200
577	1.86736	1.74684	3.67122	200
578	1.85046	1.74792	3.65783	200
579	2.12231	1.7448	3.64654	200
580	2.54297	1.73537	3.63842	200
581	2.58026	1.72541	3.63064	200
582	2.0799	1.72284	3.61924	200
583	2.83349	1.70906	3.61346	200
584	6.57326	1.72745	3.63522	200
585	7.99496	1.76616	3.66728	200
586	8.12412	1.80573	3.70005	200
587	9.30516	1.8616	3.74126	200
593	0.851503	1.87672	3.72002	200
592	2.66419	1.86465	3.71225	200
594	0.868113	1.87905	3.69134	200
589	10.1783	1.94682	3.73904	200
404	55.9394	2.68584	4.12286	200
591	5.98831	2.67378	4.13658	200
595	2.76578	2.65461	4.1265	200
596	3.00001	2.63214	4.11821	200
597	2.9575	2.6105	4.10968	200
598	2.4162	2.59702	4.09723	200
599	2.40551	2.5837	4.08479	200
602	1.16379	2.58866	4.06331	200
600	3.25336	2.5625	4.05735	200
601	2.68838	2.54495	4.04729	200
604	1.31267	2.54774	4.02718	200
605	1.33914	2.5498	4.00741	200
603	3.83985	2.51477	4.00618	200
606	2.97174	2.493	3.99857	200
607	3.18506	2.4683	3.99259	200
608	3.64271	2.43715	3.99002	200
609	3.49961	2.40852	3.98641	200
610	3.48992	2.3804	3.98276	200
611	3.51716	2.35224	3.97934	200
612	4.30951	2.3225	3.98176	200
614	3.76795	2.29149	3.98019	200
613	3.79499	2.26052	3.97883	200
615	3.93804	2.22787	3.97853	200
616	2.69397	2.214	3.96908	200
617	2.74918	2.19938	3.96011	200
623	1.03604	2.21004	3.93861	200
618	3.11016	2.18972	3.93252	200
624	0.424412	2.20911	3.90672	200
619	3.23921	2.18644	3.90182	200
625	0.461879	2.20487	3.87652	200
620	3.54365	2.17734	3.87407	200
626	0.636105	2.19294	3.85026	200
621	3.38522	2.16753	3.84685	200
627	0.555051	2.18406	3.82264	200
628	0.543499	2.20016	3.79853	200
629	0.631516	2.21438	3.77524	200
630	0.832941	2.22508	3.75361	200
631	1.15753	2.23054	3.73452	200
622	4.1112	2.20328	3.73729	200
632	1.39521	2.20532	3.72006	200
633	1.41803	2.20674	3.70314	200
636	0.911395	2.21534	3.68261	200
634	1.57774	2.21372	3.66713	200
637	0.933673	2.22136	3.64703	200
639	0.891916	2.22921	3.62677	200
635	2.34874	2.21522	3.61738	200
640	1.0809	2.21995	3.59872	200
638	2.8101	2.1989	3.59293	200
641	3.68377	2.1679	3.59359	200
642	3.88094	2.14024	3.59571	200
643	3.82989	2.11221	3.59743	200
644	3.37033	2.08602	3.59585	200
645	3.39783	2.0598	3.59447	200
647	1.33961	2.06251	3.57881	200
648	1.31957	2.06524	3.56312	200
649	1.24289	2.06878	3.54701	200
650	1.38255	2.07011	3.53198	200
651	1.46874	2.07002	3.51765	200
646	4.06023	2.0488	3.52142	200
652	2.0438	2.04087	3.51116	200
655	1.13608	2.04551	3.49466	200
658	0.526298	2.05832	3.47405	200
659	0.537162	2.07053	3.45365	200
660	0.704946	2.07995	3.43456	200
661	0.672754	2.08942	3.41538	200
662	0.754603	2.09735	3.3969	200
663	0.49665	2.1085	3.37676	200
664	0.483015	2.11941	3.35667	200
665	0.524773	2.1293	3.337	200
666	0.573253	2.13811	3.31781	200
667	0.622933	2.14585	3.29909	200
668	0.730824	2.15171	3.28126	200
669	0.743634	2.15707	3.26363	200
653	4.32083	2.14179	3.27097	200
670	0.9924	2.14369	3.25515	200
671	0.813054	2.14784	3.23819	200
654	4.93157	2.14153	3.24995	200
672	1.23513	2.13977	3.23596	200
673	1.26974	2.13735	3.2223	200
674	1.01157	2.13837	3.20695	200
675	0.849417	2.14142	3.19058	200
656	5.18354	2.13935	3.20442	200
657	5.08574	2.13577	3.21748	200
676	0.787738	2.13985	3.20061	200
678	0.678773	2.14516	3.18309	200
679	0.794613	2.14854	3.16651	200
680	0.739823	2.1524	3.14966	200
682	0.777544	2.15545	3.13318	200
683	0.891799	2.15664	3.11762	200
677	1.74792	2.14571	3.10811	200
681	1.41623	2.13941	3.09635	200
685	1.04495	2.13819	3.08211	200
686	1.25353	2.13388	3.06941	200
687	1.62933	2.12425	3.05941	200
688	1.7638	2.11274	3.05041	200
684	2.43113	2.092	3.04611	200
689	1.98451	2.07768	3.03874	200
690	1.89932	2.06465	3.03082	200
691	1.95678	2.05089	3.02337	200
692	1.76211	2.03993	3.01461	200
693	1.71099	2.0297	3.00555	200
694	1.71158	2.01948	2.99657	200
696	1.2049	2.01631	2.98412	200
697	1.03983	2.01531	2.97062	200
695	1.71159	2.00481	2.96188	200
699	1.36006	1.99921	2.95075	200
700	1.40683	1.99289	2.94003	200
701	1.44304	1.986	2.92964	200
702	1.46724	1.97873	2.91948	200
703	1.60725	1.96947	2.91037	200
704	1.54362	1.9611	2.90087	200
705	1.59621	1.95198	2.89181	200
706	1.22819	1.94797	2.88026	200
707	1.15898	1.94483	2.86831	200
708	1.16531	1.94147	2.85648	200
709	0.969699	1.94071	2.84338	200
710	1.2846	1.9354	2.83255	200
716	0.725718	1.93778	2.81792	200
711	1.53249	1.92872	2.80899	200
712	1.40812	1.92139	2.79926	200
713	1.61778	1.91111	2.79106	200
714	1.96714	1.89601	2.78534	200
715	1.90697	1.88188	2.77924	200
717	1.77927	1.86963	2.77229	200
718	1.83444	1.85737	2.76612	200
719	2.0238	1.8427	2.76124	200
720	2.97393	1.82125	2.76264	200
721	3.02317	1.80071	2.76435	200
722	3.01312	1.78029	2.76599	200
725	2.34002	1.76247	2.76318	200
698	7.95588	1.8076	2.79734	200
726	2.22934	1.79129	2.79361	200
723	3.1597	1.77254	2.79602	200
724	2.6975	1.75051	2.79537	200
727	2.27692	1.7343	2.79196	200
729	1.68489	1.72605	2.78467	200
730	1.49212	1.72034	2.77617	200
731	1.65877	1.71241	2.76882	200
732	1.72509	1.70361	2.76195	200
735	1.58107	1.69673	2.75418	200
736	1.68375	1.68849	2.74714	200
737	1.60569	1.68129	2.73963	200
738	1.85969	1.67075	2.73384	200
739	1.60635	1.6636	2.72642	200
740	1.89617	1.65263	2.72096	200
741	2.13044	1.63866	2.71707	200
742	2.59235	1.61874	2.71625	200
743	3.01467	1.60136	2.71821	200
728	7.01747	1.63686	2.7465	200
744	3.45139	1.6246	2.75113	200
745	3.57404	1.61405	2.75655	200
733	7.22705	1.65163	2.78596	200
734	7.7619	1.69537	2.81869	200
746	5.37805	1.70674	2.83553	200
747	5.59625	1.72061	2.85369	200
748	5.61094	1.73425	2.87183	200
749	5.2038	1.74211	2.88717	200
750	4.99761	1.74696	2.90106	200
751	5.04107	1.75213	2.91514	200
752	6.02027	1.76993	2.93556	200
753	6.03717	1.78745	2.95597	200
756	4.22439	1.78062	2.96431	200
757	3.59391	1.76548	2.96846	200
758	3.01584	1.74287	2.96877	200
759	2.90174	1.72082	2.96833	200
760	2.48685	1.70451	2.96516	200
761	2.00469	1.69472	2.95884	200
762	1.93885	1.68584	2.95213	200
763	2.06991	1.67527	2.94632	200
764	3.39947	1.65918	2.9493	200
765	3.39037	1.64316	2.9522	200
766	3.31386	1.62629	2.95458	200
767	3.23334	1.60856	2.95642	200
768	3.19622	1.59055	2.95799	200
769	3.48852	1.5766	2.96148	200
770	3.31375	1.56049	2.9638	200
771	2.86379	1.54128	2.96314	200
772	3.44359	1.52732	2.9663	200
773	3.56453	1.51509	2.97024	200
774	4.16279	1.51085	2.97808	200
775	5.11222	1.51905	2.99212	200
776	5.72122	1.53497	3.01008	200
777	5.55092	1.54821	3.02679	200
778	5.44573	1.55966	3.04271	200
779	5.87061	1.57635	3.06131	200
755	16.2355	1.72895	3.14798	200
780	5.10282	1.73192	3.16084	200
781	5.13137	1.73506	3.17381	200
782	5.172	1.73853	3.18695	200
783	5.46704	1.74565	3.20195	200
784	5.16603	1.74852	3.21487	200
785	5.91305	1.76102	3.23262	200
788	5.2343	1.76418	3.24579	200
789	4.77017	1.76103	3.25582	200
786	7.67755	1.79604	3.28491	200
797	0.343406	1.81111	3.26556	200
787	7.81586	1.84715	3.29549	200
790	9.41532	1.90337	3.33576	200
791	11.018	1.97941	3.3863	200
792	10.9819	2.0533	3.43627	200
793	10.8454	2.12378	3.48501	200
794	9.87715	2.17713	3.52496	200
803	0.764461	2.18442	3.50771	200
795	11.3581	2.25525	3.55677	200
796	11.4674	2.32594	3.60621	200
798	11.842	2.39981	3.65768	200
799	11.6985	2.47032	3.70794	200
809	0.361837	2.48127	3.68703	200
810	0.529258	2.48973	3.66729	200
811	0.516483	2.49799	3.6476	200
812	0.430765	2.50697	3.62749	200
800	13.5647	2.59985	3.6896	200
801	11.7716	2.66838	3.74011	200
816	0.495096	2.67558	3.71983	200
802	12.3422	2.74992	3.77372	200
817	1.34859	2.74586	3.75856	200
818	0.384749	2.75371	3.73747	200
819	0.435932	2.76055	3.71684	200
821	0.372925	2.76784	3.69594	200
805	12.6578	2.84527	3.75195	200
822	0.409895	2.85148	3.73106	200
823	0.343363	2.85818	3.70988	200
824	0.393963	2.8639	3.68916	200
807	12.2926	2.93565	3.74293	200
808	12.1521	3.00407	3.79549	200
827	0.675839	3.00551	3.77599	200
828	0.621926	3.00737	3.75628	200
829	0.492477	3.01057	3.73588	200
830	0.543604	3.01284	3.71593	200
814	13.4017	3.09625	3.77646	200
815	13.0617	3.17361	3.83449	200
834	0.376093	3.17717	3.81288	200
820	11.2155	3.22999	3.85914	200
835	0.529334	3.23124	3.83833	200
836	0.403716	3.23378	3.81686	200
837	0.487422	3.23497	3.79605	200
839	0.37423	3.23731	3.77467	200
825	11.4138	3.29233	3.82241	200
826	11.2716	3.34429	3.86897	200
840	0.520953	3.34434	3.84804	200
841	0.454148	3.34496	3.82683	200
844	0.376713	3.34627	3.80527	200
845	0.46728	3.34617	3.7844	200
846	0.383932	3.34685	3.76315	200
847	0.432842	3.34664	3.74234	200
848	0.351116	3.3472	3.72114	200
849	0.43941	3.34638	3.70063	200
831	11.3443	3.40009	3.7484	200
832	11.4521	3.45389	3.79655	200
833	10.594	3.49568	3.83903	200
838	9.86981	3.52737	3.87673	200
842	9.5881	3.55467	3.91242	200
843	9.60954	3.58145	3.94803	200
856	0.408752	3.58092	3.92591	200
857	0.509942	3.57886	3.90456	200
858	0.492665	3.57677	3.88323	200
859	0.515966	3.57415	3.86219	200
860	0.363784	3.57321	3.84032	200
850	9.58283	3.60032	3.87621	200
861	0.418227	3.59854	3.8546	200
862	0.498476	3.59551	3.83362	200
863	0.453276	3.59282	3.81249	200
864	0.483529	3.58952	3.79169	200
865	0.411191	3.58691	3.77056	200
851	10.2027	3.62248	3.81076	200
866	0.559163	3.61784	3.79043	200
867	0.476213	3.61404	3.76972	200
868	0.47529	3.61005	3.74913	200
869	0.546668	3.60495	3.72911	200
872	0.563392	3.59946	3.70933	200
873	0.506156	3.59451	3.68931	200
852	10.7716	3.6381	3.73357	200
853	10.6908	3.67959	3.77705	200
874	0.561322	3.67379	3.75696	200
875	0.733846	3.66566	3.73806	200
876	0.600131	3.65906	3.71845	200
877	0.612504	3.65215	3.69903	200
854	10.607	3.69285	3.74221	200
855	11.7141	3.74633	3.79203	200
870	11.3243	3.79366	3.83911	200
871	11.6336	3.84367	3.88782	200
878	11.4041	3.88957	3.9348	200
879	11.5859	3.93435	3.98034	200
880	11.8547	3.98126	4.02721	200
881	11.9696	4.02841	4.07449	200
882	11.872	4.07328	4.1209	200
891	0.57321	4.06703	4.09978	200
892	0.584954	4.06045	4.07886	200
893	0.468386	4.05509	4.05737	200
894	0.420214	4.05012	4.03572	200
895	0.373197	4.0455	4.01392	200
896	0.357791	4.04087	3.99216	200
897	0.282767	4.03692	3.97008	200
898	0.346177	4.032	3.9485	200
899	0.285775	4.02761	3.9267	200
883	11.3944	4.06856	3.97115	200
901	0.286954	4.06398	3.94922	200
902	0.35524	4.05839	3.92783	200
903	0.369885	4.05243	3.90665	200
904	0.308566	4.04702	3.88523	200
905	0.375254	4.04063	3.86434	200
906	0.319382	4.03472	3.84324	200
907	0.319919	4.02864	3.82227	200
908	0.33698	4.02217	3.80152	200
909	0.553933	4.01295	3.78219	200
884	12.2037	4.06543	3.83232	200
910	0.738401	4.05386	3.8139	200
885	12.3806	4.10759	3.86489	200
911	0.886445	4.09414	3.84716	200
912	0.441163	4.08595	3.82689	200
913	0.784749	4.07352	3.80878	200
914	0.83842	4.06039	3.7911	200
915	0.900857	4.04646	3.7739	200
916	0.717027	4.03468	3.7557	200
886	13.6101	4.10396	3.81436	200
887	13.8146	4.18154	3.88015	200
888	13.4945	4.25303	3.9434	200
889	13.2511	4.32323	4.00804	200
920	0.49016	4.31204	3.98361	200
890	13.3102	4.38579	4.05218	200
75	312.239	8.85344	6.31826	200
900	14.9087	8.84933	6.38537	200
917	17.3891	8.8878	6.48362	200
918	17.4198	8.92438	6.58126	200
919	17.3294	8.95945	6.68461	200
813	80.4801	10.3102	7.45331	200
806	85.5349	11.8505	8.3406	200
804	86.5342	13.3583	9.22917	200
921	0.931428	13.2432	9.13487	200
922	0.85111	13.1305	9.04074	200
923	0.898841	13.0172	8.94822	200
924	0.507883	12.9131	8.8523	200
925	0.553443	12.8083	8.758	200
926	0.731202	12.6996	8.66678	200
927	0.63413	12.5935	8.5755	200
928	0.608155	12.4884	8.48496	200
929	0.5686	12.3845	8.395	200
930	0.686632	12.2782	8.30741	200
931	0.690429	12.1723	8.22085	200
932	0.600155	12.0688	8.13425	200
933	0.547774	11.9669	8.04804	200
934	0.398103	11.8688	7.96111	200
935	0.435827	11.7701	7.8756	200
936	0.495166	11.6703	7.79173	200
937	0.350041	11.5742	7.70716	200
938	0.460848	11.4759	7.62482	200
939	0.407563	11.3791	7.5428	200
940	0.580038	11.2787	7.46368	200
941	0.611854	11.1781	7.38582	200
942	0.55307	11.0793	7.30817	200
943	0.61063	10.9798	7.23206	200
944	0.524294	10.8827	7.15584	200
945	0.691762	10.7822	7.08238	200
946	0.657042	10.6832	7.00937	200
947	0.510691	10.5881	6.93552	200
948	0.570896	10.4921	6.86319	200
949	0.547373	10.3972	6.79142	200
950	0.509424	10.3037	6.72003	200
951	0.516419	10.2105	6.64954	200
952	0.501355	10.1182	6.57967	200
953	0.358713	10.0296	6.50898	200
954	0.579356	9.93642	6.4416	200
955	0.495364	9.84574	6.37402	200
956	0.474908	9.76351	6.31257	200
957	0.53671	9.68044	6.25241	200
958	0.523937	9.59811	6.19274	200
959	0.620845	9.51422	6.13469	200
960	0.804498	9.42706	6.07917	200
961	0.791889	9.34081	6.0241	200
962	0.817612	9.25468	5.96986	200
963	0.800159	9.16958	5.91601	200
964	0.705678	9.08709	5.86173	200
965	0.598304	9.00743	5.80691	200
966	0.613346	8.92797	5.75281	200
967	0.490433	8.85161	5.69799	200
968	0.485127	8.7758	5.64369	200
969	0.617848	8.69767	5.59133	200
970	0.602311	8.62041	5.53937	200
971	0.591287	8.5439	5.48782	200
972	0.668866	8.4663	5.43762	200
973	0.681192	8.38901	5.38808	200
974	0.660844	8.31272	5.33884	200
975	0.73367	8.23548	5.29086	200
976	0.705112	8.15944	5.2431	200
977	0.822047	8.08156	5.19704	200
978	0.650539	8.00791	5.14968	200
979	0.687066	7.93405	5.1032	200
980	0.678601	7.86094	5.05711	200
981	0.66053	7.78876	5.01131	200
982	0.598252	7.71844	4.96534	200
983	0.566664	7.64927	4.91952	200
984	0.557335	7.58079	4.87408	200
985	0.715928	7.50948	4.83076	200
986	0.612475	7.44092	4.78682	200
987	0.61218	7.37287	4.74334	200
988	0.554352	7.30654	4.6997	200
989	0.634958	7.239	4.65736	200
990	0.664747	7.17137	4.61577	200
991	0.60858	7.10545	4.57403	200
992	0.678893	7.03856	4.53345	200
993	0.70048	6.97178	4.49352	200
994	0.814276	6.90318	4.4552	200
995	0.766171	6.83622	4.41677	200
996	0.67986	6.77165	4.37784	200
997	0.621759	6.70883	4.33872	200
998	0.636078	6.6462	4.30015	200
999	0.743634	6.58183	4.2631	200
1000	0.704932	6.51884	4.22603	200
1001	0.741405	6.45562	4.18973	200
1002	0.715245	6.39352	4.15354	200
1003	0.850053	6.32914	4.11913	200
1004	1.04686	6.26129	4.08713	200
1005	0.980399	6.20062	4.05725	200
1006	0.964995	6.14085	4.02752	200
1007	1.00689	6.08084	3.99848	200
1008	1.0948	6.01974	3.97056	200
1009	1.00314	5.96104	3.94202	200
1010	0.781863	5.90718	3.91163	200
1011	0.986024	5.84984	3.8835	200
1012	0.993841	5.79291	3.85572	200
1013	0.944595	5.73749	3.82773	200
1014	0.890237	5.68365	3.79948	200
1015	0.861545	5.63084	3.77123	200
1016	0.904604	5.57768	3.74367	200
1017	0.98403	5.52349	3.71713	200
1018	0.919802	5.47106	3.69023	200
1019	0.932319	5.41889	3.66371	200
1020	0.977734	5.36633	3.63789	200
1021	0.968392	5.31447	3.61222	200
1022	1.0047	5.26241	3.58715	200
1023	1.02703	5.21044	3.56253	200
1024	0.954859	5.16039	3.53745	200
1025	0.895309	5.11196	3.51205	200
1026	0.975303	5.06244	3.48766	200
1027	0.926408	5.01434	3.46303	200
1028	0.892857	4.96733	3.43831	200
1029	0.962057	4.91943	3.4145	200
1030	0.960142	4.87202	3.3909	200
1031	0.997939	4.82435	3.36789	200
1032	1.02659	4.7766	3.34538	200
1033	1.00966	4.72966	3.32292	200
1034	1.03689	4.68266	3.30094	200
1035	0.996601	4.63692	3.27878	200
1036	0.847795	4.5945	3.25541	200
1037	0.770598	4.55393	3.23151	200
1038	0.879442	4.51159	3.2089	200
1039	0.916653	4.46891	3.18685	200
1040	0.940775	4.42616	3.16526	200
1041	0.90245	4.38456	3.1435	200
1042	0.972275	4.34199	3.12262	200
1043	1.24547	4.29459	3.10457	200
1044	1.24573	4.24775	3.0867	200
1045	1.2215	4.20193	3.06876	200
1046	1.257	4.15597	3.05134	200
1047	1.30222	4.10968	3.03452	200
1048	1.30631	4.06388	3.0179	200
1049	1.24181	4.01989	3.00083	200
1050	1.17671	3.97766	2.98329	200
1051	0.978633	3.93972	2.96401	200
1052	0.938354	3.90291	2.94453	200
1053	1.12522	3.86284	2.92704	200
1054	1.10026	3.82368	2.90947	200
1055	1.33803	3.78037	2.89436	200
1056	1.06961	3.74276	2.87682	200
1057	1.06878	3.70821	2.86067	200
1058	1.00312	3.67516	2.84409	200
1059	1.21223	3.63867	2.82951	200
1060	1.18352	3.60309	2.81482	200
1061	1.21179	3.56737	2.8005	200
1062	1.07352	3.53451	2.78509	200
1063	1.14151	3.50074	2.77041	200
1064	0.86855	3.47219	2.75343	200
1065	0.886337	3.44353	2.73676	200
1066	1.0764	3.41168	2.72193	200
1067	1.15043	3.37882	2.7079	200
1068	1.21192	3.3452	2.69454	200
1069	0.945599	3.31669	2.67893	200
1070	1.14281	3.2849	2.66521	200
1071	1.11594	3.2539	2.65138	200
1072	1.12605	3.22303	2.63776	200
1073	1.04889	3.19385	2.62357	200
1074	1.17552	3.16268	2.61064	200
1075	1.18796	3.13161	2.59794	200
1076	1.10283	3.10238	2.58459	200
1077	1.18414	3.07199	2.57208	200
1078	1.1882	3.04184	2.55973	200
1079	1.23931	3.01111	2.54794	200
1080	1.13716	2.98253	2.53534	200
1081	1.19227	2.95325	2.52335	200
1082	1.32217	2.92196	2.51262	200
1083	1.35912	2.89038	2.50232	200
1084	1.17569	2.86246	2.49048	200
1085	1.27163	2.83311	2.4796	200
754	161.568	5.62337	3.90002	200
1086	1.3598	5.56832	3.87734	200
1087	1.40997	5.51294	3.85531	200
1088	1.38114	5.45868	3.83322	200
1089	1.32948	5.40591	3.81087	200
1090	1.27516	5.35466	3.78822	200
1091	1.26053	5.30417	3.76566	200
1092	1.15619	5.25605	3.74236	200
1093	1.21882	5.20726	3.71982	200
1094	1.18988	5.15945	3.69724	200
1095	1.33143	5.10956	3.67611	200
1096	1.35197	5.05982	3.65536	200
1097	1.30106	5.01151	3.63434	200
1098	1.34788	4.96285	3.61392	200
1099	1.15599	4.91812	3.59198	200
1100	1.19805	4.87304	3.5706	200
1101	1.33606	4.82592	3.55065	200
1102	1.37511	4.7786	3.53123	200
1103	1.38102	4.73166	3.51203	200
1104	1.40183	4.68485	3.49318	200
1105	1.40324	4.63851	3.47452	200
1106	1.54168	4.59019	3.45727	200
1107	1.50237	4.54313	3.43981	200
1108	1.44812	4.49757	3.42203	200
1109	1.58007	4.45015	3.40558	200
1110	1.50233	4.40467	3.38859	200
1111	1.59703	4.35801	3.37259	200
1112	1.53437	4.31301	3.35618	200
1113	1.47005	4.27256	3.34046	200
1114	1.45695	4.23274	3.32476	200
1115	1.5541	4.19171	3.31001	200
1116	1.41515	4.15343	3.29421	200
1117	1.43049	4.11526	3.27868	200
1118	1.45621	4.07705	3.26349	200
1119	1.44015	4.03949	3.2483	200
1120	1.4774	4.00168	3.23354	200
1121	1.39433	3.96564	3.21821	200
1122	1.38958	3.93002	3.20298	200
1123	1.38692	3.89479	3.18784	200
1124	1.38794	3.85987	3.17284	200
1125	1.47231	3.82388	3.15867	200
1126	1.52982	3.7873	3.1451	200
1127	1.49971	3.7516	3.13138	200
1128	1.40211	3.71789	3.11697	200
1129	1.56584	3.68178	3.10405	200
1130	1.46235	3.64778	3.09036	200
1131	1.40098	3.61514	3.07629	200
1132	1.36103	3.58347	3.06199	200
1133	1.25521	3.55386	3.04693	200
1134	1.35398	3.52284	3.03283	200
1135	1.37698	3.49173	3.01903	200
1136	1.3651	3.4611	3.00524	200
1137	1.44735	3.42938	2.99226	200
1138	1.42768	3.3983	2.97922	200
1139	1.39089	3.36813	2.96599	200
1140	1.41816	3.33779	2.95309	200
1141	1.52947	3.30589	2.94122	200
1142	1.47702	3.27519	2.92902	200
1143	1.69707	3.24114	2.91875	200
1144	1.62832	3.20863	2.908	200
1145	1.61348	3.17672	2.89721	200
1146	1.55633	3.14613	2.88604	200
1147	1.57908	3.11547	2.87515	200
1148	1.64035	3.08413	2.86486	200
1149	1.57226	3.05427	2.85408	200
1150	1.54768	3.02514	2.8432	200
1151	1.58076	2.99576	2.83268	200
1152	1.55375	2.96714	2.82202	200
1153	1.60191	2.93803	2.81185	200
1154	1.44581	2.91183	2.80047	200
1155	1.56027	2.88396	2.79013	200
1156	1.73102	2.85355	2.7813	200
1157	1.7261	2.82358	2.77251	200
1158	1.8359	2.79213	2.7647	200
1159	1.88086	2.76032	2.75734	200
1160	1.95457	2.7277	2.75065	200
1161	1.77909	2.69843	2.74255	200
1162	1.75116	2.66997	2.73429	200
1163	1.88786	2.63958	2.72723	200
1164	1.90434	2.6093	2.72038	200
1165	1.93816	2.57885	2.71386	200
1166	1.96692	2.54832	2.70763	200
1167	1.99443	2.51773	2.70169	200
1168	1.97605	2.48786	2.69564	200
1169	1.92674	2.45921	2.68923	200
1170	1.92593	2.43095	2.68287	200
1171	1.80664	2.40504	2.67557	200
1172	1.7835	2.37982	2.66814	200
1173	1.78537	2.35487	2.66078	200
1174	1.79255	2.33164	2.654	200
1175	1.78166	2.30884	2.64718	200
1176	1.73673	2.28699	2.64007	200
1177	1.59767	2.26754	2.63192	200
1178	1.57265	2.24866	2.62365	200
1179	1.49368	2.23118	2.61482	200
1180	1.37715	2.21566	2.60515	200
1181	1.25349	2.20216	2.59459	200
1182	1.53518	2.1843	2.58631	200
1183	1.38773	2.1689	2.57695	200
1184	1.32833	2.15452	2.56719	200
1185	1.34511	2.13995	2.55764	200
1186	1.33328	2.12564	2.54808	200
1187	1.34461	2.11123	2.53868	200
1188	1.51066	2.09431	2.53064	200
1189	1.47757	2.07804	2.52242	200
1190	1.43772	2.06251	2.51394	200
1191	1.39592	2.04776	2.50521	200
1192	1.42693	2.03261	2.49678	200
1193	1.39696	2.01803	2.48819	200
1194	1.34792	2.00432	2.47928	200
1195	1.39567	1.98993	2.47081	200
1196	1.43192	1.97507	2.4627	200
1197	1.1641	1.9645	2.45255	200
1198	1.17394	1.95378	2.44256	200
1199	1.15223	1.94342	2.43248	200
1200	1.07718	1.93423	2.42189	200
1201	0.98965	1.92638	2.4107	200
1202	0.978797	1.91865	2.39951	200
1203	0.953303	1.91127	2.38821	200
1204	0.983308	1.90336	2.37724	200
1205	1.0716	1.89402	2.36704	200
1206	1.18461	1.8829	2.3578	200
1207	1.11672	1.87287	2.3481	200
1208	1.09045	1.86326	2.33828	200
1209	1.19426	1.85202	2.32934	200
1210	1.16738	1.84124	2.32026	200
1211	1.54212	1.82463	2.31418	200
1212	1.58842	1.80746	2.30851	200
1213	1.58604	1.7905	2.30287	200
1214	1.60688	1.7734	2.29743	200
1215	1.61285	1.75639	2.29208	200
1216	1.66983	1.73867	2.28722	200
1217	1.57719	1.7226	2.28167	200
1218	1.63354	1.70581	2.2766	200
1219	1.62782	1.68929	2.27154	200
1220	1.55625	1.67407	2.26595	200
1221	1.68026	1.65706	2.26137	200
1222	1.61534	1.64127	2.25632	200
1223	1.67898	1.62464	2.25181	200
1224	1.91652	1.6045	2.24919	200
1225	1.93481	1.58434	2.24673	200
1226	1.93634	1.56443	2.24431	200
1227	1.53618	1.55105	2.23878	200
1228	1.46504	1.5389	2.23273	200
1229	1.4361	1.52731	2.22651	200
1230	1.40736	1.51624	2.22011	200
1231	1.35373	1.50609	2.21334	200
1232	1.51782	1.49342	2.2079	200
1233	1.63529	1.47903	2.20343	200
1234	1.53532	1.46636	2.19821	200
1235	1.62865	1.45235	2.19376	200
1236	1.70936	1.43722	2.18998	200
1237	1.66719	1.42293	2.18589	200
1238	1.69672	1.40834	2.18207	200
1239	1.63938	1.39561	2.17808	200
1240	1.37392	1.38691	2.17216	200
1241	1.23852	1.38025	2.1653	200
1242	1.21723	1.37389	2.15833	200
1243	1.28259	1.36657	2.15189	200
1244	1.70516	1.35304	2.1486	200
1245	1.75804	1.33888	2.14573	200
1246	2.12391	1.31951	2.14557	200
1247	2.15182	1.3002	2.14561	200
1248	2.02213	1.2829	2.14471	200
1249	3.58137	1.28516	2.15527	200
1250	3.50658	1.28613	2.1652	200
1251	3.36924	1.28492	2.17406	200
1252	3.3163	1.28282	2.18246	200
1253	3.21605	1.27916	2.19005	200
1254	3.19201	1.27508	2.19742	200
1255	3.20581	1.27116	2.20484	200
1256	3.19974	1.2671	2.21215	200
1257	3.27925	1.26415	2.22	200
1258	3.35449	1.26225	2.22834	200
1259	3.39144	1.26079	2.23689	200
1260	3.35229	1.25865	2.24509	200
1261	2.91897	1.25005	2.25005	200
1262	2.80801	1.23987	2.25415	200
1263	2.38781	1.2236	2.25513	200
1264	2.39484	1.20766	2.25616	200
1265	0.893749	1.20994	2.24614	200
1266	1.02269	1.21014	2.23714	200
1267	1.06277	1.20961	2.22851	200
1268	1.19653	1.207	2.22092	200
1269	1.35043	1.20205	2.21452	200
1270	1.38331	1.19659	2.2084	200
1271	1.42256	1.19055	2.20262	200
1272	1.46471	1.1839	2.1972	200
1273	1.54414	1.17609	2.1924	200
1274	1.60675	1.16741	2.18809	200
1275	1.63614	1.15836	2.18403	200
1276	1.67585	1.14879	2.18029	200
1277	1.81286	1.1373	2.17759	200
1278	1.93253	1.12418	2.17579	200
1283	1.68785	1.11482	2.1722	200
1284	1.73731	1.10482	2.169	200
1285	1.82627	1.09362	2.16648	200
1286	1.8996	1.08146	2.16452	200
1287	1.90474	1.06937	2.16261	200
1288	1.86734	1.05799	2.16044	200
1289	1.88837	1.04643	2.15844	200
1292	1.96984	1.03382	2.15705	200
1296	2.08565	1.01966	2.15652	200
1300	1.90643	1.00834	2.15468	200
1309	1.13224	1.00855	2.14717	200
1310	1.01759	1.01033	2.13886	200
1311	0.455265	1.02023	2.12648	200
1312	0.513605	1.02894	2.11462	200
1313	0.554455	1.03676	2.10315	200
1314	0.350191	1.04729	2.09026	200
1316	0.506568	1.05518	2.07861	200
1317	0.483847	1.06311	2.06689	200
1319	0.559497	1.06964	2.0558	200
1320	0.511875	1.07662	2.04445	200
1321	0.327949	1.08603	2.03183	200
1322	0.513975	1.09238	2.02067	200
1279	25.0342	1.41475	2.18988	200
1280	25.457	1.73611	2.36097	200
1324	0.52503	1.73749	2.34822	200
1281	25.8075	2.03918	2.51113	200
1325	0.820454	2.03434	2.49939	200
1282	27.6757	2.35576	2.67422	200
1326	2.29086	2.32836	2.67156	200
1327	2.21564	2.30236	2.66839	200
1328	1.91806	2.2808	2.66318	200
1290	26.9373	2.58626	2.83175	200
1302	25.5916	2.86645	2.9898	200
1303	25.4706	3.13887	3.14592	200
1304	25.356	3.40375	3.30016	200
1306	25.6629	3.66707	3.45545	200
1329	1.05816	3.64943	3.4388	200
1330	1.09695	3.63127	3.42254	200
1331	1.11448	3.61289	3.40651	200
1332	1.25991	3.59253	3.39161	200
1333	1.46354	3.56941	3.37821	200
1334	1.57731	3.54485	3.36571	200
1335	1.95722	3.51517	3.35593	200
1336	1.99993	3.48518	3.34651	200
1305	27.2772	3.76915	3.51269	200
1337	2.10059	3.73641	3.50289	200
1338	1.78613	3.70836	3.49097	200
1339	1.39094	3.68602	3.47638	200
1340	1.43265	3.66321	3.46219	200
1341	1.45535	3.64021	3.44825	200
1308	27.4188	3.92257	3.61471	200
1315	25.1248	4.16684	3.76409	200
1346	1.04035	4.1468	3.74517	200
1347	1.15373	4.1252	3.72717	200
1348	1.18341	4.10323	3.70951	200
1349	1.33785	4.07918	3.69304	200
1350	1.34254	4.05517	3.67672	200
1351	1.39726	4.03051	3.66089	200
1352	1.58539	4.00336	3.64647	200
1353	1.64113	3.9756	3.63254	200
1354	1.40685	3.9513	3.61709	200
1355	1.54081	3.92526	3.60267	200
1318	25.8244	4.17938	3.75699	200
1356	1.64463	4.15067	3.74232	200
1357	1.85461	4.11924	3.72921	200
1358	1.60726	4.0915	3.71447	200
1359	1.60331	4.06399	3.69981	200
1360	1.49363	4.03819	3.68449	200
1361	1.3466	4.01457	3.66825	200
1362	1.30363	3.99166	3.65183	200
1363	1.32902	3.96848	3.6357	200
1364	1.36907	3.94484	3.61996	200
1365	1.37508	3.92123	3.60437	200
1366	1.22438	3.89982	3.58784	200
1367	1.21932	3.87855	3.57139	200
1368	1.13915	3.85846	3.5545	200
1369	1.19147	3.83769	3.53809	200
1370	1.30088	3.81547	3.52255	200
1371	1.52145	3.79027	3.50866	200
1372	1.65392	3.76338	3.49578	200
1373	1.96529	3.73237	3.48515	200
1374	2.01629	3.70093	3.47495	200
1375	1.93175	3.67096	3.46423	200
1376	1.71856	3.64422	3.45211	200
1377	1.72368	3.61761	3.4401	200
1378	1.75705	3.59074	3.42842	200
1379	1.604	3.56621	3.41574	200
1380	1.69571	3.54057	3.4038	200
1381	1.58637	3.51663	3.39118	200
1382	1.49191	3.49417	3.37799	200
1383	1.56011	3.47089	3.36536	200
1384	1.41928	3.44971	3.35185	200
1385	1.52131	3.42722	3.33914	200
1323	25.3665	3.68556	3.4921	200
1386	1.58684	3.66083	3.47887	200
1387	1.71354	3.6345	3.46661	200
1388	1.80705	3.60707	3.45509	200
1389	1.92006	3.57981	3.44499	200
1390	1.93919	3.55252	3.43508	200
1391	1.95129	3.5253	3.42532	200
1392	2.09404	3.49643	3.41656	200
1393	2.04255	3.4685	3.40752	200
1394	2.11583	3.43986	3.39902	200
1395	1.9994	3.41301	3.38981	200
1396	1.99379	3.38647	3.38063	200
1397	1.92952	3.36101	3.37108	200
1398	1.99558	3.33488	3.36203	200
1399	1.97195	3.30929	3.35288	200
1400	2.01414	3.28336	3.34408	200
1401	2.07523	3.25685	3.33573	200
1402	2.03701	3.23109	3.32718	200
1403	2.06394	3.2052	3.31887	200
1404	1.91036	3.18155	3.3096	200
1405	2.10296	3.15557	3.30167	200
1406	2.12467	3.12954	3.29392	200
1407	1.87596	3.10701	3.28459	200
1408	1.88744	3.08452	3.2754	200
1409	1.95207	3.06134	3.26669	200
1410	2.18925	3.03524	3.25961	200
1411	2.20968	3.00911	3.2527	200
1412	2.07595	2.985	3.24496	200
1413	1.94792	2.96279	3.23642	200
1414	1.88592	2.94158	3.22754	200
1415	2.00575	2.91895	3.2195	200
1416	2.01119	2.89644	3.21155	200
1417	2.06373	2.87343	3.20399	200
1418	1.68615	2.85559	3.19401	200
1419	1.73132	2.83726	3.18439	200
1420	1.66119	2.81997	3.17436	200
1421	1.67545	2.80259	3.1645	200
1422	1.63179	2.78588	3.15442	200
1423	1.49701	2.77103	3.14351	200
1424	1.47196	2.75657	3.13252	200
1425	1.71669	2.73892	3.1232	200
1426	1.88619	2.71916	3.11506	200
1427	2.26075	2.69462	3.10944	200
1428	2.21991	2.67087	3.10359	200
1429	2.11256	2.64877	3.09707	200
1430	2.01694	2.62813	3.08996	200
1431	2.04459	2.6073	3.08308	200
1432	2.01499	2.58705	3.07606	200
1433	2.01716	2.56694	3.06909	200
1434	1.94178	2.548	3.06167	200
1435	1.88814	2.52991	3.05395	200
1436	1.77342	2.51347	3.04553	200
1437	1.90813	2.49536	3.03804	200
1438	1.73146	2.47972	3.02945	200
1439	1.66298	2.46507	3.02046	200
1440	1.76457	2.44916	3.01219	200
1441	1.6756	2.43452	3.0034	200
1442	1.91903	2.41676	2.99627	200
1443	2.01644	2.39785	2.98982	200
1444	2.07737	2.3783	2.98381	200
1445	2.39797	2.35472	2.97996	200
1446	2.30194	2.33266	2.9755	200
1447	2.34066	2.31032	2.97132	200
1448	2.34853	2.28811	2.96722	200
1449	2.48901	2.2643	2.96408	200
1450	2.56858	2.23971	2.96148	200
1451	2.49311	2.2164	2.95839	200
1452	2.54731	2.19264	2.95569	200
1453	2.46403	2.17026	2.95245	200
1461	2.54506	2.14707	2.94977	200
1462	2.75097	2.12143	2.94846	200
1463	2.56131	2.09861	2.94592	200
1464	2.64437	2.07496	2.94393	200
1465	2.53201	2.05308	2.94122	200
1466	2.56231	2.03105	2.93873	200
1467	2.55264	2.00941	2.93619	200
1468	1.00838	2.00833	2.92351	200
1469	0.933018	2.0081	2.91041	200
1470	0.987793	2.00697	2.89776	200
1342	21.5517	2.22601	3.02048	200
1471	0.952415	2.22393	3.00688	200
1472	0.958667	2.22173	2.99408	200
1343	21.7349	2.42822	3.1112	200
1473	1.15717	2.42229	3.09899	200
1474	1.17389	2.41608	3.08696	200
1475	1.10135	2.4107	3.07455	200
1345	21.6321	2.61253	3.19053	200
1482	1.21196	2.60461	3.17817	200
1483	1.31141	2.59538	3.1665	200
1484	1.25728	2.58681	3.15456	200
1485	1.4091	2.57629	3.14365	200
1486	1.44449	2.56532	3.13304	200
1487	0.902471	2.56114	3.11909	200
1488	0.722303	2.55908	3.10411	200
1489	0.859822	2.55515	3.09009	200
1490	0.885876	2.55076	3.07631	200
1491	0.83682	2.54687	3.06231	200
1492	0.706898	2.54448	3.04759	200
1493	0.712257	2.54186	3.03299	200
1494	0.871304	2.53711	3.01948	200
1495	0.720708	2.53413	3.00511	200
1496	0.678259	2.53154	2.99057	200
1497	0.877144	2.52631	2.97736	200
1498	1.08597	2.51837	2.96554	200
1499	1.1165	2.51001	2.95398	200
1501	1.04209	2.50253	2.94203	200
1502	0.743023	2.49874	2.92829	200
1503	0.692461	2.49545	2.91432	200
1504	1.06729	2.48734	2.90277	200
1505	1.06721	2.47919	2.8913	200
1506	1.07274	2.47094	2.87993	200
1508	0.723957	2.467	2.86646	200
1509	0.727168	2.4629	2.85309	200
1510	0.750056	2.4584	2.83994	200
1511	0.372969	2.45851	2.82452	200
1512	0.424907	2.45777	2.80952	200
1513	0.549381	2.4553	2.7954	200
1514	0.708996	2.45069	2.78236	200
1515	0.664881	2.44652	2.76912	200
1516	0.59015	2.44318	2.7555	200
1517	0.459717	2.44134	2.74116	200
1518	0.595357	2.43764	2.72774	200
1519	0.754228	2.43184	2.71541	200
1521	0.892399	2.42423	2.70401	200
1522	0.866234	2.4169	2.69253	200
1523	0.859004	2.4096	2.68107	200
1524	0.787939	2.40315	2.66923	200
1525	0.888195	2.39537	2.6581	200
1526	1.03435	2.38572	2.64795	200
1527	1.25872	2.37327	2.63927	200
1528	1.30164	2.36032	2.63091	200
1529	1.33635	2.347	2.62282	200
1530	1.01209	2.33779	2.61275	200
1531	1.16389	2.32668	2.60369	200
1532	0.732079	2.32099	2.592	200
1533	0.481945	2.31836	2.57881	200
1454	18.5219	2.48867	2.67845	200
1534	0.421248	2.48577	2.66434	200
1458	17.8724	2.6448	2.75939	200
1535	0.645586	2.63816	2.74618	200
1456	18.1681	2.79796	2.84257	200
1536	0.841091	2.788	2.83006	200
1459	17.9474	2.94212	2.92454	200
1537	0.884348	2.93084	2.91179	200
1538	0.990098	2.91823	2.89978	200
1539	1.15383	2.90357	2.88887	200
1540	1.29955	2.88714	2.87893	200
1541	1.37133	2.8699	2.86951	200
1542	1.2369	2.85443	2.8593	200
1543	1.34115	2.83773	2.84982	200
1544	1.3618	2.82086	2.84051	200
1545	1.2394	2.80561	2.83051	200
1477	15.5263	2.92924	2.90986	200
1546	1.08737	2.9154	2.89846	200
1478	15.807	3.04032	2.97914	200
1479	15.7724	3.16223	3.0591	200
1547	1.26133	3.14517	3.04786	200
1548	1.20743	3.12886	3.03636	200
1480	16.0586	3.25253	3.11775	200
1481	16.2122	3.37555	3.19959	200
1549	1.45145	3.35521	3.18866	200
1550	1.40004	3.33562	3.17748	200
1551	1.29352	3.31834	3.16627	200
1552	1.47517	3.29897	3.1562	200
1553	1.48194	3.27963	3.14624	200
1554	1.43624	3.26094	3.13606	200
1555	1.32257	3.24371	3.12526	200
1556	1.74343	3.22154	3.11704	200
1557	1.70539	3.2	3.10863	200
1558	1.75741	3.17799	3.10059	200
1559	1.67418	3.15713	3.0921	200
1560	1.52803	3.13817	3.08279	200
1561	1.72083	3.11702	3.07468	200
1562	1.67399	3.09659	3.06634	200
1563	1.84838	3.07422	3.05909	200
1564	1.95043	3.05082	3.05249	200
1565	1.80823	3.02932	3.04509	200
1566	1.85419	3.00743	3.038	200
1567	1.82482	2.98607	3.03078	200
1568	1.80854	2.96507	3.0235	200
1571	1.65695	2.94604	3.01537	200
1572	1.77296	2.92576	3.00797	200
1573	1.79645	2.90535	3.00076	200
1574	1.76942	2.88542	2.99343	200
1575	1.76351	2.86571	2.98611	200
1576	1.82946	2.84537	2.97922	200
1577	1.73522	2.8263	2.97182	200
1578	1.87095	2.80576	2.96526	200
1579	1.87472	2.78534	2.95877	200
1580	1.99865	2.76361	2.95305	200
1581	1.92701	2.74293	2.94695	200
1582	1.74593	2.72457	2.9398	200
1583	1.70255	2.70686	2.93243	200
1584	1.81181	2.68798	2.92576	200
1585	1.73376	2.67017	2.91867	200
1586	1.61872	2.65386	2.91093	200
1587	1.66312	2.63712	2.9035	200
1588	1.76431	2.61928	2.89672	200
1589	1.70144	2.60233	2.8896	200
1590	1.71513	2.58533	2.88261	200
1591	1.6469	2.56926	2.87526	200
1592	1.71093	2.55254	2.86833	200
1593	1.67128	2.5364	2.8612	200
1594	1.75467	2.51938	2.85461	200
1595	1.72549	2.50283	2.84789	200
1596	1.92011	2.48408	2.84237	200
1597	1.98786	2.46468	2.83728	200
1598	2.074	2.44442	2.83274	200
1599	2.0322	2.42485	2.82797	200
1570	6.5589	2.4404	2.85018	200
1600	1.98881	2.4216	2.84505	200
1569	6.84814	2.44043	2.86888	200
1601	2.20217	2.41931	2.86491	200
1602	2.20209	2.3984	2.86096	200
1603	2.23631	2.37728	2.85724	200
1604	2.19673	2.35685	2.85331	200
1605	2.36253	2.33463	2.85039	200
1606	2.48148	2.31123	2.84819	200
1607	2.31773	2.29003	2.84504	200
1608	2.53369	2.26647	2.84318	200
1609	2.54705	2.24302	2.84142	200
1610	2.53351	2.21998	2.83959	200
1611	2.6476	2.19584	2.83844	200
1612	2.80322	2.17011	2.83823	200
1613	2.76733	2.14512	2.83781	200
1614	2.78448	2.12022	2.83749	200
1615	2.83098	2.09506	2.83745	200
1616	3.19289	2.07435	2.83957	200
1617	3.35936	2.05584	2.84266	200
1621	4.1775	2.04725	2.85061	200
1622	4.1604	2.03848	2.8584	200
1623	4.59495	2.03488	2.86874	200
1624	4.57879	2.03101	2.87892	200
1625	4.65109	2.02793	2.88946	200
1626	5.02364	2.0292	2.90217	200
1627	5.23794	2.03284	2.91607	200
1628	5.32384	2.03731	2.9304	200
1629	5.25288	2.0407	2.94422	200
1638	0.490669	2.04562	2.92962	200
1639	0.583981	2.04919	2.91566	200
1618	8.16733	2.08731	2.94692	200
1640	0.653882	2.08976	2.93327	200
1641	0.552781	2.09322	2.9191	200
1619	8.07044	2.12963	2.94976	200
1630	5.76333	2.13777	2.96651	200
1642	0.605136	2.14043	2.95245	200
1643	0.601409	2.14294	2.93845	200
1644	0.709453	2.14391	2.92579	200
1631	5.90844	2.15345	2.94273	200
1645	0.770804	2.15366	2.93039	200
1620	8.75693	2.19539	2.9635	200
1646	0.898908	2.1939	2.95177	200
1647	0.954464	2.19167	2.94042	200
1648	0.956205	2.18931	2.92915	200
1649	0.88465	2.18767	2.91753	200
1650	1.14804	2.18291	2.90747	200
1651	1.15694	2.178	2.89753	200
1652	1.37839	2.17051	2.8889	200
1632	5.92747	2.18038	2.90616	200
1633	5.75407	2.18796	2.92234	200
1635	5.23096	2.18933	2.93546	200
1636	5.23083	2.19054	2.9485	200
1662	1.35948	2.1837	2.93947	200
1663	1.35811	2.17686	2.93048	200
1637	5.49704	2.18128	2.94507	200
1664	1.26594	2.17558	2.93552	200
1665	1.06144	2.17215	2.92488	200
1666	0.763515	2.17203	2.91259	200
1667	0.682366	2.17269	2.89992	200
1668	0.803485	2.17182	2.88801	200
1669	0.83694	2.17045	2.87636	200
1670	1.06907	2.16632	2.86609	200
1671	1.21978	2.16041	2.85673	200
1672	1.23775	2.15426	2.84753	200
1673	1.6704	2.14315	2.84084	200
1653	5.93119	2.15392	2.8584	200
1674	1.6945	2.14267	2.85179	200
1654	5.9528	2.15355	2.86941	200
1675	1.42129	2.14554	2.86118	200
1676	1.41072	2.13764	2.85294	200
1655	6.15048	2.15082	2.87167	200
1677	1.33596	2.14383	2.86295	200
1656	6.22099	2.15763	2.88203	200
1678	0.944003	2.15513	2.87101	200
1657	6.31231	2.16974	2.89057	200
1679	1.0598	2.16589	2.88016	200
1680	1.07293	2.16182	2.86989	200
1658	6.52028	2.17873	2.89063	200
1681	1.12436	2.17404	2.8806	200
1682	1.17698	2.1687	2.87092	200
1683	1.04045	2.16485	2.86052	200
1684	1.05764	2.16074	2.85027	200
1659	6.69842	2.17991	2.87214	200
1660	6.66469	2.19824	2.89369	200
1685	1.42842	2.18991	2.88536	200
1686	1.31518	2.18287	2.87644	200
1687	1.22875	2.17678	2.86707	200
1688	1.32737	2.16954	2.85833	200
1689	1.22253	2.16348	2.84903	200
1690	1.24417	2.15713	2.83991	200
1691	1.30685	2.15004	2.8312	200
1692	1.42293	2.14161	2.8232	200
1661	7.42325	2.16954	2.84933	200
1693	1.5088	2.16012	2.84172	200
1694	1.62657	2.14938	2.83481	200
1695	1.79096	2.13682	2.82888	200
1696	1.77378	2.12453	2.82289	200
1697	1.95528	2.11024	2.81796	200
1698	1.88202	2.0969	2.81264	200
1699	1.8933	2.08352	2.80742	200
1700	2.07493	2.06816	2.80325	200
1701	2.2482	2.05097	2.8001	200
1703	2.29407	2.03341	2.79722	200
1704	2.38927	2.01494	2.7949	200
1705	2.38721	1.99667	2.79259	200
1706	2.40196	1.97842	2.79037	200
1707	2.43378	1.95999	2.78834	200
1708	2.43771	1.94171	2.78635	200
1709	2.45693	1.92338	2.78448	200
1710	2.61201	1.90349	2.7835	200
1711	2.68281	1.883	2.78292	200
1712	2.65632	1.86304	2.7822	200
1713	2.68756	1.84294	2.78166	200
1714	2.63258	1.82369	2.78082	200
1715	2.53148	1.8058	2.7794	200
1716	2.55336	1.78785	2.77812	200
1717	2.527	1.77039	2.77669	200
1718	2.55842	1.75275	2.77545	200
1719	2.55423	1.73535	2.77419	200
1720	2.60132	1.71759	2.77321	200
1721	2.79229	1.69829	2.77332	200
1722	4.35145	1.69692	2.78228	200
1723	6.50856	1.71998	2.80345	200
1724	8.87533	1.76944	2.83795	200
1725	9.2361	1.82203	2.87431	200
1726	9.41557	1.87566	2.91147	200
1727	9.69425	1.929	2.94833	200
1728	9.70559	1.98148	2.98506	200
1729	10.0405	2.03663	3.0234	200
1730	9.96365	2.08993	3.06112	200
1731	11.0921	2.15451	3.10476	200
1740	2.54043	2.13722	3.1017	200
1741	2.73549	2.11797	3.09971	200
1742	2.38566	2.10271	3.09583	200
1732	11.2054	2.168	3.1399	200
1744	1.86587	2.15828	3.13297	200
1733	11.4098	2.22479	3.17795	200
1734	11.5573	2.29169	3.22349	200
1735	11.5028	2.35677	3.26849	200
1747	1.55501	2.34978	3.25918	200
1736	10.126	2.39887	3.2965	200
1748	1.4521	2.39285	3.28647	200
1749	1.61286	2.38503	3.27738	200
1737	8.2037	2.41265	3.30415	200
1738	5.74967	2.41301	3.31744	200
1750	2.00819	2.40101	3.31032	200
1751	1.98704	2.3893	3.30313	200
1752	1.73475	2.38037	3.29461	200
1739	5.50971	2.37858	3.30665	200
1753	1.71815	2.36999	3.29801	200
1754	2.10011	2.35725	3.2915	200
1755	2.10693	2.3445	3.28506	200
1743	5.98149	2.34832	3.29972	200
1756	2.58764	2.33054	3.29585	200
1745	5.88788	2.33338	3.30993	200
1757	2.95158	2.31191	3.30798	200
1758	2.78068	2.29251	3.30512	200
1759	2.83627	2.27269	3.30257	200
1760	2.74274	2.25407	3.29953	200
1761	2.76765	2.23535	3.29664	200
1762	2.86517	2.21574	3.29429	200
1763	2.88253	2.19613	3.29205	200
1764	2.94151	2.17607	3.29015	200
1765	2.98717	2.15571	3.2885	200
1766	2.2548	2.14352	3.28288	200
1767	2.22602	2.13171	3.27714	200
1746	6.08219	2.13902	3.29238	200
1768	2.34578	2.12606	3.28724	200
1769	2.38825	2.11272	3.28235	200
1770	2.15731	2.10199	3.27624	200
1771	2.32987	2.08943	3.27109	200
1772	2.32921	2.07695	3.26597	200
1773	2.29679	2.06491	3.26071	200
1774	2.30695	2.05283	3.25552	200
1775	2.4291	2.0395	3.25103	200
1776	2.49576	2.02554	3.24692	200
1777	2.51006	2.01153	3.24292	200
1778	2.45903	1.99819	3.23866	200
1779	2.69036	1.98243	3.23568	200
1780	2.73652	1.96631	3.23297	200
1781	2.68462	1.95089	3.22998	200
1782	2.76462	1.93474	3.22745	200
1783	2.71509	1.91928	3.22467	200
1784	2.57968	1.90543	3.22116	200
1785	2.5107	1.89244	3.2173	200
1786	2.53565	1.87928	3.2136	200
1787	2.51143	1.86649	3.20978	200
1788	2.88058	1.84978	3.20799	200
1789	2.91963	1.83281	3.20642	200
1790	2.89427	1.81628	3.20472	200
1791	2.76606	1.8013	3.20234	200
1792	2.77027	1.78642	3.19999	200
1793	2.78628	1.7715	3.19774	200
1794	2.79518	1.75662	3.19555	200
1795	2.5804	1.74421	3.19221	200
1796	2.7423	1.73014	3.18976	200
1797	2.72876	1.71634	3.18726	200
1798	3.09611	1.69868	3.18676	200
1799	2.86694	1.68369	3.18502	200
1800	2.90062	1.66848	3.18348	200
1801	3.03587	1.65195	3.18267	200
1802	2.85381	1.63757	3.18088	200
1803	3.06185	1.62106	3.18024	200
1804	2.77118	1.60789	3.17801	200
1807	2.86525	1.59381	3.17631	200
1811	2.92317	1.57923	3.17494	200
1805	4.49271	1.57639	3.1821	200
1806	4.52481	1.57385	3.1894	200
1819	2.48674	1.56438	3.18558	200
1820	2.48907	1.55495	3.18179	200
1808	4.81254	1.55577	3.19065	200
1821	2.37738	1.5477	3.18623	200
1809	5.08547	1.55152	3.19655	200
1810	5.23459	1.55681	3.20763	200
1822	2.23431	1.55046	3.20234	200
1812	5.6929	1.56068	3.21588	200
1823	2.4624	1.55191	3.21178	200
1813	5.78334	1.56299	3.22575	200
1824	2.51136	1.55377	3.22187	200
1814	5.42481	1.56053	3.23334	200
1815	5.61795	1.56911	3.24576	200
1825	2.60435	1.55945	3.24242	200
1826	3.0229	1.54549	3.24128	200
1816	6.23777	1.56061	3.25689	200
1827	3.30881	1.54489	3.25716	200
1828	3.17897	1.52961	3.25675	200
1817	6.60701	1.54858	3.2742	200
1829	3.29966	1.53271	3.27433	200
1830	3.02756	1.51931	3.27304	200
1818	6.65343	1.5387	3.29065	200
1831	2.82444	1.52753	3.28822	200
1832	2.31351	1.52177	3.28314	200
1833	2.2876	1.51629	3.27796	200
1834	2.22855	1.51142	3.27249	200
1835	2.31799	1.50562	3.26752	200
1836	2.43486	1.49861	3.26318	200
1837	2.482	1.49114	3.25911	200
1838	2.46321	1.48389	3.25497	200
1839	2.41499	1.47718	3.25059	200
1842	2.19296	1.47281	3.24508	200
1843	2.16437	1.46873	3.23945	200
1849	2.33838	1.46281	3.23476	200
1850	2.57238	1.45448	3.23131	200
1851	2.71731	1.44468	3.22863	200
1852	2.80963	1.43399	3.22645	200
1853	2.97116	1.42172	3.22512	200
1854	3.14306	1.40776	3.22469	200
1840	4.79039	1.40941	3.23284	200
1855	2.96491	1.39751	3.23145	200
1841	4.91405	1.40048	3.24021	200
1856	3.04148	1.38796	3.23917	200
1857	2.53281	1.38086	3.2355	200
1858	2.48987	1.37424	3.23161	200
1844	4.87253	1.37702	3.24016	200
1859	2.37264	1.37171	3.23564	200
1845	5.14656	1.37733	3.24559	200
1860	2.22026	1.37366	3.24025	200
1861	2.1275	1.37095	3.23445	200
1846	5.35446	1.37875	3.2455	200
1862	2.18518	1.37543	3.23997	200
1847	5.61862	1.38588	3.25236	200
1863	2.08748	1.38358	3.24629	200
1848	5.8839	1.39664	3.26003	200
1864	1.95616	1.39567	3.25324	200
1865	2.12783	1.39285	3.24737	200
1866	2.1698	1.38957	3.24176	200
1867	2.31577	1.38474	3.23694	200
1868	2.34242	1.37963	3.23228	200
1869	3.30348	1.366	3.23265	200
1870	3.3831	1.35334	3.23343	200
1871	3.10344	1.3406	3.23276	200
1872	3.02601	1.32879	3.23168	200
1873	2.99247	1.31744	3.23043	200
1874	3.00549	1.30606	3.22926	200
1875	2.97248	1.29513	3.22792	200
1876	3.02939	1.2837	3.22689	200
1877	2.81692	1.2746	3.22475	200
1878	2.83102	1.26543	3.2227	200
1879	2.83049	1.25633	3.22066	200
1881	2.75028	1.24814	3.21821	200
1882	2.57856	1.2418	3.21488	200
1883	2.65329	1.23472	3.21195	200
1884	2.51461	1.22912	3.20832	200
1885	2.58811	1.22278	3.20509	200
1886	2.78559	1.21441	3.2029	200
1887	1.89069	1.21543	3.19607	200
1889	2.08989	1.21429	3.1903	200
1890	2.1264	1.21272	3.18476	200
1891	2.29316	1.20938	3.18012	200
1892	2.40673	1.20483	3.17609	200
1893	2.38537	1.20052	3.17197	200
1894	2.38432	1.19622	3.16787	200
1895	2.4896	1.19082	3.16433	200
1896	2.53041	1.18502	3.16103	200
1880	5.58956	1.19797	3.17368	200
1900	2.87831	1.18857	3.17214	200
1901	2.87883	1.17925	3.17061	200
1902	2.98372	1.16891	3.16964	200
1903	3.21988	1.15725	3.1699	200
1904	3.2371	1.1459	3.17025	200
1905	3.00112	1.13572	3.16937	200
1907	3.10089	1.12461	3.16901	200
1908	3.16451	1.11294	3.16899	200
1909	3.39144	1.10366	3.17015	200
1910	3.42591	1.09483	3.17148	200
1911	3.33844	1.08516	3.17235	200
1913	3.15564	1.07403	3.17226	200
1899	6.17149	1.09409	3.18788	200
1914	3.15708	1.08301	3.18772	200
1917	3.00786	1.0736	3.18678	200
1915	3.85316	1.06936	3.19025	200
1916	3.90685	1.06569	3.19398	200
1906	6.14619	1.08534	3.20936	200
1922	2.73685	1.07895	3.2069	200
1923	2.8712	1.07121	3.20515	200
1912	6.62563	1.09568	3.22296	200
1924	3.83758	1.09087	3.22604	200
1931	2.07876	1.09143	3.2203	200
1932	2.26879	1.09003	3.21554	200
1933	2.0898	1.09039	3.20991	200
1918	6.40366	1.11142	3.22588	200
1934	1.89121	1.11366	3.21921	200
1919	6.77227	1.13805	3.23697	200
1935	2.21076	1.13693	3.23184	200
1929	4.08138	1.13406	3.23609	200
1936	1.93838	1.13569	3.2296	200
1888	12.3064	1.2151	3.27498	200
1937	1.70113	1.21869	3.26711	200
1920	6.72781	1.24111	3.28441	200
1938	1.48206	1.24672	3.2754	200
1921	6.87531	1.27025	3.2934	200
1939	1.48128	1.27567	3.28434	200
1940	1.61671	1.27959	3.276	200
1941	1.46625	1.28489	3.26695	200
1942	1.3447	1.29126	3.25734	200
1897	12.6501	1.37228	3.3043	200
1943	1.5778	1.37582	3.29567	200
1944	1.62486	1.37877	3.28731	200
1945	1.74067	1.38045	3.27958	200
1946	1.77456	1.38169	3.27205	200
1898	13.2041	1.4672	3.32171	200
1947	1.94576	1.46628	3.31483	200
1926	7.3299	1.49177	3.33491	200
1948	2.07514	1.48945	3.32861	200
1949	2.07229	1.48712	3.32233	200
1927	7.8103	1.51713	3.34477	200
1950	2.41879	1.51121	3.34014	200
1952	2.40382	1.50546	3.33546	200
1953	2.30556	1.50071	3.33031	200
1954	2.26539	1.49635	3.32498	200
1955	2.58652	1.48877	3.32129	200
1956	2.39725	1.48312	3.31667	200
1925	9.41968	1.52932	3.34718	200
1957	2.57753	1.52172	3.34333	200
1958	2.5981	1.51396	3.33961	200
1959	2.60579	1.50616	3.33594	200
1960	2.7127	1.49733	3.33282	200
1961	2.60658	1.48962	3.32919	200
1962	2.58377	1.48217	3.32546	200
1963	2.55922	1.47501	3.32163	200
1928	9.36496	1.5207	3.35184	200
1964	2.44656	1.51454	3.34732	200
1930	9.25015	1.55842	3.37683	200
1965	2.57889	1.55082	3.37284	200
1966	2.47938	1.54425	3.36837	200
1967	2.48018	1.53768	3.36393	200
1968	2.49056	1.53104	3.35956	200
1969	2.56997	1.52363	3.35561	200
1970	2.37518	1.51819	3.35071	200
1971	2.44398	1.51208	3.34618	200
1972	2.54471	1.50497	3.34217	200
1973	2.51499	1.49819	3.33803	200
1974	2.43276	1.49226	3.33351	200
1975	2.4058	1.48662	3.32887	200
1976	2.38895	1.48115	3.32417	200
1977	2.40674	1.47551	3.31958	200
1978	2.34363	1.47052	3.3147	200
1979	2.45955	1.46436	3.31042	200
1980	2.48564	1.45797	3.3063	200
1981	2.46943	1.45175	3.30212	200
1982	2.45584	1.4457	3.29788	200
1983	2.55098	1.43871	3.29415	200
1984	2.61614	1.4311	3.29076	200
1985	2.60088	1.42369	3.28731	200
1986	2.66707	1.41566	3.28421	200
1987	2.66473	1.40769	3.28111	200
1988	2.66638	1.39976	3.27803	200
1989	2.74529	1.39109	3.27537	200
1990	2.77545	1.38218	3.27287	200
1991	2.76186	1.37347	3.27031	200
1993	2.83324	1.3641	3.26813	200
1994	2.76331	1.35551	3.2656	200
1995	2.77801	1.34683	3.26316	200
1997	2.64811	1.33951	3.26009	200
1998	2.81192	1.3306	3.25785	200
1999	2.88039	1.32107	3.25596	200
2000	2.95029	1.31091	3.25443	200
2001	2.90537	1.30129	3.25268	200
1996	3.46724	1.29043	3.25376	200
2002	3.13234	1.27873	3.25315	200
2003	2.9288	1.26919	3.25153	200
2004	2.83757	1.26064	3.24946	200
2005	2.82646	1.25226	3.24734	200
2006	2.90839	1.24313	3.24565	200
2007	3.09046	1.23225	3.24487	200
2008	3.13849	1.22099	3.24434	200
2009	3.00509	1.21117	3.24314	200
2010	3.33684	1.19999	3.24361	200
2011	3.46821	1.19024	3.24473	200
1992	6.18879	1.20778	3.25945	200
2012	3.41109	1.19722	3.26021	200
2013	3.45485	1.18719	3.26118	200
2014	3.4711	1.17742	3.26223	200
2015	3.73864	1.17041	3.26461	200
2016	3.80856	1.16414	3.26733	200
2017	3.80833	1.15791	3.27004	200
2018	3.82056	1.15207	3.27268	200
2020	3.88508	1.14688	3.27563	200
2021	3.88271	1.14169	3.27854	200
2034	3.67197	1.13449	3.28044	200
2035	3.61672	1.12682	3.28205	200
2036	3.58747	1.11892	3.28352	200
2039	3.60373	1.11124	3.28506	200
2040	3.67146	1.10427	3.28692	200
2019	8.54007	1.14416	3.31217	200
2042	2.34562	1.14245	3.30752	200
2043	2.13282	1.14276	3.30187	200
2045	2.69403	1.13762	3.29895	200
2022	9.86062	1.18977	3.3305	200
2047	2.7896	1.18353	3.3279	200
2023	10.4003	1.24016	3.3619	200
2024	10.7625	1.29939	3.39748	200
2051	2.51749	1.29536	3.39325	200
2025	10.9126	1.3552	3.4294	200
2026	10.6117	1.41123	3.46393	200
2027	10.7523	1.46774	3.49897	200
2028	11.1105	1.52682	3.53556	200
2052	2.71661	1.52001	3.53162	200
2037	9.32809	1.56113	3.55949	200
2053	2.72406	1.55415	3.55547	200
2038	9.49942	1.59636	3.58405	200
2054	2.70188	1.58949	3.57981	200
2029	11.2903	1.64835	3.61688	200
2030	11.1499	1.70493	3.65309	200
2055	2.5457	1.69918	3.64777	200
2041	9.50774	1.73919	3.67594	200
2056	2.41239	1.73462	3.66987	200
2031	11.3764	1.79204	3.70691	200
2057	2.4618	1.78678	3.70093	200
2033	11.3413	1.84306	3.73766	200
2058	2.40113	1.83819	3.73123	200
2059	2.52012	1.83216	3.72541	200
2060	2.38817	1.8274	3.71898	200
2062	1.78111	1.82847	3.70966	200
2044	7.75227	1.84976	3.7291	200
2063	1.85832	1.84996	3.7201	200
2064	1.89781	1.84969	3.71134	200
2065	1.85239	1.84978	3.7024	200
2066	1.82482	1.85005	3.69338	200
2048	7.32527	1.86718	3.71084	200
2067	1.91017	1.86654	3.70218	200
2068	1.90131	1.86591	3.69352	200
2069	1.96377	1.8646	3.6852	200
2070	1.70716	1.86569	3.67569	200
2071	1.74021	1.86636	3.66639	200
2072	1.76593	1.86669	3.65725	200
2073	1.97183	1.86494	3.64915	200
2074	1.9344	1.8635	3.6409	200
2075	2.1153	1.86025	3.63357	200
2046	8.79269	1.89197	3.65837	200
2076	2.05342	1.88921	3.65065	200
2049	7.92616	1.91215	3.67121	200
2077	2.18318	1.90807	3.66406	200
2078	2.38501	1.90203	3.65791	200
2050	8.25277	1.92792	3.68	200
2079	2.36624	1.92201	3.67368	200
2080	2.43559	1.91543	3.66773	200
2081	2.51685	1.90808	3.66219	200
2082	2.68097	1.89917	3.65747	200
2061	5.18833	1.89563	3.66483	200
2083	2.69743	1.8867	3.66018	200
2084	2.80418	1.87679	3.65607	200
2085	2.86137	1.86639	3.65225	200
2086	2.98712	1.85484	3.64905	200
2087	3.03631	1.84289	3.6461	200
2088	3.10324	1.83039	3.64349	200
2090	3.18257	1.81722	3.64127	200
2091	3.27567	1.80326	3.63952	200
2092	3.27309	1.78945	3.63775	200
2093	3.29812	1.77551	3.63612	200
2094	3.43111	1.76041	3.63514	200
2095	3.72127	1.74431	3.63555	200
2096	3.85728	1.72967	3.63662	200
2097	4.02198	1.71674	3.63847	200
2098	4.05901	1.70428	3.64049	200
2099	4.17473	1.69303	3.64306	200
2100	4.15973	1.68171	3.64554	200
2102	3.99366	1.66889	3.64721	200
2103	4.44699	1.66053	3.65106	200
2104	4.79934	1.65561	3.65658	200
2106	4.4568	1.64738	3.66043	200
2107	4.56888	1.64028	3.66479	200
2109	4.43396	1.6319	3.66849	200
2101	5.53993	1.6342	3.67749	200
2105	5.11811	1.63234	3.68441	200
2089	7.10675	1.64955	3.70086	200
2108	5.46426	1.65064	3.70934	200
2110	5.62001	1.65315	3.71853	200
2111	5.86176	1.65786	3.72883	200
2122	3.69612	1.64223	3.72867	200
2123	3.67426	1.62696	3.72841	200
2124	3.67658	1.61182	3.72816	200
2116	7.374	1.63137	3.74569	200
2117	7.7076	1.65378	3.76473	200
2118	7.61149	1.67487	3.78323	200
2119	7.61599	1.69562	3.80165	200
2120	7.64206	1.71624	3.82012	200
2112	9.71498	1.75493	3.84741	200
2121	7.91736	1.77636	3.86625	200
2113	9.8926	1.81571	3.89415	200
2114	10.1376	1.85671	3.92306	200
2125	8.04508	1.87769	3.94214	200
2126	8.18916	1.89962	3.9618	200
2127	8.02279	1.91964	3.9806	200
2129	8.34837	1.9423	4.00082	200
2130	8.43937	1.96542	4.02137	200
2131	8.46959	1.9884	4.04196	200
2146	3.11504	1.97858	4.03767	200
2147	2.97179	1.97012	4.03273	200
2148	3.13376	1.96021	4.02857	200
2133	9.02195	1.98829	4.05169	200
2134	8.70923	2.01301	4.07325	200
2135	8.64195	2.03667	4.0944	200
2136	8.80151	2.06139	4.1162	200
2137	8.7458	2.08517	4.13763	200
2157	1.93526	2.08626	4.12743	200
2138	8.8339	2.11052	4.14922	200
2158	2.16817	2.10932	4.14005	200
2139	9.28586	2.13743	4.16387	200
2159	2.5015	2.13304	4.15617	200
2160	2.67343	2.12701	4.14931	200
2161	2.79521	2.11986	4.14304	200
2162	2.59742	2.11454	4.13588	200
2163	2.6959	2.10829	4.12922	200
2141	8.85064	2.13249	4.15107	200
2164	2.78204	2.12542	4.14474	200
2142	8.90835	2.14985	4.16679	200
2165	3.07003	2.14009	4.16171	200
2166	2.63475	2.13442	4.15464	200
2167	2.60923	2.12896	4.14749	200
2168	2.20193	2.12726	4.13848	200
2144	8.61447	2.14901	4.1592	200
2145	8.73722	2.1715	4.18039	200
2169	1.96891	2.17187	4.17016	200
2170	1.8777	2.17299	4.15954	200
2149	8.23745	2.19062	4.17842	200
2150	8.24547	2.208	4.19725	200
2155	6.56976	2.20952	4.20823	200
2171	2.19403	2.20771	4.19891	200
2172	2.18321	2.20593	4.18957	200
2156	6.77274	2.20943	4.20153	200
2173	2.33395	2.20626	4.19289	200
2174	2.21933	2.20411	4.18375	200
2175	2.48814	2.1994	4.1759	200
2176	2.36884	2.19576	4.16753	200
2177	2.39596	2.19184	4.15933	200
2178	2.51186	2.18679	4.1517	200
2179	2.60713	2.18085	4.14455	200
2180	2.71062	2.17393	4.13791	200
2181	2.71815	2.16695	4.13134	200
2182	2.74588	2.15971	4.12492	200
2184	2.26076	2.15697	4.11629	200
2185	2.10299	2.15564	4.10697	200
2186	1.98785	2.1553	4.09716	200
2187	1.8656	2.15601	4.08683	200
2188	1.81258	2.1571	4.0763	200
2189	1.7799	2.15839	4.06567	200
2190	1.6766	2.16053	4.05461	200
2191	2.03366	2.15923	4.04525	200
2192	2.00544	2.15813	4.0358	200
2193	2.29365	2.15428	4.02774	200
2194	2.52266	2.14826	4.02077	200
2195	2.58608	2.14166	4.01413	200
2196	2.65227	2.13444	4.00782	200
2197	2.57494	2.12794	4.00119	200
2198	2.51919	2.12196	3.99433	200
2199	2.49274	2.11621	3.98738	200
2200	2.63675	2.10913	3.98112	200
2201	2.64562	2.10196	3.97494	200
2202	2.62761	2.09497	3.9687	200
2203	2.66989	2.0876	3.96269	200
2204	2.69762	2.07998	3.95683	200
2205	2.69303	2.07243	3.95098	200
2206	2.61691	2.06559	3.9448	200
2207	2.64608	2.05849	3.93879	200
2208	2.47106	2.05302	3.93199	200
2209	2.42658	2.04795	3.92502	200
2183	6.38923	2.0518	3.93643	200
2210	2.49828	2.04612	3.92977	200
2211	2.26427	2.04259	3.92206	200
2212	2.41293	2.03765	3.91507	200
2213	2.71564	2.02989	3.90952	200
2214	2.73859	2.02194	3.9041	200
2215	2.88181	2.01268	3.89937	200
2216	3.09087	2.00153	3.89562	200
2217	3.25856	1.9889	3.89267	200
2218	3.4278	1.97479	3.89052	200
2219	3.79311	1.9574	3.89007	200
2220	3.82928	1.93984	3.88979	200
2221	3.94085	1.92235	3.89002	200
2222	3.91102	1.90474	3.89012	200
2223	4.0289	1.88839	3.89076	200
2224	3.98948	1.87182	3.89122	200
2225	3.97782	1.85529	3.89162	200
2226	3.88575	1.83817	3.89159	200
2227	3.78694	1.82211	3.89111	200
2228	3.71638	1.80686	3.8903	200
2229	3.84769	1.79052	3.8901	200
2230	3.86181	1.77421	3.88997	200
2231	3.51655	1.76124	3.88824	200
2232	3.59817	1.74761	3.8869	200
2233	3.43844	1.73558	3.88482	200
2234	3.50136	1.72306	3.88304	200
2235	3.20627	1.71338	3.87991	200
2237	3.07502	1.70496	3.87618	200
2238	3.03274	1.69698	3.87228	200
2242	3.18512	1.68797	3.86921	200
2243	3.51526	1.67606	3.86763	200
2244	3.50477	1.66433	3.86601	200
2245	3.54957	1.6523	3.8646	200
2246	3.5927	1.63997	3.86338	200
2247	3.67697	1.62699	3.86255	200
2248	3.62972	1.61454	3.86151	200
2249	3.59798	1.60248	3.86033	200
2250	3.57178	1.5882	3.85876	200
2251	3.89135	1.57129	3.85894	200
2252	5.68813	1.57422	3.86933	200
2236	8.66479	1.61082	3.89658	200
2253	5.77401	1.614	3.90775	200
2239	8.02103	1.64375	3.93224	200
2254	5.48416	1.6426	3.94193	200
2240	8.19059	1.67518	3.96849	200
2255	5.42399	1.67229	3.97806	200
2256	5.53113	1.67072	3.98828	200
2241	8.21117	1.70616	4.01761	200
2257	5.16439	1.69839	4.02557	200
2258	6.56634	1.71078	4.04425	200
2259	6.77487	1.72578	4.06433	200
2261	7.10693	1.74635	4.0881	200
2262	7.32033	1.76957	4.11335	200
2263	7.49635	1.79646	4.14154	200
2264	7.64819	1.82496	4.17076	200
2265	0.665876	1.85496	4.13947	200
2266	0.759822	1.88219	4.10929	200
2267	0.91333	1.90565	4.08076	200
2268	0.89808	1.92845	4.05234	200
2269	0.929909	1.94977	4.02446	200
2270	0.887449	1.97097	3.99645	200
2271	0.833051	1.99226	3.96821	200
2272	0.926774	2.011	3.94105	200
2274	1.15565	2.02483	3.91618	200
2280	0.687754	2.04632	3.88735	200
2275	3.75022	2.01223	3.88613	200
2281	1.01443	2.02757	3.86049	200
2276	3.80569	1.99234	3.86	200
2282	1.0317	2.00727	3.83474	200
2283	1.31621	2.0164	3.81226	200
2279	3.94853	1.98283	3.81347	200
2284	1.33176	1.99173	3.79131	200
2285	1.36579	1.99948	3.76966	200
2286	1.42997	2.00556	3.74877	200
2287	1.04059	2.0181	3.72459	200
2288	1.06602	2.02877	3.70243	200
2289	1.30265	2.03496	3.68243	200
2290	1.06469	2.04467	3.66062	200
2291	0.965205	2.05552	3.63815	200
2292	1.03089	2.06471	3.61643	200
2293	1.16687	2.07112	3.59601	200
2294	1.1434	2.07748	3.57558	200
2295	1.11306	2.0839	3.55505	200
2296	1.19208	2.08855	3.53536	200
2297	1.20421	2.09259	3.51593	200
2298	1.3673	2.09353	3.49803	200
2299	1.26703	2.09582	3.47944	200
2300	1.31948	2.09689	3.46144	200
2301	1.47192	2.0951	3.44486	200
2302	1.4652	2.09317	3.42836	200
2303	1.57311	2.08921	3.4129	200
2305	1.53209	2.08573	3.39722	200
2306	1.71253	2.07905	3.38318	200
2307	1.43472	2.07687	3.36695	200
2308	1.32458	2.0763	3.34993	200
2304	2.91983	2.04886	3.34634	200
2311	1.1402	2.05148	3.32796	200
2312	1.2165	2.05248	3.31036	200
2313	1.26086	2.05243	3.29328	200
2314	1.06192	2.05541	3.27468	200
2309	2.94425	2.02666	3.27193	200
2315	1.09941	2.02909	3.25383	200
2316	1.13539	2.03058	3.23617	200
2317	1.14004	2.03167	3.2187	200
2310	3.38297	2.00055	3.22007	200
2318	1.17053	2.00136	3.20299	200
2319	1.39355	1.99816	3.18791	200
2320	1.40166	1.99463	3.17303	200
2321	1.59291	1.98772	3.15986	200
2322	1.67997	1.97926	3.14753	200
2323	1.7823	1.96903	3.13615	200
2324	2.11708	1.95319	3.12766	200
2325	2.66914	1.92828	3.12384	200
2326	2.72789	1.90274	3.12053	200
2327	2.65805	1.87874	3.11668	200
2328	2.35227	1.86016	3.11031	200
2329	2.63261	1.83712	3.10633	200
2330	2.30186	1.81991	3.09962	200
2331	2.1694	1.80508	3.09187	200
2332	2.73569	1.78093	3.0889	200
2333	2.70742	1.75761	3.08572	200
2334	2.79331	1.73319	3.08329	200
2335	2.8552	1.7081	3.08139	200
2336	2.56366	1.68826	3.07707	200
2337	2.56619	1.66864	3.07281	200
2338	2.51154	1.65018	3.06813	200
2339	1.69436	1.64557	3.05669	200
2340	1.50678	1.64398	3.04377	200
2341	1.54666	1.64153	3.03129	200
2342	1.36929	1.64187	3.01744	200
2343	1.40953	1.64131	3.00404	200
2344	1.31525	1.6421	2.98997	200
2345	1.36123	1.64187	2.9764	200
2346	1.7527	1.6349	2.9662	200
2347	2.018	1.62346	2.9583	200
2348	1.83586	1.61511	2.94894	200
2349	2.04065	1.60406	2.94184	200
2350	2.24491	1.58989	2.9364	200
2351	2.33249	1.57448	2.93168	200
2352	2.36454	1.55874	2.92725	200
2353	1.97219	1.54931	2.91979	200
2354	2.00365	1.53942	2.91263	200
2355	2.21684	1.52623	2.90719	200
2356	2.36684	1.51083	2.90297	200
2357	2.40416	1.49502	2.89907	200
2358	2.76056	1.47382	2.89799	200
2359	3.04311	1.45306	2.89913	200
2360	3.09659	1.43344	2.90067	200
2361	3.46653	1.41988	2.90509	200
2365	2.96413	1.39862	2.90555	200
2367	2.66935	1.38046	2.9037	200
2368	2.58145	1.36392	2.90118	200
2369	2.15526	1.35426	2.89536	200
2370	2.33058	1.34193	2.89094	200
2371	3.51778	1.33075	2.89584	200
2372	3.70547	1.32261	2.90217	200
2373	3.66632	1.31388	2.90813	200
2374	3.61515	1.3044	2.91366	200
2375	2.04411	1.29761	2.90686	200
2376	2.05325	1.29067	2.90019	200
2377	2.6809	1.27393	2.89848	200
2378	2.59594	1.25875	2.89612	200
2379	2.35288	1.24757	2.89187	200
2380	4.09811	1.24692	2.90129	200
2381	3.79175	1.24135	2.90825	200
2382	3.3728	1.22922	2.91188	200
2383	3.64152	1.22141	2.91758	200
2384	4.94418	1.23399	2.93341	200
2385	2.91649	1.21497	2.93328	200
2386	2.9544	1.19632	2.93344	200
2387	3.22814	1.18223	2.93574	200
2388	2.87267	1.16474	2.93525	200
2389	2.97509	1.14717	2.93556	200
2390	4.21085	1.14917	2.94553	200
2391	4.2744	1.15198	2.95591	200
2393	3.74621	1.14632	2.96208	200
2394	3.75445	1.14079	2.96827	200
2395	3.88506	1.13729	2.97543	200
2396	3.96269	1.13495	2.98314	200
2399	2.723	1.12128	2.98111	200
2400	2.77048	1.10705	2.97947	200
2402	2.49838	1.09727	2.97571	200
2403	1.54103	1.10254	2.9645	200
2404	1.67027	1.10553	2.95439	200
2405	1.62983	1.10896	2.94404	200
2406	0.733854	1.12616	2.92677	200
2407	0.625687	1.14452	2.90879	200
2408	0.653212	1.16188	2.89117	200
2409	0.561334	1.18013	2.87297	200
2410	0.879172	1.19284	2.85739	200
2411	0.924852	1.2044	2.84229	200
2412	1.246	1.21052	2.82982	200
2413	1.1639	1.21764	2.8168	200
2414	2.36537	1.20566	2.81328	200
2415	2.10021	1.19797	2.80771	200
2416	2.3543	1.18633	2.80416	200
2417	1.87042	1.18239	2.79687	200
2418	1.89688	1.17797	2.78984	200
2419	2.02585	1.17151	2.78387	200
2420	4.83744	1.18448	2.79897	200
2421	6.32892	1.21897	2.82492	200
2422	6.56698	1.25607	2.85244	200
2423	6.83892	1.29622	2.88175	200
2425	4.00356	1.29366	2.89	200
2424	6.05075	1.32112	2.91324	200
2426	4.28502	1.32186	2.92332	200
2427	4.53961	1.32619	2.93521	200
2428	3.18817	1.31041	2.93707	200
2429	3.26812	1.29601	2.9395	200
2431	2.99665	1.27779	2.93992	200
2434	2.3468	1.26772	2.93556	200
2435	2.12511	1.26099	2.9296	200
2436	1.92332	1.25725	2.9222	200
2437	2.83021	1.24011	2.92152	200
2438	2.29726	1.23105	2.91693	200
2439	3.17136	1.21669	2.9188	200
2440	2.74198	1.2014	2.9175	200
2441	2.94324	1.18411	2.91769	200
2443	2.77593	1.16878	2.91664	200
2444	2.44468	1.15853	2.91317	200
2445	2.77381	1.14354	2.91215	200
2446	2.83431	1.12787	2.91158	200
2447	6.16763	1.15917	2.93552	200
2448	6.85291	1.19973	2.96432	200
2450	2.76266	1.18505	2.96284	200
2451	7.78458	1.23853	2.99829	200
2452	3.65431	1.22996	3.00312	200
2453	4.68062	1.23654	3.01545	200
2454	5.07195	1.2486	3.03057	200
2455	5.26427	1.26309	3.04699	200
2456	4.77784	1.26997	3.05972	200
2458	2.13155	1.26494	3.05289	200
2459	1.83476	1.26425	3.04394	200
2460	2.26465	1.25712	3.03821	200
2461	4.97988	1.26718	3.05248	200
2462	4.55041	1.27058	3.0635	200
2463	4.85917	1.2783	3.0767	200
2465	1.60198	1.28119	3.06586	200
2466	1.29594	1.28837	3.05284	200
2464	4.56584	1.29168	3.06397	200
2468	1.33188	1.29815	3.05123	200
2469	1.07717	1.30809	3.03671	200
2470	1.18287	1.31612	3.02308	200
2471	1.25069	1.32282	3.01005	200
2472	1.39861	1.32707	2.9982	200
2473	1.73001	1.3262	2.98888	200
2474	1.81247	1.324	2.98022	200
2475	1.72406	1.323	2.97099	200
2476	1.59953	1.32371	2.9609	200
2467	3.92524	1.31843	2.96799	200
2477	1.8823	1.31501	2.96001	200
2478	2.00448	1.30972	2.95298	200
2479	1.93057	1.30549	2.94546	200
2480	2.46857	1.29331	2.94196	200
2481	2.43927	1.28168	2.93826	200
2482	2.37825	1.27107	2.93414	200
2483	2.49738	1.2588	2.93093	200
2484	2.71622	1.24344	2.92935	200
2485	3.00164	1.22622	2.92988	200
2486	2.93619	1.20828	2.92993	200
2487	3.2239	1.19558	2.93197	200
2488	3.36203	1.18495	2.93496	200
2489	3.31864	1.17382	2.93762	200
2490	3.21989	1.16143	2.93958	200
2491	2.8769	1.14617	2.93914	200
2492	3.03597	1.1316	2.93982	200
2493	2.74051	1.11865	2.93843	200
2494	2.85416	1.10428	2.93784	200
2495	7.54865	1.15298	2.96986	200
2496	7.75802	1.20347	3.00312	200
2497	7.81397	1.25357	3.03652	200
2498	7.95098	1.30442	3.07065	200
2499	8.1391	1.3567	3.10585	200
2500	7.76555	1.40257	3.13821	200
2501	7.92328	1.44955	3.17144	200
2502	8.0719	1.49748	3.20547	200
2503	3.13086	1.47772	3.20495	200
2504	2.81739	1.46257	3.20226	200
2505	2.89252	1.44656	3.2001	200
2506	2.73626	1.43291	3.19688	200
2507	2.53382	1.42222	3.19228	200
2508	2.33333	1.4144	3.18631	200
2509	2.22956	1.40804	3.17967	200
2510	2.00511	1.4048	3.17151	200
2511	1.5476	1.40784	3.16023	200
2512	1.61022	1.40981	3.14947	200
2513	1.67908	1.41065	3.13926	200
2514	1.76749	1.41011	3.12973	200
2515	1.95074	1.4069	3.12154	200
2516	1.92398	1.404	3.11322	200
2517	1.93926	1.4008	3.10507	200
2518	1.81896	1.39921	3.09614	200
2519	1.87167	1.39678	3.08764	200
2520	1.81574	1.39505	3.0788	200
2521	1.77548	1.39377	3.06975	200
2522	1.73921	1.39289	3.06051	200
2523	1.68777	1.39261	3.05098	200
2524	1.73717	1.39152	3.04185	200
2525	1.73663	1.39032	3.03279	200
2526	1.89791	1.38677	3.02491	200
2527	2.14799	1.37969	3.01882	200
2528	2.29186	1.37062	3.01377	200
2530	2.17282	1.36326	3.00793	200
2531	2.23651	1.35504	3.00257	200
2529	2.48366	1.34343	2.99897	200
2532	2.26262	1.335	2.99385	200
2533	2.15191	1.32815	2.988	200
2534	2.04632	1.32278	2.98147	200
2535	2.02834	1.31765	2.97485	200
2536	2.1621	1.31063	2.9692	200
2537	1.8277	1.30828	2.96127	200
2538	1.85021	1.30554	2.95356	200
2539	2.03092	1.30022	2.94715	200
2540	2.15473	1.29317	2.94165	200
2541	2.07888	1.28719	2.93565	200
2542	2.23117	1.2791	2.93076	200
2543	2.41577	1.26849	2.92718	200
2544	2.30654	1.25949	2.92287	200
2545	2.34178	1.25007	2.91884	200
2546	2.10092	1.24406	2.91316	200
2547	2.0702	1.23849	2.9073	200
2548	1.86062	1.23583	2.90003	200
2549	1.69887	1.23535	2.89169	200
2550	1.79982	1.23335	2.88411	200
2551	2.05515	1.22774	2.87835	200
2552	1.98582	1.22308	2.87215	200
2553	1.87814	1.2199	2.86525	200
2554	1.88688	1.21654	2.85846	200
2555	2.05618	1.21079	2.85288	200
2556	2.13796	1.2039	2.84792	200
2557	2.2298	1.19577	2.84362	200
2558	2.39293	1.18542	2.8405	200
2559	2.30843	1.17682	2.83699	200
2560	3.11935	1.16505	2.83885	200
2561	4.27004	1.16855	2.84827	200
2562	4.30998	1.17241	2.85788	200
2563	4.24156	1.17519	2.86699	200
2564	4.35716	1.17933	2.87679	200
2565	4.19278	1.18113	2.88544	200
2566	4.21091	1.18303	2.89417	200
2567	4.38381	1.18706	2.90396	200
2568	4.6354	1.19422	2.91536	200
2569	4.8121	1.20347	2.92783	200
2570	4.71204	1.21111	2.93957	200
2571	4.04888	1.20977	2.94687	200
2572	4.02968	1.2081	2.95399	200
2573	3.92159	1.20493	2.96036	200
2574	4.04446	1.20334	2.96749	200
2575	3.96726	1.20066	2.97407	200
2576	3.90211	1.19707	2.98017	200
2577	3.60554	1.18955	2.98429	200
2578	3.44297	1.17993	2.9873	200
2579	2.98432	1.16445	2.98728	200
2580	3.02255	1.14959	2.98752	200
2581	3.01388	1.13481	2.98769	200
2582	2.68576	1.12385	2.9857	200
2583	1.58892	1.12744	2.97651	200
2584	1.56105	1.13123	2.9672	200
2585	1.83057	1.1313	2.95972	200
2586	1.98478	1.12924	2.9533	200
2587	2.80739	1.11631	2.95235	200
2588	2.78286	1.10385	2.95123	200
2589	2.92958	1.08961	2.95109	200
2590	3.03535	1.07638	2.95164	200
2591	2.87215	1.06326	2.95112	200
2592	2.96488	1.04945	2.95121	200
2593	3.08911	1.03746	2.95211	200
2594	3.3924	1.0296	2.95501	200
2595	3.58445	1.02433	2.95915	200
2596	7.2794	1.0677	2.98757	200
2597	7.26658	1.10995	3.01572	200
2598	8.48113	1.16726	3.05168	200
2599	8.55346	1.22429	3.08787	200
2600	8.41502	1.27828	3.12292	200
2601	9.40386	1.3441	3.16424	200
2602	9.49321	1.40969	3.20588	200
2603	9.18737	1.46985	3.24523	200
2604	8.98141	1.52598	3.28297	200
2605	8.44302	1.5738	3.31692	200
2606	8.32124	1.61894	3.34984	200
2607	5.54253	1.62648	3.36426	200
2608	5.57834	1.63421	3.37883	200
2609	5.54979	1.64128	3.39311	200
2610	3.52428	1.62141	3.39397	200
2611	3.56543	1.60233	3.3951	200
2612	3.49954	1.58262	3.39579	200
2613	6.81828	1.60683	3.4183	200
2614	6.77428	1.62984	3.44038	200
2615	6.82885	1.65298	3.46267	200
2616	6.85176	1.67582	3.48497	200
2617	6.7996	1.69739	3.50678	200
2618	6.84686	1.719	3.52875	200
2619	6.54822	1.73611	3.54861	200
2620	6.67779	1.75444	3.5692	200
2621	6.76753	1.77344	3.59024	200
2622	6.79073	1.79221	3.6113	200
2623	6.84877	1.81123	3.63259	200
2624	6.93119	1.8308	3.6543	200
2625	4.04689	1.81188	3.65688	200
2626	4.05716	1.7933	3.65951	200
2627	4.09598	1.77545	3.66238	200
2628	4.12705	1.7582	3.66544	200
2629	4.28015	1.74315	3.66948	200
2630	4.26856	1.7281	3.67342	200
2631	4.19718	1.71225	3.67687	200
2632	4.09914	1.69528	3.67965	200
2633	4.00988	1.67732	3.68182	200
2634	3.95679	1.65887	3.68363	200
2635	3.89385	1.6398	3.68501	200
2636	6.03376	1.64965	3.70132	200
2637	5.3373	1.64946	3.71268	200
2638	5.38109	1.64974	3.72495	200
2639	5.42765	1.65051	3.73747	200
2640	5.57617	1.65345	3.75183	200
2641	5.71914	1.65836	3.7672	200
2642	5.72954	1.66342	3.78355	200
2643	6.55512	1.68189	3.80665	200
2644	6.88337	1.7068	3.83412	200
2645	6.86974	1.73053	3.86122	200
2646	6.9192	1.75605	3.89062	200
2647	7.21363	1.78619	3.92257	200
2648	7.24545	1.8182	3.95719	200
2649	4.22415	1.77942	3.96052	200
2650	3.84244	1.73789	3.95905	200
2651	3.61487	1.70304	3.95474	200
2652	3.32138	1.6763	3.94683	200
2653	3.22958	1.65232	3.93786	200
2654	1.62892	1.66874	3.909	200
2655	1.11599	1.69684	3.87408	200
2656	1.20596	1.72113	3.84073	200
2657	1.40715	1.73894	3.81031	200
2658	1.63342	1.74988	3.7831	200
2659	1.86818	1.75401	3.75916	200
2660	2.8498	1.73289	3.74779	200
2661	2.96615	1.70911	3.73802	200
2662	2.97913	1.68535	3.72854	200
2663	3.26272	1.65764	3.72324	200
2664	3.17326	1.63246	3.71699	200
2665	2.99867	1.61169	3.70883	200
2666	2.824	1.59517	3.69877	200
2667	2.67493	1.58218	3.68714	200
2668	1.83705	1.58827	3.66612	200
2669	1.79546	1.59469	3.64486	200
2670	1.83458	1.59959	3.62429	200
2671	1.85961	1.60334	3.60423	200
2672	1.64336	1.61146	3.58195	200
2673	1.73004	1.61693	3.5609	200
2674	1.84092	1.61927	3.54136	200
2675	1.83628	1.62122	3.52198	200
2676	1.81417	1.62319	3.50258	200
2677	1.80432	1.62489	3.48328	200
2678	1.92561	1.62336	3.46557	200
2679	1.92361	1.62151	3.44805	200
2680	1.96188	1.61844	3.43116	200
2681	1.83936	1.61783	3.41307	200
2682	1.86343	1.61628	3.39546	200
2683	1.72689	1.61747	3.3765	200
2684	1.75194	1.61763	3.35804	200
2685	1.7633	1.61711	3.33992	200
2686	1.69739	1.61769	3.32125	200
2687	1.52233	1.6218	3.30081	200
2688	1.59352	1.62375	3.28141	200
2689	1.62593	1.62447	3.26259	200
2690	1.80262	1.62073	3.246	200
2691	1.76818	1.61748	3.22921	200
2692	1.83249	1.61246	3.21334	200
2693	1.81341	1.60763	3.19743	200
2694	1.91847	1.60016	3.18289	200
2695	1.85039	1.59408	3.16775	200
2696	1.87083	1.58732	3.15301	200
2697	1.91998	1.57927	3.139	200
2698	1.94866	1.57043	3.12547	200
2699	2.03174	1.5596	3.11305	200
2700	1.81954	1.55355	3.09835	200
2701	1.89585	1.54557	3.08468	200
2702	1.87865	1.53785	3.07098	200
2703	1.85457	1.53055	3.05715	200
2704	1.84739	1.52326	3.0434	200
2705	1.93124	1.51391	3.03077	200
2706	1.87064	1.50587	3.01758	200
2707	1.95467	1.4958	3.0055	200
2708	1.8371	1.48898	2.99333	200
2709	1.79018	1.48303	2.9808	200
2710	1.88217	1.47502	2.96935	200
2711	1.9115	1.46633	2.95833	200
2712	1.87514	1.45835	2.94705	200
2713	2.14708	1.44463	2.93872	200
2714	2.17993	1.43034	2.93081	200
2715	2.12528	1.41732	2.92242	200
2716	2.13977	1.4041	2.91427	200
2717	2.10865	1.39163	2.90588	200
2718	2.1568	1.37824	2.89807	200
2719	2.18159	1.36446	2.89061	200
2720	2.16674	1.35111	2.88307	200
2721	2.22033	1.33677	2.87616	200
2722	2.26187	1.32172	2.86977	200
2723	2.38056	1.30437	2.86467	200
2724	2.40958	1.28668	2.85993	200
2725	2.3566	1.27036	2.85469	200
2726	2.27202	1.25603	2.84862	200
2728	2.11885	1.24507	2.84101	200
2729	2.14041	1.23372	2.83372	200
2730	2.12694	1.22274	2.82635	200
2727	2.49337	1.20421	2.82288	200
2731	2.22502	1.19157	2.81666	200
2732	2.23669	1.17883	2.81061	200
2733	2.27939	1.16534	2.80508	200
2734	2.199	1.15369	2.79877	200
2735	2.20701	1.14198	2.7926	200
2736	2.17028	1.13115	2.78612	200
2737	2.06067	1.1227	2.77856	200
2738	2.06415	1.1142	2.77112	200
2739	2.08431	1.10529	2.76396	200
2740	2.1761	1.09451	2.75784	200
2741	2.24272	1.08244	2.75247	200
2742	2.21414	1.0711	2.74687	200
2743	2.30708	1.05795	2.74228	200
2744	2.33501	1.04439	2.73804	200
2745	2.33643	1.031	2.73386	200
2746	2.29231	1.01872	2.72926	200
2747	2.33582	1.0057	2.72516	200
2748	2.29738	0.993655	2.7207	200
2749	2.30725	0.981567	2.71639	200
2750	2.30463	0.969696	2.7121	200
2751	2.27487	0.958603	2.70755	200
2752	2.35108	0.946058	2.70384	200
2753	2.26855	0.935416	2.6993	200
2754	2.34369	0.924265	2.69588	200
2755	2.32742	0.913576	2.69234	200
2756	2.29976	0.903556	2.68856	200
2757	2.27428	0.894146	2.68458	200
2758	2.30956	0.884162	2.68097	200
2759	2.30584	0.874373	2.67736	200
2760	2.58213	0.859389	2.67645	200
2761	2.50097	0.846236	2.67476	200
2762	2.44149	0.834448	2.67252	200
2763	2.37744	0.824075	2.66968	200
2764	2.35343	0.814309	2.66664	200
2765	2.36467	0.804456	2.66373	200
2766	2.46964	0.792718	2.66187	200
2767	2.52461	0.780112	2.66055	200
2768	2.64458	0.765416	2.66039	200
2769	2.93636	0.756003	2.66305	200
2770	2.97521	0.747467	2.66605	200
2771	3.0808	0.741068	2.67003	200
2772	3.14683	0.735985	2.67462	200
2773	3.17173	0.731391	2.6794	200
2774	3.13028	0.725996	2.68373	200
2775	3.18516	0.721677	2.68855	200
2776	2.81685	0.710265	2.68979	200
2777	3.16155	0.705678	2.69432	200
2778	3.29808	0.703718	2.70013	200
2779	3.3274	0.702247	2.70616	200
2780	3.49993	0.704007	2.71379	200
2781	3.49295	0.705452	2.72128	200
2782	3.28642	0.702753	2.72671	200
2783	3.16258	0.69762	2.73091	200
2784	3.12964	0.691872	2.73474	200
2785	2.89606	0.681669	2.73629	200
2786	2.90043	0.671716	2.73787	200
2787	2.74464	0.658928	2.73793	200
2788	2.6585	0.647783	2.73717	200
2789	2.6734	0.636551	2.73656	200
2790	2.65229	0.62593	2.73574	200
2791	2.65877	0.615373	2.735	200
2792	2.73839	0.603603	2.73503	200
2793	2.41566	0.598137	2.73196	200
2794	2.37173	0.593561	2.7285	200
2795	2.43567	0.587777	2.72568	200
2796	2.48855	0.581033	2.7234	200
2797	2.46936	0.574744	2.72096	200
2798	2.1291	0.575073	2.71527	200
2799	2.16023	0.574687	2.70993	200
2800	2.28852	0.571739	2.70588	200
2801	2.40809	0.56647	2.70302	200
2802	2.38449	0.561701	2.69995	200
2803	2.28487	0.558881	2.69596	200
2804	2.48092	0.552268	2.69389	200
2805	2.48524	0.545659	2.69189	200
2806	2.55676	0.537764	2.69059	200
2807	2.52997	0.531029	2.68915	200
2808	2.56404	0.52378	2.68803	200
2809	2.60059	0.515988	2.68725	200
2810	2.60877	0.508175	2.68655	200
2811	2.6321	0.500072	2.68606	200
2812	2.5882	0.492889	2.68519	200
2813	2.77837	0.485751	2.68602	200
2814	2.74281	0.478091	2.68653	200
2815	3.18605	0.478473	2.69099	200
2816	3.16748	0.478437	2.69524	200
2817	3.07458	0.476667	2.69863	200
2818	3.04895	0.47441	2.70175	200
2819	3.06515	0.472427	2.705	200
2820	3.0669	0.470453	2.70823	200
2821	3.04795	0.468118	2.71126	200
2822	3.01419	0.465168	2.71397	200
2823	3.04045	0.462691	2.71688	200
2824	3.11234	0.46149	2.72041	200
2825	3.18288	0.461507	2.72454	200
2826	3.14521	0.460777	2.7283	200
2827	3.12761	0.459679	2.73186	200
2828	3.12377	0.458468	2.73536	200
2829	3.0798	0.456431	2.73844	200
2830	3.15021	0.455633	2.74211	200
2831	2.93651	0.450968	2.74385	200
2832	2.91701	0.446007	2.74539	200
2833	2.63243	0.440059	2.74438	200
2834	2.59756	0.434822	2.74307	200
2835	2.6852	0.42809	2.74256	200
2836	2.67985	0.421565	2.742	200
2837	2.79914	0.415057	2.74251	200
2838	2.79308	0.408548	2.74296	200
2839	2.74942	0.401367	2.74301	200
2840	2.76688	0.394625	2.74323	200
2841	2.76082	0.387892	2.74338	200
2842	2.76863	0.381416	2.74361	200
2843	2.71566	0.375104	2.74336	200
2844	2.80332	0.369476	2.74389	200
2845	2.88791	0.365449	2.74518	200
2846	2.99835	0.363443	2.74744	200
2847	3.02399	0.361891	2.74991	200
2848	3.03718	0.360558	2.75247	200
2849	3.19502	0.362022	2.75642	200
2850	3.12973	0.362223	2.75976	200
2851	2.62946	0.358081	2.75859	200
2852	2.84509	0.353231	2.75936	200
2853	2.88844	0.349228	2.76052	200
2854	2.89739	0.345435	2.76174	200
2855	3.00011	0.343523	2.76387	200
2856	3.01701	0.341908	2.76613	200
2857	2.96838	0.339414	2.76793	200
2858	2.87345	0.335237	2.76887	200
2859	2.95949	0.332654	2.77057	200
2860	2.94368	0.329805	2.77212	200
2861	2.94995	0.327091	2.77371	200
2862	2.93145	0.324067	2.77511	200
2863	2.87137	0.32027	2.77592	200
2864	2.90958	0.317159	2.77703	200
2865	2.80511	0.312341	2.77726	200
2866	2.76035	0.307417	2.77712	200
2867	2.75821	0.302608	2.77696	200
2868	2.6688	0.299367	2.77606	200
2869	2.55856	0.298002	2.77425	200
2870	2.85403	0.294364	2.77491	200
2871	3.06935	0.294365	2.77737	200
2872	3.21874	0.296815	2.78104	200
2873	3.2789	0.300165	2.78519	200
2874	3.22341	0.302465	2.78884	200
2875	3.0315	0.301468	2.79086	200
2876	3.03752	0.300554	2.79292	200
2877	3.13834	0.301301	2.7958	200
2878	3.25421	0.303919	2.79962	200
2879	3.23865	0.30617	2.80328	200
2880	3.1722	0.307215	2.80635	200
2881	3.31266	0.310533	2.81057	200
2882	3.33553	0.314106	2.81494	200
2883	3.44248	0.319329	2.82017	200
2884	3.50331	0.325392	2.82586	200
2885	3.56014	0.332206	2.83198	200
2886	3.55461	0.338713	2.838	200
2887	3.46317	0.343487	2.84321	200
2888	3.34864	0.346186	2.84742	200
2889	3.49275	0.351171	2.8528	200
2890	3.46361	0.355498	2.85789	200
2891	3.43346	0.359165	2.86268	200
2892	3.41331	0.362356	2.86727	200
2893	3.17883	0.361509	2.86987	200
2894	3.18474	0.360731	2.87249	200
2895	3.06255	0.357886	2.87407	200
2896	4.24246	0.374727	2.88548	200
2897	4.12485	0.389137	2.89581	200
2898	4.02811	0.401523	2.90524	200
2899	3.81353	0.409969	2.91281	200
2900	3.71262	0.416466	2.91947	200
2901	3.67072	0.422045	2.92573	200
2902	3.45323	0.423802	2.93013	200
2903	3.38782	0.424366	2.93394	200
2904	3.30863	0.423538	2.93707	200
2905	3.15832	0.420166	2.93891	200
2906	3.03799	0.414814	2.93973	200
2907	3.02588	0.409336	2.94045	200
2908	3.02327	0.403894	2.94114	200
2909	3.01025	0.398314	2.94172	200
2910	2.93252	0.391828	2.94164	200
2911	2.99989	0.386268	2.94212	200
2912	2.91382	0.380301	2.94189	200
2913	2.42686	0.382546	2.9376	200
2914	2.55902	0.382479	2.93444	200
2915	2.73434	0.379439	2.93277	200
2916	2.72835	0.376522	2.93107	200
2917	2.83699	0.371814	2.93029	200
2918	1.75494	0.385206	2.92049	200
2919	1.77853	0.397818	2.91097	200
2920	1.81594	0.409438	2.90185	200
2921	1.89402	0.419411	2.89345	200
2922	1.95326	0.42809	2.88561	200
2923	1.94146	0.436691	2.87774	200
2924	1.94742	0.444404	2.87048	200
2925	2.09599	0.449561	2.86443	200
2926	2.1792	0.453243	2.85907	200
2927	2.27198	0.455334	2.85448	200
2928	2.38078	0.455621	2.85078	200
2929	2.56284	0.453	2.84853	200
2930	2.65415	0.448959	2.84701	200
2931	2.72887	0.443789	2.84609	200
2932	2.72508	0.438745	2.84515	200
2933	2.75148	0.433353	2.84441	200
2934	2.63925	0.429787	2.84281	200
2935	2.76004	0.424364	2.84216	200
2936	2.69568	0.420022	2.84102	200
2937	2.60877	0.417088	2.8392	200
2938	2.61398	0.41409	2.83744	200
2939	2.71439	0.409542	2.83648	200
2940	2.81818	0.403428	2.83634	200
2941	2.85977	0.39749	2.83652	200
2942	2.87227	0.391837	2.8368	200
2943	2.87523	0.386315	2.8371	200
2945	2.90584	0.381352	2.83764	200
2946	3.14147	0.38014	2.84001	200
2947	3.22044	0.380144	2.84298	200
2948	3.1342	0.378754	2.84526	200
2949	3.29451	0.379855	2.84877	200
2950	3.41485	0.382764	2.85319	200
2951	3.60358	0.388508	2.85905	200
2944	4.29319	0.404845	2.87025	200
2952	3.87104	0.414156	2.87807	200
2953	4.06304	0.426199	2.88733	200
2954	4.14432	0.43918	2.89715	200
2955	4.32289	0.454594	2.90829	200
2956	4.91965	0.478918	2.924	200
2957	4.81731	0.501017	2.93879	200
2958	4.86052	0.523215	2.9538	200
2959	4.8096	0.544036	2.9683	200
2960	4.65374	0.56187	2.98147	200
2961	4.66871	0.579453	2.99465	200
2962	4.62994	0.59595	3.00743	200
2963	4.52928	0.610417	3.01931	200
2964	4.57642	0.625209	3.03148	200
2965	4.66253	0.640925	3.04422	200
2966	4.69289	0.656671	3.0571	200
2967	4.63629	0.671085	3.06944	200
2969	4.60561	0.684601	3.08144	200
2970	4.58244	0.697357	3.09316	200
2971	4.52506	0.708834	3.10435	200
2972	4.63788	0.721719	3.11633	200
2968	5.37057	0.745664	3.13394	200
2973	4.76893	0.759559	3.14671	200
2974	5.00354	0.776703	3.16122	200
2975	5.03701	0.793876	3.17587	200
2976	4.94386	0.809096	3.18969	200
2977	4.95231	0.823994	3.20346	200
2978	4.93359	0.838152	3.21697	200
2979	5.0645	0.853923	3.23141	200
2980	4.97	0.867746	3.24499	200
2981	5.07625	0.882801	3.25929	200
2982	5.31201	0.90108	3.27533	200
2983	5.32723	0.919061	3.29136	200
2984	5.41527	0.937886	3.30795	200
2985	5.3951	0.955843	3.32426	200
2986	5.31273	0.971977	3.33979	200
2987	5.31613	0.98767	3.35523	200
2988	5.41834	1.00348	3.3704	200
2989	5.38819	1.0184	3.38524	200
2990	5.41056	1.03321	3.40013	200
2991	5.46859	1.04843	3.41534	200
2992	5.33087	1.06118	3.42942	200
2993	5.3995	1.07455	3.44391	200
2994	5.38454	1.08729	3.45818	200
2995	5.19916	1.0969	3.47098	200
2996	5.39571	1.10907	3.48513	200
2997	5.03771	1.11559	3.49654	200
2998	5.06078	1.12219	3.50805	200
2999	5.29118	1.13191	3.52116	200
3000	5.35142	1.14218	3.53461	200
3001	5.29413	1.15126	3.54755	200
3002	5.35246	1.16087	3.56082	200
3003	5.39625	1.17079	3.57432	200
3011	4.39727	1.16567	3.58037	200
3012	4.54704	1.16275	3.58747	200
3013	4.63398	1.16104	3.59517	200
3014	4.4796	1.15697	3.60167	200
3015	4.47132	1.15274	3.60806	200
3016	4.40616	1.14753	3.61393	200
3017	4.42478	1.14257	3.6199	200
3018	4.35455	1.13657	3.6253	200
3019	4.31104	1.12994	3.63034	200
3020	4.23167	1.12217	3.63476	200
3021	4.22457	1.11434	3.6391	200
3022	4.12196	1.10505	3.64264	200
3023	5.40343	1.1147	3.65559	200
3024	5.07653	1.1192	3.66604	200
3025	4.47754	1.11468	3.672	200
3026	4.38461	1.10876	3.67724	200
3027	4.35027	1.10235	3.68219	200
3028	4.511	1.09833	3.68829	200
3029	4.43873	1.09322	3.6938	200
3030	4.1973	1.08454	3.69751	200
3034	3.72104	1.06894	3.69768	200
3035	3.87464	1.05582	3.69898	200
3036	3.80733	1.04189	3.69977	200
3037	3.80627	1.02813	3.70056	200
3038	3.98947	1.01726	3.70268	200
3039	4.0043	1.00673	3.7049	200
3040	3.89657	0.994748	3.70631	200
3041	3.92466	0.98333	3.70791	200
3042	3.21173	0.976166	3.70426	200
3043	3.46976	0.965259	3.70254	200
3044	3.57436	0.952948	3.7016	200
3045	3.53474	0.941387	3.70037	200
3046	3.62714	0.928619	3.69983	200
3047	3.65201	0.915666	3.69948	200
3048	3.74534	0.902874	3.69982	200
3049	3.79548	0.891003	3.70052	200
3050	3.68287	0.878159	3.70039	200
3051	3.79351	0.866614	3.70107	200
3052	3.92314	0.857135	3.7027	200
3053	3.89968	0.847426	3.70415	200
3054	4.13712	0.84133	3.70734	200
3055	3.85035	0.83106	3.70839	200
3056	3.89468	0.821578	3.70975	200
3057	3.95524	0.813105	3.71156	200
3058	3.95098	0.804668	3.71332	200
3059	3.46018	0.796557	3.71146	200
3060	3.24331	0.791727	3.70802	200
3061	3.25429	0.786756	3.70468	200
3062	3.14926	0.783353	3.70059	200
3063	3.06467	0.781185	3.69592	200
3064	2.78989	0.78302	3.68926	200
3065	2.82689	0.784186	3.68291	200
3066	2.89612	0.784224	3.67713	200
3067	2.60762	0.788186	3.6697	200
3068	2.47033	0.793896	3.66137	200
3069	2.11931	0.804287	3.65066	200
3070	2.10309	0.81461	3.63991	200
3071	2.09412	0.824765	3.62918	200
3072	2.08405	0.83477	3.61845	200
3073	2.09737	0.844302	3.60789	200
3074	2.0072	0.854807	3.59677	200
3075	1.93519	0.866012	3.58523	200
3076	1.99637	0.876051	3.5742	200
3077	1.99371	0.885834	3.56322	200
3078	1.96324	0.895752	3.55211	200
3079	1.95945	0.905431	3.54105	200
3080	2.04291	0.913663	3.53064	200
3081	1.82168	0.924708	3.51878	200
3082	1.80606	0.935652	3.50688	200
3083	1.94855	0.9443	3.49606	200
3084	2.06783	0.951021	3.48614	200
3085	2.08957	0.957209	3.47644	200
3086	2.1452	0.962403	3.4672	200
3087	2.27157	0.965642	3.45889	200
3088	2.36036	0.967487	3.45126	200
3089	2.34099	0.96947	3.44355	200
3090	2.40794	0.970388	3.43636	200
3091	2.67924	0.967425	3.4311	200
3092	2.6907	0.964271	3.42596	200
3093	2.89165	0.958299	3.42225	200
3094	2.90826	0.952128	3.41868	200
3095	2.91098	0.945955	3.41515	200
3096	3.03793	0.938056	3.41254	200
3097	3.0856	0.929568	3.41026	200
3098	3.21356	0.919389	3.4089	200
3099	3.26111	0.908672	3.40787	200
3100	3.16034	0.899489	3.40615	200
3101	3.28783	0.888639	3.40533	200
3102	3.14934	0.879852	3.40355	200
3103	3.20737	0.870356	3.40219	200
3104	3.32345	0.859361	3.40164	200
3105	3.52689	0.849164	3.40251	200
3106	3.43309	0.837794	3.40272	200
3107	3.79033	0.831541	3.40541	200
3108	3.76861	0.825036	3.40794	200
3109	3.80115	0.819038	3.41067	200
3110	3.74415	0.812294	3.41298	200
3111	3.67919	0.804709	3.41483	200
3112	3.63303	0.796563	3.41634	200
3113	3.63163	0.788489	3.41784	200
3114	3.67431	0.781099	3.41962	200
3115	4.04336	0.778913	3.42395	200
3116	3.93213	0.775152	3.42748	200
3117	4.01923	0.772604	3.43159	200
3118	3.93619	0.768881	3.43509	200
3119	3.98104	0.765784	3.43888	200
3120	4.031	0.763371	3.44299	200
3121	4.09425	0.761813	3.44752	200
3122	4.12286	0.760612	3.45221	200
3123	4.29342	0.761731	3.45805	200
3124	4.24736	0.762114	3.46353	200
3125	4.26574	0.762671	3.4691	200
3126	4.15031	0.761539	3.47383	200
3127	4.2168	0.761281	3.47899	200
3128	4.3085	0.762228	3.48475	200
3129	4.31989	0.76324	3.49055	200
3130	4.21265	0.762668	3.49556	200
3131	4.21493	0.762066	3.50055	200
3132	4.26757	0.762134	3.50588	200
3133	4.64086	0.767312	3.51376	200
3136	4.18219	0.765938	3.5184	200
3137	4.25827	0.765575	3.52354	200
3138	3.82037	0.759407	3.52549	200
3139	3.79361	0.752942	3.52725	200
3140	3.70352	0.745354	3.52841	200
3141	3.81399	0.739304	3.53029	200
3142	3.763	0.732638	3.53182	200
3143	3.4398	0.724208	3.53121	200
3144	3.57712	0.715282	3.53152	200
3145	3.6651	0.707628	3.53239	200
3146	3.51595	0.698533	3.53228	200
3147	3.30235	0.692367	3.53077	200
3148	3.43174	0.684559	3.53012	200
3149	3.4775	0.676243	3.52977	200
3151	3.02597	0.673974	3.52646	200
3152	3.37268	0.667129	3.52545	200
3153	3.56174	0.658828	3.52568	200
3154	3.5159	0.650287	3.52562	200
3155	3.53251	0.641821	3.52566	200
3156	3.27228	0.636709	3.524	200
3157	3.30206	0.631251	3.52254	200
3158	3.88153	0.627668	3.5249	200
3159	4.00965	0.625787	3.52809	200
3160	3.8487	0.621771	3.53019	200
3161	3.87709	0.618154	3.53248	200
3162	3.91991	0.615118	3.53503	200
3163	3.93835	0.612331	3.53768	200
3164	4.15557	0.612404	3.54174	200
3165	4.17055	0.612619	3.54588	200
3166	4.20542	0.613236	3.55022	200
3167	4.20611	0.613797	3.55453	200
3168	4.22818	0.614584	3.55896	200
3169	4.34068	0.616783	3.56411	200
3170	4.45687	0.620414	3.56998	200
3171	4.60429	0.62586	3.57678	200
3172	4.52371	0.630084	3.58301	200
3173	4.50505	0.633925	3.58908	200
3174	4.28598	0.634753	3.59366	200
3175	4.31138	0.635844	3.59838	200
3176	4.37724	0.637725	3.60351	200
3177	4.37627	0.639501	3.60859	200
3178	4.5825	0.643901	3.615	200
3183	3.69565	0.636489	3.61553	200
3184	3.69529	0.629163	3.61605	200
3185	3.73439	0.622441	3.61683	200
3186	3.76811	0.616241	3.61782	200
3187	3.72983	0.609606	3.61856	200
3188	3.65911	0.602118	3.61883	200
3189	3.799	0.596566	3.62001	200
3190	3.77754	0.590789	3.62105	200
3191	3.50548	0.584536	3.62029	200
3192	3.56164	0.577616	3.6199	200
3193	3.65494	0.570476	3.62013	200
3194	3.6489	0.563348	3.62032	200
3195	3.56495	0.556664	3.61995	200
3197	3.6638	0.549916	3.62024	200
3198	3.73914	0.544244	3.62102	200
3199	3.7577	0.538881	3.62192	200
3200	3.6588	0.532275	3.62216	200
3201	3.62425	0.525298	3.62218	200
3202	3.7823	0.520493	3.62323	200
3203	3.72132	0.514934	3.62388	200
3204	3.67812	0.508872	3.62423	200
3205	3.73973	0.503696	3.62499	200
3206	3.8249	0.499698	3.62631	200
3210	3.37238	0.496464	3.62464	200
3211	3.30729	0.494107	3.62255	200
3212	3.0518	0.495115	3.61879	200
3213	3.03813	0.49624	3.61497	200
3214	2.94602	0.498512	3.61057	200
3215	2.96532	0.500442	3.60632	200
3216	3.01454	0.501643	3.60243	200
3217	3.02066	0.502697	3.5986	200
3218	2.93131	0.504862	3.59421	200
3219	2.74498	0.509393	3.58862	200
3220	2.54689	0.516397	3.58177	200
3221	2.95145	0.517895	3.57762	200
3222	2.82385	0.520998	3.57266	200
3223	2.7618	0.524812	3.56733	200
3224	2.7705	0.528212	3.56235	200
3225	2.91854	0.529656	3.55832	200
3226	2.88421	0.531461	3.55411	200
3227	2.87101	0.533356	3.54984	200
3228	2.8959	0.534863	3.54575	200
3229	3.10988	0.533625	3.54303	200
3230	3.17098	0.531605	3.5407	200
3231	3.1636	0.529673	3.53834	200
3232	3.1645	0.527725	3.536	200
3233	3.34643	0.523498	3.53482	200
3234	3.41325	0.518473	3.53406	200
3235	3.40445	0.513612	3.53325	200
3236	3.40165	0.508836	3.53243	200
3237	3.69927	0.504561	3.53347	200
3238	3.73093	0.500722	3.5347	200
3239	3.49433	0.494967	3.53445	200
3243	3.09451	0.494279	3.5317	200
3244	2.90885	0.495886	3.52781	200
3245	2.76971	0.499163	3.52307	200
3246	2.72099	0.502949	3.51805	200
3247	2.70838	0.506783	3.51299	200
3248	2.8488	0.50875	3.50884	200
3249	2.7953	0.511309	3.50438	200
3253	3.1503	0.509343	3.50217	200
3254	3.28114	0.505739	3.50079	200
3255	2.99488	0.505741	3.49762	200
3256	2.91466	0.506706	3.49398	200
3258	2.79116	0.509157	3.48959	200
3259	2.8913	0.510271	3.48585	200
3250	5.13696	0.524531	3.49616	200
3251	5.08552	0.537841	3.5061	200
3252	4.86142	0.548059	3.51457	200
3261	3.1679	0.545541	3.5124	200
3262	1.96895	0.558014	3.50275	200
3263	2.02647	0.569492	3.49353	200
3264	1.96238	0.581512	3.48396	200
3265	2.0854	0.591725	3.47522	200
3266	2.89457	0.591586	3.47159	200
3267	2.88304	0.591548	3.46791	200
3257	6.22779	0.618652	3.48516	200
3268	2.75712	0.620019	3.48061	200
3269	2.74481	0.621466	3.47601	200
3270	2.77039	0.622517	3.4716	200
3271	2.70337	0.624338	3.46679	200
3272	2.64615	0.626791	3.46166	200
3273	2.70233	0.628447	3.45692	200
3260	6.35313	0.656794	3.47502	200
3276	1.63224	0.671618	3.4635	200
3277	1.75454	0.684584	3.45282	200
3278	1.79144	0.696793	3.44244	200
3279	1.91256	0.707206	3.43287	200
3274	4.22774	0.708301	3.43784	200
3275	4.64024	0.714477	3.44536	200
3280	5.54281	0.731764	3.45846	200
3281	5.56239	0.748916	3.47161	200
3282	5.53111	0.765298	3.48448	200
3283	5.85634	0.785379	3.49931	200
3284	5.89038	0.80545	3.51425	200
3285	5.99441	0.826383	3.52975	200
3286	6.36382	0.851479	3.54746	200
3287	6.47356	0.877411	3.56575	200
3290	7.59794	0.916845	3.59095	200
3291	8.07502	0.961435	3.61898	200
3292	8.26007	1.00743	3.64798	200
3296	6.53901	1.03097	3.66605	200
3297	7.27881	1.06325	3.68863	200
3298	7.51153	1.09774	3.71252	200
3299	7.69338	1.13378	3.7374	200
3300	7.77318	1.17005	3.76263	200
3301	7.75797	1.20537	3.7876	200
3302	7.75567	1.2399	3.8124	200
3304	8.22997	1.27962	3.84001	200
3305	9.1456	1.32995	3.87317	200
3306	9.56388	1.38445	3.90873	200
3307	9.4992	1.43703	3.94367	200
3309	7.98183	1.46954	3.96891	200
3310	7.38918	1.49393	3.99029	200
3311	6.09768	1.5016	4.00346	200
3312	5.9483	1.50714	4.01561	200
3313	7.25814	1.52883	4.03588	200
3314	8.69992	1.56802	4.06503	200
3316	9.91728	1.61902	4.09986	200
3317	9.05538	1.65874	4.12936	200
3318	8.5137	1.69119	4.15545	200
3315	12.9085	1.77526	4.20756	200
3319	8.19975	1.80165	4.23132	200
3322	7.3416	1.81723	4.24983	200
3323	7.4266	1.83341	4.26874	200
3326	7.47168	1.84971	4.2878	200
3329	2.26881	1.85173	4.27579	200
3327	7.33793	1.86614	4.29401	200
3328	7.61006	1.8834	4.31375	200
3330	2.92456	1.87751	4.30548	200
3331	2.83161	1.87271	4.29671	200
3332	2.88143	1.86726	4.28828	200
3333	2.60847	1.86503	4.27829	200
3334	2.34068	1.86589	4.26675	200
3335	2.16925	1.86865	4.25427	200
3336	2.53832	1.86683	4.24405	200
3337	2.34571	1.86721	4.23275	200
3338	2.62697	1.86409	4.22319	200
3339	2.341	1.86431	4.21199	200
3340	2.50308	1.86246	4.20181	200
3341	2.49592	1.86059	4.19166	200
3342	2.41072	1.85964	4.18106	200
3343	2.45474	1.85806	4.17078	200
3345	2.26984	1.85857	4.15947	200
3346	2.49301	1.85628	4.14955	200
3347	2.44247	1.8545	4.13938	200
3348	2.182	1.85573	4.12773	200
3349	2.21013	1.85646	4.11632	200
3350	1.95396	1.8601	4.10345	200
3351	1.8682	1.86457	4.09014	200
3352	2.13637	1.86563	4.07851	200
3353	2.09706	1.86701	4.06672	200
3354	2.11316	1.86804	4.05509	200
3355	2.32051	1.86645	4.04476	200
3356	2.35572	1.86434	4.03471	200
3357	2.19694	1.86402	4.02377	200
3358	2.09862	1.86475	4.01231	200
3359	1.78772	1.86903	3.99906	200
3360	1.42595	1.87741	3.98375	200
3361	1.29377	1.88708	3.96774	200
3362	1.81079	1.8903	3.9549	200
3363	1.60692	1.89574	3.94092	200
3364	1.63671	1.90061	3.9272	200
3365	1.99789	1.90095	3.91572	200
3366	1.87624	1.9026	3.90358	200
3367	1.92044	1.90355	3.89177	200
3368	2.34439	1.89931	3.88256	200
3371	2.42225	1.89409	3.87387	200
3372	2.24945	1.89088	3.8642	200
3373	2.38806	1.88594	3.85541	200
3374	2.0052	1.88551	3.8444	200
3375	2.08791	1.88397	3.83394	200
3376	1.66383	1.88738	3.82103	200
3377	1.54182	1.89204	3.80746	200
3378	1.565	1.89621	3.79411	200
3379	1.68647	1.89873	3.78156	200
3380	1.24134	1.90637	3.76644	200
3381	1.60258	1.90943	3.75356	200
3382	1.89857	1.90878	3.74252	200
3383	1.86162	1.90845	3.73132	200
3384	1.26818	1.91505	3.71666	200
3385	2.26182	1.90958	3.708	200
3386	5.58083	1.90914	3.71915	200
3387	5.21708	1.90424	3.72806	200
3388	5.495	1.90261	3.73858	200
3389	4.11357	1.88442	3.74081	200
3391	4.84335	1.86665	3.75334	200
3392	3.46471	1.83079	3.75006	200
3394	2.902	1.80845	3.74042	200
3395	2.22406	1.80181	3.72319	200
3396	2.42195	1.79043	3.7084	200
3397	2.5221	1.7767	3.69492	200
3398	3.13143	1.74913	3.68852	200
3399	4.19881	1.72097	3.69432	200
3400	5.17921	1.71561	3.71119	200
3401	5.62977	1.72022	3.73299	200
3402	6.72703	1.74917	3.76702	200
3403	6.76868	1.77763	3.80112	200
3404	6.35951	1.79538	3.8302	200
3405	6.51932	1.81569	3.86076	200
3406	6.23222	1.82832	3.8877	200
3407	6.12147	1.83753	3.91309	200
3408	5.86656	1.84017	3.93528	200
3409	5.56944	1.83549	3.95385	200
3410	5.66527	1.83267	3.9733	200
3411	5.67126	1.8296	3.9926	200
3412	5.22191	1.81596	4.00656	200
3413	8.51561	1.87717	4.0578	200
3414	8.93202	1.93961	4.10858	200
3415	8.80668	1.99707	4.15751	200
3416	8.97114	2.05575	4.20765	200
3417	8.77462	2.10807	4.25523	200
3418	8.86849	2.16026	4.30328	200
3419	8.97339	2.21255	4.35193	200
3420	5.43255	2.18897	4.36318	200
3421	5.68431	2.17088	4.37694	200
3423	4.04235	2.13263	4.37346	200
3424	3.51105	2.10616	4.36447	200
3425	3.96267	2.07066	4.36029	200
3426	3.96432	2.03577	4.35616	200
3427	3.82357	2.00445	4.35062	200
3428	2.98057	1.99123	4.33634	200
3429	2.91486	1.97936	4.32153	200
3430	3.84955	1.94796	4.31662	200
3431	3.452	1.92539	4.30761	200
3432	2.97842	1.91297	4.29376	200
3433	3.09089	1.89817	4.28123	200
3434	3.09369	1.88337	4.26886	200
3435	2.46271	1.88176	4.25005	200
3436	2.9722	1.86918	4.23674	200
3437	2.15531	1.8736	4.21506	200
3438	2.17648	1.87704	4.19382	200
3439	2.36381	1.87606	4.17476	200
3440	2.20717	1.87796	4.15426	200
3441	2.13988	1.8808	4.13328	200
3442	2.42074	1.8773	4.11544	200
3445	1.8672	1.88502	4.09202	200
3443	2.18085	1.88557	4.07211	200
3444	2.3486	1.88219	4.05415	200
3446	2.00773	1.88561	4.03284	200
3447	2.05581	1.88752	4.01224	200
3448	1.96875	1.89077	3.99096	200
3449	2.00133	1.89282	3.97023	200
3450	1.87235	1.8971	3.94838	200
3451	1.6704	1.90503	3.92465	200
3452	1.57137	1.91437	3.90014	200
3453	1.58094	1.9228	3.87598	200
3454	1.48508	1.93255	3.85107	200
3455	1.46537	1.94199	3.82622	200
3456	1.56607	1.94862	3.80267	200
3457	1.70125	1.9518	3.78078	200
3458	1.85404	1.95128	3.76071	200
3459	1.84314	1.95058	3.74074	200
3460	1.92057	1.94786	3.72178	200
3461	2.03851	1.94235	3.70424	200
3462	2.15382	1.93481	3.68933	200
3463	2.15048	1.92719	3.67454	200
3464	2.1734	1.919	3.6601	200
3465	2.15984	1.91095	3.64568	200
3466	2.61707	1.89398	3.63578	200
3467	2.61744	1.87714	3.62599	200
3468	2.72726	1.85832	3.61735	200
3469	2.58777	1.84238	3.60745	200
3470	2.561	1.82708	3.59739	200
3471	2.59227	1.81127	3.58772	200
3472	2.48564	1.79763	3.57713	200
3473	2.64533	1.78098	3.56817	200
3474	2.81887	1.76114	3.56096	200
3475	2.63554	1.74507	3.55206	200
3476	2.60322	1.72975	3.54294	200
3477	2.5042	1.71647	3.53295	200
3478	2.50681	1.70319	3.52308	200
3479	2.52787	1.68958	3.51351	200
3480	4.01047	1.66664	3.51829	200
3481	4.00676	1.64398	3.52299	200
3482	3.98998	1.62135	3.52748	200
3483	3.51649	1.59038	3.52737	200
3484	3.29722	1.56422	3.52516	200
3485	3.28549	1.53875	3.52285	200
3486	2.55472	1.52777	3.51354	200
3487	2.56516	1.51663	3.50442	200
3488	2.49099	1.50695	3.49468	200
3489	2.09277	1.50493	3.4812	200
3490	2.14239	1.50174	3.46832	200
3491	2.29567	1.49541	3.45705	200
3492	2.36887	1.48757	3.44658	200
3493	2.63262	1.47462	3.43876	200
3494	2.6821	1.46081	3.43148	200
3495	2.82081	1.44446	3.42561	200
3496	2.85964	1.42757	3.42017	200
3497	2.79401	1.41216	3.41415	200
3498	2.93985	1.39412	3.40958	200
3499	2.86433	1.3778	3.40434	200
3500	2.20833	1.3743	3.39284	200
3501	2.4058	1.36685	3.38335	200
3504	2.28286	1.36173	3.37277	200
3502	2.81345	1.3463	3.36739	200
3503	2.82836	1.33077	3.36221	200
3505	2.46891	1.32236	3.35362	200
3506	2.4444	1.31441	3.34487	200
3507	2.45117	1.30632	3.33628	200
3508	2.61302	1.29511	3.32932	200
3509	2.61135	1.28401	3.32242	200
3510	2.60385	1.27313	3.31551	200
3511	2.37693	1.2667	3.30648	200
3512	2.12807	1.265	3.29515	200
3513	2.07448	1.26415	3.28342	200
3514	1.99959	1.26453	3.27107	200
3515	2.12551	1.2624	3.26084	200
3516	2.14953	1.25971	3.25092	200
3517	2.14991	1.25687	3.24109	200
3518	2.273	1.25171	3.23244	200
3519	2.41318	1.24399	3.22513	200
3520	2.45724	1.23549	3.21827	200
3521	2.50908	1.22609	3.21194	200
3522	2.70977	1.21316	3.20745	200
3523	2.80527	1.19868	3.20386	200
3524	3.34302	1.17976	3.20511	200
3525	3.40786	1.16231	3.20692	200
3526	3.44104	1.14574	3.20901	200
3527	3.43473	1.12931	3.21102	200
3528	3.4677	1.11373	3.21331	200
3529	3.48089	1.09861	3.2157	200
3530	3.33684	1.08116	3.21678	200
3531	3.2091	1.06199	3.21671	200
3532	3.22692	1.04321	3.2168	200
3533	3.38814	1.02764	3.21833	200
3534	3.20931	1.00945	3.21825	200
3535	3.42149	0.995051	3.22007	200
3536	3.63633	0.984715	3.22378	200
3537	3.73994	0.976347	3.22839	200
3538	3.17842	0.959804	3.22794	200
3539	3.20314	0.943107	3.22772	200
3540	3.26948	0.927011	3.22809	200
3541	3.11554	0.912467	3.22709	200
3542	3.21148	0.896451	3.22695	200
3543	3.34478	0.882547	3.228	200
3544	3.36354	0.869207	3.22921	200
3545	3.56066	0.859604	3.23217	200
3546	3.47381	0.848569	3.23433	200
3547	3.34073	0.835316	3.23528	200
3548	3.17906	0.821403	3.23477	200
3549	3.21319	0.80712	3.23458	200
3550	3.39316	0.795538	3.236	200
3551	3.67681	0.789203	3.23993	200
3558	3.09208	0.77775	3.23861	200
3559	3.15239	0.765401	3.23784	200
3560	2.97239	0.756473	3.23547	200
3561	3.10596	0.745277	3.23431	200
3562	3.43896	0.735622	3.23614	200
3564	3.03387	0.726097	3.23433	200
3565	3.01102	0.717118	3.23234	200
3566	2.85785	0.710999	3.22899	200
3567	2.49193	0.711464	3.22241	200
3568	2.45129	0.712529	3.21553	200
3569	2.59621	0.710864	3.21	200
3570	2.4093	0.712468	3.20285	200
3571	2.1432	0.718667	3.19339	200
3572	2.2392	0.722872	3.18487	200
3573	2.15933	0.728276	3.17571	200
3574	2.02877	0.735752	3.16547	200
3575	2.14381	0.740857	3.15635	200
3576	2.14616	0.745666	3.14733	200
3577	2.06241	0.75132	3.13829	200
3578	2.06263	0.756725	3.12932	200
3579	2.08807	0.761467	3.12064	200
3580	2.06945	0.766295	3.11188	200
3581	2.11171	0.770193	3.10355	200
3582	2.11694	0.773799	3.09533	200
3583	2.04114	0.778472	3.08654	200
3584	2.17515	0.780687	3.07895	200
3585	2.26587	0.781226	3.07217	200
3586	2.5054	0.777651	3.06745	200
3587	2.67508	0.771229	3.06418	200
3588	2.59459	0.766201	3.06026	200
3589	2.53179	0.762238	3.05586	200
3590	2.60267	0.757087	3.05208	200
3591	2.73736	0.749714	3.04946	200
3592	2.87266	0.740165	3.04798	200
3593	2.85866	0.730984	3.04641	200
3594	3.05375	0.718923	3.04647	200
3595	3.0352	0.707128	3.04637	200
3596	2.91595	0.697516	3.04529	200
3597	2.94926	0.687491	3.04448	200
3598	2.8967	0.678495	3.04325	200
3599	2.8847	0.669829	3.04193	200
3600	2.90871	0.660885	3.04082	200
3601	2.60483	0.657136	3.03719	200
3602	2.74418	0.651067	3.03474	200
3603	2.56178	0.648098	3.0308	200
3604	2.72613	0.642374	3.02826	200
3605	2.70256	0.637096	3.02555	200
3606	2.63605	0.632969	3.0223	200
3607	2.68799	0.627991	3.01952	200
3608	2.7795	0.621524	3.01751	200
3609	2.64451	0.617382	3.01441	200
3610	2.67966	0.612671	3.01162	200
3611	2.65689	0.608371	3.00866	200
3612	2.88062	0.600365	3.00759	200
3613	2.85658	0.592875	3.00633	200
3614	3.16624	0.585658	3.00766	200
3615	3.17177	0.578632	3.00903	200
3616	3.20418	0.57224	3.01066	200
3617	3.19477	0.565771	3.01219	200
3618	2.94575	0.557448	3.01164	200
3619	2.92705	0.549567	3.01093	200
3620	3.19185	0.543422	3.01244	200
3621	2.91156	0.536046	3.0116	200
3622	2.877	0.529355	3.01048	200
3623	2.392	0.53084	3.00532	200
3624	2.30799	0.533614	2.99951	200
3625	2.54071	0.532367	2.99569	200
3626	2.58237	0.530382	2.99224	200
3627	2.4742	0.530176	2.98793	200
3628	2.94853	0.521996	2.9876	200
3629	2.78265	0.516711	2.98589	200
3630	2.8666	0.510087	2.98489	200
3631	2.9499	0.502168	2.9846	200
3632	3.23847	0.498029	2.98672	200
3633	3.27774	0.494578	2.98914	200
3634	3.10538	0.488272	2.99011	200
3635	3.03507	0.480883	2.99048	200
3636	3.11885	0.475007	2.99155	200
3637	3.12007	0.469232	2.99262	200
3638	2.94972	0.46257	2.99229	200
3639	3.04328	0.456139	2.99268	200
3640	3.12685	0.451108	2.99373	200
3641	3.72321	0.455457	2.99943	200
3642	3.34447	0.453731	3.00213	200
3645	2.94427	0.447545	3.00167	200
3646	3.10229	0.442124	3.00246	200
3647	3.06907	0.436256	3.00298	200
3648	3.15887	0.431875	3.0042	200
3649	3.00626	0.425159	3.00421	200
3650	2.99521	0.418656	3.00414	200
3651	3.3491	0.417504	3.00684	200
3652	2.88686	0.412855	3.0059	200
3653	2.92249	0.407707	3.00525	200
3654	2.85233	0.403725	3.00405	200
3655	2.81939	0.400302	3.00261	200
3656	2.83064	0.396734	3.00126	200
3664	2.59467	0.396888	2.99809	200
3665	2.70545	0.395259	2.9958	200
3666	1.99648	0.404697	2.98799	200
3667	2.03928	0.413197	2.98058	200
3657	8.42866	0.491867	3.02314	200
3658	8.33079	0.567113	3.06461	200
3668	1.65585	0.580263	3.0536	200
3669	1.60733	0.593794	3.0423	200
3659	8.74495	0.673619	3.08685	200
3661	8.03381	0.740389	3.1255	200
3670	1.61333	0.752448	3.11369	200
3671	1.53736	0.765321	3.10137	200
3662	8.44161	0.836804	3.14309	200
3672	1.66634	0.846803	3.13155	200
3673	1.73464	0.855398	3.12064	200
3674	1.42328	0.868553	3.10738	200
3675	1.27778	0.883569	3.09308	200
3676	1.22801	0.898905	3.07851	200
3677	1.13439	0.915236	3.06332	200
3678	1.10611	0.931516	3.04803	200
3679	1.14469	0.9467	3.03316	200
3680	1.03372	0.963149	3.01754	200
3681	1.1802	0.976808	3.00319	200
3682	1.24924	0.98895	2.98948	200
3683	1.13812	1.00242	2.97502	200
3684	1.14009	1.01543	2.96068	200
3685	1.07918	1.02896	2.94598	200
3686	1.11534	1.04149	2.93168	200
3687	1.06925	1.05432	2.91713	200
3688	1.07343	1.06665	2.90273	200
3689	1.04531	1.07901	2.88822	200
3690	1.00054	1.09164	2.87347	200
3691	1.11665	1.10203	2.85974	200
3692	1.04339	1.11319	2.84555	200
3693	0.996876	1.12469	2.83111	200
3694	1.11391	1.13394	2.81769	200
3695	1.0724	1.1435	2.80405	200
3696	1.12134	1.15192	2.79091	200
3697	1.04579	1.16119	2.77727	200
3698	1.09635	1.16931	2.76414	200
3699	1.21019	1.17532	2.752	200
3700	1.20829	1.18108	2.73994	200
3701	1.14245	1.18758	2.72746	200
3702	1.04826	1.19526	2.71434	200
3703	1.04648	1.20265	2.70131	200
3704	1.03272	1.20993	2.68827	200
3705	1.26369	1.21328	2.67714	200
3706	1.21715	1.21713	2.66574	200
3707	1.09418	1.22235	2.65418	200
3708	1.20691	1.22565	2.64354	200
3709	1.30358	1.22733	2.63368	200
3710	1.33561	1.22837	2.62414	200
3711	1.36103	1.22888	2.61485	200
3712	1.32079	1.22984	2.60534	200
3713	1.18797	1.2326	2.59491	200
3714	1.23002	1.23454	2.58488	200
3715	1.31066	1.23513	2.57551	200
3716	1.32036	1.23542	2.56628	200
3717	1.28205	1.23614	2.55683	200
3718	1.23551	1.23739	2.54712	200
3719	1.15427	1.23968	2.53688	200
3720	1.24171	1.24049	2.52735	200
3721	1.32109	1.23999	2.51848	200
3722	1.3002	1.23967	2.50953	200
3724	1.35414	1.23843	2.50103	200
3725	1.2712	1.2383	2.49199	200
3726	1.30261	1.23758	2.48324	200
3727	1.51485	1.23362	2.47612	200
3733	1.1217	1.2354	2.46616	200
3734	1.1903	1.23599	2.45678	200
3735	1.17687	1.23664	2.44737	200
3736	1.03118	1.23928	2.43695	200
3739	0.764018	1.24565	2.42465	200
3723	3.88119	1.24876	2.43536	200
3740	0.853337	1.25366	2.42373	200
3741	0.722005	1.26025	2.41121	200
3728	3.85244	1.26291	2.42181	200
3729	3.99484	1.26747	2.43338	200
3743	0.972478	1.27031	2.42264	200
3730	4.25681	1.2786	2.43612	200
3744	1.09431	1.27953	2.42625	200
3745	1.15011	1.27948	2.41687	200
3746	1.00562	1.28142	2.40649	200
3748	1.07179	1.2822	2.39668	200
3749	1.10689	1.28231	2.3872	200
3742	2.84924	1.27025	2.39059	200
3750	1.28877	1.26777	2.38249	200
3751	1.25851	1.26566	2.37423	200
3752	1.4083	1.26125	2.36712	200
3753	1.34241	1.25777	2.35959	200
3747	2.53959	1.24192	2.36091	200
3754	1.18078	1.24101	2.35223	200
3755	1.24805	1.239	2.34411	200
3759	1.05834	1.23968	2.33466	200
3760	1.12788	1.2392	2.32578	200
3761	1.32246	1.23573	2.31841	200
3762	1.3137	1.23233	2.31102	200
3764	1.00876	1.23336	2.30144	200
3765	0.96917	1.23482	2.29164	200
3766	0.946886	1.23643	2.28176	200
3756	3.50325	1.23621	2.29074	200
3757	3.56158	1.23672	2.30008	200
3758	3.46723	1.2357	2.30866	200
3767	1.0487	1.23605	2.2994	200
3768	1.02295	1.23665	2.29001	200
3769	1.05821	1.23657	2.28095	200
3770	1.09633	1.23581	2.27224	200
3772	1.21366	1.2332	2.26446	200
3773	1.25669	1.22989	2.25705	200
3774	1.4111	1.22424	2.25083	200
3776	1.29144	1.22035	2.24377	200
3777	1.30229	1.21624	2.23685	200
3778	1.31475	1.21192	2.23007	200
3771	3.13124	1.20735	2.23669	200
3779	1.26718	1.20385	2.22957	200
3781	1.05275	1.20345	2.22091	200
3782	1.03235	1.20324	2.21266	200
3775	3.49406	1.20433	2.22155	200
3783	1.10297	1.20314	2.21379	200
3784	1.13437	1.20142	2.20629	200
3786	1.23352	1.19824	2.19954	200
3787	1.32587	1.19374	2.19347	200
3788	1.3724	1.18856	2.18777	200
3780	3.58414	1.19145	2.19746	200
3789	1.53135	1.18415	2.19284	200
3791	1.51573	1.17711	2.18813	200
3792	1.4028	1.17166	2.18268	200
3793	1.47896	1.16516	2.17779	200
3794	1.40222	1.15975	2.17241	200
3785	3.83296	1.16671	2.18394	200
3796	1.32533	1.16243	2.17797	200
3797	1.48575	1.1559	2.17317	200
3798	1.4078	1.15047	2.16785	200
3790	4.17803	1.16241	2.18181	200
3799	1.5538	1.15499	2.17745	200
3800	1.2298	1.15211	2.17087	200
3801	1.02298	1.15205	2.16289	200
3802	0.799712	1.15498	2.15343	200
3803	0.485472	1.16211	2.14184	200
3805	0.477071	1.16909	2.13028	200
3806	0.441307	1.17631	2.11855	200
3807	0.482228	1.1827	2.10719	200
3808	0.714502	1.18561	2.09752	200
3795	3.98568	1.19537	2.11063	200
3811	0.556377	1.20035	2.09984	200
3812	0.554312	1.20515	2.0891	200
3813	0.375016	1.21222	2.0772	200
3814	0.433604	1.21821	2.06578	200
3816	0.370317	1.22483	2.05401	200
3817	0.386661	1.23098	2.04243	200
3818	0.425257	1.23634	2.0312	200
3820	0.43289	1.24137	2.0201	200
3804	2.38356	1.22918	2.02262	200
3821	0.521988	1.23295	2.0122	200
3822	0.38075	1.23848	2.00087	200
3823	0.454638	1.24275	1.99013	200
3809	2.47939	1.23229	1.99353	200
3810	2.44648	1.22146	1.99667	200
3825	0.575776	1.22423	1.98681	200
3826	0.547221	1.22722	1.97681	200
3827	0.532208	1.23024	1.96678	200
3815	2.17767	1.21608	1.96824	200
3828	0.612338	1.21802	1.95883	200
3831	0.482016	1.22162	1.94857	200
3832	0.530815	1.22434	1.93872	200
3833	0.581959	1.22618	1.9293	200
3819	2.28276	1.21406	1.93176	200
3834	0.65427	1.21494	1.92288	200
3836	0.503186	1.21778	1.91302	200
3837	0.472589	1.22087	1.90302	200
3838	0.472271	1.22379	1.89308	200
3824	2.18598	1.21086	1.89512	200
3839	0.518191	1.21317	1.88556	200
3841	0.432192	1.2165	1.87546	200
3842	0.420186	1.21982	1.86536	200
3843	0.559341	1.22101	1.85628	200
3844	0.711792	1.21995	1.84834	200
3829	2.49752	1.21202	1.85285	200
3830	2.44594	1.20343	1.85696	200
3849	0.441411	1.20637	1.84713	200
3835	2.33114	1.19634	1.85049	200
3850	0.461573	1.19901	1.84085	200
3851	0.496593	1.20103	1.83151	200
3840	2.25286	1.1902	1.83444	200
3852	0.597095	1.19085	1.82584	200
3855	0.386742	1.1943	1.81585	200
3845	2.27328	1.18407	1.81903	200
3856	0.670901	1.18357	1.81105	200
3846	2.49959	1.17669	1.81583	200
3847	2.46634	1.16977	1.82011	200
3848	2.26429	1.16022	1.82303	200
3857	0.646581	1.16043	1.81529	200
3858	0.711031	1.15969	1.80803	200
3860	0.48009	1.1619	1.79929	200
3861	0.692107	1.16118	1.79201	200
3862	0.67693	1.16058	1.78467	200
3863	0.78403	1.15847	1.77809	200
3865	0.873189	1.15514	1.77213	200
3853	2.77642	1.15315	1.77874	200
3866	0.875116	1.14987	1.77279	200
3854	2.48841	1.14415	1.7775	200
3867	0.895231	1.14071	1.7717	200
3868	0.827055	1.13813	1.76548	200
3871	0.411464	1.14097	1.75657	200
3872	0.475838	1.14281	1.74815	200
3873	0.575743	1.14319	1.74043	200
3874	0.594124	1.14324	1.73289	200
3876	0.593487	1.14318	1.72539	200
3859	2.66508	1.14051	1.73158	200
3877	0.644596	1.1398	1.72442	200
3878	0.592454	1.1397	1.71697	200
3864	2.60275	1.13636	1.7228	200
3879	0.605406	1.1361	1.71545	200
3880	0.514871	1.13695	1.70755	200
3881	0.539703	1.13736	1.69987	200
3882	0.545333	1.13758	1.69227	200
3883	0.588312	1.13714	1.68501	200
3884	0.619576	1.1362	1.678	200
3885	0.785738	1.13299	1.67213	200
3887	0.672382	1.13123	1.66555	200
3869	2.8884	1.13244	1.67359	200
3888	0.830333	1.12863	1.66805	200
3870	2.726	1.1277	1.67501	200
3889	0.88793	1.12322	1.66983	200
3875	2.66939	1.12159	1.6764	200
3892	0.559171	1.12153	1.66905	200
3893	0.655677	1.12011	1.66239	200
3894	0.58787	1.11951	1.65532	200
3895	0.767253	1.11647	1.64947	200
3897	0.793063	1.11304	1.64384	200
3898	0.909236	1.10806	1.639	200
3899	0.868903	1.10362	1.63394	200
3900	0.953007	1.09805	1.62946	200
3886	2.62315	1.09668	1.63599	200
3903	0.530838	1.09679	1.62872	200
3904	0.536304	1.09673	1.62154	200
3905	0.643489	1.09517	1.6151	200
3890	2.69869	1.09502	1.62223	200
3906	0.806247	1.09135	1.61686	200
3891	2.71333	1.09141	1.62407	200
3909	0.679473	1.08948	1.61786	200
3910	0.581956	1.08878	1.61104	200
3911	0.732788	1.08601	1.60526	200
3912	0.673159	1.08398	1.59913	200
3917	0.466846	1.08462	1.59168	200
3901	2.90755	1.08766	1.60034	200
3902	2.77488	1.0888	1.60807	200
3918	0.362297	1.09086	1.59987	200
3919	0.458108	1.09153	1.59236	200
3920	0.464153	1.09202	1.58493	200
3907	2.80734	1.09373	1.59298	200
3923	0.474015	1.09406	1.58561	200
3908	2.98872	1.09813	1.59484	200
3913	2.46651	1.09515	1.60058	200
3914	2.4348	1.09171	1.60607	200
3924	0.580399	1.09084	1.59932	200
3915	2.47175	1.08797	1.60506	200
3925	0.633599	1.08644	1.59867	200
3926	0.570031	1.08567	1.5919	200
3916	2.49303	1.08325	1.59783	200
3921	1.80459	1.07171	1.59919	200
3929	0.665678	1.06989	1.59304	200
3922	1.72368	1.05753	1.5939	200
3930	0.661869	1.05588	1.58777	200
3931	0.647926	1.05436	1.58159	200
3933	0.724592	1.05176	1.57595	200
3934	0.548987	1.05145	1.56953	200
3935	0.610072	1.0503	1.56353	200
3936	0.640882	1.0487	1.55776	200
3939	0.537715	1.04834	1.55139	200
3940	0.701524	1.04586	1.54608	200
3942	0.668928	1.04375	1.54059	200
3943	0.748403	1.04061	1.53564	200
3944	0.573945	1.03962	1.52963	200
3927	2.55454	1.03944	1.53604	200
3928	2.58858	1.0396	1.54261	200
3946	0.625207	1.03807	1.53688	200
3947	0.509017	1.03794	1.53045	200
3948	0.557048	1.03714	1.52437	200
3932	2.68284	1.03865	1.53161	200
3951	0.428345	1.03946	1.52471	200
3952	0.523397	1.03898	1.51846	200
3953	0.427122	1.03964	1.51163	200
3937	2.58319	1.04004	1.51833	200
3954	0.548003	1.03916	1.51227	200
3938	2.67393	1.0407	1.51953	200
3956	0.539724	1.03993	1.5134	200
3941	2.67192	1.04142	1.52064	200
3957	0.630497	1.03953	1.51508	200
3958	0.601188	1.03795	1.50937	200
3959	0.541525	1.03708	1.50332	200
3962	0.421221	1.03764	1.49655	200
3945	2.65331	1.03913	1.50378	200
3963	0.584622	1.03763	1.49804	200
3964	0.567266	1.03629	1.49222	200
3965	0.646165	1.03391	1.48693	200
3967	0.391434	1.03468	1.48008	200
3949	2.61598	1.03595	1.48718	200
3968	0.545915	1.03476	1.4813	200
3969	0.639224	1.03235	1.47604	200
3950	2.76277	1.03553	1.48408	200
3970	0.691191	1.0325	1.47912	200
3972	0.589616	1.03071	1.47356	200
3973	0.584818	1.02894	1.46801	200
3955	2.59747	1.03019	1.47507	200
3974	0.445285	1.03019	1.46863	200
3975	0.459179	1.02993	1.46232	200
3976	0.556753	1.02837	1.45666	200
3960	2.47764	1.02828	1.46304	200
3977	0.463232	1.02792	1.45679	200
3978	0.563753	1.02624	1.45121	200
3961	2.53179	1.02692	1.45796	200
3979	0.69121	1.02366	1.45317	200
3982	0.901991	1.01775	1.44972	200
3983	0.786946	1.01332	1.44558	200
3966	2.67312	1.01599	1.45325	200
3984	1.07679	1.008	1.4509	200
3985	1.09654	0.999828	1.44869	200
3986	1.04884	0.992328	1.44619	200
3971	2.43462	0.992279	1.45236	200
3987	1.02357	0.985235	1.44968	200
3988	1.09708	0.977327	1.44748	200
3989	0.825646	0.972883	1.44359	200
3992	0.696782	0.970057	1.43892	200
3980	2.17555	0.967139	1.44353	200
3993	0.785128	0.963279	1.43941	200
3994	0.740968	0.959968	1.43504	200
3981	2.48604	0.961105	1.44161	200
3995	0.92209	0.955585	1.43836	200
3997	0.97755	0.9494	1.43548	200
3998	0.971791	0.943328	1.43258	200
3999	0.858755	0.938709	1.429	200
4000	0.9796	0.932592	1.42619	200
4001	0.947891	0.926913	1.4232	200
4002	1.05907	0.919878	1.42092	200
4003	0.979063	0.913902	1.41816	200
3990	2.5419	0.916525	1.42518	200
4004	1.10231	0.909104	1.42317	200
3991	2.52999	0.911575	1.43008	200
4006	1.03616	0.905104	1.42762	200
4007	1.02438	0.89883	1.4251	200
4008	0.92925	0.893792	1.422	200
4009	0.922213	0.888866	1.41888	200
3996	2.67095	0.893406	1.4267	200
4012	0.946434	0.888241	1.4237	200
4013	0.941185	0.883169	1.42068	200
4015	0.978747	0.877653	1.41792	200
4016	0.933612	0.87297	1.41504	200
4017	1.00784	0.867425	1.41261	200
4018	1.07557	0.86111	1.41061	200
4005	2.53188	0.864207	1.41728	200
4019	1.05169	0.858271	1.4151	200
4020	1.01068	0.852868	1.41269	200
4021	1.079	0.846687	1.41071	200
4022	0.958978	0.841985	1.40802	200
4010	2.53745	0.845406	1.41474	200
4024	1.09007	0.839206	1.41281	200
4011	2.62363	0.84363	1.42001	200
4025	1.06888	0.837766	1.41792	200
4026	1.04448	0.832238	1.4157	200
4027	1.12021	0.825848	1.41394	200
4014	2.74583	0.831872	1.42187	200
4030	1.02691	0.82667	1.41952	200
4031	0.914767	0.822837	1.41651	200
4032	0.985776	0.818169	1.41395	200
4033	1.06228	0.812615	1.41185	200
4035	1.05947	0.807136	1.40976	200
4036	1.1532	0.800581	1.40823	200
4037	1.08849	0.794856	1.40632	200
4023	2.67161	0.800456	1.41386	200
4038	1.08432	0.794849	1.41189	200
4040	1.03167	0.789912	1.40963	200
4041	1.00452	0.78533	1.40722	200
4042	0.903766	0.781974	1.40422	200
4043	0.82935	0.779508	1.4008	200
4028	2.82267	0.787155	1.40926	200
4029	2.70393	0.793196	1.41697	200
4046	0.97268	0.789042	1.41432	200
4047	0.907024	0.785687	1.4113	200
4034	2.50684	0.789375	1.41782	200
4048	0.880321	0.786376	1.41462	200
4049	0.801379	0.784314	1.41097	200
4051	0.889163	0.781188	1.40786	200
4052	0.891862	0.778031	1.40479	200
4053	0.949984	0.774183	1.40209	200
4054	0.845358	0.771594	1.39877	200
4039	2.76497	0.778672	1.4069	200
4055	1.05464	0.773595	1.40481	200
4056	1.17637	0.767105	1.40345	200
4057	1.17657	0.760673	1.4021	200
4058	1.27183	0.753168	1.40132	200
4059	1.09124	0.747893	1.39947	200
4044	2.65291	0.753911	1.40693	200
4060	1.01907	0.749553	1.40462	200
4045	2.66183	0.755596	1.41211	200
4061	1.02798	0.751173	1.40982	200
4062	1.02695	0.746788	1.40754	200
4063	0.998378	0.742768	1.40511	200
4064	0.957037	0.739259	1.40244	200
4065	0.920737	0.736192	1.39957	200
4066	1.03053	0.731821	1.39737	200
4050	2.92563	0.741302	1.40647	200
4067	1.13328	0.735729	1.40484	200
4068	1.06921	0.730965	1.40284	200
4069	1.13433	0.725459	1.40124	200
4070	1.20421	0.719168	1.40007	200
4071	1.27982	0.712038	1.39935	200
4072	1.38494	0.703732	1.39927	200
4073	1.32468	0.696242	1.39882	200
4074	1.31012	0.689009	1.3983	200
4075	1.35777	0.681288	1.39805	200
4076	1.36492	0.673571	1.39786	200
4077	1.37363	0.66584	1.39771	200
4078	1.46796	0.658749	1.39813	200
4079	1.37479	0.651184	1.39799	200
4080	1.43272	0.643845	1.3982	200
4081	1.44503	0.636737	1.39847	200
4082	1.47344	0.630049	1.39892	200
4083	1.48777	0.623606	1.39945	200
4084	1.53872	0.61784	1.40028	200
4087	1.50635	0.611747	1.40091	200
4088	1.43223	0.604837	1.40109	200
4089	1.38888	0.597782	1.40102	200
4090	1.38348	0.590874	1.40092	200
4095	1.20866	0.586128	1.39977	200
4096	1.20002	0.581528	1.39858	200
4097	1.18686	0.577125	1.39732	200
4085	2.71139	0.585898	1.40514	200
4086	2.75289	0.594967	1.41316	200
4100	1.15214	0.590991	1.41161	200
4101	1.15317	0.587032	1.41007	200
4091	2.44879	0.592409	1.41625	200
4103	0.795305	0.592733	1.41272	200
4092	2.6174	0.599686	1.41957	200
4093	2.55912	0.60582	1.42604	200
4094	2.58353	0.612088	1.43262	200
4098	2.65882	0.619066	1.43958	200
4099	2.86051	0.628178	1.44766	200
4102	2.30072	0.630733	1.4525	200
4104	2.63445	0.636996	1.45922	200
4105	2.62298	0.642981	1.46583	200
4106	2.81122	0.650962	1.47348	200
4107	2.76554	0.658247	1.48082	200
4108	2.77057	0.665423	1.48814	200
4109	2.77085	0.672437	1.49543	200
4110	2.80598	0.679688	1.50288	200
4111	2.71174	0.685701	1.50975	200
4112	2.70489	0.69149	1.51654	200
4113	2.9387	0.699793	1.52462	200
4114	2.95065	0.708045	1.53272	200
4115	3.03125	0.717027	1.54123	200
4116	2.86705	0.723945	1.54876	200
4117	2.98007	0.731983	1.5569	200
4118	3.06947	0.740853	1.56549	200
4121	2.63487	0.744586	1.57157	200
4122	2.54198	0.747152	1.57708	200
4123	2.72097	0.75166	1.58358	200
4124	2.74322	0.756296	1.59017	200
4125	3.00199	0.763745	1.59819	200
4126	3.19563	0.773218	1.60726	200
4127	2.93519	0.779521	1.61481	200
4128	2.86345	0.784851	1.6219	200
4129	2.26117	0.783196	1.62553	200
4130	2.18696	0.780675	1.62872	200
4131	2.19954	0.77829	1.63197	200
4132	1.8073	0.771438	1.63296	200
4133	1.8112	0.764697	1.63397	200
4134	1.90223	0.759055	1.6355	200
4135	1.70361	0.751203	1.63589	200
4136	1.82762	0.744845	1.63697	200
4137	1.74278	0.737583	1.63758	200
4138	1.58587	0.729788	1.63728	200
4139	1.60796	0.721828	1.63711	200
4140	1.68458	0.714164	1.63738	200
4141	1.65346	0.706231	1.63747	200
4142	1.67408	0.698621	1.63768	200
4143	1.42819	0.693062	1.63649	200
4144	1.47462	0.687025	1.63557	200
4145	1.4943	0.680823	1.63477	200
4146	1.56005	0.673935	1.63434	200
4147	1.63247	0.666297	1.63433	200
4148	1.63661	0.658751	1.63434	200
4149	1.5672	0.652028	1.63396	200
4150	1.54052	0.64568	1.63343	200
4151	1.60749	0.638637	1.63328	200
4152	1.49146	0.632991	1.63248	200
4153	1.35117	0.628994	1.63088	200
4154	1.52646	0.623032	1.63028	200
4155	1.77158	0.617557	1.63108	200
4156	1.71203	0.611459	1.63154	200
4166	0.585219	0.6164	1.6256	200
4167	0.478458	0.622431	1.61908	200
4157	1.76814	0.617051	1.61993	200
4158	1.8833	0.613031	1.62142	200
4159	1.6987	0.606942	1.62186	200
4170	0.422744	0.613671	1.61505	200
4171	0.429563	0.620168	1.60831	200
4160	1.81666	0.615488	1.60949	200
4172	0.568096	0.620327	1.60358	200
4161	1.83994	0.615963	1.60492	200
4173	0.524589	0.621239	1.59878	200
4162	1.87751	0.617346	1.60036	200
4175	0.6091	0.621595	1.59473	200
4163	1.97009	0.618796	1.59686	200
4176	0.652706	0.622493	1.5915	200
4168	1.4297	0.617257	1.59058	200
4177	0.79114	0.619327	1.58603	200
4164	2.12557	0.61842	1.5891	200
4178	0.802924	0.620326	1.58463	200
4169	1.76228	0.615295	1.58564	200
4179	0.915686	0.615916	1.58183	200
4180	0.994864	0.615587	1.5785	200
4165	2.52315	0.619326	1.58386	200
4181	0.967039	0.619297	1.58036	200
4182	0.998934	0.618866	1.57706	200
4174	1.82093	0.614604	1.57844	200
4185	0.890819	0.615433	1.57453	200
4186	0.98238	0.615168	1.57117	200
4187	0.971246	0.614994	1.56776	200
4188	0.988176	0.614591	1.56446	200
4183	1.40423	0.609427	1.56355	200
4184	1.48209	0.603688	1.56311	200
4190	1.02984	0.602922	1.56021	200
4191	1.02445	0.602191	1.5573	200
4192	0.999344	0.60171	1.55427	200
4193	0.990648	0.601295	1.5512	200
4189	1.4825	0.595505	1.55083	200
4195	1.03313	0.594659	1.54801	200
4196	1.05772	0.593524	1.54535	200
4197	1.01553	0.592831	1.54247	200
4198	1.04552	0.591788	1.53977	200
4194	1.52181	0.58555	1.53967	200
4199	1.2398	0.582444	1.53804	200
4200	1.28786	0.578832	1.53668	200
4203	1.27689	0.575364	1.53527	200
4204	1.25953	0.572107	1.53377	200
4201	1.64021	0.567045	1.53435	200
4205	1.35541	0.562826	1.53337	200
4206	1.30817	0.559156	1.53215	200
4202	1.73351	0.555266	1.53324	200
4209	1.24815	0.552329	1.5317	200
4210	1.18691	0.550073	1.52982	200
4207	1.56101	0.544432	1.52999	200
4211	1.26808	0.541361	1.52857	200
4208	1.6041	0.536297	1.52898	200
4212	1.39094	0.531968	1.52822	200
4215	1.05997	0.531275	1.52568	200
4216	1.16566	0.529413	1.52372	200
4213	1.6008	0.524496	1.52414	200
4217	1.16835	0.522662	1.52221	200
4214	1.62686	0.518118	1.52277	200
4218	1.29096	0.515006	1.52151	200
4219	1.31562	0.511646	1.5204	200
4220	1.28726	0.508618	1.51913	200
4221	1.27758	0.505715	1.51781	200
4222	1.29049	0.502688	1.51658	200
4224	1.17893	0.500894	1.51474	200
4225	1.28394	0.497958	1.51349	200
4223	1.42528	0.493504	1.51301	200
4226	1.25391	0.490956	1.5116	200
4227	1.23199	0.488658	1.51008	200
4228	1.05625	0.488279	1.50761	200
4229	1.16694	0.486674	1.50576	200
4230	1.1913	0.484802	1.50405	200
4231	1.25706	0.482217	1.50271	200
4232	1.30613	0.479112	1.50164	200
4233	1.31513	0.475931	1.50062	200
4234	1.31732	0.47275	1.49963	200
4235	1.27677	0.470033	1.49842	200
4238	1.03522	0.469958	1.4959	200
4239	1.0547	0.469645	1.4935	200
4240	1.04819	0.46938	1.49108	200
4241	1.05458	0.469022	1.4887	200
4236	1.54876	0.464576	1.48903	200
4242	1.19882	0.46268	1.48745	200
4243	1.11705	0.461676	1.48544	200
4237	1.75752	0.459615	1.48692	200
4244	1.20221	0.457713	1.48537	200
4245	1.06768	0.457277	1.4831	200
4246	1.13284	0.456113	1.48119	200
4247	1.09403	0.455363	1.47909	200
4248	1.11225	0.4544	1.4771	200
4249	1.21318	0.452329	1.47566	200
4250	1.23452	0.450033	1.47435	200
4251	1.23163	0.447779	1.47303	200
4252	1.33103	0.444455	1.47226	200
4253	1.31938	0.441285	1.47143	200
4254	1.26323	0.438751	1.47029	200
4255	1.34027	0.435395	1.46959	200
4256	1.22515	0.433319	1.46826	200
4258	1.25187	0.430961	1.46708	200
4259	1.21688	0.428996	1.46572	200
4260	1.19744	0.427249	1.46426	200
4261	1.12503	0.426292	1.46242	200
4257	1.5973	0.423124	1.46315	200
4262	1.28868	0.420421	1.4622	200
4263	1.30143	0.417598	1.46133	200
4264	1.25196	0.415334	1.46019	200
4265	1.26056	0.412989	1.45911	200
4266	1.26629	0.410595	1.45806	200
4270	0.97729	0.411357	1.45544	200
4271	1.02697	0.411543	1.45311	200
4272	0.988199	0.412123	1.45059	200
4273	0.983969	0.412715	1.44805	200
4274	1.07259	0.41231	1.44601	200
4267	1.62268	0.409748	1.44697	200
4275	1.1582	0.408433	1.4454	200
4276	1.10961	0.407643	1.44358	200
4277	1.11919	0.406738	1.44181	200
4268	1.90514	0.407353	1.44433	200
4278	1.24507	0.405091	1.44325	200
4269	2.04275	0.407204	1.44651	200
4279	1.2655	0.404745	1.44552	200
4280	1.27219	0.402229	1.44458	200
4281	1.33034	0.399229	1.44398	200
4282	1.27104	0.396871	1.44308	200
4283	1.28377	0.394396	1.44225	200
4284	1.295	0.391821	1.44149	200
4285	1.27825	0.389439	1.44064	200
4286	1.34164	0.386413	1.44012	200
4287	1.42369	0.382559	1.44003	200
4288	1.31102	0.379917	1.43936	200
4289	1.28601	0.377556	1.43856	200
4290	1.20657	0.376039	1.43735	200
4291	1.2942	0.373613	1.43661	200
4292	1.34374	0.370688	1.43612	200
4293	1.29603	0.368286	1.43539	200
4294	1.33763	0.365468	1.43488	200
4295	1.37162	0.362319	1.43455	200
4296	1.46692	0.358882	1.43472	200
4297	1.39943	0.355511	1.43454	200
4298	1.39761	0.352192	1.43434	200
4299	1.30287	0.349892	1.43366	200
4300	1.5409	0.347364	1.43422	200
4302	1.35452	0.344575	1.4338	200
4303	1.29443	0.342437	1.43308	200
4304	1.2828	0.340435	1.43229	200
4301	1.66615	0.339324	1.43351	200
4305	1.31158	0.337059	1.43287	200
4306	1.55199	0.334788	1.43349	200
4307	1.49382	0.331929	1.43381	200
4308	1.35209	0.329322	1.43338	200
4309	1.36976	0.326554	1.43305	200
4310	1.24533	0.325107	1.43207	200
4311	1.28906	0.32321	1.43133	200
4312	1.30246	0.321185	1.43066	200
4313	1.274	0.319471	1.42984	200
4314	1.41028	0.316346	1.42974	200
4315	1.4342	0.313097	1.42976	200
4316	1.16693	0.312573	1.42839	200
4317	1.18816	0.311819	1.42714	200
4318	1.31863	0.309701	1.42657	200
4319	1.40803	0.306668	1.42648	200
4320	1.46027	0.303825	1.42665	200
4321	1.55619	0.302009	1.42732	200
4322	1.3171	0.300011	1.42675	200
4323	1.26362	0.298585	1.4259	200
4324	1.29898	0.296796	1.42524	200
4325	1.36266	0.294356	1.42491	200
4326	1.43591	0.291404	1.42497	200
4327	1.36303	0.289013	1.42465	200
4328	1.35109	0.286768	1.42426	200
4329	1.41765	0.283849	1.42423	200
4330	1.34386	0.281729	1.42381	200
4331	1.34464	0.279618	1.42339	200
4332	1.38943	0.277059	1.42322	200
4333	1.36376	0.274792	1.42291	200
4334	1.29362	0.273276	1.42223	200
4335	1.22216	0.272513	1.42119	200
4336	1.26354	0.271316	1.42037	200
4337	1.26271	0.270132	1.41955	200
4338	1.3048	0.268513	1.41895	200
4339	1.32184	0.266727	1.41844	200
4340	1.37344	0.264417	1.41821	200
4341	1.33507	0.262528	1.41777	200
4342	1.4004	0.259974	1.41768	200
4343	1.40206	0.257428	1.4176	200
4344	1.41563	0.254767	1.41759	200
4345	1.4681	0.252639	1.41785	200
4346	1.47483	0.2506	1.41815	200
4347	1.46422	0.248469	1.41839	200
4348	1.51264	0.246862	1.41888	200
4349	1.54833	0.245638	1.41955	200
4350	1.58769	0.24483	1.42043	200
4351	1.51957	0.243312	1.42094	200
4352	1.59196	0.242558	1.42183	200
4353	1.50763	0.240925	1.42228	200
4354	1.52504	0.239485	1.42281	200
4355	1.53177	0.238125	1.42338	200
4356	1.62224	0.237715	1.42442	200
4357	1.58858	0.236948	1.42527	200
4358	1.61265	0.236431	1.42625	200
4359	1.53406	0.235091	1.42681	200
4360	1.70739	0.235564	1.42827	200
4361	1.65105	0.23543	1.42943	200
4362	1.80538	0.236893	1.43139	200
4363	1.71408	0.23737	1.43286	200
4364	1.7121	0.237806	1.43431	200
4365	1.67551	0.237841	1.43557	200
4366	1.51626	0.236204	1.43599	200
4367	1.52015	0.23462	1.43643	200
4368	1.48894	0.232723	1.4367	200
4369	1.48632	0.230815	1.43696	200
4370	1.54157	0.2295	1.4375	200
4371	1.49246	0.227681	1.43779	200
4372	1.51341	0.226097	1.43818	200
4373	1.44285	0.22379	1.4382	200
4374	1.48626	0.221959	1.43845	200
4375	1.50871	0.220378	1.43882	200
4376	1.39421	0.218547	1.43859	200
4377	1.31841	0.217522	1.43796	200
4378	1.35353	0.216191	1.43754	200
4379	1.17389	0.216665	1.43622	200
4380	1.31216	0.215738	1.4356	200
4381	1.46866	0.213911	1.43576	200
4382	1.48171	0.212231	1.43599	200
4383	1.54665	0.211215	1.43654	200
4384	1.57288	0.210466	1.43722	200
4385	1.64761	0.210465	1.43828	200
4388	1.41262	0.208616	1.43815	200
4389	1.4582	0.20673	1.43825	200
4390	1.4866	0.205146	1.43849	200
4391	1.41547	0.203324	1.43837	200
4392	1.40791	0.201595	1.43822	200
4393	1.41108	0.19985	1.43808	200
4394	1.40867	0.198145	1.43793	200
4395	1.63068	0.198091	1.4389	200
4386	2.36277	0.205348	1.44352	200
4396	1.60651	0.204924	1.44433	200
4397	1.7882	0.206313	1.44605	200
4398	1.64095	0.206198	1.44702	200
4387	2.55547	0.21522	1.45257	200
4399	1.5455	0.213997	1.45303	200
4400	1.76651	0.214991	1.4546	200
4401	1.71432	0.215438	1.45589	200
4402	1.6251	0.214975	1.45674	200
4403	1.5446	0.213703	1.45718	200
4404	1.62236	0.213217	1.458	200
4405	1.6271	0.212775	1.45885	200
4406	1.68429	0.212901	1.45998	200
4407	1.61914	0.212363	1.46077	200
4408	1.65146	0.212146	1.46172	200
4409	1.73954	0.212802	1.46311	200
4412	1.45238	0.210781	1.46306	200
4413	1.58627	0.209905	1.46368	200
4414	1.41528	0.208289	1.46343	200
4415	1.52708	0.206842	1.46375	200
4419	1.14907	0.20792	1.46218	200
4420	1.22991	0.208163	1.46102	200
4421	1.34637	0.207227	1.46044	200
4422	1.30817	0.206677	1.45968	200
4424	1.0976	0.208231	1.45787	200
4425	1.12244	0.209502	1.45619	200
4410	2.68358	0.21968	1.46233	200
4426	1.22783	0.219828	1.46115	200
4427	1.17692	0.220472	1.45973	200
4428	1.24316	0.220433	1.45865	200
4411	2.81818	0.231823	1.46545	200
4429	1.22079	0.231951	1.46422	200
4430	1.21686	0.232105	1.46298	200
4416	2.88265	0.24398	1.47008	200
4417	2.96317	0.256471	1.47755	200
4418	2.75079	0.266638	1.48391	200
4423	2.47606	0.273893	1.48887	200
4440	1.04889	0.275553	1.48667	200
4441	0.971645	0.277947	1.4841	200
4442	1.03569	0.279651	1.48185	200
4431	2.08018	0.282837	1.48485	200
4443	1.12822	0.283574	1.48306	200
4444	1.29665	0.282602	1.48213	200
4432	2.38147	0.288769	1.48663	200
4446	1.22527	0.288494	1.48532	200
4447	1.06339	0.289828	1.48321	200
4433	2.48584	0.296956	1.48822	200
4434	2.44083	0.303512	1.49298	200
4435	2.45656	0.310112	1.4978	200
4451	1.11612	0.310827	1.49589	200
4452	1.02241	0.312453	1.49352	200
4436	2.70666	0.321459	1.49959	200
4453	1.13467	0.321893	1.49776	200
4454	1.12443	0.322407	1.4959	200
4437	2.82648	0.332488	1.50255	200
4455	1.17872	0.332401	1.50093	200
4438	2.9544	0.343611	1.5082	200
4456	1.22402	0.343016	1.50677	200
4439	3.03887	0.354906	1.51443	200
4457	1.29702	0.353531	1.51335	200
4445	2.58733	0.360735	1.51872	200
4461	1.18136	0.360501	1.51703	200
4462	1.14925	0.360573	1.51519	200
4463	1.20145	0.360104	1.51362	200
4448	2.71472	0.368513	1.51963	200
4464	1.26925	0.367331	1.51837	200
4449	2.76079	0.376081	1.52459	200
4465	1.33724	0.374193	1.52365	200
4450	2.84551	0.383669	1.53026	200
4466	1.49701	0.380164	1.53009	200
4467	1.56282	0.376689	1.53025	200
4468	1.61556	0.373775	1.53068	200
4458	2.62186	0.380949	1.53614	200
4470	1.66475	0.378425	1.53678	200
4459	2.75369	0.386809	1.54286	200
4460	2.74126	0.394924	1.54885	200
4471	1.87538	0.39424	1.55049	200
4472	1.7953	0.392745	1.55171	200
4475	1.72001	0.3905	1.55255	200
4476	1.68114	0.38788	1.55319	200
4477	1.72366	0.385705	1.55404	200
4469	2.70033	0.39331	1.55978	200
4479	1.88856	0.392664	1.56142	200
4480	1.93534	0.392476	1.56329	200
4481	1.83239	0.391242	1.56463	200
4482	1.74066	0.389172	1.56548	200
4473	2.72865	0.396614	1.57107	200
4483	1.83789	0.395366	1.57235	200
4474	2.86212	0.403965	1.57855	200
4478	2.60024	0.409904	1.58346	200
4486	1.73802	0.407448	1.58421	200
4487	1.78452	0.405456	1.58517	200
4488	1.81617	0.403778	1.58628	200
4490	1.71139	0.401098	1.58688	200
4491	1.65693	0.397914	1.58722	200
4484	2.44153	0.402302	1.59132	200
4492	1.86914	0.401105	1.59266	200
4494	1.61537	0.397466	1.59277	200
4495	1.70843	0.394756	1.59332	200
4496	1.60659	0.391087	1.59339	200
4485	2.887	0.399765	1.59961	200
4497	1.7118	0.396999	1.60014	200
4489	2.66726	0.403442	1.60528	200
4499	1.80659	0.401498	1.60624	200
4500	1.75065	0.399026	1.60694	200
4493	2.4613	0.403404	1.61104	200
4501	1.82818	0.401613	1.61209	200
4504	1.7956	0.399515	1.61297	200
4505	1.82751	0.397736	1.614	200
4506	1.77965	0.395504	1.61479	200
4498	2.74044	0.402524	1.62021	200
4507	1.96075	0.401928	1.62184	200
4509	1.92011	0.400931	1.62328	200
4510	1.7686	0.398473	1.62397	200
4511	1.71981	0.395563	1.62443	200
4502	2.80738	0.403133	1.63012	200
4503	2.8664	0.411143	1.63606	200
4515	1.73341	0.408125	1.63653	200
4508	2.47435	0.412256	1.64056	200
4516	1.93801	0.411152	1.64199	200
4517	2.08541	0.411462	1.64412	200
4512	2.45783	0.415329	1.64803	200
4518	2.16787	0.416333	1.65053	200
4513	2.57255	0.421195	1.65496	200
4519	2.30332	0.423379	1.65808	200
4514	2.97214	0.431943	1.6644	200
4520	2.64675	0.437235	1.66912	200
4521	2.55443	0.441543	1.67338	200
4523	2.45547	0.444817	1.67714	200
4524	2.46365	0.448102	1.68092	200
4525	2.44397	0.45113	1.68458	200
4527	2.2707	0.452427	1.6874	200
4522	2.88789	0.459619	1.69317	200
4528	2.25494	0.460601	1.69587	200
4529	2.32466	0.462218	1.6989	200
4530	2.14285	0.462042	1.70103	200
4531	2.12962	0.46172	1.70309	200
4526	2.61588	0.466057	1.70748	200
4532	2.16168	0.465943	1.70966	200
4533	2.09217	0.46514	1.7115	200
4536	1.87348	0.462225	1.71228	200
4537	1.90086	0.459593	1.71318	200
4538	1.80532	0.456059	1.71362	200
4539	1.79493	0.452455	1.71401	200
4541	1.51978	0.449972	1.71308	200
4542	1.45089	0.448166	1.71182	200
4534	2.6109	0.452501	1.71614	200
4543	1.43188	0.450883	1.71477	200
4544	1.40761	0.449501	1.7133	200
4535	2.8062	0.455687	1.71855	200
4546	1.48741	0.453527	1.71744	200
4547	1.59747	0.450319	1.71686	200
4548	1.56738	0.447426	1.71614	200
4540	2.46969	0.450369	1.71976	200
4545	2.05219	0.449234	1.72136	200
4552	1.90055	0.446637	1.72222	200
4549	2.11433	0.446112	1.72411	200
4553	2.03704	0.444831	1.72561	200
4550	2.17939	0.444917	1.72779	200
4554	1.98536	0.443115	1.72903	200
4551	2.22182	0.443592	1.7314	200
4555	2.05015	0.442391	1.73293	200
4557	1.993	0.440637	1.73418	200
4558	1.92718	0.438255	1.73511	200
4559	1.83484	0.434999	1.73559	200
4560	1.82912	0.431715	1.73604	200
4556	2.37819	0.433738	1.73913	200
4562	1.87221	0.430847	1.73976	200
4563	1.88949	0.428143	1.74048	200
4564	1.8853	0.425418	1.74118	200
4565	1.95501	0.423383	1.74221	200
4568	1.90189	0.420847	1.74297	200
4561	2.5888	0.424933	1.74704	200
4569	1.87817	0.422108	1.74767	200
4570	1.79257	0.418481	1.74788	200
4571	1.72072	0.414718	1.74775	200
4566	2.55934	0.418534	1.75165	200
4574	1.75806	0.414571	1.75168	200
4567	2.57409	0.418492	1.75564	200
4575	1.97349	0.416562	1.75669	200
4576	2.02938	0.415178	1.758	200
4577	1.88017	0.41236	1.75858	200
4579	1.95491	0.410282	1.75953	200
4580	1.91566	0.407838	1.76028	200
4572	2.56765	0.411679	1.76416	200
4581	2.01511	0.410133	1.76536	200
4573	2.79685	0.416107	1.77032	200
4583	2.10489	0.415322	1.77193	200
4584	2.03669	0.413874	1.7732	200
4586	1.96857	0.41185	1.77411	200
4587	1.89805	0.409184	1.77468	200
4578	2.89072	0.415729	1.77984	200
4588	1.90914	0.413076	1.78044	200
4590	1.93175	0.410652	1.78114	200
4591	1.92615	0.408192	1.78181	200
4582	2.97097	0.415423	1.78732	200
4592	2.07386	0.414229	1.78865	200
4593	2.05252	0.412836	1.78987	200
4595	1.89717	0.410006	1.79036	200
4585	3.08298	0.418178	1.79635	200
4597	1.92564	0.415503	1.79694	200
4598	1.89167	0.412532	1.79738	200
4589	2.9068	0.418984	1.80252	200
4599	2.00501	0.416979	1.80346	200
4600	1.96244	0.41459	1.80419	200
4601	1.988	0.412453	1.80504	200
4602	1.84616	0.409014	1.80523	200
4603	1.84906	0.405632	1.80543	200
4604	1.959	0.403298	1.80614	200
4594	3.06393	0.411209	1.81197	200
4596	3.04464	0.418815	1.81767	200
4607	2.05684	0.417151	1.81878	200
4608	2.10192	0.41591	1.82009	200
4609	2.15313	0.415142	1.82163	200
4612	2.03472	0.413271	1.82262	200
4613	1.93423	0.410477	1.82313	200
4605	3.00342	0.417604	1.8286	200
4614	2.03171	0.415617	1.82954	200
4615	1.96773	0.413048	1.83018	200
4606	3.00042	0.420059	1.83559	200
4616	2.12578	0.418856	1.83693	200
4617	2.07864	0.417215	1.83805	200
4618	2.01921	0.415029	1.83889	200
4619	2.07585	0.41338	1.83999	200
4610	3.13737	0.421565	1.84599	200
4621	2.1844	0.420795	1.84756	200
4622	2.11636	0.419387	1.8488	200
4611	3.40038	0.42987	1.85599	200
4623	2.33866	0.430358	1.85822	200
4624	2.42615	0.431631	1.86085	200
4626	2.34527	0.432119	1.86309	200
4627	2.12449	0.430538	1.8643	200
4628	2.19711	0.429633	1.86584	200
4629	2.20384	0.428784	1.86741	200
4620	3.21147	0.437258	1.87363	200
4631	2.14569	0.435728	1.87489	200
4632	2.27243	0.435374	1.87673	200
4633	2.18163	0.434165	1.87814	200
4635	2.28617	0.433923	1.88003	200
4636	2.22308	0.433081	1.88162	200
4625	3.49349	0.443995	1.88908	200
4637	2.27544	0.443461	1.89087	200
4638	2.21258	0.442333	1.89235	200
4640	2.09583	0.440121	1.8933	200
4630	3.13268	0.447521	1.89903	200
4641	2.13324	0.445545	1.90012	200
4642	2.09359	0.443211	1.90101	200
4634	2.94214	0.448747	1.90583	200
4643	2.17349	0.44707	1.90707	200
4644	2.07292	0.444466	1.90784	200
4645	2.15085	0.4426	1.90896	200
4639	2.93084	0.447963	1.91369	200
4646	2.16934	0.446182	1.91488	200
4647	2.07591	0.443541	1.91562	200
4649	2.02094	0.440409	1.91611	200
4650	2.02973	0.437383	1.91663	200
4651	2.17305	0.435707	1.91782	200
4652	2.03449	0.432752	1.91836	200
4654	1.8198	0.429657	1.9179	200
4655	1.81467	0.426634	1.91743	200
4656	1.85542	0.423257	1.91714	200
4657	1.89969	0.419499	1.91706	200
4648	3.12801	0.426827	1.92266	200
4659	2.13724	0.424861	1.92366	200
4660	2.26469	0.424084	1.92523	200
4653	2.71018	0.427425	1.92887	200
4661	2.37016	0.427553	1.93091	200
4662	2.37519	0.427707	1.93297	200
4658	2.61795	0.430089	1.93614	200
4667	2.23402	0.428864	1.93752	200
4668	2.08588	0.426266	1.9382	200
4669	2.07573	0.423592	1.93884	200
4670	2.11143	0.421267	1.93964	200
4663	2.92182	0.42646	1.94418	200
4674	1.94072	0.422543	1.94417	200
4664	3.08151	0.429161	1.94943	200
4675	2.00544	0.425705	1.94969	200
4676	1.99866	0.422216	1.94992	200
4665	3.21804	0.430048	1.95579	200
4677	2.06446	0.427072	1.95629	200
4666	3.39786	0.436465	1.96296	200
4678	2.20588	0.434672	1.96409	200
4680	1.99105	0.430896	1.96421	200
4671	3.1299	0.437699	1.96961	200
4672	3.19017	0.444947	1.97526	200
4681	2.12988	0.442258	1.97597	200
4673	3.40576	0.451401	1.98259	200
4682	2.37237	0.45083	1.98439	200
4683	2.54901	0.451883	1.98701	200
4685	2.65408	0.453875	1.9901	200
4686	2.6923	0.456174	1.99335	200
4687	2.60382	0.457602	1.99617	200
4688	2.72431	0.460106	1.99954	200
4679	3.85311	0.473008	2.00812	200
4692	2.4127	0.472374	2.01	200
4693	2.41484	0.471748	2.01187	200
4684	3.41824	0.480401	2.01838	200
4694	2.51197	0.480523	2.02067	200
4695	2.55656	0.481017	2.02306	200
4698	2.54338	0.481367	2.02538	200
4689	3.59198	0.491056	2.03237	200
4699	2.80344	0.493556	2.03581	200
4690	3.81704	0.505053	2.04377	200
4700	2.90338	0.508218	2.0476	200
4701	2.9304	0.511562	2.05154	200
4702	2.75427	0.513268	2.05468	200
4691	3.83803	0.524608	2.06264	200
4703	2.80179	0.526523	2.06594	200
4704	2.60553	0.526639	2.06835	200
4707	2.15226	0.522686	2.06872	200
4708	2.10646	0.518356	2.06889	200
4709	2.13064	0.514279	2.06917	200
4696	3.93583	0.526353	2.0775	200
4710	2.0987	0.521842	2.07759	200
4697	4.01294	0.534462	2.08623	200
4715	1.96665	0.530757	2.0857	200
4716	2.09427	0.526094	2.08574	200
4717	2.14829	0.521955	2.08602	200
4705	3.66976	0.531435	2.09308	200
4706	3.64176	0.540517	2.1	200
4721	1.76459	0.538685	2.0985	200
4722	1.76555	0.536848	2.09701	200
4723	1.8079	0.534554	2.09567	200
4711	3.21536	0.539971	2.10086	200
4712	3.17605	0.545117	2.10603	200
4725	2.00509	0.540845	2.10554	200
4713	3.24181	0.546799	2.11122	200
4726	2.1556	0.541774	2.11144	200
4714	3.35262	0.549059	2.11791	200
4727	2.20207	0.544216	2.11834	200
4729	2.05765	0.53896	2.11801	200
4718	3.24843	0.545388	2.12416	200
4730	2.22908	0.540382	2.12475	200
4731	2.27575	0.535957	2.12561	200
4719	3.41734	0.544954	2.1333	200
4732	2.23326	0.539656	2.13389	200
4720	3.29413	0.547413	2.14114	200
4735	2.02853	0.541978	2.14044	200
4724	3.17951	0.548518	2.14728	200
4736	2.02818	0.542867	2.14649	200
4737	2.04292	0.536765	2.14577	200
4738	1.9564	0.53194	2.14445	200
4740	2.0138	0.526038	2.14349	200
4728	3.50524	0.538327	2.15351	200
4733	3.37331	0.548975	2.16303	200
4734	3.23508	0.557148	2.17141	200
4739	2.75837	0.557644	2.1763	200
4741	0.467912	0.578193	2.16105	200
4742	0.537779	0.596855	2.14655	200
4746	0.369378	0.617932	2.13069	200
4747	0.315388	0.639313	2.11448	200
4748	0.350264	0.6594	2.09872	200
4749	0.317641	0.67943	2.08282	200
4743	0.999595	0.68664	2.07315	200
4744	1.27639	0.688606	2.06603	200
4752	0.558153	0.703235	2.05257	200
4753	0.658093	0.715578	2.04012	200
4745	1.55338	0.711491	2.03577	200
4750	1.14554	0.714682	2.02782	200
4754	0.494647	0.729297	2.01414	200
4751	1.21586	0.730528	2.00701	200
4755	0.5914	0.742761	1.99437	200
4758	0.581993	0.754718	1.98176	200
4759	0.577429	0.766318	1.96922	200
4760	0.58285	0.776652	1.95766	200
4762	0.738066	0.784034	1.9475	200
4763	0.525352	0.794669	1.93565	200
4756	1.24026	0.793014	1.92985	200
4764	0.523558	0.803235	1.91813	200
4766	0.539801	0.812819	1.90664	200
4757	1.56275	0.805003	1.90378	200
4767	0.524975	0.814566	1.89229	200
4768	0.534687	0.823616	1.88097	200
4769	0.64125	0.830551	1.87064	200
4770	0.776004	0.834952	1.86152	200
4771	0.817382	0.838438	1.85282	200
4772	0.636494	0.844736	1.84268	200
4761	1.91165	0.831806	1.84326	200
4774	0.700445	0.836989	1.83373	200
4775	0.664693	0.842523	1.82399	200
4776	0.590999	0.84903	1.81371	200
4765	2.16633	0.840756	1.81665	200
4780	0.509611	0.848527	1.80576	200
4781	0.49728	0.856192	1.79486	200
4782	0.662616	0.860792	1.78542	200
4783	0.450202	0.868699	1.77429	200
4773	1.84417	0.855385	1.77487	200
4786	0.412479	0.863835	1.76352	200
4787	0.432972	0.871613	1.75243	200
4777	1.63114	0.859107	1.75142	200
4788	0.377389	0.867689	1.73997	200
4778	1.7367	0.853282	1.73994	200
4791	1.08452	0.849984	1.73448	200
4779	2.87241	0.854783	1.74396	200
4792	1.26825	0.848465	1.74	200
4784	2.32714	0.844109	1.74489	200
4785	2.35507	0.84021	1.74997	200
4793	1.49576	0.830443	1.74785	200
4789	1.84185	0.818168	1.74864	200
4790	1.86636	0.806493	1.74962	200
4797	0.507175	0.813758	1.73926	200
4800	0.505524	0.820757	1.72898	200
4801	0.588493	0.826085	1.71948	200
4794	1.1992	0.820988	1.71514	200
4802	0.576108	0.826288	1.70565	200
4804	0.521835	0.832246	1.69578	200
4805	0.4347	0.839393	1.68527	200
4806	0.705819	0.841727	1.67711	200
4807	0.695337	0.844061	1.66893	200
4795	1.93085	0.834358	1.67111	200
4808	0.641207	0.837617	1.66253	200
4809	0.648895	0.84055	1.65408	200
4796	2.11517	0.834225	1.65792	200
4798	2.31192	0.831221	1.66337	200
4812	0.546409	0.835983	1.65406	200
4799	2.40149	0.834507	1.66029	200
4803	2.26808	0.830728	1.66535	200
4816	0.448676	0.83716	1.65521	200
4817	0.649844	0.839963	1.64684	200
4810	1.50364	0.82835	1.64564	200
4819	0.47002	0.834137	1.63584	200
4820	0.527809	0.838701	1.62661	200
4811	1.75038	0.826785	1.62764	200
4813	1.78493	0.815626	1.62895	200
4825	0.403956	0.822448	1.61874	200
4814	1.90247	0.81403	1.62096	200
4815	2.00821	0.807361	1.62398	200
4818	1.67867	0.7956	1.62441	200
4821	1.50047	0.785105	1.62344	200
4822	1.62929	0.772929	1.62349	200
4823	1.71055	0.762212	1.62417	200
4824	1.71324	0.751694	1.62486	200
4826	1.7103	0.741283	1.62553	200
4827	1.84058	0.73306	1.62721	200
4828	1.97797	0.727086	1.62995	200
4829	2.20356	0.724687	1.63443	200
4830	2.25287	0.723026	1.63926	200
4831	2.26655	0.72153	1.64416	200
4832	2.17548	0.718557	1.64831	200
4833	2.15143	0.71519	1.65224	200
4834	2.16437	0.712017	1.65624	200
4835	2.51563	0.714319	1.66295	200
4836	2.5236	0.716605	1.66968	200
4837	2.4976	0.718344	1.67614	200
4838	2.79708	0.724634	1.6849	200
4839	3.24953	0.737758	1.69712	200
4840	3.22708	0.750136	1.70908	200
4841	3.20288	0.761755	1.72075	200
4842	3.23186	0.773463	1.73255	200
4844	3.11144	0.782922	1.74332	200
4845	2.9719	0.789885	1.75292	200
4846	2.7768	0.793541	1.76092	200
4847	2.68306	0.79555	1.76812	200
4854	0.556061	0.802058	1.75866	200
4848	2.64989	0.803451	1.76562	200
4849	2.05495	0.795417	1.76788	200
4856	0.598838	0.801254	1.75874	200
4857	0.46823	0.808898	1.74866	200
4850	2.36623	0.805908	1.75348	200
4855	1.13621	0.80296	1.74866	200
4860	0.445145	0.810781	1.73848	200
4851	2.32136	0.80722	1.74303	200
4863	0.390602	0.815738	1.73246	200
4864	0.443066	0.823138	1.72239	200
4852	2.57557	0.823607	1.72906	200
4865	0.666198	0.827345	1.72075	200
4861	1.22178	0.822214	1.71685	200
4853	2.71675	0.82499	1.72466	200
4862	1.35532	0.81787	1.72178	200
4869	0.434083	0.825211	1.71172	200
4870	0.501761	0.831222	1.70226	200
4866	2.64895	0.833026	1.70966	200
4873	1.76829	0.820926	1.71012	200
4874	1.83378	0.810031	1.71108	200
4867	2.62298	0.811622	1.71821	200
4858	3.63424	0.828878	1.73317	200
4868	2.5702	0.829005	1.73971	200
4859	3.54766	0.8443	1.75384	200
4871	2.29438	0.839553	1.75806	200
4872	2.09674	0.831726	1.7607	200
4875	1.85222	0.82016	1.76142	200
4876	1.81975	0.808256	1.76187	200
4877	0.492325	0.815463	1.75195	200
4880	0.403002	0.823798	1.74142	200
4881	0.439349	0.83127	1.73124	200
4882	0.518948	0.837223	1.72177	200
4884	0.611118	0.841495	1.71309	200
4885	0.682582	0.844448	1.70504	200
4886	0.769537	0.845787	1.69816	200
4878	1.28344	0.839447	1.69511	200
4887	1.05275	0.836548	1.69039	200
4888	1.0824	0.833186	1.68592	200
4879	1.51764	0.823407	1.68468	200
4889	1.17508	0.818792	1.68093	200
4890	1.04163	0.816152	1.67623	200
4891	1.05992	0.813213	1.6717	200
4892	1.06211	0.810218	1.66722	200
4893	0.981214	0.808391	1.66217	200
4883	1.76906	0.798074	1.66296	200
4895	1.0975	0.794653	1.6588	200
4896	1.05496	0.791846	1.65436	200
4898	0.904816	0.791223	1.64885	200
4899	0.997133	0.789171	1.64405	200
4900	0.961551	0.787602	1.63904	200
4903	1.08725	0.784134	1.63498	200
4894	1.92767	0.776906	1.63713	200
4904	1.20788	0.771793	1.63397	200
4905	1.16307	0.767368	1.63051	200
4906	1.15918	0.763014	1.62704	200
4907	1.12972	0.759106	1.62339	200
4908	1.1561	0.754814	1.61995	200
4897	2.11121	0.750938	1.62356	200
4910	0.983888	0.749301	1.61886	200
4911	1.06917	0.746365	1.61482	200
4912	0.878205	0.746221	1.6094	200
4914	0.837182	0.746603	1.60372	200
4901	2.33639	0.746398	1.60911	200
4915	0.981032	0.744657	1.60449	200
4902	2.61749	0.748603	1.61194	200
4918	1.00433	0.746529	1.60747	200
4919	0.978284	0.744803	1.60284	200
4920	1.00085	0.742702	1.59841	200
4921	1.04397	0.739933	1.59434	200
4922	1.03693	0.737248	1.59024	200
4923	0.95128	0.735802	1.58554	200
4924	0.954402	0.734262	1.5809	200
4909	2.63223	0.738924	1.58863	200
4925	1.02993	0.736273	1.58452	200
4926	0.899291	0.735522	1.57948	200
4927	0.850053	0.735432	1.57412	200
4913	3.12316	0.747396	1.58551	200
4928	1.70623	0.73818	1.58639	200
4929	1.63892	0.728096	1.58678	200
4930	1.67627	0.718704	1.58744	200
4916	3.00866	0.729035	1.59789	200
4931	1.57749	0.718613	1.59774	200
4932	1.54616	0.708803	1.59736	200
4917	3.09326	0.720378	1.60836	200
4933	1.48749	0.711561	1.60747	200
4934	1.57705	0.701544	1.60724	200
4935	1.56335	0.691872	1.60692	200
4936	1.56502	0.682313	1.60661	200
4937	1.56878	0.672835	1.60633	200
4938	1.59217	0.663148	1.60623	200
4939	0.816613	0.665007	1.60042	200
4940	0.806167	0.666907	1.59458	200
4941	0.759902	0.669374	1.58844	200
4942	0.744332	0.671943	1.58224	200
4943	0.742695	0.674407	1.57606	200
4944	0.679763	0.67767	1.56947	200
4945	0.745531	0.679821	1.56341	200
4946	0.773006	0.681447	1.5576	200
4947	0.861576	0.681661	1.55248	200
4949	0.776647	0.683045	1.54678	200
4950	0.868297	0.682977	1.54179	200
4951	0.90729	0.682264	1.53712	200
4953	0.857048	0.682231	1.53212	200
4954	0.941195	0.680962	1.52802	200
4955	0.952724	0.679494	1.52402	200
4956	1.06195	0.676474	1.52081	200
4957	1.10024	0.672919	1.51789	200
4958	1.18913	0.668139	1.51561	200
4959	1.20735	0.66314	1.51347	200
4960	1.2346	0.657802	1.51153	200
4961	1.32438	0.651265	1.51023	200
4962	1.26204	0.645666	1.5085	200
4963	1.16035	0.641533	1.50609	200
4948	2.2707	0.643242	1.5114	200
4964	1.17095	0.639036	1.50903	200
4965	1.16207	0.634979	1.50662	200
4966	1.27068	0.629436	1.50498	200
4967	1.28625	0.623731	1.50346	200
4968	1.36229	0.617028	1.50248	200
4952	2.48951	0.622166	1.50934	200
4969	1.42876	0.614643	1.50877	200
4970	1.47622	0.606558	1.50855	200
4971	1.44728	0.598984	1.50812	200
4972	1.39228	0.592273	1.50732	200
4973	1.4117	0.585374	1.50665	200
4974	1.29456	0.580189	1.50518	200
4975	1.46304	0.572716	1.50489	200
4976	1.50461	0.564765	1.50489	200
4977	1.57368	0.557876	1.50536	200
4978	1.67625	0.552501	1.50655	200
4979	1.61993	0.546402	1.50734	200
4980	1.85314	0.543615	1.50974	200
4981	1.89351	0.541394	1.5124	200
4982	1.9041	0.539314	1.51512	200
4983	2.01051	0.538703	1.51856	200
4984	2.14159	0.539874	1.52289	200
4985	2.09198	0.540279	1.52684	200
4986	2.10478	0.540802	1.53085	200
4988	2.14167	0.541774	1.53509	200
4989	2.10434	0.542155	1.53905	200
4990	1.9516	0.540355	1.54191	200
4991	1.90687	0.537919	1.54444	200
4992	1.90531	0.535459	1.54695	200
4993	1.86189	0.532396	1.54914	200
4994	1.98519	0.531057	1.55216	200
4995	1.7939	0.527038	1.55384	200
4996	1.68563	0.521548	1.55476	200
4997	1.65029	0.515631	1.55542	200
4998	1.55549	0.50847	1.55542	200
4999	1.37334	0.503936	1.55415	200
5000	1.43167	0.498638	1.5533	200
5001	1.41409	0.493645	1.55234	200
5002	1.35035	0.489594	1.55093	200
5003	1.48989	0.483641	1.55051	200
5004	1.58072	0.477343	1.55072	200
5005	1.71783	0.473034	1.55188	200
5006	1.89663	0.471252	1.55427	200
5007	1.99636	0.470847	1.55734	200
5008	2.11007	0.471984	1.56118	200
4987	4.83662	0.51092	1.58393	200
5009	2.23723	0.512897	1.58846	200
5010	2.22766	0.514651	1.5929	200
5011	2.21417	0.516131	1.59722	200
5012	2.06395	0.515444	1.60046	200
5013	2.04086	0.514401	1.60351	200
5014	2.05902	0.513583	1.60668	200
5015	2.08935	0.513153	1.61003	200
5016	2.11733	0.513071	1.61355	200
5017	2.03817	0.511842	1.6165	200
5018	2.08405	0.511226	1.61974	200
5019	2.0559	0.510183	1.62277	200
5020	2.05272	0.509068	1.62576	200
5021	2.06469	0.508093	1.62881	200
5022	1.91816	0.505055	1.63081	200
5023	1.76206	0.500136	1.63168	200
5024	1.6976	0.494422	1.63211	200
5025	1.54757	0.489028	1.63155	200
5026	1.5704	0.483398	1.63115	200
5027	1.5353	0.478298	1.63052	200
5028	1.81987	0.474496	1.63176	200
5029	1.90554	0.471854	1.63356	200
5030	1.93201	0.469572	1.63553	200
5031	2.10204	0.469531	1.6386	200
5032	2.07727	0.469124	1.64148	200
5033	2.01289	0.467838	1.64393	200
5034	2.07552	0.467361	1.64676	200
5035	2.07283	0.466817	1.64957	200
5036	2.10949	0.466726	1.65259	200
5037	2.16487	0.467325	1.65596	200
5038	2.16271	0.467843	1.65929	200
5039	2.11063	0.467625	1.66226	200
5040	2.06938	0.466828	1.66494	200
5041	2.08505	0.466213	1.6677	200
5042	2.06291	0.465278	1.6703	200
5043	2.09684	0.464768	1.67311	200
5044	2.20443	0.465643	1.67661	200
5045	2.09418	0.46501	1.67935	200
5046	2.12588	0.464766	1.68229	200
5047	1.86247	0.461021	1.68348	200
5048	1.85386	0.457196	1.6846	200
5049	1.90464	0.454075	1.68604	200
5050	1.82117	0.449878	1.68693	200
5051	1.88671	0.446587	1.68824	200
5052	1.84801	0.442812	1.68929	200
5053	1.83778	0.438939	1.69027	200
5054	1.85765	0.435365	1.69137	200
5055	1.81686	0.431287	1.6922	200
5056	1.72861	0.426091	1.69244	200
5057	1.74229	0.42114	1.69276	200
5058	1.65886	0.416044	1.69254	200
5059	1.70656	0.410754	1.69263	200
5060	1.79479	0.406693	1.6933	200
5061	1.80865	0.402859	1.69406	200
5062	1.78302	0.398728	1.69465	200
5063	1.73187	0.393971	1.69489	200
5064	1.81279	0.390338	1.69567	200
5065	1.812	0.386732	1.69643	200
5066	1.75773	0.382449	1.69683	200
5067	1.78661	0.378598	1.69742	200
5068	1.77766	0.374672	1.69795	200
5069	2.0753	0.374707	1.70043	200
5070	2.13245	0.375461	1.70328	200
5071	2.20143	0.377075	1.70655	200
5095	0.307017	0.390528	1.69734	200
5072	4.44136	0.421495	1.7154	200
5096	0.463254	0.432424	1.70716	200
5073	4.75647	0.466856	1.72722	200
5097	0.545563	0.476261	1.71944	200
5074	4.91933	0.512098	1.74049	200
5098	0.414556	0.522806	1.73177	200
5099	0.43013	0.533053	1.72321	200
5075	5.09895	0.570456	1.74541	200
5076	5.093	0.606997	1.76744	200
5100	0.485915	0.615872	1.75901	200
5101	0.548474	0.623696	1.75104	200
5102	0.660006	0.629845	1.74386	200
5103	0.765492	0.63443	1.73743	200
5077	5.76588	0.679088	1.76393	200
5104	0.980271	0.680463	1.75877	200
5105	0.859271	0.683345	1.75285	200
5106	0.878439	0.685859	1.7471	200
5078	5.93083	0.731883	1.77462	200
5107	0.820659	0.734805	1.76835	200
5108	0.680329	0.739452	1.76119	200
5109	0.610235	0.744866	1.75362	200
5110	0.707544	0.748829	1.74673	200
5111	0.647515	0.753439	1.7395	200
5112	0.699261	0.757024	1.733	200
5082	6.30197	0.804673	1.76155	200
5113	0.741832	0.807361	1.75518	200
5114	0.886586	0.808126	1.74975	200
5115	0.939112	0.808157	1.74469	200
5116	1.11764	0.805893	1.74076	200
5117	1.04187	0.804555	1.7364	200
5083	6.87073	0.858677	1.76849	200
5118	0.835196	0.859609	1.76265	200
5119	0.9683	0.858793	1.75769	200
5087	6.74487	0.910397	1.78886	200
5120	1.14292	0.907091	1.78482	200
5121	1.24329	0.902521	1.78143	200
5122	1.23092	0.89812	1.77799	200
5123	1.33876	0.892383	1.77524	200
5088	7.23308	0.949451	1.80936	200
5124	1.32738	0.943607	1.80634	200
5094	5.14351	0.973526	1.8272	200
5125	1.3768	0.966986	1.82438	200
5126	1.23999	0.962203	1.82073	200
5128	1.35939	0.955942	1.81785	200
5129	1.45651	0.948509	1.81559	200
5130	1.31753	0.942878	1.81248	200
5131	1.31752	0.937278	1.80938	200
5132	1.34404	0.931378	1.80647	200
5134	1.27371	0.926395	1.80314	200
5135	1.17254	0.922697	1.7992	200
5136	1.14976	0.919281	1.79514	200
5137	1.26783	0.914381	1.79184	200
5138	1.25339	0.909681	1.78848	200
5139	1.31015	0.904289	1.78549	200
5140	1.36662	0.898221	1.78287	200
5141	1.27039	0.893399	1.77967	200
5142	1.28175	0.888455	1.77656	200
5143	1.23877	0.884071	1.77319	200
5144	1.25813	0.879458	1.76997	200
5145	1.2995	0.874345	1.76703	200
5146	1.31179	0.869106	1.76419	200
5147	1.38781	0.862946	1.76183	200
5148	1.44237	0.856152	1.75984	200
5149	1.32119	0.850933	1.75709	200
5150	1.37236	0.845105	1.75469	200
5151	1.31992	0.839975	1.75197	200
5152	1.25323	0.835709	1.74885	200
5153	1.22564	0.831802	1.74558	200
5154	1.29554	0.827029	1.74277	200
5155	1.40685	0.82089	1.74067	200
5156	1.37074	0.815253	1.73836	200
5157	1.31907	0.810303	1.73574	200
5158	1.31213	0.805469	1.73309	200
5159	1.22998	0.801689	1.72994	200
5160	1.36198	0.796267	1.72764	200
5161	1.42798	0.790059	1.72577	200
5162	1.44752	0.783661	1.72403	200
5163	1.35255	0.778508	1.72171	200
5127	5.13145	0.811398	1.74302	200
5164	1.49038	0.804413	1.74144	200
5165	1.50353	0.797331	1.73995	200
5166	1.40029	0.79161	1.73783	200
5167	1.4588	0.785202	1.73608	200
5168	1.37303	0.779925	1.73381	200
5169	1.3745	0.774667	1.73157	200
5133	5.16052	0.807845	1.753	200
5170	1.44998	0.801534	1.7511	200
5171	1.55044	0.794023	1.74985	200
5172	1.58634	0.786141	1.74883	200
5173	1.37754	0.780955	1.7465	200
5174	1.39688	0.775563	1.74432	200
5175	1.36035	0.770668	1.74192	200
5176	1.35367	0.765887	1.73949	200
5177	1.3449	0.761245	1.73703	200
5178	1.34675	0.756607	1.73459	200
5179	1.38352	0.751537	1.73239	200
5180	1.43351	0.745878	1.73052	200
5181	1.30075	0.741926	1.72784	200
5182	1.35882	0.737264	1.72553	200
5183	1.40245	0.732086	1.72351	200
5184	1.43527	0.726537	1.72171	200
5185	1.41672	0.721267	1.7198	200
5186	1.3057	0.717427	1.71721	200
5187	1.34066	0.713165	1.71486	200
5188	1.49082	0.707342	1.71352	200
5189	1.43423	0.702246	1.71186	200
5190	1.53759	0.69596	1.71082	200
5191	1.58054	0.689225	1.71005	200
5192	1.67902	0.681389	1.70986	200
5193	1.70459	0.67334	1.70983	200
5194	1.62853	0.666291	1.70934	200
5195	1.68818	0.65861	1.70922	200
5196	1.71862	0.650881	1.70927	200
5197	1.85893	0.644914	1.71016	200
5198	1.75577	0.637779	1.71043	200
5199	1.88498	0.632264	1.71147	200
5200	1.84387	0.626313	1.71226	200
5201	1.73484	0.619125	1.71239	200
5202	1.72046	0.61185	1.71244	200
5203	1.80345	0.605649	1.71298	200
5204	1.75259	0.59891	1.71322	200
5205	1.82574	0.593119	1.71389	200
5206	1.82882	0.587426	1.71457	200
5207	1.84614	0.581999	1.71535	200
5208	1.82994	0.576434	1.71604	200
5209	1.73219	0.569763	1.71613	200
5210	1.76194	0.563525	1.7164	200
5211	1.72106	0.556871	1.71643	200
5212	1.77852	0.55098	1.7168	200
5213	1.71912	0.544448	1.71681	200
5214	1.73012	0.538124	1.71689	200
5215	1.82337	0.532985	1.71752	200
5216	1.67361	0.527162	1.71726	200
5217	1.78788	0.521726	1.71768	200
5218	1.88479	0.517504	1.71868	200
5219	1.92431	0.513791	1.7199	200
5220	1.90721	0.509904	1.72101	200
5221	1.80947	0.504886	1.72154	200
5222	1.72336	0.498897	1.72155	200
5223	1.78398	0.4937	1.72192	200
5224	1.71753	0.487874	1.72189	200
5225	1.67452	0.482629	1.72161	200
5226	1.72528	0.476927	1.72163	200
5227	1.66116	0.471969	1.72127	200
5228	1.69906	0.466614	1.72114	200
5229	1.65299	0.46187	1.72073	200
5230	1.61768	0.457598	1.72012	200
5231	1.72621	0.452222	1.72016	200
5232	1.70444	0.447025	1.72006	200
5233	1.74722	0.442026	1.72022	200
5234	1.67078	0.437352	1.71993	200
5235	1.54609	0.434214	1.71889	200
5236	1.5289	0.431306	1.71776	200
5237	1.61732	0.427367	1.71717	200
5238	1.66244	0.42293	1.71684	200
5239	1.72727	0.418019	1.7169	200
5240	1.6184	0.414215	1.71631	200
5241	1.63237	0.410283	1.71581	200
5242	1.73655	0.405645	1.71594	200
5243	1.70669	0.400925	1.71588	200
5244	1.61459	0.397357	1.71528	200
5245	1.64565	0.393455	1.71486	200
5246	1.76438	0.38936	1.71516	200
5247	1.77585	0.385447	1.71552	200
5248	1.83597	0.382292	1.71623	200
5249	1.73677	0.377985	1.71636	200
5250	1.73559	0.373714	1.71647	200
5251	1.71173	0.369321	1.71644	200
5252	1.74747	0.365293	1.71663	200
5253	1.8557	0.362599	1.71745	200
5254	1.77212	0.358933	1.71778	200
5255	1.73093	0.354816	1.71785	200
5256	1.81052	0.351695	1.71841	200
5257	1.84008	0.348956	1.71913	200
5258	1.85084	0.346369	1.71991	200
5259	1.91706	0.344592	1.72109	200
5260	1.8269	0.341749	1.72172	200
5261	1.82557	0.338916	1.72233	200
5262	1.88385	0.336804	1.72329	200
5263	1.88296	0.334695	1.72424	200
5264	1.85556	0.332273	1.72503	200
5265	1.81154	0.329347	1.72554	200
5266	1.79839	0.326293	1.72597	200
5267	1.84003	0.323766	1.72665	200
5268	1.84649	0.321338	1.72736	200
5269	1.95161	0.320182	1.7287	200
5270	2.00809	0.319696	1.73036	200
5271	1.97999	0.318861	1.73185	200
5272	1.93616	0.317559	1.733	200
5273	1.91706	0.316041	1.73405	200
5274	1.94795	0.31488	1.73527	200
5275	1.89891	0.313161	1.73619	200
5276	1.91891	0.311678	1.73723	200
5277	1.9018	0.310006	1.73817	200
5278	1.94231	0.308802	1.73933	200
5279	1.95336	0.307725	1.74054	200
5280	1.96996	0.306835	1.74185	200
5281	2.00915	0.306385	1.74336	200
5282	1.97157	0.305496	1.74466	200
5283	2.04194	0.305402	1.74635	200
5284	1.9749	0.304528	1.74765	200
5285	1.93254	0.303168	1.7487	200
5286	1.92366	0.301711	1.74969	200
5287	1.85461	0.299474	1.75029	200
5288	1.81383	0.296792	1.75065	200
5289	1.81612	0.294163	1.75102	200
5290	1.94175	0.292987	1.7521	200
5291	1.97608	0.292202	1.75337	200
5292	2.05653	0.292326	1.7551	200
5293	1.9283	0.290972	1.75608	200
5294	1.9828	0.290241	1.75737	200
5295	1.95686	0.289209	1.7585	200
5296	2.00565	0.288731	1.7599	200
5297	2.04167	0.288651	1.7615	200
5298	2.07202	0.288899	1.76327	200
5299	2.10789	0.289532	1.76523	200
5300	2.16575	0.290793	1.7675	200
5301	2.29511	0.293484	1.7705	200
5302	2.26818	0.295804	1.77333	200
5303	2.36266	0.299139	1.77667	200
5304	2.36276	0.302399	1.78	200
5305	2.34406	0.305372	1.78321	200
5306	2.36727	0.308538	1.78652	200
5307	2.34839	0.311416	1.78972	200
5308	2.39063	0.314705	1.79313	200
5309	2.2975	0.31686	1.796	200
5310	2.40808	0.320214	1.79947	200
5311	2.33889	0.322704	1.80254	200
5312	2.36309	0.325406	1.80572	200
5313	2.35948	0.328	1.80887	200
5314	2.37843	0.330745	1.8121	200
5315	2.3758	0.333392	1.8153	200
5316	2.30792	0.335201	1.8181	200
5317	2.38484	0.337832	1.82132	200
5318	2.3209	0.339669	1.82416	200
5319	2.20382	0.340123	1.82632	200
5320	2.14314	0.339858	1.82812	200
5321	2.16784	0.339856	1.83005	200
5322	2.09373	0.33899	1.83155	200
5323	2.15251	0.338785	1.83337	200
5324	2.20988	0.339213	1.83551	200
5325	2.21351	0.339653	1.83766	200
5326	2.1844	0.339733	1.83963	200
5327	2.10508	0.338888	1.84113	200
5328	2.13507	0.338377	1.8428	200
5329	2.15569	0.338087	1.84458	200
5330	2.12609	0.337444	1.84618	200
5331	2.08157	0.336284	1.84752	200
5332	2.1202	0.335561	1.84906	200
5333	2.07903	0.334361	1.85037	200
5334	2.05766	0.332917	1.85155	200
5336	2.15885	0.332625	1.85329	200
5338	2.43234	0.335425	1.85658	200
5339	2.40313	0.337824	1.85969	200
5341	2.34034	0.339447	1.86242	200
5342	2.41422	0.34186	1.86555	200
5343	2.44472	0.344556	1.86884	200
5344	2.46554	0.347421	1.87223	200
5345	2.50713	0.350687	1.87584	200
5348	2.58465	0.354756	1.87987	200
5349	2.42201	0.356885	1.88295	200
5350	2.44781	0.359248	1.88616	200
5351	2.59992	0.363276	1.89021	200
5352	2.51831	0.366285	1.89378	200
5353	2.59799	0.370125	1.89778	200
5354	2.54071	0.373225	1.90143	200
5355	2.47913	0.375548	1.90472	200
5335	5.15707	0.408238	1.92319	200
5356	2.51543	0.410328	1.92656	200
5357	2.50667	0.412257	1.92986	200
5358	2.5604	0.414737	1.93344	200
5337	5.42992	0.449756	1.9533	200
5359	2.58031	0.45177	1.95687	200
5360	2.47446	0.452518	1.95981	200
5361	2.33917	0.451686	1.96196	200
5362	2.35127	0.450977	1.96417	200
5340	5.54044	0.486491	1.98449	200
5363	2.25682	0.484163	1.98597	200
5364	2.21213	0.481358	1.9872	200
5365	2.2839	0.47935	1.98881	200
5366	2.19855	0.476419	1.98995	200
5367	2.31727	0.474798	1.99173	200
5368	2.24959	0.472439	1.99313	200
5369	2.298	0.470617	1.99479	200
5370	2.2911	0.468722	1.9964	200
5346	5.86878	0.505718	2.01744	200
5347	6.01954	0.543722	2.03919	200
5371	2.32949	0.540967	2.04077	200
5374	2.1821	0.536623	2.04154	200
5375	2.15614	0.532035	2.04216	200
5376	2.21567	0.528137	2.0431	200
5379	2.32229	0.525431	2.04462	200
5381	2.32532	0.52277	2.04614	200
5382	2.38474	0.520768	2.04798	200
5383	2.48471	0.519854	2.05036	200
5384	2.42484	0.518273	2.05239	200
5385	2.57002	0.518266	2.0552	200
5386	2.55627	0.518079	2.05793	200
5387	2.48391	0.517078	2.06024	200
5388	2.51405	0.51639	2.06271	200
5389	2.39441	0.514382	2.06451	200
5390	2.38962	0.512324	2.06628	200
5391	2.3595	0.509942	2.06787	200
5392	2.49998	0.509096	2.07022	200
5393	2.65199	0.509886	2.07338	200
5394	2.4547	0.508488	2.07545	200
5372	5.01024	0.53486	2.0914	200
5395	2.53995	0.533921	2.09383	200
5373	5.17948	0.561657	2.1106	200
5396	2.58847	0.560746	2.1132	200
5397	2.23516	0.555976	2.11386	200
5398	2.28915	0.551838	2.11482	200
5377	5.07629	0.578029	2.13091	200
5399	2.45044	0.575219	2.13265	200
5378	5.20169	0.602325	2.14932	200
5400	2.35239	0.597985	2.15043	200
5401	2.3205	0.593333	2.15135	200
5380	5.13489	0.619313	2.16757	200
5402	2.21993	0.61315	2.16785	200
5403	2.32827	0.608229	2.16872	200
5404	2.30048	0.60305	2.16944	200
5405	2.2825	0.597724	2.17005	200
5406	2.29547	0.59259	2.17073	200
5407	2.32587	0.587835	2.17157	200
5408	2.47553	0.584749	2.17322	200
5409	2.36754	0.580505	2.17428	200
5410	2.1675	0.574268	2.17424	200
5411	2.31062	0.569508	2.17498	200
5412	2.35351	0.565258	2.17596	200
5413	2.25238	0.559944	2.17637	200
5414	2.23573	0.554502	2.17669	200
5415	2.28045	0.549602	2.17726	200
5416	2.37383	0.545764	2.17832	200
5417	2.34229	0.541614	2.17921	200
5418	2.22696	0.536245	2.17947	200
5419	2.16038	0.530623	2.17937	200
5420	2.28994	0.526057	2.17997	200
5421	2.36471	0.522347	2.18097	200
5422	2.57008	0.520898	2.18309	200
5423	2.54008	0.519116	2.18503	200
5424	2.48747	0.51676	2.18667	200
5425	2.43082	0.513796	2.188	200
5426	2.4809	0.511395	2.18959	200
5427	2.50214	0.509233	2.19129	200
5428	2.60329	0.508176	2.19352	200
5429	2.70056	0.508163	2.19628	200
5430	2.66794	0.507766	2.19884	200
5431	2.6889	0.507573	2.20151	200
5432	2.51984	0.505516	2.20323	200
5433	2.42473	0.502428	2.20444	200
5434	2.32715	0.4983	2.2051	200
5435	2.33585	0.494304	2.20581	200
5436	2.36112	0.490619	2.20666	200
5437	2.48269	0.488286	2.20816	200
5438	2.48544	0.485992	2.20966	200
5439	2.40792	0.482864	2.21074	200
5440	2.51194	0.480889	2.21238	200
5441	2.61267	0.480012	2.21455	200
5442	2.5897	0.478872	2.21659	200
5443	2.50473	0.476798	2.21815	200
5444	2.52296	0.474928	2.21981	200
5445	2.43209	0.472073	2.22096	200
5446	2.49824	0.469955	2.22247	200
5447	2.57181	0.468643	2.22437	200
5448	2.59062	0.46753	2.22636	200
5449	2.61306	0.466651	2.22846	200
5450	2.56922	0.465282	2.23031	200
5451	2.57776	0.464001	2.2322	200
5452	2.65661	0.46357	2.2345	200
5453	2.66485	0.463223	2.23674	200
5454	2.50943	0.461238	2.23816	200
5455	2.60876	0.460293	2.2401	200
5456	2.59896	0.459236	2.24196	200
5457	2.60151	0.458197	2.24384	200
5458	2.56085	0.456726	2.24549	200
5459	2.61404	0.455807	2.24741	200
5460	2.59608	0.454691	2.24922	200
5461	2.65423	0.454173	2.25133	200
5462	2.68153	0.453923	2.25357	200
5464	2.53875	0.452165	2.25506	200
5465	2.6314	0.451375	2.25702	200
5466	2.64189	0.450682	2.25902	200
5467	2.61563	0.449702	2.26088	200
5468	2.54156	0.447941	2.26234	200
5469	2.5503	0.446274	2.26384	200
5471	2.53119	0.44441	2.26523	200
5472	2.51825	0.442416	2.26655	200
5473	2.59964	0.441277	2.26828	200
5474	2.59033	0.440035	2.26996	200
5475	2.60278	0.438918	2.27169	200
5476	2.67078	0.438503	2.27377	200
5477	2.76521	0.439054	2.27633	200
5478	3.03742	0.442408	2.28029	200
5479	3.11216	0.446464	2.28462	200
5480	3.17015	0.451037	2.28924	200
5481	3.2456	0.4563	2.29422	200
5463	5.28923	0.482744	2.30981	200
5483	3.21318	0.487125	2.31452	200
5484	3.2469	0.491763	2.31938	200
5485	3.22737	0.496098	2.3241	200
5487	3.24412	0.500513	2.3289	200
5488	3.11742	0.503513	2.333	200
5470	5.44755	0.530711	2.34922	200
5491	3.23592	0.534419	2.35384	200
5493	3.04932	0.536096	2.35746	200
5495	3.05403	0.537767	2.36109	200
5496	3.11809	0.54005	2.36503	200
5497	3.05301	0.54159	2.36862	200
5498	3.08333	0.543393	2.37234	200
5499	3.0065	0.544338	2.37564	200
5500	2.75176	0.542585	2.3776	200
5501	2.67678	0.540049	2.37915	200
5502	2.64048	0.537145	2.38052	200
5503	2.57228	0.533547	2.38151	200
5504	2.64604	0.530744	2.38289	200
5482	6.00793	0.562976	2.40177	200
5505	2.80876	0.561351	2.40389	200
5506	2.66752	0.558249	2.40526	200
5507	2.66958	0.555187	2.40664	200
5508	2.58445	0.551255	2.40756	200
5509	2.79773	0.549577	2.4096	200
5486	6.35638	0.584964	2.43015	200
5511	2.68749	0.581551	2.43149	200
5490	6.04198	0.613102	2.4503	200
5512	2.69642	0.609279	2.45158	200
5513	2.54489	0.603904	2.45206	200
5492	6.14816	0.636114	2.47131	200
5514	2.55993	0.63041	2.47178	200
5494	6.15355	0.662195	2.49095	200
5520	2.50978	0.655493	2.49105	200
5521	2.43347	0.649264	2.49075	200
5522	2.40399	0.643404	2.4903	200
5523	2.40928	0.637545	2.48987	200
5525	2.47312	0.631078	2.48979	200
5526	2.58075	0.625451	2.49026	200
5527	2.51162	0.619158	2.49037	200
5510	4.71592	0.635891	2.50196	200
5528	2.5483	0.629749	2.5022	200
5529	2.36799	0.624587	2.5015	200
5530	2.4879	0.618222	2.50143	200
5531	2.38266	0.613019	2.50081	200
5532	2.45014	0.607161	2.50055	200
5533	2.43356	0.601534	2.5002	200
5515	4.64764	0.617637	2.51138	200
5534	2.51467	0.611237	2.5114	200
5516	4.74651	0.628152	2.52304	200
5535	2.62183	0.622637	2.52355	200
5517	4.90341	0.640941	2.53595	200
5536	2.79907	0.637005	2.53732	200
5537	2.80381	0.633145	2.53871	200
5518	5.18151	0.654078	2.55247	200
5538	2.45701	0.648259	2.55197	200
5519	5.13038	0.668364	2.5654	200
5539	2.53445	0.661724	2.56524	200
5540	2.54046	0.655089	2.56511	200
5541	2.55981	0.64832	2.56508	200
5542	2.42232	0.643053	2.56434	200
5524	5.01286	0.661859	2.57709	200
5543	2.43723	0.656421	2.57636	200
5544	2.45152	0.650883	2.57571	200
5545	2.41527	0.645774	2.57487	200
5546	2.45867	0.640257	2.57427	200
5547	2.4788	0.634582	2.57377	200
5548	2.40746	0.629704	2.5729	200
5549	2.40516	0.624891	2.57203	200
5550	2.38162	0.620365	2.57104	200
5551	2.31881	0.616683	2.56977	200
5552	2.42971	0.611916	2.56907	200
5553	2.37871	0.6077	2.56812	200
5554	2.42201	0.603084	2.56739	200
5555	2.4754	0.597973	2.56693	200
5556	2.44046	0.593258	2.5663	200
5557	2.42381	0.58875	2.56559	200
5558	2.4236	0.584282	2.56487	200
5559	2.40095	0.580078	2.56406	200
5560	2.5004	0.574913	2.56374	200
5561	2.52052	0.569596	2.56352	200
5562	2.66979	0.564962	2.56405	200
5563	2.53508	0.559602	2.56391	200
5564	2.56558	0.554022	2.56391	200
5565	2.63424	0.549185	2.56426	200
5566	2.71017	0.545152	2.56499	200
5567	2.69827	0.541033	2.56566	200
5569	2.81582	0.538124	2.56691	200
5570	2.79552	0.535028	2.56805	200
5571	2.68903	0.530887	2.56866	200
5572	2.84463	0.528337	2.57003	200
5575	2.79096	0.525262	2.57114	200
5576	2.88223	0.52312	2.57269	200
5568	3.59355	0.528097	2.5778	200
5577	2.83657	0.525403	2.57909	200
5578	2.91057	0.523463	2.58075	200
5579	2.92254	0.521646	2.58246	200
5580	2.87251	0.51933	2.58391	200
5581	2.89284	0.517226	2.58545	200
5583	2.9491	0.51569	2.58727	200
5573	4.1586	0.526246	2.59512	200
5584	3.09273	0.525959	2.59761	200
5574	4.25429	0.537266	2.60589	200
5585	3.1959	0.537793	2.60885	200
5586	3.13132	0.537639	2.61146	200
5587	3.06234	0.536771	2.61371	200
5588	3.28233	0.538089	2.61705	200
5589	3.23078	0.538845	2.62012	200
5590	3.29926	0.540247	2.62352	200
5582	4.36558	0.552265	2.63223	200
5591	3.37761	0.554196	2.63595	200
5592	3.38344	0.556128	2.63969	200
5593	3.21707	0.55634	2.64258	200
5594	4.48435	0.569194	2.65178	200
5595	4.55441	0.582528	2.6613	200
5596	4.47664	0.594856	2.67037	200
5597	4.48345	0.607038	2.67944	200
5598	4.54073	0.61958	2.68874	200
5600	4.62601	0.632756	2.69843	200
5601	4.69574	0.646401	2.70842	200
5602	4.74134	0.660266	2.71858	200
5603	4.69981	0.673475	2.72849	200
5604	4.52566	0.684711	2.73747	200
5607	4.38606	0.694349	2.74571	200
5608	4.38378	0.703786	2.7539	200
5609	4.43489	0.713558	2.76231	200
5610	4.46052	0.723404	2.7708	200
5611	4.47217	0.733183	2.7793	200
5599	6.30455	0.761103	2.79693	200
5612	4.56021	0.771124	2.80575	200
5613	4.57494	0.781104	2.81459	200
5614	4.49649	0.790111	2.823	200
5615	4.52375	0.799217	2.8315	200
5616	4.41946	0.807104	2.83944	200
5617	4.40263	0.814664	2.84726	200
5605	5.85636	0.836608	2.8623	200
5618	4.48121	0.844431	2.8704	200
5619	4.21247	0.849407	2.87711	200
5620	4.24352	0.854577	2.88394	200
5606	6.1974	0.879165	2.9005	200
5621	4.22892	0.883657	2.90715	200
5622	4.17116	0.88746	2.91347	200
5623	4.18171	0.891267	2.91981	200
5624	4.05641	0.89372	2.92549	200
5625	4.18212	0.897349	2.93177	200
5626	4.27963	0.901854	2.93851	200
5627	4.21962	0.905646	2.94492	200
5628	4.28475	0.909987	2.95162	200
5629	4.24638	0.913834	2.95809	200
5630	4.31622	0.918276	2.96488	200
5631	4.31123	0.922556	2.97161	200
5632	4.184	0.925454	2.97767	200
5633	4.16249	0.928047	2.9836	200
5634	4.14708	0.930401	2.98941	200
5635	4.17531	0.932955	2.99534	200
5636	4.26046	0.936276	3.00167	200
5637	4.72276	0.944124	3.01027	200
5638	4.92874	0.953867	3.01986	200
5639	4.74858	0.961615	3.02851	200
5640	4.7362	0.969075	3.03704	200
5641	4.70926	0.976106	3.04541	200
5642	4.80352	0.983926	3.0542	200
5643	4.85362	0.991767	3.06285	200
5644	4.70125	0.997984	3.07072	200
5645	4.89853	1.00596	3.07951	200
5646	4.78114	1.01265	3.08769	200
5647	4.81454	1.01952	3.09599	200
5648	4.75558	1.02567	3.10397	200
5649	4.94506	1.03351	3.11282	200
5650	5.06484	1.04234	3.12221	200
5651	5.20573	1.05235	3.13222	200
5652	5.1924	1.06204	3.14213	200
5653	5.25904	1.07219	3.1523	200
5654	5.30321	1.08256	3.16264	200
5655	5.38891	1.09356	3.17334	200
5656	5.43113	1.10475	3.1842	200
5657	5.37996	1.11524	3.19475	200
5658	5.51337	1.12681	3.2059	200
5659	5.6042	1.13904	3.21743	200
5660	5.36597	1.14874	3.22776	200
5661	5.46436	1.1592	3.23851	200
5662	5.44741	1.16929	3.24913	200
5663	5.3374	1.17813	3.25917	200
5666	5.3501	1.18691	3.26922	200
5667	5.47975	1.19675	3.27985	200
5668	5.5761	1.20732	3.29089	200
5669	5.49185	1.21687	3.30147	200
5670	5.40575	1.22541	3.31159	200
5671	5.39449	1.23365	3.3216	200
5672	8.56569	1.27221	3.34681	200
5673	8.3635	1.30822	3.37093	200
5664	10.0197	1.35957	3.40289	200
5674	8.17781	1.39241	3.42585	200
5675	8.0696	1.42367	3.44817	200
5676	7.9608	1.45337	3.46987	200
5677	7.81959	1.48122	3.49078	200
5665	9.89184	1.52852	3.52156	200
5678	7.85807	1.55552	3.5424	200
5679	7.66599	1.58022	3.56223	200
5682	7.23741	1.60036	3.5799	200
5683	7.14332	1.61923	3.59703	200
5684	7.10889	1.63743	3.61391	200
5685	6.8674	1.65297	3.62955	200
5686	6.74721	1.66705	3.64454	200
5687	6.59882	1.67943	3.65874	200
5688	6.41346	1.68977	3.67198	200
5689	6.32191	1.699	3.68472	200
5690	6.11925	1.70607	3.69643	200
5691	5.98479	1.71167	3.70743	200
5692	5.83749	1.71569	3.71767	200
5693	5.79166	1.71914	3.72764	200
5694	5.64309	1.72103	3.73685	200
5695	5.54207	1.72184	3.74553	200
5696	5.55469	1.72267	3.75422	200
5697	5.38735	1.72181	3.76207	200
5680	7.9704	1.74572	3.78231	200
5698	5.43722	1.74485	3.79026	200
5699	5.50502	1.74456	3.79851	200
5681	7.90528	1.76727	3.81825	200
5700	5.00826	1.76172	3.82397	200
5702	4.77261	1.7539	3.82853	200
5703	4.74262	1.74582	3.83293	200
5704	4.64843	1.73688	3.83685	200
5705	4.63751	1.72787	3.8407	200
5707	1.41398	1.73459	3.82903	200
5708	1.50608	1.74025	3.81786	200
5709	1.53046	1.74551	3.80686	200
5710	1.66817	1.74929	3.79658	200
5711	1.81221	1.75155	3.78704	200
5701	6.4737	1.76054	3.79995	200
5706	6.18208	1.76652	3.81141	200
5712	3.02471	1.7571	3.80762	200
5713	3.16914	1.74634	3.80455	200
5714	3.27008	1.73469	3.80198	200
5715	3.56517	1.72028	3.80084	200
5716	3.63886	1.7053	3.80006	200
5717	3.77362	1.68916	3.79994	200
5718	3.93372	1.6742	3.80058	200
5733	3.78713	1.65823	3.80051	200
5734	3.91348	1.64337	3.80106	200
5719	4.24052	1.6318	3.80317	200
5735	3.90265	1.61706	3.80365	200
5736	3.96805	1.60309	3.80444	200
5720	4.60576	1.59538	3.80829	200
5737	4.10266	1.58287	3.8097	200
5738	4.21733	1.57157	3.81166	200
5721	4.8628	1.56657	3.81672	200
5739	4.31568	1.5563	3.81911	200
5722	4.96735	1.55238	3.82463	200
5740	4.50608	1.544	3.82791	200
5723	5.15658	1.54193	3.8343	200
5741	4.55017	1.53399	3.83774	200
5742	4.67506	1.52729	3.84176	200
5724	5.37123	1.52731	3.84912	200
5743	4.73008	1.5211	3.85335	200
5725	5.60778	1.52334	3.86178	200
5744	4.52253	1.51504	3.86496	200
5745	4.49882	1.50657	3.86801	200
5726	5.85642	1.5112	3.87757	200
5746	4.63279	1.50393	3.8812	200
5747	4.60687	1.49645	3.88469	200
5727	6.17644	1.5041	3.8957	200
5748	4.6055	1.49646	3.89912	200
5728	6.26084	1.50478	3.91047	200
5729	6.404	1.51428	3.92246	200
5749	4.481	1.50543	3.92504	200
5751	3.81668	1.4925	3.92454	200
5752	3.79421	1.47988	3.92394	200
5753	3.83185	1.46704	3.92351	200
5754	3.59414	1.4565	3.92198	200
5755	3.59055	1.44608	3.92045	200
5756	3.41558	1.43737	3.91811	200
5757	3.55885	1.42738	3.91645	200
5758	3.5158	1.41788	3.91459	200
5759	3.53704	1.40824	3.91284	200
5760	3.73715	1.39683	3.91203	200
5730	7.92971	1.4211	3.93063	200
5761	3.87414	1.40846	3.93037	200
5762	3.89931	1.39571	3.93022	200
5750	5.84562	1.40052	3.93909	200
5763	3.8998	1.38792	3.93891	200
5731	8.45986	1.41692	3.95984	200
5764	3.94579	1.40393	3.95977	200
5765	3.8899	1.39158	3.95945	200
5766	4.05865	1.37962	3.95991	200
5732	8.85094	1.41213	3.98255	200
5767	4.12541	1.40037	3.98321	200
5768	4.25476	1.38992	3.98447	200
5769	4.30115	1.37998	3.98594	200
5770	4.39452	1.37099	3.98783	200
5771	4.4698	1.36276	3.99006	200
5772	4.48603	1.35473	3.99235	200
5775	4.59934	1.34781	3.99516	200
5776	4.70003	1.34185	3.99843	200
5777	4.80638	1.33691	4.00217	200
5773	5.57677	1.33911	4.00945	200
5781	4.84029	1.3344	4.0133	200
5774	5.66835	1.33737	4.02096	200
5782	4.97136	1.33379	4.02536	200
5785	5.17137	1.33205	4.03067	200
5786	5.17735	1.33033	4.03597	200
5787	5.30133	1.32973	4.04183	200
5788	5.33231	1.32936	4.04781	200
5789	5.31921	1.32883	4.05369	200
5790	5.36426	1.32866	4.05976	200
5791	5.37693	1.32855	4.06586	200
5792	5.45253	1.32909	4.07228	200
5778	6.87038	1.34269	4.08523	200
5779	7.41985	1.36113	4.10067	200
5783	7.30195	1.37817	4.11549	200
5798	5.6672	1.37978	4.12267	200
5780	7.77677	1.40084	4.13959	200
5799	5.74093	1.40269	4.147	200
5784	7.67845	1.4224	4.16335	200
5804	5.97603	1.42601	4.17174	200
5805	5.89537	1.42877	4.17972	200
5806	5.9075	1.43154	4.18772	200
5793	7.74478	1.45122	4.20419	200
5794	7.81204	1.47118	4.22089	200
5811	5.75114	1.47173	4.22797	200
5795	7.83033	1.49146	4.24465	200
5812	5.80013	1.49205	4.25185	200
5796	7.73078	1.51045	4.26796	200
5797	8.18378	1.53272	4.28609	200
5813	6.05813	1.53493	4.29429	200
5801	7.9103	1.5542	4.31103	200
5814	6.15061	1.55685	4.31954	200
5802	8.1472	1.57787	4.33727	200
5815	6.13742	1.57993	4.3456	200
5803	8.31822	1.60208	4.36399	200
5816	5.99435	1.60234	4.37154	200
5817	6.1823	1.60427	4.37992	200
5807	8.30113	1.62573	4.39807	200
5818	6.17165	1.62709	4.40628	200
5819	6.29789	1.62954	4.41504	200
5808	8.3522	1.65091	4.43327	200
5809	8.35082	1.6719	4.4514	200
5820	6.24993	1.67307	4.45973	200
5810	8.50818	1.69506	4.47847	200
5821	6.32646	1.69648	4.48703	200
5822	6.30479	1.6976	4.49544	200
5823	6.35135	1.69907	4.50403	200
5826	6.29656	1.69993	4.51233	200
5827	6.29925	1.70074	4.5206	200
5828	6.39438	1.70234	4.52928	200
5829	5.96162	1.69984	4.53591	200
5824	8.45528	1.72039	4.55405	200
5825	8.34149	1.73953	4.57159	200
5835	6.15849	1.73811	4.57893	200
5836	6.01303	1.7353	4.58557	200
5837	5.9982	1.73231	4.59211	200
5838	5.66122	1.72617	4.59706	200
5839	5.51985	1.71873	4.60133	200
5840	5.5329	1.71144	4.60564	200
5841	5.49318	1.70381	4.60975	200
5842	5.49334	1.69622	4.61384	200
5830	7.48496	1.7071	4.62713	200
5843	5.5058	1.69942	4.6312	200
5844	5.50624	1.69179	4.63525	200
5831	7.45371	1.70222	4.6483	200
5832	7.63964	1.71416	4.66215	200
5845	5.42695	1.70537	4.66569	200
5846	5.37072	1.6961	4.66895	200
5833	7.77884	1.70919	4.68335	200
5834	7.81921	1.7224	4.69787	200
5847	5.62171	1.71501	4.70214	200
5848	5.55627	1.70704	4.7061	200
5849	5.48973	1.69849	4.70972	200
5850	5.51795	1.69024	4.71347	200
5851	5.50039	1.68188	4.71711	200
5852	5.57301	1.67423	4.72107	200
5853	5.35616	1.66461	4.72401	200
5854	5.48272	1.65622	4.72752	200
5855	5.53092	1.6486	4.73111	200
5856	5.47901	1.64056	4.73445	200
5857	5.5007	1.63275	4.73787	200
5858	5.55267	1.62545	4.7415	200
5859	5.71549	1.61963	4.74585	200
5860	5.60212	1.61282	4.74967	200
5861	5.64878	1.60644	4.75369	200
5862	5.66473	1.60024	4.75775	200
5863	5.54077	1.59294	4.76125	200
5864	5.34518	1.58393	4.76386	200
5865	5.30807	1.57465	4.76628	200
5866	5.27585	1.56513	4.76856	200
5867	5.29226	1.55584	4.7709	200
5868	4.18698	1.54716	4.76829	200
5869	4.22919	1.53816	4.76588	200
5870	4.37243	1.52794	4.76412	200
5871	4.42112	1.51736	4.76259	200
5872	4.49929	1.50616	4.76142	200
5873	4.64389	1.49376	4.76089	200
5874	4.76033	1.48043	4.76089	200
5875	4.90471	1.46849	4.76153	200
5876	5.00112	1.45752	4.7626	200
5879	4.92741	1.44598	4.76333	200
5880	4.96242	1.43484	4.76422	200
5877	5.4183	1.42787	4.76714	200
5882	5.1725	1.41874	4.76895	200
5878	5.70353	1.41442	4.77312	200
5883	5.33296	1.40679	4.77562	200
5881	5.75006	1.40293	4.77997	200
5884	5.37756	1.39574	4.78264	200
5885	5.37341	1.38855	4.78528	200
5886	5.25972	1.38039	4.78739	200
5887	5.44064	1.37389	4.79031	200
5888	5.56154	1.36851	4.79375	200
5889	5.53845	1.36294	4.79708	200
5890	5.61672	1.35809	4.80074	200
5891	5.52819	1.35246	4.80398	200
5892	5.70243	1.34841	4.80799	200
5893	5.60116	1.34345	4.81153	200
5894	5.5335	1.3379	4.81475	200
5895	5.53892	1.33242	4.81799	200
5896	5.69994	1.3284	4.82192	200
5897	5.67505	1.32415	4.82573	200
5898	5.71461	1.32027	4.8297	200
5899	5.88284	1.31788	4.8344	200
5900	5.8516	1.31519	4.83894	200
5901	5.6153	1.31038	4.84241	200
5902	5.67853	1.30615	4.84614	200
5903	5.70356	1.30214	4.84997	200
5904	5.73656	1.29843	4.85392	200
5905	5.72503	1.29461	4.85781	200
5906	5.76857	1.29119	4.86188	200
5907	5.73874	1.28748	4.86579	200
5908	5.7981	1.28431	4.86995	200
5909	5.7629	1.28082	4.87394	200
5910	5.71686	1.27691	4.8777	200
5911	5.80572	1.27379	4.88184	200
5912	5.69297	1.26966	4.88546	200
5913	5.71719	1.26575	4.88918	200
5915	5.67947	1.2615	4.89271	200
5916	5.69203	1.25738	4.89627	200
5917	5.66694	1.25303	4.89971	200
5918	5.72265	1.24919	4.90339	200
5919	5.65104	1.24471	4.90672	200
5914	6.45722	1.24744	4.91364	200
5920	5.71397	1.24345	4.91722	200
5921	5.57353	1.23821	4.92014	200
5922	5.62975	1.23348	4.92331	200
5923	5.54886	1.22806	4.9261	200
5924	5.70873	1.22408	4.9296	200
5925	5.78657	1.2208	4.93342	200
5926	5.88924	1.21843	4.93769	200
5927	5.94334	1.21653	4.94218	200
5928	5.94219	1.2146	4.94664	200
5929	5.9885	1.21306	4.95129	200
5930	5.85853	1.21033	4.95534	200
5931	5.97067	1.20859	4.95988	200
5932	5.93382	1.20649	4.96422	200
5933	6.1371	1.20619	4.96946	200
5936	5.97698	1.20441	4.97396	200
5937	5.87113	1.20167	4.97796	200
5938	5.90676	1.19923	4.98211	200
5934	6.39649	1.20115	4.98842	200
5941	5.87652	1.19836	4.99238	200
5935	6.73989	1.20326	5.00019	200
5942	5.87087	1.20029	5.00407	200
5943	5.86133	1.19723	5.0079	200
5944	5.80477	1.19365	5.01146	200
5945	5.72732	1.18939	5.01465	200
5946	5.762	1.18544	5.01799	200
5947	5.78754	1.18172	5.02142	200
5939	7.05073	1.18929	5.03048	200
5948	5.67171	1.1844	5.03334	200
5949	5.75133	1.18023	5.03655	200
5940	7.15046	1.18857	5.04598	200
5950	5.73348	1.18409	5.04905	200
5951	5.79711	1.1802	5.05239	200
5952	6.95151	1.18662	5.06087	200
5953	7.10505	1.19427	5.07	200
5954	7.03168	1.20113	5.07875	200
5955	7.0653	1.20814	5.08762	200
5956	7.17639	1.216	5.09694	200
5957	7.08728	1.22291	5.10583	200
5958	6.99293	1.22884	5.11425	200
5959	6.98694	1.23459	5.12261	200
5960	6.8701	1.23917	5.13042	200
5961	6.94691	1.24432	5.13852	200
5962	6.9912	1.24975	5.14679	200
5963	7.1052	1.25608	5.15554	200
5964	7.14872	1.26266	5.16443	200
5965	7.03641	1.2681	5.17279	200
5966	7.12471	1.27421	5.1815	200
5967	7.07097	1.2797	5.18994	200
5968	7.13735	1.28546	5.19833	200
5969	6.98311	1.28976	5.20603	200
5971	7.02924	1.29436	5.21388	200
5972	7.03767	1.29892	5.22175	200
5973	7.09354	1.30386	5.22981	200
5974	7.03318	1.30817	5.23759	200
5970	7.76064	1.31864	5.24846	200
5975	7.05194	1.32282	5.25623	200
5976	7.00518	1.32649	5.26377	200
5977	7.01167	1.33012	5.27131	200
5978	7.02548	1.33378	5.27887	200
5979	6.96037	1.33678	5.28611	200
5980	6.94386	1.33954	5.29326	200
5981	6.7666	1.34069	5.29961	200
5982	6.82848	1.34232	5.3062	200
5983	6.96824	1.34507	5.31336	200
5984	6.98153	1.34786	5.32055	200
5985	7.10929	1.35166	5.32826	200
5986	7.23833	1.35647	5.33649	200
5987	7.19582	1.36081	5.34451	200
5988	7.22809	1.36531	5.35263	200
5989	7.28598	1.37021	5.36096	200
5990	7.38994	1.37589	5.3697	200
5991	7.27563	1.38045	5.37792	200
5992	7.34764	1.38553	5.38641	200
5993	7.36766	1.39067	5.39495	200
5994	7.26921	1.39484	5.40303	200
5995	7.21401	1.39842	5.41083	200
5996	7.31569	1.40279	5.41904	200
6013	6.65077	1.40131	5.42435	200
5997	8.82609	1.41856	5.43901	200
6014	6.71092	1.41729	5.44449	200
6015	6.41069	1.41341	5.44866	200
5998	9.05958	1.43235	5.46422	200
6016	6.5314	1.4292	5.46882	200
6017	6.49815	1.42575	5.47326	200
6018	6.45877	1.42196	5.4775	200
6019	6.56734	1.41909	5.4822	200
5999	9.38726	1.44052	5.49903	200
6020	6.85955	1.43983	5.5049	200
6000	9.67972	1.46341	5.52289	200
6021	6.89775	1.46264	5.52882	200
6022	6.80403	1.46103	5.53431	200
6001	9.92844	1.48631	5.55325	200
6023	6.87284	1.48488	5.55894	200
6002	9.94041	1.50985	5.57782	200
6024	6.9793	1.50891	5.58387	200
6025	6.95214	1.5077	5.58976	200
6026	6.97614	1.50665	5.59574	200
6003	10.2639	1.53391	5.61586	200
6027	6.87218	1.53151	5.62127	200
6028	7.07838	1.53087	5.62755	200
6004	10.5789	1.56036	5.64889	200
6029	7.07215	1.55917	5.65503	200
6005	10.9001	1.59095	5.67764	200
6030	7.2131	1.59047	5.68425	200
6031	7.2114	1.58992	5.69083	200
6006	11.0732	1.62262	5.71403	200
6032	7.22736	1.62167	5.72056	200
6033	7.18471	1.62032	5.72687	200
6034	7.1452	1.61857	5.73298	200
6035	7.12458	1.61662	5.73898	200
6036	7.16496	1.61497	5.74512	200
6007	11.4555	1.65028	5.76974	200
6037	7.32821	1.64949	5.77645	200
6008	11.764	1.68688	5.80226	200
6038	7.41591	1.68625	5.80922	200
6009	12.218	1.72696	5.83684	200
6010	13.0012	1.77384	5.86772	200
6039	7.93931	1.7764	5.87665	200
6040	7.71237	1.77691	5.88456	200
6011	13.3673	1.8261	5.91681	200
6041	6.62873	1.81649	5.91988	200
6042	6.52836	1.80608	5.9225	200
6043	6.59569	1.79631	5.9254	200
6012	13.8083	1.84878	5.95938	200
6044	6.88961	1.84086	5.96339	200
6045	6.89701	1.83304	5.96741	200
6046	6.87025	1.82502	5.97131	200
6047	7.0076	1.81822	5.97577	200
6048	7.066	1.81195	5.98047	200
6049	7.01558	1.80525	5.98493	200
6050	7.05328	1.7989	5.98954	200
6051	6.96364	1.79178	5.99373	200
6052	7.04974	1.78544	5.99829	200
6053	7.05443	1.77915	6.00284	200
6054	7.1555	1.77375	6.00781	200
6055	7.135	1.76818	6.01266	200
6056	7.21373	1.76329	6.01784	200
6057	7.30619	1.7592	6.02339	200
6058	7.39453	1.75585	6.0293	200
6061	7.28477	1.75154	6.03471	200
6062	7.33727	1.74766	6.04033	200
6063	7.23164	1.7427	6.04565	200
6064	7.4025	1.73925	6.0517	200
6065	7.43297	1.73594	6.0581	200
6066	7.38005	1.7321	6.06422	200
6067	7.48246	1.72908	6.07104	200
6068	7.45192	1.72573	6.07767	200
6059	8.89591	1.73666	6.09176	200
6069	7.50363	1.73341	6.09882	200
6070	7.6639	1.73166	6.10697	200
6060	9.03205	1.74409	6.12221	200
6071	7.80857	1.74346	6.13137	200
6073	8.01249	1.74496	6.1416	200
6074	8.09597	1.74734	6.1527	200
6075	7.98908	1.74835	6.16313	200
6076	8.09536	1.75053	6.17463	200
6077	7.93026	1.75059	6.18508	200
6078	8.08997	1.75252	6.19699	200
6079	8.15061	1.75504	6.2092	200
6080	8.59881	1.76338	6.22492	200
6081	8.26475	1.76702	6.23834	200
6072	10.8978	1.8072	6.2707	200
6082	8.33387	1.81075	6.28502	200
6083	8.41977	1.81551	6.30072	200
6084	8.43111	1.82014	6.31638	200
6085	8.47189	1.82538	6.33322	200
6086	8.627	1.8327	6.35114	200
6087	8.56836	1.83911	6.36962	200
6088	8.8106	1.84914	6.38996	200
6089	8.76286	1.85849	6.41115	200
6090	8.75059	1.86708	6.43203	200
6091	8.70784	1.87494	6.45391	200
6092	8.67164	1.88153	6.47524	200
6093	8.77059	1.89015	6.49915	200
6094	8.75265	1.89772	6.52262	200
6095	8.78751	1.90607	6.54836	200
6096	8.84068	1.91484	6.57441	200
6097	8.86281	1.92418	6.60301	200
6098	8.83486	1.93187	6.63091	200
6099	8.83671	1.93948	6.66155	200
6100	8.84793	1.94634	6.69191	200
6101	8.83864	1.9526	6.72545	200
6102	8.78757	1.95602	6.75767	200
6103	8.80374	1.95924	6.79421	200
