time	cwndsize
0.245149	11
0.245842	12
0.246484	13
0.247256	14
0.247908	15
0.24858	16
0.249656	17
0.249958	18
0.250653	19
0.251341	20
0.252413	21
0.253116	22
0.253846	23
0.254673	24
0.255304	25
0.255711	26
0.256869	27
0.257437	28
0.258109	29
0.258787	30
0.259521	31
0.260257	32
0.260884	33
0.261607	34
0.262362	35
0.263079	36
0.263701	37
0.264411	38
0.265095	39
0.265858	40
0.266661	41
0.267286	42
0.268125	43
0.268734	44
0.269854	45
0.270068	46
0.272156	47
0.272901	48
0.274343	49
0.275069	50
0.275727	51
0.276493	52
0.279199	53
0.279883	54
0.280591	55
0.281326	56
0.281987	57
0.282681	58
0.283369	59
0.284081	60
0.284751	61
0.28546	62
0.286149	63
0.286844	64
0.287913	65
0.288249	66
0.28893	67
0.28962	68
0.290667	69
0.291028	70
0.292038	71
0.292784	72
0.293095	73
0.294136	74
0.294838	75
0.295527	76
0.296218	77
0.296898	78
0.297654	79
0.298322	80
0.300412	81
0.301232	82
0.301829	83
0.302481	84
0.305331	85
0.306425	86
0.307826	87
0.308488	88
0.309643	89
0.310279	90
0.31134	91
0.312001	92
0.314452	93
0.315883	94
0.316837	95
0.317462	96
0.318571	97
0.318975	98
0.319939	99
0.320727	100
0.322219	101
0.322938	102
0.324239	103
0.324577	104
0.3327	105
0.334686	106
0.337487	107
0.337839	108
0.338189	109
0.338472	110
0.339288	111
0.339915	112
0.340937	113
0.341652	114
0.343004	115
0.343351	116
0.343951	117
0.344662	118
0.345727	119
0.346392	120
0.347475	121
0.348549	122
0.349223	123
0.34956	124
0.350888	125
0.35125	126
0.351932	127
0.352674	128
0.35334	129
0.354368	130
0.355351	131
0.356714	132
0.357594	133
0.358247	134
0.359135	135
0.359483	136
0.361155	137
0.362287	138
0.363206	139
0.364649	140
0.365664	141
0.366499	142
0.367223	143
0.367567	144
0.368815	145
0.370149	146
0.371159	147
0.372597	148
0.373559	149
0.374677	150
0.375389	151
0.377071	152
0.378136	153
0.378854	154
0.379581	155
0.380287	156
0.382274	157
0.383665	158
0.385008	159
0.385367	160
0.387138	161
0.38751	162
0.388208	163
0.388565	164
0.389377	165
0.38959	166
0.391176	167
0.391558	168
0.397438	169
0.399199	170
0.399908	171
0.401339	172
0.401673	173
0.403043	174
0.406983	175
0.407628	176
0.408354	177
0.410414	178
0.412487	179
0.414369	180
0.414964	181
0.415328	182
0.415652	183
0.416027	184
0.416354	185
0.416686	186
0.417042	187
0.417452	188
0.417736	189
0.418453	190
0.4192	191
0.419536	192
0.419857	193
0.42057	194
0.421335	195
0.422592	196
0.423061	197
0.424386	198
0.425069	199
0.425441	200
0.428245	201
0.428573	202
0.429285	203
0.430749	204
0.431449	205
0.432207	206
0.432526	207
0.433196	208
0.446298	209
0.447639	210
0.448362	211
0.449672	212
0.450672	213
0.451022	214
0.453406	215
0.454118	216
0.45483	217
0.455827	218
0.45714	219
0.457497	220
0.45894	221
0.459618	222
0.460595	223
0.461315	224
0.4627	225
0.463042	226
0.464483	227
0.464812	228
0.466845	229
0.46721	230
0.468236	231
0.468867	232
0.470251	233
0.470581	234
0.471325	235
0.472042	236
0.475438	237
0.476777	238
0.477112	239
0.478158	240
0.478855	241
0.479227	242
0.480313	243
0.481235	244
0.481634	245
0.482633	246
0.482982	247
0.484392	248
0.485094	249
0.486415	250
0.48712	251
0.487789	252
0.48921	253
0.489852	254
0.492602	255
0.493291	256
0.493695	257
0.495044	258
0.496096	259
0.49681	260
0.498141	261
0.498493	262
0.499177	263
0.500542	264
0.501259	265
0.501934	266
0.502974	267
0.503326	268
0.504632	269
0.504969	270
0.506048	271
0.506686	272
0.509485	273
0.510844	274
0.511189	275
0.511544	276
0.514363	277
0.51572	278
0.51779	279
0.518474	280
0.520458	281
0.521894	282
0.523304	283
0.524323	284
0.527001	285
0.527381	286
0.528103	287
0.528805	288
0.529914	289
0.530518	290
0.536857	291
0.537754	292
0.538644	293
0.539761	294
0.54052	295
0.542553	296
0.543895	297
0.54531	298
0.547367	299
0.54812	300
0.548908	301
0.550168	302
0.56066	303
0.561475	304
0.561805	305
0.562397	306
0.563035	307
0.563852	308
0.564173	309
0.564495	310
0.564913	311
0.565223	312
0.565515	313
0.56622	314
0.567227	315
0.567569	316
0.568334	317
0.568987	318
0.569687	319
0.570003	320
0.57109	321
0.571797	322
0.572479	323
0.573127	324
0.573821	325
0.574505	326
0.575273	327
0.576206	328
0.577657	329
0.57822	330
0.578598	331
0.578884	332
0.58279	333
0.584942	334
0.588336	335
0.590434	336
0.596664	337
0.597423	338
0.59867	339
0.599402	340
0.600138	341
0.600806	342
0.604529	343
0.605328	344
0.605685	345
0.606961	346
0.607659	347
0.609303	348
0.610318	349
0.611096	350
0.612053	351
0.612722	352
0.613755	353
0.614097	354
0.615576	355
0.615867	356
0.61623	357
0.616915	358
0.629795	359
0.630451	360
0.635459	361
0.635772	362
0.642591	363
0.642896	364
0.646099	365
0.646776	366
0.647772	367
0.648526	368
0.64943	369
0.650159	370
0.650895	371
0.65157	372
0.652994	373
0.653807	374
0.65447	375
0.654814	376
0.657471	377
0.658112	378
0.658821	379
0.660169	380
0.662606	381
0.663656	382
0.664644	383
0.666038	384
0.66743	385
0.668077	386
0.669465	387
0.670194	388
0.676268	389
0.677889	390
0.681005	391
0.682401	392
0.683765	393
0.684452	394
0.688572	395
0.689953	396
0.692062	397
0.693389	398
0.694771	399
0.696145	400
0.697519	401
0.698599	402
0.700286	403
0.700983	404
0.701661	405
0.702332	406
0.703041	407
0.703718	408
0.704404	409
0.70511	410
0.70578	411
0.706491	412
0.707161	413
0.707484	414
0.708239	415
0.708887	416
0.709549	417
0.70992	418
0.710598	419
0.71129	420
0.711977	421
0.712642	422
0.712983	423
0.71334	424
0.713702	425
0.714382	426
0.714731	427
0.7154	428
0.71574	429
0.716094	430
0.71683	431
0.717517	432
0.718191	433
0.718891	434
0.719605	435
0.720276	436
0.720975	437
0.721661	438
0.722378	219
0.723056	219.005
0.723408	219.009
0.723749	219.014
0.724144	219.018
0.724473	219.023
0.72479	219.027
0.725202	219.032
0.725488	219.037
0.725887	219.041
0.726231	219.046
0.726552	219.05
0.726915	219.055
0.727257	219.059
0.727553	219.064
0.727905	219.068
0.728256	219.073
0.728641	219.078
0.728948	219.082
0.7293	219.087
0.729653	219.091
0.729974	219.096
0.730329	219.1
0.731101	219.105
0.731323	219.11
0.731664	219.114
0.732004	219.119
0.732396	219.123
0.732718	219.128
0.733722	219.132
0.734064	219.137
0.735099	219.142
0.73541	219.146
0.736451	219.151
0.736812	219.155
0.737848	219.16
0.738179	219.164
0.7392	219.169
0.739814	219.174
0.74056	219.178
0.74091	219.183
0.741929	219.187
0.742274	219.192
0.743409	219.196
0.743726	219.201
0.744077	219.205
0.744428	219.21
0.744782	219.215
0.745725	219.219
0.746094	219.224
0.747151	219.228
0.747504	219.233
0.747836	219.237
0.748173	219.242
0.748532	219.247
0.748886	219.251
0.749225	219.256
0.749562	219.26
0.750594	219.265
0.750889	219.269
0.751964	219.274
0.752272	219.279
0.752627	219.283
0.75304	219.288
0.754081	219.292
0.754388	219.297
0.75472	219.301
0.755126	219.306
0.756069	219.311
0.756407	219.315
0.756747	219.32
0.757108	219.324
0.758116	219.329
0.758467	219.333
0.759541	219.338
0.759869	219.342
0.760896	219.347
0.761253	219.352
0.761641	219.356
0.761947	219.361
0.762918	219.365
0.763973	219.37
0.764441	219.374
0.764679	219.379
0.765701	219.384
0.766796	219.388
0.767148	219.393
0.767483	219.397
0.767833	219.402
0.768849	219.406
0.769265	219.411
0.770236	219.416
0.770571	219.42
0.77091	219.425
0.77169	219.429
0.773003	219.434
0.773697	219.438
0.775133	219.443
0.775812	219.447
0.776829	219.452
0.777535	219.457
0.778544	219.461
0.779251	219.466
0.78027	219.47
0.781074	219.475
0.782692	219.479
0.783481	219.484
0.784143	219.489
0.785154	219.493
0.786165	219.498
0.78684	219.502
0.788215	219.507
0.788938	219.511
0.790644	219.516
0.792018	219.521
0.793063	219.525
0.795217	219.53
0.796519	219.534
0.797876	219.539
0.799286	219.543
0.799934	219.548
0.801312	219.553
0.802716	219.557
0.803391	219.562
0.80544	219.566
0.806172	219.571
0.807891	219.575
0.810266	219.58
0.811631	219.584
0.813327	219.589
0.814366	219.594
0.815055	219.598
0.815785	219.603
0.817144	219.607
0.817803	219.612
0.818495	219.616
0.819897	219.621
0.823323	219.626
0.824007	219.63
0.82571	219.635
0.826776	219.639
0.829496	219.644
0.830228	219.648
0.830899	219.653
0.831607	219.658
0.832263	219.662
0.832943	219.667
0.834018	219.671
0.834329	219.676
0.835011	219.68
0.835677	219.685
0.836396	219.689
0.837059	219.694
0.837742	219.699
0.838467	219.703
0.840148	219.708
0.84088	219.712
0.84157	219.717
0.842233	219.721
0.843611	219.726
0.847397	219.731
0.850555	219.735
0.850915	219.74
0.850985	219.744
0.851054	219.749
0.851351	219.753
0.851691	219.758
0.852241	219.763
0.852572	219.767
0.852939	219.772
0.853265	219.776
0.853651	219.781
0.854014	219.785
0.854369	219.79
0.855065	219.795
0.855994	219.799
0.856919	219.804
0.857277	219.808
0.857629	219.813
0.858034	219.817
0.859037	219.822
0.859429	219.826
0.859804	219.831
0.860123	219.836
0.860481	219.84
0.860852	219.845
0.861224	219.849
0.86209	219.854
0.863144	219.858
0.863522	219.863
0.863831	219.868
0.864178	219.872
0.86526	219.877
0.866189	219.881
0.867222	219.886
0.867601	219.89
0.868627	219.895
0.868971	219.9
0.870006	219.904
0.871133	219.909
0.871841	219.913
0.872839	219.918
0.874553	219.922
0.877345	219.927
0.878022	219.932
0.880087	219.936
0.881451	219.941
0.882151	219.945
0.884642	219.95
0.885756	219.954
0.886643	219.959
0.888711	219.963
0.890085	219.968
0.890765	219.973
0.892618	219.977
0.893882	219.982
0.89536	219.986
0.902676	219.991
0.905061	219.995
0.906419	220
0.907438	220.005
0.908132	220.009
0.909183	220.014
0.912028	220.018
0.912365	220.023
0.914436	220.027
0.916851	220.032
0.917531	220.036
0.918225	220.041
0.920998	220.045
0.922007	220.05
0.923545	220.055
0.924806	220.059
0.926872	220.064
0.927556	220.068
0.929807	220.073
0.931027	220.077
0.931728	220.082
0.933103	220.086
0.934473	220.091
0.935849	220.095
0.936528	220.1
0.937905	220.105
0.939317	220.109
0.940328	220.114
0.944879	220.118
0.945497	220.123
0.95177	220.127
0.954487	220.132
0.955268	220.136
0.95631	220.141
0.958299	220.145
0.959984	220.15
0.964499	220.155
0.966207	220.159
0.966911	220.164
0.9683	220.168
0.968973	220.173
0.969687	220.177
0.97032	220.182
0.971721	220.186
0.973082	220.191
0.973773	220.195
0.974433	220.2
0.975121	220.205
0.977211	220.209
0.977895	220.214
0.978595	220.218
0.979973	220.223
0.981336	220.227
0.982031	220.232
0.983403	220.236
0.984477	220.241
0.984764	220.245
0.985806	220.25
0.9865	220.255
0.987593	220.259
0.998891	220.264
0.999592	220.268
1.00097	220.273
1.00168	220.277
1.00786	220.282
1.00852	220.286
1.00989	220.291
1.01059	220.295
1.0113	220.3
1.01205	220.305
1.01232	220.309
1.01372	220.314
1.0175	220.318
1.01818	220.323
1.01885	220.327
1.01956	220.332
1.02025	220.336
1.02168	220.341
1.02231	220.345
1.02281	220.35
1.02899	220.355
1.03035	220.359
1.03107	220.364
1.03174	220.368
1.03419	220.373
1.03452	220.377
1.03591	220.382
1.03733	220.386
1.03901	220.391
1.0397	220.395
1.04035	220.4
1.04139	220.405
1.0424	220.409
1.04312	220.414
1.04456	220.418
1.04516	220.423
1.05066	220.427
1.0514	220.432
1.05203	220.436
1.05271	220.441
1.0534	220.445
1.05443	220.45
1.05548	220.455
1.05615	220.459
1.05718	220.464
1.05889	220.468
1.05962	220.473
1.061	220.477
1.06275	220.482
1.06373	220.486
1.06511	220.491
1.0658	220.495
1.07201	220.5
1.07336	220.505
1.07478	220.509
1.07542	220.514
1.07613	220.518
1.07689	220.523
1.07821	220.527
1.07991	220.532
1.08414	220.536
1.0872	220.541
1.08786	220.545
1.08923	220.55
1.08994	220.555
1.09061	220.559
1.09201	220.564
1.09339	220.568
1.09408	220.573
1.09545	220.577
1.09614	220.582
1.09819	220.586
1.09886	220.591
1.10095	220.595
1.10165	220.6
1.1038	220.605
1.10451	220.609
1.10656	220.614
1.10725	220.618
1.10936	220.623
1.11006	220.627
1.11141	220.632
1.1121	220.636
1.11347	220.641
1.11417	220.645
1.11628	220.65
1.11698	220.655
1.12043	220.659
1.1211	220.664
1.12257	220.668
1.12318	220.673
1.12452	220.677
1.12521	220.682
1.12674	220.686
1.1274	220.691
1.12871	220.695
1.12943	220.7
1.13081	220.705
1.13154	220.709
1.13287	220.714
1.13361	220.718
1.13564	220.723
1.13632	220.727
1.13768	220.732
1.13838	220.736
1.13976	220.741
1.14046	220.745
1.14182	220.75
1.14249	220.755
1.14388	220.759
1.14457	220.764
1.14606	220.768
1.14665	220.773
1.14802	220.777
1.14873	220.782
1.16864	220.786
1.16968	220.791
1.17108	220.795
1.17209	220.8
1.1742	220.805
1.17561	220.809
1.17705	220.814
1.178	220.818
1.17939	220.823
1.18042	220.827
1.18178	220.832
1.18279	220.836
1.18422	220.841
1.18524	220.845
1.18659	220.85
1.18763	220.855
1.18902	220.859
1.19045	220.864
1.19145	220.868
1.19283	220.873
1.1935	220.877
1.19558	220.882
1.1967	220.886
1.19806	220.891
1.19944	220.895
1.2008	220.9
1.20185	220.905
1.20323	220.909
1.2043	220.914
1.20531	220.918
1.20632	220.923
1.20739	220.927
1.20841	220.932
1.20943	220.936
1.21013	220.941
1.21115	220.945
1.21217	220.95
1.21289	220.955
1.2139	220.959
1.21531	220.964
1.21608	220.968
1.21722	220.973
1.21782	220.977
1.21844	220.982
1.27293	220.986
1.2736	220.991
1.27429	220.995
1.27464	221
1.27567	221.005
1.27634	221.009
1.27773	221.014
1.27878	221.018
1.28151	221.023
1.28331	110.511
1.28397	110.52
1.2846	110.53
1.28638	110.539
1.28701	110.548
1.28803	110.557
1.28908	110.566
1.28981	110.575
1.29055	110.584
1.29255	110.593
1.29393	110.602
1.2957	110.611
1.29739	110.62
1.29876	110.63
1.29989	110.639
1.30125	110.648
1.30232	110.657
1.30335	110.666
1.30405	110.675
1.30505	110.684
1.30576	110.693
1.31022	110.702
1.31099	110.711
1.31158	110.72
1.31225	110.73
1.31299	110.739
1.31365	110.748
1.31434	110.757
1.31503	110.766
1.31572	110.775
1.32503	110.784
1.32981	110.793
1.33049	110.802
1.33118	110.811
1.33225	110.82
1.333	110.83
1.33365	110.839
1.33432	110.848
1.33504	110.857
1.33606	110.866
1.33676	110.875
1.33778	110.884
1.33884	110.893
1.34025	110.902
1.34093	110.911
1.34231	110.92
1.3447	110.93
1.3458	110.939
1.34653	110.948
1.34791	110.957
1.35103	110.966
1.35169	110.975
1.35378	110.984
1.35481	110.993
1.35652	111.002
1.35721	111.011
1.35868	111.02
1.36033	111.029
1.36103	111.038
1.36172	111.047
1.36243	111.056
1.36313	111.065
1.36482	111.074
1.36586	111.083
1.36688	111.092
1.36792	111.101
1.36896	111.11
1.37313	111.119
1.37451	111.128
1.37524	111.137
1.37589	111.146
1.37692	111.155
1.37726	111.164
1.37797	111.173
1.37862	111.182
1.37931	111.191
1.38	111.2
1.38069	111.209
1.38141	111.218
1.38209	111.227
1.38311	111.236
1.38416	111.245
1.38482	111.254
1.38553	111.263
1.38623	111.273
1.38689	111.282
1.38934	111.291
1.38966	111.3
1.39071	111.309
1.39142	111.318
1.39208	111.327
1.39277	111.336
1.39346	111.345
1.39449	111.354
1.39519	111.363
1.39794	111.372
1.39862	111.381
1.39933	111.39
1.40103	111.399
1.40207	111.408
1.40342	111.417
1.40445	111.426
1.41102	111.435
1.41211	111.444
1.41287	111.453
1.41351	111.462
1.41422	111.471
1.41496	111.48
1.41563	111.489
1.41707	111.498
1.41815	111.507
1.41891	111.516
1.42095	111.525
1.42164	111.534
1.42234	111.543
1.42372	111.552
1.42443	111.561
1.42653	111.57
1.42835	111.579
1.42938	111.588
1.43112	111.597
1.4318	111.606
1.43324	111.615
1.43423	111.624
1.43663	111.633
1.43802	111.642
1.44017	111.651
1.44084	111.66
1.44218	111.669
1.44257	111.678
1.44604	111.687
1.44669	111.696
1.44875	111.705
1.44946	111.714
1.45086	111.723
1.45227	111.732
1.45431	111.741
1.45535	111.75
1.45822	111.759
1.45889	111.768
1.46134	111.777
1.46204	111.786
1.46446	111.795
1.46529	111.804
1.46796	111.813
1.46865	111.822
1.47072	111.831
1.47175	111.84
1.47348	111.849
1.47415	111.858
1.47621	111.867
1.4777	111.876
1.47937	111.885
1.48013	111.894
1.48176	111.903
1.48244	111.912
1.48488	111.921
1.48589	111.93
1.48861	111.939
1.48965	111.948
1.49175	111.957
1.49243	111.966
1.49392	111.975
1.49451	111.984
1.49597	111.993
1.49658	112.002
1.56144	112.011
1.56835	112.02
1.57349	112.029
1.57797	112.038
1.57903	112.047
1.57976	112.056
1.58009	112.065
1.58043	112.074
1.58079	112.083
1.58114	112.092
1.58148	112.1
1.58183	112.109
1.58215	112.118
1.58253	112.127
1.58285	112.136
1.58343	112.145
1.58355	112.154
1.58431	112.163
1.5846	112.172
1.58531	112.181
1.58599	112.19
1.58675	112.199
1.58705	112.208
1.58741	112.217
1.58775	112.225
1.58811	112.234
1.58884	112.243
1.58953	112.252
1.58984	112.261
1.59019	112.27
1.59055	112.279
1.59125	112.288
1.59157	112.297
1.59195	112.306
1.59228	112.315
1.59297	112.324
1.5933	112.333
1.59364	112.342
1.59403	112.35
1.59435	112.359
1.59508	112.368
1.5954	112.377
1.59594	112.386
1.66201	112.395
1.66748	112.404
1.67521	112.413
1.67963	112.422
1.68037	112.431
1.68171	112.44
1.68242	112.449
1.68309	112.458
1.68378	112.467
1.68516	112.475
1.71202	56.2377
1.71233	56.2556
1.71268	56.2734
1.71302	56.2913
1.71336	56.3092
1.71375	56.327
1.71407	56.3449
1.71456	56.3627
1.71474	56.3806
1.71508	56.3984
1.71544	56.4163
1.71577	56.4342
1.71614	56.452
1.71646	56.4699
1.71681	56.4877
1.71717	56.5056
1.71749	56.5234
1.71785	56.5413
1.71821	56.5592
1.71852	56.577
1.71889	56.5949
1.71921	56.6127
1.71955	56.6306
1.71991	56.6484
1.72024	56.6663
1.72058	56.6842
1.72097	56.702
1.72131	56.7199
1.72161	56.7377
1.722	56.7556
1.7223	56.7734
1.72268	56.7913
1.72299	56.8092
1.72336	56.827
1.72368	56.8449
1.72402	56.8627
1.72439	56.8806
1.72474	56.8984
1.72505	56.9163
1.72539	56.9342
1.72766	56.952
1.72797	56.9699
1.7284	56.9877
1.72873	57.0056
1.72912	57.0231
1.72943	57.0407
1.72976	57.0582
1.73009	57.0758
1.73045	57.0933
1.73078	57.1108
1.73118	57.1284
1.73152	57.1459
1.73188	57.1635
1.73218	57.181
1.73254	57.1986
1.73288	57.2161
1.7334	57.2337
1.73372	57.2512
1.73404	57.2687
1.73459	57.2863
1.73486	57.3038
1.73521	57.3214
1.7357	57.3389
1.73622	57.3565
1.73655	57.374
1.73688	57.3915
1.73721	57.4091
1.73767	57.4266
1.73801	57.4442
1.73856	57.4617
1.73888	57.4793
1.73932	57.4968
1.73971	57.5144
1.74062	57.5319
1.74117	57.5494
1.74138	57.567
1.74179	57.5845
1.74275	57.6021
1.74419	57.6196
1.74594	57.6372
1.74764	57.6547
1.74935	57.6722
1.80537	57.6898
1.80543	57.7073
1.80583	57.7249
1.80609	57.7424
1.81238	57.76
1.8127	57.7775
1.8131	57.7951
1.81345	57.8126
1.81445	57.8301
1.81478	57.8477
1.81523	57.8652
1.81552	57.8828
1.81616	57.9003
1.81978	57.9179
1.81985	57.9354
1.81999	57.9529
1.82012	57.9705
1.82049	57.988
1.82097	58.0056
1.82123	58.0228
1.82151	58.0401
1.82186	58.0573
1.82221	58.0745
1.82254	58.0918
1.82289	58.109
1.82326	58.1263
1.82357	58.1435
1.82394	58.1608
1.82427	58.178
1.82462	58.1952
1.82497	58.2125
1.8253	58.2297
1.8257	58.247
1.82602	58.2642
1.82635	58.2814
1.82671	58.2987
1.82718	58.3159
1.82745	58.3332
1.82787	58.3504
1.82819	58.3676
1.82852	58.3849
1.82888	58.4021
1.82921	58.4194
1.82953	29.2097
1.8299	29.2442
1.83022	29.2787
1.83057	29.3131
1.83095	29.3476
1.83129	29.3821
1.83162	29.4166
1.83198	29.4511
1.83284	29.4855
1.83358	29.52
1.8336	29.5545
1.83385	29.589
1.83392	29.6235
1.8545	29.658
1.85484	29.6924
1.85517	29.7269
1.85551	29.7614
1.86771	29.7959
1.86827	29.8304
1.87037	29.8649
1.87105	29.8993
1.87139	29.9338
1.87205	29.9683
1.87241	30.0028
1.87277	30.0361
1.87307	30.0695
1.87411	30.1028
1.87979	30.1361
1.87985	30.1695
1.87996	30.2028
1.88002	30.2361
1.88013	30.2695
1.88042	30.3028
1.88082	30.3361
1.88112	30.3695
1.88147	30.4028
1.88184	30.4361
1.88215	30.4695
1.88248	30.5028
1.88283	30.5361
1.88319	30.5695
1.88356	30.6028
1.8839	30.6361
1.88425	30.6695
1.88459	30.7028
1.88496	30.7361
1.88532	30.7695
1.88565	30.8028
1.88632	30.8361
1.88642	30.8695
1.88675	30.9028
1.8871	30.9361
1.88742	30.9695
1.88778	31.0028
1.88814	31.035
1.88847	31.0673
1.88879	31.0996
1.92822	31.1318
1.92857	31.1641
1.92959	31.1963
1.92991	31.2286
1.93062	31.2609
1.93095	31.2931
1.93131	31.3254
1.93165	31.3576
1.93198	31.3899
1.93232	31.4221
1.93268	31.4544
1.93302	31.4867
1.93335	31.5189
1.93369	15.7595
1.93436	15.8261
1.93473	15.8928
1.93506	15.9595
1.93541	16.0261
1.9361	16.0886
1.93646	16.1511
1.93747	16.2136
1.94509	16.2761
1.94541	16.3386
1.94576	16.4011
1.94613	16.4636
1.94644	16.5261
1.9468	16.5886
1.94714	16.6511
1.94748	16.7136
1.94782	16.7761
1.94817	16.8386
1.96136	16.9011
1.9617	16.9636
1.96202	17.0261
1.9624	17.0849
1.9627	17.1438
1.96306	17.2026
1.96374	17.2614
1.96409	17.3202
1.96443	17.3791
1.96476	17.4379
1.96516	17.4967
2.00561	17.5555
2.0063	17.6144
2.00701	17.6732
2.00761	17.732
2.00833	17.7908
2.00905	17.8497
2.00938	17.9085
2.01005	17.9673
2.01072	18.0261
2.01176	18.0817
2.01246	18.1372
2.01316	18.1928
2.01383	18.2483
2.01453	18.3039
2.02249	18.3595
2.0229	18.415
2.02354	18.4706
2.04034	18.5261
2.04067	18.5817
2.04137	18.6372
2.0424	18.6928
2.04344	18.7483
2.04483	18.8039
2.04621	18.8595
2.04692	18.915
2.04724	18.9706
2.04792	19.0261
2.06265	19.0788
2.06296	19.1314
2.06333	19.184
2.06368	19.2367
2.06433	19.2893
2.06501	19.3419
2.06675	19.3945
2.06711	19.4472
2.07479	19.4998
2.07521	19.5524
2.0758	19.6051
2.0772	19.6577
2.07754	19.7103
2.07791	19.763
2.07822	19.8156
2.07857	19.8682
2.07897	19.9209
2.07927	19.9735
2.07965	20.0261
2.09589	20.0761
2.09608	20.1261
2.09641	20.1761
2.09678	20.2261
2.09725	20.2761
2.09747	20.3261
2.0992	20.3761
2.09971	20.4261
2.10875	20.4761
2.10909	20.5261
2.10939	20.5761
2.11076	20.6261
2.1111	20.6761
2.11146	20.7261
2.11178	20.7761
2.1122	20.8261
2.11252	20.8761
2.11282	20.9261
2.1132	20.9761
2.11351	21.0261
2.12542	21.0737
2.12606	21.1214
2.1264	21.169
2.12679	21.2166
2.12746	21.2642
2.1278	21.3118
2.12984	21.3595
2.13021	21.4071
2.13826	21.4547
2.13857	21.5023
2.13892	21.5499
2.14069	21.5976
2.14098	21.6452
2.14133	21.6928
2.14206	21.7404
2.14242	21.788
2.1427	21.8357
2.1431	21.8833
2.14339	21.9309
2.1441	21.9785
2.14442	22.0261
2.15829	22.0716
2.1586	22.117
2.15895	22.1625
2.1593	22.2079
2.15966	22.2534
2.16002	22.2989
2.16312	22.3443
2.16383	22.3898
2.17448	22.4352
2.17518	22.4807
2.17594	22.5261
2.17895	22.5716
2.17963	22.617
2.18031	22.6625
2.18169	22.7079
2.18202	22.7534
2.18277	22.7989
2.18343	22.8443
2.18409	22.8898
2.18512	22.9352
2.18583	22.9807
2.1862	23.0261
2.19869	23.0696
2.1994	23.1131
2.20004	23.1566
2.20037	23.2
2.20073	23.2435
2.20141	23.287
2.20488	23.3305
2.20521	23.374
2.21351	23.4174
2.21382	23.4609
2.21454	23.5044
2.21525	23.5479
2.21562	23.5913
2.21592	23.6348
2.21734	23.6783
2.21764	23.7218
2.21835	23.7653
2.2187	23.8087
2.21905	23.8522
2.22044	23.8957
2.22081	23.9392
2.22145	23.9826
2.2218	24.0261
2.23149	24.0678
2.23218	24.1095
2.23254	24.1511
2.23287	24.1928
2.23324	24.2345
2.23391	24.2761
2.23671	24.3178
2.23711	24.3595
2.24438	24.4011
2.24471	24.4428
2.2451	24.4845
2.24543	24.5261
2.24577	24.5678
2.24612	24.6095
2.24647	24.6511
2.2468	24.6928
2.2472	24.7345
2.24789	24.7761
2.24817	24.8178
2.2489	24.8595
2.25032	24.9011
2.25098	24.9428
2.25133	24.9845
2.25168	25.0261
2.25859	25.0661
2.25936	25.1061
2.26104	25.1461
2.26171	25.1861
2.26206	25.2261
2.26245	25.2661
2.26644	25.3061
2.26719	25.3461
2.27545	25.3861
2.27577	25.4261
2.27716	25.4661
2.27781	25.5061
2.27818	25.5461
2.27851	25.5861
2.2789	25.6261
2.27989	25.6661
2.28021	25.7061
2.2809	25.7461
2.2813	25.7861
2.28169	25.8261
2.28265	25.8661
2.28301	25.9061
2.28335	25.9461
2.28404	25.9861
2.28441	26.0261
2.28994	26.0646
2.29094	26.103
2.29334	26.1415
2.29406	26.18
2.29475	26.2184
2.29546	26.2569
2.29859	26.2954
2.29925	26.3338
2.30723	26.3723
2.30759	26.4107
2.30792	26.4492
2.30829	26.4877
2.30862	26.5261
2.30897	26.5646
2.30933	26.603
2.30998	26.6415
2.31033	26.68
2.31069	26.7184
2.31111	26.7569
2.31141	26.7954
2.31208	26.8338
2.31278	26.8723
2.31312	26.9107
2.31346	26.9492
2.3138	26.9877
2.31416	27.0261
2.31626	27.0632
2.31731	27.1002
2.31905	27.1372
2.32075	27.1743
2.32211	27.2113
2.32282	27.2483
2.32455	27.2854
2.32488	27.3224
2.32874	27.3595
2.32905	27.3965
2.32937	27.4335
2.32974	27.4706
2.33009	27.5076
2.33044	27.5446
2.33075	27.5817
2.33113	27.6187
2.33147	27.6558
2.3318	27.6928
2.33218	27.7298
2.33248	27.7669
2.33286	27.8039
2.33324	27.8409
2.33355	27.878
2.33388	27.915
2.33421	27.9521
2.33455	27.9891
2.33489	28.0261
2.33539	28.0618
2.33566	28.0976
2.33598	28.1333
2.33633	28.169
2.3367	28.2047
2.337	28.2404
2.33806	28.2761
2.33838	28.3118
2.34564	28.3476
2.34599	28.3833
2.34666	28.419
2.34701	28.4547
2.34773	28.4904
2.34839	28.5261
2.34912	28.5618
2.34943	28.5976
2.34975	28.6333
2.35009	28.669
2.35048	28.7047
2.35113	28.7404
2.35186	28.7761
2.3522	28.8118
2.35251	28.8476
2.35287	28.8833
2.35353	28.919
2.3539	28.9547
2.35425	28.9904
2.35457	29.0261
2.35632	29.0606
2.35669	29.0951
2.35734	29.1296
2.35804	29.1641
2.35839	29.1985
2.35872	29.233
2.35976	29.2675
2.36011	29.302
2.36768	29.3365
2.36841	29.371
2.36907	29.4054
2.3695	29.4399
2.36975	29.4744
2.37011	29.5089
2.37084	29.5434
2.37148	29.5779
2.37181	29.6123
2.3725	29.6468
2.37285	29.6813
2.37321	29.7158
2.37357	29.7503
2.37395	29.7847
2.37427	29.8192
2.37458	29.8537
2.37497	29.8882
2.37565	29.9227
2.37599	29.9572
2.37666	29.9916
2.37708	30.0261
2.37873	30.0595
2.37908	30.0928
2.37944	30.1261
2.38015	30.1595
2.38081	30.1928
2.38148	30.2261
2.38362	30.2595
2.38429	30.2928
2.392	30.3261
2.39235	30.3595
2.39267	30.3928
2.39301	30.4261
2.39342	30.4595
2.39371	30.4928
2.3944	30.5261
2.39542	30.5595
2.39612	30.5928
2.39719	30.6261
2.39787	30.6595
2.39819	30.6928
2.3989	30.7261
2.39923	30.7595
2.3999	30.7928
2.40025	30.8261
2.40094	30.8595
2.40129	30.8928
2.40161	30.9261
2.40232	30.9595
2.403	30.9928
2.40346	31.0261
2.40407	31.0584
2.40443	31.0906
2.40512	31.1229
2.40546	31.1552
2.40615	31.1874
2.4065	31.2197
2.40822	31.2519
2.4089	31.2842
2.41827	31.3164
2.41897	31.3487
2.41932	31.381
2.41965	31.4132
2.41998	31.4455
2.42033	31.4777
2.42101	31.51
2.42136	31.5423
2.42171	31.5745
2.42206	31.6068
2.42245	31.639
2.42276	31.6713
2.42313	31.7035
2.42348	31.7358
2.42381	31.7681
2.42417	31.8003
2.42455	31.8326
2.42486	31.8648
2.42518	31.8971
2.42553	31.9294
2.42587	31.9616
2.42623	31.9939
2.4266	32.0261
2.42692	32.0574
2.42728	32.0886
2.4276	32.1199
2.42797	32.1511
2.42833	32.1824
2.42865	32.2136
2.42969	32.2449
2.43003	32.2761
2.43554	32.3074
2.43589	32.3386
2.43628	32.3699
2.43658	32.4011
2.43693	32.4324
2.43729	32.4636
2.43764	32.4949
2.43806	32.5261
2.43869	32.5574
2.43971	32.5886
2.44007	32.6199
2.44074	32.6511
2.44214	32.6824
2.44247	32.7136
2.44317	32.7449
2.44349	32.7761
2.44387	32.8074
2.44418	32.8386
2.44456	32.8699
2.44488	32.9011
2.44525	32.9324
2.44594	32.9636
2.44629	32.9949
2.44664	33.0261
2.44697	33.0564
2.4473	33.0867
2.448	33.117
2.44834	33.1473
2.44869	33.1776
2.44901	33.2079
2.45042	33.2382
2.45109	33.2686
2.45955	33.2989
2.46019	33.3292
2.46088	33.3595
2.46125	33.3898
2.46162	33.4201
2.46304	33.4504
2.46337	33.4807
2.46371	33.511
2.46514	33.5413
2.46584	33.5716
2.46615	33.6019
2.46649	33.6322
2.46722	16.8161
2.46788	16.8786
2.4686	16.9411
2.46892	17.0036
2.46926	17.0624
2.4696	17.1212
2.46995	17.1801
2.47032	17.2389
2.47074	17.2977
2.47102	17.3565
2.47138	17.4154
2.4717	17.4742
2.47204	17.533
2.47247	17.5918
2.47274	17.6507
2.47306	17.7095
2.47342	17.7683
2.4738	17.8271
2.47411	17.8859
2.47515	17.9448
2.47547	18.0036
2.48176	18.0591
2.48204	18.1147
2.4824	18.1703
2.48284	18.2258
2.48318	18.2814
2.48347	18.3369
2.48383	18.3925
2.48415	18.448
2.48552	18.5036
2.48629	18.5591
2.48691	18.6147
2.48865	18.6703
2.49006	18.7258
2.49042	18.7814
2.4911	18.8369
2.49283	18.8925
2.49321	18.948
2.49351	19.0036
2.50466	19.0562
2.50493	19.1089
2.5053	19.1615
2.50566	19.2141
2.50597	19.2668
2.50666	19.3194
2.507	19.372
2.50736	19.4246
2.50843	19.4773
2.50911	19.5299
2.50943	19.5825
2.5098	19.6352
2.51015	19.6878
2.51046	19.7404
2.5108	19.7931
2.51184	19.8457
2.51219	19.8983
2.51253	19.951
2.51288	20.0036
2.52186	20.0536
2.52255	20.1036
2.52326	20.1536
2.52391	20.2036
2.52426	20.2536
2.52463	20.3036
2.52493	20.3536
2.52528	20.4036
2.52562	20.4536
2.52598	20.5036
2.5263	20.5536
2.52664	20.6036
2.52723	20.6536
2.52737	20.7036
2.52774	20.7536
2.52886	20.8036
2.52909	20.8536
2.52944	20.9036
2.52978	20.9536
2.53014	21.0036
2.54023	21.0512
2.54054	21.0988
2.5409	21.1465
2.54123	21.1941
2.54162	10.597
2.54193	10.697
2.54228	10.797
2.54262	10.897
2.54296	10.997
2.54334	11.097
2.54366	11.1879
2.54398	11.2789
2.54432	11.3698
2.54468	11.4607
2.54502	11.5516
2.54612	11.6425
2.5464	11.7334
2.54673	11.8243
2.54712	11.9152
2.54741	12.0061
2.54778	12.0895
2.55884	12.1728
2.5592	12.2561
2.55951	12.3395
2.55989	12.4228
2.56037	12.5061
2.56198	12.5895
2.56262	12.6728
2.563	12.7561
2.56369	12.8395
2.56402	12.9228
2.56435	13.0061
2.5647	13.083
2.57407	13.16
2.57445	13.2369
2.57477	13.3138
2.57511	13.3907
2.57558	13.4677
2.57647	13.5446
2.57683	13.6215
2.57727	13.6984
2.57755	13.7754
2.57791	13.8523
2.57825	13.9292
2.5786	14.0061
2.57925	14.0776
2.59098	14.149
2.59143	14.2204
2.59168	7.11021
2.59199	7.25306
2.59237	7.39592
2.59341	7.53878
2.59373	7.68163
2.59411	7.82449
2.59481	7.96735
2.59548	8.11021
2.59588	8.23521
2.59619	8.36021
2.59651	8.48521
2.59754	8.61021
2.60767	8.73521
2.60796	8.86021
2.61171	8.98521
2.61204	9.11021
2.61275	9.22132
2.61345	9.33243
2.61413	9.44354
2.61489	9.55465
2.6238	9.66576
2.6245	9.77687
2.62797	9.88798
2.62829	9.99909
2.62865	10.1102
2.62898	10.2102
2.62934	10.3102
2.62968	10.4102
2.63002	10.5102
2.63898	10.6102
2.63973	10.7102
2.64071	10.8102
2.64104	10.9102
2.64139	11.0102
2.64186	11.1011
2.64211	11.192
2.64245	11.2829
2.64275	11.3738
2.6431	11.4648
2.65046	11.5557
2.65147	11.6466
2.65253	11.7375
2.65286	11.8284
2.65318	11.9193
2.65351	12.0102
2.65389	12.0935
2.65423	12.1769
2.65456	12.2602
2.6549	12.3435
2.65525	12.4269
2.66389	12.5102
2.66421	12.5935
2.66532	12.6769
2.66564	12.7602
2.66603	12.8435
2.66637	12.9269
2.66668	13.0102
2.66703	13.0871
2.66739	13.1641
2.66771	13.241
2.66804	13.3179
2.66839	13.3948
2.67499	13.4717
2.67534	13.5487
2.67637	13.6256
2.67672	13.7025
2.67708	13.7794
2.67747	13.8564
2.67776	13.9333
2.6781	14.0102
2.67881	14.0816
2.67951	14.1531
2.67986	14.2245
2.68056	14.2959
2.68122	7.14796
2.6895	7.29082
2.68985	7.43367
2.69088	7.57653
2.69123	7.71939
2.69159	7.86225
2.69192	8.0051
2.69229	8.1301
2.69261	8.2551
2.69296	8.3801
2.6933	8.5051
2.69366	8.6301
2.694	8.7551
2.69434	8.8801
2.7026	9.0051
2.70367	9.11621
2.70432	9.22733
2.70467	9.33844
2.70534	9.44955
2.70606	9.56066
2.70673	9.67177
2.70741	9.78288
2.71535	9.89399
2.71574	10.0051
2.71605	10.1051
2.71638	10.2051
2.71676	10.3051
2.71741	10.4051
2.71779	10.5051
2.71847	10.6051
2.71879	10.7051
2.72744	10.8051
2.72778	10.9051
2.72812	11.0051
2.72849	11.096
2.72881	11.1869
2.72915	11.2778
2.72949	11.3687
2.72986	11.4596
2.73021	11.5506
2.73057	11.6415
2.7342	11.7324
2.73479	11.8233
2.7355	11.9142
2.73584	12.0051
2.73649	12.0884
2.7372	12.1718
2.73789	12.2551
2.73861	12.3384
2.73997	12.4218
2.74064	12.5051
2.74098	12.5884
2.74512	12.6718
2.74548	12.7551
2.74584	12.8384
2.74618	12.9218
2.74652	13.0051
2.74689	13.082
2.74722	13.1589
2.74757	13.2359
2.74796	13.3128
2.7483	13.3897
2.74861	13.4666
2.74895	13.5436
2.75242	13.6205
2.75308	13.6974
2.75347	13.7743
2.75414	13.8513
2.75446	13.9282
2.75481	14.0051
2.7555	14.0765
2.75688	14.148
2.75761	14.2194
2.75827	14.2908
2.75935	14.3622
2.76033	14.4337
2.76069	14.5051
2.76311	14.5765
2.76343	14.648
2.76377	14.7194
2.76412	14.7908
2.76447	14.8622
2.76484	14.9337
2.76516	15.0051
2.76549	15.0718
2.76585	15.1384
2.76618	15.2051
2.76652	15.2718
2.76694	15.3384
2.76795	15.4051
2.76834	15.4718
2.77245	15.5384
2.77275	15.6051
2.77308	15.6718
2.77343	15.7384
2.77378	15.8051
2.77453	15.8718
2.77485	15.9384
2.77521	16.0051
2.77623	16.0676
2.77729	16.1301
2.77757	16.1926
2.77861	16.2551
2.77998	16.3176
2.78074	16.3801
2.78104	16.4426
2.78451	16.5051
2.78468	8.25255
2.78481	8.37755
2.78518	8.50255
2.78552	8.62755
2.78584	8.75255
2.78621	8.87755
2.78655	9.00255
2.78698	9.11366
2.78728	9.22477
2.78759	9.33588
2.7883	9.447
2.78933	9.55811
2.79043	9.66922
2.79109	9.78033
2.79141	9.89144
2.79724	10.0026
2.79935	10.1026
2.79968	10.2026
2.80003	10.3026
2.80033	10.4026
2.8007	10.5026
2.80108	10.6026
2.80141	10.7026
2.80175	10.8026
2.80594	10.9026
2.80631	11.0026
2.80839	11.0935
2.80874	11.1844
2.80938	11.2753
2.80971	11.3662
2.81006	11.4571
2.8104	11.548
2.81109	11.6389
2.81176	11.7298
2.81932	11.8207
2.81965	11.9116
2.82006	12.0026
2.82049	12.0859
2.82084	12.1692
2.82112	12.2526
2.82148	12.3359
2.82182	12.4192
2.82217	12.5026
2.82252	12.5859
2.82284	12.6692
2.8288	12.7526
2.83055	12.8359
2.83086	12.9192
2.83133	13.0026
2.8326	13.0795
2.83329	13.1564
2.83399	13.2333
2.83465	13.3102
2.83501	13.3872
2.83571	13.4641
2.83603	13.541
2.83744	13.6179
2.84298	13.6949
2.84331	6.84743
2.84365	7.0141
2.844	7.15695
2.84432	7.29981
2.84469	7.44267
2.84504	7.58552
2.84538	7.72838
2.84572	7.87124
2.84606	8.0141
2.8464	8.1391
2.84678	8.2641
2.84745	8.3891
2.85434	8.5141
2.85711	8.6391
2.85777	8.7641
2.85812	8.8891
2.85846	9.0141
2.85917	9.12521
2.85949	9.23632
2.85984	9.34743
2.86332	9.45854
2.86401	9.56965
2.86475	9.68076
2.8654	9.79187
2.86608	9.90299
2.86645	10.0141
2.86745	10.1141
2.86815	10.2141
2.86848	10.3141
2.87473	10.4141
2.8761	10.5141
2.87679	10.6141
2.87784	10.7141
2.87852	10.8141
2.87924	10.9141
2.87957	11.0141
2.87996	5.50705
2.88026	5.70705
2.88061	5.90705
2.88754	6.10705
2.88821	6.27371
2.88887	6.44038
2.88961	6.60705
2.89026	6.77371
2.89231	6.94038
2.89269	7.10705
2.89299	7.24991
2.89959	7.39276
2.90029	7.53562
2.90097	7.67848
2.90201	7.82133
2.90271	7.96419
2.90314	8.10705
2.90372	8.23205
2.91404	8.35705
2.91486	8.48205
2.91556	8.60705
2.91577	8.73205
2.91623	8.85705
2.91659	8.98205
2.91693	9.10705
2.91719	9.21816
2.92583	9.32927
2.92723	9.44038
2.92789	9.55149
2.92858	9.6626
2.92928	9.77371
2.93064	9.88483
2.93098	9.99594
2.93138	10.107
2.93172	10.207
2.93928	10.307
2.93967	10.407
2.93999	10.507
2.94032	10.607
2.94068	10.707
2.94239	10.807
2.94273	10.907
2.94312	11.007
2.94377	11.098
2.94416	11.1889
2.95653	11.2798
2.95686	11.3707
2.95721	11.4616
2.95754	11.5525
2.95789	11.6434
2.95823	11.7343
2.95858	11.8252
2.95897	11.9161
2.95927	12.007
2.95962	12.0904
2.95999	12.1737
2.96898	12.257
2.96932	12.3404
2.97001	12.4237
2.97069	12.507
2.97139	12.5904
2.97211	12.6737
2.9724	12.757
2.97275	12.8404
2.97343	12.9237
2.97381	13.007
2.97412	13.084
2.9745	13.1609
2.98147	13.2378
2.98185	13.3147
2.98216	13.3917
2.98255	13.4686
2.98288	13.5455
2.9834	13.6224
2.98368	13.6994
2.9839	13.7763
2.98506	13.8532
2.98569	13.9301
2.986	14.007
2.98668	14.0785
2.98739	14.1499
2.99528	14.2213
2.99563	14.2928
2.99597	14.3642
2.99631	14.4356
2.99669	14.507
2.99699	14.5785
2.9974	14.6499
2.9977	14.7213
2.99806	14.7928
2.99846	14.8642
2.99873	14.9356
2.99914	15.007
2.99946	15.0737
2.99977	7.53686
3.00877	7.67971
3.00948	7.82257
3.00981	7.96543
3.01016	8.10829
3.0105	8.23329
3.01081	8.35829
3.01115	8.48329
3.01152	8.60829
3.01185	8.73329
3.01257	8.85829
3.01289	8.98329
3.01323	9.10829
3.01358	9.2194
3.01395	9.33051
3.02228	9.44162
3.02262	9.55273
3.02295	9.66384
3.02329	9.77495
3.02365	9.88606
3.02432	9.99717
3.02467	10.1083
3.02501	10.2083
3.02575	10.3083
3.03261	10.4083
3.03298	10.5083
3.03332	10.6083
3.03366	10.7083
3.03401	10.8083
3.03435	10.9083
3.03469	11.0083
3.03509	11.0992
3.03549	11.1901
3.03576	11.281
3.04029	11.3719
3.04059	11.4628
3.04128	11.5537
3.0416	11.6446
3.04234	11.7356
3.04264	11.8265
3.043	11.9174
3.04333	12.0083
3.04437	12.0916
3.04506	12.175
3.04577	12.2583
3.05235	12.3416
3.05269	12.425
3.053	12.5083
3.0534	12.5916
3.05372	12.675
3.05405	12.7583
3.0544	12.8416
3.05478	12.925
3.0551	13.0083
3.05544	13.0852
3.05581	13.1621
3.05613	13.2391
3.06213	13.316
3.06318	13.3929
3.06349	13.4698
3.06381	13.5467
3.06411	13.6237
3.06456	13.7006
3.0649	13.7775
3.0652	13.8544
3.06555	13.9314
3.06589	14.0083
3.06623	14.0797
3.06655	14.1511
3.06692	14.2226
3.07244	14.294
3.07279	14.3654
3.07313	14.4369
3.07351	14.5083
3.07388	14.5797
3.07423	14.6511
3.07455	14.7226
3.07491	14.794
3.07535	14.8654
3.07563	14.9369
3.07598	15.0083
3.07646	15.075
3.07673	7.53748
3.07707	7.68033
3.08066	7.82319
3.08093	7.96605
3.08128	8.1089
3.08197	8.2339
3.08305	8.3589
3.08334	8.4839
3.08403	8.6089
3.0847	8.7339
3.08505	8.8589
3.08542	8.9839
3.08575	9.1089
3.08609	9.22002
3.08643	9.33113
3.09091	9.44224
3.09126	9.55335
3.0916	9.66446
3.09195	9.77557
3.09234	9.88668
3.09266	9.99779
3.09297	10.1089
3.09334	10.2089
3.09372	10.3089
3.09884	10.4089
3.09921	10.5089
3.09954	10.6089
3.10023	10.7089
3.10057	10.8089
3.10092	10.9089
3.10127	11.0089
3.10164	11.0998
3.102	11.1907
3.10232	11.2816
3.10576	11.3725
3.1061	11.4635
3.10645	11.5544
3.1068	11.6453
3.10721	11.7362
3.10751	11.8271
3.10784	11.918
3.10819	12.0089
3.10854	12.0922
3.10898	12.1756
3.10923	12.2589
3.11441	12.3422
3.11473	12.4256
3.11517	12.5089
3.11579	12.5922
3.11609	12.6756
3.11645	12.7589
3.1168	12.8422
3.11714	12.9256
3.11752	13.0089
3.11786	13.0858
3.11853	13.1628
3.11924	13.2397
3.12268	13.3166
3.12313	13.3935
3.12343	13.4704
3.1238	13.5474
3.1241	13.6243
3.12445	13.7012
3.12481	13.7781
3.12516	13.8551
3.12587	13.932
3.12619	14.0089
3.12687	14.0803
3.12792	14.1518
3.12893	14.2232
3.1335	14.2946
3.13392	14.366
3.13431	14.4375
3.13461	14.5089
3.13501	14.5803
3.13564	14.6518
3.136	14.7232
3.13667	14.7946
3.13703	14.866
3.13737	14.9375
3.1377	15.0089
3.13806	7.50445
3.13844	7.64731
3.13875	7.79017
3.1429	7.93302
3.14324	8.07588
3.14393	8.20088
3.14462	8.32588
3.1453	8.45088
3.14611	8.57588
3.14675	8.70088
3.14775	8.82588
3.14844	8.95088
3.14878	9.07588
3.14914	9.18699
3.14947	9.2981
3.15525	9.40921
3.15542	9.52033
3.15579	9.63144
3.15608	9.74255
3.15648	9.85366
3.15686	9.96477
3.15716	10.0759
3.15749	10.1759
3.15785	10.2759
3.1637	10.3759
3.16408	10.4759
3.16475	10.5759
3.16517	10.6759
3.16577	10.7759
3.16615	10.8759
3.16645	10.9759
3.16679	11.0759
3.16718	11.1668
3.16749	11.2577
3.17102	11.3486
3.17131	11.4395
3.17169	11.5304
3.17205	11.6213
3.17236	11.7122
3.17301	11.8032
3.17338	11.8941
3.1741	11.985
3.17441	12.0759
3.1751	12.1592
3.17578	12.2425
3.18134	12.3259
3.18202	12.4092
3.18235	12.4925
3.18271	12.5759
3.18338	12.6592
3.18375	12.7425
3.18411	12.8259
3.18481	12.9092
3.18513	12.9925
3.18549	13.0759
3.18583	13.1528
3.18616	13.2297
3.18859	13.3067
3.18963	13.3836
3.18997	13.4605
3.19034	13.5374
3.19105	13.6143
3.19174	13.6913
3.19244	6.84563
3.19346	7.0123
3.19415	7.15516
3.19483	7.29801
3.19516	7.44087
3.19601	7.58373
3.19626	7.72659
3.19973	7.86944
3.20007	8.0123
3.20042	8.1373
3.20076	8.2623
3.2011	8.3873
3.20146	8.5123
3.20186	8.6373
3.20632	8.7623
3.20704	8.8873
3.20734	9.0123
3.20801	9.12341
3.20881	9.23452
3.20944	9.34563
3.2101	9.45674
3.21115	9.56786
3.21425	9.67897
3.2153	9.79008
3.21597	9.90119
3.21632	10.0123
3.21665	10.1123
3.21699	10.2123
3.21734	10.3123
3.21769	10.4123
3.21805	10.5123
3.2222	10.6123
3.22287	10.7123
3.22356	10.8123
3.22429	10.9123
3.22492	11.0123
3.22526	11.1032
3.22596	11.1941
3.22673	11.285
3.22742	11.3759
3.22876	11.4668
3.23288	11.5578
3.23322	11.6487
3.23357	11.7396
3.23462	11.8305
3.23531	11.9214
3.23563	12.0123
3.23601	12.0956
3.23633	12.179
3.23668	12.2623
3.23704	12.3456
3.23735	12.429
3.24294	12.5123
3.24327	12.5956
3.24394	12.679
3.24504	12.7623
3.24608	12.8456
3.24647	12.929
3.2471	13.0123
3.24778	13.0892
3.24845	13.1661
3.24881	13.2431
3.24988	13.32
3.25023	13.3969
3.25508	13.4738
3.25542	13.5508
3.2561	13.6277
3.25678	13.7046
3.25711	13.7815
3.25747	13.8585
3.25785	13.9354
3.25821	14.0123
3.25859	14.0837
3.25894	14.1552
3.25927	14.2266
3.26	14.298
3.26035	14.3694
3.26757	14.4409
3.26825	14.5123
3.26859	14.5837
3.26897	14.6552
3.26936	14.7266
3.26962	14.798
3.26999	14.8694
3.27031	14.9409
3.27064	15.0123
3.2711	15.079
3.27133	15.1456
3.27169	15.2123
3.27206	15.279
3.27241	15.3456
3.27666	15.4123
3.27691	15.479
3.27724	15.5456
3.27758	15.6123
3.27828	15.679
3.27865	15.7456
3.27899	15.8123
3.27931	15.879
3.27964	15.9456
3.27997	16.0123
3.28066	16.0748
3.28104	16.1373
3.2821	16.1998
3.28293	16.2623
3.2842	16.3248
3.2867	16.3873
3.28701	16.4498
3.28733	16.5123
3.28768	16.5748
3.28803	16.6373
3.28842	16.6998
3.28874	16.7623
3.2891	8.38115
3.28946	8.50615
3.28983	8.63115
3.29019	8.75615
3.29052	8.88115
3.29088	9.00615
3.29125	9.11726
3.29187	9.22837
3.2922	9.33948
3.29495	9.45059
3.29534	9.56171
3.29571	9.67282
3.29601	9.78393
3.2964	9.89504
3.29704	10.0061
3.29739	10.1061
3.30185	10.2061
3.30224	10.3061
3.30295	10.4061
3.30327	10.5061
3.30362	10.6061
3.30395	10.7061
3.30593	10.8061
3.30713	10.9061
3.30718	11.0061
3.3079	11.0971
3.30992	11.188
3.31035	5.59398
3.31195	5.79398
3.31255	5.99398
3.31367	6.19398
3.31417	6.36065
3.31521	6.52732
3.31619	6.69398
3.31664	6.86065
3.31704	7.02732
3.31773	7.17017
3.32016	7.31303
3.32172	7.45589
3.32318	7.59875
3.32412	7.7416
3.32605	7.88446
3.32672	8.02732
3.32712	8.15232
3.32872	8.27732
3.33011	8.40232
3.33112	8.52732
3.33181	8.65232
3.33249	8.77732
3.33355	8.90232
3.33397	9.02732
3.33424	9.13843
3.33595	9.24954
3.33876	9.36065
3.33948	9.47176
3.34117	9.58287
3.34155	9.69398
3.34223	9.8051
3.34258	9.91621
3.3429	10.0273
3.34331	10.1273
3.34396	10.2273
3.34603	10.3273
3.34644	10.4273
3.34674	10.5273
3.34882	10.6273
3.35167	10.7273
3.35195	10.8273
3.35229	10.9273
3.35267	11.0273
3.35302	11.1182
3.35525	11.2091
3.35611	11.3
3.35693	11.391
3.35749	11.4819
3.35781	11.5728
3.35854	11.6637
3.35954	11.7546
3.36096	11.8455
3.3616	11.9364
3.3623	12.0273
3.36301	12.1107
3.36417	12.194
3.36443	12.2773
3.36614	12.3607
3.36683	12.444
3.36787	12.5273
3.36969	12.6107
3.3703	12.694
3.37138	12.7773
3.37176	12.8607
3.37213	12.944
3.37248	13.0273
3.37316	13.1042
3.37395	13.1812
3.37415	13.2581
3.37551	13.335
3.37622	13.4119
3.37656	13.4889
3.37794	13.5658
3.37869	13.6427
3.37969	13.7196
3.38106	13.7965
3.38175	13.8735
3.38245	13.9504
3.38278	14.0273
3.38315	14.0987
3.38416	14.1702
3.3845	14.2416
3.3852	14.313
3.38553	14.3845
3.38625	14.4559
3.38658	14.5273
3.3876	14.5987
3.38802	14.6702
3.38974	14.7416
3.39004	14.813
3.39078	14.8845
3.39178	14.9559
3.39213	15.0273
3.3925	15.094
3.39284	15.1607
3.3935	15.2273
3.3942	15.294
3.39489	15.3607
3.39562	15.4273
3.39663	15.494
3.39732	15.5607
3.39942	15.6273
3.40043	15.694
3.40078	7.84699
3.40185	7.98985
3.40217	8.13271
3.40252	8.25771
3.40285	8.38271
3.40321	8.50771
3.40354	8.63271
3.4039	8.75771
3.40422	8.88271
3.40492	9.00771
3.4056	9.11882
3.40768	9.22993
3.40803	9.34104
3.40978	9.45215
3.41079	9.56326
3.41497	9.67437
3.41527	9.78548
3.41596	9.8966
3.41667	10.0077
3.41736	10.1077
3.41805	10.2077
3.41836	10.3077
3.4194	10.4077
3.4198	10.5077
3.42292	10.6077
3.42322	10.7077
3.4239	10.8077
3.42425	10.9077
3.42531	11.0077
3.42597	11.0986
3.42769	11.1895
3.42803	11.2804
3.4301	11.3713
3.43078	11.4623
3.43319	11.5532
3.43353	11.6441
3.43391	11.735
3.43464	11.8259
3.43492	11.9168
3.43561	12.0077
3.43665	12.091
3.43805	6.04552
3.43837	6.21219
3.43944	6.37885
3.44078	6.54552
3.44285	6.71219
3.4432	6.87885
3.44389	7.04552
3.44491	7.18838
3.44635	7.33123
3.44701	7.47409
3.44769	7.61695
3.44912	7.75981
3.45323	7.90266
3.45356	8.04552
3.45393	8.17052
3.45496	8.29552
3.45563	8.42052
3.45702	8.54552
3.4598	8.67052
3.46356	8.79552
3.46431	8.92052
3.46459	9.04552
3.46497	9.15663
3.46563	9.26774
3.46633	9.37885
3.46706	9.48996
3.46945	9.60108
3.47084	9.71219
3.47151	9.8233
3.47259	9.93441
3.47358	10.0455
3.47426	10.1455
3.47501	10.2455
3.47633	10.3455
3.47842	10.4455
3.48117	10.5455
3.48186	10.6455
3.48256	10.7455
3.48327	10.8455
3.4836	10.9455
3.48395	11.0455
3.48498	11.1364
3.48567	11.2273
3.48635	11.3182
3.4874	11.4092
3.49049	11.5001
3.49189	11.591
3.49325	11.6819
3.49427	11.7728
3.49464	11.8637
3.49499	11.9546
3.49529	12.0455
3.49565	12.1289
3.49609	12.2122
3.49638	12.2955
3.49671	12.3789
3.49875	12.4622
3.49944	12.5455
3.50048	12.6289
3.50086	12.7122
3.50118	12.7955
3.50153	12.8789
3.50185	12.9622
3.50224	13.0455
3.50254	13.1224
3.5029	13.1994
3.50324	13.2763
3.50431	13.3532
3.50668	13.4301
3.50771	13.5071
3.50875	6.75353
3.50908	6.9202
3.50943	7.08686
3.50981	7.22972
3.51013	7.37258
3.51051	7.51543
3.51082	7.65829
3.51116	7.80115
3.51149	7.94401
3.51188	8.08686
3.51254	8.21186
3.51396	8.33686
3.51431	8.46186
3.51566	8.58686
3.51634	8.71186
3.51672	8.83686
3.51739	8.96186
3.51773	4.48093
3.51876	4.73093
3.52152	4.98093
3.52222	5.23093
3.52323	5.43093
3.52357	5.63093
3.52394	5.83093
3.52425	6.03093
3.5267	6.1976
3.52775	6.36426
3.52807	3.18213
3.52845	3.51547
3.52881	3.8488
3.52909	4.18213
3.53332	4.43213
3.5347	4.68213
3.53574	4.93213
3.53608	5.18213
3.54006	5.38213
3.54108	2.69107
3.54143	3.19107
3.5418	3.5244
3.54211	3.85773
3.54661	4.19107
3.548	4.44107
3.54833	4.69107
3.5542	4.94107
3.55454	5.19107
3.55563	5.39107
3.55594	5.59107
3.56002	5.79107
3.56048	5.99107
3.56082	6.19107
3.56117	6.35773
3.5615	6.5244
3.56711	6.69107
3.56741	6.85773
3.56777	7.0244
3.56812	7.16726
3.56843	7.31011
3.56876	7.45297
3.5736	7.59583
3.57394	7.73869
3.57465	7.88154
3.575	8.0244
3.57534	8.1494
3.57573	8.2744
3.57605	8.3994
3.5803	8.5244
3.5806	8.6494
3.58091	8.7744
3.58125	8.8994
3.58158	9.0244
3.58193	9.13551
3.5823	9.24662
3.58261	9.35773
3.58816	9.46884
3.58884	9.57996
3.58919	9.69107
3.58955	9.80218
3.58995	9.91329
3.59023	10.0244
3.5906	10.1244
3.59127	10.2244
3.59162	10.3244
3.59477	10.4244
3.59506	10.5244
3.5954	10.6244
3.5958	10.7244
3.59612	10.8244
3.59678	10.9244
3.59714	11.0244
3.59747	11.1153
3.59817	11.2062
3.59851	11.2971
3.6027	11.388
3.60306	11.4789
3.60343	11.5699
3.60375	11.6608
3.60412	11.7517
3.60477	11.8426
3.60518	11.9335
3.60546	12.0244
3.60582	12.1077
3.60618	12.1911
3.6065	12.2744
3.60995	12.3577
3.61031	12.4411
3.61065	12.5244
3.61102	12.6077
3.61134	12.6911
3.61167	12.7744
3.612	12.8577
3.61239	12.9411
3.61269	13.0244
3.61306	13.1013
3.61339	13.1782
3.61372	13.2552
3.61788	13.3321
3.61855	13.409
3.61925	13.4859
3.61958	13.5629
3.61994	13.6398
3.6203	13.7167
3.62062	6.85835
3.62097	7.02502
3.62131	7.16788
3.62166	7.31073
3.62208	7.45359
3.6224	7.59645
3.62273	7.73931
3.62477	7.88216
3.62546	8.02502
3.62652	8.15002
3.62718	8.27502
3.62821	8.40002
3.62857	8.52502
3.63033	8.65002
3.63068	8.77502
3.63169	8.90002
3.632	9.02502
3.6327	9.13613
3.63307	9.24724
3.6344	9.35835
3.63476	9.46946
3.63652	9.58058
3.63752	9.69169
3.63788	9.8028
3.63819	9.91391
3.63857	10.025
3.63993	10.125
3.64029	10.225
3.64241	10.325
3.64268	10.425
3.64371	10.525
3.64476	10.625
3.64508	10.725
3.64551	10.825
3.64582	10.925
3.64615	11.025
3.6479	11.1159
3.64821	11.2068
3.64959	11.2977
3.65031	11.3887
3.651	11.4796
3.65167	5.73978
3.65239	5.93978
3.65269	6.13978
3.65338	6.30645
3.65411	6.47312
3.65442	6.63978
3.6551	6.80645
3.65546	6.97312
3.65682	7.13978
3.65751	7.28264
3.65856	7.4255
3.66009	7.56835
3.66042	3.78418
3.66077	4.11751
3.66319	4.36751
3.66354	4.61751
3.66457	4.86751
3.66557	5.11751
3.66765	5.31751
3.67011	5.51751
3.67076	5.71751
3.67148	5.91751
3.67189	6.11751
3.67354	6.28418
3.67675	6.45084
3.67776	6.61751
3.67947	6.78418
3.67979	6.95084
3.68014	7.11751
3.68165	7.26037
3.68332	7.40322
3.68469	7.54608
3.68606	7.68894
3.68674	7.8318
3.68712	7.97465
3.68744	8.11751
3.6885	8.24251
3.69055	8.36751
3.69127	8.49251
3.69403	4.24626
3.69434	4.49626
3.69473	4.74626
3.69541	4.99626
3.69576	5.24626
3.69643	5.44626
3.6978	5.64626
3.69815	5.84626
3.70056	6.04626
3.70097	6.21292
3.70161	6.37959
3.70301	6.54626
3.7037	6.71292
3.70821	6.87959
3.70851	7.04626
3.70887	7.18911
3.7099	7.33197
3.7109	7.47483
3.7116	7.61768
3.71485	7.76054
3.71514	7.9034
3.71547	8.04626
3.71582	8.17126
3.71653	8.29626
3.7179	8.42126
3.71823	8.54626
3.72031	8.67126
3.72066	8.79626
3.72101	8.92126
3.72134	9.04626
3.72237	9.15737
3.72307	9.26848
3.72441	9.37959
3.72478	9.4907
3.72758	9.60181
3.72789	9.71292
3.72826	9.82403
3.72858	9.93514
3.72894	10.0463
3.72928	10.1463
3.72963	10.2463
3.73038	10.3463
3.73204	10.4463
3.73383	5.22313
3.73413	5.42313
3.73451	5.62313
3.73658	5.82313
3.73724	6.02313
3.73792	6.18979
3.7383	6.35646
3.73933	6.52313
3.73965	6.68979
3.74175	6.85646
3.74358	7.02313
3.74453	7.16598
3.74522	7.30884
3.7459	7.4517
3.74696	7.59456
3.74933	7.73741
3.75158	7.88027
3.75175	8.02313
3.75211	8.14813
3.75246	8.27313
3.75279	8.39813
3.75349	8.52313
3.75591	8.64813
3.75798	8.77313
3.7597	8.89813
3.76074	9.02313
3.76145	9.13424
3.7618	9.24535
3.76212	9.35646
3.76289	9.46757
3.76355	9.57868
3.76454	9.68979
3.76595	9.80091
3.7666	9.91202
3.76698	10.0231
3.76833	10.1231
3.76907	10.2231
3.7697	10.3231
3.77142	10.4231
3.77214	10.5231
3.77315	5.26156
3.77452	5.46156
3.77559	5.66156
3.77591	5.86156
3.77626	6.06156
3.77699	6.22823
3.77732	6.3949
3.77767	6.56156
3.77869	6.72823
3.77972	6.8949
3.78492	7.06156
3.78559	7.20442
3.78593	7.34728
3.78627	7.49014
3.78696	7.63299
3.78764	7.77585
3.79281	7.91871
3.79383	8.06156
3.79487	8.18656
3.79524	8.31156
3.79555	8.43656
3.79659	8.56156
3.79728	8.68656
3.80108	8.81156
3.80142	8.93656
3.80178	9.06156
3.80248	9.17267
3.80281	9.28379
3.80318	9.3949
3.80456	9.50601
3.80556	9.61712
3.81108	9.72823
3.81143	9.83934
3.81179	9.95045
3.81213	10.0616
3.81281	10.1616
3.81315	10.2616
3.81351	10.3616
3.81422	10.4616
3.81486	10.5616
3.82106	10.6616
3.82175	10.7616
3.82207	10.8616
3.82246	10.9616
3.82279	11.0616
3.82347	11.1525
3.82383	11.2434
3.82416	11.3343
3.82485	11.4252
3.82522	5.7126
3.82798	5.9126
3.82834	6.1126
3.82866	6.27927
3.82936	6.44593
3.83007	6.6126
3.83072	6.77927
3.8321	6.94593
3.83278	7.1126
3.83314	7.25546
3.83418	7.39831
3.83728	7.54117
3.83759	7.68403
3.83834	7.82689
3.83867	7.96974
3.83906	8.1126
3.83941	8.2376
3.84012	8.3626
3.84594	8.4876
3.84625	8.6126
3.84695	8.7376
3.84733	8.8626
3.84765	8.9876
3.84799	9.1126
3.84834	9.22371
3.84905	9.33482
3.85285	9.44593
3.85319	9.55704
3.85386	9.66816
3.8542	9.77927
3.85454	9.89038
3.8549	10.0015
3.85525	10.1015
3.85558	10.2015
3.85625	10.3015
3.86006	10.4015
3.86044	5.20074
3.86109	5.40074
3.86145	5.60074
3.86181	5.80074
3.86217	6.00074
3.8625	6.16741
3.8629	6.33408
3.86319	6.50074
3.86387	6.66741
3.8663	6.83408
3.86802	7.00074
3.86871	7.1436
3.86938	7.28646
3.87008	7.42932
3.87079	7.57217
3.87357	7.71503
3.87421	7.85789
3.87455	8.00074
3.8749	8.12574
3.87527	8.25074
3.87557	8.37574
3.87628	8.50074
3.87939	8.62574
3.8808	8.75074
3.88161	8.87574
3.88224	9.00074
3.88294	9.11186
3.88366	9.22297
3.88431	9.33408
3.88502	9.44519
3.88847	9.5563
3.88917	9.66741
3.88953	9.77852
3.88986	9.88963
3.89018	10.0007
3.89059	10.1007
3.8909	10.2007
3.89123	10.3007
3.89226	10.4007
3.89847	10.5007
3.89918	10.6007
3.8995	10.7007
3.89987	10.8007
3.90028	10.9007
3.90054	11.0007
3.90089	11.0917
3.90123	11.1826
3.9016	11.2735
3.90225	11.3644
3.9085	11.4553
3.90987	11.5462
3.91053	11.6371
3.9109	11.728
3.91126	11.8189
3.91159	11.9098
3.91192	12.0007
3.91228	12.0841
3.91264	12.1674
3.91299	12.2507
3.91364	12.3341
3.91813	12.4174
3.91883	12.5007
3.91987	12.5841
3.92022	12.6674
3.92091	12.7507
3.92124	12.8341
3.92195	12.9174
3.92227	13.0007
3.92265	13.0777
3.92332	13.1546
3.92369	13.2315
3.92505	13.3084
3.93094	13.3854
3.9316	13.4623
3.93195	13.5392
3.9323	13.6161
3.93265	13.6931
3.93298	13.77
3.93334	13.8469
3.93368	13.9238
3.93401	14.0007
3.93439	14.0722
3.9347	14.1436
3.93507	14.215
3.93573	14.2865
3.9447	14.3579
3.94535	14.4293
3.94572	14.5007
3.94615	14.5722
3.94651	14.6436
3.94683	14.715
3.94724	14.7865
3.94759	14.8579
3.94788	14.9293
3.94824	15.0007
3.94863	15.0674
3.94893	15.1341
3.94926	15.2007
3.94995	15.2674
3.95616	15.3341
3.9572	15.4007
3.95789	15.4674
3.95826	15.5341
3.95926	15.6007
3.9596	15.6674
3.95994	15.7341
3.96031	15.8007
3.96097	15.8674
3.96202	15.9341
3.96271	16.0007
3.96344	16.0632
3.96408	16.1257
3.96442	16.1882
3.96515	16.2507
3.97105	16.3132
3.97167	16.3757
3.97209	16.4382
3.97243	16.5007
3.97279	16.5632
3.97311	16.6257
3.97346	16.6882
3.97379	16.7507
3.97414	16.8132
3.97451	16.8757
3.97485	16.9382
3.97555	17.0007
3.97623	17.0596
3.97691	17.1184
3.97762	17.1772
3.97831	17.236
3.98758	17.2949
3.98828	17.3537
3.98864	17.4125
3.989	17.4713
3.9893	17.5302
3.98965	17.589
3.98999	17.6478
3.99036	17.7066
3.9907	17.7655
3.99108	17.8243
3.99146	17.8831
3.99177	17.9419
3.99211	18.0007
3.99245	18.0563
3.99281	18.1119
3.99315	18.1674
3.99384	18.223
4.0011	18.2785
4.00247	18.3341
4.00315	18.3896
4.00349	18.4452
4.00384	18.5007
4.00419	18.5563
4.00455	18.6119
4.00488	18.6674
4.00521	18.723
4.00554	18.7785
4.00593	18.8341
4.00624	18.8896
4.00659	18.9452
4.00694	19.0007
4.00726	19.0534
4.00763	19.106
4.00796	19.1586
4.00867	19.2113
4.01285	19.2639
4.01419	19.3165
4.01488	19.3692
4.01557	19.4218
4.01628	19.4744
4.01695	19.5271
4.01734	19.5797
4.018	19.6323
4.01836	19.685
4.01904	19.7376
4.0194	19.7902
4.01971	19.8428
4.02038	19.8955
4.02075	19.9481
4.02144	20.0007
4.02212	20.0507
4.02281	20.1007
4.0235	20.1507
4.02453	20.2007
4.02867	20.2507
4.02935	20.3007
4.02969	20.3507
4.03005	20.4007
4.03039	20.4507
4.03073	20.5007
4.03145	20.5507
4.03191	20.6007
4.03215	20.6507
4.03284	20.7007
4.03355	20.7507
4.03387	20.8007
4.03489	20.8507
4.03524	20.9007
4.03559	20.9507
4.0363	21.0007
4.03661	21.0484
4.0373	21.096
4.03797	21.1436
4.03867	21.1912
4.04593	21.2388
4.0466	21.2865
4.04698	21.3341
4.04731	21.3817
4.04766	21.4293
4.04802	21.4769
4.04838	21.5246
4.0487	21.5722
4.04905	21.6198
4.0494	21.6674
4.04971	21.715
4.05005	21.7626
4.05045	10.8813
4.05077	10.9813
4.05111	11.0813
4.05148	11.1722
4.05213	11.2631
4.05286	11.3541
4.05357	11.445
4.05389	11.5359
4.05457	11.6268
4.06181	11.7177
4.06355	11.8086
4.0649	11.8995
4.0656	11.9904
4.06593	12.0813
4.06627	12.1647
4.06666	12.248
4.06701	12.3313
4.06734	12.4147
4.06767	12.498
4.06802	12.5813
4.06838	12.6647
4.07736	12.748
4.07847	12.8313
4.07874	12.9147
4.07943	12.998
4.08012	13.0813
4.08082	13.1582
4.08152	13.2352
4.08184	13.3121
4.08253	13.389
4.08357	13.4659
4.08425	13.5429
4.08459	13.6198
4.0915	13.6967
4.09292	13.7736
4.09323	13.8506
4.0936	13.9275
4.09426	14.0044
4.09462	14.0758
4.09503	14.1473
4.09532	14.2187
4.09598	14.2901
4.09671	14.3615
4.09703	14.433
4.09736	14.5044
4.09771	14.5758
4.10805	14.6473
4.10839	7.32363
4.10874	7.46649
4.10909	7.60934
4.10942	7.7522
4.11014	7.89506
4.1105	8.03792
4.11113	8.16292
4.11149	8.28792
4.11186	8.41292
4.11219	8.53792
4.11251	8.66292
4.11322	8.78792
4.11356	8.91292
4.126	9.03792
4.12668	9.14903
4.12707	9.26014
4.12739	9.37125
4.1277	9.48236
4.12807	9.59347
4.12843	9.70458
4.12879	9.81569
4.14046	9.9268
4.14086	10.0379
4.14152	10.1379
4.14225	10.2379
4.14324	10.3379
4.14392	10.4379
4.14462	10.5379
4.14533	10.6379
4.14597	10.7379
4.15636	10.8379
4.15705	10.9379
4.1574	11.0379
4.15775	11.1288
4.15873	11.2197
4.1591	11.3106
4.16011	11.4016
4.16052	5.70078
4.16084	5.90078
4.16152	6.10078
4.17046	6.26744
4.17153	6.43411
4.17224	6.60078
4.17254	6.76744
4.17322	6.93411
4.17394	7.10078
4.17429	7.24363
4.17563	7.38649
4.18736	7.52935
4.18769	7.6722
4.18872	7.81506
4.1894	7.95792
4.18978	8.10078
4.19044	8.22578
4.19185	8.35078
4.20051	8.47578
4.20121	8.60078
4.20219	8.72578
4.20392	8.85078
4.20426	8.97578
4.2046	9.10078
4.20599	4.55039
4.20847	4.80039
4.21463	5.05039
4.21529	5.25039
4.21667	5.45039
4.21944	5.65039
4.21976	5.85039
4.22081	6.05039
4.22122	6.21705
4.23187	6.38372
4.2346	6.55039
4.23527	6.71705
4.23632	6.88372
4.23668	7.05039
4.23738	7.19324
4.24606	7.3361
4.24915	7.47896
4.25054	7.62182
4.25271	7.76467
4.25364	7.90753
4.25398	8.05039
4.25536	8.17539
4.26225	8.30039
4.26365	8.42539
4.26538	8.55039
4.26641	8.67539
4.26779	8.80039
4.26816	8.92539
4.26849	9.05039
4.26954	9.1615
4.27538	9.27261
4.2778	9.38372
4.27883	9.49483
4.28022	9.60594
4.2809	9.71705
4.28159	9.82817
4.28235	9.93928
4.28266	10.0504
4.28339	10.1504
4.28615	10.2504
4.28992	10.3504
4.29167	10.4504
4.29438	10.5504
4.29474	10.6504
4.29544	10.7504
4.29616	10.8504
4.29649	10.9504
4.29682	11.0504
4.29855	11.1413
4.3006	11.2322
4.30374	11.3231
4.30477	11.414
4.30789	11.5049
4.30823	11.5958
4.30926	11.6868
4.30993	11.7777
4.3103	11.8686
4.31064	11.9595
4.31102	12.0504
4.31133	12.1337
4.31372	12.2171
4.31646	12.3004
4.31926	12.3837
4.32103	12.4671
4.32138	12.5504
4.3231	12.6337
4.32379	12.7171
4.32584	12.8004
4.32619	12.8837
4.32688	12.9671
4.32724	13.0504
4.32826	13.1273
4.33034	13.2042
4.33241	13.2812
4.33353	13.3581
4.33553	13.435
4.33588	13.5119
4.33727	13.5888
4.3383	13.6658
4.33897	13.7427
4.33966	13.8196
4.34103	13.8965
4.34173	13.9735
4.34206	14.0504
4.3431	14.1218
4.34485	14.1932
4.34725	14.2647
4.34935	14.3361
4.35071	14.4075
4.35146	14.479
4.35247	14.5504
4.35419	14.6218
4.35522	14.6932
4.35657	14.7647
4.35832	14.8361
4.35937	14.9075
4.35971	14.979
4.36005	15.0504
4.36073	15.1171
4.36144	15.1837
4.36318	15.2504
4.3649	15.3171
4.36671	15.3837
4.36739	15.4504
4.3688	15.5171
4.36951	15.5837
4.37021	15.6504
4.37086	15.7171
4.37398	15.7837
4.37573	15.8504
4.37605	15.9171
4.37642	15.9837
4.37676	16.0504
4.37778	16.1129
4.37814	16.1754
4.38062	16.2379
4.38264	16.3004
4.38346	16.3629
4.3844	16.4254
4.38607	16.4879
4.38646	16.5504
4.3885	16.6129
4.38885	16.6754
4.38922	16.7379
4.39095	16.8004
4.39162	16.8629
4.39201	16.9254
4.39233	16.9879
4.39272	17.0504
4.3934	17.1092
4.39373	17.168
4.39479	17.2269
4.39551	17.2857
4.39624	17.3445
4.39722	17.4033
4.3986	17.4622
4.39998	17.521
4.40068	17.5798
4.40208	17.6386
4.40278	17.6974
4.4038	17.7563
4.40415	17.8151
4.40484	17.8739
4.40516	17.9327
4.40552	17.9916
4.40588	18.0504
4.40724	18.1059
4.40761	18.1615
4.40934	18.2171
4.40971	18.2726
4.41039	18.3282
4.41071	18.3837
4.41105	18.4393
4.41142	18.4948
4.41246	18.5504
4.41314	18.6059
4.41421	18.6615
4.4152	18.7171
4.41591	18.7726
4.41691	18.8282
4.41761	18.8837
4.41796	18.9393
4.41901	18.9948
4.41933	19.0504
4.42016	19.103
4.42048	19.1557
4.42074	19.2083
4.42112	19.2609
4.42146	19.3135
4.42181	19.3662
4.42217	19.4188
4.42252	19.4714
4.42286	19.5241
4.42321	19.5767
4.42359	19.6293
4.42493	19.682
4.42594	19.7346
4.42704	19.7872
4.42767	19.8399
4.42835	19.8925
4.42973	19.9451
4.43045	19.9978
4.4308	20.0504
4.43323	20.1004
4.4339	20.1504
4.43497	20.2004
4.43564	20.2504
4.43599	20.3004
4.43634	20.3504
4.43704	20.4004
4.43808	20.4504
4.43921	20.5004
4.43947	20.5504
4.4398	20.6004
4.44013	20.6504
4.44048	20.7004
4.44086	20.7504
4.44119	20.8004
4.44151	20.8504
4.4422	20.9004
4.44255	20.9504
4.44291	21.0004
4.44327	21.048
4.44808	21.0956
4.44948	21.1432
4.44984	21.1909
4.45014	21.2385
4.45049	21.2861
4.45082	21.3337
4.4512	21.3813
4.45153	21.429
4.45187	21.4766
4.45221	21.5242
4.45256	21.5718
4.45289	21.6194
4.45326	21.6671
4.4536	21.7147
4.45393	21.7623
4.45427	21.8099
4.45464	21.8575
4.45497	21.9051
4.45534	21.9528
4.45566	22.0004
4.45599	22.0458
4.45914	22.0913
4.46084	22.1368
4.46156	22.1822
4.46221	22.2277
4.46255	22.2731
4.46293	22.3186
4.46395	22.364
4.4643	22.4095
4.46497	22.4549
4.46565	22.5004
4.46603	22.5458
4.46669	22.5913
4.46771	22.6368
4.46843	22.6822
4.46879	22.7277
4.4699	22.7731
4.47082	22.8186
4.47189	22.864
4.47257	22.9095
4.47326	22.9549
4.47395	23.0004
4.47469	23.0439
4.47501	23.0873
4.47818	23.1308
4.4795	23.1743
4.47986	23.2178
4.48019	23.2613
4.48055	23.3047
4.48129	23.3482
4.4816	23.3917
4.48233	23.4352
4.48298	23.4786
4.4833	23.5221
4.48403	23.5656
4.48436	23.6091
4.48469	23.6526
4.48511	23.696
4.48575	23.7395
4.48652	23.783
4.48723	23.8265
4.48753	23.87
4.48826	23.9134
4.48925	23.9569
4.48996	24.0004
4.49084	24.0421
4.49165	24.0837
4.49446	24.1254
4.49617	24.1671
4.49683	24.2087
4.4972	24.2504
4.49787	24.2921
4.49855	24.3337
4.49891	24.3754
4.49992	24.4171
4.50097	24.4587
4.5013	24.5004
4.50232	24.5421
4.50267	24.5837
4.50305	24.6254
4.50406	24.6671
4.50511	24.7087
4.50616	24.7504
4.50684	24.7921
4.50724	24.8337
4.50758	24.8754
4.50826	24.9171
4.50859	24.9587
4.50894	25.0004
4.50998	25.0404
4.51039	25.0804
4.51213	25.1204
4.51249	25.1604
4.51281	25.2004
4.51313	25.2404
4.51352	25.2804
4.51385	25.3204
4.51454	25.3604
4.5149	25.4004
4.5156	25.4404
4.51593	25.4804
4.51731	25.5204
4.51798	25.5604
4.51936	25.6004
4.52006	25.6404
4.52141	25.6804
4.52247	25.7204
4.52317	25.7604
4.5242	25.8004
4.52453	25.8404
4.52527	25.8804
4.52564	25.9204
4.52591	25.9604
4.52626	26.0004
4.52799	26.0388
4.52904	26.0773
4.53076	26.1158
4.5325	26.1542
4.53287	26.1927
4.53357	26.2312
4.53768	26.2696
4.53801	13.1348
4.53871	13.2117
4.53939	13.2887
4.54009	13.3656
4.54044	13.4425
4.54215	13.5194
4.5432	13.5963
4.54456	13.6733
4.54526	13.7502
4.547	13.8271
4.54801	13.904
4.54871	13.981
4.54939	14.0579
4.54974	14.1293
4.55041	14.2007
4.55075	14.2722
4.55145	14.3436
4.55213	14.415
4.55248	14.4865
4.55355	14.5579
4.55422	14.6293
4.55596	14.7007
4.55874	14.7722
4.55907	14.8436
4.55941	14.915
4.5612	14.9865
4.56846	15.0579
4.56881	15.1246
4.56983	15.1912
4.57017	15.2579
4.57084	15.3246
4.57259	15.3912
4.57327	15.4579
4.57432	15.5246
4.5757	15.5912
4.57706	15.6579
4.57775	15.7246
4.57811	15.7912
4.58017	15.8579
4.58117	15.9246
4.58436	15.9912
4.58466	16.0579
4.58499	16.1204
4.58808	16.1829
4.58842	16.2454
4.58948	16.3079
4.59085	16.3704
4.59119	16.4329
4.59187	16.4954
4.59329	16.5579
4.59535	16.6204
4.59644	16.6829
4.59741	16.7454
4.59779	16.8079
4.59882	16.8704
4.60021	16.9329
4.60058	16.9954
4.60124	17.0579
4.6023	17.1167
4.60402	17.1755
4.6047	17.2344
4.60645	17.2932
4.60677	17.352
4.60709	17.4108
4.60814	17.4697
4.60924	17.5285
4.61059	17.5873
4.61129	17.6461
4.61233	17.7049
4.61265	17.7638
4.61301	17.8226
4.61406	17.8814
4.6144	17.9402
4.61488	17.9991
4.61515	18.0579
4.61578	18.1134
4.61683	18.169
4.61751	18.2246
4.61856	18.2801
4.61925	18.3357
4.61958	18.3912
4.62062	18.4468
4.62094	18.5023
4.62131	18.5579
4.62165	18.6134
4.62236	18.669
4.62271	18.7246
4.62339	18.7801
4.62372	18.8357
4.62408	18.8912
4.62443	18.9468
4.62476	19.0023
4.62652	19.055
4.62717	19.1076
4.62789	19.1602
4.62892	19.2129
4.62928	19.2655
4.6303	19.3181
4.63103	19.3708
4.63136	19.4234
4.63201	19.476
4.63272	19.5286
4.63338	19.5813
4.63512	19.6339
4.63546	19.6865
4.63649	19.7392
4.63688	19.7918
4.63753	19.8444
4.63857	19.8971
4.6389	19.9497
4.63959	20.0023
4.64031	20.0523
4.64062	20.1023
4.64169	20.1523
4.64272	20.2023
4.64306	20.2523
4.64377	20.3023
4.64513	20.3523
4.64547	20.4023
4.64616	20.4523
4.64656	20.5023
4.6469	20.5523
4.64788	20.6023
4.64825	20.6523
4.64859	20.7023
4.64894	20.7523
4.64931	20.8023
4.64963	20.8523
4.6504	20.9023
4.65108	20.9523
4.65178	21.0023
4.65212	21.0499
4.65281	21.0976
4.65456	21.1452
4.65559	21.1928
4.65595	21.2404
4.65628	21.288
4.65662	21.3357
4.65764	21.3833
4.65799	10.6916
4.65834	10.7916
4.65869	10.8916
4.65974	10.9916
4.66041	11.0916
4.6611	11.1826
4.66251	11.2735
4.66351	11.3644
4.66423	11.4553
4.66564	11.5462
4.66628	11.6371
4.66663	11.728
4.66701	11.8189
4.66734	11.9098
4.66835	12.0007
4.66905	12.0841
4.66973	12.1674
4.6701	12.2507
4.67076	12.3341
4.67145	12.4174
4.67182	12.5007
4.67462	12.5841
4.67492	12.6674
4.67528	12.7507
4.67631	12.8341
4.67735	12.9174
4.6777	13.0007
4.67839	13.0777
4.6791	13.1546
4.67944	13.2315
4.67977	13.3084
4.6822	13.3853
4.68293	13.4623
4.68465	13.5392
4.68497	13.6161
4.68564	13.693
4.68638	13.77
4.68738	13.8469
4.68843	13.9238
4.68877	14.0007
4.6891	14.0722
4.69012	14.1436
4.6912	14.215
4.69148	14.2864
4.69324	14.3579
4.69428	14.4293
4.69569	14.5007
4.69669	14.5722
4.69739	14.6436
4.69845	7.32179
4.6991	7.46465
4.70049	7.60751
4.7012	7.75037
4.7015	7.89322
4.7029	8.03608
4.70392	8.16108
4.70427	8.28608
4.70496	8.41108
4.70532	8.53608
4.70601	8.66108
4.70705	8.78608
4.70774	8.91108
4.70846	9.03608
4.71155	9.14719
4.71191	9.2583
4.71328	9.36941
4.71502	9.48052
4.71777	9.59164
4.71882	9.70275
4.7202	9.81386
4.72054	9.92497
4.72087	10.0361
4.72409	10.1361
4.72471	10.2361
4.72571	10.3361
4.72676	10.4361
4.72884	10.5361
4.73021	10.6361
4.73132	10.7361
4.73159	10.8361
4.73195	10.9361
4.73228	11.0361
4.73401	11.127
4.73506	11.2179
4.73606	11.3088
4.73786	11.3997
4.73988	11.4906
4.74058	11.5815
4.74164	11.6724
4.74198	11.7634
4.74265	11.8543
4.743	11.9452
4.74337	12.0361
4.74575	12.1194
4.74717	12.2027
4.74787	12.2861
4.74957	12.3694
4.75059	12.4527
4.75091	12.5361
4.75164	12.6194
4.75196	12.7027
4.75297	12.7861
4.75337	12.8694
4.75405	12.9527
4.75436	13.0361
4.75645	13.113
4.75854	13.1899
4.75953	13.2668
4.7606	13.3438
4.76127	13.4207
4.7623	13.4976
4.76335	13.5745
4.76367	13.6515
4.76402	13.7284
4.76472	13.8053
4.76542	13.8822
4.76607	13.9592
4.76678	14.0361
4.76819	14.1075
4.76954	14.1789
4.77023	14.2504
4.77161	14.3218
4.77231	14.3932
4.77302	14.4647
4.77406	14.5361
4.77435	14.6075
4.77471	14.6789
4.7761	14.7504
4.77645	14.8218
4.77679	7.4109
4.77751	7.55375
4.77781	7.69661
4.7789	7.83947
4.77955	7.98233
4.78024	8.12518
4.78199	8.25018
4.78266	8.37518
4.78335	8.50018
4.78438	8.62518
4.78511	8.75018
4.78579	8.87518
4.78646	9.00018
4.78719	9.11129
4.79063	9.22241
4.79163	9.33352
4.79267	9.44463
4.7937	9.55574
4.79614	9.66685
4.79788	9.77796
4.79889	9.88907
4.79922	10.0002
4.80026	10.1002
4.80197	10.2002
4.80303	10.3002
4.80372	10.4002
4.80514	10.5002
4.80615	10.6002
4.80752	10.7002
4.80891	10.8002
4.80928	10.9002
4.81029	11.0002
4.81203	11.0911
4.81408	11.182
4.81552	11.2729
4.81688	11.3638
4.81795	11.4547
4.81964	11.5456
4.82071	11.6365
4.82139	11.7275
4.82241	11.8184
4.82381	11.9093
4.82447	12.0002
4.82485	12.0835
4.82554	12.1668
4.82587	12.2502
4.82622	12.3335
4.8273	12.4168
4.82866	12.5002
4.8297	12.5835
4.8304	12.6668
4.83145	12.7502
4.8321	12.8335
4.83347	12.9168
4.83416	13.0002
4.83485	13.0771
4.83555	13.154
4.83631	13.231
4.83767	13.3079
4.83838	13.3848
4.83937	13.4617
4.84041	13.5386
4.8418	13.6156
4.84354	13.6925
4.84427	13.7694
4.8456	13.8463
4.84629	13.9233
4.84702	14.0002
4.84803	14.0716
4.84838	14.143
4.84939	14.2145
4.85179	14.2859
4.85248	14.3573
4.85318	14.4288
4.85424	14.5002
4.85557	14.5716
4.85662	14.643
4.85765	14.7145
4.858	14.7859
4.85835	14.8573
4.8587	14.9288
4.85909	15.0002
4.85938	15.0668
4.85973	15.1335
4.86012	15.2002
4.86078	15.2668
4.8615	15.3335
4.86221	15.4002
4.86287	15.4668
4.86322	15.5335
4.86392	15.6002
4.86562	15.6668
4.86599	15.7335
4.86631	15.8002
4.86666	7.90009
4.867	8.04295
4.86769	8.16795
4.86803	8.29295
4.86838	8.41795
4.86908	8.54295
4.87114	8.66795
4.8725	8.79295
4.87354	8.91795
4.8746	9.04295
4.87535	9.15406
4.87561	9.26517
4.87703	9.37628
4.87769	9.48739
4.87805	9.5985
4.88049	9.70962
4.88087	9.82073
4.8812	9.93184
4.88153	10.0429
4.88188	10.1429
4.88261	10.2429
4.88433	10.3429
4.88499	10.4429
4.88536	10.5429
4.88991	10.6429
4.89018	10.7429
4.89086	10.8429
4.89122	10.9429
4.89156	11.0429
4.89192	11.1339
4.89224	11.2248
4.89363	11.3157
4.89506	11.4066
4.89538	11.4975
4.89743	11.5884
4.89777	11.6793
4.89854	11.7702
4.89916	11.8611
4.89949	11.952
4.90019	12.0429
4.90055	6.02147
4.90121	6.18814
4.90261	6.35481
4.9033	6.52147
4.90372	6.68814
4.9054	6.85481
4.90642	7.02147
4.90746	7.16433
4.90985	7.30719
4.91018	7.45005
4.91055	7.5929
4.91091	7.73576
4.91519	7.87862
4.91535	8.02147
4.91607	8.14647
4.91685	8.27147
4.91813	8.39647
4.91919	4.19824
4.91951	4.44824
4.92232	4.69824
4.92369	4.94824
4.92401	5.19824
4.92504	5.39824
4.92586	5.59824
4.92679	5.79824
4.93304	5.99824
4.9337	6.19824
4.93474	6.3649
4.93541	6.53157
4.93613	6.69824
4.94027	6.8649
4.94097	7.03157
4.94165	7.17443
4.94269	7.31728
4.94445	7.46014
4.94583	7.603
4.949	7.74586
4.94963	7.88871
4.95003	8.03157
4.95073	8.15657
4.95102	8.28157
4.95275	8.40657
4.95379	8.53157
4.95591	8.65657
4.95659	8.78157
4.95691	8.90657
4.95724	9.03157
4.95796	9.14268
4.95832	9.25379
4.95969	9.3649
4.96001	9.47601
4.96415	9.58713
4.96517	9.69824
4.96551	9.80935
4.9662	9.92046
4.96657	10.0316
4.96726	10.1316
4.96758	10.2316
4.96861	10.3316
4.96898	10.4316
4.97139	10.5316
4.9721	10.6316
4.97276	10.7316
4.97345	10.8316
4.97381	10.9316
4.97414	11.0316
4.97518	11.1225
4.97553	11.2134
4.97655	11.3043
4.97724	11.3952
4.98072	11.4861
4.9821	11.577
4.98281	11.6679
4.98382	11.7588
4.98452	11.8498
4.98488	11.9407
4.9852	12.0316
4.98591	12.1149
4.98627	12.1982
4.98729	12.2816
4.9883	12.3649
4.99039	12.4482
4.99144	12.5316
4.99212	12.6149
4.99418	12.6982
4.99487	12.7816
4.99524	12.8649
4.99557	12.9482
4.99623	13.0316
4.99696	13.1085
4.99762	13.1854
4.99796	13.2623
4.99832	13.3393
5.00074	13.4162
5.00351	13.4931
5.0042	13.57
5.00559	13.647
5.00627	13.7239
5.00662	13.8008
5.00702	13.8777
5.00731	13.9546
5.0077	14.0316
5.00835	14.103
5.00872	14.1744
5.00938	14.2459
5.00973	14.3173
5.01305	14.3887
5.01359	14.4601
5.0147	14.5316
5.01702	14.603
5.01806	14.6744
5.0184	14.7459
5.01876	14.8173
5.01909	14.8887
5.01945	14.9601
5.02012	15.0316
5.02083	15.0982
5.0215	15.1649
5.02187	15.2316
5.02289	15.2982
5.026	15.3649
5.02673	15.4316
5.02739	15.4982
5.02911	15.5649
5.03014	15.6316
5.03084	15.6982
5.03119	15.7649
5.03156	15.8316
5.03188	15.8982
5.03225	15.9649
5.03292	16.0316
5.03328	16.0941
5.03393	16.1566
5.03462	16.2191
5.035	16.2816
5.03918	16.3441
5.03985	16.4066
5.04086	16.4691
5.04292	16.5316
5.04395	16.5941
5.0443	16.6566
5.04532	16.7191
5.04603	16.7816
5.04635	16.8441
5.04669	16.9066
5.04739	16.9691
5.04773	17.0316
5.04809	17.0904
5.04847	17.1492
5.04877	17.208
5.04913	17.2669
5.05364	17.3257
5.05429	17.3845
5.05531	17.4433
5.05708	17.5022
5.05778	17.561
5.05849	17.6198
5.05915	17.6786
5.0595	17.7375
5.05993	17.7963
5.06057	17.8551
5.06087	17.9139
5.06125	17.9727
5.06191	18.0316
5.06231	18.0871
5.06268	18.1427
5.06338	18.1982
5.06365	18.2538
5.06917	18.3093
5.0702	18.3649
5.07125	18.4205
5.07261	18.476
5.07332	18.5316
5.0737	18.5871
5.07401	18.6427
5.0747	18.6982
5.07506	18.7538
5.07573	9.3769
5.07608	9.48801
5.07641	9.59912
5.07743	9.71023
5.07781	9.82134
5.07854	9.93245
5.07887	10.0436
5.07923	10.1436
5.07955	10.2436
5.08443	10.3436
5.08545	10.4436
5.08646	10.5436
5.08857	10.6436
5.08928	10.7436
5.08959	10.8436
5.08993	10.9436
5.09028	11.0436
5.09097	11.1345
5.09341	11.2254
5.09824	11.3163
5.09893	11.4072
5.09998	11.4981
5.10239	11.589
5.10343	11.6799
5.10383	11.7708
5.10423	11.8617
5.10449	11.9527
5.10482	12.0436
5.10516	12.1269
5.1062	12.2102
5.1118	12.2936
5.11283	12.3769
5.11352	12.4602
5.11594	12.5436
5.11767	12.6269
5.11834	12.7102
5.11937	12.7936
5.11973	12.8769
5.12007	12.9602
5.12076	13.0436
5.12111	13.1205
5.12145	13.1974
5.1277	13.2743
5.12874	13.3513
5.12942	13.4282
5.13079	13.5051
5.1322	13.582
5.13292	13.6589
5.1336	13.7359
5.1343	13.8128
5.13462	13.8897
5.13498	13.9666
5.1353	14.0436
5.13599	14.115
5.13639	14.1864
5.14429	14.2578
5.14566	14.3293
5.14636	14.4007
5.1481	7.20035
5.14913	7.34321
5.14949	7.48607
5.14984	7.62892
5.15055	7.77178
5.15123	7.91464
5.15163	8.0575
5.15225	8.1825
5.15261	8.3075
5.15296	8.4325
5.15331	8.5575
5.16091	8.6825
5.16194	8.8075
5.16265	8.9325
5.16748	9.0575
5.16813	9.16861
5.16849	9.27972
5.16888	9.39083
5.16919	9.50194
5.17712	9.61305
5.1778	9.72416
5.17883	9.83527
5.18059	9.94638
5.18092	10.0575
5.18124	10.1575
5.1816	10.2575
5.18266	10.3575
5.18299	10.4575
5.19446	10.5575
5.19548	10.6575
5.19616	10.7575
5.19822	10.8575
5.19857	10.9575
5.19892	11.0575
5.19961	11.1484
5.19999	11.2393
5.20031	11.3302
5.20064	11.4211
5.21	11.512
5.21071	11.603
5.21169	11.6939
5.21412	11.7848
5.21451	11.8757
5.21515	11.9666
5.21582	12.0575
5.21655	12.1408
5.21721	12.2242
5.218	12.3075
5.21859	12.3908
5.22619	12.4742
5.22655	12.5575
5.22687	12.6408
5.22824	12.7242
5.22891	12.8075
5.22929	12.8908
5.22962	12.9742
5.22994	13.0575
5.23033	13.1344
5.231	13.2113
5.23166	13.2883
5.23237	13.3652
5.23999	13.4421
5.24069	13.519
5.24139	13.596
5.24309	13.6729
5.24344	13.7498
5.24412	13.8267
5.24448	13.9036
5.24513	13.9806
5.24549	14.0575
5.24585	14.1289
5.24651	14.2004
5.24685	14.2718
5.24754	14.3432
5.25581	14.4146
5.25616	14.4861
5.25687	14.5575
5.25858	14.6289
5.25893	14.7004
5.25966	14.7718
5.26002	14.8432
5.26031	14.9146
5.26067	14.9861
5.26099	15.0575
5.26168	15.1242
5.26202	15.1908
5.26272	15.2575
5.26307	15.3242
5.27072	15.3908
5.27105	15.4575
5.27178	15.5242
5.27347	15.5908
5.27414	15.6575
5.2745	15.7242
5.27483	15.7908
5.27518	15.8575
5.27584	15.9242
5.2762	15.9908
5.27655	16.0575
5.27691	16.12
5.27722	16.1825
5.27755	16.245
5.2779	16.3075
5.28485	16.37
5.2852	16.4325
5.28554	16.495
5.28624	16.5575
5.28659	16.62
5.28693	16.6825
5.28725	16.745
5.28797	16.8075
5.28902	16.87
5.28933	16.9325
5.28966	16.995
5.29042	17.0575
5.29077	17.1163
5.29145	17.1751
5.29214	17.234
5.29248	17.2928
5.30013	17.3516
5.3004	17.4104
5.30077	17.4693
5.30108	17.5281
5.3018	17.5869
5.30246	17.6457
5.30316	17.7046
5.30348	17.7634
5.30419	17.8222
5.30486	17.881
5.30554	17.9398
5.3059	17.9987
5.30626	18.0575
5.30658	18.1131
5.30728	18.1686
5.30799	18.2242
5.30865	18.2797
5.31486	18.3353
5.31522	18.3908
5.3156	18.4464
5.31627	18.5019
5.31695	18.5575
5.31764	18.6131
5.31802	18.6686
5.31832	18.7242
5.31904	18.7797
5.31938	18.8353
5.32008	18.8908
5.32074	18.9464
5.32143	19.0019
5.32216	19.0546
5.32289	19.1072
5.3235	19.1598
5.32419	19.2125
5.32487	19.2651
5.32934	19.3177
5.32968	19.3704
5.33005	19.423
5.33039	19.4756
5.33072	19.5283
5.33108	19.5809
5.33146	19.6335
5.33213	19.6862
5.33277	19.7388
5.33347	19.7914
5.33382	19.844
5.33418	19.8967
5.3345	19.9493
5.33522	20.0019
5.33555	20.0519
5.33626	20.1019
5.33659	10.051
5.33724	10.151
5.3376	10.251
5.34452	10.351
5.34486	10.451
5.34555	10.551
5.34594	10.651
5.34626	10.751
5.34704	10.851
5.34731	10.951
5.34796	11.051
5.34834	11.1419
5.349	11.2328
5.34933	11.3237
5.34971	11.4146
5.35011	11.5055
5.35037	11.5964
5.35074	11.6873
5.35107	11.7782
5.35141	11.8692
5.35968	11.9601
5.36005	12.051
5.36069	12.1343
5.36105	12.2176
5.3614	12.301
5.36173	12.3843
5.36206	12.4676
5.36321	12.551
5.36378	12.6343
5.36413	12.7176
5.3645	12.801
5.37137	12.8843
5.37175	12.9676
5.37206	13.051
5.37275	13.1279
5.3731	13.2048
5.37378	13.2817
5.37448	13.3587
5.37484	13.4356
5.37518	13.5125
5.37554	13.5894
5.37619	13.6664
5.37688	13.7433
5.3862	13.8202
5.38722	13.8971
5.38761	13.974
5.38827	14.051
5.38861	14.1224
5.38896	14.1938
5.38927	14.2653
5.38963	14.3367
5.39	14.4081
5.39033	14.4795
5.39066	14.551
5.39104	14.6224
5.3914	14.6938
5.39858	14.7653
5.39892	14.8367
5.39929	14.9081
5.39962	14.9795
5.39995	15.051
5.40064	15.1176
5.40132	15.1843
5.40168	15.251
5.40239	15.3176
5.40273	15.3843
5.40308	15.451
5.40342	15.5176
5.40409	15.5843
5.40444	15.651
5.41201	15.7176
5.41236	15.7843
5.41271	15.851
5.41308	15.9176
5.4134	15.9843
5.41375	16.051
5.41409	16.1135
5.41482	16.176
5.41515	16.2385
5.4155	16.301
5.41617	16.3635
5.41685	16.426
5.41754	16.4885
5.41791	16.551
5.41823	16.6135
5.42511	16.676
5.42543	16.7385
5.42614	16.801
5.42649	16.8635
5.42683	16.926
5.42722	16.9885
5.42788	17.051
5.42822	17.1098
5.42859	17.1686
5.42926	17.2274
5.42994	17.2863
5.43028	17.3451
5.43067	17.4039
5.43098	17.4627
5.43135	17.5216
5.4317	17.5804
5.43683	17.6392
5.43753	17.698
5.43823	17.7569
5.43858	17.8157
5.43894	17.8745
5.43925	17.9333
5.43959	17.9921
5.43994	18.051
5.44028	18.1065
5.44062	18.1621
5.44136	18.2176
5.44199	18.2732
5.44239	18.3287
5.44273	18.3843
5.44305	9.19215
5.44376	9.30326
5.44413	9.41437
5.44963	9.52549
5.44993	9.6366
5.45065	9.74771
5.45098	9.85882
5.45131	9.96993
5.45169	10.081
5.45203	10.181
5.45237	10.281
5.4527	10.381
5.45304	10.481
5.45338	10.581
5.45372	10.681
5.45409	10.781
5.45444	10.881
5.45513	10.981
5.46272	11.081
5.46309	11.1719
5.46339	11.2629
5.46375	11.3538
5.46444	11.4447
5.46519	11.5356
5.46546	11.6265
5.4658	11.7174
5.46614	11.8083
5.46651	11.8992
5.47511	11.9901
5.47559	12.081
5.4759	12.1644
5.47658	12.2477
5.47691	12.331
5.47736	12.4144
5.4776	12.4977
5.47794	12.581
5.47829	12.6644
5.47864	12.7477
5.47932	12.831
5.48625	12.9144
5.48655	12.9977
5.48701	13.081
5.48723	13.158
5.48759	13.2349
5.48795	13.3118
5.48832	13.3887
5.48864	13.4657
5.48899	13.5426
5.48931	13.6195
5.49002	13.6964
5.49078	13.7733
5.49742	13.8503
5.49812	13.9272
5.49847	14.0041
5.49877	14.0755
5.49914	14.147
5.49981	14.2184
5.50014	14.2898
5.5005	14.3613
5.50119	14.4327
5.50152	14.5041
5.50186	14.5755
5.50218	14.647
5.50289	14.7184
5.51019	14.7898
5.51047	14.8613
5.5109	14.9327
5.51124	15.0041
5.51169	15.0708
5.51184	15.1375
5.51219	15.2041
5.51253	15.2708
5.51325	15.3375
5.51356	15.4041
5.51395	15.4708
5.51424	15.5375
5.51468	15.6041
5.51497	15.6708
5.52053	15.7375
5.52082	15.8041
5.52116	15.8708
5.52154	15.9375
5.52186	16.0041
5.52221	16.0666
5.52256	16.1291
5.52288	16.1916
5.52325	16.2541
5.52357	16.3166
5.52392	16.3791
5.52462	16.4416
5.52496	16.5041
5.52532	16.5666
5.52566	16.6291
5.53114	16.6916
5.53149	16.7541
5.53184	16.8166
5.5322	16.8791
5.53253	16.9416
5.53321	17.0041
5.53356	17.0629
5.53391	17.1218
5.53426	17.1806
5.53493	17.2394
5.53563	17.2982
5.53632	17.3571
5.53665	17.4159
5.53709	17.4747
5.53734	17.5335
5.53768	17.5924
5.5429	17.6512
5.54324	17.71
5.54394	17.7688
5.54429	17.8276
5.54463	17.8865
5.54533	17.9453
5.5457	18.0041
5.54598	18.0597
5.54672	18.1152
5.54736	18.1708
5.54776	18.2263
5.54807	18.2819
5.54841	18.3375
5.54874	18.393
5.54908	18.4486
5.54945	18.5041
5.55012	18.5597
5.55602	18.6152
5.55666	18.6708
5.557	18.7263
5.55735	18.7819
5.55772	18.8375
5.55806	18.893
5.55839	18.9486
5.55908	19.0041
5.55958	19.0567
5.55985	19.1094
5.5601	19.162
5.56045	19.2146
5.56079	19.2673
5.5615	19.3199
5.56185	19.3725
5.56225	19.4252
5.56254	9.71259
5.56286	9.8237
5.56975	9.93481
5.57011	10.0459
5.57044	10.1459
5.57117	10.2459
5.5715	10.3459
5.57216	10.4459
5.57249	10.5459
5.57287	10.6459
5.57319	10.7459
5.57355	10.8459
5.5742	10.9459
5.57455	11.0459
5.57488	11.1368
5.57524	11.2277
5.57592	11.3186
5.57627	11.4096
5.57662	11.5005
5.58362	11.5914
5.58398	11.6823
5.58464	11.7732
5.5853	11.8641
5.58566	11.955
5.58602	12.0459
5.58669	12.1293
5.58704	12.2126
5.58772	12.2959
5.58842	12.3793
5.58876	12.4626
5.59631	12.5459
5.59665	12.6293
5.597	12.7126
5.59734	12.7959
5.59772	12.8793
5.59837	12.9626
5.59874	13.0459
5.59907	13.1228
5.59946	13.1998
5.60011	13.2767
5.60083	13.3536
5.60115	13.4305
5.60632	13.5075
5.60704	13.5844
5.60736	13.6613
5.60771	13.7382
5.60808	13.8151
5.60875	13.8921
5.60945	13.969
5.60978	14.0459
5.61013	14.1173
5.61081	14.1888
5.6112	14.2602
5.6115	14.3316
5.61185	14.4031
5.61633	14.4745
5.61667	14.5459
5.61703	14.6173
5.6177	14.6888
5.61808	14.7602
5.6184	14.8316
5.61874	14.9031
5.61943	14.9745
5.62012	15.0459
5.62047	15.1126
5.62081	15.1793
5.62156	15.2459
5.62188	15.3126
5.62251	15.3793
5.62671	15.4459
5.62705	15.5126
5.6277	15.5793
5.62804	15.6459
5.6284	15.7126
5.62907	15.7793
5.62941	15.8459
5.62974	15.9126
5.6301	15.9793
5.63078	16.0459
5.63114	16.1084
5.63148	16.1709
5.63182	16.2334
5.63223	16.2959
5.63285	16.3584
5.6363	16.4209
5.63664	16.4834
5.63743	16.5459
5.63805	16.6084
5.6384	16.6709
5.6391	16.7334
5.63944	16.7959
5.64015	16.8584
5.64048	16.9209
5.64084	16.9834
5.64151	17.0459
5.64187	17.1047
5.64221	17.1636
5.64257	17.2224
5.64323	17.2812
5.64392	17.34
5.64842	17.3989
5.64874	17.4577
5.64942	17.5165
5.64977	17.5753
5.6508	17.6342
5.65113	17.693
5.65183	17.7518
5.65218	17.8106
5.65252	17.8694
5.65286	17.9283
5.65321	17.9871
5.65359	18.0459
5.65423	18.1015
5.65457	18.157
5.65493	18.2126
5.6556	18.2681
5.65598	18.3237
5.65943	18.3793
5.65976	18.4348
5.6601	18.4904
5.66045	18.5459
5.66079	18.6015
5.66117	18.657
5.66148	18.7126
5.66184	9.35629
5.66219	9.4674
5.6629	9.57851
5.66355	9.68963
5.66389	9.80074
5.66425	9.91185
5.66459	10.023
5.66492	10.123
5.66527	10.223
5.66562	10.323
5.66635	10.423
5.67115	10.523
5.67185	10.623
5.67217	10.723
5.67251	10.823
5.67286	10.923
5.67323	11.023
5.67355	11.1139
5.67494	11.2048
5.67527	11.2957
5.67562	11.3866
5.67978	11.4775
5.68011	11.5684
5.68079	11.6593
5.68114	11.7502
5.68182	11.8411
5.68221	11.9321
5.68253	12.023
5.68286	12.1063
5.68358	12.1896
5.68394	6.09481
5.68425	6.26148
5.69011	6.42815
5.69044	6.59481
5.69115	6.76148
5.69147	6.92815
5.69216	7.09481
5.69285	7.23767
5.69358	7.38053
5.69388	7.52338
5.69422	7.66624
5.69458	7.8091
5.70081	7.95196
5.70118	8.09481
5.7015	8.21981
5.70259	8.34481
5.70291	8.46981
5.7036	8.59481
5.70396	8.71981
5.71088	8.84481
5.71118	8.96981
5.71153	9.09481
5.71221	9.20592
5.71259	9.31704
5.71291	9.42815
5.71325	9.53926
5.71362	9.65037
5.71879	9.76148
5.71911	9.87259
5.71945	9.9837
5.72014	10.0948
5.72049	10.1948
5.72081	10.2948
5.72117	10.3948
5.72188	10.4948
5.7222	10.5948
5.72738	10.6948
5.72771	10.7948
5.72806	10.8948
5.72843	10.9948
5.72875	11.0948
5.72913	5.54741
5.72979	5.74741
5.73014	5.94741
5.73047	6.14741
5.73082	6.31407
5.73706	6.48074
5.73741	6.64741
5.73776	6.81407
5.7381	6.98074
5.73848	7.14741
5.73915	7.29026
5.74533	7.43312
5.74566	7.57598
5.74672	7.71884
5.74741	7.86169
5.74844	8.00455
5.74878	8.12955
5.74916	8.25455
5.75463	8.37955
5.75497	8.50455
5.75602	8.62955
5.75669	8.75455
5.75772	8.87955
5.75809	9.00455
5.75875	9.11566
5.75912	9.22677
5.76394	9.33788
5.76428	9.44899
5.76465	9.5601
5.76497	9.67122
5.76566	9.78233
5.76634	9.89344
5.76675	10.0045
5.76711	10.1045
5.76741	10.2045
5.77194	10.3045
5.77364	10.4045
5.77399	10.5045
5.77431	10.6045
5.77466	10.7045
5.77503	10.8045
5.77534	10.9045
5.77603	11.0045
5.77638	11.0955
5.77709	11.1864
5.78223	11.2773
5.78328	11.3682
5.78361	11.4591
5.78398	11.55
5.7843	11.6409
5.78499	11.7318
5.78534	11.8227
5.78602	11.9136
5.78636	12.0045
5.7868	12.0879
5.78705	12.1712
5.79154	12.2545
5.79188	12.3379
5.79221	12.4212
5.79266	12.5045
5.79297	12.5879
5.79328	6.29394
5.79362	6.46061
5.79395	6.62727
5.79432	6.79394
5.79501	6.96061
5.79534	7.12727
5.79604	7.27013
5.80158	7.41299
5.80224	7.55585
5.80258	7.6987
5.80293	7.84156
5.80361	7.98442
5.80431	8.12727
5.80464	8.25227
5.80946	8.37727
5.80981	8.50227
5.81054	8.62727
5.81087	8.75227
5.81154	8.87727
5.8119	9.00227
5.81224	9.11339
5.81258	9.2245
5.81912	9.33561
5.81947	9.44672
5.8198	9.55783
5.8205	9.66894
5.82084	9.78005
5.82155	9.89116
5.82221	10.0023
5.82256	10.1023
5.82291	10.2023
5.82637	10.3023
5.82671	10.4023
5.82739	10.5023
5.8281	10.6023
5.82841	10.7023
5.82877	10.8023
5.82948	10.9023
5.82982	11.0023
5.83052	11.0932
5.83087	11.1841
5.83534	11.275
5.83602	11.3659
5.83671	11.4568
5.83745	11.5477
5.83809	11.6386
5.83878	11.7295
5.83914	11.8205
5.83949	11.9114
5.83983	12.0023
5.84017	12.0856
5.84052	12.1689
5.84398	12.2523
5.84433	12.3356
5.845	12.4189
5.84567	12.5023
5.84638	12.5856
5.84678	12.6689
5.84741	12.7523
5.84774	12.8356
5.84846	12.9189
5.84879	13.0023
5.84913	13.0792
5.84982	13.1561
5.85396	13.233
5.85431	13.31
5.85467	13.3869
5.85503	13.4638
5.85571	13.5407
5.85637	13.6177
5.85674	13.6946
5.85704	13.7715
5.85739	13.8484
5.85773	13.9254
5.85807	14.0023
5.85843	14.0737
5.85911	14.1451
5.86328	14.2166
5.864	14.288
5.86467	14.3594
5.86499	14.4308
5.86535	14.5023
5.86603	14.5737
5.86674	14.6451
5.86741	14.7166
5.86809	14.788
5.86845	14.8594
5.8688	14.9308
5.86914	15.0023
5.86949	15.0689
5.86985	15.1356
5.8736	15.2023
5.87394	15.2689
5.87464	15.3356
5.87497	15.4023
5.87532	15.4689
5.87568	15.5356
5.87606	15.6023
5.87638	15.6689
5.87674	15.7356
5.87705	15.8023
5.87777	15.8689
5.8781	15.9356
5.87887	16.0023
5.87951	16.0648
5.88016	16.1273
5.88358	16.1898
5.88394	16.2523
5.88429	16.3148
5.88464	16.3773
5.88533	16.4398
5.88602	16.5023
5.88635	16.5648
5.8867	16.6273
5.88706	16.6898
5.88778	16.7523
5.88809	16.8148
5.88878	16.8773
5.88914	16.9398
5.88981	17.0023
5.89016	17.0611
5.89051	17.1199
5.8929	17.1787
5.89366	17.2376
5.89394	17.2964
5.89465	17.3552
5.89533	17.414
5.89566	17.4729
5.89637	17.5317
5.89706	17.5905
5.8974	17.6493
5.89775	17.7082
5.89843	17.767
5.89877	17.8258
5.89949	17.8846
5.90019	17.9435
5.90089	18.0023
5.9012	18.0578
5.90154	18.1134
5.90393	18.1689
5.9043	18.2245
5.90533	18.2801
5.90564	18.3356
5.906	18.3912
5.90675	18.4467
5.9071	18.5023
5.90738	18.5578
5.90809	18.6134
5.90844	18.6689
5.90881	18.7245
5.90913	18.7801
5.90947	18.8356
5.91053	18.8912
5.91083	18.9467
5.91154	19.0023
5.91186	19.0549
5.91257	19.1075
5.91497	19.1602
5.91532	19.2128
5.91608	19.2654
5.91635	19.3181
5.91808	19.3707
5.91841	19.4233
5.91877	19.476
5.91909	19.5286
5.92013	19.5812
5.9205	19.6339
5.92083	19.6865
5.92118	19.7391
5.9215	19.7917
5.92185	19.8444
5.92221	19.897
5.92254	19.9496
5.92323	20.0023
5.92393	20.0523
5.92428	20.1023
5.92705	20.1523
5.92738	20.2023
5.92773	20.2523
5.92842	20.3023
5.9291	20.3523
5.92979	20.4023
5.93013	20.4523
5.93049	20.5023
5.93084	20.5523
5.93121	10.2761
5.93151	10.3761
5.93187	10.4761
5.93221	10.5761
5.93258	10.6761
5.93289	10.7761
5.93326	10.8761
5.93363	10.9761
5.93395	11.0761
5.9343	11.167
5.93465	11.258
5.93774	11.3489
5.93876	11.4398
5.93945	11.5307
5.93985	11.6216
5.94013	11.7125
5.94051	11.8034
5.94116	11.8943
5.94151	11.9852
5.9422	12.0761
5.9429	12.1595
5.94326	12.2428
5.94691	6.1214
5.94726	6.28807
5.94758	6.45474
5.94795	6.6214
5.94829	6.78807
5.94899	6.95474
5.94932	7.1214
5.94967	7.26426
5.9504	7.40712
5.95071	7.54997
5.95106	7.69283
5.95141	7.83569
5.9569	7.97854
5.95724	8.1214
5.95794	8.2464
5.95833	8.3714
5.95867	8.4964
5.95931	8.6214
5.95967	8.7464
5.96346	8.8714
5.96415	8.9964
5.96449	9.1214
5.96588	9.23251
5.96621	9.34362
5.96657	9.45474
5.96725	9.56585
5.96795	9.67696
5.97175	9.78807
5.97209	9.89918
5.97278	10.0103
5.97317	10.1103
5.97384	10.2103
5.97416	10.3103
5.97452	10.4103
5.97488	10.5103
5.97521	10.6103
5.97934	10.7103
5.98001	10.8103
5.98078	10.9103
5.98153	11.0103
5.98178	11.1012
5.98212	11.1921
5.9828	11.283
5.9835	11.3739
5.98387	11.4648
5.98417	11.5557
5.9873	11.6467
5.98797	11.7376
5.9891	11.8285
5.98983	11.9194
5.99005	12.0103
5.99039	12.0936
5.99073	12.177
5.99112	12.2603
5.99143	12.3436
5.99214	12.427
5.99282	12.5103
5.99641	12.5936
5.99671	12.677
5.99705	12.7603
5.99744	6.38015
5.99777	6.54681
5.99845	6.71348
5.9988	6.88015
5.99947	7.04681
5.99982	7.18967
6.0002	7.33253
6.00085	7.47538
6.00605	7.61824
6.00778	7.7611
6.0088	7.90395
6.01053	8.04681
6.01155	8.17181
6.01192	8.29681
6.01327	8.42181
6.01395	8.54681
6.01569	8.67181
6.01672	8.79681
6.01916	8.92181
6.0195	9.04681
6.02052	9.15792
6.02088	9.26903
6.02193	9.38015
6.02672	9.49126
6.02849	4.74563
6.0295	4.99563
6.03054	5.24563
6.03122	5.44563
6.03398	5.64563
6.03508	5.84563
6.03569	6.04563
6.03991	6.21229
6.04573	6.37896
6.05116	6.54563
6.05186	6.71229
6.05215	6.87896
6.05283	7.04563
6.05354	7.18849
6.05422	7.33134
6.05874	7.4742
6.05938	7.61706
6.06671	7.75991
6.0702	7.90277
6.07182	8.04563
6.07283	8.17063
6.07351	8.29563
6.07488	8.42063
6.07626	8.54563
6.07903	8.67063
6.07935	8.79563
6.08109	8.92063
6.0911	9.04563
6.09349	9.15674
6.09488	9.26785
6.09631	9.37896
6.10006	9.49007
6.10141	9.60118
6.1021	9.71229
6.1028	9.82341
6.10387	9.93452
6.10418	10.0456
6.10658	10.1456
6.1166	10.2456
6.11868	10.3456
6.11939	10.4456
6.11971	10.5456
6.12491	10.6456
6.1259	10.7456
6.12626	10.8456
6.12694	10.9456
6.12764	11.0456
6.12799	11.1365
6.12867	11.2274
6.12939	11.3184
6.13734	11.4093
6.1418	11.5002
6.14248	11.5911
6.14389	11.682
6.14659	11.7729
6.14733	11.8638
6.14766	11.9547
6.148	12.0456
6.14969	12.129
6.15043	12.2123
6.1511	12.2956
6.15178	12.379
6.15544	12.4623
6.16064	12.5456
6.16545	12.629
6.16681	12.7123
6.16722	12.7956
6.17029	12.879
6.17097	12.9623
6.17131	13.0456
6.17164	13.1226
6.17236	13.1995
6.17305	13.2764
6.17415	13.3533
6.17446	13.4302
6.17481	13.5072
6.17755	13.5841
6.17997	13.661
6.18789	13.7379
6.19104	13.8149
6.19136	13.8918
6.19276	13.9687
6.19343	14.0456
6.19414	14.1171
6.1972	14.1885
6.20276	14.2599
6.20377	14.3313
6.20446	14.4028
6.20476	14.4742
6.20618	14.5456
6.20665	14.6171
6.21032	14.6885
6.21171	14.7599
6.21282	14.8313
6.21554	14.9028
6.21793	14.9742
6.21862	15.0456
6.21989	15.1123
6.22024	15.179
6.22371	15.2456
6.22715	15.3123
6.22817	15.379
6.22886	15.4456
6.23063	15.5123
6.23609	15.579
6.23748	15.6456
6.23787	15.7123
6.23993	15.779
6.24026	15.8456
6.24061	15.9123
6.24235	15.979
6.24618	16.0456
6.24684	16.1081
6.24963	16.1706
6.25479	16.2331
6.25618	16.2956
6.25688	16.3581
6.25754	16.4206
6.25827	16.4831
6.25964	16.5456
6.26031	16.6081
6.26102	16.6706
6.26337	16.7331
6.2665	16.7956
6.26891	16.8581
6.27168	16.9206
6.27445	16.9831
6.27475	17.0456
6.27546	17.1045
6.27652	17.1633
6.2772	17.2221
6.27893	17.2809
6.28032	17.3397
6.28065	17.3986
6.28098	17.4574
6.28272	17.5162
6.28414	17.575
6.2848	17.6339
6.28689	17.6927
6.28858	17.7515
6.29168	17.8103
6.2941	17.8692
6.29478	17.928
6.2966	17.9868
6.29689	18.0456
6.29898	18.1012
6.29963	18.1567
6.30066	18.2123
6.30101	18.2679
6.30341	18.3234
6.30513	18.379
6.30654	18.4345
6.31105	18.4901
6.3117	18.5456
6.31239	18.6012
6.31375	18.6567
6.31514	18.7123
6.31551	18.7679
6.31857	18.8234
6.31911	18.879
6.32314	18.9345
6.32383	18.9901
6.32452	19.0456
6.32521	19.0983
6.3266	19.1509
6.32734	19.2035
6.32831	19.2562
6.32935	19.3088
6.33175	19.3614
6.33248	19.414
6.33452	19.4667
6.33522	19.5193
6.33552	19.5719
6.33693	19.6246
6.33727	19.6772
6.33801	19.7298
6.34381	19.7825
6.34523	19.8351
6.34595	19.8877
6.34626	19.9404
6.34905	19.993
6.34941	20.0456
6.34974	20.0956
6.35215	20.1456
6.35355	20.1956
6.3542	20.2456
6.35455	20.2956
6.35701	20.3456
6.35733	20.3956
6.35835	20.4456
6.35872	20.4956
6.35939	20.5456
6.36008	20.5956
6.36042	20.6456
6.36213	20.6956
6.367	20.7456
6.36906	20.7956
6.37147	20.8456
6.37218	20.8956
6.37289	20.9456
6.37357	20.9956
6.37396	21.0456
6.37459	21.0932
6.37668	21.1409
6.37837	21.1885
6.37974	21.2361
6.38113	21.2837
6.38155	21.3313
6.3822	21.379
6.38292	21.4266
6.38321	21.4742
6.38356	21.5218
6.38423	21.5694
6.38458	21.6171
6.38667	21.6647
6.39151	21.7123
6.39285	21.7599
6.39594	21.8075
6.3963	21.8552
6.39703	21.9028
6.39839	21.9504
6.39871	21.998
6.40047	22.0456
6.40151	22.0911
6.40215	22.1365
6.40253	22.182
6.40285	22.2274
6.40322	22.2729
6.40458	22.3184
6.40529	22.3638
6.40594	22.4093
6.40629	22.4547
6.40771	22.5002
6.40816	22.5456
6.40874	22.5911
6.4139	22.6365
6.41665	22.682
6.41733	22.7274
6.41766	22.7729
6.41975	22.8184
6.42077	22.8638
6.42286	22.9093
6.42369	22.9547
6.42528	23.0002
6.426	23.0437
6.42704	23.0871
6.42768	23.1306
6.42906	23.1741
6.42941	23.2176
6.42978	23.261
6.43009	23.3045
6.43048	23.348
6.43083	23.3915
6.43113	23.435
6.43181	23.4784
6.43392	23.5219
6.43495	23.5654
6.43977	23.6089
6.44011	23.6523
6.44255	23.6958
6.44304	23.7393
6.44355	23.7828
6.4439	23.8263
6.4446	23.8697
6.44495	23.9132
6.44528	23.9567
6.44635	24.0002
6.44668	24.0418
6.44741	24.0835
6.44908	24.1252
6.44942	24.1668
6.44981	24.2085
6.45045	24.2502
6.45085	24.2918
6.45151	24.3335
6.45183	24.3752
6.45322	24.4168
6.45432	24.4585
6.45804	24.5002
6.45839	24.5418
6.46116	24.5835
6.46355	24.6252
6.46389	24.6668
6.46471	24.7085
6.4654	24.7502
6.46563	24.7918
6.46598	24.8335
6.46663	24.8752
6.46706	24.9168
6.46769	24.9585
6.46808	25.0002
6.4684	25.0402
6.46944	25.0802
6.46975	25.1202
6.47123	25.1602
6.47218	25.2002
6.47294	25.2402
6.47459	25.2802
6.47634	25.3202
6.47699	25.3602
6.47942	25.4002
6.48011	25.4402
6.48115	25.4802
6.48151	25.5202
6.48188	25.5602
6.4836	25.6002
6.48394	25.6402
6.48426	25.6802
6.48496	25.7202
6.4853	25.7602
6.48568	25.8002
6.48635	25.8402
6.48669	25.8802
6.48735	25.9202
6.48772	25.9602
6.48806	26.0002
6.48844	26.0386
6.48972	26.0771
6.49007	26.1156
6.49109	26.154
6.49351	26.1925
6.49452	26.2309
6.49832	26.2694
6.50075	26.3079
6.50145	26.3463
6.50283	26.3848
6.50321	26.4233
6.50353	26.4617
6.50384	26.5002
6.50419	26.5386
6.50454	26.5771
6.50494	26.6156
6.50523	26.654
6.50558	26.6925
6.50594	26.7309
6.5063	26.7694
6.50662	26.8079
6.50694	26.8463
6.5073	26.8848
6.50801	26.9233
6.50871	26.9617
6.50939	27.0002
6.50971	27.0372
6.51079	27.0742
6.51109	27.1113
6.5118	27.1483
6.51283	27.1854
6.51453	27.2224
6.51733	27.2594
6.52041	27.2965
6.52182	27.3335
6.52251	27.3705
6.52324	27.4076
6.52355	27.4446
6.52425	27.4817
6.52457	27.5187
6.52526	27.5557
6.52562	13.7779
6.52594	13.8548
6.5263	13.9317
6.52702	14.0086
6.52801	14.0801
6.52872	14.1515
6.52902	14.2229
6.52939	14.2943
6.53044	14.3658
6.53076	14.4372
6.53144	14.5086
6.53214	14.5801
6.53283	14.6515
6.53351	14.7229
6.53492	14.7943
6.53558	14.8658
6.53595	14.9372
6.53731	15.0086
6.53869	15.0753
6.54008	15.142
6.54355	15.2086
6.54422	15.2753
6.54455	15.342
6.54528	15.4086
6.5456	15.4753
6.54596	15.542
6.54632	15.6086
6.55219	15.6753
6.55429	15.742
6.55533	15.8086
6.55668	15.8753
6.55739	15.942
6.55772	16.0086
6.55842	16.0711
6.55917	16.1336
6.56426	16.1961
6.56497	16.2586
6.56532	16.3211
6.56566	16.3836
6.56604	16.4461
6.56635	16.5086
6.56668	16.5711
6.57033	16.6336
6.57317	16.6961
6.57489	16.7586
6.57593	16.8211
6.57802	16.8836
6.57871	16.9461
6.57906	17.0086
6.57944	17.0675
6.57977	17.1263
6.58214	17.1851
6.58319	17.2439
6.58355	17.3028
6.58492	17.3616
6.58599	17.4204
6.58748	17.4792
6.58818	17.538
6.59026	17.5969
6.59097	17.6557
6.59166	17.7145
6.59544	17.7733
6.59648	17.8322
6.59785	17.891
6.59818	17.9498
6.59858	18.0086
6.59888	18.0642
6.59921	18.1197
6.60062	18.1753
6.60098	18.2309
6.60339	18.2864
6.6041	18.342
6.6051	18.3975
6.60545	18.4531
6.60687	18.5086
6.60892	18.5642
6.60959	18.6197
6.61062	18.6753
6.61198	18.7309
6.61267	18.7864
6.61301	18.842
6.61541	18.8975
6.61576	18.9531
6.61611	19.0086
6.61643	19.0613
6.61749	19.1139
6.61988	19.1665
6.6206	19.2192
6.62196	19.2718
6.62263	19.3244
6.62369	19.3771
6.62545	19.4297
6.6268	19.4823
6.62887	19.5349
6.62991	19.5876
6.63057	19.6402
6.63127	19.6928
6.63231	19.7455
6.63333	19.7981
6.6351	19.8507
6.63541	19.9034
6.63576	19.956
6.63609	20.0086
6.63712	20.0586
6.63747	20.1086
6.63851	20.1586
6.64058	20.2086
6.64195	20.2586
6.64263	20.3086
6.64331	20.3586
6.64373	20.4086
6.64407	20.4586
6.64681	20.5086
6.6482	10.2543
6.65101	10.3543
6.6515	10.4543
6.65211	10.5543
6.65282	10.6543
6.65448	10.7543
6.65621	10.8543
6.65832	10.9543
6.65862	11.0543
6.65898	11.1452
6.65965	11.2361
6.66002	11.327
6.66102	11.418
6.66173	11.5089
6.66204	11.5998
6.66273	11.6907
6.66377	11.7816
6.66516	11.8725
6.6662	11.9634
6.66902	12.0543
6.67742	12.1377
6.67775	12.221
6.67845	12.3043
6.67913	12.3877
6.6798	12.471
6.68017	12.5543
6.68083	12.6377
6.68117	12.721
6.68188	12.8043
6.68291	12.8877
6.68533	12.971
6.68566	13.0543
6.68913	13.1312
6.69569	13.2082
6.6964	13.2851
6.69678	13.362
6.69706	13.4389
6.6974	13.5159
6.69847	13.5928
6.69946	13.6697
6.69985	13.7466
6.70052	13.8235
6.70121	13.9005
6.70223	13.9774
6.70462	14.0543
6.70498	14.1257
6.70882	14.1972
6.71397	14.2686
6.71435	14.34
6.71501	14.4115
6.71671	14.4829
6.71744	14.5543
6.71775	14.6257
6.71813	14.6972
6.71914	14.7686
6.72017	14.84
6.72088	14.9115
6.72121	14.9829
6.72156	15.0543
6.72225	15.121
6.72464	15.1877
6.73052	15.2543
6.73156	15.321
6.7333	15.3877
6.73398	15.4543
6.73501	15.521
6.73604	15.5877
6.73674	15.6543
6.73843	15.721
6.7388	15.7877
6.73913	15.8543
6.7398	15.921
6.74049	15.9877
6.74155	16.0543
6.7436	16.1168
6.74431	16.1793
6.74917	16.2418
6.75056	16.3043
6.75192	16.3668
6.75297	16.4293
6.75367	8.21466
6.75504	8.33966
6.75606	8.46466
6.75673	8.58966
6.75777	8.71466
6.75986	8.83966
6.76054	8.96466
6.76131	9.08966
6.76163	9.20077
6.76228	9.31188
6.76402	9.42299
6.76541	9.5341
6.76917	9.64521
6.76955	9.75633
6.76987	9.86744
6.77021	9.97855
6.77909	10.0897
6.7797	10.1897
6.78008	10.2897
6.7805	10.3897
6.78319	10.4897
6.78352	10.5897
6.7849	10.6897
6.7856	10.7897
6.78595	10.8897
6.78835	10.9897
6.7894	11.0897
6.78971	11.1806
6.79004	11.2715
6.79039	11.3624
6.79451	11.4533
6.79628	11.5442
6.79735	11.6351
6.79766	11.726
6.79936	11.8169
6.80007	11.9078
6.80075	11.9987
6.80282	12.0897
6.80556	12.173
6.80623	12.2563
6.80693	12.3397
6.80933	12.423
6.80968	12.5063
6.81005	12.5897
6.81037	12.673
6.8107	12.7563
6.81105	12.8397
6.81248	12.923
6.81282	13.0063
6.81769	13.0832
6.81839	13.1602
6.82042	13.2371
6.82113	13.314
6.82322	13.3909
6.82455	13.4679
6.82523	13.5448
6.82557	13.6217
6.82598	13.6986
6.8266	13.7756
6.82799	13.8525
6.82937	13.9294
6.83006	14.0063
6.83076	14.0778
6.83154	14.1492
6.8316	14.2206
6.83179	14.292
6.83253	14.3635
6.83561	14.4349
6.83627	14.5063
6.83973	14.5778
6.84044	14.6492
6.84215	14.7206
6.84251	14.792
6.84559	14.8635
6.84665	14.9349
6.84695	15.0063
6.84868	15.073
6.84948	15.1397
6.84973	15.2063
6.85045	15.273
6.85151	15.3397
6.85427	15.4063
6.85598	15.473
6.85635	15.5397
6.85706	15.6063
6.85739	15.673
6.85812	15.7397
6.8584	15.8063
6.85879	15.873
6.85993	15.9397
6.86463	16.0063
6.86533	16.0688
6.86603	16.1313
6.86703	16.1938
6.86739	16.2563
6.87012	16.3188
6.87256	16.3813
6.87291	16.4438
6.87325	16.5063
6.87394	16.5688
6.87461	16.6313
6.87497	16.6938
6.87534	16.7563
6.87598	16.8188
6.87637	16.8813
6.87674	16.9438
6.87702	17.0063
6.87737	17.0651
6.87842	17.124
6.87875	17.1828
6.88013	17.2416
6.88155	17.3004
6.88534	17.3593
6.886	17.4181
6.88709	17.4769
6.88809	17.5357
6.88948	17.5946
6.88978	17.6534
6.89119	17.7122
6.89152	17.771
6.89218	17.8299
6.89254	17.8887
6.89323	17.9475
6.89392	18.0063
6.89425	18.0619
6.89496	18.1174
6.89531	18.173
6.89565	18.2285
6.89599	18.2841
6.89911	18.3397
6.89949	18.3952
6.90048	18.4508
6.90088	18.5063
6.90188	18.5619
6.90223	18.6174
6.90574	18.673
6.90634	18.7285
6.90738	18.7841
6.90779	18.8397
6.90937	18.8952
6.91059	18.9508
6.91107	19.0063
6.91278	19.059
6.91354	19.1116
6.91393	19.1642
6.91458	19.2169
6.91492	19.2695
6.9156	19.3221
6.91628	19.3747
6.91663	19.4274
6.91697	19.48
6.918	19.5326
6.91835	19.5853
6.92014	19.6379
6.92043	19.6905
6.92113	19.7432
6.92146	19.7958
6.92255	19.8484
6.9246	19.9011
6.9256	19.9537
6.92663	20.0063
6.9287	20.0563
6.92974	20.1063
6.93051	20.1563
6.93149	20.2063
6.93153	20.2563
6.93249	20.3063
6.93284	20.3563
6.93357	20.4063
6.93388	20.4563
6.93497	20.5063
6.93531	20.5563
6.93668	20.6063
6.93705	20.6563
6.93807	20.7063
6.93839	20.7563
6.9392	20.8063
6.94044	20.8563
6.94115	20.9063
6.94149	20.9563
6.94188	21.0063
6.9439	21.0539
6.94493	21.1016
6.94599	21.1492
6.94669	21.1968
6.94704	21.2444
6.94837	21.292
6.94876	21.3397
6.95013	21.3873
6.95048	21.4349
6.95148	21.4825
6.95183	21.5301
6.95356	21.5778
6.95427	21.6254
6.95497	21.673
6.95528	21.7206
6.95632	21.7682
6.95809	21.8158
6.95877	21.8635
6.95945	21.9111
6.9598	10.9555
6.96015	11.0555
6.96224	11.1465
6.9636	11.2374
6.9646	11.3283
6.96496	11.4192
6.9653	11.5101
6.96633	11.601
6.96667	11.6919
6.96703	11.7828
6.96736	11.8737
6.9684	11.9646
6.96879	12.0555
6.97054	12.1389
6.97117	12.2222
6.97262	12.3055
6.97289	12.3889
6.97496	12.4722
6.97669	12.5555
6.97772	12.6389
6.97807	12.7222
6.98323	12.8055
6.98405	12.8889
6.98423	12.9722
6.98459	13.0555
6.98631	13.1325
6.98668	13.2094
6.98773	13.2863
6.98818	13.3632
6.98944	13.4402
6.99045	13.5171
6.9915	13.594
6.99218	13.6709
6.99944	13.7479
7.0009	13.8248
7.00181	13.9017
7.0022	13.9786
7.00254	14.0555
7.00397	14.127
7.00426	14.1984
7.00505	14.2698
7.00532	14.3413
7.00606	14.4127
7.00769	14.4841
7.00845	14.5555
7.00873	14.627
7.01461	14.6984
7.01562	14.7698
7.01632	14.8413
7.01671	14.9127
7.01735	14.9841
7.01805	15.0555
7.0208	15.1222
7.02148	15.1889
7.02354	15.2555
7.02423	15.3222
7.02492	15.3889
7.02599	15.4555
7.02667	15.5222
7.02698	15.5889
7.03251	15.6555
7.03357	15.7222
7.03389	15.7889
7.03422	15.8555
7.03464	15.9222
7.03508	15.9889
7.03562	16.0555
7.03841	16.118
7.03877	16.1805
7.03976	16.243
7.04044	16.3055
7.04146	16.368
7.04354	16.4305
7.04491	16.493
7.04525	16.5555
7.04837	16.618
7.04905	16.6805
7.04981	16.743
7.05037	16.8055
7.05072	16.868
7.05112	16.9305
7.05141	16.993
7.05213	17.0555
7.05421	17.1144
7.05488	17.1732
7.05627	17.232
7.0566	17.2908
7.05728	17.3497
7.0583	17.4085
7.05938	17.4673
7.06003	17.5261
7.06312	17.585
7.06346	17.6438
7.06482	17.7026
7.06553	17.7614
7.06625	17.8202
7.0669	17.8791
7.06728	17.9379
7.06793	17.9967
7.06829	18.0555
7.07067	18.1111
7.07138	18.1667
7.07348	18.2222
7.07382	18.2778
7.07449	18.3333
7.07553	18.3889
7.07653	18.4444
7.07687	18.5
7.07963	18.5555
7.08	18.6111
7.08035	18.6667
7.08065	18.7222
7.08102	18.7778
7.08235	18.8333
7.08271	18.8889
7.08339	18.9444
7.08413	19
7.08444	19.0555
7.08711	19.1082
7.08777	19.1608
7.09124	19.2134
7.09194	19.2661
7.09263	19.3187
7.09426	19.3713
7.09535	19.424
7.09601	19.4766
7.09804	19.5292
7.09838	19.5819
7.09876	19.6345
7.09918	19.6871
7.09943	19.7398
7.09977	19.7924
7.10049	19.845
7.1008	19.8976
7.10114	19.9503
7.1015	20.0029
7.1022	20.0529
7.10355	20.1029
7.10463	20.1529
7.10667	20.2029
7.10736	20.2529
7.10772	20.3029
7.10942	20.3529
7.11012	20.4029
7.11119	20.4529
7.11366	20.5029
7.11425	20.5529
7.11463	20.6029
7.1153	20.6529
7.11571	20.7029
7.11598	20.7529
7.11636	20.8029
7.11702	20.8529
7.11738	20.9029
7.11808	20.9529
7.11844	21.0029
7.11879	21.0505
7.12119	21.0982
7.1215	21.1458
7.12222	21.1934
7.12254	21.241
7.1229	21.2886
7.12426	21.3362
7.12592	21.3839
7.12694	21.4315
7.13002	21.4791
7.13075	21.5267
7.1311	21.5743
7.13178	21.622
7.13211	21.6696
7.13251	21.7172
7.13283	21.7648
7.13351	21.8124
7.13488	21.8601
7.13561	21.9077
7.13631	21.9553
7.13664	10.9776
7.13695	11.0776
7.13934	11.1686
7.14001	11.2595
7.14036	11.3504
7.14068	11.4413
7.14137	11.5322
7.14277	11.6231
7.14425	11.714
7.14488	11.8049
7.14662	11.8958
7.14735	11.9867
7.14799	12.0776
7.14867	12.161
7.14936	12.2443
7.15038	12.3276
7.15109	12.411
7.15243	12.4943
7.15318	12.5776
7.15348	12.661
7.15389	12.7443
7.16215	12.8276
7.16279	12.911
7.16349	12.9943
7.16382	13.0776
7.16418	13.1546
7.16454	13.2315
7.16555	13.3084
7.16588	13.3853
7.16657	13.4623
7.16694	13.5392
7.16764	13.6161
7.16833	13.693
7.17966	13.77
7.18004	13.8469
7.18072	13.9238
7.18103	14.0007
7.18138	7.00036
7.18209	7.14322
7.18244	7.28608
7.18276	7.42893
7.1831	7.57179
7.18381	7.71465
7.1845	7.8575
7.18483	8.00036
7.18517	8.12536
7.19502	8.25036
7.19603	8.37536
7.1968	8.50036
7.19739	8.62536
7.1981	8.75036
7.20119	8.87536
7.20188	9.00036
7.20223	9.11147
7.20983	9.22258
7.21049	9.3337
7.21188	9.44481
7.2126	9.55592
7.21285	9.66703
7.21426	9.77814
7.21494	9.88925
7.21528	10.0004
7.21566	10.1004
7.2267	10.2004
7.22705	10.3004
7.2274	10.4004
7.22875	10.5004
7.22916	10.6004
7.23085	10.7004
7.23119	10.8004
7.23164	10.9004
7.23186	11.0004
7.23254	11.0913
7.24291	11.1822
7.24326	11.2731
7.2436	11.364
7.244	11.4549
7.24431	11.5458
7.24466	11.6367
7.24498	11.7276
7.24532	11.8185
7.24568	11.9095
7.24601	12.0004
7.24643	12.0837
7.25474	12.167
7.25517	12.2504
7.25575	6.12518
7.25826	6.29185
7.25858	6.45851
7.25971	6.62518
7.26036	6.79185
7.26096	6.95851
7.2613	7.12518
7.26168	7.26804
7.262	7.4109
7.26256	7.55375
7.27014	7.69661
7.27085	7.83947
7.27189	7.98232
7.27257	8.12518
7.27292	8.25018
7.27395	8.37518
7.27432	8.50018
7.28462	8.62518
7.28497	8.75018
7.28598	8.87518
7.28671	9.00018
7.28737	9.11129
7.28806	9.2224
7.28943	9.33351
7.28977	9.44463
7.29964	9.55574
7.3003	9.66685
7.30065	9.77796
7.30133	9.88907
7.30205	10.0002
7.30237	10.1002
7.3027	10.2002
7.3034	10.3002
7.30409	10.4002
7.31378	10.5002
7.31415	10.6002
7.31447	10.7002
7.3148	10.8002
7.31549	10.9002
7.31584	11.0002
7.31654	11.0911
7.31684	11.182
7.31721	11.2729
7.31757	11.3638
7.32595	11.4547
7.32664	11.5456
7.32694	11.6365
7.3273	11.7275
7.32765	11.8184
7.32798	11.9093
7.32868	12.0002
7.32936	12.0835
7.33005	12.1668
7.33073	12.2502
7.33143	12.3335
7.33799	12.4168
7.3383	12.5002
7.33903	12.5835
7.33934	12.6668
7.34005	12.7502
7.3404	12.8335
7.34075	12.9168
7.34106	13.0002
7.34178	13.0771
7.34211	13.154
7.34315	13.231
7.34384	13.3079
7.35008	13.3848
7.35044	13.4617
7.35114	13.5386
7.35148	13.6156
7.35182	13.6925
7.35215	13.7694
7.35249	13.8463
7.35282	13.9233
7.35352	14.0002
7.35423	14.0716
7.35456	14.143
7.35488	14.2145
7.35523	14.2859
7.36283	14.3573
7.36315	14.4288
7.36355	14.5002
7.36387	14.5716
7.36421	14.643
7.36457	14.7145
7.36525	14.7859
7.3656	14.8573
7.36594	14.9288
7.36664	15.0002
7.36704	15.0668
7.36731	15.1335
7.36766	15.2002
7.36802	15.2668
7.37597	15.3335
7.37632	15.4002
7.37665	15.4668
7.37702	15.5335
7.37735	15.6002
7.37772	15.6668
7.37804	15.7335
7.37837	15.8002
7.37875	15.8668
7.37913	15.9335
7.3794	16.0002
7.37975	16.0627
7.38009	16.1252
7.38043	16.1877
7.38077	16.2502
7.38836	16.3127
7.38871	16.3752
7.38905	16.4377
7.38939	16.5002
7.38974	16.5627
7.39042	16.6252
7.39113	16.6877
7.39145	16.7502
7.39214	16.8127
7.39254	16.8752
7.39284	16.9377
7.39319	17.0002
7.39354	17.059
7.3942	17.1178
7.39456	17.1767
7.39497	17.2355
7.39958	17.2943
7.39996	17.3531
7.40032	17.4119
7.40064	17.4708
7.40134	17.5296
7.40171	17.5884
7.40203	17.6472
7.40236	17.7061
7.40272	17.7649
7.40308	17.8237
7.40345	17.8825
7.4038	17.9414
7.40445	18.0002
7.4048	18.0557
7.40513	18.1113
7.40581	18.1668
7.40617	18.2224
7.41167	18.278
7.41203	18.3335
7.41239	18.3891
7.41271	18.4446
7.41304	18.5002
7.41375	18.5557
7.41407	18.6113
7.41444	9.30565
7.41513	9.41676
7.4155	9.52787
7.41583	9.63898
7.41649	9.75009
7.41683	9.8612
7.41718	9.97231
7.41754	10.0834
7.41788	10.1834
7.41825	10.2834
7.41891	10.3834
7.42344	10.4834
7.42379	10.5834
7.42411	10.6834
7.42444	10.7834
7.42516	10.8834
7.42549	10.9834
7.42651	11.0834
7.4286	11.1743
7.42894	11.2652
7.42934	11.3562
7.43517	11.4471
7.43555	11.538
7.43588	11.6289
7.43623	11.7198
7.43655	11.8107
7.43692	11.9016
7.4373	11.9925
7.43761	12.0834
7.43797	12.1668
7.43831	12.2501
7.43862	12.3334
7.44626	12.4168
7.44693	12.5001
7.44727	12.5834
7.44762	12.6668
7.44802	12.7501
7.44866	12.8334
7.44899	12.9168
7.44935	13.0001
7.45003	13.077
7.45037	13.1539
7.45072	13.2309
7.45122	13.3078
7.45454	13.3847
7.45593	13.4616
7.45661	13.5386
7.4573	13.6155
7.45798	13.6924
7.45832	13.7693
7.45905	13.8462
7.45941	13.9232
7.45972	14.0001
7.46007	14.0715
7.46075	14.1429
7.46109	14.2144
7.46181	14.2858
7.46592	14.3572
7.46626	14.4287
7.46663	7.21433
7.46697	7.35719
7.46729	7.50005
7.46764	7.6429
7.46834	7.78576
7.46902	7.92862
7.4697	8.07147
7.47041	8.19647
7.47073	8.32147
7.47176	8.44647
7.47214	8.57147
7.47245	8.69647
7.47762	8.82147
7.47796	8.94647
7.47905	9.07147
7.47936	9.18258
7.47971	9.2937
7.48039	9.40481
7.48078	9.51592
7.48108	9.62703
7.48764	9.73814
7.48796	9.84925
7.48901	9.96036
7.48939	10.0715
7.49005	10.1715
7.49042	10.2715
7.49074	10.3715
7.49178	10.4715
7.49212	10.5715
7.49763	10.6715
7.49799	10.7715
7.49867	10.8715
7.49926	10.9715
7.49978	11.0715
7.50014	11.1624
7.5005	11.2533
7.5008	11.3442
7.5012	11.4351
7.50149	11.526
7.50942	11.6169
7.5098	11.7078
7.51013	11.7987
7.51046	11.8897
7.51082	11.9806
7.51115	12.0715
7.51149	12.1548
7.51185	12.2381
7.51222	12.3215
7.51255	12.4048
7.5129	12.4881
7.52119	12.5715
7.52158	12.6548
7.52188	12.7381
7.52227	12.8215
7.52258	12.9048
7.52291	12.9881
7.52326	13.0715
7.52396	13.1484
7.52461	13.2253
7.52497	13.3022
7.52566	13.3792
7.52604	13.4561
7.53222	13.533
7.5329	13.6099
7.53327	13.6869
7.53394	13.7638
7.53432	13.8407
7.53462	13.9176
7.53497	13.9946
7.53567	14.0715
7.53599	14.1429
7.53635	14.2143
7.53668	14.2858
7.53742	14.3572
7.53816	14.4286
7.54436	14.5
7.54465	14.5715
7.54502	14.6429
7.54569	14.7143
7.54608	14.7858
7.54639	14.8572
7.54673	14.9286
7.54712	15
7.54783	15.0667
7.54819	15.1334
7.54852	15.2
7.54886	15.2667
7.54929	15.3334
7.54988	15.4
7.55652	15.4667
7.55683	15.5334
7.55714	15.6
7.55749	15.6667
7.55782	15.7334
7.55819	15.8
7.55852	15.8667
7.55889	15.9334
7.55925	16
7.55958	16.0625
7.55992	16.125
7.56031	16.1875
7.5606	16.25
7.56131	16.3125
7.56269	16.375
7.56844	16.4375
7.56871	16.5
7.56905	16.5625
7.56943	16.625
7.56976	16.6875
7.57009	16.75
7.57046	16.8125
7.57078	16.875
7.57147	16.9375
7.57217	17
7.57285	17.0589
7.57352	17.1177
7.57388	17.1765
7.57423	17.2353
7.5749	17.2942
7.57635	17.353
7.58078	17.4118
7.58111	17.4706
7.5823	17.5295
7.5825	17.5883
7.5832	17.6471
7.58353	17.7059
7.58421	17.7648
7.58457	17.8236
7.58492	17.8824
7.58526	17.9412
7.58595	18
7.58628	18.0556
7.58733	18.1112
7.58804	18.1667
7.58836	18.2223
7.58874	18.2778
7.58907	18.3334
7.59365	18.3889
7.59391	18.4445
7.5946	18.5
7.59497	18.5556
7.59533	18.6112
7.59562	18.6667
7.59598	18.7223
7.59665	18.7778
7.59701	18.8334
7.59737	18.8889
7.59804	18.9445
7.59872	19
7.59942	19.0527
7.59979	19.1053
7.60012	19.1579
7.60047	19.2106
7.60081	19.2632
7.6012	19.3158
7.60772	19.3685
7.60837	19.4211
7.60872	19.4737
7.60905	19.5264
7.60942	19.579
7.60975	19.6316
7.61008	19.6843
7.61057	19.7369
7.61117	19.7895
7.61183	19.8422
7.6128	19.8948
7.61345	19.9474
7.61455	20
7.61523	20.05
7.61599	20.1
7.61625	20.15
7.61696	20.2
7.61732	20.25
7.61764	20.3
7.62215	20.35
7.6225	20.4
7.62284	20.45
7.62319	20.5
7.62354	20.55
7.62435	20.6
7.62466	20.65
7.62525	20.7
7.62601	20.75
7.6263	20.8
7.62661	20.85
7.62697	20.9
7.62731	20.95
7.62767	21
7.62834	21.0477
7.62868	21.0953
7.62904	21.1429
7.62939	21.1905
7.62972	21.2381
7.63112	21.2858
7.63662	21.3334
7.637	21.381
7.63732	21.4286
7.63765	21.4762
7.638	21.5239
7.63868	21.5715
7.63971	21.6191
7.64007	21.6667
7.64044	21.7143
7.64112	21.7619
7.64144	21.8096
7.64184	21.8572
7.64224	21.9048
7.64255	21.9524
7.6429	22
7.64324	22.0455
7.64391	22.091
7.64424	22.1364
7.64462	22.1819
7.64495	22.2273
7.6453	22.2728
7.65083	22.3182
7.65116	22.3637
7.6515	22.4091
7.65218	22.4546
7.65256	22.5
7.65288	22.5455
7.65322	22.591
7.65358	22.6364
7.65391	22.6819
7.65425	22.7273
7.65463	22.7728
7.65496	22.8182
7.65532	22.8637
7.65564	22.9091
7.65598	22.9546
7.65632	23
7.65667	23.0435
7.65705	11.5218
7.65734	11.6127
7.65772	11.7036
7.65807	11.7945
7.65841	11.8854
7.66498	11.9763
7.66529	12.0672
7.66563	12.1505
7.66602	12.2339
7.66635	12.3172
7.66667	12.4005
7.66701	12.4839
7.66736	12.5672
7.6677	12.6505
7.66807	12.7339
7.66841	12.8172
7.66877	12.9005
7.66909	12.9839
7.66978	13.0672
7.67081	13.1441
7.67151	13.2211
7.67184	13.298
7.67256	13.3749
7.67837	13.4518
7.6787	13.5288
7.67906	13.6057
7.67938	13.6826
7.68007	13.7595
7.68045	13.8364
7.68112	13.9134
7.68216	13.9903
7.68247	14.0672
7.68317	14.1386
7.68385	14.2101
7.68462	14.2815
7.68493	14.3529
7.69121	14.4244
7.69217	14.4958
7.69251	14.5672
7.69284	14.6386
7.69354	14.7101
7.69422	14.7815
7.69458	14.8529
7.69493	14.9244
7.69525	14.9958
7.69597	15.0672
7.69663	15.1339
7.69701	15.2005
7.69734	15.2672
7.69766	15.3339
7.70285	15.4005
7.70356	15.4672
7.70386	15.5339
7.70458	15.6005
7.70492	15.6672
7.70528	15.7339
7.70596	15.8005
7.70663	15.8672
7.70698	15.9339
7.70733	16.0005
7.70768	16.063
7.70804	16.1255
7.70836	16.188
7.70906	16.2505
7.70974	16.313
7.71561	16.3755
7.71597	16.438
7.71629	16.5005
7.71665	16.563
7.71772	8.28152
7.718	8.40652
7.71839	8.53152
7.71871	8.65652
7.71938	8.78152
7.71975	8.90652
7.72047	9.03152
7.72077	9.14264
7.72146	9.25375
7.72184	9.36486
7.72249	9.47597
7.72283	9.58708
7.72871	9.69819
7.72938	9.8093
7.73007	9.92041
7.73046	10.0315
7.73191	10.1315
7.73252	10.2315
7.73321	10.3315
7.73354	10.4315
7.73494	10.5315
7.74078	10.6315
7.74145	10.7315
7.7425	10.8315
7.74281	10.9315
7.74351	11.0315
7.74385	11.1224
7.74489	11.2133
7.74561	11.3043
7.74662	11.3952
7.74765	11.4861
7.75257	11.577
7.75321	11.6679
7.75389	11.7588
7.75421	11.8497
7.75526	11.9406
7.7556	12.0315
7.75628	12.1149
7.75765	12.1982
7.75869	12.2815
7.75906	12.3649
7.76005	12.4482
7.76557	12.5315
7.76591	12.6149
7.76663	12.6982
7.76694	12.7815
7.7673	12.8649
7.76765	12.9482
7.76799	13.0315
7.76833	13.1084
7.76869	13.1854
7.76935	13.2623
7.77038	13.3392
7.77211	13.4161
7.77628	13.4931
7.77661	13.57
7.77694	13.6469
7.77734	13.7238
7.77766	13.8008
7.77867	13.8777
7.7794	13.9546
7.77972	14.0315
7.7804	14.103
7.78179	14.1744
7.78213	14.2458
7.78246	14.3172
7.78284	14.3887
7.78692	14.4601
7.78734	14.5315
7.78764	14.603
7.78796	14.6744
7.78832	14.7458
7.78866	14.8172
7.78937	14.8887
7.78972	14.9601
7.79073	15.0315
7.79141	15.0982
7.79391	15.1649
7.79433	15.2315
7.79477	15.2982
7.79518	15.3649
7.79782	15.4315
7.79817	15.4982
7.79849	15.5649
7.79883	15.6315
7.79922	15.6982
7.79952	15.7649
7.80058	15.8315
7.80126	15.8982
7.80161	15.9649
7.80229	16.0315
7.80265	16.094
7.80435	16.1565
7.80469	16.219
7.80505	16.2815
7.80538	16.344
7.80919	16.4065
7.80989	16.469
7.81023	16.5315
7.81061	8.26576
7.81126	8.39076
7.8116	8.51576
7.81267	8.64076
7.81295	8.76576
7.81334	8.89076
7.81365	9.01576
7.81403	9.12687
7.81435	9.23798
7.8168	9.3491
7.81719	9.46021
7.81781	9.57132
7.81818	9.68243
7.82242	9.79354
7.82278	9.90465
7.82312	10.0158
7.82382	10.1158
7.82453	10.2158
7.82725	10.3158
7.8276	10.4158
7.82794	10.5158
7.82863	5.25788
7.83281	5.45788
7.83314	5.65788
7.83378	5.85788
7.83415	6.05788
7.83657	6.22455
7.8369	6.39121
7.83863	6.55788
7.83931	6.72455
7.83967	6.89121
7.84588	7.05788
7.84692	3.52894
7.84759	3.86227
7.84932	4.19561
7.84968	4.44561
7.85001	4.69561
7.85763	4.94561
7.85799	5.19561
7.86005	5.39561
7.86039	5.59561
7.869	5.79561
7.86932	5.99561
7.86969	6.19561
7.87212	6.36227
7.87279	6.52894
7.87833	6.69561
7.87909	6.86227
7.8794	7.02894
7.8797	7.1718
7.88213	7.31465
7.88245	7.45751
7.8894	7.60037
7.88976	7.74323
7.89042	7.88608
7.8908	8.02894
7.89145	8.15394
7.89181	8.27894
7.89249	8.40394
7.8991	8.52894
7.89979	8.65394
7.90009	8.77894
7.90041	8.90394
7.90116	9.02894
7.90146	9.14005
7.90215	9.25116
7.90248	9.36227
7.9084	9.47339
7.90878	9.5845
7.90913	9.69561
7.90943	9.80672
7.91004	9.91783
7.91024	10.0289
7.91057	10.1289
7.91088	10.2289
7.91128	10.3289
7.91856	10.4289
7.9189	10.5289
7.91925	10.6289
7.91964	10.7289
7.92027	10.8289
7.92096	10.9289
7.92169	11.0289
7.92269	11.1198
7.92337	11.2108
7.92409	11.3017
7.92792	11.3926
7.92826	11.4835
7.9289	5.74174
7.92963	5.94174
7.93064	6.14174
7.93099	6.30841
7.93167	6.47508
7.932	6.64174
7.93271	6.80841
7.93338	6.97508
7.93442	7.14174
7.93788	7.2846
7.93858	7.42746
7.94104	7.57031
7.94171	7.71317
7.94242	7.85603
7.94312	7.99889
7.94339	8.14174
7.94932	8.26674
7.94998	8.39174
7.95324	8.51674
7.95394	8.64174
7.95461	8.76674
7.95531	8.89174
7.95574	9.01674
7.95605	9.12785
7.95772	9.23897
7.95878	9.35008
7.96278	9.46119
7.96312	9.5723
7.96381	9.68341
7.96412	9.79452
7.9648	9.90563
7.96516	10.0167
7.96584	10.1167
7.96896	10.2167
7.96999	10.3167
7.97244	10.4167
7.97273	10.5167
7.97343	10.6167
7.97481	10.7167
7.97592	10.8167
7.97688	10.9167
7.97791	5.45837
7.97896	5.65837
7.98032	5.85837
7.98106	6.05837
7.98176	6.22504
7.98211	6.3917
7.98341	6.55837
7.98479	6.72504
7.98625	6.8917
7.98758	7.05837
7.9912	7.20123
7.99157	7.34409
7.99328	7.48694
7.99538	7.6298
7.99606	7.77266
7.99778	7.91551
7.99846	8.05837
8.00124	8.18337
8.00156	8.30837
8.00331	8.43337
8.00434	8.55837
8.00668	8.68337
8.00734	8.80837
8.00841	8.93337
8.00873	9.05837
8.01323	9.16948
8.01355	9.28059
8.01563	9.3917
8.01597	9.50282
8.01707	9.61393
8.01774	9.72504
8.01875	9.83615
8.01945	9.94726
8.01982	10.0584
8.0222	10.1584
8.02324	10.2584
8.02538	10.3584
8.02577	10.4584
8.02641	10.5584
8.02744	10.6584
8.02784	10.7584
8.02848	10.8584
8.02918	10.9584
8.02952	11.0584
8.03299	11.1493
8.03439	11.2402
8.03645	11.3311
8.03712	11.422
8.03749	11.5129
8.03918	11.6038
8.03989	11.6947
8.04056	11.7856
8.04125	11.8766
8.04193	11.9675
8.0426	12.0584
8.04401	12.1417
8.0464	12.225
8.04745	12.3084
8.04815	12.3917
8.04884	12.475
8.05058	12.5584
8.05123	12.6417
8.05161	12.725
8.05228	12.8084
8.05261	12.8917
8.05404	12.975
8.05439	13.0584
8.05657	13.1353
8.05756	13.2122
8.05994	13.2891
8.06029	13.3661
8.06069	13.443
8.06337	13.5199
8.06372	13.5968
8.0645	13.6738
8.0651	13.7507
8.06614	13.8276
8.06647	13.9045
8.06684	13.9814
8.0672	14.0584
8.06967	14.1298
8.07041	14.2012
8.07071	7.10061
8.07103	7.24347
8.0714	7.38633
8.07314	7.52919
8.07382	7.67204
8.0749	7.8149
8.07522	7.95776
8.07593	8.10061
8.07679	8.22561
8.07778	8.35061
8.07877	8.47561
8.07942	8.60061
8.08089	8.72561
8.08117	8.85061
8.08405	8.97561
8.08478	9.10061
8.08574	9.21173
8.08609	9.32284
8.08837	9.43395
8.08872	9.54506
8.08908	9.65617
8.09009	9.76728
8.09327	9.87839
8.09358	4.9392
8.09425	5.1892
8.09501	5.3892
8.09567	5.5892
8.0988	5.7892
8.09951	5.9892
8.10019	6.1892
8.10088	6.35586
8.10261	6.52253
8.10538	6.6892
8.10609	6.85586
8.10684	7.02253
8.10725	7.16539
8.10816	7.30824
8.11227	7.4511
8.11435	7.59396
8.11471	7.73682
8.11607	7.87967
8.11641	8.02253
8.11677	8.14753
8.1171	8.27253
8.12058	8.39753
8.12196	8.52253
8.12227	8.64753
8.12335	8.77253
8.12399	8.89753
8.12432	9.02253
8.12509	9.13364
8.12574	9.24475
8.12924	9.35586
8.13062	9.46697
8.13137	9.57808
8.13203	9.6892
8.13231	9.80031
8.13272	9.91142
8.133	10.0225
8.13336	10.1225
8.1341	10.2225
8.13856	10.3225
8.14004	10.4225
8.14061	10.5225
8.14132	10.6225
8.14201	10.7225
8.14235	10.8225
8.14268	10.9225
8.14303	11.0225
8.14337	11.1134
8.14377	11.2043
8.14782	11.2953
8.14964	11.3862
8.14988	11.4771
8.15103	11.568
8.15164	11.6589
8.15232	11.7498
8.15299	11.8407
8.15334	11.9316
8.15366	12.0225
8.15402	12.1059
8.1547	12.1892
8.15919	12.2725
8.16095	12.3559
8.16126	12.4392
8.16193	12.5225
8.16233	12.6059
8.16266	12.6892
8.16301	12.7725
8.16377	12.8559
8.16406	12.9392
8.16437	13.0225
8.16471	13.0995
8.16542	13.1764
8.17151	13.2533
8.17322	13.3302
8.17356	13.4071
8.17494	13.4841
8.17527	13.561
8.17598	13.6379
8.17632	13.7148
8.17666	13.7918
8.177	13.8687
8.17736	13.9456
8.17769	14.0225
8.17823	14.094
8.17851	14.1654
8.18393	14.2368
8.18566	14.3082
8.186	14.3797
8.18739	14.4511
8.18775	14.5225
8.18814	14.594
8.18913	14.6654
8.18946	14.7368
8.1898	14.8082
8.19013	14.8797
8.19048	14.9511
8.19119	15.0225
8.19189	15.0892
8.19222	15.1559
8.19809	15.2225
8.19983	15.2892
8.20019	15.3559
8.20087	15.4225
8.2012	15.4892
8.20189	15.5559
8.20234	15.6225
8.20324	15.6892
8.20374	15.7559
8.2041	15.8225
8.2044	15.8892
8.2048	15.9559
8.20547	16.0225
8.20582	16.085
8.20612	16.1475
8.21307	16.21
8.21445	16.2725
8.21481	16.335
8.21582	16.3975
8.2162	16.46
8.21688	16.5225
8.21721	16.585
8.21756	16.6475
8.21794	16.71
8.21823	16.7725
8.21915	16.835
8.21939	16.8975
8.21972	16.96
8.22001	17.0225
8.22036	17.0814
8.2211	17.1402
8.2286	17.199
8.23033	17.2578
8.23105	17.3166
8.23203	17.3755
8.23241	17.4343
8.23272	17.4931
8.2334	17.5519
8.23379	17.6108
8.23412	17.6696
8.23446	17.7284
8.23481	17.7872
8.23547	17.8461
8.23587	17.9049
8.23615	17.9637
8.23651	18.0225
8.23686	18.0781
8.2374	18.1336
8.24322	18.1892
8.24395	18.2448
8.24462	18.3003
8.24529	18.3559
8.24562	18.4114
8.24635	18.467
8.24668	18.5225
8.24734	18.5781
8.2477	18.6336
8.24804	18.6892
8.24875	18.7448
8.2491	18.8003
8.2494	18.8559
8.25011	18.9114
8.25043	18.967
8.25083	19.0225
8.2515	19.0752
8.25183	19.1278
8.25737	19.1804
8.25804	19.2331
8.25838	19.2857
8.25873	19.3383
8.25908	19.391
8.25975	19.4436
8.26011	19.4962
8.2608	19.5488
8.26114	19.6015
8.26148	19.6541
8.26216	19.7067
8.26285	19.7594
8.26355	19.812
8.26389	19.8646
8.26426	19.9173
8.26457	19.9699
8.26527	20.0225
8.26595	20.0725
8.26629	20.1225
8.27254	20.1725
8.27289	20.2225
8.27321	20.2725
8.27356	20.3225
8.27391	20.3725
8.27425	20.4225
8.27464	20.4725
8.27496	20.5225
8.27567	20.5725
8.27632	20.6225
8.27667	20.6725
8.27734	20.7225
8.27773	20.7725
8.27803	20.8225
8.27839	20.8725
8.27909	20.9225
8.27941	20.9725
8.27979	21.0225
8.28048	21.0701
8.28083	21.1178
8.28806	21.1654
8.28841	21.213
8.28907	21.2606
8.2894	21.3082
8.29012	21.3559
8.29049	21.4035
8.29078	21.4511
8.29114	21.4987
8.29148	21.5463
8.29181	21.594
8.29218	21.6416
8.29249	21.6892
8.2932	21.7368
8.29389	21.7844
8.29421	21.8321
8.29455	21.8797
8.29493	21.9273
8.29525	21.9749
8.29558	22.0225
8.29632	22.068
8.29662	22.1134
8.30459	22.1589
8.30529	22.2043
8.30563	22.2498
8.30597	22.2953
8.30667	22.3407
8.30703	22.3862
8.30768	22.4316
8.30803	22.4771
8.30871	22.5225
8.30906	22.568
8.30977	22.6134
8.31008	22.6589
8.31042	22.7043
8.31077	22.7498
8.31112	22.7953
8.31146	22.8407
8.31218	22.8862
8.31255	22.9316
8.31287	22.9771
8.31321	23.0225
8.31389	23.066
8.31425	23.1095
8.32146	23.153
8.32187	23.1964
8.32254	23.2399
8.32283	23.2834
8.32357	23.3269
8.32421	23.3704
8.32457	23.4138
8.32491	23.4573
8.32561	23.5008
8.327	23.5443
8.32731	23.5877
8.32768	23.6312
8.32803	23.6747
8.32872	23.7182
8.32905	23.7617
8.32945	23.8051
8.32979	23.8486
8.33056	23.8921
8.3308	23.9356
8.33151	23.9791
8.33185	24.0225
8.33258	24.0642
8.33305	24.1059
8.33991	24.1475
8.34028	24.1892
8.34064	24.2309
8.34103	24.2725
8.34127	24.3142
8.34167	24.3559
8.34239	24.3975
8.3431	24.4392
8.34409	24.4809
8.34477	24.5225
8.34535	24.5642
8.34581	24.6059
8.34607	24.6475
8.34643	24.6892
8.34682	24.7309
8.3471	24.7725
8.3475	24.8142
8.34784	24.8559
8.34819	24.8975
8.34852	24.9392
8.34888	24.9809
8.34919	25.0225
8.34961	25.0625
8.34989	25.1025
8.35612	25.1425
8.35645	25.1825
8.35683	25.2225
8.35713	25.2625
8.35749	25.3025
8.3579	25.3425
8.35816	25.3825
8.35851	25.4225
8.3589	25.4625
8.35923	25.5025
8.35957	25.5425
8.35992	25.5825
8.36029	25.6225
8.36069	25.6625
8.3611	25.7025
8.36135	25.7425
8.3617	25.7825
8.36205	25.8225
8.36239	25.8625
8.36273	25.9025
8.36307	25.9425
8.3634	25.9825
8.36375	26.0225
8.36409	26.061
8.36447	26.0995
8.37067	26.1379
8.37103	26.1764
8.37137	26.2148
8.3717	26.2533
8.37204	26.2918
8.3724	26.3302
8.37274	26.3687
8.37309	26.4071
8.37344	26.4456
8.37379	26.4841
8.37426	26.5225
8.3745	26.561
8.37485	26.5995
8.37521	26.6379
8.3755	26.6764
8.37584	26.7148
8.3762	26.7533
8.37656	26.7918
8.37689	26.8302
8.37722	26.8687
8.37759	26.9071
8.37793	26.9456
8.37827	26.9841
8.37861	27.0225
8.37894	27.0596
8.37931	27.0966
8.38314	27.1336
8.38349	27.1707
8.38382	27.2077
8.38418	27.2448
8.38452	27.2818
8.38487	27.3188
8.38523	27.3559
8.38558	27.3929
8.3859	27.4299
8.38627	27.467
8.38668	27.504
8.38694	27.541
8.38732	27.5781
8.38766	27.6151
8.38801	27.6522
8.38832	27.6892
8.38865	27.7262
8.38904	27.7633
8.38938	27.8003
8.3897	27.8373
8.39007	27.8744
8.39041	27.9114
8.39076	27.9485
8.39112	27.9855
8.39145	28.0225
8.39188	28.0582
8.39213	28.094
8.39628	28.1297
8.3966	28.1654
8.39699	28.2011
8.39736	28.2368
8.39768	28.2725
8.39801	28.3082
8.39836	28.344
8.39869	28.3797
8.39906	28.4154
8.39941	28.4511
8.39976	28.4868
8.40009	28.5225
8.40043	28.5582
8.40078	14.2791
8.40115	14.3506
8.40148	14.422
8.40183	14.4934
8.40215	14.5648
8.40251	14.6363
8.40287	14.7077
8.40323	14.7791
8.40357	14.8506
8.40425	14.922
8.40495	14.9934
8.40527	15.0648
8.40562	15.1315
8.40598	15.1982
8.4063	15.2648
8.41012	15.3315
8.41045	15.3982
8.41081	15.4648
8.41117	15.5315
8.41152	15.5982
8.41183	15.6648
8.41221	15.7315
8.41253	15.7982
8.41291	15.8648
8.41323	15.9315
8.4136	15.9982
8.41393	16.0648
8.41429	16.1273
8.41569	16.1898
8.416	16.2523
8.42011	16.3148
8.42049	16.3773
8.42081	16.4398
8.42115	16.5023
8.4215	16.5648
8.42184	16.6273
8.42217	16.6898
8.42252	16.7523
8.4229	16.8148
8.42328	16.8773
8.42357	16.9398
8.42394	17.0023
8.42426	17.0612
8.42473	17.12
8.42645	17.1788
8.42681	17.2376
8.43063	17.2965
8.43097	17.3553
8.43129	17.4141
8.43164	17.4729
8.43199	17.5317
8.43235	17.5906
8.43268	17.6494
8.43301	17.7082
8.43338	17.767
8.43379	17.8259
8.43411	17.8847
8.43452	17.9435
8.43481	18.0023
8.4352	18.0579
8.43551	18.1134
8.4377	18.169
8.43793	18.2246
8.44171	18.2801
8.44205	18.3357
8.44246	18.3912
8.44277	18.4468
8.44316	9.22339
8.44348	9.3345
8.44378	9.44561
8.44418	9.55672
8.44454	9.66783
8.44487	9.77895
8.44526	9.89006
8.44556	10.0012
8.44591	10.1012
8.44626	10.2012
8.44658	10.3012
8.44691	10.4012
8.44932	10.5012
8.44969	10.6012
8.45349	10.7012
8.45382	10.8012
8.45419	10.9012
8.45451	11.0012
8.45487	11.0921
8.45524	11.183
8.45558	11.2739
8.45592	11.3648
8.45867	11.4557
8.45901	11.5466
8.4628	11.6375
8.46319	11.7284
8.4635	11.8193
8.46389	11.9103
8.46427	12.0012
8.46456	12.0845
8.4649	12.1678
8.46525	12.2512
8.46563	12.3345
8.46869	12.4178
8.46903	12.5012
8.47288	12.5845
8.47319	12.6678
8.47356	12.7512
8.47388	12.8345
8.47425	12.9178
8.47463	13.0012
8.47493	13.0781
8.47524	13.155
8.47562	13.2319
8.47594	13.3089
8.47941	13.3858
8.47975	13.4627
8.48355	13.5396
8.48395	13.6166
8.48427	13.6935
8.48461	13.7704
8.48494	13.8473
8.48533	13.9242
8.48562	14.0012
8.486	14.0726
8.48632	14.144
8.48668	14.2155
8.48702	14.2869
8.49083	14.3583
8.4912	14.4297
8.49363	14.5012
8.49396	14.5726
8.4943	14.644
8.49466	14.7155
8.49505	14.7869
8.49532	14.8583
8.49567	14.9297
8.49599	15.0012
8.49635	15.0678
8.49668	15.1345
8.49702	15.2012
8.49737	15.2678
8.49949	15.3345
8.49983	15.4012
8.50224	15.4678
8.50261	15.5345
8.50294	15.6012
8.50329	15.6678
8.5037	15.7345
8.50398	15.8012
8.50435	15.8678
8.50465	15.9345
8.50509	16.0012
8.50535	16.0637
8.50569	16.1262
8.50604	16.1887
8.5064	16.2512
8.50882	16.3137
8.50914	16.3762
8.5117	16.4387
8.51197	16.5012
8.51232	16.5637
8.51267	16.6262
8.51299	16.6887
8.51335	16.7512
8.51387	16.8137
8.51406	16.8762
8.51443	16.9387
8.51475	17.0012
8.5151	17.06
8.5155	17.1188
8.51577	17.1776
8.51613	17.2365
8.51892	17.2953
8.51922	17.3541
8.52169	17.4129
8.52203	17.4718
8.52237	17.5306
8.5227	17.5894
8.52304	17.6482
8.5234	17.7071
8.52373	17.7659
8.52407	17.8247
8.52445	17.8835
8.52478	17.9423
8.52517	18.0012
8.52548	18.0567
8.52584	18.1123
8.52616	18.1678
8.52655	18.2234
8.52967	18.2789
8.52997	18.3345
8.5307	18.3901
8.53107	18.4456
8.5314	18.5012
8.53179	18.5567
8.53211	18.6123
8.53242	18.6678
8.53281	18.7234
8.53312	18.7789
8.53345	18.8345
8.53382	18.8901
8.53418	18.9456
8.53447	19.0012
8.53486	19.0538
8.53518	19.1064
8.53556	19.1591
8.53588	19.2117
8.53868	19.2643
8.53901	19.317
8.53974	19.3696
8.54006	19.4222
8.54042	19.4749
8.54106	19.5275
8.54131	19.5801
8.54164	19.6327
8.542	19.6854
8.54235	19.738
8.5427	19.7906
8.543	19.8433
8.54341	19.8959
8.54378	19.9485
8.54409	20.0012
8.54441	20.0512
8.5448	20.1012
8.54509	20.1512
8.54544	20.2012
8.54856	20.2512
8.54893	20.3012
8.54981	20.3512
8.54998	20.4012
8.55031	20.4512
8.55066	20.5012
8.551	20.5512
8.55136	20.6012
8.55169	20.6512
8.55207	20.7012
8.5524	20.7512
8.55274	20.8012
8.55315	20.8512
8.55342	20.9012
8.55378	20.9512
8.55413	21.0012
8.55448	21.0488
8.55482	21.0964
8.55518	10.5482
8.55549	10.6482
8.55897	10.7482
8.55931	10.8482
8.56	10.9482
8.56037	11.0482
8.56069	11.1391
8.56104	11.23
8.56139	11.3209
8.56172	11.4118
8.56209	11.5027
8.56246	11.5937
8.56279	11.6846
8.56315	11.7755
8.56349	11.8664
8.56383	11.9573
8.56419	12.0482
8.56451	12.1315
8.56491	12.2149
8.56523	12.2982
8.56555	12.3815
8.56989	12.4649
8.57011	12.5482
8.57041	12.6315
8.57077	12.7149
8.57114	12.7982
8.57149	12.8815
8.57183	12.9649
8.57251	13.0482
8.57358	13.1251
8.57524	13.202
8.57558	13.279
8.57593	13.3559
8.57831	13.4328
8.57848	13.5097
8.57881	13.5867
8.57933	13.6636
8.57984	13.7405
8.58187	13.8174
8.58293	13.8944
8.58326	13.9713
8.58431	14.0482
8.58536	14.1196
8.5857	14.1911
8.58606	14.2625
8.58669	14.3339
8.58707	14.4053
8.5874	14.4768
8.58774	14.5482
8.58811	14.6196
8.59153	14.6911
8.59254	14.7625
8.59392	14.8339
8.59428	14.9053
8.5946	14.9768
8.59534	15.0482
8.59598	15.1149
8.59667	15.1815
8.59736	15.2482
8.59804	15.3149
8.59873	15.3815
8.59978	15.4482
8.60044	15.5149
8.79659	7.75743
