segment	rtt	rttvar	srtt	rto
0	301.014	150.507	301.014	1505.07
1	301.63	143.012	301.029	1445.13
2	302.943	137.133	301.069	1398.13
3	306.557	131.648	301.183	1354.37
4	307.338	127.166	301.293	1318.62
5	308.683	122.888	301.425	1284.53
6	309.355	119.296	301.549	1255.92
7	310.13	115.836	301.683	1228.37
8	314.147	112.965	301.856	1205.57
9	314.604	110.181	302.033	1183.48
10	73.6687	113.135	299.179	1204.26
11	74.2689	115.93	296.367	1223.81
12	75.1772	118.322	293.854	1240.43
13	75.9393	120.586	291.377	1256.06
14	75.8581	122.563	289.132	1269.64
15	76.553	124.439	286.918	1282.43
16	78.9351	126.045	284.918	1293.28
17	79.1372	127.579	282.94	1303.57
18	78.5624	128.95	281.115	1312.72
19	78.6756	130.262	279.307	1321.41
20	77.4046	131.456	277.625	1329.28
21	77.9277	132.594	275.961	1336.71
22	77.9517	133.616	274.414	1343.34
23	78.6419	134.587	272.884	1349.58
24	78.4792	135.467	271.455	1355.19
25	79.3561	136.299	270.042	1360.44
26	79.5451	137.052	268.719	1365.14
27	80.0817	137.769	267.409	1369.56
28	80.2166	138.419	266.178	1373.53
29	81.9612	139.022	264.966	1377.14
30	154.631	138.663	264.276	1373.58
31	155.402	138.291	263.596	1369.92
32	155.368	137.933	262.952	1366.41
33	156.06	137.563	262.315	1362.82
34	155.253	137.217	261.707	1359.44
35	155.949	136.859	261.106	1355.98
36	157.088	136.502	260.541	1352.56
37	157.208	136.142	259.979	1349.11
38	156.728	135.799	259.441	1345.83
39	157.602	135.445	258.911	1342.47
40	157.429	135.106	258.404	1339.25
41	158.124	134.743	257.881	1335.82
42	163.828	134.319	257.392	1331.94
43	164.49	133.869	256.887	1327.84
44	164.957	133.413	256.387	1323.69
45	165.62	132.928	255.871	1319.3
46	166.037	132.439	255.361	1314.87
47	166.746	131.917	254.833	1310.17
48	167.363	131.388	254.313	1305.42
49	168.025	130.824	253.773	1300.37
50	168.683	130.252	253.242	1295.26
51	169.369	129.642	252.69	1289.83
52	169.573	129.03	252.143	1284.38
53	170.282	128.375	251.575	1278.57
54	170.215	127.722	251.01	1272.78
55	170.919	127.021	250.421	1266.59
56	170.86	126.323	249.836	1260.42
57	171.543	125.573	249.224	1253.81
58	171.639	124.823	248.618	1247.2
59	172.47	124.012	247.983	1240.08
60	172.125	123.209	247.351	1233.03
61	172.819	122.34	246.686	1225.41
62	169.318	121.537	245.995	1218.29
63	169.988	120.661	245.264	1210.56
64	170.262	119.783	244.543	1202.81
65	170.842	118.823	243.775	1194.36
66	170.895	117.866	243.016	1185.95
67	171.629	116.972	242.33	1178.11
68	170.58	116.103	241.64	1170.46
69	171.224	115.224	240.963	1162.75
70	343.97	114.989	241.953	1161.87
71	345.376	114.767	242.947	1161.08
72	346.609	114.553	243.944	1160.37
73	347.973	114.351	244.945	1159.75
74	348.796	114.149	245.943	1159.13
75	351.476	113.983	246.958	1158.82
76	352.234	113.816	247.97	1158.5
77	353.563	113.658	248.985	1158.25
78	354.136	113.494	249.996	1157.95
79	355.623	113.343	251.012	1157.75
80	356.289	113.188	252.024	1157.52
81	357.649	113.042	253.04	1157.38
82	357.142	112.87	254.041	1157
83	358.528	112.709	255.046	1156.72
84	359.745	112.555	256.052	1156.49
85	361.088	112.41	257.062	1156.35
86	361.734	112.262	258.069	1156.16
87	363.111	112.123	259.079	1156.06
88	363.606	111.977	260.084	1155.9
89	364.982	111.84	261.093	1155.82
90	351.462	111.428	261.961	1153.38
91	352.146	111.019	262.829	1150.98
92	353.551	110.629	263.701	1148.73
93	354.175	110.241	264.571	1146.5
94	356.18	109.883	265.452	1144.51
95	361.095	109.609	266.371	1143.24
98	333.213	108.787	267.014	1137.31
99	332.049	107.945	267.639	1131.2
100	331.26	107.093	268.251	1124.99
101	329.144	106.204	268.837	1118.47
102	328.559	105.31	269.411	1111.89
103	327.819	104.409	269.973	1105.24
104	327.076	103.499	270.522	1098.51
105	326.605	102.587	271.061	1091.76
106	325.753	101.666	271.587	1084.91
107	325.044	100.739	272.101	1078.01
108	324.342	99.8062	272.603	1071.05
109	323.583	98.8672	273.093	1064.03
110	323.158	97.9287	273.575	1057
111	322.827	96.9926	274.048	1049.99
112	321.876	96.0471	274.508	1042.88
113	321.337	95.1006	274.958	1035.76
114	320.504	94.1476	275.396	1028.58
115	319.815	93.1913	275.823	1021.35
116	305.149	91.9631	276.105	1011.81
117	304.695	90.7444	276.38	1002.34
118	303.811	89.5268	276.644	992.858
119	304.445	88.3398	276.911	983.629
120	304.08	87.1634	277.173	974.48
121	301.832	85.9614	277.41	965.101
122	298.257	84.7986	277.596	955.985
123	141	85.7236	276.376	962.165
124	140.946	86.6112	275.167	968.057
125	141.464	87.4521	273.973	973.59
126	141.042	88.2643	272.786	978.901
127	140.791	89.0452	271.608	983.969
128	140.468	89.7969	270.437	988.812
129	139.873	90.5249	269.271	993.47
130	139.229	91.2305	268.11	997.954
131	138.966	91.9596	266.868	1002.55
132	138.505	92.6597	265.634	1006.91
133	137.91	93.3902	264.304	1011.43
134	137.46	94.0872	262.982	1015.68
135	136.626	94.8205	261.547	1020.11
136	135.705	95.5256	260.116	1024.32
137	135.441	96.2543	258.558	1028.59
138	135.266	96.9303	257.017	1032.46
139	135.367	97.6169	255.327	1036.26
140	135.362	98.2377	253.661	1039.56
141	135.766	98.852	251.819	1042.63
142	135.618	99.3941	250.003	1045.16
143	135.617	99.9296	247.961	1047.4
144	135.922	100.362	245.96	1048.86
145	135.427	100.725	243.986	1049.79
146	136.258	100.975	242.063	1049.87
147	136.375	101.144	240.175	1049.32
148	135.007	101.287	238.297	1048.6
149	30.7764	105.081	234.592	1075.24
150	31.9324	108.566	230.973	1099.5
151	32.8294	111.766	227.434	1121.56
152	33.393	114.704	223.969	1141.6
153	34.509	117.374	220.586	1159.58
154	34.3489	119.833	217.26	1175.93
155	35.3104	122.052	214.011	1190.42
156	37.2276	124.006	210.854	1202.91
157	37.2675	125.777	207.755	1213.97
158	37.6192	127.361	204.717	1223.61
159	36.8955	128.626	202.094	1231.1
160	37.197	129.759	199.518	1237.59
161	37.9189	130.754	196.993	1243.03
162	34.0067	131.761	194.446	1248.54
163	41.1014	132.436	192.05	1251.54
164	40.7325	133.026	189.686	1253.89
165	40.3407	133.536	187.352	1255.64
166	38.6919	134.009	185.03	1257.1
167	39.543	134.367	182.756	1257.69
168	40.3888	134.617	180.532	1257.47
169	44.0355	134.676	178.399	1255.81
170	43.5105	134.683	176.291	1253.75
171	43.4179	134.626	174.215	1251.22
172	44.1558	134.483	172.183	1248.05
173	44.2956	134.277	170.185	1244.4
174	44.5854	134.006	168.222	1240.27
175	43.9447	133.702	166.281	1235.9
176	51.0063	133.126	164.479	1229.49
177	53.4915	132.434	162.745	1222.22
178	52.7978	131.732	161.027	1214.88
179	52.8796	130.995	159.337	1207.29
180	53.6803	130.203	157.687	1199.31
181	53.3709	129.394	156.057	1191.21
182	53.697	128.549	154.457	1182.85
183	52.6827	127.712	152.867	1174.57
184	52.7238	126.851	151.302	1166.11
185	52.8129	125.965	149.763	1157.48
186	52.7079	125.061	148.247	1148.74
187	52.6847	124.139	146.754	1139.87
188	52.6478	123.201	145.283	1130.89
189	53.3462	122.224	143.847	1121.64
190	53.3886	121.231	142.433	1112.28
191	35.486	120.785	140.762	1107.04
192	34.1797	120.39	139.282	1102.4
193	33.9376	119.972	137.819	1097.6
194	34.2016	119.518	136.38	1092.52
195	34.0471	119.041	134.958	1087.28
196	34.0746	118.536	133.557	1081.85
197	33.5622	118.021	132.168	1076.34
198	35.0962	117.439	130.82	1070.33
199	35.1709	116.834	129.492	1064.16
200	35.1028	116.211	128.181	1057.87
201	35.1426	115.567	126.889	1051.42
202	35.1739	114.904	125.615	1044.85
203	35.2471	114.223	124.36	1038.14
204	35.258	113.525	123.122	1031.32
205	35.1204	112.816	121.9	1024.43
206	31.0175	112.207	120.638	1018.29
207	31.9666	111.553	119.406	1011.83
208	22.7734	111.138	118.064	1007.17
209	22.9479	110.693	116.743	1002.29
210	22.9035	110.225	115.44	997.242
211	26.1343	109.644	114.199	991.352
212	44.4433	108.536	113.23	981.52
213	44.2047	107.439	112.272	971.781
214	35.4577	106.588	111.205	963.908
215	36.1598	105.712	110.163	955.857
216	36.9259	104.81	109.145	947.623
217	37.629	103.885	108.152	939.231
218	38.369	102.938	107.183	930.684
219	38.6745	101.981	106.231	922.081
220	40.9048	100.963	105.324	913.028
221	42.4338	99.9055	104.451	903.694
222	47.6609	98.7078	103.662	893.324
223	51.5254	97.4141	102.938	882.251
224	67.7934	95.6844	102.45	867.925
225	67.6043	93.9945	101.966	853.921
226	69.6462	92.2813	101.517	839.767
227	70.3749	90.5829	101.084	825.748
228	70.6361	88.9125	100.661	811.962
229	66.1785	87.5518	100.23	800.645
230	65.425	86.2331	99.7953	789.66
231	64.2622	84.9656	99.3511	779.076
232	64.1542	83.7214	98.9112	768.682
233	64.3456	82.4925	98.4791	758.419
234	64.1875	81.2875	98.0504	748.35
235	64.0943	80.1042	97.626	738.46
236	63.7683	78.948	97.2028	728.787
237	64.3938	77.7946	96.7927	719.149
238	66.4875	76.6073	96.4138	709.273
239	61.1035	75.5749	95.9725	700.572
240	64.8694	74.4631	95.5837	691.289
241	50.9001	73.7186	95.0251	684.774
242	55.0434	72.8752	94.5254	677.527
243	54.3211	72.0584	94.0228	670.49
244	54.3785	71.2481	93.5273	663.512
245	51.5371	70.5166	93.0024	657.135
246	52.9097	69.756	92.5012	650.549
247	43.9473	69.226	91.8943	645.702
248	43.9376	68.6942	91.2948	640.849
249	44.4041	68.1492	90.7087	635.902
250	45.0784	67.5862	90.1383	630.828
251	44.337	67.0416	89.5658	625.898
252	45.3076	66.472	89.0126	620.788
253	44.6069	65.9203	88.4575	615.82
254	45.8421	65.3377	87.9248	610.626
255	44.0159	64.802	87.3759	605.792
256	41.9597	64.3173	86.8082	601.347
257	43.874	63.7828	86.2716	596.534
258	40.6972	63.3275	85.7019	592.322
259	39.3231	62.9038	85.1222	588.353
260	38.3619	62.5002	84.5376	584.54
261	38.5885	62.0865	83.9633	580.655
262	38.8298	61.6626	83.3991	576.7
263	38.9741	61.2317	82.8438	572.697
264	39.1728	60.7927	82.2979	568.639
265	41.409	60.2951	81.7868	564.147
266	43.2644	59.7508	81.3053	559.311
267	46.7154	59.1217	80.8729	553.847
268	47.2222	58.485	80.4523	548.332
269	47.516	57.8462	80.0406	542.81
270	49.2138	57.2322	79.6903	537.548
271	50.2602	56.6003	79.3558	532.158
272	55.4451	55.8573	79.0841	525.943
273	62.7172	54.9598	78.8981	518.577
274	71.2551	53.8845	78.8113	509.887
275	76.0408	52.7228	78.7798	500.562
96	888.972	69.938	87.9865	647.49
276	83.622	68.4477	87.9369	635.518
277	106.888	67.3228	88.1523	626.734
278	113.193	66.3618	88.4368	619.331
279	120.432	65.5807	88.8004	613.446
280	122.321	64.8521	89.1813	607.998
281	123.466	64.1574	89.5709	602.83
282	124.021	63.4822	89.9624	597.82
283	124.579	62.8262	90.3558	592.965
284	129.78	62.2943	90.8038	589.158
285	129.393	61.7556	91.2423	585.287
286	131.981	61.2779	91.7052	581.929
287	130.759	60.7728	92.149	578.332
288	130.519	60.2637	92.585	574.694
289	132.567	59.8027	93.0394	571.461
290	135.569	59.4101	93.5227	568.804
291	136.342	59.0331	94.0093	566.274
97	996.592	78.2047	104.266	729.903
292	140.195	77.2439	104.674	722.625
293	137.242	76.2285	105.044	714.872
294	139.971	75.2898	105.441	707.76
295	135.149	74.2539	105.779	699.81
296	134.497	73.219	106.105	691.857
297	128.532	72.0646	106.36	682.877
298	110.812	70.5279	106.411	670.634
299	113.599	69.0884	106.492	659.199
300	105.233	67.5468	106.478	646.853
301	103.266	66.0847	106.441	635.119
302	110.722	64.68	106.49	623.93
303	110.678	63.3052	106.538	612.979
304	112.652	62.0054	106.607	602.651
305	109.325	60.658	106.638	591.902
306	109.209	59.3378	106.667	581.37
307	105.294	58.0205	106.652	570.815
308	110.779	56.7956	106.699	561.063
309	111.597	55.6161	106.754	551.683
310	114.226	54.522	106.839	543.015
311	112.119	53.4028	106.899	534.122
312	116.25	52.4016	107.005	526.218
313	117.708	51.5329	107.117	519.38
314	112.732	50.5763	107.175	511.786
315	113.626	49.657	107.243	504.498
316	110.064	48.6813	107.272	496.722
317	103.957	47.7361	107.237	489.126
318	105.255	46.7829	107.217	481.48
319	105.961	45.8344	107.204	473.879
320	107.314	44.8819	107.205	466.26
321	112.931	44.0661	107.264	459.793
322	110.028	43.2056	107.293	452.938
323	111.448	42.3921	107.336	446.473
324	113.557	41.6385	107.401	440.509
325	114.349	40.9158	107.474	434.8
326	115.712	40.1731	107.567	428.952
327	116.916	39.4726	107.674	423.454
328	115.452	38.6802	107.771	417.212
329	114.815	37.8893	107.859	410.973
330	116.838	37.0863	107.984	404.674
331	114.854	36.2469	108.079	398.054
332	113.909	35.2964	108.17	390.541
333	111.345	34.2926	108.22	382.56
334	109.373	33.1091	108.24	373.113
335	107.427	31.9556	108.226	363.871
336	107.918	30.637	108.219	353.315
337	105.835	29.4598	108.17	343.848
338	104.203	28.3976	108.087	335.268
339	101.75	27.4784	107.955	327.782
340	99.6872	26.6779	107.783	321.206
341	94.9124	26.1026	107.515	316.336
342	94.9895	25.5369	107.254	311.549
343	94.971	24.9846	106.998	306.875
344	94.221	24.476	106.732	302.539
345	93.5242	24.0064	106.456	298.508
346	93.6315	23.5405	106.189	294.514
347	97.5814	22.9184	106.01	289.357
348	96.0052	22.4571	105.831	285.488
349	78.5438	22.6297	105.344	286.381
350	78.0146	22.7975	104.856	287.236
351	77.4898	22.9607	104.367	288.053
352	77.8975	23.086	103.895	288.583
353	77.9632	23.1876	103.432	288.932
354	76.8656	23.3083	102.957	289.423
355	73.8696	23.5147	102.438	290.555
356	71.6767	23.7735	101.888	292.076
357	70.3226	24.0518	101.325	293.739
358	64.7912	24.4975	100.672	296.653
359	66.9641	24.8265	100.07	298.682
360	67.0034	25.1208	99.4799	300.446
361	67.5745	25.3631	98.9102	301.815
362	68.3019	25.5504	98.3636	302.767
363	61.4379	25.9567	97.7042	305.358
364	59.2552	26.4028	97.0176	308.24
365	59.2822	26.8076	96.3438	310.804
366	59.1888	27.1771	95.6803	313.097
367	59.4163	27.5017	95.0327	315.046
368	59.4043	27.7919	94.3965	316.732
369	59.0566	28.0615	93.7654	318.257
370	59.35	28.2884	93.1509	319.458
371	59.3434	28.4855	92.5472	320.431
372	49.9446	28.9897	91.7864	323.704
373	41.9048	29.7358	90.8957	328.782
374	35.0805	30.6672	89.899	335.237
375	35.2077	31.5252	88.9223	341.124
376	35.9329	32.2918	87.9761	346.311
377	38.6978	32.8226	87.2061	349.787
378	41.3824	33.2289	86.4901	352.322
379	41.3358	33.6016	85.7846	354.597
380	41.3486	33.9402	85.0903	356.612
381	42.1736	34.2207	84.4197	358.185
382	42.6084	34.4579	83.7664	359.43
383	43.2267	34.6479	83.133	360.317
384	43.2289	34.8122	82.5095	361.007
385	42.7087	34.9681	81.8876	361.632
386	42.7641	35.0979	81.2763	362.06
387	42.7604	35.2048	80.6745	362.313
388	41.4577	35.348	79.9742	362.759
389	40.7759	35.4855	79.2742	363.159
390	40.7399	35.6126	78.4714	363.372
391	40.6859	35.7031	77.6842	363.309
392	41.428	35.7308	76.7778	362.624
393	36.6378	35.9512	75.7743	363.384
394	36.5509	36.1557	74.5486	363.794
395	36.3367	36.2842	73.3544	363.628
396	36.7318	36.3054	72.21	362.653
397	36.0029	36.2993	71.0785	361.473
398	35.2496	36.2699	69.9589	360.118
399	34.2357	36.2357	68.8425	358.728
400	35.2358	36.0714	67.7923	356.363
401	35.2516	35.8507	66.7754	353.581
402	35.5148	35.5638	65.7985	350.309
403	11.5722	36.497	64.4428	356.418
404	11.2715	37.3307	63.1136	361.759
405	10.4502	38.0973	61.797	366.575
406	10.1927	38.7727	60.5069	370.688
407	10.0139	39.3587	59.2445	374.114
408	9.86631	39.8597	58.0101	376.887
409	9.11771	40.3113	56.7878	379.278
410	9.42903	40.6637	55.6038	380.913
411	9.22961	40.9492	54.4445	382.038
412	10.2732	41.1103	53.3402	382.223
413	23.3155	40.556	52.5896	377.038
414	23.7888	39.9682	51.8695	371.616
415	24.2172	39.3525	51.1782	365.998
416	24.5764	38.7149	50.5132	360.233
417	24.7056	38.0696	49.868	354.424
418	25.0103	37.409	49.2465	348.518
419	25.2357	36.7391	48.6463	342.559
420	25.2768	36.0706	48.062	336.627
421	25.1971	35.4103	47.4904	330.773
422	25.5782	34.7354	46.9426	324.826
423	26.2766	34.0319	46.426	318.681
424	17.7654	33.8081	45.8289	316.294
425	17.9292	33.5619	45.2476	313.743
426	18.1043	33.2945	44.6821	311.038
427	17.8736	33.0242	44.1236	308.317
428	17.8891	32.7413	43.5771	305.508
429	17.7499	32.4532	43.039	302.665
430	17.8448	32.1508	42.5141	299.72
431	17.9372	31.8352	42.0021	296.684
432	17.8757	31.514	41.4995	293.611
433	17.8076	31.1881	41.0059	290.51
434	19.0461	30.8036	40.5484	286.977
435	19.667	30.3901	40.1134	283.234
436	26.2706	29.7007	39.825	277.43
437	26.1576	29.0326	39.5402	271.801
438	25.9515	28.3891	39.2571	266.37
439	26.8059	27.725	38.9977	260.798
440	26.8547	27.0758	38.7448	255.351
441	27.6173	26.4113	38.5129	249.803
442	27.8081	25.7568	38.2899	244.345
443	27.5088	25.1328	38.0653	239.128
444	27.5424	24.5241	37.8461	234.039
445	27.6978	23.9251	37.6347	229.035
446	26.5413	23.3904	37.4035	224.527
447	27.196	22.8412	37.1909	219.92
448	27.7872	22.2813	36.995	215.245
449	29.6581	21.7475	36.864	210.844
450	29.7024	21.2266	36.7361	206.549
451	29.7156	20.7192	36.6107	202.365
452	29.7563	20.2241	36.4883	200
453	29.7643	19.7419	36.3682	200
454	29.7334	19.2738	36.2498	200
455	29.4449	18.8285	36.1282	200
456	30.3773	18.3614	36.0255	200
457	30.4093	17.9062	35.9253	200
458	31.8287	17.413	35.8521	200
459	31.523	16.9458	35.7748	200
460	31.6183	16.489	35.7006	200
461	31.703	16.0429	35.6292	200
462	32.4267	15.5843	35.572	200
463	34.6235	15.0616	35.5551	200
464	34.6745	14.5551	35.5393	200
465	35.5869	14.037	35.5402	200
466	34.5889	13.5696	35.5232	200
467	34.6013	13.1179	35.5067	200
468	34.7166	12.6777	35.4926	200
469	34.681	12.2539	35.4781	200
470	33.8744	11.8735	35.4495	200
471	34.0008	11.5012	35.4236	200
472	32.4311	11.1973	35.3702	200
473	33.0107	10.8817	35.328	200
474	33.3624	10.5632	35.2929	200
475	34.0592	10.23	35.2709	200
476	34.1698	9.90401	35.2513	200
477	34.6964	9.57011	35.2413	200
478	41.0491	9.45254	35.3321	200
479	40.7104	9.32522	35.4161	200
480	39.795	9.17064	35.4845	200
481	40.0678	9.02728	35.5562	200
482	40.0586	8.88588	35.6265	200
483	39.2803	8.72238	35.6836	200
484	39.3547	8.56453	35.741	200
485	39.3951	8.41108	35.7981	200
486	39.3224	8.25837	35.8531	200
487	38.668	8.08826	35.8971	200
488	38.4994	7.91682	35.9378	200
489	38.6683	7.75475	35.9804	200
490	37.9797	7.57489	36.0117	200
491	38.0214	7.40098	36.0431	200
492	37.9739	7.23003	36.0732	200
493	38.81	7.08962	36.116	200
494	32.1349	6.99248	36.0538	200
495	32.5522	6.88339	35.9991	200
496	35.1792	6.6939	35.9863	200
497	35.2447	6.50789	35.9747	200
498	35.3566	6.32383	35.965	200
499	35.8873	6.12864	35.9638	200
500	35.9487	5.93759	35.9636	200
501	35.9043	5.7539	35.9626	200
502	36.5753	5.59323	35.9722	200
503	38.2311	5.48903	36.0075	200
504	39.1222	5.41484	36.0562	200
505	41.3922	5.41237	36.1395	200
506	41.4068	5.40784	36.2218	200
507	41.2272	5.39526	36.3001	200
508	41.4051	5.38619	36.3798	200
509	42.1178	5.39718	36.4695	200
510	41.9556	5.39965	36.5457	200
511	31.9499	5.37732	36.4818	200
512	32.1396	5.34856	36.4215	200
513	30.5451	5.36323	36.3399	200
514	30.638	5.37263	36.2607	200
515	30.6018	5.38059	36.1821	200
516	30.4578	5.39013	36.1026	200
517	30.4347	5.39785	36.0239	200
518	31.2235	5.38125	35.9572	200
519	30.5194	5.38282	35.8817	200
520	29.0365	5.42344	35.7866	200
521	28.5644	5.47341	35.6863	200
522	28.6155	5.51778	35.5881	200
523	28.3895	5.56447	35.4881	200
524	29.2202	5.58401	35.4011	200
525	29.0638	5.60493	35.3131	200
526	29.0922	5.62204	35.2267	200
527	29.9032	5.61375	35.1527	200
528	29.9432	5.60252	35.0804	200
529	35.7716	5.46609	35.09	200
530	37.9424	5.39349	35.1296	200
531	37.8083	5.31808	35.1668	200
532	37.3887	5.23207	35.1976	200
533	37.3095	5.1454	35.227	200
534	37.436	5.06383	35.2577	200
535	37.7371	4.99204	35.2921	200
536	36.7103	4.89277	35.3118	200
537	36.6814	4.7949	35.3308	200
538	36.5431	4.69538	35.3476	200
539	36.659	4.60138	35.3659	200
540	34.5018	4.49757	35.3539	200
541	34.6837	4.39125	35.3446	200
542	33.8687	4.31027	35.3241	200
543	34.024	4.22665	35.306	200
544	34.1984	4.14001	35.2906	200
545	33.8779	4.06425	35.271	200
546	34.509	3.97252	35.2604	200
547	34.5252	3.89159	35.2512	200
548	24.29	4.06833	35.1142	200
549	23.5534	4.25564	34.9697	200
550	25.1666	4.39433	34.8472	200
551	24.8689	4.53392	34.7224	200
552	24.5336	4.6753	34.5951	200
553	23.69	4.83104	34.4587	200
554	23.2908	4.98946	34.3191	200
555	23.5666	5.13354	34.1847	200
556	23.734	5.26647	34.0541	200
557	23.5656	5.39702	33.923	200
558	22.9765	5.53576	33.7862	200
559	24.2324	5.63621	33.6667	200
560	24.1883	5.73226	33.5483	200
561	24.1865	5.823	33.4312	200
562	24.9145	5.89034	33.3248	200
563	24.7077	5.95851	33.2171	200
564	24.9262	6.01682	33.1134	200
565	25.6535	6.0529	33.0202	200
566	26.3687	6.06786	32.937	200
567	26.3245	6.08148	32.8544	200
568	26.1875	6.09611	32.771	200
569	24.3678	6.15379	32.666	200
570	25.0584	6.19013	32.5709	200
571	25.7456	6.20601	32.4856	200
572	26.0825	6.21094	32.4056	200
573	26.38	6.20631	32.3302	200
574	26.5087	6.19669	32.2575	200
575	26.3052	6.19058	32.1831	200
576	26.2819	6.18334	32.1093	200
577	26.9694	6.15725	32.045	200
578	26.8497	6.13054	31.9729	200
579	27.6412	6.08057	31.9127	200
580	28.5747	5.99486	31.8606	200
581	29.0915	5.89405	31.8173	200
582	30.6257	5.72611	31.796	200
583	31.0365	5.54873	31.7825	200
584	32.1406	5.33246	31.7899	200
585	32.113	5.12373	31.7966	200
586	31.9172	4.87357	31.7997	200
587	32.6953	4.67468	31.8221	200
588	33.1789	4.50879	31.856	200
589	28.0873	4.47178	31.7618	200
590	28.017	4.43543	31.6681	200
591	26.9399	4.44763	31.5696	200
592	26.7477	4.46323	31.4692	200
593	27.0023	4.46338	31.3761	200
594	26.9921	4.46007	31.2848	200
595	26.7257	4.4642	31.1898	200
596	27.8365	4.41791	31.1199	200
597	15.3246	4.89197	30.7909	200
598	15.1535	5.33969	30.4651	200
599	16.6985	5.69082	30.1783	200
600	20.58	5.85363	29.9783	200
601	20.7064	5.99605	29.7852	200
602	21.3357	6.09828	29.6091	200
603	22.8055	6.12767	29.4674	200
604	22.8471	6.14819	29.3295	200
605	22.5958	6.17259	29.1892	200
606	22.714	6.18519	29.0543	200
607	25.1262	6.09114	28.9724	200
608	24.7503	6.01326	28.8845	200
609	23.1589	6.00128	28.7652	200
610	23.2858	5.97953	28.651	200
611	21.5333	6.02695	28.5028	200
612	17.1338	6.24954	28.2659	200
613	17.1399	6.45272	28.0341	200
614	17.2589	6.63283	27.8096	200
615	17.9016	6.76929	27.6032	200
616	15.0224	6.97684	27.3785	200
617	15.0583	7.16768	27.1585	200
618	15.066	7.34356	26.9426	200
619	15.9987	7.47215	26.7472	200
620	15.1355	7.61998	26.5398	200
621	19.9107	7.5846	26.4214	200
622	17.1829	7.64366	26.2565	200
623	16.6394	7.71414	26.0847	200
624	16.4678	7.7821	25.913	200
625	16.7227	7.83239	25.7489	200
626	16.7245	7.87496	25.5877	200
627	16.6723	7.91212	25.4285	200
628	16.7115	7.94087	25.2729	200
629	17.3686	7.93956	25.1317	200
630	16.901	7.94996	24.9848	200
631	35.424	8.03886	25.1712	200
632	37.6017	8.19571	25.3931	200
633	38.3745	8.36662	25.6249	200
634	36.974	8.47314	25.8276	200
635	31.411	8.36994	25.9273	200
636	38.3591	8.515	26.1493	200
637	38.3552	8.64682	26.3673	200
638	39.153	8.79464	26.5956	200
639	40.3618	8.97219	26.8414	200
640	41.7498	9.1842	27.1076	200
641	42.3704	9.40129	27.3802	200
642	45.2972	9.70542	27.7001	200
643	45.2723	9.98638	28.0139	200
644	45.9126	10.269	28.3335	200
645	45.7542	10.4924	28.6057	200
646	40.6981	10.5424	28.7947	200
647	46.2348	10.758	29.0672	200
648	46.7536	10.9745	29.3435	200
649	46.5333	11.1687	29.6121	200
650	46.7548	11.3554	29.88	200
651	41.0374	11.3492	30.0543	200
652	41.3904	11.3488	30.2314	200
653	40.5393	11.3163	30.3925	200
654	39.3265	11.2419	30.5321	200
655	38.6456	11.1441	30.6589	200
656	38.541	11.0422	30.782	200
657	36.4329	10.8737	30.8703	200
658	38.1977	10.7629	30.9848	200
659	39.4388	10.6907	31.1169	200
660	40.8022	10.6593	31.2682	200
661	40.8606	10.6259	31.4181	200
662	38.733	10.5225	31.5324	200
663	30.8824	10.214	31.5222	200
664	28.7791	9.98049	31.4794	200
665	31.2105	9.677	31.4752	200
666	31.9148	9.38833	31.482	200
667	36.5906	9.25459	31.5619	200
668	37.9916	9.16631	31.6623	200
669	37.9967	9.07781	31.7613	200
670	38.7395	9.0122	31.8703	200
671	38.6623	8.94282	31.9765	200
672	38.7414	8.87476	32.0822	200
673	38.85	8.80892	32.1879	200
674	37.6912	8.70561	32.2739	200
675	37.155	8.5861	32.3502	200
676	42.6831	8.64068	32.5116	200
677	44.0678	8.73179	32.6922	200
678	45.1871	8.83633	32.8657	200
679	43.8083	8.89483	33.0177	200
680	45.2916	8.98869	33.1882	200
681	45.0558	9.06866	33.353	200
682	43.8437	9.10816	33.4987	200
683	46.5129	9.21666	33.6795	200
684	51.7282	9.462	33.9301	200
685	50.3834	9.6562	34.1587	200
686	50.4687	9.84103	34.3852	200
687	50.6362	10.0191	34.6109	200
688	50.7044	10.1878	34.8344	200
689	50.4975	10.3399	35.052	200
690	49.7173	10.4601	35.2556	200
691	49.8366	10.5745	35.4581	200
692	50.0848	10.6871	35.6613	200
693	44.357	10.6318	35.7821	200
694	44.3532	10.5745	35.9011	200
695	45.721	10.5536	36.0375	200
696	48.0126	10.593	36.2038	200
697	48.2025	10.6321	36.3705	200
698	47.9641	10.6588	36.5315	200
699	48.812	10.7039	36.702	200
700	50.0093	10.7762	36.8869	200
701	46.7173	10.7499	37.0234	200
702	49.3658	10.7941	37.1948	200
703	49.3915	10.8331	37.3642	200
704	49.9733	10.8824	37.5394	200
705	50.0484	10.9276	37.7131	200
706	51.8766	11.0175	37.9098	200
707	51.3607	11.0851	38.0966	200
708	52.0065	11.1636	38.2898	200
709	51.397	11.2175	38.4719	200
710	50.6452	11.2441	38.6409	200
711	50.0241	11.248	38.799	200
712	49.2793	11.2266	38.9446	200
713	48.6086	11.1832	39.0788	200
714	49.4148	11.1597	39.2224	200
715	45.8291	11.0459	39.3049	200
716	46.8127	10.9574	39.3988	200
717	46.1135	10.8513	39.4827	200
718	46.0455	10.7441	39.5648	200
719	45.2954	10.6188	39.6364	200
720	45.2217	10.493	39.7062	200
721	33.7308	10.38	39.6315	200
722	33.8303	10.2655	39.559	200
723	33.076	10.171	39.478	200
724	32.8769	10.0817	39.3954	200
725	31.0215	10.039	39.2908	200
726	31.6997	9.97783	39.1959	200
727	34.4892	9.84606	39.1371	200
728	43.3321	9.70478	39.1895	200
729	45.2279	9.61312	39.265	200
730	45.3604	9.52518	39.3412	200
731	46.0765	9.45543	39.4254	200
732	46.2896	9.39065	39.5112	200
733	45.8689	9.31483	39.5906	200
734	46.6565	9.2586	39.6789	200
735	46.7124	9.20297	39.7669	200
736	54.1476	9.33242	39.9466	200
737	53.7224	9.4435	40.1188	200
738	55.1553	9.58332	40.3068	200
739	55.1605	9.71508	40.4924	200
740	57.1734	9.88923	40.701	200
741	67.5987	10.3144	41.0372	200
742	68.5427	10.7442	41.381	200
743	69.7033	11.1837	41.735	200
744	69.0174	11.5861	42.0761	200
745	70.6945	12.0119	42.4338	200
746	70.4644	12.4124	42.7842	200
747	71.1124	12.8103	43.1383	200
748	62.8486	12.9828	43.3846	200
749	60.7828	13.0932	43.6021	200
750	60.7657	13.1949	43.8167	200
751	60.1134	13.2725	44.0204	200
752	59.9329	13.3385	44.2193	200
753	60.4139	13.4099	44.4217	200
754	60.473	13.4759	44.6224	200
755	60.9221	13.5465	44.8261	200
756	61.0494	13.6074	45.0105	200
757	69.1563	13.8469	45.2848	200
758	69.053	14.0724	45.5549	200
759	66.9703	14.2392	45.7983	200
760	65.7687	14.3695	46.0252	200
761	63.5818	14.4419	46.2247	200
762	61.1077	14.452	46.3939	200
763	60.3861	14.4415	46.5529	200
764	60.1276	14.4218	46.7071	200
765	61.4176	14.4284	46.8743	200
766	63.1424	14.4702	47.0591	200
767	64.7952	14.5444	47.2607	200
768	67.5093	14.674	47.4908	200
769	72.1119	14.9001	47.7706	200
770	72.0592	15.1135	48.0466	200
771	73.1288	15.34	48.3316	200
772	73.8549	15.5715	48.6216	200
773	74.5696	15.8073	48.9165	200
774	75.0106	16.0411	49.213	200
775	76.8806	16.3053	49.5274	200
776	77.832	16.578	49.8491	200
777	80.5254	16.8985	50.1977	200
778	81.9234	17.2354	50.5582	200
779	63.4778	17.1374	50.705	200
780	63.7557	17.0445	50.8533	200
781	64.2452	16.9615	51.0055	200
782	66.3789	16.9254	51.1802	200
783	68.4298	16.9327	51.3762	200
784	68.7036	16.9417	51.5731	200
785	68.3381	16.9377	51.7636	200
786	67.8768	16.919	51.9467	200
787	66.9646	16.8757	52.1174	200
788	62.8129	16.7353	52.2389	200
789	61.3691	16.5624	52.3427	200
790	55.9388	16.2678	52.3835	200
791	54.8631	15.9544	52.4117	200
792	56.3491	15.6813	52.4565	200
793	55.9308	15.4038	52.4959	200
794	55.1381	15.1138	52.526	200
795	54.3884	14.8126	52.5471	200
796	53.8633	14.5059	52.5621	200
797	52.4769	14.1782	52.5611	200
798	51.7209	13.875	52.5516	200
799	49.8709	13.6206	52.5211	200
800	50.6382	13.3538	52.4997	200
801	49.0272	13.148	52.4635	200
802	44.8657	13.0323	52.3844	200
803	44.8913	12.9169	52.3063	200
804	44.8312	12.8036	52.2285	200
805	46.7628	12.6507	52.1715	200
806	47.1196	12.4924	52.1189	200
807	43.3201	12.4154	52.0272	200
808	46.3478	12.2751	51.9681	200
809	46.7012	12.1291	51.9132	200
810	49.0716	11.9356	51.8836	200
811	49.8219	11.7299	51.8621	200
812	50.5419	11.513	51.8484	200
813	49.6868	11.3182	51.8259	200
814	46.9549	11.1717	51.7705	200
815	45.4804	11.0607	51.699	200
816	45.1154	10.9488	51.6167	200
817	45.061	10.839	51.5348	200
818	44.9601	10.7205	51.4435	200
819	44.7871	10.6076	51.351	200
820	44.2479	10.4981	51.24	200
821	44.2875	10.3873	51.1314	200
822	44.1763	10.2647	51.0072	200
823	44.0293	10.1474	50.8826	200
824	44.7722	9.97915	50.7553	200
825	45.1677	9.79617	50.6389	200
826	47.9817	9.49871	50.5835	200
827	52.4769	9.18182	50.623	200
828	54.0983	8.94405	50.6954	200
829	50.6144	8.57476	50.6937	200
830	53.0085	8.31392	50.7419	200
831	50.3013	7.98587	50.7327	200
832	48.3463	7.75256	50.683	200
833	47.5761	7.55899	50.6183	200
834	48.3305	7.33936	50.5706	200
835	49.0394	7.09735	50.5387	200
836	47.6251	6.94793	50.4867	200
837	39.6227	7.08779	50.2927	200
838	41.3466	7.15416	50.1329	200
839	36.7383	7.37704	49.8938	200
840	31.8045	7.75962	49.5707	200
841	31.0068	8.14549	49.2392	200
842	30.4103	8.52704	48.903	200
843	25.4688	9.05944	48.4845	200
844	21.8629	9.68666	48.0091	200
845	26.2303	10.1185	47.6202	200
846	25.9945	10.5295	47.2341	200
847	22.158	11.049	46.7863	200
848	21.1811	11.5689	46.329	200
849	21.7953	12.0319	45.8909	200
850	35.2558	11.982	45.701	200
851	36.431	11.8852	45.5355	200
852	35.776	11.8092	45.3612	200
853	34.1581	11.7876	45.1612	200
854	35.9434	11.6958	44.9965	200
855	35.0752	11.6324	44.8194	200
856	35.6699	11.5438	44.656	200
857	42.8709	11.1952	44.6241	200
858	43.0588	10.8513	44.5962	200
859	39.691	10.6389	44.5086	200
860	39.9358	10.4223	44.4269	200
861	39.6918	10.2192	44.3424	200
862	38.9051	10.0484	44.2453	200
863	38.3742	9.89921	44.1404	200
864	39.6908	9.70458	44.061	200
865	28.4176	9.89017	43.8165	200
866	27.1933	10.1006	43.5568	200
867	26.3417	10.3229	43.2878	200
868	28.4357	10.4644	43.0558	200
869	28.9161	10.5793	42.8348	200
870	33.2573	10.548	42.6852	200
871	32.5387	10.5354	42.5266	200
872	28.4115	10.6473	42.3061	200
873	28.7482	10.7383	42.0942	200
874	28.7941	10.8183	41.8864	200
875	30.371	10.8401	41.7065	200
876	32.898	10.7766	41.5689	200
877	34.4845	10.6612	41.4582	200
878	47.0891	10.504	41.5462	200
879	58.2377	10.6974	41.807	200
880	59.5716	10.9182	42.0845	200
881	58.2963	11.0837	42.3378	200
882	57.8913	11.2233	42.5809	200
883	57.4395	11.3369	42.813	200
884	56.0492	11.3963	43.0198	200
885	55.3652	11.426	43.2127	200
886	50.6791	11.3022	43.3294	200
887	51.2027	11.1951	43.4524	200
888	48.468	11.002	43.5308	200
889	47.7095	10.7887	43.5961	200
890	45.6375	10.5154	43.628	200
891	45.7482	10.253	43.6611	200
892	47.5071	10.0528	43.7212	200
893	48.4799	9.88736	43.7955	200
894	40.1311	9.69289	43.7383	200
895	38.6423	9.54924	43.6587	200
896	39.4166	9.38339	43.5924	200
897	43.5022	9.09298	43.591	200
898	42.6149	8.86751	43.5774	200
899	42.799	8.64281	43.5666	200
900	50.4858	8.59493	43.6627	200
901	49.8457	8.52793	43.7486	200
902	48.6953	8.42845	43.8173	200
903	48.4184	8.32214	43.8812	200
904	47.9032	8.20269	43.937	200
905	47.801	8.08217	43.9907	200
906	48.2946	7.97722	44.0505	200
907	47.7951	7.85965	44.1025	200
908	47.6527	7.73994	44.1518	200
909	45.298	7.55678	44.1677	200
910	44.4176	7.35381	44.1712	200
911	42.8488	7.18627	44.1528	200
912	35.3276	7.23179	44.0303	200
913	41.467	7.10211	43.9947	200
914	47.66	7.00664	44.0456	200
915	49.1156	6.95285	44.116	200
916	49.0686	6.89729	44.1848	200
917	49.7649	6.8607	44.2623	200
918	44.3186	6.67169	44.263	200
919	44.2691	6.48653	44.2631	200
920	45.6104	6.34377	44.2818	200
921	45.5134	6.20177	44.2989	200
922	46.1846	6.08188	44.3251	200
923	47.0264	5.98797	44.3627	200
924	47.3381	5.90429	44.404	200
925	51.3402	5.93295	44.5003	200
926	49.8981	5.91808	44.5753	200
927	48.6528	5.86696	44.6319	200
928	47.2961	5.77799	44.6689	200
929	44.6684	5.6175	44.6689	200
930	42.3265	5.52653	44.6364	200
931	36.6896	5.59375	44.526	200
932	27.7792	5.90356	44.2934	200
933	28.4741	6.179	44.0737	200
934	30.6958	6.37897	43.8879	200
935	32.594	6.50184	43.7467	200
936	35.5557	6.54407	43.6443	200
937	37.3058	6.53893	43.5651	200
938	38.6834	6.4975	43.5041	200
939	38.5567	6.45444	43.4354	200
940	41.0084	6.34256	43.4017	200
941	45.5916	6.2128	43.4359	200
942	44.8235	6.06201	43.4576	200
943	45.4064	5.91511	43.4924	200
944	43.8382	5.71621	43.4985	200
945	44.713	5.52864	43.5238	200
946	45.263	5.37074	43.5601	200
947	45.8671	5.21755	43.6177	200
948	46.8142	5.1165	43.6976	200
949	48.5077	5.10117	43.8179	200
950	47.7813	5.04429	43.917	200
951	48.4957	5.02101	44.0314	200
952	51.1949	5.12813	44.2105	200
953	55.1365	5.41802	44.4837	200
954	62.0616	6.02602	44.9231	200
955	63.5796	6.65754	45.3895	200
956	61.5529	7.13283	45.7936	200
957	57.9981	7.38641	46.0987	200
958	40.596	7.29223	45.9612	200
959	41.0921	7.17107	45.8394	200
960	43.3715	6.97511	45.788	200
961	42.0558	6.83999	45.7103	200
962	40.7733	6.76069	45.6074	200
963	36.606	6.85405	45.4199	200
964	31.1066	7.16486	45.1217	200
965	24.9241	7.70789	44.7009	200
966	21.5356	8.35195	44.2183	200
967	18.7793	9.06391	43.6883	200
968	18.3793	9.74079	43.161	200
969	12.6944	10.6044	42.5263	200
970	12.6108	11.409	41.9031	200
971	12.7263	12.1493	41.2952	200
972	25.5835	12.2978	40.9679	200
973	26.2943	12.3967	40.6622	200
974	27.1406	12.4436	40.3805	200
975	28.494	12.4204	40.1329	200
976	29.0038	12.3666	39.901	200
977	35.8108	12.0217	39.8158	200
978	37.2394	11.6282	39.7621	200
979	38.4042	11.2003	39.7338	200
980	38.3448	10.7915	39.7049	200
981	41.8836	10.3608	39.7594	200
982	42.7972	9.99467	39.8353	200
983	43.3383	9.58894	39.9448	200
984	44.0729	9.24764	40.0738	200
985	28.975	9.4019	39.6113	200
986	29.6844	9.44565	39.1977	200
987	28.7151	9.53206	38.7609	200
988	27.4533	9.68002	38.2898	200
989	26.9603	9.78311	37.9357	200
990	21.4758	10.2004	37.4214	200
991	20.1742	10.6408	36.8824	200
992	17.9508	11.159	36.2908	200
993	16.6959	11.6862	35.6784	200
994	16.6652	12.1442	35.0843	200
995	16.6797	12.5355	34.5091	200
996	17.9634	12.7861	33.9921	200
997	17.9673	12.9885	33.4913	200
998	22.0981	12.8888	33.1353	200
999	25.6079	12.5537	32.9	200
1000	24.9843	12.2638	32.6527	200
1001	24.3917	12.0137	32.3945	200
1002	23.8988	11.7938	32.129	200
1003	23.4659	11.5981	31.8583	200
1004	23.7723	11.3786	31.6056	200
1005	22.9411	11.2429	31.389	200
1006	22.4801	11.1262	31.1663	200
1007	16.5239	11.302	30.8002	200
1008	13.1245	11.6207	30.3583	200
1009	17.2412	11.6955	30.0304	200
1010	17.8105	11.7217	29.7249	200
1011	18.4296	11.7004	29.4425	200
1012	22.8553	11.4448	29.2778	200
1013	23.2529	11.1738	29.1272	200
1014	23.9742	10.8727	28.9984	200
1015	29.572	10.3578	29.0127	200
1016	30.0335	9.89092	29.0382	200
1017	31.1547	9.5022	29.0911	200
1018	37.978	9.47143	29.3133	200
1019	34.8992	9.27715	29.453	200
1020	34.4261	9.06195	29.5773	200
1021	34.0136	8.83067	29.6882	200
1022	29.6518	8.39095	29.6873	200
1023	33.5373	8.16391	29.7835	200
1024	32.9592	7.9145	29.8629	200
1025	33.1752	7.68438	29.9457	200
1026	27.7665	7.455	29.9003	200
1027	28.9735	7.183	29.881	200
1028	29.1731	6.9132	29.8663	200
1029	22.9875	6.91176	29.723	200
1030	16.4181	7.17814	29.4458	200
1031	16.7736	7.40706	29.1818	200
1032	17.7818	7.57343	28.9443	200
1033	17.9699	7.71514	28.7156	200
1034	26.617	7.48111	28.6719	200
1035	28.1377	7.19166	28.6608	200
1036	35.5813	7.18036	28.805	200
1037	35.8119	7.17314	28.951	200
1038	35.8325	7.15856	29.123	200
1039	39.5124	7.3201	29.3827	200
1040	38.1453	7.41026	29.6566	200
1041	37.2292	7.42041	29.8932	200
1042	34.6099	7.19509	30.0897	200
1043	34.77	6.98553	30.2847	200
1044	35.3911	6.82893	30.4975	200
1045	39.2536	6.98953	30.8623	200
1046	28.2302	6.62641	30.7527	200
1047	29.3045	6.19489	30.6923	200
1048	22.9424	6.32448	30.3694	200
1049	16.8544	6.77389	29.9471	200
1050	20.9643	6.91194	29.6664	200
1051	20.2944	7.06569	29.3735	200
1052	17.3409	7.37612	28.9975	200
1053	22.2985	7.3338	28.7881	200
1054	20.0172	7.42362	28.514	200
1055	20.769	7.44371	28.272	200
1056	22.0616	7.36663	28.0779	200
1057	20.441	7.38352	27.8393	200
1058	26.2212	7.02318	27.7887	200
1059	28.4412	6.62501	27.8091	200
1060	27.3828	6.23759	27.7958	200
1061	28.0655	5.8646	27.8042	200
1062	28.5577	5.54516	27.8277	200
1063	28.5829	5.24578	27.8513	200
1064	29.2083	5.00273	27.8937	200
1065	29.3302	4.82442	27.9297	200
1066	28.0301	4.58822	27.9322	200
1067	20.8625	4.71229	27.7554	200
1068	18.1402	4.95743	27.515	200
1069	17.9595	5.18734	27.2762	200
1070	11.9582	5.69386	26.8932	200
1071	28.0038	5.4647	26.921	200
1072	28.0449	5.24766	26.9491	200
1073	29.3519	5.10542	27.0091	200
1074	30.7132	5.03535	27.1017	200
1075	30.949	4.97594	27.1979	200
1076	32.106	4.97255	27.3206	200
1077	31.407	4.92824	27.4228	200
1078	31.2405	4.87272	27.5182	200
1079	32.041	4.85522	27.6313	200
1080	31.752	4.81849	27.7343	200
1081	17.4774	5.09041	27.4779	200
1082	17.8588	5.31684	27.2374	200
1083	17.2057	5.55259	26.9866	200
1084	18.6357	5.69251	26.7778	200
1085	19.3199	5.78078	26.5914	200
1086	20.3948	5.7981	26.4623	200
1087	20.0136	5.82521	26.3279	200
1088	20.2661	5.83507	26.2017	200
1089	20.9012	5.8128	26.0912	200
1090	40.1194	6.1551	26.3835	200
1091	40.6874	6.49464	26.6815	200
1092	39.5082	6.75847	26.9487	200
1093	38.1073	6.94181	27.1812	200
1094	39.2267	7.15447	27.4321	200
1095	37.1148	7.25981	27.6338	200
1096	37.4839	7.36774	27.8391	200
1097	39.692	7.55462	28.086	200
1098	38.1554	7.6594	28.2958	200
1099	39.2507	7.79672	28.524	200
1100	38.4904	7.88712	28.7316	200
1101	38.6453	7.97156	28.9382	200
1102	21.6978	7.94109	28.7873	200
1103	20.9957	7.93487	28.625	200
1104	24.8737	7.76055	28.5468	200
1105	27.24	7.49164	28.5196	200
1106	27.6638	7.21515	28.5018	200
1107	28.4802	6.91542	28.5013	200
1108	35.5219	6.9198	28.6476	200
1109	34.7785	6.88692	28.7753	200
1110	51.5991	7.55096	29.2508	200
1111	52.6119	8.11561	29.668	200
1112	51.9825	8.62271	30.0665	200
1113	51.3439	9.07466	30.4464	200
1114	52.6235	9.54261	30.8424	200
1115	51.2755	9.93155	31.2073	200
1116	51.9642	10.3182	31.578	200
1117	47.86	10.5312	31.8687	200
1118	46.4256	10.6749	32.1287	200
1119	44.9974	10.7533	32.3585	200
1120	46.3007	10.8672	32.6074	200
1121	39.5693	10.7277	32.7317	200
1122	39.4835	10.5857	32.8523	200
1123	27.4615	10.4002	32.756	200
1124	28.1492	10.1933	32.6738	200
1125	26.8831	10.036	32.5704	200
1126	26.8522	9.88182	32.4683	200
1127	26.121	9.75559	32.3549	200
1128	25.4571	9.65353	32.2317	200
1129	24.7708	9.57522	32.0985	200
1130	24.0811	9.51958	31.9553	200
1131	37.5372	9.37895	32.055	200
1132	38.1561	9.26188	32.164	200
1133	38.9632	9.17393	32.2854	200
1134	37.3968	9.02884	32.3767	200
1135	37.2993	8.88219	32.4646	200
1136	38.1979	8.76973	32.5669	200
1137	34.7911	8.53596	32.6067	200
1138	35.4628	8.33311	32.6577	200
1139	36.7017	8.17993	32.7299	200
1140	37.1625	8.06283	32.7991	200
1141	36.6291	7.93055	32.859	200
1142	37.3557	7.82324	32.9292	200
1143	40.4715	7.81446	33.0471	200
1144	40.2167	7.79431	33.1591	200
1145	39.4929	7.74867	33.2581	200
1146	39.3085	7.6956	33.3526	200
1147	37.2737	7.57764	33.4139	200
1148	36.4295	7.43508	33.461	200
1149	36.65	7.30239	33.5108	200
1150	36.8452	7.17839	33.5629	200
1151	35.9192	7.0277	33.5997	200
1152	35.2061	6.85828	33.6248	200
1153	36.1014	6.72135	33.6635	200
1154	34.9839	6.55257	33.6842	200
1155	36.1803	6.4258	33.7232	200
1156	37.5354	6.34413	33.7827	200
1157	37.51	6.26235	33.841	200
1158	36.819	6.15971	33.8875	200
1159	34.5742	5.98868	33.8982	200
1160	35.3938	5.84827	33.9216	200
1161	36.7499	5.7539	33.9658	200
1162	35.309	5.61606	33.9868	200
1163	35.4996	5.48783	34.0104	200
1164	35.536	5.36401	34.0342	200
1165	35.454	5.24076	34.0564	200
1166	38.8585	5.22705	34.1315	200
1167	45.9843	5.4341	34.3167	200
1168	47.6645	5.6814	34.5252	200
1169	48.887	5.95266	34.7496	200
1170	49.4718	6.22671	34.9797	200
1171	48.9443	6.46852	35.1979	200
1172	49.8904	6.72552	35.4274	200
1173	47.6801	6.87906	35.5976	200
1174	47.704	7.02426	35.7657	200
1175	48.3715	7.1793	35.9408	200
1176	46.792	7.2813	36.0915	200
1177	48.3725	7.42017	36.2621	200
1178	47.9074	7.53754	36.4238	200
1179	38.9085	7.39718	36.4583	200
1180	42.0102	7.34592	36.5355	200
1181	42.0226	7.29429	36.6117	200
1182	50.9474	7.48988	36.8108	200
1183	46.6535	7.55524	36.9475	200
1184	39.579	7.41847	36.984	200
1185	43.9406	7.40564	37.0806	200
1186	42.3903	7.34741	37.1544	200
1187	50.5602	7.5157	37.3406	200
1188	51.9688	7.71327	37.5438	200
1189	51.8448	7.89626	37.7424	200
1190	54.824	8.15141	37.9796	200
1191	55.5577	8.41326	38.2238	200
1192	58.1972	8.73438	38.5012	200
1193	58.286	9.04134	38.776	200
1194	62.5659	9.45102	39.1064	200
1195	60.0759	9.77098	39.3976	200
1196	59.5038	10.0581	39.6769	200
1197	58.7392	10.3082	39.9416	200
1198	56.2328	10.4744	40.1679	200
1199	57.5865	10.6673	40.4098	200
1200	51.3927	10.676	40.5624	200
1201	51.7085	10.6891	40.7172	200
1202	51.6176	10.695	40.8686	200
1203	51.5123	10.6935	41.0164	200
1204	53.8371	10.7526	41.1944	200
1205	51.7231	10.7464	41.3407	200
1206	53.7392	10.7923	41.5129	200
1207	53.6103	10.8286	41.6809	200
1208	51.9063	10.8118	41.8229	200
1209	53.9466	10.8482	41.9913	200
1210	56.1194	10.9302	42.1679	200
1211	56.0254	11.0034	42.3411	200
1212	57.9565	11.1187	42.5363	200
1213	60.2295	11.2831	42.7575	200
1214	60.3399	11.4406	42.9773	200
1215	60.7396	11.5986	43.1993	200
1216	61.5326	11.767	43.4284	200
1217	61.4664	11.9237	43.6539	200
1218	61.574	12.0736	43.8779	200
1219	58.2675	12.1315	44.0578	200
1220	57.9454	12.1754	44.2314	200
1221	57.4317	12.2011	44.3964	200
1222	55.2995	12.1686	44.5327	200
1223	53.218	12.0815	44.6412	200
1224	47.3855	11.8481	44.6755	200
1225	47.8913	11.6323	44.7157	200
1226	48.2554	11.43	44.76	200
1227	49.4111	11.2605	44.8181	200
1228	48.225	11.0642	44.8607	200
1229	60.5604	11.18	45.057	200
1230	59.2951	11.2565	45.2349	200
1231	57.2331	11.275	45.3849	200
1232	54.603	11.2236	45.5001	200
1233	49.4143	11.0409	45.5491	200
1234	49.0129	10.8515	45.5924	200
1235	49.0101	10.6656	45.6351	200
1236	48.261	10.4646	45.6679	200
1237	49.7108	10.3041	45.7184	200
1238	58.5427	10.3671	45.8787	200
1239	59.6842	10.453	46.0513	200
1240	59.978	10.5399	46.2254	200
1241	59.8969	10.6182	46.3963	200
1242	56.1335	10.5961	46.518	200
1243	54.6137	10.5336	46.6192	200
1244	54.3571	10.4637	46.7159	200
1245	51.3209	10.3173	46.7735	200
1246	55.0104	10.2653	46.8764	200
1247	54.6361	10.2026	46.9734	200
1248	55.124	10.1513	47.0753	200
1249	43.372	9.99012	47.029	200
1250	45.6369	9.77517	47.0116	200
1251	49.8178	9.61678	47.0435	200
1252	49.375	9.4512	47.07	200
1253	51.4256	9.3354	47.1195	200
1254	52.0199	9.2346	47.1752	200
1255	54.1574	9.18341	47.2545	200
1256	54.6363	9.14246	47.3384	200
1257	54.8356	9.10507	47.4236	200
1258	52.8993	9.02258	47.4858	200
1259	46.9373	8.82999	47.4796	200
1260	46.0426	8.66197	47.4633	200
1261	50.7865	8.54063	47.501	200
1262	52.7351	8.46548	47.5605	200
1263	54.1076	8.42188	47.6349	200
1264	56.1583	8.42419	47.7318	200
1265	57.0178	8.44378	47.8373	200
1266	58.6057	8.49661	47.9597	200
1267	54.6332	8.45518	48.0355	200
1268	55.4866	8.43236	48.1202	200
1269	54.8479	8.39362	48.1966	200
1270	54.7963	8.35284	48.2716	200
1271	53.9504	8.29207	48.3361	200
1272	56.0315	8.27851	48.4236	200
1273	50.3709	8.13462	48.4457	200
1274	49.7302	7.97893	48.4603	200
1275	48.1715	7.80415	48.457	200
1276	45.123	7.70256	48.4191	200
1277	42.4997	7.66203	48.3519	200
1278	44.4633	7.57627	48.3077	200
1279	41.6117	7.55627	48.2316	200
1280	42.9375	7.50485	48.1714	200
1281	38.5272	7.55348	48.0618	200
1282	45.2887	7.44483	48.0303	200
1283	42.2779	7.40637	47.965	200
1284	50.5568	7.29695	47.9944	200
1285	50.6015	7.19036	48.024	200
1286	50.5276	7.08384	48.0525	200
1287	50.3755	6.97564	48.0789	200
1288	47.9312	6.82046	48.0772	200
1289	49.521	6.69826	48.0936	200
1290	47.269	6.56477	48.0842	200
1291	48.0303	6.41679	48.0836	200
1292	48.7877	6.28696	48.0916	200
1293	50.3905	6.19632	48.1177	200
1294	50.3732	6.10675	48.1434	200
1295	50.9764	6.03235	48.1756	200
1296	54.0153	6.02834	48.2364	200
1297	54.7841	6.03916	48.3046	200
1298	55.3329	6.05976	48.3778	200
1299	56.4051	6.10075	48.4614	200
1300	56.2744	6.13642	48.5428	200
1301	56.7094	6.17872	48.6279	200
1302	57.2087	6.22876	48.7173	200
1303	55.8946	6.24852	48.792	200
1304	56.5705	6.28039	48.8731	200
1305	51.4041	6.20228	48.8994	200
1306	62.7515	6.36165	49.0437	200
1307	53.1452	6.31456	49.0864	200
1308	54.4025	6.29376	49.1418	200
1309	52.4353	6.23125	49.1761	200
1310	52.4197	6.16901	49.2099	200
1311	52.4082	6.10712	49.2432	200
1312	54.948	6.09798	49.308	200
1313	56.9659	6.13343	49.3951	200
1314	57.1295	6.17345	49.4917	200
1315	57.7179	6.22477	49.5946	200
1316	58.2833	6.29321	49.7153	200
1317	58.7637	6.36975	49.8409	200
1318	60.1828	6.49388	50.0025	200
1319	61.5973	6.65328	50.1837	200
1320	58.7014	6.71986	50.3358	200
1321	57.9255	6.75093	50.4713	200
1322	56.7262	6.73026	50.6016	200
1323	56.0999	6.67893	50.7162	200
1324	56.7154	6.6506	50.8412	200
1325	53.2638	6.47444	50.8916	200
1326	52.5234	6.27266	50.9256	200
1327	52.3973	6.07262	50.9563	200
1328	51.8472	5.85671	50.9748	200
1329	57.407	5.88069	51.1088	200
1330	44.9195	5.89355	50.9799	200
1331	50.5641	5.66531	50.9712	200
1332	50.6741	5.44163	50.965	200
1333	51.2814	5.22808	50.9716	200
1334	51.449	5.05841	50.9802	200
1335	29.9691	5.62815	50.605	200
1336	32.5237	6.0729	50.2821	200
1337	33.9479	6.43938	49.9904	200
1338	34.5666	6.76025	49.715	200
1339	35.2388	7.03582	49.4565	200
1340	45.2035	6.93643	49.3805	200
1341	44.4304	6.86549	49.2921	200
1342	40.1324	6.94742	49.1286	200
1343	42.7839	6.9259	49.0153	200
1344	50.6967	6.7386	49.0453	200
1345	48.3543	6.52261	49.0329	200
1346	47.482	6.34505	49.0052	200
1347	47.924	6.15706	48.9859	200
1348	47.8173	5.9789	48.9651	200
1349	46.2263	5.86318	48.9162	200
1350	44.266	5.81986	48.8331	200
1351	43.7072	5.79507	48.7416	200
1352	43.692	5.76845	48.6514	200
1353	44.3024	5.71776	48.5738	200
1354	35.0987	5.9948	48.3331	200
1355	35.9299	6.22367	48.1116	200
1356	59.6364	6.413	48.3174	200
1357	56.464	6.47491	48.4629	200
1358	43.0052	6.43858	48.3655	200
1359	50.7162	6.29259	48.4074	200
1360	58.0114	6.41085	48.5789	200
1361	59.5334	6.57312	48.7745	200
1362	64.6842	6.86489	49.0231	200
1363	65.4344	7.16322	49.2796	200
1364	67.8558	7.51987	49.5698	200
1365	68.4788	7.87578	49.8653	200
1366	74.7704	8.40795	50.2544	200
1367	76.0531	8.95141	50.6575	200
1368	82.4045	9.66377	51.1536	200
1369	82.3784	10.3376	51.6414	200
1370	83.8759	11.0218	52.1451	200
1371	57.3665	10.8406	52.2267	200
1372	59.3119	10.7232	52.3374	200
1373	82.255	11.323	52.8049	200
1374	77.1211	11.7291	53.1848	200
1375	70.4182	11.9011	53.4541	200
1376	68.9734	12.0141	53.6966	200
1377	69.5525	12.1342	53.9443	200
1378	65.1279	12.1045	54.1191	200
1379	63.8567	12.0305	54.2712	200
1380	62.7824	11.9206	54.4042	200
1381	60.9775	11.7534	54.5069	200
1382	54.3785	11.3902	54.5049	200
1383	52.1567	11.1076	54.4682	200
1384	44.2604	11.0795	54.3087	200
1385	44.7947	11.0306	54.16	200
1386	45.4608	10.9577	54.0241	200
1387	44.4709	10.9138	53.8748	200
1388	43.584	10.8944	53.7141	200
1389	21.1398	11.5718	53.2051	200
1391	35.958	11.7492	52.9356	200
1392	43.7626	11.6687	52.7923	200
1393	43.8782	11.5826	52.653	200
1394	45.6748	11.4387	52.5439	200
1395	45.4684	11.3024	52.4334	200
1396	48.4685	11.0986	52.3783	200
1397	49.5649	10.8684	52.3392	200
1398	52.1934	10.5706	52.3372	200
1399	51.6539	10.2959	52.3277	200
1390	60.8934	10.2479	52.4467	200
1400	55.0269	10.0349	52.4825	200
1401	55.2663	9.83344	52.5212	200
1402	54.6288	9.61884	52.5505	200
1403	55.2291	9.42605	52.5877	200
1404	59.7876	9.36422	52.6877	200
1405	63.0103	9.39084	52.831	200
1406	61.7021	9.3764	52.9542	200
1408	36.6069	9.57004	52.7272	200
1409	36.6281	9.7514	52.5036	200
1410	36.9202	9.9134	52.2872	200
1411	36.9955	10.0628	52.0748	200
1412	38.158	10.1698	51.8815	200
1413	36.3971	10.3175	51.6664	200
1414	37.563	10.4226	51.4705	200
1415	37.3419	10.5256	51.2743	200
1416	38.1075	10.599	51.0914	200
1417	36.9374	10.6977	50.8949	200
1418	38.23	10.7523	50.719	200
1419	41.0246	10.723	50.5843	200
1420	40.4268	10.7072	50.4432	200
1421	38.3263	10.7464	50.2749	200
1422	34.1809	10.895	50.0514	200
1423	34.1502	11.034	49.8306	200
1424	35.7	11.12	49.6343	200
1425	36.6654	11.1714	49.4542	200
1426	36.8583	11.211	49.2792	200
1427	35.3218	11.2872	49.0854	200
1428	35.2084	11.3592	48.8926	200
1429	35.5763	11.4135	48.7077	200
1430	38.2516	11.387	48.5625	200
1431	44.3967	11.1864	48.5046	200
1432	42.6297	11.0388	48.423	200
1433	46.7639	10.8043	48.4023	200
1434	51.8288	10.6199	48.4451	200
1435	51.0412	10.4193	48.4776	200
1436	48.9364	10.1703	48.4833	200
1437	47.5332	9.93978	48.4714	200
1438	48.202	9.69802	48.468	200
1439	47.9152	9.46939	48.4611	200
1440	52.2286	9.32684	48.5082	200
1441	47.6169	9.11595	48.4971	200
1442	45.86	8.95398	48.4641	200
1443	42.8449	8.87061	48.3939	200
1444	42.6406	8.79267	48.322	200
1445	45.7611	8.63688	48.29	200
1446	46.8132	8.45787	48.2715	200
1447	45.9734	8.30388	48.2428	200
1448	41.3068	8.26968	48.1561	200
1449	41.5481	8.22814	48.0735	200
1450	44.6053	8.10914	48.0301	200
1451	46.8214	7.93662	48.015	200
1452	46.6352	7.7727	47.9978	200
1453	44.3113	7.67055	47.9517	200
1454	47.9317	7.47928	47.9514	200
1455	49.3473	7.3272	47.9689	200
1456	48.115	7.14767	47.9707	200
1457	48.5002	6.98222	47.9773	200
1458	47.2206	6.82658	47.9679	200
1459	43.5937	6.76527	47.9132	200
1460	43.8295	6.69823	47.8621	200
1461	44.721	6.6093	47.8229	200
1462	47.7062	6.44698	47.8214	200
1463	47.6315	6.29056	47.819	200
1464	45.2474	6.19758	47.7869	200
1465	45.0354	6.11143	47.7525	200
1466	45.524	6.01436	47.7246	200
1467	48.8018	5.89093	47.7381	200
1468	44.6817	5.82006	47.6999	200
1469	41.1847	5.83744	47.6185	200
1470	40.4956	5.86958	47.5294	200
1471	35.3817	6.02653	47.3776	200
1472	36.044	6.15921	47.2359	200
1473	32.6402	6.37012	47.0535	200
1474	29.0059	6.63551	46.8484	200
1475	27.8931	6.91551	46.633	200
1476	27.625	7.19034	46.417	200
1477	26.5139	7.47926	46.1908	200
1478	26.6683	7.75297	45.969	200
1479	27.4705	7.99718	45.7587	200
1480	27.0779	8.23999	45.5465	200
1481	26.696	8.48114	45.3322	200
1482	25.2154	8.74559	45.1036	200
1483	28.3828	8.92684	44.9136	200
1484	30.1002	9.06063	44.7453	200
1485	30.1348	9.18676	44.5793	200
1486	31.6767	9.27121	44.4327	200
1487	30.2517	9.39396	44.2554	200
1488	29.5841	9.52589	44.072	200
1489	28.8924	9.68294	43.8612	200
1490	28.7317	9.83423	43.651	200
1491	28.7038	9.99401	43.4175	200
1492	29.5206	10.116	43.2003	200
1493	32.4277	10.1394	43.008	200
1494	35.0432	10.0618	42.8657	200
1495	36.2739	9.91718	42.7284	200
1496	35.9	9.78848	42.5862	200
1497	37.5859	9.58897	42.482	200
1498	38.2183	9.36708	42.3932	200
1499	39.9885	9.07699	42.3431	200
1500	38.2699	8.86849	42.2582	200
1501	38.1136	8.67166	42.1719	200
1502	49.5567	8.61805	42.3257	200
1503	47.9748	8.49434	42.4434	200
1504	45.5602	8.27028	42.5083	200
1505	43.9396	7.98532	42.5381	200
1506	43.8521	7.70734	42.5655	200
1507	42.11	7.40518	42.556	200
1508	23.6186	7.88569	42.1615	200
1509	23.3487	8.34099	41.7696	200
1510	21.1997	8.85052	41.341	200
1511	21.3078	9.31647	40.9237	200
1512	20.2784	9.78851	40.4936	200
1513	12.4491	10.5492	39.9093	200
1514	12.4234	11.2549	39.3367	200
1515	20.4573	11.5726	38.9434	200
1516	19.4235	11.9037	38.5367	200
1517	20.803	12.1466	38.1672	200
1518	21.0275	12.3547	37.8102	200
1519	22.2334	12.4889	37.4856	200
1520	23.4199	12.5452	37.2345	200
1521	23.7333	12.5794	36.9934	200
1522	23.4024	12.6155	36.7507	200
1523	26.0213	12.5481	36.5591	200
1524	29.0214	12.3692	36.4245	200
1525	30.2497	12.148	36.3142	200
1526	35.8018	11.7324	36.3051	200
1527	37.4343	11.3537	36.3252	200
1528	28.2824	11.2355	36.1816	200
1529	28.3666	11.1133	36.0421	200
1530	30.4684	10.9155	35.9425	200
1531	31.3341	10.6902	35.8602	200
1532	32.7781	10.4185	35.8052	200
1533	35.5234	10.0565	35.8002	200
1534	34.0396	9.76018	35.7687	200
1535	34.0491	9.47302	35.738	200
1536	34.7023	9.17168	35.7195	200
1537	33.2535	8.9322	35.6755	200
1538	30.2081	8.80845	35.5778	200
1539	29.6231	8.70653	35.4715	200
1540	31.5872	8.53431	35.4021	200
1541	31.8822	8.35522	35.3393	200
1542	32.4345	8.16056	35.2874	200
1543	33.9294	7.91762	35.2632	200
1544	31.6746	7.76301	35.1991	200
1545	30.9517	7.63745	35.1232	200
1546	29.54	7.56408	35.0235	200
1547	28.4418	7.529	34.906	200
1548	29.5567	7.45115	34.8105	200
1549	29.5744	7.38193	34.7287	200
1550	28.8164	7.33601	34.6363	200
1551	32.6568	7.16861	34.6054	200
1552	36.7007	7.01007	34.6381	200
1553	39.9243	6.9562	34.7207	200
1554	42.2354	6.97365	34.8381	200
1555	38.8086	6.8798	34.9002	200
1556	36.6614	6.71985	34.9277	200
1557	36.3911	6.55558	34.9505	200
1558	35.3766	6.36404	34.9572	200
1559	34.0823	6.1925	34.9435	200
1560	38.5367	6.11127	34.9997	200
1561	40.7641	6.10043	35.0897	200
1562	40.2253	6.07028	35.17	200
1563	41.2042	6.06915	35.2643	200
1564	42.8138	6.11541	35.3822	200
1565	44.0349	6.1947	35.5174	200
1566	46.0932	6.33161	35.6827	200
1567	43.4563	6.37667	35.8041	200
1568	38.7863	6.2706	35.8507	200
1569	35.8822	6.07563	35.8512	200
1570	39.4804	5.99917	35.9079	200
1571	33.3705	5.89099	35.8683	200
1572	33.8307	5.77057	35.8364	200
1573	33.7202	5.65637	35.8034	200
1574	33.9589	5.53725	35.7746	200
1575	34.8638	5.39267	35.7603	200
1576	38.5171	5.3103	35.8034	200
1577	40.6527	5.29589	35.8792	200
1578	41.6213	5.30984	35.9689	200
1579	40.1756	5.27536	36.0346	200
1580	39.3023	5.21262	36.0857	200
1581	49.1177	5.45698	36.2893	200
1582	52.1159	5.74502	36.5091	200
1583	50.6397	5.97795	36.7054	200
1584	51.8306	6.23204	36.9154	200
1585	52.4782	6.49123	37.1316	200
1586	55.4534	6.81985	37.3861	200
1587	49.3401	6.96247	37.5521	200
1588	48.6833	7.07827	37.7067	200
1589	48.192	7.17291	37.8523	200
1591	48.3444	7.26511	37.998	200
1590	50.4049	7.40793	38.1704	200
1592	48.2777	7.48292	38.3107	200
1593	43.5153	7.41963	38.383	200
1594	39.1978	7.23616	38.3943	200
1595	37.3155	7.06512	38.3793	200
1596	37.0687	6.90527	38.3611	200
1597	40.9601	6.78565	38.3972	200
1598	32.7367	6.7544	38.3186	200
1599	33.2173	6.70848	38.2478	200
1600	29.0065	6.77883	38.1194	200
1601	28.3071	6.8631	37.9831	200
1602	29.7921	6.89998	37.8694	200
1603	29.3719	6.94436	37.7513	200
1604	28.5394	7.00735	37.6234	200
1606	28.9887	7.05255	37.5035	200
1607	30.0099	7.0648	37.3994	200
1608	29.4168	7.0903	37.2885	200
1609	34.0216	6.98409	37.2432	200
1610	44.7345	6.99818	37.3472	200
1611	49.275	7.13511	37.5129	200
1612	48.9383	7.25429	37.6716	200
1613	50.114	7.39841	37.8444	200
1614	51.0837	7.56065	38.0282	200
1615	50.1618	7.68768	38.1968	200
1616	48.8042	7.76878	38.3441	200
1617	49.151	7.85317	38.4942	200
1618	51.408	7.99375	38.6735	200
1619	54.1506	8.20162	38.8885	200
1620	56.1969	8.42929	39.1049	200
1621	60.7175	8.75887	39.375	200
1622	61.6567	9.1345	39.6845	200
1623	61.368	9.48309	39.9856	200
1624	60.1808	9.81784	40.3012	200
1625	61.5554	10.1752	40.6333	200
1626	61.0374	10.5405	40.9976	200
1627	56.9199	10.7327	41.282	200
1628	46.2224	10.4914	41.3849	200
1631	36.6569	10.2513	41.2864	200
1632	37.0395	9.95104	41.1802	200
1634	34.1131	9.80684	41.0035	200
1635	35.2506	9.60415	40.8597	200
1637	31.1108	9.61139	40.616	200
1638	32.4571	9.53876	40.412	200
1639	43.2012	9.20129	40.4818	200
1640	18.4813	9.84125	39.9317	200
1641	20.1442	10.3386	39.437	200
1642	21.8867	10.6992	38.9983	200
1648	4.22237	11.903	38.1289	200
1649	7.95355	12.8166	37.3745	200
1643	33.5028	12.3694	37.2777	200
1644	42.1736	11.9957	37.4001	200
1645	45.3796	11.8283	37.5663	200
1646	49.6013	11.837	37.8171	200
1647	51.6697	11.9209	38.1057	200
1650	42.4845	11.6067	38.1969	200
1651	43.4503	11.342	38.3063	200
1652	33.7613	11.0588	38.2117	200
1653	35.5832	10.7075	38.1569	200
1654	20.986	10.9768	37.7992	200
1655	17.0259	11.385	37.3664	200
1656	19.7579	11.6443	36.9995	200
1657	17.1489	11.9862	36.586	200
1658	30.2971	11.7488	36.455	200
1659	31.8708	11.4503	36.3595	200
1660	30.839	11.2032	36.2445	200
1661	31.284	10.9431	36.1411	200
1662	35.6924	10.5058	36.1318	200
1663	30.9968	10.2821	36.0248	200
1664	27.94	10.1905	35.8564	200
1665	17.2293	10.542	35.4683	200
1666	17.9086	10.8344	35.1025	200
1667	18.0793	11.0923	34.7478	200
1668	18.8177	11.2939	34.4159	200
1669	19.6909	11.4368	34.1092	200
1670	29.0027	11.1731	34.0028	200
1671	29.19	10.9459	33.9168	200
1672	30.5745	10.6744	33.8571	200
1673	27.0119	10.5376	33.7349	200
1630	196.613	15.9783	36.6434	200
1629	197.706	21.1599	39.5196	208.799
1674	29.1083	20.7761	39.3337	205.542
1675	28.6177	20.4168	39.1423	202.476
1676	28.2121	20.078	38.9471	200
1677	27.6656	19.7638	38.7457	200
1678	21.4544	19.6755	38.4369	200
1679	20.4187	19.6163	38.1151	200
1680	21.6792	19.5027	37.8216	200
1681	34.2233	18.9347	37.7574	200
1682	34.5793	18.372	37.7006	200
1683	38.7395	17.7529	37.7192	200
1684	40.0033	17.2005	37.76	200
1685	42.062	16.7398	37.8368	200
1686	41.4875	16.2723	37.902	200
1687	47.2842	16.0263	38.0695	200
1688	46.929	15.7703	38.2277	200
1689	46.0982	15.4882	38.3683	200
1690	46.7399	15.234	38.5178	200
1691	48.395	15.0427	38.6941	200
1692	47.9246	14.8351	38.859	200
1693	42.5153	14.4359	38.9243	200
1694	42.5486	14.0497	38.989	200
1695	44.6416	13.7499	39.0899	200
1696	39.2102	13.3239	39.0918	200
1697	43.2363	13.0371	39.1566	200
1698	40.5133	12.6721	39.1777	200
1699	47.3072	12.5301	39.3048	200
1700	52.7852	12.5598	39.5154	200
1701	57.2267	12.7208	39.7921	200
1702	50.5086	12.6581	39.9596	200
1703	50.3622	12.5877	40.1221	200
1704	49.6186	12.4911	40.2705	200
1705	51.2805	12.4448	40.4425	200
1706	48.0727	12.2943	40.5618	200
1707	47.4553	12.1255	40.6695	200
1708	45.6306	11.9017	40.747	200
1709	45.0692	11.6648	40.8145	200
1710	43.0153	11.369	40.8489	200
1711	44.2769	11.1209	40.9025	200
1715	27.0863	11.2051	40.6866	200
1712	47.7001	11.0741	40.7962	200
1716	27.0532	11.1575	40.5814	200
1717	23.3137	11.3485	40.3116	200
1718	24.087	11.5009	40.0581	200
1713	54.199	11.5834	40.2791	200
1714	53.4326	11.6324	40.4846	200
1719	31.991	11.5343	40.3519	200
1720	35.4016	11.3286	40.2745	200
1721	30.9	11.2675	40.1281	200
1722	30.9112	11.2034	39.984	200
1723	32.196	11.0967	39.8624	200
1724	38.1982	10.8019	39.8364	200
1725	42.8671	10.5591	39.8837	200
1726	44.2358	10.3651	39.9517	200
1727	45.4917	10.2143	40.0383	200
1728	46.8326	10.1075	40.1444	200
1729	48.347	10.0545	40.2584	200
1730	47.7156	9.98239	40.3619	200
1731	44.8171	9.82886	40.4238	200
1732	46.879	9.73514	40.5135	200
1733	46.2456	9.62395	40.5931	200
1734	41.9908	9.39544	40.6125	200
1735	41.3627	9.15529	40.6229	200
1736	45.4451	9.03493	40.6899	200
1737	42.2451	8.82716	40.7115	200
1738	42.4314	8.62974	40.7354	200
1739	40.6367	8.39276	40.734	200
1740	39.4154	8.19626	40.7157	200
1741	33.7762	8.16135	40.6193	200
1742	33.6049	8.12949	40.5219	200
1743	33.0715	8.11062	40.4184	200
1744	31.2329	8.14048	40.2908	200
1745	30.4117	8.18877	40.1536	200
1746	32.674	8.16908	40.0497	200
1747	30.9791	8.19412	39.9237	200
1748	29.9489	8.24358	39.7852	200
1749	38.9947	8.03655	39.7742	200
1750	36.2727	7.91058	39.7256	200
1751	36.8625	7.77037	39.6858	200
1752	37.513	7.61489	39.6556	200
1753	44.2439	7.53081	39.7194	200
1754	39.4057	7.33034	39.715	200
1755	38.7337	7.15398	39.7014	200
1756	38.6732	6.98381	39.6871	200
1757	38.4334	6.82464	39.6697	200
1758	39.7215	6.63651	39.6704	200
1759	39.5689	6.45498	39.669	200
1760	35.4494	6.39289	39.6104	200
1761	35.3592	6.3334	39.5513	200
1762	35.9533	6.25741	39.5014	200
1763	39.1521	6.0933	39.4965	200
1764	41.7007	5.98527	39.5271	200
1765	42.8218	5.91053	39.5729	200
1766	42.7744	5.8428	39.6129	200
1767	54.1984	6.06137	39.7952	200
1768	44.6411	6.03098	39.8558	200
1769	48.0697	6.08555	39.9585	200
1770	48.7092	6.15218	40.0679	200
1771	50.1948	6.25155	40.1944	200
1772	44.4954	6.20279	40.2482	200
1773	47.456	6.22791	40.3383	200
1774	48.71	6.2815	40.443	200
1775	50.7547	6.38226	40.5718	200
1776	51.3917	6.4932	40.7071	200
1777	50.6887	6.58041	40.8319	200
1778	50.8225	6.66566	40.9567	200
1779	50.8336	6.74594	41.0802	200
1780	50.915	6.82316	41.2031	200
1781	50.1308	6.87577	41.3147	200
1782	48.6057	6.88615	41.4059	200
1783	45.7913	6.82363	41.4607	200
1784	45.6502	6.75778	41.5131	200
1785	46.5203	6.71401	41.5756	200
1786	53.2624	6.83833	41.7217	200
1787	44.1462	6.72799	41.752	200
1788	45.6736	6.65783	41.8011	200
1789	42.7245	6.51447	41.8126	200
1790	42.7431	6.37487	41.8242	200
1791	44.7121	6.28769	41.8603	200
1792	44.3517	6.19278	41.8915	200
1793	43.0455	6.06682	41.9059	200
1794	41.8263	5.91714	41.9049	200
1795	39.6737	5.82499	41.877	200
1796	39.0157	5.75089	41.8412	200
1797	39.2757	5.67126	41.8092	200
1798	39.3322	5.5914	41.7782	200
1799	39.1221	5.51802	41.745	200
1800	38.7315	5.45541	41.7073	200
1801	38.7482	5.393	41.6703	200
1802	45.7618	5.36046	41.7215	200
1803	51.2643	5.46502	41.8408	200
1804	57.9639	5.73147	42.0423	200
1805	61.4551	6.0735	42.285	200
1806	62.8524	6.43585	42.5421	200
1807	56.4227	6.60505	42.6998	200
1808	55.203	6.7391	42.8419	200
1809	52.7693	6.81156	42.9547	200
1810	54.0234	6.90831	43.0805	200
1811	53.354	6.9848	43.1972	200
1812	50.7088	6.99677	43.2826	200
1813	51.4331	7.02299	43.3752	200
1814	56.801	7.16851	43.5278	200
1815	58.2732	7.34071	43.6953	200
1816	63.1309	7.61559	43.9162	200
1817	64.4481	7.90915	44.1495	200
1818	64.243	8.18606	44.3778	200
1819	64.1845	8.45017	44.6029	200
1820	64.5802	8.71215	44.8299	200
1821	64.5563	8.96247	45.0541	200
1822	64.6586	9.20434	45.2769	200
1823	64.5555	9.4333	45.4959	200
1824	73.1799	9.84808	45.8105	200
1825	67.4007	10.1149	46.0559	200
1826	65.7592	10.3329	46.2798	200
1827	65.0384	10.5244	46.4929	200
1828	67.5518	10.7638	46.7322	200
1829	68.7373	11.0193	46.9823	200
1830	67.2169	11.2287	47.2122	200
1831	68.3946	11.4549	47.4529	200
1832	67.1249	11.6417	47.6765	200
1833	67.9708	11.8383	47.9071	200
1834	67.6853	12.0188	48.1319	200
1835	70.4446	12.2527	48.3854	200
1836	62.5287	12.2957	48.5461	200
1837	60.9686	12.2986	48.6873	200
1838	57.6023	12.2217	48.7886	200
1839	56.1834	12.112	48.8726	200
1840	59.2011	12.0714	48.99	200
1841	59.5198	12.0364	49.1097	200
1842	59.3656	11.9959	49.2262	200
1843	60.4132	11.9775	49.3533	200
1844	62.204	11.9974	49.4994	200
1845	61.715	12.0023	49.6382	200
1846	46.8039	11.794	49.606	200
1847	47.1035	11.5828	49.5775	200
1848	46.506	11.3894	49.5426	200
1849	50.9711	11.163	49.5589	200
1850	52.4847	10.9758	49.5921	200
1851	57.284	10.9011	49.6795	200
1852	55.3476	10.7921	49.7385	200
1853	57.0691	10.72	49.8149	200
1854	55.6696	10.6186	49.8759	200
1855	54.4494	10.4927	49.9235	200
1856	52.9717	10.3376	49.9553	200
1857	55.4169	10.236	50.0122	200
1858	51.2938	10.0495	50.0255	200
1859	50.8903	9.85813	50.0345	200
1860	50.8259	9.66924	50.0428	200
1861	59.967	9.67455	50.1462	200
1862	60.966	9.69841	50.2589	200
1863	59.1125	9.68081	50.3511	200
1864	59.0968	9.66133	50.4422	200
1865	59.6632	9.65215	50.5382	200
1866	60.5282	9.65919	50.6423	200
1867	59.3618	9.63961	50.7331	200
1868	52.4538	9.47463	50.751	200
1869	51.8433	9.3	50.7624	200
1870	50.0107	9.12191	50.7546	200
1871	50.9903	8.93678	50.757	200
1872	51.4642	8.76533	50.7644	200
1876	48.4438	8.63106	50.7402	200
1877	47.7844	8.51283	50.7095	200
1878	50.4908	8.34004	50.7072	200
1879	52.0396	8.19404	50.7211	200
1880	52.9998	8.07081	50.7448	200
1881	50.0952	7.9162	50.738	200
1882	50.9211	7.75509	50.7399	200
1883	50.9359	7.59761	50.742	200
1884	50.9526	7.44371	50.7442	200
1885	52.8473	7.33245	50.7661	200
1886	51.4364	7.19365	50.7731	200
1887	49.6173	7.06787	50.761	200
1888	49.2603	6.95188	50.7454	200
1889	48.1635	6.86084	50.7185	200
1890	46.485	6.8061	50.6744	200
1891	47.2514	6.73562	50.6387	200
1892	50.6613	6.59576	50.639	200
1893	52.1872	6.49061	50.6551	200
1894	53.8111	6.42114	50.688	200
1895	53.1439	6.33853	50.7135	200
1896	48.0683	6.26158	50.686	200
1897	44.0792	6.26877	50.6172	200
1898	43.5222	6.28599	50.5433	200
1899	41.2658	6.34831	50.4466	200
1900	44.2041	6.3461	50.3816	200
1901	42.7373	6.37315	50.302	200
1902	44.8211	6.35456	50.2449	200
1903	47.6898	6.27541	50.2183	200
1904	48.6633	6.18463	50.2033	200
1905	50.2276	6.06616	50.2035	200
1906	52.3852	5.99146	50.2245	200
1907	44.6737	5.98298	50.1711	200
1908	45.4776	5.95818	50.126	200
1909	46.4368	5.91455	50.0905	200
1910	50.097	5.80093	50.0906	200
1911	52.4678	5.73509	50.1135	200
1912	54.3603	5.70647	50.1543	200
1913	52.7934	5.64748	50.1797	200
1914	51.1757	5.55803	50.1892	200
1915	49.9305	5.45612	50.1868	200
1916	49.3532	5.36722	50.1787	200
1917	51.8432	5.29602	50.1947	200
1918	52.5486	5.23944	50.2174	200
1919	54.98	5.23027	50.2632	200
1920	54.0608	5.20271	50.2997	200
1921	54.2527	5.17868	50.3377	200
1922	52.6841	5.12421	50.3603	200
1923	53.5942	5.08786	50.3913	200
1924	51.1717	5.00502	50.3989	200
1925	47.4322	4.96583	50.3703	200
1926	48.0018	4.91588	50.3476	200
1927	46.7745	4.89005	50.3132	200
1928	48.7216	4.82662	50.2979	200
1929	46.5332	4.8062	50.2617	200
1930	42.4404	4.86418	50.1865	200
1931	44.4615	4.88073	50.1314	200
1932	45.9973	4.86638	50.0917	200
1933	51.3976	4.79791	50.1042	200
1934	53.884	4.77832	50.1406	200
1935	54.5234	4.77072	50.1827	200
1936	55.5119	4.78146	50.234	200
1937	53.9685	4.76132	50.2699	200
1938	54.6522	4.75404	50.312	200
1939	55.1488	4.75563	50.3585	200
1940	53.6773	4.72799	50.3904	200
1941	53.3966	4.69488	50.4193	200
1942	50.9956	4.61568	50.4249	200
1943	50.8518	4.53512	50.429	200
1944	50.7163	4.45343	50.4317	200
1945	51.4654	4.38219	50.4425	200
1946	53.9935	4.3633	50.4829	200
1947	54.6455	4.35874	50.5302	200
1948	54.9711	4.36079	50.5857	200
1949	57.7605	4.43114	50.6754	200
1950	56.6584	4.47425	50.7585	200
1951	55.5063	4.48185	50.8244	200
1952	58.3967	4.57842	50.9427	200
1953	60.3709	4.72998	51.09	200
1954	59.2569	4.85272	51.2359	200
1955	56.5162	4.86799	51.3302	200
1956	54.0907	4.79273	51.3794	200
1957	46.6453	4.79063	51.2949	200
1958	41.9149	4.95454	51.1274	200
1959	39.0201	5.21	50.9112	200
1960	40.5303	5.39467	50.7258	200
1961	42.4988	5.49583	50.5789	200
1962	43.7527	5.54334	50.457	200
1963	43.8403	5.58168	50.3389	200
1964	42.5266	5.66134	50.1994	200
1965	52.5105	5.54169	50.2406	200
1966	52.0184	5.40726	50.2724	200
1967	52.3209	5.28731	50.309	200
1968	52.0921	5.16216	50.3408	200
1969	36.0534	5.48806	50.0857	200
1970	36.0939	5.79176	49.8358	200
1971	33.7517	6.15935	49.5486	200
1972	30.6418	6.61461	49.211	200
1973	33.2481	6.94848	48.9259	200
1974	34.0327	7.19675	48.6932	200
1975	34.1586	7.42606	48.4661	200
1976	32.7137	7.68626	48.22	200
1977	22.3154	8.25558	47.8152	200
1978	26.6273	8.65972	47.4842	200
1979	26.396	9.0481	47.1547	200
1980	28.4212	9.35077	46.8619	200
1981	26.5606	9.69298	46.5447	200
1982	28.9392	9.94024	46.2696	200
1983	30.4823	10.123	46.023	200
1984	29.0842	10.336	45.7583	200
1985	33.7481	10.3883	45.5706	200
1986	36.5685	10.345	45.43	200
1987	42.6647	10.1081	45.3868	200
1988	43.425	9.85352	45.3561	200
1989	43.5603	9.60172	45.3281	200
1990	42.1838	9.39992	45.2789	200
1991	44.6095	9.1271	45.2685	200
1992	46.7447	8.88801	45.2915	200
1993	49.3953	8.7385	45.3557	200
1994	44.4698	8.4931	45.3418	200
1995	45.6569	8.23754	45.3467	200
1996	44.6789	8.00099	45.3363	200
1997	45.684	7.76182	45.3417	200
1998	48.6315	7.62207	45.3931	200
1999	47.217	7.44088	45.4216	200
2000	50.9186	7.38013	45.5075	200
2001	52.8018	7.37744	45.6215	200
2002	54.7732	7.43289	45.7645	200
2003	50.5857	7.35127	45.8398	200
2004	52.6339	7.33386	45.946	200
2005	53.9951	7.35621	46.0717	200
2006	55.477	7.42024	46.2187	200
2007	58.116	7.5446	46.3839	200
2008	55.4552	7.58701	46.5099	200
2009	54.1578	7.5887	46.6161	200
2010	52.0277	7.52822	46.6913	200
2011	53.0301	7.49518	46.7793	200
2012	53.596	7.47633	46.874	200
2013	53.4728	7.45196	46.9657	200
2014	52.4696	7.39784	47.0421	200
2015	55.6027	7.43014	47.161	200
2016	56.4533	7.48187	47.2901	200
2017	51.9361	7.40309	47.3546	200
2018	45.9995	7.23509	47.3358	200
2019	42.108	7.17933	47.2632	200
2020	50.8461	7.07943	47.3129	200
2021	46.7831	6.8975	47.3056	200
2022	45.4899	6.75634	47.2804	200
2023	44.0154	6.65935	47.235	200
2024	45.3386	6.52705	47.2087	200
2025	41.8908	6.49346	47.1348	200
2026	44.8225	6.37732	47.1027	200
2027	48.5522	6.24043	47.1228	200
2028	49.6973	6.1386	47.1586	200
2029	48.8778	6.01584	47.1825	200
2030	48.1371	5.87525	47.1957	200
2031	47.3574	5.71654	47.198	200
2032	46.0967	5.58834	47.1827	200
2033	39.0462	5.65912	47.0697	200
2034	39.2306	5.71967	46.9608	200
2035	40.2741	5.74653	46.8679	200
2036	40.5601	5.76212	46.7803	200
2037	42.3451	5.72526	46.7187	200
2038	39.2192	5.77455	46.6145	200
2039	38.7078	5.83377	46.5047	200
2040	40.0531	5.85093	46.4151	200
2041	42.7263	5.79087	46.3639	200
2042	41.7665	5.75772	46.3	200
2043	42.7002	5.69778	46.25	200
2044	42.4416	5.65055	46.2024	200
2045	39.0767	5.68743	46.1134	200
2046	35.3847	5.81345	45.9792	200
2053	29.3085	6.08489	45.7709	200
2054	30.8365	6.30612	45.5842	200
2055	31.6603	6.49656	45.4101	200
2056	31.2941	6.68705	45.2337	200
2057	32.9113	6.82793	45.0797	200
2058	34.8391	6.91325	44.9516	200
2059	34.7833	6.99463	44.8245	200
2060	32.6701	7.12362	44.6726	200
2061	34.0225	7.21178	44.5395	200
2062	35.0485	7.26876	44.4208	200
2063	37.1596	7.26857	44.3301	200
2064	38.214	7.23976	44.2536	200
2065	37.3977	7.23016	44.1679	200
2066	38.1024	7.20105	44.0921	200
2067	36.8912	7.20104	44.0021	200
2068	34.2454	7.26493	43.8801	200
2069	33.4001	7.34531	43.7491	200
2070	31.0899	7.47816	43.5909	200
2071	26.9885	7.70626	43.3834	200
2072	32.4053	7.78806	43.2461	200
2073	36.7791	7.75503	43.1653	200
2074	38.0457	7.68915	43.1013	200
2075	42.0175	7.52401	43.0878	200
2076	41.9753	7.36372	43.0739	200
2077	42.5262	7.19332	43.067	200
2078	41.3065	7.0575	43.045	200
2079	42.4993	6.8947	43.0382	200
2080	41.68	6.75629	43.0212	200
2081	40.5806	6.6484	42.9907	200
2082	40.3152	6.54908	42.9573	200
2083	39.7499	6.46553	42.9172	200
2084	40.3798	6.36733	42.8854	200
2085	40.777	6.26086	42.8591	200
2086	35.6839	6.28371	42.7694	200
2087	27.7491	6.50213	42.5816	200
2088	35.192	6.52432	42.4893	200
2089	35.9395	6.52495	42.4074	200
2090	43.0199	6.37714	42.4151	200
2091	42.5877	6.23613	42.417	200
2092	44.2831	6.13681	42.4382	200
2093	44.9676	6.05482	42.467	200
2094	44.1578	5.95564	42.4862	200
2095	43.3976	5.841	42.4965	200
2096	42.6963	5.71279	42.4988	200
2097	43.2902	5.60094	42.5078	200
2098	45.5325	5.54239	42.5422	200
2099	45.605	5.48604	42.577	200
2100	45.0421	5.41738	42.605	200
2101	44.6077	5.33977	42.6277	200
2102	46.3243	5.30243	42.6697	200
2103	34.332	5.37141	42.575	200
2104	32.4034	5.48051	42.4594	200
2105	21.0224	5.84315	42.2158	200
2106	30.7175	5.97168	42.0851	200
2107	31.8529	6.06851	41.9689	200
2108	42.1795	5.93538	41.9713	200
2109	41.2949	5.81585	41.9636	200
2110	44.4219	5.73954	41.9915	200
2111	44.4956	5.66601	42.02	200
2112	46.0195	5.62813	42.0654	200
2113	47.3502	5.6186	42.1388	200
2114	46.5279	5.58017	42.2074	200
2115	47.2071	5.56204	42.2855	200
2116	47.1352	5.5366	42.3721	200
2117	48.4077	5.55442	42.4799	200
2118	47.7193	5.54129	42.589	200
2119	47.8277	5.52868	42.6982	200
2120	47.904	5.51523	42.8066	200
2121	47.9639	5.50031	42.9141	200
2122	40.1526	5.3862	42.8566	200
2123	40.5274	5.25882	42.808	200
2124	27.7142	5.66861	42.4936	200
2125	30.8712	5.91669	42.2514	200
2126	27.2966	6.29328	41.9399	200
2127	53.4489	6.5106	42.1796	200
2128	51.5443	6.62952	42.3747	200
2129	51.6803	6.74102	42.5686	200
2130	32.088	6.89684	42.3503	200
2131	28.2745	7.19596	42.057	200
2132	28.3974	7.46528	41.7724	200
2133	18.5348	8.12246	41.2883	200
2134	18.4995	8.73356	40.8136	200
2135	18.5816	9.29599	40.3504	200
2136	17.011	9.88113	39.8642	200
2137	30.2442	9.87025	39.6637	200
2138	29.1447	9.89342	39.4759	200
2139	31.0109	9.8424	39.3247	200
2140	32.0546	9.75053	39.1949	200
2141	32.5205	9.64067	39.0757	200
2142	33.0858	9.51029	38.9688	200
2143	34.9167	9.31535	38.8964	200
2144	36.4835	9.06884	38.8533	200
2145	37.4274	8.79587	38.8279	200
2146	36.9388	8.5492	38.7941	200
2147	38.4298	8.25689	38.7876	200
2148	38.3394	7.978	38.7796	200
2149	37.8436	7.7265	38.7629	200
2150	43.73	7.62795	38.8516	200
2151	45.8951	7.60708	38.9774	200
2152	48.6985	7.68258	39.151	200
2153	49.5814	7.78072	39.3372	200
2154	48.7287	7.83824	39.5049	200
2155	52.0088	8.00487	39.7282	200
2156	53.3446	8.20528	39.9714	200
2157	58.9047	8.58843	40.3094	200
2158	57.7671	8.90518	40.6212	200
2159	58.2784	9.21776	40.9365	200
2160	59.2213	9.54158	41.263	200
2161	58.0847	9.80158	41.5634	200
2162	57.7724	10.0304	41.8528	200
2163	57.2955	10.2237	42.1286	200
2164	57.0667	10.3921	42.3954	200
2165	56.8244	10.5363	42.653	200
2166	59.4638	10.7603	42.9532	200
2167	51.9803	10.7062	43.0943	200
2168	48.3364	10.5354	43.1762	200
2169	47.9441	10.3552	43.2507	200
2170	44.3268	10.0652	43.2675	200
2171	43.6442	9.76246	43.2734	200
2172	38.0699	9.61999	43.1921	200
2173	39.6914	9.42876	43.1374	200
2174	39.0912	9.26055	43.0741	200
2175	38.2863	9.12078	42.9993	200
2176	39.0172	8.9602	42.9371	200
2177	38.6317	8.81473	42.8698	200
2178	38.4972	8.67591	42.8015	200
2179	41.914	8.43253	42.7876	200
2180	42.7633	8.16977	42.7873	200
2181	42.2658	7.93076	42.7791	200
2182	43.1082	7.69321	42.7843	200
2183	41.435	7.49496	42.7632	200
2184	41.7961	7.29096	42.7481	200
2185	42.2149	7.07978	42.7397	200
2186	42.4131	6.86874	42.7346	200
2187	41.7603	6.68454	42.7194	200
2188	41.1708	6.52404	42.6952	200
2189	44.3081	6.37057	42.7204	200
2190	43.6621	6.20092	42.7351	200
2191	47.4301	6.15386	42.8085	200
2192	48.6015	6.14258	42.899	200
2193	49.085	6.14394	42.9957	200
2194	52.8602	6.26021	43.1498	200
2195	38.996	6.19438	43.0849	200
2196	36.292	6.21308	42.9787	200
2197	36.4111	6.22416	42.8761	200
2198	37.8173	6.18775	42.7971	200
2199	39.1663	6.10784	42.7403	200
2200	41.2624	5.97924	42.7198	200
2201	41.2595	5.85371	42.6995	200
2202	41.1147	5.73513	42.6775	200
2203	42.9542	5.58351	42.6814	200
2204	45.7708	5.51423	42.7243	200
2205	48.6431	5.52547	42.8065	200
2206	43.8145	5.39998	42.8205	200
2207	44.3246	5.29176	42.8414	200
2208	40.5994	5.20705	42.8102	200
2209	37.6106	5.20684	42.738	200
2210	37.8671	5.19751	42.6704	200
2211	34.6796	5.2751	42.5594	200
2212	36.6987	5.29136	42.478	200
2213	38.337	5.25941	42.4205	200
2214	36.8242	5.26876	42.3427	200
2215	35.5038	5.31238	42.2478	200
2216	40.2642	5.21991	42.2202	200
2217	44.7069	5.14399	42.2547	200
2218	43.9764	5.04892	42.2787	200
2219	44.2805	4.96428	42.3065	200
2220	43.985	4.87301	42.3298	200
2221	42.8871	4.75313	42.3375	200
2222	40.6652	4.66755	42.3143	200
2223	40.4782	4.5889	42.2888	200
2224	41.659	4.47892	42.28	200
2225	42.1442	4.35828	42.2781	200
2226	44.2726	4.29262	42.3058	200
2227	45.058	4.24983	42.3441	200
2228	45.082	4.20783	42.3821	200
2229	46.5132	4.2057	42.4395	200
2230	43.9056	4.1296	42.4598	200
2231	45.0123	4.08579	42.4953	200
2232	46.8199	4.09242	42.5554	200
2233	49.1395	4.16164	42.6468	200
2234	46.119	4.14249	42.695	200
2235	48.8151	4.19742	42.78	200
2236	45.6586	4.16445	42.816	200
2237	46.3214	4.14797	42.8598	200
2238	47.3705	4.15704	42.9162	200
2239	49.1173	4.20814	42.9937	200
2240	50.3574	4.28703	43.0858	200
2241	50.4401	4.36371	43.1777	200
2242	50.7609	4.4442	43.2725	200
2243	50.3239	4.50938	43.3606	200
2244	48.8768	4.53455	43.4296	200
2245	46.9546	4.50931	43.4736	200
2246	46.1513	4.46352	43.5071	200
2247	45.5949	4.40412	43.5332	200
2248	43.2695	4.30061	43.5299	200
2249	39.5506	4.29258	43.4802	200
2250	44.4999	4.21076	43.4929	200
2251	44.1692	4.1224	43.5014	200
2252	43.0522	4.03057	43.4958	200
2253	41.3063	3.98454	43.4684	200
2254	39.9275	3.97345	43.4241	200
2255	41.4491	3.92349	43.3994	200
2256	40.7348	3.89201	43.3661	200
2257	38.704	3.91127	43.3078	200
2258	37.2742	3.96433	43.2324	200
2259	36.361	4.037	43.1465	200
2260	35.1212	4.13671	43.0462	200
2261	37.212	4.17915	42.9733	200
2262	34.2474	4.29282	42.8642	200
2263	35.7074	4.36442	42.7748	200
2264	35.9742	4.42532	42.6897	200
2265	36.1603	4.47792	42.6081	200
2266	40.2869	4.424	42.5791	200
2267	43.2307	4.32969	42.5873	200
2268	48.3886	4.36648	42.6598	200
2269	56.2715	4.59761	42.8299	200
2270	55.0786	4.78889	42.983	200
2271	55.1386	4.97305	43.135	200
2272	55.2018	5.1504	43.2858	200
2273	56.9672	5.36367	43.4568	200
2274	61.3408	5.67668	43.6804	200
2275	61.8845	5.98987	43.9079	200
2276	64.0397	6.34341	44.1596	200
2277	67.5343	6.73049	44.4252	200
2278	75.8732	7.29225	44.7826	200
2279	77.3293	7.86622	45.1524	200
2280	78.0852	8.43591	45.5266	200
2281	79.4635	9.01548	45.9123	200
2282	78.0836	9.54175	46.2779	200
2283	77.9042	10.0437	46.6373	200
2284	75.8982	10.4804	46.9698	200
2285	75.9191	10.9002	47.2987	200
2286	75.6889	11.2977	47.6214	200
2287	71.7822	11.59	47.8959	200
2288	68.517	11.7953	48.1302	200
2289	63.6898	11.8808	48.307	200
2290	53.5008	11.7288	48.3661	200
2291	48.1363	11.4675	48.3635	200
2292	47.0654	11.2364	48.3487	200
2293	46.4019	11.0252	48.3266	200
2294	45.1926	10.8459	48.291	200
2295	46.4028	10.6423	48.2695	200
2296	45.8297	10.4559	48.2418	200
2297	50.0129	10.2585	48.2619	200
2298	50.4488	10.0751	48.2868	200
2299	47.8594	9.8558	48.2819	200
2300	40.4464	9.80988	48.1929	200
2301	39.5603	9.78312	48.0948	200
2302	38.8286	9.77137	47.9895	200
2303	37.4504	9.78882	47.8697	200
2304	36.6945	9.82033	47.7427	200
2305	42.3544	9.7196	47.6815	200
2306	44.9158	9.56156	47.6501	200
2307	44.7865	9.40933	47.6175	200
2308	44.3599	9.26952	47.5805	200
2309	44.2633	9.13424	47.5428	200
2310	46.644	8.94706	47.5326	200
2311	47.0889	8.7538	47.5275	200
2312	51.5168	8.64552	47.5729	200
2313	51.5997	8.54055	47.6186	200
2314	51.1556	8.42683	47.6588	200
2315	50.3482	8.29644	47.6894	200
2316	50.4291	8.17014	47.7205	200
2317	46.3652	8.01526	47.7051	200
2318	45.7118	7.8784	47.6825	200
2319	40.8122	7.85549	47.6044	200
2320	41.6897	7.81138	47.5372	200
2321	43.557	7.7243	47.492	200
2322	43.4674	7.64722	47.45	200
2323	43.3573	7.57317	47.4074	200
2324	44.2437	7.48131	47.3744	200
2325	45.1686	7.3714	47.3515	200
2326	45.6665	7.25293	47.3339	200
2327	52.085	7.20081	47.3834	200
2328	47.734	7.0581	47.3871	200
2329	46.5936	6.92758	47.3788	200
2330	47.2458	6.78603	47.3774	200
2331	47.765	6.65273	47.3814	200
2332	49.364	6.55543	47.4021	200
2333	47.5732	6.42242	47.4039	200
2334	47.7013	6.29482	47.407	200
2335	47.0557	6.171	47.4033	200
2336	47.6715	6.04802	47.4061	200
2337	47.9033	5.92186	47.4117	200
2338	48.5001	5.81201	47.4241	200
2339	47.26	5.67081	47.4221	200
2340	45.7597	5.5706	47.4013	200
2341	45.6678	5.46401	47.3772	200
2342	44.602	5.38932	47.3387	200
2343	44.8133	5.29982	47.2992	200
2344	44.2738	5.22875	47.2519	200
2345	47.9883	5.0683	47.2651	200
2346	47.3066	4.88878	47.2658	200
2347	46.5306	4.71571	47.2505	200
2348	45.2149	4.60404	47.2081	200
2349	43.7269	4.55725	47.1356	200
2350	42.5367	4.55898	47.0398	200
2351	35.4486	4.85199	46.7983	200
2352	33.5908	5.20013	46.5231	200
2353	32.0535	5.58636	46.2217	200
2354	32.9243	5.90765	45.9446	200
2355	33.5015	6.17996	45.6854	200
2356	32.9063	6.45493	45.4192	200
2357	34.7542	6.63035	45.197	200
2358	36.4511	6.71849	45.0148	200
2359	44.6261	6.49243	45.0078	200
2360	31.3545	6.74817	44.764	200
2361	31.2439	6.99003	44.5226	200
2362	31.0896	7.22013	44.2827	200
2363	31.0307	7.43556	44.0461	200
2364	32.308	7.58922	43.8365	200
2365	31.8801	7.74519	43.623	200
2366	34.8592	7.78157	43.4665	200
2367	33.0028	7.87736	43.2796	200
2368	32.6275	7.97646	43.0894	200
2369	37.0663	7.9067	42.9818	200
2370	34.2226	7.93714	42.8254	200
2371	31.6597	8.05245	42.626	200
2372	32.1052	8.14061	42.4382	200
2373	18.4232	8.70754	42.0093	200
2374	16.7191	9.29978	41.5577	200
2375	16.2353	9.87202	41.1055	200
2376	16.3301	10.4043	40.6631	200
2377	20.6875	10.7461	40.3064	200
2378	20.0136	11.0871	39.944	200
2379	22.9902	11.2966	39.6413	200
2380	25.0013	11.416	39.3799	200
2381	27.7075	11.4252	39.1714	200
2382	29.2095	11.3729	38.9935	200
2383	31.8199	11.2229	38.8654	200
2384	33.4891	11.0141	38.7694	200
2385	34.0055	10.7909	38.6843	200
2386	33.9639	10.5741	38.6001	200
2387	34.657	10.3373	38.5296	200
2388	35.1953	10.1184	38.4775	200
2389	36.1754	9.87417	38.4416	200
2390	36.855	9.57818	38.4132	200
2391	36.6103	9.30049	38.381	200
2392	31.8579	9.18477	38.2451	200
2393	31.3169	9.09075	38.1008	200
2394	34.8567	8.79842	38.0197	200
2395	30.2721	8.74588	37.826	200
2396	30.0101	8.68775	37.5818	200
2397	30.1284	8.6106	37.3488	200
2398	23.4138	8.94337	36.9134	200
2399	24.3225	9.17134	36.5199	200
2400	28.0765	9.12585	36.2561	200
2401	29.8522	8.95572	36.0559	200
2402	31.8222	8.6606	35.9236	200
2403	35.6352	8.13733	35.9146	200
2404	35.4471	7.65797	35.9	200
2405	19.616	8.19709	35.3911	200
2406	20.7806	8.59794	34.9346	200
2407	20.1832	8.90561	34.5658	200
2408	18.2173	9.27775	34.1571	200
2409	14.0588	9.81877	33.6546	200
2410	13.5591	10.3326	33.1522	200
2411	13.2789	10.8096	32.6554	200
2412	16.4154	11.0812	32.2494	200
2413	17.9306	11.243	31.8914	200
2414	18.4112	11.3549	31.5544	200
2415	17.9667	11.4665	31.2147	200
2416	19.305	11.4887	30.917	200
2417	21.3963	11.3903	30.6789	200
2418	24.8601	11.1117	30.5335	200
2419	25.4469	10.8105	30.4063	200
2420	24.4742	10.5665	30.258	200
2421	22.7559	10.4133	30.0705	200
2422	17.6367	10.5143	29.7596	200
2423	16.6283	10.6452	29.4313	200
2424	17.271	10.7209	29.1273	200
2425	18.0201	10.7403	28.8496	200
2426	18.0869	10.7414	28.5806	200
2427	19.3442	10.6661	28.3497	200
2428	18.5842	10.6286	28.1462	200
2429	16.3821	10.6759	27.9011	200
2430	15.989	10.7274	27.653	200
2431	16.6888	10.7373	27.4245	200
2432	17.0218	10.7233	27.2078	200
2433	19.0782	10.6153	27.0384	200
2434	18.7499	10.5183	26.8658	200
2435	17.5166	10.4696	26.671	200
2436	19.4567	10.334	26.5207	200
2437	21.4935	10.1129	26.416	200
2438	21.6514	9.89001	26.3167	200
2439	24.0615	9.57189	26.2697	200
2440	22.6658	9.32323	26.1946	200
2441	21.9128	9.11317	26.1054	200
2442	21.9167	8.90798	26.0182	200
2443	23.4532	8.64369	25.9647	200
2444	23.6108	8.38162	25.9157	200
2445	21.0653	8.23448	25.8146	200
2446	21.768	8.05999	25.7303	200
2447	21.6699	7.89334	25.6457	200
2448	20.5679	7.77603	25.5399	200
2449	19.8717	7.6882	25.4219	200
2450	22.4777	7.49053	25.3605	200
2451	22.1128	7.31375	25.2929	200
2452	22.8179	7.11213	25.2413	200
2453	22.8515	6.94347	25.1986	200
2454	22.8697	6.77867	25.157	200
2455	24.1753	6.57164	25.1395	200
2456	21.7106	6.4594	25.0783	200
2457	21.3485	6.36191	25.0117	200
2458	20.9153	6.281	24.9385	200
2459	20.2075	6.22564	24.854	200
2460	20.2933	6.16617	24.7726	200
2461	19.2134	6.1445	24.6733	200
2462	19.3011	6.11692	24.5774	200
2463	19.199	6.09054	24.4813	200
2464	17.4978	6.12243	24.3566	200
2465	18.1019	6.12716	24.2449	200
2466	23.5031	5.93483	24.2317	200
2467	22.7644	5.77527	24.2055	200
2468	22.823	5.61838	24.1808	200
2469	21.3843	5.5176	24.1309	200
2470	21.9074	5.39996	24.0912	200
2471	21.6818	5.29315	24.0481	200
2472	23.6983	5.1166	24.0419	200
2473	25.6215	4.99028	24.0701	200
2474	29.0213	4.98889	24.1585	200
2475	29.1853	4.99024	24.2483	200
2476	32.275	5.09868	24.3916	200
2477	28.8207	5.07477	24.4707	200
2478	31.4372	5.14233	24.5951	200
2479	31.992	5.22285	24.7272	200
2480	28.102	5.15685	24.7875	200
2481	28.7553	5.11439	24.8583	200
2482	28.7829	5.0772	24.9196	200
2483	28.8316	5.04079	24.9808	200
2484	28.6543	4.99806	25.0382	200
2485	29.0527	4.96733	25.1009	200
2486	30.5487	4.98234	25.186	200
2487	29.6732	4.96687	25.2561	200
2488	34.0695	5.08707	25.3938	200
2489	32.4587	5.14888	25.5042	200
2490	35.5003	5.30035	25.6604	200
2491	31.6398	5.32158	25.7538	200
2492	32.6401	5.37047	25.8614	200
2493	31.3934	5.37552	25.9479	200
2494	36.9436	5.55115	26.1197	200
2495	46.4272	6.01229	26.437	200
2496	46.4399	6.44949	26.7495	200
2497	47.123	6.88462	27.0679	200
2498	48.8146	7.34906	27.4076	200
2499	47.4061	7.74435	27.7201	200
2500	48.0646	8.13811	28.038	200
2501	48.0862	8.5103	28.3513	200
2502	47.3479	8.83799	28.6481	200
2503	46.6742	9.12512	28.9297	200
2504	40.9485	9.21555	29.1175	200
2505	46.7613	9.51656	29.4326	200
2506	46.5626	9.78847	29.7385	200
2507	45.7261	10.0468	30.0716	200
2508	45.6322	10.2765	30.3957	200
2509	45.6464	10.5252	30.777	200
2510	39.9763	10.4589	31.007	200
2511	48.4319	10.8943	31.5515	200
2512	49.1123	11.3109	32.1003	200
2513	49.1831	11.6717	32.6341	200
2514	52.4969	12.1836	33.2548	200
2515	52.3059	12.6128	33.8502	200
2516	54.1489	12.9971	34.3577	200
2517	54.4097	13.3499	34.859	200
2518	54.4785	13.6634	35.3494	200
2519	54.4384	13.9346	35.8267	200
2520	31.9948	13.4295	35.7309	200
2521	31.396	12.9748	35.6225	200
2522	30.7459	12.5699	35.5006	200
2523	27.6983	12.3315	35.3055	200
2524	26.0884	12.1758	35.0751	200
2525	26.7753	11.982	34.8676	200
2526	28.5394	11.6993	34.7094	200
2527	27.5601	11.4718	34.5307	200
2528	27.0382	11.2728	34.3433	200
2529	27.5538	11.0487	34.1736	200
2530	14.4969	11.4801	33.6817	200
2531	15.2235	11.829	33.2202	200
2532	16.57	12.07	32.804	200
2533	18.2674	12.1934	32.4406	200
2534	18.2618	12.2926	32.0861	200
2535	18.2623	12.3692	31.7405	200
2536	18.9649	12.3895	31.4211	200
2537	30.5786	11.9084	31.4036	200
2538	32.6829	11.4655	31.4302	200
2539	32.8631	11.0475	31.4601	200
2540	32.5542	10.6327	31.4829	200
2541	27.8912	10.3394	31.408	200
2542	47.2069	10.5668	31.7372	200
2543	46.9857	10.7619	32.0548	200
2544	47.1463	10.9423	32.3692	200
2545	48.6581	11.1651	32.7086	200
2546	50.6699	11.4483	33.0828	200
2547	51.3499	11.7324	33.4634	200
2548	52.7101	12.0455	33.8643	200
2549	48.7391	12.1634	34.1742	200
2550	55.7663	12.5562	34.6241	200
2551	56.5918	12.9484	35.0817	200
2552	57.9606	13.3621	35.5584	200
2553	59.1259	13.7874	36.0493	200
2554	47.5015	13.6901	36.2879	200
2555	46.7771	13.5567	36.5065	200
2556	45.5623	13.3692	36.6951	200
2557	45.4826	13.1783	36.8782	200
2558	44.0301	12.9272	37.0272	200
2559	43.1478	12.6435	37.1547	200
2560	58.787	13.0181	37.6054	200
2561	60.1148	13.4136	38.0743	200
2562	51.4896	13.4136	38.3139	200
2563	44.2598	13.1469	38.4201	200
2564	46.9132	12.9807	38.5717	200
2565	56.2325	13.1478	38.8871	200
2566	55.373	13.2671	39.1815	200
2567	47.0375	13.0738	39.3218	200
2568	47.1662	12.887	39.4618	200
2569	46.9652	12.6948	39.5958	200
2570	48.124	12.546	39.7481	200
2571	49.0358	12.4296	39.914	200
2572	58.6942	12.6564	40.2493	200
2573	42.3599	12.2798	40.287	200
2574	41.7016	11.8917	40.3123	200
2575	43.5774	11.5836	40.3706	200
2576	41.5239	11.2111	40.3912	200
2577	48.3498	11.095	40.5333	200
2578	45.4891	10.8757	40.6218	200
2579	35.4208	10.673	40.5289	200
2580	37.9578	10.3837	40.483	200
2581	38.9072	10.0691	40.4549	200
2582	39.3766	9.74801	40.4356	200
2583	44.5494	9.54679	40.5091	200
2584	42.4999	9.27693	40.5446	200
2585	43.6127	9.05518	40.5994	200
2586	35.6519	8.90848	40.5111	200
2587	37.9881	8.68043	40.466	200
2588	44.073	8.49923	40.5304	200
2589	43.0162	8.28447	40.5748	200
2590	64.1917	8.83205	40.9965	200
2591	68.9912	9.43088	41.434	200
2592	61.981	9.77826	41.755	200
2593	61.5565	10.0915	42.0644	200
2594	61.1465	10.3724	42.3626	200
2595	59.4536	10.5824	42.6296	200
2596	59.6746	10.7844	42.8959	200
2597	59.9347	10.9798	43.1622	200
2598	55.4466	11.0206	43.3541	200
2599	56.0669	11.0735	43.5527	200
2600	52.9755	11.0219	43.7	200
2601	51.1938	10.9116	43.8171	200
2602	56.0457	10.9528	44.0081	200
2603	51.595	10.8476	44.1267	200
2604	55.7626	10.8722	44.3085	200
2605	38.1705	10.7243	44.2126	200
2606	39.7102	10.5298	44.1422	200
2607	35.4037	10.4739	44.0057	200
2608	35.3651	10.4166	43.8707	200
2609	34.7272	10.3768	43.7278	200
2610	33.6758	10.3666	43.5707	200
2611	33.4126	10.3601	43.412	200
2612	31.9675	10.394	43.2332	200
2613	31.2449	10.4438	43.0459	200
2614	31.2535	10.486	42.8616	200
2615	31.0372	10.5278	42.6769	200
2616	32.1095	10.529	42.5118	200
2617	33.0704	10.4951	42.3642	200
2618	37.706	10.3127	42.2914	200
2619	36.1878	10.1811	42.1961	200
2620	34.643	10.099	42.0781	200
2621	44.0642	9.84547	42.1091	200
2622	45.4271	9.64148	42.1609	200
2623	46.7073	9.48226	42.232	200
2624	46.9409	9.34967	42.2974	200
2625	48.5368	9.26327	42.384	200
2626	49.0227	9.19036	42.4762	200
2627	49.3484	9.12597	42.5717	200
2628	50.4259	9.09064	42.6808	200
2629	52.4143	9.1085	42.816	200
2630	53.2346	9.14489	42.9607	200
2631	53.1912	9.17505	43.1028	200
2632	53.1585	9.19951	43.2424	200
2633	53.2246	9.22125	43.3811	200
2634	53.2819	9.24013	43.5186	200
2635	44.6797	9.01571	43.5347	200
2636	44.5808	8.79433	43.5492	200
2637	42.816	8.57041	43.539	200
2638	37.2814	8.50617	43.4521	200
2639	37.7254	8.42896	43.3726	200
2640	38.3722	8.33372	43.3031	200
2641	39.576	8.20576	43.2514	200
2642	39.6377	8.0782	43.2012	200
2643	37.4981	8.01222	43.122	200
2644	37.5057	7.94567	43.044	200
2645	37.9876	7.86541	42.9737	200
2646	36.9025	7.81557	42.8894	200
2647	36.171	7.7851	42.7961	200
2648	37.5165	7.7155	42.7228	200
2649	38.9337	7.60643	42.6701	200
2650	39.5325	7.4823	42.6266	200
2651	40.9319	7.32153	42.603	200
2652	40.8367	7.16722	42.5785	200
2653	43.3419	6.98933	42.5891	200
2654	46.6566	6.90817	42.6456	200
2655	49.7985	6.91497	42.7449	200
2656	47.3715	6.8514	42.8092	200
2657	44.7221	6.71422	42.8358	200
2658	44.5832	6.57625	42.86	200
2659	43.9401	6.42358	42.875	200
2660	44.7291	6.29665	42.9008	200
2661	43.9156	6.16461	42.9135	200
2662	43.1921	6.01745	42.9169	200
2663	42.6334	5.87411	42.9134	200
2664	42.9545	5.72828	42.9139	200
2665	41.597	5.618	42.8975	200
2666	39.9952	5.5501	42.8612	200
2667	37.6834	5.5408	42.7965	200
2668	36.8909	5.54991	42.7226	200
2669	36.3009	5.57171	42.6424	200
2670	33.9693	5.64924	42.5339	200
2671	34.1753	5.71697	42.4295	200
2672	31.5237	5.8467	42.2931	200
2673	29.5626	6.01879	42.134	200
2674	35.8077	6.02648	42.0549	200
2675	44.3067	5.93211	42.0831	200
2676	43.8658	5.82838	42.1054	200
2677	43.4357	5.71592	42.122	200
2678	44.2492	5.62621	42.1486	200
2679	44.159	5.53581	42.1737	200
2680	44.846	5.46422	42.2071	200
2681	44.9671	5.39661	42.2416	200
2682	44.9793	5.33014	42.2758	200
2683	44.8731	5.26182	42.3083	200
2684	44.1219	5.17561	42.331	200
2685	44.6985	5.10541	42.3606	200
2686	44.8486	5.03997	42.3917	200
2687	45.0244	4.97979	42.4246	200
2688	43.9237	4.89277	42.4433	200
2689	42.9077	4.78206	42.4491	200
2690	43.4127	4.6866	42.4612	200
2691	42.4781	4.56986	42.4614	200
2692	44.4452	4.50521	42.4862	200
2693	43.8557	4.42682	42.5033	200
2694	39.2273	4.39805	42.4623	200
2695	44.4664	4.3382	42.4874	200
2696	48.1821	4.37211	42.5586	200
2697	49.7395	4.44233	42.6483	200
2698	48.9193	4.48804	42.7267	200
2699	50.5315	4.57096	42.8243	200
2700	50.2565	4.6425	42.9172	200
2701	50.9397	4.71931	43.0083	200
2702	50.887	4.79111	43.0979	200
2703	51.1162	4.86446	43.189	200
2704	50.9072	4.92932	43.2767	200
2705	50.9727	4.9922	43.3641	200
2706	50.7939	5.0476	43.4486	200
2707	50.8993	5.10221	43.5332	200
2708	51.0956	5.15813	43.6192	200
2709	50.8071	5.20425	43.7009	200
2710	51.7228	5.26829	43.792	200
2711	56.0412	5.42695	43.9312	200
2712	57.7814	5.61839	44.0886	200
2713	54.7985	5.7341	44.2103	200
2714	54.4606	5.83674	44.3268	200
2715	57.1834	5.99628	44.4729	200
2716	39.0744	5.9827	44.4115	200
2717	36.6377	6.02341	44.3232	200
2718	44.1132	5.89128	44.3208	200
2719	44.8544	5.76952	44.3269	200
2720	44.9697	5.653	44.3342	200
2721	46.5118	5.57401	44.3589	200
2722	49.4308	5.5626	44.4165	200
2723	50.64	5.57762	44.4873	200
2724	52.2595	5.6275	44.5756	200
2725	53.1488	5.69444	44.673	200
2726	54.9853	5.79939	44.7902	200
2727	55.3389	5.90733	44.9101	200
2728	56.397	6.03414	45.0406	200
2729	57.3402	6.17654	45.1804	200
2730	61.5631	6.40849	45.3665	200
2731	61.5597	6.63087	45.5505	200
2732	62.4716	6.86474	45.7428	200
2733	59.3908	7.0189	45.8979	200
2734	57.2182	7.11666	46.0266	200
2735	55.4543	7.16918	46.1337	200
2736	54.8706	7.20481	46.233	200
2737	51.853	7.16879	46.2968	200
2738	56.056	7.22766	46.4077	200
2739	55.9337	7.2799	46.516	200
2740	49.015	7.17124	46.5444	200
2741	51.3021	7.11639	46.5984	200
2742	51.4587	7.06511	46.6537	200
2743	51.659	7.0183	46.7106	200
2744	52.2918	6.98563	46.774	200
2745	54.0938	6.99323	46.8572	200
2746	55.668	7.03109	46.9489	200
2747	54.3134	7.03804	47.0256	200
2748	53.0505	7.01693	47.0884	200
2749	51.323	6.95896	47.1325	200
2750	50.8143	6.89069	47.1709	200
2751	51.4202	6.83566	47.2151	200
2752	51.0661	6.77348	47.2552	200
2753	46.8245	6.64134	47.2508	200
2754	47.5401	6.509	47.2538	200
2755	46.183	6.39571	47.2426	200
2756	46.5318	6.27727	47.2352	200
2757	47.7102	6.15639	47.2402	200
2758	49.6861	6.07909	47.2656	200
2759	49.9028	6.00738	47.2931	200
2760	65.4876	6.26128	47.4826	200
2761	68.4306	6.56725	47.7008	200
2762	69.3995	6.88249	47.9269	200
2763	70.0463	7.19993	48.1573	200
2764	68.3387	7.47037	48.3675	200
2765	67.107	7.70514	48.5627	200
2766	65.7986	7.9037	48.7422	200
2767	65.9483	8.0975	48.9215	200
2768	65.573	8.27571	49.0949	200
2769	66.2235	8.46015	49.2734	200
2770	64.1807	8.59446	49.4286	200
2771	65.3641	8.7474	49.5946	200
2772	66.0121	8.90719	49.7656	200
2773	69.603	9.1349	49.9723	200
2774	71.5131	9.39336	50.1967	200
2775	76.6596	9.74898	50.4723	200
2776	77.6365	10.1118	50.7553	200
2777	80.2346	10.5153	51.0624	200
2778	80.7514	10.9147	51.3716	200
2779	81.1194	11.3071	51.6815	200
2780	80.3013	11.6678	51.9796	200
2781	80.8281	12.0257	52.2801	200
2782	80.3722	12.3604	52.5727	200
2783	81.3626	12.7027	52.8726	200
2784	78.4402	12.9707	53.139	200
2785	74.0144	13.1354	53.3564	200
2786	76.0692	13.3349	53.593	200
2787	74.6933	13.4967	53.8128	200
2788	74.717	13.651	54.0306	200
2789	74.0943	13.7846	54.2395	200
2790	74.174	13.9127	54.4472	200
2791	71.3049	13.9741	54.6228	200
2792	70.2018	14.0075	54.7851	200
2793	70.8689	14.0508	54.9526	200
2794	71.546	14.1038	55.1255	200
2795	73.3215	14.1825	55.3004	200
2796	71.7691	14.2264	55.4588	200
2797	71.9163	14.2693	55.617	200
2798	68.3882	14.2405	55.7398	200
2799	66.481	14.1732	55.8431	200
2800	61.7557	14.0144	55.9	200
2801	62.3995	13.8698	55.9625	200
2802	59.7249	13.6755	55.9986	200
2803	60.3321	13.4958	56.0403	200
2804	60.7053	13.326	56.0852	200
2805	60.4351	13.1534	56.127	200
2806	61.0292	12.9947	56.1741	200
2807	66.728	12.9478	56.2756	200
2808	65.4492	12.8752	56.3638	200
2809	54.8074	12.6575	56.3488	200
2810	52.0031	12.4977	56.307	200
2811	48.7714	12.4022	56.2346	200
2812	46.738	12.3464	56.1433	200
2813	45.9745	12.3045	56.0455	200
2814	46.6649	12.2483	55.9553	200
2815	46.3693	12.1971	55.8631	200
2816	46.2305	12.1477	55.7705	200
2817	48.6543	12.051	55.7021	200
2818	49.3254	11.9419	55.6408	200
2819	51.4663	11.7925	55.6006	200
2820	52.7532	11.6205	55.5732	200
2821	51.0657	11.4837	55.5299	200
2822	52.5089	11.3209	55.5009	200
2823	51.7212	11.1759	55.4645	200
2824	52.5137	11.0177	55.4361	200
2825	55.0583	10.8131	55.4325	200
2826	54.4606	10.6239	55.4232	200
2827	55.3975	10.4201	55.4229	200
2828	55.9441	10.2297	55.4279	200
2829	56.7585	10.0586	55.4407	200
2830	56.8397	9.89203	55.4542	200
2831	56.2221	9.71656	55.4615	200
2832	57.0188	9.55965	55.4765	200
2833	49.663	9.48761	55.4206	200
2834	50.462	9.40051	55.3729	200
2835	48.1927	9.35782	55.3039	200
2836	53.6703	9.20927	55.2882	200
2837	52.622	9.08344	55.2626	200
2838	52.1779	8.96808	55.2329	200
2839	51.3361	8.87056	55.1954	200
2840	51.3956	8.77304	55.1589	200
2841	51.3775	8.67705	55.1225	200
2842	52.8265	8.55434	55.1005	200
2843	50.695	8.47455	55.0581	200
2844	50.1568	8.40583	55.011	200
2845	48.7027	8.36549	54.9503	200
2846	48.831	8.3223	54.8915	200
2847	50.316	8.25024	54.8475	200
2848	49.5674	8.1972	54.8003	200
2849	49.5187	8.14514	54.7532	200
2850	50.298	8.07925	54.7134	200
2851	49.5984	8.02631	54.6677	200
2852	47.1746	8.01679	54.6008	200
2853	45.6963	8.03265	54.5213	200
2854	43.7783	8.08104	54.4254	200
2855	44.0614	8.12181	54.3329	200
2856	41.3806	8.20807	54.2172	200
2857	40.8836	8.2996	54.0982	200
2858	41.5216	8.37597	53.9859	200
2859	43.0394	8.42187	53.8881	200
2860	43.5321	8.45641	53.7957	200
2861	43.2145	8.49435	53.7012	200
2862	40.9799	8.56983	53.5876	200
2863	35.7793	8.7348	53.4286	200
2864	35.946	8.89101	53.2725	200
2865	37.1335	9.02044	53.1284	200
2866	38.5782	9.11919	52.9985	200
2867	38.1113	9.22219	52.8656	200
2868	38.9423	9.30614	52.7413	200
2869	38.4498	9.39516	52.6137	200
2870	38.2436	9.484	52.4853	200
2871	38.1881	9.56995	52.3577	200
2872	37.4613	9.66506	52.2247	200
2873	42.4115	9.66771	52.1371	200
2874	43.866	9.64277	52.0632	200
2875	44.3121	9.60899	51.994	200
2876	45.3476	9.55608	51.9347	200
2877	44.8666	9.51165	51.8716	200
2878	46.0952	9.44495	51.82	200
2879	45.5029	9.3891	51.7636	200
2880	45.5785	9.33188	51.7084	200
2881	45.6206	9.27395	51.654	200
2882	44.5957	9.23439	51.591	200
2883	44.8821	9.18929	51.5311	200
2884	45.6949	9.12941	51.479	200
2885	46.6675	9.0523	51.436	200
2886	47.1783	8.96669	51.398	200
2887	53.8031	8.84951	51.4195	200
2888	55.9148	8.77176	51.4596	200
2889	56.6509	8.70782	51.506	200
2890	53.747	8.59234	51.526	200
2891	53.5829	8.47564	51.5443	200
2892	54.4723	8.37657	51.5705	200
2893	53.5586	8.26249	51.5882	200
2894	53.2452	8.14454	51.603	200
2895	52.4472	8.01417	51.6106	200
2896	52.9388	7.89478	51.6224	200
2897	52.7171	7.77335	51.6322	200
2898	52.6812	7.65327	51.6416	200
2899	51.901	7.52124	51.6439	200
2900	52.0072	7.39342	51.6471	200
2901	49.1473	7.30603	51.6248	200
2902	46.4876	7.2673	51.5789	200
2903	46.4062	7.2299	51.5327	200
2904	48.5694	7.15371	51.5063	200
2905	52.926	7.05814	51.5181	200
2906	52.3498	6.95437	51.525	200
2907	50.2656	6.85945	51.5145	200
2908	51.7111	6.7484	51.5162	200
2909	52.1451	6.64641	51.5214	200
2910	52.8008	6.55696	51.5321	200
2911	53.5086	6.48062	51.5486	200
2912	53.2138	6.40036	51.5624	200
2913	53.3468	6.32343	51.5773	200
2914	52.2553	6.22934	51.5829	200
2915	52.2211	6.13615	51.5883	200
2916	43.3922	6.17048	51.52	200
2917	42.3914	6.21978	51.4439	200
2918	42.1419	6.27115	51.3664	200
2919	43.4657	6.29831	51.3005	200
2920	44.285	6.31026	51.2421	200
2921	44.4467	6.31835	51.1854	200
2922	45.3362	6.31053	51.1367	200
2923	45.1155	6.30571	51.0865	200
2924	46.2855	6.28063	51.0465	200
2925	45.9721	6.26052	51.0042	200
2926	45.7247	6.24417	50.9602	200
2927	46.2265	6.219	50.9208	200
2928	47.6634	6.16964	50.8936	200
2929	47.4652	6.12395	50.8651	200
2930	52.9247	6.05621	50.8822	200
2931	55.8725	6.03845	50.9238	200
2932	56.8137	6.03597	50.9729	200
2933	56.0431	6.01987	51.0151	200
2934	58.0795	6.03728	51.074	200
2935	52.7317	5.96429	51.0878	200
2936	52.429	5.88723	51.099	200
2937	52.6261	5.81456	51.1117	200
2938	51.9732	5.73201	51.1189	200
2939	53.2914	5.67269	51.137	200
2940	54.0343	5.62643	51.1612	200
2941	55.6901	5.60814	51.1989	200
2942	55.1281	5.58016	51.2316	200
2943	55.1175	5.55192	51.264	200
2944	56.1105	5.54016	51.3044	200
2945	57.3754	5.54901	51.355	200
2946	56.3192	5.53926	51.3964	200
2947	54.8834	5.50505	51.4254	200
2948	55.3067	5.47799	51.4578	200
2949	56.9204	5.47774	51.5033	200
2950	56.1661	5.46415	51.5421	200
2951	56.547	5.4565	51.5839	200
2952	58.3924	5.47903	51.6406	200
2953	60.6655	5.53813	51.7158	200
2954	61.3708	5.60674	51.7963	200
2955	61.7569	5.67931	51.8793	200
2956	64.6879	5.79813	51.986	200
2957	68.0826	5.96977	52.1201	200
2958	66.5984	6.11158	52.2408	200
2959	68.3207	6.27772	52.3748	200
2960	63.4884	6.35832	52.4674	200
2961	61.5977	6.40451	52.5435	200
2962	60.4655	6.42981	52.6095	200
2963	59.1947	6.43239	52.6644	200
2964	57.6718	6.40864	52.7061	200
2965	58.3795	6.39639	52.7534	200
2966	59.5634	6.40285	52.8066	200
2967	60.4022	6.42149	52.8659	200
2968	61.1626	6.45079	52.9307	200
2969	61.56	6.48482	52.9982	200
2970	60.1286	6.49491	53.0539	200
2971	59.358	6.49193	53.1031	200
2972	58.3885	6.47308	53.1444	200
2973	60.7702	6.49109	53.204	200
2974	61.4017	6.51775	53.268	200
2975	62.0507	6.55314	53.3366	200
2976	59.5851	6.54838	53.3855	200
2977	63.4471	6.60328	53.4641	200
2978	66.6062	6.70545	53.5667	200
2979	66.0336	6.79547	53.6641	200
2980	63.8065	6.84776	53.7434	200
2981	64.5265	6.90925	53.8276	200
2982	63.6056	6.95407	53.904	200
2983	61.3916	6.96241	53.9625	200
2984	60.0961	6.94946	54.0104	200
2985	58.7273	6.91457	54.0473	200
2986	58.6415	6.87832	54.0832	200
2987	55.2357	6.78885	54.0922	200
2988	56.5755	6.72158	54.1116	200
2989	58.8364	6.69038	54.1485	200
2990	57.3031	6.63513	54.1731	200
2991	59.9984	6.62247	54.2186	200
2992	62.3062	6.64537	54.2818	200
2993	64.8927	6.70733	54.3647	200
2994	66.3949	6.7905	54.4587	200
2995	66.9081	6.87892	54.556	200
2996	67.5323	6.97419	54.6573	200
2997	69.6432	7.09937	54.7744	200
2998	69.6176	7.22037	54.8904	200
2999	69.2809	7.3324	55.0028	200
3000	69.454	7.44363	55.1157	200
3001	69.5988	7.55362	55.2288	200
3002	70.2492	7.67029	55.3462	200
3003	70.4943	7.78713	55.4645	200
3004	69.7405	7.88852	55.5761	200
3005	67.0851	7.94509	55.666	200
3006	66.6976	7.99332	55.7522	200
3007	66.057	8.02943	55.8327	200
3008	65.9302	8.06175	55.9116	200
3009	61.1921	8.01829	55.9528	200
3010	58.5285	7.93325	55.9729	200
3011	57.5857	7.83449	55.9855	200
3012	57.5951	7.73723	55.9981	200
3013	56.4484	7.62337	56.0016	200
3014	56.05	7.50501	56.002	200
3015	55.5543	7.38739	55.9983	200
3016	53.9493	7.29841	55.9812	200
3017	53.544	7.21161	55.9594	200
3018	52.8246	7.13881	55.9314	200
3019	52.1792	7.07368	55.8954	200
3020	46.5679	7.11702	55.8057	200
3021	45.6893	7.17951	55.7003	200
3022	45.7447	7.23734	55.5966	200
3023	47.5661	7.25537	55.5053	200
3024	45.1887	7.32494	55.3881	200
3025	43.1739	7.44717	55.2354	200
3026	43.3311	7.5586	55.0866	200
3027	42.8001	7.68993	54.916	200
3028	42.8201	7.81232	54.748	200
3029	43.0221	7.93462	54.5648	200
3030	44.1737	8.01138	54.4024	200
3031	43.5548	8.10001	54.2329	200
3032	43.1539	8.1931	54.0598	200
3034	41.4591	8.33084	53.8629	200
3035	40.999	8.4725	53.6619	200
3036	39.8864	8.63822	53.4467	200
3037	39.0281	8.79878	53.2464	200
3038	39.2808	8.9423	53.0524	200
3039	39.0267	9.0835	52.8576	200
3040	37.5339	9.25684	52.6448	200
3041	38.3516	9.39674	52.4463	200
3042	38.3777	9.52652	52.2509	200
3043	40.0033	9.6021	52.0808	200
3044	40.816	9.64828	51.9243	200
3045	41.5039	9.66973	51.7796	200
3046	23.1177	10.1973	51.3815	200
3047	24.3846	10.6639	51.0066	200
3048	24.3703	11.1076	50.6366	200
3049	24.313	11.5303	50.271	200
3050	23.7413	11.9469	49.9025	200
3051	22.7865	12.3683	49.5259	200
3052	22.9553	12.7628	49.1569	200
3053	23.6902	13.1157	48.8032	200
3054	23.9082	13.4429	48.4574	200
3055	23.8059	13.7542	48.115	200
3056	22.9056	14.0724	47.7649	200
3057	31.0006	14.1472	47.5321	200
3058	31.3807	14.2029	47.3077	200
3059	31.4103	14.25	47.0869	200
3060	29.0013	14.3565	46.8358	200
3061	29.0279	14.4524	46.5884	200
3062	33.1147	14.4252	46.4013	200
3063	33.9214	14.3712	46.228	200
3064	33.8705	14.3152	46.0563	200
3065	37.4071	14.1578	45.9362	200
3066	37.6158	13.9957	45.8206	200
3067	37.4	13.8408	45.7037	200
3068	37.3424	13.6886	45.5876	200
3069	41.5002	13.4219	45.5308	200
3070	42.0703	13.1452	45.4827	200
3071	45.2163	12.7874	45.479	200
3072	45.7641	12.4402	45.483	200
3073	46.0297	12.1098	45.4906	200
3074	48.3389	11.8782	45.5262	200
3033	121.701	13.4857	46.4784	200
3075	43.667	13.2188	46.4432	200
3076	43.6771	12.9575	46.4086	200
3077	44.6796	12.6768	46.387	200
3078	44.6121	12.4042	46.3648	200
3079	44.0821	12.1512	46.3363	200
3080	39.376	12.0214	46.2493	200
3081	44.7905	11.7573	46.2311	200
3082	48.2601	11.5141	46.2564	200
3083	47.7034	11.2625	46.2745	200
3084	48.8857	11.0462	46.3072	200
3085	50.8695	10.8841	46.3642	200
3086	51.223	10.7334	46.4249	200
3087	46.8958	10.4769	46.4308	200
3088	47.75	10.2479	46.4473	200
3089	45.2895	10.0207	46.4328	200
3090	45.3528	9.79717	46.4193	200
3091	46.0477	9.56153	46.4147	200
3092	46.5465	9.32579	46.4163	200
3093	45.0976	9.12561	46.3998	200
3094	43.0563	8.98106	46.358	200
3095	42.4734	8.85365	46.3095	200
3096	41.9635	8.74095	46.2552	200
3097	41.6101	8.63856	46.1971	200
3098	41.7038	8.53492	46.1409	200
3099	41.7065	8.43241	46.0855	200
3100	41.8711	8.32696	46.0328	200
3101	43.9372	8.17118	46.0066	200
3102	54.353	8.17555	46.1109	200
3103	59.0559	8.29479	46.2728	200
3104	57.7597	8.37459	46.4163	200
3105	58.572	8.46912	46.5683	200
3106	60.6483	8.60939	46.7443	200
3107	60.6302	8.7413	46.9179	200
3108	66.1804	9.00433	47.1586	200
3109	65.4374	9.23619	47.3871	200
3110	65.7554	9.46449	47.6167	200
3111	64.3821	9.64702	47.8263	200
3112	64.6274	9.82587	48.0363	200
3113	65.306	10.012	48.2522	200
3114	64.9026	10.1628	48.4414	200
3115	65.3039	10.3151	48.633	200
3116	65.7971	10.4708	48.8281	200
3117	65.9686	10.6223	49.0228	200
3118	70.5349	10.8698	49.2673	200
3119	81.3466	11.3519	49.6318	200
3120	85.6144	11.9117	50.0407	200
3121	91.2237	12.5769	50.5087	200
3122	88.0021	13.1432	50.9348	200
3123	76.4037	13.4233	51.2242	200
3124	70.4944	13.5562	51.4432	200
3125	71.0876	13.6946	51.6664	200
3126	68.3531	13.7626	51.856	200
3127	68.8373	13.8357	52.049	200
3128	70.8313	13.9482	52.2624	200
3129	64.5325	13.91	52.4019	200
3130	67.1128	13.9282	52.569	200
3131	67.4119	13.949	52.7377	200
3132	67.2213	13.9612	52.9023	200
3133	66.6361	13.956	53.0583	200
3134	66.305	13.9399	53.2089	200
3135	67.7176	13.9528	53.3737	200
3136	68.0395	13.969	53.5404	200
3137	67.7094	13.9735	53.7014	200
3138	67.7752	13.9758	53.8613	200
3139	66.9701	13.9561	54.0103	200
3140	62.4702	13.8312	54.1064	200
3141	56.2333	13.5652	54.1306	200
3142	53.9939	13.26	54.1291	200
3143	57.14	13.0271	54.1633	200
3144	56.4839	12.7837	54.1896	200
3145	53.9357	12.499	54.1868	200
3146	53.568	12.229	54.1797	200
3147	55.0381	11.9705	54.1895	200
3148	56.3876	11.7484	54.2145	200
3149	56.5251	11.5339	54.2407	200
3150	56.1952	11.3162	54.2629	200
3151	56.129	11.1015	54.2841	200
3152	53.8713	10.8585	54.2794	200
3153	53.788	10.6229	54.2738	200
3154	54.2008	10.3831	54.273	200
3155	56.1469	10.1897	54.2943	200
3156	57.1098	10.0221	54.3263	200
3157	56.4757	9.84322	54.3507	200
3158	57.0941	9.68186	54.3819	200
3159	59.4595	9.58594	54.4348	200
3160	61.2967	9.52919	54.5063	200
3161	61.2393	9.47093	54.5764	200
3162	61.3025	9.41375	54.6465	200
3163	61.2849	9.35593	54.7156	200
3164	64.9009	9.37321	54.8217	200
3165	64.5844	9.38132	54.9234	200
3166	54.8563	9.18727	54.9227	200
3167	46.6934	9.16731	54.837	200
3168	45.2852	9.17532	54.7375	200
3169	43.8961	9.21003	54.6246	200
3170	44.1148	9.23711	54.5151	200
3171	43.4026	9.27618	54.3993	200
3172	40.4473	9.37359	54.254	200
3173	40.3097	9.46881	54.1087	200
3174	41.1235	9.54207	53.9735	200
3175	45.1509	9.52708	53.8816	200
3176	46.4191	9.48407	53.8038	200
3177	47.4102	9.41968	53.7372	200
3178	46.4359	9.37555	53.6612	200
3179	45.712	9.34583	53.5784	200
3180	45.8455	9.30918	53.4905	200
3181	48.6463	9.2077	53.4355	200
3182	49.4178	9.07795	53.3852	200
3183	47.7973	8.9907	53.3154	200
3184	48.0394	8.88751	53.2421	200
3185	52.1903	8.66985	53.2275	200
3186	52.8322	8.41127	53.2213	200
3187	54.3709	8.18434	53.2393	200
3188	47.3915	8.10089	53.1349	200
3189	46.4014	8.05206	53.0146	200
3190	47.1399	7.96133	52.8922	200
3191	47.0588	7.87267	52.7707	200
3192	47.8986	7.74765	52.6692	200
3193	47.7937	7.62797	52.5676	200
3194	45.4334	7.6074	52.419	200
3195	44.8813	7.60449	52.262	200
3196	44.9137	7.59381	52.1089	200
3197	44.3373	7.60122	51.947	200
3198	44.4956	7.59498	51.7917	200
3199	40.1814	7.76228	51.5498	200
3200	39.2547	7.92417	51.3303	200
3201	40.5629	8.02571	51.138	200
3202	44.1638	7.98816	51.0135	200
3203	22.2783	8.72912	50.5003	200
3204	23.7502	9.37273	50.0227	200
3205	23.7689	9.97563	49.5538	200
3206	23.7387	10.5413	49.0928	200
3207	23.7863	11.0686	48.6409	200
3208	24.4226	11.5383	48.2085	200
3209	25.7896	11.9269	47.8081	200
3210	25.0759	12.3128	47.4022	200
3211	27.7835	12.6172	46.9935	200
3212	29.813	12.8073	46.6356	200
3213	31.1925	12.9391	46.2495	200
3214	31.6806	13.0206	45.8853	200
3215	30.1781	13.1885	45.3944	200
3216	26.1973	13.564	44.7945	200
3217	23.6068	14.0405	44.1324	200
3218	22.9485	14.487	43.4704	200
3219	22.021	14.9221	42.8001	200
3220	21.7712	15.3038	42.1429	200
3221	21.518	15.6364	41.4984	200
3222	21.5764	15.9042	40.8758	200
3223	20.2596	16.1987	40.2316	200
3224	9.86598	17.0842	39.2827	200
3225	9.29665	17.8905	38.3456	200
3226	10.4541	18.5156	37.474	200
3227	11.2339	18.9984	36.654	200
3228	11.2062	19.4015	35.8587	200
3229	11.207	19.7296	35.0884	200
3230	13.4189	19.8508	34.4112	200
3231	25.4763	19.1686	34.132	200
3232	27.4171	18.3902	33.9221	200
3233	26.4555	17.8441	33.7355	200
3234	26.818	17.2977	33.5625	200
3235	24.7543	16.8733	33.3423	200
3236	23.4922	16.5221	33.0961	200
3237	22.8291	16.2093	32.8394	200
3238	22.4726	15.9172	32.5802	200
3239	19.0635	15.7972	32.2423	200
3240	8.87351	16.1758	31.6581	200
3241	8.43645	16.5281	31.0775	200
3242	8.96302	16.8074	30.5247	200
3243	19.0069	16.5429	30.2367	200
3244	19.3922	16.258	29.9656	200
3245	21.1187	15.8874	29.7445	200
3246	22.2828	15.4661	29.5579	200
3247	25.3878	14.9013	29.4537	200
3248	27.6154	14.2482	29.4077	200
3249	28.527	13.5798	29.3857	200
3250	27.9262	12.9738	29.3492	200
3251	31.2118	12.4182	29.3958	200
3252	32.0644	11.9307	29.4625	200
3253	34.4035	11.5813	29.586	200
3254	23.2062	11.3645	29.4531	200
3255	23.0733	11.1568	29.3202	200
3256	37.6792	11.0403	29.4943	200
3257	41.1731	11.0669	29.7376	200
3258	39.2166	11.0007	29.9351	200
3259	38.9042	10.9161	30.122	200
3260	39.5374	10.8535	30.3181	200
3261	38.4111	10.7385	30.4867	200
3262	34.1361	10.4431	30.5627	200
3263	33.4962	10.1302	30.6239	200
3264	31.8001	9.75713	30.6484	200
3265	32.4574	9.42596	30.6861	200
3266	31.9564	9.08614	30.7125	200
3267	31.9877	8.76069	30.7391	200
3268	50.6923	9.22704	31.1548	200
3269	47.0807	9.50616	31.4866	200
3270	46.3885	9.73099	31.797	200
3271	45.8032	9.90912	32.0888	200
3272	47.4268	10.1353	32.4084	200
3273	47.859	10.3568	32.7302	200
3274	48.7836	10.5942	33.0647	200
3275	50.0704	10.8613	33.419	200
3276	50.0819	11.103	33.7661	200
3277	64.8931	11.9374	34.4146	200
3278	67.5415	12.6941	35.0062	200
3279	74.1755	13.6397	35.7056	200
3280	73.873	14.5157	36.3872	200
3281	68.3104	15.1374	36.9572	200
3282	71.6503	15.8358	37.5767	200
3283	72.1682	16.5056	38.1944	200
3284	71.9986	17.1234	38.7981	200
3285	74.4109	17.7838	39.434	200
3286	76.6065	18.4762	40.0978	200
3287	82.1003	19.3164	40.8479	200
3288	80.7	20.0499	41.5595	201.958
3289	80.1438	20.7118	42.2485	207.943
3290	74.32	21.1175	42.8212	211.761
3291	77.9124	21.6166	43.4479	216.38
3292	82.0638	22.2237	44.1374	221.927
3293	88.0705	22.999	44.9219	228.914
3294	88.1834	23.7227	45.6945	235.476
3295	82.8178	24.2013	46.3574	239.968
3296	81.0721	24.5768	46.9773	243.591
3297	83.3106	24.9966	47.6261	247.599
3298	86.311	25.4855	48.3169	252.201
3299	82.4441	25.7941	48.9263	255.279
3300	83.1245	26.0943	49.537	258.291
3301	80.2535	26.2594	50.0855	260.16
3302	81.0172	26.4262	50.6379	262.048
3303	82.555	26.6223	51.2078	264.186
3304	76.4353	26.5725	51.6583	264.238
3305	74.0342	26.4226	52.0579	263.439
3306	74.8301	26.2923	52.4645	262.803
3307	68.5433	25.9731	52.7157	260.5
3308	57.2907	25.3044	52.7872	255.222
3309	57.3974	24.6577	52.8593	250.121
3310	59.0725	24.0813	52.9563	245.607
3311	57.0877	23.4579	53.0209	240.684
3312	54.9588	22.7854	53.0512	235.334
3313	52.6664	22.0854	53.0452	229.728
3314	51.7023	21.4372	53.0242	224.521
3315	48.0799	20.9217	52.9469	220.321
3316	44.5327	20.5309	52.8154	217.063
3317	43.6522	20.1756	52.6723	214.077
3318	42.5408	19.8618	52.514	211.408
3319	42.3732	19.558	52.3555	208.819
3320	43.8695	19.212	52.2229	205.919
3321	44.4551	18.8544	52.1015	202.936
3322	47.2618	18.4164	52.0259	200
3323	47.667	17.9771	51.9578	200
3324	61.9389	17.7272	52.1138	200
3325	63.3721	17.5251	52.2897	200
3326	51.0733	17.0154	52.2707	200
3327	51.5545	16.5061	52.2595	200
3328	52.9248	16.011	52.2699	200
3329	53.7348	15.5565	52.2928	200
3330	56.1969	15.1923	52.3538	200
3331	57.7806	14.8872	52.4386	200
3332	59.8721	14.6542	52.5547	200
3333	64.3994	14.5664	52.7398	200
3334	65.838	14.5206	52.9444	200
3335	65.7594	14.4673	53.1447	200
3336	64.4382	14.3681	53.3211	200
3337	64.4165	14.2658	53.4945	200
3338	62.2986	14.0951	53.6321	200
3339	63.7421	13.9706	53.79	200
3340	64.1434	13.8701	53.9338	200
3341	49.5916	13.6054	53.8735	200
3342	48.2935	13.3825	53.796	200
3343	52.9842	13.0333	53.7847	200
3344	54.0441	12.6785	53.7884	200
3345	52.4705	12.3629	53.77	200
3346	51.4632	12.0836	53.738	200
3347	49.0242	11.8789	53.6725	200
3348	48.4069	11.6952	53.5994	200
3349	47.2277	11.5473	53.5109	200
3350	44.6617	11.4723	53.388	200
3351	44.783	11.3927	53.2685	200
3352	44.8851	11.3091	53.152	200
3353	44.3415	11.2397	53.0297	200
3354	44.3285	11.1692	52.9088	200
3355	45.6711	11.06	52.8083	200
3356	45.0304	10.9688	52.7003	200
3357	45.3654	10.8679	52.5984	200
3358	45.1194	10.7737	52.4945	200
3359	43.7401	10.7176	52.3729	200
3360	44.3406	10.643	52.2614	200
3361	45.8049	10.5268	52.1717	200
3362	44.2351	10.4548	52.0615	200
3363	45.2949	10.3524	51.9675	200
3364	44.716	10.2662	51.8668	200
3365	45.053	10.1703	51.7721	200
3366	44.9212	10.0781	51.677	200
3367	44.78	9.98975	51.5812	200
3368	43.8705	9.92644	51.4741	200
3369	42.958	9.88726	51.3558	200
3370	40.8904	9.90332	51.2105	200
3371	43.5582	9.84079	51.1042	200
3372	42.8907	9.79559	50.9901	200
3373	44.2891	9.70963	50.897	200
3374	44.1391	9.62763	50.8032	200
3375	45.1952	9.51598	50.7253	200
3376	47.2859	9.34718	50.6775	200
3377	49.6209	9.11689	50.6628	200
3378	51.712	8.86477	50.6792	200
3379	51.0853	8.60043	50.6856	200
3380	49.6313	8.33093	50.6668	200
3381	50.6051	8.0356	50.6657	200
3382	48.9821	7.77093	50.6306	200
3383	48.9053	7.51902	50.5946	200
3384	49.1363	7.21599	50.5582	200
3385	51.6414	6.90935	50.5853	200
3386	50.7891	6.57407	50.5904	200
3387	50.8406	6.25788	50.5966	200
3388	51.0028	5.9653	50.6068	200
3389	51.7509	5.72424	50.6354	200
3390	49.6351	5.48804	50.6104	200
3391	51.054	5.23582	50.6214	200
3392	50.3457	4.98781	50.6146	200
3393	51.7769	4.79654	50.6436	200
3394	51.7291	4.61099	50.6707	200
3395	29.5632	5.43581	50.1431	200
3396	32.599	6.04122	49.7045	200
3397	32.3304	6.60786	49.2701	200
3398	46.151	6.43342	49.1921	200
3399	46.9883	6.25719	49.1462	200
3400	46.1748	6.12028	49.0843	200
3401	46.1734	5.98656	49.0237	200
3402	46.9605	5.82308	48.9807	200
3403	45.6594	5.71884	48.9115	200
3404	45.5318	5.62137	48.8411	200
3405	45.5266	5.52525	48.772	200
3406	32.3181	5.98061	48.4292	200
3407	29.645	6.5141	48.0379	200
3408	29.6535	7.00869	47.6549	200
3409	21.3167	7.81409	47.1062	200
3410	22.1942	8.5265	46.5872	200
3411	21.2394	9.22739	46.0591	200
3412	21.2987	9.87459	45.5433	200
3413	22.2849	10.4323	45.0587	200
3414	24.3005	10.8625	44.6262	200
3415	26.1088	11.1815	44.2405	200
3416	25.5544	11.4941	43.8512	200
3417	36.6898	11.3136	43.702	200
3418	37.3542	11.1067	43.5697	200
3419	38.651	10.8489	43.4673	200
3420	37.9509	10.6267	43.3523	200
3421	33.1617	10.6085	43.14	200
3422	35.3682	10.4903	42.9781	200
3423	35.098	10.3598	42.7811	200
3424	34.7295	10.2444	42.5798	200
3425	35.457	10.0493	42.3572	200
3426	35.0663	9.87689	42.1294	200
3427	33.0264	9.8124	41.7501	200
3428	31.7078	9.83156	41.3317	200
3429	36.5105	9.41402	41.1308	200
3430	31.5177	9.42646	40.8304	200
3431	30.3832	9.49025	40.5039	200
3432	29.014	9.61523	40.1448	200
3433	28.9926	9.7113	39.7963	200
3434	22.4789	10.1867	39.2552	200
3435	27.3248	10.2957	38.8823	200
3436	27.1659	10.3845	38.5162	200
3437	30.0744	10.263	38.2524	200
3438	28.814	10.2115	37.9574	200
3439	29.9873	10.0714	37.7084	200
3440	29.9821	9.92484	37.4669	200
3441	30.0169	9.77016	37.2341	200
3442	37.0815	9.16906	37.2293	200
3443	35.536	8.70183	37.1764	200
3444	30.7901	8.55711	36.9769	200
3445	28.5255	8.5505	36.7128	200
3446	29.9286	8.4401	36.5007	200
3447	25.3273	8.57677	36.2214	200
3448	23.7024	8.77388	35.9084	200
3449	23.8062	8.9403	35.6059	200
3450	23.7446	9.08634	35.3093	200
3451	19.4332	9.42583	34.9124	200
3452	26.6763	9.36635	34.7065	200
3453	25.9724	9.33474	34.4882	200
3454	26.6618	9.25932	34.2925	200
3455	26.3258	9.19469	34.0934	200
3456	27.8597	9.04664	33.9375	200
3457	30.3548	8.77344	33.8479	200
3458	32.1116	8.42159	33.8045	200
3459	33.8884	8.0047	33.8066	200
3460	34.0105	7.61466	33.8117	200
3461	27.1966	7.56468	33.6463	200
3462	17.7089	7.98332	33.2479	200
3463	19.0024	8.29643	32.8918	200
3464	18.4342	8.60449	32.5303	200
3465	17.9698	8.90229	32.1663	200
3466	17.1273	9.20912	31.7903	200
3467	18.5049	9.37897	31.5136	200
3468	17.8451	9.5577	31.2288	200
3469	18.3934	9.69427	30.9614	200
3470	18.8148	9.79645	30.7083	200
3471	18.7251	9.88757	30.4587	200
3472	19.4852	9.93281	30.2301	200
3473	17.3296	10.0565	29.9613	200
3474	17.4276	10.1597	29.7002	200
3475	18.0444	10.222	29.4574	200
3476	18.1074	10.269	29.2209	200
3477	19.7017	10.2378	29.0226	200
3478	20.209	10.1784	28.839	200
3479	21.0796	10.0776	28.6773	200
3480	21.1712	9.9705	28.5209	200
3481	20.3	9.8976	28.3497	200
3482	22.2428	9.73965	28.2224	200
3483	23.238	9.54151	28.1186	200
3484	24.3209	9.30219	28.0395	200
3485	26.2584	8.98881	28.0024	200
3486	25.6813	8.71099	27.954	200
3487	24.893	8.47557	27.8902	200
3488	25.2008	8.23448	27.8342	200
3489	23.7594	8.06117	27.7493	200
3490	23.7555	7.89169	27.6661	200
3491	24.2307	7.70601	27.5945	200
3492	25.3824	7.5098	27.555	200
3493	27.388	7.24756	27.5521	200
3494	28.9457	7.03849	27.5769	200
3495	25.6588	6.85562	27.5427	200
3496	24.2159	6.72959	27.4833	200
3497	22.5467	6.66556	27.3951	200
3498	20.0205	6.69088	27.2634	200
3499	19.4433	6.73121	27.1238	200
3500	19.44	6.76523	26.9866	200
3501	19.0866	6.80576	26.8455	200
3502	18.925	6.84557	26.7041	200
3503	19.094	6.87287	26.5682	200
3504	19.3575	6.88494	26.4394	200
3505	20.0151	6.86849	26.3247	200
3506	20.1081	6.8452	26.2137	200
3507	15.9765	6.96634	26.0309	200
3508	15.4378	7.09587	25.8417	200
3509	20.3852	7.03732	25.7443	200
3510	21.3068	6.94447	25.665	200
3511	24.8044	6.72719	25.6497	200
3512	28.5568	6.59075	25.7016	200
3513	29.9101	6.50568	25.7767	200
3514	29.7893	6.41664	25.8484	200
3515	30.6216	6.35794	25.9336	200
3516	31.2953	6.32236	26.0294	200
3517	33.9566	6.37968	26.1709	200
3518	37.3904	6.55253	26.3713	200
3519	38.1455	6.73902	26.5815	200
3520	39.0014	6.94191	26.8033	200
3521	36.1807	7.01801	26.9498	200
3522	35.4822	7.06534	27.0831	200
3523	33.2458	7.03713	27.1794	200
3524	27.3653	6.82303	27.1823	200
3525	36.9806	6.916	27.3354	200
3526	36.7532	6.99418	27.4826	200
3527	32.8962	6.94479	27.5672	200
3528	31.7156	6.8574	27.632	200
3529	32.8723	6.80687	27.7139	200
3530	32.0041	6.72822	27.7809	200
3531	33.578	6.69912	27.8715	200
3532	30.8139	6.58173	27.9175	200
3533	28.0878	6.38137	27.9201	200
3534	27.8878	6.18296	27.9196	200
3535	27.7319	5.99561	27.9167	200
3536	44.0462	6.3123	28.1687	200
3537	49.4364	6.77965	28.501	200
3538	49.3498	7.21931	28.8268	200
3539	50.6385	7.67532	29.1676	200
3540	50.4271	8.09983	29.4998	200
3541	41.0828	8.20868	29.6807	200
3542	37.8577	8.20769	29.8085	200
3543	39.0384	8.23963	29.9527	200
3544	39.3767	8.27664	30.1	200
3545	38.321	8.2749	30.2284	200
3546	38.3762	8.27093	30.3557	200
3547	36.3064	8.19842	30.4487	200
3548	38.4421	8.19201	30.5736	200
3549	39.0022	8.1994	30.7053	200
3550	48.0056	8.48381	30.9756	200
3551	54.2507	8.94603	31.3393	200
3552	39.4035	8.91848	31.4653	200
3553	41.385	8.94976	31.6203	200
3554	37.3692	8.86085	31.7001	200
3555	37.7761	8.78349	31.7845	200
3556	37.1811	8.68941	31.8595	200
3557	37.4571	8.60353	31.9372	200
3558	37.7846	8.52697	32.0184	200
3559	38.4708	8.46934	32.1081	200
3560	37.4195	8.38162	32.1818	200
3561	37.6638	8.30108	32.258	200
3562	37.3798	8.21276	32.3291	200
3563	38.9695	8.16909	32.4213	200
3564	39.9274	8.15067	32.5256	200
3565	38.7783	8.09795	32.6124	200
3566	38.3113	8.03131	32.6916	200
3567	30.7064	7.86336	32.664	200
3568	28.396	7.76349	32.6047	200
3569	27.5944	7.68701	32.5351	200
3570	27.0236	7.62658	32.4586	200
3571	29.4249	7.499	32.4164	200
3572	29.4563	7.37292	32.3753	200
3573	31.1947	7.20091	32.3589	200
3574	31.1995	7.03309	32.3428	200
3575	32.4415	6.84047	32.3442	200
3576	34.1777	6.70139	32.3697	200
3577	35.7846	6.6101	32.4171	200
3578	38.1547	6.58586	32.4968	200
3579	37.8572	6.55182	32.5712	200
3580	38.439	6.53282	32.6527	200
3581	36.6855	6.46337	32.7087	200
3582	35.5584	6.36299	32.7483	200
3583	34.6984	6.24041	32.7754	200
3584	34.5869	6.11738	32.8006	200
3585	32.5939	5.9532	32.7977	200
3586	29.52	5.87888	32.7522	200
3587	34.4416	5.7625	32.7756	200
3588	35.1034	5.66709	32.808	200
3589	35.5396	5.58555	32.8459	200
3590	36.13	5.52162	32.8915	200
3591	35.4827	5.44836	32.9239	200
3592	33.5711	5.32833	32.932	200
3593	33.5581	5.21078	32.9398	200
3594	39.0473	5.23319	33.0162	200
3595	38.5499	5.24071	33.0853	200
3596	35.9847	5.18217	33.1216	200
3597	33.9946	5.07444	33.1325	200
3598	33.3337	4.95261	33.135	200
3599	33.1452	4.82905	33.1351	200
3600	33.4382	4.7159	33.1389	200
3601	33.6184	4.60999	33.1449	200
3602	33.3299	4.49937	33.1472	200
3603	32.5703	4.4013	33.14	200
3604	33.4897	4.30001	33.1444	200
3605	38.8221	4.33445	33.2154	200
3606	34.6729	4.26253	33.2336	200
3607	33.8382	4.17108	33.2411	200
3608	31.7389	4.10436	33.2224	200
3609	33.6187	4.01166	33.2273	200
3610	36.3951	3.99056	33.2669	200
3611	36.7862	3.97878	33.3109	200
3612	37.9987	3.9965	33.3695	200
3613	38.7512	4.03113	33.4368	200
3614	34.0803	3.94644	33.4448	200
3615	33.8689	3.85839	33.4501	200
3616	34.035	3.77655	33.4574	200
3617	34.1042	3.6983	33.4655	200
3618	34.94	3.64271	33.4839	200
3619	35.592	3.60434	33.5103	200
3620	35.5148	3.56434	33.5353	200
3621	37.2233	3.56744	33.5814	200
3622	39.789	3.63344	33.659	200
3623	40.5198	3.71412	33.7448	200
3624	40.3433	3.78623	33.8273	200
3625	35.508	3.73359	33.8483	200
3626	38.9483	3.76775	33.912	200
3627	42.1617	3.8798	34.0151	200
3628	45.0219	4.05797	34.1527	200
3629	44.7441	4.22131	34.2851	200
3630	43.4401	4.34465	34.3996	200
3631	44.1199	4.47904	34.5211	200
3632	43.7742	4.58754	34.6262	200
3633	51.6892	4.87108	34.8201	200
3634	50.9064	5.12597	35.0029	200
3635	49.8279	5.3464	35.1714	200
3636	50.1547	5.56542	35.3416	200
3637	50.8857	5.79221	35.5183	200
3638	51.9249	6.03344	35.7047	200
3639	52.8689	6.28641	35.8998	200
3640	52.8949	6.52979	36.0929	200
3641	52.7177	6.75922	36.2818	200
3642	51.5768	6.95322	36.4556	200
3643	50.1651	7.10677	36.6114	200
3644	51.915	7.29306	36.7853	200
3645	51.9713	7.47245	36.9579	200
3646	52.0386	7.64536	37.1292	200
3647	48.7153	7.73492	37.2609	200
3648	45.0797	7.73683	37.3498	200
3649	50.8233	7.86721	37.5029	200
3650	50.0482	7.97353	37.6454	200
3651	49.2103	8.05515	37.7768	200
3652	49.2307	8.13239	37.907	200
3653	51.2704	8.25128	38.0589	200
3654	51.7217	8.37427	38.2141	200
3655	43.8722	8.31254	38.2784	200
3656	42.883	8.22826	38.3307	200
3657	41.8604	8.12148	38.3708	200
3658	40.5577	7.9866	38.3957	200
3659	42.417	7.89648	38.4414	200
3660	43.5539	7.83321	38.4995	200
3661	42.3427	7.74252	38.5432	200
3662	42.3488	7.65305	38.5864	200
3663	43.6117	7.59333	38.6435	200
3664	46.6631	7.60301	38.7346	200
3665	46.4328	7.60518	38.8221	200
3666	44.6766	7.56539	38.8886	200
3667	45.2877	7.53888	38.9614	200
3668	43.9286	7.48043	39.0178	200
3669	42.9997	7.40092	39.0631	200
3670	43.5955	7.33573	39.1146	200
3671	41.067	7.21338	39.1367	200
3672	40.3655	7.07737	39.1507	200
3673	40.441	6.94584	39.1654	200
3674	41.0706	6.83128	39.187	200
3675	39.7591	6.68903	39.1935	200
3676	43.4425	6.63357	39.2418	200
3677	42.07	6.55429	39.2713	200
3678	41.789	6.4702	39.2975	200
3679	42.0485	6.39271	39.3261	200
3680	42.3243	6.32199	39.3574	200
3681	43.3781	6.27405	39.3993	200
3682	42.1365	6.20036	39.4278	200
3683	40.6136	6.09589	39.4401	200
3684	40.1394	5.98346	39.4474	200
3685	40.1163	5.87274	39.4544	200
3686	39.6922	5.75535	39.4568	200
3687	36.5898	5.69517	39.427	200
3688	36.6679	5.634	39.3982	200
3689	36.6223	5.57446	39.3693	200
3690	38.7345	5.47155	39.3627	200
3691	39.9997	5.37083	39.3693	200
3692	41.7558	5.30866	39.3942	200
3693	42.9115	5.27134	39.4308	200
3694	38.8754	5.17309	39.4251	200
3695	40.1908	5.08127	39.433	200
3696	40.1382	4.9901	39.4404	200
3697	40.8547	4.9156	39.4551	200
3698	40.842	4.84209	39.4696	200
3699	37.9486	4.7729	39.4537	200
3700	38.7693	4.68772	39.4466	200
3701	41.0348	4.62315	39.4631	200
3702	47.5166	4.69461	39.547	200
3703	49.3554	4.80115	39.6492	200
3704	51.1962	4.94168	39.7695	200
3705	48.9935	5.0309	39.8655	200
3706	48.9796	5.11597	39.9605	200
3707	49.7547	5.21343	40.0625	200
3708	49.6458	5.30447	40.1623	200
3709	51.819	5.43681	40.2838	200
3710	51.156	5.55004	40.397	200
3711	50.4081	5.64298	40.5013	200
3712	49.7082	5.71723	40.5972	200
3713	50.5991	5.80649	40.7014	200
3714	49.0443	5.85934	40.7883	200
3715	47.6514	5.88025	40.8598	200
3716	45.9687	5.86418	40.913	200
3717	47	5.86882	40.9764	200
3718	46.2345	5.8561	41.0312	200
3719	44.8761	5.8142	41.0712	200
3720	45.6207	5.78785	41.1186	200
3721	44.9436	5.74695	41.1585	200
3722	45.6071	5.71991	41.2048	200
3723	45.8066	5.69661	41.2527	200
3724	45.3813	5.66394	41.2957	200
3725	46.6978	5.65849	41.352	200
3726	45.9707	5.63849	41.3964	200
3727	45.2258	5.6037	41.4332	200
3728	45.7611	5.57916	41.4749	200
3729	43.7582	5.51578	41.4968	200
3730	47.5773	5.52664	41.5553	200
3731	47.599	5.53658	41.6134	200
3732	46.2383	5.51905	41.6579	200
3733	46.9341	5.51438	41.7086	200
3734	46.217	5.49504	41.7519	200
3735	47.5833	5.5015	41.808	200
3736	47.7594	5.51016	41.8652	200
3737	47.6032	5.51454	41.9204	200
3738	46.8646	5.50357	41.9679	200
3739	45.7171	5.46983	42.004	200
3740	46.3116	5.44748	42.0454	200
3741	48.5364	5.46754	42.1078	200
3742	51.9596	5.55185	42.2026	200
3743	57.3084	5.73558	42.3478	200
3744	57.9796	5.92589	42.4981	200
3745	57.8629	6.10741	42.6458	200
3746	58.591	6.2966	42.7992	200
3747	59.897	6.50431	42.9636	200
3748	61.6853	6.73926	43.1436	200
3749	62.6515	6.98481	43.3312	200
3750	62.2142	7.21363	43.5127	200
3751	62.7089	7.44406	43.6973	200
3752	61.4682	7.64265	43.8682	200
3753	55.5754	7.72081	43.9807	200
3754	53.0229	7.74622	44.0677	200
3755	52.8597	7.76633	44.1522	200
3756	49.0099	7.7104	44.1989	200
3757	47.7048	7.62954	44.2326	200
3758	48.3514	7.56203	44.2722	200
3759	48.4083	7.49614	44.312	200
3760	46.9876	7.40344	44.3377	200
3761	46.2947	7.2987	44.3566	200
3762	47.7085	7.2228	44.3888	200
3763	48.3092	7.15929	44.4265	200
3764	47.4776	7.08029	44.4558	200
3765	46.7427	6.98811	44.4778	200
3766	50.3731	6.96709	44.5345	200
3767	50.2002	6.94207	44.589	200
3768	44.601	6.80879	44.5891	200
3769	39.9791	6.76651	44.5448	200
3770	40.2495	6.71898	44.5035	200
3771	39.3397	6.68908	44.4538	200
3772	38.6225	6.67258	44.3977	200
3773	37.4767	6.67736	44.3312	200
3774	37.3161	6.68385	44.2637	200
3775	37.4888	6.6856	44.1986	200
3776	37.2602	6.69046	44.1319	200
3777	39.3948	6.6529	44.0863	200
3778	40.0548	6.60249	44.0476	200
3779	41.9884	6.52135	44.0292	200
3780	43.8674	6.40779	44.0277	200
3781	43.9902	6.29404	44.0274	200
3782	44.0927	6.18281	44.028	200
3783	44.1344	6.0743	44.0289	200
3784	44.1685	5.96832	44.0302	200
3785	44.0213	5.8619	44.0301	200
3786	44.7327	5.76977	44.0364	200
3787	44.7335	5.67919	44.0426	200
3788	44.1111	5.579	44.0432	200
3789	43.8957	5.48201	44.0419	200
3790	44.2561	5.38794	44.0438	200
3791	45.4467	5.31678	44.0563	200
3792	46.1404	5.25905	44.0749	200
3793	42.1154	5.20013	44.0574	200
3794	39.939	5.18081	44.0207	200
3795	40.3566	5.15372	43.9879	200
3796	37.8132	5.17196	43.9328	200
3797	37.7359	5.19026	43.8775	200
3798	38.6665	5.19063	43.831	200
3799	39.5209	5.1749	43.7925	200
3800	40.0338	5.14961	43.7589	200
3801	38.8023	5.14616	43.7147	200
3802	38.1449	5.15373	43.6649	200
3803	38.8994	5.1468	43.6224	200
3804	36.7486	5.17764	43.561	200
3805	36.973	5.20282	43.5022	200
3806	37.6662	5.21413	43.4501	200
3807	36.2734	5.24917	43.386	200
3808	33.2395	5.33662	43.2954	200
3809	34.0545	5.40634	43.2129	200
3810	34.0964	5.47259	43.1315	200
3811	34.0652	5.53677	43.0505	200
3812	34.0094	5.59934	42.9698	200
3813	33.412	5.67003	42.8845	200
3814	32.0972	5.76141	42.7882	200
3815	32.7433	5.84378	42.6916	200
3816	32.8887	5.91992	42.5973	200
3817	33.1236	5.99395	42.4986	200
3818	32.8261	6.07059	42.3979	200
3819	31.5536	6.17908	42.2746	200
3820	30.7914	6.29963	42.1442	200
3821	31.4719	6.40895	42.0108	200
3822	32.54	6.48549	41.8924	200
3823	33.7746	6.53083	41.7796	200
3824	34.8765	6.54117	41.6837	200
3825	42.1352	6.35086	41.6908	200
3826	42.8501	6.18863	41.7089	200
3827	42.9401	6.01158	41.7309	200
3828	45.6851	5.9381	41.8015	200
3829	47.253	5.92072	41.8989	200
3830	48.9683	5.96175	42.0251	200
3831	48.8614	5.99298	42.1472	200
3832	49.0494	6.02545	42.2704	200
3833	49.7846	6.07862	42.4046	200
3834	49.4903	6.11458	42.5311	200
3835	50.918	6.18559	42.6622	200
3836	50.9182	6.25029	42.7912	200
3837	51.0926	6.31439	42.9209	200
3838	50.6018	6.3571	43.0409	200
3839	50.3489	6.38681	43.1551	200
3840	50.3916	6.41336	43.2682	200
3841	51.0627	6.45653	43.39	200
3842	26.2181	6.79138	43.1216	200
3843	23.52	7.1917	42.8154	200
3844	21.9611	7.61865	42.4895	200
3845	20.9492	8.05371	42.1529	200
3846	20.7672	8.47033	41.8188	200
3847	23.1135	8.79017	41.5265	200
3848	21.8298	9.131	41.2188	200
3849	22.8157	9.42075	40.9312	200
3850	23.4905	9.67138	40.6587	200
3851	23.5217	9.90468	40.3909	200
3852	23.5064	10.1228	40.1271	200
3853	23.5054	10.3259	39.8674	200
3854	23.2669	10.522	39.608	200
3855	24.3188	10.6709	39.3691	200
3856	24.9653	10.7876	39.1441	200
3857	26.2636	10.853	38.9428	200
3858	32.0284	10.7299	38.8348	200
3859	32.0065	10.608	38.7281	200
3860	32.2913	10.4776	38.6275	200
3861	33.2929	10.3169	38.5441	200
3862	34.3247	10.1264	38.4782	200
3863	32.8728	9.98509	38.3906	200
3864	34.982	9.77958	38.3374	200
3865	34.2986	9.60018	38.2743	200
3866	35.6503	9.38217	38.2333	200
3867	36.3821	9.14683	38.2043	200
3868	35.5806	8.96563	38.1679	200
3869	34.8521	8.80869	38.1218	200
3870	34.9063	8.65332	38.0772	200
3871	34.9042	8.50109	38.0331	200
3872	34.2457	8.35379	37.9739	200
3873	33.4314	8.23468	37.903	200
3874	31.4319	8.1717	37.7874	200
3875	28.9627	8.19502	37.6298	200
3876	28.2131	8.24592	37.4336	200
3877	28.0036	8.29526	37.2372	200
3878	26.7173	8.40649	36.9742	200
3879	25.2539	8.57218	36.6812	200
3880	25.0977	8.76038	36.3192	200
3881	23.3968	8.96848	35.9961	200
3882	23.8933	9.1252	35.6936	200
3883	23.0899	9.29913	35.3785	200
3884	24.4606	9.38007	35.1055	200
3885	25.8224	9.37522	34.8734	200
3886	25.8317	9.35855	34.6474	200
3887	26.6052	9.29273	34.4463	200
3888	27.8893	9.15594	34.2824	200
3889	28.1132	9.00661	34.1282	200
3890	29.4699	8.78919	34.0117	200
3891	30.1447	8.54308	33.915	200
3892	31.0269	8.26033	33.8428	200
3893	31.8963	7.94464	33.7942	200
3894	30.5925	7.70749	33.7141	200
3895	29.8078	7.51743	33.6165	200
3896	29.7929	7.33274	33.5209	200
3897	29.8385	7.15022	33.4288	200
3898	28.5674	7.03579	33.3073	200
3899	20.0824	7.34524	32.9767	200
3900	21.3665	7.55849	32.6864	200
3901	21.5768	7.70645	32.455	200
3902	21.5926	7.83795	32.2287	200
3903	21.7543	7.9478	32.0104	200
3904	22.2224	8.02447	31.8065	200
3905	22.3712	8.09502	31.5706	200
3906	22.2759	8.155	31.3383	200
3907	22.3699	8.20584	31.058	200
3908	23.6204	8.15782	30.8256	200
3909	23.6607	8.07507	30.527	200
3910	30.0087	7.44535	30.5054	200
3911	30.0328	6.86429	30.4858	200
3912	31.4058	6.36894	30.5241	200
3913	32.761	6.0246	30.6173	200
3914	32.6367	5.69083	30.7014	200
3915	31.0865	5.24868	30.7175	200
3916	33.3045	5.02688	30.8253	200
3917	34.6896	4.93	30.9863	200
3918	34.8308	4.86215	31.1064	200
3919	35.4573	4.8302	31.2424	200
3920	37.3644	4.91094	31.4337	200
3921	38.0735	5.01899	31.6412	200
3922	39.504	5.19673	31.8869	200
3923	33.1788	4.95267	31.9273	200
3924	33.3246	4.73046	31.9709	200
3925	35.7349	4.67005	32.0886	200
3926	36.6684	4.66441	32.2317	200
3927	35.3355	4.56687	32.3287	200
3928	33.4165	4.34944	32.3627	200
3929	32.6416	4.09503	32.3714	200
3930	32.5408	3.84968	32.3767	200
3931	37.0212	3.89935	32.5218	200
3932	36.8709	3.92746	32.6577	200
3933	37.7218	3.9985	32.816	200
3934	36.502	3.98287	32.9081	200
3935	35.7503	3.92584	32.9792	200
3936	37.1277	3.93697	33.0829	200
3937	39.5147	4.06171	33.2437	200
3938	41.6904	4.28096	33.4549	200
3939	46.5977	4.72405	33.7834	200
3940	39.7379	4.78557	33.9323	200
3941	41.0374	4.90155	34.1099	200
3942	47.8011	5.34103	34.4522	200
3943	50.3324	5.86799	34.8492	200
3944	51.1926	6.39176	35.2578	200
3945	49.5281	6.78569	35.6145	200
3946	49.8365	7.1575	35.9701	200
3947	49.1493	7.45859	36.2996	200
3948	48.1219	7.67678	36.5951	200
3949	44.9406	7.71021	36.8038	200
3950	31.0391	7.61293	36.6596	200
3951	28.8848	7.62103	36.4653	200
3952	21.9973	7.96337	36.1036	200
3953	21.0546	8.31765	35.7274	200
3954	23.4791	8.51418	35.4211	200
3955	22.8665	8.68253	35.1596	200
3956	23.8879	8.79041	34.9248	200
3957	24.1037	8.87502	34.6993	200
3958	36.5566	8.58262	34.738	200
3959	34.3587	8.24081	34.7301	200
3960	31.9561	8.01303	34.6723	200
3961	30.2304	7.86423	34.5798	200
3962	31.0882	7.68204	34.507	200
3963	31.7378	7.47734	34.4493	200
3964	31.5526	7.28648	34.389	200
3965	30.432	7.14776	34.3066	200
3966	37.4622	6.98142	34.3723	200
3967	36.5945	6.78311	34.4186	200
3968	37.0561	6.61038	34.4735	200
3969	35.1375	6.36261	34.4874	200
3970	23.046	6.57423	34.249	200
3971	24.0817	6.72394	34.0372	200
3972	23.4835	6.88352	33.8173	200
3973	22.7322	7.05858	33.5864	200
3974	22.8517	7.21176	33.3627	200
3975	24.8058	7.26781	33.1845	200
3976	26.1588	7.25772	33.0381	200
3977	36.5939	7.10347	33.1122	200
3978	30.4012	6.92045	33.0557	200
3979	32.4687	6.65655	33.0435	200
3980	34.7168	6.47858	33.0734	200
3981	33.2054	6.25192	33.0757	200
3982	34.5907	6.08274	33.1028	200
3983	31.5613	5.92055	33.0752	200
3984	31.659	5.75968	33.05	200
3985	33.2185	5.56	33.053	200
3986	33.2564	5.36869	33.0566	200
3987	34.6206	5.23281	33.0845	200
3988	31.8166	5.09121	33.0619	200
3989	30.5397	4.99946	33.0168	200
3990	26.2479	5.06265	32.896	200
3991	26.7562	5.10112	32.7863	200
3992	26.0767	5.15857	32.6665	200
3993	26.8631	5.1816	32.5629	200
3994	28.03	5.15843	32.4819	200
3995	28.8099	5.10534	32.4164	200
3996	31.0511	4.97177	32.392	200
3997	40.0605	5.06808	32.5289	200
3998	39.3144	5.12941	32.6501	200
3999	38.6207	5.15945	32.7567	200
4000	39.1424	5.20325	32.8707	200
4001	38.3423	5.21283	32.9684	200
4002	38.765	5.23367	33.0719	200
4003	37.795	5.21544	33.1563	200
4004	33.736	5.04987	33.1666	200
4005	33.1626	4.86966	33.1666	200
4006	32.4247	4.72224	33.1533	200
4007	32.4745	4.57784	33.1412	200
4008	33.0196	4.41868	33.139	200
4009	29.7101	4.38775	33.0854	200
4010	28.3614	4.39826	33.0116	200
4011	29.1223	4.38236	32.9509	200
4012	20.2472	4.6424	32.7524	200
4013	20.8298	4.8699	32.5661	200
4014	22.4443	5.03402	32.4079	200
4015	21.6292	5.21354	32.2395	200
4016	20.873	5.40582	32.0619	200
4017	21.2726	5.57405	31.8933	200
4018	32.6217	5.42263	31.9047	200
4019	32.7557	5.27977	31.918	200
4020	34.0412	5.18112	31.9512	200
4021	33.9307	5.08107	31.9821	200
4022	34.5253	5.00176	32.0218	200
4023	35.3741	4.95022	32.0742	200
4024	36.2359	4.92557	32.1392	200
4025	36.6961	4.91405	32.2104	200
4026	36.7177	4.90134	32.2809	200
4027	35.1258	4.83707	32.3253	200
4028	36.7001	4.82263	32.3937	200
4029	39.3661	4.88981	32.5026	200
4030	41.7544	5.02612	32.6472	200
4031	44.1141	5.22739	32.8263	200
4032	43.5018	5.39764	32.9932	200
4033	44.2164	5.5797	33.1685	200
4034	39.6901	5.60913	33.2704	200
4035	37.4135	5.56332	33.3351	200
4036	36.8276	5.48935	33.3975	200
4037	39.0122	5.49383	33.4978	200
4038	42.0876	5.62283	33.6767	200
4039	41.0952	5.69765	33.8313	200
4040	40.2589	5.73415	33.992	200
4041	40.6242	5.77905	34.1578	200
4042	39.7525	5.76753	34.3326	200
4043	39.2911	5.71696	34.4876	200
4044	37.4296	5.54353	34.5795	200
4045	38.8045	5.46112	34.7115	200
4046	38.5962	5.38229	34.8086	200
4047	33.864	5.16041	34.785	200
4048	31.7281	5.05523	34.7086	200
4049	33.6301	4.8564	34.6816	200
4050	35.3898	4.64898	34.6993	200
4051	34.5057	4.42622	34.6945	200
4052	37.6962	4.35499	34.7695	200
4053	39.5347	4.3755	34.8887	200
4054	38.1577	4.32017	34.9704	200
4055	38.7322	4.29225	35.0644	200
4056	38.2618	4.23751	35.1444	200
4057	39.0766	4.22224	35.2427	200
4058	39.8401	4.241	35.3576	200
4059	38.687	4.19542	35.4409	200
4060	36.2464	4.02592	35.461	200
4061	35.0396	3.8457	35.4505	200
4062	33.364	3.75773	35.3983	200
4063	32.3076	3.72438	35.321	200
4064	34.2704	3.59069	35.2948	200
4065	36.2979	3.46131	35.3198	200
4066	36.4871	3.34661	35.349	200
4067	35.285	3.20983	35.3477	200
4068	35.1005	3.08639	35.3425	200
4069	36.2742	2.99661	35.3619	200
4070	36.5083	2.91952	35.3858	200
4071	35.843	2.81692	35.3954	200
4072	38.871	2.84436	35.4678	200
4073	43.8824	3.07646	35.6431	200
4074	43.8236	3.28913	35.8135	200
4075	42.9564	3.4497	35.9623	200
4076	42.4894	3.57793	36.0983	200
4077	42.9441	3.71409	36.2409	200
4078	44.9391	3.92176	36.4221	200
4079	46.368	4.17276	36.6293	200
4080	47.76	4.46268	36.8612	200
4081	45.7184	4.64578	37.0457	200
4082	44.7862	4.77472	37.207	200
4083	46.6477	4.96914	37.4037	200
4084	55.8753	5.53174	37.7885	200
4085	49.6034	5.79354	38.0346	200
4086	49.0092	6.00942	38.2633	200
4087	46.6632	6.10902	38.4383	200
4088	46.652	6.19672	38.6094	200
4089	47.0681	6.29096	38.7856	200
4090	47.5199	6.39277	38.9676	200
4091	48.1871	6.51055	39.1597	200
4092	45.5133	6.50495	39.2731	200
4093	44.268	6.45101	39.3623	200
4094	45.7898	6.45017	39.4771	200
4095	45.7373	6.44339	39.5889	200
4096	50.1488	6.59041	39.7774	200
4097	49.8078	6.71326	39.9566	200
4098	50.9776	6.86712	40.1534	200
4099	50.9019	7.00574	40.3453	200
4100	51.3082	7.14706	40.5411	200
4101	50.4247	7.2448	40.7176	200
4102	50.9481	7.35143	40.9002	200
4103	55.6134	7.61435	41.163	200
4104	59.5267	7.99826	41.4909	200
4105	60.3489	8.38611	41.8277	200
4106	61.4666	8.78799	42.1783	200
4107	61.6956	9.17118	42.5269	200
4108	62.9461	9.57289	42.8915	200
4109	63.6061	9.97081	43.2614	200
4110	59.5547	10.1966	43.5524	200
4111	61.7061	10.4808	43.8765	200
4112	63.3261	10.8011	44.2238	200
4113	61.7706	11.042	44.5372	200
4114	61.5477	11.2552	44.8409	200
4115	61.8073	11.4592	45.1439	200
4116	61.3934	11.6302	45.4341	200
4117	56.5509	11.6119	45.6326	200
4118	53.6	11.4817	45.7749	200
4119	54.9914	11.4008	45.9394	200
4120	56.6292	11.3754	46.1303	200
4121	55.6009	11.3159	46.2783	200
4122	55.1488	11.2395	46.4169	200
4123	53.8992	11.1221	46.5338	200
4124	54.0716	11.0101	46.6516	200
4125	52.468	10.8478	46.7425	200
4126	54.5118	10.7516	46.8639	200
4127	52.5076	10.592	46.9521	200
4128	53.9591	10.4799	47.0615	200
4129	54.1608	10.3743	47.1725	200
4130	53.4262	10.2455	47.2702	200
4131	54.2966	10.1449	47.38	200
4132	53.39	10.0157	47.4739	200
4133	53.935	9.90461	47.5748	200
4134	52.8781	9.76082	47.6577	200
4135	52.6236	9.61098	47.7353	200
4136	54.6316	9.52615	47.843	200
4137	55.2349	9.45945	47.9585	200
4138	55.8952	9.41186	48.0825	200
4139	55.975	9.36438	48.2059	200
4140	55.125	9.28796	48.314	200
4141	56.4089	9.25068	48.4405	200
4142	53.901	9.13224	48.5258	200
4143	55.2041	9.05555	48.6301	200
4144	56.0002	9.00288	48.7453	200
4145	56.0415	8.94955	48.8593	200
4146	56.7757	8.91726	48.983	200
4147	56.4607	8.87228	49.0998	200
4148	56.1877	8.81651	49.2106	200
4149	55.3882	8.73405	49.3071	200
4150	55.6205	8.6584	49.4057	200
4151	55.5481	8.57977	49.5017	200
4152	55.8842	8.51111	49.6014	200
4153	57.4804	8.49135	49.7245	200
4154	56.7822	8.45153	49.8226	200
4155	57.1251	8.41961	49.924	200
4156	55.829	8.34976	50.006	200
4157	56.8025	8.30661	50.1004	200
4158	55.4462	8.22437	50.1746	200
4159	42.8087	8.20052	50.0723	200
4160	41.5448	8.2096	49.9539	200
4161	40.8157	8.2354	49.827	200
4162	40.6062	8.26277	49.6989	200
4163	40.6054	8.28584	49.5726	200
4164	40.2726	8.31401	49.4435	200
4165	40.509	8.33125	49.3194	200
4166	40.4401	8.34647	49.196	200
4167	40.5048	8.35605	49.0753	200
4168	40.5068	8.36195	48.9563	200
4169	38.839	8.41071	48.8158	200
4170	38.6597	8.45919	48.6747	200
4171	39.9877	8.46552	48.5541	200
4172	40.5997	8.45132	48.4436	200
4173	38.8909	8.48192	48.3109	200
4174	39.5025	8.49099	48.1886	200
4175	39.2738	8.50276	48.0648	200
4176	39.3021	8.50998	47.9431	200
4177	31.5307	8.72949	47.7151	200
4178	31.6657	8.93282	47.4922	200
4179	31.3676	9.13259	47.2683	200
4180	32.997	9.27533	47.0701	200
4181	33.2063	9.40279	46.8775	200
4182	33.2418	9.52037	46.6881	200
4183	33.3734	9.62576	46.5032	200
4184	34.7551	9.68472	46.34	200
4185	35.2847	9.72279	46.1865	200
4186	36.0463	9.73438	46.0456	200
4187	36.7726	9.72157	45.9168	200
4188	38.5771	9.65541	45.8149	200
4189	40.2427	9.54198	45.7375	200
4190	41.6548	9.39034	45.6808	200
4191	42.5176	9.23466	45.6413	200
4192	46.4409	9.02378	45.6513	200
4193	45.8437	8.803	45.6537	200
4194	48.0834	8.64367	45.684	200
4195	49.6949	8.52785	45.7342	200
4196	59.6773	8.66323	45.9085	200
4197	58.6201	8.76444	46.0673	200
4198	57.7064	8.8363	46.2128	200
4199	55.134	8.83842	46.3244	200
4201	53.0764	8.78626	46.4088	200
4202	52.3104	8.71414	46.4825	200
4203	50.0286	8.58494	46.5268	200
4204	49.349	8.44087	46.5621	200
4205	48.5693	8.28003	46.5872	200
4206	48.5612	8.12238	46.6119	200
4207	47.6418	7.94507	46.6248	200
4208	45.8333	7.76623	46.6149	200
4209	46.4445	7.57633	46.6127	200
4210	47.8236	7.41719	46.6279	200
4211	46.9478	7.23976	46.6319	200
4212	49.3038	7.12556	46.6653	200
4213	49.0581	7.00724	46.6952	200
4214	47.965	6.86381	46.7111	200
4215	45.6762	6.71808	46.6981	200
4216	33.3899	6.88284	46.5318	200
4217	33.9119	7.02626	46.374	200
4218	34.215	7.15458	46.222	200
4219	34.8655	7.25963	46.0801	200
4220	34.3278	7.37194	45.9332	200
4221	34.2146	7.48061	45.7867	200
4222	34.4853	7.57613	45.6454	200
4223	33.8753	7.68098	45.4983	200
4224	33.8766	7.77949	45.353	200
4225	33.4066	7.88366	45.2037	200
4226	32.2974	8.00923	45.0424	200
4227	32.8982	8.1126	44.8906	200
4228	31.8421	8.236	44.7274	200
4229	31.9181	8.35033	44.5673	200
4230	31.972	8.45645	44.4099	200
4231	32.5839	8.54069	44.2621	200
4232	26.976	8.75933	44.046	200
4233	27.1706	8.94378	43.8542	200
4234	25.2793	9.16267	43.6431	200
4235	27.3981	9.32363	43.4585	200
4236	43.7784	9.119	43.4622	200
4237	45.1813	8.95082	43.4817	200
4238	45.8444	8.80109	43.5086	200
4239	46.3952	8.66667	43.5414	200
4240	47.2679	8.55439	43.5837	200
4241	47.8677	8.45734	43.6324	200
4242	48.5742	8.37744	43.6885	200
4243	48.5259	8.29698	43.7435	200
4244	47.9124	8.20316	43.7909	200
4245	47.7365	8.1064	43.8357	200
4246	47.5722	8.00708	43.8782	200
4247	46.4392	7.88331	43.9073	200
4248	45.9001	7.74943	43.9299	200
4249	45.0656	7.59912	43.9428	200
4250	44.8685	7.44745	43.9534	200
4251	45.1474	7.30533	43.9669	200
4252	45.4768	7.17361	43.9841	200
4253	47.1361	7.08221	44.0199	200
4254	47.5217	7.00084	44.0597	200
4255	47.2093	6.91331	44.0955	200
4256	48.0391	6.84581	44.1403	200
4257	43.7105	6.69999	44.1354	200
4258	43.7508	6.55646	44.131	200
4259	44.9419	6.42588	44.1402	200
4260	45.0855	6.30132	44.151	200
4261	45.0612	6.1788	44.1613	200
4262	44.3412	6.04246	44.1634	200
4263	44.6342	5.91583	44.1687	200
4264	45.1251	5.80311	44.1796	200
4265	44.9344	5.68837	44.1882	200
4266	44.6339	5.56922	44.1932	200
4267	44.4832	5.44924	44.1965	200
4268	45.0885	5.34566	44.2067	200
4269	46.0734	5.2666	44.2279	200
4270	48.1759	5.23663	44.2727	200
4271	48.9342	5.22356	44.3257	200
4272	51.1362	5.25962	44.4031	200
4273	51.3902	5.29888	44.4825	200
4274	52.9493	5.37088	44.5787	200
4275	56.1194	5.5111	44.7099	200
4276	60.7057	5.74939	44.8916	200
4277	61.3385	6.01683	45.0972	200
4278	59.5286	6.22719	45.2776	200
4279	49.7566	6.17863	45.3398	200
4280	49.8419	6.13206	45.4023	200
4281	52.5941	6.16518	45.5147	200
4282	51.6449	6.16408	45.6105	200
4283	52.3472	6.18453	45.7308	200
4284	54.5458	6.27848	45.8882	200
4285	54.7164	6.38471	46.0721	200
4286	54.7537	6.48041	46.253	200
4287	55.4878	6.59518	46.4454	200
4288	57.7433	6.79113	46.6808	200
4289	57.4869	6.95842	46.9059	200
4290	56.9007	7.08493	47.1141	200
4291	56.2191	7.1691	47.3038	200
4292	54.1613	7.15612	47.4467	200
4293	53.5893	7.1139	47.5746	200
4294	51.2945	6.97248	47.6521	200
4295	51.1279	6.82678	47.7245	200
4296	48.5546	6.57692	47.7418	200
4297	45.4942	6.39653	47.695	200
4298	27.5724	6.96845	47.2758	200
4299	26.4472	7.54595	46.8419	200
4300	27.0263	8.05719	46.429	200
4301	27.0458	8.46169	46.0829	200
4302	27.3132	8.82983	45.7477	200
4303	27.2003	9.17689	45.4165	200
4304	27.0751	9.50419	45.089	200
4305	27.1196	9.80652	44.7681	200
4306	27.1379	10.0859	44.4533	200
4307	27.6845	10.3246	44.1538	200
4308	26.6312	10.5817	43.8409	200
4309	27.3792	10.7917	43.547	200
4310	26.7081	11.0077	43.2463	200
4311	18.2443	11.5075	42.7998	200
4312	18.1513	11.9768	42.3597	200
4313	47.5575	11.7347	42.4525	200
4314	48.3292	11.5255	42.5574	200
4315	48.2716	11.3179	42.6595	200
4316	49.8493	11.1705	42.7879	200
4317	50.1471	11.0344	42.9193	200
4318	50.8671	10.9241	43.0612	200
4319	51.5037	10.8355	43.212	200
4320	51.5222	10.7453	43.3604	200
4321	50.889	10.6304	43.4948	200
4322	50.9886	10.5184	43.6286	200
4323	50.2391	10.3788	43.7467	200
4324	51.2497	10.2761	43.8806	200
4325	53.2378	10.2433	44.0477	200
4326	53.789	10.2254	44.2217	200
4327	34.3473	10.2128	44.0453	200
4328	34.1851	10.2003	43.8693	200
4329	53.7356	10.1883	44.0455	200
4330	54.4441	10.1949	44.2079	200
4331	54.043	10.1837	44.3616	200
4332	54.187	10.1725	44.5151	200
4333	54.4794	10.1659	44.6708	200
4334	55.2056	10.1775	44.8354	200
4335	56.5512	10.2255	45.0185	200
4336	57.194	10.2865	45.2087	200
4337	58.4821	10.3798	45.4161	200
4338	59.2038	10.4863	45.6316	200
4339	58.2303	10.5523	45.8284	200
4340	49.0183	10.3223	45.8782	200
4341	49.395	10.1096	45.9332	200
4342	46.5589	9.8132	45.943	200
4343	46.4802	9.52333	45.9514	200
4344	33.0414	9.62916	45.7496	200
4345	34.7248	9.67278	45.5774	200
4346	49.7473	9.50081	45.6425	200
4347	48.3787	9.28942	45.6853	200
4348	50.7234	9.15657	45.764	200
4349	49.9053	8.99984	45.8287	200
4350	49.1677	8.82293	45.8809	200
4351	49.097	8.64772	45.9311	200
4352	50.4987	8.52021	46.0025	200
4353	50.5191	8.3951	46.0731	200
4354	51.1615	8.29177	46.1526	200
4355	51.1572	8.18904	46.2308	200
4356	52.1415	8.11785	46.3231	200
4357	51.741	8.03347	46.4078	200
4358	44.7498	7.83424	46.3819	200
4359	44.8763	7.63647	46.3584	200
4360	43.5017	7.4871	46.3137	200
4361	44.5169	7.30928	46.2856	200
4362	48.7842	7.15894	46.3247	200
4363	32.8189	7.33524	46.1371	200
4364	49.9712	7.23799	46.1904	200
4365	47.328	7.06853	46.2062	200
4366	47.6497	6.91228	46.2262	200
4367	47.1816	6.74681	46.2395	200
4368	45.653	6.57569	46.2313	200
4369	47.6927	6.43363	46.2516	200
4370	48.4974	6.3173	46.2828	200
4371	47.2574	6.16889	46.2964	200
4372	47.2758	6.02473	46.31	200
4373	46.9854	5.87614	46.3193	200
4374	47.0496	5.7332	46.3295	200
4375	47.7276	5.61278	46.3489	200
4376	48.6342	5.52035	46.3806	200
4377	45.322	5.39642	46.3659	200
4378	43.7755	5.31847	46.33	200
4379	40.9037	5.32146	46.2546	200
4380	42.9529	5.26536	46.2087	200
4381	45.6768	5.13387	46.2013	200
4382	31.305	5.40505	45.9944	200
4383	43.4356	5.32599	45.9589	200
4384	42.8572	5.26421	45.9158	200
4385	42.8334	5.2036	45.873	200
4386	42.6765	5.14785	45.8286	200
4387	38.5527	5.20696	45.7276	200
4388	37.1855	5.2996	45.6089	200
4389	39.2571	5.32883	45.5207	200
4390	40.0611	5.33246	45.4449	200
4391	40.8057	5.3132	45.3804	200
4392	40.0767	5.31294	45.3068	200
4393	39.6542	5.32237	45.2283	200
4394	40.1318	5.3161	45.1575	200
4395	40.008	5.31147	45.086	200
4396	40.7239	5.2851	45.0254	200
4397	40.3678	5.26766	44.9607	200
4398	41.4389	5.21917	44.9118	200
4399	40.2245	5.20587	44.8532	200
4400	38.0072	5.24687	44.7676	200
4401	35.0847	5.35777	44.6466	200
4402	22.9996	5.765	44.376	200
4403	31.6081	5.94007	44.2164	200
4404	31.7863	6.10232	44.061	200
4405	32.1462	6.24763	43.9121	200
4406	32.4879	6.37705	43.7693	200
4407	32.3062	6.5042	43.626	200
4408	30.402	6.67219	43.4607	200
4409	29.2901	6.85965	43.2835	200
4410	28.125	7.06712	43.0941	200
4411	28.397	7.25787	42.9104	200
4412	28.5628	7.43511	42.731	200
4413	26.9776	7.64307	42.5341	200
4414	26.3951	7.85547	42.3324	200
4415	25.8954	8.07	42.1269	200
4416	26.2576	8.26499	41.9285	200
4417	26.5479	8.44288	41.7363	200
4418	27.9148	8.57734	41.5635	200
4419	27.798	8.70704	41.3914	200
4420	27.5611	8.83512	41.2185	200
4421	27.8258	8.94907	41.0511	200
4422	28.4118	9.04132	40.8931	200
4423	19.9053	9.33999	40.6308	200
4424	32.332	9.31395	40.5271	200
4425	32.318	9.28633	40.4244	200
4426	32.68	9.24778	40.3276	200
4427	32.9125	9.20197	40.235	200
4428	33.2138	9.14745	40.1472	200
4429	34.2998	9.06494	40.0741	200
4430	33.8943	8.99282	39.9968	200
4431	33.8323	8.92211	39.9198	200
4432	33.3319	8.86375	39.8374	200
4433	33.8132	8.79276	39.7621	200
4434	33.6251	8.72637	39.6854	200
4435	33.0685	8.67363	39.6027	200
4436	33.0543	8.6205	39.5209	200
4437	33.1682	8.56381	39.4414	200
4438	32.3895	8.52601	39.3533	200
4439	33.7251	8.45356	39.2829	200
4440	34.6606	8.36649	39.2304	200
4441	34.9486	8.27365	39.1818	200
4442	34.8655	8.18371	39.1327	200
4443	34.7278	8.09783	39.0827	200
4444	34.6147	8.01533	39.0319	200
4445	21.8592	8.22345	38.8367	200
4446	34.4443	8.13639	38.7868	200
4447	33.938	8.06167	38.7317	200
4448	33.6438	7.99408	38.6739	200
4449	33.26	7.93544	38.6124	200
4450	33.0485	7.88154	38.5492	200
4451	33.8147	7.81002	38.4954	200
4452	34.4937	7.72346	38.4499	200
4453	35.2765	7.62005	38.4138	200
4454	34.9911	7.52466	38.3749	200
4455	35.1876	7.42608	38.3387	200
4456	35.052	7.332	38.3014	200
4457	34.2325	7.25784	38.2551	200
4458	33.4773	7.20148	38.2008	200
4459	33.572	7.14301	38.1482	200
4460	34.5523	7.06239	38.1074	200
4461	36.3505	6.94181	38.0874	200
4462	35.4028	6.84505	38.0569	200
4463	35.212	6.75414	38.0246	200
4464	35.1652	6.66562	37.9921	200
4465	34.702	6.58891	37.9547	200
4466	35.2541	6.50053	37.924	200
4467	35.9644	6.39733	37.9017	200
4468	22.6077	6.59953	37.7279	200
4469	35.6424	6.49694	37.7042	200
4470	36.1125	6.38546	37.6861	200
4471	37.1822	6.25178	37.6804	200
4472	37.7719	6.11178	37.6814	200
4473	38.1609	5.98377	37.6869	200
4474	37.3555	5.85531	37.6831	200
4475	37.1908	5.73342	37.6775	200
4476	39.388	5.64199	37.697	200
4477	39.3528	5.55139	37.7158	200
4478	39.3142	5.46155	37.7339	200
4479	39.7968	5.38431	37.7574	200
4480	40.1148	5.31551	37.7842	200
4481	40.1178	5.24774	37.8107	200
4482	38.5012	5.14417	37.8185	200
4483	39.458	5.06452	37.8372	200
4484	40.4803	5.00948	37.8672	200
4485	41.2655	4.97591	37.9026	200
4486	41.8429	4.95434	37.9436	200
4487	41.8194	4.93187	37.984	200
4488	41.7503	4.90758	38.0233	200
4489	41.4895	4.87756	38.0594	200
4490	41.3533	4.84456	38.0937	200
4491	41.3902	4.81231	38.128	200
4492	28.1452	4.92003	38.024	200
4493	28.5582	5.01473	37.9254	200
4494	28.6529	5.10344	37.8288	200
4495	27.5671	5.2109	37.7219	200
4496	29.1064	5.28183	37.6322	200
4497	30.3368	5.32378	37.5562	200
4498	30.9997	5.34946	37.4879	200
4499	29.3101	5.40838	37.4027	200
4500	30.0062	5.4498	37.3257	200
4501	30.7888	5.47245	37.2576	200
4502	31.0948	5.48683	37.1934	200
4503	31.444	5.4923	37.1335	200
4504	32.1338	5.48203	37.0814	200
4505	32.1279	5.47102	37.0298	200
4506	30.3084	5.49707	36.9598	200
4507	29.8122	5.53146	36.8853	200
4508	34.481	5.46631	36.8603	200
4509	34.3921	5.40384	36.8346	200
4510	34.438	5.34119	36.8096	200
4511	34.435	5.27939	36.7849	200
4512	34.4542	5.21796	36.7606	200
4513	34.4274	5.15786	36.7363	200
4514	34.5936	5.09504	36.714	200
4515	34.4581	5.03589	36.6905	200
4516	34.5543	4.97548	36.6682	200
4517	33.0665	4.94686	36.6307	200
4518	31.692	4.94669	36.5793	200
4519	31.6677	4.94596	36.5281	200
4520	29.0912	4.99785	36.4506	200
4521	29.3566	5.04152	36.3767	200
4522	29.6815	5.07597	36.307	200
4523	30.3135	5.09508	36.2446	200
4524	30.2946	5.11289	36.1826	200
4525	31.6626	5.10054	36.1355	200
4526	31.6258	5.08823	36.0885	200
4527	31.6418	5.07487	36.0422	200
4528	31.6934	5.05974	35.9969	200
4529	32.4924	5.02734	35.9604	200
4530	32.8114	4.9882	35.9276	200
4531	33.6695	4.93133	35.9041	200
4532	30.0041	4.95151	35.8426	200
4533	31.0519	4.94816	35.7927	200
4534	30.3151	4.95834	35.74	200
4535	30.5359	4.96306	35.69	200
4536	31.4289	4.94956	35.649	200
4537	32.0667	4.92327	35.6146	200
4538	31.7618	4.90268	35.5775	200
4539	31.0442	4.89558	35.5339	200
4540	31.8634	4.87202	35.4986	200
4541	31.8076	4.84931	35.4632	200
4542	31.8082	4.82634	35.428	200
4543	31.8886	4.80159	35.394	200
4544	31.8846	4.77674	35.3602	200
4545	32.0675	4.7482	35.3286	200
4546	30.4153	4.75138	35.2813	200
4547	28.8026	4.78459	35.219	200
4548	28.3821	4.82406	35.1533	200
4549	29.7502	4.83519	35.1013	200
4550	29.0861	4.85789	35.0435	200
4551	29.0546	4.87964	34.9859	200
4552	29.0804	4.89936	34.9291	200
4553	29.0328	4.91854	34.8724	200
4554	29.6169	4.92502	34.8219	200
4555	29.7649	4.92755	34.7733	200
4556	30.4323	4.91627	34.7315	200
4557	30.9695	4.89407	34.6954	200
4558	31.154	4.86806	34.6613	200
4559	32.5057	4.8159	34.6406	200
4560	33.1758	4.75145	34.6265	200
4561	33.1777	4.68794	34.6126	200
4562	32.145	4.64524	34.5888	200
4563	31.5509	4.61433	34.5596	200
4564	32.7775	4.55986	34.5425	200
4565	32.384	4.51368	34.5217	200
4566	32.3889	4.4679	34.5012	200
4567	32.4441	4.42153	34.4814	200
4568	32.4134	4.37627	34.4616	200
4569	32.6194	4.32754	34.4438	200
4570	33.0305	4.2715	34.4303	200
4571	32.9025	4.21873	34.4156	200
4572	33.0236	4.16437	34.4022	200
4573	33.1046	4.10924	34.3897	200
4574	32.3734	4.06899	34.3703	200
4575	30.4952	4.06526	34.3331	200
4576	29.6128	4.07786	34.2877	200
4577	30.5966	4.07042	34.2522	200
4578	31.0943	4.05287	34.2218	200
4579	31.074	4.03547	34.1915	200
4580	30.5631	4.02764	34.1567	200
4581	30.3683	4.02304	34.1202	200
4582	31.2705	4.00047	34.0928	200
4583	31.6434	3.97064	34.0693	200
4584	31.1491	3.95044	34.0412	200
4585	31.7915	3.91774	34.0196	200
4586	33.2378	3.85743	34.012	200
4587	33.4356	3.79884	34.0069	200
4588	32.2878	3.7617	33.9915	200
4589	33.1941	3.70877	33.9844	200
4590	33.3428	3.654	33.9787	200
4591	32.1027	3.62225	33.9619	200
4592	33.0953	3.57304	33.9542	200
4593	33.1716	3.51938	33.9467	200
4594	33.2441	3.46521	33.9399	200
4595	33.9282	3.39326	33.9398	200
4596	33.7555	3.3264	33.9379	200
4597	33.9244	3.25111	33.9377	200
4598	34.0328	3.17938	33.9388	200
4599	33.8762	3.10146	33.938	200
4600	34.6462	3.04163	33.9469	200
4601	34.5528	2.97397	33.9553	200
4602	34.4328	2.90462	33.9619	200
4603	34.59	2.83348	33.9717	200
4604	33.138	2.77099	33.9587	200
4605	32.4524	2.72582	33.9318	200
4606	32.4421	2.68167	33.9052	200
4607	32.3341	2.64201	33.8772	200
4608	32.4688	2.59795	33.852	200
4609	31.0648	2.60471	33.8022	200
4610	31.8454	2.58157	33.7673	200
4611	32.3132	2.54131	33.7413	200
4612	33.128	2.47245	33.7304	200
4613	33.0927	2.40692	33.719	200
4614	34.4224	2.34608	33.7315	200
4615	34.4674	2.28857	33.7447	200
4616	35.1612	2.25743	33.77	200
4617	34.5196	2.20358	33.7834	200
4618	34.9844	2.16777	33.8048	200
4619	35.1447	2.13821	33.8287	200
4620	21.3288	2.50827	33.6055	200
4621	25.5522	2.68155	33.4797	200
4622	25.4973	2.84721	33.355	200
4623	25.5003	3.00369	33.2322	200
4624	24.6429	3.17824	33.098	200
4625	23.2997	3.38511	32.9449	200
4626	23.5464	3.57303	32.7981	200
4627	23.4198	3.75445	32.6515	200
4628	23.6888	3.9172	32.5115	200
4629	25.5307	4.01294	32.4024	200
4630	25.328	4.10861	32.2919	200
4631	25.6114	4.18898	32.1875	200
4632	26.2142	4.24474	32.0942	200
4633	25.5527	4.31651	31.992	200
4634	26.2771	4.36021	31.9027	200
4635	26.9533	4.37862	31.8253	200
4636	27.6289	4.37292	31.7598	200
4637	27.8583	4.35819	31.6988	200
4638	27.7518	4.34534	31.6371	200
4639	27.7608	4.33068	31.5766	200
4640	28.6449	4.28696	31.5307	200
4641	27.8403	4.26832	31.4731	200
4642	27.134	4.27053	31.4053	200
4643	26.4141	4.29305	31.3273	200
4644	26.8013	4.30033	31.2566	200
4645	27.4213	4.2858	31.1966	200
4646	27.1996	4.27678	31.1342	200
4647	27.9578	4.24239	31.0846	200
4648	28.4032	4.19361	31.0427	200
4649	28.3156	4.14778	31.0001	200
4650	28.0337	4.11085	30.9537	200
4651	27.9713	4.07559	30.9071	200
4652	29.0892	4.00504	30.8787	200
4653	29.2149	3.93187	30.8527	200
4654	30.9873	3.82639	30.8546	200
4655	31.738	3.74464	30.8668	200
4656	31.7139	3.66415	30.8786	200
4657	30.7152	3.56691	30.8763	200
4658	30.8716	3.46796	30.8763	200
4659	30.9561	3.37384	30.8774	200
4660	30.939	3.28184	30.8782	200
4661	29.6067	3.226	30.8606	200
4662	27.8657	3.21957	30.819	200
4663	30.4107	3.14148	30.8133	200
4664	29.3614	3.09455	30.7931	200
4665	28.4557	3.07352	30.7607	200
4666	29.9218	3.00368	30.7476	200
4667	29.9848	2.93365	30.7356	200
4668	30.323	2.84361	30.7283	200
4669	29.1188	2.79954	30.6995	200
4670	30.4451	2.69349	30.6942	200
4671	32.2672	2.6468	30.727	200
4672	32.5121	2.60371	30.7716	200
4673	32.1071	2.5403	30.805	200
4674	32.0787	2.47697	30.8369	200
4675	33.2699	2.47477	30.8977	200
4676	33.1029	2.4613	30.9528	200
4677	32.8981	2.4355	31.0014	200
4678	31.9555	2.36142	31.0253	200
4679	31.6657	2.27537	31.0413	200
4680	32.5308	2.23608	31.0785	200
4681	30.0323	2.17658	31.0524	200
4682	30.3932	2.10072	31.0359	200
4683	27.8381	2.15557	30.956	200
4684	27.9545	2.19786	30.8809	200
4685	27.5732	2.25336	30.7982	200
4686	28.3879	2.2612	30.738	200
4687	29.1217	2.22896	30.6976	200
4688	29.4841	2.17818	30.6672	200
4689	30.4309	2.08109	30.6613	200
4690	28.8644	2.06689	30.6164	200
4691	29.2962	2.02955	30.5834	200
4692	29.0123	2.00663	30.5441	200
4693	30.4876	1.92537	30.5429	200
4694	28.6211	1.92522	30.5029	200
4695	28.8861	1.91237	30.4692	200
4696	29.443	1.87545	30.4478	200
4697	30.4253	1.79825	30.4474	200
4698	30.6326	1.73104	30.4512	200
4699	30.4404	1.65936	30.451	200
4700	30.461	1.59064	30.4512	200
4701	30.4449	1.52463	30.4511	200
4702	30.4319	1.4619	30.4507	200
4703	30.462	1.40146	30.4509	200
4704	31.9633	1.40608	30.4824	200
4705	31.7188	1.39901	30.5082	200
4706	43.0161	1.86188	30.7688	200
4707	46.1891	2.42682	31.09	200
4708	49.0807	3.07531	31.4648	200
4709	48.4104	3.65324	31.8178	200
4710	48.2118	4.1841	32.1594	200
4711	47.7448	4.65915	32.4841	200
4712	47.1858	5.07759	32.7904	200
4713	47.6977	5.48717	33.1009	200
4714	48.5114	5.90064	33.422	200
4715	48.5288	6.28423	33.7367	200
4716	49.8667	6.69447	34.0728	200
4717	50.1794	7.08664	34.4083	200
4718	49.7271	7.38065	34.6819	200
4719	33.4783	7.16004	34.6604	200
4720	30.9585	7.03653	34.5943	200
4721	31.4413	6.89783	34.538	200
4722	30.4372	6.79794	34.4647	200
4723	29.8857	6.71869	34.383	200
4724	31.8562	6.56898	34.3378	200
4725	31.3661	6.4405	34.2848	200
4726	31.158	6.32215	34.2289	200
4727	32.2113	6.16842	34.1929	200
4728	31.7238	6.0363	34.1488	200
4729	29.3228	5.99307	34.0626	200
4730	29.8949	5.92788	33.9882	200
4731	31.2139	5.81526	33.9387	200
4732	32.0403	5.67537	33.9048	200
4733	37.294	5.59372	33.9653	200
4734	35.5439	5.45032	33.9935	200
4735	33.7787	5.26334	33.9896	200
4736	34.7487	5.10247	34.0032	200
4737	35.2316	4.96411	34.0251	200
4738	34.259	4.79517	34.0293	200
4739	35.6306	4.68111	34.0579	200
4740	36.9066	4.61566	34.1088	200
4741	37.3831	4.56776	34.1672	200
4742	37.1763	4.51209	34.221	200
4743	41.2832	4.60317	34.3471	200
4744	40.8293	4.67027	34.4628	200
4745	39.8839	4.69709	34.5596	200
4746	40.0376	4.72497	34.6575	200
4747	38.7883	4.70641	34.722	200
4748	40.5166	4.74041	34.8126	200
4749	40.711	4.7766	34.9047	200
4750	38.5365	4.74083	34.9615	200
4751	38.1655	4.6928	35.0115	200
4752	39.9418	4.70022	35.0886	200
4753	41.1507	4.74278	35.1833	200
4754	41.1435	4.78082	35.2764	200
4755	44.7497	4.92746	35.4244	200
4756	42.7358	5.00196	35.5387	200
4757	45.0902	5.14413	35.6879	200
4758	40.8041	5.14326	35.7678	200
4759	40.9068	5.14312	35.8481	200
4760	41.4596	5.15776	35.9358	200
4761	41.5659	5.17252	36.0238	200
4762	42.2345	5.20496	36.1208	200
4763	42.576	5.24403	36.2217	200
4764	37.1433	5.10895	36.2361	200
4765	36.7517	4.96541	36.2441	200
4766	36.7552	4.82621	36.2521	200
4767	36.7764	4.69178	36.2603	200
4768	34.5825	4.59759	36.2341	200
4769	33.7094	4.53281	36.1947	200
4770	33.5207	4.47472	36.1529	200
4771	30.6543	4.50672	36.067	200
4772	29.8876	4.55899	35.9704	200
4773	29.0318	4.63335	35.862	200
4774	30.2404	4.66423	35.7742	200
4775	30.9938	4.66786	35.6995	200
4776	31.7812	4.64443	35.6382	200
4777	32.7378	4.58993	35.5929	200
4778	33.4002	4.51502	35.5587	200
4779	34.7335	4.39971	35.5458	200
4780	35.3465	4.28303	35.543	200
4781	35.2159	4.17314	35.5385	200
4782	36.2541	4.0771	35.5484	200
4783	36.1226	3.9798	35.5564	200
4784	35.5311	3.86995	35.556	200
4785	36.0199	3.77534	35.5625	200
4786	34.7054	3.69428	35.5506	200
4787	34.5581	3.61922	35.5368	200
4788	33.5582	3.57365	35.5093	200
4789	33.7603	3.52296	35.485	200
4790	34.149	3.46221	35.4664	200
4791	34.4928	3.39309	35.4529	200
4792	34.6061	3.32235	35.4412	200
4793	34.2176	3.26405	35.4242	200
4794	34.3573	3.20302	35.4093	200
4795	34.3676	3.14298	35.3949	200
4796	34.5081	3.08031	35.3826	200
4797	35.9532	3.0106	35.3905	200
4798	35.2702	2.93031	35.3888	200
4799	40.1487	2.98113	35.4549	200
4800	39.0068	2.99698	35.5043	200
4801	38.1426	2.98702	35.5409	200
4802	37.7538	2.96552	35.5716	200
4803	36.7556	2.91603	35.5881	200
4804	36.4956	2.86024	35.6007	200
4805	35.8022	2.78638	35.6035	200
4806	33.7627	2.76012	35.5779	200
4807	33.0499	2.75367	35.5428	200
4808	31.3284	2.79424	35.4843	200
4809	30.1896	2.8637	35.4107	200
4810	30.5555	2.91902	35.3433	200
4811	30.7266	2.96618	35.2792	200
4812	30.1516	3.02622	35.208	200
4813	30.2293	3.08045	35.1388	200
4814	30.2829	3.12977	35.0714	200
4815	30.0875	3.18127	35.0021	200
4816	31.4176	3.19248	34.9524	200
4817	32.4637	3.17488	34.9212	200
4818	31.7704	3.17428	34.8819	200
4819	31.8353	3.17109	34.8438	200
4820	32.2921	3.1556	34.8119	200
4821	33.0334	3.12117	34.7896	200
4822	33.1954	3.083	34.7697	200
4823	33.4082	3.03996	34.7527	200
4824	33.9719	2.98348	34.7429	200
4825	34.7971	2.91025	34.7436	200
4826	35.1201	2.84691	34.7483	200
4827	35.4708	2.79379	34.7574	200
4828	36.6746	2.77188	34.7813	200
4829	35.5629	2.72212	34.7911	200
4830	35.4203	2.6698	34.7989	200
4831	36.0771	2.63501	34.8149	200
4832	35.9802	2.59827	34.8295	200
4833	35.8697	2.55931	34.8425	200
4834	36.2203	2.52977	34.8597	200
4835	36.1765	2.49945	34.8762	200
4836	37.4135	2.5004	34.9079	200
4837	36.413	2.47551	34.9267	200
4838	31.4828	2.49972	34.8837	200
4839	31.8883	2.51211	34.8462	200
4840	31.4993	2.53298	34.8044	200
4841	30.9434	2.56618	34.7561	200
4842	30.7256	2.60279	34.7057	200
4843	30.1461	2.65171	34.6487	200
4844	29.7152	2.70876	34.5871	200
4845	28.5015	2.79318	34.511	200
4846	28.4109	2.87585	34.4347	200
4847	28.9226	2.94176	34.3658	200
4848	28.2495	3.02112	34.2894	200
4849	29.1171	3.0749	34.2247	200
4850	28.9426	3.13008	34.1587	200
4851	28.9053	3.18316	34.093	200
4852	28.9613	3.23188	34.0289	200
4853	28.8978	3.27936	33.9648	200
4854	28.7829	3.32692	33.9	200
4855	28.8826	3.36918	33.8373	200
4856	28.8715	3.4091	33.7752	200
4857	29.6297	3.42751	33.7234	200
4858	29.8024	3.43872	33.6788	200
4859	24.716	3.56427	33.577	200
4860	24.6865	3.68532	33.4759	200
4861	25.6165	3.78018	33.3866	200
4862	25.8362	3.86587	33.3008	200
4863	26.2103	3.93916	33.2202	200
4864	27.3535	3.98297	33.1536	200
4865	27.3678	4.02394	33.0878	200
4866	28.6364	4.03365	33.0372	200
4867	29.1861	4.02951	32.9935	200
4868	28.9831	4.02907	32.9479	200
4869	28.9432	4.02851	32.9024	200
4870	28.0772	4.04662	32.8476	200
4871	29.0355	4.04129	32.8042	200
4872	29.0833	4.03401	32.762	200
4873	29.0517	4.02665	32.7198	200
4874	29.0094	4.01946	32.6776	200
4875	28.8847	4.01431	32.6345	200
4876	28.8758	4.00851	32.5918	200
4877	28.9957	3.99913	32.551	200
4878	29.6093	3.9751	32.5175	200
4879	30.2896	3.93539	32.4922	200
4880	30.1915	3.89824	32.4661	200
4881	31.9423	3.82154	32.4601	200
4882	31.9493	3.7463	32.4543	200
4883	31.0095	3.69399	32.4379	200
4884	31.7158	3.62645	32.4297	200
4885	31.9428	3.55509	32.4241	200
4886	31.3034	3.49977	32.4114	200
4887	31.8032	3.43405	32.4045	200
4888	30.8851	3.39054	32.3872	200
4889	30.1522	3.36428	32.3618	200
4890	30.1978	3.33699	32.3372	200
4891	30.3757	3.30573	32.315	200
4892	30.3755	3.27468	32.2929	200
4893	29.7036	3.2591	32.2635	200
4894	29.8951	3.23886	32.2366	200
4895	30.566	3.20322	32.2176	200
4896	30.353	3.17279	32.1964	200
4897	30.3602	3.14242	32.1755	200
4898	31.0946	3.09556	32.1633	200
4899	31.0699	3.05006	32.1508	200
4900	31.0467	3.00583	32.1383	200
4901	31.8688	2.94364	32.1352	200
4902	32.4272	2.88338	32.1385	200
4903	33.0784	2.84288	32.1483	200
4904	31.708	2.79283	32.1437	200
4905	31.7198	2.74348	32.1393	200
4906	32.5038	2.69392	32.1431	200
4907	31.7704	2.64556	32.1392	200
4908	32.313	2.59406	32.141	200
4909	32.2407	2.54209	32.1421	200
4910	31.9306	2.49354	32.1399	200
4911	31.7094	2.45056	32.1354	200
4912	32.3753	2.4045	32.1379	200
4913	32.4058	2.35999	32.1407	200
4914	31.824	2.31742	32.1374	200
4915	31.768	2.27684	32.1335	200
4916	31.2266	2.2483	32.1241	200
4917	31.4473	2.21556	32.117	200
4918	31.4858	2.18255	32.1105	200
4919	32.4723	2.14461	32.1142	200
4920	31.8646	2.10155	32.1114	200
4921	31.0437	2.07805	32.0993	200
4922	31.1915	2.04879	32.0879	200
4923	31.1662	2.02061	32.0764	200
4924	30.9754	1.99507	32.0611	200
4925	31.7751	1.94759	32.0571	200
4926	33.5806	1.93434	32.0809	200
4927	33.2052	1.90902	32.0985	200
4928	32.2951	1.84787	32.102	200
4929	33.6662	1.83774	32.1299	200
4930	33.8077	1.83107	32.1649	200
4931	33.8307	1.82418	32.1996	200
4932	33.2201	1.7907	32.2209	200
4933	33.1218	1.75362	32.2396	200
4934	33.557	1.73545	32.2671	200
4935	33.883	1.73047	32.3007	200
4936	33.8686	1.72369	32.3334	200
4937	33.1471	1.68578	32.3504	200
4938	33.7591	1.67423	32.3797	200
4939	33.7759	1.66265	32.4088	200
4940	33.581	1.64221	32.4332	200
4941	33.0887	1.60697	32.4449	200
4942	33.1507	1.57479	32.4575	200
4943	23.1035	1.85261	32.2905	200
4944	23.2146	2.11059	32.1284	200
4945	22.9021	2.36472	31.9637	200
4946	23.2115	2.59284	31.8074	200
4947	23.7901	2.78657	31.6642	200
4948	23.9657	2.962	31.5267	200
4949	23.095	3.15734	31.3762	200
4950	23.8978	3.31167	31.2426	200
4951	23.1759	3.48149	31.0986	200
4952	23.179	3.63999	30.9571	200
4953	23.9853	3.75899	30.8326	200
4954	24.6841	3.84433	30.7228	200
4955	24.5983	3.92577	30.6135	200
4956	23.9479	4.02362	30.4945	200
4957	32.3164	3.94498	30.527	200
4958	32.4879	3.87412	30.562	200
4959	32.9285	3.82028	30.6043	200
4960	32.8728	3.76486	30.6448	200
4961	33.2504	3.72346	30.6913	200
4962	33.084	3.67593	30.734	200
4963	34.3651	3.67432	30.7989	200
4964	33.5664	3.64194	30.8483	200
4965	33.6722	3.61272	30.8987	200
4966	34.6149	3.61641	30.9651	200
4967	33.8396	3.58992	31.0164	200
4968	33.7602	3.5597	31.0654	200
4969	35.1511	3.57848	31.1384	200
4970	35.2952	3.59656	31.2033	200
4971	35.2537	3.61074	31.2666	200
4972	39.0038	3.73969	31.3875	200
4973	40.0875	3.8947	31.5234	200
4974	39.9208	4.03541	31.6546	200
4975	40.3421	4.18079	31.7904	200
4976	39.4461	4.28938	31.91	200
4977	40.2897	4.4172	32.0409	200
4978	38.9291	4.49442	32.1486	200
4979	39.1354	4.57231	32.2577	200
4980	38.8298	4.6348	32.3604	200
4981	38.6539	4.68663	32.4587	200
4982	38.6097	4.73239	32.5549	200
4983	39.4764	4.8008	32.663	200
4984	39.4321	4.86231	32.7688	200
4985	40.2554	4.94432	32.8857	200
4986	40.0667	5.01422	32.9979	200
4987	39.367	5.05656	33.0975	200
4988	33.2506	4.90332	33.0999	200
4989	32.7453	4.76117	33.0943	200
4990	34.193	4.64672	33.1115	200
4991	33.4705	4.51273	33.1171	200
4992	33.4834	4.38315	33.1228	200
4993	32.6043	4.26238	33.1147	200
4994	33.4853	4.14076	33.1205	200
4995	33.4939	4.02303	33.1263	200
4996	33.4934	3.90878	33.1321	200
4997	33.4606	3.7969	33.1372	200
4998	33.7489	3.69736	33.1468	200
4999	32.8693	3.59049	33.1424	200
5000	32.9523	3.48423	33.1395	200
5001	33.8816	3.39854	33.151	200
5002	34.4349	3.33246	33.1711	200
5003	34.5679	3.27869	33.1905	200
5004	34.547	3.2253	33.2093	200
5005	34.5981	3.17428	33.2286	200
5006	37.1759	3.19575	33.2835	200
5007	36.4712	3.19553	33.3277	200
5008	36.7316	3.20132	33.375	200
5009	36.2286	3.19165	33.4146	200
5010	36.6935	3.19408	33.4602	200
5011	36.2907	3.18398	33.4995	200
5012	35.9149	3.16263	33.533	200
5013	36.2112	3.14917	33.5702	200
5014	36.2685	3.13664	33.6077	200
5015	36.6458	3.13391	33.6499	200
5016	36.7325	3.13248	33.6927	200
5017	36.0535	3.11104	33.7255	200
5018	35.7877	3.08191	33.7541	200
5019	38.0701	3.11619	33.8141	200
5020	38.6578	3.16417	33.8814	200
5021	38.8215	3.21351	33.95	200
5022	38.4619	3.24957	34.0126	200
5023	31.3638	3.23288	33.9759	200
5024	27.6902	3.31768	33.8885	200
5025	27.6977	3.39749	33.8026	200
5026	28.5917	3.44787	33.7302	200
5027	28.4408	3.49902	33.6567	200
5028	28.908	3.53373	33.5908	200
5029	28.3461	3.58126	33.5179	200
5030	28.8045	3.6127	33.4525	200
5031	29.9505	3.60963	33.4038	200
5032	30.2404	3.59723	33.3599	200
5033	30.2613	3.58338	33.3169	200
5034	30.3629	3.5659	33.2758	200
5035	30.2672	3.55042	33.234	200
5036	29.4238	3.55763	33.1811	200
5037	27.9295	3.60468	33.1082	200
5038	28.9613	3.61974	33.0506	200
5039	30.0948	3.6013	33.0095	200
5040	29.4795	3.59952	32.9654	200
5041	29.8522	3.58736	32.9265	200
5042	26.26	3.66434	32.8432	200
5043	28.7757	3.67442	32.7923	200
5044	27.965	3.70324	32.732	200
5045	26.9865	3.7543	32.6602	200
5046	27.5659	3.78779	32.5965	200
5047	27.3754	3.82363	32.5312	200
5048	28.5241	3.82821	32.4811	200
5049	28.8969	3.82211	32.4363	200
5050	28.3578	3.82852	32.3853	200
5051	27.208	3.86224	32.3206	200
5052	26.6202	3.9082	32.2494	200
5053	27.2001	3.93672	32.1862	200
5054	27.7309	3.94969	32.1306	200
5055	28.4828	3.94214	32.085	200
5056	27.8893	3.94848	32.0325	200
5057	27.6557	3.95918	31.9778	200
5058	27.1798	3.98015	31.9178	200
5059	27.8547	3.98223	31.867	200
5060	27.6164	3.98894	31.8139	200
5061	27.6276	3.99387	31.7616	200
5062	27.9981	3.98811	31.7145	200
5063	27.0159	4.00587	31.6558	200
5064	27.5362	4.00872	31.6043	200
5065	27.6041	4.0085	31.5543	200
5066	26.8423	4.02609	31.4954	200
5067	26.8203	4.04232	31.437	200
5068	26.7101	4.05943	31.3779	200
5069	26.6602	4.07588	31.3189	200
5070	26.7448	4.08834	31.2617	200
5071	27.4609	4.08115	31.2142	200
5072	28.3055	4.05184	31.1778	200
5073	28.076	4.02809	31.1391	200
5074	28.2842	3.99876	31.1034	200
5075	28.5355	3.96298	31.0713	200
5076	28.5169	3.92777	31.0394	200
5077	28.3115	3.89777	31.0053	200
5078	28.5622	3.8614	30.9747	200
5079	28.2789	3.83226	30.941	200
5080	29.1228	3.78191	30.9183	200
5081	29.8155	3.72102	30.9058	200
5082	30.4856	3.646	30.901	200
5083	28.188	3.6248	30.8702	200
5084	28.1492	3.60426	30.8392	200
5085	28.9868	3.56444	30.8182	200
5086	28.8724	3.52765	30.7961	200
5087	28.9785	3.48879	30.7754	200
5088	29.0455	3.44881	30.7558	200
5089	28.9191	3.41217	30.7349	200
5090	29.1575	3.37047	30.717	200
5091	29.5941	3.31939	30.7042	200
5092	29.1651	3.27893	30.6867	200
5093	28.7521	3.24837	30.6647	200
5094	29.6139	3.19843	30.6528	200
5095	28.9341	3.1648	30.6333	200
5096	29.3676	3.12164	30.6189	200
5097	29.3651	3.07918	30.6046	200
5098	29.5823	3.03244	30.593	200
5099	29.2952	2.99301	30.5783	200
5100	29.6641	2.94577	30.5679	200
5101	29.6858	2.89886	30.5578	200
5102	30.1825	2.84151	30.5536	200
5103	30.1991	2.78499	30.5496	200
5104	30.1934	2.72979	30.5455	200
5105	30.2509	2.67444	30.5422	200
5106	29.6312	2.63436	30.5318	200
5107	29.78	2.59158	30.5233	200
5108	30.5025	2.53315	30.523	200
5109	30.3478	2.47956	30.521	200
5110	30.2558	2.42923	30.518	200
5111	31.0658	2.38647	30.5242	200
5112	30.97	2.34236	30.5293	200
5113	30.5491	2.28958	30.5295	200
5114	30.9382	2.24683	30.5342	200
5115	30.4265	2.19821	30.5329	200
5116	30.4261	2.15068	30.5317	200
5117	31.0727	2.1141	30.5379	200
5118	30.3466	2.07039	30.5357	200
5119	31.0574	2.0352	30.5416	200
5120	31.0067	1.99951	30.5469	200
5121	31.3424	1.97215	30.556	200
5122	30.9959	1.93732	30.561	200
5123	30.9108	1.90124	30.5649	200
5124	31.0258	1.86851	30.5702	200
5125	31.9946	1.85842	30.5864	200
5126	31.6514	1.84189	30.5975	200
5127	31.8985	1.83062	30.611	200
5128	32.4989	1.83181	30.6307	200
5129	31.6929	1.81578	30.6417	200
5130	31.6924	1.79984	30.6527	200
5131	31.7848	1.78593	30.6645	200
5132	31.7187	1.77068	30.6755	200
5133	32.0155	1.76171	30.6894	200
5134	32.5169	1.76308	30.7084	200
5135	31.6074	1.74508	30.7178	200
5136	31.5235	1.72551	30.7262	200
5137	31.7885	1.71169	30.7373	200
5138	31.6057	1.69412	30.7463	200
5139	31.2406	1.66912	30.7515	200
5140	31.0056	1.63964	30.7541	200
5141	31.8461	1.62824	30.7655	200
5142	30.9581	1.59832	30.7675	200
5143	31.6654	1.58373	30.7768	200
5144	31.4733	1.56525	30.7841	200
5145	32.6932	1.57241	30.804	200
5146	32.5866	1.57679	30.8225	200
5147	32.4565	1.57798	30.8396	200
5148	32.1276	1.57194	30.853	200
5149	33.6081	1.59659	30.8817	200
5150	33.7644	1.62338	30.9117	200
5151	33.6008	1.64558	30.9397	200
5152	32.3101	1.63985	30.954	200
5153	33.2051	1.65258	30.9774	200
5154	32.9736	1.65974	30.9982	200
5155	32.4876	1.65619	31.0137	200
5156	33.2176	1.6676	31.0367	200
5157	32.8029	1.66965	31.0551	200
5158	33.0689	1.67682	31.0761	200
5159	33.7662	1.69793	31.1041	200
5160	33.1456	1.70509	31.1254	200
5161	32.6301	1.70091	31.141	200
5162	33.1435	1.7072	31.1619	200
5163	32.9066	1.70798	31.1801	200
5164	33.1355	1.71313	31.2004	200
5165	32.4322	1.7031	31.2133	200
5166	33.1427	1.70782	31.2334	200
5167	32.4567	1.69772	31.2461	200
5168	33.1085	1.70115	31.2655	200
5169	33.5062	1.71239	31.2889	200
5170	33.9087	1.7313	31.3161	200
5171	33.7548	1.74604	31.3415	200
5172	34.0323	1.76572	31.3696	200
5173	33.8401	1.7804	31.3953	200
5174	35.0556	1.81956	31.4334	200
5175	34.7445	1.84825	31.4653	200
5176	34.5314	1.87167	31.4948	200
5177	34.694	1.8972	31.5255	200
5178	34.3626	1.91527	31.5528	200
5179	34.4444	1.93405	31.5806	200
5180	34.3683	1.95046	31.6074	200
5181	34.4273	1.96718	31.6345	200
5182	34.8201	1.99061	31.6651	200
5183	34.4747	2.00767	31.6944	200
5184	33.8021	2.00976	31.7164	200
5185	34.8695	2.03574	31.7522	200
5186	34.8777	2.06051	31.7877	200
5187	34.552	2.0781	31.8223	200
5188	34.4859	2.09274	31.8556	200
5189	34.6842	2.11318	31.8948	200
5190	34.3797	2.1235	31.9294	200
5191	34.6467	2.14206	31.9718	200
5192	34.6172	2.15779	32.0131	200
5193	34.4871	2.16908	32.0573	200
5194	33.8021	2.15392	32.0885	200
5195	34.7627	2.1725	32.1362	200
5196	35.1258	2.20168	32.1896	200
5197	35.1347	2.22823	32.2422	200
5198	34.4181	2.22636	32.2811	200
5199	34.8109	2.2372	32.3262	200
5200	35.8586	2.28346	32.3893	200
5201	35.7101	2.32051	32.4486	200
5202	36.4869	2.38186	32.5207	200
5203	35.7359	2.41162	32.5781	200
5204	36.0322	2.44885	32.6398	200
5205	35.2818	2.45575	32.687	200
5206	35.6638	2.47436	32.7402	200
5207	35.1288	2.47129	32.7828	200
5208	27.548	2.56999	32.6893	200
5209	27.5958	2.66012	32.5984	200
5210	28.0432	2.7278	32.517	200
5211	28.4675	2.775	32.4447	200
5212	28.7364	2.80834	32.3785	200
5213	27.7268	2.87417	32.2954	200
5214	28.0208	2.92418	32.2191	200
5215	28.6209	2.94826	32.1548	200
5216	28.6411	2.96845	32.0921	200
5217	28.5981	2.98722	32.0297	200
5218	29.316	2.97745	31.9812	200
5219	28.5779	2.99267	31.9205	200
5220	28.035	3.02455	31.8511	200
5221	28.621	3.03189	31.7934	200
5222	19.016	3.37994	31.5652	200
5223	29.5616	3.33079	31.5295	200
5224	29.5855	3.28745	31.4991	200
5225	29.8264	3.23699	31.4729	200
5226	29.8095	3.18782	31.447	200
5227	29.5632	3.14706	31.4175	200
5228	30.3566	3.08187	31.4009	200
5229	29.7574	3.03692	31.3753	200
5230	30.3187	2.97503	31.3588	200
5231	30.0199	2.9239	31.3378	200
5232	30.255	2.86637	31.3209	200
5233	30.4937	2.80264	31.308	200
5234	30.8214	2.73027	31.3004	200
5235	30.3235	2.67548	31.2851	200
5236	30.4098	2.61922	31.2714	200
5237	30.5936	2.55855	31.2608	200
5238	20.5948	2.81191	31.0942	200
5239	32.328	2.76259	31.1135	200
5240	30.9901	2.68012	31.1115	200
5241	31.0971	2.59681	31.1113	200
5242	31.1892	2.5181	31.1125	200
5243	31.3529	2.44692	31.1163	200
5244	31.12	2.37057	31.1163	200
5245	31.8675	2.31996	31.1281	200
5246	30.5138	2.26666	31.1185	200
5247	31.8724	2.21938	31.1303	200
5248	32.0178	2.17776	31.1441	200
5249	31.113	2.11068	31.1436	200
5250	31.533	2.05689	31.1497	200
5251	32.0801	2.02169	31.1643	200
5252	31.8274	1.97923	31.1746	200
5253	31.8295	1.93784	31.1849	200
5254	32.5998	1.9215	31.207	200
5255	21.4144	2.16747	31.054	200
5256	38.204	2.32318	31.1657	200
5257	38.2859	2.45643	31.2646	200
5258	38.3021	2.58368	31.3623	200
5259	38.3155	2.70505	31.4589	200
5260	38.2865	2.81957	31.5537	200
5261	39.8497	2.97169	31.6689	200
5262	39.4085	3.10413	31.7764	200
5263	40.4822	3.25974	31.8973	200
5264	39.6032	3.38324	32.0044	200
5265	41.6928	3.55838	32.1389	200
5266	42.7483	3.75424	32.2863	200
5267	43.0981	3.95029	32.4364	200
5268	43.3109	4.14263	32.5875	200
5269	44.2094	4.35039	32.7489	200
5270	44.0345	4.54303	32.9056	200
5271	43.5196	4.71167	33.053	200
5272	43.9398	4.8832	33.2043	200
5273	27.8222	4.89705	33.1295	200
5274	45.3826	5.10139	33.2997	200
5275	45.8238	5.30757	33.4736	200
5276	45.0983	5.48305	33.6351	200
5277	44.8516	5.64231	33.7909	200
5278	45.4665	5.8099	33.953	200
5279	45.467	5.96835	34.1129	200
5280	45.3599	6.11498	34.2692	200
5281	44.7701	6.23681	34.415	200
5282	46.9681	6.41226	34.5893	200
5283	44.5347	6.5104	34.7275	200
5284	44.8064	6.60953	34.8675	200
5285	44.3219	6.68855	34.9988	200
5286	44.0972	6.75549	35.1251	200
5287	43.6056	6.80341	35.2429	200
5288	44.0551	6.85921	35.3653	200
5289	44.1129	6.91166	35.4868	200
5290	44.0507	6.95756	35.6058	200
5291	44.7417	7.01807	35.7326	200
5292	45.7331	7.10091	35.8715	200
5293	47.0919	7.2039	36.0118	200
5294	47.5262	7.31166	36.1557	200
5295	47.3629	7.40905	36.2958	200
5296	47.721	7.50945	36.4386	200
5297	47.701	7.60327	36.5794	200
5298	48.5134	7.71154	36.7286	200
5299	48.2275	7.80623	36.8723	200
5300	48.5089	7.90198	37.0178	200
5301	47.7486	7.97271	37.1519	200
5302	47.3083	8.0273	37.2789	200
5303	47.9563	8.09355	37.4123	200
5304	47.3296	8.13914	37.5363	200
5305	48.1032	8.19984	37.6684	200
5306	47.9707	8.2524	37.7972	200
5307	47.2855	8.2833	37.9158	200
5308	47.8535	8.32466	38.04	200
5309	48.27	8.37229	38.1679	200
5310	47.5637	8.39788	38.2853	200
5311	47.3534	8.41464	38.3987	200
5312	48.0682	8.44601	38.5195	200
5313	49.6591	8.51335	38.6588	200
5314	52.2593	8.64053	38.8288	200
5315	52.4198	8.76429	38.9987	200
5316	53.182	8.89977	39.176	200
5317	54.2536	9.05421	39.3644	200
5318	53.5952	9.18363	39.5423	200
5319	54.3301	9.32373	39.7272	200
5320	54.2415	9.4535	39.9086	200
5321	52.7075	9.53713	40.0686	200
5322	52.5971	9.61191	40.2252	200
5323	51.2023	9.64605	40.3624	200
5324	51.8557	9.69223	40.5061	200
5325	51.3099	9.72002	40.6411	200
5326	51.8009	9.75601	40.7806	200
5327	53.3727	9.82691	40.938	200
5328	52.6451	9.87392	41.0843	200
5329	52.6806	9.91698	41.2293	200
5330	53.3721	9.97262	41.3811	200
5331	53.4275	10.0245	41.5317	200
5332	54.0938	10.0879	41.6887	200
5333	54.6941	10.1608	41.8512	200
5334	46.0026	10.0243	41.8984	200
5335	44.4442	9.8543	41.9274	200
5336	45.5936	9.71366	41.969	200
5337	44.6816	9.55454	41.9998	200
5338	43.9257	9.38116	42.0217	200
5339	43.6125	9.20411	42.0398	200
5340	43.5322	9.02884	42.0568	200
5341	47.1717	8.93989	42.1149	200
5342	47.0232	8.84826	42.1707	200
5343	46.5472	8.74663	42.2204	200
5344	47.3344	8.66407	42.2785	200
5345	48.3913	8.60609	42.348	200
5346	48.6674	8.55412	42.4198	200
5347	47.5806	8.477	42.4784	200
5348	47.5656	8.39996	42.5362	200
5349	47.5465	8.32292	42.5932	200
5350	47.4297	8.24369	42.6481	200
5351	47.8486	8.17452	42.7072	200
5352	47.4527	8.09659	42.7611	200
5353	46.6674	8.00135	42.8055	200
5354	46.6614	7.90714	42.8494	200
5355	47.9814	7.84407	42.9077	200
5356	41.8431	7.68999	42.8956	200
5357	41.076	7.55657	42.8749	200
5358	40.7361	7.43344	42.8506	200
5359	41.2681	7.30046	42.8326	200
5360	41.3637	7.16793	42.8159	200
5361	40.3406	7.06128	42.7878	200
5362	41.1259	6.93856	42.7689	200
5363	39.133	6.8635	42.7276	200
5364	41.1902	6.74245	42.7101	200
5365	40.426	6.64113	42.6842	200
5366	40.3229	6.54386	42.6573	200
5367	40.0207	6.45505	42.6274	200
5368	40.1312	6.36508	42.599	200
5369	40.017	6.2791	42.5697	200
5370	39.736	6.20079	42.5375	200
5371	40.3852	6.10878	42.513	200
5372	40.5479	6.01461	42.4907	200
5373	40.2067	5.92982	42.4647	200
5374	40.4226	5.84146	42.4415	200
5375	40.3302	5.75668	42.4175	200
5376	40.4817	5.66984	42.3955	200
5377	39.6823	5.60265	42.3647	200
5378	41.1744	5.50237	42.3512	200
5379	42.5979	5.39288	42.3537	200
5380	44.0063	5.31495	42.3709	200
5381	43.7958	5.23391	42.3858	200
5382	43.5418	5.14895	42.3978	200
5383	42.4783	5.04336	42.3987	200
5384	42.2973	4.9404	42.3976	200
5385	42.2336	4.84089	42.3959	200
5386	41.6798	4.75495	42.3884	200
5387	40.2404	4.70064	42.3661	200
5388	39.8886	4.65433	42.3402	200
5389	40.9662	4.58599	42.3259	200
5390	39.3895	4.55162	42.2953	200
5391	38.8017	4.52958	42.259	200
5392	38.9778	4.50357	42.2248	200
5393	37.7597	4.50277	42.1783	200
5394	37.1642	4.51342	42.126	200
5395	36.2855	4.54106	42.0652	200
5396	35.5403	4.58239	41.9972	200
5397	35.8573	4.61484	41.9333	200
5398	35.8673	4.64507	41.8701	200
5399	35.685	4.67716	41.8057	200
5400	36.0375	4.69989	41.7456	200
5401	35.2739	4.7368	41.6782	200
5402	35.8427	4.75969	41.6174	200
5403	33.4537	4.8306	41.5323	200
5404	35.4215	4.85727	41.4687	200
5405	35.1893	4.8869	41.4033	200
5406	34.4498	4.92995	41.3308	200
5407	34.8032	4.96324	41.2628	200
5408	33.8182	5.01494	41.1853	200
5409	32.9228	5.08259	41.0992	200
5410	31.5201	5.17627	40.9994	200
5411	30.1764	5.29391	40.8867	200
5412	30.4178	5.40172	40.7776	200
5413	33.5146	5.4405	40.702	200
5414	33.834	5.47024	40.6304	200
5415	33.8781	5.49695	40.5601	200
5416	33.8291	5.52266	40.49	200
5417	34.0419	5.54194	40.4228	200
5418	33.8929	5.56252	40.3548	200
5419	34.2862	5.57306	40.2916	200
5420	34.1535	5.58483	40.2276	200
5421	33.9703	5.59884	40.1625	200
5422	34.0753	5.60902	40.0991	200
5423	34.2183	5.61468	40.0378	200
5424	34.8663	5.60544	39.9839	200
5425	34.7811	5.59705	39.9297	200
5426	34.9249	5.58472	39.8776	200
5427	35.6853	5.55571	39.8339	200
5428	32.88	5.5826	39.7671	200
5429	32.5899	5.61326	39.6981	200
5430	32.4234	5.64521	39.6281	200
5431	32.4768	5.67417	39.5593	200
5432	32.0311	5.70983	39.487	200
5433	32.8371	5.7279	39.423	200
5434	32.4243	5.75234	39.3557	200
5435	32.1892	5.77954	39.2868	200
5436	32.2687	5.80336	39.2193	200
5437	33.1057	5.80932	39.1605	200
5438	34.852	5.78046	39.1191	200
5439	35.5582	5.73777	39.0849	200
5440	35.5832	5.69477	39.0512	200
5441	35.8197	5.6474	39.0201	200
5442	35.554	5.60545	38.9868	200
5443	35.7135	5.5606	38.9553	200
5444	35.5554	5.51905	38.9226	200
5445	36.3708	5.46199	38.8981	200
5446	37.5675	5.38254	38.8853	200
5447	38.0594	5.29491	38.8774	200
5448	38.0728	5.20856	38.8696	200
5449	37.2359	5.13981	38.8539	200
5450	37.2443	5.07192	38.8384	200
5451	37.4767	5.00057	38.8253	200
5452	37.2167	4.93534	38.8099	200
5453	37.7706	4.86042	38.7999	200
5454	36.7509	4.80635	38.7802	200
5455	35.4612	4.77775	38.7483	200
5456	35.9381	4.73991	38.7212	200
5457	35.8473	4.70402	38.6936	200
5458	36.2554	4.66045	38.6702	200
5459	36.519	4.61219	38.6495	200
5460	36.3035	4.56861	38.6269	200
5461	36.6298	4.51916	38.6077	200
5462	36.4018	4.47468	38.5865	200
5463	35.4844	4.44828	38.5567	200
5464	36.0006	4.41189	38.5321	200
5465	35.509	4.38518	38.503	200
5466	35.3769	4.36097	38.473	200
5467	35.0154	4.34359	38.4397	200
5468	35.2308	4.32177	38.4089	200
5469	35.3713	4.29708	38.3797	200
5470	35.607	4.26776	38.353	200
5471	34.8101	4.25382	38.3189	200
5472	33.6436	4.26193	38.274	200
5473	33.242	4.27674	38.2256	200
5474	33.0424	4.29417	38.1758	200
5475	33.0545	4.31007	38.1265	200
5476	33.0713	4.3244	38.0779	200
5477	32.7683	4.34335	38.0268	200
5478	33.0476	4.35557	37.979	200
5479	33.1289	4.36508	37.9323	200
5480	33.8908	4.35886	37.8935	200
5481	33.7092	4.35574	37.8561	200
5482	32.9308	4.36591	37.8121	200
5483	33.0543	4.37291	37.7697	200
5484	32.9895	4.38018	37.727	200
5485	32.7841	4.39023	37.6828	200
5486	32.5896	4.40278	37.6374	200
5487	32.8128	4.41031	37.5943	200
5488	32.4483	4.42345	37.5483	200
5489	32.0462	4.44271	37.4992	200
5490	31.8609	4.46406	37.4489	200
5491	33.3599	4.45736	37.4124	200
5492	33.667	4.44465	37.3789	200
5493	34.1656	4.42266	37.3502	200
5494	34.1346	4.4011	37.3215	200
5495	34.092	4.38018	37.2927	200
5496	34.3142	4.35515	37.2661	200
5497	34.6892	4.3234	37.2431	200
5498	35.0235	4.28583	37.2233	200
5499	35.0351	4.24837	37.2037	200
5500	35.2198	4.20793	37.186	200
5501	35.5421	4.16214	37.1713	200
5502	35.4492	4.11857	37.156	200
5503	35.4969	4.07465	37.1411	200
5504	36.7018	4.00974	37.1372	200
5505	36.5438	3.94873	37.1319	200
5506	36.6255	3.88726	37.1274	200
5507	36.8348	3.82307	37.1248	200
5508	37.3387	3.75862	37.1267	200
5509	37.4296	3.69691	37.1294	200
5510	35.0338	3.66831	37.1107	200
5511	35.9412	3.62369	37.1002	200
5512	35.867	3.581	37.0892	200
5513	36.5342	3.52697	37.0843	200
5514	35.9034	3.48507	37.0737	200
5515	36.7636	3.42838	37.071	200
5516	38.1513	3.38645	37.0806	200
5517	37.9842	3.34211	37.0887	200
5518	37.931	3.29747	37.0962	200
5519	35.2556	3.27146	37.0798	200
5520	35.0971	3.24844	37.0621	200
5521	35.0196	3.2269	37.0438	200
5522	34.931	3.20701	37.025	200
5523	35.0957	3.18419	37.0077	200
5524	34.7477	3.16769	36.9876	200
5525	36.0578	3.12772	36.9793	200
5526	36.278	3.08439	36.973	200
5527	35.9755	3.04713	36.9641	200
5528	35.7543	3.01432	36.9533	200
5529	35.5023	2.9864	36.9403	200
5530	35.8193	2.95309	36.9303	200
5531	35.6456	2.9233	36.9188	200
5532	34.5147	2.91403	36.8974	200
5533	34.5328	2.90421	36.8763	200
5534	34.5878	2.89322	36.8558	200
5535	34.1604	2.88969	36.8318	200
5536	34.395	2.8816	36.81	200
5537	35.0931	2.8608	36.7947	200
5538	35.0307	2.84252	36.78	200
5539	35.1323	2.8226	36.7662	200
5540	33.3835	2.83194	36.7381	200
5541	33.9572	2.83109	36.7149	200
5542	34.6941	2.81758	36.698	200
5543	34.8108	2.80208	36.6823	200
5544	33.9508	2.8009	36.6596	200
5545	33.0561	2.81428	36.6295	200
5546	33.3038	2.8228	36.6018	200
5547	33.7302	2.82362	36.5779	200
5548	33.0905	2.83468	36.5488	200
5549	33.3226	2.8412	36.5219	200
5550	33.8174	2.83893	36.4994	200
5551	34.8687	2.81879	36.4858	200
5552	34.7268	2.80112	36.4711	200
5553	34.9154	2.78037	36.4582	200
5554	36.7526	2.73893	36.4606	200
5555	36.3579	2.695	36.4598	200
5556	36.4982	2.65072	36.4601	200
5557	36.5761	2.60847	36.4611	200
5558	36.7061	2.56908	36.4631	200
5559	37.7311	2.5474	36.4737	200
5560	38.0478	2.53118	36.4868	200
5561	39.9403	2.54655	36.5156	200
5562	40.041	2.56286	36.5449	200
5563	41.2615	2.59876	36.5842	200
5564	41.3148	2.63429	36.6237	200
5565	41.4171	2.67027	36.6636	200
5566	41.4506	2.70555	36.7035	200
5567	41.9408	2.74775	36.7471	200
5568	42.0896	2.79099	36.7917	200
5569	42.008	2.83141	36.8351	200
5570	42.1962	2.87357	36.8798	200
5571	41.5235	2.90307	36.9185	200
5572	40.2778	2.91067	36.9465	200
5573	39.7958	2.90965	36.9702	200
5574	39.8307	2.90883	36.9941	200
5575	39.2698	2.89828	37.013	200
5576	39.3624	2.88913	37.0326	200
5577	39.1132	2.87565	37.05	200
5578	35.9396	2.84623	37.0407	200
5579	35.6502	2.82197	37.0291	200
5580	36.8625	2.77771	37.0277	200
5581	38.6751	2.75887	37.0415	200
5582	38.5192	2.73752	37.0538	200
5583	38.0439	2.70839	37.062	200
5584	35.4953	2.68937	37.049	200
5585	34.8968	2.68041	37.031	200
5586	34.5707	2.67674	37.0105	200
5587	34.4958	2.67404	36.9896	200
5588	34.5942	2.6694	36.9696	200
5589	33.1766	2.68813	36.938	200
5590	32.9153	2.71037	36.9045	200
5591	32.4579	2.7393	36.8674	200
5592	32.4566	2.76716	36.8307	200
5593	31.0697	2.81706	36.7827	200
5594	31.2811	2.8618	36.7368	200
5595	31.2038	2.90632	36.6907	200
5596	31.5307	2.94388	36.6477	200
5597	31.8983	2.97397	36.6081	200
5598	32.4118	2.99434	36.5732	200
5599	32.2519	3.01508	36.5394	200
5600	32.6649	3.0285	36.5091	200
5601	32.2576	3.04761	36.4759	200
5602	32.8215	3.05709	36.4474	200
5603	32.0398	3.0782	36.4129	200
5604	32.2717	3.09481	36.3806	200
5605	32.3826	3.10892	36.3493	200
5606	32.3815	3.12234	36.3183	200
5607	32.4902	3.13336	36.2884	200
5608	32.0829	3.15012	36.2556	200
5609	28.7325	3.21844	36.1968	200
5610	28.3463	3.29082	36.1355	200
5611	26.1296	3.39574	36.0573	200
5612	23.3856	3.54068	35.9583	200
5613	23.5587	3.6791	35.8614	200
5614	24.004	3.80688	35.7688	200
5615	25.1032	3.91405	35.6855	200
5616	27.7656	3.97664	35.6236	200
5617	28.1839	4.03075	35.5655	200
5618	29.5597	4.06161	35.5185	200
5619	30.6526	4.07418	35.4805	200
5620	30.8776	4.08244	35.4446	200
5621	31.5167	4.08002	35.4139	200
5622	31.2033	4.08206	35.381	200
5623	31.146	4.08445	35.3479	200
5624	31.2986	4.0839	35.3163	200
5625	31.9861	4.07212	35.2902	200
5626	31.9027	4.06142	35.2638	200
5627	31.5703	4.05567	35.2349	200
5628	31.5251	4.05027	35.2059	200
5629	31.6156	4.04308	35.1779	200
5630	32.7543	4.01778	35.159	200
5631	32.5156	3.9963	35.1383	200
5632	32.0385	3.98229	35.1141	200
5633	32.3828	3.96275	35.0927	200
5634	31.8334	3.95175	35.0673	200
5635	32.3391	3.93264	35.046	200
5636	32.5547	3.91011	35.0265	200
5637	32.7418	3.88472	35.0087	200
5638	32.6398	3.86103	34.9901	200
5639	32.3967	3.84123	34.9699	200
5640	32.6354	3.81768	34.9516	200
5641	32.4179	3.79762	34.9319	200
5642	32.4745	3.77668	34.9127	200
5643	32.6148	3.75357	34.8947	200
5644	32.8082	3.72752	34.8784	200
5645	33.1024	3.69703	34.8645	200
5646	32.9159	3.66971	34.8493	200
5647	30.5818	3.67905	34.816	200
5648	28.5015	3.72023	34.7666	200
5649	29.0248	3.75181	34.7218	200
5650	27.7664	3.80187	34.6674	200
5651	27.0609	3.86132	34.608	200
5652	26.7374	3.92396	34.5465	200
5653	26.2239	3.99269	34.4815	200
5654	25.2287	4.07488	34.4092	200
5655	25.0689	4.15715	34.3362	200
5656	25.2235	4.23458	34.265	200
5657	24.1538	4.3264	34.186	200
5658	24.2373	4.41425	34.1083	200
5659	24.3889	4.49715	34.0324	200
5660	24.0236	4.58326	33.9542	200
5661	24.3446	4.6618	33.8791	200
5662	24.1593	4.74083	33.8032	200
5663	24.6396	4.80994	33.7316	200
5664	25.0793	4.86644	33.668	200
5665	25.0221	4.92202	33.6044	200
5666	24.9121	4.97747	33.5405	200
5667	25.254	5.02613	33.4795	200
5668	25.0371	5.07637	33.4175	200
5669	25.0149	5.12528	33.3557	200
5670	25.4182	5.16664	33.2973	200
5671	25.7104	5.20223	33.2415	200
5672	25.5202	5.23928	33.1848	200
5673	25.5147	5.27502	33.1284	200
5674	25.5763	5.30851	33.0728	200
5675	25.7643	5.33792	33.0191	200
5676	25.6794	5.36736	32.9651	200
5677	25.6783	5.39558	32.9115	200
5678	26.6507	5.40831	32.8655	200
5679	26.7232	5.4191	32.8203	200
5680	26.5026	5.43231	32.7739	200
5681	26.5152	5.44447	32.7279	200
5682	27.3115	5.44405	32.688	200
5683	27.1646	5.44522	32.6474	200
5684	26.4887	5.45571	32.6021	200
5685	26.7942	5.46089	32.5594	200
5686	26.775	5.46565	32.5169	200
5687	26.5712	5.47271	32.4732	200
5688	26.7114	5.47696	32.4308	200
5689	26.4152	5.48488	32.3866	200
5690	26.7175	5.48759	32.3449	200
5691	26.7318	5.48943	32.3036	200
5692	26.4959	5.49411	32.2609	200
5693	26.8037	5.49357	32.2208	200
5694	26.6054	5.49536	32.1795	200
5695	26.2243	5.50212	32.1357	200
5696	26.4612	5.50466	32.094	200
5697	27.1772	5.49601	32.0578	200
5698	27.0127	5.48938	32.0207	200
5699	27.0638	5.48155	31.9843	200
5700	27.1451	5.4721	31.9487	200
5701	26.8808	5.46616	31.9114	200
5702	27.158	5.45568	31.8765	200
5703	26.9197	5.44834	31.84	200
5704	26.3852	5.44843	31.7999	200
5705	26.1191	5.45185	31.7582	200
5706	26.4037	5.45042	31.7188	200
5707	26.3424	5.44933	31.6793	200
5708	26.6879	5.44259	31.6426	200
5709	26.3174	5.44087	31.6034	200
5710	26.9602	5.42913	31.5693	200
5711	26.4844	5.42407	31.5319	200
5712	26.193	5.42282	31.4926	200
5713	26.0357	5.42332	31.4525	200
5714	26.2668	5.41982	31.4144	200
5715	26.5645	5.41144	31.3787	200
5716	27.0681	5.39525	31.347	200
5717	27.1114	5.3782	31.3159	200
5718	27.1071	5.361	31.2849	200
5719	26.6875	5.34977	31.2511	200
5720	26.4435	5.3418	31.2158	200
5721	26.1374	5.33792	31.1784	200
5722	26.4055	5.32961	31.1433	200
5723	26.3598	5.32158	31.1081	200
5724	26.1556	5.31615	31.0717	200
5725	26.152	5.31032	31.0356	200
5726	26.2609	5.30244	31.0004	200
5727	26.1266	5.29614	30.9646	200
5728	26.2089	5.28819	30.9296	200
5729	26.1739	5.28036	30.8947	200
5730	26.7102	5.26425	30.8639	200
5731	27.7257	5.23298	30.8408	200
5732	28.7181	5.18724	30.8252	200
5733	30.1753	5.12422	30.8207	200
5734	30.2727	5.06066	30.8169	200
5735	30.1709	4.99935	30.8124	200
5736	30.0817	4.94006	30.8073	200
5737	30.1141	4.88108	30.8025	200
5738	30.2624	4.82078	30.7988	200
5739	30.0469	4.76427	30.7935	200
5740	30.388	4.70373	30.7907	200
5741	30.6217	4.64075	30.7896	200
5742	30.42	4.58143	30.787	200
5743	29.7567	4.5321	30.7798	200
5744	30.131	4.47817	30.7753	200
5745	29.4675	4.43414	30.7662	200
5746	29.8593	4.38515	30.7599	200
5747	28.63	4.35382	30.7452	200
5748	28.9365	4.31847	30.7326	200
5749	28.9481	4.28328	30.7202	200
5750	28.4357	4.25552	30.7043	200
5751	26.5601	4.25397	30.6756	200
5752	26.4801	4.25316	30.6464	200
5753	26.596	4.25034	30.6183	200
5754	27.047	4.24091	30.5935	200
5755	27.2468	4.22849	30.5703	200
5756	27.6665	4.21009	30.5501	200
5757	27.5048	4.19391	30.5289	200
5758	27.4419	4.17854	30.5075	200
5759	27.5295	4.16186	30.4868	200
5760	27.5356	4.14505	30.4663	200
5761	27.6287	4.12689	30.4466	200
5762	27.5015	4.11047	30.4262	200
5763	27.3601	4.09597	30.4049	200
5764	27.5886	4.07819	30.3853	200
5765	26.9764	4.0689	30.3616	200
5766	25.946	4.07371	30.331	200
5767	25.689	4.0816	30.2987	200
5768	26.4401	4.07851	30.2719	200
5769	24.8321	4.09741	30.2342	200
5770	24.8091	4.11585	30.1965	200
5771	25.0557	4.13009	30.1608	200
5772	24.8411	4.14661	30.1238	200
5773	25.0631	4.1593	30.0887	200
5774	25.3022	4.16801	30.0555	200
5775	24.8231	4.1828	30.0191	200
5776	24.6917	4.19869	29.9821	200
5777	24.3546	4.21854	29.9431	200
5778	24.673	4.23314	29.9065	200
5779	24.8515	4.24456	29.8713	200
5780	24.9629	4.25378	29.8373	200
5781	24.8301	4.26424	29.8025	200
5782	25.0526	4.27098	29.7695	200
5783	24.9938	4.27799	29.7363	200
5784	24.9731	4.28473	29.7033	200
5785	24.8741	4.29229	29.6697	200
5786	24.8536	4.29957	29.6363	200
5787	24.8016	4.307	29.6027	200
5788	25.1151	4.30951	29.5715	200
5789	25.0209	4.31285	29.5399	200
5790	24.7303	4.31975	29.5065	200
5791	24.7429	4.32592	29.4735	200
5792	24.9834	4.3282	29.4423	200
5793	24.7666	4.33302	29.4098	200
5794	24.7666	4.33733	29.3776	200
5795	24.8154	4.34045	29.3459	200
5796	24.8646	4.34241	29.3148	200
5797	24.6939	4.34628	29.2827	200
5798	24.8492	4.34749	29.2519	200
5799	25.1115	4.34461	29.2231	200
5800	24.8678	4.34476	29.1929	200
5801	24.9211	4.34374	29.1632	200
5802	24.8621	4.34315	29.1333	200
5803	24.9822	4.34048	29.1045	200
5804	24.7274	4.34099	29.0741	200
5805	25.5896	4.3291	29.0499	200
5806	25.5457	4.31824	29.0269	200
5807	25.8276	4.30352	29.0058	200
5808	25.3743	4.29467	28.9819	200
5809	25.6338	4.28222	28.9599	200
5810	25.485	4.2716	28.937	200
5811	25.0686	4.26629	28.9116	200
5812	25.7333	4.25197	28.8907	200
5813	25.5735	4.23967	28.8689	200
5814	25.5144	4.22802	28.8468	200
5815	25.5541	4.21572	28.8251	200
5816	25.5483	4.20336	28.8036	200
5817	25.4432	4.19227	28.7815	200
5818	25.6121	4.17881	28.7606	200
5819	25.3892	4.16819	28.7384	200
5820	25.4243	4.15695	28.7166	200
5821	25.2638	4.14768	28.6939	200
5822	25.2805	4.13802	28.6714	200
5823	25.4601	4.12582	28.6503	200
5824	25.6698	4.11075	28.6307	200
5825	25.1434	4.10255	28.6078	200
5826	25.4635	4.08994	28.5871	200
5827	25.6399	4.0749	28.5677	200
5828	25.6604	4.05954	28.5486	200
5829	25.211	4.05004	28.5266	200
5830	25.5974	4.03529	28.5073	200
5831	25.5826	4.02068	28.4881	200
5832	25.7094	4.00434	28.4698	200
5833	25.4275	3.99168	28.4498	200
5834	25.4956	3.97803	28.4304	200
5835	25.5364	3.96376	28.4113	200
5836	25.3311	3.95214	28.391	200
5837	25.5378	3.93768	28.3723	200
5838	25.4664	3.9241	28.3532	200
5839	25.5355	3.90954	28.3346	200
5840	25.3567	3.89728	28.315	200
5841	25.7659	3.87954	28.2983	200
5842	25.3885	3.86678	28.2791	200
5843	26.1055	3.8445	28.2648	200
5844	26.2767	3.82008	28.2517	200
5845	25.9579	3.79999	28.2366	200
5846	26.3109	3.77533	28.224	200
5847	26.1596	3.75282	28.2104	200
5848	25.9854	3.73271	28.1958	200
5849	26.2297	3.70947	28.1828	200
5850	26.0276	3.68902	28.1686	200
5851	26.1687	3.66679	28.1555	200
5852	26.2489	3.64363	28.1429	200
5853	26.115	3.62237	28.1296	200
5854	26.4131	3.59729	28.1183	200
5855	26.0684	3.57693	28.1048	200
5856	26.1612	3.55544	28.092	200
5857	26.023	3.53588	28.0784	200
5858	26.1842	3.51428	28.066	200
5859	26.2086	3.49248	28.0537	200
5860	26.1916	3.47102	28.0415	200
5861	26.3823	3.44718	28.0306	200
5862	25.9995	3.42855	28.0172	200
5863	26.423	3.40441	28.0067	200
5864	26.0983	3.38473	27.9942	200
5865	26.3414	3.36194	27.9833	200
5866	26.1021	3.34245	27.9709	200
5867	26.2381	3.32127	27.9595	200
5868	26.2187	3.30048	27.9481	200
5869	26.2647	3.2792	27.937	200
5870	26.0508	3.26087	27.9246	200
5871	26.2642	3.23981	27.9136	200
5872	26.2606	3.21893	27.9028	200
5873	26.2472	3.19836	27.8919	200
5874	26.2645	3.17769	27.8812	200
5875	26.3548	3.15596	27.8711	200
5876	26.2205	3.13615	27.8603	200
5877	26.46	3.11331	27.8511	200
5878	26.3221	3.09246	27.841	200
5879	26.0046	3.07594	27.8289	200
5880	26.4322	3.05384	27.8197	200
5881	26.3361	3.03318	27.81	200
5882	26.9474	3.00462	27.8043	200
5883	26.9353	2.97792	27.7989	200
5884	26.9481	2.95133	27.7935	200
5885	26.9577	2.92489	27.7883	200
5886	26.9681	2.89858	27.7832	200
5887	26.9595	2.87264	27.778	200
5888	26.961	2.84695	27.7729	200
5889	27.1127	2.81961	27.7688	200
5890	26.9698	2.79436	27.7638	200
5891	27.0081	2.76887	27.7591	200
5892	26.8651	2.74544	27.7535	200
5893	26.7678	2.72344	27.7473	200
5894	26.9336	2.69957	27.7422	200
5895	27.1175	2.67363	27.7383	200
5896	27.1162	2.64799	27.7345	200
5897	27.2674	2.62072	27.7315	200
5898	26.9535	2.59769	27.7267	200
5899	27.1098	2.57293	27.7228	200
5900	26.9572	2.55034	27.718	200
5901	27.0383	2.52696	27.7138	200
5902	26.9199	2.50529	27.7088	200
5903	26.8111	2.4852	27.7032	200
5904	26.7393	2.46618	27.6972	200
5905	26.9033	2.44528	27.6922	200
5906	26.934	2.42419	27.6875	200
5907	26.8489	2.40437	27.6822	200
5908	26.9587	2.38336	27.6777	200
5909	26.9387	2.3628	27.6731	200
5910	26.9629	2.34214	27.6687	200
5911	26.9465	2.32189	27.6641	200
5912	26.9095	2.3023	27.6594	200
5913	26.8945	2.28308	27.6546	200
5914	26.7549	2.26579	27.649	200
5915	26.9822	2.2458	27.6449	200
5916	26.6962	2.22959	27.6389	200
5917	26.8383	2.21173	27.6339	200
5918	27.1623	2.18998	27.631	200
5919	26.9908	2.1706	27.627	200
5920	26.8267	2.15347	27.622	200
5921	26.9136	2.13541	27.6175	200
5922	27.7872	2.11084	27.6186	200
5923	27.6628	2.085	27.6189	200
5924	27.7619	2.06073	27.6198	200
5925	27.6111	2.03507	27.6197	200
5926	27.7682	2.01149	27.6206	200
5927	27.9691	1.9907	27.6228	200
5928	27.7056	1.96685	27.6233	200
5929	27.5378	1.94334	27.6228	200
5930	27.6256	1.91908	27.6228	200
5931	27.4647	1.89707	27.6218	200
5932	27.5425	1.87435	27.6213	200
5933	27.5762	1.85148	27.6211	200
5934	27.6339	1.8285	27.6211	200
5935	27.4434	1.80786	27.62	200
5936	27.4797	1.78702	27.6191	200
5937	27.3191	1.76843	27.6173	200
5938	27.6056	1.74647	27.6172	200
5939	27.4693	1.72649	27.6163	200
5940	27.4046	1.70755	27.6149	200
5941	27.5526	1.68698	27.6146	200
5942	27.5044	1.66727	27.6139	200
5943	27.747	1.6481	27.6147	200
5944	27.9267	1.63139	27.6166	200
5945	27.6109	1.61107	27.6166	200
5946	27.7083	1.59208	27.6172	200
5947	27.5293	1.57328	27.6166	200
5948	27.8362	1.55636	27.618	200
5949	27.6661	1.5375	27.6183	200
5950	27.6222	1.51833	27.6183	200
5951	27.6211	1.49939	27.6183	200
5952	27.6501	1.48104	27.6185	200
5953	27.7541	1.46422	27.6194	200
5954	27.6708	1.44656	27.6197	200
5955	27.6378	1.42871	27.6198	200
5956	27.8441	1.41365	27.6212	200
5957	27.6745	1.39664	27.6216	200
5958	27.4672	1.38112	27.6206	200
5959	27.3906	1.36673	27.6192	200
5960	27.6268	1.34974	27.6192	200
5961	27.62	1.33288	27.6192	200
5962	27.4525	1.3183	27.6182	200
5963	28.1432	1.30838	27.6214	200
5964	28.242	1.30019	27.6251	200
5965	28.1951	1.2915	27.6285	200
5966	28.4257	1.28561	27.6333	200
5967	28.2206	1.2773	27.6368	200
5968	28.0282	1.26676	27.6391	200
5969	28.2655	1.25913	27.6428	200
5970	28.2874	1.25181	27.6467	200
5971	28.3808	1.24565	27.651	200
5972	28.3898	1.23961	27.6554	200
5973	28.3722	1.23339	27.6597	200
5974	28.3777	1.22725	27.664	200
5975	28.3781	1.22114	27.6682	200
5976	28.5323	1.21689	27.6734	200
5977	28.3004	1.20987	27.6771	200
5978	28.4091	1.20418	27.6815	200
5979	28.6376	1.20123	27.6871	200
5980	28.3772	1.19514	27.6912	200
5981	28.4052	1.18941	27.6955	200
5982	28.3808	1.18341	27.6996	200
5983	28.344	1.177	27.7034	200
5984	28.2574	1.16958	27.7067	200
5985	28.0364	1.15958	27.7087	200
5986	28.5628	1.15594	27.7138	200
5987	28.5914	1.15263	27.719	200
5988	28.7991	1.15177	27.7254	200
5989	28.5724	1.14814	27.7304	200
5990	28.8083	1.1473	27.7369	200
5991	28.8537	1.14694	27.7435	200
5992	28.8436	1.14638	27.7501	200
5993	29.0026	1.14764	27.7575	200
5994	28.7329	1.14559	27.7633	200
5995	29.0378	1.14712	27.7709	200
5996	28.7948	1.14566	27.777	200
5997	28.8256	1.1445	27.7832	200
5998	28.9859	1.14519	27.7904	200
5999	29.0181	1.14617	27.7977	200
6000	29.2011	1.14923	27.8061	200
6001	29.0141	1.14993	27.8132	200
6002	29.0478	1.15094	27.8206	200
6003	28.9497	1.15068	27.8273	200
6004	29.0102	1.15106	27.8344	200
6005	29.895	1.16189	27.8466	200
6006	30.2447	1.17661	27.8609	200
6007	29.9222	1.18714	27.8732	200
6008	29.8267	1.19626	27.8848	200
6009	30.0758	1.2081	27.8978	200
6010	29.9251	1.21786	27.9099	200
6011	31.1694	1.24216	27.9293	200
6012	31.0087	1.26403	27.9476	200
6013	31.0428	1.28583	27.9661	200
6014	31.6249	1.31408	27.9878	200
6015	31.687	1.34247	28.0098	200
6016	32.4087	1.37886	28.036	200
6017	32.3881	1.41425	28.0619	200
6018	32.2654	1.44746	28.087	200
6019	32.4308	1.48194	28.1128	200
6020	32.2925	1.51405	28.1377	200
6021	32.0668	1.5428	28.1611	200
6022	32.3487	1.57429	28.186	200
6023	32.484	1.60671	28.2116	200
6024	32.9408	1.64389	28.2397	200
6025	33.0441	1.68151	28.2683	200
6026	33.3426	1.7219	28.2985	200
6027	33.4514	1.76274	28.3292	200
6028	33.1938	1.79967	28.3582	200
6029	33.0361	1.83394	28.386	200
6030	33.0346	1.86744	28.4137	200
6031	33.0357	1.90023	28.4412	200
6032	33.0618	1.93262	28.4687	200
6033	33.2137	1.9661	28.4969	200
6034	33.3033	1.99991	28.5255	200
6035	33.1162	2.03075	28.5529	200
6036	33.3497	2.06368	28.5814	200
6037	33.0575	2.0924	28.6081	200
6038	33.41	2.12466	28.6366	200
6039	33.0368	2.15175	28.6628	200
6040	33.0401	2.17824	28.6889	200
6041	33.0406	2.20411	28.7148	200
6042	32.8543	2.22715	28.7394	200
6043	33.1157	2.25274	28.7655	200
6044	33.097	2.27748	28.7913	200
6045	33.1157	2.30185	28.817	200
6046	33.3794	2.32876	28.8442	200
6047	33.205	2.35295	28.8701	200
6048	34.1644	2.38797	28.9016	200
6049	34.0437	2.41926	28.9308	200
6050	34.1645	2.45124	28.9606	200
6051	34.0461	2.48118	28.9895	200
6052	34.3509	2.51391	29.0199	200
6053	35.2093	2.55567	29.0551	200
6054	34.3272	2.58654	29.0851	200
6055	34.7424	2.62144	29.1172	200
6056	35.0481	2.65904	29.1509	200
6057	35.785	2.70421	29.1886	200
6058	35.6757	2.7472	29.2255	200
6059	35.2232	2.78414	29.2595	200
6060	35.441	2.82274	29.2947	200
6061	35.5181	2.86323	29.3317	200
6062	35.5831	2.90356	29.3689	200
6063	35.6944	2.94634	29.4084	200
6064	35.8369	2.98986	29.4486	200
6065	36.14	3.03857	29.4926	200
6066	35.8024	3.08161	29.5342	200
6067	36.6444	3.13756	29.5835	200
6068	36.5981	3.19141	29.6322	200
6069	36.2325	3.24154	29.6808	200
6070	36.1591	3.28914	29.7284	200
6071	36.0526	3.33656	29.7778	200
6072	36.4928	3.38935	29.8303	200
6073	36.2701	3.44019	29.8839	200
6074	36.2432	3.48884	29.9369	200
6075	36.2595	3.53944	29.9934	200
6076	36.2574	3.58809	30.0493	200
6077	36.0493	3.63448	30.107	200
6078	36.2583	3.68288	30.1661	200
6079	35.9623	3.7269	30.2265	200
6080	36.2865	3.77551	30.2896	200
6081	35.9708	3.81882	30.3542	200
6082	36.1274	3.86323	30.4198	200
6083	36.2846	3.91327	30.4931	200
6084	36.1277	3.95631	30.5636	200
6085	36.1669	4.00206	30.6414	200
6086	36.3513	4.0495	30.7207	200
6087	36.7223	4.1105	30.8145	200
6088	36.681	4.16538	30.9061	200
6089	37.1342	4.23905	31.0173	200
6090	37.3332	4.31322	31.1301	200
6091	37.0147	4.37869	31.2527	200
6092	37.7919	4.46871	31.3889	200
6093	37.5813	4.55489	31.5438	200
6094	37.6191	4.63091	31.6956	200
6095	37.7506	4.71991	31.8849	200
6096	37.7914	4.79408	32.0694	200
6097	37.1818	4.82061	32.2824	200
6098	37.1035	4.82065	32.4833	200
6099	37.2369	4.81226	32.7804	200
6100	37.2332	4.76732	33.0587	200
6101	37.2867	4.6325	33.5872	200
6102	37.3566	4.41671	34.0584	200
6103	37.1279	4.07991	34.4421	200
