segment	rtt	rttvar	srtt	rto
0	351.764	175.882	351.764	1758.82
1	353.838	167.192	351.816	1689.35
2	354.694	160.345	351.876	1634.64
3	356.669	153.864	351.976	1582.89
4	357.342	148.56	352.072	1540.56
5	359.594	143.523	352.206	1500.39
6	360.448	139.296	352.335	1466.7
7	361.071	135.216	352.471	1434.2
8	363.331	131.761	352.622	1406.71
9	364.195	128.423	352.783	1380.17
10	14.7336	133.664	348.557	1417.87
11	17.6955	138.594	344.422	1453.17
12	17.6808	142.87	340.709	1483.67
13	21.2273	146.884	337.078	1512.15
14	23.8591	150.349	333.815	1536.61
15	24.9696	153.651	330.598	1559.81
16	27.0434	156.534	327.68	1579.95
17	28.6896	159.273	324.805	1598.99
18	30.7918	161.679	322.18	1615.61
19	32.9027	163.958	319.597	1631.26
20	32.9664	166.002	317.208	1645.23
21	35.9479	167.923	314.864	1658.25
22	38.0757	169.624	312.702	1669.7
23	39.8614	171.237	310.57	1680.47
24	43.3778	172.648	308.606	1689.79
25	46.2132	173.968	306.676	1698.42
26	47.307	175.154	304.875	1706.11
27	50.6785	176.252	303.11	1713.12
28	52.026	177.236	301.458	1719.35
29	54.5593	178.153	299.834	1725.06
30	55.0184	178.986	298.304	1730.19
31	63.2277	179.687	296.834	1734.33
32	62.7856	180.335	295.441	1738.12
33	62.982	180.955	294.057	1741.7
34	66.7297	181.482	292.766	1744.62
35	67.065	181.985	291.483	1747.36
36	64.7958	182.471	290.251	1750.02
37	66.8789	182.915	289.037	1752.36
38	65.9472	183.334	287.876	1754.54
39	68.9929	183.704	286.736	1756.37
40	70.8385	184.026	285.656	1757.86
41	71.6916	184.325	284.586	1759.19
42	69.9915	184.616	283.555	1760.48
43	73.281	184.863	282.544	1761.45
44	71.986	185.101	281.569	1762.38
45	75.1776	185.298	280.613	1763
46	74.0265	185.488	279.691	1763.6
47	74.212	185.667	278.774	1764.11
48	72.3143	185.846	277.884	1764.65
49	76.0601	185.984	277.014	1764.88
50	75.7201	186.111	276.175	1765.06
51	79.8842	186.196	275.357	1764.93
52	81.4207	186.258	274.575	1764.64
53	81.5384	186.313	273.797	1764.3
54	81.0456	186.363	273.044	1763.95
55	82.2149	186.398	272.299	1763.48
56	84.9664	186.405	271.589	1762.83
57	88.2459	186.382	270.894	1761.95
58	85.9379	186.372	270.214	1761.19
59	88.143	186.34	269.545	1760.27
60	89.1601	186.298	268.901	1759.28
61	89.4436	186.249	268.26	1758.25
62	93.4461	186.169	267.653	1757.01
63	93.6418	186.085	267.049	1755.73
64	93.2088	186.002	266.461	1754.48
65	93.6682	185.913	265.878	1753.18
66	96.3012	185.805	265.32	1751.76
67	96.5909	185.693	264.765	1750.31
68	97.6229	185.574	264.229	1748.82
69	99.3026	185.442	263.7	1747.23
70	101.621	185.296	263.194	1745.56
71	105.782	185.121	262.702	1743.67
72	103.525	184.963	262.217	1741.92
73	107.63	184.778	261.745	1739.97
74	105.278	184.609	261.28	1738.16
75	105.412	184.438	260.816	1736.32
76	115.663	184.21	260.394	1734.07
77	116.553	183.975	259.976	1731.78
78	115.761	183.749	259.566	1729.56
79	118.13	183.509	259.164	1727.24
80	122.378	183.249	258.784	1724.78
81	123.68	182.982	258.409	1722.26
82	127.937	182.697	258.055	1719.63
83	128.538	182.408	257.703	1716.96
84	126.622	182.134	257.354	1714.43
85	126.945	181.859	257.007	1711.88
86	129.511	181.576	256.675	1709.28
87	130.392	181.288	256.346	1706.65
88	132.799	180.994	256.031	1703.98
89	138.078	180.672	255.73	1701.11
90	139.4	180.35	255.439	1698.24
91	141.595	180.018	255.155	1695.3
92	146.299	179.669	254.888	1692.24
93	149.357	179.306	254.629	1689.07
94	147.549	178.958	254.372	1686.04
95	152.742	178.586	254.128	1682.82
96	153.158	178.22	253.889	1679.65
97	154.591	177.848	253.655	1676.44
98	156.561	177.474	253.43	1673.22
99	160.139	177.085	253.215	1669.89
100	159.607	176.705	253.002	1666.64
101	159.707	176.326	252.79	1663.4
102	160.932	175.949	252.585	1660.18
103	160.975	175.572	252.38	1656.96
104	167.02	175.177	252.193	1653.61
105	167.429	174.78	252.007	1650.25
106	171.864	174.372	251.834	1646.81
107	177.511	173.941	251.674	1643.2
108	174.441	173.531	251.511	1639.76
109	174.682	173.121	251.348	1636.32
110	177.069	172.71	251.193	1632.87
111	177.663	172.296	251.04	1629.41
112	197.319	171.81	250.93	1625.41
113	197.847	171.324	250.821	1621.41
114	208.369	170.804	250.735	1617.17
115	214.184	170.263	250.662	1612.76
116	214.154	169.732	250.589	1608.45
117	214.237	169.203	250.517	1604.14
118	223.606	168.647	250.465	1599.64
119	223.757	168.092	250.412	1595.15
120	228.191	167.531	250.37	1590.62
121	233.218	166.953	250.337	1585.96
122	228.855	166.402	250.296	1581.51
123	229.228	165.851	250.256	1577.07
124	226.213	165.322	250.211	1572.79
125	231.243	164.776	250.176	1568.39
126	251.688	164.176	250.179	1563.59
127	251.804	163.578	250.182	1558.81
128	249.785	162.987	250.181	1554.08
129	255.402	162.416	250.19	1549.51
130	256.288	161.857	250.201	1545.06
131	256.453	161.302	250.212	1540.62
132	263.617	160.781	250.236	1536.48
133	264.093	160.263	250.26	1532.37
134	257.269	159.731	250.273	1528.12
135	257.532	159.202	250.285	1523.9
136	257.534	158.681	250.298	1519.75
137	258.912	158.168	250.312	1515.65
138	256.018	157.652	250.322	1511.54
139	256.039	157.139	250.332	1507.45
140	255.996	156.634	250.341	1503.42
141	256.492	156.133	250.351	1499.41
142	262.378	155.659	250.371	1495.64
143	262.552	155.187	250.391	1491.88
144	266.973	154.737	250.418	1488.31
145	267.022	154.288	250.445	1484.75
146	265.863	153.843	250.47	1481.21
147	269.109	153.41	250.5	1477.78
148	273.215	152.996	250.536	1474.5
149	273.44	152.584	250.572	1471.25
150	269.248	152.166	250.601	1467.93
151	273.149	151.761	250.636	1464.72
152	269.091	151.349	250.665	1461.46
153	269.324	150.94	250.693	1458.21
154	263.485	150.519	250.713	1454.86
155	263.544	150.099	250.733	1451.52
156	264.778	149.689	250.754	1448.27
157	264.835	149.281	250.775	1445.02
158	264.713	148.878	250.796	1441.82
159	269.603	148.491	250.824	1438.75
160	270.359	148.112	250.852	1435.74
161	274.808	147.746	250.888	1432.86
162	275.655	147.389	250.924	1430.03
163	275.75	147.033	250.96	1427.22
164	282.413	146.7	251.005	1424.61
165	282.492	146.369	251.05	1422
166	282.508	146.043	251.095	1419.44
167	282.636	145.718	251.14	1416.88
168	280.442	145.391	251.181	1414.31
169	290.781	145.093	251.236	1411.98
170	286.568	144.789	251.285	1409.59
171	286.689	144.485	251.335	1407.21
172	297.18	144.214	251.398	1405.11
173	302.44	143.958	251.468	1403.13
174	297.128	143.691	251.53	1401.05
175	301.099	143.435	251.597	1399.08
176	302.572	143.186	251.666	1397.16
177	302.666	142.939	251.734	1395.24
178	308.005	142.708	251.809	1393.47
179	308.22	142.478	251.884	1391.71
180	308.389	142.252	251.958	1389.98
181	308.474	142.027	252.033	1388.25
182	303.393	141.791	252.1	1386.42
183	304.403	141.557	252.168	1384.63
184	310.624	141.343	252.243	1382.99
185	310.692	141.13	252.318	1381.36
186	311.194	140.92	252.393	1379.75
187	311.298	140.711	252.469	1378.15
188	312.061	140.506	252.544	1376.59
189	312.171	140.299	252.62	1375.02
190	308.05	140.083	252.691	1373.35
191	308.249	139.865	252.762	1371.68
192	306.192	139.642	252.831	1369.97
193	310.464	139.429	252.906	1368.34
194	305.463	139.203	252.974	1366.59
195	305.541	138.975	253.044	1364.84
196	302.596	138.739	253.109	1363.02
197	302.66	138.502	253.175	1361.19
222	280.898	138.207	253.212	1358.87
223	284.269	137.919	253.253	1356.61
198	339.672	137.781	253.369	1355.62
199	340.026	137.642	253.487	1354.62
200	335.263	137.49	253.598	1353.52
201	335.332	137.337	253.711	1352.41
202	331.799	137.174	253.818	1351.21
203	331.865	137.01	253.926	1350.01
204	334.706	136.854	254.038	1348.87
205	335.108	136.697	254.152	1347.73
206	338.45	136.55	254.271	1346.67
207	338.981	136.403	254.391	1345.61
208	339.817	136.258	254.512	1344.57
209	340.051	136.112	254.635	1343.53
210	337.52	135.959	254.754	1342.43
211	337.622	135.805	254.875	1341.31
212	337.625	135.651	254.995	1340.2
213	337.697	135.495	255.117	1339.08
214	339.737	135.345	255.241	1338
215	339.866	135.194	255.367	1336.92
216	339.969	135.044	255.493	1335.84
217	340.072	134.892	255.62	1334.75
218	333.914	134.721	255.738	1333.51
219	339.165	134.565	255.865	1332.38
220	339.149	134.408	255.992	1331.26
221	339.34	134.251	256.121	1330.13
224	329.175	134.062	256.234	1328.73
225	329.248	133.871	256.348	1327.32
226	332.925	133.692	256.468	1326
227	333.018	133.511	256.589	1324.68
228	332.797	133.33	256.709	1323.35
229	332.919	133.147	256.831	1322.01
230	333.953	132.967	256.955	1320.69
231	334.183	132.786	257.08	1319.37
232	333.775	132.604	257.205	1318.04
233	338.91	132.437	257.339	1316.83
234	315.243	132.192	257.434	1314.97
235	315.468	131.944	257.531	1313.09
236	315.149	131.697	257.627	1311.2
237	319.678	131.461	257.732	1309.42
238	304.823	131.176	257.812	1307.22
239	305.302	130.89	257.893	1305.01
240	299.592	130.584	257.964	1302.64
241	304.403	130.292	258.045	1300.38
242	304.419	130.001	258.125	1298.13
243	305.069	129.708	258.208	1295.87
244	309.7	129.433	258.299	1293.76
245	309.77	129.154	258.391	1291.63
246	298.076	128.835	258.461	1289.14
247	298.252	128.512	258.534	1286.63
248	298.182	128.19	258.605	1284.13
249	298.211	127.865	258.678	1281.6
250	292.665	127.519	258.741	1278.9
251	303.556	127.211	258.824	1276.51
252	298.604	126.885	258.898	1273.98
253	298.668	126.555	258.974	1271.41
254	304.214	126.247	259.059	1269.03
255	304.415	125.936	259.147	1266.63
256	304.454	125.625	259.234	1264.24
257	308.272	125.326	259.33	1261.94
258	308.072	125.027	259.425	1259.64
259	308.099	124.724	259.521	1257.31
260	303.089	124.402	259.608	1254.82
261	303.178	124.076	259.696	1252.3
262	287.593	123.688	259.752	1249.26
263	291.571	123.312	259.817	1246.31
264	291.612	122.937	259.882	1243.38
265	291.797	122.557	259.949	1240.41
266	292.01	122.18	260.016	1237.46
267	292.382	121.8	260.084	1234.48
268	286.781	121.397	260.141	1231.32
269	286.814	120.989	260.198	1228.11
270	282.193	120.562	260.246	1224.74
271	286.596	120.149	260.303	1221.49
272	286.745	119.738	260.361	1218.26
273	292.531	119.347	260.433	1215.21
274	285.145	118.924	260.488	1211.88
275	285.251	118.496	260.545	1208.51
276	289.937	118.091	260.611	1205.34
277	289.968	117.68	260.679	1202.12
278	289.546	117.269	260.746	1198.9
279	289.636	116.852	260.814	1195.63
280	294.904	116.462	260.895	1192.59
281	299.638	116.088	260.988	1189.69
282	299.528	115.715	261.08	1186.8
283	299.674	115.337	261.175	1183.87
284	298.352	114.954	261.266	1180.9
285	298.45	114.565	261.359	1177.88
286	298.472	114.178	261.452	1174.88
287	304.67	113.816	261.562	1172.09
288	304.972	113.457	261.673	1169.33
289	309.534	113.122	261.795	1166.77
290	314.395	112.813	261.929	1164.44
291	314.535	112.506	262.063	1162.11
292	314.301	112.199	262.197	1159.79
293	314.579	111.894	262.33	1157.48
294	303.889	111.535	262.436	1154.71
295	304.042	111.178	262.542	1151.97
296	304.072	110.83	262.646	1149.28
297	307.996	110.502	262.76	1146.78
298	309.692	110.184	262.877	1144.35
299	310.066	109.87	262.995	1141.95
300	310.411	109.557	263.113	1139.57
301	314.403	109.266	263.242	1137.37
302	312.074	108.964	263.364	1135.07
303	312.207	108.663	263.486	1132.79
304	309.087	108.348	263.6	1130.38
305	309.274	108.034	263.714	1127.99
306	303.591	107.694	263.814	1125.36
307	308.51	107.379	263.925	1122.95
308	308.393	107.064	264.037	1120.55
309	308.619	106.752	264.148	1118.16
310	308.052	106.437	264.258	1115.76
311	308.278	106.125	264.368	1113.37
312	308.942	105.818	264.479	1111.02
313	309.064	105.511	264.591	1108.68
314	309.168	105.207	264.702	1106.36
315	319.613	104.955	264.84	1104.48
316	319.428	104.703	264.976	1102.6
317	319.519	104.453	265.112	1100.73
318	319.49	104.202	265.248	1098.87
319	319.641	103.953	265.384	1097.01
320	319.705	103.705	265.52	1095.16
321	319.805	103.458	265.656	1093.32
322	319.335	103.209	265.79	1091.46
323	319.378	102.961	265.924	1089.61
324	319.464	102.714	266.058	1087.77
325	319.586	102.468	266.192	1085.94
326	319.709	102.223	266.325	1084.11
327	319.802	101.979	266.459	1082.29
328	320.353	101.739	266.594	1080.51
329	325.126	101.523	266.74	1078.92
330	324.343	101.303	266.884	1077.31
331	324.383	101.084	267.028	1075.7
332	320.067	100.844	267.161	1073.91
333	320.184	100.605	267.293	1072.13
334	314.96	100.34	267.412	1070.14
335	315.159	100.077	267.532	1068.15
336	315.434	99.8165	267.651	1066.18
337	319.548	99.5769	267.781	1064.4
338	312.07	99.3005	267.892	1062.3
339	312.173	99.0254	268.003	1060.21
340	322.902	98.8047	268.14	1058.58
341	322.997	98.585	268.277	1056.96
342	318.054	98.341	268.401	1055.13
343	318.238	98.0984	268.526	1053.31
344	318.216	97.8564	268.65	1051.5
345	318.407	97.6159	268.775	1049.7
346	318.335	97.3756	268.899	1047.9
347	323.05	97.1595	269.034	1046.31
348	313.519	96.8961	269.145	1044.31
349	313.677	96.6343	269.256	1042.33
350	317.736	96.3935	269.378	1040.53
351	317.78	96.1536	269.499	1038.73
352	317.727	95.914	269.619	1036.93
353	317.892	95.6757	269.74	1035.15
354	306.281	95.3801	269.831	1032.87
355	306.416	95.0861	269.923	1030.61
356	317.809	94.8501	270.042	1028.84
357	317.857	94.6149	270.162	1027.08
358	317.725	94.3797	270.281	1025.32
359	317.763	94.1452	270.4	1023.56
360	313.965	93.8923	270.508	1021.65
361	314.076	93.6406	270.617	1019.74
362	317.2	93.4054	270.734	1017.98
363	317.263	93.171	270.85	1016.22
364	317.38	92.9378	270.966	1014.47
365	317.59	92.7062	271.083	1012.73
366	312.269	92.4486	271.186	1010.77
367	312.517	92.193	271.289	1008.83
368	312.514	91.9382	271.392	1006.9
369	314.079	91.6919	271.499	1005.03
370	315.844	91.4552	271.61	1003.25
371	323.039	91.255	271.739	1001.78
372	323.187	91.056	271.867	1000.32
373	323.423	90.8585	271.996	998.864
374	325.742	90.6729	272.13	997.514
375	325.831	90.4881	272.265	996.169
376	325.832	90.3035	272.399	994.826
377	326.064	90.1203	272.533	993.495
378	319.177	89.9029	272.649	991.873
379	319.337	89.6868	272.766	990.261
380	319.476	89.4719	272.883	988.658
381	319.603	89.2582	273	987.065
382	318.678	89.0403	273.114	985.436
383	318.717	88.8231	273.228	983.813
384	318.64	88.606	273.341	982.19
385	318.651	88.3896	273.455	980.571
386	176.634	88.4317	273.213	980.666
387	176.427	88.4735	272.971	980.759
388	176.698	88.5125	272.73	980.83
389	171.489	88.5761	272.477	981.086
390	172.209	88.6346	272.226	981.303
391	172.107	88.692	271.976	981.512
392	172.019	88.7483	271.726	981.713
393	176.726	88.7802	271.484	981.725
394	181.472	88.7865	271.254	981.546
395	182.034	88.7888	271.022	981.332
396	182.001	88.79	270.79	981.11
397	178.161	88.8104	270.544	981.027
398	177.516	88.8328	270.296	980.959
399	182.303	88.8283	270.057	980.683
400	182.103	88.8235	269.818	980.406
401	178.172	88.8392	269.563	980.277
402	178.202	88.8532	269.31	980.135
403	184.689	88.8291	269.069	979.702
404	184.843	88.803	268.83	979.254
405	184.9	88.7747	268.586	978.783
406	184.98	88.7446	268.343	978.3
407	183.535	88.7212	268.091	977.86
408	183.71	88.6953	267.839	977.402
409	194.225	88.6034	267.615	976.442
410	194.061	88.5116	267.391	975.484
411	193.899	88.4177	267.161	974.503
412	189.387	88.3512	266.918	973.728
413	189.335	88.2822	266.669	972.927
414	189.22	88.2128	266.421	972.123
415	183.795	88.176	266.149	971.557
416	183.849	88.1373	265.879	970.977
417	183.894	88.0958	265.602	970.368
418	184.006	88.0518	265.326	969.741
419	184.271	88.0033	265.044	969.071
420	188.811	87.9215	264.78	968.152
421	188.746	87.8366	264.508	967.201
422	184.002	87.7842	264.221	966.495
423	184.093	87.7279	263.926	965.75
424	184.034	87.6703	263.632	964.995
425	188.902	87.5723	263.349	963.928
426	188.811	87.4736	263.067	962.855
427	188.859	87.3699	262.777	961.736
428	183.486	87.3068	262.467	960.922
429	178.886	87.2768	262.13	960.344
430	183.636	87.2059	261.814	959.461
431	183.674	87.1304	261.488	958.531
432	183.696	87.0526	261.164	957.585
433	183.625	86.9705	260.83	956.594
434	177.707	86.9374	260.472	955.971
435	177.563	86.9014	260.102	955.313
436	177.28	86.865	259.732	954.652
437	173.221	86.8617	259.331	954.225
438	178.718	86.8038	258.958	953.389
439	178.659	86.7413	258.572	952.502
440	167.915	86.7789	258.136	952.368
441	167.852	86.814	257.685	952.197
442	167.826	86.8444	257.235	951.991
443	167.689	86.8715	256.788	951.759
444	167.611	86.8945	256.342	951.498
445	167.545	86.9135	255.898	951.206
446	172.329	86.8801	255.48	950.521
447	167.64	86.8897	255.041	950.158
448	166.917	86.902	254.6	949.816
449	166.922	86.9098	254.162	949.44
450	162.65	86.9558	253.704	949.351
451	162.779	86.9955	253.25	949.213
452	163.003	87.028	252.798	949.022
453	167.386	87.0118	252.371	948.466
454	167.27	86.9927	251.946	947.888
455	167.473	86.9675	251.523	947.264
456	150.975	87.1033	251.021	947.847
457	151.029	87.2322	250.521	948.378
458	156.626	87.2988	250.051	948.442
459	156.839	87.358	249.585	948.449
460	156.766	87.4126	249.121	948.422
461	160.82	87.4215	248.68	948.051
462	155.835	87.4757	248.215	948.021
463	155.891	87.5242	247.754	947.947
464	155.869	87.5678	247.294	947.837
465	155.81	87.607	246.837	947.693
466	155.691	87.6423	246.381	947.52
467	155.716	87.6726	245.928	947.308
468	155.612	87.699	245.476	947.068
469	159.336	87.6834	245.046	946.513
470	157.188	87.6852	244.606	946.088
471	150.322	87.7511	244.135	946.144
472	160.069	87.7143	243.715	945.429
473	159.882	87.6755	243.295	944.699
474	156.687	87.6648	242.862	944.181
475	163.917	87.5776	242.468	943.088
476	166.935	87.4618	242.104	941.799
477	166.775	87.3451	241.742	940.503
478	166.632	87.2275	241.381	939.201
479	166.502	87.1087	241.021	937.891
480	166.345	86.9892	240.662	936.576
481	166.454	86.8663	240.305	935.236
482	166.964	86.7363	239.953	933.843
483	166.975	86.604	239.602	932.434
484	172.335	86.418	239.279	930.623
485	172.486	86.2293	238.957	928.792
486	139.085	86.3605	238.477	929.361
487	139.146	86.4852	238	929.882
488	138.63	86.6091	237.522	930.395
489	138.752	86.726	237.047	930.855
490	138.147	86.8431	236.572	931.316
491	148.678	86.8532	236.149	930.975
492	80.3914	87.5157	235.4	935.526
493	80.4121	88.1645	234.655	939.971
494	80.3843	88.8002	233.913	944.315
495	81.7475	89.4094	233.182	948.457
496	81.6923	90.0064	232.454	952.504
497	77.3116	90.6327	231.708	956.769
498	77.3306	91.2701	230.936	961.097
499	77.2591	91.8942	230.167	965.321
500	77.1196	92.5312	229.37	969.62
501	77.0404	93.1541	228.577	973.81
502	81.6452	93.7386	227.778	977.687
503	81.4515	94.3102	226.983	981.465
504	76.9677	94.9433	226.131	985.677
505	77.0564	95.5584	225.284	989.751
506	76.7702	96.1888	224.4	993.91
507	76.7291	96.8017	223.521	997.934
508	81.5144	97.3667	222.633	1001.57
509	75.9772	97.9828	221.717	1005.58
510	82.3897	98.5268	220.8	1009.01
511	82.6389	99.0484	219.891	1012.28
512	78.5932	99.6351	218.91	1015.99
513	78.509	100.201	217.935	1019.55
514	78.5307	100.778	216.91	1023.13
515	81.9106	101.281	215.917	1026.17
516	81.7815	101.794	214.869	1029.22
517	81.7417	102.284	213.829	1032.1
518	81.5482	102.784	212.727	1035
519	81.5189	103.258	211.633	1037.69
520	76.2922	103.831	210.425	1041.07
521	81.5991	104.277	209.275	1043.49
522	81.4155	104.73	208.045	1045.89
523	82.7553	105.126	206.841	1047.85
524	88.6897	105.376	205.705	1048.72
525	88.8059	105.598	204.58	1049.36
526	82.0636	105.923	203.402	1050.79
527	85.8935	106.146	202.273	1051.44
528	83.1208	106.396	201.127	1052.3
529	88.2496	106.521	200.041	1052.21
530	88.2577	106.622	198.967	1051.94
531	88.3768	106.698	197.903	1051.49
532	88.5092	106.75	196.851	1050.85
533	94.1197	106.673	195.864	1049.25
534	88.8327	106.68	194.834	1048.27
535	93.5032	106.577	193.86	1046.48
536	88.9072	106.546	192.851	1045.22
537	88.9021	106.496	191.851	1043.82
538	92.4295	106.36	190.895	1041.77
539	92.4558	106.207	189.949	1039.61
540	88.2503	106.121	188.971	1037.94
541	88.1857	106.018	188.002	1036.15
542	88.1085	105.9	187.041	1034.24
543	77.569	105.969	185.989	1033.74
544	78.9197	105.99	184.959	1032.88
545	79.0705	105.988	183.941	1031.85
546	79.8081	105.953	182.94	1030.56
547	78.6134	105.921	181.937	1029.31
548	78.8733	105.866	180.946	1027.88
549	54.6593	106.259	179.731	1029.8
550	43.4411	106.795	178.515	1032.88
551	37.7672	107.402	177.258	1036.47
552	37.9633	107.971	176.014	1039.78
553	42.5682	108.426	174.823	1042.23
554	38.8764	108.917	173.609	1044.95
555	38.9191	109.378	172.406	1047.43
556	33.9939	109.896	171.171	1050.34
557	34.1668	110.38	169.947	1052.99
558	34.2589	110.832	168.736	1055.39
559	34.3348	111.253	167.536	1057.56
560	32.0573	111.686	166.326	1059.81
561	31.7858	112.094	165.125	1061.87
562	33.2426	112.447	163.947	1063.52
563	32.5032	112.786	162.774	1065.06
564	32.5909	113.097	161.611	1066.39
565	28.5038	113.454	160.423	1068.06
566	28.4757	113.785	159.245	1069.52
567	28.5288	114.087	158.078	1070.77
568	28.6274	114.361	156.922	1071.81
569	32.3862	114.543	155.81	1072.15
570	32.3626	114.702	154.708	1072.32
571	28.2259	114.912	153.578	1072.88
572	33.4096	115.006	152.506	1072.55
573	32.7124	115.092	151.436	1072.17
574	32.6411	115.158	150.375	1071.64
575	32.5084	115.206	149.323	1070.97
576	29.5306	115.288	148.253	1070.56
577	29.6684	115.347	147.195	1069.97
578	33.4438	115.318	146.179	1068.73
579	33.2124	115.276	145.17	1067.38
580	32.7844	115.225	144.167	1065.97
581	27.6357	115.248	143.126	1065.11
582	29.7929	115.214	142.114	1063.83
583	29.4648	115.168	141.109	1062.45
584	34.6816	115.012	140.158	1060.25
585	34.8759	114.838	139.218	1057.92
586	34.7257	114.654	138.285	1055.51
587	37.5548	114.405	137.386	1052.63
588	35.8214	114.176	136.479	1049.88
589	39.7983	113.863	135.616	1046.52
590	36.4758	113.6	134.731	1043.53
591	37.3371	113.311	133.861	1040.35
592	37.2708	113.012	132.999	1037.1
593	37.2675	112.704	132.144	1033.77
594	40.1821	112.333	131.323	1029.99
595	40.0941	111.956	130.508	1026.16
596	39.9792	111.574	129.7	1022.29
597	36.2693	111.25	128.866	1018.86
598	36.2999	110.916	128.039	1015.37
599	35.736	110.584	127.215	1011.89
600	33.8453	110.276	126.382	1008.59
601	34.4863	109.948	125.561	1005.15
602	34.5351	109.61	124.748	1001.63
603	34.4162	109.266	123.942	998.071
604	35.7299	108.89	123.154	994.275
605	36.2162	108.498	122.378	990.363
606	36.3105	108.124	121.661	986.655
607	33.7592	107.787	120.928	983.226
608	33.8129	107.443	120.202	979.744
609	33.8339	107.091	119.483	976.214
610	37.2009	106.678	118.797	972.221
611	40.6536	106.202	118.146	967.765
612	40.8006	105.721	117.501	963.273
613	38.1173	105.282	116.84	959.099
614	37.8413	104.844	116.181	954.937
615	37.9159	104.401	115.529	950.74
616	35.671	103.992	114.864	946.803
617	36.0173	103.573	114.207	942.793
618	33.7896	103.187	113.536	939.035
619	54.478	102.452	113.044	932.659
620	58.0718	101.661	112.586	925.87
621	62.5877	100.799	112.17	918.565
622	65.2634	99.9013	111.779	910.989
623	62.8719	99.0513	111.371	903.782
624	64.6988	98.1784	110.982	896.409
625	65.7288	97.2963	110.605	888.975
626	66.4976	96.4098	110.237	881.516
627	67.1507	95.5211	109.878	874.047
628	68.1961	94.6238	109.531	866.521
629	65.7358	93.7766	109.166	859.379
630	65.284	92.945	108.8	852.361
631	65.5733	92.1164	108.44	845.372
632	65.92	91.2898	108.086	838.404
633	66.6112	90.4596	107.74	831.417
634	66.8331	89.6337	107.399	824.469
635	67.5002	88.8048	107.067	817.505
636	69.4838	87.9511	106.754	810.362
637	71.216	87.0775	106.458	803.078
638	71.1621	86.2145	106.163	795.879
639	72.1424	85.3446	105.88	788.637
640	74.855	84.4393	105.621	781.135
641	70.5068	83.6172	105.329	774.266
642	72.5061	82.7706	105.055	767.22
643	69.7789	81.979	104.761	760.593
644	70.7874	81.1789	104.478	753.91
645	80.6282	80.2235	104.279	746.067
646	82.0378	79.2571	104.094	738.151
647	80.0118	78.3375	103.893	730.593
648	79.6719	77.4356	103.691	723.176
649	62.4872	76.8317	103.348	718.002
650	59.6043	76.2803	102.984	713.226
651	56.5406	75.783	102.597	708.86
652	54.1907	75.3267	102.193	704.807
653	54.8745	74.8599	101.799	700.678
654	53.6598	74.4145	101.398	696.714
655	53.1832	73.9779	100.996	692.819
656	52.8842	73.5468	100.595	688.969
657	52.8323	73.117	100.197	685.133
658	52.5928	72.6918	99.8002	681.335
659	52.6796	72.2656	99.4076	677.533
660	55.2368	71.7974	99.0395	673.419
661	54.774	71.3385	98.6706	669.379
662	55.8084	70.8639	98.3134	665.225
663	58.0467	70.354	97.9778	660.809
664	58.1007	69.846	97.6455	656.414
665	58.1323	69.3405	97.3163	652.04
666	59.003	68.8233	96.997	647.584
667	57.3903	68.3668	96.6876	643.622
668	56.1479	67.932	96.3708	639.827
669	62.0298	67.4072	96.1025	635.36
670	61.7728	66.8903	95.8343	630.957
671	55.718	66.472	95.5209	627.297
672	56.3504	66.0454	95.2149	623.578
673	57.2155	65.6072	94.918	619.776
674	57.7873	65.1622	94.628	615.926
675	58.6498	64.7062	94.3469	611.997
676	53.3988	64.335	94.027	608.707
677	51.2526	63.9981	93.6928	605.678
678	53.885	63.6202	93.3818	602.343
679	52.5046	63.2648	93.0624	599.181
680	47.5252	62.9878	92.7067	596.609
681	46.816	62.7207	92.3482	594.113
682	45.8374	62.4674	91.9848	591.724
683	46.9015	62.1958	91.6326	589.199
684	57.8985	61.751	91.369	585.377
685	62.2474	61.2412	91.1415	581.071
686	62.4511	60.7326	90.9174	576.778
687	62.1847	60.2326	90.6929	572.554
688	61.4778	59.7479	90.4647	568.448
689	63.3899	59.2374	90.2531	564.153
690	62.9678	58.7382	90.04	559.945
691	60.3724	58.2839	89.8082	556.08
692	62.2279	57.8042	89.5927	552.026
693	61.5584	57.3391	89.3737	548.086
694	57.7178	56.9378	89.1264	544.628
695	57.2512	56.5461	88.8774	541.247
696	56.7293	56.1649	88.6262	537.946
697	57.2306	55.7779	88.3809	534.604
698	57.8812	55.3829	88.1426	531.206
699	57.3769	54.9983	87.9023	527.889
700	57.0226	54.6214	87.661	524.633
701	55.3612	54.2727	87.4087	521.59
702	55.8769	53.9173	87.1624	518.501
703	56.6246	53.552	86.9238	515.34
704	55.1078	53.2124	86.6752	512.374
705	52.7419	52.9112	86.4101	509.699
706	52.1927	52.6191	86.1428	507.095
707	50.8592	52.3482	85.8671	504.653
708	56.2504	51.993	85.6358	501.58
709	57.3179	51.6231	85.4145	498.399
710	56.1597	51.2736	85.186	495.375
711	57.091	50.9114	84.9665	492.258
712	57.0181	50.5526	84.7481	489.169
713	65.666	50.0609	84.599	485.086
714	66.3316	49.5641	84.4563	480.969
715	68.2405	49.0431	84.3296	476.674
716	57.291	48.6992	84.1184	473.712
717	52.9001	48.4261	83.8745	471.283
718	52.1905	48.1645	83.627	468.943
719	51.9254	47.9073	83.3793	466.638
720	55.2246	47.5986	83.1594	463.949
721	52.3871	47.3357	82.9189	461.605
722	51.6809	47.0842	82.6749	459.349
723	52.8304	46.8148	82.4417	456.96
724	51.5196	46.5665	82.2002	454.732
725	50.9295	46.3275	81.9558	452.576
726	50.146	46.1007	81.7073	450.513
727	52.8804	45.8308	81.4821	448.128
728	62.3941	45.4129	81.333	444.636
729	61.246	45.0172	81.1761	441.314
730	62.3727	44.6076	81.0292	437.89
731	62.4889	44.2003	80.8843	434.487
732	65.268	43.7799	80.7695	431.009
733	64.9978	43.3681	80.6535	427.598
734	60.7854	43.0225	80.5074	424.687
735	61.4726	42.6697	80.3675	421.725
736	60.8049	42.3299	80.2236	418.863
737	60.8693	41.992	80.0813	416.018
738	60.2757	41.6658	79.9357	413.262
739	61.5821	41.3229	79.8007	410.384
740	62.4363	40.9706	79.6731	407.438
741	53.7708	40.749	79.4826	405.475
742	53.1141	40.5375	79.2887	403.589
743	51.6418	40.348	79.0854	401.869
744	51.7965	40.1559	78.8848	400.132
745	50.567	39.9818	78.6765	398.531
746	44.6268	39.8946	78.4262	397.583
747	43.4058	39.8229	78.1687	396.752
748	41.9969	39.7692	77.9027	396.056
749	41.8447	39.7146	77.6376	395.355
750	41.9003	39.6561	77.3748	394.624
751	41.7892	39.5963	77.1131	393.883
752	41.7689	39.5338	76.8533	393.123
753	41.8445	39.4672	76.5958	392.334
754	42.5242	39.3879	76.3453	391.448
755	43.9396	39.2852	76.107	390.388
756	46.2531	39.1465	75.8875	389.059
757	45.7834	39.0135	75.6662	387.774
758	45.9014	38.8775	75.4473	386.467
759	47.0929	38.7227	75.2388	385.021
760	57.5174	38.4139	75.1085	382.42
761	54.8738	38.1466	74.9597	380.132
762	63.1796	37.7588	74.8731	376.944
763	62.0425	37.3922	74.7788	373.917
764	62.5769	37.0218	74.689	370.863
765	63.6251	36.64	74.6077	367.728
766	61.1555	36.299	74.5088	364.901
767	61.0791	35.9627	74.41	362.112
768	62.2361	35.6129	74.3205	359.224
769	62.3616	35.265	74.2326	356.353
770	62.9811	34.9119	74.1499	353.445
771	62.9873	34.5626	74.0678	350.569
772	63.5294	34.2094	73.9903	347.665
773	63.0627	33.867	73.9099	344.846
774	62.3719	33.5386	73.8251	342.134
775	72.4871	33.0651	73.8153	338.336
776	73.2486	32.5871	73.8111	334.508
777	73.7783	32.1084	73.8108	330.678
778	72.7135	31.6524	73.8028	327.022
779	72.7068	31.203	73.7947	323.419
780	71.01	30.7851	73.7742	320.055
781	71.6439	30.3637	73.7586	316.668
782	70.2881	29.9682	73.7331	313.479
783	69.0751	29.596	73.6988	310.467
784	68.4468	29.238	73.6602	307.564
785	69.7899	28.8649	73.6317	304.551
786	71.1394	28.4771	73.6134	301.43
787	67.8535	28.143	73.5711	298.715
788	68.3611	27.8058	73.5327	295.979
789	67.5556	27.4848	73.4888	293.367
790	64.7536	27.209	73.4246	291.097
791	64.987	26.933	73.3625	288.826
792	65.4852	26.6528	73.3046	286.527
793	72.8799	26.267	73.3015	283.438
794	68.2726	25.9547	73.2645	280.902
795	61.95	25.7394	73.1813	279.097
796	54.612	25.634	73.0448	278.117
797	55.9644	25.5082	72.9192	276.985
798	57.4423	25.3607	72.8054	275.691
799	58.5173	25.1978	72.7003	274.283
800	60.0602	25.0132	72.6074	272.713
801	61.588	24.8188	72.5308	271.081
802	61.2659	24.6306	72.4526	269.497
803	60.142	24.4594	72.3671	268.043
804	60.7018	24.2817	72.2861	266.54
805	60.0413	24.1146	72.2011	265.118
806	60.7729	23.9384	72.1217	263.629
807	60.8506	23.7624	72.0434	262.143
808	60.5817	23.5916	71.9639	260.697
809	59.8076	23.4328	71.8794	259.342
810	58.2163	23.2971	71.7845	258.161
811	58.1438	23.163	71.6898	256.994
812	58.3056	23.0271	71.5969	255.814
813	58.7731	22.8854	71.5078	254.591
814	58.7494	22.7448	71.4192	253.377
815	58.2279	22.6121	71.3276	252.224
816	58.2365	22.4799	71.2367	251.076
817	57.6153	22.3568	71.1421	249.997
818	58.8409	22.2172	71.0567	248.794
819	60.7868	22.0512	70.9854	247.395
820	60.1488	21.8955	70.9101	246.074
821	58.7506	21.7602	70.8257	244.908
822	60.013	21.6082	70.7506	243.616
823	59.5675	21.4634	70.6729	242.38
824	61.4753	21.293	70.609	240.953
825	62.5821	21.1088	70.5533	239.424
826	62.9438	20.9213	70.5005	237.871
827	62.792	20.7378	70.4469	236.349
828	55.6283	20.6556	70.344	235.589
829	54.2108	20.5928	70.232	234.974
830	53.9112	20.5334	70.1186	234.386
831	53.3871	20.4806	70.0025	233.847
832	52.0948	20.4449	69.8781	233.437
833	50.7007	20.4273	69.7449	233.163
834	51.1633	20.4016	69.6159	232.829
835	53.8208	20.3377	69.5062	232.208
836	53.8492	20.2727	69.3975	231.579
837	51.9903	20.2329	69.2766	231.139
838	53.4238	20.172	69.1665	230.543
839	53.4873	20.1096	69.0576	229.935
840	53.5012	20.0464	68.9496	229.321
841	65.5111	19.8157	68.9257	227.451
842	65.5008	19.5881	68.9019	225.606
843	66.1731	19.3539	68.883	223.714
844	65.557	19.1313	68.8599	221.91
845	70.4709	18.888	68.871	219.975
846	61.9366	18.7219	68.8229	218.598
847	60.7976	18.5734	68.7672	217.354
848	61.7824	18.4124	68.7187	216.018
849	62.0195	18.2497	68.6721	214.67
850	63.4777	18.0684	68.6361	213.183
851	62.6412	17.9007	68.5944	211.8
852	63.2943	17.7257	68.5576	210.363
853	63.895	17.5443	68.5252	208.879
854	63.4401	17.3712	68.4899	207.46
855	61.9202	17.2212	68.4443	206.214
856	61.9648	17.072	68.3993	204.976
857	63.4972	16.903	68.3653	203.589
858	62.7384	16.7464	68.3262	202.297
859	62.0456	16.601	68.2826	201.091
860	60.0776	16.4844	68.2256	200.101
861	60.6599	16.3605	68.173	200
862	63.569	16.1973	68.1411	200
863	63.7079	16.0339	68.1103	200
864	69.9792	15.8371	68.1233	200
865	64.5026	15.6675	68.0981	200
866	64.7364	15.4965	68.0748	200
867	65.0315	15.3236	68.0536	200
868	64.9729	15.1535	68.0322	200
869	65.5092	14.9781	68.0147	200
870	63.6375	14.8309	67.9843	200
871	60.1133	14.7342	67.9297	200
872	60.9158	14.627	67.881	200
873	62.9237	14.4927	67.8465	200
874	64.2708	14.349	67.823	200
875	62.5944	14.229	67.7886	200
876	63.3369	14.1004	67.7593	200
877	60.7985	14.0064	67.7135	200
878	67.5582	13.8242	67.7125	200
879	67.6457	13.6432	67.7121	200
880	67.1857	13.4706	67.7086	200
881	67.702	13.2934	67.7086	200
882	63.5473	13.1733	67.6812	200
883	63.3974	13.0563	67.653	200
884	63.8992	12.9339	67.6283	200
885	62.9632	12.8251	67.5976	200
886	65.9986	12.6774	67.5871	200
887	65.6914	12.5355	67.5746	200
888	65.9228	12.3923	67.5637	200
889	71.2581	12.2779	67.5881	200
890	72.7407	12.1841	67.622	200
891	75.2253	12.1238	67.672	200
892	74.8324	12.0585	67.7191	200
893	74.3147	11.9866	67.7625	200
894	74.469	11.9172	67.8066	200
895	73.8918	11.8404	67.8466	200
896	76.6379	11.8003	67.9045	200
897	76.6134	11.7596	67.9618	200
898	74.8865	11.696	68.0073	200
899	73.9322	11.6201	68.0463	200
900	74.5971	11.5534	68.0894	200
901	71.7269	11.4492	68.1133	200
902	72.4316	11.3554	68.1417	200
903	73.2925	11.2738	68.1756	200
904	72.378	11.1807	68.2033	200
905	71.8772	11.0819	68.2274	200
906	75.71	11.0346	68.2767	200
907	75.5822	10.9855	68.3247	200
908	75.1691	10.931	68.3698	200
909	74.3985	10.8665	68.4094	200
910	78.6221	10.8579	68.4766	200
911	79.4721	10.8597	68.5489	200
912	78.1328	10.8429	68.612	200
913	78.8637	10.8352	68.6794	200
914	78.8848	10.8269	68.7466	200
915	82.8099	10.8695	68.8391	200
916	64.0644	10.7893	68.8077	200
917	70.9736	10.6758	68.8219	200
918	70.2062	10.5535	68.831	200
919	72.4303	10.462	68.8547	200
920	71.7521	10.3625	68.8738	200
921	74.4785	10.2999	68.9107	200
922	73.923	10.2303	68.9436	200
923	73.2634	10.1525	68.972	200
924	70.89	10.0442	68.9847	200
925	69.8847	9.92388	68.9906	200
926	69.3388	9.79788	68.9929	200
927	63.352	9.74319	68.9558	200
928	63.8168	9.6826	68.922	200
929	60.62	9.66444	68.8673	200
930	61.8281	9.62989	68.821	200
931	66.7004	9.53109	68.8071	200
932	65.1009	9.45444	68.7827	200
933	66.7413	9.3569	68.7693	200
934	64.5491	9.28931	68.7415	200
935	66.1765	9.20083	68.7246	200
936	65.9302	9.11654	68.7062	200
937	63.9919	9.05861	68.6752	200
938	71.2647	8.97349	68.6923	200
939	67.0071	8.87759	68.6812	200
940	64.3937	8.8172	68.653	200
941	64.6037	8.75446	68.6263	200
942	64.9705	8.68737	68.6023	200
943	65.5581	8.61312	68.5822	200
944	68.7837	8.50244	68.5836	200
945	72.5295	8.44249	68.6095	200
946	72.8665	8.38741	68.6375	200
947	72.9251	8.33347	68.6657	200
948	66.8029	8.24833	68.6535	200
949	68.0701	8.14747	68.6496	200
950	75.2317	8.12688	68.6929	200
951	75.3508	8.10851	68.7346	200
952	74.4092	8.07809	68.77	200
953	73.6297	8.03786	68.8004	200
954	71.9991	7.97737	68.8204	200
955	73.0663	7.93073	68.8469	200
956	64.806	7.8821	68.8217	200
957	73.9631	7.84784	68.8538	200
958	77.2709	7.85496	68.9064	200
959	77.4349	7.86338	68.9597	200
960	73.6847	7.82415	68.9892	200
961	75.4255	7.8068	69.0295	200
962	75.29	7.78747	69.0686	200
963	81.524	7.84582	69.1464	200
964	88.1759	7.98561	69.2654	200
965	88.5271	8.12656	69.3858	200
966	88.4594	8.2634	69.505	200
967	86.6459	8.37437	69.6121	200
968	86.6445	8.48259	69.7186	200
969	86.4637	8.58588	69.8232	200
970	81.8522	8.62891	69.8984	200
971	83.3049	8.68863	69.9822	200
972	82.3244	8.7343	70.0593	200
973	82.3399	8.77863	70.1361	200
974	80.2203	8.79495	70.1991	200
975	81.0209	8.82029	70.2667	200
976	89.5515	8.95109	70.3873	200
977	81.4432	8.9774	70.4564	200
978	81.4517	9.00263	70.5251	200
979	82.0946	9.03471	70.5974	200
980	81.0729	9.05272	70.6629	200
981	84.14	9.10802	70.7471	200
982	83.6938	9.15601	70.828	200
983	76.6001	9.11371	70.8641	200
984	72.9617	9.02601	70.8772	200
985	73.0825	8.94075	70.891	200
986	73.77	8.86497	70.909	200
987	73.8457	8.79087	70.9273	200
988	81.3841	8.81169	70.9927	200
989	75.0248	8.75195	71.0179	200
990	76.4352	8.71027	71.0517	200
991	76.9025	8.67452	71.0883	200
992	79.3584	8.66947	71.14	200
993	80.1048	8.67316	71.196	200
994	78.8032	8.65983	71.2436	200
995	78.1525	8.63794	71.2867	200
996	84.7955	8.69883	71.3712	200
997	85.2955	8.76415	71.4582	200
998	79.7685	8.75847	71.5101	200
999	79.5814	8.74988	71.5606	200
1000	97.4665	8.96433	71.7225	200
1001	95.7256	9.15232	71.8725	200
1002	95.8216	9.33728	72.0222	200
1003	88.3832	9.42507	72.1245	200
1004	84.7232	9.46474	72.2032	200
1005	84.3648	9.49845	72.2792	200
1006	85.0387	9.53922	72.3589	200
1007	84.4278	9.57084	72.4344	200
1008	84.5513	9.60266	72.5101	200
1009	83.6901	9.62238	72.58	200
1010	94.5086	9.7762	72.717	200
1011	92.9699	9.90716	72.8436	200
1012	92.359	10.0273	72.9656	200
1013	94.2335	10.1678	73.0985	200
1014	95.6057	10.322	73.2392	200
1015	94.2838	10.456	73.3707	200
1016	85.174	10.4729	73.4445	200
1017	84.6705	10.4823	73.5146	200
1018	89.9584	10.5568	73.6174	200
1019	90.6499	10.6378	73.7239	200
1020	90.5035	10.7145	73.8287	200
1021	87.7155	10.7542	73.9155	200
1022	89.9743	10.8205	74.0159	200
1023	89.3935	10.8775	74.112	200
1024	89.3993	10.9326	74.2076	200
1025	89.405	10.9859	74.3025	200
1026	88.6922	11.0284	74.3925	200
1027	91.306	11.102	74.4982	200
1028	86.9555	11.1189	74.576	200
1029	87.5379	11.142	74.657	200
1030	86.7119	11.1534	74.7324	200
1031	93.7092	11.2512	74.851	200
1032	94.4327	11.3504	74.9676	200
1033	92.3531	11.4222	75.071	200
1034	94.2448	11.5145	75.1852	200
1035	93.2086	11.592	75.2924	200
1036	96.2999	11.7041	75.4175	200
1037	95.9074	11.8087	75.5395	200
1038	86.1649	11.7946	75.6027	200
1039	93.1611	11.8632	75.7072	200
1040	93.1731	11.9299	75.8112	200
1041	83.9305	11.8845	75.8595	200
1042	84.0305	11.8403	75.9081	200
1043	83.9394	11.795	75.9559	200
1044	83.7845	11.7477	76.0025	200
1045	87.9621	11.7503	76.0737	200
1046	87.9297	11.7515	76.1443	200
1047	86.9014	11.7397	76.2083	200
1048	86.8133	11.7262	76.2715	200
1049	86.9351	11.7135	76.3349	200
1050	86.8242	11.6989	76.3974	200
1051	78.5081	11.5848	76.4099	200
1052	79.2739	11.481	76.427	200
1053	79.4128	11.3799	76.4447	200
1054	78.0806	11.2639	76.4545	200
1055	76.8795	11.1348	76.457	200
1056	76.8975	11.0075	76.4596	200
1057	77.0599	10.8836	76.4632	200
1058	80.4946	10.802	76.4872	200
1059	95.7239	10.9024	76.6017	200
1060	95.6894	10.9999	76.7153	200
1061	97.1921	11.1127	76.8372	200
1062	96.6532	11.2163	76.9552	200
1063	97.4945	11.3273	77.0774	200
1064	97.0208	11.4299	77.1961	200
1065	98.2705	11.5447	77.3216	200
1066	99.869	11.6757	77.4558	200
1067	100.309	11.8087	77.5918	200
1068	98.0559	11.9118	77.7136	200
1069	92.9295	11.9511	77.8042	200
1070	95.5819	12.0205	77.91	200
1071	95.5259	12.0871	78.0149	200
1072	94.1345	12.1351	78.1108	200
1073	94.3723	12.1842	78.2076	200
1074	94.7589	12.2362	78.3061	200
1075	97.0553	12.3137	78.4177	200
1076	94.4872	12.3584	78.5134	200
1077	99.7344	12.464	78.6397	200
1078	96.8908	12.5328	78.7483	200
1079	98.8237	12.6226	78.8678	200
1080	100.018	12.7242	78.9937	200
1081	98.3431	12.803	79.1089	200
1082	98.4164	12.8805	79.2238	200
1083	89.7036	12.8519	79.2862	200
1084	89.5411	12.821	79.3472	200
1085	89.5704	12.79	79.4081	200
1086	93.5812	12.8065	79.4925	200
1087	92.7218	12.8115	79.5712	200
1088	93.9113	12.8297	79.6566	200
1089	93.7861	12.8452	79.7407	200
1090	95.5215	12.8802	79.8346	200
1091	95.5005	12.915	79.9325	200
1092	101.259	13.0201	80.0658	200
1093	98.2799	13.0885	80.1856	200
1094	102.707	13.2126	80.3338	200
1095	102.464	13.3364	80.4875	200
1096	101.401	13.4417	80.6327	200
1097	105.534	13.6102	80.8158	200
1098	106.911	13.7938	81.0077	200
1099	108.477	14.0075	81.2223	200
1100	112.575	14.2785	81.4672	200
1101	91.4203	14.2064	81.5502	200
1102	90.1972	14.1138	81.6222	200
1103	90.5829	14.0217	81.7022	200
1104	90.5267	13.9289	81.781	200
1105	88.5297	13.7908	81.8459	200
1106	94.5634	13.7702	81.9682	200
1107	93.9954	13.7339	82.0935	200
1108	91.7349	13.6486	82.1939	200
1109	93.3277	13.5915	82.3204	200
1110	92.8092	13.521	82.4396	200
1111	92.6608	13.446	82.5558	200
1112	88.6544	13.279	82.6251	200
1113	90.8359	13.1638	82.7184	200
1114	85.2796	12.9228	82.7475	200
1115	85.1631	12.684	82.7749	200
1116	85.3407	12.4541	82.8041	200
1117	87.0263	12.267	82.8521	200
1118	85.705	12.053	82.8845	200
1119	87.5578	11.8853	82.9376	200
1120	83.6196	11.6307	82.9453	200
1121	83.6925	11.3833	82.9538	200
1122	77.5193	11.2481	82.8921	200
1123	77.01	11.1262	82.8252	200
1124	71.769	11.1246	82.6996	200
1125	72.1639	11.1112	82.5799	200
1126	72.0029	11.099	82.4597	200
1127	72.0577	11.0832	82.3415	200
1128	74.0381	11.02	82.2471	200
1129	69.992	11.0481	82.1079	200
1130	70.004	11.0721	81.9703	200
1131	76.1071	10.9537	81.9037	200
1132	56.1933	11.2891	81.6115	200
1133	56.4939	11.6034	81.3261	200
1134	56.6029	11.9015	81.0451	200
1135	54.149	12.2423	80.7395	200
1136	54.3625	12.5636	80.4398	200
1137	54.5221	12.8671	80.1452	200
1138	58.0106	13.0777	79.8937	200
1139	54.64	13.3544	79.6067	200
1140	57.1499	13.5613	79.3515	200
1141	58.8104	13.7199	79.1181	200
1142	58.1201	13.8716	78.8994	200
1143	56.8214	14.0425	78.6694	200
1144	66.7488	13.9983	78.5452	200
1145	65.5523	13.9774	78.4099	200
1146	68.1885	13.8991	78.3034	200
1147	68.378	13.8163	78.2	200
1148	68.4162	13.7323	78.0981	200
1149	69.146	13.6327	78.0049	200
1150	70.3743	13.5077	77.9254	200
1151	68.3705	13.4253	77.8259	200
1152	69.894	13.3109	77.7432	200
1153	70.3601	13.1874	77.6663	200
1154	69.1317	13.0905	77.5774	200
1155	57.9621	13.2264	77.3731	200
1156	59.2194	13.329	77.184	200
1157	61.8682	13.3704	77.0245	200
1158	62.0981	13.4029	76.869	200
1159	62.0306	13.4328	76.7144	200
1160	67.6605	13.3415	76.6201	200
1161	72.8637	13.1418	76.581	200
1162	75.6491	12.8875	76.5713	200
1163	76.2066	12.6266	76.5675	200
1164	76.852	12.3694	76.5704	200
1165	77.5361	12.1319	76.5805	200
1166	76.7484	11.8826	76.5822	200
1167	81.413	11.7357	76.6325	200
1168	71.3972	11.6003	76.578	200
1169	71.198	11.4707	76.522	200
1170	80.0703	11.3056	76.5589	200
1171	84.8915	11.2437	76.6457	200
1172	84.9405	11.1823	76.7321	200
1173	93.3648	11.2958	76.9054	200
1174	92.2505	11.3802	77.0652	200
1175	95.5644	11.5285	77.2579	200
1176	94.0616	11.6384	77.433	200
1177	87.121	11.5978	77.5339	200
1178	80.9963	11.4283	77.5699	200
1179	71.2076	11.3227	77.5037	200
1180	70.3454	11.236	77.4291	200
1181	67.6554	11.2055	77.3273	200
1182	71.7122	11.089	77.2688	200
1183	84.7755	11.0144	77.347	200
1184	82.3441	10.889	77.3991	200
1185	84.379	10.8076	77.4718	200
1186	84.3737	10.7262	77.5437	200
1187	81.7062	10.5895	77.587	200
1188	80.2689	10.4247	77.615	200
1189	80.4197	10.266	77.6442	200
1190	86.4699	10.236	77.7361	200
1191	92.3053	10.3193	77.8762	200
1192	88.1308	10.3181	77.9748	200
1193	88.6761	10.3254	78.0777	200
1194	88.2227	10.322	78.1752	200
1195	80.2113	10.1626	78.1948	200
1196	75.1904	10.025	78.1659	200
1197	77.47	9.84557	78.1592	200
1198	68.9103	9.83409	78.0703	200
1199	69.3233	9.81319	77.9862	200
1200	69.5011	9.78764	77.9046	200
1201	70.1983	9.74762	77.8305	200
1202	70.7996	9.69537	77.7629	200
1203	70.7144	9.64447	77.6951	200
1204	69.7986	9.61086	77.6192	200
1205	69.4002	9.58409	77.5402	200
1206	75.5345	9.43835	77.5209	200
1207	72.3208	9.35685	77.4709	200
1208	59.297	9.5264	77.2961	200
1209	78.1259	9.35916	77.3041	200
1210	73.9923	9.24286	77.2723	200
1211	71.3872	9.17829	77.2157	200
1212	70.8454	9.12429	77.1544	200
1213	70.0332	9.08577	77.0859	200
1214	69.2488	9.06175	77.0106	200
1215	65.0734	9.11705	76.8958	200
1216	69.9287	9.0757	76.8288	200
1217	64.5246	9.13779	76.7105	200
1218	65.0423	9.18645	76.5983	200
1219	67.6182	9.18248	76.512	200
1220	72.1712	9.08937	76.4702	200
1221	91.1303	9.1965	76.6112	200
1222	92.7378	9.32977	76.7663	200
1223	90.4375	9.41326	76.8977	200
1224	90.6764	9.49721	77.0302	200
1225	90.4725	9.57308	77.1594	200
1226	87.6621	9.59096	77.2604	200
1227	88.5069	9.62279	77.3686	200
1228	88.7393	9.6564	77.4779	200
1229	89.2092	9.69631	77.5907	200
1230	88.4302	9.71829	77.6949	200
1231	88.7848	9.74467	77.8016	200
1232	84.5598	9.68724	77.8665	200
1233	86.206	9.66132	77.9467	200
1234	87.8686	9.66633	78.0421	200
1235	86.6692	9.64634	78.1251	200
1236	82.1033	9.53734	78.1633	200
1237	82.4274	9.43593	78.2043	200
1238	81.8914	9.32537	78.2398	200
1239	82.7041	9.23189	78.2827	200
1240	83.2893	9.15063	78.3309	200
1241	82.94	9.0633	78.3752	200
1242	86.0802	9.03718	78.4493	200
1243	90.0828	9.08711	78.5611	200
1244	92.5242	9.17418	78.6858	200
1245	92.232	9.25225	78.8067	200
1246	88.4723	9.25963	78.893	200
1247	85.3069	9.20881	78.9503	200
1248	62.4753	9.33857	78.8032	200
1249	60.8737	9.49198	78.6431	200
1250	61.0297	9.637	78.4859	200
1251	60.8748	9.77939	78.3286	200
1252	61.1296	9.91189	78.1751	200
1253	62.4257	10.0161	78.0344	200
1254	75.9203	9.87502	78.0156	200
1255	75.7337	9.73943	77.9952	200
1256	77.2242	9.57928	77.9883	200
1257	78.8732	9.42402	77.9962	200
1258	78.7259	9.26876	78.0027	200
1259	76.7811	9.12506	77.9918	200
1260	76.2929	8.99245	77.9766	200
1261	74.7868	8.88883	77.9482	200
1262	70.53	8.86257	77.8819	200
1263	69.9527	8.8459	77.8111	200
1264	70.0305	8.82688	77.7417	200
1265	70.0543	8.80653	77.673	200
1266	69.6463	8.7926	77.6014	200
1267	71.0424	8.75272	77.5428	200
1268	70.2289	8.72702	77.4775	200
1269	85.0478	8.70637	77.5451	200
1270	81.099	8.61436	77.5768	200
1271	81.2376	8.5259	77.6095	200
1272	79.183	8.40175	77.6235	200
1273	79.6428	8.28778	77.6416	200
1274	80.2932	8.18713	77.6652	200
1275	83.4446	8.14414	77.7168	200
1276	83.7506	8.10645	77.7707	200
1277	84.0188	8.07326	77.8265	200
1278	84.4378	8.04716	77.8855	200
1279	85.2005	8.03408	77.9508	200
1280	84.6749	8.01069	78.0109	200
1281	85.5725	8.00267	78.0784	200
1282	71.585	7.97572	78.0204	200
1283	71.5866	7.94818	77.963	200
1284	70.296	7.94316	77.8945	200
1285	69.5687	7.94999	77.8202	200
1286	71.3918	7.92282	77.7628	200
1287	73.5207	7.85709	77.7249	200
1288	74.5182	7.77405	77.6963	200
1289	82.1237	7.71429	77.7358	200
1290	67.4323	7.76052	77.6438	200
1291	68.4877	7.78544	77.5621	200
1292	72.0747	7.7444	77.5131	200
1293	71.6787	7.7103	77.461	200
1294	74.0125	7.63419	77.4302	200
1295	73.414	7.56958	77.3943	200
1296	73.4041	7.50566	77.3587	200
1297	77.1029	7.3762	77.3564	200
1298	80.9744	7.30909	77.3887	200
1299	85.6392	7.3259	77.4624	200
1300	86.3464	7.35372	77.5417	200
1301	85.605	7.36555	77.6089	200
1302	86.9299	7.39814	77.6866	200
1303	91.0636	7.49779	77.798	200
1304	86.4238	7.51659	77.8699	200
1305	86.4054	7.53357	77.9411	200
1306	85.584	7.53539	78.0047	200
1307	84.6498	7.52055	78.0601	200
1308	85.6639	7.52194	78.1235	200
1309	88.6074	7.5713	78.2108	200
1310	85.9519	7.57413	78.2754	200
1311	85.1362	7.56224	78.3325	200
1312	84.6903	7.54217	78.3855	200
1313	87.1848	7.56312	78.4588	200
1314	86.3663	7.56886	78.5247	200
1315	84.0937	7.53553	78.5711	200
1316	84.9605	7.51642	78.6244	200
1317	84.684	7.49214	78.6749	200
1318	77.2892	7.39037	78.6633	200
1319	76.507	7.30314	78.6454	200
1320	74.659	7.24786	78.6121	200
1321	70.6115	7.2604	78.5455	200
1322	76.214	7.17825	78.526	200
1323	74.4499	7.12655	78.4921	200
1324	89.2992	7.1879	78.5821	200
1325	88.7963	7.23833	78.6672	200
1326	89.6623	7.30094	78.7589	200
1327	85.9399	7.29894	78.8187	200
1328	81.4172	7.2206	78.8404	200
1329	81.0601	7.13725	78.8589	200
1330	82.6751	7.0819	78.8907	200
1331	84.8863	7.0638	78.9406	200
1332	86.6356	7.07432	79.0048	200
1333	82.537	7.01529	79.0342	200
1334	82.5624	6.95717	79.0636	200
1335	81.971	6.88967	79.0878	200
1336	84.3172	6.862	79.1314	200
1337	84.1928	6.83199	79.1736	200
1338	81.7821	6.7616	79.1953	200
1339	91.5066	6.85409	79.2979	200
1340	91.3417	6.94059	79.3983	200
1341	95.4754	7.09286	79.5322	200
1342	95.513	7.24099	79.6654	200
1343	92.596	7.33582	79.7732	200
1344	102.343	7.58972	79.9613	200
1345	102.615	7.84079	80.15	200
1346	99.6741	8.03551	80.3127	200
1347	96.5562	8.17231	80.4481	200
1348	101.407	8.38542	80.6228	200
1349	100.21	8.57211	80.786	200
1350	99.704	8.74454	80.9436	200
1351	99.7535	8.9123	81.1004	200
1352	98.555	9.05467	81.2458	200
1353	97.6277	9.17679	81.3823	200
1354	84.1294	9.06963	81.4052	200
1355	84.0125	8.96192	81.427	200
1356	64.7595	9.09034	81.2881	200
1357	64.8826	9.21226	81.1514	200
1358	69.9568	9.2453	81.0581	200
1359	75.5057	9.18375	81.0118	200
1360	86.7848	9.12691	81.0599	200
1361	87.3911	9.08031	81.1127	200
1362	85.2592	9.00322	81.1451	200
1363	81.0723	8.86368	81.1445	200
1364	81.4138	8.72939	81.1466	200
1365	81.9961	8.60627	81.1532	200
1366	86.1091	8.54923	81.1919	200
1367	83.6946	8.45475	81.2115	200
1368	83.7045	8.3616	81.231	200
1369	85.6046	8.29929	81.2651	200
1370	72.9006	8.30031	81.1998	200
1371	73.4791	8.29125	81.1395	200
1372	69.0436	8.3507	81.045	200
1373	68.8485	8.41079	80.9497	200
1374	71.8271	8.42191	80.8784	200
1375	80.6605	8.29372	80.8767	200
1376	82.0595	8.18261	80.886	200
1377	82.4861	8.07976	80.8985	200
1378	83.081	7.98761	80.9155	200
1379	82.8176	7.89253	80.9304	200
1380	82.6466	7.79602	80.9438	200
1381	86.328	7.75834	80.9858	200
1382	86.8058	7.72805	81.0313	200
1383	82.3154	7.62736	81.0413	200
1384	83.1345	7.54089	81.0577	200
1385	92.2327	7.59767	81.145	200
1386	92.1937	7.6516	81.2313	200
1387	84.0768	7.5765	81.2535	200
1388	86.2185	7.53569	81.2923	200
1389	80.982	7.4228	81.2899	200
1390	82.8347	7.33095	81.302	200
1391	93.4765	7.40663	81.3971	200
1392	93.0085	7.47233	81.4878	200
1393	93.2511	7.53938	81.5797	200
1394	93.435	7.60681	81.6723	200
1395	96.3352	7.71706	81.7869	200
1396	95.2954	7.80755	81.8924	200
1397	96.6475	7.91611	82.0077	200
1398	92.5199	7.95667	82.0898	200
1399	92.4955	7.99494	82.1711	200
1400	92.5476	8.03215	82.2522	200
1401	96.6429	8.1315	82.3646	200
1402	98.6578	8.25903	82.4919	200
1403	98.0668	8.37334	82.6136	200
1404	98.0735	8.48406	82.7343	200
1405	98.2475	8.59389	82.8555	200
1406	106.91	8.83546	83.0435	200
1407	93.0079	8.8531	83.1213	200
1408	92.812	8.86618	83.197	200
1409	94.3385	8.90174	83.2841	200
1410	95.6723	8.95621	83.3808	200
1411	90.5477	8.92825	83.4368	200
1412	99.4676	9.03923	83.5621	200
1413	95.5654	9.08554	83.6558	200
1414	94.9638	9.12027	83.7442	200
1415	94.5549	9.14668	83.8286	200
1416	96.6465	9.20404	83.9288	200
1417	84.857	9.07473	83.936	200
1418	85.1244	8.95151	83.9453	200
1419	85.5478	8.83668	83.9578	200
1420	85.408	8.72126	83.9692	200
1421	86.5737	8.62569	83.9895	200
1422	78.8736	8.57085	83.9495	200
1423	73.1245	8.60607	83.865	200
1424	73.8873	8.6275	83.787	200
1425	74.5411	8.63716	83.7148	200
1426	76.0629	8.62176	83.655	200
1427	75.5637	8.61396	83.5955	200
1428	73.3065	8.6386	83.5199	200
1429	73.8673	8.65351	83.4489	200
1430	72.5288	8.68684	83.3686	200
1431	73.1159	8.70987	83.2932	200
1432	73.784	8.72162	83.2233	200
1433	73.674	8.73379	83.1531	200
1434	68.8898	8.81511	83.0482	200
1435	68.2019	8.9038	82.939	200
1436	69.4473	8.97127	82.8398	200
1437	69.4307	9.03653	82.7412	200
1438	74.7996	9.02043	82.6828	200
1439	74.962	9.00132	82.6261	200
1440	71.5264	9.03217	82.5444	200
1441	75.4878	9.00312	82.4925	200
1442	74.4966	8.98831	82.4338	200
1443	72.6882	8.99944	82.3621	200
1444	77.8218	8.93387	82.3287	200
1445	69.0993	8.99704	82.2314	200
1446	69.5463	9.05128	82.1382	200
1447	69.967	9.09716	82.0487	200
1448	72.0211	9.11084	81.9749	200
1449	69.0473	9.16697	81.8799	200
1450	81.5336	9.03725	81.8773	200
1451	81.4731	8.91029	81.8744	200
1452	85.8162	8.83723	81.9033	200
1453	83.6614	8.73312	81.9163	200
1454	82.5715	8.61433	81.9211	200
1455	90.9891	8.621	81.9878	200
1456	81.9898	8.49425	81.9878	200
1457	81.4735	8.3769	81.984	200
1458	81.8871	8.25513	81.9833	200
1459	81.5382	8.14028	81.98	200
1460	83.1262	8.03742	81.9884	200
1461	82.8458	7.93183	81.9947	200
1462	95.5167	8.01404	82.0942	200
1463	97.4303	8.12172	82.2069	200
1464	97.6263	8.22904	82.3203	200
1465	97.4054	8.32986	82.4312	200
1466	101.156	8.48273	82.5689	200
1467	101.347	8.63413	82.707	200
1468	100.511	8.76898	82.8379	200
1469	102.448	8.92841	82.9821	200
1470	101.193	9.06492	83.116	200
1471	104.789	9.25033	83.2753	200
1472	99.1694	9.34803	83.3922	200
1473	100.384	9.46044	83.5172	200
1474	98.6359	9.54365	83.6283	200
1475	97.5002	9.6073	83.7303	200
1476	96.5448	9.65446	83.8245	200
1477	97.3285	9.71107	83.9238	200
1478	92.2007	9.68998	83.9847	200
1479	91.982	9.66508	84.0435	200
1480	91.5318	9.63307	84.0986	200
1481	91.2114	9.59601	84.1509	200
1482	92.8392	9.58266	84.2147	200
1483	92.8987	9.56944	84.2786	200
1484	80.4693	9.48474	84.2506	200
1485	84.9369	9.35535	84.2556	200
1486	89.9264	9.30116	84.2973	200
1487	89.9193	9.24705	84.3387	200
1488	93.4494	9.24505	84.4057	200
1489	85.3202	9.12254	84.4124	200
1490	76.8563	9.0995	84.3568	200
1491	76.6839	9.07852	84.3004	200
1492	77.6927	9.04219	84.2518	200
1493	77.3478	9.01074	84.201	200
1494	75.926	8.99992	84.1402	200
1495	77.327	8.96777	84.0901	200
1496	79.2782	8.91005	84.0567	200
1497	85.0068	8.79949	84.0633	200
1498	93.5982	8.8097	84.1295	200
1499	99.3072	8.89815	84.2349	200
1500	98.9243	8.97858	84.3369	200
1501	94.772	8.99881	84.4094	200
1502	94.7266	9.01712	84.481	200
1503	94.4311	9.03008	84.5501	200
1504	91.2275	8.9974	84.5965	200
1505	91.4299	8.96734	84.6439	200
1506	87.8894	8.88787	84.6665	200
1507	90.9742	8.85204	84.7103	200
1508	77.7193	8.82619	84.6617	200
1509	77.556	8.80229	84.6124	200
1510	73.3019	8.83713	84.5338	200
1511	73.3473	8.86976	84.4562	200
1512	72.3739	8.91438	84.3722	200
1513	72.4082	8.95673	84.2892	200
1514	78.1623	8.91743	84.2466	200
1515	83.4151	8.80512	84.2408	200
1516	83.3098	8.69576	84.2344	200
1517	79.6797	8.63825	84.2027	200
1518	79.9206	8.57774	84.173	200
1519	79.9616	8.5171	84.1438	200
1520	75.5356	8.51836	84.084	200
1521	81.098	8.44153	84.0632	200
1522	81.1888	8.3642	84.0433	200
1523	84.4283	8.25338	84.046	200
1524	84.2131	8.14107	84.0471	200
1525	88.3141	8.08727	84.0768	200
1526	88.3054	8.03367	84.1061	200
1527	90.9464	8.0171	84.1536	200
1528	94.7771	8.0533	84.2274	200
1529	95.349	8.09591	84.3046	200
1530	99.5891	8.19575	84.4108	200
1531	100.321	8.3029	84.5213	200
1532	99.2065	8.39154	84.6232	200
1533	91.3039	8.36778	84.6696	200
1534	80.2722	8.31264	84.6391	200
1535	73.911	8.34619	84.5646	200
1536	74.8213	8.36559	84.4969	200
1537	77.1124	8.35196	84.4456	200
1538	77.0452	8.33875	84.3943	200
1539	77.0721	8.32463	84.3434	200
1540	78.3161	8.29272	84.3015	200
1541	78.2146	8.26208	84.2593	200
1542	78.6587	8.22512	84.2204	200
1543	78.4624	8.19085	84.1804	200
1544	78.9792	8.14933	84.1443	200
1545	79.1406	8.10564	84.1095	200
1546	84.0033	7.99453	84.1088	200
1547	83.9127	7.88622	84.1074	200
1548	83.9979	7.77821	84.1067	200
1549	84.0971	7.67031	84.1066	200
1550	78.4766	7.64197	84.0675	200
1551	73.2559	7.686	83.9924	200
1552	73.3176	7.72751	83.9183	200
1553	73.2369	7.76853	83.8441	200
1554	77.5608	7.7479	83.8005	200
1555	77.5591	7.72698	83.7571	200
1556	77.3726	7.70833	83.7128	200
1557	74.5916	7.72795	83.6495	200
1558	82.8084	7.6323	83.6436	200
1559	76.2121	7.62951	83.592	200
1560	76.2087	7.62609	83.5407	200
1561	71.9743	7.68082	83.4604	200
1562	72.103	7.73188	83.3815	200
1563	67.8211	7.84061	83.2735	200
1564	67.2456	7.95432	83.1622	200
1565	66.5722	8.07426	83.047	200
1566	74.4998	8.08083	82.9876	200
1567	78.1243	8.03614	82.9538	200
1568	78.3369	7.98865	82.9218	200
1569	78.029	7.94792	82.8896	200
1570	67.308	8.04836	82.7871	200
1571	71.4955	8.09103	82.7128	200
1572	70.7499	8.14198	82.6341	200
1573	70.9494	8.18859	82.5572	200
1574	73.4438	8.20076	82.4973	200
1575	74.3832	8.19962	82.4439	200
1576	74.3007	8.19887	82.3903	200
1577	72.9557	8.21513	82.3282	200
1578	73.0564	8.22904	82.2672	200
1579	72.6369	8.24747	82.2039	200
1580	69.8375	8.30167	82.1225	200
1581	73.9896	8.29945	82.069	200
1582	79.154	8.2286	82.0498	200
1583	81.883	8.12252	82.0487	200
1584	81.99	8.01642	82.0483	200
1585	82.0136	7.9114	82.0481	200
1586	82.0207	7.80766	82.0479	200
1587	88.2582	7.78664	82.0888	200
1588	88.8483	7.77313	82.1333	200
1589	89.103	7.76255	82.1791	200
1590	89.1349	7.75194	82.2249	200
1591	90.0736	7.75321	82.2765	200
1592	89.9993	7.75281	82.3273	200
1593	93.8499	7.80241	82.4031	200
1594	82.9452	7.70688	82.4067	200
1595	77.0897	7.67544	82.3717	200
1596	76.8194	7.6475	82.3352	200
1597	76.8095	7.61958	82.2988	200
1598	76.7684	7.59209	82.2624	200
1599	76.5888	7.56685	82.2251	200
1600	76.0202	7.54893	82.1843	200
1601	72.0782	7.58257	82.1178	200
1602	78.3864	7.5319	82.0933	200
1603	75.5783	7.51852	82.0504	200
1604	75.5568	7.50503	82.0077	200
1605	80.8086	7.42206	81.9998	200
1606	81.0142	7.33737	81.9933	200
1607	84.69	7.2763	82.011	200
1608	84.2388	7.20988	82.0257	200
1609	80.4291	7.13602	82.0152	200
1610	80.1206	7.06705	82.0027	200
1611	85.6154	7.0216	82.0265	200
1612	82.2876	6.93264	82.0282	200
1613	81.2795	6.85128	82.0233	200
1614	81.1902	6.77209	82.0178	200
1615	81.1281	6.69469	82.0119	200
1616	81.0313	6.6195	82.0055	200
1617	81.0371	6.54514	81.9991	200
1618	84.3044	6.48935	82.0143	200
1619	79.7241	6.4341	81.9992	200
1620	74.9736	6.44188	81.953	200
1621	67.532	6.54687	81.8581	200
1622	72.0185	6.5902	81.7934	200
1623	71.9977	6.63237	81.7289	200
1624	103.499	6.83155	81.8722	200
1625	97.3355	6.94513	81.9739	200
1626	97.8729	7.06294	82.0785	200
1627	101.986	7.23195	82.2095	200
1628	102.337	7.40163	82.3419	200
1629	101.207	7.55246	82.466	200
1630	101.291	7.70078	82.5898	200
1631	97.5044	7.79569	82.688	200
1632	95.98	7.86801	82.7754	200
1633	93.5155	7.9058	82.8461	200
1634	93.5831	7.94306	82.9167	200
1635	97.9739	8.03666	83.0158	200
1636	97.8666	8.12632	83.1135	200
1637	97.8142	8.21283	83.2102	200
1638	97.945	8.29865	83.3071	200
1639	97.8952	8.3814	83.4031	200
1640	91.6076	8.37907	83.4571	200
1641	81.0995	8.29984	83.4416	200
1642	76.7981	8.27805	83.3979	200
1643	77.1624	8.25117	83.3568	200
1644	77.097	8.22497	83.3157	200
1645	77.3408	8.19536	83.2763	200
1646	73.1655	8.21931	83.2131	200
1647	73.3637	8.23968	83.1516	200
1648	73.0438	8.26303	83.0884	200
1649	73.1715	8.2837	83.0264	200
1650	71.3837	8.32569	82.9537	200
1651	69.7019	8.38727	82.8708	200
1652	69.7599	8.44631	82.7889	200
1653	74.5143	8.44417	82.7372	200
1654	74.5945	8.4404	82.6863	200
1655	74.4837	8.43742	82.635	200
1656	74.4922	8.43374	82.5841	200
1657	71.1998	8.47062	82.513	200
1658	83.4027	8.37586	82.5185	200
1659	82.9174	8.27615	82.521	200
1660	82.8467	8.17677	82.5231	200
1661	83.4864	8.0866	82.5291	200
1662	83.7593	8.00089	82.5368	200
1663	70.969	8.04548	82.4645	200
1664	70.75	8.09134	82.3913	200
1665	76.4055	8.06502	82.3538	200
1666	76.2623	8.04035	82.3158	200
1667	76.2992	8.01505	82.2782	200
1668	72.1398	8.04159	82.2148	200
1669	72.5671	8.06167	82.1545	200
1670	72.6444	8.07977	82.0951	200
1671	72.8587	8.09423	82.0373	200
1672	72.9326	8.10686	81.9804	200
1673	76.3593	8.07579	81.9453	200
1674	83.3446	7.99233	81.954	200
1675	83.5128	7.91191	81.9638	200
1676	83.9572	7.83793	81.9762	200
1677	84.1648	7.76731	81.9899	200
1678	97.548	7.8647	82.0872	200
1679	97.8486	7.96341	82.1857	200
1680	103.752	8.13344	82.3205	200
1681	103.919	8.30176	82.4554	200
1682	98.3398	8.39654	82.5547	200
1683	99.7852	8.50697	82.6624	200
1684	99.6618	8.61312	82.7687	200
1685	100.401	8.72586	82.8789	200
1686	100.436	8.83625	82.9886	200
1687	104.646	8.99651	83.124	200
1688	104.533	9.15167	83.2578	200
1689	104.338	9.30078	83.3895	200
1690	100.492	9.39829	83.4964	200
1691	100.694	9.49578	83.6039	200
1692	100.647	9.59012	83.7104	200
1693	95.8945	9.62254	83.7865	200
1694	95.8706	9.65331	83.8621	200
1695	100.696	9.74307	83.9673	200
1696	100.738	9.83091	84.0721	200
1697	100.698	9.91585	84.176	200
1698	88.5414	9.84647	84.2033	200
1699	88.4643	9.77665	84.2299	200
1700	88.3755	9.70626	84.2558	200
1701	83.1909	9.59824	84.2492	200
1702	93.8387	9.59813	84.3091	200
1703	86.8558	9.50999	84.325	200
1704	87.0711	9.42544	84.3422	200
1705	84.2615	9.30863	84.3417	200
1706	80.0767	9.24558	84.315	200
1707	79.6641	9.18815	84.286	200
1708	97.4091	9.23734	84.368	200
1709	96.9439	9.27907	84.4466	200
1710	101.47	9.37587	84.553	200
1711	101.229	9.46713	84.6572	200
1712	101.074	9.554	84.7598	200
1713	102.396	9.65503	84.87	200
1714	91.4983	9.6172	84.9115	200
1715	91.4076	9.57819	84.9521	200
1716	96.0126	9.59671	85.0212	200
1717	95.7	9.61024	85.0879	200
1718	82.3358	9.52451	85.0707	200
1719	82.1574	9.44187	85.0525	200
1720	81.1782	9.37228	85.0283	200
1721	81.0073	9.30539	85.0032	200
1722	80.8504	9.24098	84.9772	200
1723	79.4434	9.19464	84.9426	200
1724	79.3792	9.14925	84.9079	200
1725	78.6675	9.11289	84.8689	200
1726	78.7429	9.07555	84.8306	200
1727	84.8398	8.96762	84.8306	200
1728	80.4916	8.91251	84.8048	200
1729	80.7544	8.85463	84.7807	200
1730	80.8649	8.79583	84.7574	200
1731	81.0849	8.73484	84.7355	200
1732	80.9056	8.67645	84.7127	200
1733	81.0996	8.61617	84.6912	200
1734	84.2283	8.51911	84.6885	200
1735	84.2053	8.42344	84.6856	200
1736	79.367	8.38648	84.6539	200
1737	79.3573	8.34969	84.6224	200
1738	79.4299	8.31211	84.5915	200
1739	79.3939	8.27503	84.5605	200
1740	79.4006	8.23794	84.5298	200
1741	79.3991	8.20095	84.4993	200
1742	84.079	8.10832	84.4968	200
1743	89.8416	8.07542	84.5286	200
1744	94.3071	8.0957	84.5868	200
1745	94.0827	8.11237	84.6433	200
1746	90.1005	8.08076	84.6758	200
1747	90.0432	8.04845	84.7078	200
1748	97.327	8.10287	84.7829	200
1749	89.201	8.059	84.8092	200
1750	89.1903	8.01522	84.8353	200
1751	84.6605	7.92188	84.8342	200
1752	86.8762	7.85188	84.8464	200
1753	86.9786	7.78379	84.8591	200
1754	85.3666	7.69716	84.8621	200
1755	84.8466	7.60571	84.862	200
1756	84.7594	7.51639	84.8614	200
1757	85.2902	7.43201	84.8639	200
1758	85.2304	7.3479	84.8661	200
1759	92.7758	7.35459	84.9132	200
1760	92.7666	7.36052	84.9599	200
1761	88.0875	7.31013	84.9785	200
1762	88.5724	7.26589	84.9999	200
1763	89.09	7.22808	85.0243	200
1764	93.227	7.23968	85.0731	200
1765	93.4498	7.25322	85.123	200
1766	98.0881	7.32122	85.2001	200
1767	98.0407	7.38692	85.2766	200
1768	98.108	7.45174	85.353	200
1769	91.9891	7.44203	85.3925	200
1770	92.3184	7.43588	85.4337	200
1771	92.0785	7.42646	85.4732	200
1772	91.8846	7.41438	85.5114	200
1773	96.7483	7.45988	85.5783	200
1774	96.7241	7.50376	85.6446	200
1775	96.6454	7.5454	85.7101	200
1776	93.7942	7.55181	85.7582	200
1777	93.9399	7.55931	85.8069	200
1778	94.0686	7.56767	85.8561	200
1779	96.997	7.61021	85.9224	200
1780	96.9674	7.6511	85.9882	200
1781	96.9537	7.69055	86.0534	200
1782	96.977	7.72904	86.1185	200
1783	96.9792	7.76632	86.1831	200
1784	92.4962	7.74902	86.2207	200
1785	99.185	7.81111	86.2978	200
1786	91.2917	7.77757	86.3276	200
1787	96.2038	7.80255	86.3864	200
1788	96.3047	7.82774	86.4454	200
1789	96.3449	7.8524	86.5043	200
1790	97.0113	7.884	86.5669	200
1791	87.1413	7.79698	86.5703	200
1792	87.6281	7.71676	86.5766	200
1793	87.5843	7.63689	86.5826	200
1794	90.186	7.58887	86.604	200
1795	90.1471	7.5407	86.6251	200
1796	87.3415	7.45946	86.6294	200
1797	87.7491	7.38399	86.636	200
1798	94.4663	7.3893	86.6826	200
1799	89.6178	7.33627	86.7001	200
1800	91.7619	7.3092	86.7302	200
1801	84.2151	7.25212	86.7153	200
1802	84.1335	7.19652	86.6999	200
1803	83.9238	7.1439	86.6834	200
1804	83.7114	7.09423	86.6657	200
1805	83.1921	7.05113	86.645	200
1806	79.1214	7.05675	86.6002	200
1807	78.9138	7.06425	86.5545	200
1808	78.6081	7.07475	86.5072	200
1809	78.6558	7.08399	86.4604	200
1810	78.6942	7.09211	86.4142	200
1811	78.8727	7.09746	86.3693	200
1812	86.0336	7.02063	86.3674	200
1813	85.5842	6.94975	86.363	200
1814	85.7037	6.87826	86.3592	200
1815	85.8062	6.80638	86.3561	200
1816	83.5984	6.76038	86.3404	200
1817	83.5017	6.71581	86.3243	200
1818	83.4096	6.67262	86.3077	200
1819	83.1602	6.63256	86.2898	200
1820	83.4012	6.59001	86.2734	200
1821	83.3215	6.54867	86.2566	200
1822	86.6354	6.47856	86.2588	200
1823	86.6699	6.40961	86.2611	200
1824	107.343	6.57634	86.3809	200
1825	107.895	6.74609	86.5032	200
1826	113.419	6.9753	86.6561	200
1827	113.729	7.20367	86.8099	200
1828	90.3107	7.1616	86.8298	200
1829	81.9588	7.13557	86.8021	200
1830	77.3631	7.16174	86.7485	200
1831	77.2484	7.18832	86.6945	200
1832	80.6859	7.17491	86.6604	200
1833	95.0833	7.18909	86.7082	200
1834	95.1756	7.20362	86.7563	200
1835	94.6398	7.21134	86.8011	200
1836	98.9886	7.26789	86.8704	200
1837	95.4888	7.28323	86.9193	200
1838	95.3741	7.29655	86.9674	200
1839	94.9089	7.30388	87.0125	200
1840	99.8519	7.36678	87.0855	200
1841	96.3888	7.38879	87.1383	200
1842	95.7769	7.40299	87.1874	200
1843	93.8168	7.3942	87.2251	200
1844	94.3693	7.39135	87.2657	200
1845	94.3797	7.3882	87.3061	200
1846	94.2668	7.38335	87.3456	200
1847	94.2801	7.37824	87.385	200
1848	94.3991	7.37411	87.4249	200
1849	97.1126	7.40039	87.4799	200
1850	97.2548	7.42738	87.5355	200
1851	93.8596	7.41484	87.5714	200
1852	93.844	7.40186	87.607	200
1853	93.8085	7.38822	87.6423	200
1854	95.9275	7.39841	87.6893	200
1855	96.1083	7.41001	87.7372	200
1856	90.4581	7.35672	87.7526	200
1857	90.4202	7.30344	87.7678	200
1858	91.4903	7.26274	87.7889	200
1859	98.1499	7.29795	87.8478	200
1860	97.7236	7.32724	87.9039	200
1861	101.061	7.39349	87.9787	200
1862	104.7	7.49948	88.0737	200
1863	104.771	7.60399	88.1685	200
1864	109.883	7.76434	88.2919	200
1865	109.877	7.92139	88.4146	200
1866	111.166	8.08991	88.5438	200
1867	111.3	8.25658	88.6731	200
1868	90.6533	8.18525	88.6844	200
1869	90.0592	8.10786	88.6922	200
1870	103.388	8.18273	88.7757	200
1871	104.63	8.2699	88.8658	200
1872	122.058	8.55312	89.0544	200
1873	121.989	8.83017	89.2415	200
1874	121.717	9.09887	89.426	200
1875	126.819	9.42039	89.6385	200
1876	123.462	9.6977	89.8306	200
1877	108.846	9.80358	89.9387	200
1878	108.792	9.90642	90.0458	200
1879	109.437	10.0142	90.156	200
1880	105.148	10.0708	90.2412	200
1881	105.555	10.1303	90.3282	200
1882	105.743	10.1904	90.4158	200
1883	105.858	10.2501	90.5035	200
1884	100.626	10.2486	90.561	200
1885	100.949	10.2502	90.62	200
1886	101.517	10.2576	90.682	200
1887	107.41	10.3311	90.777	200
1888	111.674	10.4512	90.8957	200
1889	111.719	10.569	91.0141	200
1890	111.659	10.6835	91.1313	200
1891	111.452	10.793	91.2468	200
1892	111.365	10.899	91.3611	200
1893	113.573	11.0276	91.4873	200
1894	118.804	11.2127	91.6425	200
1895	117.956	11.3842	91.792	200
1896	120.844	11.585	91.9571	200
1897	120.85	11.7817	92.1213	200
1898	119.957	11.9641	92.2794	200
1899	120.871	12.1531	92.4419	200
1900	125.749	12.3935	92.6311	200
1901	124.273	12.6027	92.8031	200
1902	124.35	12.8086	92.9745	200
1903	123.276	12.9987	93.1392	200
1904	116.631	13.1128	93.2669	200
1905	114.309	13.199	93.3812	200
1906	116.296	13.3046	93.5058	200
1907	113.82	13.3808	93.6162	200.662
1908	114.024	13.4571	93.7271	201.384
1909	111.811	13.5074	93.8254	201.885
1910	111.768	13.5556	93.9229	202.368
1911	110.869	13.5925	94.015	202.755
1912	111.061	13.63	94.1076	203.148
1913	115.337	13.7126	94.223	203.924
1914	121.211	13.8569	94.3697	205.225
1915	108.609	13.8611	94.4471	205.336
1916	122.857	14.0192	94.6015	206.755
1917	105.597	13.9864	94.6612	206.552
1918	105.658	13.9539	94.721	206.352
1919	105.75	13.9221	94.7809	206.157
1920	100.726	13.8354	94.8132	205.496
1921	104.557	13.7909	94.8662	205.193
1922	102.775	13.7269	94.9092	204.725
1923	107.886	13.7188	94.9797	204.73
1924	107.213	13.7026	95.0462	204.667
1925	112.57	13.7442	95.1414	205.095
1926	110.962	13.7668	95.2274	205.361
1927	110.958	13.7881	95.3129	205.618
1928	110.955	13.8082	95.3979	205.864
1929	111.178	13.8297	95.4837	206.121
1930	107.75	13.8127	95.5503	206.052
1931	110.841	13.8287	95.6334	206.263
1932	104.788	13.7779	95.6832	205.907
1933	100.001	13.6751	95.7066	205.108
1934	100.426	13.5778	95.7323	204.354
1935	104.783	13.5286	95.7815	204.01
1936	104.845	13.48	95.8307	203.671
1937	105.174	13.4351	95.8815	203.362
1938	100.592	13.3402	95.9071	202.629
1939	99.3748	13.2329	95.926	201.789
1940	99.3128	13.1259	95.9444	200.952
1941	96.4665	12.9889	95.9472	200
1942	96.7383	12.8563	95.9515	200
1943	95.4686	12.7218	95.9489	200
1944	94.5035	12.5992	95.941	200
1945	89.7785	12.5293	95.9075	200
1946	95.9175	12.3932	95.9076	200
1947	100.283	12.3061	95.9314	200
1948	100.339	12.2202	95.9553	200
1949	105.034	12.1861	96.0047	200
1950	104.988	12.1512	96.0535	200
1951	104.966	12.116	96.1019	200
1952	117.709	12.2192	96.2193	200
1953	120.158	12.3466	96.3494	200
1954	119.929	12.4742	96.4834	200
1955	116.634	12.5615	96.5979	200
1956	116.671	12.6509	96.7174	200
1957	109.959	12.6579	96.7962	200
1958	109.616	12.6599	96.8763	200
1959	105.292	12.6069	96.9289	200
1960	105.201	12.5498	96.9834	200
1961	98.9063	12.41	96.996	200
1962	88.3521	12.3577	96.936	200
1963	93.9573	12.2274	96.9153	200
1964	94.5666	12.0822	96.898	200
1965	94.7242	11.9365	96.882	200
1966	98.5987	11.7768	96.8954	200
1967	94.5395	11.6296	96.877	200
1968	88.6266	11.5733	96.8083	200
1969	83.446	11.6031	96.6969	200
1970	83.3846	11.6336	96.5781	200
1971	77.7902	11.7613	96.4103	200
1972	77.6129	11.8967	96.2296	200
1973	82.3323	11.9351	96.0959	200
1974	82.2926	11.974	95.9522	200
1975	82.1315	12.0125	95.8082	200
1976	81.9779	12.0504	95.6641	200
1977	78.1386	12.1645	95.4816	200
1978	84.306	12.1439	95.3652	200
1979	84.9024	12.1088	95.2562	200
1980	84.5292	12.08	95.1444	200
1981	89.2128	11.9519	95.0826	200
1982	89.1989	11.8255	95.0214	200
1983	88.835	11.708	94.9569	200
1984	88.4481	11.5997	94.8891	200
1985	89.4565	11.4712	94.8325	200
1986	89.4717	11.3439	94.7767	200
1987	89.5152	11.2172	94.7219	200
1988	89.3717	11.095	94.6661	200
1989	89.3863	10.9738	94.6111	200
1990	89.4006	10.8538	94.5569	200
1991	94.6582	10.6298	94.5579	200
1992	95.2166	10.422	94.5648	200
1993	96.0674	10.2362	94.5804	200
1994	92.3106	10.0702	94.5568	200
1995	92.2788	9.9079	94.5331	200
1996	89.4939	9.80647	94.4806	200
1997	89.5645	9.70459	94.4294	200
1998	95.1371	9.51715	94.4367	200
1999	89.4875	9.42199	94.3852	200
2000	89.7976	9.32127	94.3374	200
2001	90.0427	9.21655	94.2926	200
2002	83.9518	9.23997	94.1849	200
2003	83.4043	9.27207	94.0726	200
2004	83.3138	9.30304	93.9606	200
2005	74.4907	9.51485	93.7578	200
2006	78.1664	9.64144	93.5953	200
2007	78.3278	9.75865	93.4363	200
2008	78.1696	9.8734	93.2773	200
2009	73.1342	10.0874	93.0675	200
2010	73.4079	10.2868	92.8627	200
2011	78.1474	10.379	92.7094	200
2012	78.2836	10.4633	92.5591	200
2013	78.3678	10.535	92.4227	200
2014	78.3495	10.6031	92.2873	200
2015	78.3181	10.6678	92.153	200
2016	84.024	10.619	92.0749	200
2017	77.6261	10.6926	91.9359	200
2018	77.1004	10.7723	91.7933	200
2019	76.4543	10.8601	91.6458	200
2020	81.0862	10.8543	91.5442	200
2021	79.5508	10.8762	91.4289	200
2022	79.422	10.898	91.3135	200
2023	73.6876	11.0274	91.144	200
2024	56.9121	11.4736	90.8148	200
2025	56.6382	11.9102	90.4862	200
2026	56.4994	12.3348	90.1594	200
2027	56.4855	12.7451	89.8356	200
2028	56.4153	13.1427	89.5143	200
2029	56.4158	13.5265	89.196	200
2030	61.799	13.7932	88.9326	200
2031	58.0021	14.1228	88.6352	201.618
2032	57.9415	14.4415	88.3401	203.872
2033	58.2284	14.7428	88.0505	205.993
2034	90.9907	14.5158	88.0788	204.205
2035	97.2225	14.4125	88.1667	203.467
2036	96.9256	14.3038	88.2509	202.681
2037	97.6428	14.2093	88.3412	202.016
2038	97.925	14.1204	88.4334	201.396
2039	97.8805	14.0305	88.5242	200.768
2040	97.9599	13.9422	88.6149	200.152
2041	97.9897	13.8543	88.7051	200
2042	87.0684	13.6194	88.6893	200
2043	91.1314	13.4044	88.7128	200
2044	91.3077	13.1965	88.7378	200
2045	96.2301	13.0868	88.8098	200
2046	91.5612	12.8881	88.8363	200
2047	91.3368	12.6883	88.8603	200
2048	98.513	12.6299	88.9531	200
2049	98.5227	12.5711	89.0451	200
2050	74.1548	12.6157	88.902	200
2051	79.3573	12.5566	88.8102	200
2052	79.3261	12.4975	88.719	200
2053	79.27	12.4389	88.6281	200
2054	79.4298	12.3766	88.5397	200
2055	79.5954	12.3106	88.4537	200
2056	84.9037	12.1421	88.4196	200
2057	85.0648	11.9731	88.3873	200
2058	85.2718	11.8028	88.3573	200
2059	85.4508	11.6317	88.3294	200
2060	55.8766	12.0321	88.0173	200
2061	49.6321	12.5389	87.6483	200
2062	50.3987	13.0141	87.2901	200
2063	49.7099	13.4865	86.9287	200
2064	49.713	13.9429	86.5709	200
2065	49.7914	14.382	86.2173	201.273
2066	55.1293	14.6803	85.9397	203.382
2067	55.0041	14.9706	85.6635	205.428
2068	55.068	15.2496	85.3903	207.387
2069	55.1622	15.5171	85.1204	209.257
2070	71.8857	15.4763	85.0022	208.813
2071	94.7648	15.3743	85.0894	208.084
2072	89.7521	15.183	85.131	206.595
2073	89.7162	14.9938	85.172	205.122
2074	89.6754	14.8065	85.2122	203.664
2075	87.6567	14.5857	85.234	201.92
2076	87.674	14.3688	85.2558	200.206
2077	86.1907	14.1289	85.2641	200
2078	86.5298	13.8992	85.2754	200
2079	86.8213	13.6786	85.2892	200
2080	86.8228	13.4618	85.3029	200
2081	91.8448	13.3382	85.3613	200
2082	94.5259	13.2637	85.4432	200
2083	83.5739	13.0602	85.4265	200
2084	83.5184	12.861	85.4094	200
2085	83.2697	12.6696	85.3903	200
2086	82.8727	12.4883	85.3679	200
2087	79.5811	12.3686	85.3162	200
2088	79.3887	12.2536	85.2633	200
2089	79.4518	12.1386	85.2114	200
2090	79.4499	12.0247	85.1599	200
2091	79.2967	11.9147	85.1076	200
2092	83.9241	11.723	85.097	200
2093	84.0178	11.533	85.0874	200
2094	78.6288	11.4424	85.0297	200
2095	79.4035	11.3385	84.9795	200
2096	79.2992	11.2375	84.9288	200
2097	86.6989	11.0684	84.9446	200
2098	70.5957	11.127	84.8164	200
2099	47.5355	11.594	84.4836	200
2100	47.9639	12.0391	84.1575	200
2101	52.124	12.3962	83.8715	200
2102	51.9587	12.7447	83.5866	200
2103	46.8903	13.1724	83.2589	200
2104	46.9433	13.5856	82.9347	200
2105	50.0062	13.931	82.6407	200
2106	55.5308	14.1664	82.3986	200
2107	77.6746	13.9978	82.3564	200
2108	84.384	13.784	82.3745	200
2109	82.9156	13.5475	82.3794	200
2110	80.3186	13.3424	82.361	200
2111	80.2738	13.1414	82.3423	200
2112	80.4961	12.9397	82.3258	200
2113	80.4099	12.7429	82.3087	200
2114	85.4114	12.5707	82.3364	200
2115	85.5291	12.4033	82.3649	200
2116	96.2631	12.4299	82.489	200
2117	90.946	12.359	82.5645	200
2118	90.8574	12.2864	82.6386	200
2119	90.8991	12.2145	82.7123	200
2120	86.4486	12.0631	82.7457	200
2121	86.506	11.9148	82.7793	200
2122	91.2072	11.8567	82.8495	200
2123	91.0978	11.7966	82.9182	200
2124	90.3289	11.7235	82.98	200
2125	90.38	11.6514	83.0417	200
2126	82.9027	11.4595	83.0405	200
2127	77.9831	11.3528	82.9984	200
2128	84.2181	11.184	83.0085	200
2129	83.7575	11.01	83.0148	200
2130	79.5031	10.8851	82.9855	200
2131	79.4147	10.7632	82.9557	200
2132	79.2877	10.6449	82.9252	200
2133	84.6611	10.4964	82.9396	200
2134	79.627	10.3767	82.912	200
2135	74.6654	10.3412	82.8433	200
2136	56.9682	10.6001	82.6277	200
2137	54.8694	10.8861	82.3964	200
2138	51.0778	11.2266	82.1354	200
2139	51.3543	11.5525	81.8789	200
2140	57.1996	11.7713	81.6732	200
2141	57.0394	11.9857	81.4679	200
2142	57.3277	12.1882	81.2668	200
2143	52.4233	12.4658	81.0264	200
2144	59.0119	12.625	80.8429	200
2145	68.9684	12.6125	80.744	200
2146	73.219	12.5277	80.6813	200
2147	80.0723	12.329	80.6762	200
2148	79.9546	12.1356	80.6702	200
2149	85.6238	12.0159	80.7115	200
2150	92.3263	12.0092	80.8083	200
2151	99.5825	12.1219	80.9647	200
2152	95.0659	12.1549	81.0822	200
2153	95.1883	12.1874	81.1998	200
2154	95.3873	12.2208	81.318	200
2155	95.4879	12.2533	81.4361	200
2156	95.962	12.2911	81.5571	200
2157	99.6902	12.3885	81.7082	200
2158	93.2382	12.3742	81.8043	200
2159	93.2843	12.3593	81.9	200
2160	98.4388	12.4289	82.0378	200
2161	98.727	12.4999	82.1769	200
2162	99.0915	12.5735	82.3178	200
2163	99.3743	12.6482	82.46	200
2164	100.414	12.7367	82.6096	200
2165	97.993	12.7808	82.7378	200
2166	93.6236	12.7492	82.8285	200
2167	93.5927	12.7161	82.9182	200
2168	93.6371	12.6828	83.0075	200
2169	93.5917	12.6479	83.0957	200
2170	92.4386	12.5928	83.1736	200
2171	92.338	12.5356	83.25	200
2172	92.04	12.4732	83.3232	200
2173	91.8634	12.4077	83.3944	200
2174	85.2435	12.2317	83.4098	200
2175	64.5256	12.3425	83.2524	200
2176	60.3052	12.5193	83.0612	200
2177	59.2206	12.708	82.8625	200
2178	59.3563	12.888	82.6666	200
2179	54.2398	13.1469	82.4297	200
2180	50.9031	13.4533	82.167	200
2181	43.7745	13.8689	81.8471	200
2182	43.8244	14.2715	81.5302	200
2183	62.3842	14.3476	81.3806	200
2184	78.4594	14.1691	81.3578	200
2185	83.2128	13.9767	81.3723	200
2186	83.0693	13.7848	81.3856	200
2187	82.42	13.5856	81.3936	200
2188	79.2831	13.4063	81.3772	200
2189	84.7993	13.2503	81.4039	200
2190	84.9252	13.0983	81.4314	200
2191	79.989	12.9162	81.4201	200
2192	79.9254	12.7377	81.4085	200
2193	79.6886	12.5655	81.395	200
2194	74.0739	12.4836	81.3378	200
2195	73.1942	12.4158	81.2742	200
2196	69.6596	12.4033	81.1835	200
2197	72.4429	12.346	81.1152	200
2198	67.8416	12.3605	81.0115	200
2199	67.8559	12.3729	80.9087	200
2200	67.4693	12.3896	80.8037	200
2201	62.8853	12.476	80.6637	200
2202	74.1134	12.3834	80.6125	200
2203	79.9941	12.1996	80.6077	200
2204	80.0078	12.0183	80.603	200
2205	80.1664	11.8374	80.5996	200
2206	80.4398	11.6549	80.5984	200
2207	84.4653	11.5332	80.6286	200
2208	78.8225	11.3812	80.6145	200
2209	79.1328	11.2266	80.6029	200
2210	78.3889	11.0857	80.5856	200
2211	87.3338	11.018	80.6383	200
2212	87.4207	10.9518	80.6913	200
2213	87.7148	10.8904	80.7462	200
2214	87.9266	10.8324	80.8023	200
2215	69.5564	10.8389	80.7144	200
2216	53.4692	11.0952	80.5015	200
2217	53.0506	11.3508	80.2871	200
2218	74.9582	11.2567	80.2455	200
2219	74.9468	11.1636	80.2041	200
2220	74.2972	11.0815	80.1579	200
2221	68.7603	11.0864	80.0689	200
2222	74.089	11.0066	80.0221	200
2223	90.1612	10.9931	80.1014	200
2224	106.867	11.2395	80.3105	200
2225	111.552	11.552	80.5545	200
2226	111.478	11.8547	80.7961	200
2227	111.341	12.1468	81.0348	200
2228	111.153	12.4276	81.2701	200
2229	108.068	12.6521	81.4794	200
2230	108.027	12.8692	81.6868	200
2231	113.948	13.1722	81.9389	200
2232	113.904	13.4658	82.1886	200
2233	114.078	13.7537	82.4377	200
2234	102.974	13.8597	82.5982	200
2235	97.3302	13.8733	82.7133	200
2236	97.4362	13.8866	82.8283	200
2237	100.502	13.9458	82.9664	200
2238	100.406	14.0004	83.1026	200
2239	96.4422	13.99	83.2068	200
2240	96.4616	13.9778	83.3173	200
2241	101.29	14.0444	83.467	200
2242	101.306	14.1121	83.6263	200
2243	93.8349	14.0424	83.7175	200
2244	93.6853	13.9641	83.8133	200
2245	93.4746	13.8813	83.9062	200
2246	93.4115	13.7901	84.0052	200
2247	93.4907	13.7005	84.104	200
2248	93.2484	13.5969	84.2079	200
2249	93.1313	13.4907	84.3093	200
2250	93.8868	13.3929	84.4291	200
2251	71.9926	13.369	84.2736	200
2252	72.1799	13.3335	84.1056	200
2253	72.3389	13.29	83.9422	200
2254	72.4648	13.2334	83.7629	200
2255	67.1176	13.34	83.5028	200
2256	54.8776	13.8176	83.0555	200
2257	60.3347	14.0959	82.7005	200
2258	93.9186	14.0059	82.8758	200
2259	94.0991	13.9286	83.0317	200
2260	94.274	13.854	83.1878	200
2261	94.4467	13.7819	83.3442	200
2262	94.5395	13.7101	83.4997	200
2263	94.6931	13.6402	83.6551	200
2264	89.0287	13.4106	83.7298	200
2265	92.3256	13.2768	83.8492	200
2266	94.3536	13.1998	83.9951	200
2267	98.7605	13.2433	84.2001	200
2268	102.678	13.3887	84.4568	200
2269	111.991	13.7816	84.8392	200
2270	108.805	14.0645	85.172	200
2271	95.5337	13.9617	85.3159	200
2272	95.373	13.8532	85.4556	200
2273	91.4979	13.6362	85.5395	200
2274	70.8949	13.6642	85.3361	200
2275	48.8474	14.2982	84.8294	200
2276	49.1197	14.893	84.3334	203.477
2277	48.9675	15.4617	83.8422	207.536
2278	51.1389	15.9406	83.388	210.913
2279	51.0442	16.3963	82.9388	214.109
2280	89.3473	16.1188	83.0278	211.978
2281	89.269	15.8445	83.1145	209.87
2282	93.5543	15.6943	83.2595	208.814
2283	90.0991	15.4484	83.3544	206.941
2284	88.9103	15.1736	83.4316	204.82
2285	84.5664	14.7836	83.4474	201.716
2286	96.6369	14.7393	83.6306	201.545
2287	87.329	14.4326	83.6819	200
2288	87.4207	14.1356	83.7339	200
2289	83.0685	13.7614	83.7246	200
2290	85.5168	13.4289	83.7495	200
2291	91.189	13.2626	83.8528	200
2292	90.699	13.0843	83.9479	200
2293	74.4951	12.9834	83.8166	200
2294	74.4644	12.8826	83.6867	200
2295	87.2997	12.6251	83.7369	200
2296	87.984	12.4156	83.79	200
2297	90.2963	12.2679	83.8713	200
2298	90.3037	12.122	83.9517	200
2299	57.1185	12.4898	83.6163	200
2300	69.1539	12.5391	83.4355	200
2301	65.4107	12.6763	83.2102	200
2302	70.5747	12.6752	83.0523	200
2303	83.1447	12.3607	83.0534	200
2304	83.1693	12.0545	83.0549	200
2305	71.9656	12.0304	82.9163	200
2306	71.8387	12.0066	82.7778	200
2307	89.9816	11.8865	82.8678	200
2308	94.6169	11.8831	83.0147	200
2309	101.121	12.0387	83.241	200
2310	95.367	12.0408	83.3926	200
2311	94.1345	12.0084	83.5269	200
2312	99.4232	12.1056	83.7256	200
2313	99.4088	12.195	83.9216	200
2314	86.8588	11.9636	83.9583	200
2315	88.0121	11.7658	84.009	200
2316	87.5308	11.5597	84.053	200
2317	82.8187	11.3016	84.0376	200
2318	82.7372	11.0515	84.0213	200
2319	77.5434	10.9372	83.9404	200
2320	65.663	11.1207	83.7119	200
2321	64.898	11.313	83.4767	200
2322	59.8108	11.6219	83.1809	200
2323	50.5017	12.1483	82.7724	200
2324	50.5145	12.651	82.3692	200
2325	45.6391	13.253	81.9101	200
2326	73.3658	13.1353	81.8033	200
2327	55.5244	13.4639	81.4748	200
2328	51.0937	13.8868	81.095	200
2329	67.2218	13.8865	80.9216	200
2330	67.3573	13.8784	80.752	200
2331	75.0455	13.6741	80.6807	200
2332	69.7029	13.6067	80.5435	200
2333	69.6657	13.5385	80.4075	200
2334	69.5303	13.472	80.2715	200
2335	68.5946	13.4271	80.1256	200
2336	73.9158	13.2466	80.048	200
2337	73.7006	13.0898	79.9758	200
2338	73.6743	12.9356	79.9042	200
2339	73.8194	12.7799	79.8351	200
2340	78.7258	12.5146	79.8225	200
2341	83.3537	12.3105	79.8626	200
2342	83.7283	12.1185	79.9065	200
2343	88.6694	12.0423	80.0061	200
2344	84.3336	11.8669	80.0553	200
2345	84.2231	11.6919	80.1026	200
2346	89.6796	11.6439	80.2115	200
2347	84.0454	11.4664	80.255	200
2348	83.6044	11.2819	80.2931	200
2349	84.5059	11.1212	80.341	200
2350	63.3145	11.2554	80.1475	200
2351	69.8941	11.2327	80.031	200
2352	76.8597	11.0495	79.9949	200
2353	77.7369	10.8497	79.9693	200
2354	77.7296	10.654	79.9438	200
2355	82.8351	10.4775	79.9767	200
2356	88.6117	10.4357	80.0748	200
2357	83.752	10.2821	80.1166	200
2358	83.9427	10.1353	80.1601	200
2359	87.1478	10.0638	80.2395	200
2360	87.1469	9.99207	80.318	200
2361	87.0612	9.91823	80.3946	200
2362	82.1147	9.73191	80.4141	200
2363	77.3369	9.58067	80.3792	200
2364	83.024	9.42303	80.4092	200
2365	91.3458	9.45743	80.5335	200
2366	91.3193	9.48762	80.6561	200
2367	99.7982	9.70704	80.8736	200
2368	94.3105	9.79181	81.0263	200
2369	72.2412	9.76893	80.9265	200
2370	72.4325	9.73995	80.8299	200
2371	77.6968	9.5898	80.7943	200
2372	73.8672	9.52928	80.7156	200
2373	76.7296	9.40329	80.6703	200
2374	62.1578	9.61032	80.4599	200
2375	65.366	9.73495	80.2884	200
2376	65.4731	9.85041	80.1201	200
2377	67.2592	9.91883	79.9739	200
2378	65.9923	10.0112	79.815	200
2379	66.0869	10.0956	79.659	200
2380	66.0776	10.1749	79.5047	200
2381	69.9756	10.1602	79.3964	200
2382	67.5446	10.1954	79.273	200
2383	67.6869	10.2244	79.1523	200
2384	67.7597	10.2487	79.0336	200
2385	67.8582	10.268	78.9172	200
2386	67.9696	10.2822	78.8031	200
2387	62.2378	10.4131	78.6306	200
2388	55.4797	10.6785	78.3894	200
2389	56.1422	10.9195	78.1577	200
2390	52.5229	11.226	77.8907	200
2391	52.6326	11.5184	77.6276	200
2392	52.7005	11.7977	77.3679	200
2393	58.8327	11.9381	77.1748	200
2394	77.5452	11.6971	77.1787	200
2395	77.6629	11.4635	77.1837	200
2396	68.2423	11.411	77.0906	200
2397	68.2643	11.3571	76.9986	200
2398	64.2704	11.3857	76.8661	200
2399	64.1633	11.4131	76.7337	200
2400	60.7038	11.5093	76.5668	200
2401	56.176	11.6943	76.3544	200
2402	55.7621	11.8797	76.1398	200
2403	59.9802	11.9689	75.9715	200
2404	66.3649	11.9196	75.8714	200
2405	66.5037	11.8665	75.7739	200
2406	65.87	11.8256	75.6707	200
2407	69.9205	11.699	75.6108	200
2408	69.8658	11.575	75.551	200
2409	76.3889	11.3513	75.5597	200
2410	86.5752	11.3443	75.6744	200
2411	91.6088	11.4399	75.8404	200
2412	89.7857	11.4921	75.9857	200
2413	89.119	11.5263	76.1225	200
2414	84.1834	11.4541	76.2064	200
2415	95.4396	11.6162	76.4068	200
2416	105.665	11.9837	76.7116	200
2417	99.424	12.2072	76.9481	200
2418	74.3008	12.0081	76.9206	200
2419	80.0073	11.8222	76.9527	200
2420	80.0612	11.6407	76.9851	200
2421	80.7475	11.4765	77.0243	200
2422	102.142	11.7607	77.2859	200
2423	102.185	12.0344	77.5453	200
2424	102.533	12.3043	77.8056	200
2425	107.167	12.6597	78.1114	200
2426	107.091	12.9996	78.4133	200
2427	114.065	13.4716	78.7847	200
2428	103.821	13.7125	79.0455	200
2429	103.721	13.9409	79.3025	200
2430	111.185	14.3147	79.6346	200
2431	111.179	14.646	79.9379	200
2432	107.146	14.8876	80.1995	200
2433	109.327	15.1614	80.4796	201.771
2434	102.631	15.2958	80.6926	203.059
2435	92.36	15.2261	80.8048	202.613
2436	86.9898	15.0522	80.8643	201.282
2437	82.4062	14.7924	80.8791	200
2438	87.2565	14.6306	80.9404	200
2439	87.0893	14.4674	80.9995	200
2440	75.8409	14.2884	80.9499	200
2441	65.4933	14.3109	80.8013	200
2442	65.4509	14.3309	80.6537	200
2443	65.4358	14.3479	80.5074	200
2444	59.6476	14.4732	80.3068	200
2445	64.5602	14.4977	80.1554	200
2446	64.0423	14.5287	80.0005	200
2447	69.648	14.4484	79.9009	200
2448	75.0208	14.2644	79.854	200
2449	72.426	14.1329	79.7826	200
2450	71.068	14.0287	79.6988	200
2451	77.2338	13.8064	79.6751	200
2452	78.347	13.5664	79.6623	200
2453	81.5267	13.3414	79.6802	200
2454	81.5498	13.1207	79.6982	200
2455	74.6358	12.9658	79.6495	200
2456	79.5548	12.7183	79.6486	200
2457	79.9414	12.4793	79.6514	200
2458	79.8832	12.2438	79.6537	200
2459	77.7927	12.0441	79.6358	200
2460	77.7949	11.8479	79.6181	200
2461	82.0231	11.6663	79.6412	200
2462	82.012	11.4875	79.664	200
2463	81.9231	11.3101	79.6857	200
2464	77.2178	11.14	79.662	200
2465	82.2627	10.9758	79.687	200
2466	82.7552	10.8237	79.7165	200
2467	82.7365	10.6737	79.7455	200
2468	88.0411	10.6279	79.8253	200
2469	92.9496	10.6759	79.9515	200
2470	92.8778	10.7192	80.0758	200
2471	87.7564	10.6608	80.1496	200
2472	87.5432	10.5979	80.2207	200
2473	76.8511	10.4589	80.1883	200
2474	71.3688	10.4274	80.1035	200
2475	70.2128	10.4171	80.0084	200
2476	67.1588	10.4639	79.8849	200
2477	61.3677	10.6187	79.7068	200
2478	69.7488	10.606	79.6111	200
2479	66.6143	10.652	79.4861	200
2480	66.7204	10.6927	79.3633	200
2481	66.342	10.7374	79.2381	200
2482	61.5531	10.871	79.0681	200
2483	61.6797	10.9964	78.9009	200
2484	66.6187	11.0193	78.7912	200
2485	66.5031	11.042	78.6815	200
2486	66.5487	11.0615	78.5732	200
2487	66.689	11.0762	78.4671	200
2488	62.4701	11.164	78.3242	200
2489	62.5864	11.2457	78.1837	200
2490	62.603	11.3231	78.0446	200
2491	62.6614	11.3956	77.9073	200
2492	61.8498	11.4789	77.7639	200
2493	66.4424	11.4761	77.6628	200
2494	66.6188	11.4683	77.5642	200
2495	61.5511	11.5495	77.4212	200
2496	56.7196	11.7129	77.2364	200
2497	60.933	11.7949	77.0908	200
2498	61.269	11.8668	76.9495	200
2499	61.251	11.9352	76.8094	200
2500	50.6547	12.1891	76.5759	200
2501	50.7746	12.4322	76.3455	200
2502	50.8898	12.6648	76.1182	200
2503	50.6362	12.8937	75.8907	200
2504	50.4122	13.1184	75.6632	200
2505	44.5186	13.4403	75.3851	200
2506	44.7014	13.7482	75.1112	200
2507	44.9009	14.0422	74.8414	200
2508	44.9714	14.3248	74.5747	200
2509	45.0161	14.5968	74.3108	200
2510	45.0784	14.8582	74.0498	200
2511	45.2572	15.107	73.7927	200
2512	55.5407	15.1632	73.6298	200
2513	59.3302	15.1478	73.5021	200
2514	59.1934	15.1328	73.3743	200
2515	59.1827	15.116	73.2476	200
2516	59.3101	15.0949	73.1232	200
2517	59.5329	15.0681	73.0018	200
2518	59.4131	15.0416	72.8805	200
2519	59.3327	15.015	72.7595	200
2520	55.2625	15.0593	72.6033	200
2521	54.0924	15.1209	72.438	200
2522	53.9826	15.1805	72.2733	200
2523	59.7619	15.1328	72.1616	200
2524	59.663	15.0858	72.05	200
2525	55.702	15.1083	71.904	200
2526	57.8768	15.089	71.7788	200
2527	57.7643	15.0698	71.6536	200
2528	54.6342	15.1046	71.5017	200
2529	54.5633	15.1374	71.3504	200
2530	59.016	15.0873	71.2403	200
2531	60.4747	15.0101	71.1442	200
2532	71.6376	14.7509	71.1486	200
2533	57.0519	14.7392	71.0227	200
2534	57.1011	14.7246	70.8984	200
2535	56.8328	14.7129	70.7728	200
2536	56.8046	14.6996	70.6481	200
2537	60.8498	14.612	70.5606	200
2538	60.6967	14.5272	70.4726	200
2539	60.7686	14.4411	70.3859	200
2540	60.7343	14.3613	70.3055	200
2541	49.5847	14.4673	70.1328	200
2542	50.1305	14.5595	69.9661	200
2543	50.3371	14.644	69.8025	200
2544	70.6072	14.4134	69.8093	200
2545	70.9844	14.1927	69.819	200
2546	71.7919	13.9891	69.8355	200
2547	72.106	13.7938	69.8544	200
2548	74.1578	13.6356	69.8903	200
2549	75.0889	13.495	69.9336	200
2550	75.1964	13.3578	69.9774	200
2551	77.104	13.2539	70.0368	200
2552	72.4501	13.0732	70.0569	200
2553	73.0117	12.9046	70.0816	200
2554	82.3361	12.8938	70.1837	200
2555	81.0459	12.8599	70.2742	200
2556	81.621	12.8347	70.3688	200
2557	78.9559	12.7639	70.4403	200
2558	81.4483	12.7346	70.532	200
2559	78.8432	12.6609	70.6013	200
2560	77.321	12.5619	70.6573	200
2561	67.3745	12.4072	70.6299	200
2562	67.0762	12.2597	70.6003	200
2563	72.1802	12.0817	70.6135	200
2564	72.7847	11.9165	70.6316	200
2565	73.2627	11.7617	70.6535	200
2566	69.7955	11.58	70.6464	200
2567	70.5436	11.3887	70.6455	200
2568	70.5608	11.2003	70.6448	200
2569	72.5614	11.0456	70.6608	200
2570	73.8059	10.9139	70.687	200
2571	75.4403	10.8112	70.7266	200
2572	78.9487	10.7681	70.7951	200
2573	80.4692	10.7498	70.8757	200
2574	69.4316	10.5947	70.8637	200
2575	84.3953	10.6437	70.9765	200
2576	84.3735	10.6896	71.0881	200
2577	86.3665	10.7661	71.2154	200
2578	85.4465	10.8238	71.334	200
2579	85.119	10.8732	71.4489	200
2580	90.7802	11.0141	71.61	200
2581	88.8399	11.1177	71.7536	200
2582	87.9854	11.203	71.8888	200
2583	88.0456	11.2855	72.0235	200
2584	78.8963	11.212	72.0807	200
2585	78.4042	11.1305	72.1334	200
2586	78.5285	11.0516	72.1867	200
2587	79.7129	10.9928	72.2494	200
2588	77.7839	10.9019	72.2956	200
2589	80.0864	10.85	72.3605	200
2590	84.0773	10.8644	72.4581	200
2591	87.7322	10.9379	72.5854	200
2592	88.0296	11.013	72.7141	200
2593	87.4868	11.0757	72.8372	200
2594	91.1876	11.1969	72.9901	200
2595	91.8632	11.3249	73.1474	200
2596	91.7312	11.4459	73.3023	200
2597	91.0279	11.5505	73.45	200
2598	90.9958	11.6504	73.5962	200
2599	94.0256	11.7968	73.7664	200
2600	101.492	12.0622	73.9975	200
2601	100.552	12.2887	74.2049	200
2602	98.2036	12.4717	74.3924	200
2603	97.1341	12.6321	74.5701	200
2604	105.575	12.9192	74.8123	200
2605	98.129	13.0817	74.9945	200
2606	83.293	13.0069	75.0593	200
2607	83.4694	12.9351	75.125	200
2608	81.7343	12.8363	75.1767	200
2609	81.1717	12.7294	75.2235	200
2610	81.1614	12.6232	75.2699	200
2611	85.1709	12.5807	75.3472	200
2612	85.6593	12.5453	75.4278	200
2613	85.9314	12.5134	75.5099	200
2614	89.6556	12.5389	75.6204	200
2615	91.398	12.5895	75.7436	200
2616	93.9371	12.677	75.8858	200
2617	93.8886	12.7602	76.0264	200
2618	93.541	12.8345	76.1633	200
2619	93.4644	12.9043	76.2984	200
2620	100.24	13.0768	76.4855	200
2621	96.2482	13.1812	76.6399	200
2622	95.3525	13.2677	76.786	200
2623	95.0398	13.3456	76.9287	200
2624	90.3049	13.3461	77.0332	200
2625	86.1032	13.2792	77.104	200
2626	84.7912	13.1919	77.1641	200
2627	87.3713	13.1452	77.2438	200
2628	87.3625	13.0979	77.3229	200
2629	89.2707	13.08	77.4162	200
2630	84.4753	12.9859	77.4714	200
2631	77.1631	12.7878	77.4689	200
2632	82.1016	12.6604	77.5051	200
2633	83.8944	12.5624	77.5551	200
2634	81.7663	12.4319	77.588	200
2635	90.0244	12.432	77.6851	200
2636	81.5881	12.2987	77.7156	200
2637	80.959	12.1572	77.7409	200
2638	85.4941	12.0884	77.8015	200
2639	85.8554	12.0254	77.8644	200
2640	90.5312	12.0354	77.9634	200
2641	93.3395	12.0876	78.0835	200
2642	94.4993	12.1552	78.2118	200
2643	81.2301	12.0125	78.2353	200
2644	84.9388	11.9295	78.2877	200
2645	84.0988	11.8339	78.3331	200
2646	94.9894	11.9093	78.4632	200
2647	95.3099	11.9864	78.5949	200
2648	93.4352	12.031	78.7108	200
2649	96.4364	12.12	78.8493	200
2650	96.1058	12.2002	78.9841	200
2651	95.506	12.2677	79.1132	200
2652	91.4105	12.2682	79.2092	200
2653	91.4263	12.2674	79.3047	200
2654	95.4577	12.3281	79.4309	200
2655	95.6496	12.3889	79.5576	200
2656	96.5018	12.4601	79.69	200
2657	100.334	12.588	79.8512	200
2658	100.331	12.7113	80.0112	200
2659	97.4059	12.7845	80.1471	200
2660	102.293	12.9307	80.3202	200
2661	100.387	13.0422	80.4769	200
2662	100.23	13.1471	80.6312	200
2663	100.262	13.2484	80.7846	200
2664	95.4353	13.2703	80.8991	200
2665	98.6365	13.3401	81.0376	200
2666	96.4699	13.3709	81.1511	200
2667	94.9146	13.3766	81.2523	200
2668	83.2817	13.2098	81.2672	200
2669	89.0123	13.1294	81.3242	200
2670	89.93	13.0629	81.3875	200
2671	87.0589	12.9542	81.4292	200
2672	85.9861	12.8307	81.4627	200
2673	89.9505	12.7668	81.5251	200
2674	88.6875	12.6844	81.5777	200
2675	89.3916	12.6128	81.6352	200
2676	89.5608	12.5439	81.6935	200
2677	86.4906	12.4299	81.7287	200
2678	91.3999	12.3894	81.7999	200
2679	80.206	12.2306	81.7881	200
2680	81.4354	12.0559	81.7855	200
2681	84.9938	11.9258	81.8091	200
2682	81.7975	11.7506	81.809	200
2683	82.6175	11.5897	81.815	200
2684	82.6025	11.4308	81.8208	200
2685	77.3671	11.3282	81.788	200
2686	77.9951	11.2174	81.7601	200
2687	70.0054	11.2253	81.6737	200
2688	73.8942	11.1746	81.6165	200
2689	75.1481	11.1054	81.5689	200
2690	76.4298	11.0177	81.5312	200
2691	76.5659	10.9287	81.4947	200
2692	81.8893	10.7738	81.4976	200
2693	77.1214	10.6797	81.4654	200
2694	79.6214	10.5497	81.4518	200
2695	79.7164	10.4201	81.4391	200
2696	79.4978	10.2954	81.4248	200
2697	84.6991	10.1922	81.4489	200
2698	81.939	10.0495	81.4525	200
2699	82.0939	9.91115	81.4572	200
2700	82.1984	9.7763	81.4626	200
2701	83.8447	9.66756	81.4801	200
2702	90.4327	9.65704	81.546	200
2703	85.6132	9.57484	81.5759	200
2704	83.9515	9.46897	81.5933	200
2705	82.2789	9.3398	81.5984	200
2706	82.212	9.21148	81.6029	200
2707	73.5793	9.19401	81.5439	200
2708	72.1081	9.19756	81.4745	200
2709	70.4632	9.22423	81.3935	200
2710	71.8217	9.22934	81.3232	200
2711	74.7421	9.1904	81.2748	200
2712	74.7235	9.15159	81.2266	200
2713	74.2215	9.12002	81.1751	200
2714	87.555	9.07972	81.222	200
2715	84.0502	8.98779	81.2428	200
2716	87.7108	8.95073	81.2904	200
2717	87.6015	8.91192	81.3368	200
2718	87.6053	8.87304	81.3829	200
2719	87.1487	8.82735	81.4252	200
2720	86.5225	8.77249	81.4627	200
2721	88.8746	8.75249	81.5172	200
2722	84.9323	8.67399	81.5423	200
2723	82.9807	8.56759	81.5529	200
2724	77.8464	8.4961	81.5257	200
2725	79.9868	8.39379	81.5143	200
2726	75.8034	8.35433	81.4724	200
2727	88.8456	8.3399	81.5266	200
2728	94.8619	8.41337	81.6246	200
2729	94.7214	8.48224	81.7209	200
2730	94.608	8.54701	81.8157	200
2731	89.4664	8.53383	81.8719	200
2732	90.8931	8.541	81.9383	200
2733	90.8574	8.54656	82.0038	200
2734	91.2329	8.5566	82.0717	200
2735	93.369	8.59466	82.1502	200
2736	91.5697	8.60612	82.2156	200
2737	87.1422	8.55501	82.2498	200
2738	84.5728	8.46846	82.2659	200
2739	87.6364	8.42543	82.3032	200
2740	89.3447	8.40621	82.3521	200
2741	89.2668	8.38549	82.4001	200
2742	89.4484	8.36692	82.4491	200
2743	93.5606	8.40504	82.5262	200
2744	100.565	8.53884	82.6515	200
2745	101.563	8.6829	82.7828	200
2746	98.205	8.77651	82.8899	200
2747	93.7107	8.8049	82.9651	200
2748	92.57	8.81601	83.0318	200
2749	77.5538	8.76965	82.9937	200
2750	76.6667	8.73572	82.9498	200
2751	88.6946	8.69418	82.9897	200
2752	91.1223	8.68638	83.0462	200
2753	91.2963	8.68032	83.1035	200
2754	90.1722	8.65794	83.1525	200
2755	90.6085	8.64124	83.2043	200
2756	88.0632	8.58871	83.2381	200
2757	89.0679	8.55039	83.2785	200
2758	88.8566	8.5091	83.3173	200
2759	92.6899	8.5211	83.3824	200
2760	90.495	8.50154	83.4318	200
2761	92.7818	8.51332	83.4967	200
2762	80.9165	8.43091	83.4788	200
2763	75.4535	8.42528	83.423	200
2764	78.4251	8.37768	83.3883	200
2765	78.9462	8.32302	83.3575	200
2766	79.4544	8.26163	83.3304	200
2767	95.6966	8.31864	83.4163	200
2768	105.6	8.5112	83.5703	200
2769	105.639	8.6995	83.7236	200
2770	108.548	8.92346	83.896	200
2771	106.327	9.11107	84.0517	200
2772	108.381	9.32243	84.2207	200
2773	105.371	9.4867	84.3676	200
2774	105.951	9.65471	84.5174	200
2775	105.138	9.80702	84.6606	200
2776	103.013	9.9257	84.7881	200
2777	104.83	10.0662	84.9273	200
2778	107.615	10.2415	85.0848	200
2779	105.828	10.3874	85.2289	200
2780	98.0086	10.4206	85.3176	200
2781	97.7435	10.4484	85.4039	200
2782	97.7382	10.4746	85.4896	200
2783	100.773	10.5414	85.5957	200
2784	98.9988	10.5812	85.6888	200
2785	102.912	10.6734	85.8084	200
2786	106.475	10.8122	85.9519	200
2787	92.248	10.7495	85.9956	200
2788	88.5911	10.6362	86.0136	200
2789	89.6238	10.5386	86.0387	200
2790	89.3782	10.4387	86.0619	200
2791	93.5951	10.3983	86.1142	200
2792	93.5671	10.3574	86.166	200
2793	107.416	10.5087	86.3135	200
2794	110.279	10.6956	86.48	200
2795	108.897	10.8584	86.6356	200
2796	108.856	11.0162	86.7899	200
2797	105.225	11.1192	86.918	200
2798	112.104	11.3146	87.0929	200
2799	109.281	11.4656	87.2469	200
2800	106.513	11.5739	87.3807	200
2801	106.227	11.6749	87.5116	200
2802	105.987	11.7694	87.6399	200
2803	107.01	11.875	87.7744	200
2804	97.777	11.849	87.8439	200
2805	97.4284	11.8175	87.9104	200
2806	94.6059	11.7464	87.9569	200
2807	96.4753	11.7015	88.0161	200
2808	96.4356	11.6583	88.0715	200
2809	94.3204	11.5872	88.1126	200
2810	91.7491	11.4826	88.1365	200
2811	93.8001	11.406	88.1738	200
2812	92.436	11.312	88.2018	200
2813	92.5546	11.2204	88.2305	200
2814	92.2379	11.1255	88.2568	200
2815	88.9057	10.9877	88.2611	200
2816	87.2052	10.857	88.2541	200
2817	88.5891	10.7185	88.2564	200
2818	86.6848	10.5982	88.246	200
2819	88.8576	10.4668	88.25	200
2820	87.4786	10.3392	88.245	200
2821	86.7882	10.2223	88.2354	200
2822	92.1313	10.1391	88.261	200
2823	88.2198	10.0062	88.2607	200
2824	86.3791	9.89932	88.2484	200
2825	90.6118	9.80016	88.2639	200
2826	89.9737	9.69371	88.2751	200
2827	93.9279	9.64054	88.3123	200
2828	91.2039	9.55173	88.3314	200
2829	91.2303	9.4642	88.3504	200
2830	103.525	9.53933	88.4503	200
2831	100.635	9.57414	88.5304	200
2832	98.3753	9.5777	88.5952	200
2833	101.923	9.62705	88.6829	200
2834	103.992	9.7018	88.7836	200
2835	98.6732	9.70427	88.8487	200
2836	98.4663	9.70313	88.9119	200
2837	98.3342	9.69944	88.9739	200
2838	100.419	9.72241	89.0492	200
2839	100.537	9.74564	89.1248	200
2840	81.758	9.71434	89.0763	200
2841	88.3659	9.59586	89.0717	200
2842	89.097	9.46993	89.0718	200
2843	89.1091	9.34582	89.0721	200
2844	89.1969	9.22449	89.0729	200
2845	89.3488	9.10675	89.0747	200
2846	92.7708	9.03555	89.099	200
2847	92.9236	8.96699	89.1242	200
2848	93.9119	8.912	89.1557	200
2849	94.0961	8.85974	89.1882	200
2850	92.6875	8.78921	89.2112	200
2851	97.7923	8.78647	89.2677	200
2852	99.6401	8.80733	89.3359	200
2853	99.4979	8.82516	89.4027	200
2854	101.87	8.87308	89.4848	200
2855	101.052	8.90853	89.5609	200
2856	100.449	8.93458	89.6325	200
2857	103.448	8.99881	89.7234	200
2858	102.068	9.04283	89.8046	200
2859	102.119	9.08588	89.8856	200
2860	96.3366	9.05121	89.9281	200
2861	96.339	9.01647	89.9702	200
2862	96.3022	8.98115	90.0119	200
2863	95.8971	8.94041	90.0506	200
2864	95.4549	8.89388	90.0862	200
2865	92.1023	8.80339	90.0994	200
2866	98.5694	8.799	90.1552	200
2867	101.06	8.8267	90.2269	200
2868	86.2299	8.76315	90.2006	200
2869	92.0163	8.67173	90.2125	200
2870	96.0478	8.63441	90.2509	200
2871	99.0717	8.63686	90.309	200
2872	97.1609	8.61338	90.354	200
2873	94.5511	8.55527	90.3817	200
2874	94.6286	8.49858	90.4096	200
2875	94.6846	8.443	90.4377	200
2876	92.4495	8.35838	90.451	200
2877	94.1967	8.29769	90.4756	200
2878	97.3082	8.27841	90.5205	200
2879	90.1013	8.175	90.5178	200
2880	89.6667	8.07863	90.5122	200
2881	94.5999	8.02612	90.5391	200
2882	95.1253	7.98086	90.5693	200
2883	95.1516	7.93614	90.5994	200
2884	95.2232	7.89256	90.6298	200
2885	91.9459	7.81035	90.638	200
2886	91.9144	7.72868	90.646	200
2887	90.9713	7.63613	90.6481	200
2888	88.072	7.57288	90.632	200
2889	88.1009	7.50986	90.6161	200
2890	88.3689	7.44408	90.6021	200
2891	84.8926	7.42239	90.5664	200
2892	85.0702	7.39832	90.532	200
2893	82.1316	7.41084	90.4795	200
2894	84.5458	7.39238	90.4425	200
2895	84.6069	7.37292	90.406	200
2896	83.7957	7.36338	90.3647	200
2897	83.4087	7.35829	90.3212	200
2898	89.7907	7.27294	90.3179	200
2899	84.4173	7.25579	90.281	200
2900	84.3886	7.23874	90.2442	200
2901	88.408	7.17121	90.2327	200
2902	102.483	7.2347	90.3093	200
2903	107.785	7.36271	90.4185	200
2904	112.391	7.54533	90.5558	200
2905	104.158	7.62104	90.6408	200
2906	102.626	7.67559	90.7157	200
2907	91.8877	7.5943	90.7231	200
2908	89.0431	7.52037	90.7126	200
2909	85.3386	7.49354	90.679	200
2910	94.6607	7.44964	90.7039	200
2911	94.5048	7.40403	90.7276	200
2912	96.4556	7.38308	90.7634	200
2913	96.3634	7.36079	90.7984	200
2914	96.3083	7.33765	90.8328	200
2915	96.5283	7.31712	90.8684	200
2916	94.5429	7.27159	90.8914	200
2917	95.4319	7.23745	90.9198	200
2918	95.385	7.2028	90.9477	200
2919	108.402	7.33094	91.0568	200
2920	106.117	7.42755	91.1509	200
2921	104.07	7.4962	91.2316	200
2922	104.218	7.56483	91.3128	200
2923	104.249	7.63198	91.3937	200
2924	109.558	7.76363	91.5072	200
2925	109.695	7.89393	91.6209	200
2926	110.433	8.0304	91.7384	200
2927	115.573	8.22795	91.8874	200
2928	120.195	8.47895	92.0643	200
2929	120.087	8.72324	92.2395	200
2930	114.304	8.89001	92.3774	200
2931	114.244	9.05222	92.514	200
2932	114.031	9.20803	92.6485	200
2933	113.271	9.35071	92.7774	200
2934	115.489	9.51772	92.9194	200
2935	115.191	9.67714	93.0586	200
2936	110.359	9.77244	93.1667	200
2937	110.239	9.86368	93.2734	200
2938	114.556	10.0064	93.4064	200
2939	114.611	10.1464	93.5389	200
2940	115.031	10.2882	93.6733	200
2941	111.375	10.3809	93.7839	200
2942	108.815	10.439	93.8778	200
2943	103.453	10.4282	93.9377	200
2944	98.2174	10.3514	93.9644	200
2945	98.0845	10.2735	93.9902	200
2946	108.489	10.3263	94.0808	200
2947	107.572	10.3658	94.1651	200
2948	104.743	10.3685	94.2312	200
2949	104.331	10.3651	94.2943	200
2950	91.9788	10.2645	94.2799	200
2951	92.5023	10.1584	94.2688	200
2952	90.4456	10.0792	94.2449	200
2953	95.1791	9.96492	94.2507	200
2954	102.761	9.94674	94.3039	200
2955	106.194	9.97103	94.3782	200
2956	106.256	9.99487	94.4524	200
2957	102.228	9.96712	94.501	200
2958	107.071	9.99966	94.5796	200
2959	93.7887	9.88455	94.5747	200
2960	91.1269	9.80409	94.5531	200
2961	90.8767	9.72749	94.5301	200
2962	90.9168	9.65106	94.5075	200
2963	90.9727	9.57461	94.4855	200
2964	91.3043	9.49469	94.4656	200
2965	91.3823	9.41455	94.4463	200
2966	92.5106	9.32551	94.4348	200
2967	91.6577	9.24756	94.4182	200
2968	90.0061	9.18999	94.392	200
2969	85.63	9.18489	94.3398	200
2970	90.36	9.12293	94.3161	200
2971	90.4825	9.05996	94.2933	200
2972	90.3811	8.99868	94.27	200
2973	90.4314	8.93725	94.2472	200
2974	90.4023	8.87662	94.2243	200
2975	91.9742	8.79773	94.2109	200
2976	95.5143	8.70852	94.2187	200
2977	95.2564	8.6172	94.2248	200
2978	95.8254	8.53366	94.2344	200
2979	99.8888	8.49939	94.268	200
2980	102.493	8.49612	94.317	200
2981	102.146	8.48817	94.3636	200
2982	102.059	8.47874	94.4094	200
2983	111.063	8.57605	94.5085	200
2984	111.069	8.67111	94.6071	200
2985	111.287	8.76644	94.7064	200
2986	111.417	8.86102	94.8058	200
2987	104.305	8.86861	94.8624	200
2988	104.244	8.87472	94.9182	200
2989	104.342	8.88126	94.9743	200
2990	106.485	8.91257	95.0428	200
2991	107.91	8.95965	95.1194	200
2992	107.486	9.00021	95.193	200
2993	107.533	9.03997	95.2665	200
2994	102.906	9.0233	95.312	200
2995	95.4419	8.91742	95.3127	200
2996	93.6445	8.83112	95.3028	200
2997	93.5197	8.74722	95.2922	200
2998	97.9844	8.67513	95.3082	200
2999	97.6118	8.59928	95.3219	200
3000	97.723	8.52549	95.3362	200
3001	100.528	8.48581	95.3671	200
3002	100.502	8.44592	95.3977	200
3003	102.765	8.43308	95.4415	200
3004	106.289	8.46182	95.5061	200
3005	100.714	8.42309	95.5371	200
3006	107.2	8.46165	95.6065	200
3007	107.853	8.5067	95.6794	200
3008	115.595	8.64252	95.798	200
3009	128.945	8.93424	95.9953	200
3010	125.46	9.17866	96.1707	200
3011	125.254	9.41562	96.3438	200
3012	120.678	9.59322	96.4886	200
3013	120.58	9.76582	96.632	200
3014	125.996	9.99913	96.8068	200
3015	125.996	10.2276	96.9805	200
3016	126.142	10.453	97.1541	200
3017	119.511	10.5947	97.2872	200
3018	124.237	10.7894	97.4476	200
3019	124.321	10.9809	97.6076	200
3020	123.667	11.1604	97.7627	200
3021	117.965	11.268	97.8829	200
3022	115.231	11.3404	97.9862	200
3023	116.085	11.4209	98.0939	200
3024	115.971	11.4977	98.2004	200
3025	98.5113	11.3645	98.2022	200
3026	102.082	11.2754	98.2253	200
3027	107.278	11.249	98.2792	200
3028	108.314	11.2345	98.3389	200
3029	113.76	11.2844	98.4307	200
3030	112.965	11.3231	98.5172	200
3031	112.987	11.3605	98.6033	200
3032	116.178	11.4345	98.708	200
3033	111.282	11.4481	98.7828	200
3034	111.227	11.4599	98.8569	200
3035	116.481	11.5333	98.9618	200
3036	117.423	11.6158	99.0717	200
3037	120.768	11.7358	99.2008	200
3038	119.401	11.8366	99.3211	200
3039	119.578	11.9368	99.4416	200
3040	119.587	12.0345	99.5615	200
3041	115.516	12.0812	99.6565	200
3042	115.42	12.125	99.7503	200
3043	118.547	12.2044	99.8622	200
3044	118.467	12.2806	99.973	200
3045	116.108	12.3265	100.069	200
3046	112.699	12.3301	100.144	200
3047	114.027	12.3486	100.227	200
3048	107.767	12.2914	100.272	200
3049	107.639	12.2327	100.316	200
3050	108.064	12.1794	100.362	200
3051	113.856	12.1943	100.438	200
3052	102.884	12.0835	100.452	200
3053	104.894	11.9967	100.477	200
3054	104.972	11.9114	100.503	200
3055	105.057	11.8278	100.529	200
3056	105.048	11.7448	100.555	200
3057	104.369	11.6547	100.576	200
3058	104.424	11.5659	100.598	200
3059	109.514	11.5358	100.649	200
3060	115.108	11.5691	100.731	200
3061	112.254	11.5685	100.796	200
3062	112.905	11.5747	100.865	200
3063	113.078	11.5819	100.935	200
3064	104.07	11.4859	100.952	200
3065	107.812	11.4334	100.991	200
3066	106.875	11.3703	101.025	200
3067	106.76	11.3063	101.057	200
3068	112.643	11.3094	101.123	200
3069	111.843	11.3027	101.184	200
3070	111.393	11.2903	101.242	200
3071	113.32	11.2993	101.311	200
3072	103.666	11.1976	101.324	200
3073	103.812	11.0986	101.338	200
3074	103.786	11.0003	101.352	200
3075	99.3343	10.8983	101.341	200
3076	102.41	10.7866	101.347	200
3077	102.384	10.6758	101.353	200
3078	97.113	10.6026	101.329	200
3079	96.1203	10.5413	101.299	200
3080	92.7106	10.5191	101.25	200
3081	96.733	10.4509	101.225	200
3082	96.5339	10.3855	101.198	200
3083	94.5876	10.3426	101.16	200
3084	94.1396	10.3048	101.12	200
3085	99.8367	10.2023	101.113	200
3086	93.9486	10.1678	101.072	200
3087	94.1074	10.1314	101.033	200
3088	103.244	10.0414	101.045	200
3089	109.548	10.0239	101.094	200
3090	108.223	9.99102	101.134	200
3091	108.27	9.95858	101.175	200
3092	107.856	9.92133	101.213	200
3093	112.448	9.93626	101.277	200
3094	112.899	9.95542	101.343	200
3095	117.849	10.0299	101.436	200
3096	117.454	10.0979	101.527	200
3097	115.925	10.1468	101.609	200
3098	115.818	10.1929	101.69	200
3099	116.007	10.2398	101.771	200
3100	121.321	10.3456	101.882	200
3101	116.405	10.393	101.965	200
3102	116.379	10.4387	102.047	200
3103	111.196	10.4241	102.099	200
3104	105.405	10.3432	102.118	200
3105	99.9326	10.2505	102.105	200
3106	106.744	10.1867	102.131	200
3107	106.671	10.1225	102.157	200
3108	112.037	10.1198	102.213	200
3109	125.711	10.2718	102.347	200
3110	125.641	10.4198	102.479	200
3111	125.775	10.5661	102.612	200
3112	113.977	10.5752	102.676	200
3113	114.361	10.5878	102.743	200
3114	117.268	10.6325	102.825	200
3115	122.827	10.739	102.939	200
3116	129.019	10.9133	103.087	200
3117	129.153	11.0855	103.235	200
3118	129.454	11.2575	103.384	200
3119	132.118	11.4561	103.547	200
3120	129.045	11.6156	103.692	200
3121	129.069	11.772	103.836	200
3122	128.996	11.9241	103.979	200
3123	129.078	12.0739	104.122	200.713
3124	133.517	12.2707	104.289	202.454
3125	128.972	12.4117	104.429	203.723
3126	129.215	12.5524	104.57	204.989
3127	126.539	12.6594	104.695	205.97
3128	126.57	12.7641	104.819	206.932
3129	120.937	12.8022	104.911	207.328
3130	120.872	12.8381	105.001	207.706
3131	125.72	12.9277	105.119	208.54
3132	116.328	12.9081	105.183	208.448
3133	121.478	12.9466	105.275	208.848
3134	121.473	12.9835	105.367	209.236
3135	125.832	13.0685	105.484	210.032
3136	125.944	13.1525	105.6	210.82
3137	121.511	13.1839	105.69	211.161
3138	121.082	13.209	105.778	211.45
3139	131.476	13.3509	105.924	212.731
3140	121.697	13.3772	106.009	213.027
3141	120.106	13.3851	106.086	213.167
3142	126.494	13.4614	106.197	213.888
3143	126.578	13.5366	106.308	214.601
3144	126.367	13.6075	106.417	215.277
3145	124.589	13.6571	106.516	215.772
3146	124.58	13.705	106.614	216.254
3147	124.484	13.7503	106.711	216.713
3148	124.364	13.7927	106.807	217.148
3149	129.999	13.8949	106.933	218.092
3150	135.865	14.0583	107.09	219.557
3151	140.498	14.2686	107.272	221.421
3152	140.574	14.4755	107.453	223.257
3153	138.5	14.6557	107.621	224.867
3154	121.54	14.6476	107.697	224.878
3155	126.185	14.6894	107.797	225.313
3156	125.969	14.7272	107.896	225.714
3157	125.056	14.7537	107.989	226.019
3158	121.983	14.7454	108.066	226.029
3159	120.432	14.7195	108.133	225.889
3160	112.368	14.6056	108.156	225
3161	106.321	14.4668	108.146	223.88
3162	106.33	14.3293	108.136	222.77
3163	114.973	14.2478	108.173	222.156
3164	117.025	14.1892	108.221	221.735
3165	117.064	14.1311	108.269	221.318
3166	117.41	14.0768	108.319	220.933
3167	117.849	14.0274	108.371	220.59
3168	120.948	14.0116	108.439	220.532
3169	116.483	13.9468	108.483	220.057
3170	123.575	13.9592	108.565	220.238
3171	123.516	13.97	108.646	220.406
3172	123.553	13.9802	108.727	220.568
3173	126.699	14.0236	108.825	221.013
3174	126.635	14.0647	108.922	221.439
3175	126.581	14.1038	109.018	221.848
3176	121.988	14.0915	109.088	221.82
3177	122.057	14.0793	109.159	221.793
3178	115.117	13.991	109.191	221.119
3179	115.16	13.9038	109.223	220.454
3180	110.928	13.7712	109.233	219.402
3181	115.631	13.6911	109.267	218.796
3182	115.134	13.606	109.299	218.147
3183	115.533	13.5259	109.333	217.54
3184	117.475	13.4674	109.377	217.116
3185	121.053	13.4479	109.441	217.024
3186	122.631	13.4451	109.513	217.073
3187	127.453	13.4939	109.61	217.562
3188	120.594	13.4667	109.67	217.403
3189	120.833	13.4416	109.73	217.263
3190	120.728	13.4151	109.79	217.111
3191	117.228	13.3501	109.831	216.631
3192	117.346	13.2867	109.871	216.165
3193	122.66	13.2812	109.941	216.191
3194	123.143	13.2804	110.013	216.256
3195	117.607	13.2186	110.054	215.803
3196	111.831	13.0942	110.064	214.817
3197	114.46	12.9997	110.087	214.085
3198	114.225	12.9033	110.11	213.337
3199	110.797	12.7705	110.114	212.278
3200	110.349	12.6343	110.115	211.189
3201	111.113	12.5078	110.12	210.183
3202	111.196	12.3836	110.126	209.195
3203	111.325	12.262	110.133	208.229
3204	111.169	12.1399	110.138	207.258
3205	104.921	12.0647	110.11	206.628
3206	104.31	11.9966	110.079	206.051
3207	108.99	11.878	110.073	205.097
3208	108.758	11.7632	110.065	204.171
3209	116.34	11.7036	110.1	203.728
3210	110.506	11.5808	110.102	202.748
3211	110.505	11.4593	110.104	201.778
3212	110.245	11.3362	110.105	200.795
3213	110.396	11.2162	110.106	200
3214	107.339	11.1244	110.091	200
3215	110.885	11.0121	110.096	200
3216	103.773	10.9611	110.061	200
3217	103.605	10.9121	110.026	200
3218	103.496	10.8645	109.991	200
3219	113.258	10.7819	110.008	200
3220	117.105	10.7419	110.047	200
3221	117.514	10.7063	110.088	200
3222	117.171	10.6669	110.126	200
3223	117.159	10.6274	110.164	200
3224	119.173	10.6098	110.213	200
3225	119.263	10.5928	110.262	200
3226	118.978	10.5724	110.31	200
3227	114.265	10.5005	110.331	200
3228	117.259	10.4616	110.369	200
3229	116.956	10.4195	110.405	200
3230	104.727	10.368	110.374	200
3231	108.588	10.2747	110.364	200
3232	108.772	10.1803	110.355	200
3233	97.3363	10.2099	110.288	200
3234	94.987	10.2629	110.208	200
3235	95.3637	10.3107	110.131	200
3236	100.071	10.308	110.078	200
3237	99.9988	10.3057	110.026	200
3238	100.208	10.3006	109.975	200
3239	100.122	10.2959	109.923	200
3240	105.444	10.2353	109.9	200
3241	111.203	10.1423	109.907	200
3242	115.572	10.0956	109.936	200
3243	115.688	10.0504	109.966	200
3244	112.549	9.97261	109.98	200
3245	112.844	9.89856	109.995	200
3246	113.011	9.82687	110.01	200
3247	113.016	9.75582	110.026	200
3248	107.717	9.67825	110.014	200
3249	107.763	9.60088	110.002	200
3250	107.821	9.52359	109.991	200
3251	111.101	9.43595	109.997	200
3252	111.087	9.34902	110.002	200
3253	111.214	9.26058	110.009	200
3254	106.494	9.19812	109.99	200
3255	106.525	9.13297	109.97	200
3256	101.698	9.12318	109.923	200
3257	101.823	9.111	109.875	200
3258	101.812	9.09852	109.827	200
3259	102.235	9.07969	109.779	200
3260	104.839	9.02794	109.749	200
3261	104.638	8.9764	109.715	200
3262	101.001	8.97295	109.658	200
3263	101.204	8.96574	109.599	200
3264	101.158	8.95846	109.54	200
3265	101.057	8.95147	109.478	200
3266	88.0631	9.13475	109.32	200
3267	90.3128	9.28901	109.172	200
3268	89.8667	9.44552	109.021	200
3269	90.6825	9.59374	108.868	200
3270	94.3181	9.67634	108.747	200
3271	92.9113	9.78633	108.606	200
3272	92.8017	9.89379	108.465	200
3273	93.0386	10.0002	108.316	200
3274	93.1932	10.0987	108.171	200
3275	95.2573	10.1573	108.036	200
3276	95.6589	10.2036	107.907	200
3277	95.7326	10.2447	107.781	200
3278	88.5347	10.4322	107.58	200
3279	88.5303	10.6117	107.382	200
3280	88.8391	10.7769	107.188	200
3281	92.0076	10.8687	107.03	200
3282	89.21	11.0135	106.845	200
3283	89.2781	11.15	106.662	200
3284	89.4766	11.2758	106.483	200
3285	90.0786	11.3826	106.312	200
3286	89.9075	11.4872	106.141	200
3287	90.3602	11.5767	105.977	200
3288	83.4484	11.8048	105.742	200.181
3289	89.3646	11.9001	105.571	200.772
3290	84.9108	12.0826	105.356	202.017
3291	84.8226	12.2587	105.142	203.211
3292	77.2973	12.5834	104.852	205.519
3293	77.5292	12.8904	104.568	207.691
3294	77.3534	13.1889	104.284	209.795
3295	81.9692	13.379	104.052	211.083
3296	81.836	13.5631	103.82	212.325
3297	81.8447	13.7383	103.591	213.498
3298	81.9968	13.8894	103.384	214.499
3299	78.8003	14.0951	103.147	215.908
3300	39.2021	15.0537	102.532	222.962
3301	42.7538	15.9138	101.958	229.268
3302	42.6292	16.7487	101.387	235.377
3303	43.0632	17.5482	100.826	241.212
3304	57.3897	18.0461	100.409	244.777
3305	65.0816	18.3784	100.069	247.096
3306	64.888	18.7015	99.7307	249.343
3307	65.1587	19.0067	99.3983	251.452
3308	65.0368	19.302	99.0679	253.484
3309	64.2974	19.5995	98.7336	255.529
3310	66.4933	19.8426	98.4236	257.164
3311	66.9676	20.0659	98.1211	258.648
3312	67.1554	20.2755	97.8234	260.028
3313	63.9891	20.5363	97.498	261.788
3314	52.5839	21.0051	97.0662	265.107
3315	53.2388	21.444	96.6447	268.196
3316	55.235	21.8279	96.2466	270.87
3317	51.0591	22.2771	95.8121	274.029
3318	53.1454	22.6692	95.4018	276.756
3319	56.7002	22.9776	95.0297	278.85
3320	55.2169	23.3013	94.6469	281.057
3321	56.0999	23.5945	94.2762	283.032
3322	58.5415	23.828	93.9326	284.556
3323	61.4078	23.9952	93.6199	285.582
3324	70.0018	23.988	93.3928	285.296
3325	69.9598	23.9773	93.1675	284.986
3326	71.0968	23.9406	92.9553	284.48
3327	67.125	23.977	92.7069	284.523
3328	70.3642	23.9455	92.4921	284.056
3329	69.8275	23.9209	92.2741	283.641
3330	58.9053	24.1026	91.9533	284.774
3331	56.8066	24.315	91.6153	286.135
3332	68.7762	24.2866	91.3957	285.688
3333	69.1834	24.2467	91.1821	285.156
3334	69.2802	24.2016	90.9715	284.584
3335	66.1413	24.2137	90.7328	284.442
3336	64.7236	24.2482	90.4827	284.469
3337	64.8196	24.2754	90.2359	284.439
3338	64.7388	24.2989	89.9908	284.382
3339	65.4732	24.3031	89.755	284.18
3340	71.1786	24.193	89.5764	283.12
3341	70.4502	24.0956	89.3925	282.157
3342	69.522	24.0143	89.2014	281.316
3343	70.1086	23.9197	89.0178	280.375
3344	68.2014	23.86	88.8177	279.698
3345	67.1645	23.8176	88.6095	279.15
3346	69.1715	23.7333	88.4226	278.289
3347	68.6266	23.6576	88.2322	277.493
3348	67.9395	23.5929	88.0371	276.78
3349	69.2693	23.5001	87.8566	275.858
3350	82.8004	23.1454	87.808	272.971
3351	74.2439	22.9743	87.6869	271.482
3352	74.24	22.8042	87.5669	270
3353	75.2051	22.6177	87.4565	268.398
3354	75.2127	22.4325	87.3472	266.807
3355	72.0577	22.3049	87.2107	265.65
3356	73.4207	22.1529	87.0875	264.31
3357	69.9836	22.0627	86.9348	263.436
3358	68.4509	21.9988	86.7698	262.76
3359	55.4247	22.1657	86.4899	263.815
3360	57.9993	22.2786	86.2355	264.465
3361	58.6858	22.3728	85.9895	264.972
3362	57.5454	22.4812	85.7356	265.585
3363	56.3615	22.6043	85.4733	266.307
3364	55.7893	22.7307	85.2083	267.054
3365	61.8776	22.7414	85	266.931
3366	61.1459	22.7613	84.787	266.877
3367	63.3778	22.7371	84.5958	266.493
3368	63.4782	22.7082	84.4073	266.073
3369	62.2431	22.6985	84.2094	265.797
3370	64.4265	22.6464	84.0328	265.204
3371	63.7543	22.6041	83.8517	264.685
3372	68.6547	22.4719	83.716	263.491
3373	69.6614	22.3216	83.5905	262.163
3374	70.3418	22.1595	83.4722	260.749
3375	68.5165	22.0309	83.3387	259.586
3376	68.32	21.9057	83.2046	258.45
3377	57.4395	21.9746	82.9745	258.771
3378	57.5137	22.0369	82.7472	259.042
3379	57.1404	22.1006	82.5186	259.323
3380	57.2636	22.1569	82.2931	259.549
3381	67.2198	22.0304	82.1585	258.402
3382	70.7479	21.8408	82.0566	256.783
3383	76.0278	21.5584	82.0028	254.47
3384	74.575	21.3061	81.9365	252.385
3385	76.9066	21.0155	81.8916	250.015
3386	72.7528	20.8034	81.81	248.237
3387	70.6078	20.6319	81.71	246.765
3388	68.7242	20.4954	81.594	245.557
3389	71.8261	20.3038	81.5068	243.937
3390	71.8688	20.1134	81.4207	242.328
3391	73.5343	19.895	81.3503	240.511
3392	73.7234	19.676	81.2822	238.69
3393	71.5807	19.4978	81.1956	237.178
3394	71.0869	19.3302	81.1053	235.747
3395	62.4068	19.3189	80.9384	235.49
3396	64.1979	19.2729	80.7889	234.972
3397	64.203	19.2249	80.6408	234.44
3398	61.5157	19.2231	80.4701	234.255
3399	64.0185	19.1736	80.3232	233.712
3400	73.7363	18.9488	80.2644	231.855
3401	74.6377	18.7109	80.2141	229.902
3402	74.5864	18.4773	80.1639	227.982
3403	77.3949	18.1968	80.1392	225.714
3404	79.288	17.8871	80.1316	223.228
3405	76.8346	17.6265	80.1021	221.114
3406	77.0801	17.3657	80.0751	219.001
3407	77.2002	17.107	80.0495	216.905
3408	77.2711	16.8681	80.0263	214.972
3409	77.3129	16.6322	80.0037	213.062
3410	65.3498	16.5993	79.8816	212.676
3411	61.9903	16.6208	79.7325	212.699
3412	67.7919	16.5428	79.633	211.975
3413	67.8768	16.463	79.535	211.239
3414	67.5763	16.3879	79.4354	210.539
3415	71.7667	16.2426	79.3715	209.312
3416	74.0901	16.0599	79.3275	207.807
3417	72.7017	15.9027	79.2722	206.494
3418	76.7209	15.6802	79.251	204.692
3419	76.6077	15.4629	79.2289	202.932
3420	74.907	15.2772	79.1929	201.411
3421	74.6231	15.0988	79.1548	200
3422	75.9677	14.9002	79.1283	200
3423	75.9258	14.7053	79.1016	200
3424	75.9837	14.5121	79.0756	200
3425	74.1532	14.3523	79.0346	200
3426	74.3154	14.1918	78.9953	200
3427	74.2531	14.0343	78.9557	200
3428	71.7671	13.9202	78.8958	200
3429	76.3054	13.7313	78.8743	200
3430	69.4056	13.6603	78.7953	200
3431	73.4516	13.5217	78.7508	200
3432	74.4753	13.3676	78.7152	200
3433	68.811	13.3099	78.6327	200
3434	68.754	13.2527	78.5503	200
3435	68.718	13.1957	78.4684	200
3436	71.8558	13.0859	78.4133	200
3437	86.5243	13.003	78.4809	200
3438	86.4405	12.919	78.5472	200
3439	86.3262	12.8333	78.612	200
3440	86.2221	12.7463	78.6755	200
3441	86.0884	12.6574	78.7372	200
3442	79.5888	12.4606	78.7443	200
3443	79.9921	12.2737	78.7547	200
3444	77.9616	12.0824	78.7481	200
3445	78.7867	11.8816	78.7484	200
3446	78.0925	11.6945	78.743	200
3447	81.3335	11.5428	78.7645	200
3448	72.976	11.4469	78.7163	200
3449	72.9343	11.3525	78.6681	200
3450	72.7847	11.2613	78.6191	200
3451	73.2403	11.1633	78.5743	200
3452	77.7477	10.991	78.5674	200
3453	78.0304	10.8168	78.5629	200
3454	78.1228	10.6438	78.5592	200
3455	78.4595	10.4681	78.5584	200
3456	78.4465	10.2955	78.5575	200
3457	81.1206	10.1666	78.5788	200
3458	81.2482	10.0417	78.6011	200
3459	66.254	10.0801	78.4982	200
3460	66.336	10.1148	78.3968	200
3461	80.7436	9.98533	78.4164	200
3462	86.3364	9.95091	78.4824	200
3463	102.313	10.1822	78.681	200
3464	105.552	10.4604	78.9049	200
3465	109.015	10.7879	79.1558	200
3466	106.298	11.0604	79.382	200
3467	91.7279	11.0819	79.4849	200
3468	95.1996	11.1591	79.6158	200
3469	96.3174	11.2457	79.7463	200
3470	98.2345	11.3588	79.8908	200
3471	100.446	11.5025	80.0513	200
3472	100.415	11.641	80.2104	200
3473	97.4877	11.7291	80.3454	200
3474	101.896	11.8825	80.5138	200
3475	103.874	12.0619	80.6963	200
3476	103.355	12.2274	80.8733	200
3477	104.891	12.4117	81.0609	200
3478	101.703	12.5403	81.2222	200
3479	101.802	12.6659	81.383	200
3480	108.532	12.8922	81.5951	200
3481	112.46	13.173	81.8362	200
3482	111.978	13.4381	82.0717	200
3483	106.516	13.6101	82.2627	200
3484	106.217	13.7717	82.4498	200
3485	106.049	13.9253	82.6342	200
3486	105.598	14.0665	82.8136	200
3487	105.438	14.2002	82.9903	200
3488	102.918	14.2897	83.146	200
3489	102.848	14.3743	83.2999	200
3490	101.701	14.4372	83.4437	200
3491	101.436	14.4928	83.5843	200
3492	92.8663	14.4113	83.6568	200
3493	94.7318	14.3592	83.7433	200
3494	78.8809	14.2108	83.7053	200
3495	75.5941	14.1155	83.642	200
3496	71.9455	14.0777	83.5506	200
3497	76.963	13.9607	83.4991	200
3498	77.0856	13.8428	83.449	200
3499	78.8318	13.6986	83.4129	200
3500	79.0404	13.5529	83.3788	200
3501	78.0142	13.425	83.3369	200
3502	76.1531	13.3274	83.2807	200
3503	74.057	13.2633	83.2087	200
3504	74.1588	13.1975	83.138	200
3505	72.5425	13.1568	83.0552	200
3506	67.7617	13.1902	82.9357	200
3507	69.1314	13.1998	82.8279	200
3508	76.0805	13.099	82.7751	200
3509	73.7434	13.0354	82.7046	200
3510	77.8602	12.9074	82.6667	200
3511	77.986	12.7789	82.6302	200
3512	71.845	12.7477	82.5459	200
3513	72.1525	12.711	82.4647	200
3514	77.3798	12.5918	82.425	200
3515	72.4747	12.5505	82.3473	200
3516	72.8897	12.5022	82.2734	200
3517	73.0387	12.4511	82.2012	200
3518	78.7174	12.311	82.174	200
3519	78.84	12.1708	82.148	200
3520	78.9376	12.0308	82.1229	200
3521	79.1712	11.8889	82.0998	200
3522	73.9099	11.8311	82.0358	200
3523	75.6775	11.7456	81.9862	200
3524	86.1065	11.6264	82.0183	200
3525	75.1394	11.5523	81.9646	200
3526	75.1057	11.4789	81.911	200
3527	79.0921	11.3436	81.889	200
3528	79.8356	11.1985	81.8729	200
3529	74.4217	11.1399	81.8147	200
3530	75.3202	11.0673	81.764	200
3531	70.1908	11.0752	81.6736	200
3532	70.3243	11.0795	81.5849	200
3533	73.2431	11.0392	81.5236	200
3534	74.4418	10.981	81.4715	200
3535	74.44	10.923	81.4198	200
3536	76.0536	10.8412	81.3803	200
3537	76.1008	10.7595	81.3415	200
3538	80.1244	10.6191	81.3326	200
3539	79.9899	10.4827	81.3227	200
3540	81.2176	10.3301	81.3219	200
3541	92.8735	10.3481	81.4069	200
3542	92.2611	10.3555	81.4867	200
3543	92.6128	10.3668	81.5685	200
3544	92.8531	10.3803	81.6515	200
3545	92.2994	10.3843	81.7297	200
3546	88.188	10.3265	81.7772	200
3547	88.0419	10.2668	81.8233	200
3548	88.2122	10.2098	81.8703	200
3549	88.0212	10.1501	81.9155	200
3550	88.0441	10.0909	81.9606	200
3551	87.0736	10.0177	81.9982	200
3552	87.5188	9.9516	82.0388	200
3553	88.6858	9.903	82.0876	200
3554	89.1053	9.86057	82.1392	200
3555	89.2715	9.82045	82.1917	200
3556	91.6346	9.81489	82.2611	200
3557	75.9768	9.76297	82.2149	200
3558	76.3962	9.70497	82.1721	200
3559	76.6293	9.64376	82.1314	200
3560	73.6658	9.62643	82.0691	200
3561	83.2375	9.50205	82.0777	200
3562	84.4374	9.39701	82.095	200
3563	84.4276	9.29312	82.1122	200
3564	84.5326	9.19205	82.13	200
3565	84.7083	9.09479	82.149	200
3566	85.223	9.00625	82.1716	200
3567	88.4313	8.96586	82.2176	200
3568	99.3538	9.08601	82.3436	200
3569	99.2882	9.20158	82.4682	200
3570	97.6799	9.28997	82.58	200
3571	97.6962	9.37564	82.6912	200
3572	93.6085	9.39831	82.7714	200
3573	93.7111	9.42098	82.8519	200
3574	98.9343	9.51894	82.9701	200
3575	76.4329	9.47509	82.9221	200
3576	76.3899	9.43181	82.874	200
3577	77.2203	9.37625	82.8325	200
3578	76.9181	9.32534	82.789	200
3579	77.0504	9.2726	82.7468	200
3580	77.3828	9.21512	82.7073	200
3581	76.8291	9.16604	82.6641	200
3582	76.7813	9.11776	82.6209	200
3583	76.7702	9.06971	82.5778	200
3584	80.794	8.96257	82.5647	200
3585	76.4414	8.92081	82.5197	200
3586	75.8984	8.887	82.471	200
3587	74.5485	8.87281	82.4128	200
3588	73.8339	8.86849	82.3497	200
3589	79.3073	8.78281	82.3273	200
3590	75.1334	8.75945	82.2744	200
3591	79.8509	8.66627	82.2566	200
3592	79.1121	8.58507	82.2335	200
3593	78.6374	8.5117	82.207	200
3594	83.8057	8.41004	82.2188	200
3595	78.1655	8.34597	82.189	200
3596	77.0148	8.29932	82.1509	200
3597	92.5175	8.32972	82.2272	200
3598	92.4516	8.35759	82.3023	200
3599	92.2469	8.38092	82.3755	200
3600	92.7525	8.41028	82.4518	200
3601	93.4655	8.44857	82.5327	200
3602	87.5435	8.40082	82.5675	200
3603	84.1939	8.30673	82.5788	200
3604	84.1694	8.21345	82.5899	200
3605	89.5939	8.19665	82.6385	200
3606	89.3766	8.17639	82.6853	200
3607	89.5814	8.15861	82.7332	200
3608	94.5561	8.2095	82.8153	200
3609	85.2188	8.12886	82.832	200
3610	84.7228	8.04222	82.8451	200
3611	88.7785	8.01293	82.8863	200
3612	83.7461	7.91358	82.8923	200
3613	83.618	7.81375	82.8973	200
3614	83.4174	7.71245	82.9009	200
3615	88.0271	7.67652	82.9365	200
3616	106.754	7.9007	83.1019	200
3617	106.714	8.11891	83.2659	200
3618	107.302	8.33998	83.4328	200
3619	106.246	8.54099	83.5912	200
3620	105.907	8.73231	83.7462	200
3621	105.876	8.91838	83.8999	200
3622	105.889	9.09992	84.0526	200
3623	105.9	9.27696	84.2043	200
3624	103.955	9.42242	84.3415	200
3625	114.161	9.70571	84.5485	200
3626	104.723	9.85111	84.6886	200
3627	104.764	9.99312	84.8281	200
3628	104.804	10.1318	84.9668	200
3629	101.025	10.2141	85.0783	200
3630	96.795	10.2349	85.1597	200
3631	97.3262	10.2618	85.2441	200
3632	80.795	10.181	85.2132	200
3633	82.5078	10.0772	85.1945	200
3634	82.674	9.97226	85.177	200
3635	87.4572	9.86543	85.1928	200
3636	90.2615	9.7988	85.228	200
3637	96.4366	9.81838	85.3058	200
3638	107.462	9.98974	85.4597	200
3639	98.633	10.034	85.5512	200
3640	103.976	10.1505	85.6791	200
3641	99.7903	10.2055	85.7771	200
3642	103.205	10.3058	85.8981	200
3643	103.066	10.4011	86.0174	200
3644	104.506	10.5134	86.1458	200
3645	104.412	10.6211	86.2726	200
3646	118.859	10.9262	86.4989	200
3647	114.824	11.1679	86.6956	200
3648	114.744	11.4023	86.8904	200
3649	115.005	11.6344	87.0856	200
3650	115.208	11.8634	87.2809	200
3651	110.244	12.0176	87.4404	200
3652	101.889	12.0514	87.5407	200
3653	102.323	12.0893	87.6434	200
3654	107.281	12.1941	87.7798	200
3655	104.338	12.2547	87.8947	200
3656	104.57	12.3161	88.0105	200
3657	109.023	12.4369	88.1565	200
3658	108.981	12.5534	88.3011	200
3659	108.99	12.6664	88.4447	200
3660	110.722	12.7999	88.5994	200
3661	100.659	12.7896	88.6832	200
3662	99.9031	12.7678	88.7611	200
3663	99.9135	12.7454	88.8386	200
3664	100.154	12.7255	88.9171	200
3665	97.8648	12.673	88.9793	200
3666	100.611	12.6586	89.06	200
3667	99.9458	12.6339	89.1356	200
3668	100.299	12.6135	89.2132	200
3669	98.56	12.5681	89.2781	200
3670	103.295	12.5883	89.3754	200
3671	97.5951	12.5276	89.4325	200
3672	101.349	12.5191	89.5152	200
3673	99.7517	12.4874	89.5863	200
3674	99.8315	12.4563	89.6575	200
3675	88.4711	12.308	89.6497	200
3676	88.5957	12.1599	89.6427	200
3677	83.1962	12.0847	89.6003	200
3678	81.8312	12.0279	89.5492	200
3679	78.6442	12.0131	89.4775	200
3680	81.9801	11.9537	89.4281	200
3681	82.4492	11.8883	89.3822	200
3682	82.2055	11.8263	89.335	200
3683	67.6115	11.9565	89.1921	200
3684	78.7842	11.9361	89.1236	200
3685	92.6083	11.8249	89.1465	200
3686	92.3808	11.7119	89.1678	200
3687	92.24	11.5982	89.188	200
3688	92.2718	11.4862	89.2083	200
3689	77.3834	11.4906	89.1305	200
3690	87.8499	11.3563	89.1221	200
3691	82.1914	11.2981	89.0765	200
3692	82.0739	11.2415	89.0304	200
3693	88.1598	11.1051	89.0247	200
3694	83.8376	11.0272	88.9906	200
3695	84.0381	10.9473	88.958	200
3696	88.7907	10.8054	88.9569	200
3697	87.8581	10.6777	88.9497	200
3698	87.6797	10.5539	88.9413	200
3699	87.654	10.432	88.9328	200
3700	87.6859	10.3111	88.9246	200
3701	87.4577	10.1948	88.915	200
3702	87.5336	10.0788	88.9059	200
3703	84.4114	10.0053	88.8763	200
3704	84.6431	9.92938	88.8485	200
3705	88.2475	9.80663	88.8445	200
3706	88.1976	9.68611	88.8403	200
3707	83.2407	9.63234	88.8034	200
3708	83.5191	9.57513	88.7687	200
3709	81.2421	9.54818	88.7191	200
3710	77.2969	9.57283	88.644	200
3711	77.338	9.59564	88.5696	200
3712	82.8736	9.54433	88.5321	200
3713	82.8294	9.49378	88.4946	200
3714	82.7534	9.4444	88.4568	200
3715	83.048	9.3913	88.4213	200
3716	83.1772	9.33673	88.3868	200
3717	83.3941	9.27957	88.3539	200
3718	84.2757	9.21114	88.3271	200
3719	82.6524	9.1646	88.2897	200
3720	88.7122	9.04958	88.2925	200
3721	88.6985	8.93584	88.2952	200
3722	87.7601	8.82531	88.2917	200
3723	74.3684	8.89239	88.2001	200
3724	74.6284	8.95395	88.1108	200
3725	78.2752	8.96555	88.0461	200
3726	83.6582	8.90532	88.0172	200
3727	91.3033	8.83138	88.0388	200
3728	81.309	8.80373	87.9946	200
3729	85.181	8.72491	87.976	200
3730	85.4855	8.64288	87.9597	200
3731	83.9072	8.58248	87.933	200
3732	84.462	8.51522	87.9102	200
3733	88.7212	8.41385	87.9155	200
3734	89.096	8.31868	87.9233	200
3735	84.713	8.25146	87.9021	200
3736	89.5537	8.16462	87.913	200
3737	89.6083	8.0795	87.9242	200
3738	94.9466	8.06559	87.9704	200
3739	94.9236	8.05095	88.0161	200
3740	95.0023	8.03694	88.0621	200
3741	94.9928	8.02238	88.1077	200
3742	94.762	8.00438	88.1514	200
3743	96.7997	8.01285	88.2083	200
3744	97.2337	8.02618	88.2677	200
3745	97.6102	8.0435	88.3292	200
3746	101.054	8.10509	88.4129	200
3747	96.1743	8.10056	88.4639	200
3748	95.6278	8.08824	88.5111	200
3749	95.7852	8.07753	88.5589	200
3750	90.3547	7.99487	88.5707	200
3751	95.8107	7.98494	88.6184	200
3752	100.595	8.03483	88.6932	200
3753	100.475	8.08167	88.7669	200
3754	105.847	8.19415	88.8736	200
3755	105.7	8.30205	88.9788	200
3756	105.422	8.40382	89.0816	200
3757	101.252	8.4509	89.1576	200
3758	101.886	8.50437	89.2372	200
3759	95.772	8.47976	89.278	200
3760	95.7859	8.45511	89.3187	200
3761	85.4843	8.39735	89.2947	200
3762	88.4793	8.30257	89.2896	200
3763	88.3284	8.21081	89.2836	200
3764	84.9343	8.16254	89.2564	200
3765	90.3991	8.07479	89.2636	200
3766	82.8138	8.05447	89.2233	200
3767	92.3323	7.99266	89.2427	200
3768	88.3903	7.9034	89.2374	200
3769	88.0029	7.82004	89.2297	200
3770	88.4439	7.73211	89.2247	200
3771	87.7499	7.65389	89.2155	200
3772	83.6569	7.6277	89.1808	200
3773	78.521	7.6656	89.1142	200
3774	78.109	7.70735	89.0454	200
3775	73.3618	7.80705	88.9473	200
3776	77.7592	7.84931	88.8774	200
3777	72.2675	7.95882	88.7736	200
3778	77.9465	7.99467	88.7059	200
3779	77.8186	8.03083	88.6379	200
3780	77.7842	8.06611	88.5701	200
3781	83.4803	8.02891	88.5382	200
3782	82.4492	8.00466	88.5002	200
3783	82.3634	7.98131	88.4618	200
3784	82.2179	7.95959	88.4228	200
3785	83.9598	7.91589	88.3949	200
3786	83.9869	7.87204	88.3674	200
3787	84.112	7.82683	88.3408	200
3788	84	7.78325	88.3136	200
3789	84.1228	7.73835	88.2874	200
3790	82.8689	7.70935	88.2536	200
3791	83.1759	7.67645	88.2218	200
3792	78.4075	7.70317	88.1605	200
3793	83.9458	7.65957	88.1342	200
3794	78.339	7.68626	88.0729	200
3795	79.5024	7.69732	88.0194	200
3796	79.416	7.70864	87.9656	200
3797	82.956	7.6749	87.9343	200
3798	87.5765	7.58344	87.9321	200
3799	87.4772	7.49433	87.9292	200
3800	87.3153	7.40832	87.9254	200
3801	87.4172	7.32207	87.9222	200
3802	89.0705	7.2449	87.9294	200
3803	89.3491	7.17209	87.9382	200
3804	89.1844	7.09801	87.946	200
3805	83.6024	7.06358	87.9189	200
3806	83.9541	7.02485	87.8941	200
3807	73.6182	7.11548	87.8049	200
3808	73.9508	7.19972	87.7183	200
3809	75.186	7.26637	87.64	200
3810	72.5157	7.3646	87.5454	200
3811	72.5074	7.46051	87.4515	200
3812	72.0761	7.55945	87.3554	200
3813	72.1475	7.65505	87.2603	200
3814	72.3384	7.74589	87.167	200
3815	72.3919	7.83375	87.0747	200
3816	73.0576	7.91104	86.9871	200
3817	73.2242	7.98419	86.9011	200
3818	67.883	8.12212	86.7822	200
3819	72.5261	8.19879	86.6931	200
3820	78.6494	8.19685	86.6428	200
3821	73.0622	8.26415	86.558	200
3822	68.2831	8.38928	86.4437	200
3823	68.0648	8.51415	86.3289	200
3824	84.0612	8.43607	86.3147	200
3825	80.5427	8.40277	86.2786	200
3826	80.4488	8.3706	86.2422	200
3827	80.31	8.34012	86.2051	200
3828	80.3342	8.30926	86.1684	200
3829	84.5799	8.22525	86.1585	200
3830	80.7674	8.18982	86.1248	200
3831	80.5519	8.15711	86.09	200
3832	80.6567	8.12306	86.056	200
3833	83.6956	8.05446	86.0419	200
3834	83.5628	7.98808	86.0272	200
3835	83.5397	7.9226	86.0124	200
3836	82.3933	7.87137	85.9908	200
3837	82.3884	7.82055	85.9694	200
3838	78.7279	7.81365	85.9263	200
3839	68.1555	7.93219	85.8205	200
3840	68.2203	8.04728	85.7157	200
3841	73.1578	8.10098	85.641	200
3842	73.5831	8.14809	85.5692	200
3843	78.2003	8.13881	85.5254	200
3844	78.9171	8.12059	85.486	200
3845	80.1701	8.0872	85.4544	200
3846	75.34	8.11133	85.3942	200
3847	75.0879	8.13746	85.3328	200
3848	75.0661	8.16281	85.2717	200
3849	74.8587	8.1896	85.2097	200
3850	73.8058	8.22786	85.1419	200
3851	73.3793	8.26994	85.0718	200
3852	73.4006	8.31044	85.0024	200
3853	73.4595	8.34892	84.9337	200
3854	73.4396	8.38636	84.8652	200
3855	73.2782	8.42446	84.7963	200
3856	73.2011	8.46221	84.7273	200
3857	71.0595	8.52418	84.6459	200
3858	72.2951	8.56973	84.5724	200
3859	78.6486	8.53823	84.5371	200
3860	74.5299	8.55572	84.4776	200
3861	68.5789	8.64313	84.3829	200
3862	72.3202	8.68384	84.3111	200
3863	74.9989	8.69132	84.2557	200
3864	79.2627	8.64729	84.226	200
3865	71.7943	8.69235	84.152	200
3866	70.0516	8.75673	84.068	200
3867	70.3312	8.81601	83.9863	200
3868	70.3785	8.87306	83.9053	200
3869	76.5675	8.85478	83.8616	200
3870	73.3335	8.8747	83.7989	200
3871	88.0484	8.81964	83.8242	200
3872	88.1745	8.76643	83.8501	200
3873	88.0631	8.71222	83.8752	200
3874	88.1574	8.65948	83.9007	200
3875	89.3096	8.62078	83.9329	200
3876	83.9762	8.51867	83.9331	200
3877	85.335	8.43395	83.9415	200
3878	85.3496	8.35031	83.9499	200
3879	87.9011	8.29794	83.9734	200
3880	87.8395	8.24517	83.9964	200
3881	89.1058	8.20784	84.0268	200
3882	89.2544	8.17236	84.0579	200
3883	84.3857	8.07897	84.0599	200
3884	83.8263	7.98558	84.0585	200
3885	73.9043	8.01139	83.998	200
3886	72.8106	8.0492	83.9314	200
3887	76.3712	8.04338	83.8864	200
3888	75.9609	8.04198	83.8393	200
3889	75.9989	8.03958	83.7926	200
3890	75.9488	8.03725	83.7459	200
3891	76.3746	8.02932	83.702	200
3892	85.9475	7.96046	83.7154	200
3893	84.5128	7.87519	83.7201	200
3894	84.5268	7.79104	83.7249	200
3895	84.4737	7.7072	83.7294	200
3896	84.4983	7.6246	83.734	200
3897	84.5407	7.54343	83.7388	200
3898	84.5539	7.46333	83.7436	200
3899	81.4372	7.40194	83.7299	200
3900	87.353	7.35696	83.7515	200
3901	80.7108	7.30557	83.7334	200
3902	80.3572	7.25879	83.7133	200
3903	83.6988	7.17255	83.7132	200
3904	81.0889	7.11841	83.6976	200
3905	78.1941	7.09918	83.6648	200
3906	96.2046	7.16395	83.7394	200
3907	87.5847	7.12444	83.7623	200
3908	87.4268	7.08325	83.7841	200
3909	87.2211	7.03984	83.8046	200
3910	87.1604	6.99598	83.8246	200
3911	85.5484	6.93322	83.8348	200
3912	84.5144	6.85877	83.8389	200
3913	77.4407	6.85328	83.8008	200
3914	77.5276	6.84638	83.7634	200
3915	77.7053	6.83699	83.7274	200
3916	80.038	6.79952	83.7054	200
3917	80.1472	6.76094	83.6842	200
3918	76.1198	6.77007	83.6413	200
3919	76.3353	6.77616	83.5998	200
3920	77.8429	6.76457	83.567	200
3921	77.9078	6.75201	83.5349	200
3922	75.6944	6.76438	83.4903	200
3923	75.7311	6.77568	83.4463	200
3924	78.986	6.74937	83.4209	200
3925	78.8621	6.72448	83.395	200
3926	78.9566	6.6985	83.3698	200
3927	83.6551	6.62562	83.3714	200
3928	83.8656	6.55595	83.3742	200
3929	94.431	6.60709	83.437	200
3930	89.7816	6.60411	83.4731	200
3931	89.7156	6.6	83.5086	200
3932	89.5082	6.59318	83.5426	200
3933	93.8693	6.6356	83.6013	200
3934	93.4827	6.67248	83.6575	200
3935	83.7624	6.59785	83.6581	200
3936	83.0755	6.5295	83.6547	200
3937	83.0637	6.46202	83.6514	200
3938	82.9944	6.39605	83.6477	200
3939	82.8842	6.33204	83.6433	200
3940	82.8891	6.26866	83.639	200
3941	88.1635	6.24884	83.6647	200
3942	88.408	6.23173	83.6917	200
3943	81.2327	6.18885	83.6777	200
3944	81.4733	6.14358	83.6652	200
3945	81.2688	6.10099	83.6516	200
3946	77.9167	6.09683	83.619	200
3947	81.692	6.04945	83.608	200
3948	81.8217	6.001	83.5979	200
3949	69.6443	6.09137	83.5186	200
3950	73.7196	6.1335	83.4629	200
3951	74.4452	6.16628	83.4117	200
3952	74.3937	6.19868	83.3605	200
3953	75.4222	6.21845	83.3153	200
3954	76.6004	6.22409	83.2772	200
3955	76.7076	6.22802	83.2399	200
3956	69.0321	6.3187	83.1591	200
3957	74.3608	6.34687	83.1091	200
3958	74.643	6.37096	83.061	200
3959	95.1598	6.43604	83.1298	200
3960	95.558	6.50414	83.2004	200
3961	96.3244	6.57936	83.275	200
3962	96.2049	6.65153	83.3484	200
3963	97.4011	6.73563	83.4283	200
3964	94.5187	6.78512	83.4913	200
3965	94.3766	6.83171	83.5531	200
3966	95.2162	6.88661	83.6194	200
3967	95.1624	6.93952	83.685	200
3968	92.6358	6.96238	83.7358	200
3969	92.8138	6.98642	83.7874	200
3970	92.754	7.00892	83.8384	200
3971	94.527	7.05074	83.8991	200
3972	95.4385	7.10174	83.9647	200
3973	84.8557	7.03116	83.9697	200
3974	84.6999	6.95956	83.9739	200
3975	87.1013	6.91601	83.9916	200
3976	87.2322	6.87425	84.0101	200
3977	82.8306	6.80953	84.0034	200
3978	82.6727	6.74727	83.9958	200
3979	82.6999	6.68532	83.9884	200
3980	88.0935	6.656	84.0118	200
3981	92.2337	6.6738	84.0585	200
3982	96.56	6.74002	84.1295	200
3983	96.5816	6.80493	84.2003	200
3984	96.4316	6.8666	84.2698	200
3985	91.1227	6.86644	84.3087	200
3986	91.0095	6.86456	84.3468	200
3987	91.2692	6.86521	84.3861	200
3988	95.8004	6.91691	84.4509	200
3989	95.8258	6.96757	84.5156	200
3990	95.8941	7.01769	84.5802	200
3991	91.4076	7.01553	84.619	200
3992	91.3758	7.01259	84.6574	200
3993	81.3315	6.97069	84.6385	200
3994	80.6495	6.93681	84.6158	200
3995	79.7949	6.91277	84.5884	200
3996	79.8191	6.88841	84.5614	200
3997	78.8389	6.87516	84.5288	200
3998	73.0702	6.92724	84.4637	200
3999	78.765	6.91328	84.4314	200
4000	78.4835	6.90231	84.3976	200
4001	73.1055	6.95219	84.3334	200
4002	72.9967	7.00202	84.269	200
4003	67.9416	7.10799	84.1762	200
4004	67.4969	7.21675	84.0814	200
4005	69.0867	7.30514	83.9962	200
4006	69.2306	7.38992	83.9123	200
4007	73.8396	7.41908	83.8576	200
4008	72.3182	7.46386	83.7949	200
4009	72.3759	7.50685	83.7328	200
4010	77.898	7.48868	83.7011	200
4011	77.9193	7.47012	83.6697	200
4012	78.0836	7.44965	83.6393	200
4013	76.364	7.44775	83.5998	200
4014	76.5431	7.4435	83.5614	200
4015	81.1057	7.38928	83.5481	200
4016	74.6457	7.40573	83.4997	200
4017	74.1864	7.42646	83.4491	200
4018	74.1644	7.44666	83.3986	200
4019	78.29	7.42125	83.3709	200
4020	76.0916	7.4197	83.3313	200
4021	75.9958	7.41879	83.2914	200
4022	75.9995	7.41741	83.2518	200
4023	81.4253	7.35664	83.2419	200
4024	87.2608	7.32036	83.2637	200
4025	82.0251	7.25425	83.257	200
4026	79.0832	7.22077	83.2343	200
4027	78.5706	7.19297	83.209	200
4028	78.5891	7.165	83.1839	200
4029	78.6321	7.1366	83.1591	200
4030	78.6969	7.10753	83.1349	200
4031	78.6166	7.07938	83.1103	200
4032	78.3318	7.05437	83.0843	200
4033	73.4119	7.08283	83.0318	200
4034	73.2442	7.11223	82.9786	200
4035	78.6322	7.08217	82.955	200
4036	78.1775	7.05711	82.929	200
4037	78.2417	7.03136	82.9035	200
4038	78.1135	7.00699	82.8775	200
4039	74.6416	7.02035	82.8327	200
4040	79.969	6.97517	82.8172	200
4041	80.1079	6.9288	82.8024	200
4042	80.3297	6.88036	82.789	200
4043	80.3171	6.83244	82.7756	200
4044	74.4579	6.84859	82.7304	200
4045	74.608	6.86243	82.6862	200
4046	74.533	6.87646	82.6419	200
4047	84.5066	6.82199	82.652	200
4048	82.7345	6.74873	82.6525	200
4049	88.6732	6.74082	82.6852	200
4050	86.5614	6.70968	82.7063	200
4051	86.9413	6.68278	82.7293	200
4052	87.4196	6.66112	82.7548	200
4053	86.7371	6.632	82.7764	200
4054	86.9412	6.60519	82.799	200
4055	91.469	6.62763	82.8462	200
4056	85.9797	6.58965	82.8632	200
4057	84.9124	6.5403	82.8743	200
4058	87.7919	6.52266	82.9011	200
4059	87.789	6.50489	82.9276	200
4060	87.4422	6.48325	82.9522	200
4061	88.1667	6.46946	82.9805	200
4062	88.2519	6.45644	83.0091	200
4063	87.778	6.43809	83.0351	200
4064	88.152	6.42373	83.0629	200
4065	83.9685	6.36376	83.0678	200
4066	84.1295	6.30612	83.0736	200
4067	84.2162	6.25	83.0798	200
4068	87.1718	6.22654	83.102	200
4069	81.7611	6.17344	83.0947	200
4070	76.6495	6.17639	83.0597	200
4071	80.9959	6.13169	83.0485	200
4072	79.8454	6.09986	83.0311	200
4073	77.8489	6.08988	83.0029	200
4074	77.9987	6.07808	82.9757	200
4075	78.0127	6.06596	82.9487	200
4076	78.1644	6.05203	82.9227	200
4077	83.3045	5.99039	82.9248	200
4078	83.6693	5.93337	82.9288	200
4079	89.0729	5.93566	82.9622	200
4080	89.1913	5.93885	82.9961	200
4081	88.4283	5.93334	83.0256	200
4082	93.0957	5.97831	83.0803	200
4083	93.3181	6.02461	83.136	200
4084	100.728	6.15034	83.2316	200
4085	100.789	6.27432	83.327	200
4086	95.6503	6.34007	83.394	200
4087	95.7049	6.40497	83.4609	200
4088	95.5825	6.46711	83.5268	200
4089	95.8007	6.53023	83.5935	200
4090	99.6608	6.63389	83.6808	200
4091	99.537	6.73413	83.767	200
4092	99.3994	6.83085	83.8519	200
4093	89.546	6.8185	83.8829	200
4094	80.4539	6.78165	83.8642	200
4095	78.2208	6.76928	83.8336	200
4096	83.5401	6.69889	83.832	200
4097	83.1093	6.63393	83.828	200
4098	82.7037	6.57404	83.8219	200
4099	82.9775	6.51176	83.8173	200
4100	79.2645	6.49136	83.7936	200
4101	89.5128	6.48332	83.8234	200
4102	85.083	6.4289	83.83	200
4103	85.4877	6.3792	83.8386	200
4104	85.2971	6.32794	83.8462	200
4105	99.3945	6.42399	83.9272	200
4106	99.2248	6.51642	84.0069	200
4107	103.556	6.65217	84.1087	200
4108	98.3069	6.73078	84.1826	200
4109	98.3629	6.80838	84.2565	200
4110	98.1344	6.88202	84.3288	200
4111	97.7792	6.95044	84.3988	200
4112	97.7072	7.01667	84.4681	200
4113	101.48	7.12078	84.5567	200
4114	101.534	7.22345	84.6452	200
4115	98.6132	7.29371	84.7179	200
4116	98.6728	7.3631	84.7906	200
4117	98.0068	7.42406	84.8594	200
4118	93.6082	7.43786	84.905	200
4119	98.7052	7.50414	84.9769	200
4120	97.0702	7.55194	85.0398	200
4121	97.1953	7.59989	85.1032	200
4122	97.3321	7.64811	85.1668	200
4123	97.2344	7.69415	85.2297	200
4124	92.2148	7.68676	85.2661	200
4125	92.0106	7.67695	85.3012	200
4126	89.8052	7.64389	85.3247	200
4127	89.7918	7.6108	85.3479	200
4128	85.0176	7.53496	85.3462	200
4129	85.9277	7.46253	85.3492	200
4130	87.1926	7.404	85.3588	200
4131	83.3516	7.34778	85.3484	200
4132	83.5508	7.28997	85.339	200
4133	83.4359	7.23385	85.3291	200
4134	83.5413	7.17712	85.3198	200
4135	88.7052	7.13762	85.3374	200
4136	93.7434	7.15084	85.3812	200
4137	90	7.12446	85.4053	200
4138	89.9402	7.09749	85.4289	200
4139	89.9683	7.07084	85.4525	200
4140	89.6136	7.04053	85.4742	200
4141	88.0552	6.99408	85.4876	200
4142	90.0767	6.96902	85.5115	200
4143	89.8847	6.94198	85.5343	200
4144	89.9818	6.916	85.5575	200
4145	90.2916	6.89327	85.5821	200
4146	90.2304	6.86989	85.6063	200
4147	95.7952	6.90446	85.6594	200
4148	96.3452	6.94384	85.7151	200
4149	86.152	6.87606	85.7173	200
4150	94.9171	6.90027	85.7653	200
4151	94.5434	6.91983	85.811	200
4152	94.5695	6.93898	85.8566	200
4153	88.3738	6.89292	85.8697	200
4154	88.3405	6.84686	85.8826	200
4155	83.908	6.7961	85.8723	200
4156	83.9649	6.74518	85.8623	200
4157	83.8656	6.69571	85.8519	200
4158	94.6028	6.71712	85.8975	200
4159	94.6466	6.73829	85.9431	200
4160	99.6963	6.81136	86.0147	200
4161	95.5219	6.83944	86.0642	200
4162	95.3628	6.86505	86.1127	200
4163	95.2632	6.88886	86.1603	200
4164	95.2388	6.91167	86.2076	200
4165	95.1939	6.93328	86.2544	200
4166	95.2587	6.95485	86.3013	200
4167	90.185	6.92286	86.3215	200
4168	95.1759	6.94298	86.3677	200
4169	95.0215	6.9608	86.4127	200
4170	94.9705	6.97743	86.4573	200
4171	95.0747	6.99452	86.5022	200
4172	95.0665	7.01087	86.5468	200
4173	94.8762	7.0246	86.5902	200
4174	93.9783	7.02839	86.6286	200
4175	93.9299	7.03123	86.6667	200
4176	93.8376	7.03269	86.704	200
4177	95.0105	7.04596	86.7473	200
4178	94.1912	7.0501	86.7861	200
4179	90.6539	7.01695	86.8062	200
4180	91.3367	6.99105	86.8298	200
4181	91.6451	6.96839	86.8549	200
4182	91.4785	6.94396	86.879	200
4183	92.0934	6.92594	86.9061	200
4184	90.5141	6.89138	86.9249	200
4185	90.3026	6.85478	86.9425	200
4186	90.7575	6.82311	86.9624	200
4187	95.5185	6.84117	87.0069	200
4188	95.4044	6.85738	87.0507	200
4189	100.861	6.9298	87.1226	200
4190	95.6735	6.94669	87.1671	200
4191	96.1072	6.96746	87.2137	200
4192	101.429	7.04295	87.2877	200
4193	101.405	7.11664	87.3613	200
4194	101.501	7.1898	87.4349	200
4195	110.704	7.35729	87.5561	200
4196	110.783	7.52259	87.6771	200
4197	115.405	7.72464	87.8157	200
4198	115.149	7.92073	87.9524	200
4199	106.225	8.02425	88.0437	200
4200	106.159	8.12516	88.1343	200
4201	112.464	8.28721	88.256	200
4202	101.693	8.3387	88.3231	200
4203	101.742	8.3895	88.3902	200
4204	101.854	8.44025	88.4575	200
4205	101.804	8.4893	88.5243	200
4206	101.862	8.53779	88.591	200
4207	94.4381	8.51088	88.6202	200
4208	94.4425	8.48399	88.6493	200
4209	89.557	8.40823	88.6539	200
4210	89.5376	8.33299	88.6583	200
4211	94.7854	8.31093	88.6889	200
4212	95.0543	8.29147	88.7207	200
4213	95.4904	8.27625	88.7546	200
4214	95.837	8.26431	88.79	200
4215	96.0481	8.25425	88.8263	200
4216	99.2544	8.27599	88.8784	200
4217	94.2087	8.24653	88.9051	200
4218	94.1831	8.21685	88.9315	200
4219	94.3067	8.18843	88.9583	200
4220	94.1763	8.15873	88.9844	200
4221	94.0792	8.12809	89.0099	200
4222	98.4122	8.14083	89.0569	200
4223	96.1042	8.12989	89.0921	200
4224	102.758	8.18525	89.1605	200
4225	102.849	8.24028	89.2289	200
4226	96.1716	8.22731	89.2636	200
4227	95.5346	8.20774	89.295	200
4228	95.6576	8.18929	89.3268	200
4229	98.0469	8.1946	89.3704	200
4230	98.0141	8.19909	89.4136	200
4231	108.368	8.30664	89.5084	200
4232	103.041	8.3589	89.576	200
4233	99.3771	8.37332	89.6251	200
4234	104.628	8.43962	89.7001	200
4235	108.888	8.5471	89.796	200
4236	109.991	8.66358	89.897	200
4237	110.202	8.78	89.9985	200
4238	100.058	8.79279	90.0488	200
4239	99.6785	8.80116	90.097	200
4240	97.6037	8.78822	90.1345	200
4241	92.1828	8.72082	90.1447	200
4242	92.6109	8.65827	90.1571	200
4243	93.0944	8.60106	90.1717	200
4244	82.8723	8.58805	90.1352	200
4245	82.9227	8.57429	90.0992	200
4246	87.6112	8.51343	90.0867	200
4247	93.0106	8.45753	90.1014	200
4248	93.1521	8.40346	90.1166	200
4249	93.4161	8.35242	90.1331	200
4250	99.9984	8.36755	90.1824	200
4251	93.7584	8.31963	90.2003	200
4252	93.8424	8.27286	90.2185	200
4253	93.7967	8.22591	90.2364	200
4254	97.4944	8.21623	90.2727	200
4255	97.3472	8.20481	90.3081	200
4256	102.443	8.24411	90.3688	200
4257	99.3203	8.25118	90.4135	200
4258	99.5368	8.2599	90.4591	200
4259	99.3679	8.26639	90.5037	200
4260	99.6787	8.27548	90.5495	200
4261	98.1821	8.26905	90.5877	200
4262	97.9119	8.2596	90.6243	200
4263	97.5266	8.24602	90.6588	200
4264	97.2559	8.22954	90.6918	200
4265	96.9699	8.21002	90.7232	200
4266	93.8039	8.15873	90.7386	200
4267	93.7903	8.10765	90.7539	200
4268	98.2559	8.1016	90.7914	200
4269	98.1558	8.09423	90.8282	200
4270	98.1208	8.08621	90.8647	200
4271	98.2933	8.07963	90.9018	200
4272	93.9419	8.02924	90.917	200
4273	98.8869	8.02864	90.9569	200
4274	92.3684	7.96247	90.9639	200
4275	92.2095	7.8953	90.9701	200
4276	92.1883	7.82853	90.9762	200
4277	92.0847	7.76133	90.9818	200
4278	96.5992	7.73989	91.0099	200
4279	93.5459	7.68785	91.0225	200
4280	93.3538	7.63428	91.0342	200
4281	87.6477	7.5918	91.0173	200
4282	87.0556	7.5555	90.9975	200
4283	87.4738	7.51518	90.9798	200
4284	87.387	7.47596	90.9619	200
4285	82.8976	7.48184	90.9215	200
4286	77.1179	7.54506	90.8525	200
4287	82.6309	7.55182	90.8114	200
4288	86.0939	7.52348	90.7878	200
4289	86.3339	7.49278	90.7656	200
4290	87.7837	7.44767	90.7507	200
4291	92.8682	7.39437	90.7612	200
4292	92.8041	7.34086	90.7715	200
4293	96.9076	7.32881	90.8021	200
4294	108.908	7.43658	90.8927	200
4295	108.869	7.54198	90.9825	200
4296	104.418	7.60091	91.0497	200
4297	104.495	7.65935	91.1169	200
4298	93.7292	7.61082	91.1295	200
4299	93.8174	7.56348	91.1424	200
4300	98.5916	7.56238	91.1782	200
4301	92.1846	7.49934	91.1831	200
4302	92.3561	7.43851	91.1887	200
4303	92.1609	7.37634	91.1934	200
4304	92.1211	7.31433	91.1978	200
4305	88.5224	7.26973	91.185	200
4306	88.7608	7.22313	91.1733	200
4307	87.6255	7.18779	91.1563	200
4308	92.1837	7.12856	91.1612	200
4309	92.0071	7.06815	91.1653	200
4310	92.186	7.01	91.1702	200
4311	97.6706	7.0051	91.2014	200
4312	98.4282	7.00723	91.2362	200
4313	98.5422	7.0101	91.2713	200
4314	103.691	7.06212	91.331	200
4315	103.774	7.11386	91.3908	200
4316	103.743	7.16422	91.4502	200
4317	108.639	7.26061	91.5329	200
4318	108.516	7.3541	91.6145	200
4319	103.998	7.40246	91.674	200
4320	104.291	7.4526	91.7347	200
4321	104.307	7.50183	91.7951	200
4322	104.145	7.54844	91.8545	200
4323	108.701	7.63785	91.9355	200
4324	103.821	7.67869	91.9926	200
4325	103.683	7.71726	92.0489	200
4326	108.789	7.80403	92.1293	200
4327	108.759	7.88888	92.2093	200
4328	108.735	7.97193	92.2887	200
4329	104.148	8.00931	92.3457	200
4330	103.855	8.04296	92.4011	200
4331	103.79	8.07513	92.4558	200
4332	99.8447	8.06853	92.4914	200
4333	99.8578	8.06178	92.5268	200
4334	103.851	8.09315	92.5812	200
4335	98.7075	8.07424	92.6107	200
4336	103.252	8.09892	92.6618	200
4337	103.267	8.12302	92.7128	200
4338	103.104	8.14483	92.7628	200
4339	99.2124	8.12853	92.7938	200
4340	104.338	8.16137	92.8493	200
4341	99.365	8.14555	92.8806	200
4342	94.748	8.08518	92.8896	200
4343	94.2579	8.02059	92.8962	200
4344	93.616	7.95039	92.8996	200
4345	94.0685	7.88518	92.9052	200
4346	99.6043	7.87378	92.9374	200
4347	105.4	7.9179	92.9974	200
4348	105.796	7.96483	93.0589	200
4349	106.363	8.01618	93.1229	200
4350	106.732	8.06995	93.1883	200
4351	109.452	8.14874	93.2665	200
4352	104.649	8.17983	93.3212	200
4353	104.595	8.20957	93.3754	200
4354	104.392	8.23656	93.4284	200
4355	104.408	8.26294	93.4811	200
4356	104.354	8.28803	93.5334	200
4357	104.219	8.31109	93.5848	200
4358	108.335	8.373	93.6557	200
4359	104.247	8.39433	93.7066	200
4360	99.5895	8.37018	93.7349	200
4361	99.6218	8.3463	93.7632	200
4362	99.4013	8.32026	93.7903	200
4363	99.1127	8.29143	93.8159	200
4364	99.8027	8.26927	93.8447	200
4365	99.7611	8.24665	93.8731	200
4366	99.5666	8.2221	93.9005	200
4367	99.5245	8.19712	93.9275	200
4368	99.6667	8.17348	93.9551	200
4369	94.7071	8.10212	93.9587	200
4370	94.9579	8.03382	93.9635	200
4371	99.3419	8.00829	93.9894	200
4372	98.9406	7.97889	94.0132	200
4373	98.8892	7.94906	94.0367	200
4374	99.2199	7.92246	94.0616	200
4375	99.2248	7.89593	94.0864	200
4376	99.2843	7.86999	94.1114	200
4377	99.4982	7.84611	94.1373	200
4378	94.5811	7.77494	94.1394	200
4379	99.6846	7.7535	94.1661	200
4380	99.875	7.73384	94.1935	200
4381	99.9669	7.71499	94.2213	200
4382	100.052	7.69686	94.2493	200
4383	100.229	7.68035	94.2781	200
4384	99.4914	7.65663	94.3031	200
4385	103.149	7.66806	94.3456	200
4386	105.594	7.70248	94.3997	200
4387	110.423	7.78249	94.4768	200
4388	111.129	7.86778	94.5568	200
4389	111.42	7.95427	94.6379	200
4390	115.298	8.07645	94.7372	200
4391	115.564	8.19904	94.8373	200
4392	114.808	8.31223	94.9334	200
4393	115.272	8.42788	95.0311	200
4394	120.072	8.58761	95.1515	200
4395	120.123	8.74515	95.2716	200
4396	116.049	8.86085	95.3715	200
4397	99.2794	8.81323	95.3903	200
4398	94.3747	8.73825	95.3854	200
4399	88.3625	8.72175	95.3516	200
4400	87.9046	8.7095	95.3158	200
4401	91.6723	8.66079	95.2983	200
4402	96.6828	8.58802	95.3052	200
4403	96.7595	8.51669	95.3125	200
4404	98.4206	8.46035	95.3287	200
4405	98.2451	8.40259	95.3439	200
4406	98.1687	8.34197	95.3592	200
4407	98.1178	8.28128	95.3742	200
4408	98.106	8.21822	95.3897	200
4409	98.122	8.15587	95.4053	200
4410	98.0284	8.09001	95.4209	200
4411	98.6893	8.03261	95.4403	200
4412	98.6929	7.97286	95.4606	200
4413	98.6646	7.91324	95.4807	200
4414	105.796	7.94485	95.5485	200
4415	109.949	8.02978	95.6433	200
4416	104.721	8.04434	95.7063	200
4417	103.841	8.04559	95.7628	200
4418	104.038	8.04897	95.8236	200
4419	104.189	8.05363	95.8852	200
4420	104.026	8.05498	95.9488	200
4421	103.877	8.053	96.0107	200
4422	103.924	8.05067	96.0766	200
4423	108.608	8.12534	96.1811	200
4424	104.223	8.12385	96.2529	200
4425	104.224	8.12112	96.324	200
4426	104.197	8.11635	96.3997	200
4427	103.932	8.10511	96.4722	200
4428	99.3803	8.00517	96.5001	200
4429	99.3789	7.91363	96.5258	200
4430	104.285	7.91087	96.5951	200
4431	104.371	7.90846	96.6645	200
4432	99.3223	7.81469	96.6883	200
4433	99.2667	7.72119	96.7113	200
4434	99.1488	7.62684	96.733	200
4435	103.512	7.61169	96.7936	200
4436	103.254	7.59114	96.8513	200
4437	103.143	7.56794	96.9074	200
4438	110.259	7.67122	97.0266	200
4439	108.773	7.74398	97.1315	200
4440	104.006	7.72846	97.1929	200
4441	103.283	7.69921	97.2473	200
4442	102.933	7.66326	97.298	200
4443	93.5341	7.59363	97.2644	200
4444	93.0998	7.53239	97.2272	200
4445	95.122	7.43548	97.2085	200
4446	98.171	7.31989	97.217	200
4447	92.9212	7.26589	97.1787	200
4448	92.724	7.21569	97.1389	200
4449	92.7939	7.16443	97.1001	200
4450	92.657	7.11583	97.0604	200
4451	92.0944	7.07744	97.0161	200
4452	92.2518	7.03614	96.9736	200
4453	49.1323	7.7648	96.5464	200
4454	49.1152	8.47313	96.1229	200
4455	49.1886	9.15994	95.7039	200
4456	49.3069	9.82488	95.2896	200
4457	54.3872	10.3798	94.9244	200
4458	54.7458	10.912	94.5657	200
4459	54.4934	11.4327	94.2079	200
4460	54.6399	11.9351	93.8546	200
4461	54.4994	12.4247	93.5032	200
4462	54.4136	12.9009	93.1542	200
4463	54.9164	13.3533	92.8128	200
4464	54.9414	13.7912	92.4746	202.804
4465	54.9452	14.2151	92.1396	205.86
4466	44.2694	14.816	91.7121	210.24
4467	38.9935	15.4929	91.2414	215.184
4468	39.141	16.1466	90.7763	219.949
4469	39.5315	16.7733	90.3187	224.505
4470	39.6174	17.3792	89.866	228.9
4471	39.7038	17.9646	89.4181	233.135
4472	39.6419	18.5327	88.9737	237.235
4473	38.5971	19.1013	88.5239	241.334
4474	34.9141	19.7175	88.0453	245.785
4475	39.7903	20.2271	87.6144	249.431
4476	39.8113	20.7196	87.1876	252.944
4477	39.7566	21.1965	86.7641	256.336
4478	39.7589	21.6574	86.3444	259.604
4479	39.7528	22.1027	85.9284	262.75
4480	39.6626	22.5341	85.5153	265.789
4481	40.469	22.9362	85.1131	268.602
4482	40.478	23.3236	84.7146	271.304
4483	40.7619	23.692	84.3222	273.858
4484	40.8831	24.0446	83.9343	276.291
4485	41.1716	24.3789	83.5525	278.584
4486	36.4621	24.7574	83.1601	281.219
4487	34.482	25.1561	82.7544	284.003
4488	34.6171	25.5391	82.3533	286.666
4489	34.379	25.913	81.9535	289.258
4490	34.3741	26.2741	81.557	291.75
4491	34.4721	26.621	81.1646	294.132
4492	29.5539	27.0375	80.7346	297.034
4493	29.6062	27.439	80.3085	299.82
4494	34.6504	27.7426	79.928	301.869
4495	34.5271	28.0369	79.5497	303.845
4496	35.2772	28.3075	79.1807	305.641
4497	35.155	28.5695	78.8138	307.37
4498	30.1648	28.9042	78.4084	309.642
4499	37.6074	29.1024	78.0684	310.888
4500	37.5667	29.2924	77.7309	312.07
4501	37.5623	29.4737	77.3962	313.186
4502	34.4629	29.698	77.0384	314.623
4503	34.4739	29.9125	76.6837	315.983
4504	29.5989	30.1987	76.2913	317.881
4505	33.0336	30.4163	75.9308	319.261
4506	32.9439	30.6258	75.5726	320.579
4507	32.9187	30.8263	75.2172	321.828
4508	35.4395	30.9755	74.8857	322.69
4509	41.239	31.02	74.6053	322.765
4510	37.0292	31.1293	74.2921	323.326
4511	36.9298	31.2332	73.9808	323.846
4512	36.5078	31.3372	73.6685	324.366
4513	36.4686	31.4349	73.3585	324.837
4514	36.3244	31.5282	73.0499	325.275
4515	41.6128	31.5267	72.7879	325.001
4516	41.2164	31.5274	72.5248	324.744
4517	47.9228	31.412	72.3198	323.616
4518	47.6776	31.2992	72.1145	322.508
4519	49.6347	31.1522	71.9271	321.144
4520	50.2246	30.9947	71.7463	319.704
4521	57.2978	30.7189	71.6259	317.377
4522	57.3886	30.4442	71.5072	315.061
4523	58.352	30.1561	71.3976	312.646
4524	56.7292	29.8979	71.2754	310.459
4525	56.7476	29.6418	71.1543	308.288
4526	57.7495	29.3711	71.0426	306.012
4527	65.7299	28.9702	70.9983	302.76
4528	65.9502	28.5715	70.9562	299.528
4529	59.0342	28.294	70.8569	297.209
4530	59.5591	28.0107	70.7627	294.848
4531	63.6577	27.6623	70.7035	292.002
4532	66.5837	27.2699	70.6692	288.828
4533	70.1122	26.8247	70.6646	285.262
4534	70.3046	26.3836	70.6616	281.73
4535	66.8933	26.0067	70.6302	278.684
4536	66.9101	25.6352	70.5992	275.681
4537	66.9079	25.2695	70.5684	272.724
4538	64.3547	24.9519	70.5166	270.132
4539	63.2751	24.6567	70.4563	267.71
4540	63.3364	24.3645	70.3969	265.313
4541	63.3404	24.076	70.3381	262.946
4542	63.4815	23.789	70.281	260.593
4543	63.4694	23.506	70.2242	258.273
4544	63.3721	23.2285	70.1671	255.995
4545	58.1471	23.0417	70.067	254.4
4546	62.964	22.776	70.0078	252.216
4547	71.9908	22.4511	70.0233	249.632
4548	63.6642	22.1997	69.9736	247.571
4549	63.8377	21.9487	69.9256	245.515
4550	63.3412	21.7086	69.8742	243.543
4551	64.2513	21.4573	69.8303	241.489
4552	57.6185	21.3128	69.7349	240.237
4553	58.5262	21.1549	69.6473	238.887
4554	59.7008	20.9798	69.5696	237.408
4555	63.8805	20.7409	69.5251	235.452
4556	65.3304	20.4824	69.4924	233.351
4557	63.4017	20.2575	69.4448	231.505
4558	56.6152	20.1414	69.3446	230.476
4559	56.9687	20.0201	69.2479	229.409
4560	56.9039	19.9002	69.1514	228.353
4561	57.7046	19.7681	69.062	227.207
4562	54.1625	19.692	68.9456	226.482
4563	52.6137	19.6395	68.818	225.934
4564	49.7772	19.6301	68.6692	225.71
4565	49.5975	19.6214	68.5202	225.492
4566	51.408	19.5822	68.3866	225.044
4567	58.3331	19.4333	68.308	223.775
4568	64.7083	19.1859	68.2799	221.767
4569	66.3942	18.9156	68.2652	219.59
4570	61.6836	18.7229	68.2137	217.997
4571	61.8627	18.5296	68.1641	216.401
4572	62.0369	18.3358	68.1163	214.803
4573	73.5172	18.1337	68.1584	213.228
4574	74.7666	17.9536	68.2101	211.839
4575	75.9205	17.7935	68.2703	210.619
4576	82.0757	17.7312	68.3782	210.228
4577	93.0952	17.8404	68.5713	211.294
4578	94.4263	17.9656	68.7733	212.498
4579	85.4028	17.9447	68.9032	212.461
4580	85.421	17.9224	69.0322	212.412
4581	85.9662	17.907	69.1645	212.42
4582	84.9961	17.8746	69.2882	212.285
4583	84.2052	17.8284	69.4047	212.032
4584	84.3459	17.7832	69.5215	211.787
4585	83.3053	17.7207	69.6292	211.395
4586	83.0286	17.6532	69.7338	210.96
4587	76.0192	17.4756	69.7829	209.588
4588	76.7524	17.3114	69.8374	208.329
4589	76.8069	17.1499	69.8918	207.091
4590	78.0217	17.0089	69.9554	206.027
4591	83.9887	16.9624	70.065	205.764
4592	84.099	16.9167	70.1746	205.508
4593	97.4223	17.0781	70.3875	207.012
4594	97.4663	17.2343	70.5991	208.474
4595	94.7088	17.3418	70.7874	209.522
4596	94.0286	17.434	70.969	210.441
4597	95.103	17.5386	71.1575	211.467
4598	94.5566	17.6302	71.3403	212.382
4599	90.2621	17.6504	71.4882	212.691
4600	95.5884	17.7512	71.6764	213.686
4601	94.3866	17.8287	71.8539	214.483
4602	95.75	17.9235	72.0406	215.428
4603	95.7199	18.0134	72.2255	216.333
4604	96.0825	18.1047	72.4119	217.25
4605	85.6064	18.028	72.515	216.739
4606	85.0832	17.9427	72.6132	216.155
4607	84.4495	17.8473	72.7057	215.484
4608	80.393	17.6885	72.7657	214.274
4609	65.8386	17.5204	72.7116	212.874
4610	64.6663	17.3723	72.6488	211.627
4611	66.5985	17.1954	72.6015	210.165
4612	74.1326	16.9343	72.6142	208.089
4613	76.0713	16.7097	72.6431	206.321
4614	78.6842	16.5192	72.697	204.851
4615	80.7161	16.3674	72.7686	203.708
4616	81.4751	16.2201	72.8523	202.613
4617	80.9311	16.0635	72.93	201.438
4618	84.3547	15.9669	73.049	200.784
4619	83.2005	15.8457	73.1547	200
4620	85.0775	15.7566	73.2902	200
4621	87.6877	15.7257	73.4538	200
4622	91.3575	15.7801	73.6776	200
4623	89.5201	15.7817	73.8757	200.129
4624	82.9483	15.5953	74.0017	200
4625	84.1057	15.4428	74.142	200
4626	71.2592	15.0503	74.097	200
4627	71.2616	14.6686	74.0526	200
4628	69.9788	14.3375	73.989	200
4629	71.1447	13.9783	73.9446	200
4630	69.9902	13.6999	73.8896	200
4631	70.6853	13.4083	73.8451	200
4632	68.5925	13.1818	73.7722	200
4633	57.4285	13.2696	73.5452	200
4634	80.1	13.0831	73.6362	200
4635	79.4653	12.8816	73.7172	200
4636	78.0096	12.643	73.7768	200
4637	79.5061	12.451	73.8564	200
4638	84.6111	12.4038	74.0057	200
4639	91.032	12.5322	74.2422	200
4640	91.7413	12.6702	74.4853	200
4641	90.9356	12.7752	74.7137	200
4642	89.7344	12.8376	74.9223	200
4643	49.0217	13.2004	74.5626	200
4644	48.4051	13.5604	74.1993	200
4645	50.0104	13.8556	73.8634	200
4646	50.8754	14.1093	73.5441	200
4647	50.9542	14.3448	73.2303	200
4648	51.1885	14.5587	72.9242	200
4649	52.4711	14.7224	72.6401	200
4650	64.6461	14.5355	72.5291	200
4651	64.1036	14.3658	72.4121	200
4652	40.9279	14.8413	71.9748	200
4653	42.6988	15.2422	71.5682	200
4654	42.7229	15.6201	71.1676	200
4655	41.8653	16.0002	70.7606	200
4656	73.6627	15.6363	70.8009	200
4657	71.5128	15.2218	70.8108	200
4658	71.8371	14.8274	70.825	200
4659	73.2692	14.4835	70.859	200
4660	74.6184	14.1483	70.9177	200
4661	75.7886	13.8584	70.9938	200
4662	77.1142	13.5821	71.1031	200
4663	80.7891	13.4429	71.2761	200
4664	79.3712	13.2201	71.4447	200
4665	79.9634	13.0242	71.6222	200
4666	80.7611	12.8299	71.8507	200
4667	80.5284	12.6223	72.0676	200
4668	77.218	12.2487	72.1964	200
4669	66.8321	11.9045	72.0623	200
4670	67.3707	11.5439	71.945	200
4671	67.9559	11.1661	71.8452	200
4672	66.2419	10.888	71.7052	200
4673	67.4454	10.5566	71.5987	200
4674	67.3916	10.2391	71.4935	200
4675	29.4582	11.8289	70.4426	200
4676	25.8538	13.4669	69.3279	200
4677	16.5756	15.4312	68.0091	200
4678	17.9867	17.1607	66.7585	204.044
4679	19.8411	18.6486	65.5856	214.774
4680	21.3925	19.9258	64.4808	223.887
4681	30.6513	20.621	63.635	228.603
4682	39.4298	20.8002	63.0299	229.431
4683	52.0665	20.3903	62.8015	225.924
4684	51.5653	20.0089	62.5674	222.639
4685	51.054	19.6549	62.3275	219.567
4686	51.5405	19.2854	62.1028	216.386
4687	50.6265	18.96	61.8637	213.544
4688	43.7092	18.9265	61.4855	212.897
4689	43.4934	18.8875	61.1107	212.211
4690	40.0746	18.9771	60.6724	212.489
4691	38.6625	19.1034	60.2139	213.041
4692	30.1075	19.5619	59.5866	216.082
4693	34.9829	19.772	59.0741	217.25
4694	43.1077	19.6134	58.7414	215.649
4695	31.2021	19.9436	58.1677	217.717
4696	31.6612	20.2171	57.6155	219.352
4697	45.685	19.8718	57.3669	216.341
4698	45.2445	19.5489	57.1144	213.506
4699	45.845	19.2039	56.8796	210.511
4700	45.8159	18.8648	56.6491	207.567
4701	45.1125	18.5594	56.4088	204.884
4702	45.7531	18.2301	56.1868	202.028
4703	47.7958	17.8201	56.012	200
4704	52.6703	17.2169	55.9423	200
4705	40.8534	17.1282	55.628	200
4706	40.8809	17.029	55.3208	200
4707	43.7864	16.8	55.0805	200
4708	43.7086	16.6062	54.8774	200
4709	49.5889	16.202	54.7829	200
4710	40.6857	16.1268	54.5312	200
4711	41.7821	16.0062	54.3035	200
4712	43.3057	15.8273	54.1072	200
4713	44.1217	15.6187	53.9288	200
4714	54.6517	15.0867	53.9417	200
4715	54.5354	14.5691	53.9523	200
4716	55.1078	14.09	53.973	200
4717	50.8634	13.6979	53.9175	200
4718	49.9081	13.3518	53.8459	200
4719	43.791	13.2341	53.6663	200
4720	43.711	13.117	53.4885	200
4721	45.0017	12.9516	53.337	200
4722	44.3307	12.8107	53.1762	200
4723	39.5542	12.8397	52.9329	200
4724	43.1797	12.7295	52.7587	200
4725	42.9596	12.6248	52.5838	200
4726	41.9866	12.5524	52.3945	200
4727	49.061	12.2231	52.335	200
4728	39.4203	12.2478	52.1044	200
4729	38.8186	12.2849	51.8671	200
4730	52.2689	11.8605	51.8743	200
4731	53.0499	11.4789	51.8953	200
4732	52.9278	11.1058	51.9137	200
4733	52.1614	10.718	51.9181	200
4734	50.8823	10.3722	51.8997	200
4735	50.3062	10.0587	51.8712	200
4736	53.0199	9.74049	51.8917	200
4737	57.1309	9.59982	51.9736	200
4738	57.6995	9.47876	52.063	200
4739	58.7189	9.39055	52.167	200
4740	59.0405	9.31189	52.2744	200
4741	58.5496	9.21699	52.3725	200
4742	52.1837	8.93486	52.3695	200
4743	51.9303	8.66937	52.3627	200
4744	52.6217	8.40655	52.3667	200
4745	36.5614	8.63776	52.1198	200
4746	35.9564	8.87293	51.8672	200
4747	54.7385	8.68538	51.9121	200
4748	54.0611	8.48112	51.9456	200
4749	53.8957	8.27703	51.9761	200
4750	53.9361	8.07962	52.0067	200
4751	53.2603	7.8663	52.0263	200
4752	53.4677	7.66552	52.0488	200
4753	50.0035	7.48989	52.0169	200
4754	49.1923	7.3441	51.9728	200
4755	52.3402	7.12608	51.9785	200
4756	54.4121	6.97944	52.0165	200
4757	54.9395	6.85267	52.0622	200
4758	53.4475	6.68182	52.0838	200
4759	53.5466	6.51872	52.1067	200
4760	52.4513	6.32578	52.1121	200
4761	52.2367	6.13199	52.114	200
4762	51.5264	5.95873	52.1048	200
4763	33.3304	6.35922	51.8115	200
4764	39.716	6.53848	51.6225	200
4765	53.9467	6.40678	51.6588	200
4766	53.2822	6.2573	51.6842	200
4767	52.6463	6.09183	51.6992	200
4768	53.441	5.95589	51.7264	200
4769	53.9972	5.84073	51.7619	200
4770	53.2365	5.71945	51.7824	200
4771	51.8335	5.56199	51.7831	200
4772	40.3119	5.72614	51.6238	200
4773	45.1259	5.74757	51.5335	200
4774	44.531	5.78243	51.4363	200
4775	45.2139	5.79465	51.3498	200
4776	46.3109	5.77366	51.2799	200
4777	47.5543	5.71676	51.2281	200
4778	54.7429	5.6556	51.2769	200
4779	55.8675	5.62601	51.3407	200
4780	55.0317	5.57226	51.3919	200
4781	48.4349	5.49962	51.3509	200
4782	33.8919	5.83182	51.1084	200
4783	38.2796	6.02618	50.9302	200
4784	39.7162	6.17029	50.7745	200
4785	40.1342	6.29446	50.6267	200
4786	46.0985	6.24539	50.5638	200
4787	46.7677	6.17736	50.5111	200
4788	46.7573	6.11003	50.4589	200
4789	47.5821	6.02022	50.419	200
4790	47.1709	5.94322	50.3739	200
4791	39.9858	6.06668	50.2296	200
4792	39.3466	6.20047	50.0784	200
4793	38.7675	6.34243	49.9213	200
4794	42.0194	6.38575	49.8116	200
4795	42.1791	6.42038	49.7056	200
4796	36.5229	6.60822	49.5225	200
4797	37.4665	6.75955	49.355	200
4798	39.0873	6.85699	49.2124	200
4799	39.3122	6.94153	49.0749	200
4800	40.4133	6.98931	48.9546	200
4801	37.2581	7.12007	48.7922	200
4802	35.3645	7.29528	48.6057	200
4803	45.6508	7.17471	48.5646	200
4804	40.3584	7.20336	48.4507	200
4805	41.821	7.18743	48.3586	200
4806	42.8657	7.14036	48.2823	200
4807	42.8464	7.09774	48.2143	200
4808	42.5669	7.06149	48.1437	200
4809	42.2312	7.03276	48.0698	200
4810	43.1367	6.98027	48.0082	200
4811	43.1552	6.92709	47.9475	200
4812	44.5124	6.83979	47.9046	200
4813	40.8709	6.84464	47.8166	200
4814	60.2084	6.98331	47.9715	200
4815	60.6885	7.12665	48.1305	200
4816	59.56	7.23423	48.2734	200
4817	57.2977	7.27898	48.3862	200
4818	58.2227	7.34292	48.5091	200
4819	56.5851	7.36124	48.6101	200
4820	56.0116	7.36225	48.7026	200
4821	55.7963	7.35553	48.7913	200
4822	46.2195	7.23594	48.7591	200
4823	45.7037	7.13143	48.7209	200
4824	46.9896	6.99642	48.6993	200
4825	46.6548	6.87262	48.6737	200
4826	48.1146	6.71479	48.6667	200
4827	48.1967	6.55867	48.6609	200
4828	49.0244	6.40379	48.6654	200
4829	50.3478	6.28575	48.6864	200
4830	48.4982	6.13331	48.6841	200
4831	49.9618	6.01192	48.7001	200
4832	50.3157	5.90202	48.7203	200
4833	52.1943	5.84132	48.7637	200
4834	32.4203	6.10387	48.5594	200
4835	55.8578	6.13373	48.6506	200
4836	54.7698	6.13337	48.7271	200
4837	55.1549	6.14073	48.8075	200
4838	54.9456	6.14066	48.8842	200
4839	55.9047	6.16266	48.9719	200
4840	58.3344	6.24265	49.089	200
4841	59.0093	6.3346	49.213	200
4842	59.5467	6.43457	49.3421	200
4843	59.5671	6.52933	49.47	200
4844	56.8638	6.55094	49.5624	200
4845	56.9284	6.57132	49.6544	200
4846	58.0475	6.61686	49.7594	200
4847	59.4882	6.69466	49.881	200
4848	60.1255	6.77534	49.9974	200
4849	60.8438	6.86786	50.1206	200
4850	59.5354	6.92575	50.2276	200
4851	61.4342	7.02304	50.355	200
4852	60.6907	7.09833	50.4724	200
4853	59.4576	7.14121	50.5745	200
4854	55.6486	7.09423	50.6322	200
4855	56.1811	7.0591	50.6952	200
4856	33.6159	7.28684	50.5012	200
4857	50.0145	7.13229	50.4956	200
4858	51.6833	6.99718	50.5091	200
4859	52.6878	6.88767	50.5339	200
4860	52.7356	6.78117	50.5589	200
4861	51.5479	6.64953	50.5701	200
4862	50.7387	6.50223	50.572	200
4863	49.2086	6.38544	50.5566	200
4864	55.8504	6.36064	50.6167	200
4865	57.1351	6.36422	50.6908	200
4866	59.2857	6.41492	50.7885	200
4867	60.1221	6.48125	50.8945	200
4868	60.0988	6.54314	50.9991	200
4869	61.4384	6.63169	51.1177	200
4870	61.4712	6.71627	51.2354	200
4871	60.9907	6.78534	51.3462	200
4872	60.2177	6.83275	51.4471	200
4873	59.6458	6.8638	51.5402	200
4874	59.6027	6.89104	51.6318	200
4875	59.587	6.91522	51.7222	200
4876	60.3121	6.95328	51.8199	200
4877	59.0891	6.96047	51.9025	200
4878	56.299	6.90219	51.9524	200
4879	41.3962	6.98524	51.8325	200
4880	59.9327	7.01058	51.9245	200
4881	58.9898	7.01182	52.0048	200
4882	59.6476	7.02616	52.0916	200
4883	58.9633	7.02265	52.1697	200
4884	60.1192	7.04371	52.2601	200
4885	59.0141	7.03713	52.3368	200
4886	52.6765	6.88491	52.3407	200
4887	53.5776	6.75655	52.3547	200
4888	53.3901	6.62652	52.3665	200
4889	51.3221	6.49965	52.3546	200
4890	51.6324	6.36835	52.3464	200
4891	50.8409	6.25783	52.3293	200
4892	52.2923	6.11644	52.3289	200
4893	51.4985	6.00632	52.3202	200
4894	53.0356	5.89609	52.3277	200
4895	59.284	5.91818	52.4002	200
4896	58.7812	5.92782	52.4666	200
4897	59.0184	5.94082	52.5349	200
4898	58.9547	5.9508	52.6017	200
4899	59.7993	5.97677	52.6767	200
4900	62.6509	6.06005	52.7806	200
4901	63.2723	6.15238	52.8899	200
4902	61.9541	6.21304	52.9843	200
4903	42.1641	6.30902	52.8716	200
4904	47.0971	6.29788	52.8115	200
4905	55.0752	6.21384	52.835	200
4906	55.2365	6.13441	52.8601	200
4907	54.8455	6.04798	52.8807	200
4908	54.8828	5.96369	52.9016	200
4909	55.4006	5.89151	52.9276	200
4910	53.2581	5.77565	52.9311	200
4911	51.8794	5.67723	52.9201	200
4912	51.8607	5.58103	52.9091	200
4913	51.7144	5.48964	52.8966	200
4914	51.7671	5.39881	52.8849	200
4915	50.8113	5.32953	52.8633	200
4916	51.5357	5.24615	52.8494	200
4917	51.6727	5.16137	52.8372	200
4918	48.4407	5.14544	52.7914	200
4919	45.5131	5.18987	52.7156	200
4920	50.9122	5.11932	52.6968	200
4921	50.7306	5.05363	52.6763	200
4922	51.1393	4.98036	52.6603	200
4923	51.4153	4.90254	52.6473	200
4924	54.9705	4.84881	52.6715	200
4925	55.838	4.81376	52.7045	200
4926	56.4152	4.79078	52.7431	200
4927	59.9574	4.84127	52.8183	200
4928	54.329	4.77188	52.834	200
4929	48.676	4.75909	52.7907	200
4930	56.4997	4.73721	52.8294	200
4931	56.297	4.71076	52.8655	200
4932	57.5089	4.70936	52.9138	200
4933	57.6491	4.7099	52.9632	200
4934	57.4483	4.70521	53.0099	200
4935	56.7926	4.686	53.0493	200
4936	56.069	4.65128	53.0807	200
4937	55.2304	4.59916	53.1031	200
4938	57.4214	4.59331	53.1481	200
4939	57.6273	4.59093	53.1948	200
4940	58.1478	4.59847	53.2464	200
4941	58.7571	4.61748	53.3038	200
4942	58.8916	4.63614	53.3575	200
4943	63.5516	4.74302	53.4555	200
4944	62.594	4.82755	53.5434	200
4945	57.4313	4.80948	53.5808	200
4946	57.4491	4.79138	53.618	200
4947	56.5355	4.75534	53.646	200
4948	55.3289	4.69626	53.6622	200
4949	50.2931	4.67074	53.6298	200
4950	55.4128	4.6152	53.647	200
4951	55.2426	4.55713	53.6623	200
4952	50.9975	4.52074	53.6367	200
4953	51.8023	4.46908	53.619	200
4954	49.3547	4.46514	53.578	200
4955	57.4938	4.45458	53.6157	200
4956	58.1124	4.45538	53.6589	200
4957	59.0687	4.47374	53.7109	200
4958	58.7504	4.48462	53.7594	200
4959	58.9182	4.49758	53.809	200
4960	58.9562	4.51008	53.8585	200
4961	59.9333	4.54017	53.9169	200
4962	59.6723	4.56354	53.9722	200
4963	58.9997	4.57246	54.0206	200
4964	59.0213	4.58069	54.0687	200
4965	58.4581	4.57702	54.1109	200
4966	58.5786	4.57491	54.1538	200
4967	59.2062	4.58409	54.2024	200
4968	63.4028	4.67287	54.2909	200
4969	59.0359	4.67426	54.3365	200
4970	56.7217	4.63023	54.3594	200
4971	56.5289	4.58291	54.3803	200
4972	55.6156	4.51853	54.3922	200
4973	55.4549	4.45208	54.4024	200
4974	56.0255	4.39767	54.418	200
4975	54.6595	4.31775	54.4203	200
4976	48.2032	4.35427	54.3605	200
4977	54.4954	4.27313	54.3618	200
4978	71.4683	4.51992	54.5263	200
4979	72.0007	4.76905	54.6943	200
4980	71.3913	4.99843	54.8549	200
4981	54.6056	4.9071	54.8525	200
4982	67.3387	5.05285	54.9725	200
4983	68.15	5.2091	55.0992	200
4984	68.0846	5.35864	55.2241	200
4985	68.1362	5.5039	55.3483	200
4986	68.1105	5.64348	55.471	200
4987	67.1203	5.75898	55.583	200
4988	68.1337	5.88959	55.7037	200
4989	67.619	6.00547	55.8182	200
4990	67.3852	6.11242	55.9295	200
4991	67.9367	6.22578	56.0449	200
4992	67.5584	6.32747	56.1556	200
4993	69.6565	6.46542	56.2854	200
4994	70.4767	6.61399	56.4219	200
4995	66.23	6.67103	56.5095	200
4996	67.278	6.7442	56.6056	200
4997	68.1482	6.82988	56.7087	200
4998	68.347	6.91575	56.8126	200
4999	68.6127	7.00296	56.9179	200
5000	68.7751	7.08965	57.0238	200
5001	68.8243	7.17377	57.1292	200
5002	70.2787	7.28048	57.2466	200
5003	71.1942	7.39953	57.3711	200
5004	64.4293	7.39344	57.4341	200
5005	48.1483	7.42723	57.3512	200
5006	49.7142	7.43098	57.283	200
5007	48.8901	7.44815	57.2081	200
5008	51.2018	7.42241	57.1545	200
5009	40.3805	7.5894	57.0047	200
5010	52.3433	7.53711	56.9631	200
5011	52.1627	7.48824	56.9202	200
5012	52.7801	7.42845	56.8832	200
5013	53.4805	7.35656	56.8529	200
5014	54.2843	7.27106	56.8299	200
5015	52.8887	7.2116	56.7947	200
5016	53.3759	7.14387	56.7642	200
5017	53.7061	7.07091	56.7369	200
5018	53.3005	7.00601	56.7062	200
5019	55.7401	6.89815	56.6976	200
5020	53.6279	6.82979	56.6702	200
5021	56.2692	6.71499	56.6666	200
5022	56.8568	6.59847	56.6683	200
5023	58.7769	6.5183	56.6871	200
5024	59.219	6.44711	56.7097	200
5025	59.7255	6.38583	56.7367	200
5026	59.8958	6.32821	56.7649	200
5027	59.6703	6.26709	56.7908	200
5028	60.5366	6.22207	56.8243	200
5029	60.1551	6.17044	56.854	200
5030	58.5062	6.08975	56.8687	200
5031	57.5941	5.99396	56.8752	200
5032	60.7881	5.9568	56.9102	200
5033	60.5563	5.91554	56.9427	200
5034	58.1805	5.83201	56.9538	200
5035	58.4894	5.75528	56.9675	200
5036	57.2865	5.65821	56.9703	200
5037	55.6606	5.58056	56.9586	200
5038	41.7044	5.7533	56.8224	200
5039	56.4943	5.65642	56.8195	200
5040	56.5231	5.56071	56.8168	200
5041	56.5308	5.46652	56.8143	200
5042	55.8705	5.38575	56.8059	200
5043	56.4636	5.29569	56.8028	200
5044	55.7922	5.21917	56.7938	200
5045	55.6754	5.14594	56.7838	200
5046	56.2372	5.06381	56.7789	200
5047	54.1476	5.02037	56.7554	200
5048	56.2401	4.93992	56.7508	200
5049	54.2387	4.89657	56.7284	200
5050	56.729	4.80914	56.7284	200
5051	57.3587	4.73452	56.734	200
5052	55.9709	4.66833	56.7277	200
5053	54.9813	4.61963	56.7131	200
5054	53.0865	4.60308	56.6829	200
5055	54.3608	4.56506	56.6635	200
5056	54.6327	4.52282	56.6466	200
5057	58.2181	4.47363	56.6597	200
5058	59.1863	4.44118	56.6808	200
5059	60.1998	4.42582	56.7101	200
5060	62.7212	4.45224	56.7602	200
5061	58.9001	4.4137	56.778	200
5062	57.9063	4.35894	56.7874	200
5063	58.3062	4.3116	56.8001	200
5064	57.8144	4.25665	56.8085	200
5065	56.9468	4.18801	56.8097	200
5066	55.3903	4.14186	56.7978	200
5067	55.7388	4.09048	56.789	200
5068	42.1952	4.26554	56.6674	200
5069	43.0677	4.42111	56.5541	200
5070	43.7038	4.56159	56.447	200
5071	43.7024	4.69797	56.3408	200
5072	45.1061	4.80692	56.2472	200
5073	45.4233	4.9072	56.157	200
5074	45.311	5.00618	56.0666	200
5075	53.4948	4.9656	56.0451	200
5076	65.6367	5.0427	56.1251	200
5077	65.1803	5.10958	56.2005	200
5078	67.273	5.20896	56.2928	200
5079	65.5544	5.2765	56.37	200
5080	66.8895	5.36388	56.4576	200
5081	69.2964	5.48846	56.5646	200
5082	68.0147	5.58782	56.6601	200
5083	70.6475	5.72782	56.7766	200
5084	71.8864	5.88418	56.9025	200
5085	69.8378	6.0017	57.0103	200
5086	69.6128	6.11171	57.1153	200
5087	66.1471	6.16038	57.1906	200
5088	65.238	6.19183	57.2577	200
5089	65.3965	6.22428	57.3255	200
5090	62.8693	6.21294	57.3717	200
5091	64.2395	6.22385	57.4289	200
5092	65.6588	6.25728	57.4975	200
5093	64.6675	6.27249	57.5573	200
5094	65.6106	6.30218	57.6244	200
5095	64.8381	6.31737	57.6845	200
5096	65.0313	6.33452	57.7457	200
5097	68.4136	6.40675	57.8346	200
5098	66.4256	6.44315	57.9062	200
5099	66.8912	6.48551	57.9811	200
5100	65.5955	6.50433	58.0445	200
5101	66.1362	6.53078	58.1119	200
5102	68.0202	6.58707	58.1945	200
5103	67.6588	6.63503	58.2734	200
5104	67.7392	6.6822	58.3523	200
5105	58.9069	6.58008	58.3569	200
5106	62.9267	6.54657	58.395	200
5107	62.5671	6.507	58.4297	200
5108	59.7094	6.41988	58.4404	200
5109	60.6676	6.35	58.459	200
5110	58.882	6.25122	58.4625	200
5111	57.7122	6.15953	58.4562	200
5112	67.0438	6.2	58.5278	200
5113	68.255	6.25511	58.6038	200
5114	65.8112	6.26999	58.6601	200
5115	67.213	6.30566	58.7269	200
5116	67.1886	6.33935	58.793	200
5117	68.3733	6.38999	58.8679	200
5118	67.7179	6.42843	58.937	200
5119	67.6372	6.46392	59.005	200
5120	69.4289	6.5258	59.0864	200
5121	69.5248	6.58693	59.168	200
5122	68.8951	6.636	59.244	200
5123	68.1119	6.67087	59.3132	200
5124	67.974	6.70196	59.3809	200
5125	67.1706	6.71896	59.4418	200
5126	67.768	6.74407	59.5068	200
5127	67.1718	6.75846	59.5667	200
5128	65.4437	6.74469	59.6126	200
5129	65.4919	6.73116	59.6585	200
5130	63.4275	6.68488	59.688	200
5131	64.0488	6.64857	59.722	200
5132	64.6071	6.62101	59.7602	200
5133	62.0032	6.5526	59.7777	200
5134	62.5263	6.49316	59.7992	200
5135	63.3316	6.4469	59.8268	200
5136	62.6901	6.39091	59.8492	200
5137	47.7695	6.47979	59.7548	200
5138	55.8571	6.43945	59.7243	200
5139	55.723	6.40135	59.6931	200
5140	55.0859	6.37332	59.6571	200
5141	64.8053	6.35417	59.6973	200
5142	66.7265	6.36472	59.7522	200
5143	61.8419	6.29792	59.7685	200
5144	63.74	6.26157	59.7996	200
5145	64.9018	6.24345	59.8394	200
5146	64.0596	6.21184	59.8724	200
5147	61.962	6.14743	59.8887	200
5148	62.0246	6.08475	59.9054	200
5149	60.9305	6.00569	59.9134	200
5150	61.9572	5.94379	59.9294	200
5151	63.9032	5.91301	59.9604	200
5152	64.1322	5.8858	59.993	200
5153	66.8968	5.9017	60.047	200
5154	66.8367	5.91558	60.1	200
5155	67.2998	5.93564	60.1563	200
5156	66.9345	5.94881	60.2092	200
5157	67.5636	5.97077	60.2667	200
5158	67.8929	5.99664	60.3262	200
5159	68.2858	6.02731	60.3884	200
5160	66.5715	6.02974	60.4367	200
5161	66.8481	6.0357	60.4868	200
5162	67.1591	6.04565	60.5389	200
5163	66.472	6.04389	60.5853	200
5164	65.2454	6.02227	60.6217	200
5165	65.2236	6.00007	60.6577	200
5166	64.7825	5.97077	60.6899	200
5167	66.0052	5.96053	60.7314	200
5168	67.1077	5.96703	60.7812	200
5169	66.5431	5.96382	60.8262	200
5170	58.1661	5.9122	60.8055	200
5171	68.3913	5.93835	60.8647	200
5172	70.2833	5.99273	60.9383	200
5173	62.2743	5.91997	60.9487	200
5174	59.6399	5.84792	60.9385	200
5175	62.6766	5.7837	60.9521	200
5176	63.0341	5.72586	60.9684	200
5177	63.6553	5.67838	60.9893	200
5178	62.5999	5.61856	61.0012	200
5179	62.6144	5.55965	61.013	200
5180	64.0774	5.52296	61.0356	200
5181	64.6641	5.4951	61.0623	200
5182	66.2226	5.49017	61.1002	200
5183	64.716	5.46261	61.1268	200
5184	62.54	5.40306	61.1372	200
5185	61.2204	5.32483	61.1378	200
5186	59.1011	5.27647	61.1228	200
5187	59.6723	5.22021	61.1122	200
5188	59.3674	5.1691	61.0993	200
5189	60.7821	5.09774	61.097	200
5190	60.088	5.03761	61.0896	200
5191	60.5213	4.97189	61.0854	200
5192	62.8076	4.9241	61.0981	200
5193	62.1496	4.86715	61.1058	200
5194	63.5854	4.83204	61.124	200
5195	63.314	4.79318	61.1401	200
5196	64.182	4.76743	61.1625	200
5197	65.7652	4.76501	61.1963	200
5198	66.4495	4.77218	61.235	200
5199	66.4907	4.77929	61.2736	200
5200	65.778	4.77525	61.3067	200
5201	65.9922	4.77393	61.3412	200
5202	65.4349	4.76393	61.3713	200
5203	64.4424	4.73903	61.3939	200
5204	58.4933	4.71199	61.3725	200
5205	60.5209	4.65522	61.3663	200
5206	60.4498	4.60024	61.3595	200
5207	61.131	4.53595	61.3578	200
5208	55.7101	4.5523	61.3163	200
5209	59.7223	4.5088	61.3046	200
5210	59.6287	4.46713	61.2923	200
5211	62.0351	4.41237	61.2977	200
5212	61.3971	4.34894	61.2985	200
5213	61.4736	4.28756	61.2997	200
5214	59.9904	4.24376	61.2901	200
5215	60.5948	4.19158	61.285	200
5216	59.4706	4.15662	61.2717	200
5217	59.3688	4.12348	61.2577	200
5218	59.3284	4.09121	61.2435	200
5219	60.4846	4.0422	61.2379	200
5220	59.673	4.00577	61.2264	200
5221	62.4153	3.96434	61.2351	200
5222	63.0332	3.93249	61.2484	200
5223	62.061	3.88661	61.2543	200
5224	62.9244	3.85401	61.2666	200
5225	62.1356	3.81011	61.273	200
5226	60.0356	3.77228	61.2639	200
5227	61.4829	3.72002	61.2655	200
5228	60.0603	3.68304	61.2567	200
5229	60.1616	3.64498	61.2486	200
5230	60.5628	3.60146	61.2436	200
5231	63.2525	3.57804	61.2583	200
5232	63.1289	3.55293	61.2721	200
5233	62.3974	3.51723	61.2804	200
5234	62.4697	3.483	61.2891	200
5235	61.6896	3.43766	61.292	200
5236	61.635	3.39215	61.2946	200
5237	62.2967	3.35701	61.3019	200
5238	58.1991	3.35327	61.2791	200
5239	53.2563	3.42194	61.2201	200
5240	52.1957	3.50433	61.1538	200
5241	51.1456	3.59997	61.0802	200
5242	51.8908	3.68217	61.0126	200
5243	47.6437	3.82462	60.9143	200
5244	54.0657	3.86909	60.864	200
5245	53.0584	3.92698	60.8066	200
5246	55.9251	3.94101	60.7707	200
5247	57.9956	3.92482	60.7514	200
5248	57.818	3.91105	60.731	200
5249	58.5579	3.88691	60.7159	200
5250	56.7571	3.88791	60.6884	200
5251	57.0992	3.88376	60.6635	200
5252	57.2414	3.87735	60.6397	200
5253	58.0593	3.85934	60.6218	200
5254	55.7851	3.87291	60.5882	200
5255	57.9843	3.85528	60.5702	200
5256	55.9915	3.86533	60.5384	200
5257	55.7023	3.87881	60.5048	200
5258	56.5457	3.87993	60.4773	200
5259	55.6844	3.89261	60.444	200
5260	55.9768	3.90058	60.413	200
5261	56.0429	3.90711	60.3826	200
5262	54.3894	3.93608	60.341	200
5263	55.8	3.94448	60.3095	200
5264	55.0208	3.96315	60.2727	200
5265	54.3114	3.9909	60.2313	200
5266	52.9524	4.03657	60.1808	200
5267	55.2827	4.04853	60.1468	200
5268	56.3249	4.04539	60.1202	200
5269	55.7224	4.05028	60.0897	200
5270	56.6735	4.04147	60.066	200
5271	56.7324	4.03164	60.0428	200
5272	57.7908	4.00692	60.0272	200
5273	58.0203	3.97914	60.0132	200
5274	60.2582	3.92728	60.0149	200
5275	61.074	3.88744	60.0223	200
5276	64.55	3.89634	60.0537	200
5277	63.8247	3.89459	60.0799	200
5278	62.5023	3.87414	60.0968	200
5279	57.7514	3.85291	60.0805	200
5280	57.7547	3.8317	60.0643	200
5281	56.3026	3.83073	60.0382	200
5282	58.3196	3.80139	60.0263	200
5283	57.4111	3.78492	60.0081	200
5284	56.7617	3.77744	59.9855	200
5285	56.3282	3.77577	59.9601	200
5286	56.8299	3.7668	59.9384	200
5287	59.4835	3.7208	59.9352	200
5288	59.579	3.67407	59.9328	200
5289	58.7778	3.63909	59.9248	200
5290	61.9914	3.61725	59.9391	200
5291	63.298	3.61366	59.9624	200
5292	63.6108	3.61414	59.9878	200
5293	63.4824	3.61248	60.012	200
5294	63.5377	3.61127	60.0365	200
5295	63.6951	3.61193	60.0619	200
5296	63.4746	3.60916	60.0856	200
5297	65.6593	3.63645	60.1243	200
5298	66.0449	3.66817	60.1654	200
5299	66.4567	3.7046	60.2091	200
5300	66.8858	3.74588	60.2555	200
5301	66.3221	3.77811	60.2976	200
5302	63.5256	3.77047	60.32	200
5303	59.9879	3.72271	60.3177	200
5304	63.0257	3.70862	60.3365	200
5305	62.2824	3.68413	60.35	200
5306	61.4155	3.64777	60.3574	200
5307	64.105	3.64915	60.3835	200
5308	63.9204	3.64759	60.408	200
5309	63.7405	3.64322	60.4312	200
5310	61.5044	3.60752	60.4386	200
5311	64.1308	3.60869	60.4643	200
5312	61.9435	3.57912	60.4745	200
5313	62.9347	3.56358	60.4916	200
5314	63.1046	3.55037	60.5098	200
5315	62.3096	3.52606	60.5223	200
5316	62.744	3.50794	60.5377	200
5317	61.627	3.47435	60.5453	200
5318	62.3299	3.45088	60.5577	200
5319	63.0584	3.43769	60.575	200
5320	61.8352	3.40903	60.5833	200
5321	66.5234	3.44234	60.6224	200
5322	66.1488	3.46976	60.6587	200
5323	66.9647	3.50708	60.7002	200
5324	64.9325	3.51662	60.7281	200
5325	69.8616	3.59052	60.7882	200
5326	69.9206	3.66344	60.8482	200
5327	67.5329	3.7032	60.8922	200
5328	64.0789	3.6964	60.9132	200
5329	63.2049	3.67792	60.9283	200
5330	64.0088	3.67006	60.9485	200
5331	64.0285	3.66229	60.9688	200
5332	63.8847	3.65247	60.988	200
5333	64.3362	3.64847	61.01	200
5334	63.245	3.62987	61.0247	200
5335	62.9512	3.60745	61.0374	200
5336	64.6823	3.60795	61.0614	200
5337	64.8661	3.61054	61.0864	200
5338	64.8292	3.61228	61.111	200
5339	64.8405	3.61382	61.1355	200
5340	66.3239	3.63454	61.1697	200
5341	62.0464	3.59825	61.1754	200
5342	64.7928	3.5985	61.1992	200
5343	64.8016	3.59855	61.2229	200
5344	62.4955	3.56794	61.2313	200
5345	64.6409	3.56586	61.2537	200
5346	64.4889	3.56151	61.275	200
5347	65.2365	3.56677	61.3011	200
5348	61.8779	3.52743	61.3049	200
5349	61.7987	3.48751	61.3081	200
5350	59.6878	3.46294	61.2975	200
5351	61.6161	3.42157	61.2996	200
5352	61.1673	3.37829	61.2987	200
5353	59.788	3.35371	61.2888	200
5354	62.3228	3.32319	61.2956	200
5355	61.0903	3.28216	61.2942	200
5356	63.3956	3.26663	61.308	200
5357	65.0254	3.27256	61.3325	200
5358	65.7054	3.28704	61.3613	200
5359	62.9064	3.26412	61.3714	200
5360	63.8076	3.25322	61.3875	200
5361	63.063	3.23246	61.3985	200
5362	61.7761	3.1949	61.401	200
5363	60.3324	3.16692	61.3939	200
5364	60.3274	3.13928	61.3869	200
5365	58.8854	3.13089	61.3705	200
5366	58.9161	3.12199	61.3543	200
5367	58.3682	3.1202	61.3347	200
5368	57.1168	3.13464	61.3069	200
5369	56.4943	3.15672	61.2752	200
5370	56.3924	3.17943	61.2431	200
5371	56.1818	3.20419	61.2098	200
5372	57.5439	3.21027	61.1857	200
5373	60.9826	3.1707	61.1844	200
5374	60.5846	3.13687	61.1804	200
5375	61.7513	3.10311	61.1842	200
5376	62.4585	3.07905	61.1926	200
5377	62.2238	3.0521	61.1993	200
5378	61.4058	3.01466	61.2007	200
5379	61.7424	2.98212	61.2043	200
5380	58.8541	2.9738	61.1888	200
5381	60.9343	2.93802	61.1871	200
5382	60.3705	2.91011	61.1818	200
5383	56.1813	2.93761	61.1489	200
5384	59.1551	2.92519	61.1357	200
5385	61.9829	2.89785	61.1413	200
5386	61.5481	2.86507	61.144	200
5387	63.1389	2.85362	61.1571	200
5388	62.225	2.83012	61.1641	200
5389	61.4669	2.79687	61.1661	200
5390	61.161	2.76014	61.1661	200
5391	62.1733	2.73707	61.1727	200
5392	62.7981	2.72244	61.1834	200
5393	62.6837	2.70636	61.1933	200
5394	61.0956	2.67204	61.1926	200
5395	61.3561	2.63903	61.1937	200
5396	64.1766	2.64355	61.2133	200
5397	64.2472	2.64843	61.2323	200
5398	63.0897	2.63854	61.2439	200
5399	64.5642	2.64706	61.2647	200
5400	64.5885	2.65552	61.2854	200
5401	66.9523	2.69316	61.3209	200
5402	63.4664	2.68632	61.3343	200
5403	63.403	2.6786	61.3472	200
5404	62.898	2.6645	61.3569	200
5405	62.8264	2.64956	61.3661	200
5406	66.6207	2.68213	61.3989	200
5407	66.7617	2.71563	61.4324	200
5408	66.459	2.74452	61.4638	200
5409	67.4291	2.78478	61.5011	200
5410	67.1987	2.82119	61.5367	200
5411	65.3494	2.83358	61.5606	200
5412	62.1588	2.80564	61.5643	200
5413	59.5893	2.79525	61.552	200
5414	59.499	2.78598	61.5391	200
5415	65.8684	2.80527	61.5662	200
5416	66.8903	2.83675	61.5995	200
5417	66.8294	2.86667	61.6321	200
5418	68.6958	2.91913	61.6763	200
5419	70.243	2.98972	61.7298	200
5420	69.5897	3.0506	61.779	200
5421	70.9733	3.12739	61.8364	200
5422	71.5879	3.21019	61.8974	200
5423	68.5503	3.25323	61.9389	200
5424	65.7621	3.26035	61.9628	200
5425	65.9893	3.26993	61.988	200
5426	63.7759	3.2514	61.9992	200
5427	65.705	3.25708	62.0223	200
5428	65.1005	3.25484	62.0416	200
5429	67.4916	3.28228	62.0756	200
5430	69.7467	3.33714	62.1236	200
5431	67.0392	3.35687	62.1543	200
5432	67.5735	3.38265	62.1882	200
5433	66.7764	3.39772	62.2168	200
5434	66.4145	3.40772	62.2431	200
5435	66.8739	3.42301	62.272	200
5436	68.6415	3.45984	62.3118	200
5437	68.4163	3.49289	62.35	200
5438	71.0124	3.55751	62.4041	200
5439	68.6833	3.59153	62.4434	200
5440	68.7114	3.62499	62.4825	200
5441	68.4338	3.65407	62.5197	200
5442	68.3925	3.6818	62.5564	200
5443	68.4231	3.70911	62.5931	200
5444	71.0901	3.76896	62.6462	200
5445	71.2612	3.82953	62.7001	200
5446	67.644	3.84346	62.731	200
5447	69.0166	3.87399	62.7702	200
5448	70.4221	3.92121	62.8181	200
5449	71.5782	3.9817	62.8728	200
5450	72.0953	4.04721	62.9305	200
5451	71.3504	4.10187	62.9831	200
5452	72.0601	4.16405	63.0398	200
5453	71.411	4.21664	63.0921	200
5454	73.8671	4.29862	63.1595	200
5455	66.7297	4.28951	63.1818	200
5456	67.9829	4.29591	63.2118	200
5457	68.074	4.30299	63.2422	200
5458	67.5922	4.30358	63.2694	200
5459	66.1089	4.28527	63.2871	200
5460	66.7527	4.27503	63.3088	200
5461	66.1562	4.25718	63.3266	200
5462	67.5398	4.25663	63.3529	200
5463	67.759	4.2585	63.3804	200
5464	67.5671	4.2576	63.4066	200
5465	67.8276	4.25964	63.4342	200
5466	68.979	4.27571	63.4689	200
5467	69.9635	4.30344	63.5095	200
5468	70.0389	4.33127	63.5503	200
5469	68.4757	4.33869	63.5811	200
5470	66.0262	4.31502	63.5964	200
5471	65.9586	4.29061	63.6111	200
5472	64.7774	4.25156	63.6184	200
5473	64.8556	4.21388	63.6261	200
5474	64.0451	4.16644	63.6288	200
5475	61.5985	4.13974	63.6161	200
5476	68.6856	4.15136	63.6478	200
5477	71.2868	4.19496	63.6955	200
5478	71.4349	4.23715	63.7416	200
5479	68.7817	4.24671	63.7716	200
5480	69.5215	4.26461	63.8058	200
5481	71.1967	4.30182	63.8498	200
5482	69.4631	4.31744	63.8832	200
5483	69.4938	4.33283	63.9166	200
5484	70.293	4.35716	63.9545	200
5485	69.6119	4.37264	63.9882	200
5486	69.3409	4.3843	64.0201	200
5487	69.0844	4.3924	64.0502	200
5488	68.777	4.39638	64.0784	200
5489	66.9043	4.37768	64.0952	200
5490	67.1361	4.36177	64.1133	200
5491	66.4867	4.3381	64.1274	200
5492	67.4841	4.32641	64.1474	200
5493	68.7346	4.32952	64.1747	200
5494	70.1981	4.34968	64.2105	200
5495	67.3875	4.33572	64.2295	200
5496	68.3456	4.3331	64.254	200
5497	66.8924	4.31293	64.2697	200
5498	66.229	4.28491	64.2813	200
5499	65.4628	4.24796	64.2884	200
5500	66.6532	4.22554	64.3024	200
5501	63.9917	4.17894	64.3006	200
5502	65.9467	4.14879	64.3104	200
5503	64.6436	4.10336	64.3124	200
5504	68.447	4.10373	64.337	200
5505	68.6232	4.10591	64.3625	200
5506	69.7956	4.12171	64.3948	200
5507	69.3874	4.13207	64.4245	200
5508	67.0854	4.11456	64.4404	200
5509	69.1965	4.1222	64.4687	200
5510	69.4515	4.13244	64.4983	200
5511	68.5328	4.13127	64.5224	200
5512	68.6986	4.13181	64.5472	200
5513	69.2279	4.13834	64.5751	200
5514	69.0951	4.14289	64.602	200
5515	69.1727	4.14798	64.6292	200
5516	69.0491	4.15121	64.6555	200
5517	60.8086	4.14759	64.6326	200
5518	59.6331	4.15773	64.6028	200
5519	61.0717	4.15027	64.5818	200
5520	60.386	4.15082	64.5568	200
5521	60.3016	4.15206	64.5315	200
5522	60.3823	4.15202	64.5068	200
5523	58.0467	4.1795	64.4684	200
5524	57.6561	4.21084	64.4278	200
5525	59.8908	4.21472	64.4008	200
5526	66.6601	4.19145	64.4143	200
5527	66.0714	4.16128	64.4241	200
5528	65.6031	4.12577	64.4311	200
5529	70.5622	4.14964	64.4676	200
5530	69.4291	4.15931	64.4972	200
5531	71.2715	4.19044	64.5375	200
5532	69.2202	4.1963	64.5654	200
5533	69.9721	4.21071	64.5975	200
5534	70.4208	4.2299	64.6322	200
5535	68.3631	4.22396	64.6544	200
5536	66.888	4.20027	64.6677	200
5537	68.2964	4.19346	64.6893	200
5538	67.4688	4.17663	64.7058	200
5539	68.3463	4.17025	64.7275	200
5540	68.2273	4.16226	64.7483	200
5541	67.3728	4.14396	64.764	200
5542	69.6765	4.15311	64.7932	200
5543	70.5532	4.17223	64.8275	200
5544	68.2994	4.1639	64.8482	200
5545	68.2922	4.15533	64.8687	200
5546	64.3308	4.11226	64.8655	200
5547	64.5242	4.06737	64.8634	200
5548	63.0605	4.04041	64.8527	200
5549	62.3105	4.02257	64.8376	200
5550	64.414	3.97973	64.835	200
5551	68.2985	3.97358	64.8557	200
5552	68.7647	3.97281	64.8789	200
5553	69.8352	3.98452	64.9084	200
5554	69.631	3.9933	64.9365	200
5555	69.8798	4.00461	64.966	200
5556	70.5705	4.02366	64.9993	200
5557	69.8558	4.03357	65.0282	200
5558	71.4871	4.06245	65.0667	200
5559	74.052	4.12105	65.1201	200
5560	73.2815	4.16915	65.1687	200
5561	73.1083	4.21404	65.216	200
5562	75.8908	4.29095	65.2795	200
5563	75.8479	4.36228	65.3396	200
5564	77.0284	4.44554	65.406	200
5565	76.2392	4.51813	65.4675	200
5566	76.9478	4.59724	65.5328	200
5567	76.8463	4.67356	65.597	200
5568	74.5549	4.72225	65.6479	200
5569	68.6545	4.70275	65.665	200
5570	68.5199	4.68175	65.6812	200
5571	69.1297	4.66774	65.7008	200
5572	64.6283	4.62688	65.6947	200
5573	64.501	4.58787	65.688	200
5574	62.6599	4.57014	65.6708	200
5575	63.241	4.54582	65.657	200
5576	69.5518	4.53842	65.6791	200
5577	68.2884	4.5165	65.6939	200
5578	69.0387	4.50318	65.7129	200
5579	69.6099	4.49629	65.7351	200
5580	66.8824	4.45824	65.7416	200
5581	67.5335	4.42794	65.7518	200
5582	65.4258	4.38132	65.7499	200
5583	70.4631	4.38509	65.7767	200
5584	70.4697	4.38859	65.8033	200
5585	68.3594	4.36777	65.8179	200
5586	70.9719	4.3767	65.8471	200
5587	71.2566	4.38844	65.8779	200
5588	71.8344	4.40626	65.9117	200
5589	71.8293	4.42343	65.9454	200
5590	73.8268	4.46273	65.9901	200
5591	73.8988	4.50188	66.0351	200
5592	73.9997	4.54123	66.0803	200
5593	71.8763	4.55549	66.1132	200
5594	65.0187	4.51616	66.107	200
5595	68.682	4.4941	66.1217	200
5596	67.6385	4.46027	66.1303	200
5597	69.2999	4.4456	66.1483	200
5598	69.036	4.4279	66.1647	200
5599	69.2311	4.41242	66.1821	200
5600	70.5338	4.41174	66.2068	200
5601	68.2478	4.38479	66.2184	200
5602	67.7929	4.35286	66.2274	200
5603	69.4049	4.3395	66.2454	200
5604	69.108	4.32272	66.2617	200
5605	66.69	4.27846	66.2641	200
5606	67.6861	4.246	66.2722	200
5607	67.56	4.21238	66.2795	200
5608	67.1047	4.17389	66.2842	200
5609	67.1342	4.13612	66.289	200
5610	67.7699	4.10595	66.2975	200
5611	68.1972	4.08087	66.3083	200
5612	68.6107	4.06067	66.3213	200
5613	67.5731	4.02874	66.3284	200
5614	67.7709	3.99935	66.3366	200
5615	67.6477	3.96881	66.3441	200
5616	67.7064	3.93919	66.3518	200
5617	69.2464	3.92732	66.3683	200
5618	69.7659	3.9213	66.3876	200
5619	72.0306	3.94086	66.4196	200
5620	65.2298	3.9096	66.4129	200
5621	66.2897	3.86657	66.4122	200
5622	66.2504	3.82447	66.4113	200
5623	66.4023	3.78111	66.4112	200
5624	68.0197	3.75642	66.4204	200
5625	68.2388	3.7344	66.4307	200
5626	69.3603	3.72525	66.4473	200
5627	64.2571	3.70781	66.4349	200
5628	67.0324	3.67247	66.4383	200
5629	66.3116	3.63217	66.4376	200
5630	63.5348	3.62388	66.4211	200
5631	68.4556	3.60582	66.4326	200
5632	69.1483	3.59571	66.4481	200
5633	70.4286	3.60008	66.4707	200
5634	66.9085	3.56414	66.4732	200
5635	66.3139	3.52545	66.4723	200
5636	68.947	3.51351	66.4863	200
5637	69.0729	3.50298	66.501	200
5638	68.503	3.48592	66.5124	200
5639	65.483	3.458	66.5065	200
5640	68.5999	3.4425	66.5184	200
5641	67.5872	3.41552	66.5245	200
5642	68.4578	3.39868	66.5355	200
5643	71.4939	3.4164	66.5637	200
5644	71.3007	3.43141	66.5906	200
5645	72.6747	3.46155	66.6251	200
5646	70.7236	3.46879	66.6484	200
5647	68.5317	3.45077	66.6591	200
5648	68.8392	3.43633	66.6715	200
5649	69.9057	3.43403	66.6899	200
5650	71.1024	3.44515	66.715	200
5651	72.4234	3.47087	66.7474	200
5652	72.7445	3.49833	66.78	200
5653	74.8228	3.54772	66.8237	200
5654	75.6203	3.60478	66.8715	200
5655	75.0217	3.65418	66.9158	200
5656	74.2502	3.69419	66.9557	200
5657	74.404	3.73499	66.9961	200
5658	76.6833	3.79969	67.0488	200
5659	75.2557	3.84759	67.0934	200
5660	75.3257	3.89525	67.1381	200
5661	74.5304	3.93327	67.1783	200
5662	73.0387	3.95421	67.2101	200
5663	74.1722	3.98691	67.248	200
5664	71.2186	3.98673	67.2696	200
5665	72.5345	4.00062	67.2982	200
5666	71.8865	4.00701	67.3231	200
5667	72.6784	4.02166	67.3522	200
5668	72.0713	4.02924	67.3779	200
5669	71.6651	4.03205	67.4012	200
5670	70.9327	4.0266	67.4204	200
5671	70.3043	4.01419	67.436	200
5672	73.8382	4.04014	67.4708	200
5673	71.0438	4.03506	67.4902	200
5674	71.8094	4.03815	67.5137	200
5675	71.8239	4.04111	67.5371	200
5676	67.5275	3.99729	67.5371	200
5677	66.8728	3.96106	67.5335	200
5678	66.3619	3.93074	67.5271	200
5679	68.3825	3.89731	67.5318	200
5680	69.6503	3.87798	67.5433	200
5681	68.7179	3.84859	67.5497	200
5682	70.7089	3.8411	67.5668	200
5683	71.9844	3.84736	67.5908	200
5684	69.7751	3.82929	67.6027	200
5685	67.0024	3.79419	67.5994	200
5686	66.4525	3.76541	67.5932	200
5687	72.8993	3.78216	67.622	200
5688	69.893	3.76573	67.6344	200
5689	70.1158	3.75177	67.6479	200
5690	72.8927	3.768	67.6764	200
5691	73.5729	3.79113	67.7084	200
5692	76.2981	3.84329	67.7551	200
5693	76.384	3.89531	67.802	200
5694	75.596	3.93769	67.8444	200
5695	74.1353	3.96326	67.8785	200
5696	73.5132	3.98143	67.9092	200
5697	74.2208	4.00676	67.9435	200
5698	74.0257	4.02932	67.9765	200
5699	71.607	4.02498	67.9963	200
5700	74.0272	4.04679	68.029	200
5701	73.98	4.06748	68.0614	200
5702	73.7313	4.0849	68.0922	200
5703	73.8153	4.10271	68.1233	200
5704	70.8865	4.08815	68.1383	200
5705	72.8962	4.09543	68.1642	200
5706	72.2742	4.09559	68.1865	200
5707	72.3019	4.0958	68.2089	200
5708	74.4379	4.11899	68.2427	200
5709	74.0284	4.1371	68.2742	200
5710	74.8285	4.16338	68.3098	200
5711	73.3591	4.17301	68.3372	200
5712	72.2336	4.17	68.3584	200
5713	75.165	4.19866	68.3954	200
5714	74.6263	4.22075	68.4293	200
5715	73.5642	4.23068	68.4572	200
5716	73.483	4.23933	68.4845	200
5717	74.5243	4.2589	68.5173	200
5718	71.826	4.24857	68.5353	200
5719	72.6191	4.24678	68.5575	200
5720	72.4791	4.24324	68.5788	200
5721	74.3611	4.25997	68.6102	200
5722	75.8199	4.29203	68.6494	200
5723	75.166	4.31621	68.6848	200
5724	73.7843	4.32472	68.7125	200
5725	72.9656	4.32394	68.7356	200
5726	72.2838	4.31551	68.7549	200
5727	72.4935	4.30924	68.7752	200
5728	71.0078	4.28667	68.7874	200
5729	72.3913	4.27924	68.807	200
5730	72.4399	4.27222	68.8267	200
5731	73.1494	4.27277	68.8502	200
5732	73.157	4.27314	68.8736	200
5733	65.3149	4.26537	68.8543	200
5734	67.9288	4.22907	68.8492	200
5735	69.5113	4.19029	68.8528	200
5736	67.713	4.15714	68.8466	200
5737	75.31	4.1822	68.8818	200
5738	74.1364	4.19386	68.9103	200
5739	74.0357	4.20398	68.9382	200
5740	74.9845	4.22401	68.971	200
5741	74.3543	4.23661	69.0003	200
5742	75.0152	4.25594	69.033	200
5743	74.9688	4.2742	69.0652	200
5744	75.5802	4.29855	69.1006	200
5745	75.7498	4.32304	69.1353	200
5746	78.106	4.37145	69.182	200
5747	76.3043	4.4001	69.2191	200
5748	76.2847	4.42787	69.2559	200
5749	77.5306	4.46794	69.299	200
5750	84.1574	4.57618	69.3764	200
5751	85.5305	4.69678	69.4605	200
5752	83.5036	4.79413	69.5337	200
5753	84.0671	4.89559	69.6093	200
5754	84.0973	4.99551	69.6848	200
5755	82.0266	5.07203	69.7491	200
5756	84.8125	5.17611	69.8275	200
5757	83.9982	5.2698	69.9013	200
5758	84.048	5.36227	69.975	200
5759	84.7459	5.46027	70.052	200
5760	80.2444	5.50957	70.105	200
5761	80.7339	5.56289	70.1604	200
5762	81.9266	5.62751	70.2217	200
5763	82.4417	5.69618	70.2853	200
5764	81.1364	5.74988	70.3418	200
5765	80.2132	5.79281	70.3933	200
5766	79.5545	5.8279	70.441	200
5767	78.1838	5.84784	70.4813	200
5768	76.4354	5.84895	70.5123	200
5769	73.4906	5.81905	70.5278	200
5770	74.3758	5.79851	70.5479	200
5771	75.5546	5.79026	70.5739	200
5772	78.3688	5.81114	70.6145	200
5773	79.4148	5.84228	70.6604	200
5774	78.526	5.86336	70.7013	200
5775	78.6939	5.88554	70.743	200
5776	76.7749	5.88706	70.7744	200
5777	77.7192	5.89808	70.8105	200
5778	78.7438	5.91928	70.8519	200
5779	78.6559	5.93891	70.8925	200
5780	80.2057	5.97406	70.941	200
5781	77.5179	5.98034	70.9753	200
5782	74.5733	5.95552	70.994	200
5783	75.528	5.94071	71.0176	200
5784	67.2882	5.91768	70.9982	200
5785	67.7896	5.88946	70.9815	200
5786	74.1572	5.86119	70.998	200
5787	74.668	5.83836	71.0171	200
5788	76.0377	5.82984	71.0433	200
5789	76.7746	5.82882	71.0731	200
5790	77.4276	5.83429	71.1062	200
5791	77.5132	5.84026	71.1396	200
5792	80.7348	5.87937	71.1896	200
5793	81.0167	5.92049	71.2408	200
5794	78.9425	5.93905	71.2809	200
5795	77.8292	5.94539	71.315	200
5796	77.5758	5.94868	71.3476	200
5797	79.1686	5.96818	71.3883	200
5798	72.5343	5.91795	71.3943	200
5799	72.722	5.87013	71.4012	200
5800	78.1552	5.87934	71.4364	200
5801	77.6169	5.88248	71.4686	200
5802	79.5734	5.90563	71.5108	200
5803	79.5137	5.92747	71.5525	200
5804	76.2369	5.91452	71.5769	200
5805	76.1246	5.90029	71.6005	200
5806	76.8459	5.89346	71.6279	200
5807	76.3103	5.88085	71.6523	200
5808	76.8052	5.87327	71.6791	200
5809	76.767	5.86508	71.7056	200
5810	76.0174	5.8489	71.728	200
5811	76.2514	5.8351	71.7516	200
5812	78.112	5.84057	71.7847	200
5813	78.3834	5.84846	71.8191	200
5814	78.1474	5.85346	71.8521	200
5815	79.6838	5.87407	71.8928	200
5816	80.1707	5.89911	71.936	200
5817	81.7464	5.93985	71.9871	200
5818	81.4711	5.97677	72.0365	200
5819	81.7583	6.01578	72.0871	200
5820	78.2406	6.01721	72.1191	200
5821	77.1845	6.0073	72.1455	200
5822	76.1095	5.98601	72.1662	200
5823	75.3848	5.95718	72.1829	200
5824	75.21	5.92666	72.1987	200
5825	73.6962	5.88052	72.2065	200
5826	71.3081	5.82863	72.2018	200
5827	73.963	5.78626	72.211	200
5828	72.9585	5.73377	72.2149	200
5829	72.9072	5.68126	72.2185	200
5830	73.5522	5.63597	72.2254	200
5831	71.5647	5.58414	72.222	200
5832	74.3043	5.54767	72.2328	200
5833	74.3008	5.51142	72.2436	200
5834	67.3412	5.50507	72.2181	200
5835	66.557	5.5067	72.1886	200
5836	65.9338	5.51449	72.156	200
5837	64.0625	5.54135	72.1139	200
5838	63.9356	5.56882	72.0713	200
5839	64.0308	5.59457	72.0294	200
5840	62.4306	5.63628	71.9794	200
5841	62.7651	5.67355	71.9314	200
5842	64.5333	5.69079	71.8944	200
5843	64.2319	5.71051	71.8561	200
5844	68.6973	5.68499	71.8403	200
5845	72.2166	5.6319	71.8422	200
5846	70.7967	5.58604	71.8369	200
5847	70.2767	5.54578	71.8291	200
5848	69.8681	5.50993	71.8193	200
5849	77.3697	5.51034	71.8471	200
5850	77.4889	5.51165	71.8753	200
5851	77.5474	5.51325	71.9037	200
5852	77.3443	5.51253	71.9309	200
5853	77.1863	5.50995	71.9571	200
5854	78.2074	5.51736	71.9884	200
5855	77.2789	5.51509	72.0148	200
5856	78.5	5.52479	72.0473	200
5857	79.1781	5.54085	72.0829	200
5858	78.6753	5.55136	72.1159	200
5859	79.4157	5.56885	72.1524	200
5860	80.2014	5.59365	72.1926	200
5861	79.4588	5.61038	72.229	200
5862	79.2918	5.6249	72.2643	200
5863	79.496	5.64097	72.3004	200
5864	77.3912	5.63546	72.3259	200
5865	77.2784	5.62864	72.3506	200
5866	80.552	5.65436	72.3916	200
5867	79.6481	5.67038	72.4279	200
5868	78.7168	5.67657	72.4594	200
5869	78.7691	5.6829	72.4909	200
5870	78.8429	5.68959	72.5227	200
5871	78.2064	5.68953	72.5511	200
5872	78.6973	5.69409	72.5818	200
5873	78.8054	5.69939	72.6129	200
5874	79.4032	5.7103	72.6469	200
5875	79.9573	5.7263	72.6835	200
5876	77.3399	5.7156	72.7067	200
5877	78.1325	5.7127	72.7339	200
5878	78.8733	5.71697	72.7646	200
5879	78.8522	5.72067	72.795	200
5880	78.9524	5.72504	72.8258	200
5881	76.7758	5.70729	72.8455	200
5882	76.0232	5.68199	72.8614	200
5883	75.426	5.65082	72.8742	200
5884	76.9377	5.63494	72.8946	200
5885	76.7491	5.61714	72.9138	200
5886	77.2311	5.60414	72.9354	200
5887	77.176	5.5905	72.9566	200
5888	77.1673	5.5767	72.9777	200
5889	77.5807	5.56696	73.0007	200
5890	78.1496	5.56278	73.0264	200
5891	81.7652	5.59454	73.0701	200
5892	80.8712	5.61661	73.1091	200
5893	82.7318	5.65667	73.1572	200
5894	78.0148	5.64868	73.1815	200
5895	79.3895	5.65427	73.2126	200
5896	78.5664	5.65126	73.2393	200
5897	78.5026	5.64738	73.2657	200
5898	76.7296	5.62555	73.283	200
5899	72.5661	5.57646	73.2794	200
5900	73.727	5.52517	73.2816	200
5901	72.3796	5.47894	73.2771	200
5902	71.9375	5.43755	73.2704	200
5903	71.3797	5.40208	73.261	200
5904	71.7626	5.36304	73.2535	200
5905	72.5633	5.31631	73.25	200
5906	81.9806	5.35045	73.2937	200
5907	81.7461	5.38147	73.3359	200
5908	82.0607	5.4149	73.3796	200
5909	84.2731	5.46969	73.434	200
5910	82.526	5.50591	73.4795	200
5911	81.7561	5.53362	73.5209	200
5912	82.4772	5.56784	73.5656	200
5913	83.5025	5.61153	73.6153	200
5914	85.5401	5.67467	73.675	200
5915	85.2149	5.73332	73.7327	200
5916	82.0442	5.7591	73.7742	200
5917	81.7234	5.781	73.814	200
5918	81.3021	5.79807	73.8514	200
5919	81.4788	5.81636	73.8895	200
5920	85.5884	5.87519	73.948	200
5921	86.0743	5.9377	74.0087	200
5922	85.6506	5.99474	74.0669	200
5923	85.9962	6.05409	74.1265	200
5924	86.7705	6.11998	74.1897	200
5925	86.7785	6.18467	74.2527	200
5926	86.7003	6.2473	74.3149	200
5927	85.3577	6.29526	74.3701	200
5928	83.9349	6.32795	74.4179	200
5929	84.0194	6.36069	74.466	200
5930	83.3445	6.38586	74.5103	200
5931	82.6554	6.40346	74.5511	200
5932	81.9925	6.41383	74.5883	200
5933	83.2376	6.43619	74.6315	200
5934	81.8579	6.44409	74.6677	200
5935	85.3275	6.48625	74.721	200
5936	86.1776	6.53595	74.7782	200
5937	86.9794	6.5926	74.8392	200
5938	88.6184	6.66447	74.9081	200
5939	88.3497	6.73224	74.9753	200
5940	88.3018	6.79818	75.042	200
5941	85.3931	6.83371	75.0937	200
5942	85.9937	6.87437	75.1482	200
5943	85.3923	6.90677	75.1975	200
5944	82.5886	6.91143	75.233	200
5945	84.053	6.92978	75.2754	200
5946	82.484	6.93246	75.3101	200
5947	83.5582	6.94511	75.3497	200
5948	83.5513	6.95719	75.3892	200
5949	85.6064	6.98854	75.4383	200
5950	83.9735	7.00341	75.4793	200
5951	84.55	7.02328	75.5229	200
5952	83.85	7.03582	75.563	200
5953	84.4437	7.05356	75.6056	200
5954	85.7493	7.08327	75.6544	200
5955	85.1267	7.10624	75.7	200
5956	84.7205	7.12465	75.7433	200
5957	73.9647	7.07324	75.7348	200
5958	72.8999	7.03249	75.7211	200
5959	73.5247	6.98599	75.7106	200
5960	69.9519	6.97419	75.6829	200
5961	70.1979	6.95987	75.6565	200
5962	70.9323	6.93837	75.6338	200
5963	70.2361	6.92356	75.6079	200
5964	69.8812	6.91205	75.5803	200
5965	71.2736	6.88699	75.5596	200
5966	79.5536	6.85918	75.5788	200
5967	79.4113	6.83007	75.5972	200
5968	80.5852	6.81236	75.6212	200
5969	84.0565	6.82796	75.6618	200
5970	85.4409	6.85634	75.7088	200
5971	81.2251	6.84345	75.7353	200
5972	83.598	6.85325	75.7731	200
5973	83.8846	6.86535	75.8121	200
5974	83.1649	6.87004	75.8475	200
5975	82.1778	6.86485	75.8779	200
5976	82.302	6.86061	75.9088	200
5977	82.0032	6.85324	75.9381	200
5978	81.591	6.8417	75.9653	200
5979	82.1965	6.83583	75.9952	200
5980	82.2347	6.8301	76.0252	200
5981	82.1365	6.82318	76.0546	200
5982	86.48	6.85782	76.1047	200
5983	87.2704	6.89924	76.1584	200
5984	88.5805	6.95235	76.2181	200
5985	89.9525	7.01756	76.2841	200
5986	86.8923	7.05208	76.3351	200
5987	86.3569	7.08063	76.3833	200
5988	86.3985	7.10885	76.4315	200
5989	84.6199	7.11923	76.4708	200
5990	83.5604	7.11894	76.5049	200
5991	84.1503	7.12401	76.5417	200
5992	84.8682	7.13557	76.5817	200
5993	86.9752	7.16689	76.6317	200
5994	87.6929	7.20434	76.6849	200
5995	87.1321	7.23552	76.7351	200
5996	88.4235	7.27833	76.7913	200
5997	86.8367	7.30494	76.8396	200
5998	84.0398	7.30393	76.8742	200
5999	84.9394	7.31125	76.913	200
6000	84.963	7.31836	76.9517	200
6001	83.6748	7.31263	76.984	200
6002	77.5897	7.24814	76.9869	200
6003	76.9154	7.17913	76.9866	200
6004	77.3055	7.11317	76.9881	200
6005	76.722	7.04733	76.9868	200
6006	84.318	7.05006	77.0221	200
6007	83.7449	7.04692	77.0544	200
6008	82.9001	7.03536	77.0825	200
6009	83.9481	7.03373	77.1155	200
6010	84.2551	7.03475	77.1498	200
6011	84.7445	7.04014	77.1863	200
6012	85.6804	7.05411	77.2272	200
6013	86.4796	7.07525	77.2716	200
6014	86.2173	7.09323	77.3147	200
6015	87.2017	7.1201	77.3622	200
6016	86.5175	7.13967	77.4062	200
6017	83.437	7.12901	77.4352	200
6018	75.0484	7.08341	77.4237	200
6019	79.8996	7.0391	77.4356	200
6020	79.9618	6.99571	77.4478	200
6021	77.7113	6.93098	77.449	200
6022	83.4444	6.92198	77.4779	200
6023	84.4292	6.92226	77.5113	200
6024	82.8271	6.90681	77.5368	200
6025	83.9904	6.90245	77.5679	200
6026	84.2438	6.90027	77.6	200
6027	85.0872	6.90592	77.636	200
6028	85.0063	6.91038	77.6714	200
6029	87.4902	6.93835	77.7186	200
6030	88.0094	6.97058	77.7681	200
6031	87.587	6.99797	77.8153	200
6032	88.2211	7.03074	77.8653	200
6033	88.1601	7.06212	77.9148	200
6034	84.6718	7.05919	77.9473	200
6035	83.651	7.04615	77.9747	200
6036	81.9724	7.01684	77.9939	200
6037	80.6607	6.97501	78.0067	200
6038	80.9932	6.93666	78.0211	200
6039	87.7738	6.96374	78.068	200
6040	86.4813	6.97767	78.1084	200
6041	87.2802	6.99877	78.1525	200
6042	90.3131	7.0484	78.211	200
6043	90.1424	7.09535	78.2683	200
6044	90.0577	7.14049	78.325	200
6045	87.6974	7.16195	78.3701	200
6046	87.7315	7.1831	78.4151	200
6047	89.6084	7.22166	78.4689	200
6048	89.4962	7.25689	78.52	200
6049	88.8555	7.2854	78.5678	200
6050	92.4825	7.34678	78.6322	200
6051	92.1799	7.4064	78.6974	200
6052	90.3202	7.44695	78.7532	200
6053	90.2418	7.48736	78.8107	200
6054	90.1566	7.52595	78.8674	200
6055	92.5094	7.58965	78.9385	200
6056	91.3875	7.64027	79.0033	200
6057	91.4193	7.69218	79.0708	200
6058	92.1403	7.75063	79.1418	200
6059	83.2348	7.70907	79.1651	200
6060	83.7098	7.67311	79.1909	200
6061	84.3909	7.64367	79.2218	200
6062	84.6228	7.61697	79.254	200
6063	83.8746	7.57951	79.2829	200
6064	84.2435	7.54678	79.3139	200
6065	84.6652	7.51789	79.3491	200
6066	84.4585	7.4862	79.3827	200
6067	84.8331	7.45792	79.4205	200
6068	83.8075	7.41527	79.451	200
6069	85.1821	7.3905	79.4931	200
6070	85.5917	7.3715	79.538	200
6071	85.3796	7.3476	79.5836	200
6072	79.8093	7.23632	79.5854	200
6073	80.5568	7.1319	79.5935	200
6074	79.2424	7.01889	79.5905	200
6075	75.4961	6.96666	79.554	200
6076	78.7223	6.85711	79.5466	200
6077	78.067	6.7537	79.5323	200
6078	77.7518	6.65806	79.5152	200
6079	78.5338	6.53979	79.505	200
6080	77.9395	6.43616	79.4887	200
6081	78.6515	6.30891	79.4792	200
6082	77.2985	6.21509	79.4544	200
6083	78.476	6.08417	79.4422	200
6084	79.7698	5.94026	79.4463	200
6085	79.0449	5.7864	79.4407	200
6086	79.8046	5.63577	79.4457	200
6087	80.7471	5.50032	79.4661	200
6088	80.9192	5.37385	79.4888	200
6089	81.2808	5.24593	79.5208	200
6090	83.2481	5.19169	79.5873	200
6091	86.0971	5.24661	79.723	200
6092	80.3985	5.05615	79.737	200
6093	82.017	4.91734	79.794	200
6094	82.5324	4.80839	79.8625	200
6095	79.5313	4.52856	79.8521	200
6096	79.7743	4.25039	79.8497	200
6097	82.3546	4.10494	79.9541	200
6098	82.9508	4.01259	80.0789	200
6099	85.2586	4.15847	80.4027	200
6100	84.6784	4.17313	80.6699	200
6101	86.8092	4.66466	81.4373	200
6102	86.8045	4.84031	82.1082	200
6103	87.8342	5.06173	82.824	200
