segment	rtt	rttvar	srtt	rto
0	282.822	141.411	282.822	1414.11
1	284.919	134.445	282.874	1358.44
2	287.777	129.048	282.976	1315.36
3	289.472	123.941	283.112	1274.64
4	290.518	119.779	283.244	1241.48
5	291.018	115.779	283.383	1209.62
6	292.37	112.442	283.523	1183.06
7	294.702	109.277	283.698	1157.92
8	295.226	106.562	283.858	1136.35
9	295.895	103.936	284.025	1115.52
10	51.1058	107.161	281.114	1138.4
11	52.4009	110.2	278.255	1159.85
12	51.6439	112.845	275.68	1178.44
13	53.3504	115.334	273.153	1195.82
14	53.7628	117.502	270.868	1210.88
15	55.1147	119.549	268.62	1225.01
16	54.0315	121.376	266.557	1237.57
17	54.7365	123.116	264.52	1249.44
18	55.3558	124.652	262.653	1259.87
19	56.4653	126.108	260.812	1269.68
20	57.335	127.398	259.116	1278.3
21	58.8309	128.612	257.447	1286.35
22	59.4713	129.696	255.9	1293.47
23	60.1383	130.728	254.371	1300.2
24	59.2105	131.676	252.936	1306.34
25	60.0818	132.576	251.518	1312.12
26	60.7994	133.383	250.193	1317.26
27	61.4841	134.152	248.883	1322.1
28	61.4718	134.852	247.65	1326.47
29	62.7951	135.51	246.434	1330.52
30	81.0313	135.884	245.4	1332.47
31	81.9434	136.229	244.379	1334.21
32	81.7675	136.543	243.411	1335.75
33	82.7416	136.83	242.454	1337.09
34	82.5516	137.092	241.546	1338.28
35	83.2961	137.333	240.647	1339.31
36	82.2529	137.561	239.786	1340.28
37	83.5939	137.764	238.937	1341.05
38	86.5807	137.916	238.143	1341.47
39	87.983	138.044	237.361	1341.71
40	88.944	138.147	236.619	1341.8
41	89.3311	138.239	235.883	1341.79
42	89.4341	138.318	235.179	1341.72
43	90.8805	138.375	234.485	1341.49
44	91.5967	138.417	233.823	1341.16
45	92.8458	138.441	233.171	1340.7
46	91.9039	138.466	232.54	1340.27
47	93.3094	138.473	231.918	1339.7
48	92.8351	138.478	231.319	1339.14
49	94.2089	138.466	230.728	1338.46
50	94.2509	138.45	230.159	1337.76
51	95.6032	138.417	229.599	1336.94
52	95.5197	138.382	229.058	1336.12
53	96.2263	138.337	228.522	1335.22
54	98.3192	138.274	228.014	1334.2
55	99.75	138.196	227.513	1333.08
56	99.7146	138.117	227.029	1331.96
57	100.408	138.03	226.549	1330.79
58	103.926	137.916	226.098	1329.43
59	104.744	137.795	225.652	1328.01
60	105.056	137.672	225.221	1326.6
61	105.776	137.542	224.795	1325.13
62	105.921	137.412	224.382	1323.68
63	106.6	137.276	223.973	1322.18
64	108.213	137.13	223.582	1320.62
65	109.434	136.975	223.196	1319
66	109.383	136.823	222.822	1317.4
67	110.271	136.663	222.452	1315.76
68	110.113	136.507	222.092	1314.15
69	111.509	136.341	221.737	1312.46
70	134.766	136.032	221.465	1309.72
71	136.122	135.715	221.199	1306.92
72	136.7	135.403	220.941	1304.17
73	137.944	135.084	220.688	1301.36
74	137.491	134.775	220.44	1298.64
75	139.162	134.456	220.199	1295.85
76	139.292	134.145	219.963	1293.12
77	140.68	133.826	219.733	1290.34
78	140.311	133.517	219.507	1287.64
79	141.822	133.2	219.287	1284.88
80	143.636	132.88	219.076	1282.12
81	144.295	132.557	218.869	1279.33
82	144.303	132.242	218.666	1276.6
83	145.027	131.924	218.466	1273.85
84	144.337	131.616	218.269	1271.2
85	145.102	131.305	218.074	1268.52
86	148.404	130.984	217.893	1265.77
87	149.823	130.657	217.716	1262.97
88	149.748	130.337	217.542	1260.24
89	151.13	130.011	217.373	1257.46
106	157.555	129.66	217.223	1254.5
107	159.019	129.302	217.078	1251.5
108	158.921	128.954	216.935	1248.56
109	160.354	128.599	216.796	1245.59
111	160.495	128.251	216.661	1242.67
90	193.617	127.745	216.606	1238.57
91	195.043	127.245	216.555	1234.51
92	198.564	126.729	216.512	1230.35
93	199.298	126.222	216.473	1226.25
94	199.972	125.714	216.434	1222.15
95	201.583	125.21	216.401	1218.08
96	200.813	124.712	216.365	1214.06
97	202.686	124.216	216.335	1210.07
98	203.635	123.718	216.306	1206.05
99	204.977	123.226	216.281	1202.09
100	204.456	122.737	216.256	1198.15
101	205.201	122.256	216.232	1194.28
102	205.122	121.776	216.208	1190.42
103	205.925	121.304	216.186	1186.62
104	205.059	120.837	216.162	1182.86
105	206.412	120.374	216.142	1179.14
110	204.693	119.92	216.118	1175.48
112	203.747	119.48	216.093	1171.93
113	204.426	119.038	216.069	1168.37
114	203.79	118.607	216.044	1164.9
115	204.463	118.176	216.021	1161.43
116	204.458	117.753	215.998	1158.02
117	205.13	117.329	215.976	1154.61
118	203.151	116.92	215.951	1151.31
119	204.546	116.508	215.929	1147.99
120	206.254	116.097	215.91	1144.69
121	206.916	115.685	215.893	1141.38
122	206.97	115.281	215.876	1138.12
123	209.129	114.87	215.863	1134.82
124	209.114	114.466	215.851	1131.58
125	210.508	114.059	215.841	1128.31
126	252.654	113.775	215.909	1126.11
127	253.4	113.495	215.978	1123.94
128	253.823	113.221	216.046	1121.81
129	254.586	112.95	216.116	1119.72
130	255.357	112.687	216.186	1117.68
131	257.408	112.432	216.26	1115.71
132	257.457	112.181	216.332	1113.78
133	258.782	111.935	216.407	1111.89
134	259.539	111.696	216.482	1110.05
135	260.91	111.463	216.559	1108.26
136	260.89	111.233	216.635	1106.5
137	261.561	111.006	216.712	1104.76
138	261.342	110.782	216.787	1103.04
139	262.066	110.56	216.864	1101.35
140	261.5	110.341	216.938	1099.66
141	262.158	110.123	217.013	1098
142	262.265	109.91	217.088	1096.37
143	263.598	109.702	217.164	1094.78
144	264.115	109.498	217.24	1093.22
145	266.188	109.301	217.32	1091.73
146	265.7	109.106	217.397	1090.24
147	266.442	108.913	217.476	1088.78
148	269.166	108.732	217.558	1087.42
149	270.47	108.556	217.642	1086.09
150	227.194	108.246	217.656	1083.63
151	228.547	107.942	217.673	1081.21
152	228.585	107.643	217.69	1078.83
153	229.264	107.346	217.708	1076.48
154	229.064	107.053	217.726	1074.15
155	230.472	106.766	217.745	1071.87
156	230.718	106.483	217.764	1069.63
157	231.334	106.204	217.785	1067.41
158	234.135	105.936	217.809	1065.3
159	236.211	105.676	217.837	1063.24
160	235.561	105.417	217.863	1061.2
161	236.806	105.163	217.891	1059.19
162	236.098	104.91	217.917	1057.2
163	237.489	104.662	217.945	1055.24
164	236.786	104.415	217.973	1053.29
165	238.891	104.175	218.003	1051.4
166	240.714	103.944	218.035	1049.58
167	242.499	103.718	218.07	1047.81
168	242.372	103.495	218.104	1046.06
169	243.026	103.274	218.139	1044.33
170	241.191	103.051	218.171	1042.58
171	244.927	102.839	218.208	1040.92
172	244.92	102.63	218.245	1039.29
173	246.328	102.425	218.283	1037.69
174	247.84	102.227	218.323	1036.14
175	247.931	102.03	218.364	1034.6
176	248.392	101.837	218.404	1033.1
177	249.045	101.645	218.445	1031.61
178	249.084	101.456	218.486	1030.14
179	249.884	101.27	218.528	1028.69
180	249.716	101.086	218.569	1027.25
181	253.178	100.911	218.614	1025.9
182	248.469	100.726	218.653	1024.46
183	249.065	100.542	218.693	1023.03
184	248.306	100.36	218.731	1021.61
185	249.019	100.179	218.77	1020.2
186	248.347	99.999	218.808	1018.8
187	249.046	99.821	218.846	1017.41
188	248.388	99.6435	218.883	1016.03
189	250.479	99.4717	218.923	1014.7
190	257.124	99.3185	218.971	1013.52
191	260.005	99.1728	219.022	1012.4
192	259.449	99.0274	219.072	1011.29
193	260.386	98.8845	219.124	1010.2
194	259.223	98.7405	219.173	1009.1
195	259.364	98.597	219.222	1008
196	258.201	98.4523	219.269	1006.89
197	258.353	98.3082	219.317	1005.78
198	258.123	98.1651	219.363	1004.68
199	258.829	98.024	219.411	1003.6
200	362.692	98.1318	219.581	1004.64
201	363.695	98.2413	219.753	1005.68
202	363.299	98.3481	219.922	1006.71
203	364.06	98.4561	220.092	1007.74
204	363.357	98.5608	220.259	1008.75
206	365.373	98.6696	220.429	1009.79
208	374.834	98.7986	220.608	1011
209	375.866	98.9293	220.787	1012.22
210	376.632	99.0598	220.966	1013.44
214	374.275	99.1842	221.142	1014.62
215	375.074	99.3087	221.317	1015.79
216	385.558	99.4562	221.504	1017.15
217	386.154	99.6031	221.689	1018.51
218	386.247	99.7494	221.874	1019.87
219	388.322	99.8982	222.06	1021.25
220	396.516	100.065	222.255	1022.77
221	398.561	100.233	222.45	1024.32
222	399.228	100.403	222.645	1025.87
223	400.586	100.573	222.84	1027.42
224	401.963	100.745	223.037	1029
225	403.4	100.918	223.233	1030.58
226	404.575	101.093	223.43	1032.17
227	405.998	101.268	223.627	1033.77
228	406.802	101.445	223.824	1035.38
229	408.202	101.622	224.021	1037
230	410.955	101.805	224.221	1038.66
231	413.03	101.989	224.421	1040.33
232	427.096	102.202	224.635	1042.25
233	427.262	102.413	224.848	1044.15
234	428.13	102.625	225.062	1046.06
235	428.65	102.835	225.274	1047.96
236	428.858	103.045	225.486	1049.85
237	429.568	103.254	225.697	1051.73
238	434.116	103.471	225.912	1053.68
239	434.259	103.686	226.126	1055.62
240	433.657	103.899	226.338	1057.53
241	433.959	104.11	226.549	1059.43
242	433.872	104.32	226.76	1061.32
243	434.006	104.527	226.969	1063.19
244	433.437	104.733	227.177	1065.04
245	433.691	104.936	227.383	1066.87
246	431.828	105.135	227.588	1068.67
247	432.271	105.333	227.791	1070.45
248	431.44	105.528	227.993	1072.22
249	432.133	105.722	228.194	1073.97
250	429.735	105.911	228.392	1075.68
251	430.403	106.098	228.59	1077.38
252	431.227	106.287	228.787	1079.08
253	431.28	106.473	228.984	1080.77
254	431.21	106.659	229.18	1082.45
255	431.803	106.843	229.374	1084.12
256	430.341	107.024	229.568	1085.76
257	430.976	107.204	229.76	1087.4
258	431.031	107.384	229.952	1089.02
259	431.805	107.563	230.143	1090.65
260	431.041	107.74	230.333	1092.25
261	431.69	107.916	230.523	1093.85
262	395.283	108.023	230.677	1094.86
263	397.589	108.132	230.833	1095.89
264	397.501	108.242	230.989	1096.92
265	398.398	108.351	231.144	1097.95
266	397.664	108.459	231.298	1098.97
267	398.397	108.567	231.451	1099.98
268	398.26	108.674	231.605	1100.99
269	399.217	108.781	231.758	1102.01
270	398.159	108.886	231.909	1103
271	398.705	108.991	232.061	1103.99
272	397.295	109.093	232.21	1104.96
273	397.953	109.195	232.359	1105.92
274	397.938	109.297	232.508	1106.88
275	398.593	109.398	232.656	1107.84
276	397.992	109.498	232.804	1108.79
277	398.683	109.598	232.951	1109.73
278	397.225	109.695	233.097	1110.65
279	398.023	109.792	233.242	1111.58
280	397.248	109.887	233.386	1112.49
281	397.987	109.983	233.53	1113.39
282	397.984	110.078	233.674	1114.3
283	398.692	110.174	233.817	1115.21
284	398.752	110.269	233.96	1116.11
285	399.381	110.364	234.103	1117.01
286	397.961	110.456	234.244	1117.89
287	398.645	110.548	234.385	1118.77
288	398.666	110.64	234.526	1119.65
289	399.339	110.733	234.666	1120.53
290	399.349	110.824	234.806	1121.4
291	401.857	110.919	234.947	1122.3
292	401.915	111.014	235.088	1123.2
293	402.582	111.109	235.228	1124.1
294	402.579	111.203	235.369	1124.99
295	403.321	111.298	235.509	1125.89
296	402.648	111.391	235.648	1126.77
297	403.234	111.484	235.787	1127.66
298	402.603	111.575	235.925	1128.53
299	403.226	111.667	236.062	1129.4
300	402.146	111.757	236.199	1130.25
301	402.561	111.846	236.335	1131.1
302	402.736	111.935	236.471	1131.95
303	403.399	112.024	236.606	1132.8
304	403.318	112.113	236.742	1133.65
305	404.02	112.202	236.877	1134.49
306	402.279	112.288	237.01	1135.31
307	403.22	112.374	237.143	1136.14
308	402.701	112.459	237.276	1136.95
309	403.295	112.545	237.408	1137.77
310	590.254	112.927	237.689	1141.11
311	595.837	113.315	237.972	1144.5
312	597.209	113.704	238.257	1147.89
313	601.878	114.097	238.542	1151.32
314	603.412	114.492	238.829	1154.76
315	607.429	114.889	239.117	1158.23
316	613.415	115.294	239.41	1161.76
317	614.246	115.697	239.701	1165.28
318	613.425	116.098	239.991	1168.77
319	614.111	116.496	240.279	1172.25
320	613.403	116.892	240.567	1175.7
321	614.11	117.286	240.854	1179.14
322	613.311	117.677	241.139	1182.56
323	614.138	118.066	241.424	1185.95
324	614.171	118.454	241.708	1189.34
325	615.092	118.841	241.991	1192.72
326	612.269	119.222	242.271	1196.04
327	612.843	119.6	242.55	1199.35
328	611.624	119.976	242.828	1202.64
329	612.293	120.349	243.105	1205.9
330	611.775	120.721	243.381	1209.15
331	613.086	121.092	243.656	1212.39
332	613.285	121.461	243.931	1215.62
333	614.872	121.831	244.205	1218.85
334	616.042	122.2	244.48	1222.08
335	618.073	122.57	244.755	1225.32
336	616.952	122.937	245.029	1228.53
337	618.449	123.303	245.302	1231.73
338	619.283	123.67	245.575	1234.93
339	620.521	124.035	245.847	1238.13
340	619.228	124.397	246.119	1241.3
341	621.185	124.76	246.39	1244.47
342	620.238	125.12	246.66	1247.62
343	622.086	125.479	246.93	1250.76
344	620.904	125.836	247.198	1253.89
345	621.517	126.191	247.466	1257
346	622.215	126.546	247.733	1260.1
347	623.614	126.901	248	1263.2
348	624.237	127.255	248.267	1266.31
349	625.643	127.608	248.534	1269.4
350	626.547	127.962	248.801	1272.49
351	627.884	128.314	249.067	1275.58
352	625.314	128.663	249.331	1278.63
353	626.664	129.01	249.595	1281.67
354	627.564	129.358	249.859	1284.72
355	628.947	129.704	250.122	1287.76
356	629.414	130.051	250.385	1290.79
357	630.091	130.396	250.648	1293.82
358	629.331	130.739	250.909	1296.82
359	630.814	131.081	251.17	1299.82
360	631.975	131.424	251.432	1302.82
361	633.402	131.766	251.693	1305.82
362	633.535	132.108	251.953	1308.82
363	634.908	132.449	252.214	1311.8
364	635.647	132.79	252.474	1314.79
365	637.013	133.13	252.734	1317.77
366	637.661	133.47	252.994	1320.76
367	639.052	133.81	253.253	1323.73
368	639.566	134.149	253.513	1326.71
369	641.009	134.488	253.772	1329.68
370	642.697	134.828	254.032	1332.66
371	644.132	135.168	254.291	1335.63
372	641.967	135.503	254.549	1338.58
373	643.369	135.838	254.806	1341.51
374	639.86	136.168	255.061	1344.41
375	641.191	136.497	255.315	1347.29
376	642.048	136.826	255.569	1350.18
377	643.371	137.155	255.823	1353.06
378	644.058	137.483	256.077	1355.94
379	645.436	137.811	256.331	1358.82
380	646.121	138.139	256.585	1361.7
381	648.161	138.468	256.838	1364.58
382	648.169	138.795	257.092	1367.45
383	649.599	139.122	257.345	1370.32
384	650.75	139.45	257.598	1373.2
385	651.617	139.776	257.851	1376.06
386	652.446	140.103	258.104	1378.93
387	655.503	140.431	258.357	1381.81
388	654.318	140.757	258.609	1384.67
389	654.555	141.081	258.861	1387.51
390	633.452	141.377	259.098	1390.12
391	634.385	141.673	259.335	1392.72
392	631.984	141.964	259.571	1395.28
393	632.298	142.254	259.805	1397.84
394	632.435	142.544	260.039	1400.39
395	633.385	142.832	260.272	1402.93
396	633.058	143.119	260.505	1405.46
397	635.003	143.407	260.738	1408
398	635.537	143.695	260.971	1410.53
399	635.88	143.981	261.203	1413.05
400	636.208	144.267	261.435	1415.57
401	636.307	144.551	261.666	1418.08
402	637.353	144.836	261.897	1420.58
403	639.027	145.12	262.128	1423.09
404	639.132	145.405	262.359	1425.6
405	639.671	145.687	262.589	1428.09
406	639.702	145.97	262.819	1430.58
407	641.007	146.251	263.049	1433.06
408	641.713	146.534	263.279	1435.55
409	643.109	146.815	263.508	1438.03
410	545.923	146.979	263.679	1439.51
411	547.33	147.143	263.849	1441
412	547.725	147.308	264.02	1442.48
413	549.077	147.472	264.19	1443.97
414	548.742	147.636	264.36	1445.45
415	549.603	147.8	264.53	1446.93
416	550.677	147.965	264.7	1448.42
417	553.458	148.132	264.871	1449.93
418	552.295	148.297	265.042	1451.42
419	554.477	148.463	265.212	1452.92
420	553.684	148.628	265.383	1454.41
421	555.787	148.795	265.553	1455.91
451	508.402	148.905	265.695	1456.94
452	507.155	149.013	265.836	1457.94
453	508.001	149.122	265.978	1458.95
454	507.322	149.229	266.118	1459.95
455	507.838	149.337	266.259	1460.95
456	507.098	149.443	266.398	1461.94
457	507.829	149.549	266.538	1462.93
458	507.123	149.654	266.676	1463.91
459	507.74	149.759	266.815	1464.89
460	504.443	149.86	266.952	1465.83
461	505.024	149.961	267.088	1466.78
462	503.872	150.06	267.223	1467.71
422	561.562	150.225	267.391	1469.19
423	562.607	150.39	267.559	1470.68
424	562.017	150.554	267.726	1472.16
425	563.395	150.718	267.894	1473.64
426	562.314	150.88	268.06	1475.1
427	565.691	151.046	268.228	1476.59
428	566.814	151.212	268.396	1478.09
429	568.862	151.379	268.564	1479.6
430	569.488	151.547	268.733	1481.11
431	570.252	151.714	268.901	1482.61
464	508.574	151.812	269.035	1483.53
465	509.248	151.91	269.168	1484.45
466	509.744	152.009	269.302	1485.37
467	511.191	152.108	269.436	1486.3
468	511.25	152.208	269.569	1487.23
469	511.931	152.307	269.703	1488.16
470	512.75	152.407	269.837	1489.09
471	514.198	152.508	269.971	1490.03
472	514.67	152.609	270.105	1490.98
473	516.722	152.711	270.24	1491.93
474	516.784	152.814	270.374	1492.89
475	518.11	152.917	270.509	1493.85
476	513.375	153.015	270.641	1494.76
477	514.109	153.113	270.772	1495.67
723	153.295	153.074	270.709	1495.3
478	516.734	153.174	270.841	1496.24
724	154.024	153.135	270.779	1495.86
725	154.681	153.095	270.716	1495.48
726	154.011	153.056	270.654	1495.1
727	154.767	153.017	270.592	1494.72
479	521.064	153.121	270.726	1495.69
728	154.679	153.081	270.664	1495.31
729	156.157	153.04	270.603	1494.92
730	155.493	153	270.542	1494.54
731	157.03	152.958	270.482	1494.15
480	525.823	153.066	270.616	1495.15
732	157.731	153.024	270.557	1494.75
733	159.051	152.98	270.498	1494.34
734	158.349	152.937	270.439	1493.94
481	529.85	153.049	270.575	1494.97
735	160.4	153.004	270.518	1494.55
482	531.639	153.117	270.654	1495.59
736	161.141	153.071	270.596	1495.17
483	534.354	153.186	270.733	1496.22
737	163.194	153.139	270.677	1495.79
738	162.415	153.092	270.622	1495.36
739	163.791	153.044	270.566	1494.92
740	162.275	152.998	270.511	1494.5
484	537.879	153.116	270.648	1495.58
741	163.7	153.069	270.593	1495.14
485	541.29	153.189	270.732	1496.25
742	165.674	153.14	270.679	1495.8
743	166.308	153.09	270.625	1495.35
744	165.795	153.041	270.572	1494.9
486	544.734	153.164	270.711	1496.03
745	167.676	153.114	270.659	1495.57
746	166.979	153.064	270.607	1495.12
487	546.791	153.188	270.746	1496.25
747	168.467	153.136	270.694	1495.79
748	167.934	153.086	270.643	1495.33
749	168.422	153.035	270.591	1494.87
750	168.774	152.984	270.541	1494.41
488	551.326	153.111	270.681	1495.57
751	169.956	153.059	270.631	1495.1
752	169.703	153.007	270.58	1494.64
753	170.424	152.955	270.531	1494.17
489	554.152	153.084	270.671	1495.35
754	171.126	153.032	270.622	1494.87
755	171.808	152.978	270.573	1494.4
756	171.851	152.925	270.525	1493.92
490	557.971	153.057	270.666	1495.12
757	173.208	153.002	270.619	1494.64
758	172.6	152.949	270.571	1494.16
759	173.909	152.894	270.523	1493.67
491	562.033	153.029	270.666	1494.9
760	175.275	152.973	270.619	1494.4
761	176.813	152.915	270.574	1493.9
762	176.012	152.859	270.528	1493.4
492	567.341	152.998	270.672	1494.66
763	178.715	152.939	270.627	1494.14
764	179.446	152.88	270.583	1493.62
765	180.789	152.819	270.54	1493.09
493	572.835	152.963	270.685	1494.39
766	182.116	152.901	270.643	1493.85
767	183.454	152.838	270.601	1493.31
768	183.114	152.776	270.56	1492.77
769	184.429	152.712	270.518	1492.22
494	579.323	152.861	270.665	1493.55
770	186.225	152.796	270.625	1492.99
771	187.808	152.729	270.586	1492.42
772	187.668	152.663	270.547	1491.85
773	189.109	152.596	270.508	1491.28
495	585.703	152.749	270.657	1492.65
776	186.439	152.685	270.617	1492.1
496	588.935	152.841	270.767	1493.49
780	188.29	152.775	270.728	1492.93
781	189.465	152.708	270.69	1492.35
497	592.671	152.866	270.84	1493.77
782	191.306	152.797	270.803	1493.18
783	192.648	152.728	270.767	1492.59
498	596.432	152.889	270.918	1494.03
784	194.936	152.817	270.883	1493.42
785	196.349	152.745	270.849	1492.81
499	601.676	152.909	271.001	1494.28
500	602.954	153.074	271.154	1495.75
501	605.259	153.241	271.308	1497.23
502	605.708	153.407	271.462	1498.72
503	606.459	153.574	271.615	1500.2
504	606.607	153.74	271.768	1501.69
505	607.027	153.905	271.921	1503.16
506	608.334	154.072	272.075	1504.65
507	609.045	154.238	272.228	1506.13
508	609.79	154.405	272.381	1507.62
509	610.45	154.571	272.534	1509.1
510	611.266	154.738	272.688	1510.59
511	612.673	154.905	272.841	1512.08
512	613.287	155.073	272.995	1513.58
513	614.771	155.241	273.149	1515.07
514	615.4	155.409	273.302	1516.57
515	616.79	155.577	273.456	1518.07
516	617.412	155.746	273.61	1519.58
517	618.145	155.915	273.764	1521.08
518	618.734	156.083	273.918	1522.59
519	620.144	156.253	274.072	1524.09
520	620.87	156.422	274.227	1525.6
521	622.188	156.592	274.381	1527.12
522	622.939	156.762	274.535	1528.63
523	624.327	156.933	274.69	1530.15
534	609.942	157.09	274.838	1531.56
535	611.295	157.248	274.986	1532.97
536	612.055	157.406	275.134	1534.38
537	613.528	157.565	275.283	1535.8
538	613.813	157.724	275.431	1537.22
539	615.19	157.883	275.58	1538.64
540	615.603	158.042	275.728	1540.07
541	616.326	158.201	275.877	1541.49
542	616.498	158.36	276.025	1542.91
543	617.155	158.519	276.173	1544.32
544	617.204	158.677	276.321	1545.74
545	617.91	158.835	276.469	1547.15
546	617.934	158.994	276.617	1548.57
547	618.612	159.153	276.765	1549.99
548	618.562	159.312	276.914	1551.41
549	619.249	159.471	277.063	1552.83
550	619.308	159.631	277.213	1554.26
551	619.93	159.791	277.363	1555.69
552	619.936	159.951	277.513	1557.12
553	620.676	160.112	277.664	1558.56
554	620.624	160.273	277.815	1560
555	621.289	160.434	277.966	1561.44
556	621.371	160.596	278.117	1562.89
557	622.019	160.758	278.269	1564.33
558	621.933	160.92	278.422	1565.78
559	622.584	161.083	278.574	1567.23
560	622.687	161.245	278.727	1568.69
561	623.395	161.409	278.881	1570.15
562	623.306	161.572	279.034	1571.61
563	623.987	161.736	279.188	1573.07
564	624.042	161.9	279.343	1574.54
565	624.725	162.064	279.498	1576.01
566	624.706	162.229	279.653	1577.48
567	625.373	162.394	279.808	1578.96
568	625.349	162.559	279.964	1580.44
569	626.058	162.725	280.12	1581.92
570	626.089	162.891	280.277	1583.4
571	627.494	163.058	280.434	1584.9
572	628.225	163.226	280.592	1586.4
573	629.597	163.395	280.751	1587.91
574	630.265	163.564	280.91	1589.43
575	632.324	163.736	281.071	1590.96
576	632.223	163.907	281.232	1592.49
577	633.596	164.08	281.393	1594.03
578	634.308	164.254	281.555	1595.58
579	635.699	164.428	281.718	1597.14
580	636.425	164.604	281.881	1598.71
581	637.087	164.779	282.045	1600.28
582	635.275	164.954	282.209	1601.84
583	635.97	165.129	282.373	1603.4
584	635.904	165.304	282.537	1604.97
585	636.671	165.479	282.701	1606.54
586	636.613	165.655	282.866	1608.11
587	637.361	165.831	283.032	1609.68
588	637.3	166.008	283.198	1611.26
589	638.675	166.185	283.364	1612.85
590	638.668	166.363	283.531	1614.43
591	640.686	166.542	283.699	1616.04
592	641.48	166.723	283.868	1617.65
610	636.525	166.898	284.034	1619.22
611	637.833	167.075	284.202	1620.8
612	637.631	167.251	284.369	1622.38
613	638.927	167.43	284.537	1623.97
614	639.313	167.608	284.706	1625.57
615	640.899	167.788	284.876	1627.18
616	640.616	167.967	285.046	1628.78
617	642.748	168.149	285.217	1630.41
618	642.79	168.33	285.388	1632.03
619	644.173	168.513	285.561	1633.67
786	299.307	168.364	285.567	1632.48
787	299.998	168.216	285.574	1631.3
788	299.505	168.067	285.581	1630.12
789	300.163	167.918	285.588	1628.93
790	300.047	167.769	285.595	1627.75
791	300.72	167.621	285.602	1626.57
792	300.707	167.473	285.61	1625.39
793	301.36	167.324	285.617	1624.21
794	304.943	167.18	285.627	1623.07
797	305.102	167.035	285.636	1621.92
798	306.151	166.891	285.647	1620.78
799	307.225	166.748	285.657	1619.64
800	307.099	166.605	285.668	1618.51
801	307.739	166.463	285.679	1617.38
620	437.176	166.448	285.753	1617.34
621	437.942	166.434	285.829	1617.3
622	432.828	166.414	285.902	1617.22
623	433.533	166.396	285.975	1617.14
624	431.519	166.375	286.048	1617.05
625	432.136	166.355	286.121	1616.96
626	428.182	166.33	286.192	1616.83
627	428.811	166.307	286.264	1616.72
628	426.633	166.28	286.334	1616.58
629	427.281	166.255	286.405	1616.44
630	423.926	166.226	286.474	1616.28
631	424.629	166.198	286.544	1616.12
632	418.643	166.163	286.611	1615.92
633	419.459	166.129	286.679	1615.71
634	419.19	166.095	286.746	1615.51
635	419.817	166.061	286.814	1615.3
636	420.044	166.028	286.882	1615.1
637	420.708	165.995	286.95	1614.91
638	420.786	165.962	287.019	1614.71
639	421.452	165.929	287.088	1614.52
640	421.439	165.897	287.157	1614.33
641	422.103	165.865	287.227	1614.15
642	422.158	165.833	287.297	1613.96
643	422.823	165.802	287.367	1613.78
644	422.811	165.77	287.437	1613.6
645	423.49	165.739	287.508	1613.42
646	423.3	165.708	287.579	1613.24
647	424.006	165.677	287.65	1613.07
648	424.079	165.647	287.721	1612.9
649	424.807	165.617	287.793	1612.73
650	424.541	165.586	287.865	1612.56
651	425.21	165.557	287.938	1612.39
652	425.28	165.527	288.01	1612.22
653	425.993	165.498	288.083	1612.06
654	426.124	165.469	288.156	1611.9
655	426.737	165.44	288.23	1611.75
656	426.591	165.411	288.304	1611.59
657	427.271	165.383	288.378	1611.44
658	427.245	165.355	288.452	1611.29
659	427.915	165.327	288.527	1611.14
660	428.12	165.299	288.602	1611
661	428.827	165.272	288.677	1610.85
662	428.28	165.245	288.753	1610.71
663	428.884	165.217	288.828	1610.57
664	428.087	165.189	288.904	1610.42
665	429.491	165.162	288.98	1610.28
666	428.786	165.135	289.056	1610.14
667	429.224	165.108	289.133	1609.99
668	429.099	165.08	289.209	1609.85
669	430.473	165.054	289.286	1609.72
670	429.131	165.026	289.363	1609.57
671	430.545	165	289.441	1609.44
672	430.904	164.974	289.519	1609.31
673	432.312	164.95	289.598	1609.2
674	431.507	164.924	289.676	1609.07
675	432.194	164.899	289.755	1608.95
676	432.08	164.874	289.834	1608.83
677	433.467	164.851	289.915	1608.72
678	432.855	164.826	289.994	1608.6
679	433.506	164.802	290.075	1608.49
680	434.048	164.779	290.156	1608.39
681	434.765	164.756	290.237	1608.29
682	434.115	164.733	290.318	1608.18
683	434.927	164.71	290.4	1608.08
684	433.979	164.686	290.481	1607.97
685	435.266	164.663	290.563	1607.87
686	434.101	164.639	290.645	1607.76
687	436.184	164.617	290.729	1607.67
688	436.996	164.596	290.813	1607.58
689	437.61	164.576	290.898	1607.5
690	437.939	164.555	290.983	1607.43
691	439.062	164.536	291.069	1607.36
692	437.709	164.515	291.154	1607.28
693	438.454	164.495	291.24	1607.2
694	437.691	164.474	291.326	1607.12
695	438.427	164.454	291.412	1607.04
696	438.34	164.433	291.498	1606.96
697	438.533	164.413	291.585	1606.89
698	437.941	164.391	291.671	1606.8
699	438.636	164.371	291.758	1606.72
700	437.69	164.349	291.845	1606.64
701	438.43	164.328	291.933	1606.55
702	437.756	164.305	292.02	1606.46
703	438.667	164.284	292.107	1606.38
704	437.996	164.262	292.195	1606.29
705	438.702	164.241	292.283	1606.21
706	439.368	164.22	292.372	1606.13
707	440.095	164.2	292.461	1606.06
708	441.944	164.182	292.552	1606.01
709	443.356	164.166	292.643	1605.97
802	385.613	164.079	292.7	1605.33
710	444.827	164.065	292.793	1605.31
803	388.384	163.981	292.851	1604.7
711	447.441	163.969	292.946	1604.7
712	446.932	163.957	293.041	1604.7
713	448.278	163.946	293.137	1604.71
714	448.955	163.936	293.233	1604.72
715	450.349	163.928	293.33	1604.75
716	450.482	163.919	293.428	1604.78
717	451.72	163.912	293.526	1604.83
718	451.618	163.905	293.625	1604.87
719	452.984	163.899	293.725	1604.92
720	453.242	163.894	293.825	1604.98
721	454.621	163.89	293.926	1605.05
722	454.552	163.886	294.027	1605.11
804	404.357	163.818	294.097	1604.64
805	405.681	163.752	294.168	1604.18
806	404.679	163.684	294.238	1603.71
807	405.333	163.617	294.309	1603.25
808	405.86	163.551	294.38	1602.79
809	406.511	163.485	294.452	1602.33
810	406.666	163.419	294.524	1601.88
811	407.317	163.354	294.596	1601.43
812	406.658	163.288	294.669	1600.97
813	408.043	163.223	294.742	1600.53
814	407.45	163.158	294.815	1600.08
815	408.085	163.093	294.889	1599.63
816	407.349	163.027	294.962	1599.18
817	408.008	162.962	295.036	1598.73
818	407.339	162.895	295.11	1598.27
819	408.692	162.83	295.184	1597.83
820	380.341	162.728	295.24	1597.07
821	381.089	162.626	295.297	1596.31
822	381.018	162.525	295.354	1595.55
823	382.37	162.424	295.412	1594.81
824	381.691	162.323	295.469	1594.05
825	382.339	162.222	295.527	1593.3
826	381.696	162.121	295.585	1592.55
827	383.071	162.02	295.643	1591.8
828	383.088	161.92	295.702	1591.06
829	384.508	161.821	295.762	1590.33
830	384.274	161.722	295.822	1589.6
795	430.478	161.685	295.914	1589.4
796	431.213	161.649	296.005	1589.2
831	388.32	161.555	296.068	1588.51
832	387.372	161.459	296.131	1587.8
833	387.97	161.363	296.194	1587.1
834	385.875	161.265	296.256	1586.37
835	387.3	161.168	296.318	1585.66
836	386.595	161.07	296.381	1584.94
837	387.967	160.973	296.444	1584.23
838	387.9	160.877	296.508	1583.52
839	389.226	160.782	296.573	1582.82
840	388.747	160.686	296.637	1582.12
841	390.691	160.592	296.703	1581.44
842	389.947	160.498	296.768	1580.75
843	390.646	160.403	296.835	1580.06
844	390.722	160.309	296.901	1579.38
845	391.401	160.216	296.968	1578.7
846	391.304	160.122	297.035	1578.01
847	392.271	160.03	297.103	1577.34
848	392.606	159.938	297.171	1576.67
849	393.239	159.846	297.24	1576.01
850	393.284	159.754	297.309	1575.34
851	394.585	159.664	297.38	1574.69
852	395.443	159.575	297.451	1574.05
853	396.828	159.487	297.523	1573.42
854	397.529	159.401	297.596	1572.8
855	398.247	159.315	297.669	1572.19
856	398.611	159.23	297.743	1571.58
857	398.948	159.144	297.817	1570.97
858	400.364	159.061	297.893	1570.38
859	400.984	158.978	297.969	1569.79
860	401.076	158.896	298.045	1569.21
861	401.809	158.814	298.122	1568.63
862	403.669	158.734	298.201	1568.08
863	405.031	158.657	298.281	1567.53
864	405.94	158.58	298.361	1567
865	407.953	158.506	298.444	1566.5
866	409.124	158.434	298.527	1566
867	409.751	158.363	298.612	1565.51
868	403.638	158.282	298.691	1564.95
869	404.312	158.202	298.772	1564.39
870	403.943	158.121	298.852	1563.82
871	405.998	158.043	298.934	1563.28
872	406.952	157.966	299.017	1562.75
873	407.653	157.89	299.101	1562.22
874	406.942	157.813	299.184	1561.69
875	407.606	157.736	299.268	1561.16
876	407.81	157.66	299.352	1560.63
877	409.117	157.585	299.438	1560.12
878	407.116	157.507	299.522	1559.58
879	407.769	157.429	299.607	1559.04
880	407.212	157.351	299.692	1558.5
881	407.852	157.273	299.777	1557.96
882	406.518	157.193	299.862	1557.41
883	407.168	157.114	299.947	1556.86
884	406.43	157.033	300.032	1556.3
885	407.107	156.953	300.118	1555.74
886	407.125	156.873	300.204	1555.19
887	409.152	156.796	300.292	1554.66
888	410.612	156.721	300.38	1554.15
889	412.652	156.649	300.472	1553.66
890	415.266	156.581	300.565	1553.21
891	418.132	156.517	300.661	1552.8
892	419.517	156.455	300.758	1552.4
893	420.906	156.396	300.857	1552.02
894	420.107	156.335	300.955	1551.63
895	422.851	156.278	301.056	1551.28
904	418.071	156.213	301.153	1550.85
905	418.684	156.148	301.251	1550.44
906	417.572	156.082	301.347	1550
907	418.088	156.016	301.445	1549.57
908	418.008	155.95	301.543	1549.14
909	419.334	155.885	301.643	1548.72
910	418.738	155.82	301.742	1548.3
911	420.044	155.756	301.842	1547.89
912	421.501	155.694	301.944	1547.5
913	424.282	155.637	302.049	1547.15
914	424.991	155.581	302.154	1546.8
915	426.301	155.527	302.261	1546.48
916	424.986	155.47	302.367	1546.13
917	427.059	155.417	302.475	1545.81
918	428.414	155.366	302.584	1545.51
919	429.811	155.317	302.695	1545.23
920	429.129	155.267	302.804	1544.94
921	429.933	155.218	302.915	1544.66
922	430.533	155.17	303.026	1544.39
923	431.982	155.125	303.138	1544.13
924	432.594	155.08	303.25	1543.89
925	433.921	155.038	303.363	1543.66
926	434.562	154.996	303.477	1543.45
927	436.004	154.957	303.592	1543.25
928	436.449	154.919	303.708	1543.06
929	438.469	154.884	303.824	1542.9
930	439.116	154.85	303.94	1542.74
931	440.113	154.818	304.058	1542.6
932	440.715	154.787	304.176	1542.47
933	442.1	154.758	304.295	1542.36
934	442.797	154.73	304.414	1542.25
935	444.983	154.705	304.535	1542.18
936	444.711	154.68	304.656	1542.1
937	446.034	154.657	304.778	1542.04
938	445.997	154.634	304.9	1541.97
939	447.47	154.613	305.022	1541.93
940	448.142	154.594	305.146	1541.89
941	448.861	154.575	305.27	1541.87
942	448.571	154.555	305.393	1541.84
943	449.632	154.538	305.518	1541.82
944	449.001	154.519	305.641	1541.79
945	450.306	154.502	305.766	1541.78
946	451.782	154.487	305.892	1541.79
947	453.165	154.474	306.019	1541.81
948	453.241	154.462	306.146	1541.84
949	454.489	154.451	306.274	1541.88
950	455.914	154.443	306.403	1541.95
951	457.312	154.437	306.533	1542.03
952	457.228	154.431	306.663	1542.11
953	457.903	154.425	306.793	1542.19
954	458.011	154.42	306.923	1542.28
955	458.951	154.415	307.054	1542.38
956	459.396	154.412	307.186	1542.48
957	460.027	154.409	307.318	1542.59
958	460.04	154.406	307.449	1542.7
959	461.009	154.405	307.582	1542.82
960	461.563	154.404	307.714	1542.95
961	462.13	154.404	307.847	1543.08
962	462.042	154.404	307.98	1543.21
963	462.802	154.404	308.114	1543.35
964	463.059	154.405	308.247	1543.49
965	464.255	154.408	308.382	1543.65
966	465.503	154.413	308.517	1543.82
967	466.138	154.418	308.653	1544
968	464.433	154.421	308.787	1544.15
969	464.922	154.424	308.922	1544.31
970	464.74	154.426	309.056	1544.46
971	465.471	154.429	309.191	1544.63
972	465.517	154.433	309.326	1544.79
973	466.869	154.438	309.462	1544.97
974	467.51	154.444	309.598	1545.15
975	468.887	154.453	309.735	1545.36
976	469.093	154.461	309.873	1545.56
977	469.593	154.47	310.01	1545.77
1001	461.482	154.465	310.141	1545.86
1002	461.369	154.459	310.271	1545.95
1003	462.162	154.455	310.402	1546.04
1004	462.667	154.451	310.534	1546.14
1005	463.863	154.449	310.666	1546.26
1006	463.881	154.447	310.798	1546.37
1007	464.639	154.446	310.93	1546.5
1008	464.54	154.445	311.063	1546.62
1009	465.922	154.445	311.196	1546.76
1010	465.96	154.446	311.33	1546.9
1011	466.703	154.448	311.464	1547.04
1012	466.534	154.449	311.597	1547.19
1013	468.133	154.452	311.732	1547.35
1014	467.958	154.455	311.867	1547.51
1015	468.63	154.459	312.002	1547.68
1016	468.175	154.462	312.137	1547.83
1017	469.39	154.467	312.272	1548.01
1018	468.698	154.47	312.407	1548.17
1019	469.447	154.475	312.543	1548.34
1020	468.493	154.477	312.677	1548.5
1021	469.874	154.482	312.813	1548.67
1022	469.305	154.485	312.947	1548.83
1023	470.69	154.491	313.083	1549.01
1024	470.176	154.496	313.219	1549.18
1025	471.592	154.502	313.355	1549.37
1026	470.941	154.508	313.491	1549.55
1027	471.4	154.513	313.627	1549.74
1028	470.654	154.518	313.763	1549.91
1029	471.717	154.524	313.899	1550.09
1030	470.839	154.528	314.034	1550.26
1031	471.473	154.533	314.17	1550.43
1032	471.031	154.537	314.305	1550.6
1033	471.4	154.541	314.441	1550.77
1034	470.679	154.544	314.575	1550.93
1035	472.251	154.55	314.711	1551.11
1036	471.514	154.554	314.846	1551.27
1037	472.831	154.559	314.983	1551.46
1038	472.108	154.564	315.118	1551.63
1039	473.427	154.57	315.255	1551.82
1040	473.452	154.577	315.391	1552
1041	474.902	154.585	315.528	1552.21
1042	474.841	154.593	315.666	1552.41
1043	475.584	154.602	315.804	1552.62
1044	475.56	154.611	315.941	1552.83
1045	476.282	154.621	316.08	1553.05
1046	475.418	154.629	316.217	1553.25
1047	476.144	154.638	316.355	1553.46
1048	476.124	154.647	316.493	1553.67
1049	476.822	154.657	316.631	1553.89
1050	476.06	154.665	316.768	1554.09
1051	478.243	154.677	316.907	1554.32
1052	479.903	154.691	317.048	1554.58
1053	480.062	154.706	317.188	1554.83
1054	480.413	154.72	317.329	1555.09
1055	481.84	154.737	317.471	1555.37
1056	479.247	154.749	317.61	1555.61
1057	480.642	154.764	317.751	1555.86
1058	480.165	154.777	317.891	1556.11
1059	480.795	154.791	318.031	1556.36
1060	480.989	154.805	318.172	1556.61
1061	481.711	154.82	318.313	1556.87
1062	481.966	154.835	318.454	1557.14
1063	482.41	154.851	318.595	1557.4
1064	481.753	154.865	318.736	1557.66
1065	483.078	154.882	318.878	1557.93
1066	482.441	154.897	319.019	1558.19
1067	483.784	154.914	319.161	1558.47
1068	483.499	154.93	319.302	1558.74
1069	484.184	154.947	319.444	1559.02
1070	484.815	154.965	319.587	1559.31
1071	486.625	154.986	319.731	1559.62
1072	487.228	155.007	319.875	1559.93
1073	489.147	155.032	320.021	1560.28
1074	487.703	155.054	320.166	1560.6
1075	488.451	155.077	320.311	1560.92
1076	487.782	155.098	320.455	1561.24
1077	488.51	155.12	320.6	1561.56
1078	487.776	155.141	320.744	1561.87
1079	488.249	155.162	320.889	1562.19
1080	487.816	155.183	321.033	1562.49
1081	488.472	155.204	321.177	1562.81
1082	489.192	155.226	321.322	1563.13
1083	489.907	155.249	321.467	1563.46
1084	488.852	155.27	321.611	1563.77
1085	489.539	155.292	321.756	1564.09
1086	490.715	155.315	321.902	1564.42
1087	490.967	155.339	322.048	1564.76
1088	490.068	155.361	322.192	1565.08
1089	490.589	155.383	322.338	1565.4
1090	490.571	155.405	322.483	1565.73
1091	491.342	155.429	322.628	1566.06
1092	490.639	155.45	322.773	1566.38
1093	491.472	155.473	322.918	1566.7
1094	491.427	155.496	323.064	1567.03
1095	491.979	155.519	323.209	1567.36
1096	493.56	155.544	323.356	1567.71
1097	493.851	155.57	323.503	1568.06
1098	492.817	155.594	323.649	1568.4
1099	493.442	155.618	323.796	1568.74
1100	493.164	155.642	323.942	1569.08
1101	495.38	155.669	324.089	1569.44
1102	494.108	155.694	324.236	1569.79
1103	494.665	155.719	324.383	1570.14
1104	495.603	155.746	324.53	1570.5
1105	496.191	155.774	324.678	1570.87
1106	495.065	155.799	324.825	1571.22
1107	495.612	155.825	324.972	1571.57
1108	494.988	155.849	325.119	1571.91
1109	495.644	155.874	325.266	1572.26
1110	495.58	155.899	325.413	1572.61
1111	496.957	155.926	325.561	1572.97
1112	496.852	155.953	325.708	1573.33
1113	497.447	155.98	325.856	1573.7
1114	496.51	156.005	326.004	1574.05
1115	497.032	156.031	326.151	1574.4
1116	496.691	156.056	326.298	1574.75
1117	497.363	156.082	326.446	1575.1
1118	498.31	156.109	326.594	1575.47
1119	498.645	156.137	326.742	1575.84
1120	497.89	156.163	326.89	1576.19
1121	498.543	156.189	327.038	1576.55
1122	497.837	156.215	327.185	1576.9
1123	499.201	156.242	327.333	1577.27
1124	498.484	156.267	327.481	1577.62
1125	499.21	156.294	327.629	1577.98
1126	498.789	156.32	327.776	1578.33
1127	499.282	156.346	327.924	1578.69
1128	499.185	156.372	328.072	1579.05
1129	500.193	156.399	328.22	1579.41
1130	499.154	156.424	328.367	1579.76
1131	500.576	156.451	328.516	1580.12
1132	499.916	156.477	328.664	1580.48
1133	500.595	156.504	328.812	1580.84
1134	499.909	156.529	328.959	1581.19
1135	500.675	156.555	329.107	1581.55
1136	499.982	156.58	329.255	1581.89
1137	500.694	156.605	329.402	1582.24
1138	501.396	156.632	329.551	1582.6
1139	502.106	156.659	329.699	1582.97
1140	502.034	156.686	329.848	1583.34
1141	504.757	156.718	329.999	1583.74
1142	504.892	156.749	330.15	1584.14
1143	506.323	156.782	330.301	1584.56
1144	506.78	156.816	330.454	1584.98
1145	507.204	156.851	330.606	1585.41
593	1121.08	157.943	331.287	1594.83
594	1121.3	159.033	331.968	1604.23
595	1121.86	160.121	332.649	1613.61
596	1121.42	161.205	333.329	1622.97
597	1121.82	162.286	334.009	1632.3
598	1121.5	163.364	334.688	1641.6
599	1122.7	164.441	335.367	1650.9
600	1122.41	165.514	336.046	1660.16
896	672.261	165.809	336.336	1662.81
897	673.379	166.104	336.626	1665.46
898	674.051	166.399	336.917	1668.11
899	674.774	166.695	337.208	1670.77
900	674.775	166.99	337.499	1673.42
901	675.436	167.284	337.791	1676.07
902	674.686	167.577	338.081	1678.7
903	675.327	167.869	338.372	1681.33
978	640.947	168.102	338.633	1683.44
979	642.317	168.335	338.894	1685.58
980	644.692	168.572	339.158	1687.74
981	646.41	168.811	339.423	1689.91
982	648.162	169.053	339.689	1692.11
983	648.644	169.294	339.955	1694.31
984	649.167	169.535	340.222	1696.5
985	651.954	169.78	340.491	1698.73
986	651.809	170.024	340.759	1700.95
987	652.52	170.269	341.028	1703.18
988	652.75	170.513	341.297	1705.4
989	653.407	170.757	341.566	1707.62
990	653.117	170.999	341.834	1709.83
991	653.823	171.243	342.103	1712.04
992	653.702	171.485	342.372	1714.25
993	654.243	171.727	342.641	1716.45
994	654.714	171.969	342.91	1718.66
995	655.438	172.211	343.179	1720.87
996	654.897	172.451	343.448	1723.06
997	655.561	172.692	343.717	1725.25
998	655.544	172.932	343.986	1727.44
999	656.926	173.173	344.255	1729.64
1000	657.795	173.416	344.526	1731.85
1146	267.265	173.25	344.459	1730.46
1147	266.576	173.085	344.392	1729.07
1148	265.66	172.923	344.324	1727.71
1149	265.816	172.76	344.256	1726.34
1150	265.14	172.598	344.188	1724.98
1151	264.303	172.439	344.119	1723.63
1154	261.866	172.283	344.048	1722.31
1155	261.966	172.128	343.978	1721
1156	261.901	171.972	343.907	1719.69
1157	260.255	171.82	343.835	1718.39
1158	259.66	171.669	343.762	1717.11
1159	258.864	171.519	343.689	1715.84
1160	264.949	171.359	343.621	1714.5
1161	264.384	171.2	343.553	1713.16
1162	263.748	171.043	343.484	1711.83
1163	263.767	170.885	343.415	1710.5
1164	263.413	170.729	343.346	1709.18
1165	261.634	170.575	343.276	1707.88
1166	261.649	170.422	343.206	1706.58
1167	261.52	170.269	343.135	1705.29
1168	260.928	170.117	343.064	1704
1169	262.515	169.963	342.995	1702.7
1170	263.748	169.806	342.927	1701.38
1171	262.348	169.652	342.857	1700.08
1172	261.654	169.499	342.787	1698.78
1173	260.758	169.347	342.715	1697.49
1174	260.256	169.195	342.643	1696.2
1175	258.898	169.046	342.57	1694.94
1176	262.271	168.886	342.498	1693.59
1177	262.002	168.727	342.426	1692.24
1178	261.669	168.568	342.352	1690.89
1179	260.918	168.41	342.279	1689.56
1180	260.68	168.251	342.204	1688.22
1181	261.766	168.091	342.131	1686.86
1182	261.817	167.93	342.057	1685.5
1183	261.792	167.769	341.983	1684.13
1184	261.55	167.607	341.909	1682.76
1185	262.374	167.441	341.834	1681.37
1186	263.378	167.274	341.76	1679.95
1187	262.961	167.107	341.686	1678.54
1188	262.478	166.94	341.611	1677.13
1189	262.289	166.773	341.535	1675.72
1190	261.771	166.607	341.459	1674.31
1191	260.42	166.442	341.381	1672.92
1192	261.215	166.276	341.304	1671.51
1193	262.426	166.107	341.227	1670.08
1194	263.937	165.935	341.152	1668.63
1195	263.962	165.762	341.077	1667.17
1196	263.947	165.588	341.002	1665.71
1197	263.987	165.414	340.926	1664.24
1198	263.333	165.241	340.85	1662.78
1199	263.302	165.067	340.773	1661.31
1200	262.167	164.896	340.695	1659.86
1201	261.733	164.724	340.616	1658.41
1202	261.647	164.552	340.537	1656.96
1203	261.282	164.38	340.457	1655.5
1204	261.542	164.208	340.377	1654.04
1205	261.297	164.035	340.297	1652.58
1206	267.153	163.849	340.222	1651.01
1207	266.548	163.664	340.146	1649.46
1208	265.861	163.479	340.07	1647.9
1209	265.974	163.295	339.993	1646.35
1210	266.046	163.108	339.916	1644.78
1211	265.935	162.923	339.839	1643.22
1212	265.925	162.736	339.761	1641.65
1213	266.072	162.549	339.684	1640.07
1214	266.18	162.36	339.606	1638.49
1215	265.713	162.173	339.528	1636.91
1216	268.053	161.979	339.452	1635.28
1217	268.06	161.785	339.375	1633.66
1218	267.913	161.591	339.298	1632.02
1219	267.36	161.397	339.221	1630.4
1220	267.409	161.203	339.143	1628.76
1221	267.335	161.008	339.065	1627.13
1222	267.509	160.812	338.986	1625.48
1223	266.784	160.618	338.907	1623.85
1224	266.843	160.422	338.827	1622.2
1225	266.185	160.228	338.747	1620.57
1226	266.059	160.032	338.666	1618.92
1227	265.291	159.839	338.584	1617.29
1228	265.267	159.644	338.501	1615.65
1229	265.498	159.449	338.419	1614.01
1230	265.55	159.252	338.336	1612.35
1231	265.134	159.057	338.253	1610.71
1232	266.063	158.857	338.17	1609.03
1233	266.098	158.658	338.088	1607.35
1234	265.868	158.458	338.004	1605.67
1235	266.19	158.258	337.921	1603.98
1236	266.275	158.055	337.837	1602.28
1237	265.339	157.855	337.753	1600.6
1238	265.437	157.654	337.667	1598.9
1239	264.761	157.454	337.581	1597.21
1240	264.702	157.252	337.495	1595.51
1241	264.081	157.053	337.407	1593.83
1242	263.444	156.853	337.318	1592.14
1243	263.351	156.654	337.229	1590.46
1244	262.79	156.454	337.139	1588.77
1245	262.698	156.255	337.049	1587.09
1246	262.154	156.056	336.957	1585.4
1247	262.107	155.857	336.865	1583.72
1248	262.066	155.656	336.773	1582.02
1249	262.045	155.456	336.68	1580.33
1250	261.361	155.255	336.586	1578.63
1251	261.363	155.055	336.492	1576.93
1252	261.329	154.854	336.397	1575.23
1253	261.898	154.646	336.301	1573.47
1254	260.969	154.44	336.203	1571.72
1255	261.454	154.232	336.106	1569.96
1256	261.84	154.022	336.008	1568.18
1257	261.844	153.81	335.909	1566.39
1258	261.959	153.595	335.81	1564.57
1259	261.313	153.382	335.71	1562.77
1260	262.139	153.165	335.61	1560.93
1261	262.233	152.946	335.509	1559.08
1262	269.129	152.706	335.417	1557.06
1263	269.068	152.463	335.324	1555.03
1264	269.278	152.22	335.231	1552.99
1265	269.135	151.976	335.137	1550.94
1266	269.804	151.73	335.044	1548.88
1267	270.135	151.48	334.951	1546.79
1268	270.733	151.229	334.859	1544.69
1269	270.976	150.975	334.766	1542.57
1270	270.809	150.722	334.673	1540.45
1271	272.468	150.462	334.581	1538.28
1272	272.853	150.201	334.491	1536.1
1273	271.686	149.941	334.397	1533.93
1274	271.118	149.683	334.303	1531.77
1275	277.649	149.403	334.218	1529.44
1276	277.075	149.125	334.132	1527.13
1277	276.998	148.845	334.044	1524.8
1278	277.059	148.564	333.958	1522.47
1279	276.77	148.282	333.869	1520.13
1280	275.89	148.004	333.78	1517.81
1281	277.543	147.717	333.692	1515.43
1282	277.486	147.431	333.604	1513.05
1283	277.515	147.142	333.515	1510.65
1284	276.833	146.856	333.426	1508.27
1285	276.795	146.566	333.335	1505.87
1286	276.931	146.277	333.245	1503.46
1287	276.863	145.986	333.153	1501.04
1288	276.226	145.696	333.061	1498.63
1289	276.518	145.403	332.968	1496.19
1290	276.669	145.11	332.875	1493.76
1291	276.932	144.813	332.782	1491.28
1292	276.819	144.517	332.689	1488.82
1293	276.952	144.217	332.594	1486.33
1294	276.787	143.918	332.5	1483.84
1295	276.645	143.616	332.405	1481.34
1296	276.662	143.316	332.309	1478.83
1297	276.841	143.015	332.214	1476.33
1298	275.636	142.719	332.117	1473.87
1299	275.99	142.422	332.021	1471.4
1300	276.322	142.125	331.926	1468.93
1301	276.313	141.829	331.83	1466.46
1302	276.03	141.534	331.735	1464.01
1303	274.471	141.246	331.637	1461.6
1304	274.942	140.956	331.54	1459.19
1305	276.397	140.662	331.445	1456.74
1306	274.908	140.374	331.349	1454.34
1307	274.941	140.087	331.252	1451.94
1308	275.408	139.798	331.156	1449.54
1309	275.523	139.51	331.061	1447.14
1310	275.505	139.222	330.966	1444.74
1311	275.596	138.935	330.871	1442.35
1312	275.751	138.648	330.777	1439.96
1313	274.981	138.364	330.681	1437.6
1314	274.389	138.083	330.585	1435.25
1315	274.458	137.803	330.489	1432.91
1316	274.725	137.522	330.393	1430.57
1317	274.726	137.241	330.298	1428.23
1318	274.428	136.963	330.202	1425.9
1319	274.525	136.684	330.107	1423.58
1320	273.154	136.411	330.009	1421.3
1321	273.249	136.138	329.912	1419.02
1322	273.29	135.866	329.815	1416.74
1323	273.564	135.593	329.719	1414.47
1324	273.415	135.322	329.623	1412.2
1325	272.875	135.053	329.525	1409.95
1326	272.747	134.785	329.428	1407.71
1327	272.638	134.518	329.331	1405.47
1328	272.363	134.252	329.233	1403.25
1329	272.562	133.986	329.136	1401.03
1330	271.985	133.723	329.038	1398.82
1331	271.648	133.462	328.94	1396.64
1332	272.751	133.197	328.844	1394.42
1333	271.523	132.937	328.746	1392.24
1334	271.274	132.679	328.647	1390.08
1335	271.424	132.421	328.549	1387.91
1336	271.331	132.163	328.451	1385.76
1337	271.267	131.906	328.353	1383.6
1338	271.248	131.65	328.256	1381.46
1339	271.204	131.395	328.158	1379.31
1340	270.573	131.142	328.059	1377.19
1341	270.43	130.89	327.961	1375.08
1342	270.442	130.639	327.862	1372.97
1343	268.384	130.395	327.76	1370.92
1344	268.293	130.152	327.659	1368.88
1345	267.554	129.912	327.556	1366.85
1346	267.165	129.674	327.452	1364.85
1347	267.518	129.435	327.35	1362.83
1348	267.906	129.196	327.248	1360.81
1349	268.126	128.956	327.147	1358.79
1350	268.3	128.716	327.046	1356.77
1351	268.299	128.476	326.945	1354.75
1352	268.322	128.237	326.845	1352.74
1353	268.263	127.998	326.745	1350.73
1354	268.301	127.76	326.644	1348.72
1355	268.332	127.522	326.545	1346.72
1356	267.806	127.287	326.444	1344.74
1357	267.54	127.052	326.343	1342.76
1358	265.269	126.826	326.239	1340.85
1359	264.814	126.602	326.133	1338.95
1360	264.309	126.381	326.028	1337.07
1361	264.753	126.158	325.923	1335.18
1362	264.559	125.936	325.818	1333.3
1363	264.488	125.715	325.713	1331.43
1364	264.208	125.495	325.607	1329.56
1365	263.548	125.277	325.501	1327.72
1366	263.358	125.061	325.395	1325.88
1367	262.469	124.848	325.287	1324.07
1368	261.605	124.639	325.178	1322.29
1369	261.018	124.432	325.068	1320.52
1370	260.057	124.228	324.957	1318.78
1371	259.62	124.027	324.845	1317.06
1372	259.319	123.826	324.732	1315.34
1373	258.742	123.628	324.619	1313.64
1374	257.883	123.433	324.505	1311.97
1375	257.987	123.238	324.391	1310.3
1376	257.267	123.046	324.276	1308.65
1377	256.825	122.856	324.161	1307.01
1380	254.06	122.675	324.041	1305.44
1381	252.742	122.499	323.919	1303.91
1382	251.13	122.329	323.794	1302.43
1383	251.907	122.156	323.671	1300.92
1384	251.192	121.986	323.547	1299.44
1385	249.814	121.821	323.421	1297.99
1386	249.791	121.656	323.295	1296.54
1387	249.793	121.491	323.169	1295.1
1388	249.739	121.326	323.043	1293.65
1389	250.508	121.159	322.919	1292.19
1390	250.547	120.992	322.795	1290.73
1391	250.535	120.825	322.671	1289.27
1392	250.426	120.659	322.547	1287.82
1393	250.496	120.492	322.424	1286.36
1394	250.588	120.326	322.301	1284.91
1395	250.638	120.159	322.178	1283.45
1396	250.553	119.993	322.056	1282
1397	250.611	119.827	321.933	1280.55
1398	250.532	119.661	321.811	1279.1
1399	249.845	119.497	321.688	1277.67
1400	248.982	119.337	321.563	1276.26
1401	248.129	119.18	321.438	1274.88
1402	249.046	119.02	321.314	1273.47
1403	248.951	118.86	321.19	1272.07
1404	249.347	118.699	321.067	1270.66
1405	248.656	118.54	320.943	1269.27
1406	249.11	118.381	320.82	1267.86
1407	249.195	118.22	320.697	1266.46
1408	251.103	118.054	320.578	1265.01
1409	251.225	117.887	320.459	1263.56
1410	252.396	117.716	320.343	1262.07
1411	253.31	117.543	320.228	1260.57
1412	254.704	117.365	320.116	1259.03
1413	254.866	117.186	320.004	1257.49
1414	256.44	117.003	319.895	1255.92
1415	256.851	116.818	319.787	1254.33
1416	257.425	116.631	319.68	1252.73
1417	258.79	116.44	319.576	1251.1
1418	260.891	116.243	319.476	1249.42
1419	261.517	116.043	319.376	1247.72
1420	262.331	115.841	319.279	1246.01
1421	262.985	115.637	319.182	1244.28
1422	263.64	115.431	319.087	1242.54
1423	264.435	115.223	318.994	1240.78
1424	264.329	115.016	318.9	1239.03
1425	264.476	114.808	318.807	1237.27
1426	263.889	114.603	318.713	1235.54
1427	264.334	114.397	318.62	1233.79
1428	264.299	114.191	318.527	1232.06
1429	264.097	113.986	318.433	1230.32
1430	264.312	113.781	318.341	1228.59
1431	263.389	113.58	318.247	1226.89
1432	263.569	113.378	318.153	1225.18
1433	262.928	113.179	318.058	1223.49
1434	262.876	112.98	317.964	1221.81
1152	552.098	113.395	318.365	1225.53
1153	552.219	113.808	318.765	1229.23
1435	126.606	114.076	318.436	1231.05
1436	126.415	114.343	318.107	1232.85
1437	125.123	114.612	317.777	1234.68
1438	125.476	114.879	317.448	1236.48
1439	125.229	115.143	317.119	1238.27
1440	125.313	115.406	316.79	1240.04
1441	125.488	115.666	316.463	1241.79
1442	125.308	115.924	316.135	1243.53
1443	125.588	116.18	315.809	1245.25
1444	124.09	116.439	315.481	1246.99
1445	123.989	116.696	315.153	1248.72
1446	124.467	116.949	314.826	1250.42
1447	123.991	117.202	314.499	1252.12
1448	123.987	117.453	314.173	1253.8
1449	123.981	117.702	313.848	1255.47
1450	124.761	117.947	313.524	1257.1
1451	124.113	118.191	313.199	1258.73
1452	124.099	118.434	312.876	1260.35
1453	124.178	118.678	312.548	1261.97
1454	124.069	118.921	312.221	1263.59
1455	123.928	119.165	311.889	1265.21
1456	124.044	119.407	311.559	1266.81
1457	124.24	119.649	311.224	1268.42
1458	123.944	119.891	310.89	1270.02
1459	123.677	120.135	310.551	1271.63
1460	124.154	120.375	310.213	1273.21
1461	123.996	120.617	309.871	1274.81
1462	123.721	120.858	309.528	1276.39
1463	123.896	121.1	309.182	1277.98
1464	123.713	121.34	308.836	1279.55
1465	123.911	121.581	308.486	1281.13
1466	123.935	121.819	308.136	1282.69
1467	124.168	122.058	307.782	1284.25
1468	123.999	122.295	307.429	1285.79
1469	124.167	122.534	307.071	1287.34
1470	123.978	122.77	306.713	1288.88
1471	123.183	123.011	306.349	1290.44
1472	123.585	123.248	305.987	1291.97
1473	123.952	123.485	305.62	1293.5
1474	123.801	123.721	305.253	1295.02
1475	123.902	123.957	304.881	1296.54
1476	123.891	124.191	304.511	1298.04
1477	123.939	124.426	304.134	1299.54
1478	123.936	124.658	303.759	1301.02
1479	124.032	124.891	303.378	1302.51
1480	124.004	125.122	302.998	1303.98
1481	123.953	125.355	302.612	1305.45
1482	124.079	125.584	302.228	1306.9
1483	124.043	125.814	301.837	1308.35
1484	124.045	126.042	301.447	1309.79
1485	123.952	126.272	301.051	1311.23
1486	123.906	126.499	300.655	1312.65
1487	124.053	126.727	300.254	1314.07
1488	124.195	126.951	299.854	1315.46
1489	123.895	127.178	299.446	1316.87
1490	124.006	127.402	299.04	1318.25
1491	123.929	127.627	298.627	1319.64
1492	124.146	127.848	298.216	1321
1493	123.953	128.071	297.797	1322.36
1494	123.993	128.291	297.379	1323.7
1495	123.848	128.512	296.954	1325.05
1496	123.914	128.731	296.53	1326.38
1497	119.459	128.972	296.087	1327.87
1498	119.629	129.21	295.646	1329.32
1499	120.525	129.444	295.199	1330.75
1500	120.281	129.676	294.753	1332.16
1501	120.782	129.907	294.3	1333.55
1502	122.106	130.127	293.851	1334.87
1503	122.609	130.346	293.396	1336.16
1504	123.726	130.555	292.945	1337.38
1505	124.984	130.758	292.488	1338.55
1506	129.057	130.936	292.044	1339.53
1507	136.087	131.075	291.611	1340.21
1508	138.679	131.196	291.186	1340.76
1509	140.348	131.308	290.758	1341.22
1510	143.265	131.4	290.339	1341.54
1511	144.128	131.486	289.914	1341.8
1512	145.244	131.562	289.493	1341.99
1513	145.861	131.634	289.066	1342.14
1514	146.655	131.698	288.642	1342.23
1515	147.204	131.758	288.211	1342.27
1516	147.179	131.814	287.781	1342.3
1517	146.156	131.876	287.338	1342.34
1518	146.443	131.932	286.898	1342.35
1519	146.471	131.987	286.448	1342.34
1520	146.135	132.04	285.998	1342.32
1521	146.025	132.092	285.537	1342.27
1522	145.887	132.142	285.078	1342.21
1523	146.743	132.184	284.611	1342.08
1524	146.646	132.223	284.145	1341.93
1525	146.752	132.258	283.681	1341.74
1526	148.092	132.28	283.222	1341.46
1527	150.241	132.285	282.773	1341.05
1528	150.133	132.287	282.325	1340.62
1529	150.599	132.284	281.88	1340.15
1530	152.147	132.266	281.442	1339.57
1531	152.1	132.247	281.005	1338.98
1532	152.234	132.223	280.57	1338.35
1533	152.08	132.198	280.136	1337.72
1534	152.063	132.17	279.703	1337.06
1535	152.108	132.139	279.272	1336.38
1536	152.366	132.104	278.843	1335.67
1537	152.092	132.068	278.415	1334.95
1538	152.798	132.024	277.991	1334.18
1539	151.387	131.987	277.563	1333.46
1540	150.747	131.952	277.134	1332.75
1541	150.738	131.915	276.707	1332.03
1542	150.68	131.875	276.282	1331.28
1543	150.769	131.832	275.858	1330.51
1544	150.042	131.791	275.433	1329.76
1545	150.314	131.746	275.01	1328.98
1546	149.107	131.707	274.585	1328.24
1547	147.947	131.673	274.157	1327.54
1548	147.297	131.64	273.728	1326.85
1549	146.256	131.612	273.297	1326.19
1550	144.482	131.593	272.862	1325.61
1551	145.374	131.565	272.432	1324.95
1552	142.985	131.551	271.994	1324.4
1553	144.765	131.522	271.564	1323.74
1554	144.469	131.492	271.135	1323.07
1555	143.031	131.469	270.702	1322.45
1556	140.819	131.458	270.263	1321.93
1557	139.703	131.452	269.822	1321.44
1558	139.77	131.443	269.383	1320.92
1559	138.641	131.438	268.941	1320.44
1560	137.642	131.437	268.498	1319.99
1561	136.372	131.442	268.051	1319.58
1562	135.921	131.446	267.605	1319.18
1563	135.406	131.451	267.158	1318.77
1564	136.057	131.449	266.715	1318.31
1565	136.644	131.44	266.276	1317.79
1566	135.996	131.432	265.836	1317.29
1567	136.101	131.42	265.398	1316.76
1568	136.164	131.406	264.961	1316.21
1569	136.234	131.388	264.526	1315.63
1570	136.132	131.367	264.092	1315.03
1571	136.092	131.345	263.66	1314.42
1572	136.269	131.318	263.23	1313.77
1573	136.147	131.289	262.8	1313.11
1574	137.169	131.251	262.376	1312.38
1575	141.749	131.179	261.968	1311.4
1576	142.46	131.1	261.565	1310.37
1577	142.587	131.018	261.163	1309.31
1578	144.379	130.922	260.768	1308.15
1579	147.34	130.804	260.385	1306.82
1580	147.387	130.684	260.003	1305.47
1581	147.864	130.558	259.624	1304.09
1582	148.001	130.431	259.247	1302.69
1583	148.475	130.298	258.873	1301.25
1584	149.294	130.158	258.503	1299.76
1585	150.181	130.01	258.137	1298.22
1586	149.675	129.865	257.77	1296.69
1587	150.773	129.71	257.409	1295.09
1588	151.507	129.549	257.051	1293.44
1589	151.577	129.387	256.695	1291.79
1590	150.689	129.229	256.337	1290.16
1591	79.3449	129.551	255.739	1292.15
1592	78.8558	129.871	255.141	1294.11
1593	76.3256	130.202	254.537	1296.15
1594	72.8111	130.55	253.923	1298.32
1595	72.9939	130.89	253.312	1300.43
1596	72.1486	131.23	252.7	1302.54
1597	70.6644	131.583	252.068	1304.73
1598	70.6749	131.929	251.438	1306.87
1599	70.4283	132.279	250.791	1309.03
1600	70.7247	132.621	250.148	1311.11
1601	70.7051	132.965	249.489	1313.21
1602	70.9989	133.3	248.832	1315.23
1603	70.7795	133.639	248.158	1317.27
1604	71.008	133.968	247.487	1319.23
1605	71.1468	134.299	246.798	1321.19
1606	71.3683	134.621	246.113	1323.08
1607	71.1215	134.946	245.407	1324.98
1608	71.1537	135.263	244.705	1326.81
1609	71.7451	135.577	243.984	1328.6
1610	72.1939	135.879	243.268	1330.3
1611	73.21	136.174	242.535	1331.93
1612	73.5354	136.457	241.807	1333.46
1613	74.1663	136.735	241.058	1334.94
1614	74.6097	137	240.315	1336.32
1615	74.6034	137.266	239.548	1337.68
1616	74.9177	137.52	238.786	1338.94
1617	75.2398	137.77	238	1340.16
1618	74.2207	138.02	237.212	1341.37
1619	74.1846	138.27	236.397	1342.56
1620	70.8501	138.543	235.569	1343.91
1621	70.2861	138.821	234.708	1345.28
1622	70.4697	139.086	233.853	1346.54
1623	70.733	139.347	232.966	1347.75
1624	71.3082	139.59	232.088	1348.81
1625	71.2305	139.832	231.174	1349.83
1626	72.5713	140.045	230.273	1350.63
1627	73.7206	140.241	229.341	1351.27
1628	75.5004	140.403	228.425	1351.65
1629	76.0715	140.553	227.473	1351.89
1630	76.419	140.684	226.529	1352
1631	76.7981	140.803	225.544	1351.97
1632	76.2887	140.914	224.562	1351.88
1633	75.719	141.019	223.583	1351.73
1634	76.3448	141.1	222.614	1351.42
1635	76.5285	141.166	221.653	1350.98
1636	76.2489	141.222	220.696	1350.47
1637	76.1193	141.266	219.745	1349.87
1638	76.2058	141.296	218.801	1349.17
1639	76.2766	141.312	217.863	1348.36
1640	76.7882	141.309	216.935	1347.41
1641	86.0646	141.171	216.074	1345.45
1642	85.5697	141.031	215.215	1343.46
1643	87.5226	140.856	214.375	1341.22
1644	86.9138	140.679	213.537	1338.97
1645	86.94	140.494	212.704	1336.66
1646	85.137	140.324	211.865	1334.46
1647	82.8036	140.176	211.016	1332.42
1648	82.9145	140.017	210.173	1330.31
1649	82.7518	139.851	209.334	1328.14
1650	83.503	139.667	208.507	1325.84
1651	83.7273	139.471	207.686	1323.45
1652	82.8448	139.278	206.864	1321.09
1653	82.6139	139.081	206.047	1318.69
1654	83.4119	138.864	205.24	1316.15
1655	82.9672	138.646	204.436	1313.6
1656	82.0972	138.431	203.631	1311.08
1657	81.9773	138.211	202.831	1308.51
1658	82.0344	137.981	202.036	1305.89
1659	81.3126	137.754	201.242	1303.28
1660	81.369	137.519	200.453	1300.61
1661	81.2664	137.278	199.669	1297.89
1662	81.5673	137.026	198.892	1295.1
1663	70.0368	136.918	198.044	1293.39
1664	70.0016	136.801	197.202	1291.61
1665	70.8924	136.663	196.371	1289.68
1666	71.151	136.513	195.547	1287.65
1667	72.1214	136.34	194.735	1285.46
1668	73.5112	136.141	193.937	1283.07
1669	77.6473	135.88	193.172	1280.21
1670	77.4741	135.615	192.411	1277.33
1671	78.0208	135.335	191.659	1274.34
1672	81.5575	135.003	190.934	1270.96
1673	81.5406	134.666	190.215	1267.55
1674	96.56	134.127	189.598	1262.61
1675	98.2515	133.564	188.997	1257.51
1676	98.9672	132.991	188.405	1252.33
1677	101.028	132.391	187.83	1246.96
1678	102.136	131.807	187.295	1241.75
1679	102.436	131.22	186.764	1236.53
1680	102.951	130.628	186.24	1231.26
1681	103.313	130.032	185.722	1225.97
1682	103.058	129.439	185.206	1220.72
1683	102.88	128.851	184.691	1215.5
1684	102.995	128.261	184.18	1210.27
1685	103.14	127.671	183.674	1205.04
1686	103.102	127.082	183.17	1199.83
1687	103.654	126.488	182.673	1194.57
1688	103.762	125.893	182.18	1189.32
1689	103.749	125.3	181.69	1184.09
1690	104.452	124.699	181.207	1178.8
1691	102.845	124.12	180.717	1173.67
1692	103.096	123.538	180.232	1168.54
1693	103.628	122.952	179.754	1163.37
1694	104.079	122.361	179.281	1158.17
1695	86.4892	121.991	178.701	1154.63
1696	86.5947	121.617	178.125	1151.06
1697	85.6462	121.253	177.547	1147.57
1698	85.9142	120.883	176.974	1144.04
1699	85.7822	120.512	176.404	1140.5
1700	85.2996	120.144	175.835	1136.99
1701	85.8749	119.767	175.273	1133.41
1702	85.894	119.387	174.714	1129.81
1703	86.542	118.997	174.163	1126.14
1704	85.7945	118.614	173.611	1122.52
1378	696.114	123.663	176.876	1166.18
1379	694.703	128.59	180.113	1208.83
1705	93.5221	128.065	179.572	1204.09
1706	96.3168	127.505	179.051	1199.09
1707	90.8708	127.013	178.5	1194.6
1708	91.5136	126.513	177.956	1190.06
1709	90.6807	126.022	177.411	1185.59
1710	91.5712	125.52	176.874	1181.03
1711	71.7553	125.265	176.217	1178.34
1712	71.3296	125.01	175.562	1175.64
1713	71.8192	124.744	174.913	1172.87
1714	71.927	124.472	174.27	1170.05
1715	72.488	124.189	173.634	1167.14
1716	71.1036	123.918	172.993	1164.34
1717	70.4305	123.651	172.352	1161.56
1718	69.8326	123.387	171.711	1158.81
1719	69.4787	123.123	171.072	1156.05
1720	69.9381	122.848	170.44	1153.22
1721	69.1894	122.578	169.807	1150.43
1722	71.8558	122.27	169.195	1147.35
1723	71.8185	121.959	168.586	1144.26
1724	84.4141	121.486	168.06	1139.95
1725	84.3347	121.014	167.537	1135.65
1726	85.1387	120.532	167.022	1131.28
1727	87.2402	120.022	166.523	1126.7
1728	89.2615	119.488	166.041	1121.94
1729	89.0678	118.956	165.559	1117.21
1730	89.1758	118.424	165.082	1112.48
1731	89.387	117.89	164.609	1107.73
1732	89.0192	117.361	164.137	1103.03
1733	84.2628	116.893	163.637	1098.78
1734	84.0135	116.427	163.14	1094.55
1735	84.0937	115.96	162.646	1090.32
1736	84.0126	115.493	162.154	1086.1
1737	84.2857	115.023	161.668	1081.85
1738	83.2816	114.565	161.178	1077.7
1739	81.9668	114.123	160.683	1073.67
1740	82.7663	113.67	160.196	1069.56
1741	84.1864	113.199	159.721	1065.32
1742	83.4636	112.738	159.244	1061.15
1743	80.0184	112.319	158.749	1057.3
1744	79.6026	111.904	158.254	1053.49
1745	77.92	111.51	157.752	1049.83
1746	73.9671	111.163	157.228	1046.53
1747	68.8159	110.879	156.676	1043.7
1748	76.7538	110.492	156.176	1040.11
1749	83.1389	110.023	155.72	1035.91
1750	83.5881	109.55	155.269	1031.67
1751	80.2242	109.118	154.8	1027.75
1752	79.6567	108.694	154.33	1023.88
1753	78.5274	108.283	153.856	1020.12
1754	76.2846	107.899	153.372	1016.56
1755	78.5235	107.486	152.904	1012.79
1756	78.6843	107.07	152.44	1009
1757	78.9466	106.67	152.003	1005.36
1758	81.319	106.242	151.582	1001.52
1759	82.085	105.804	151.168	997.602
1760	82.2274	105.365	150.758	993.681
1761	81.862	104.931	150.348	989.797
1762	83.2184	104.481	149.948	985.798
1763	82.0419	104.046	149.544	981.91
1764	81.3174	103.619	149.138	978.093
1765	68.758	103.343	148.659	975.401
1766	68.7514	103.064	148.184	972.693
1767	69.5418	102.773	147.716	969.899
1768	67.962	102.499	147.241	967.232
1769	66.1129	102.245	146.758	964.714
1770	67.9393	101.966	146.289	962.014
1771	68.7162	101.675	145.827	959.229
1772	69.8566	101.369	145.375	956.329
1773	71.5916	101.041	144.936	953.262
1774	72.0753	100.705	144.502	950.145
1775	74.4081	100.341	144.085	946.812
1776	74.8331	99.9708	143.673	943.439
1777	76.2646	99.5832	143.271	939.937
1778	76.4733	99.1929	142.874	936.417
1779	76.9635	98.7966	142.481	932.854
1780	77.9193	98.3891	142.097	929.21
1781	78.5354	97.9745	141.719	925.514
1782	77.1242	97.5771	141.334	921.951
1783	77.6053	97.1741	140.955	918.348
1784	78.381	96.7622	140.582	914.68
1785	79.1861	96.3412	140.217	910.947
1786	78.9988	95.9231	139.853	907.237
1787	79.7814	95.4963	139.495	903.465
1788	78.3952	95.0868	139.131	899.826
1789	70.6225	94.7704	138.724	896.887
1790	66.323	94.5041	138.293	894.325
1791	66.2964	94.2361	137.864	891.753
1792	67.0732	93.957	137.443	889.099
1793	66.932	93.6779	137.023	886.446
1794	68.2901	93.3809	136.614	883.661
1795	69.6996	93.0658	136.215	880.742
1796	69.024	92.7578	135.816	877.878
1797	70.3238	92.4332	135.426	874.891
1798	71.6319	92.0923	135.046	871.784
1799	73.0317	91.7342	134.677	868.55
1800	71.2429	91.3973	134.299	865.478
1801	71.595	91.0557	133.926	862.372
1802	73.0172	90.6968	133.563	859.138
1803	73.8222	90.3283	133.208	855.834
1804	74.0941	89.9567	132.856	852.51
1805	73.8114	89.5887	132.505	849.214
1806	76.5668	89.1881	132.172	845.676
1807	77.9465	88.7719	131.849	842.024
1808	80.7936	88.3228	131.545	838.128
1809	79.8829	87.8864	131.237	834.329
1810	80.0797	87.4492	130.933	830.526
1811	83.2726	86.9755	130.649	826.453
1812	83.7607	86.4983	130.37	822.356
1813	82.6104	86.0371	130.086	818.382
1814	81.6253	85.5897	129.797	814.515
1815	80.1056	85.1624	129.502	810.801
1816	79.5819	84.7428	129.204	807.147
1817	77.3928	84.3508	128.896	803.702
1818	76.6926	83.9681	128.585	800.33
1819	74.7106	83.6098	128.265	797.143
1820	74.24	83.2576	127.943	794.004
1821	73.8446	82.9105	127.621	790.905
1822	73.8968	82.563	127.301	787.806
1823	72.4805	82.2328	126.975	784.837
1824	73.7037	81.888	126.658	781.762
1825	74.3238	81.5362	126.346	778.636
1826	74.4059	81.1838	126.037	775.508
1827	74.1147	80.8355	125.728	772.412
1828	74.4055	80.4841	125.423	769.296
1829	75.0475	80.1257	125.123	766.128
1830	75.1539	79.7667	124.825	762.959
1831	76.1736	79.3963	124.536	759.706
1832	76.273	79.0256	124.248	756.453
1833	77.226	78.6446	123.969	753.126
1834	76.2381	78.2766	123.684	749.897
1835	76.4041	77.9076	123.403	746.664
1836	75.683	77.5482	123.119	743.505
1837	75.0813	77.1969	122.833	740.408
1838	73.5715	76.8643	122.54	737.455
1839	72.9809	76.5393	122.245	734.559
1840	73.5382	76.2079	121.955	731.618
1841	75.056	75.859	121.676	728.548
1842	75.3891	75.523	121.413	725.596
1843	78.2698	75.155	121.168	722.408
1844	79.2664	74.7771	120.93	719.147
1845	78.3331	74.4114	120.687	715.979
1846	78.0029	74.0509	120.445	712.852
1847	76.7824	73.7056	120.197	709.842
1848	78.0437	73.347	119.957	706.734
1849	75.0482	73.0239	119.702	703.893
1850	73.0092	72.7247	119.437	701.234
1851	70.1499	72.4583	119.157	698.823
1852	69.5697	72.1984	118.875	696.462
1853	68.8202	71.9468	118.591	694.165
1854	65.4763	71.7328	118.289	692.151
1855	64.5153	71.5287	117.983	690.213
1856	65.5109	71.3122	117.685	688.182
1857	67.4245	71.0729	117.4	685.983
1858	70.7162	70.7958	117.134	683.501
1859	70.6954	70.519	116.871	681.023
1860	70.9553	70.2394	116.61	678.525
1861	70.9731	69.9598	116.35	676.029
1862	70.7183	69.6834	116.091	673.558
1863	70.046	69.4148	115.83	671.148
1864	72.3791	69.1197	115.583	668.54
1865	71.6876	68.8331	115.333	665.998
1866	72.4107	68.5386	115.089	663.398
1867	70.5248	68.2662	114.836	660.966
1868	69.1753	68.0093	114.577	658.651
1869	69.2608	67.7514	114.319	656.331
1870	68.5385	67.5018	114.059	654.073
1871	68.0085	67.258	113.797	651.861
1872	67.5803	67.0189	113.535	649.686
1873	68.3784	66.7705	113.278	647.442
1874	66.5189	66.5431	113.013	645.357
1875	65.7801	66.3236	112.744	643.333
1876	64.2953	66.1205	112.469	641.433
1877	64.5991	65.9131	112.197	639.502
1878	65.0128	65.7003	111.929	637.531
1879	65.7038	65.479	111.666	635.498
1880	64.9846	65.2654	111.401	633.524
1881	65.736	65.0426	111.142	631.483
1882	66.2306	64.8139	110.886	629.397
1883	65.734	64.5904	110.63	627.353
1884	66.2722	64.3605	110.378	625.262
1885	68.3402	64.1068	110.139	622.994
1886	67.0623	63.8679	109.894	620.837
1887	65.8076	63.6431	109.644	618.788
1888	64.8504	63.4289	109.389	616.82
1889	67.0001	63.1898	109.148	614.667
1890	66.6696	62.9544	108.907	612.542
1891	65.6611	62.7305	108.661	610.505
1892	63.0036	62.5365	108.402	608.694
1893	62.9651	62.3421	108.144	606.881
1894	62.625	62.151	107.885	605.093
1895	63.0949	61.9537	107.631	603.26
1896	63.6952	61.7489	107.381	601.372
1897	64.4077	61.5356	107.137	599.421
1898	65.2761	61.312	106.899	597.395
1899	64.3834	61.0984	106.657	595.445
1900	64.4286	60.884	106.417	593.489
1901	62.9211	60.6864	106.17	591.661
1902	61.0022	60.51	105.914	589.994
1903	61.798	60.3237	105.663	588.253
1904	61.9382	60.1351	105.415	586.495
1905	62.4414	59.9401	105.17	584.691
1906	62.9936	59.7382	104.931	582.837
1907	63.0031	59.5358	104.693	580.979
1908	63.4895	59.3275	104.458	579.078
1909	64.6681	59.1055	104.232	577.076
1910	68.0607	58.8449	104.027	574.786
1911	69.5593	58.5679	103.831	572.374
1912	70.6464	58.2794	103.642	569.878
1913	70.2152	57.997	103.452	567.429
1914	70.6558	57.7106	103.266	564.951
1915	72.7626	57.4015	103.093	562.305
1916	73.9787	57.08	102.927	559.568
1917	73.0717	56.7707	102.758	556.923
1918	73.0279	56.4634	102.589	554.296
1919	72.2849	56.1661	102.417	551.745
1920	72.3202	55.8699	102.246	549.204
1921	72.8228	55.5693	102.078	546.633
1922	73.0436	55.2678	101.914	544.056
1923	72.3503	54.9757	101.746	541.551
1924	72.9994	54.6776	101.582	539.003
1925	73.0758	54.3802	101.42	536.462
1926	72.3532	54.0926	101.255	533.996
1927	72.3914	53.8059	101.091	531.538
1928	72.4555	53.5199	100.928	529.087
1929	70.696	53.2552	100.757	526.798
1930	70.8717	52.9897	100.587	524.504
1931	70.3232	52.7426	100.422	522.363
1932	67.6945	52.5251	100.244	520.445
1933	66.2623	52.3235	100.06	518.648
1934	65.1203	52.1346	99.8699	516.946
1935	64.7289	51.9499	99.6789	515.278
1936	66.0578	51.7506	99.4962	513.501
1937	66.3843	51.548	99.3162	511.701
1938	66.0537	51.3493	99.1354	509.93
1939	66.0448	51.1508	98.9556	508.162
1940	69.8834	50.9108	98.7976	506.084
1941	69.1664	50.6795	98.6366	504.073
1942	69.3608	50.4469	98.4775	502.052
1943	68.1696	50.228	98.3127	500.137
1944	67.9588	50.012	98.1478	498.243
1945	68.0907	49.7951	97.9844	496.345
1946	67.3083	49.5872	97.8177	494.516
1947	65.9129	49.395	97.6443	492.805
1948	69.337	49.1658	97.4905	490.817
1949	71.6618	48.9122	97.3501	488.647
1950	73.4456	48.6403	97.2202	486.343
1951	74.5094	48.3585	97.0967	483.965
1952	75.1385	48.0715	96.9774	481.55
1953	75.7884	47.7793	96.8622	479.097
1954	77.1077	47.4747	96.7549	476.553
1955	76.5557	47.1782	96.6451	474.071
1956	75.1117	46.8995	96.5281	471.724
1957	74.2874	46.6315	96.4072	469.459
1958	77.665	46.3283	96.3053	466.932
1959	78.6742	46.0164	96.2095	464.341
1960	76.757	45.7276	96.1038	461.925
1961	76.511	45.4436	95.9973	459.546
1962	75.972	45.1673	95.8885	457.227
1963	76.7736	44.8841	95.7846	454.857
1964	76.7304	44.6033	95.681	452.508
1965	76.7678	44.3241	95.5782	450.171
1966	76.7563	44.0469	95.4759	447.851
1967	77.7174	43.7612	95.3794	445.469
1968	77.4693	43.4802	95.2821	443.123
1969	77.4035	43.2019	95.1849	440.8
1970	76.9915	42.9301	95.0861	438.527
1971	76.8046	42.6621	94.9867	436.284
1972	76.1137	42.4036	94.8841	434.113
1973	75.5065	42.1533	94.7788	432.005
1974	75.376	41.906	94.6734	429.921
1975	76.9335	41.6433	94.5769	427.724
1976	77.1137	41.3805	94.482	425.526
1977	76.4428	41.1268	94.384	423.398
1978	76.8419	40.8704	94.2887	421.252
1979	76.6909	40.6175	94.193	419.133
1980	80.9008	40.3204	94.1208	416.684
1981	81.5292	40.019	94.0523	414.205
1982	80.4417	39.732	93.9784	411.834
1983	80.5043	39.4466	93.9051	409.478
1984	81.9382	39.1479	93.8401	407.023
1985	82.1065	38.8499	93.7763	404.576
1986	78.0057	38.599	93.6906	402.483
1987	78.6271	38.3432	93.6088	400.355
1988	77.6431	38.1	93.522	398.322
1989	78.0151	37.8544	93.4377	396.273
1990	77.7376	37.6136	93.3524	394.261
1991	77.1158	37.3813	93.2641	392.314
1992	77.1487	37.1501	93.1766	390.377
1993	77.7614	36.9138	93.0928	388.404
1994	74.08	36.7193	92.9894	386.744
1995	71.979	36.5485	92.8753	385.263
1996	70.7015	36.3923	92.7547	383.893
1997	69.7624	36.2466	92.6298	382.603
1998	69.8659	36.1001	92.5061	381.307
1999	73.5197	35.9141	92.4029	379.715
2000	74.6427	35.7167	92.3064	378.04
2001	75.0871	35.5157	92.2128	376.338
2002	74.9635	35.3171	92.119	374.656
2003	77.5276	35.0918	92.0397	372.774
2004	79.3091	34.8488	91.9705	370.761
2005	78.9139	34.6119	91.8996	368.795
2006	78.9153	34.3768	91.829	366.844
2007	76.7465	34.1671	91.747	365.084
2008	77.469	33.9509	91.6694	363.277
2009	76.7128	33.7445	91.5882	361.544
2010	76.7954	33.5385	91.5078	359.815
2011	76.0869	33.3415	91.424	358.156
2012	75.5592	33.1516	91.3377	356.55
2013	73.7614	32.9746	91.2379	355.034
2014	73.6256	32.8	91.1378	353.538
2015	72.9591	32.6259	91.0296	352.037
2016	72.4982	32.4581	90.9193	350.584
2017	72.6638	32.2806	90.8052	349.05
2018	72.5939	32.1047	90.6914	347.529
2019	76.0042	31.8756	90.5947	345.599
2020	77.216	31.6322	90.5067	343.564
2021	77.6216	31.3718	90.4172	341.392
2022	78.7155	31.0986	90.336	339.125
2023	80.1382	30.7913	90.261	336.591
2024	81.4659	30.4678	90.1963	333.939
2025	82.8192	30.107	90.1387	330.995
2026	83.7326	29.7367	90.0886	327.982
2027	84.417	29.3356	90.0414	324.726
2028	84.8759	28.9327	89.9983	321.46
2029	86.6196	28.4764	89.9682	317.78
2030	88.5424	27.9934	89.9554	313.902
2031	88.4265	27.4844	89.9407	309.816
2032	88.6157	26.9814	89.928	305.779
2033	88.3866	26.4514	89.9119	301.523
2034	88.5555	25.9286	89.8978	297.326
2035	89.3614	25.3996	89.8922	293.089
2036	89.2934	24.8829	89.886	288.949
2037	88.574	24.3918	89.8723	285.007
2038	88.4507	23.9133	89.8575	281.164
2039	88.4358	23.4447	89.8427	277.4
2040	87.8461	22.9979	89.8219	273.805
2041	87.1228	22.575	89.7938	270.393
2042	86.6253	22.1707	89.7608	267.126
2043	85.9835	21.7875	89.7214	264.021
2044	85.5549	21.4204	89.678	261.041
2045	85.5507	21.0601	89.635	258.116
2046	78.7171	20.8488	89.5213	256.312
2047	74.852	20.7201	89.3685	255.129
2048	73.8409	20.6119	89.2067	254.102
2049	74.013	20.499	89.0485	253.04
2050	71.48	20.4379	88.8655	252.369
2051	65.8177	20.4923	88.6254	252.564
2052	65.1451	20.5546	88.3808	252.817
2053	64.4941	20.624	88.132	253.124
2054	64.6557	20.6834	87.8874	253.355
2055	64.6504	20.7366	87.6454	253.538
2056	63.9176	20.7989	87.3982	253.79
2057	63.9291	20.8545	87.1538	253.99
2058	39.7712	21.4072	86.6602	257.918
2059	38.9471	21.9553	86.1632	261.805
2060	38.2993	22.495	85.6646	265.625
2061	38.9923	22.9987	85.1784	269.168
2062	38.931	23.4831	84.6967	272.561
2063	38.9767	23.9463	84.2204	275.791
2064	40.3	24.3304	83.7981	278.442
2065	40.9096	24.6873	83.3857	280.884
2066	41.6748	25.0147	82.9847	283.102
2067	42.0979	25.3199	82.5915	285.151
2068	42.7071	25.6	82.208	287.008
2069	43.1979	25.8579	81.8329	288.696
2070	46.2325	26.0453	81.4906	289.853
2071	45.9806	26.2273	81.1492	290.967
2072	46.6166	26.387	80.8171	291.913
2073	51.8476	26.4367	80.5386	292.032
2074	51.6994	26.4829	80.2613	292.124
2075	52.3149	26.511	79.9925	292.081
2076	53.6675	26.5074	79.7394	291.799
2077	54.8725	26.4759	79.5003	291.307
2078	56.0362	26.418	79.2747	290.618
2079	55.8407	26.3606	79.0494	289.934
2080	55.5716	26.3051	78.8236	289.265
2081	55.3051	26.2515	78.5975	288.61
2082	54.5105	26.2099	78.3659	288.045
2083	62.8532	26.0042	78.2167	286.25
2084	64.285	25.772	78.0828	284.259
2085	66.3736	25.5016	77.9702	281.983
2086	68.4317	25.1946	77.8785	279.435
2087	69.1478	24.878	77.7945	276.818
2088	69.4962	24.5592	77.7147	274.188
2089	71.0106	24.2158	77.6502	271.377
2090	70.9444	23.8791	77.5858	268.618
2091	77.509	23.4213	77.585	264.956
2092	78.6716	22.9918	77.5955	261.53
2093	78.9239	22.5752	77.6082	258.21
2094	80.3322	22.1934	77.6344	255.182
2095	79.898	21.8102	77.6562	252.138
2096	79.3803	21.4239	77.6728	249.064
2097	80.0566	21.0578	77.6957	246.158
2098	79.4965	20.6874	77.713	243.212
2099	75.2477	20.337	77.6893	240.385
2100	75.5628	19.9868	77.6689	237.563
2101	76.7694	19.6197	77.6602	234.618
2102	76.1863	19.2708	77.646	231.812
2103	75.4701	18.942	77.6251	229.161
2104	74.7146	18.6337	77.5971	226.667
2105	74.8692	18.3278	77.5709	224.194
2106	74.939	18.026	77.5456	221.754
2107	75.2596	17.7233	77.5236	219.31
2108	75.9384	17.413	77.5084	216.812
2109	83.3484	17.1904	77.5645	215.088
2110	83.3593	16.9713	77.6202	213.39
2111	82.5387	16.7395	77.6675	211.583
2112	80.6475	16.4749	77.6962	209.495
2113	80.5721	16.2133	77.7238	207.431
2114	80.8924	15.9625	77.7543	205.454
2115	82.8552	15.7536	77.8034	203.832
2116	84.4275	15.578	77.867	202.491
2117	84.5013	15.4183	77.9263	201.273
2118	78.7623	15.1579	77.9337	200
2119	77.8991	14.8879	77.9334	200
2120	77.1347	14.6363	77.9263	200
2121	74.7291	14.432	77.8978	200
2122	75.1085	14.2241	77.8728	200
2123	71.9558	14.0758	77.82	200
2124	71.2513	13.9417	77.7614	200
2125	71.2755	13.8086	77.7035	200
2126	69.4298	13.7097	77.6296	200
2127	69.3796	13.6122	77.5559	200
2128	68.1976	13.5363	77.4724	200
2129	67.9096	13.4653	77.387	200
2130	69.3545	13.3683	77.3153	200
2131	69.1976	13.2745	77.2428	200
2132	69.1423	13.1821	77.1705	200
2133	68.6043	13.0997	77.094	200
2134	68.6177	13.0172	77.0183	200
2135	68.7094	12.9331	76.9441	200
2136	71.4306	12.8006	76.8949	200
2137	70.1246	12.6929	76.8344	200
2138	69.2593	12.6015	76.7668	200
2139	68.6295	12.5218	76.6941	200
2140	69.8359	12.4207	76.6329	200
2141	70.7501	12.3039	76.5804	200
2142	67.7282	12.2423	76.5013	200
2143	67.9011	12.1772	76.4246	200
2144	67.9708	12.1107	76.3491	200
2145	68.9633	12.0264	76.2831	200
2146	68.115	11.9575	76.2102	200
2147	68.6087	11.8797	76.1423	200
2148	70.6417	11.7658	76.0932	200
2149	71.1293	11.6443	76.0489	200
2150	71.0075	11.5264	76.0039	200
2151	73.7328	11.3611	75.9836	200
2152	74.5379	11.1841	75.9707	200
2153	79.2102	11.0422	75.9996	200
2154	84.9363	11.0046	76.0794	200
2155	84.5581	10.9595	76.1551	200
2156	85.2387	10.926	76.2362	200
2157	84.8345	10.8844	76.313	200
2158	82.6625	10.8034	76.3697	200
2159	93.5579	10.9175	76.5231	200
2160	93.512	11.0259	76.6748	200
2161	94.7135	11.1511	76.8359	200
2162	94.6998	11.271	76.9954	200
2163	94.0344	11.374	77.1475	200
2164	67.0146	11.3518	77.057	200
2165	72.5996	11.2287	77.0172	200
2166	72.2453	11.1134	76.9746	200
2167	76.0478	10.9315	76.9664	200
2168	76.9004	10.7375	76.9658	200
2169	77.3915	10.5533	76.9696	200
2170	79.0183	10.4015	76.9879	200
2171	77.9347	10.2326	76.9963	200
2172	78.6941	10.0802	77.0115	200
2173	80.2503	9.95805	77.0404	200
2174	79.0865	9.82619	77.0574	200
2175	78.8665	9.69257	77.0725	200
2176	77.538	9.53878	77.0764	200
2177	75.9501	9.39857	77.067	200
2178	76.4501	9.25221	77.0619	200
2179	80.0498	9.14781	77.0868	200
2180	81.6845	9.07197	77.1251	200
2181	81.3484	8.99116	77.1603	200
2182	77.3168	8.84392	77.1616	200
2183	73.8083	8.75241	77.1336	200
2184	74.2406	8.65475	77.1095	200
2185	73.0487	8.57818	77.0757	200
2186	72.9758	8.50354	77.0415	200
2187	74.4099	8.40568	77.0196	200
2188	94.5259	8.55735	77.1655	200
2189	95.2377	8.71593	77.3161	200
2190	94.086	8.85017	77.4558	200
2191	94.7853	8.99149	77.6002	200
2192	95.6773	9.14292	77.7509	200
2193	92.2207	9.2317	77.8715	200
2194	89.9563	9.27925	77.9722	200
2195	90.4778	9.33302	78.0764	200
2196	87.927	9.34165	78.1585	200
2197	85.8449	9.31406	78.2225	200
2198	83.8976	9.25341	78.2698	200
2199	82.9544	9.17726	78.3089	200
2200	83.3436	9.10822	78.3508	200
2201	84.5139	9.05913	78.4022	200
2202	85.8679	9.03258	78.4644	200
2203	87.3129	9.02951	78.5381	200
2204	87.7857	9.03314	78.6152	200
2205	86.928	9.02114	78.6845	200
2206	88.3178	9.03134	78.7647	200
2207	87.5166	9.02668	78.8377	200
2208	86.9019	9.01064	78.9049	200
2209	82.864	8.92645	78.9379	200
2210	85.3244	8.88411	78.9911	200
2211	84.9738	8.83576	79.0409	200
2212	84.1207	8.77316	79.0833	200
2213	83.2495	8.69637	79.118	200
2214	83.1247	8.61821	79.1514	200
2215	84.5838	8.56512	79.1966	200
2216	89.238	8.58972	79.2803	200
2217	91.4147	8.64879	79.3814	200
2218	72.735	8.61542	79.3261	200
2219	71.4622	8.6029	79.2605	200
2220	70.7718	8.60099	79.1898	200
2221	69.5743	8.6179	79.1097	200
2222	68.5103	8.65092	79.0213	200
2223	64.4586	8.74945	78.9	200
2224	61.3005	8.89695	78.7533	200
2225	60.5232	9.05251	78.6014	200
2226	60.3742	9.20542	78.4495	200
2227	59.5525	9.36694	78.292	200
2228	59.4292	9.5252	78.1348	200
2229	59.0972	9.68374	77.9762	200
2230	59.1093	9.8368	77.819	200
2231	57.3972	10.0132	77.6488	200
2232	54.8788	10.2258	77.459	200
2233	53.9645	10.447	77.2632	200
2234	54.6924	10.649	77.0751	200
2235	55.5419	10.8191	76.9069	200
2236	56.2093	10.9734	76.7452	200
2237	56.0437	11.1254	76.5835	200
2238	57.0834	11.2563	76.4311	200
2239	58.2706	11.3642	76.2893	200
2240	66.9065	11.3332	76.216	200
2241	71.7347	11.2262	76.1809	200
2242	75.1316	11.0671	76.1728	200
2243	75.9922	10.897	76.1713	200
2244	73.3876	10.7703	76.1496	200
2245	72.6795	10.6562	76.1225	200
2246	70.8294	10.5724	76.0811	200
2247	66.2201	10.5613	76.0041	200
2248	62.6197	10.6054	75.8995	200
2249	54.3293	10.7767	75.731	200
2250	55.935	10.9176	75.5763	200
2251	57.3209	11.0323	75.4337	200
2252	58.6117	11.1228	75.3023	200
2253	66.7125	11.0832	75.2352	200
2254	68.3202	11.0181	75.1812	200
2255	67.7987	10.9613	75.1235	200
2256	68.0602	10.9003	75.0683	200
2257	67.5458	10.8476	75.0095	200
2258	67.7506	10.7915	74.9528	200
2259	67.7533	10.7354	74.8966	200
2260	68.9553	10.6605	74.8502	200
2261	68.6322	10.591	74.8016	200
2262	70.2253	10.4971	74.7658	200
2263	70.0436	10.4068	74.7289	200
2264	70.2385	10.3144	74.6939	200
2265	71.1311	10.2089	74.666	200
2266	72.5464	10.0825	74.6495	200
2267	74.3345	9.92988	74.647	200
2268	78.2487	9.831	74.6751	200
2269	77.4576	9.72087	74.6969	200
2270	77.5573	9.61367	74.7192	200
2271	78.4232	9.52133	74.7482	200
2272	72.2912	9.41095	74.729	200
2273	66.7605	9.38841	74.6667	200
2274	64.6822	9.39772	74.5887	200
2275	64.8314	9.40334	74.5125	200
2276	68.0003	9.35817	74.4616	200
2277	68.5729	9.30396	74.4156	200
2278	68.9314	9.24427	74.3728	200
2279	69.0139	9.18356	74.3309	200
2280	68.8568	9.1256	74.2881	200
2281	66.9319	9.09795	74.2306	200
2282	65.4378	9.09318	74.162	200
2283	65.2196	9.09083	74.0921	200
2284	64.3037	9.10173	74.0156	200
2285	57.9039	9.21126	73.8897	200
2286	59.4878	9.29236	73.7772	200
2287	59.9136	9.36379	73.6689	200
2288	61.6927	9.40461	73.5754	200
2289	61.4403	9.44727	73.4806	200
2290	62.0651	9.47802	73.3914	200
2291	63.5328	9.48397	73.3143	200
2292	66.8777	9.43635	73.2641	200
2293	68.2823	9.36675	73.2251	200
2294	79.3754	9.31649	73.2732	200
2295	83.5324	9.33122	73.3533	200
2296	84.959	9.36676	73.444	200
2297	84.6712	9.39583	73.5317	200
2298	84.6359	9.42252	73.6185	200
2299	85.9708	9.4683	73.715	200
2300	83.4543	9.47228	73.7866	200
2301	80.128	9.42624	73.8332	200
2302	80.1448	9.38044	73.8796	200
2303	80.0253	9.33286	73.9248	200
2304	78.7269	9.26624	73.9601	200
2305	75.9827	9.15971	73.975	200
2306	69.877	9.08527	73.9449	200
2307	68.4561	9.03238	73.9045	200
2308	67.8159	8.98909	73.8597	200
2309	73.9377	8.85804	73.8603	200
2310	74.6527	8.73943	73.8661	200
2311	78.1738	8.67426	73.8978	200
2312	78.5334	8.61486	73.9319	200
2313	79.5236	8.57041	73.973	200
2314	83.5348	8.58498	74.0433	200
2315	86.027	8.63497	74.1314	200
2316	87.6056	8.70613	74.2305	200
2317	88.8306	8.79281	74.3378	200
2318	88.219	8.86763	74.4399	200
2319	85.7219	8.90314	74.5229	200
2320	86.4593	8.94774	74.6106	200
2321	85.4499	8.97556	74.6903	200
2322	85.3803	9.00077	74.7689	200
2323	85.4516	9.02551	74.8475	200
2324	86.0601	9.05767	74.9299	200
2325	81.3996	9.01961	74.9775	200
2326	80.5365	8.96872	75.0184	200
2327	74.5562	8.84362	75.015	200
2328	74.4219	8.72229	75.0106	200
2329	77.1745	8.62584	75.0265	200
2330	76.5555	8.52148	75.0378	200
2331	75.8979	8.40881	75.0441	200
2332	76.5875	8.30785	75.0554	200
2333	77.94	8.22809	75.0767	200
2334	77.2453	8.13898	75.0926	200
2335	78.5853	8.07066	75.1183	200
2336	79.9927	8.02365	75.1541	200
2337	82.6363	8.01569	75.2091	200
2338	83.8492	8.02487	75.2727	200
2339	84.8105	8.04712	75.3428	200
2340	87.0676	8.1012	75.429	200
2341	87.0099	8.15237	75.5142	200
2342	86.3013	8.19112	75.5935	200
2343	90.9992	8.29722	75.7068	200
2344	93.7354	8.44032	75.8393	200
2345	92.139	8.5559	75.9592	200
2346	93.7538	8.69177	76.09	200
2347	94.4194	8.8335	76.2248	200
2348	89.3444	8.89653	76.3213	200
2349	87.0504	8.92348	76.4001	200
2350	86.4169	8.93956	76.4738	200
2351	85.9084	8.94684	76.5432	200
2352	88.6118	8.99274	76.6319	200
2353	95.201	9.13357	76.7684	200
2354	94.3349	9.25759	76.8976	200
2355	94.143	9.37505	77.0244	200
2356	95.7414	9.51243	77.162	200
2357	95.0473	9.63556	77.2935	200
2358	93.906	9.73816	77.4157	200
2359	94.5099	9.84634	77.5414	200
2360	94.4473	9.95016	77.6657	200
2361	90.8907	9.99831	77.7629	200
2362	86.8853	9.98543	77.83	200
2363	83.4477	9.9212	77.8713	200
2364	84.7741	9.87404	77.9252	200
2365	84.1957	9.81773	77.9742	200
2366	85.1153	9.77312	78.0337	200
2367	84.9224	9.72504	78.0911	200
2368	85.6131	9.6857	78.1583	200
2369	85.6685	9.64685	78.2254	200
2370	85.118	9.59389	78.2916	200
2371	84.4851	9.52849	78.3512	200
2372	81.611	9.3979	78.3851	200
2373	81.2617	9.26204	78.4151	200
2374	82.5791	9.14617	78.4624	200
2375	85.1676	9.09069	78.5386	200
2376	87.8772	9.09689	78.6554	200
2377	89.0071	9.12826	78.7847	200
2378	74.4762	8.99438	78.7249	200
2379	71.5606	8.94354	78.6254	200
2380	74.3603	8.81358	78.5662	200
2381	73.6821	8.70443	78.4983	200
2382	72.989	8.61568	78.4218	200
2383	73.6308	8.50944	78.3553	200
2384	73.428	8.40993	78.2868	200
2385	73.581	8.30704	78.2215	200
2386	74.9499	8.16717	78.176	200
2387	73.3806	8.07351	78.1094	200
2388	66.2424	8.17888	77.9446	200
2389	66.7354	8.26306	77.7889	200
2390	66.3273	8.35191	77.6297	200
2391	67.008	8.41496	77.4822	200
2392	66.8236	8.47728	77.3342	200
2393	65.944	8.55819	77.176	200
2394	65.6188	8.6415	77.0155	200
2395	67.8077	8.65723	76.8876	200
2396	65.5232	8.73242	76.7297	200
2397	47.5939	9.29918	76.3251	200
2398	43.013	9.96621	75.8624	200
2399	43.8814	10.5777	75.4182	200
2400	42.8952	11.1873	74.9665	200
2401	42.1358	11.7885	74.5105	200
2402	42.5081	12.35	74.0661	200
2403	44.4856	12.7808	73.6963	200
2404	44.9808	13.1792	73.3374	200
2405	44.6254	13.5675	72.9784	200
2406	45.8944	13.9054	72.6399	200
2407	45.7663	14.2296	72.304	200
2408	45.0286	14.5557	71.963	200
2409	48.4254	14.7803	71.6688	200
2410	49.9357	14.9541	71.3972	200
2411	49.7336	15.1218	71.1264	200
2412	50.2138	15.2666	70.8649	200
2413	49.5236	15.4185	70.5982	200
2414	46.4936	15.6356	70.2969	200
2415	45.8823	15.8551	69.9917	200
2416	49.3115	15.9757	69.7332	200
2417	50.1552	16.0658	69.4885	200
2418	48.2722	16.1945	69.2233	200
2419	48.5027	16.3077	68.9643	200
2420	50.2677	16.3674	68.7305	200
2421	52.4849	16.3644	68.5275	200
2422	55.4234	16.2829	68.3637	200
2423	53.9661	16.2357	68.1837	200
2424	53.8369	16.1885	68.0044	200
2425	55.5841	16.0943	67.8491	200
2426	53.6655	16.0465	67.6718	200
2427	54.2798	15.9802	67.5044	200
2428	54.4997	15.9058	67.3419	200
2429	53.0058	15.8665	67.1627	200
2430	53.0655	15.8223	66.9864	200
2431	53.326	15.7683	66.8157	200
2432	53.4774	15.7075	66.649	200
2433	54.5682	15.6168	66.4979	200
2434	55.7016	15.4963	66.363	200
2435	55.7381	15.3745	66.2302	200
2436	49.019	15.4205	66.015	200
2437	49.2555	15.4539	65.8055	200
2438	50.4046	15.4526	65.613	200
2439	51.1662	15.4275	65.4324	200
2440	52.863	15.356	65.2753	200
2441	53.202	15.2739	65.1244	200
2442	51.406	15.2351	64.9529	200
2443	52.0919	15.1757	64.7922	200
2444	52.8558	15.1021	64.6565	200
2445	51.6051	15.0555	64.5082	200
2446	48.4092	15.0792	64.3253	200
2447	46.7814	15.1352	64.1259	200
2448	46.2099	15.1984	63.9223	200
2449	46.84	15.2412	63.7282	200
2450	49.0927	15.2275	63.5619	200
2451	45.366	15.2949	63.3551	200
2452	48.3694	15.2879	63.1848	200
2453	49.1275	15.2599	63.0251	200
2454	50.6035	15.1954	62.8839	200
2455	51.922	15.0992	62.7594	200
2456	54.6241	14.9409	62.6669	200
2457	56.1236	14.7501	62.5926	200
2458	56.523	14.5528	62.5236	200
2459	56.6865	14.3547	62.4573	200
2460	55.9473	14.1764	62.3833	200
2461	52.1566	14.0866	62.2671	200
2462	50.5649	14.0324	62.1341	200
2463	50.8623	13.9697	62.006	200
2464	50.8852	13.905	61.8796	200
2465	52.2605	13.8076	61.7703	200
2466	54.9954	13.6477	61.6933	200
2467	54.585	13.4991	61.6125	200
2468	54.1677	13.3615	61.5279	200
2469	54.3323	13.2214	61.4462	200
2470	56.7015	13.0287	61.3923	200
2471	56.6087	12.8413	61.3379	200
2472	52.7841	12.7439	61.2407	200
2473	52.1255	12.6614	61.1371	200
2474	51.3218	12.5967	61.0256	200
2475	50.6691	12.5458	60.9079	200
2476	50.4874	12.4975	60.7895	200
2477	51.1305	12.433	60.6797	200
2478	51.9708	12.3484	60.5807	200
2479	52.2597	12.2568	60.4862	200
2480	51.068	12.1923	60.3792	200
2481	49.9865	12.1514	60.2611	200
2482	51.7662	12.0683	60.1645	200
2483	51.3809	11.9936	60.0647	200
2484	51.4644	11.9165	59.967	200
2485	52.8079	11.8084	59.8856	200
2486	54.0968	11.6716	59.8199	200
2487	58.3768	11.4391	59.8035	200
2488	60.9533	11.2053	59.8165	200
2489	58.9664	10.9895	59.8077	200
2490	60.6758	10.7787	59.8167	200
2491	61.5901	10.5911	59.8352	200
2492	61.6391	10.408	59.854	200
2493	59.1436	10.206	59.8466	200
2494	58.9615	10.0118	59.8373	200
2495	58.2771	9.83571	59.8211	200
2496	58.2766	9.66298	59.805	200
2497	58.2579	9.4939	59.7889	200
2498	58.1523	9.3302	59.7718	200
2499	56.987	9.19384	59.7428	200
2500	56.5951	9.06788	59.71	200
2501	55.4328	8.96807	59.6655	200
2502	55.837	8.861	59.6256	200
2503	57.3483	8.72384	59.6019	200
2504	57.3818	8.58834	59.5788	200
2505	56.2934	8.47786	59.5445	200
2506	55.9913	8.37527	59.5075	200
2507	56.0825	8.27213	59.4718	200
2508	54.6053	8.20118	59.4212	200
2509	54.0371	8.14249	59.3651	200
2510	49.0065	8.18866	59.2572	200
2511	49.1341	8.22896	59.1517	200
2512	50.4725	8.23834	59.0613	200
2513	52.2416	8.20879	58.9903	200
2514	51.5371	8.19304	58.9126	200
2515	53.5738	8.13358	58.857	200
2516	53.5213	8.07529	58.8014	200
2517	54.2706	8.00145	58.7542	200
2518	55.9543	7.89308	58.7251	200
2519	56.0665	7.78403	58.6974	200
2520	56.8752	7.65982	58.6784	200
2521	55.5019	7.56642	58.6453	200
2522	54.869	7.48746	58.606	200
2523	54.656	7.41376	58.5648	200
2524	53.7267	7.3601	58.5144	200
2525	52.2026	7.33826	58.4487	200
2526	40.2313	7.56491	58.2589	200
2527	38.1667	7.8259	58.0496	200
2528	38.204	8.07631	57.8429	200
2529	37.4467	8.33297	57.6304	200
2530	37.5585	8.57753	57.4214	200
2531	36.7007	8.83051	57.2055	200
2532	36.4075	9.07984	56.9889	200
2533	36.1282	9.32527	56.7716	200
2534	38.5421	9.51077	56.5817	200
2535	41.0647	9.6359	56.42	200
2536	40.6361	9.76398	56.2556	200
2537	41.1152	9.87599	56.0979	200
2538	39.4574	10.0061	55.9379	200
2539	38.8436	10.1424	55.7735	200
2540	38.6798	10.2761	55.6092	200
2541	38.8822	10.4001	55.4483	200
2542	38.1516	10.5328	55.282	200
2543	36.5795	10.6899	55.1022	200
2544	37.2872	10.8269	54.9309	200
2545	37.2333	10.959	54.7607	200
2546	36.5503	11.0985	54.5856	200
2547	37.2184	11.219	54.4186	200
2548	37.9279	11.3204	54.2601	200
2549	37.1984	11.4308	54.096	200
2550	37.1019	11.5378	53.9326	200
2551	39.3912	11.5955	53.7928	200
2552	39.3955	11.6494	53.6543	200
2553	38.6462	11.714	53.51	200
2554	39.3604	11.7609	53.374	200
2555	39.9568	11.7927	53.245	200
2556	41.402	11.7937	53.1311	200
2557	45.6641	11.7105	53.0593	200
2558	45.2276	11.6359	52.984	200
2559	42.933	11.6054	52.8873	200
2560	41.0413	11.61	52.7734	200
2561	41.6284	11.6011	52.6663	200
2562	46.3763	11.4989	52.6058	200
2563	47.6202	11.3737	52.5579	200
2564	45.9915	11.2812	52.4947	200
2565	45.2903	11.2028	52.4254	200
2566	44.8686	11.1327	52.3528	200
2567	45.3732	11.0529	52.2857	200
2568	45.5382	10.9701	52.2208	200
2569	45.7019	10.8845	52.1581	200
2570	45.6165	10.8009	52.0952	200
2571	45.5747	10.7186	52.0325	200
2572	46.4036	10.6207	51.9784	200
2573	47.7077	10.4986	51.9373	200
2574	47.7425	10.3774	51.897	200
2575	47.0969	10.2701	51.8508	200
2576	46.3714	10.178	51.7981	200
2577	45.5299	10.1028	51.7379	200
2578	46.2428	10.0142	51.685	200
2579	46.9781	9.91215	51.6398	200
2580	46.9873	9.811	51.595	200
2581	50.0548	9.65195	51.5802	200
2582	48.4732	9.52609	51.5503	200
2583	43.8853	9.4903	51.4766	200
2584	47.5747	9.38283	51.4391	200
2585	47.1904	9.2841	51.3983	200
2586	45.4933	9.21911	51.3415	200
2587	45.1637	9.16063	51.2821	200
2588	42.2421	9.15831	51.1952	200
2589	42.3634	9.15203	51.1102	200
2590	42.8773	9.13435	51.0311	200
2591	42.8568	9.11721	50.9581	200
2592	44.913	9.06235	50.9041	200
2593	45.6299	8.9947	50.857	200
2594	45.6394	8.92725	50.8104	200
2595	47.57	8.8257	50.7815	200
2596	50.2615	8.67738	50.7769	200
2597	49.6839	8.54195	50.7671	200
2598	49.0347	8.42035	50.7516	200
2599	48.1499	8.31645	50.7284	200
2600	47.5955	8.22388	50.7004	200
2601	48.9809	8.10773	50.6851	200
2602	52.3402	7.99251	50.6999	200
2603	53.1397	7.89335	50.7216	200
2604	51.3807	7.76417	50.7275	200
2605	50.3833	7.63167	50.7245	200
2606	51.0429	7.50108	50.7273	200
2607	51.2969	7.3773	50.7324	200
2608	48.4833	7.28573	50.7123	200
2609	48.6335	7.19274	50.6937	200
2610	48.5857	7.10194	50.6749	200
2611	44.4999	7.08539	50.6198	200
2612	44.8587	7.06174	50.5683	200
2613	43.9106	7.05453	50.5089	200
2614	45.7341	7.01382	50.4663	200
2615	44.8592	6.9887	50.4162	200
2616	45.9882	6.94297	50.3767	200
2617	45.8976	6.89897	50.3367	200
2618	46.5725	6.84299	50.3031	200
2619	46.6114	6.78672	50.2701	200
2620	46.6453	6.73025	50.2377	200
2621	44.5975	6.71079	50.1874	200
2622	45.115	6.68153	50.1421	200
2623	43.7417	6.67651	50.0849	200
2624	40.429	6.72971	49.9987	200
2625	40.5245	6.77872	49.9141	200
2626	40.3975	6.82761	49.8292	200
2627	40.4991	6.8723	49.7459	200
2628	39.8478	6.92633	49.6575	200
2629	37.0129	7.02844	49.5446	200
2630	35.8451	7.14757	49.4223	200
2631	40.7921	7.17404	49.3452	200
2632	49.0685	7.05087	49.3427	200
2633	49.3646	6.92535	49.3429	200
2634	48.0491	6.82479	49.3314	200
2635	47.0953	6.74285	49.3114	200
2636	49.0694	6.62676	49.3093	200
2637	49.5797	6.51326	49.3117	200
2638	49.8832	6.40716	49.3168	200
2639	50.412	6.3123	49.3266	200
2640	50.9046	6.22776	49.3406	200
2641	52.0692	6.16527	49.365	200
2642	50.5714	6.07672	49.3758	200
2643	49.8285	5.97629	49.3798	200
2644	48.7308	5.88116	49.374	200
2645	48.9489	5.78373	49.3702	200
2646	49.6525	5.68549	49.3727	200
2647	50.9961	5.61295	49.3872	200
2648	51.9003	5.56129	49.4082	200
2649	50.3133	5.48368	49.4157	200
2650	50.2392	5.40601	49.4226	200
2651	51.7994	5.35553	49.4424	200
2652	50.9643	5.29163	49.4551	200
2653	51.2037	5.23258	49.4696	200
2654	51.5627	5.18026	49.4871	200
2655	53.1859	5.15557	49.5179	200
2656	54.4329	5.15156	49.5589	200
2657	53.6656	5.13414	49.5931	200
2658	54.4165	5.12896	49.6333	200
2659	54.8992	5.13124	49.6772	200
2660	50.6086	5.06125	49.6849	200
2661	54.8935	5.0637	49.7283	200
2662	54.6328	5.06105	49.7692	200
2663	54.9706	5.06339	49.8125	200
2664	55.4122	5.07232	49.8592	200
2665	52.5793	5.03312	49.8819	200
2666	52.0398	4.9852	49.8999	200
2667	53.3163	4.95905	49.9283	200
2668	56.6469	4.98837	49.9843	200
2669	56.7366	5.01777	50.0406	200
2670	62.6824	5.14484	50.1459	200
2671	71.4571	5.41428	50.3235	200
2672	70.8183	5.66562	50.4943	200
2673	69.5984	5.88959	50.6535	200
2674	69.7064	6.10898	50.8123	200
2675	69.9319	6.32582	50.9716	200
2676	69.1289	6.52301	51.1229	200
2677	70.6255	6.73934	51.2854	200
2678	69.7261	6.93436	51.4391	200
2679	70.6905	7.13964	51.5995	200
2680	71.2612	7.34834	51.7634	200
2681	69.1627	7.51586	51.9084	200
2682	69.9832	7.69184	52.059	200
2683	70.6192	7.87298	52.2137	200
2684	70.6725	8.04941	52.3675	200
2685	69.9629	8.20851	52.5141	200
2686	69.2098	8.34996	52.6533	200
2687	69.4162	8.49018	52.793	200
2688	68.7978	8.61542	52.9263	200
2689	66.1628	8.69244	53.0366	200
2690	64.5657	8.73972	53.1327	200
2691	75.183	8.96156	53.3165	200
2692	76.2107	9.19377	53.5072	200
2693	76.4476	9.42288	53.6984	200
2694	76.7031	9.64924	53.8901	200
2695	80.3349	9.92917	54.1105	200
2696	80.7859	10.2083	54.3328	200
2697	79.9652	10.4653	54.5464	200
2698	76.5451	10.6576	54.7297	200
2699	76.1144	10.8363	54.9079	200
2700	69.4824	10.8986	55.0294	200
2701	60.0018	10.7999	55.0708	200
2702	62.5714	10.7449	55.1333	200
2703	63.0808	10.6983	55.1995	200
2704	64.4307	10.6738	55.2765	200
2705	65.8513	10.6722	55.3646	200
2706	66.4141	10.6785	55.4567	200
2707	67.0157	10.6931	55.553	200
2708	67.6797	10.717	55.654	200
2709	69.2209	10.7615	55.76	200
2710	68.1092	10.7864	55.8565	200
2711	67.1621	10.7945	55.9448	200
2712	67.2079	10.8018	56.0328	200
2713	68.761	10.8319	56.1323	200
2714	67.8416	10.8456	56.2237	200
2715	68.5152	10.8682	56.3198	200
2716	76.7337	11.0173	56.4793	200
2717	80.3342	11.2179	56.6656	200
2718	84.1983	11.4728	56.8807	200
2719	86.4837	11.7561	57.112	200
2720	88.4444	12.062	57.3568	200
2721	88.7998	12.3648	57.6024	200
2722	66.0153	12.3031	57.6681	200
2723	65.2577	12.2294	57.7274	200
2724	64.6353	12.1463	57.7814	200
2725	63.9309	12.0526	57.8295	200
2726	60.4408	11.9051	57.8499	200
2727	59.8035	11.7496	57.8651	200
2728	60.5598	11.6081	57.8862	200
2729	60.7008	11.4707	57.9082	200
2730	60.3275	11.3293	57.9271	200
2731	59.7749	11.1811	57.9415	200
2732	59.6825	11.0336	57.9551	200
2733	60.0544	10.894	57.9715	200
2734	60.6909	10.7663	57.9927	200
2735	59.085	10.6151	58.0013	200
2736	64.4525	10.5501	58.0517	200
2737	65.4926	10.5015	58.1098	200
2738	64.6481	10.4396	58.1609	200
2739	65.3205	10.3883	58.2168	200
2740	68.0618	10.3798	58.2937	200
2741	67.4017	10.36	58.3649	200
2742	67.5705	10.3419	58.4368	200
2743	73.7989	10.4204	58.5568	200
2744	74.5025	10.5067	58.6814	200
2745	72.8455	10.5638	58.7921	200
2746	74.982	10.6517	58.9185	200
2747	78.1984	10.7866	59.0692	200
2748	69.7853	10.7855	59.1529	200
2749	66.2634	10.728	59.2084	200
2750	66.3418	10.6719	59.2642	200
2751	63.9384	10.5782	59.3007	200
2752	61.8702	10.4447	59.3221	200
2753	62.0505	10.3161	59.3448	200
2754	65.9762	10.2503	59.404	200
2755	66.6981	10.1975	59.4692	200
2756	66.7171	10.1408	59.5388	200
2757	67.4065	10.097	59.6145	200
2758	67.2437	10.0456	59.694	200
2759	67.4433	9.99779	59.7747	200
2760	68.4428	9.96757	59.8732	200
2761	68.2335	9.93104	59.9682	200
2762	68.3762	9.89297	60.0733	200
2763	68.5436	9.8574	60.1792	200
2764	68.4698	9.81388	60.2943	200
2765	67.6353	9.74518	60.3963	200
2766	67.6712	9.66799	60.5099	200
2767	68.6862	9.62137	60.6377	200
2768	66.3761	9.50002	60.7274	200
2769	64.9271	9.33439	60.793	200
2770	65.7795	9.19852	60.8709	200
2771	66.5172	9.08751	60.9591	200
2772	65.2387	8.93726	61.026	200
2773	65.8662	8.80923	61.1016	200
2774	65.9387	8.69889	61.1688	200
2775	65.2067	8.56942	61.2249	200
2776	58.7423	8.40034	61.1904	200
2777	57.9393	8.2573	61.1452	200
2778	57.4653	8.13015	61.0941	200
2779	55.5048	8.05957	61.0165	200
2780	53.5989	8.04174	60.9135	200
2781	56.0558	7.95329	60.846	200
2782	55.5566	7.8793	60.7725	200
2783	41.8241	8.18677	60.5094	200
2784	40.994	8.50145	60.2383	200
2785	36.9716	8.9116	59.9152	200
2786	36.9218	9.30276	59.5958	200
2787	35.4113	9.71614	59.2599	200
2788	34.0822	10.1456	58.9102	200
2789	33.3866	10.5728	58.5557	200
2790	33.6113	10.972	58.2093	200
2791	34.2611	11.3325	57.8767	200
2792	33.2136	11.7028	57.5341	200
2793	33.7557	12.0382	57.2039	200
2794	34.6172	12.3312	56.8902	200
2795	34.0191	12.624	56.5725	200
2796	34.6935	12.8811	56.2686	200
2797	34.8146	13.1192	55.9707	200
2798	31.9762	13.4213	55.6374	200
2799	28.9361	13.7902	55.2666	200
2800	28.8168	14.1418	54.8992	200
2801	19.2707	14.7387	54.4044	200
2802	20.9173	15.2595	53.9393	200
2803	32.5024	15.4311	53.6415	200
2804	34.672	15.5294	53.3781	200
2805	36.6517	15.5626	53.1458	200
2806	36.8649	15.5826	52.9196	200
2807	36.5493	15.6072	52.6638	200
2808	36.5372	15.6234	52.4119	200
2809	36.4344	15.6361	52.1265	200
2810	36.5583	15.6336	51.8485	200
2811	37.2287	15.5914	51.544	200
2812	36.8964	15.5521	51.2388	200
2813	35.9618	15.5383	50.8569	200
2814	36.7564	15.4664	50.5044	200
2815	36.2851	15.4041	50.1489	200
2816	35.919	15.3453	49.7931	200
2817	36.4509	15.2452	49.4596	200
2818	36.8374	15.114	49.144	200
2819	36.641	14.9835	48.8314	200
2820	33.0256	15.0246	48.4363	200
2821	30.9886	15.1458	48.0001	200
2822	18.0568	15.8856	47.2515	200
2823	15.9603	16.6559	46.4692	200
2824	16.0027	17.3465	45.7076	200
2825	25.855	17.4718	45.2113	200
2826	28.2664	17.4454	44.7876	200
2827	31.1855	17.2533	44.4476	200
2828	31.3855	17.0437	44.121	200
2829	30.4147	16.9046	43.8355	200
2830	30.7025	16.7475	43.5619	200
2831	30.7422	16.5838	43.2948	200
2832	31.2192	16.396	43.0432	200
2833	32.7559	16.1415	42.8289	200
2834	32.8562	15.8844	42.6211	200
2835	26.1279	15.9098	42.2775	200
2836	18.2298	16.2489	41.7765	200
2837	17.3063	16.5914	41.2667	200
2838	14.9994	16.9946	40.7195	200
2839	15.2918	17.346	40.1898	200
2840	16.7437	17.6001	39.7013	200
2841	17.2285	17.8032	39.2331	200
2842	17.1648	17.9809	38.7734	200
2843	19.9721	18.0151	38.3817	200
2844	21.9921	17.9473	38.0402	200
2845	27.3148	17.6464	37.8168	200
2846	29.3957	17.262	37.6413	200
2847	27.7497	16.9549	37.4353	200
2848	30.8651	16.5222	37.2984	200
2849	30.9394	16.0988	37.1659	200
2850	29.7632	15.7364	37.0117	200
2851	29.3671	15.3993	36.8524	200
2852	28.2687	15.1153	36.6736	200
2853	28.9639	14.8067	36.513	200
2854	28.9742	14.5471	36.3783	200
2855	29.0625	14.2889	36.2477	200
2856	26.3228	14.133	36.0705	200
2857	24.2354	14.051	35.8591	200
2858	18.3639	14.174	35.5467	200
2859	18.2725	14.2847	35.2382	200
2860	18.2717	14.3805	34.9353	200
2861	16.2868	14.5329	34.6023	200
2862	19.2498	14.5622	34.3281	200
2863	20.4068	14.5393	34.0795	200
2864	21.5612	14.4671	33.856	200
2865	22.567	14.3536	33.6544	200
2866	23.4668	14.2048	33.4725	200
2867	25.3054	13.9892	33.3266	200
2868	26.079	13.7484	33.1972	200
2869	26.0248	13.5135	33.0691	200
2870	30.762	13.1133	33.0279	200
2871	30.5898	12.7321	32.9844	200
2872	33.7914	12.3062	32.9988	200
2873	36.2182	11.9816	33.0563	200
2874	35.4181	11.6381	33.0985	200
2875	33.0592	11.2238	33.0978	200
2876	28.5809	10.9843	33.0171	200
2877	28.8682	10.7402	32.943	200
2878	28.876	10.5018	32.8704	200
2879	28.4103	10.2861	32.7907	200
2880	27.2612	10.1162	32.692	200
2881	26.8603	9.96317	32.5879	200
2882	27.5514	9.78722	32.4979	200
2883	27.4226	9.63997	32.4186	200
2884	28.3092	9.46714	32.3544	200
2885	26.8026	9.34479	32.2677	200
2886	27.7137	9.19507	32.1965	200
2887	25.6027	9.11379	32.0935	200
2888	25.9508	9.02094	31.9975	200
2889	28.0514	8.86235	31.9358	200
2890	34.2503	8.65773	31.972	200
2891	35.9656	8.51197	32.0344	200
2892	34.9705	8.33773	32.0803	200
2893	34.4428	8.151	32.1172	200
2894	34.9889	7.98602	32.1621	200
2895	34.927	7.82286	32.2053	200
2896	34.0309	7.63545	32.2338	200
2897	33.4564	7.43505	32.2529	200
2898	34.3152	7.26715	32.2851	200
2899	34.0084	7.09391	32.312	200
2900	32.7695	6.88651	32.3192	200
2901	30.2626	6.73558	32.2871	200
2902	29.5242	6.61143	32.2439	200
2903	27.4435	6.55483	32.1689	200
2904	22.4978	6.65221	32.0178	200
2905	21.9985	6.75743	31.8612	200
2906	22.0913	6.85157	31.7086	200
2907	33.915	6.70641	31.743	200
2908	34.5317	6.58398	31.7866	200
2909	35.1163	6.48228	31.8386	200
2910	35.8141	6.40395	31.9008	200
2911	36.842	6.35823	31.978	200
2912	37.5957	6.33509	32.0657	200
2913	38.226	6.32963	32.162	200
2914	40.234	6.38408	32.2881	200
2915	40.6977	6.44738	32.4195	200
2916	40.4886	6.49242	32.5316	200
2917	40.9034	6.54463	32.6479	200
2918	40.9316	6.59294	32.7629	200
2919	40.9869	6.63824	32.8771	200
2920	40.9508	6.67812	32.9893	200
2921	40.947	6.71366	33.0998	200
2922	39.4821	6.70446	33.1884	200
2923	32.3851	6.54054	33.1773	200
2924	21.1067	6.69415	33.0096	200
2925	20.0509	6.86816	32.8296	200
2926	21.2835	6.99811	32.6693	200
2927	19.2116	7.17754	32.4824	200
2928	23.43	7.22961	32.3566	200
2929	23.5134	7.27444	32.2338	200
2930	24.077	7.29895	32.1205	200
2931	22.5929	7.36085	31.9882	200
2932	23.4636	7.39318	31.8698	200
2933	24.8417	7.38304	31.7722	200
2934	25.4726	7.35294	31.6847	200
2935	27.4884	7.26525	31.6264	200
2936	28.2979	7.1559	31.5802	200
2937	28.7001	7.03713	31.5402	200
2938	29.5959	6.89566	31.5132	200
2939	30.8442	6.72269	31.5039	200
2940	32.2368	6.55631	31.5141	200
2941	34.108	6.44625	31.5501	200
2942	34.7612	6.35638	31.5947	200
2943	35.3424	6.28392	31.6467	200
2944	33.374	6.15734	31.6707	200
2945	34.1568	6.05536	31.7053	200
2946	29.6729	5.94361	31.677	200
2947	29.1208	5.84952	31.6415	200
2948	28.4055	5.77692	31.5966	200
2949	32.6684	5.64622	31.6115	200
2950	31.6408	5.4902	31.6119	200
2951	31.5597	5.33914	31.6111	200
2952	32.6691	5.22022	31.6258	200
2953	33.51	5.13682	31.6494	200
2954	31.1955	5.01975	31.6437	200
2955	30.3053	4.92771	31.627	200
2956	31.2112	4.81491	31.6218	200
2957	30.3576	4.72615	31.606	200
2958	29.1029	4.67057	31.5747	200
2959	29.8253	4.59754	31.5528	200
2960	29.9125	4.52361	31.5323	200
2961	27.6395	4.50784	31.4837	200
2962	28.9073	4.45955	31.4515	200
2963	29.5105	4.39659	31.4272	200
2964	30.3416	4.31381	31.4136	200
2965	31.7801	4.21513	31.4182	200
2966	31.6976	4.11673	31.4217	200
2967	31.6181	4.01873	31.4242	200
2968	28.6551	3.98748	31.3895	200
2969	28.5928	3.95771	31.3546	200
2970	28.6223	3.92708	31.3204	200
2971	28.3006	3.9044	31.2827	200
2972	29.1124	3.86104	31.2556	200
2973	28.0714	3.84412	31.2157	200
2974	28.3345	3.82005	31.1797	200
2975	27.5847	3.81442	31.1348	200
2976	26.2372	3.8415	31.0736	200
2977	26.2536	3.86596	31.0133	200
2978	26.2386	3.88868	30.9536	200
2979	24.1426	3.96174	30.8685	200
2980	22.5797	4.06992	30.7649	200
2981	22.1928	4.18247	30.6577	200
2982	20.5841	4.32975	30.5318	200
2983	20.1526	4.48098	30.4021	200
2984	19.1463	4.65035	30.2614	200
2985	17.2683	4.85892	30.099	200
2986	17.8238	5.04433	29.9455	200
2987	18.0594	5.21537	29.7969	200
2988	30.6888	5.10729	29.8081	200
2989	31.7407	5.02792	29.8323	200
2990	31.7829	4.95099	29.8566	200
2991	31.8045	4.87591	29.881	200
2992	32.2844	4.81409	29.911	200
2993	33.7347	4.79158	29.9545	200
2994	33.8443	4.77109	29.9987	200
2995	34.5205	4.76542	30.0501	200
2996	35.4458	4.77975	30.1114	200
2997	35.9306	4.80337	30.1775	200
2998	36.7702	4.84404	30.2524	200
2999	37.4269	4.897	30.3339	200
3000	38.1458	4.96325	30.4227	200
3001	39.6217	5.05952	30.5273	200
3002	39.2787	5.14342	30.6267	200
3003	39.5799	5.23001	30.7284	200
3004	39.322	5.30645	30.8261	200
3005	39.3882	5.38044	30.9234	200
3006	39.3985	5.45078	31.0197	200
3007	40.0871	5.53297	31.1227	200
3008	39.5132	5.59792	31.2181	200
3009	33.8156	5.52973	31.2476	200
3010	33.8167	5.46244	31.2768	200
3011	33.8637	5.39708	31.3062	200
3012	34.4525	5.34593	31.3419	200
3013	36.5785	5.34344	31.4014	200
3014	37.4245	5.35888	31.4699	200
3015	36.7327	5.3567	31.5297	200
3016	36.8606	5.35611	31.5903	200
3017	38.0839	5.38197	31.6641	200
3018	39.1205	5.42911	31.7488	200
3019	38.6633	5.46287	31.8274	200
3020	39.9022	5.52223	31.9191	200
3021	42.1314	5.62882	32.0352	200
3022	43.3838	5.75882	32.1641	200
3023	42.7581	5.86871	32.2845	200
3024	42.7856	5.97399	32.4038	200
3025	42.7016	6.07226	32.5209	200
3026	44.3519	6.20314	32.6553	200
3027	44.9807	6.34228	32.7954	200
3028	45.2436	6.48105	32.9368	200
3029	43.6721	6.57773	33.0588	200
3030	44.923	6.69788	33.1936	200
3031	36.6516	6.62425	33.2329	200
3032	35.7692	6.53134	33.2618	200
3033	34.8459	6.4189	33.2798	200
3034	33.9705	6.28871	33.2876	200
3035	32.5513	6.16252	33.2792	200
3036	33.6796	6.03157	33.2838	200
3037	35.6397	5.94803	33.3106	200
3038	40.8695	5.98159	33.3893	200
3039	41.339	6.02259	33.4721	200
3040	40.0103	6.03333	33.5402	200
3041	40.1996	6.04638	33.6096	200
3042	41.5187	6.08518	33.692	200
3043	40.8306	6.10713	33.7663	200
3044	42.8274	6.16867	33.8607	200
3045	42.3091	6.21616	33.9487	200
3046	42.8673	6.27246	34.0416	200
3047	44.5313	6.36032	34.1509	200
3048	44.2401	6.43801	34.256	200
3049	44.1596	6.5102	34.3591	200
3050	43.5236	6.5655	34.4546	200
3051	43.4687	6.61651	34.5485	200
3052	43.5316	6.66582	34.6421	200
3053	42.8627	6.69821	34.7277	200
3056	50.2171	6.88136	34.8891	200
3057	50.4826	7.06286	35.0515	200
3058	49.0743	7.20786	35.1976	200
3059	49.3776	7.35311	35.3453	200
3060	47.9663	7.46286	35.4767	200
3061	50.5814	7.62207	35.6341	200
3062	47.3875	7.70813	35.7565	200
3063	46.8856	7.7794	35.8724	200
3064	48.4524	7.87942	36.0035	200
3054	67.5933	8.37338	36.3325	200
3055	69.1531	8.8827	36.6744	200
3066	49.71	8.96922	36.8102	200
3065	53.2221	9.12427	36.9812	200
3067	50.4952	9.21572	37.1219	200
3068	48.053	9.25146	37.2358	200
3069	47.0873	9.26396	37.3384	200
3070	48.4012	9.30143	37.4536	200
3071	49.989	9.36881	37.5842	200
3072	50.7601	9.44812	37.7215	200
3073	50.2774	9.51286	37.8523	200
3074	52.0886	9.61127	38.0006	200
3075	56.5372	9.79721	38.1936	200
3076	58.1391	10.0086	38.4014	200
3077	61.6636	10.2848	38.6437	200
3092	30.4234	10.2417	38.5581	200
3078	59.4854	10.4644	38.7761	200
3079	61.3944	10.7176	39.0117	200
3080	63.5211	11.0049	39.267	200
3081	62.6269	11.2623	39.5103	200
3082	64.1707	11.5414	39.7672	200
3083	65.6504	11.8402	40.0368	200
3084	64.9461	12.1125	40.2963	200
3085	64.2434	12.359	40.5457	200
3086	64.9443	12.5906	40.7803	200
3087	62.7365	12.7707	40.9915	200
3088	60.8993	12.9079	41.1829	200
3089	61.7242	13.0547	41.3804	200
3090	60.8508	13.1781	41.5676	200
3091	64.6666	13.3689	41.7897	200
3093	63.9674	13.5383	42.003	200
3094	63.5646	13.6926	42.2103	200
3095	67.1985	13.9098	42.4506	200
3096	72.7953	14.2258	42.7423	200
3097	72.0103	14.5151	43.0238	200
3098	72.9049	14.8106	43.3111	200
3099	71.9655	15.0768	43.5866	200
3100	67.3231	15.2434	43.8148	200
3101	65.8918	15.3748	44.0271	200
3102	62.2561	15.4297	44.2024	200
3103	62.1418	15.4779	44.3749	200
3104	56.3758	15.4111	44.4903	200
3105	54.2432	15.3023	44.5841	200
3106	52.5983	15.1621	44.6611	200
3107	51.73	15.0065	44.7291	200
3108	50.4216	14.8274	44.7838	200
3109	46.7708	14.5804	44.8029	200
3110	47.4477	14.3509	44.8284	200
3111	49.8391	14.1713	44.8765	200
3112	51.573	14.0275	44.9409	200
3113	53.698	13.9262	45.0251	200
3114	55.7475	13.8646	45.1282	200
3115	67.9983	14.0377	45.3481	200
3116	69.4742	14.2318	45.5801	200
3117	69.8418	14.4246	45.8134	200
3118	65.2497	14.521	46.0003	200
3119	61.5866	14.5415	46.1501	200
3120	61.1773	14.5508	46.2946	200
3121	56.7967	14.473	46.3956	200
3122	55.7381	14.3743	46.4855	200
3123	63.1206	14.4178	46.6454	200
3124	64.72	14.4881	46.8192	200
3125	65.8753	14.576	47.0024	200
3126	67.1805	14.6837	47.1964	200
3127	68.51	14.8112	47.4014	200
3128	69.5001	14.9513	47.6139	200
3129	68.7519	15.0703	47.8171	200
3130	68.6849	15.1818	48.0178	200
3131	68.7387	15.2883	48.217	200
3132	68.3777	15.382	48.4109	200
3133	68.5364	15.4732	48.6044	200
3134	69.8124	15.5835	48.8083	200
3135	70.7439	15.7057	49.0192	200
3136	69.3529	15.7947	49.2147	200
3137	71.8495	15.9262	49.4324	200
3138	71.5145	16.0446	49.6447	200
3139	75.2003	16.2275	49.8904	200
3140	73.479	16.3589	50.101	200
3141	72.1665	16.4608	50.2981	200
3142	64.0255	16.412	50.4206	200
3143	62.9251	16.3423	50.5323	200
3144	65.413	16.3162	50.6651	200
3145	65.531	16.2903	50.7979	200
3146	66.1295	16.2731	50.9348	200
3147	67.5054	16.2785	51.0827	200
3148	68.4236	16.2974	51.2375	200
3149	67.0322	16.2885	51.3786	200
3150	61.685	16.1816	51.4706	200
3151	59.0874	16.0287	51.5386	200
3152	61.8873	15.9273	51.631	200
3153	61.1819	15.8134	51.7163	200
3154	59.7901	15.6752	51.7883	200
3155	58.8076	15.5206	51.851	200
3156	59.9083	15.3873	51.923	200
3157	60.1699	15.2598	51.9966	200
3158	60.446	15.1382	52.072	200
3159	60.2665	15.0142	52.1452	200
3160	60.2512	14.8909	52.2176	200
3161	58.9169	14.7446	52.2774	200
3162	58.4589	14.5917	52.3326	200
3163	57.7855	14.4285	52.3813	200
3164	56.1676	14.2384	52.4151	200
3165	56.1289	14.0505	52.4482	200
3166	54.5033	13.8363	52.4666	200
3167	55.8409	13.6495	52.4967	200
3168	56.123	13.4705	52.5291	200
3169	56.2725	13.2968	52.5625	200
3170	60.452	13.2002	52.6329	200
3171	63.2684	13.1544	52.7279	200
3172	61.1971	13.0708	52.8035	200
3173	61.0615	12.9848	52.8773	200
3174	61.8001	12.9123	52.9569	200
3175	61.4427	12.8332	53.0327	200
3176	57.9476	12.6918	53.0766	200
3177	52.3877	12.4775	53.0704	200
3178	56.1547	12.3098	53.098	200
3179	55.9676	12.1412	53.1236	200
3180	52.6903	11.9321	53.1197	200
3181	52.4569	11.7309	53.1138	200
3182	53.2749	11.5243	53.1152	200
3184	52.6394	11.327	53.111	200
3183	55.3657	11.165	53.1311	200
3185	55.3416	11.0051	53.1508	200
3186	58.591	10.9057	53.1994	200
3187	62.1865	10.8714	53.2797	200
3188	63.5811	10.8613	53.3716	200
3189	64.2675	10.8619	53.4689	200
3190	64.9759	10.8734	53.5717	200
3191	64.735	10.8786	53.6713	200
3192	62.8978	10.8491	53.7537	200
3193	62.2466	10.807	53.8295	200
3194	60.831	10.739	53.892	200
3195	60.2041	10.66	53.9484	200
3196	60.8939	10.5937	54.0104	200
3197	60.1485	10.5194	54.0616	200
3198	60.9944	10.4596	54.1193	200
3199	58.5711	10.3595	54.1564	200
3200	55.9846	10.2173	54.1717	200
3201	55.9528	10.0767	54.1865	200
3202	57.324	9.96104	54.2127	200
3203	58.7251	9.87023	54.2503	200
3204	58.7597	9.78088	54.2878	200
3205	59.208	9.69987	54.3288	200
3206	59.314	9.62129	54.3704	200
3207	53.6629	9.47273	54.3645	200
3208	53.8105	9.32408	54.3599	200
3209	52.9314	9.19249	54.348	200
3210	54.0347	9.0445	54.3454	200
3211	54.5698	8.8975	54.3472	200
3212	55.1748	8.763	54.3541	200
3213	62.094	8.74595	54.4186	200
3214	62.4094	8.73336	54.4852	200
3215	59.0021	8.66308	54.5229	200
3216	56.9297	8.55881	54.5429	200
3217	55.5744	8.43336	54.5515	200
3218	55.5263	8.30905	54.5596	200
3219	55.2787	8.18255	54.5656	200
3220	55.4974	8.0617	54.5734	200
3221	54.7846	7.93086	54.5751	200
3222	55.4712	7.81361	54.5826	200
3223	56.2153	7.70324	54.5972	200
3224	56.873	7.60632	54.6175	200
3226	59.0175	7.54466	54.6598	200
3227	59.6258	7.49507	54.7076	200
3225	60.9921	7.46985	54.773	200
3228	60.088	7.42496	54.8284	200
3229	55.5569	7.27276	54.8367	200
3230	54.8627	7.10806	54.837	200
3231	54.8017	6.93124	54.8365	200
3232	59.7857	6.88169	54.8984	200
3233	59.6753	6.82322	54.9647	200
3234	63.0363	6.8579	55.0768	200
3235	63.8525	6.91783	55.214	200
3236	64.4325	6.98973	55.358	200
3237	65.1871	7.07846	55.5116	200
3238	66.5247	7.20141	55.6837	200
3239	65.8451	7.29391	55.8424	200
3240	65.0422	7.35347	55.9862	200
3241	65.3886	7.4175	56.1331	200
3242	64.6004	7.45031	56.2654	200
3243	58.3132	7.28148	56.2974	200
3244	57.2558	7.08388	56.3124	200
3245	59.3344	6.95695	56.3596	200
3246	58.6424	6.81088	56.3952	200
3247	58.6798	6.66943	56.4309	200
3248	58.2031	6.51639	56.4586	200
3249	57.2953	6.3389	56.4717	200
3250	57.4816	6.17237	56.4875	200
3251	56.6205	5.98364	56.4896	200
3252	45.2783	6.14701	56.3144	200
3253	47.4935	6.23056	56.1766	200
3254	47.2689	6.31422	56.0374	200
3255	47.2238	6.39233	55.8997	200
3256	46.54	6.48505	55.7534	200
3257	45.038	6.61725	55.586	200
3258	44.4018	6.75997	55.4112	200
3259	43.8184	6.91099	55.2301	200
3260	43.114	7.07365	55.0408	200
3261	41.0566	7.28961	54.8223	200
3262	40.4007	7.51248	54.5969	200
3263	40.3609	7.72259	54.3745	200
3264	41.1233	7.89536	54.1675	200
3265	40.88	8.04514	53.9829	200
3266	41.0245	8.18161	53.8029	200
3267	41.834	8.28682	53.6367	200
3268	45.9826	8.26924	53.5304	200
3269	50.74	8.11705	53.4916	200
3270	48.5122	8.02989	53.4225	200
3271	47.3918	7.97436	53.3387	200
3272	48.0506	7.89974	53.2653	200
3273	48.5674	7.8108	53.2	200
3274	48.457	7.72558	53.1341	200
3275	52.7976	7.52033	53.1295	200
3276	52.0889	7.34034	53.115	200
3277	53.4852	7.14672	53.1202	200
3278	53.4321	6.95687	53.1245	200
3279	53.3591	6.77014	53.1277	200
3280	55.6267	6.65149	53.1625	200
3281	56.0119	6.54588	53.202	200
3282	57.3975	6.48059	53.2603	200
3283	58.7942	6.45429	53.3372	200
3284	58.8707	6.42872	53.414	200
3285	58.7146	6.39738	53.4876	200
3286	54.5698	6.24973	53.5027	200
3287	50.8723	6.14919	53.4661	200
3288	50.1381	6.07083	53.4199	200
3289	49.3854	6.01426	53.3639	200
3290	48.7527	5.97529	53.2998	200
3291	48.2075	5.95076	53.2291	200
3292	48.9121	5.90538	53.1691	200
3293	44.8061	5.97365	53.053	200
3294	44.6735	6.04047	52.9366	200
3295	43.3598	6.1387	52.8036	200
3296	43.3415	6.23102	52.6722	200
3297	43.6784	6.30776	52.5473	200
3298	41.2289	6.44694	52.3901	200
3299	40.7009	6.59256	52.2277	200
3300	39.9464	6.75058	52.0571	200
3301	40.8292	6.87495	51.9012	200
3302	40.042	6.99956	51.7529	200
3303	40.1277	7.1152	51.6076	200
3304	39.2421	7.24646	51.4531	200
3305	40.9421	7.32807	51.3217	200
3306	41.8204	7.3824	51.2029	200
3307	43.2556	7.39652	51.1036	200
3308	43.645	7.39807	51.0103	200
3309	43.9868	7.38871	50.9225	200
3310	43.9559	7.37816	50.8355	200
3311	43.9091	7.36686	50.7489	200
3312	45.1681	7.32221	50.6791	200
3313	46.684	7.23903	50.6292	200
3314	47.0481	7.14758	50.5844	200
3315	48.031	7.03273	50.5525	200
3316	48.4888	6.9085	50.5267	200
3317	49.3006	6.76644	50.5114	200
3318	50.067	6.60839	50.5058	200
3319	51.5264	6.46869	50.5186	200
3320	52.0445	6.34512	50.5376	200
3321	53.3924	6.25786	50.5733	200
3322	53.5769	6.17651	50.6109	200
3323	53.4928	6.09414	50.6469	200
3324	53.5757	6.01501	50.6835	200
3325	51.9846	5.89716	50.6998	200
3326	43.284	5.93513	50.6071	200
3327	43.3919	5.96713	50.5169	200
3328	43.6989	5.9884	50.4317	200
3329	44.7174	5.98154	50.3602	200
3330	45.6495	5.94977	50.3013	200
3331	47.0976	5.88112	50.2613	200
3332	47.6539	5.79928	50.2287	200
3333	47.6473	5.71883	50.1964	200
3334	50.6907	5.58821	50.2026	200
3335	51.8424	5.48951	50.2231	200
3336	52.4523	5.40799	50.251	200
3337	52.7202	5.33453	50.2818	200
3338	52.5546	5.25798	50.3102	200
3339	51.9204	5.16678	50.3304	200
3340	51.0653	5.05599	50.3396	200
3341	50.5103	4.93385	50.3417	200
3342	51.0963	4.82937	50.3511	200
3343	50.3941	4.72059	50.3516	200
3344	50.5275	4.6173	50.3536	200
3345	50.3779	4.51291	50.3539	200
3346	50.33	4.41089	50.3536	200
3347	52.0726	4.34971	50.3731	200
3348	51.4297	4.27487	50.3852	200
3349	50.7353	4.18567	50.3891	200
3350	51.2938	4.1111	50.3994	200
3351	51.305	4.03824	50.4097	200
3352	50.3869	3.94698	50.4094	200
3353	49.3841	3.88058	50.3978	200
3354	51.8083	3.82444	50.4138	200
3355	49.9616	3.7478	50.4087	200
3356	48.7242	3.70091	50.3895	200
3357	48.9413	3.64971	50.3731	200
3358	50.4829	3.56926	50.3743	200
3359	52.0168	3.52547	50.393	200
3360	51.8584	3.47865	50.4096	200
3361	54.0531	3.48239	50.451	200
3362	56.0148	3.5297	50.5143	200
3363	56.8166	3.59271	50.5859	200
3364	58.2972	3.68631	50.6735	200
3365	59.598	3.80536	50.7749	200
3366	60.1592	3.93216	50.8816	200
3367	60.9826	4.07236	50.9964	200
3368	62.2943	4.23658	51.1247	200
3369	46.8051	4.23846	51.0757	200
3370	46.3316	4.24995	51.0217	200
3371	46.9893	4.24501	50.9759	200
3372	49.1026	4.19111	50.9546	200
3373	48.9295	4.14188	50.9316	200
3374	49.0947	4.08949	50.9107	200
3375	48.3922	4.05379	50.8821	200
3376	48.9097	4.00649	50.8597	200
3377	47.535	3.99099	50.8219	200
3378	48.5907	3.95099	50.7966	200
3379	48.9427	3.90333	50.7755	200
3380	51.5908	3.83315	50.7848	200
3381	49.3995	3.77752	50.769	200
3382	48.7297	3.73801	50.7458	200
3383	46.6712	3.74566	50.6995	200
3384	44.8949	3.79245	50.6336	200
3385	44.5971	3.84346	50.565	200
3386	45.3636	3.87432	50.5059	200
3387	45.8594	3.89187	50.4531	200
3388	51.6722	3.83618	50.4658	200
3389	52.8695	3.80634	50.4908	200
3390	54.198	3.80427	50.5294	200
3391	54.2441	3.80241	50.5681	200
3392	54.0917	3.7966	50.6048	200
3393	54.048	3.78923	50.6407	200
3394	54.8361	3.7977	50.6844	200
3395	53.0782	3.76845	50.7093	200
3396	53.4243	3.7465	50.7376	200
3397	52.2527	3.70001	50.7534	200
3398	52.1506	3.65203	50.7679	200
3399	48.7684	3.6176	50.7471	200
3400	47.9578	3.60035	50.7181	200
3401	46.2341	3.61876	50.6714	200
3402	45.5525	3.65001	50.618	200
3403	47.0337	3.64864	50.5807	200
3404	46.9733	3.64778	50.5431	200
3405	47.8402	3.62809	50.515	200
3406	48.9548	3.58501	50.4987	200
3407	50.3731	3.51294	50.4974	200
3408	49.6368	3.45769	50.4884	200
3409	48.1285	3.43481	50.4639	200
3410	48.9979	3.39379	50.4486	200
3411	50.527	3.32472	50.4494	200
3412	46.9008	3.32939	50.4124	200
3413	45.468	3.36303	50.3609	200
3414	44.2296	3.4207	50.2971	200
3415	44.2259	3.47592	50.2338	200
3416	43.5861	3.542	50.1646	200
3417	44.9408	3.57704	50.1102	200
3418	43.6785	3.63651	50.0432	200
3419	41.4639	3.73948	49.9538	200
3420	42.1899	3.82332	49.8729	200
3421	41.9853	3.90799	49.7908	200
3422	42.0582	3.98767	49.7102	200
3423	41.3757	4.07823	49.6234	200
3424	42.4505	4.1427	49.5487	200
3425	42.9572	4.19372	49.48	200
3426	42.8511	4.24445	49.411	200
3427	53.1787	4.23452	49.4502	200
3428	53.865	4.23827	49.4962	200
3429	53.9193	4.24212	49.5423	200
3430	52.8535	4.22273	49.5768	200
3431	52.7141	4.20012	49.6094	200
3432	53.55	4.19471	49.6505	200
3433	55.8066	4.23557	49.7146	200
3434	54.8623	4.25457	49.7682	200
3435	53.5879	4.24551	49.808	200
3436	54.124	4.24698	49.853	200
3437	54.4838	4.25436	49.8975	200
3438	62.3624	4.41225	50.0174	200
3439	64.6948	4.60966	50.1585	200
3440	63.2007	4.77182	50.2839	200
3441	60.9394	4.88497	50.3863	200
3442	70.9127	5.18577	50.5837	200
3443	71.8141	5.49432	50.7878	200
3444	74.6516	5.84758	51.0173	200
3445	73.8122	6.17349	51.2365	200
3446	73.5705	6.48426	51.4512	200
3447	73.6921	6.78728	51.6651	200
3448	73.0196	7.06741	51.8704	200
3449	73.1569	7.34086	52.0751	200
3450	75.2439	7.64524	52.2979	200
3451	74.7618	7.93021	52.5139	200
3452	66.1333	8.03962	52.6448	200
3453	67.9362	8.17908	52.7919	200
3454	67.5311	8.30523	52.9336	200
3455	68.8557	8.45171	53.0867	200
3456	69.366	8.60224	53.2432	200
3457	69.5964	8.7513	53.4005	200
3458	67.2815	8.84994	53.5339	200
3459	68.185	8.9615	53.6748	200
3460	70.1122	9.10527	53.8329	200
3461	70.1969	9.24486	53.9902	200
3462	71.8271	9.4101	54.1617	200
3463	69.2488	9.51927	54.3068	200
3464	64.8619	9.53919	54.4083	200
3465	75.0505	9.75271	54.6067	200
3466	75.8298	9.97329	54.8108	200
3467	75.9786	10.1886	55.0143	200
3468	65.678	10.1977	55.1169	200
3469	65.1521	10.1946	55.2134	200
3470	65.5429	10.1972	55.3127	200
3471	64.6019	10.1797	55.402	200
3472	64.8396	10.1654	55.4928	200
3473	64.7427	10.1478	55.5817	200
3474	64.9567	10.133	55.6718	200
3475	64.4067	10.1061	55.7558	200
3476	65.651	10.102	55.851	200
3477	67.7455	10.1365	55.9654	200
3478	73.3948	10.2767	56.1329	200
3479	73.1245	10.4059	56.2963	200
3480	73.5033	10.5367	56.4618	200
3481	72.7408	10.6471	56.6183	200
3482	70.8185	10.7154	56.7548	200
3483	71.3142	10.7893	56.8948	200
3484	71.4088	10.861	57.0344	200
3485	70.7884	10.9166	57.1666	200
3486	69.3062	10.9401	57.2834	200
3487	69.586	10.9663	57.4017	200
3488	68.4594	10.9681	57.508	200
3489	69.1113	10.9803	57.6196	200
3490	67.959	10.9689	57.7119	200
3491	65.4507	10.9112	57.781	200
3492	61.3573	10.7802	57.8129	200
3493	60.6876	10.639	57.8386	200
3494	60.9182	10.504	57.8661	200
3495	59.7111	10.3494	57.8825	200
3496	59.8237	10.1993	57.8999	200
3497	56.4807	10.0425	57.8872	200
3498	62.0875	9.93815	57.9247	200
3499	64.0108	9.86936	57.979	200
3500	65.8642	9.83393	58.0494	200
3501	66.9173	9.81668	58.1286	200
3502	68.7364	9.8308	58.2233	200
3503	68.2576	9.83444	58.3129	200
3504	66.2978	9.80141	58.3842	200
3505	53.8106	9.70805	58.3434	200
3506	52.411	9.64063	58.2904	200
3507	52.2574	9.57621	58.2365	200
3508	52.3057	9.51111	58.1836	200
3509	52.3733	9.44502	58.1317	200
3510	52.3487	9.37963	58.0801	200
3511	52.9481	9.30378	58.0343	200
3512	55.7116	9.17911	58.0135	200
3513	57.0464	9.03247	58.0049	200
3514	57.7012	8.8766	58.0022	200
3515	59.2987	8.74124	58.0137	200
3516	59.7987	8.61702	58.0297	200
3517	61.8468	8.53131	58.0638	200
3518	63.1476	8.46974	58.1091	200
3519	64.3373	8.42972	58.1648	200
3520	72.8332	8.54112	58.2957	200
3521	72.5818	8.64371	58.4233	200
3522	72.4279	8.73944	58.5483	200
3523	73.27	8.84626	58.6798	200
3524	72.6414	8.93761	58.8044	200
3525	75.5139	9.07639	58.9536	200
3526	73.2329	9.1693	59.0811	200
3527	74.9922	9.28969	59.2232	200
3528	75.5842	9.41596	59.3692	200
3529	77.1226	9.56484	59.5278	200
3530	77.2463	9.71045	59.686	200
3531	76.7297	9.8414	59.8381	200
3532	76.5029	9.96324	59.9869	200
3533	74.9706	10.0529	60.1207	200
3534	74.416	10.1286	60.2483	200
3535	73.9715	10.1928	60.3709	200
3536	73.0442	10.2371	60.484	200
3537	72.81	10.2744	60.5941	200
3538	73.0314	10.3131	60.7051	200
3539	72.3114	10.3361	60.8088	200
3540	70.2118	10.3195	60.8927	200
3541	69.1665	10.2829	60.9666	200
3542	68.0517	10.2258	61.0298	200
3543	70.7534	10.2169	61.1167	200
3544	71.0362	10.2116	61.2052	200
3545	70.3335	10.1922	61.2867	200
3546	71.6491	10.1953	61.3792	200
3547	70.8322	10.1829	61.458	200
3548	73.9237	10.2209	61.5619	200
3549	79.0662	10.3423	61.7078	200
3550	79.3273	10.4636	61.8546	200
3551	78.5013	10.5667	61.9933	200
3552	78.6003	10.6673	62.1317	200
3553	78.773	10.7669	62.2704	200
3554	75.7346	10.8119	62.3826	200
3555	72.3595	10.7979	62.4657	200
3556	69.5789	10.7365	62.525	200
3557	66.8236	10.6292	62.5608	200
3558	66.4549	10.517	62.5933	200
3559	65.279	10.3865	62.6157	200
3560	62.7284	10.2152	62.6166	200
3561	62.8471	10.0488	62.6185	200
3562	65.6757	9.93228	62.644	200
3563	66.9753	9.83893	62.6801	200
3564	67.459	9.7546	62.7199	200
3565	69.0482	9.69749	62.7726	200
3566	70.5369	9.66527	62.8374	200
3567	69.725	9.61898	62.8947	200
3568	70.4731	9.58497	62.9579	200
3569	69.7774	9.53887	63.0147	200
3570	70.5443	9.50538	63.0775	200
3571	71.7338	9.49123	63.1496	200
3572	69.7098	9.44238	63.2043	200
3573	70.6795	9.40959	63.2666	200
3574	70.5346	9.3739	63.3271	200
3575	70.4672	9.33667	63.3866	200
3576	71.2585	9.31226	63.4522	200
3577	71.2884	9.28765	63.5175	200
3578	66.9564	9.19017	63.5462	200
3579	65.9686	9.07738	63.5664	200
3580	65.9248	8.96539	63.586	200
3581	71.2224	8.94324	63.6497	200
3582	73.2109	8.95355	63.7293	200
3583	73.6403	8.9695	63.8119	200
3584	74.037	8.99043	63.8971	200
3585	73.8499	9.00646	63.9801	200
3586	73.6957	9.01828	64.061	200
3587	73.783	9.03001	64.1421	200
3588	71.7874	9.00693	64.2058	200
3589	71.0971	8.97167	64.2632	200
3590	70.4223	8.92479	64.3145	200
3591	69.7435	8.86653	64.3598	200
3592	67.2516	8.76695	64.3839	200
3593	65.6729	8.64232	64.3946	200
3594	64.9001	8.50671	64.3988	200
3595	64.2449	8.36749	64.3975	200
3596	63.5245	8.24259	64.3903	200
3597	63.5662	8.11894	64.3834	200
3598	64.3091	7.98487	64.3828	200
3599	64.4107	7.85225	64.383	200
3600	63.1855	7.74134	64.373	200
3601	62.9216	7.6365	64.3609	200
3602	61.4732	7.55736	64.3369	200
3603	62.4508	7.46283	64.3211	200
3604	66.4103	7.37327	64.3386	200
3605	68.4982	7.31971	64.3732	200
3606	69.7287	7.28697	64.4178	200
3607	71.4753	7.28315	64.4767	200
3608	71.7194	7.28252	64.5332	200
3609	74.9335	7.33123	64.6145	200
3610	70.1687	7.30347	64.6579	200
3611	70.2982	7.27748	64.702	200
3612	64.7658	7.16476	64.7025	200
3613	61.3972	7.10446	64.6766	200
3614	60.1504	7.06417	64.6413	200
3615	59.4388	7.03508	64.6006	200
3616	59.0232	7.01231	64.557	200
3617	57.734	7.00935	64.5037	200
3618	58.972	6.98626	64.4605	200
3619	59.1574	6.95996	64.4191	200
3620	58.7664	6.93953	64.3749	200
3621	59.6558	6.90484	64.3381	200
3622	60.3173	6.85978	64.3067	200
3623	61.4455	6.7973	64.2843	200
3624	62.3499	6.72131	64.2692	200
3625	62.4259	6.6451	64.2548	200
3626	63.7882	6.54856	64.2511	200
3627	64.3823	6.44828	64.2522	200
3628	63.7695	6.35507	64.2484	200
3629	63.0332	6.27476	64.2389	200
3630	64.3523	6.17849	64.2398	200
3631	64.4549	6.08531	64.2415	200
3632	64.547	5.995	64.2438	200
3633	63.8522	5.90745	64.2408	200
3634	73.8638	5.9655	64.316	200
3635	83.5963	6.17354	64.4666	200
3636	81.692	6.34623	64.6012	200
3637	80.0889	6.48907	64.7222	200
3638	78.5828	6.60424	64.8304	200
3639	78.7713	6.71888	64.9394	200
3640	77.9507	6.8172	65.041	200
3641	73.4614	6.84225	65.1068	200
3642	61.1742	6.79679	65.0761	200
3643	62.5775	6.72963	65.0566	200
3644	66.2194	6.64264	65.0656	200
3645	66.7853	6.56572	65.0791	200
3646	67.4107	6.49956	65.0973	200
3647	68.7035	6.45435	65.1255	200
3648	69.225	6.41756	65.1575	200
3649	69.8561	6.3907	65.1942	200
3650	69.1999	6.35344	65.2255	200
3651	69.752	6.32489	65.2609	200
3652	70.6893	6.31088	65.3033	200
3653	71.5363	6.30966	65.352	200
3654	72.8586	6.32836	65.4106	200
3655	72.3778	6.33835	65.465	200
3656	72.3825	6.34739	65.5191	200
3657	72.839	6.36259	65.5763	200
3658	76.3036	6.43079	65.6601	200
3659	75.593	6.48551	65.7377	200
3660	79.8032	6.60394	65.8476	200
3661	79.9356	6.72088	65.9576	200
3662	81.0894	6.8523	66.0758	200
3663	80.7813	6.97501	66.1907	200
3664	79.6825	7.07683	66.2961	200
3665	79.0912	7.16618	66.3961	200
3666	65.9987	7.06042	66.393	200
3667	66.9581	6.95893	66.3974	200
3668	71.1327	6.92418	66.4344	200
3669	73.1662	6.92118	66.487	200
3670	74.968	6.94555	66.5532	200
3671	76.6409	6.99465	66.632	200
3672	78.2034	7.06616	66.7224	200
3673	79.4415	7.14928	66.816	200
3674	80.8087	7.24992	66.9189	200
3675	79.3609	7.32628	67.0103	200
3676	77.4809	7.37252	67.0873	200
3677	74.0355	7.36627	67.1384	200
3678	74.2155	7.36202	67.1905	200
3679	74.0589	7.35476	67.241	200
3680	74.2418	7.34956	67.2924	200
3681	75.0349	7.35534	67.3494	200
3682	74.9464	7.35889	67.4052	200
3683	74.1417	7.34973	67.4548	200
3684	73.2966	7.32756	67.4977	200
3685	72.6378	7.29539	67.5355	200
3686	71.0848	7.2403	67.5616	200
3687	69.3463	7.16007	67.5747	200
3688	69.1824	7.07842	67.5865	200
3689	68.0676	6.9814	67.5901	200
3690	67.7528	6.88112	67.5913	200
3691	62.8639	6.84945	67.5565	200
3692	62.2876	6.82621	67.5178	200
3693	58.7681	6.85449	67.4534	200
3694	59.8764	6.86512	67.3977	200
3695	62.2032	6.84055	67.3595	200
3696	62.5488	6.8107	67.3242	200
3697	65.8601	6.73207	67.3134	200
3698	66.9951	6.63775	67.311	200
3699	67.5108	6.54307	67.3125	200
3700	71.4624	6.50788	67.343	200
3701	66.9887	6.41739	67.3404	200
3702	65.2375	6.35394	67.325	200
3703	63.9327	6.31038	67.3	200
3704	63.422	6.27461	67.2715	200
3705	63.275	6.24111	67.2421	200
3706	64.6218	6.18786	67.2228	200
3707	65.6975	6.1193	67.2116	200
3708	64.5724	6.06812	67.1922	200
3709	62.6429	6.04578	67.1588	200
3710	65.0642	5.98768	67.1434	200
3711	67.2243	5.90081	67.144	200
3712	69.1887	5.8441	67.159	200
3713	69.3835	5.79087	67.1754	200
3714	69.1485	5.73473	67.1899	200
3715	68.4054	5.66827	67.1988	200
3716	69.1551	5.61368	67.2132	200
3717	70.0413	5.57272	67.234	200
3718	70.7708	5.54278	67.26	200
3719	70.9591	5.51567	67.2872	200
3720	71.0724	5.49022	67.315	200
3721	71.3781	5.46923	67.3449	200
3722	70.7779	5.43928	67.3701	200
3723	71.2199	5.41591	67.3984	200
3724	71.1015	5.39072	67.4257	200
3725	70.3428	5.35434	67.4471	200
3726	71.061	5.32875	67.4737	200
3727	70.1499	5.28974	67.4934	200
3728	68.2461	5.22302	67.4989	200
3729	67.4897	5.14634	67.4988	200
3730	68.0691	5.07905	67.503	200
3731	65.724	5.03052	67.4899	200
3732	65.2732	4.98655	67.4726	200
3733	67.8508	4.91455	67.4756	200
3734	73.1871	4.92783	67.5232	200
3735	72.7582	4.93295	67.5668	200
3736	72.7128	4.93675	67.6127	200
3737	72.6803	4.93909	67.658	200
3738	72.003	4.92766	67.6998	200
3739	71.4877	4.90574	67.7362	200
3740	70.7	4.86528	67.7671	200
3741	71.3342	4.83824	67.8042	200
3742	69.9645	4.77738	67.8288	200
3743	69.4923	4.7066	67.8477	200
3744	69.4311	4.62852	67.8675	200
3745	67.5029	4.52193	67.8629	200
3746	65.4708	4.46276	67.8297	200
3747	64.0171	4.4447	67.7767	200
3748	64.7418	4.40554	67.7346	200
3749	64.8591	4.36304	67.6946	200
3750	66.9934	4.26132	67.6849	200
3751	67.7646	4.14517	67.686	200
3752	67.0758	4.04697	67.6775	200
3753	68.4239	3.95529	67.6879	200
3754	70.9497	3.93602	67.7332	200
3755	76.1495	4.06048	67.8501	200
3756	77.352	4.21163	67.9821	200
3757	77.5976	4.36173	68.1156	200
3758	80.9971	4.59839	68.2945	200
3759	81.6994	4.84302	68.4807	200
3760	82.7149	5.10389	68.6784	200
3761	83.1778	5.36487	68.8798	200
3762	83.9773	5.63522	69.0895	200
3763	84.2372	5.89946	69.2998	200
3764	80.6154	6.04991	69.457	200
3765	72.9186	5.97801	69.5051	200
3766	75.5008	5.9785	69.5884	200
3767	74.7098	5.95469	69.6595	200
3768	73.2303	5.88847	69.7091	200
3769	71.8005	5.783	69.7381	200
3770	72.7707	5.70659	69.7802	200
3771	73.3291	5.65265	69.8246	200
3772	71.9804	5.56523	69.8516	200
3773	70.6936	5.44715	69.8621	200
3774	65.2009	5.4275	69.8038	200
3775	63.5828	5.44734	69.726	200
3776	63.1331	5.47598	69.6436	200
3777	62.0819	5.52812	69.5491	200
3778	61.1205	5.60063	69.4438	200
3779	61.4843	5.6596	69.3443	200
3780	60.7981	5.73177	69.2374	200
3781	60.3969	5.80948	69.1269	200
3782	59.7633	5.89834	69.0099	200
3783	60.2055	5.97099	68.8998	200
3784	46.6629	6.37764	68.6219	200
3785	43.3483	6.85004	68.3059	200
3786	44.1598	7.28244	68.0041	200
3787	43.3535	7.71664	67.696	200
3788	47.0384	8.04017	67.4378	200
3789	46.5652	8.36098	67.1769	200
3790	48.0004	8.63137	66.9371	200
3791	47.6323	8.8982	66.6958	200
3792	47.513	9.15532	66.456	200
3793	46.0398	9.43684	66.2008	200
3794	47.9897	9.6562	65.9732	200
3795	49.3252	9.83099	65.7651	200
3796	50.4947	9.96698	65.5742	200
3797	49.0871	10.13	65.3681	200
3798	49.9924	10.2611	65.1759	200
3799	48.6611	10.4175	64.9695	200
3800	49.4587	10.5448	64.7756	200
3801	49.9817	10.651	64.5907	200
3802	52.3781	10.6901	64.438	200
3803	53.7905	10.689	64.3049	200
3804	60.9151	10.5065	64.2626	200
3805	65.9506	10.2861	64.2837	200
3806	69.9209	10.1698	64.3541	200
3807	74.2798	10.1637	64.4782	200
3808	77.2525	10.229	64.6379	200
3809	78.5264	10.3205	64.8115	200
3810	79.0223	10.4177	64.9891	200
3811	79.7124	10.5254	65.1732	200
3812	80.4517	10.6334	65.3468	200
3813	80.4374	10.7347	65.5183	200
3814	80.4454	10.83	65.6879	200
3815	79.3088	10.8934	65.8427	200
3816	78.7889	10.9401	65.9898	200
3817	78.3436	10.9722	66.1302	200
3818	77.9096	10.9905	66.264	200
3819	79.3069	11.0372	66.4122	200
3820	81.3944	11.1268	66.5825	200
3821	80.9269	11.2	66.7455	200
3822	80.8136	11.2652	66.9054	200
3823	79.5042	11.2955	67.0485	200
3824	77.0598	11.2663	67.1623	200
3825	62.6326	11.1132	67.1108	200
3826	61.1276	10.9966	67.0428	200
3827	56.9654	10.9757	66.9283	200
3828	53.6538	11.0279	66.7775	200
3829	57.854	10.9801	66.6761	200
3830	56.7462	10.9562	66.5632	200
3831	56.9281	10.9262	66.4537	200
3832	59.2187	10.8423	66.3715	200
3833	61.9263	10.6969	66.321	200
3834	62.8569	10.5326	66.2816	200
3835	62.2806	10.3841	66.2362	200
3836	63.3976	10.2126	66.2039	200
3837	63.6065	10.0395	66.1744	200
3838	63.3807	9.87487	66.1426	200
3839	65.1385	9.67326	66.1312	200
3840	67.1584	9.47676	66.1429	200
3841	64.6116	9.29618	66.1255	200
3842	62.4011	9.16955	66.0832	200
3843	62.8688	9.0342	66.0467	200
3844	62.1563	8.9173	66.0024	200
3845	61.2031	8.82371	65.9479	200
3846	60.9975	8.73568	65.8917	200
3847	67.1798	8.56642	65.9063	200
3848	67.0747	8.39828	65.9196	200
3849	66.4103	8.21856	65.9251	200
3850	65.8256	8.03404	65.924	200
3851	55.6723	8.08444	65.8075	200
3852	55.4743	8.13555	65.6901	200
3853	54.3761	8.20779	65.5615	200
3854	52.5092	8.31789	65.4132	200
3855	50.4708	8.46845	65.2434	200
3856	51.1091	8.59721	65.0828	200
3857	50.0793	8.73068	64.9265	200
3858	50.102	8.85763	64.7721	200
3859	56.5102	8.84522	64.686	200
3860	56.1352	8.83909	64.5969	200
3861	56.2977	8.82784	64.5105	200
3862	59.6032	8.74616	64.4594	200
3863	62.9188	8.59604	64.4433	200
3864	63.6666	8.43314	64.4352	200
3865	64.6369	8.26165	64.4373	200
3866	68.7979	8.18038	64.4828	200
3867	70.1991	8.12904	64.5423	200
3868	72.2184	8.11961	64.6223	200
3869	73.0995	8.12706	64.7106	200
3870	58.4142	8.08892	64.645	200
3871	57.6846	8.06541	64.5725	200
3872	58.4074	8.02581	64.5083	200
3873	58.7234	7.97913	64.448	200
3874	70.3751	7.93638	64.5097	200
3875	71.7723	7.92234	64.5854	200
3876	81.0025	8.09931	64.7564	200
3877	83.6031	8.32321	64.9527	200
3878	83.5735	8.53775	65.1467	200
3879	84.2103	8.75704	65.3453	200
3880	85.4719	8.9939	65.5549	200
3881	84.7864	9.20719	65.7552	200
3882	85.2854	9.42225	65.9587	200
3883	80.2269	9.5232	66.1073	200
3884	81.922	9.65428	66.272	200
3885	83.4622	9.81127	66.4511	200
3886	80.8299	9.90643	66.6009	200
3887	76.0399	9.89669	66.6992	200
3888	76.4085	9.89279	66.8003	200
3889	76.3156	9.88492	66.8995	200
3890	71.5156	9.77516	66.9475	200
3891	72.4336	9.6858	67.0047	200
3892	74.008	9.62992	67.0776	200
3893	73.2189	9.55723	67.1416	200
3894	78.7886	9.60077	67.2629	200
3895	75.9241	9.58119	67.3532	200
3896	74.8637	9.53805	67.4314	200
3897	74.4706	9.486	67.5047	200
3898	63.9839	9.36172	67.468	200
3899	64.2218	9.23432	67.4342	200
3900	61.188	9.17206	67.3692	200
3901	60.6315	9.12135	67.299	200
3902	62.8244	9.02454	67.2524	200
3903	62.8635	8.92796	67.2066	200
3904	62.2903	8.84439	67.1554	200
3905	62.9483	8.74777	67.1116	200
3906	65.0949	8.61833	67.0922	200
3907	65.6968	8.47943	67.0788	200
3908	64.1967	8.37178	67.0511	200
3909	62.078	8.30642	67.0033	200
3910	60.312	8.27536	66.9389	200
3911	59.0296	8.26832	66.8629	200
3912	58.2961	8.27406	66.7805	200
3913	60.1051	8.24332	66.7163	200
3914	60.3111	8.20797	66.6547	200
3915	60.8668	8.16143	66.5991	200
3916	64.2162	8.0503	66.5762	200
3917	64.6132	7.93324	66.5573	200
3918	66.7131	7.78367	66.5588	200
3919	66.9887	7.64225	66.5629	200
3920	67.7659	7.51842	66.5745	200
3921	70.1742	7.44306	66.6091	200
3922	73.3194	7.42897	66.6736	200
3923	78.325	7.51017	66.7856	200
3924	80.4811	7.62911	66.9173	200
3925	74.4861	7.62795	66.9901	200
3926	72.0656	7.57887	67.0389	200
3927	73.5156	7.55767	67.1012	200
3928	75.7922	7.57946	67.1848	200
3929	77.1074	7.62453	67.2802	200
3930	77.0489	7.66576	67.3741	200
3931	79.9527	7.76024	67.495	200
3932	78.4263	7.82122	67.6001	200
3933	77.2116	7.85564	67.6926	200
3934	76.7863	7.87945	67.78	200
3935	76.9656	7.90457	67.8683	200
3936	76.359	7.91584	67.95	200
3937	76.6011	7.92998	68.0332	200
3938	76.9471	7.9489	68.1189	200
3939	86.4883	8.1493	68.2955	200
3940	90.4573	8.41877	68.5086	200
3941	90.3732	8.67734	68.7188	200
3942	85.5485	8.83412	68.8806	200
3943	83.0284	8.9363	69.0167	200
3944	82.4919	9.02359	69.1462	200
3945	73.071	8.92553	69.184	200
3946	71.9895	8.80784	69.211	200
3947	69.9495	8.65266	69.2181	200
3948	66.7585	8.53356	69.1944	200
3949	64.081	8.46779	69.1452	200
3950	64.4564	8.39511	69.1002	200
3951	65.2442	8.30782	69.0631	200
3952	65.9067	8.20875	69.0327	200
3953	63.7211	8.15304	68.9817	200
3954	63.1061	8.10924	68.9252	200
3955	63.1927	8.06353	68.87	200
3956	63.9683	8.00273	68.8229	200
3957	62.0989	7.97814	68.7583	200
3958	62.6075	7.943	68.6991	200
3959	63.7536	7.88947	68.655	200
3960	66.0968	7.79427	68.6321	200
3961	66.1329	7.69971	68.6098	200
3962	66.5955	7.59818	68.5918	200
3963	68.7002	7.46444	68.5928	200
3964	70.2283	7.36035	68.6074	200
3965	70.7077	7.26642	68.6261	200
3966	64.5314	7.20978	68.5896	200
3967	67.6591	7.09765	68.5813	200
3968	66.4281	7.00936	68.562	200
3969	70.0767	6.91124	68.5756	200
3970	69.2626	6.80009	68.5817	200
3971	67.9268	6.69035	68.5758	200
3972	67.1403	6.59652	68.563	200
3973	67.1944	6.49598	68.5499	200
3974	68.0815	6.38007	68.5454	200
3975	68.4132	6.2499	68.544	200
3976	65.06	6.19228	68.5077	200
3977	62.5311	6.18737	68.4398	200
3978	72.1108	6.13018	68.4815	200
3979	73.0309	6.09066	68.5384	200
3980	73.441	6.06096	68.5996	200
3981	71.8674	5.98337	68.645	200
3982	70.4662	5.86775	68.6703	200
3983	69.7647	5.71859	68.6874	200
3984	69.4219	5.56283	68.6989	200
3985	69.6142	5.39685	68.7152	200
3986	71.2928	5.29616	68.7613	200
3987	69.1327	5.12028	68.7679	200
3988	66.8949	5.0043	68.7345	200
3989	67.0845	4.88451	68.705	200
3990	66.3869	4.79285	68.6636	200
3991	64.5245	4.7695	68.5897	200
3992	63.458	4.78243	68.498	200
3993	62.1997	4.83657	68.3856	200
3994	56.2744	5.09638	68.1693	200
3995	54.9035	5.38814	67.9324	200
3996	54.8983	5.66121	67.6997	200
3997	51.3284	6.04371	67.4073	200
3998	50.8546	6.41904	67.1117	200
3999	55.2915	6.58782	66.927	200
4000	41.8498	7.16562	66.5352	200
4001	41.2877	7.73067	66.1407	200
4002	41.4673	8.26014	65.7552	200
4003	41.4886	8.76033	65.376	200
4004	41.3897	9.23615	65.0012	200
4005	42.007	9.66609	64.642	200
4006	42.8864	10.0439	64.302	200
4007	44.4774	10.3495	63.9923	200
4008	45.294	10.6104	63.7001	200
4009	45.941	10.8338	63.4226	200
4010	45.8058	11.0458	63.1474	200
4011	50.8414	11.0852	62.9551	200
4012	53.3041	11.0404	62.8043	200
4013	54.7747	10.9463	62.6788	200
4014	56.2142	10.8062	62.5778	200
4015	52.5132	10.783	62.4205	200
4016	48.4254	10.8834	62.2019	200
4017	48.6364	10.9672	61.9899	200
4018	49.5937	11.0119	61.7962	200
4019	50.0596	11.0345	61.6128	200
4020	50.2958	11.0434	61.436	200
4021	50.3992	11.0432	61.2636	200
4022	49.7956	11.0564	61.0844	200
4023	46.4726	11.1675	60.8561	200
4024	49.9655	11.1589	60.6859	200
4025	49.6156	11.1561	60.5129	200
4026	45.8346	11.2662	60.2836	200
4027	40.8085	11.5227	59.9793	200
4028	37.6704	11.8598	59.6307	200
4029	37.3477	12.1855	59.2825	200
4030	36.6174	12.513	58.9284	200
4031	37.3022	12.7978	58.5905	200
4032	36.4982	13.0559	58.2836	200
4033	47.9102	12.9814	58.1396	200
4034	47.8096	12.9078	57.9961	200
4035	50.3757	12.7609	57.8902	200
4036	54.5465	12.4993	57.8438	200
4037	53.7413	12.2661	57.7868	200
4038	53.6965	12.039	57.73	200
4039	53.1989	11.8304	57.6671	200
4040	58.0238	11.5117	57.672	200
4041	63.5335	11.3547	57.7534	200
4042	63.9263	11.2108	57.8392	200
4043	63.2696	11.0502	57.9146	200
4044	63.9188	10.9101	57.998	200
4045	63.8746	10.7703	58.0796	200
4046	62.7451	10.6007	58.1444	200
4047	62.7414	10.4339	58.2083	200
4048	62.9746	10.2765	58.2745	200
4049	63.5998	10.1389	58.3484	200
4050	63.5845	10.0027	58.4211	200
4051	46.2003	10.0644	58.2514	200
4052	46.5673	10.1094	58.0891	200
4053	47.4927	10.1229	57.9419	200
4054	43.0508	10.2553	57.7351	200
4055	44.4436	10.3397	57.5505	200
4056	44.6561	10.4106	57.3714	200
4057	45.1522	10.4609	57.2017	200
4058	40.3102	10.6395	56.9671	200
4059	63.385	10.5222	57.0563	200
4060	62.7129	10.3871	57.1348	200
4061	62.9028	10.2588	57.2149	200
4062	65.533	10.2049	57.3305	200
4063	66.5305	10.1769	57.4582	200
4064	68.8185	10.2098	57.616	200
4065	68.4001	10.2258	57.7658	200
4066	69.5877	10.2701	57.93	200
4067	70.3975	10.3311	58.1031	200
4068	70.694	10.3939	58.278	200
4069	71.2244	10.4577	58.4398	200
4070	75.0215	10.6108	58.6471	200
4071	73.6756	10.7213	58.835	200
4072	89.4398	11.2184	59.2175	200
4073	89.923	11.7055	59.6013	200
4074	89.9043	12.1705	59.9801	200
4075	89.743	12.6103	60.3522	200
4076	90.7124	13.054	60.7317	200
4077	91.7476	13.5031	61.1194	200
4078	75.399	13.5225	61.2979	200
4079	75.024	13.5276	61.4694	200
4080	73.2146	13.483	61.6163	200
4081	70.2707	13.3623	61.7244	200
4082	69.2546	13.2165	61.8186	200
4083	66.9648	13.0147	61.8829	200
4084	67.4289	12.828	61.9522	200
4085	66.4704	12.6203	62.0087	200
4086	67.9001	12.4521	62.0823	200
4087	68.2839	12.2958	62.1599	200
4088	69.1908	12.1642	62.2477	200
4089	68.5714	12.0182	62.3268	200
4090	69.5573	11.8985	62.4172	200
4091	70.8613	11.8121	62.5227	200
4092	65.9414	11.6023	62.5655	200
4093	65.5408	11.3866	62.6026	200
4094	64.5936	11.1517	62.6275	200
4095	63.9116	10.905	62.6436	200
4096	62.3995	10.6385	62.6405	200
4097	60.5733	10.4242	62.6147	200
4098	54.5971	10.364	62.5145	200
4099	55.5338	10.2795	62.4272	200
4100	55.1775	10.2037	62.3366	200
4101	54.9129	10.1342	62.2438	200
4102	54.7938	10.0671	62.1507	200
4103	54.9076	9.9965	62.0601	200
4104	54.7107	9.93032	61.9683	200
4105	54.5451	9.86764	61.8755	200
4106	57.8367	9.72192	61.825	200
4107	58.4988	9.56203	61.7834	200
4108	58.9391	9.39409	61.7478	200
4109	59.748	9.20923	61.7229	200
4110	61.8708	9.00329	61.7245	200
4111	58.9036	8.86278	61.6925	200
4112	59.3787	8.71394	61.6662	200
4113	56.0325	8.64393	61.6022	200
4114	55.7871	8.57964	61.5361	200
4115	56.4083	8.50119	61.4778	200
4116	56.3964	8.42346	61.4201	200
4117	57.7642	8.31511	61.3785	200
4118	60.7237	8.14101	61.3711	200
4119	53.2539	8.14047	61.2788	200
4120	52.8486	8.14705	61.183	200
4121	53.643	8.13326	61.0974	200
4122	54.0484	8.10862	61.0173	200
4123	57.7019	7.99968	60.9796	200
4124	59.538	7.85063	60.9632	200
4125	60.6051	7.68034	60.9591	200
4126	60.0267	7.52698	60.9485	200
4127	55.3576	7.48298	60.885	200
4128	54.8644	7.44974	60.8166	200
4129	54.8241	7.41662	60.7485	200
4130	54.7661	7.38402	60.6805	200
4131	55.4898	7.33417	60.6215	200
4132	54.3425	7.31019	60.5502	200
4133	60.0655	7.15506	60.5447	200
4134	59.1079	7.0251	60.5283	200
4135	65.1128	6.96964	60.5804	200
4136	67.5571	6.96979	60.6597	200
4137	72.782	7.0869	60.7975	200
4138	72.7847	7.19827	60.9337	200
4139	72.7896	7.30412	61.0684	200
4140	72.6669	7.40172	61.2002	200
4141	70.3236	7.44085	61.3039	200
4142	70.9141	7.49015	61.4131	200
4143	70.1613	7.51874	61.5125	200
4144	70.9011	7.56124	61.6192	200
4145	68.0725	7.53606	61.6925	200
4146	66.4213	7.47226	61.7463	200
4147	65.1322	7.37939	61.7847	200
4148	65.647	7.29945	61.8286	200
4149	66.3037	7.23526	61.8795	200
4150	65.9492	7.16332	61.9257	200
4151	65.8094	7.08878	61.9698	200
4152	66.6818	7.03476	62.0234	200
4153	67.2484	6.99363	62.0828	200
4154	68.6641	6.98426	62.1576	200
4155	67.789	6.95607	62.2162	200
4156	71.3879	7.00223	62.3118	200
4157	75.0765	7.12228	62.4447	200
4158	69.6331	7.12366	62.5196	200
4159	68.6234	7.10241	62.5832	200
4160	62.9685	6.96247	62.5872	200
4161	62.8957	6.82385	62.5904	200
4162	62.2667	6.68843	62.587	200
4163	59.9408	6.60421	62.5595	200
4164	61.0329	6.49843	62.5436	200
4165	61.575	6.38323	62.5335	200
4166	62.2658	6.25582	62.5307	200
4167	60.9103	6.15925	62.5138	200
4168	60.1988	6.07916	62.4897	200
4169	59.9275	6.00589	62.463	200
4170	60.2642	5.92657	62.4401	200
4171	60.0066	5.85379	62.4147	200
4172	58.5781	5.81177	62.3748	200
4173	59.441	5.75181	62.3442	200
4174	59.7019	5.68703	62.3167	200
4175	62.8441	5.57954	62.3222	200
4176	62.9595	5.47657	62.3288	200
4177	62.9473	5.37536	62.3353	200
4178	64.9797	5.31847	62.3628	200
4179	65.7518	5.27827	62.3981	200
4180	92.9159	5.80409	62.716	200
4181	89.2985	6.23697	62.9929	200
4182	79.6045	6.45311	63.1659	200
4183	80.1322	6.67213	63.3427	200
4184	82.3995	6.93015	63.5412	200
4185	82.4247	7.17917	63.7379	200
4186	83.0986	7.43296	63.9396	200
4187	86.0293	7.73831	64.1697	200
4188	85.0959	8.01305	64.3876	200
4189	83.8743	8.25208	64.5906	200
4190	82.9401	8.46245	64.7818	200
4191	83.827	8.68292	64.9802	200
4192	84.0959	8.90027	65.1793	200
4193	84.4103	9.11549	65.3796	200
4194	84.4108	9.32207	65.5778	200
4195	85.1296	9.53519	65.7815	200
4196	85.1757	9.74059	65.9835	200
4197	86.5237	9.96558	66.1975	200
4198	87.1197	10.1938	66.4154	200
4199	86.716	10.4044	66.6269	200
4200	87.1678	10.6156	66.8409	200
4201	88.2105	10.8396	67.0635	200
4202	90.2315	11.0965	67.3048	200
4203	90.8386	11.3556	67.5499	200
4204	92.9947	11.6265	67.7946	200
4205	73.4524	11.5117	67.849	200
4206	73.7085	11.403	67.9053	200
4207	71.0547	11.2443	67.9356	200
4208	68.5631	11.0401	67.9416	200
4209	67.2917	10.8403	67.9354	200
4210	67.4942	10.6403	67.9312	200
4211	67.348	10.4469	67.9255	200
4212	76.8875	10.4184	68.0117	200
4213	77.3655	10.3979	68.1017	200
4214	78.1413	10.391	68.1982	200
4215	80.3513	10.4249	68.315	200
4216	87.0966	10.5856	68.4956	200
4217	87.8528	10.7543	68.6818	200
4218	87.838	10.9159	68.866	200
4219	88.5785	11.085	69.0555	200
4220	87.8362	11.233	69.2361	200
4221	88.5526	11.3885	69.4218	200
4222	88.0335	11.5274	69.6008	200
4223	86.729	11.6351	69.7655	200
4224	83.2413	11.6705	69.895	200
4225	82.5328	11.6891	70.0166	200
4226	81.472	11.6846	70.1267	200
4227	78.9663	11.6299	70.2117	200
4228	79.5896	11.5866	70.3019	200
4229	82.042	11.5895	70.4148	200
4230	79.7959	11.5471	70.505	200
4231	72.4207	11.3618	70.5234	200
4232	74.5649	11.2211	70.5622	200
4233	79.918	11.1852	70.6522	200
4234	80.5459	11.1603	70.7473	200
4235	79.7411	11.1187	70.8338	200
4236	80.5984	11.0926	70.9277	200
4237	80.3233	11.06	71.018	200
4238	71.6949	10.8603	71.0246	200
4239	70.5952	10.6597	71.0204	200
4240	72.4753	10.4827	71.0344	200
4241	75.951	10.3757	71.0817	200
4242	69.0901	10.2144	71.0625	200
4243	69.4977	10.0481	71.0475	200
4244	70.8179	9.85928	71.0453	200
4245	70.4034	9.68203	71.0391	200
4246	71.8786	9.51198	71.0472	200
4247	72.4335	9.35572	71.0605	200
4248	71.7988	9.18999	71.0676	200
4249	72.3571	9.03806	71.08	200
4250	73.5533	8.91182	71.1038	200
4251	73.6332	8.78908	71.1281	200
4252	73.839	8.67219	71.1542	200
4253	73.6131	8.5527	71.1778	200
4254	73.5816	8.43445	71.2009	200
4255	73.8768	8.32371	71.2267	200
4256	75.924	8.25397	71.2718	200
4257	78.8481	8.24187	71.3395	200
4258	76.724	8.19084	71.3875	200
4259	73.6686	8.08531	71.4079	200
4260	68.4299	7.99411	71.3813	200
4261	68.1201	7.90959	71.3522	200
4262	67.1372	7.84362	71.3146	200
4263	66.809	7.77942	71.2712	200
4264	65.307	7.74452	71.2139	200
4265	60.6173	7.80394	71.1035	200
4266	66.0983	7.74563	71.0514	200
4267	69.605	7.60246	71.0349	200
4268	66.1593	7.54049	70.9795	200
4269	66.9292	7.45324	70.9289	200
4270	66.1277	7.38693	70.8689	200
4271	68.5847	7.24519	70.8372	200
4272	68.6008	7.10605	70.8061	200
4273	67.8384	6.97673	70.7597	200
4274	66.86	6.88058	70.6988	200
4275	68.0635	6.72896	70.6517	200
4276	68.1733	6.57715	70.6075	200
4277	66.9416	6.47318	70.542	200
4278	66.8872	6.37252	70.4768	200
4279	66.7453	6.2782	70.4101	200
4280	67.539	6.15652	70.3589	200
4281	67.6201	6.03445	70.3099	200
4282	66.9058	5.94051	70.2492	200
4283	66.263	5.87071	70.178	200
4284	67.7195	5.74885	70.1341	200
4285	69.3633	5.57106	70.1203	200
4286	77.5555	5.63763	70.2531	200
4287	79.141	5.75371	70.4118	200
4288	79.1351	5.85977	70.5676	200
4289	79.0786	5.95446	70.7195	200
4290	54.5299	6.32	70.4304	200
4291	54.4988	6.62036	70.1815	200
4292	57.7716	6.80129	69.9876	200
4293	58.9053	6.93507	69.8144	200
4294	62.0074	6.96232	69.6925	200
4295	60.6475	7.0274	69.5511	200
4296	61.37	7.06345	69.4233	200
4297	59.7745	7.14424	69.2725	200
4298	59.2633	7.23377	69.1161	200
4299	57.9538	7.35654	68.9417	200
4300	66.2952	7.20935	68.9004	200
4301	68.2682	7.00382	68.8905	200
4302	66.9168	6.84663	68.8597	200
4303	66.7967	6.69713	68.8274	200
4304	66.9613	6.54616	68.7983	200
4305	60.0792	6.61407	68.662	200
4306	62.1147	6.61198	68.5597	200
4307	64.1912	6.54187	68.4915	200
4308	64.2375	6.47037	68.425	200
4309	64.841	6.38018	68.369	200
4310	60.8894	6.41453	68.2521	200
4311	60.8789	6.44449	68.1369	200
4312	65.1158	6.33751	68.0897	200
4313	67.4121	6.16064	68.0791	200
4314	67.8865	5.97414	68.0761	200
4315	69.811	5.84166	68.1032	200
4316	71.3539	5.76069	68.154	200
4317	56.9169	5.93183	67.9784	200
4318	57.6142	6.07034	67.8165	200
4319	60.1346	6.1207	67.6965	200
4320	60.8382	6.14375	67.5893	200
4321	60.9602	6.15892	67.4857	200
4322	60.1179	6.19669	67.3706	200
4323	60.769	6.20935	67.2675	200
4324	58.0288	6.29349	67.1391	200
4325	56.008	6.42787	66.9845	200
4326	56.779	6.53281	66.8428	200
4327	56.8964	6.62763	66.7046	200
4328	56.5984	6.72426	66.5643	200
4329	58.0757	6.77326	66.4464	200
4330	56.0311	6.87443	66.3017	200
4331	55.9522	6.97096	66.158	200
4332	55.253	7.08024	66.0065	200
4333	56.998	7.1338	65.8814	200
4334	57.3257	7.1733	65.7626	200
4335	58.6808	7.17076	65.6642	200
4336	59.8359	7.13347	65.5833	200
4337	63.3672	6.99687	65.5525	200
4338	62.4971	6.88739	65.5101	200
4339	63.4094	6.75442	65.4809	200
4340	63.5812	6.61957	65.4545	200
4341	64.0876	6.47366	65.4355	200
4342	64.2434	6.32695	65.4189	200
4343	64.5852	6.17436	65.4074	200
4344	63.8919	6.04494	65.3863	200
4345	63.8097	5.92082	65.3644	200
4346	64.7878	5.77237	65.3564	200
4347	68.0789	5.68765	65.3942	200
4348	69.6191	5.64702	65.4529	200
4349	70.1963	5.62192	65.5188	200
4350	70.1933	5.5956	65.5837	200
4351	59.6036	5.60628	65.5006	200
4352	62.0485	5.54645	65.4527	200
4353	60.4637	5.53096	65.3834	200
4354	58.8263	5.55946	65.2923	200
4355	62.5567	5.48102	65.2543	200
4356	62.3796	5.40862	65.2144	200
4357	61.2142	5.3695	65.1589	200
4358	61.5135	5.32161	65.1082	200
4359	63.1245	5.22889	65.0807	200
4360	65.3622	5.09146	65.0846	200
4361	66.5961	5.00196	65.1035	200
4362	67.4643	4.93593	65.133	200
4363	68.4587	4.89568	65.1746	200
4364	72.0101	4.94417	65.26	200
4365	73.2301	5.01982	65.3596	200
4366	71.2064	5.04049	65.4327	200
4367	69.6961	5.02107	65.486	200
4368	69.1065	4.98605	65.5313	200
4369	68.4809	4.93514	65.5681	200
4370	63.5943	4.86111	65.5435	200
4371	66.1675	4.75518	65.5513	200
4372	67.0699	4.67427	65.5702	200
4373	67.6923	4.61046	65.5968	200
4374	68.2497	4.56152	65.6299	200
4375	70.4736	4.56858	65.6905	200
4376	74.3766	4.67151	65.799	200
4377	74.6981	4.7772	65.9103	200
4378	75.4026	4.89508	66.0289	200
4379	74.3848	4.9816	66.1334	200
4380	75.7129	5.09655	66.2531	200
4381	77.1001	5.24031	66.3887	200
4382	76.48	5.36158	66.5149	200
4383	77.92	5.51267	66.6574	200
4384	75.8979	5.60587	66.7729	200
4385	74.8562	5.6678	66.874	200
4386	66.526	5.53481	66.8696	200
4387	66.2584	5.41172	66.862	200
4388	66.4763	5.28607	66.8572	200
4389	66.7327	5.15703	66.8556	200
4390	65.2272	5.06881	66.8352	200
4391	57.3478	5.17927	66.7166	200
4392	56.2506	5.31144	66.5858	200
4393	53.5995	5.50331	66.4235	200
4394	66.5649	5.36927	66.4253	200
4395	64.4156	5.28528	66.4001	200
4396	60.2362	5.30724	66.3231	200
4397	59.4792	5.34566	66.2375	200
4398	57.3654	5.43382	66.1266	200
4399	56.8256	5.5305	66.0104	200
4400	56.2251	5.63687	65.8881	200
4401	56.9924	5.71834	65.7769	200
4402	54.1718	5.85213	65.645	200
4403	52.1112	6.02671	65.4912	200
4404	48.9807	6.2888	65.2848	200
4405	47.4615	6.57716	65.062	200
4406	47.8132	6.8736	64.8224	200
4407	47.8148	7.1551	64.5862	200
4408	48.0709	7.44761	64.3282	200
4409	47.9683	7.72612	64.0726	200
4410	49.3179	7.97714	63.8091	200
4411	50.7082	8.16013	63.5751	200
4412	67.3431	7.97712	63.6536	200
4413	67.6318	7.81049	63.7365	200
4414	68.1915	7.64272	63.8479	200
4415	58.735	7.53731	63.7414	200
4416	59.8046	7.38729	63.6593	200
4417	59.5965	7.24877	63.5747	200
4418	59.6212	7.11146	63.4923	200
4419	59.8124	6.96848	63.4157	200
4420	59.5809	6.83791	63.3358	200
4421	59.5657	6.71008	63.2572	200
4422	59.4483	6.5892	63.1779	200
4423	60.1795	6.43958	63.1154	200
4424	60.2146	6.29213	63.055	200
4425	61.3089	6.10271	63.0186	200
4426	62.04	5.88921	62.9982	200
4427	57.6642	5.86608	62.8871	200
4428	57.3861	5.85087	62.7725	200
4429	58.2733	5.79455	62.6788	200
4430	58.9919	5.70673	62.6019	200
4431	60.1312	5.57189	62.5505	200
4432	61.0482	5.40232	62.5192	200
4433	62.8969	5.19296	62.527	200
4434	62.6839	4.98313	62.5303	200
4435	62.5511	4.77636	62.5307	200
4436	64.167	4.64553	62.5648	200
4437	62.8926	4.46562	62.5717	200
4438	64.0558	4.34139	62.6026	200
4439	65.2761	4.27189	62.6583	200
4440	58.538	4.26648	62.5847	200
4441	57.684	4.28913	62.4972	200
4442	57.6857	4.30778	62.4113	200
4443	57.6728	4.32316	62.3267	200
4444	57.2328	4.35069	62.2357	200
4445	57.0249	4.38141	62.1426	200
4446	55.8472	4.44977	62.0302	200
4447	56.7492	4.47945	61.9359	200
4448	57.5489	4.47615	61.8576	200
4449	56.5974	4.50415	61.7636	200
4450	55.1191	4.58059	61.645	200
4451	53.3223	4.71424	61.4964	200
4452	52.2377	4.87654	61.331	200
4453	52.3909	5.02166	61.1714	200
4454	50.9088	5.20884	60.9881	200
4455	52.5375	5.32462	60.8372	200
4456	53.8398	5.38436	60.7123	200
4457	53.832	5.43779	60.5894	200
4458	53.6323	5.49205	60.4652	200
4459	55.8978	5.45902	60.3836	200
4460	59.5583	5.29353	60.3689	200
4461	62.0729	5.16533	60.3993	200
4462	65.0722	5.14774	60.4827	200
4463	66.3575	5.17371	60.5877	200
4464	87.8733	5.96342	61.0749	200
4465	88.5962	6.73334	61.5663	200
4466	89.8583	7.50329	62.0716	200
4467	90.469	8.24951	62.5787	200
4468	91.593	8.99111	63.0968	200
4469	92.4331	9.6269	63.5551	200
4470	93.0546	10.2479	64.0161	200
4471	93.0619	10.8354	64.4699	200
4472	93.0529	11.39	64.9165	200
4473	93.7028	11.9336	65.3663	200
4474	93.0728	12.4265	65.7992	200
4475	89.3952	12.7755	66.1679	200
4476	86.9275	13.025	66.4923	200
4477	90.8635	13.3796	66.8731	200
4478	91.0952	13.7184	67.2515	200
4479	70.2494	13.3834	67.2984	200
4480	71.7543	13.1044	67.368	200
4481	71.0668	12.8105	67.4258	200
4482	70.7112	12.5129	67.4771	200
4483	71.471	12.2466	67.5395	200
4484	72.3736	12.015	67.6151	200
4485	72.8342	11.8026	67.6966	200
4486	70.84	11.532	67.7457	200
4487	69.6513	11.2312	67.7755	200
4488	68.9641	10.9174	67.7941	200
4489	68.489	10.5979	67.8049	200
4490	66.7442	10.2999	67.7884	200
4491	72.8255	10.1354	67.8671	200
4492	72.9048	9.97611	67.9458	200
4493	73.8483	9.84881	68.038	200
4494	73.588	9.71447	68.1247	200
4495	72.9398	9.56136	68.2	200
4496	71.0409	9.35135	68.2444	200
4497	71.9301	9.1743	68.3019	200
4498	72.695	9.02488	68.3706	200
4499	72.1884	8.86216	68.4302	200
4500	72.5949	8.71536	68.4953	200
4501	74.3174	8.62495	68.5863	200
4502	74.2406	8.54243	68.6648	200
4503	74.1795	8.45833	68.7414	200
4504	74.0526	8.37091	68.8152	200
4505	74.0683	8.2843	68.8881	200
4506	74.6158	8.21328	68.9677	200
4507	74.8467	8.14844	69.0493	200
4508	70.8342	7.97167	69.0741	200
4509	70.1225	7.77936	69.0887	200
4510	70.6492	7.60661	69.1104	200
4511	70.0161	7.42048	69.1229	200
4512	66.1756	7.29622	69.082	200
4513	66.4853	7.14936	69.0414	200
4514	66.2554	7.01301	68.9979	200
4515	65.8001	6.87675	68.9408	200
4516	65.7182	6.74625	68.8832	200
4517	65.1543	6.62052	68.8056	200
4518	65.4995	6.48242	68.7367	200
4519	66.8686	6.2517	68.69	200
4520	66.2244	6.0624	68.6283	200
4521	66.9431	5.84354	68.5862	200
4522	66.2382	5.66877	68.5275	200
4523	66.9415	5.46463	68.4879	200
4524	66.1823	5.30667	68.4302	200
4525	65.7953	5.17309	68.3643	200
4526	62.8085	5.19222	68.2254	200
4527	63.46	5.17088	68.1063	200
4528	58.1649	5.40941	67.8578	200
4529	60.1313	5.52526	67.6646	200
4530	50.4917	6.10764	67.2353	200
4531	50.4995	6.63905	66.8169	200
4532	51.1868	7.0886	66.4261	200
4533	51.0974	7.50061	66.0429	200
4534	52.0197	7.82674	65.6923	200
4535	52.2919	8.10542	65.3573	200
4536	53.2147	8.30728	65.0538	200
4537	53.2446	8.48238	64.7585	200
4538	49.4026	8.82605	64.3746	200
4539	46.8592	9.26052	63.9367	200
4540	47.5104	9.61881	63.5261	200
4541	47.5409	9.88408	63.1931	200
4542	48.248	10.095	62.8817	200
4543	49.6464	10.2258	62.606	200
4544	50.3697	10.3096	62.351	200
4545	50.1337	10.3891	62.0965	200
4546	50.3345	10.4463	61.8515	200
4547	51.7223	10.4331	61.6404	200
4548	52.3583	10.3851	61.4471	200
4549	54.463	10.2434	61.3016	200
4550	55.8342	10.0444	61.1877	200
4551	57.8977	9.76295	61.1191	200
4552	58.5951	9.46133	61.0665	200
4553	37.7368	10.0392	60.5805	200
4554	37.2507	10.593	60.0945	200
4555	41.1309	10.9417	59.6994	200
4556	41.7312	11.2345	59.3251	200
4557	42.7559	11.4568	58.9799	200
4558	43.4517	11.6264	58.6564	200
4559	45.5476	11.6882	58.3833	200
4560	45.5284	11.7368	58.1154	200
4561	45.6334	11.7678	57.8554	200
4562	43.6184	11.8707	57.5588	200
4563	44.3953	11.9246	57.2846	200
4564	45.1695	11.9325	57.0322	200
4565	47.0709	11.8504	56.8246	200
4566	51.9562	11.601	56.7377	200
4567	51.8369	11.3617	56.6502	200
4568	50.6867	11.1689	56.5437	200
4569	48.7354	11.0489	56.4043	200
4570	47.6144	10.9682	56.2473	200
4571	50.0237	10.7988	56.1362	200
4572	50.0741	10.6296	56.0279	200
4573	50.8754	10.434	55.9359	200
4574	53.4372	10.1506	55.8913	200
4575	58.3211	9.87486	55.9347	200
4576	60.2138	9.67502	56.0111	200
4577	60.0869	9.47505	56.0839	200
4578	60.8772	9.30784	56.1695	200
4579	63.0414	9.22084	56.2922	200
4580	58.5699	8.97288	56.3328	200
4581	58.1889	8.7187	56.366	200
4582	53.4244	8.51238	56.3135	200
4583	54.1891	8.28423	56.2755	200
4584	53.5053	8.0873	56.2261	200
4585	49.6872	8.032	56.1093	200
4586	47.9203	8.03761	55.9631	200
4587	46.3039	8.09552	55.7906	200
4588	42.2099	8.29142	55.5481	200
4589	38.7744	8.59436	55.2485	200
4590	50.5119	8.45658	55.1639	200
4591	51.9883	8.26797	55.1072	200
4592	57.4738	8.05721	55.1495	200
4593	60.2337	7.95103	55.2403	200
4594	60.2974	7.86059	55.3193	200
4595	56.9683	7.66648	55.3451	200
4596	57.2461	7.48631	55.3748	200
4597	58.5367	7.35117	55.4242	200
4598	58.5035	7.21767	55.4723	200
4599	57.9775	7.07041	55.5114	200
4600	57.9362	6.92523	55.5493	200
4601	56.2027	6.72924	55.5595	200
4602	55.9455	6.53101	55.5656	200
4603	55.9298	6.3383	55.5712	200
4604	55.8047	6.14752	55.5749	200
4605	47.4428	6.20954	55.4478	200
4606	47.3118	6.26975	55.3207	200
4607	55.2492	6.07605	55.3196	200
4608	53.3966	5.94627	55.2895	200
4609	54.0986	5.79766	55.2709	200
4610	54.8434	5.62985	55.2642	200
4611	60.9203	5.63067	55.3526	200
4612	61.3792	5.64304	55.4468	200
4613	61.3644	5.65162	55.5393	200
4614	60.6623	5.6351	55.6193	200
4615	62.2866	5.66736	55.7235	200
4616	62.3829	5.69836	55.8275	200
4617	61.7208	5.70445	55.9196	200
4618	62.1655	5.72137	56.0172	200
4619	62.4359	5.74316	56.1175	200
4620	64.854	5.8367	56.254	200
4621	59.5837	5.75835	56.306	200
4622	58.9622	5.66141	56.3475	200
4623	53.1052	5.58581	56.2969	200
4624	57.0925	5.43612	56.3093	200
4625	57.7607	5.31159	56.332	200
4626	58.4153	5.21071	56.3645	200
4627	58.1946	5.1168	56.3899	200
4628	60.8741	5.09923	56.4522	200
4629	61.4362	5.09602	56.5214	200
4630	60.7603	5.07221	56.5803	200
4631	62.8351	5.10506	56.6672	200
4632	63.2044	5.14484	56.758	200
4633	63.1354	5.17908	56.8466	200
4634	65.1591	5.26612	56.962	200
4635	65.1443	5.34712	57.0757	200
4636	64.997	5.41863	57.1857	200
4637	65.4446	5.49752	57.3004	200
4638	66.6652	5.60495	57.4304	200
4639	67.3232	5.72405	57.5678	200
4640	61.9229	5.68602	57.6283	200
4641	64.5794	5.72117	57.7249	200
4642	66.6357	5.80977	57.8486	200
4643	67.3631	5.91267	57.9808	200
4644	69.3899	6.06535	58.1392	200
4645	69.6343	6.21618	58.2989	200
4646	64.3576	6.2118	58.383	200
4647	66.3216	6.25977	58.4933	200
4648	67.1843	6.3273	58.614	200
4649	68.4794	6.42558	58.751	200
4650	69.8377	6.55505	58.905	200
4651	71.2007	6.71452	59.0758	200
4652	71.9794	6.88643	59.255	200
4653	71.8693	7.04554	59.4302	200
4654	75.9378	7.30838	59.6595	200
4655	75.0604	7.53317	59.8734	200
4656	75.201	7.74968	60.0862	200
4657	79.8604	8.08369	60.3609	200
4658	83.384	8.49868	60.6806	200
4659	80.4626	8.8121	60.9554	200
4660	80.4931	9.11003	61.2268	200
4661	81.2438	9.413	61.5048	200
4662	79.8212	9.66032	61.7592	200
4663	81.1807	9.93146	62.0289	200
4664	79.5734	10.1218	62.2482	200
4665	72.9843	10.1371	62.3824	200
4666	71.0048	10.0993	62.4902	200
4667	70.5182	10.0475	62.5905	200
4668	67.863	9.92812	62.6564	200
4669	67.1281	9.79171	62.7123	200
4670	69.241	9.71013	62.794	200
4671	68.5122	9.61034	62.8654	200
4672	68.5826	9.51301	62.9369	200
4673	67.9355	9.40015	62.9994	200
4674	66.0232	9.24074	63.0372	200
4675	64.1289	9.03701	63.0508	200
4676	61.3814	8.85282	63.0299	200
4677	56.382	8.7977	62.9468	200
4678	53.0998	8.82393	62.8238	200
4679	51.0264	8.89827	62.6763	200
4680	52.9685	8.9185	62.5549	200
4681	53.7173	8.91648	62.4445	200
4682	53.7224	8.91162	62.3354	200
4683	56.5967	8.82348	62.2557	200
4684	56.5466	8.73697	62.1764	200
4685	64.7361	8.54393	62.2164	200
4686	64.4204	8.34581	62.2509	200
4687	63.368	8.08764	62.2708	200
4688	62.6445	7.81214	62.2775	200
4689	60.0404	7.57985	62.2309	200
4690	57.8768	7.44544	62.1402	200
4691	58.6313	7.24861	62.0525	200
4692	58.5522	7.06119	61.965	200
4693	66.7179	6.94578	62.0838	200
4694	76.5614	7.32238	62.4457	200
4695	76.0788	7.63791	62.7865	200
4696	82.5396	8.24367	63.2804	200
4697	81.8998	8.76245	63.7459	200
4698	82.6672	9.2704	64.2189	200
4699	84.0198	9.79692	64.7139	200
4700	84.1678	10.1993	65.1192	200
4701	83.56	10.5427	65.5034	200
4702	83.2734	10.8438	65.8736	200
4703	86.982	11.2715	66.3133	200
4704	76.6667	11.2333	66.529	200
4705	75.3694	11.1336	66.7132	200
4706	74.997	11.0148	66.8858	200
4707	77.4079	10.9943	67.105	200
4708	82.7151	11.1866	67.4302	200
4709	81.9837	11.3269	67.7334	200
4710	83.373	11.5066	68.0592	200
4711	87.4985	11.8371	68.4642	200
4712	90.8547	12.2768	68.9307	200
4713	91.4747	12.7046	69.4004	200
4714	82.7784	12.7383	69.7348	200
4715	79.1017	12.5697	69.969	200
4716	77.7341	12.2695	70.2116	200
4717	68.4867	11.6104	70.1577	200
4718	67.7264	10.8455	70.0564	200
4719	61.79	10.6306	69.712	200
4720	73.537	10.0634	69.8714	200
4721	75.9084	9.72791	70.1229	200
4722	74.5216	9.2838	70.3062	200
4723	71.1818	8.58312	70.3427	200
4724	73.1212	8.22034	70.4295	200
4725	47.3782	9.14727	69.7091	200
4726	45.616	10.0814	68.9562	200
4727	42.4339	11.1089	68.1274	200
4728	47.8739	11.6805	67.4945	200
4729	51.0286	11.9796	66.9799	200
4730	52.9322	12.1088	66.5409	200
4731	54.2854	12.118	66.158	200
4732	53.7521	12.136	65.7703	200
4733	46.4915	12.5824	65.1678	200
4734	44.1162	13.1117	64.5099	200
4735	36.8999	14.0179	63.6471	200
4736	41.6996	14.5135	62.9613	200
4737	45.2111	14.7158	62.4066	200
4738	44.5841	14.9099	61.8496	200
4739	44.5603	15.0586	61.3093	200
4740	45.2934	15.1185	60.8088	200
4741	46.3792	15.084	60.4481	200
4742	59.1752	14.3935	60.4163	200
4743	63.2947	13.8177	60.4882	200
4744	63.8351	13.2942	60.5719	200
4745	55.7673	12.8697	60.4518	200
4746	60.1813	12.2397	60.445	200
4747	62.2328	11.7171	60.4897	200
4748	67.2161	11.4676	60.6579	200
4749	67.6586	11.2443	60.8329	200
4750	68.4319	11.062	61.0229	200
4751	67.2506	10.8203	61.1786	200
4752	67.6	10.6003	61.3391	200
4753	62.7144	10.1391	61.3735	200
4754	61.2861	9.6365	61.3713	200
4755	63.5149	9.26186	61.4249	200
4756	60.5523	8.84239	61.4031	200
4757	60.5609	8.44238	61.382	200
4758	63.1945	8.11088	61.4273	200
4759	63.3891	7.80343	61.4764	200
4760	63.3196	7.50542	61.5225	200
4761	63.9872	7.25338	61.5841	200
4762	64.0522	7.054	61.6355	200
4763	61.2358	6.77674	61.6272	200
4764	59.2883	6.59182	61.5784	200
4765	53.072	6.6716	61.4012	200
4766	58.5018	6.51442	61.3408	200
4767	56.55	6.44261	61.241	200
4768	57.8744	6.31444	61.1709	200
4769	59.209	6.13308	61.13	200
4770	60.6504	5.89752	61.12	200
4771	60.6013	5.6734	61.1092	200
4772	61.2936	5.44469	61.113	200
4773	62.6801	5.28312	61.1457	200
4774	62.8928	5.13579	61.1821	200
4775	55.6714	5.15141	61.0673	200
4776	56.8315	5.11326	60.979	200
4777	60.8105	4.90723	60.9755	200
4778	55.785	4.91903	60.8674	200
4779	52.7432	5.05257	60.6981	200
4780	55.3859	5.06555	60.5653	200
4781	56.112	5.03494	60.454	200
4782	58.1673	4.86318	60.3825	200
4783	58.7725	4.65986	60.3322	200
4784	59.4993	4.34094	60.2975	200
4785	61.5202	4.08109	60.3484	200
4786	62.2359	3.89829	60.4271	200
4787	62.096	3.71251	60.4966	200
4788	58.9809	3.57521	60.4493	200
4789	58.4642	3.47582	60.3872	200
4790	63.2651	3.43845	60.4772	200
4791	62.7458	3.36534	60.5481	200
4792	60.1536	3.17966	60.5357	200
4793	60.6269	2.98662	60.5386	200
4794	59.931	2.83793	60.5196	200
4795	61.3454	2.71217	60.5454	200
4796	72.9608	3.31862	60.9334	200
4797	73.6047	3.90316	61.3294	200
4798	72.9301	4.38426	61.6919	200
4799	65.1994	4.3112	61.838	200
4800	65.0946	4.22332	61.9737	200
4801	65.9251	4.18932	62.2207	200
4802	66.5374	4.20525	62.4905	200
4803	66.5319	4.18477	62.7431	200
4804	69.2553	4.47569	63.1501	200
4805	72.1634	4.85383	63.5256	200
4806	62.1649	4.56273	63.4689	200
4807	61.4383	4.35173	63.3843	200
4808	62.0429	4.10086	63.3284	200
4809	60.7124	3.97713	63.2194	200
4810	61.4097	3.79651	63.144	200
4811	62.8148	3.50757	63.1303	200
4812	48.64	4.4228	62.5265	200
4813	48.6769	5.20836	61.9495	200
4814	48.0253	5.93468	61.3693	200
4815	50.1173	6.37779	60.9005	200
4816	53.3727	6.47362	60.5868	200
4817	55.3227	6.37282	60.3675	200
4818	63.8143	6.18995	60.4752	200
4819	46.2648	6.69122	60.0311	200
4820	47.8407	7.14949	59.5232	200
4821	48.4123	7.4796	59.0602	200
4822	46.267	8.14381	58.2606	200
4823	45.7658	8.68769	57.4797	200
4824	45.9017	9.04898	56.7561	200
4825	48.664	8.92937	56.2503	200
4826	52.4471	8.2886	56.0126	200
4827	40.9543	9.13481	55.0715	200
4828	42.191	9.60302	54.2665	200
4829	40.8057	9.9245	53.7056	200
4830	39.4983	10.2814	53.1136	200
4831	36.5161	10.8077	52.422	200
4832	58.3094	10.3977	52.6674	200
4833	58.9273	10.0529	52.9282	200
4834	59.6029	9.77138	53.2063	200
4835	60.2587	9.54479	53.5001	200
4836	59.4855	9.24817	53.7495	200
4837	67.4755	9.62132	54.3215	200
4838	60.8637	9.36474	54.594	200
4839	62.3924	9.2342	54.919	200
4840	62.3823	9.08663	55.2299	200
4841	64.8963	9.13494	55.6327	200
4842	64.2981	9.10559	55.9035	200
4843	64.2264	9.05667	56.1636	200
4844	63.2862	8.93579	56.3862	200
4845	63.5519	8.82516	56.6101	200
4846	63.1126	8.67999	56.8133	200
4847	65.3564	8.67143	57.0803	200
4848	64.7377	8.60805	57.3196	200
4849	66.1188	8.62001	57.5945	200
4850	66.4918	8.63733	57.8726	200
4851	67.2659	8.68458	58.1661	200
4852	61.3985	8.34382	58.2671	200
4853	63.9655	8.17848	58.4452	200
4854	61.6981	7.87063	58.5469	200
4855	60.4529	7.49784	58.6064	200
4856	59.8923	7.10959	58.6466	200
4857	64.2637	7.01631	58.8221	200
4858	64.911	6.95834	59.0124	200
4859	64.7374	6.89667	59.1555	200
4860	67.2855	6.95833	59.3588	200
4861	61.8089	6.73292	59.42	200
4862	64.5963	6.65509	59.5494	200
4863	64.645	6.57711	59.6768	200
4864	65.0226	6.51554	59.8105	200
4865	65.0869	6.45359	59.9424	200
4866	63.3975	6.30366	60.0288	200
4867	64.0912	6.1916	60.1303	200
4868	65.5283	6.15192	60.2653	200
4869	65.8453	6.12333	60.4048	200
4870	65.374	6.06562	60.529	200
4871	63.3465	5.90322	60.5994	200
4872	54.4767	5.9142	60.4464	200
4873	54.8848	5.89656	60.3073	200
4874	54.2212	5.90604	60.1552	200
4875	54.2172	5.90764	60.0067	200
4876	54.2793	5.89863	59.8635	200
4877	54.4022	5.87676	59.727	200
4878	54.5262	5.84296	59.597	200
4879	57.6566	5.64783	59.5485	200
4880	59.2293	5.4258	59.5418	200
4881	59.8143	5.21108	59.5475	200
4882	52.3841	5.29243	59.3983	200
4883	48.879	5.51021	59.1791	200
4884	49.1537	5.69834	58.9703	200
4885	49.2077	5.86769	58.7669	200
4886	50.1015	5.98426	58.5863	200
4887	49.7129	6.10464	58.4015	200
4888	49.6868	6.21339	58.2199	200
4889	49.5407	6.31613	58.0391	200
4890	47.7695	6.48086	57.8252	200
4891	49.3213	6.56515	57.648	200
4892	48.9793	6.6528	57.4674	200
4893	52.812	6.56957	57.3704	200
4894	54.4991	6.41548	57.3106	200
4895	48.1795	6.52862	57.1204	200
4896	47.9472	6.63881	56.9292	200
4897	47.9802	6.73507	56.7428	200
4898	47.0583	6.85796	56.541	200
4899	47.384	6.95376	56.3503	200
4900	47.2664	7.04251	56.161	200
4901	47.2473	7.12048	55.9753	200
4902	47.3443	7.18342	55.7955	200
4903	48.852	7.17342	55.6509	200
4904	48.7199	7.16476	55.5271	200
4905	49.9887	7.10668	55.4282	200
4906	49.056	7.08045	55.3144	200
4907	50.1211	7.01305	55.2217	200
4908	46.9708	7.05725	55.0743	200
4909	47.108	7.08972	54.9321	200
4910	47.083	7.11684	54.7919	200
4911	47.122	7.13659	54.6549	200
4912	45.9597	7.19226	54.4997	200
4913	46.0339	7.23774	54.3485	200
4914	45.9853	7.27794	54.1991	200
4915	47.6305	7.2526	54.0818	200
4916	47.6266	7.22413	53.9666	200
4917	48.8809	7.14776	53.8758	200
4918	48.8386	7.07237	53.7858	200
4919	47.1963	7.05513	53.6681	200
4920	47.6995	7.01633	53.5616	200
4921	47.5068	6.98198	53.4534	200
4922	48.2724	6.91767	53.3609	200
4923	48.285	6.85189	53.2703	200
4924	48.2737	6.78563	53.181	200
4925	48.1632	6.72249	53.0914	200
4926	46.7001	6.71066	52.9773	200
4927	46.6447	6.69716	52.8642	200
4928	46.7111	6.67773	52.7543	200
4929	44.9535	6.71784	52.615	200
4930	44.8266	6.75608	52.476	200
4931	45.0018	6.78172	52.3425	200
4932	45.6063	6.7801	52.2222	200
4933	45.6887	6.77239	52.1201	200
4934	45.6281	6.76363	52.0187	200
4935	45.1395	6.76724	51.9112	200
4936	49.1606	6.64172	51.8682	200
4937	46.3696	6.606	51.7823	200
4938	45.7304	6.58868	51.6877	200
4939	45.6749	6.57069	51.5938	200
4940	45.7545	6.54783	51.5025	200
4941	45.6892	6.52487	51.4117	200
4942	45.7436	6.4981	51.3232	200
4943	46.4243	6.44812	51.2466	200
4944	46.4493	6.39654	51.1716	200
4945	46.4443	6.34437	51.0978	200
4946	46.3464	6.29459	51.0235	200
4947	47.1066	6.22029	50.9623	200
4948	48.4758	6.10361	50.9235	200
4949	48.4058	5.99155	50.8841	200
4950	48.4389	5.88072	50.8459	200
4951	47.1038	5.81389	50.7875	200
4952	42.8354	5.88071	50.6632	200
4953	42.1197	5.96392	50.5297	200
4954	42.3979	6.03167	50.4027	200
4955	41.765	6.11311	50.2677	200
4956	40.7389	6.21985	50.1188	200
4957	40.0932	6.33878	49.9622	200
4958	40.4007	6.43948	49.8128	200
4959	39.1008	6.573	49.6454	200
4960	38.3938	6.7192	49.4696	200
4961	41.2039	6.76753	49.3404	200
4962	41.2791	6.80796	49.2145	200
4963	41.285	6.84301	49.0906	200
4964	41.2605	6.87386	48.9682	200
4965	42.5968	6.85816	48.8687	200
4966	44.035	6.80192	48.8015	200
4967	43.2513	6.76715	48.7244	200
4968	44.4201	6.69874	48.6647	200
4969	42.0376	6.69675	48.5726	200
4970	42.1548	6.689	48.4835	200
4971	42.0099	6.68301	48.3936	200
4972	41.7831	6.681	48.3018	200
4973	42.766	6.64918	48.2249	200
4974	42.6756	6.61863	48.1478	200
4975	42.0752	6.60346	48.0635	200
4976	41.6516	6.59814	47.9744	200
4977	41.6645	6.59013	47.8868	200
4978	38.7487	6.66091	47.7599	200
4979	38.4679	6.73399	47.6308	200
4980	37.7978	6.82008	47.4942	200
4981	38.0823	6.89207	47.3635	200
4982	40.1521	6.90094	47.2633	200
4983	41.5513	6.86791	47.184	200
4984	40.1336	6.87298	47.0861	200
4985	40.1762	6.87401	46.9901	200
4986	38.8087	6.91032	46.8765	200
4987	47.9497	6.74818	46.8914	200
4988	49.5747	6.63527	46.9287	200
4989	49.7388	6.52901	46.9677	200
4990	49.7878	6.42599	47.0069	200
4991	49.1992	6.30839	47.0373	200
4992	49.4706	6.20075	47.0711	200
4993	48.9947	6.08194	47.0978	200
4994	49.8403	5.98917	47.1359	200
4995	50.1202	5.9057	47.1774	200
4996	49.6781	5.81112	47.2121	200
4997	49.3015	5.70774	47.2411	200
4998	49.6148	5.61513	47.2741	200
4999	50.239	5.54151	47.3153	200
5000	52.7307	5.53801	47.3905	200
5001	54.0791	5.56997	47.4834	200
5002	55.7137	5.64387	47.5977	200
5003	55.6402	5.70383	47.6982	200
5004	55.6472	5.75996	47.7976	200
5005	52.0408	5.72204	47.8506	200
5006	56.6994	5.80021	47.9612	200
5007	55.2908	5.83845	48.0528	200
5008	54.7995	5.86115	48.1372	200
5009	54.9018	5.88374	48.2217	200
5010	54.9711	5.90538	48.3061	200
5011	54.7113	5.91787	48.3862	200
5012	55.4491	5.9465	48.4744	200
5013	55.3221	5.96903	48.56	200
5014	55.9675	6.00499	48.6526	200
5015	56.6938	6.05589	48.7531	200
5016	57.717	6.12859	48.8652	200
5017	58.4564	6.21516	48.9851	200
5018	56.6793	6.25213	49.0813	200
5019	56.4176	6.27923	49.173	200
5020	56.8838	6.31503	49.2693	200
5021	56.9431	6.34899	49.3653	200
5022	58.299	6.41361	49.4769	200
5023	58.3375	6.47478	49.5877	200
5024	58.5097	6.53596	49.6992	200
5025	59.5346	6.61845	49.8222	200
5026	58.5949	6.6723	49.9318	200
5027	58.253	6.71352	50.0358	200
5028	58.6689	6.76151	50.1437	200
5029	58.7696	6.80812	50.2516	200
5030	62.0614	6.93316	50.3992	200
5031	62.1704	7.05412	50.5463	200
5032	61.4733	7.15094	50.6829	200
5033	61.2845	7.2372	50.8154	200
5034	60.2201	7.29139	50.933	200
5035	59.4601	7.32228	51.0396	200
5036	58.6001	7.32824	51.1341	200
5037	57.6893	7.30891	51.216	200
5038	58.556	7.30969	51.3078	200
5039	59.3641	7.32835	51.4085	200
5040	58.8702	7.33169	51.5018	200
5041	59.1667	7.34002	51.5976	200
5042	59.2526	7.3479	51.6933	200
5043	60.8967	7.39428	51.8083	200
5044	60.7925	7.43042	51.9104	200
5045	60.5985	7.459	52.0091	200
5046	59.8239	7.46708	52.0979	200
5047	58.06	7.43288	52.1657	200
5048	59.4431	7.42934	52.2484	200
5049	59.1402	7.41713	52.3267	200
5050	59.7565	7.41741	52.4111	200
5051	57.1052	7.35552	52.4645	200
5052	57.6998	7.30733	52.5239	200
5053	58.0826	7.26759	52.5871	200
5054	58.4063	7.23467	52.6532	200
5055	58.5386	7.20401	52.7201	200
5056	58.7464	7.17724	52.7886	200
5057	58.578	7.1457	52.8544	200
5058	58.8662	7.11993	52.9227	200
5059	58.9269	7.09457	52.9909	200
5060	59.7223	7.08631	53.0674	200
5061	59.5106	7.0717	53.1406	200
5062	58.8813	7.04145	53.2059	200
5063	58.8193	7.00899	53.2697	200
5064	58.5947	6.97072	53.3302	200
5065	59.989	6.96363	53.4058	200
5066	60.0662	6.95674	53.4815	200
5067	60.0516	6.94795	53.5562	200
5068	59.417	6.92324	53.6228	200
5069	60.2181	6.91579	53.6977	200
5070	59.0318	6.87984	53.7583	200
5071	59.1909	6.84694	53.8201	200
5072	58.4513	6.79659	53.8727	200
5073	57.9689	6.73521	53.9193	200
5074	58.2722	6.68107	53.9687	200
5075	58.7728	6.63841	54.0233	200
5076	58.3171	6.58512	54.0721	200
5077	58.3403	6.53247	54.1206	200
5078	58.015	6.47251	54.1649	200
5079	58.88	6.43257	54.2184	200
5080	58.7646	6.3897	54.2701	200
5081	58.4182	6.33875	54.3172	200
5082	59.8646	6.32076	54.3803	200
5083	60.3206	6.31212	54.4478	200
5084	60.3511	6.30283	54.5149	200
5085	60.3445	6.29207	54.5811	200
5086	60.3044	6.27915	54.6461	200
5087	60.2983	6.2649	54.7104	200
5088	61.6523	6.28028	54.7893	200
5089	61.6629	6.29264	54.8609	200
5090	61.0043	6.28953	54.9249	200
5091	60.2751	6.26997	54.9806	200
5092	61.2979	6.27095	55.0464	200
5093	61.4057	6.27279	55.1126	200
5094	61.3029	6.27107	55.1771	200
5095	61.5222	6.27261	55.2432	200
5096	61.4672	6.2716	55.308	200
5097	61.3911	6.26767	55.3714	200
5098	60.5784	6.24557	55.4256	200
5099	60.5412	6.22203	55.4789	200
5100	60.5043	6.1971	55.5313	200
5101	60.6108	6.17382	55.5842	200
5102	62.7349	6.19417	55.6587	200
5103	62.5474	6.20864	55.7304	200
5104	63.0875	6.23256	55.8071	200
5105	63.8908	6.27113	55.8913	200
5106	63.593	6.30093	55.9715	200
5107	64.2333	6.34178	56.0576	200
5108	64.2761	6.38088	56.1432	200
5109	64.6667	6.42552	56.232	200
5110	64.4944	6.46379	56.318	200
5111	64.5131	6.49986	56.4034	200
5112	65.8989	6.56227	56.5023	200
5113	65.9311	6.62199	56.6005	200
5114	66.5306	6.6909	56.7039	200
5115	66.6532	6.75879	56.8076	200
5116	59.4206	6.67242	56.8348	200
5117	59.2064	6.58282	56.8595	200
5118	59.1904	6.49423	56.8838	200
5119	59.0367	6.40379	56.9062	200
5120	58.8387	6.31063	56.9263	200
5121	57.955	6.20059	56.9371	200
5122	58.0478	6.09455	56.9486	200
5123	57.9899	5.98927	56.9595	200
5124	57.8952	5.88399	56.9692	200
5125	57.8586	5.77994	56.9785	200
5126	56.9005	5.66114	56.9777	200
5127	58.0519	5.56558	56.9889	200
5128	57.8914	5.46844	56.9983	200
5129	58.1895	5.37933	57.0107	200
5130	58.2115	5.29227	57.0232	200
5131	57.7053	5.19623	57.0303	200
5132	57.6192	5.10024	57.0364	200
5133	57.251	4.99846	57.0386	200
5134	57.4447	4.90278	57.0429	200
5135	57.3873	4.80782	57.0465	200
5136	57.3672	4.71434	57.0498	200
5137	58.796	4.6525	57.068	200
5138	59.4389	4.60862	57.0908	200
5139	58.8174	4.5532	57.1074	200
5140	59.4706	4.51108	57.1301	200
5141	60.4048	4.48731	57.1616	200
5142	59.8865	4.45341	57.1878	200
5143	59.7215	4.4165	57.2122	200
5144	59.6519	4.37848	57.2356	200
5145	59.7579	4.34278	57.2599	200
5146	59.6223	4.3047	57.2826	200
5147	59.5521	4.26556	57.3044	200
5148	59.519	4.22612	57.3257	200
5149	59.6955	4.19042	57.3485	200
5150	59.6399	4.1539	57.3705	200
5151	57.5465	4.0774	57.3722	200
5152	56.2035	4.02146	57.361	200
5153	55.5941	3.9781	57.344	200
5154	47.998	4.08133	57.2541	200
5155	48.8725	4.16403	57.1735	200
5156	49.797	4.22581	57.1026	200
5157	52.4205	4.23458	57.0576	200
5158	53.0284	4.23063	57.0188	200
5159	53.1159	4.22433	56.9813	200
5160	53.2002	4.2158	56.9449	200
5161	53.2361	4.20606	56.9093	200
5162	53.1106	4.19822	56.8728	200
5163	54.4466	4.16414	56.8494	200
5164	53.8222	4.14228	56.8203	200
5165	54.5191	4.10687	56.7982	200
5166	54.4557	4.07294	56.7757	200
5167	52.4305	4.07818	56.7339	200
5168	52.582	4.0796	56.694	200
5169	52.2969	4.0857	56.6517	200
5170	52.3835	4.08921	56.6106	200
5171	52.3043	4.09338	56.5692	200
5172	52.4088	4.09467	56.5292	200
5173	52.3523	4.09625	56.4891	200
5174	52.3968	4.09618	56.4497	200
5175	52.3308	4.09661	56.4101	200
5176	52.3501	4.09591	56.3711	200
5177	52.3282	4.09489	56.3322	200
5178	52.415	4.09147	56.2945	200
5179	52.2411	4.09074	56.2556	200
5180	53.9472	4.05646	56.2334	200
5181	52.0184	4.05951	56.1928	200
5182	50.8195	4.08477	56.1412	200
5183	48.2169	4.15861	56.065	200
5184	48.5234	4.22367	55.9925	200
5185	49.2195	4.27269	55.9273	200
5186	49.7576	4.30917	55.868	200
5187	51.6279	4.30785	55.8272	200
5188	53.1274	4.27692	55.8013	200
5189	53.8447	4.2323	55.7825	200
5190	55.2463	4.16122	55.7773	200
5191	57.9521	4.12575	55.7967	200
5192	57.3484	4.07978	55.8106	200
5193	56.607	4.02115	55.8177	200
5194	57.6361	3.98182	55.8339	200
5195	58.8373	3.96434	55.8607	200
5196	58.8893	3.94763	55.8878	200
5197	58.9316	3.93149	55.915	200
5198	59.8243	3.9311	55.9499	200
5199	59.8463	3.93048	55.9846	200
5200	60.976	3.94942	56.0292	200
5201	61.0247	3.9681	56.0738	200
5202	61.9688	4.00251	56.1264	200
5203	62.6749	4.04797	56.1849	200
5204	62.6833	4.09173	56.2429	200
5205	62.6336	4.13278	56.3	200
5206	63.5027	4.1876	56.3643	200
5207	60.9526	4.19475	56.4053	200
5208	60.8078	4.19847	56.4446	200
5209	60.1971	4.1905	56.4781	200
5210	60.2091	4.1823	56.5114	200
5211	59.2405	4.15635	56.5358	200
5212	58.4382	4.1161	56.5527	200
5213	57.8811	4.06632	56.5646	200
5214	55.2901	4.01646	56.5532	200
5215	55.6223	3.96136	56.5449	200
5216	56.3401	3.89428	56.5431	200
5217	55.6422	3.84083	56.535	200
5218	59.5367	3.82584	56.5618	200
5219	56.8149	3.76204	56.5641	200
5220	56.8971	3.70081	56.5671	200
5221	56.9841	3.64217	56.5708	200
5222	60.7596	3.65193	56.6082	200
5223	59.9177	3.64581	56.6377	200
5224	60.5535	3.65063	56.6727	200
5225	60.9428	3.6617	56.7108	200
5226	60.9105	3.6713	56.7483	200
5227	60.7005	3.67632	56.7836	200
5228	59.5714	3.66045	56.8085	200
5229	60.2165	3.65594	56.8389	200
5230	59.297	3.63455	56.8609	200
5231	59.2375	3.61209	56.8821	200
5232	59.3322	3.59134	56.904	200
5233	59.3295	3.57052	56.9256	200
5234	58.4679	3.5343	56.9394	200
5235	58.4954	3.49897	56.9533	200
5236	58.3798	3.46196	56.966	200
5237	58.4289	3.42626	56.9791	200
5238	58.4498	3.39134	56.9922	200
5239	58.4833	3.35741	57.0055	200
5240	57.7435	3.31063	57.0121	200
5241	57.7323	3.26438	57.0186	200
5242	57.761	3.21934	57.0252	200
5243	56.6669	3.16825	57.022	200
5244	56.2098	3.12618	57.0147	200
5245	56.9015	3.07237	57.0137	200
5246	54.4132	3.06395	56.9905	200
5247	55.8005	3.03049	56.9799	200
5248	58.4026	3.00369	56.9917	200
5249	58.1984	2.97374	57.0018	200
5250	60.3513	2.98	57.0297	200
5251	58.7653	2.95926	57.0442	200
5252	58.663	2.93692	57.0576	200
5253	58.2804	2.90835	57.0678	200
5254	57.9466	2.87452	57.0752	200
5255	56.9896	2.82804	57.0744	200
5256	57.855	2.79391	57.081	200
5257	57.8853	2.76075	57.0877	200
5258	57.9152	2.72853	57.0945	200
5259	57.9517	2.69734	57.1017	200
5260	57.9397	2.66635	57.1087	200
5261	58.4623	2.64447	57.12	200
5262	59.2022	2.6351	57.1373	200
5263	59.2319	2.62609	57.1548	200
5264	59.2502	2.61725	57.1722	200
5265	58.5369	2.59637	57.1836	200
5266	58.5619	2.57607	57.1951	200
5267	58.5318	2.55541	57.2062	200
5268	58.5345	2.53496	57.2173	200
5269	59.5399	2.53142	57.2366	200
5270	59.2739	2.52318	57.2536	200
5271	61.2979	2.54853	57.2873	200
5272	61.9708	2.58412	57.3263	200
5273	63.0147	2.63585	57.3738	200
5274	62.2867	2.6738	57.4147	200
5275	62.2426	2.7097	57.4549	200
5276	62.2385	2.74427	57.4948	200
5277	62.9257	2.78905	57.54	200
5278	60.8143	2.79713	57.5673	200
5279	60.8674	2.80551	57.5948	200
5280	60.0811	2.80019	57.6155	200
5281	63.0191	2.84358	57.6606	200
5282	63.0449	2.88593	57.7054	200
5283	63.2489	2.93022	57.7516	200
5284	63.8546	2.9831	57.8025	200
5285	63.9533	3.03589	57.8538	200
5286	63.4261	3.07816	57.9002	200
5287	63.422	3.11889	57.9462	200
5288	64.8508	3.18199	58.0037	200
5289	65.5116	3.25408	58.0663	200
5290	64.8281	3.31254	58.1227	200
5291	64.9417	3.37099	58.1795	200
5292	64.2011	3.41516	58.2297	200
5293	66.0149	3.488	58.2945	200
5294	65.2998	3.54662	58.3529	200
5295	65.3409	3.60397	58.4111	200
5296	66.1326	3.6726	58.4755	200
5297	66.709	3.74861	58.5441	200
5298	65.9842	3.81014	58.6061	200
5299	65.0313	3.85372	58.6596	200
5300	65.9593	3.91115	58.7205	200
5301	65.2937	3.95552	58.7753	200
5302	64.1972	3.97996	58.8204	200
5303	64.2977	4.00492	58.8661	200
5304	64.3521	4.0296	58.9118	200
5305	64.4104	4.05408	58.9576	200
5306	64.5544	4.07979	59.0043	200
5307	65.0923	4.11327	59.055	200
5308	66.2931	4.16535	59.1153	200
5309	65.1941	4.19524	59.1628	200
5310	65.1382	4.22306	59.2095	200
5311	63.7039	4.2273	59.2446	200
5312	52.7955	4.26201	59.1942	200
5313	52.8596	4.29439	59.1447	200
5314	52.8367	4.32586	59.0954	200
5315	52.4325	4.36237	59.0434	200
5316	53.1826	4.38579	58.9976	200
5317	53.6407	4.40096	58.9557	200
5318	53.7679	4.41325	58.9152	200
5319	51.5279	4.45972	58.8575	200
5320	51.502	4.50497	58.8	200
5321	51.5132	4.54843	58.7431	200
5322	51.5061	4.59044	58.6866	200
5323	51.5286	4.63056	58.6306	200
5324	49.9014	4.6946	58.5624	200
5325	49.72	4.75941	58.4934	200
5326	50.3733	4.81192	58.4299	200
5327	50.2105	4.86516	58.3657	200
5328	49.745	4.92384	58.2984	200
5329	50.3986	4.97034	58.2366	200
5330	51.1023	5.00415	58.1809	200
5331	50.3905	5.04769	58.12	200
5332	50.6045	5.08625	58.0613	200
5333	52.1945	5.09844	58.0155	200
5334	51.788	5.11608	57.9668	200
5335	52.4507	5.12233	57.9237	200
5336	52.365	5.12915	57.8803	200
5337	51.5594	5.14777	57.8309	200
5338	51.4613	5.16686	57.7812	200
5339	51.0264	5.19167	57.7284	200
5340	51.6927	5.20486	57.6812	200
5341	51.6561	5.21768	57.6342	200
5342	52.6445	5.21411	57.5952	200
5343	53.4536	5.19735	57.5628	200
5344	48.5701	5.25666	57.4926	200
5345	48.6224	5.31312	57.4233	200
5346	48.5526	5.3687	57.354	200
5347	48.2434	5.42717	57.2828	200
5348	48.9138	5.47314	57.2174	200
5349	48.276	5.52733	57.1476	200
5350	48.8145	5.57117	57.0825	200
5351	48.8955	5.61204	57.0185	200
5352	48.9007	5.65119	56.9551	200
5353	48.8987	5.68877	56.8921	200
5354	48.2029	5.73565	56.8242	200
5355	48.2309	5.7803	56.7571	200
5356	49.8956	5.7972	56.7035	200
5357	49.6682	5.81654	56.6485	200
5358	49.6203	5.83547	56.5936	200
5359	49.6351	5.85302	56.5393	200
5360	49.5625	5.87058	56.4848	200
5361	49.6176	5.88615	56.4311	200
5362	49.5843	5.90116	56.3776	200
5363	49.6137	5.91464	56.3248	200
5364	48.721	5.94103	56.2654	200
5365	47.7956	5.98055	56.1992	200
5366	47.3109	6.02598	56.1298	200
5367	47.373	6.06865	56.0613	200
5368	47.3959	6.10922	55.9936	200
5369	48.8696	6.12508	55.938	200
5370	49.0403	6.13715	55.8841	200
5371	48.9374	6.1498	55.8298	200
5372	49.0031	6.16037	55.7765	200
5373	50.3223	6.14934	55.7339	200
5374	50.3706	6.13778	55.6944	200
5375	49.2995	6.14156	55.6474	200
5376	48.6617	6.15397	55.5961	200
5377	48.5644	6.16688	55.5444	200
5378	48.5278	6.17937	55.4928	200
5379	48.5538	6.19054	55.4417	200
5380	48.5445	6.20094	55.391	200
5381	49.2023	6.20076	55.3455	200
5382	49.2192	6.19966	55.3005	200
5383	48.5357	6.20797	55.2507	200
5384	48.5674	6.21496	55.2016	200
5385	48.5567	6.22128	55.1527	200
5386	50.2615	6.20172	55.1168	200
5387	50.2585	6.18197	55.081	200
5388	51.6107	6.14209	55.0555	200
5389	51.1066	6.10984	55.0265	200
5390	52.2252	6.06118	55.0059	200
5391	52.3113	6.01167	54.9861	200
5392	51.6016	5.97304	54.9612	200
5393	51.0183	5.94318	54.9322	200
5394	50.9599	5.9142	54.903	200
5395	50.926	5.88571	54.8737	200
5396	51.1322	5.85417	54.8462	200
5397	50.9214	5.8258	54.8174	200
5398	51.2437	5.79268	54.7911	200
5399	51.5708	5.75485	54.7674	200
5400	51.5066	5.71817	54.7434	200
5401	51.664	5.67937	54.7208	200
5402	50.0435	5.66463	54.6864	200
5403	50.7071	5.6383	54.6553	200
5404	50.8036	5.61038	54.6252	200
5405	50.7042	5.58223	54.5925	200
5406	50.8994	5.55074	54.5618	200
5407	51.5083	5.50615	54.5345	200
5408	51.5313	5.46145	54.5077	200
5409	51.5222	5.41383	54.479	200
5410	51.4436	5.3681	54.4498	200
5411	50.3523	5.34162	54.4071	200
5412	50.2932	5.31605	54.3643	200
5413	50.3131	5.2873	54.3182	200
5414	51.0017	5.24251	54.2805	200
5415	50.2673	5.21178	54.2304	200
5416	50.2871	5.18006	54.1811	200
5417	50.3191	5.14345	54.1274	200
5418	50.2914	5.10713	54.0742	200
5419	49.6214	5.08895	54.0123	200
5420	49.3084	5.07826	53.947	200
5421	49.763	5.05342	53.8889	200
5422	49.1025	5.046	53.8224	200
5423	48.3993	5.05647	53.7471	200
5424	48.569	5.05985	53.6751	200
5425	48.55	5.06166	53.604	200
5426	49.3188	5.04009	53.5444	200
5427	49.9599	4.99966	53.4947	200
5428	50.0181	4.95735	53.4464	200
5429	50.0223	4.91476	53.3988	200
5430	49.8439	4.87699	53.3494	200
5431	50.0699	4.83261	53.3039	200
5432	48.7996	4.82349	53.2413	200
5433	47.5542	4.84748	53.1623	200
5434	47.3007	4.87565	53.0809	200
5435	47.7958	4.88703	53.0075	200
5436	40.6305	5.09508	52.8356	200
5437	40.3406	5.30064	52.6621	200
5438	38.887	5.53604	52.4708	200
5439	38.4962	5.77044	52.2767	200
5440	37.759	6.01342	52.075	200
5441	37.7975	6.24298	51.8767	200
5442	37.6012	6.4661	51.6785	200
5443	37.5689	6.67842	51.4825	200
5444	36.8819	6.89848	51.2797	200
5445	36.1792	7.12632	51.07	200
5446	35.4542	7.36214	50.8531	200
5447	35.503	7.58402	50.6399	200
5448	34.7907	7.81361	50.4198	200
5449	35.45	8.01239	50.2119	200
5450	35.4936	8.18004	50.0279	200
5451	34.8128	8.35591	49.8377	200
5452	33.9462	8.5443	49.639	200
5453	34.0938	8.71932	49.4447	200
5454	32.8089	8.91724	49.2368	200
5455	48.8501	8.70397	49.2319	200
5456	49.5436	8.49416	49.2358	200
5457	50.1046	8.30353	49.2467	200
5458	49.9949	8.11465	49.2561	200
5459	50.0428	7.93145	49.2659	200
5460	50.7555	7.7704	49.2845	200
5461	50.8143	7.61439	49.3036	200
5462	50.2777	7.44838	49.3158	200
5463	50.2319	7.28507	49.3273	200
5464	50.891	7.14204	49.3468	200
5465	51.6258	7.02046	49.3753	200
5466	50.9045	6.88318	49.3944	200
5467	51.6663	6.7679	49.4228	200
5468	52.4517	6.67442	49.4607	200
5469	53.7297	6.61429	49.514	200
5470	53.949	6.5598	49.5695	200
5471	54.6286	6.52229	49.6327	200
5472	54.7352	6.48679	49.6965	200
5473	53.9829	6.43178	49.7501	200
5474	54.5708	6.39151	49.8103	200
5475	59.5122	6.47426	49.9316	200
5476	59.2818	6.54616	50.0485	200
5477	59.3047	6.61391	50.1642	200
5478	59.3547	6.67833	50.2791	200
5479	60.2384	6.76035	50.4035	200
5480	59.7777	6.8257	50.5207	200
5481	59.7924	6.88685	50.6366	200
5482	59.6113	6.93904	50.7488	200
5483	60.3036	7.00444	50.8682	200
5484	61.418	7.09307	51.0001	200
5485	60.5963	7.15565	51.1201	200
5486	61.3828	7.23332	51.2483	200
5487	60.6955	7.28867	51.3664	200
5488	60.6601	7.33879	51.4826	200
5489	60.5836	7.38285	51.5964	200
5490	61.9866	7.45803	51.7262	200
5491	61.686	7.51489	51.8394	200
5492	61.8032	7.57055	51.9526	200
5493	61.5108	7.61572	52.0613	200
5494	61.7028	7.66176	52.1708	200
5495	61.6931	7.70404	52.279	200
5496	61.6771	7.74254	52.3858	200
5497	61.8604	7.78191	52.4935	200
5498	61.999	7.82108	52.6015	200
5499	62.4119	7.86629	52.713	200
5500	61.8125	7.89432	52.8164	200
5501	61.7293	7.91747	52.9177	200
5502	61.7722	7.93877	53.0183	200
5503	62.4013	7.97159	53.1249	200
5504	62.3281	7.99958	53.2295	200
5505	61.3821	8.00306	53.3221	200
5506	62.0562	8.01967	53.4214	200
5507	61.9541	8.03133	53.5184	200
5508	62.5895	8.05496	53.6214	200
5509	62.5995	8.07594	53.7235	200
5510	62.7599	8.09777	53.8261	200
5511	63.2637	8.12822	53.9334	200
5512	65.3998	8.20409	54.0637	200
5513	64.7794	8.26117	54.1855	200
5514	64.7355	8.31319	54.3053	200
5515	64.8142	8.36309	54.4248	200
5516	64.7622	8.40796	54.5422	200
5517	64.1109	8.43434	54.651	200
5518	55.9504	8.27218	54.6657	200
5519	56.4243	8.12415	54.6857	200
5520	55.8521	7.96601	54.699	200
5521	56.8067	7.83287	54.7229	200
5522	56.6065	7.69766	54.7443	200
5523	56.3767	7.55981	54.7629	200
5524	56.6108	7.43	54.7839	200
5525	56.7394	7.30558	54.8061	200
5526	56.7643	7.18405	54.8283	200
5527	55.953	7.04633	54.8411	200
5528	57.0078	6.93543	54.8657	200
5529	56.3346	6.81119	54.8824	200
5530	56.2469	6.6874	54.8979	200
5531	56.234	6.56578	54.9131	200
5532	56.1815	6.44538	54.9275	200
5533	55.6693	6.31575	54.936	200
5534	54.8844	6.17338	54.9354	200
5535	56.2573	6.06312	54.9504	200
5536	56.9114	5.97766	54.9708	200
5537	56.8519	5.89232	54.9904	200
5538	56.8616	5.80854	55.0099	200
5539	56.926	5.72745	55.0299	200
5540	56.954	5.64821	55.0499	200
5541	58.8731	5.61019	55.0897	200
5542	59.4463	5.58407	55.1351	200
5543	59.4298	5.55721	55.1799	200
5544	59.1671	5.5245	55.2214	200
5545	59.2005	5.49231	55.2628	200
5546	59.3134	5.46227	55.305	200
5547	59.1486	5.42855	55.3451	200
5548	59.2131	5.39604	55.3854	200
5549	59.2408	5.36394	55.4255	200
5550	59.9466	5.34638	55.4726	200
5551	59.5819	5.3206	55.5154	200
5552	60.3287	5.31004	55.5656	200
5553	60.3585	5.29926	55.6155	200
5554	60.3396	5.28728	55.6647	200
5555	60.581	5.27955	55.7159	200
5556	60.4901	5.26902	55.7656	200
5557	60.5119	5.25813	55.8151	200
5558	60.5094	5.24638	55.864	200
5559	61.821	5.26119	55.926	200
5560	61.7687	5.2733	55.9869	200
5561	61.7533	5.28357	56.047	200
5562	61.7897	5.29314	56.1068	200
5563	61.7491	5.30041	56.1655	200
5564	61.8483	5.30838	56.2247	200
5565	53.2752	5.25924	56.194	200
5566	53.8323	5.19887	56.1694	200
5567	53.944	5.13692	56.1462	200
5568	54.829	5.05735	56.1325	200
5569	54.3535	4.98905	56.114	200
5570	54.3395	4.92208	56.0955	200
5571	54.3705	4.85547	56.0775	200
5572	55.7113	4.76195	56.0737	200
5573	55.6713	4.67112	56.0695	200
5574	55.6246	4.58308	56.0649	200
5575	54.3984	4.52231	56.0475	200
5576	53.6654	4.47772	56.0227	200
5577	53.7027	4.43277	55.9985	200
5578	53.6771	4.38878	55.9744	200
5579	53.5504	4.34785	55.9491	200
5580	53.5919	4.30638	55.9246	200
5581	53.5565	4.266	55.8999	200
5582	53.547	4.22614	55.8754	200
5583	53.6011	4.18548	55.8517	200
5584	55.6557	4.10236	55.8496	200
5585	55.8521	4.02352	55.8497	200
5586	55.8222	3.94667	55.8494	200
5587	56.4245	3.88183	55.8549	200
5588	57.1704	3.83248	55.8676	200
5589	56.9701	3.77998	55.8782	200
5590	56.8229	3.72545	55.8873	200
5591	55.3288	3.66455	55.8819	200
5592	56.3687	3.60344	55.8866	200
5593	55.2753	3.54589	55.8807	200
5594	56.0163	3.48031	55.882	200
5595	55.336	3.42388	55.8768	200
5596	55.1174	3.37264	55.8694	200
5597	53.9561	3.34458	55.8511	200
5598	53.6759	3.32209	55.8301	200
5599	53.7057	3.29906	55.8097	200
5600	54.3705	3.26329	55.7959	200
5601	55.0299	3.21526	55.7885	200
5602	55.0597	3.16744	55.7815	200
5603	55.5099	3.11175	55.7789	200
5604	55.4623	3.058	55.7758	200
5605	55.7428	2.99983	55.7755	200
5606	55.7417	2.94279	55.7752	200
5607	55.7502	2.88667	55.775	200
5608	55.825	2.83212	55.7754	200
5609	55.1005	2.79064	55.7689	200
5610	56.444	2.74995	55.7754	200
5611	56.311	2.70737	55.7806	200
5612	55.675	2.65733	55.7796	200
5613	55.0061	2.62111	55.7721	200
5614	54.7858	2.58967	55.7626	200
5615	55.5021	2.54488	55.7601	200
5616	54.1172	2.52753	55.7443	200
5617	53.7054	2.51813	55.7247	200
5618	54.0792	2.50135	55.7089	200
5619	55.3837	2.4595	55.7058	200
5620	55.6448	2.41338	55.7052	200
5621	56.2694	2.37782	55.7106	200
5622	56.3371	2.34414	55.7166	200
5623	56.2506	2.30932	55.7218	200
5624	56.5679	2.28119	55.7299	200
5625	56.5081	2.25228	55.7374	200
5626	56.5435	2.22447	55.7452	200
5627	56.5422	2.19702	55.7528	200
5628	56.5326	2.16977	55.7603	200
5629	56.0622	2.13385	55.7632	200
5630	56.154	2.10033	55.767	200
5631	56.5984	2.07592	55.775	200
5632	56.8311	2.05631	55.7851	200
5633	56.8273	2.03681	55.7951	200
5634	56.8018	2.017	55.8048	200
5635	56.1426	1.9847	55.8081	200
5636	55.4686	1.95306	55.8048	200
5637	56.1701	1.92253	55.8083	200
5638	55.4869	1.89394	55.8054	200
5639	55.4813	1.8659	55.8025	200
5640	55.4921	1.83813	55.7998	200
5641	55.0047	1.8195	55.7927	200
5642	55.3636	1.79467	55.7888	200
5643	52.437	1.82248	55.7589	200
5644	52.4089	1.84976	55.729	200
5645	51.4807	1.89259	55.6911	200
5646	49.2672	1.9735	55.6337	200
5647	49.2566	2.05214	55.5768	200
5648	49.2577	2.12833	55.5204	200
5649	48.5881	2.21412	55.4585	200
5650	48.4038	2.30056	55.3955	200
5651	48.3957	2.38447	55.333	200
5652	48.3561	2.46648	55.2707	200
5653	48.3692	2.54567	55.2091	200
5654	48.3999	2.62181	55.1483	200
5655	48.6719	2.69064	55.0904	200
5656	48.3881	2.76228	55.0306	200
5657	48.3137	2.83289	54.9706	200
5658	47.5735	2.9144	54.9046	200
5659	48.0965	2.98393	54.8438	200
5660	47.4077	3.06343	54.7774	200
5661	47.3162	3.14196	54.7108	200
5662	48.0791	3.20428	54.6516	200
5663	48.8389	3.25085	54.5997	200
5664	49.7027	3.28025	54.5559	200
5665	52.2419	3.263	54.5353	200
5666	52.2161	3.24614	54.5146	200
5667	52.2194	3.22916	54.4941	200
5668	52.2399	3.21175	54.474	200
5669	52.2203	3.19464	54.4538	200
5670	51.7287	3.18625	54.4295	200
5671	49.7871	3.21226	54.388	200
5672	49.7678	3.2374	54.3468	200
5673	50.5399	3.24757	54.3128	200
5674	51.4245	3.24115	54.287	200
5675	51.2063	3.23829	54.2595	200
5676	51.1689	3.23565	54.2319	200
5677	51.8323	3.22072	54.2105	200
5678	52.0731	3.20137	54.1914	200
5679	51.8487	3.18604	54.1705	200
5680	51.9669	3.16849	54.1508	200
5681	51.862	3.15278	54.1304	200
5682	51.8452	3.13729	54.11	200
5683	50.8834	3.13888	54.0812	200
5684	51.8739	3.12225	54.0615	200
5685	51.9313	3.10453	54.0424	200
5686	51.8939	3.08746	54.0233	200
5687	51.1986	3.08277	53.998	200
5688	51.8918	3.06533	53.9792	200
5689	51.9529	3.04677	53.9611	200
5690	52.1238	3.02518	53.9447	200
5691	51.8038	3.00939	53.9256	200
5692	51.6002	2.99717	53.9049	200
5693	49.8296	3.01642	53.8685	200
5694	50.6998	3.01914	53.8402	200
5695	50.538	3.02386	53.8127	200
5696	50.6855	3.02558	53.7866	200
5697	50.6718	3.02706	53.7606	200
5698	50.509	3.03081	53.7335	200
5699	50.5863	3.03275	53.7073	200
5700	49.4981	3.05235	53.6722	200
5701	50.1255	3.06059	53.6427	200
5702	50.0607	3.06928	53.6128	200
5703	49.2294	3.09118	53.5763	200
5704	48.7062	3.12083	53.5357	200
5705	48.8208	3.1474	53.4964	200
5706	48.8001	3.17321	53.4573	200
5707	48.5157	3.20269	53.4161	200
5708	48.7198	3.22758	53.377	200
5709	48.6787	3.25209	53.3378	200
5710	48.7452	3.27443	53.2995	200
5711	48.7319	3.29598	53.2615	200
5712	49.3807	3.30573	53.2291	200
5713	48.7031	3.32607	53.1914	200
5714	48.67	3.34599	53.1537	200
5715	49.2162	3.35585	53.1209	200
5716	49.1739	3.3657	53.088	200
5717	49.2055	3.37431	53.0557	200
5718	49.5575	3.37638	53.0265	200
5719	49.2172	3.38359	52.9948	200
5720	49.5115	3.38525	52.9658	200
5721	49.4758	3.387	52.9367	200
5722	50.1066	3.37771	52.9131	200
5723	50.574	3.3604	52.8936	200
5724	52.1029	3.31757	52.887	200
5725	52.2544	3.27283	52.8817	200
5726	52.0753	3.23172	52.875	200
5727	52.0424	3.19173	52.8681	200
5728	52.2705	3.1485	52.8631	200
5729	53.5783	3.10794	52.8691	200
5730	55.0631	3.09271	52.8873	200
5731	54.9735	3.07593	52.9047	200
5732	55.1399	3.06192	52.9233	200
5733	55.6662	3.0566	52.9462	200
5734	55.7266	3.052	52.9694	200
5735	54.9689	3.03446	52.986	200
5736	55.0159	3.01771	53.003	200
5737	55.054	3.0016	53.02	200
5738	55.002	2.98461	53.0366	200
5739	55.0213	2.96794	53.0531	200
5740	55.0158	2.95119	53.0695	200
5741	55.0564	2.93512	53.086	200
5742	55.08	2.91943	53.1026	200
5743	55.0688	2.90354	53.119	200
5744	55.037	2.88712	53.135	200
5745	54.5612	2.86277	53.1469	200
5746	54.5487	2.83842	53.1586	200
5747	54.5107	2.81365	53.1698	200
5748	54.1808	2.78361	53.1783	200
5749	54.2505	2.75508	53.1872	200
5750	54.2314	2.72657	53.1959	200
5751	54.2954	2.69945	53.2051	200
5752	54.3309	2.67322	53.2144	200
5753	54.375	2.64801	53.2241	200
5754	54.1528	2.61936	53.2318	200
5755	55.7419	2.61753	53.2528	200
5756	58.2129	2.65414	53.2915	200
5757	58.2041	2.68942	53.3299	200
5758	58.1879	2.72331	53.3678	200
5759	58.2194	2.75656	53.4057	200
5760	56.489	2.76166	53.4298	200
5761	48.8421	2.7902	53.394	200
5762	48.0383	2.83028	53.3521	200
5763	47.8092	2.87266	53.3088	200
5764	48.2653	2.90658	53.2694	200
5765	47.9531	2.94423	53.2279	200
5766	48.644	2.96985	53.1921	200
5767	48.5694	2.99568	53.156	200
5768	48.6091	3.01992	53.1205	200
5769	48.5969	3.04341	53.0851	200
5770	48.5774	3.06629	53.0499	200
5771	48.5986	3.08793	53.0151	200
5772	48.5924	3.10878	52.9806	200
5773	48.565	3.1292	52.9461	200
5774	48.6988	3.14667	52.9129	200
5775	48.6062	3.16479	52.8792	200
5776	48.6595	3.18128	52.8463	200
5777	48.6316	3.19742	52.8133	200
5778	48.6468	3.21257	52.7808	200
5779	48.7018	3.2261	52.7489	200
5780	48.6453	3.23981	52.7169	200
5781	48.7	3.25195	52.6855	200
5782	48.6555	3.26411	52.654	200
5783	48.5108	3.27785	52.6216	200
5784	48.5284	3.29059	52.5897	200
5785	48.6581	3.3006	52.5589	200
5786	48.3208	3.31525	52.5258	200
5787	49.82	3.30572	52.5047	200
5788	49.6508	3.29866	52.4824	200
5789	49.6745	3.291	52.4605	200
5790	49.7035	3.28265	52.4389	200
5791	49.6724	3.27459	52.4173	200
5792	49.8444	3.26362	52.3972	200
5793	53.048	3.2228	52.4023	200
5794	54.6716	3.2079	52.42	200
5795	54.7469	3.19413	52.4382	200
5796	54.4709	3.17598	52.4541	200
5797	55.4237	3.17276	52.4773	200
5798	55.4676	3.16991	52.5006	200
5799	55.7557	3.17124	52.5261	200
5800	55.4558	3.16746	52.5489	200
5801	55.5293	3.16454	52.5722	200
5802	55.5087	3.16098	52.5952	200
5803	55.5869	3.15833	52.6185	200
5804	55.4692	3.15352	52.6408	200
5805	56.8439	3.16992	52.6737	200
5806	56.9893	3.18782	52.7074	200
5807	56.1718	3.19215	52.7344	200
5808	55.4644	3.18492	52.7558	200
5809	56.4808	3.19336	52.7849	200
5810	56.1085	3.19539	52.8108	200
5811	55.3923	3.1858	52.831	200
5812	55.5386	3.17833	52.8521	200
5813	54.7162	3.15779	52.8667	200
5814	54.2528	3.13011	52.8775	200
5815	53.51	3.09108	52.8825	200
5816	52.7322	3.04513	52.8813	200
5817	52.4681	3.00401	52.8781	200
5818	51.5344	2.97807	52.8676	200
5819	51.4994	2.95291	52.8569	200
5820	52.3324	2.91497	52.8528	200
5821	51.9108	2.88595	52.8459	200
5822	51.8753	2.85778	52.8387	200
5823	52.0734	2.82701	52.8331	200
5824	51.9377	2.7986	52.8265	200
5825	51.584	2.77572	52.8174	200
5826	50.8034	2.76452	52.8026	200
5827	50.8352	2.75279	52.7881	200
5828	50.2778	2.74923	52.7696	200
5829	49.4674	2.75736	52.7454	200
5830	48.9413	2.77275	52.7174	200
5831	48.1462	2.7992	52.6838	200
5832	47.2261	2.83829	52.6437	200
5833	46.8171	2.88224	52.6008	200
5834	46.0951	2.93552	52.553	200
5835	45.5382	2.99551	52.5014	200
5836	44.7538	3.0654	52.4444	200
5837	44.0581	3.14364	52.3828	200
5838	43.3893	3.22967	52.3166	200
5839	42.4564	3.32718	52.2441	200
5840	42.6721	3.41901	52.1737	200
5841	43.2858	3.49944	52.1084	200
5842	42.3361	3.59169	52.0365	200
5843	42.7311	3.67571	51.9681	200
5844	43.3587	3.74826	51.9048	200
5845	43.2887	3.81985	51.8415	200
5846	43.3788	3.88813	51.7792	200
5847	43.174	3.95749	51.716	200
5848	43.3416	4.02245	51.6544	200
5849	43.4035	4.08463	51.5937	200
5850	42.9207	4.1521	51.5299	200
5851	43.2618	4.21263	51.4691	200
5852	42.5096	4.28244	51.4033	200
5853	42.4127	4.35168	51.3372	200
5854	43.1676	4.40782	51.2771	200
5855	42.5304	4.47163	51.2128	200
5856	42.5221	4.53367	51.1489	200
5857	42.2306	4.59815	51.0833	200
5858	42.3987	4.65825	51.0194	200
5859	42.4187	4.71622	50.9562	200
5860	42.1215	4.77679	50.8912	200
5861	41.3115	4.84742	50.8208	200
5862	40.5599	4.92703	50.7453	200
5863	40.7999	5.00083	50.6722	200
5864	40.5363	5.07634	50.5977	200
5865	40.5954	5.14878	50.5241	200
5866	40.6901	5.21768	50.4518	200
5867	40.7483	5.28365	50.3805	200
5868	41.4855	5.33676	50.3151	200
5869	41.5085	5.38779	50.2503	200
5870	42.0782	5.42873	50.1902	200
5871	42.1319	5.4674	50.131	200
5872	40.7716	5.52464	50.0622	200
5873	40.741	5.58047	49.9936	200
5874	41.4709	5.62373	49.931	200
5875	40.8111	5.67515	49.8639	200
5876	40.7934	5.72508	49.7972	200
5877	40.7681	5.77367	49.7308	200
5878	40.7608	5.82067	49.6649	200
5879	41.4449	5.85595	49.6044	200
5880	41.5828	5.8878	49.5454	200
5881	41.4418	5.92039	49.4858	200
5882	41.4544	5.95143	49.4268	200
5883	41.4233	5.98161	49.3679	200
5884	41.463	6.00989	49.3098	200
5885	41.3817	6.0381	49.2515	200
5886	41.4622	6.06385	49.1942	200
5887	41.4153	6.08907	49.137	200
5888	41.3409	6.11418	49.0797	200
5889	42.0268	6.12798	49.0279	200
5890	42.5724	6.13253	48.983	200
5891	42.6206	6.13572	48.9388	200
5892	42.7018	6.13713	48.8955	200
5893	42.6863	6.13813	48.8524	200
5894	42.755	6.13756	48.8101	200
5895	43.518	6.12582	48.7733	200
5896	43.3098	6.11662	48.7354	200
5897	43.8067	6.10012	48.7011	200
5898	43.1978	6.09183	48.6629	200
5899	43.3691	6.08074	48.6262	200
5900	43.3308	6.06984	48.5894	200
5901	43.1964	6.06043	48.5519	200
5902	43.2805	6.04948	48.5153	200
5903	43.0972	6.04071	48.4777	200
5904	43.5921	6.02466	48.4438	200
5905	43.8018	6.00546	48.4115	200
5906	44.1119	5.98177	48.3817	200
5907	43.8413	5.96175	48.3502	200
5908	44.5576	5.93162	48.3238	200
5909	43.9801	5.90956	48.2936	200
5910	44.5037	5.88012	48.2673	200
5911	44.2599	5.85411	48.2395	200
5912	44.5074	5.82464	48.2136	200
5913	44.4633	5.79583	48.1875	200
5914	45.8326	5.74804	48.1712	200
5915	45.5448	5.70468	48.1529	200
5916	45.7007	5.65951	48.1359	200
5917	45.6678	5.61518	48.1188	200
5918	45.7125	5.57061	48.1021	200
5919	45.6906	5.52674	48.0853	200
5920	45.7403	5.48255	48.069	200
5921	45.6714	5.4397	48.0524	200
5922	46.2878	5.38865	48.0401	200
5923	46.2625	5.3385	48.0278	200
5924	46.8443	5.28079	48.0196	200
5925	47.1878	5.219	48.0138	200
5926	47.5328	5.15319	48.0104	200
5927	47.5925	5.08743	48.0075	200
5928	47.581	5.02269	48.0046	200
5929	47.5594	4.95911	48.0015	200
5930	47.4018	4.89856	47.9973	200
5931	56.5526	4.94935	48.0567	200
5932	56.2578	4.99451	48.1137	200
5933	56.0205	5.03496	48.1686	200
5934	57.387	5.09307	48.2326	200
5935	58.1016	5.1594	48.3011	200
5936	59.1836	5.23888	48.3767	200
5937	59.8489	5.32546	48.4564	200
5938	59.7514	5.40837	48.5348	200
5939	59.993	5.49239	48.6144	200
5940	59.975	5.5739	48.6933	200
5941	59.1587	5.64183	48.766	200
5942	59.0992	5.70699	48.8377	200
5943	59.9609	5.78221	48.915	200
5944	59.3184	5.8464	48.9872	200
5945	59.9511	5.91747	49.0633	200
5946	59.3212	5.97776	49.1346	200
5947	59.7827	6.04262	49.2085	200
5948	58.6797	6.09024	49.2743	200
5949	58.681	6.1363	49.3396	200
5950	57.2748	6.16129	49.3947	200
5951	58.1879	6.19784	49.4558	200
5952	58.1736	6.23284	49.5163	200
5953	58.125	6.26584	49.5761	200
5954	58.1355	6.29769	49.6356	200
5955	58.2626	6.33004	49.6955	200
5956	58.1009	6.35887	49.7538	200
5957	58.1861	6.38766	49.8124	200
5958	57.5453	6.40635	49.8661	200
5959	57.5628	6.42427	49.9195	200
5960	56.9996	6.43338	49.9687	200
5961	57.3864	6.44705	50.0202	200
5962	58.0379	6.46886	50.0759	200
5963	58.5359	6.49506	50.1316	200
5964	58.4992	6.5197	50.1866	200
5965	58.5247	6.54362	50.2415	200
5966	58.5083	6.5663	50.2958	200
5967	58.5454	6.58845	50.3501	200
5968	58.1361	6.6042	50.4013	200
5969	58.6006	6.62519	50.4553	200
5970	58.5837	6.64497	50.5088	200
5971	57.6223	6.65113	50.5556	200
5972	57.3679	6.65325	50.6004	200
5973	57.064	6.65076	50.6429	200
5974	57.0727	6.64785	50.6852	200
5975	57.6941	6.6526	50.7313	200
5976	57.601	6.65546	50.7765	200
5977	57.665	6.65852	50.8218	200
5978	58.5795	6.67298	50.8729	200
5979	59.0497	6.69277	50.9267	200
5980	59.1403	6.71278	50.9807	200
5981	59.737	6.73967	51.0383	200
5982	59.644	6.76422	51.0949	200
5983	60.4517	6.79834	51.1565	200
5984	59.5643	6.81951	51.2118	200
5985	59.8495	6.84344	51.2686	200
5986	59.1671	6.85732	51.3206	200
5987	57.873	6.85331	51.3637	200
5988	57.0473	6.83791	51.4011	200
5989	57.0036	6.82166	51.4379	200
5990	57.8896	6.81679	51.4804	200
5991	58.4688	6.81905	51.5264	200
5992	58.3417	6.819	51.5712	200
5993	58.5658	6.82131	51.6172	200
5994	58.8477	6.82669	51.6648	200
5995	59.5333	6.8404	51.7165	200
5996	59.8925	6.85797	51.7703	200
5997	59.921	6.87498	51.824	200
5998	59.8086	6.88958	51.8765	200
5999	60.7485	6.91567	51.9349	200
6000	61.8648	6.95533	52.0002	200
6001	59.9674	6.96864	52.0526	200
6002	60.0366	6.982	52.1051	200
6003	60.0675	6.9949	52.1575	200
6004	59.9342	7.00519	52.2087	200
6005	59.9763	7.01522	52.2598	200
6006	57.4417	6.9911	52.2939	200
6007	56.969	6.96062	52.3246	200
6008	56.6774	6.92631	52.3533	200
6009	57.3774	6.90128	52.3863	200
6010	57.4699	6.87736	52.4198	200
6011	56.4096	6.83937	52.446	200
6012	57.172	6.81156	52.4771	200
6013	56.4878	6.77471	52.5035	200
6014	56.5506	6.73882	52.5301	200
6015	56.484	6.70217	52.5561	200
6016	56.5534	6.66658	52.5824	200
6017	57.0978	6.63828	52.6121	200
6018	56.5111	6.60223	52.6378	200
6019	56.5268	6.56653	52.6634	200
6020	56.5519	6.5313	52.6889	200
6021	56.5356	6.49597	52.7142	200
6022	57.6916	6.47599	52.747	200
6023	57.4026	6.45204	52.7776	200
6024	57.1578	6.42477	52.8064	200
6025	57.1364	6.39721	52.8349	200
6026	57.2148	6.37067	52.8637	200
6027	57.2725	6.34485	52.8927	200
6028	56.3886	6.30736	52.9157	200
6029	56.6761	6.27385	52.9405	200
6030	56.46	6.23761	52.9636	200
6031	56.3258	6.19977	52.9858	200
6032	56.6156	6.16596	53.0096	200
6033	55.9299	6.12325	53.0288	200
6034	56.2963	6.08568	53.0503	200
6035	56.2319	6.04746	53.0713	200
6036	56.3883	6.01154	53.0931	200
6037	56.0247	5.97101	53.1124	200
6038	57.4402	5.94939	53.1409	200
6039	57.9148	5.93392	53.1723	200
6040	58.0717	5.92099	53.2029	200
6041	58.0071	5.90703	53.2329	200
6042	58.0867	5.89386	53.2632	200
6043	58.1478	5.88125	53.2938	200
6044	58.1359	5.86826	53.324	200
6045	55.9521	5.82776	53.3405	200
6046	56.0093	5.78827	53.3571	200
6047	56.6954	5.75764	53.378	200
6048	56.8428	5.72898	53.3997	200
6049	56.4896	5.69599	53.419	200
6050	56.7005	5.66581	53.4395	200
6051	56.2233	5.62979	53.4569	200
6052	56.6496	5.59932	53.4768	200
6053	55.9074	5.55971	53.492	200
6054	56.0179	5.52179	53.5078	200
6055	54.9915	5.47131	53.5171	200
6056	54.5758	5.41616	53.5237	200
6057	55.3	5.37066	53.5348	200
6058	55.3426	5.32612	53.5461	200
6059	55.2972	5.28143	53.557	200
6060	55.2936	5.23712	53.5679	200
6061	55.4978	5.19578	53.58	200
6062	56.3887	5.16594	53.5975	200
6063	56.8456	5.14197	53.6178	200
6064	57.3489	5.12433	53.6411	200
6065	57.5507	5.10835	53.6668	200
6066	57.5985	5.09287	53.6927	200
6067	57.6202	5.07668	53.72	200
6068	58.0683	5.06656	53.7502	200
6069	58.2909	5.05883	53.7836	200
6070	58.4189	5.0526	53.8177	200
6071	58.4412	5.0459	53.8538	200
6072	58.4421	5.03875	53.8896	200
6073	58.7771	5.03623	53.9303	200
6074	58.4573	5.02774	53.9681	200
6075	58.4175	5.01741	54.0078	200
6076	58.4381	5.00693	54.0474	200
6077	58.6222	4.99862	54.0913	200
6078	59.9948	5.01602	54.1481	200
6079	60.0852	5.03521	54.2099	200
6080	59.4489	5.03945	54.2645	200
6081	59.3946	5.04151	54.3228	200
6082	59.2831	5.03966	54.3792	200
6083	59.3475	5.03788	54.4413	200
6084	59.3045	5.03351	54.5021	200
6085	58.7243	5.01098	54.5607	200
6086	60.2937	5.03103	54.6403	200
6087	59.037	5.01121	54.709	200
6088	58.1212	4.96124	54.7624	200
6089	58.0977	4.90317	54.8219	200
6090	58.0285	4.84258	54.8792	200
6091	59.1961	4.82068	54.9691	200
6092	58.9327	4.78496	55.0517	200
6093	59.486	4.76743	55.1625	200
6094	59.4335	4.7426	55.2693	200
6095	60.2452	4.75718	55.4248	200
6096	60.2406	4.76084	55.5753	200
6097	60.0058	4.73331	55.7599	200
6098	59.3468	4.63777	55.9094	200
6099	58.6873	4.40529	56.083	200
6100	58.0166	4.09634	56.2038	200
6101	56.6535	3.18468	56.26	200
6102	55.9411	2.46825	56.2202	200
6103	55.5135	2.02787	56.1318	200
