segment	rtt	rttvar	srtt	rto
0	217.062	108.531	217.062	1085.31
1	217.724	103.138	217.079	1042.18
2	219.083	98.9239	217.121	1008.51
3	219.769	94.9124	217.176	976.475
4	220.459	91.6399	217.235	950.354
5	221.828	88.5311	217.317	925.566
6	222.535	85.9276	217.398	904.819
7	223.893	83.4453	217.5	885.062
8	224.578	81.324	217.598	868.19
9	225.948	79.297	217.714	852.09
10	10.3995	82.4974	215.122	875.102
11	11.7734	85.5187	212.581	896.73
12	11.7567	88.1393	210.299	915.413
13	12.5377	90.6307	208.051	933.097
14	12.501	92.8165	206.014	948.546
15	13.2233	94.8993	204.006	963.2
16	13.8276	96.7316	202.177	976.03
17	14.5215	98.4801	200.373	988.214
18	14.5347	100.04	198.714	999.034
19	16.7893	101.502	197.089	1009.11
20	16.1949	102.826	195.582	1018.19
21	17.5275	104.079	194.098	1026.73
22	17.4804	105.213	192.718	1034.42
23	18.1787	106.296	191.355	1041.72
24	18.2501	107.278	190.082	1048.31
25	18.8741	108.219	188.823	1054.57
26	19.5623	109.066	187.648	1060.18
27	20.2528	109.877	186.485	1065.5
28	19.552	110.627	185.387	1070.4
29	20.923	111.336	184.305	1074.99
30	23.7375	111.951	183.301	1078.91
31	25.139	112.529	182.313	1082.54
32	24.5068	113.068	181.374	1085.92
33	25.0971	113.582	180.443	1089.1
34	25.8494	114.048	179.565	1091.95
35	26.5339	114.491	178.695	1094.62
36	26.4398	114.902	177.868	1097.08
37	27.7985	115.284	177.052	1099.32
38	27.1876	115.644	176.272	1101.42
39	28.5528	115.978	175.502	1103.33
40	28.5154	116.288	174.768	1105.07
41	29.1951	116.581	174.04	1106.69
42	29.3177	116.852	173.344	1108.16
43	29.9968	117.106	172.655	1109.51
44	30.6608	117.337	171.997	1110.69
45	31.3441	117.553	171.346	1111.77
46	31.3291	117.753	170.721	1112.75
47	32.7439	117.934	170.105	1113.58
48	31.1538	118.115	169.506	1114.43
49	32.5493	118.278	168.916	1115.14
50	32.4998	118.429	168.347	1115.78
51	33.7896	118.563	167.787	1116.29
52	33.1326	118.693	167.244	1116.79
53	33.8012	118.812	166.706	1117.2
54	34.5919	118.916	166.19	1117.52
55	35.2574	119.01	165.678	1117.76
56	35.2205	119.096	165.184	1117.95
57	36.5946	119.168	164.697	1118.04
58	35.8472	119.239	164.223	1118.14
59	37.2272	119.296	163.756	1118.13
60	37.3136	119.348	163.305	1118.09
61	37.9843	119.39	162.857	1117.98
62	38.1119	119.427	162.424	1117.84
63	38.704	119.457	161.994	1117.65
64	39.3713	119.479	161.58	1117.41
65	40.0519	119.492	161.17	1117.11
66	40.0833	119.503	160.771	1116.79
67	41.415	119.502	160.379	1116.39
68	40.7138	119.503	159.995	1116.02
69	42.0774	119.493	159.617	1115.56
70	44.3968	119.466	159.257	1114.99
71	45.1019	119.433	158.9	1114.36
72	45.0448	119.399	158.553	1113.74
73	45.7423	119.359	158.209	1113.08
74	46.3528	119.314	157.876	1112.39
75	47.073	119.263	157.547	1111.65
76	47.8231	119.208	157.228	1110.89
77	48.514	119.147	156.912	1110.09
78	47.8227	119.09	156.602	1109.32
79	49.2163	119.023	156.297	1108.48
80	49.2398	118.957	155.999	1107.65
81	49.8749	118.886	155.705	1106.79
82	50.5402	118.811	155.419	1105.91
83	51.2327	118.731	155.136	1104.99
84	51.2427	118.653	154.859	1104.08
85	51.9376	118.569	154.586	1103.14
86	51.9455	118.486	154.318	1102.21
87	52.6202	118.398	154.053	1101.24
88	52.6287	118.312	153.795	1100.29
89	53.3088	118.221	153.538	1099.31
90	54.0049	118.127	153.29	1098.31
91	54.6924	118.03	153.043	1097.28
92	54.7638	117.933	152.802	1096.27
93	55.409	117.832	152.563	1095.22
94	54.7283	117.736	152.328	1094.22
95	55.3551	117.636	152.095	1093.19
96	55.3755	117.538	151.867	1092.17
97	56.0639	117.435	151.641	1091.12
98	55.3715	117.337	151.418	1090.12
99	56.1168	117.235	151.198	1089.08
100	56.0858	117.135	150.982	1088.06
101	56.7646	117.03	150.767	1087.01
102	56.7629	116.928	150.558	1085.98
103	57.4468	116.821	150.35	1084.92
104	56.7278	116.72	150.144	1083.9
105	57.402	116.614	149.941	1082.86
106	57.4435	116.51	149.742	1081.83
107	58.8193	116.4	149.546	1080.75
108	58.0878	116.294	149.352	1079.71
109	58.7821	116.185	149.16	1078.64
110	59.4208	116.075	148.973	1077.58
111	60.1151	115.962	148.788	1076.48
112	60.21	115.85	148.606	1075.4
113	60.8966	115.734	148.427	1074.3
114	60.9344	115.62	148.25	1073.21
115	62.2721	115.501	148.077	1072.08
116	62.2955	115.383	147.907	1070.97
117	63.6555	115.259	147.74	1069.82
118	62.8917	115.141	147.574	1068.7
119	64.2722	115.016	147.411	1067.54
120	64.289	114.894	147.251	1066.4
121	65.0785	114.768	147.093	1065.24
122	65.6841	114.641	146.939	1064.07
123	66.3718	114.512	146.787	1062.89
124	66.3672	114.385	146.637	1061.72
125	67.074	114.255	146.488	1060.53
126	67.0942	114.127	146.342	1059.36
127	68.4475	113.994	146.199	1058.15
128	67.7569	113.865	146.057	1056.98
129	68.4506	113.734	145.916	1055.79
130	69.1037	113.602	145.779	1054.59
131	69.7636	113.468	145.643	1053.38
132	70.4715	113.333	145.511	1052.17
133	71.2368	113.195	145.38	1050.94
134	71.0393	113.06	145.251	1049.73
135	71.7113	112.923	145.123	1048.51
136	71.8305	112.787	144.998	1047.3
137	73.2011	112.647	144.875	1046.05
138	72.5272	112.511	144.753	1044.84
139	73.886	112.37	144.633	1043.59
140	73.9702	112.231	144.515	1042.36
141	74.598	112.09	144.399	1041.12
142	75.2523	111.949	144.285	1039.88
143	75.947	111.805	144.173	1038.62
144	76.0185	111.664	144.062	1037.37
145	76.7182	111.52	143.953	1036.11
146	76.642	111.378	143.845	1034.87
147	78.0195	111.232	143.739	1033.6
148	77.3401	111.09	143.634	1032.36
149	78.7041	110.944	143.532	1031.08
150	83.2713	110.786	143.437	1029.72
151	84.0235	110.625	143.345	1028.35
152	84.6377	110.465	143.254	1026.97
153	85.3114	110.303	143.165	1025.59
154	84.6536	110.145	143.075	1024.23
155	86.0892	109.983	142.989	1022.85
156	86.0363	109.823	142.903	1021.49
157	87.3952	109.659	142.819	1020.09
158	87.7414	109.497	142.737	1018.71
159	87.8087	109.335	142.655	1017.33
160	88.0555	109.174	142.575	1015.96
161	88.7417	109.011	142.496	1014.58
162	88.1141	108.852	142.417	1013.23
163	89.4682	108.69	142.34	1011.86
164	89.4442	108.529	142.264	1010.5
165	90.8184	108.365	142.19	1009.11
166	90.8512	108.203	142.117	1007.74
167	91.5221	108.039	142.045	1006.36
168	90.8326	107.88	141.973	1005.01
169	91.4838	107.719	141.902	1003.65
170	91.5185	107.559	141.832	1002.31
171	92.17	107.399	141.763	1000.95
172	92.1886	107.24	141.695	999.613
173	92.8948	107.079	141.628	998.262
174	92.2133	106.922	141.561	996.941
175	92.8914	106.764	141.495	995.608
176	92.8626	106.608	141.43	994.293
177	93.547	106.45	141.365	992.966
178	93.9027	106.293	141.302	991.647
179	94.5642	106.135	141.24	990.318
180	94.5781	105.978	141.179	989.005
181	95.2647	105.82	141.118	987.68
182	95.2503	105.664	141.059	986.371
183	95.949	105.506	141	985.051
184	95.9788	105.35	140.942	983.746
185	96.6259	105.193	140.885	982.43
186	95.937	105.039	140.827	981.143
187	96.6248	104.884	140.771	979.845
188	96.6789	104.731	140.715	978.561
189	97.3137	104.576	140.66	977.268
190	96.6522	104.424	140.605	976.001
191	97.4053	104.271	140.551	974.723
192	97.4237	104.12	140.498	973.459
193	98.1747	103.967	140.446	972.183
194	98.0218	103.816	140.394	970.924
195	98.7262	103.664	140.343	969.654
196	98.7246	103.513	140.292	968.399
197	99.356	103.361	140.242	967.134
198	99.4128	103.211	140.193	965.883
199	100.291	103.059	140.145	964.617
200	100.221	102.909	140.098	963.367
201	100.917	102.757	140.051	962.106
202	100.944	102.607	140.005	960.859
203	101.59	102.455	139.96	959.603
204	101.562	102.306	139.915	958.361
205	102.225	102.155	139.871	957.109
206	102.351	102.005	139.828	955.869
207	102.949	101.854	139.785	954.62
208	103.626	101.704	139.743	953.373
209	104.301	101.552	139.703	952.117
210	104.994	101.4	139.663	950.862
211	105.665	101.247	139.625	949.598
212	105.698	101.095	139.586	948.346
213	107.091	100.94	139.55	947.074
214	107.085	100.788	139.514	945.815
215	108.457	100.632	139.479	944.535
216	108.438	100.478	139.445	943.269
217	109.123	100.323	139.411	941.994
218	110.244	100.167	139.379	940.713
219	110.958	100.009	139.348	939.423
220	111.66	99.8522	139.318	938.136
221	112.336	99.6938	139.289	936.839
222	112.293	99.5371	139.259	935.556
223	113.688	99.3777	139.232	934.254
224	113.005	99.2214	139.204	932.975
225	114.449	99.0609	139.177	931.665
226	114.465	98.9007	139.151	930.356
227	115.129	98.7379	139.124	929.028
228	115.842	98.5739	139.099	927.69
229	116.515	98.4072	139.074	926.332
230	116.53	98.2409	139.05	924.976
231	117.223	98.0718	139.025	923.6
232	117.902	97.9016	139.002	922.215
233	118.597	97.7286	138.979	920.808
234	117.896	97.5575	138.956	919.416
235	119.829	97.3808	138.934	917.981
236	119.342	97.2056	138.912	916.557
237	120.105	97.0275	138.891	915.111
238	120.692	96.8483	138.87	913.657
239	121.371	96.6663	138.85	912.181
240	122.013	96.4832	138.831	910.697
241	123.32	96.2958	138.813	909.179
242	123.303	96.1088	138.795	907.665
243	123.989	95.9188	138.778	906.128
244	124.06	95.7291	138.76	904.593
245	124.769	95.5363	138.744	903.034
246	125.496	95.3422	138.728	901.466
247	126.182	95.1451	138.713	899.874
248	125.42	94.9502	138.698	898.299
249	126.185	94.7521	138.682	896.699
250	126.376	94.5539	138.668	895.099
251	126.84	94.3531	138.653	893.478
252	127.488	94.1512	138.64	891.849
253	128.079	93.9463	138.627	890.197
254	127.504	93.7433	138.613	888.559
255	128.255	93.5369	138.6	886.895
256	128.851	93.3295	138.588	885.224
257	129.816	93.1181	138.577	883.522
258	128.881	92.9095	138.565	881.842
259	130.457	92.6954	138.555	880.118
260	130.293	92.4822	138.545	878.402
261	131.588	92.264	138.536	876.648
262	133.32	92.0419	138.529	874.865
263	134.01	91.8164	138.523	873.054
264	133.97	91.5915	138.517	871.249
265	134.731	91.3628	138.512	869.415
266	135.33	91.1332	138.508	867.574
267	136.19	90.8994	138.505	865.701
268	136.073	90.6666	138.502	863.835
269	137.978	90.4269	138.501	861.916
270	136.778	90.191	138.499	860.027
271	139.173	89.9503	138.5	858.103
272	139.122	89.7102	138.501	856.182
273	140.472	89.4718	138.503	854.278
274	139.732	89.232	138.505	852.361
275	140.462	88.9922	138.508	850.446
276	141.34	88.7555	138.512	848.556
277	141.998	88.5187	138.517	846.666
278	141.367	88.2807	138.52	844.766
279	142.726	88.0445	138.526	842.883
280	142.801	87.8092	138.532	841.006
281	144.309	87.5762	138.541	839.15
282	144.18	87.3434	138.549	837.296
283	146.665	87.1157	138.56	835.486
284	146.21	86.8874	138.571	833.67
285	146.804	86.6587	138.583	831.853
286	147.367	86.4323	138.596	830.055
287	148.069	86.206	138.61	828.258
288	148.092	85.9803	138.624	826.467
289	148.718	85.7545	138.639	824.675
290	148.638	85.529	138.654	822.886
291	150.079	85.3058	138.671	821.118
292	150.072	85.0832	138.688	819.354
293	151.446	84.8627	138.708	817.609
294	150.886	84.6411	138.726	815.855
295	151.497	84.4193	138.746	814.1
296	151.455	84.198	138.765	812.349
297	152.647	83.9782	138.787	810.613
298	152.584	83.7589	138.809	808.88
299	153.411	83.54	138.832	807.152
300	153.993	83.3237	138.856	805.445
301	155.345	83.1094	138.882	803.758
302	155.404	82.896	138.909	802.077
303	156.148	82.6829	138.937	800.4
304	156.083	82.4701	138.965	798.725
305	157.48	82.2597	138.995	797.073
306	157.466	82.0499	139.025	795.424
307	158.146	81.8401	139.057	793.778
308	157.508	81.6288	139.088	792.118
309	158.836	81.4197	139.121	790.479
310	170.607	81.251	139.175	789.183
311	171.272	81.0827	139.229	787.891
312	171.944	80.9171	139.286	786.622
313	172.703	80.7521	139.344	785.361
314	172	80.5851	139.4	784.081
315	173.341	80.4209	139.46	782.827
316	173.408	80.2573	139.52	781.578
317	174.742	80.0964	139.583	780.354
318	174.931	79.9366	139.646	779.139
319	175.43	79.7766	139.711	777.924
320	174.762	79.6146	139.774	776.691
321	175.426	79.4529	139.84	775.463
322	175.469	79.2918	139.905	774.24
323	176.071	79.1309	139.973	773.02
324	175.478	78.9681	140.039	771.784
325	176.095	78.8056	140.107	770.552
326	175.186	78.6399	140.174	769.293
327	175.877	78.4748	140.242	768.041
328	176.61	78.3129	140.312	766.815
329	177.164	78.1509	140.384	765.591
330	176.929	77.9884	140.456	764.363
331	177.61	77.8263	140.529	763.14
332	177.572	77.6645	140.603	761.919
333	178.419	77.5038	140.679	760.71
334	178.313	77.3431	140.755	759.499
335	179.004	77.1828	140.833	758.296
336	178.331	77.0202	140.91	757.072
337	179.018	76.8581	140.989	755.854
338	179.009	76.6962	141.069	754.638
339	179.785	76.5353	141.151	753.433
340	179.011	76.3714	141.231	752.202
341	179.809	76.2085	141.314	750.982
342	179.858	76.0462	141.397	749.766
343	180.372	75.8891	141.48	748.592
344	180.426	75.7326	141.562	747.423
345	181.083	75.5791	141.646	746.279
346	181.086	75.426	141.729	745.137
347	181.738	75.2759	141.814	744.021
348	181.815	75.1264	141.899	742.91
349	182.494	74.9801	141.985	741.826
350	182.449	74.8339	142.071	740.742
351	183.123	74.6907	142.158	739.683
352	183.147	74.5479	142.245	738.628
353	183.819	74.4082	142.333	737.598
354	183.886	74.269	142.421	736.572
355	184.553	74.1328	142.51	735.572
356	184.507	73.9966	142.599	734.572
357	185.874	73.8665	142.691	733.622
358	185.907	73.7366	142.782	732.675
359	187.269	73.6126	142.876	731.778
360	187.315	73.489	142.971	730.883
361	187.932	73.3681	143.066	730.011
362	187.953	73.2475	143.161	729.141
363	188.657	73.1299	143.257	728.296
364	188.663	73.0124	143.353	727.453
365	189.436	72.8983	143.451	726.637
366	188.413	72.7799	143.546	725.786
367	189.043	72.6643	143.643	724.957
368	189.027	72.5487	143.739	724.129
369	189.701	72.436	143.836	723.325
370	189.685	72.3234	143.933	722.521
371	190.375	72.2137	144.032	721.742
372	190.359	72.104	144.13	720.962
373	191.055	71.9973	144.229	720.208
374	191.064	71.8907	144.329	719.454
375	191.766	71.7871	144.429	718.726
376	191.751	71.6834	144.529	717.997
377	192.46	71.5828	144.631	717.293
378	192.425	71.482	144.732	716.588
379	193.112	71.3841	144.835	715.907
380	193.132	71.2863	144.937	715.227
381	193.817	71.1913	145.041	714.571
382	193.821	71.0964	145.144	713.915
383	194.498	71.0042	145.248	713.282
384	194.535	70.9122	145.353	712.651
385	195.32	70.8235	145.459	712.046
386	195.17	70.734	145.564	711.436
387	195.864	70.6474	145.671	710.85
388	195.88	70.5608	145.777	710.263
389	196.591	70.4771	145.885	709.702
390	196.581	70.3933	145.992	709.139
391	197.965	70.3153	146.102	708.624
392	197.89	70.2368	146.212	708.106
393	198.592	70.1611	146.323	707.612
394	199.273	70.0882	146.435	707.14
395	199.916	70.0178	146.548	706.691
396	199.839	69.9469	146.661	706.237
397	200.536	69.8788	146.775	705.806
398	200.628	69.8109	146.89	705.377
399	201.32	69.7457	147.005	704.971
400	201.288	69.6802	147.12	704.562
401	202.006	69.6175	147.236	704.176
402	201.968	69.5545	147.352	703.788
403	202.992	69.4955	147.47	703.434
404	203.054	69.4365	147.588	703.08
405	203.74	69.3803	147.707	702.749
406	203.749	69.3237	147.825	702.415
407	205.116	69.2728	147.947	702.129
408	204.909	69.2206	148.067	701.832
409	205.767	69.1718	148.19	701.564
410	206.414	69.1254	148.313	701.316
411	207.089	69.0815	148.438	701.09
412	207.798	69.0403	148.563	700.886
413	208.437	69.0015	148.69	700.702
414	208.442	68.9623	148.817	700.515
415	209.78	68.9284	148.946	700.373
416	209.817	68.8943	149.075	700.229
417	211.21	68.8656	149.207	700.132
418	211.212	68.8366	149.338	700.03
419	211.893	68.8099	149.47	699.95
420	212.622	68.786	149.604	699.892
421	213.42	68.7649	149.739	699.859
422	214.304	68.7471	149.876	699.853
423	214.624	68.7302	150.013	699.855
424	214.688	68.713	150.15	699.854
425	216.043	68.701	150.29	699.898
426	215.985	68.6883	150.429	699.935
427	216.656	68.6778	150.57	699.992
428	216.69	68.667	150.71	700.046
429	218.15	68.6618	150.853	700.147
430	217.44	68.653	150.994	700.218
431	218.123	68.6466	151.136	700.308
432	218.885	68.6428	151.279	700.421
433	219.572	68.6413	151.424	700.554
434	220.212	68.6419	151.57	700.705
435	220.904	68.6448	151.717	700.875
436	220.181	68.6441	151.862	701.014
437	221.627	68.6488	152.01	701.2
438	221.646	68.653	152.157	701.381
439	223.003	68.6623	152.307	701.606
440	222.335	68.6681	152.456	701.8
441	223.011	68.6761	152.605	702.014
442	223.707	68.6864	152.756	702.247
443	224.394	68.6989	152.907	702.498
444	225.115	68.7137	153.06	702.77
445	225.782	68.7307	153.214	703.06
446	225.488	68.7457	153.368	703.333
447	226.758	68.7654	153.523	703.646
448	226.705	68.7841	153.678	703.951
449	228.154	68.8082	153.836	704.302
450	227.415	68.8285	153.992	704.619
451	228.09	68.8508	154.149	704.955
452	228.791	68.8753	154.307	705.31
453	229.466	68.9019	154.466	705.682
454	230.195	68.9309	154.627	706.074
455	230.875	68.9619	154.788	706.483
456	230.177	68.9891	154.948	706.861
457	231.542	69.0213	155.11	707.281
458	227.488	69.0356	155.263	707.548
459	227.262	69.0481	155.416	707.801
460	228.999	69.0673	155.572	708.111
461	229.142	69.0864	155.728	708.419
462	229.122	69.1047	155.883	708.721
463	229.15	69.1223	156.039	709.017
464	229.067	69.1388	156.193	709.304
465	229.169	69.1551	156.348	709.589
466	229.083	69.1703	156.502	709.864
467	229.084	69.1847	156.656	710.134
468	229.089	69.1985	156.809	710.397
469	229.101	69.2116	156.962	710.655
470	229.094	69.224	157.115	710.907
471	229.111	69.2357	157.268	711.153
472	229.321	69.2477	157.42	711.402
473	229.094	69.2579	157.572	711.636
474	229.618	69.2697	157.725	711.883
475	228.94	69.278	157.876	712.1
476	228.907	69.2854	158.026	712.31
477	228.229	69.2893	158.175	712.489
478	228.219	69.2925	158.323	712.663
479	228.223	69.2951	158.471	712.832
480	228.284	69.2973	158.619	712.998
481	228.242	69.2987	158.767	713.156
482	228.786	69.3017	158.915	713.329
483	228.717	69.3038	159.063	713.494
484	228.689	69.3052	159.211	713.652
485	228.759	69.3062	159.358	713.808
486	228.79	69.3067	159.505	713.959
487	228.799	69.3067	159.652	714.105
488	229.304	69.3082	159.799	714.265
489	228.897	69.3073	159.946	714.404
490	229.151	69.3068	160.092	714.547
491	228.809	69.3043	160.238	714.673
492	228.832	69.3013	160.383	714.794
493	228.807	69.2976	160.528	714.909
494	228.796	69.2932	160.673	715.019
495	228.78	69.2882	160.817	715.123
496	228.786	69.2826	160.961	715.222
497	228.82	69.2766	161.105	715.318
498	228.799	69.2699	161.248	715.407
499	228.848	69.2628	161.392	715.494
500	229.283	69.257	161.535	715.591
501	228.815	69.2486	161.678	715.667
502	228.765	69.2395	161.82	715.736
503	228.657	69.2293	161.962	715.796
504	228.931	69.2197	162.104	715.861
505	228.816	69.2091	162.245	715.918
506	228.805	69.1978	162.386	715.969
507	228.789	69.186	162.527	716.015
508	228.798	69.1736	162.667	716.056
509	228.081	69.1577	162.806	716.067
510	228.09	69.1413	162.944	716.074
511	228.069	69.1243	163.082	716.076
512	227.354	69.1037	163.218	716.048
513	227.409	69.0829	163.354	716.017
514	227.461	69.0618	163.49	715.985
515	227.429	69.0401	163.625	715.946
516	227.423	69.0179	163.761	715.904
517	227.398	68.9951	163.895	715.856
518	227.417	68.9719	164.03	715.805
519	227.403	68.9482	164.164	715.75
520	227.363	68.9238	164.298	715.689
521	227.07	68.8978	164.431	715.613
522	227.031	68.8711	164.564	715.532
523	227.038	68.844	164.696	715.448
524	227.05	68.8165	164.828	715.36
525	226.358	68.7856	164.959	715.243
526	226.379	68.7544	165.089	715.124
527	226.209	68.722	165.218	714.994
528	225.699	68.6871	165.346	714.843
529	225.677	68.6517	165.474	714.688
530	224.963	68.6129	165.6	714.503
531	225.021	68.5739	165.726	714.317
532	224.955	68.5343	165.852	714.126
533	224.308	68.4916	165.975	713.908
534	224.305	68.4486	166.099	713.688
535	223.6	68.4022	166.221	713.438
536	223.63	68.3556	166.342	713.187
537	223.77	68.3093	166.464	712.938
538	223.036	68.2596	166.584	712.66
539	222.891	68.2089	166.703	712.375
540	221.926	68.1539	166.82	712.051
541	222.319	68.1003	166.938	711.74
542	222.294	68.0463	167.055	711.425
543	221.606	67.9891	167.171	711.083
544	220.937	67.9288	167.285	710.715
545	220.954	67.8684	167.398	710.345
546	220.97	67.8078	167.512	709.974
547	220.181	67.7437	167.623	709.573
548	220.21	67.6794	167.735	709.17
549	220.204	67.615	167.846	708.766
550	219.473	67.5472	167.955	708.333
551	219.469	67.4793	168.064	707.899
552	219.406	67.4109	168.173	707.461
553	219.393	67.3423	168.282	707.02
554	219.433	67.2737	168.39	706.58
555	218.659	67.2016	168.497	706.11
556	218.793	67.13	168.603	705.643
557	218.054	67.0551	168.708	705.149
558	218.414	66.9816	168.813	704.666
559	218.44	66.908	168.918	704.183
560	217.723	66.8313	169.022	703.672
561	217.763	66.7547	169.125	703.163
562	217.015	66.6747	169.227	702.624
563	217.021	66.5947	169.328	702.086
564	216.208	66.5112	169.427	701.517
565	215.676	66.4253	169.525	700.928
566	215.682	66.3395	169.623	700.339
567	214.92	66.2503	169.719	699.721
568	214.936	66.1612	169.815	699.104
569	214.962	66.0721	169.91	698.487
570	214.313	65.9803	170.004	697.847
571	214.294	65.8884	170.098	697.205
572	213.541	65.7933	170.19	696.537
573	213.619	65.6985	170.282	695.871
574	213.578	65.6036	170.374	695.203
575	212.923	65.5059	170.464	694.511
576	127.366	65.411	170.373	693.661
577	127.543	65.3153	170.282	692.804
578	126.468	65.2242	170.189	691.983
579	126.525	65.1328	170.097	691.159
580	126.487	65.0416	170.004	690.337
581	127.24	64.9472	169.914	689.492
582	127.197	64.853	169.823	688.647
583	127.239	64.7602	169.735	687.816
584	127.225	64.6675	169.646	686.986
585	127.241	64.5748	169.558	686.156
586	127.586	64.4806	169.47	685.315
587	127.487	64.3868	169.383	684.477
588	127.997	64.291	169.297	683.624
589	128.038	64.195	169.211	682.771
590	129.024	64.095	169.127	681.887
591	129.566	63.9928	169.044	680.987
592	129.821	63.8896	168.963	680.079
593	129.29	63.7887	168.88	679.189
594	129.609	63.6865	168.798	678.29
595	129.65	63.5843	168.717	677.391
596	129.632	63.4822	168.635	676.493
597	129.881	63.3791	168.555	675.588
598	129.835	63.2764	168.474	674.685
599	129.786	63.1739	168.393	673.785
600	129.823	63.0714	168.313	672.884
601	129.227	62.9715	168.231	672.003
602	129.234	62.8716	168.15	671.123
603	129.801	62.7694	168.07	670.226
604	129.809	62.6673	167.991	669.329
605	130.303	62.5632	167.912	668.418
606	130.295	62.4593	167.834	667.508
607	129.796	62.3575	167.754	666.615
608	130.382	62.2534	167.677	665.704
609	130.129	62.1505	167.598	664.802
610	130.458	62.0463	167.521	663.891
611	130.462	61.9421	167.444	662.981
612	130.509	61.838	167.367	662.07
613	130.472	61.734	167.29	661.162
614	131.79	61.6247	167.216	660.214
615	131.167	61.5181	167.141	659.286
616	130.483	61.4146	167.065	658.381
617	130.612	61.3105	166.989	657.473
618	130.523	61.207	166.913	656.569
619	130.095	61.1054	166.836	655.679
620	130.574	61.0019	166.76	654.776
621	130.574	60.8985	166.685	653.873
622	130.584	60.7952	166.61	652.971
623	130.406	60.6927	166.534	652.076
624	130.54	60.5898	166.459	651.178
625	130.555	60.4869	166.385	650.28
626	130.553	60.3842	166.31	649.384
627	131.233	60.2788	166.237	648.467
628	131.245	60.1734	166.164	647.551
629	131.934	60.0653	166.093	646.615
630	131.95	59.9573	166.022	645.68
631	131.932	59.8495	165.95	644.747
632	131.918	59.7419	165.88	643.815
633	131.9	59.6346	165.809	642.886
634	131.949	59.5272	165.738	641.956
635	131.893	59.4202	165.668	641.029
636	131.946	59.3131	165.597	640.102
637	131.919	59.2063	165.527	639.178
638	131.919	59.0996	165.457	638.254
639	131.945	58.993	165.387	637.332
640	131.938	58.8866	165.318	636.411
641	131.958	58.7802	165.248	635.49
642	131.929	58.6741	165.179	634.572
643	131.915	58.5683	165.11	633.656
644	131.94	58.4624	165.04	632.74
645	131.962	58.3567	164.972	631.825
646	131.908	58.2513	164.903	630.913
647	131.91	58.146	164.834	630.002
648	131.929	58.0409	164.765	629.092
649	131.928	57.9359	164.697	628.184
650	131.957	57.8309	164.629	627.276
651	131.937	57.7261	164.561	626.37
652	132.018	57.6212	164.493	625.462
653	131.95	57.5167	164.425	624.559
654	131.939	57.4124	164.357	623.657
655	131.954	57.3082	164.29	622.755
656	131.79	57.2048	164.222	621.861
657	131.825	57.1015	164.155	620.966
658	131.878	56.998	164.087	620.072
659	131.882	56.8947	164.02	619.178
660	131.831	56.7918	163.953	618.288
661	131.896	56.6887	163.886	617.396
662	131.885	56.5859	163.82	616.507
663	131.874	56.4832	163.753	615.619
664	131.854	56.3808	163.687	614.733
665	131.84	56.2785	163.62	613.849
666	131.842	56.1765	163.554	612.966
667	131.818	56.0746	163.488	612.085
668	131.882	55.9727	163.422	611.204
669	131.853	55.871	163.357	610.324
670	131.849	55.7695	163.291	609.447
671	131.236	55.6707	163.224	608.589
672	131.258	55.5719	163.158	607.733
673	131.249	55.4733	163.091	606.877
674	131.287	55.3747	163.025	606.022
675	131.133	55.2768	162.958	605.173
676	131.164	55.179	162.892	604.324
677	130.807	55.0827	162.825	603.487
678	130.802	54.9867	162.759	602.652
679	130.826	54.8906	162.692	601.817
680	130.801	54.7948	162.626	600.984
681	130.869	54.6988	162.559	600.15
682	130.856	54.603	162.493	599.317
683	130.797	54.5075	162.427	598.487
684	130.767	54.4123	162.361	597.66
685	132.516	54.31	162.299	596.779
686	131.942	54.2102	162.236	595.917
687	132.113	54.1098	162.173	595.052
688	131.936	54.0103	162.11	594.193
689	131.885	53.9112	162.047	593.337
690	131.92	53.8121	161.984	592.481
691	132.024	53.7127	161.922	591.624
692	131.948	53.6138	161.86	590.77
693	132.014	53.5148	161.797	589.916
694	131.975	53.4161	161.735	589.064
695	98.8583	53.4555	161.604	589.248
696	98.8273	53.4943	161.473	589.428
697	98.8794	53.5322	161.343	589.601
698	98.9346	53.5692	161.213	589.767
699	98.8774	53.6058	161.083	589.929
700	98.7844	53.642	160.953	590.089
701	98.8157	53.6774	160.824	590.243
702	99.4816	53.7093	160.696	590.371
703	99.5215	53.7404	160.569	590.492
704	99.5216	53.7709	160.442	590.608
705	99.5133	53.8007	160.315	590.72
706	99.1855	53.8312	160.187	590.837
707	99.271	53.8607	160.06	590.946
708	98.767	53.8917	159.933	591.066
709	98.8622	53.9216	159.805	591.178
710	97.7981	53.9553	159.676	591.319
711	97.012	53.9916	159.546	591.478
712	97.0524	54.027	159.415	591.632
713	97.0396	54.0618	159.286	591.78
714	96.7231	54.0972	159.155	591.933
715	96.7102	54.132	159.025	592.081
716	96.7295	54.166	158.895	592.223
717	96.434	54.2006	158.765	592.37
718	96.5906	54.2338	158.636	592.506
719	96.6763	54.266	158.507	592.635
720	96.6296	54.2977	158.378	592.759
721	96.6695	54.3286	158.249	592.878
722	96.6247	54.359	158.121	592.993
723	96.2475	54.3903	157.992	593.114
724	96.2183	54.4211	157.863	593.232
725	95.7331	54.4532	157.734	593.359
726	95.7663	54.4845	157.605	593.48
727	95.7509	54.5152	157.476	593.597
728	95.6009	54.5459	157.347	593.714
729	95.6317	54.5757	157.218	593.824
730	95.5942	54.6051	157.09	593.931
731	95.6047	54.6338	156.962	594.032
732	95.5774	54.6619	156.834	594.129
733	95.6068	54.6892	156.706	594.22
734	94.2905	54.7214	156.576	594.348
735	95.0203	54.7499	156.448	594.447
736	95.5735	54.7754	156.321	594.525
737	95.5122	54.8006	156.195	594.599
738	96.3635	54.8215	156.07	594.642
739	96.3496	54.8419	155.945	594.681
740	96.4602	54.8613	155.822	594.712
741	96.4852	54.8799	155.698	594.737
742	96.5022	54.8979	155.575	594.758
743	96.4802	54.9154	155.451	594.775
744	96.4641	54.9324	155.329	594.788
745	96.5043	54.9486	155.206	594.795
746	96.5126	54.9642	155.084	594.797
747	95.9085	54.9817	154.96	594.814
748	95.8649	54.9989	154.837	594.828
749	95.1592	55.0184	154.713	594.86
750	95.1243	55.0374	154.589	594.888
751	95.1861	55.0556	154.465	594.91
752	95.1615	55.0733	154.342	594.928
753	95.1928	55.0903	154.218	594.941
754	95.1491	55.1069	154.095	594.95
755	95.2287	55.1225	153.973	594.953
756	95.1836	55.1378	153.85	594.953
757	95.28	55.1521	153.728	594.945
758	95.2018	55.1662	153.606	594.936
759	95.2432	55.1795	153.485	594.921
760	95.2702	55.1921	153.363	594.9
761	95.2312	55.2044	153.242	594.877
762	95.2584	55.216	153.121	594.849
763	95.2552	55.227	153.001	594.817
764	95.2573	55.2375	152.881	594.78
765	95.5891	55.246	152.761	594.73
766	95.2875	55.2553	152.642	594.684
767	95.2533	55.2642	152.522	594.636
768	95.281	55.2724	152.403	594.582
769	95.2557	55.2803	152.284	594.526
770	95.2148	55.2877	152.165	594.466
771	95.2926	55.2943	152.046	594.401
772	95.1667	55.3009	151.928	594.335
773	95.2249	55.3068	151.81	594.264
774	95.2523	55.312	151.692	594.188
775	95.2189	55.3168	151.574	594.109
776	95.2978	55.3208	151.457	594.023
777	95.2741	55.3244	151.34	593.935
778	95.2571	55.3276	151.223	593.843
779	95.2331	55.3303	151.106	593.749
780	95.2633	55.3324	150.99	593.65
781	95.2432	55.3342	150.874	593.547
782	95.3247	55.3351	150.758	593.439
783	95.272	55.3357	150.643	593.328
784	95.3495	55.3355	150.527	593.212
785	95.2803	55.3351	150.412	593.093
786	95.302	55.3342	150.297	592.971
787	95.3981	55.3324	150.183	592.842
788	95.2434	55.3308	150.069	592.715
789	95.2866	55.3285	149.954	592.582
790	95.313	55.3256	149.841	592.446
791	95.3098	55.3223	149.727	592.305
792	95.2648	55.3187	149.614	592.163
793	95.2813	55.3146	149.5	592.017
794	95.2557	55.3101	149.387	591.869
795	95.2713	55.3052	149.275	591.716
796	95.4088	55.2992	149.162	591.556
797	95.3645	55.2929	149.05	591.394
798	95.3701	55.2862	148.939	591.228
799	95.3783	55.279	148.827	591.059
800	95.3591	55.2715	148.716	590.887
801	95.3526	55.2635	148.604	590.712
802	95.3634	55.2551	148.493	590.534
803	95.3936	55.2461	148.383	590.352
804	95.3952	55.2367	148.272	590.166
805	93.6659	55.2341	148.159	590.031
806	94.2284	55.2286	148.046	589.875
807	94.07	55.2234	147.934	589.721
808	94.2354	55.2171	147.822	589.558
809	94.2313	55.2103	147.71	589.393
810	94.2559	55.203	147.599	589.223
811	94.1593	55.1956	147.488	589.053
812	94.1829	55.1877	147.377	588.878
813	94.0455	55.18	147.265	588.705
814	94.8642	55.1684	147.156	588.504
815	84.8582	55.1981	147.027	588.612
816	84.8584	55.2272	146.897	588.714
817	85.4737	55.253	146.769	588.793
818	85.3759	55.2786	146.641	588.87
819	86.1492	55.3003	146.515	588.917
820	86.6595	55.3193	146.39	588.945
821	86.5954	55.3379	146.266	588.969
822	87.9639	55.3503	146.144	588.947
823	87.9744	55.3618	146.025	588.92
824	87.9802	55.3728	145.906	588.889
825	88.6219	55.3807	145.789	588.834
826	88.6153	55.388	145.672	588.776
827	89.3776	55.3917	145.556	588.69
828	89.3727	55.395	145.441	588.601
829	90.1977	55.3943	145.328	588.483
830	89.9312	55.3943	145.214	588.369
831	90.0209	55.3935	145.101	588.25
832	90.6538	55.3896	144.99	588.107
833	90.6132	55.3855	144.878	587.962
834	91.3669	55.3778	144.769	587.791
835	91.3092	55.37	144.659	587.619
836	91.3282	55.3616	144.55	587.443
837	92.2468	55.3491	144.443	587.235
838	92.2861	55.336	144.336	587.024
839	92.7555	55.3206	144.23	586.795
840	92.6592	55.3052	144.124	586.566
841	92.7117	55.2893	144.019	586.333
842	93.3706	55.2702	143.915	586.077
843	93.3893	55.2508	143.812	585.818
844	93.2169	55.2317	143.708	585.562
845	93.2329	55.2122	143.605	585.302
846	93.2005	55.1925	143.501	585.041
847	93.2087	55.1724	143.398	584.778
848	93.1801	55.1521	143.295	584.512
849	93.9021	55.1285	143.194	584.222
850	93.8659	55.1048	143.093	583.931
851	93.8918	55.0806	142.992	583.637
852	94.6542	55.0529	142.893	583.317
853	94.5806	55.0253	142.794	582.997
854	94.5735	54.9974	142.695	582.675
855	94.5366	54.9694	142.597	582.352
856	94.495	54.9412	142.498	582.028
857	95.3068	54.9095	142.401	581.677
858	95.3386	54.8773	142.305	581.324
859	95.0749	54.846	142.208	580.976
860	95.0784	54.8144	142.112	580.626
861	94.9799	54.7829	142.015	580.278
862	95.6118	54.7485	141.92	579.908
863	95.636	54.7138	141.825	579.536
864	96.3719	54.6759	141.732	579.139
865	96.4351	54.6374	141.639	578.739
866	96.3267	54.5992	141.546	578.34
867	96.2843	54.561	141.454	577.941
868	96.1893	54.5228	141.361	577.544
869	96.9831	54.4813	141.27	577.12
870	96.9714	54.4395	141.179	576.695
871	96.9699	54.3976	141.089	576.269
872	97.6365	54.3527	140.999	575.821
873	97.6571	54.3076	140.911	575.372
874	97.6515	54.2623	140.822	574.921
875	97.6471	54.2169	140.734	574.469
876	97.6302	54.1714	140.645	574.016
877	98.3271	54.1228	140.558	573.541
878	98.2709	54.0743	140.472	573.066
879	98.9923	54.0227	140.387	572.568
880	98.9682	53.971	140.302	572.07
881	98.91	53.9194	140.217	571.573
882	99.6221	53.8648	140.134	571.053
883	99.6006	53.8102	140.051	570.532
884	100.286	53.7526	139.969	569.99
885	100.339	53.6948	139.888	569.446
886	99.9602	53.6383	139.806	568.913
887	102.017	53.5734	139.729	568.316
888	101.71	53.5096	139.651	567.728
889	102.374	53.4431	139.575	567.119
890	102.376	53.3765	139.498	566.511
891	103.083	53.307	139.424	565.88
892	103.04	53.2377	139.349	565.25
893	103.174	53.1677	139.275	564.617
894	103.096	53.0981	139.201	563.986
895	103.094	53.0285	139.127	563.355
896	103.063	52.9589	139.053	562.725
897	103.015	52.8896	138.979	562.096
898	103.73	52.8173	138.907	561.445
899	103.744	52.7449	138.835	560.794
900	104.438	52.6697	138.764	560.122
901	104.444	52.5945	138.694	559.45
902	104.454	52.5193	138.624	558.778
903	104.396	52.4443	138.554	558.109
904	104.412	52.3693	138.484	557.439
905	105.027	52.2918	138.415	556.75
906	105.14	52.2139	138.347	556.058
907	105.084	52.1362	138.279	555.369
908	105.687	52.0561	138.212	554.661
909	106.515	51.9727	138.147	553.929
910	106.503	51.8894	138.082	553.197
911	106.522	51.806	138.018	552.466
912	106.473	51.723	137.953	551.737
913	106.496	51.64	137.889	551.008
914	106.496	51.557	137.824	550.28
915	107.201	51.4712	137.761	549.531
916	107.152	51.3857	137.699	548.784
917	107.093	51.3005	137.636	548.04
918	107.793	51.2126	137.575	547.276
919	107.969	51.124	137.514	546.506
920	107.884	51.0359	137.454	545.741
921	107.83	50.9482	137.393	544.978
922	107.807	50.8606	137.332	544.217
923	107.819	50.7731	137.272	543.457
924	107.832	50.6857	137.211	542.697
925	107.858	50.5983	137.151	541.937
926	107.806	50.5112	137.091	541.18
927	107.816	50.4241	137.031	540.424
928	107.843	50.3371	136.971	539.668
929	107.809	50.2503	136.912	538.914
930	107.833	50.1636	136.852	538.16
931	107.842	50.0769	136.792	537.407
932	107.817	49.9904	136.733	536.656
933	108.33	49.9019	136.675	535.89
934	108.344	49.8135	136.617	535.125
935	107.637	49.7281	136.557	534.382
936	107.547	49.6432	136.498	533.644
937	107.531	49.5585	136.439	532.906
938	106.904	49.4764	136.378	532.189
939	106.923	49.3943	136.318	531.473
940	106.331	49.3148	136.256	530.775
941	105.772	49.2376	136.194	530.095
942	105.795	49.1604	136.132	529.415
943	105.14	49.086	136.068	528.756
944	105.824	49.0087	136.006	528.076
945	105.792	48.9317	135.944	527.398
946	105.789	48.8548	135.882	526.72
947	105.104	48.7807	135.819	526.065
948	105.1	48.7067	135.756	525.41
949	104.372	48.6357	135.692	524.777
950	104.356	48.5648	135.628	524.146
951	103.531	48.4973	135.562	523.54
952	103.716	48.429	135.497	522.929
953	104.389	48.358	135.433	522.297
954	103.716	48.2898	135.368	521.687
955	104.426	48.2187	135.305	521.055
956	103.682	48.1507	135.24	520.446
957	103.712	48.0826	135.175	519.836
958	103.689	48.0146	135.111	519.227
959	102.776	47.9503	135.044	518.647
960	102.801	47.8859	134.978	518.066
961	102.207	47.824	134.911	517.503
962	102.239	47.7619	134.844	516.939
963	102.218	47.6999	134.777	516.376
964	101.561	47.6405	134.709	515.833
965	103.287	47.574	134.645	515.237
966	103.204	47.5079	134.581	514.644
967	103.941	47.4388	134.518	514.028
968	103.959	47.3696	134.455	513.412
969	104.017	47.3002	134.393	512.794
970	104.704	47.2268	134.331	512.146
971	104.02	47.1564	134.268	511.519
972	104.685	47.0819	134.205	510.86
973	105.772	47.0029	134.145	510.168
974	104.927	46.9262	134.082	509.491
975	105.647	46.8465	134.021	508.793
976	105.975	46.764	133.959	508.071
977	106.452	46.6796	133.899	507.335
978	106.391	46.594	133.837	506.589
979	106.578	46.5077	133.777	505.838
980	107.13	46.4174	133.716	505.055
981	106.57	46.3298	133.654	504.293
982	107.251	46.2375	133.593	503.493
983	107.277	46.1453	133.532	502.695
984	106.585	46.0548	133.469	501.907
985	107.247	45.9612	133.407	501.096
986	106.564	45.8693	133.342	500.297
987	107.194	45.7745	133.279	499.475
988	107.2	45.6779	133.216	498.639
989	107.241	45.5813	133.152	497.803
990	107.951	45.4794	133.089	496.924
991	107.204	45.3815	133.024	496.076
992	108.273	45.2762	132.961	495.171
993	108.279	45.1711	132.898	494.267
994	107.59	45.0677	132.832	493.374
995	107.657	44.9641	132.767	492.479
996	107.556	44.859	132.7	491.571
997	107.586	44.754	132.633	490.664
998	107.63	44.6466	132.565	489.738
999	106.877	44.5436	132.495	488.844
1000	107.525	44.4348	132.426	487.904
1001	106.795	44.3304	132.354	486.997
1002	106.77	44.2239	132.282	486.073
1003	106.766	44.1176	132.209	485.15
1004	106.138	44.0126	132.133	484.235
1005	106.125	43.908	132.058	483.322
1006	105.422	43.8052	131.979	482.42
1007	105.342	43.703	131.899	481.523
1008	105.361	43.5983	131.818	480.605
1009	103.677	43.5041	131.733	479.765
1010	104.064	43.4051	131.646	478.887
1011	104.427	43.3039	131.561	477.992
1012	104.396	43.2005	131.474	477.078
1013	103.698	43.1016	131.385	476.198
1014	103.705	43.0001	131.294	475.295
1015	103.607	42.8994	131.203	474.398
1016	103.682	42.7955	131.11	473.474
1017	103.663	42.6918	131.017	472.551
1018	103.719	42.5849	130.922	471.601
1019	103.757	42.4778	130.828	470.65
1020	103.093	42.3725	130.729	469.709
1021	103.878	42.2616	130.633	468.726
1022	103.166	42.1528	130.532	467.755
1023	103.166	42.0441	130.431	466.784
1024	103.139	41.9324	130.328	465.787
1025	103.187	41.8203	130.225	464.788
1026	103.987	41.6986	130.123	463.711
1027	103.291	41.5824	130.018	462.677
1028	103.925	41.4575	129.913	461.573
1029	103.816	41.3336	129.808	460.477
1030	103.134	41.2154	129.7	459.423
1031	102.418	41.103	129.59	458.414
1032	102.476	40.9902	129.481	457.402
1033	102.426	40.8778	129.372	456.394
1034	102.461	40.7652	129.263	455.385
1035	102.506	40.6522	129.155	454.373
1036	102.421	40.54	129.047	453.367
1037	101.77	40.433	128.937	452.401
1038	101.746	40.3262	128.828	451.438
1039	101.733	40.2195	128.718	450.475
1040	101.092	40.118	128.607	449.551
1041	100.894	40.0179	128.495	448.639
1042	100.963	39.9172	128.384	447.722
1043	101.147	39.815	128.274	446.794
1044	101.012	39.7137	128.165	445.875
1045	101.055	39.6121	128.055	444.952
1046	100.917	39.5115	127.946	444.038
1047	100.967	39.4104	127.837	443.12
1048	100.982	39.3092	127.729	442.202
1049	101.001	39.2077	127.621	441.283
1050	101.008	39.1061	127.514	440.363
1051	101.029	39.0044	127.407	439.442
1052	101.02	38.9026	127.3	438.521
1053	100.986	38.8011	127.194	437.603
1054	101.06	38.6989	127.089	436.68
1055	100.768	38.5991	126.983	435.776
1056	100.523	38.5012	126.876	434.886
1057	100.59	38.4027	126.77	433.992
1058	100.429	38.3054	126.664	433.107
1059	100.534	38.2072	126.559	432.217
1060	100.543	38.1089	126.454	431.325
1061	100.466	38.0112	126.349	430.438
1062	100.403	37.9139	126.244	429.555
1063	100.673	37.8143	126.141	428.656
1064	100.501	37.7162	126.038	427.767
1065	100.57	37.6174	125.935	426.874
1066	101.152	37.5139	125.835	425.946
1067	101.823	37.405	125.738	424.978
1068	101.899	37.2956	125.642	424.007
1069	101.862	37.1866	125.546	423.039
1070	101.865	37.0777	125.451	422.072
1071	102.433	36.9643	125.358	421.072
1072	102.308	36.8521	125.265	420.082
1073	102.271	36.7403	125.172	419.095
1074	102.307	36.6284	125.08	418.107
1075	102.268	36.517	124.988	417.124
1076	101.592	36.4112	124.894	416.183
1077	101.59	36.3055	124.8	415.244
1078	100.869	36.2057	124.703	414.349
1079	100.892	36.1057	124.607	413.453
1080	100.914	36.0056	124.512	412.557
1081	100.963	35.9052	124.417	411.658
1082	100.951	35.8048	124.322	410.761
1083	100.888	35.7051	124.228	409.868
1084	101.612	35.5995	124.137	408.933
1085	101.659	35.4937	124.046	407.995
1086	102.47	35.3815	123.959	407.011
1087	102.287	35.2709	123.872	406.039
1088	100.6	35.1741	123.778	405.171
1089	101.385	35.071	123.687	404.256
1090	100.696	34.9736	123.595	403.384
1091	46.5327	35.3131	123.284	405.788
1092	46.4983	35.6475	122.974	408.154
1093	46.5389	35.9764	122.666	410.478
1094	47.1729	36.2951	122.362	412.723
1095	47.157	36.6089	122.058	414.93
1096	47.8871	36.9118	121.759	417.054
1097	47.8328	37.2103	121.461	419.144
1098	48.1019	37.5019	121.165	421.18
1099	48.5394	37.7851	120.873	423.154
1100	48.5887	38.0633	120.581	425.088
1101	50.9146	38.3182	120.3	426.846
1102	50.247	38.5741	120.018	428.611
1103	49.5895	38.831	119.734	430.382
1104	50.012	39.0801	119.453	432.094
1105	49.9049	39.3258	119.172	433.779
1106	50.7166	39.5608	118.896	435.382
1107	50.6579	39.792	118.621	436.957
1108	51.4043	40.0132	118.35	438.456
1109	52.1113	40.2247	118.083	439.88
1110	52.1062	40.4324	117.817	441.276
1111	52.094	40.6363	117.552	442.642
1112	52.7606	40.8311	117.291	443.94
1113	52.7778	41.0221	117.03	445.207
1114	53.4524	41.204	116.774	446.406
1115	53.4638	41.3823	116.519	447.577
1116	53.4405	41.5573	116.264	448.722
1117	54.0448	41.7239	116.014	449.805
1118	54.2861	41.8852	115.765	450.846
1119	55.6395	42.0323	115.522	451.781
1120	55.5813	42.1767	115.281	452.694
1121	56.3788	42.3074	115.05	453.51
1122	57.8061	42.4241	114.827	454.219
1123	58.4584	42.533	114.607	454.871
1124	58.4896	42.6391	114.387	455.501
1125	59.4588	42.7352	114.173	456.054
1126	59.2467	42.8304	113.958	456.602
1127	59.5204	42.9211	113.746	457.114
1128	60.3901	43.0026	113.537	457.558
1129	59.6987	43.0873	113.327	458.025
1130	60.3991	43.1641	113.12	458.433
1131	60.3482	43.2392	112.914	458.828
1132	60.4163	43.3115	112.709	459.201
1133	61.0888	43.3764	112.507	459.519
1134	60.5467	43.4435	112.304	459.852
1135	61.2966	43.5026	112.105	460.126
1136	61.4032	43.5588	111.907	460.378
1137	61.3466	43.6135	111.71	460.618
1138	62.0177	43.661	111.515	460.804
1139	62.0092	43.7067	111.322	460.976
1140	62.7735	43.7445	111.132	461.089
1141	62.7681	43.7806	110.944	461.188
1142	62.7469	43.8151	110.755	461.276
1143	63.3883	43.8429	110.57	461.313
1144	63.369	43.8691	110.386	461.339
1145	64.0481	43.889	110.199	461.311
1146	64.1078	43.9068	110.013	461.267
1147	63.416	43.9292	109.819	461.252
1148	64.0799	43.9443	109.628	461.183
1149	63.9187	43.9595	109.431	461.107
1150	64.1429	43.9709	109.236	461.004
1151	64.0658	43.9817	109.035	460.888
1152	64.0339	43.9907	108.834	460.76
1153	63.9936	43.9986	108.626	460.615
1154	63.3251	44.0107	108.416	460.502
1155	64.0444	44.0141	108.203	460.316
1156	64.0229	44.0157	107.991	460.116
1157	64.0037	44.0154	107.771	459.894
1158	64.023	44.0128	107.552	459.654
1159	63.6045	44.0121	107.323	459.42
1160	64.0572	44.0043	107.098	459.132
1161	63.7994	43.9966	106.862	458.835
1162	64.03	43.984	106.63	458.501
1163	64.0158	43.9684	106.387	458.135
1164	62.3837	43.9688	106.137	457.888
1165	63.0073	43.9588	105.881	457.551
1166	63.6989	43.9377	105.63	457.131
1167	63.9534	43.9094	105.369	456.644
1168	63.979	43.8779	105.11	456.134
1169	64.041	43.841	104.84	455.568
1170	64.0651	43.8006	104.572	454.977
1171	63.3624	43.7646	104.286	454.403
1172	63.3522	43.7253	104.002	453.804
1173	63.3368	43.6803	103.703	453.145
1174	63.5104	43.629	103.407	452.439
1175	63.4154	43.5722	103.095	451.672
1176	64.6342	43.4923	102.794	450.732
1177	65.3531	43.3977	102.502	449.684
1178	65.3347	43.3004	102.211	448.614
1179	66.2617	43.1855	101.93	447.415
1180	65.4063	43.0814	101.645	446.297
1181	65.3204	42.9759	101.361	445.168
1182	65.5089	42.8646	101.081	443.998
1183	66.1722	42.7403	100.808	442.73
1184	66.8356	42.6033	100.543	441.369
1185	68.192	42.4431	100.29	439.835
1186	69.4259	42.2622	100.049	438.146
1187	68.6393	42.0926	99.8037	436.544
1188	69.4434	41.9093	99.5665	434.841
1189	68.5362	41.7393	99.3241	433.238
1190	68.4966	41.5688	99.0833	431.634
1191	69.1752	41.3866	98.8496	429.942
1192	68.1715	41.2193	98.61	428.364
1193	68.9787	41.0382	98.3785	426.684
1194	68.3015	40.8669	98.1435	425.079
1195	68.2817	40.695	97.9102	423.47
1196	69.4704	40.5035	97.688	421.716
1197	68.4962	40.3267	97.4599	420.074
1198	68.3474	40.1515	97.2325	418.445
1199	68.3603	39.9753	97.0069	416.809
1200	68.2932	39.7993	96.7826	415.177
1201	68.3445	39.6218	96.5604	413.535
1202	68.3345	39.4437	96.3399	411.89
1203	68.3736	39.2644	96.1214	410.237
1204	67.6135	39.0963	95.8987	408.669
1205	68.3274	38.9163	95.6833	407.013
1206	68.3525	38.7459	95.4823	405.449
1207	68.3903	38.5745	95.2831	403.879
1208	50.6702	38.6633	94.9551	404.262
1209	50.8608	38.7432	94.6309	404.576
1210	49.4255	38.8382	94.2985	405.004
1211	50.1597	38.9161	93.9739	405.303
1212	49.1598	39.0029	93.6444	405.667
1213	49.8221	39.0738	93.3222	405.912
1214	49.9975	39.1363	93.0036	406.094
1215	49.7658	39.1966	92.6857	406.258
1216	50.9826	39.2358	92.3599	406.246
1217	50.9965	39.269	92.0367	406.189
1218	50.3939	39.3086	91.6897	406.158
1219	49.6683	39.3538	91.3395	406.17
1220	50.4648	39.3809	90.9746	406.022
1221	49.7002	39.4147	90.6061	405.924
1222	49.5889	39.4456	90.2117	405.776
1223	50.3012	39.4545	89.8279	405.464
1224	49.5824	39.471	89.4087	405.177
1225	50.3342	39.4627	89.0017	404.703
1226	49.6314	39.4606	88.5543	404.239
1227	50.6583	39.4251	88.1236	403.524
1228	51.3025	39.36	87.6634	402.543
1229	50.0631	39.316	87.1934	401.721
1230	51.0401	39.2281	86.6912	400.516
1231	51.1903	39.1246	86.1982	399.195
1232	51.4102	39.0041	85.715	397.748
1233	51.3885	38.8742	85.2382	396.232
1234	51.3679	38.7352	84.7678	394.649
1235	51.3713	38.5869	84.304	392.999
1236	51.4104	38.4287	83.8471	391.277
1237	52.0741	38.2439	83.4058	389.357
1238	51.3693	38.0714	82.9609	387.532
1239	52.7199	37.8539	82.5409	385.372
1240	52.7616	37.6296	82.1273	383.164
1241	52.728	37.401	81.7189	380.927
1242	45.6714	37.3634	81.2183	380.125
1243	44.2507	37.3524	80.7048	379.524
1244	44.9639	37.3076	80.2084	378.67
1245	44.2563	37.27	79.7091	377.869
1246	45.0288	37.1981	79.2274	376.812
1247	44.3696	37.133	78.7433	375.808
1248	44.9498	37.0403	78.2739	374.596
1249	29.6699	37.3615	77.5989	376.491
1250	28.7787	37.6798	76.9208	378.359
1251	29.0271	37.9635	76.2556	379.964
1252	28.8116	38.2269	75.5967	381.412
1253	28.1482	38.483	74.9377	382.802
1254	28.1882	38.7126	74.2884	383.99
1255	27.4477	38.9384	73.6378	385.145
1256	27.4625	39.1394	72.9965	386.112
1257	26.7619	39.3365	72.3543	387.047
1258	26.7279	39.5113	71.7206	387.811
1259	26.0545	39.7036	71.0071	388.636
1260	20.4461	40.0429	70.2171	390.56
1261	20.7654	40.3789	69.334	392.365
1262	20.0684	40.6963	68.4543	394.025
1263	20.0666	41.0168	67.4462	395.58
1264	19.392	41.31	66.4451	396.925
1265	19.3855	41.5975	65.2686	398.048
1266	18.7397	41.844	64.1054	398.858
1267	19.3735	41.9884	62.9871	398.895
1268	13.3932	42.3687	61.7472	400.697
1269	13.3661	42.6693	60.5377	401.892
1270	13.2014	42.9027	59.3543	402.576
1271	13.3865	43.0559	58.2051	402.653
1272	13.3746	43.1447	57.0843	402.242
1273	13.2913	43.1771	55.9895	401.406
1274	13.4007	43.1477	54.9248	400.106
1275	13.8076	43.0461	53.8969	398.266
1276	6.85086	43.2461	52.7207	398.69
1277	6.91121	43.3743	51.5755	398.57
1278	7.1361	43.4276	50.4645	397.885
1279	7.18398	43.4202	49.3825	396.744
1280	7.22053	43.3573	48.3284	395.187
1281	7.8326	43.2142	47.316	393.03
1282	7.90731	43.0556	46.495	390.94
1283	7.958	42.8674	45.6921	388.631
1284	7.86364	42.6574	44.9041	386.163
1285	7.84294	42.4242	44.1319	383.526
1286	7.4172	42.1863	43.3671	380.858
1287	7.85712	41.9082	42.6273	377.893
1288	7.85708	41.6107	41.9029	374.789
1289	7.63595	41.3047	41.189	371.627
1290	7.61671	40.9826	40.4896	368.35
1291	7.53751	40.648	39.8031	364.987
1292	8.51391	40.258	39.1512	361.215
1293	9.18198	39.8293	38.5269	357.161
1294	9.10553	39.3956	37.9139	353.079
1295	9.07396	38.9558	37.3131	348.96
1296	9.13772	38.5066	36.7261	344.779
1297	9.13631	38.0518	36.1513	340.565
1298	9.12018	37.5926	35.5881	336.329
1299	9.25946	37.1232	35.0396	332.026
1300	9.14216	36.6555	34.5001	327.744
1301	9.11944	36.1857	33.9713	323.457
1302	9.0923	35.7146	33.453	319.17
1303	9.14923	35.2392	32.9467	314.86
1304	8.28769	34.7983	32.433	310.819
1305	8.23845	34.3565	31.9289	306.781
1306	8.90638	33.8842	31.4493	302.523
1307	8.96706	33.477	31.0478	298.864
1308	8.9588	33.0703	30.6534	295.216
1309	8.93835	32.6648	30.2656	291.584
1310	8.9693	32.2587	29.8853	287.955
1311	9.1367	31.8477	29.5148	284.296
1312	8.92777	31.4455	29.1472	280.711
1313	8.99874	31.042	28.7874	277.124
1314	9.49606	30.6224	28.4429	273.422
1315	8.96673	30.2243	28.0951	269.889
1316	8.93387	29.8292	27.7529	266.386
1317	8.92845	29.4361	27.4168	262.906
1318	8.9615	29.044	27.0872	259.439
1319	9.02623	28.6517	26.7647	255.978
1320	9.7899	28.2347	26.4616	252.339
1321	9.66185	27.8263	26.1616	248.772
1322	10.2539	27.4006	25.8775	245.083
1323	10.363	26.9761	25.6005	241.409
1324	10.3257	26.5582	25.3277	237.793
1325	10.312	26.146	25.0596	234.227
1326	10.2885	25.7397	24.7958	230.714
1327	10.3344	25.3369	24.5376	227.233
1328	9.79648	24.9585	24.2743	223.942
1329	10.3503	24.5644	24.0257	220.541
1330	10.5175	24.1696	23.7845	217.141
1331	10.2856	23.7885	23.5434	213.851
1332	10.3043	23.4117	23.307	210.601
1333	10.2704	23.0412	23.0742	207.403
1334	10.2226	22.6772	22.8447	204.263
1335	10.9349	22.2927	22.632	200.974
1336	11.0202	21.9589	22.4506	200
1337	10.3976	21.6494	22.2623	200
1338	10.3444	21.3452	22.0761	200
1339	10.3968	21.0432	21.8936	200
1340	10.4389	20.7435	21.7146	200
1341	10.4723	20.4466	21.5389	200
1342	10.4388	20.1545	21.3655	200
1343	10.4703	19.8652	21.1952	200
1344	10.4687	19.5796	21.0276	200
1345	10.3013	19.3029	20.86	200
1346	10.4503	19.025	20.6974	200
1347	10.4729	18.75	20.5376	200
1348	10.5232	18.477	20.3812	200
1349	10.4536	18.2099	20.226	200
1350	10.4231	17.9471	20.0729	200
1351	11.1348	17.6656	19.9332	200
1352	11.1332	17.3886	19.7957	200
1353	11.1788	17.1144	19.6611	200
1354	11.2071	16.8438	19.529	200
1355	11.1275	16.58	19.3977	200
1356	10.9177	16.3269	19.2652	200
1357	11.0238	16.0742	19.1364	200
1358	11.0564	15.8244	19.0102	200
1359	11.024	15.5794	18.8854	200
1360	11.0037	15.3389	18.7622	200
1361	11.0057	15.1019	18.641	200
1362	11.0655	14.8667	18.5227	200
1363	11.0757	14.6349	18.4063	200
1364	10.9776	14.4097	18.2902	200
1365	11.0396	14.1859	18.1769	200
1366	11.0628	13.9649	18.0658	200
1367	11.0356	13.7482	17.9559	200
1368	12.0876	13.502	17.8642	200
1369	13.0332	13.2611	17.7971	200
1370	12.9655	13.027	17.73	200
1371	12.8825	12.7998	17.6627	200
1372	12.9667	12.5747	17.5975	200
1373	12.9839	12.3535	17.5334	200
1374	12.9065	12.1389	17.4691	200
1375	12.9641	11.9268	17.4066	200
1376	12.9258	11.72	17.3443	200
1377	13.0069	11.5149	17.2841	200
1378	13.4584	11.3013	17.231	200
1379	13.4517	11.0924	17.1785	200
1380	13.3944	10.8894	17.1259	200
1381	13.6084	10.6846	17.0771	200
1382	13.507	10.487	17.0275	200
1383	13.4315	10.2956	16.9775	200
1384	13.457	10.1074	16.9286	200
1385	13.0689	9.93382	16.875	200
1386	13.7704	9.74413	16.8319	200
1387	13.4858	9.5664	16.7854	200
1388	13.5165	9.39147	16.74	200
1389	13.5402	9.21948	16.6956	200
1390	13.5188	9.05163	16.6515	200
1391	13.51	8.88746	16.6078	200
1392	13.8843	8.71624	16.57	200
1393	13.8663	8.54922	16.5325	200
1394	14.4877	8.36854	16.5041	200
1395	14.4679	8.19264	16.4758	200
1396	13.9886	8.03416	16.4412	200
1397	14.9579	7.85219	16.4206	200
1398	15.0023	7.67347	16.4009	200
1399	15.274	7.49162	16.3853	200
1400	15.4119	7.31056	16.3718	200
1401	15.4276	7.13372	16.3586	200
1402	15.4087	6.96194	16.3455	200
1403	15.4405	6.79369	16.3329	200
1404	16.1234	6.6108	16.33	200
1405	16.1056	6.45113	16.3272	200
1406	15.4509	6.31176	16.3162	200
1407	15.5328	6.17355	16.3064	200
1408	15.5158	6.03898	16.2965	200
1409	15.4963	5.90801	16.2865	200
1410	15.4869	5.7803	16.2765	200
1411	15.1674	5.66352	16.2627	200
1412	15.1656	5.54936	16.249	200
1413	14.5599	5.45285	16.2278	200
1414	14.5227	5.35916	16.2065	200
1415	14.5348	5.26697	16.1856	200
1416	13.5173	5.20201	16.1523	200
1417	13.635	5.13489	16.1208	200
1418	13.1219	5.08149	16.0833	200
1419	13.1346	5.02817	16.0465	200
1420	13.1152	4.97575	16.0098	200
1421	13.1032	4.92402	15.9735	200
1422	13.1032	4.87267	15.9376	200
1423	13.0822	4.82224	15.9019	200
1424	13.7853	4.7546	15.8755	200
1425	13.8039	4.68752	15.8496	200
1426	13.8019	4.62153	15.824	200
1427	13.7361	4.55818	15.7979	200
1428	13.7366	4.49576	15.7721	200
1429	13.7429	4.43409	15.7467	200
1430	14.4685	4.3552	15.7308	200
1431	14.4693	4.27785	15.715	200
1432	15.1259	4.18563	15.7076	200
1433	15.1699	4.09444	15.7009	200
1434	15.1732	4.00527	15.6943	200
1435	15.8508	3.90905	15.6963	200
1436	15.8949	3.81629	15.6987	200
1437	16.4313	3.73919	15.7079	200
1438	16.5081	3.66572	15.7179	200
1439	16.4342	3.59198	15.7269	200
1440	16.5012	3.52154	15.7365	200
1441	16.5176	3.45303	15.7463	200
1442	17.0322	3.39885	15.7624	200
1443	16.5547	3.33369	15.7723	200
1444	16.5419	3.26959	15.7819	200
1445	17.2473	3.22448	15.8002	200
1446	17.1826	3.18262	15.8159	200
1447	17.2409	3.14267	15.8321	200
1448	17.2206	3.1028	15.8479	200
1449	17.2314	3.06373	15.8636	200
1450	17.2419	3.02542	15.8793	200
1451	16.5528	2.97197	15.8869	200
1452	16.5293	2.91902	15.8942	200
1453	15.8679	2.85328	15.8939	200
1454	15.8353	2.78976	15.8933	200
1455	15.8406	2.72756	15.8927	200
1456	15.1553	2.68232	15.8843	200
1457	15.1095	2.63897	15.8755	200
1458	14.4467	2.61146	15.8592	200
1459	14.4487	2.58417	15.8432	200
1460	14.4737	2.55656	15.8276	200
1461	14.4706	2.5293	15.8122	200
1462	14.5295	2.50097	15.7976	200
1463	14.6847	2.46943	15.785	200
1464	14.5273	2.44189	15.7707	200
1465	14.4202	2.41708	15.7554	200
1466	14.4467	2.39189	15.7405	200
1467	15.1082	2.3519	15.7333	200
1468	15.1486	2.31174	15.7267	200
1469	15.1037	2.27335	15.7196	200
1470	15.1694	2.23419	15.7133	200
1471	15.1883	2.19534	15.7074	200
1472	15.159	2.15791	15.7011	200
1473	15.1997	2.12026	15.6954	200
1474	15.1483	2.08451	15.6892	200
1475	15.1489	2.04942	15.6831	200
1476	15.1731	2.01443	15.6773	200
1477	15.1635	1.98032	15.6714	200
1478	15.1621	1.94689	15.6656	200
1479	15.1768	1.91375	15.6601	200
1480	15.1995	1.88072	15.6549	200
1481	15.2232	1.84779	15.65	200
1482	15.1821	1.81643	15.6446	200
1483	15.2114	1.78499	15.6397	200
1484	15.1144	1.75636	15.6337	200
1485	14.4332	1.74373	15.6201	200
1486	15.0707	1.71658	15.6139	200
1487	15.162	1.68784	15.6087	200
1488	15.1511	1.65988	15.6035	200
1489	15.1524	1.63241	15.5984	200
1490	15.8412	1.60082	15.6012	200
1491	15.8631	1.57293	15.6039	200
1492	15.9029	1.54639	15.607	200
1493	15.8284	1.51879	15.6093	200
1494	15.8224	1.49158	15.6115	200
1495	15.9081	1.46669	15.6146	200
1496	15.86	1.44124	15.6172	200
1497	15.9172	1.41747	15.6203	200
1498	15.9073	1.39392	15.6233	200
1499	15.893	1.37049	15.6261	200
1500	15.9278	1.34823	15.6292	200
1501	15.9326	1.32646	15.6324	200
1502	16.3133	1.31301	15.6395	200
1503	16.0058	1.29329	15.6433	200
1504	15.893	1.27154	15.6459	200
1505	15.9037	1.25042	15.6486	200
1506	15.904	1.22969	15.6512	200
1507	15.9072	1.20941	15.6539	200
1508	15.9136	1.18962	15.6566	200
1509	15.9361	1.17066	15.6595	200
1510	15.9534	1.15239	15.6626	200
1511	15.92	1.13375	15.6653	200
1512	15.9263	1.11557	15.668	200
1513	15.9253	1.09768	15.6707	200
1514	16.6075	1.09433	15.6804	200
1515	16.5993	1.09068	15.69	200
1516	16.5578	1.08603	15.699	200
1517	16.6091	1.08237	15.7085	200
1518	16.6222	1.07885	15.718	200
1519	16.5356	1.07341	15.7265	200
1520	17.905	1.09643	15.7492	200
1521	18.6094	1.13317	15.779	200
1522	18.5939	1.16821	15.8083	200
1523	18.5935	1.20189	15.8374	200
1524	18.6458	1.23536	15.8666	200
1525	18.7096	1.26886	15.8962	200
1526	19.8534	1.32486	15.9374	200
1527	19.921	1.38025	15.9789	200
1528	19.9811	1.43487	16.0206	200
1529	20.0023	1.48793	16.0621	200
1530	20.1156	1.54138	16.1043	200
1531	20.1141	1.5928	16.1461	200
1532	20.0376	1.64069	16.1866	200
1533	20.0581	1.68717	16.227	200
1534	20.1506	1.73376	16.2678	200
1535	20.7277	1.79055	16.3143	200
1536	20.8259	1.84724	16.3613	200
1537	21.0621	1.90669	16.4102	200
1538	20.8908	1.96031	16.4569	200
1539	22.2641	2.04045	16.5174	200
1540	22.2582	2.11161	16.5726	200
1541	24.3408	2.22039	16.6473	200
1542	23.7248	2.3138	16.7154	200
1543	23.0621	2.39135	16.7764	200
1544	23.4564	2.4807	16.846	200
1545	22.2943	2.54252	16.9027	200
1546	21.4583	2.58827	16.9545	200
1547	22.2	2.64866	17.0141	200
1548	22.1893	2.71183	17.0788	200
1549	23.5204	2.80507	17.1593	200
1550	23.4664	2.90235	17.2469	200
1551	22.6966	2.97311	17.3226	200
1552	22.9284	3.05538	17.4102	200
1553	23.6379	3.15452	17.5075	200
1554	23.6451	3.26106	17.6171	200
1555	24.3792	3.3861	17.7378	200
1556	24.2198	3.51509	17.8729	200
1557	25.4533	3.66028	18.0082	200
1558	24.9443	3.77727	18.1321	200
1559	24.8426	3.88203	18.2519	200
1560	26.2124	4.02769	18.3941	200
1561	26.1612	4.16124	18.5328	200
1562	25.9778	4.27851	18.6657	200
1563	26.7208	4.41339	18.8096	200
1564	26.0558	4.51456	18.939	200
1565	27.4184	4.65616	19.0904	200
1566	27.4603	4.7888	19.2398	200
1567	25.3462	4.83585	19.3489	200
1568	26.702	4.92575	19.4802	200
1569	18.5399	4.78341	19.4634	200
1570	19.2498	4.62021	19.4596	200
1571	18.758	4.48025	19.4471	200
1572	19.3036	4.32537	19.4445	200
1573	19.9153	4.1877	19.4529	200
1574	17.9557	4.09161	19.4262	200
1575	18.6655	3.97265	19.4126	200
1576	18.8508	3.85083	19.4025	200
1577	18.8186	3.73416	19.3921	200
1578	18.9242	3.61751	19.3838	200
1579	18.9523	3.50372	19.3761	200
1580	18.8927	3.39585	19.3674	200
1581	18.9084	3.29096	19.3592	200
1582	19.0153	3.18571	19.3531	200
1583	21.7677	3.15817	19.3962	200
1584	22.4397	3.15407	19.4505	200
1585	23.1002	3.17177	19.5157	200
1586	23.1347	3.18575	19.5723	200
1587	23.1134	3.19685	19.6276	200
1588	22.5713	3.18894	19.6736	200
1589	23.1669	3.19845	19.7282	200
1590	22.4174	3.18254	19.7702	200
1591	22.1483	3.1574	19.8074	200
1592	21.6292	3.11566	19.8358	200
1593	21.497	3.07021	19.8618	200
1594	29.9104	3.28829	20.0188	200
1595	33.3504	3.60214	20.2271	200
1596	34.0389	3.92119	20.4429	200
1597	33.2874	4.20005	20.6436	200
1598	39.9878	4.6733	20.9458	200
1599	39.3534	5.10249	21.2335	200
1600	39.4532	5.51241	21.5181	200
1601	40.228	5.92482	21.8105	200
1602	39.692	6.29847	22.0899	200
1603	39.5827	6.64829	22.3632	200
1604	39.5854	6.97873	22.6323	200
1605	38.9367	7.27015	22.8871	200
1606	39.0185	7.54707	23.1391	200
1607	38.9822	7.80632	23.3867	200
1608	38.989	8.04994	23.6304	200
1609	38.9761	8.27793	23.8702	200
1610	41.2995	8.56391	24.1426	200
1611	41.062	8.82502	24.4069	200
1612	40.8591	9.06337	24.664	200
1613	40.8745	9.28672	24.9173	200
1614	43.0991	9.56469	25.2014	200
1615	43.0828	9.82459	25.4808	200
1616	43.8332	10.0911	25.7675	200
1617	43.7461	10.3376	26.0484	200
1618	44.4738	10.5903	26.3363	200
1619	44.2838	10.7947	26.5856	200
1620	44.3343	10.9878	26.8321	200
1621	44.3207	11.1684	27.075	200
1622	44.3369	11.3377	27.3148	200
1623	44.2913	11.4943	27.5505	200
1624	44.3558	11.6418	27.7839	200
1625	44.3502	11.7786	28.014	200
1626	44.3717	11.9058	28.2412	200
1627	41.196	11.935	28.4211	200
1628	43.5056	12.0224	28.6307	200
1629	42.9841	12.0872	28.83	200
1630	42.8468	12.1408	29.0247	200
1631	40.17	12.1131	29.1795	200
1632	40.2036	12.0829	29.3326	200
1633	40.01	12.0439	29.4809	200
1634	39.9801	12.0009	29.6267	200
1635	39.9379	11.954	29.7699	200
1636	40.6332	11.9237	29.9208	200
1637	40.6899	11.8916	30.0704	200
1638	40.6997	11.8566	30.218	200
1639	40.7203	11.819	30.3639	200
1640	40.7022	11.7778	30.5075	200
1641	40.6738	11.7331	30.6486	200
1642	41.2347	11.7012	30.7957	200
1643	41.2275	11.6659	30.9406	200
1644	41.2372	11.6279	31.0836	200
1645	38.799	11.5192	31.1907	200
1646	33.315	11.2583	31.2202	200
1647	33.3045	11.0034	31.2492	200
1648	33.4075	10.7577	31.2792	200
1649	20.0324	10.7713	31.123	200
1650	19.991	10.7813	30.9683	200
1651	20.3712	10.7762	30.8212	200
1652	20.8824	10.7529	30.6831	200
1653	21.5585	10.7077	30.5564	200
1654	22.2693	10.6405	30.4413	200
1655	22.9282	10.5623	30.3474	200
1656	22.9202	10.4839	30.2545	200
1657	22.8955	10.4058	30.1625	200
1658	23.5044	10.3121	30.0793	200
1659	23.591	10.2165	29.9982	200
1660	24.2834	10.104	29.9268	200
1661	23.6905	10.0073	29.8488	200
1662	23.7002	9.91079	29.772	200
1663	24.4032	9.79724	29.7049	200
1664	22.6031	9.72985	29.6161	200
1665	22.6317	9.66122	29.5288	200
1666	23.3799	9.57341	29.4519	200
1667	23.3031	9.48779	29.3751	200
1668	23.5372	9.39654	29.3021	200
1669	24.2339	9.28833	29.2387	200
1670	23.2466	9.20593	29.1638	200
1671	23.3866	9.12021	29.0916	200
1672	22.7542	9.05064	29.0124	200
1673	22.7729	8.98036	28.9344	200
1674	24.0869	8.87704	28.8738	200
1675	23.4352	8.79108	28.8058	200
1676	23.4089	8.70622	28.7384	200
1677	24.1235	8.60394	28.6807	200
1678	23.4281	8.52016	28.615	200
1679	24.1379	8.41908	28.5591	200
1680	24.3413	8.31404	28.5063	200
1681	23.77	8.2246	28.4471	200
1682	24.1213	8.12713	28.3931	200
1683	24.1923	8.02897	28.3405	200
1684	30.7036	7.88732	28.3701	200
1685	30.68	7.74789	28.399	200
1686	29.9583	7.59317	28.4184	200
1687	29.9666	7.44204	28.4378	200
1688	30.2654	7.30168	28.4606	200
1689	29.5961	7.14753	28.4748	200
1690	29.596	6.99687	28.4888	200
1691	28.9186	6.83269	28.4942	200
1692	28.9053	6.67215	28.4994	200
1693	28.8781	6.51481	28.5041	200
1694	28.2311	6.35877	28.5007	200
1695	28.9127	6.2101	28.5058	200
1696	28.9256	6.0785	28.5106	200
1697	28.9176	5.9496	28.5152	200
1698	28.6586	5.81764	28.5169	200
1699	28.6925	5.68941	28.5188	200
1700	27.9616	5.57277	28.5125	200
1701	27.0807	5.47866	28.4962	200
1702	27.5131	5.37649	28.4851	200
1703	27.3113	5.28097	28.4717	200
1704	26.5327	5.20502	28.4497	200
1705	27.4297	5.10991	28.4381	200
1706	27.348	5.01854	28.4257	200
1707	27.3715	4.92845	28.4137	200
1708	27.3843	4.83983	28.402	200
1709	26.2853	4.77794	28.378	200
1710	26.2693	4.71728	28.354	200
1711	26.3684	4.65519	28.3315	200
1712	26.3444	4.59455	28.3089	200
1713	26.3022	4.53574	28.2861	200
1714	26.2835	4.47817	28.2633	200
1715	26.3124	4.42073	28.2411	200
1716	26.3022	4.36433	28.2191	200
1717	26.9843	4.2932	28.2051	200
1718	26.9574	4.22398	28.1909	200
1719	27.0082	4.15486	28.1775	200
1720	26.5541	4.09733	28.159	200
1721	26.5046	4.0418	28.1402	200
1722	26.5301	3.98654	28.1219	200
1723	26.5148	3.93246	28.1037	200
1724	26.5295	3.87886	28.0858	200
1725	26.5222	3.82624	28.068	200
1726	26.5396	3.77402	28.0506	200
1727	22.7137	3.80954	27.99	200
1728	22.7851	3.84125	27.9308	200
1729	22.7521	3.87165	27.872	200
1730	22.7613	3.89981	27.8139	200
1731	22.7856	3.92545	27.7568	200
1732	22.8191	3.94846	27.7007	200
1733	22.6732	3.97298	27.6435	200
1734	22.7358	3.99422	27.5878	200
1735	22.7442	4.01352	27.5327	200
1736	22.8032	4.0298	27.479	200
1737	22.7494	4.0457	27.4252	200
1738	22.7565	4.05986	27.3722	200
1739	22.7761	4.07204	27.3199	200
1740	23.4529	4.06738	27.276	200
1741	23.4911	4.0615	27.2366	200
1742	23.4378	4.05602	27.197	200
1743	23.4428	4.04974	27.1579	200
1744	23.4459	4.0427	27.1192	200
1745	23.4629	4.03465	27.0811	200
1746	23.4427	4.02639	27.0432	200
1747	23.4303	4.01778	27.0056	200
1748	23.482	4.00748	26.9689	200
1749	23.5739	3.99472	26.9335	200
1750	23.886	3.97499	26.9018	200
1751	23.891	3.9549	26.8704	200
1752	24.6582	3.91859	26.8474	200
1753	24.0197	3.89586	26.8179	200
1754	24.6292	3.8603	26.7951	200
1755	24.598	3.82565	26.7722	200
1756	24.6288	3.7906	26.7499	200
1757	24.6069	3.75628	26.7276	200
1758	24.6255	3.72181	26.7057	200
1759	25.2781	3.67402	26.6908	200
1760	25.5564	3.62111	26.679	200
1761	25.3047	3.5743	26.6647	200
1762	25.3072	3.52811	26.6505	200
1763	25.2797	3.48317	26.6363	200
1764	25.9845	3.42418	26.6295	200
1765	25.9814	3.36635	26.6227	200
1766	26.0061	3.30906	26.6163	200
1767	26.6731	3.2413	26.6169	200
1768	26.6761	3.17501	26.6175	200
1769	26.6612	3.10977	26.618	200
1770	26.7127	3.04696	26.6189	200
1771	27.3717	2.99916	26.6268	200
1772	27.3366	2.95147	26.6342	200
1773	27.2386	2.90257	26.6405	200
1774	27.6905	2.86397	26.6514	200
1775	27.7575	2.82735	26.6629	200
1776	26.9018	2.77342	26.6654	200
1777	27.5607	2.7343	26.6747	200
1778	27.6037	2.69668	26.6844	200
1779	27.603	2.65964	26.694	200
1780	27.5891	2.62288	26.7033	200
1781	27.6442	2.58784	26.7131	200
1782	28.3327	2.56766	26.73	200
1783	27.6249	2.53281	26.7393	200
1784	28.1141	2.50869	26.7536	200
1785	28.329	2.48924	26.77	200
1786	28.315	2.46957	26.7861	200
1787	28.3106	2.44988	26.802	200
1788	28.3221	2.43051	26.8178	200
1789	29.0147	2.42564	26.8407	200
1790	28.9818	2.42016	26.8613	200
1791	29.0428	2.41557	26.8823	200
1792	29.0288	2.4104	26.9029	200
1793	29.0255	2.40486	26.9233	200
1794	29.7233	2.41246	26.9503	200
1795	29.7014	2.41897	26.9767	200
1796	29.0205	2.41176	26.9964	200
1797	29.024	2.40437	27.0159	200
1798	29.0055	2.39639	27.035	200
1799	30.5037	2.41702	27.0683	200
1800	30.4388	2.43535	27.1007	200
1801	30.5171	2.45422	27.1336	200
1802	31.2252	2.4857	27.1729	200
1803	30.565	2.50313	27.2056	200
1804	30.5328	2.51898	27.2375	200
1805	30.5232	2.53373	27.2691	200
1806	30.4921	2.54698	27.3001	200
1807	29.8642	2.54731	27.3248	200
1808	30.4721	2.55885	27.355	200
1809	29.7432	2.55556	27.378	200
1810	30.4993	2.56644	27.408	200
1811	30.4767	2.5761	27.4375	200
1812	30.4841	2.58514	27.4668	200
1813	30.5169	2.59409	27.4961	200
1814	30.5006	2.60198	27.525	200
1815	31.8818	2.63572	27.5669	200
1816	31.8826	2.66803	27.6084	200
1817	31.8229	2.69777	27.6489	200
1818	31.2456	2.71505	27.6835	200
1819	31.1925	2.73032	27.7173	200
1820	31.1877	2.74455	27.7506	200
1821	31.1755	2.75763	27.7836	200
1822	31.1788	2.76989	27.8162	200
1823	31.2159	2.782	27.8489	200
1824	31.1707	2.79238	27.8808	200
1825	29.1892	2.76384	27.8934	200
1826	29.1476	2.73481	27.9055	200
1827	29.1881	2.70689	27.9178	200
1828	28.4816	2.66567	27.9232	200
1829	28.466	2.62485	27.9285	200
1830	28.4999	2.58536	27.9339	200
1831	29.1775	2.55955	27.9459	200
1832	29.7051	2.54416	27.9628	200
1833	29.7752	2.53009	27.9802	200
1834	29.1737	2.50439	27.9917	200
1835	29.178	2.47904	28.0031	200
1836	28.4576	2.4401	28.0075	200
1837	28.4578	2.40184	28.0118	200
1838	28.5042	2.36512	28.0166	200
1839	29.1812	2.34203	28.0278	200
1840	29.1301	2.31819	28.0384	200
1841	29.124	2.29448	28.0488	200
1842	29.8057	2.28415	28.0657	200
1843	29.8114	2.27453	28.0813	200
1844	30.4947	2.27701	28.1028	200
1845	30.4536	2.27833	28.1238	200
1846	31.1872	2.29235	28.1512	200
1847	30.5043	2.29343	28.1722	200
1848	30.5058	2.29415	28.193	200
1849	31.233	2.30747	28.2201	200
1850	31.1669	2.31888	28.2465	200
1851	31.8939	2.34261	28.279	200
1852	24.507	2.36813	28.2453	200
1853	24.1888	2.39828	28.2091	200
1854	24.1316	2.42827	28.1727	200
1855	24.1185	2.4573	28.1365	200
1856	24.8134	2.47276	28.1068	200
1857	24.8072	2.48753	28.0774	200
1858	24.8374	2.50096	28.0485	200
1859	24.31	2.52306	28.0151	200
1860	24.1422	2.54716	27.9805	200
1861	24.8379	2.5578	27.9524	200
1862	24.8466	2.56758	27.9247	200
1863	25.5189	2.56469	27.9032	200
1864	25.5363	2.56116	27.8821	200
1865	25.5006	2.55795	27.8608	200
1866	24.7707	2.56745	27.8332	200
1867	24.868	2.57456	27.8068	200
1868	24.1428	2.59401	27.774	200
1869	24.1481	2.61244	27.7417	200
1870	24.8354	2.61768	27.7157	200
1871	25.5357	2.60987	27.6963	200
1872	24.8596	2.61391	27.6709	200
1873	24.8001	2.6185	27.6453	200
1874	24.1564	2.63404	27.6141	200
1875	24.1433	2.64899	27.5832	200
1876	24.1747	2.66255	27.5527	200
1877	23.4466	2.68832	27.5161	200
1878	23.4325	2.71324	27.4796	200
1879	22.7407	2.74941	27.4373	200
1880	23.0939	2.77787	27.3985	200
1881	23.4146	2.79941	27.3629	200
1882	23.4717	2.81891	27.3282	200
1883	23.4781	2.83732	27.2938	200
1884	23.4436	2.85541	27.2594	200
1885	23.4464	2.87251	27.2254	200
1886	22.7367	2.90137	27.1853	200
1887	22.7565	2.92864	27.1458	200
1888	22.7539	2.95477	27.1066	200
1889	22.7454	2.97988	27.0676	200
1890	22.7265	3.00419	27.0289	200
1891	22.0476	3.0395	26.9844	200
1892	22.1485	3.07157	26.9412	200
1893	22.0722	3.10367	26.8977	200
1894	22.0841	3.1342	26.8547	200
1895	22.0348	3.16431	26.8117	200
1896	22.7643	3.18008	26.7756	200
1897	22.8473	3.19344	26.7405	200
1898	22.7657	3.20739	26.705	200
1899	24.1406	3.19591	26.6821	200
1900	23.4468	3.19656	26.6552	200
1901	24.1765	3.1846	26.6345	200
1902	24.1464	3.17299	26.6138	200
1903	24.133	3.16145	26.5931	200
1904	24.1689	3.14916	26.5729	200
1905	24.1128	3.13768	26.5524	200
1906	24.8378	3.11396	26.5381	200
1907	24.8718	3.08983	26.5242	200
1908	24.8592	3.06608	26.5103	200
1909	24.7764	3.04388	26.4959	200
1910	24.8374	3.02079	26.4821	200
1911	25.6155	2.98489	26.4748	200
1912	26.3254	2.93763	26.4736	200
1913	25.6758	2.90196	26.4669	200
1914	26.3553	2.85546	26.466	200
1915	26.335	2.81005	26.4649	200
1916	26.3343	2.76539	26.4638	200
1917	26.3366	2.72142	26.4628	200
1918	25.6766	2.68917	26.4562	200
1919	26.4007	2.64527	26.4558	200
1920	26.336	2.60318	26.4548	200
1921	26.2626	2.563	26.4532	200
1922	27.0508	2.53024	26.4581	200
1923	27.0539	2.498	26.4631	200
1924	27.0655	2.46641	26.4681	200
1925	26.3285	2.42762	26.467	200
1926	26.2473	2.39082	26.4651	200
1927	27.0151	2.36014	26.4697	200
1928	26.3268	2.32319	26.4685	200
1929	27.7115	2.30518	26.4789	200
1930	27.7658	2.28821	26.4896	200
1931	26.9823	2.25829	26.4937	200
1932	27.0788	2.2304	26.4986	200
1933	27.03	2.20208	26.503	200
1934	27.0367	2.17428	26.5075	200
1935	27.0276	2.14671	26.5118	200
1936	27.0164	2.11934	26.516	200
1937	27.0666	2.09319	26.5206	200
1938	27.0017	2.06632	26.5246	200
1939	28.4426	2.06385	26.5406	200
1940	28.4036	2.0605	26.5561	200
1941	27.6385	2.0442	26.5651	200
1942	27.0434	2.0181	26.5691	200
1943	27.0039	1.99171	26.5727	200
1944	26.2333	1.96418	26.5699	200
1945	26.9168	1.93722	26.5728	200
1946	26.8951	1.91031	26.5755	200
1947	27.5716	1.89507	26.5838	200
1948	27.5634	1.87981	26.5919	200
1949	26.8453	1.8527	26.594	200
1950	26.9144	1.82716	26.5967	200
1951	26.895	1.80168	26.5992	200
1952	26.1784	1.77867	26.5957	200
1953	26.1905	1.75578	26.5923	200
1954	26.193	1.73317	26.589	200
1955	26.907	1.70958	26.5916	200
1956	26.9381	1.68686	26.5945	200
1957	26.9524	1.66471	26.5975	200
1958	26.901	1.64202	26.6	200
1959	26.2812	1.61997	26.5974	200
1960	26.9537	1.59891	26.6003	200
1961	26.9074	1.57872	26.6027	200
1962	27.6332	1.57016	26.6108	200
1963	27.571	1.56063	26.6183	200
1964	27.6745	1.55275	26.6265	200
1965	28.3071	1.55474	26.6397	200
1966	28.332	1.55689	26.6529	200
1967	27.6631	1.54835	26.6608	200
1968	27.5802	1.53852	26.668	200
1969	28.3272	1.54041	26.6809	200
1970	31.0589	1.58474	26.7151	200
1971	31.7674	1.63892	26.7546	200
1972	31.7436	1.69127	26.7936	200
1973	32.2898	1.75072	26.8365	200
1974	32.3088	1.80887	26.8793	200
1975	32.4182	1.86715	26.9225	200
1976	31.7503	1.91341	26.9603	200
1977	31.77	1.95866	26.9978	200
1978	31.7759	2.00271	27.0352	200
1979	31.7906	2.04572	27.0723	200
1980	31.8018	2.08766	27.1093	200
1981	32.4628	2.13869	27.1511	200
1982	32.4536	2.18812	27.1925	200
1983	32.535	2.23741	27.2342	200
1984	32.4522	2.28398	27.275	200
1985	32.4507	2.32916	27.3154	200
1986	32.4594	2.37314	27.3556	200
1987	32.4654	2.4159	27.3956	200
1988	32.4062	2.45644	27.4347	200
1989	32.4686	2.49672	27.474	200
1990	32.4062	2.53477	27.5126	200
1991	32.7945	2.57769	27.5538	200
1992	33.4818	2.63004	27.6001	200
1993	34.1144	2.69073	27.651	200
1994	33.442	2.73917	27.6963	200
1995	33.4679	2.78655	27.7414	200
1996	34.105	2.84245	27.7911	200
1997	33.4652	2.88669	27.8354	200
1998	33.4358	2.92909	27.8792	200
1999	33.4205	2.96991	27.9224	200
2000	33.4457	3.0098	27.9656	200
2001	32.792	3.03818	28.0033	200
2002	30.668	3.03235	28.0241	200
2003	30.0292	3.0163	28.0398	200
2004	30.066	3.00083	28.0556	200
2005	29.3721	2.97451	28.0659	200
2006	29.3526	2.94813	28.076	200
2007	30.0434	2.93281	28.0913	200
2008	30.0441	2.9175	28.1066	200
2009	30.0164	2.90175	28.1215	200
2010	30.0143	2.88598	28.1363	200
2011	30.0022	2.87005	28.1509	200
2012	30.6836	2.86477	28.1706	200
2013	29.9962	2.84854	28.1849	200
2014	30.0555	2.83325	28.1995	200
2015	29.915	2.81579	28.2129	200
2016	30.0739	2.80087	28.2275	200
2017	30.7202	2.79606	28.2469	200
2018	30.0296	2.78022	28.2609	200
2019	30.0354	2.76451	28.2747	200
2020	29.3965	2.73884	28.2835	200
2021	29.3446	2.71262	28.2918	200
2022	30.0123	2.69712	28.3052	200
2023	29.7153	2.67701	28.3162	200
2024	29.7447	2.6575	28.3274	200
2025	31.0668	2.65878	28.3488	200
2026	30.3966	2.6498	28.3639	200
2027	31.1235	2.65141	28.3841	200
2028	31.1335	2.65285	28.4044	200
2029	30.4196	2.64348	28.4192	200
2030	30.4012	2.63375	28.4337	200
2031	30.4144	2.62414	28.4483	200
2032	31.0986	2.62453	28.4678	200
2033	31.1014	2.62466	28.4872	200
2034	31.0643	2.62396	28.5061	200
2035	29.2419	2.59619	28.5115	200
2036	29.752	2.57626	28.5206	200
2037	29.7069	2.55581	28.5294	200
2038	29.7408	2.53604	28.5383	200
2039	29.7549	2.51664	28.5472	200
2040	29.2689	2.48859	28.5529	200
2041	29.7197	2.46794	28.562	200
2042	29.7339	2.44634	28.5717	200
2043	29.7549	2.42529	28.5816	200
2044	29.7578	2.40298	28.5921	200
2045	29.0334	2.36795	28.596	200
2046	29.0411	2.33097	28.6003	200
2047	29.0543	2.29488	28.6047	200
2048	29.0706	2.25677	28.6095	200
2049	29.0422	2.21877	28.614	200
2050	28.3682	2.17393	28.6112	200
2051	28.3813	2.12975	28.6086	200
2052	28.3251	2.08359	28.6051	200
2053	28.9984	2.04133	28.61	200
2054	29.1658	2.00007	28.6177	200
2055	28.3706	1.95137	28.6143	200
2056	29.0076	1.90809	28.6198	200
2057	28.9291	1.86369	28.624	200
2058	29.2178	1.82841	28.6323	200
2059	29.9017	1.81288	28.6499	200
2060	30.5951	1.81656	28.6769	200
2061	29.8833	1.7996	28.6937	200
2062	29.9202	1.78368	28.7107	200
2063	31.6681	1.81629	28.7518	200
2064	31.5707	1.84414	28.791	200
2065	31.5995	1.87093	28.83	200
2066	30.9427	1.87764	28.8593	200
2067	30.8687	1.8813	28.8872	200
2068	31.5647	1.90342	28.9244	200
2069	32.7826	1.95772	28.978	200
2070	32.2658	1.99466	29.0236	200
2071	32.9151	2.04735	29.0777	200
2072	32.9373	2.09769	29.1313	200
2073	20.5562	2.27762	29.0122	200
2074	19.8646	2.46845	28.8852	200
2075	20.6659	2.62819	28.771	200
2076	19.7036	2.80706	28.6451	200
2077	19.6613	2.97864	28.5203	200
2078	19.6577	3.14208	28.3972	200
2079	19.7117	3.29606	28.2766	200
2080	20.2874	3.42643	28.1656	200
2081	18.6615	3.59525	28.0336	200
2082	18.6853	3.75505	27.9038	200
2083	19.4058	3.8868	27.7857	200
2084	19.289	4.01485	27.6677	200
2085	20.0764	4.1142	27.5623	200
2086	19.3634	4.22766	27.4484	200
2087	25.3145	4.1695	27.4188	200
2088	25.2941	4.1127	27.3893	200
2089	24.6821	4.07366	27.3517	200
2090	25.3846	4.01514	27.3243	200
2091	26.0285	3.94716	27.3081	200
2092	25.369	3.89696	27.2839	200
2093	25.3252	3.8485	27.2594	200
2094	25.2467	3.80261	27.2343	200
2095	25.3103	3.75564	27.2102	200
2096	26.0306	3.69124	27.1955	200
2097	25.3738	3.6445	27.1727	200
2098	25.2906	3.60044	27.1492	200
2099	25.3805	3.55464	27.1271	200
2100	25.2847	3.51184	27.104	200
2101	25.3102	3.46889	27.0816	200
2102	24.6046	3.44409	27.0506	200
2103	24.6559	3.41785	27.0207	200
2104	24.6546	3.39156	26.9911	200
2105	24.664	3.36495	26.962	200
2106	26.1406	3.30136	26.9518	200
2107	26.8375	3.22169	26.9503	200
2108	26.8062	3.14475	26.9485	200
2109	26.7813	3.07031	26.9464	200
2110	28.2319	3.02569	26.9625	200
2111	27.592	2.96578	26.9704	200
2112	27.6197	2.90787	26.9785	200
2113	27.5948	2.85058	26.9862	200
2114	26.9559	2.78007	26.9858	200
2115	26.908	2.71252	26.9849	200
2116	26.2275	2.66364	26.9754	200
2117	26.8757	2.59954	26.9741	200
2118	26.8869	2.53673	26.973	200
2119	26.1963	2.49273	26.9633	200
2120	26.8539	2.43315	26.962	200
2121	26.8945	2.374	26.9611	200
2122	27.5339	2.32897	26.9683	200
2123	27.6238	2.28713	26.9765	200
2124	26.8794	2.23238	26.9753	200
2125	27.5746	2.19156	26.9828	200
2126	29.8472	2.20838	27.0186	200
2127	29.1262	2.20586	27.0449	200
2128	29.1695	2.20383	27.0715	200
2129	29.1777	2.20139	27.0978	200
2130	28.5305	2.18217	27.1157	200
2131	29.8318	2.19551	27.1496	200
2132	29.834	2.20662	27.1802	200
2133	29.7841	2.21565	27.2097	200
2134	30.5221	2.24058	27.2474	200
2135	30.4546	2.26254	27.2838	200
2136	30.5051	2.28434	27.3204	200
2137	30.5016	2.30472	27.3566	200
2138	29.8239	2.30841	27.3846	200
2139	30.5388	2.32763	27.4205	200
2140	30.4954	2.34462	27.4554	200
2141	30.526	2.36112	27.4903	200
2142	30.5423	2.37682	27.525	200
2143	29.8522	2.37569	27.5514	200
2144	30.4834	2.38833	27.5847	200
2145	30.5253	2.40088	27.6182	200
2146	30.5356	2.41262	27.6513	200
2147	28.3225	2.37304	27.6589	200
2148	28.2947	2.33356	27.6662	200
2149	28.9666	2.31008	27.6809	200
2150	28.9554	2.28654	27.6954	200
2151	29.5023	2.27564	27.7159	200
2152	28.8417	2.24951	27.7287	200
2153	29.5097	2.23886	27.749	200
2154	30.2631	2.24511	27.7775	200
2155	30.2756	2.25086	27.8059	200
2156	29.6033	2.24055	27.8264	200
2157	29.6069	2.2301	27.8466	200
2158	29.6054	2.21939	27.8666	200
2159	30.2956	2.22415	27.8942	200
2160	30.3898	2.23032	27.9225	200
2161	30.2736	2.23306	27.9493	200
2162	30.2985	2.2357	27.9759	200
2163	29.566	2.22103	27.994	200
2164	29.5522	2.20596	28.0117	200
2165	29.5965	2.19184	28.0297	200
2166	29.5919	2.17753	28.0475	200
2167	29.5789	2.16284	28.0649	200
2168	28.9145	2.133	28.0745	200
2169	31.3851	2.15976	28.1122	200
2170	32.2597	2.20494	28.1593	200
2171	31.4244	2.22903	28.1964	200
2172	32.1101	2.26732	28.2409	200
2173	31.6747	2.29383	28.2799	200
2174	31.612	2.31743	28.3177	200
2175	32.3404	2.35618	28.3635	200
2176	33.009	2.40821	28.4162	200
2177	32.9926	2.45338	28.4639	200
2178	33.0295	2.49739	28.5115	200
2179	32.9513	2.53785	28.5577	200
2180	33.7057	2.59223	28.6113	200
2181	33.6728	2.64367	28.6641	200
2182	33.666	2.6928	28.7162	200
2183	33.6158	2.73878	28.7672	200
2184	33.0219	2.77036	28.8115	200
2185	33.6793	2.81405	28.8622	200
2186	33.7208	2.85665	28.9128	200
2187	34.3967	2.91138	28.97	200
2188	34.3901	2.96364	29.0264	200
2189	33.6899	2.99906	29.075	200
2190	34.3761	3.04702	29.1302	200
2191	34.3538	3.09236	29.1846	200
2192	24.2925	3.12986	29.1337	200
2193	23.4982	3.18205	29.075	200
2194	23.628	3.22924	29.0182	200
2195	23.6525	3.27375	28.9623	200
2196	23.387	3.3217	28.9043	200
2197	24.1512	3.35152	28.8547	200
2198	23.4294	3.39472	28.7982	200
2199	24.1806	3.4202	28.7501	200
2200	24.7967	3.43131	28.709	200
2201	24.1421	3.45496	28.6614	200
2202	24.8632	3.46211	28.6218	200
2203	24.8266	3.46905	28.5823	200
2204	24.82	3.47516	28.5431	200
2205	24.8022	3.48069	28.5041	200
2206	24.1155	3.49961	28.4584	200
2207	24.7713	3.50352	28.42	200
2208	24.7728	3.50651	28.382	200
2209	24.1593	3.52143	28.338	200
2210	24.1228	3.53588	28.2941	200
2211	23.4046	3.56408	28.2432	200
2212	23.4213	3.59029	28.1929	200
2213	23.4484	3.61433	28.1435	200
2214	22.7539	3.65132	28.0874	200
2215	22.7727	3.68597	28.032	200
2216	22.7648	3.71891	27.9772	200
2217	22.7181	3.751	27.9224	200
2218	22.7527	3.78055	27.8685	200
2219	22.0167	3.8237	27.8076	200
2220	22.0674	3.86363	27.7478	200
2221	21.3402	3.91663	27.681	200
2222	21.4043	3.9658	27.6156	200
2223	20.663	4.02802	27.5432	200
2224	21.4493	4.07106	27.4797	200
2225	22.0977	4.09837	27.4237	200
2226	22.0945	4.12204	27.3724	200
2227	21.3281	4.159	27.3143	200
2228	21.4323	4.19214	27.2578	200
2229	20.7315	4.23702	27.195	200
2230	20.7027	4.2804	27.1326	200
2231	20.7057	4.32167	27.0708	200
2232	20.1316	4.37201	27.0041	200
2233	20.034	4.42197	26.937	200
2234	19.9973	4.47039	26.8703	200
2235	20.0659	4.51527	26.8049	200
2236	20.0891	4.55759	26.7403	200
2237	20.0358	4.59888	26.6758	200
2238	20.0187	4.63846	26.6118	200
2239	20.0324	4.67578	26.5486	200
2240	20.0142	4.71152	26.4857	200
2241	18.4839	4.7748	26.4088	200
2242	18.0154	4.84438	26.3281	200
2243	17.989	4.91159	26.2479	200
2244	18.0069	4.97562	26.1687	200
2245	17.9811	5.03738	26.0899	200
2246	18.0226	5.09565	26.0124	200
2247	17.9511	5.15268	25.9348	200
2248	18.0166	5.20587	25.8587	200
2249	17.2325	5.27164	25.7758	200
2250	17.2628	5.33398	25.6939	200
2251	17.9605	5.38012	25.6196	200
2252	17.947	5.4242	25.5458	200
2253	17.9259	5.46643	25.4725	200
2254	17.9761	5.50547	25.4004	200
2255	17.9236	5.54338	25.3285	200
2256	17.9737	5.57821	25.2578	200
2257	17.9736	5.61102	25.1878	200
2258	17.8645	5.64395	25.1174	200
2259	17.9634	5.67298	25.0486	200
2260	17.947	5.70046	24.9803	200
2261	17.95	5.72603	24.9127	200
2262	17.9709	5.74941	24.8459	200
2263	17.9344	5.77176	24.7795	200
2264	17.946	5.79218	24.7138	200
2265	17.9551	5.81076	24.6488	200
2266	17.9534	5.82777	24.5844	200
2267	17.9574	5.84314	24.5207	200
2268	17.9855	5.85645	24.4578	200
2269	17.9874	5.86826	24.3956	200
2270	17.9554	5.87926	24.3337	200
2271	17.9607	5.88875	24.2724	200
2272	17.9247	5.89758	24.2114	200
2273	17.9507	5.90456	24.1512	200
2274	17.9154	5.91093	24.0912	200
2275	17.9465	5.91542	24.0321	200
2276	17.9419	5.91879	23.9736	200
2277	17.9407	5.92098	23.9156	200
2278	18.6071	5.9092	23.8645	200
2279	18.629	5.89717	23.8178	200
2280	18.6433	5.88426	23.7716	200
2281	18.5856	5.87179	23.7253	200
2282	18.6638	5.85732	23.6801	200
2283	18.6244	5.84301	23.6349	200
2284	18.6417	5.82783	23.5904	200
2285	18.6456	5.81206	23.5462	200
2286	18.6272	5.79612	23.5023	200
2287	18.7367	5.77771	23.4597	200
2288	18.6339	5.76072	23.4167	200
2289	18.5864	5.7441	23.3735	200
2290	18.6843	5.72526	23.3317	200
2291	18.6355	5.70688	23.2897	200
2292	18.6381	5.68804	23.2482	200
2293	18.6636	5.66833	23.2073	200
2294	18.5528	5.65023	23.1657	200
2295	18.6004	5.63086	23.1249	200
2296	19.3435	5.59783	23.0912	200
2297	19.3485	5.5647	23.0578	200
2298	19.3315	5.53187	23.0245	200
2299	19.342	5.49885	22.9916	200
2300	19.3439	5.46579	22.959	200
2301	19.3375	5.43286	22.9267	200
2302	19.3222	5.40021	22.8945	200
2303	19.3729	5.36666	22.8631	200
2304	19.3857	5.33292	22.832	200
2305	19.3986	5.299	22.8014	200
2306	20.0809	5.25296	22.7771	200
2307	20.0643	5.2076	22.7529	200
2308	20.0655	5.16259	22.7289	200
2309	20.0769	5.11776	22.7052	200
2310	20.051	5.07376	22.6815	200
2311	20.0993	5.02927	22.6584	200
2312	20.1152	4.98488	22.6357	200
2313	20.0397	4.94222	22.6125	200
2314	20.075	4.89928	22.5899	200
2315	20.0329	4.85745	22.5671	200
2316	20.771	4.80278	22.551	200
2317	20.7519	4.74915	22.535	200
2318	20.7152	4.69683	22.5187	200
2319	20.7521	4.64451	22.5029	200
2320	20.7886	4.59218	22.4876	200
2321	20.7277	4.54161	22.4719	200
2322	20.8938	4.48869	22.4578	200
2323	20.757	4.4389	22.4426	200
2324	20.7078	4.39062	22.4271	200
2325	20.8012	4.34125	22.4126	200
2326	20.7899	4.2927	22.3981	200
2327	20.7465	4.24554	22.3834	200
2328	20.7454	4.19897	22.3688	200
2329	21.478	4.1399	22.3608	200
2330	21.4638	4.08199	22.3528	200
2331	22.1489	4.01274	22.351	200
2332	22.1265	3.94509	22.349	200
2333	22.1134	3.87884	22.3469	200
2334	22.805	3.81776	22.351	200
2335	23.522	3.7705	22.3614	200
2336	24.1897	3.73813	22.3767	200
2337	24.2009	3.70623	22.3919	200
2338	25.1732	3.69081	22.415	200
2339	25.8185	3.68602	22.4434	200
2340	25.8073	3.68065	22.4714	200
2341	26.4784	3.68609	22.5048	200
2342	26.5715	3.69243	22.5387	200
2343	26.5512	3.69777	22.5721	200
2344	26.4661	3.70104	22.6046	200
2345	25.7989	3.69259	22.6312	200
2346	26.5592	3.69651	22.6639	200
2347	26.5205	3.69918	22.6961	200
2348	27.2086	3.71273	22.7337	200
2349	27.178	3.72493	22.7707	200
2350	27.216	3.73693	22.8078	200
2351	29.4103	3.78469	22.8628	200
2352	30.642	3.85127	22.9276	200
2353	29.9759	3.90455	22.9863	200
2354	29.9022	3.95474	23.044	200
2355	30.6372	4.01538	23.1073	200
2356	30.6361	4.07394	23.17	200
2357	31.7079	4.14834	23.2411	200
2358	30.6119	4.20204	23.3026	200
2359	30.7061	4.2554	23.3643	200
2360	30.6483	4.30588	23.425	200
2361	30.6046	4.35377	23.4848	200
2362	30.6449	4.40054	23.5445	200
2363	29.9506	4.43397	23.5978	200
2364	29.9328	4.46565	23.6506	200
2365	30.6614	4.50807	23.7091	200
2366	29.9207	4.53646	23.7608	200
2367	30.0193	4.56516	23.813	200
2368	28.9306	4.57437	23.8556	200
2369	28.2688	4.57168	23.8924	200
2370	28.9673	4.58007	23.9347	200
2371	28.2943	4.5764	23.971	200
2372	28.2821	4.57197	24.0069	200
2373	28.2689	4.56681	24.0425	200
2374	28.2628	4.56103	24.0776	200
2375	28.2712	4.55491	24.1126	200
2376	27.5565	4.53639	24.1413	200
2377	27.5989	4.51841	24.1701	200
2378	26.9006	4.48861	24.1928	200
2379	26.9001	4.45892	24.2154	200
2380	26.8998	4.42934	24.2378	200
2381	24.8114	4.36508	24.2425	200
2382	23.5182	4.3044	24.2365	200
2383	23.4888	4.24512	24.2303	200
2384	23.4855	4.18679	24.2241	200
2385	22.8094	4.14058	24.2123	200
2386	22.7878	4.09531	24.2004	200
2387	21.7532	4.06785	24.18	200
2388	22.1432	4.03399	24.163	200
2389	22.0856	4.00138	24.1457	200
2390	21.4606	3.97945	24.1234	200
2391	21.5782	3.95554	24.1021	200
2392	21.4457	3.93389	24.08	200
2393	21.4931	3.91144	24.0584	200
2394	21.4321	3.89002	24.0366	200
2395	21.4057	3.86903	24.0146	200
2396	22.1289	3.83598	23.9989	200
2397	22.7208	3.79601	23.9889	200
2398	22.0416	3.76712	23.9737	200
2399	22.1835	3.73623	23.9597	200
2400	22.1776	3.7057	23.9458	200
2401	21.4711	3.68647	23.9265	200
2402	21.471	3.66723	23.9073	200
2403	21.4982	3.64757	23.8885	200
2404	21.4624	3.62848	23.8695	200
2405	21.5039	3.60875	23.851	200
2406	21.4452	3.58996	23.8322	200
2407	21.4688	3.57079	23.8138	200
2408	21.4561	3.55184	23.7954	200
2409	21.4805	3.53251	23.7773	200
2410	21.4557	3.51359	23.7591	200
2411	21.4902	3.49414	23.7414	200
2412	20.9991	3.48239	23.72	200
2413	21.3433	3.46511	23.7014	200
2414	21.4484	3.44617	23.6838	200
2415	21.4464	3.42728	23.6663	200
2416	21.4325	3.40864	23.6489	200
2417	21.4928	3.38907	23.632	200
2418	22.1346	3.35951	23.6203	200
2419	22.0557	3.33146	23.6081	200
2420	22.7645	3.29259	23.6015	200
2421	22.7285	3.25478	23.5947	200
2422	22.6395	3.21885	23.5872	200
2423	23.4802	3.17023	23.5864	200
2424	23.4711	3.1225	23.5855	200
2425	23.4634	3.07561	23.5845	200
2426	23.4611	3.02949	23.5836	200
2427	23.4088	2.98488	23.5822	200
2428	24.1167	2.94659	23.5864	200
2429	23.5542	2.90106	23.5861	200
2430	24.1614	2.86471	23.5906	200
2431	24.1403	2.82854	23.5949	200
2432	24.1369	2.79281	23.5992	200
2433	24.8272	2.76836	23.6088	200
2434	24.8178	2.744	23.6182	200
2435	25.4489	2.72973	23.6325	200
2436	25.5262	2.71666	23.6473	200
2437	25.4661	2.70264	23.6615	200
2438	26.2365	2.70064	23.6816	200
2439	26.2216	2.69813	23.7015	200
2440	26.2563	2.69589	23.7214	200
2441	26.24	2.69312	23.7411	200
2442	26.2132	2.68967	23.7604	200
2443	26.1994	2.68575	23.7795	200
2444	26.3366	2.68374	23.7994	200
2445	27.0811	2.69308	23.8251	200
2446	27.0277	2.70104	23.8501	200
2447	27.0578	2.70896	23.8752	200
2448	27.0186	2.71575	23.8997	200
2449	27.018	2.72203	23.9241	200
2450	26.369	2.7177	23.9432	200
2451	26.365	2.71308	23.9621	200
2452	25.7068	2.69795	23.9757	200
2453	25.6742	2.68233	23.989	200
2454	25.6869	2.66695	24.0023	200
2455	24.9551	2.64017	24.0097	200
2456	24.9083	2.61295	24.0167	200
2457	24.9724	2.58706	24.0242	200
2458	24.9971	2.56184	24.0318	200
2459	24.9836	2.53668	24.0392	200
2460	24.9563	2.51137	24.0464	200
2461	25.6353	2.49696	24.0588	200
2462	25.6691	2.48392	24.0706	200
2463	25.6691	2.4709	24.0824	200
2464	25.6694	2.4579	24.0941	200
2465	25.6536	2.44469	24.1055	200
2466	24.9663	2.42139	24.1119	200
2467	24.9721	2.39844	24.1182	200
2468	24.2524	2.36514	24.1192	200
2469	24.3113	2.33318	24.1206	200
2470	24.3246	2.30187	24.1221	200
2471	23.5863	2.2759	24.1181	200
2472	23.5847	2.25027	24.1142	200
2473	23.5867	2.22494	24.1103	200
2474	23.5606	2.2003	24.1063	200
2475	23.5947	2.17547	24.1025	200
2476	23.7555	2.14858	24.1	200
2477	23.8593	2.12052	24.0982	200
2478	23.3131	2.10088	24.0924	200
2479	22.8316	2.08853	24.0832	200
2480	22.8027	2.07664	24.0738	200
2481	22.7859	2.06504	24.0643	200
2482	22.7901	2.05341	24.0549	200
2483	22.7874	2.04185	24.0456	200
2484	22.8246	2.02978	24.0366	200
2485	22.7914	2.01824	24.0275	200
2486	22.8364	2.00608	24.0187	200
2487	22.8134	1.9943	24.0098	200
2488	22.8335	1.98227	24.0012	200
2489	22.8223	1.97046	23.9925	200
2490	22.8263	1.95863	23.9839	200
2491	22.7578	1.94786	23.9749	200
2492	22.807	1.93639	23.9663	200
2493	23.7761	1.91071	23.9649	200
2494	23.1344	1.89482	23.9588	200
2495	23.8216	1.86898	23.9578	200
2496	23.756	1.84446	23.9563	200
2497	23.7266	1.82071	23.9547	200
2498	23.7361	1.79715	23.953	200
2499	23.7726	1.77337	23.9517	200
2500	23.7662	1.75002	23.9504	200
2501	23.7478	1.72727	23.9489	200
2502	23.814	1.70385	23.9479	200
2503	23.6914	1.68256	23.946	200
2504	23.6988	1.66145	23.9442	200
2505	23.7501	1.63987	23.9427	200
2506	23.7841	1.61809	23.9416	200
2507	23.7394	1.59727	23.9401	200
2508	23.7786	1.57615	23.9389	200
2509	23.7784	1.55533	23.9377	200
2510	23.6896	1.53611	23.9359	200
2511	23.4746	1.5203	23.9325	200
2512	23.5212	1.50399	23.9295	200
2513	23.7361	1.48472	23.9281	200
2514	23.7439	1.46559	23.9267	200
2515	23.7827	1.44615	23.9256	200
2516	23.7858	1.42694	23.9246	200
2517	23.7468	1.40857	23.9233	200
2518	23.875	1.38857	23.9229	200
2519	23.7557	1.37061	23.9217	200
2520	23.7338	1.35321	23.9203	200
2521	23.8366	1.33455	23.9197	200
2522	23.7465	1.31747	23.9184	200
2523	23.7508	1.30056	23.9172	200
2524	23.8162	1.28292	23.9165	200
2525	23.755	1.26642	23.9153	200
2526	23.7807	1.24978	23.9143	200
2527	22.7833	1.24803	23.906	200
2528	23.4879	1.23583	23.9029	200
2529	23.4449	1.22439	23.8995	200
2530	24.9858	1.22236	23.9075	200
2531	25.0595	1.22138	23.9155	200
2532	25.7537	1.22994	23.9283	200
2533	25.7511	1.23818	23.9409	200
2534	25.7307	1.24584	23.9534	200
2535	25.7332	1.25325	23.9657	200
2536	25.7546	1.26069	23.9781	200
2537	25.729	1.2675	23.9903	200
2538	25.8745	1.27606	24.0034	200
2539	25.7478	1.28257	24.0155	200
2540	26.4496	1.29856	24.0324	200
2541	26.4028	1.31345	24.0489	200
2542	26.4313	1.3283	24.0654	200
2543	26.498	1.34363	24.0823	200
2544	26.3884	1.357	24.0983	200
2545	26.384	1.3699	24.1142	200
2546	26.14	1.37901	24.1283	200
2547	26.1283	1.38763	24.1421	200
2548	26.458	1.40052	24.1582	200
2549	27.1753	1.42298	24.1792	200
2550	27.3708	1.44754	24.2013	200
2551	27.8433	1.47802	24.2266	200
2552	27.8298	1.50753	24.2517	200
2553	27.6864	1.5343	24.2755	200
2554	28.4742	1.5713	24.3047	200
2555	28.4863	1.60756	24.3337	200
2556	28.4204	1.64199	24.3621	200
2557	28.4703	1.67624	24.3906	200
2558	28.4853	1.70983	24.419	200
2559	29.1155	1.75131	24.4517	200
2560	29.2045	1.793	24.4847	200
2561	29.8479	1.84258	24.5219	200
2562	29.8958	1.89163	24.5592	200
2563	29.8234	1.93847	24.5958	200
2564	29.8672	1.98476	24.6324	200
2565	28.9977	2.01782	24.6627	200
2566	29.7172	2.06	24.6978	200
2567	29.6835	2.10063	24.7324	200
2568	28.994	2.13064	24.762	200
2569	28.9838	2.15969	24.7913	200
2570	28.9933	2.18805	24.8205	200
2571	29.7042	2.22549	24.8544	200
2572	29.6984	2.26186	24.8881	200
2573	29.6825	2.29703	24.9214	200
2574	29.5781	2.32981	24.9537	200
2575	29.7248	2.36371	24.9868	200
2576	28.9925	2.38652	25.0146	200
2577	28.9817	2.40847	25.0422	200
2578	28.9838	2.42976	25.0696	200
2579	28.9026	2.44925	25.0962	200
2580	29.1418	2.47142	25.1243	200
2581	28.9741	2.49057	25.151	200
2582	29.0716	2.51043	25.1782	200
2583	29.1836	2.53119	25.2061	200
2584	29.0075	2.54883	25.2325	200
2585	28.2846	2.55582	25.2536	200
2586	28.1525	2.56058	25.2738	200
2587	27.6047	2.55739	25.29	200
2588	27.6678	2.5549	25.3065	200
2589	27.6656	2.55218	25.3229	200
2590	26.9777	2.53972	25.3344	200
2591	26.9747	2.52722	25.3457	200
2592	26.9507	2.51441	25.3569	200
2593	26.949	2.5016	25.3679	200
2594	26.9846	2.48931	25.3792	200
2595	26.2591	2.46696	25.3853	200
2596	26.2393	2.44456	25.3912	200
2597	25.6185	2.41376	25.3928	200
2598	25.5857	2.38292	25.3941	200
2599	25.6035	2.35273	25.3956	200
2600	25.6053	2.32296	25.397	200
2601	25.5871	2.29334	25.3984	200
2602	25.5674	2.26383	25.3995	200
2603	26.2526	2.24424	25.4055	200
2604	26.2851	2.22628	25.4112	200
2605	26.2885	2.20853	25.417	200
2606	26.2931	2.191	25.4228	200
2607	26.3418	2.17426	25.4288	200
2608	25.586	2.14772	25.4298	200
2609	26.2628	2.13042	25.4353	200
2610	26.2671	2.11333	25.4408	200
2611	26.4309	2.09855	25.4473	200
2612	26.2457	2.08144	25.4526	200
2613	26.2819	2.06497	25.458	200
2614	26.9629	2.0576	25.4679	200
2615	26.9713	2.05031	25.4778	200
2616	26.9758	2.04304	25.4877	200
2617	27.5416	2.04318	25.5012	200
2618	27.6282	2.04428	25.5152	200
2619	27.6149	2.04501	25.529	200
2620	27.5515	2.04472	25.5423	200
2621	29.0854	2.06443	25.5656	200
2622	29.0662	2.08333	25.5886	200
2623	29.0326	2.10123	25.6113	200
2624	29.7387	2.12789	25.6384	200
2625	29.7257	2.15367	25.6653	200
2626	30.3867	2.18745	25.6964	200
2627	30.4605	2.22136	25.7277	200
2628	30.4133	2.25378	25.7586	200
2629	31.1117	2.29456	25.7938	200
2630	31.1418	2.33474	25.829	200
2631	31.7857	2.3824	25.8681	200
2632	31.8034	2.42915	25.9072	200
2633	31.8367	2.4752	25.9462	200
2634	31.77	2.51926	25.9845	200
2635	31.7821	2.5624	26.0227	200
2636	31.7813	2.60445	26.0605	200
2637	31.7887	2.64555	26.0982	200
2638	31.7967	2.68572	26.1357	200
2639	31.783	2.72469	26.1729	200
2640	31.7686	2.76247	26.2097	200
2641	32.4513	2.80824	26.2508	200
2642	32.6403	2.85537	26.2928	200
2643	32.589	2.90064	26.3342	200
2644	32.5695	2.94452	26.3752	200
2645	32.5289	2.98674	26.4157	200
2646	32.6104	3.02895	26.4565	200
2647	31.9394	3.06124	26.4925	200
2648	31.1034	3.08163	26.5229	200
2649	31.7793	3.11024	26.5575	200
2650	31.9214	3.1399	26.5927	200
2651	32.6202	3.17789	26.6324	200
2652	31.9257	3.20572	26.6672	200
2653	31.9114	3.23255	26.7017	200
2654	32.5956	3.26756	26.7405	200
2655	31.9331	3.29289	26.7747	200
2656	32.5763	3.3259	26.8128	200
2657	32.5683	3.35787	26.8507	200
2658	33.8731	3.40609	26.8969	200
2659	33.0497	3.44223	26.9374	200
2660	33.2411	3.47988	26.9788	200
2661	33.8867	3.52498	27.0243	200
2662	33.2288	3.56024	27.0651	200
2663	33.8899	3.60319	27.11	200
2664	33.2379	3.63641	27.1503	200
2665	33.1716	3.66779	27.1899	200
2666	33.928	3.70819	27.2343	200
2667	33.273	3.73886	27.274	200
2668	33.2276	3.768	27.3132	200
2669	32.5332	3.7871	27.3475	200
2670	32.5639	3.80591	27.3818	200
2671	32.4785	3.82289	27.4153	200
2672	32.5433	3.84006	27.4491	200
2673	32.7386	3.85914	27.4839	200
2674	32.7111	3.87713	27.5183	200
2675	32.708	3.8944	27.5524	200
2676	32.7188	3.91114	27.5864	200
2677	33.6339	3.93925	27.6262	200
2678	33.5775	3.96572	27.6653	200
2679	33.5812	3.99138	27.7043	200
2680	34.2564	4.02508	27.7474	200
2681	34.0839	4.05397	27.787	200
2682	34.2	4.08346	27.827	200
2683	34.1432	4.11137	27.8665	200
2684	34.1486	4.1385	27.9058	200
2685	34.1201	4.16445	27.9446	200
2686	34.8515	4.19873	27.9878	200
2687	34.797	4.23136	28.0304	200
2688	34.7969	4.26305	28.0726	200
2689	34.8021	4.29388	28.1147	200
2690	34.0888	4.31488	28.152	200
2691	34.1754	4.33624	28.1897	200
2692	34.1295	4.35628	28.2268	200
2693	33.4728	4.3674	28.2596	200
2694	33.3903	4.37694	28.2917	200
2695	32.7479	4.37793	28.3195	200
2696	32.9886	4.38157	28.3487	200
2697	32.178	4.37467	28.3726	200
2698	32.057	4.36604	28.3957	200
2699	32.0551	4.3572	28.4185	200
2700	32.0387	4.34799	28.4411	200
2701	32.057	4.33884	28.4637	200
2702	31.4315	4.3217	28.4823	200
2703	32.0786	4.31263	28.5048	200
2704	32.0873	4.30351	28.5272	200
2705	33.3895	4.31049	28.5576	200
2706	33.3331	4.3163	28.5874	200
2707	34.0481	4.33061	28.6215	200
2708	34.0745	4.34464	28.6556	200
2709	34.0272	4.35747	28.6892	200
2710	34.7551	4.37883	28.7271	200
2711	34.7316	4.39915	28.7646	200
2712	34.5705	4.41673	28.8009	200
2713	34.5773	4.43373	28.837	200
2714	34.5914	4.45024	28.873	200
2715	35.2749	4.47463	28.913	200
2716	34.3673	4.48688	28.9471	200
2717	35.0525	4.50711	28.9852	200
2718	35.1067	4.52729	29.0235	200
2719	35.3901	4.55028	29.0633	200
2720	36.7737	4.58978	29.1115	200
2721	36.7546	4.62795	29.1592	200
2722	37.3722	4.67276	29.2106	200
2723	37.4478	4.71731	29.2621	200
2724	37.4498	4.76069	29.3132	200
2725	37.4408	4.80278	29.364	200
2726	36.6974	4.83441	29.4099	200
2727	36.7589	4.86584	29.4558	200
2728	36.7636	4.89637	29.5015	200
2729	36.7706	4.92603	29.5469	200
2730	37.4364	4.96307	29.5962	200
2731	37.3941	4.99851	29.6449	200
2732	37.4609	5.03372	29.6938	200
2733	37.4211	5.06739	29.7421	200
2734	37.4564	5.10048	29.7903	200
2735	37.4913	5.13299	29.8384	200
2736	37.2472	5.16143	29.8847	200
2737	37.1029	5.18714	29.9298	200
2738	37.4072	5.21577	29.9766	200
2739	38.1057	5.25219	30.0274	200
2740	37.4104	5.27882	30.0735	200
2741	38.0818	5.31294	30.1236	200
2742	38.0686	5.34584	30.1732	200
2743	37.3993	5.36934	30.2184	200
2744	38.081	5.40051	30.2675	200
2745	36.0872	5.40575	30.3039	200
2746	36.8414	5.41989	30.3448	200
2747	36.1592	5.42482	30.3811	200
2748	36.0945	5.42862	30.4187	200
2749	36.1481	5.43258	30.4564	200
2750	35.4259	5.42615	30.4909	200
2751	35.4247	5.41931	30.5252	200
2752	35.4041	5.41136	30.561	200
2753	35.4013	5.40296	30.5966	200
2754	36.0729	5.40411	30.6394	200
2755	35.3997	5.39405	30.6766	200
2756	36.1315	5.39506	30.7221	200
2757	35.4443	5.38385	30.7614	200
2758	35.4213	5.37092	30.803	200
2759	35.1378	5.35242	30.8417	200
2760	34.4511	5.3189	30.8764	200
2761	35.1206	5.29823	30.9172	200
2762	35.1455	5.27594	30.9613	200
2763	34.462	5.23895	30.9977	200
2764	34.4577	5.19852	31.0371	200
2765	34.4865	5.15877	31.0763	200
2766	35.1654	5.13203	31.1274	200
2767	35.1848	5.10516	31.1781	200
2768	35.2015	5.07812	31.2284	200
2769	35.151	5.04923	31.2774	200
2770	35.1839	5.02066	31.3262	200
2771	34.5531	4.97582	31.3666	200
2772	34.4961	4.93386	31.4021	200
2773	34.4582	4.89118	31.4369	200
2774	34.4916	4.84944	31.4716	200
2775	34.4851	4.80771	31.5058	200
2776	34.4167	4.76461	31.5389	200
2777	34.4972	4.72355	31.5725	200
2778	34.7325	4.68802	31.6084	200
2779	33.4585	4.62352	31.6294	200
2780	33.1402	4.55277	31.6466	200
2781	33.2337	4.48537	31.6646	200
2782	32.9507	4.41265	31.6793	200
2783	32.6403	4.33421	31.6902	200
2784	32.6385	4.25725	31.701	200
2785	31.8927	4.16486	31.7031	200
2786	31.9048	4.07478	31.7054	200
2787	15.4097	4.35253	31.5202	200
2788	16.0488	4.60523	31.3444	200
2789	16.7182	4.83298	31.1782	200
2790	16.7653	5.05071	31.0144	200
2791	16.7503	5.2601	30.8524	200
2792	16.7111	5.46195	30.6917	200
2793	17.3908	5.6401	30.5405	200
2794	17.4531	5.80936	30.3918	200
2795	18.1394	5.95579	30.2526	200
2796	18.1318	6.0959	30.1148	200
2797	18.835	6.21372	29.9866	200
2798	19.5277	6.3102	29.8678	200
2799	20.7708	6.37354	29.7644	200
2800	28.8478	6.24951	29.754	200
2801	32.0027	6.15858	29.7795	200
2802	32.9665	6.09105	29.8158	200
2803	32.8119	6.02071	29.8498	200
2804	33.1189	5.95817	29.887	200
2805	33.4179	5.90301	29.9271	200
2806	33.4139	5.84809	29.9667	200
2807	33.6451	5.79878	30.0085	200
2808	33.4861	5.74603	30.048	200
2809	33.4786	5.6934	30.087	200
2810	32.8409	5.62659	30.1183	200
2811	32.1388	5.54464	30.1413	200
2812	32.1429	5.46411	30.164	200
2813	32.1204	5.38439	30.1862	200
2814	32.1244	5.30607	30.2083	200
2815	32.3817	5.23487	30.233	200
2816	33.0736	5.18046	30.2652	200
2817	33.1145	5.13189	30.2949	200
2818	32.4003	5.06884	30.3168	200
2819	33.1561	5.02239	30.3464	200
2820	32.4088	4.96072	30.3679	200
2821	31.8059	4.88733	30.3829	200
2822	30.369	4.7858	30.3827	200
2823	31.9629	4.71901	30.3992	200
2824	31.9513	4.65304	30.4154	200
2825	31.6099	4.58098	30.4278	200
2826	31.6718	4.51146	30.4408	200
2827	31.6539	4.44275	30.4534	200
2828	31.6808	4.37576	30.4662	200
2829	31.6662	4.3096	30.4787	200
2830	32.2056	4.25579	30.4967	200
2831	32.3237	4.20519	30.5157	200
2832	32.3107	4.15498	30.5344	200
2833	32.3116	4.10544	30.5529	200
2834	32.3513	4.05738	30.5716	200
2835	33.0374	4.02422	30.5973	200
2836	33.0072	3.99059	30.6224	200
2837	33.6924	3.9714	30.6544	200
2838	33.6832	3.95177	30.686	200
2839	33.6394	3.93097	30.7167	200
2840	35.0225	3.93877	30.7616	200
2841	34.9998	3.94501	30.8057	200
2842	35.0053	3.95031	30.8495	200
2843	35.0027	3.95454	30.8927	200
2844	34.979	3.95729	30.9353	200
2845	35.611	3.97225	30.984	200
2846	35.621	3.9861	31.0323	200
2847	32.3357	3.93021	31.0459	200
2848	32.9924	3.88889	31.0662	200
2849	33.4229	3.85697	31.0907	200
2850	33.4201	3.82514	31.115	200
2851	32.7642	3.77981	31.1321	200
2852	32.9293	3.7385	31.1509	200
2853	32.7405	3.69374	31.1674	200
2854	32.0541	3.63525	31.1767	200
2855	32.0638	3.578	31.1859	200
2856	32.0788	3.52206	31.1952	200
2857	32.777	3.48164	31.2117	200
2858	32.7263	3.44066	31.2275	200
2859	32.033	3.38576	31.2358	200
2860	32.0882	3.33298	31.2447	200
2861	31.3797	3.26635	31.2461	200
2862	31.2121	3.19902	31.2458	200
2863	31.1716	3.13391	31.245	200
2864	30.4656	3.08486	31.2369	200
2865	31.8242	3.03283	31.243	200
2866	31.8884	2.98692	31.2492	200
2867	32.5738	2.95495	31.2619	200
2868	31.7824	2.90813	31.2669	200
2869	31.8676	2.86376	31.2727	200
2870	31.8625	2.82002	31.2784	200
2871	31.8496	2.77678	31.2839	200
2872	33.7861	2.7715	31.3079	200
2873	33.5076	2.7605	31.3291	200
2874	33.1558	2.74254	31.3467	200
2875	33.1834	2.72512	31.3643	200
2876	33.1595	2.70724	31.3816	200
2877	32.9506	2.68535	31.3967	200
2878	33.1845	2.66809	31.4139	200
2879	33.1585	2.65033	31.4306	200
2880	33.1573	2.63257	31.4472	200
2881	33.1612	2.6149	31.4637	200
2882	32.4443	2.58347	31.4731	200
2883	33.1477	2.566	31.4892	200
2884	33.2028	2.5496	31.5057	200
2885	33.1566	2.53232	31.5216	200
2886	33.8694	2.52877	31.5442	200
2887	34.5895	2.5387	31.5735	200
2888	34.0403	2.53732	31.5972	200
2889	33.9394	2.53357	31.6197	200
2890	33.1675	2.51461	31.6346	200
2891	33.8543	2.50894	31.6559	200
2892	33.7861	2.50166	31.6764	200
2893	33.1192	2.48129	31.6903	200
2894	33.1602	2.46184	31.7044	200
2895	33.1407	2.44212	31.7182	200
2896	33.4779	2.429	31.7351	200
2897	33.6328	2.41878	31.7534	200
2898	36.3229	2.46014	31.7973	200
2899	35.8752	2.49125	31.8365	200
2900	34.2402	2.48956	31.8596	200
2901	34.254	2.48773	31.8827	200
2902	34.251	2.48543	31.9054	200
2903	34.9789	2.49674	31.935	200
2904	34.9339	2.5064	31.9638	200
2905	34.969	2.51599	31.9927	200
2906	34.9482	2.52444	32.0211	200
2907	34.953	2.53228	32.0493	200
2908	34.9648	2.53964	32.0774	200
2909	34.1794	2.53123	32.0976	200
2910	34.2116	2.5232	32.1179	200
2911	34.2218	2.51514	32.1381	200
2912	33.5533	2.49399	32.1517	200
2913	32.7383	2.45731	32.1574	200
2914	33.3734	2.43344	32.1691	200
2915	33.48	2.41185	32.1817	200
2916	33.5825	2.39241	32.1951	200
2917	33.6023	2.37346	32.2087	200
2918	34.2705	2.36747	32.2285	200
2919	34.2453	2.3612	32.2465	200
2920	34.9461	2.36725	32.2706	200
2921	34.9715	2.3732	32.2947	200
2922	34.9686	2.37857	32.3186	200
2923	33.1306	2.3506	32.3258	200
2924	33.7702	2.33441	32.3387	200
2925	22.3663	2.47081	32.2497	200
2926	21.0025	2.62753	32.1493	200
2927	20.9332	2.78089	32.0491	200
2928	20.7196	2.93355	31.948	200
2929	20.7504	3.08112	31.848	200
2930	20.0249	3.23723	31.7424	200
2931	20.0899	3.3875	31.6384	200
2932	20.059	3.53378	31.535	200
2933	20.0666	3.67547	31.4326	200
2934	20.728	3.80099	31.337	200
2935	20.7599	3.92199	31.2426	200
2936	21.4906	4.0261	31.1555	200
2937	21.4262	4.12794	31.0686	200
2938	21.46	4.22581	30.9829	200
2939	22.1135	4.30873	30.9037	200
2940	22.1811	4.38755	30.8258	200
2941	22.8388	4.45183	30.7545	200
2942	22.8401	4.51366	30.6838	200
2943	23.5291	4.56082	30.6199	200
2944	23.4989	4.60654	30.5563	200
2945	23.5062	4.65017	30.4934	200
2946	25.0119	4.66502	30.4445	200
2947	24.8977	4.68076	30.3949	200
2948	24.8826	4.69561	30.3457	200
2949	24.8522	4.70986	30.2967	200
2950	24.8995	4.72213	30.2485	200
2951	25.5528	4.72166	30.2065	200
2952	25.6092	4.71943	30.1655	200
2953	26.0578	4.70851	30.1288	200
2954	24.7501	4.72048	30.0808	200
2955	26.0761	4.7077	30.045	200
2956	26.5412	4.6862	30.0138	200
2957	26.9033	4.65806	29.986	200
2958	26.926	4.62952	29.9587	200
2959	26.8776	4.60187	29.9311	200
2960	27.5795	4.56168	29.9102	200
2961	27.6012	4.52146	29.8895	200
2962	26.9037	4.49403	29.8629	200
2963	26.9075	4.46656	29.8365	200
2964	26.1609	4.45243	29.8037	200
2965	26.2324	4.4367	29.7718	200
2966	26.209	4.42109	29.74	200
2967	26.2675	4.40415	29.709	200
2968	26.1652	4.38879	29.6773	200
2969	25.506	4.3849	29.6401	200
2970	26.193	4.36816	29.6093	200
2971	25.4647	4.36416	29.5723	200
2972	25.4888	4.35915	29.5358	200
2973	25.4967	4.35344	29.4998	200
2974	24.671	4.36192	29.4567	200
2975	25.3622	4.35715	29.4201	200
2976	25.5222	4.34949	29.3876	200
2977	24.9157	4.35153	29.3504	200
2978	24.8239	4.35445	29.3126	200
2979	24.8101	4.35691	29.2751	200
2980	24.2021	4.36885	29.2328	200
2981	24.1001	4.38158	29.1901	200
2982	23.483	4.40367	29.1425	200
2983	23.6367	4.42204	29.0966	200
2984	22.9421	4.45091	29.0453	200
2985	22.6079	4.48402	28.9917	200
2986	22.2537	4.52159	28.9355	200
2987	22.9331	4.54627	28.8855	200
2988	22.9423	4.56955	28.836	200
2989	22.2638	4.60293	28.7812	200
2990	22.2474	4.63511	28.7268	200
2991	22.272	4.66543	28.673	200
2992	22.9164	4.68362	28.625	200
2993	22.9478	4.70018	28.5777	200
2994	22.9573	4.71551	28.5309	200
2995	22.9949	4.72919	28.4847	200
2996	22.2005	4.7551	28.4324	200
2997	22.2578	4.77876	28.3809	200
2998	22.2665	4.80102	28.3299	200
2999	22.2332	4.82261	28.2791	200
3000	22.2933	4.842	28.2293	200
3001	22.2895	4.8603	28.1798	200
3002	22.2687	4.87781	28.1305	200
3003	22.2698	4.89419	28.0817	200
3004	22.2608	4.90963	28.0332	200
3005	22.9404	4.91269	27.9907	200
3006	22.9076	4.91552	27.9484	200
3007	23.5675	4.90661	27.9118	200
3008	23.675	4.89545	27.8765	200
3009	24.3325	4.87293	27.847	200
3010	24.3106	4.85065	27.8175	200
3011	25.0804	4.81542	27.7947	200
3012	25.688	4.77028	27.7772	200
3013	27.5914	4.69387	27.7756	200
3014	28.0635	4.62044	27.778	200
3015	27.6379	4.54576	27.7768	200
3016	27.6689	4.4718	27.7759	200
3017	26.8639	4.41247	27.7683	200
3018	26.8924	4.35353	27.761	200
3019	26.9031	4.29527	27.7539	200
3020	26.9686	4.23677	27.7474	200
3021	26.9491	4.17946	27.7407	200
3022	26.2216	4.13512	27.728	200
3023	26.2236	4.09127	27.7155	200
3024	26.2138	4.04811	27.703	200
3025	26.8915	3.99417	27.6962	200
3026	26.9406	3.94019	27.6899	200
3027	26.9181	3.88739	27.6835	200
3028	26.9938	3.83409	27.6777	200
3029	26.2179	3.79452	27.6656	200
3030	26.9276	3.74358	27.6594	200
3031	26.8456	3.69475	27.6526	200
3032	26.9306	3.6452	27.6466	200
3033	26.9245	3.59648	27.6406	200
3034	26.9204	3.54854	27.6346	200
3035	26.9142	3.50141	27.6286	200
3036	27.5991	3.44354	27.6284	200
3037	27.6189	3.38988	27.6283	200
3038	26.888	3.34848	27.6225	200
3039	26.8968	3.3075	27.6168	200
3040	26.2153	3.27772	27.6059	200
3041	26.1737	3.24888	27.5947	200
3042	25.4918	3.23098	27.5783	200
3043	24.9666	3.2213	27.5579	200
3044	22.7731	3.24573	27.5205	200
3045	22.3163	3.27633	27.4798	200
3046	22.7606	3.29887	27.443	200
3047	22.6829	3.32171	27.4058	200
3048	22.7728	3.34219	27.3696	200
3049	22.7652	3.36192	27.3336	200
3050	22.8071	3.38011	27.2982	200
3051	22.6948	3.39922	27.2623	200
3052	22.7278	3.41696	27.2268	200
3053	22.7677	3.43324	27.192	200
3054	22.7727	3.44865	27.1575	200
3055	22.755	3.46356	27.1231	200
3056	22.0488	3.48872	27.0834	200
3057	22.0635	3.51265	27.0442	200
3058	22.0689	3.5355	27.0053	200
3059	22.0181	3.55818	26.9664	200
3060	22.1838	3.57732	26.929	200
3061	21.3636	3.60838	26.8855	200
3062	21.3973	3.63775	26.8427	200
3063	21.3791	3.66628	26.8	200
3064	21.4203	3.69305	26.758	200
3065	21.3992	3.71908	26.7161	200
3066	21.5094	3.74232	26.6754	200
3067	21.4288	3.76583	26.6344	200
3068	22.0974	3.77787	26.599	200
3069	22.0944	3.78923	26.5638	200
3070	22.1359	3.79921	26.5292	200
3071	22.0513	3.80981	26.4942	200
3072	22.7716	3.80845	26.4651	200
3073	22.8084	3.80608	26.4365	200
3074	22.7878	3.80362	26.408	200
3075	23.3474	3.79201	26.3841	200
3076	25.53	3.7461	26.3775	200
3077	25.5637	3.70029	26.3711	200
3078	26.2387	3.64454	26.3701	200
3079	26.2796	3.589	26.3694	200
3080	26.2461	3.53485	26.3684	200
3081	26.2222	3.4819	26.3673	200
3082	26.2013	3.43009	26.366	200
3083	26.272	3.37796	26.3652	200
3084	26.2525	3.32694	26.3643	200
3085	26.2324	3.27702	26.3633	200
3086	26.236	3.2278	26.3623	200
3087	26.2263	3.1795	26.3612	200
3088	26.2516	3.13153	26.3604	200
3089	26.252	3.08429	26.3595	200
3090	26.2273	3.03816	26.3585	200
3091	26.2126	2.99297	26.3574	200
3092	26.2479	2.94792	26.3565	200
3093	26.2381	2.90371	26.3556	200
3094	26.9641	2.86784	26.3603	200
3095	26.8984	2.83144	26.3645	200
3096	26.9076	2.79568	26.3688	200
3097	26.9054	2.76038	26.373	200
3098	26.8442	2.72461	26.3767	200
3099	27.6442	2.70185	26.3866	200
3100	27.6425	2.67925	26.3964	200
3101	28.3347	2.66768	26.4115	200
3102	28.2889	2.65605	26.4253	200
3103	28.266	2.64406	26.4389	200
3104	28.9903	2.6427	26.4576	200
3105	28.305	2.631	26.4712	200
3106	28.3173	2.61946	26.4848	200
3107	28.3047	2.6077	26.4982	200
3108	27.7277	2.58744	26.5072	200
3109	25.5733	2.56312	26.5003	200
3110	25.5133	2.53994	26.4931	200
3111	24.8398	2.5269	26.4809	200
3112	24.82	2.51417	26.4687	200
3113	24.9045	2.5002	26.4572	200
3114	24.916	2.48609	26.4459	200
3115	24.8669	2.47275	26.4343	200
3116	24.8478	2.45972	26.4226	200
3117	24.847	2.44671	26.411	200
3118	24.8653	2.43346	26.3996	200
3119	24.8664	2.42022	26.3884	200
3120	24.8547	2.40719	26.3771	200
3121	24.8338	2.39448	26.3657	200
3122	24.8364	2.38176	26.3545	200
3123	24.8637	2.36866	26.3435	200
3124	25.5486	2.34551	26.3377	200
3125	25.4364	2.32427	26.3311	200
3126	25.5833	2.30109	26.3256	200
3127	24.8212	2.28937	26.3145	200
3128	24.8956	2.27657	26.3041	200
3129	24.8239	2.26486	26.2932	200
3130	24.8714	2.25246	26.2827	200
3131	24.8783	2.23999	26.2724	200
3132	24.2092	2.23739	26.2572	200
3133	24.1508	2.23546	26.2417	200
3134	24.8453	2.22312	26.2315	200
3135	25.5503	2.20045	26.2265	200
3136	25.7375	2.17528	26.2229	200
3137	25.6008	2.15244	26.2183	200
3138	24.8935	2.14026	26.2085	200
3139	24.8727	2.12843	26.1987	200
3140	24.9874	2.11495	26.1898	200
3141	24.9221	2.10249	26.1805	200
3142	24.7798	2.09216	26.1702	200
3143	24.9039	2.08002	26.1609	200
3144	24.9359	2.06744	26.1519	200
3145	25.6526	2.04438	26.1482	200
3146	25.6014	2.02236	26.1442	200
3147	25.5515	2.00133	26.1398	200
3148	26.2571	1.97363	26.1407	200
3149	26.3122	1.94712	26.1419	200
3150	26.9742	1.93073	26.1481	200
3151	26.995	1.91479	26.1543	200
3152	26.9853	1.89885	26.1604	200
3153	27.6982	1.89354	26.1717	200
3154	27.6882	1.888	26.1829	200
3155	28.3737	1.89245	26.199	200
3156	28.3942	1.8969	26.2151	200
3157	28.3588	1.90053	26.2309	200
3158	28.3803	1.90419	26.2467	200
3159	28.344	1.90703	26.2621	200
3160	28.3316	1.90942	26.2773	200
3161	28.4006	1.91256	26.2929	200
3162	28.3891	1.91526	26.3083	200
3163	28.3878	1.91768	26.3236	200
3164	28.3846	1.91979	26.3388	200
3165	28.9912	1.93123	26.3595	200
3166	28.9545	1.9416	26.3798	200
3167	29.0658	1.95401	26.4022	200
3168	29.0059	1.96484	26.4239	200
3169	30.1472	1.99624	26.4571	200
3170	31.3512	2.04799	26.5008	200
3171	31.2204	2.09936	26.5462	200
3172	31.3633	2.15163	26.5925	200
3173	32.0501	2.2205	26.6493	200
3174	32.0767	2.28731	26.7059	200
3175	31.9525	2.35457	26.7655	200
3176	32.0385	2.42089	26.8254	200
3177	32.0595	2.49122	26.8908	200
3178	32.0391	2.55765	26.9552	200
3179	31.8445	2.62242	27.0231	200
3180	32.0357	2.68881	27.0927	200
3181	32.1071	2.75341	27.1624	200
3182	32.7903	2.83326	27.2405	200
3183	32.0515	2.88819	27.3074	200
3184	32.716	2.9582	27.3825	200
3185	32.0588	3.00593	27.4474	200
3186	32.0315	3.04976	27.5111	200
3187	32.0401	3.09086	27.574	200
3188	31.373	3.11053	27.6268	200
3189	32.0536	3.14709	27.6882	200
3190	31.3436	3.16121	27.739	200
3191	31.322	3.17292	27.7888	200
3192	32.0499	3.20315	27.8479	200
3193	31.3229	3.2107	27.8962	200
3194	32.0482	3.23685	27.9539	200
3195	32.0367	3.26035	28.0106	200
3196	32.0007	3.28062	28.066	200
3197	31.9988	3.29873	28.1206	200
3198	21.8127	3.38232	28.033	200
3199	21.8277	3.46074	27.9468	200
3200	21.0722	3.55557	27.8513	200
3201	21.8596	3.62324	27.7681	200
3202	22.5443	3.6677	27.6956	200
3203	21.8383	3.72244	27.6224	200
3204	21.8412	3.77391	27.5501	200
3205	21.8516	3.82202	27.4789	200
3206	22.5482	3.84974	27.4172	200
3207	22.5122	3.87612	27.3559	200
3208	21.8339	3.91727	27.2869	200
3209	21.8681	3.9548	27.2192	200
3210	21.8545	3.99005	27.1521	200
3211	21.1804	4.03959	27.0774	200
3212	21.2046	4.08542	27.004	200
3213	20.4822	4.14633	26.9225	200
3214	20.5086	4.20302	26.8423	200
3215	20.4816	4.25697	26.7628	200
3216	20.4797	4.30762	26.6843	200
3217	23.4041	4.28193	26.6433	200
3218	23.3552	4.25709	26.6022	200
3219	23.448	4.22951	26.5628	200
3220	22.6942	4.22049	26.5144	200
3221	22.7069	4.21016	26.4668	200
3222	23.4003	4.18157	26.4285	200
3223	23.4179	4.1523	26.3908	200
3224	23.4369	4.12234	26.3539	200
3225	23.4094	4.09289	26.3171	200
3226	22.7955	4.07861	26.2731	200
3227	22.7228	4.0654	26.2287	200
3228	22.7795	4.04999	26.1856	200
3229	22.7497	4.03464	26.1426	200
3230	22.8861	4.01519	26.1019	200
3231	23.7689	3.97313	26.0728	200
3232	23.4673	3.93894	26.0402	200
3233	23.4612	3.90494	26.008	200
3234	24.1308	3.85425	25.9845	200
3235	24.2048	3.80238	25.9623	200
3236	24.8545	3.73502	25.9484	200
3237	24.8157	3.66996	25.9342	200
3238	24.8847	3.60445	25.9211	200
3239	24.8486	3.54115	25.9077	200
3240	24.8938	3.47797	25.895	200
3241	24.8679	3.41669	25.8822	200
3242	24.821	3.35781	25.8689	200
3243	25.5387	3.28212	25.8648	200
3244	25.5166	3.21544	25.8609	200
3245	25.5051	3.15044	25.8568	200
3246	25.5338	3.08618	25.8531	200
3247	25.4619	3.02494	25.8487	200
3248	25.8162	2.95692	25.8483	200
3249	25.7873	2.89111	25.8476	200
3250	25.8433	2.8255	25.8476	200
3251	25.6905	2.76485	25.8458	200
3252	24.8161	2.72542	25.8341	200
3253	25.0799	2.68061	25.8255	200
3254	25.8263	2.61971	25.8255	200
3255	25.0991	2.57668	25.8173	200
3256	25.0501	2.53555	25.8086	200
3257	24.4366	2.50911	25.793	200
3258	26.1358	2.45987	25.7969	200
3259	26.0499	2.40972	25.7997	200
3260	26.3402	2.36723	25.8059	200
3261	26.0341	2.31862	25.8085	200
3262	26.1249	2.27311	25.8121	200
3263	26.2452	2.2313	25.817	200
3264	26.1091	2.18722	25.8203	200
3265	26.7991	2.15976	25.8314	200
3266	26.8304	2.13337	25.8428	200
3267	26.7978	2.10659	25.8536	200
3268	26.8154	2.08057	25.8646	200
3269	26.7739	2.05395	25.8749	200
3270	26.5343	2.02226	25.8824	200
3271	26.4612	1.98945	25.889	200
3272	26.4698	1.95744	25.8956	200
3273	26.4566	1.9257	25.9019	200
3274	26.4967	1.89545	25.9087	200
3275	26.4744	1.86523	25.9151	200
3276	25.7731	1.82606	25.9135	200
3277	25.7923	1.78731	25.9121	200
3278	25.7886	1.7495	25.9107	200
3279	26.2426	1.71728	25.9145	200
3280	23.8792	1.72451	25.8914	200
3281	23.9374	1.72972	25.8692	200
3282	23.6471	1.74091	25.8439	200
3283	23.9161	1.74516	25.822	200
3284	23.8659	1.74995	25.7998	200
3285	23.8293	1.75497	25.7774	200
3286	23.8828	1.75814	25.7559	200
3287	23.886	1.76068	25.7346	200
3288	24.5712	1.7471	25.7214	200
3289	24.5514	1.73508	25.7092	200
3290	24.5981	1.72208	25.6976	200
3291	24.552	1.71007	25.6857	200
3292	24.5942	1.69718	25.6743	200
3293	24.6281	1.68362	25.6634	200
3294	24.5967	1.67077	25.6523	200
3295	24.5762	1.65838	25.6411	200
3296	24.5902	1.64572	25.6302	200
3297	24.5246	1.63447	25.6186	200
3298	24.5952	1.62174	25.608	200
3299	24.5677	1.60962	25.5971	200
3300	24.5674	1.59754	25.5864	200
3301	24.5951	1.58491	25.5761	200
3302	24.0897	1.58286	25.5606	200
3303	23.018	1.60285	25.5341	200
3304	23.0189	1.62186	25.5079	200
3305	23.0697	1.63886	25.4825	200
3306	23.1457	1.6534	25.4582	200
3307	23.1238	1.66759	25.4339	200
3308	23.065	1.6822	25.4092	200
3309	23.1382	1.69447	25.3855	200
3310	23.145	1.70584	25.3622	200
3311	23.129	1.71683	25.3389	200
3312	23.813	1.71285	25.323	200
3313	23.8435	1.70799	25.3076	200
3314	23.8046	1.70372	25.292	200
3315	23.8239	1.69881	25.2767	200
3316	23.8078	1.69402	25.2614	200
3317	23.7436	1.69035	25.2456	200
3318	23.7892	1.68547	25.2304	200
3319	23.7787	1.6806	25.2153	200
3320	23.7849	1.67539	25.2004	200
3321	24.2577	1.66012	25.1905	200
3322	24.2421	1.64529	25.1807	200
3323	24.2392	1.63063	25.1709	200
3324	24.2273	1.61632	25.161	200
3325	24.2218	1.60221	25.1512	200
3326	24.2658	1.58728	25.142	200
3327	18.2924	1.69691	25.0707	200
3328	17.9303	1.81031	24.9963	200
3329	17.7795	1.92295	24.9211	200
3330	17.6813	2.03372	24.8457	200
3331	18.396	2.12572	24.7785	200
3332	18.4559	2.21315	24.7126	200
3333	18.3906	2.29875	24.6468	200
3334	19.0371	2.36773	24.5884	200
3335	19.0557	2.43366	24.5307	200
3336	19.0659	2.49681	24.4738	200
3337	19.7686	2.54282	24.4248	200
3338	19.9191	2.58057	24.3815	200
3339	20.5785	2.60407	24.3449	200
3340	20.5895	2.62622	24.3088	200
3341	21.275	2.63405	24.2796	200
3342	21.2457	2.64174	24.2504	200
3343	21.3299	2.6471	24.2224	200
3344	21.9653	2.6396	24.2007	200
3345	21.9788	2.63157	24.1793	200
3346	22.244	2.61818	24.1607	200
3347	22.1997	2.60554	24.1418	200
3348	22.209	2.5926	24.1232	200
3349	22.2326	2.5791	24.1051	200
3350	22.2234	2.56569	24.087	200
3351	22.1477	2.55364	24.0683	200
3352	21.4603	2.55469	24.0432	200
3353	21.4726	2.555	24.0185	200
3354	21.5066	2.55417	23.9944	200
3355	21.5422	2.55221	23.9708	200
3356	20.8437	2.56326	23.9407	200
3357	20.8202	2.57398	23.9107	200
3358	20.8468	2.5834	23.8813	200
3359	20.2257	2.60402	23.8461	200
3360	20.2008	2.62404	23.8111	200
3361	20.1456	2.64407	23.7758	200
3362	20.1491	2.66296	23.7409	200
3363	21.5153	2.65455	23.7195	200
3364	21.3625	2.64883	23.6969	200
3365	20.7034	2.65546	23.6681	200
3366	21.362	2.64874	23.6459	200
3367	20.675	2.65494	23.6173	200
3368	21.389	2.64673	23.5959	200
3369	21.4143	2.63779	23.5749	200
3370	20.7337	2.6417	23.5476	200
3371	21.4154	2.6319	23.5271	200
3372	20.6587	2.63645	23.4995	200
3373	20.6808	2.63995	23.4724	200
3374	20.7252	2.64201	23.446	200
3375	21.4009	2.63053	23.4264	200
3376	21.3965	2.61898	23.4068	200
3377	21.397	2.60727	23.3875	200
3378	21.6341	2.59085	23.3706	200
3379	22.6999	2.55392	23.3642	200
3380	22.7737	2.51616	23.3585	200
3381	23.4487	2.46951	23.3594	200
3382	23.4536	2.42383	23.3603	200
3383	24.0943	2.39133	23.3673	200
3384	24.1111	2.35965	23.3745	200
3385	24.056	2.32737	23.381	200
3386	24.831	2.3105	23.395	200
3387	24.8321	2.2937	23.4088	200
3388	25.1749	2.28356	23.4258	200
3389	24.1664	2.25388	23.4329	200
3390	24.9117	2.23898	23.4471	200
3391	24.8864	2.2247	23.46	200
3392	24.9501	2.21158	23.4733	200
3393	24.2764	2.18643	23.4805	200
3394	24.2696	2.16148	23.4875	200
3395	23.6599	2.12596	23.489	200
3396	24.182	2.10037	23.4952	200
3397	24.3852	2.07875	23.5032	200
3398	23.5279	2.04208	23.5034	200
3399	23.5689	2.00678	23.504	200
3400	23.5882	1.97245	23.5047	200
3401	23.5397	1.93785	23.505	200
3402	22.8681	1.91462	23.4994	200
3403	22.8681	1.8917	23.4937	200
3404	22.9068	1.8684	23.4885	200
3405	22.7316	1.84855	23.4817	200
3406	21.9575	1.84276	23.4681	200
3407	21.9469	1.83702	23.4545	200
3408	21.2713	1.8432	23.435	200
3409	21.3034	1.84835	23.416	200
3410	20.6019	1.86559	23.3909	200
3411	20.5905	1.88229	23.3659	200
3412	20.5603	1.89877	23.3408	200
3413	19.8365	1.92744	23.3095	200
3414	19.9327	1.95332	23.2794	200
3415	19.5392	1.98523	23.246	200
3416	20.5527	1.99787	23.2219	200
3417	20.5114	2.0106	23.1977	200
3418	21.1832	2.01067	23.1797	200
3419	21.1803	2.01047	23.1619	200
3420	21.152	2.01045	23.1439	200
3421	21.8191	1.99821	23.1321	200
3422	21.8354	1.98568	23.1205	200
3423	21.8552	1.97282	23.1092	200
3424	21.862	1.95986	23.0981	200
3425	21.6849	1.9501	23.0855	200
3426	22.522	1.92534	23.0805	200
3427	22.5109	1.90113	23.0754	200
3428	22.5008	1.87744	23.0702	200
3429	23.301	1.84803	23.0723	200
3430	23.1784	1.81693	23.0732	200
3431	23.9202	1.79961	23.0808	200
3432	23.928	1.7826	23.0884	200
3433	24.1256	1.76929	23.0976	200
3434	24.1338	1.7562	23.1069	200
3435	25.0852	1.76016	23.1245	200
3436	24.4533	1.75246	23.1364	200
3437	24.1445	1.73916	23.1454	200
3438	24.1536	1.72611	23.1544	200
3439	24.1672	1.71337	23.1635	200
3440	24.1481	1.70036	23.1722	200
3441	24.1821	1.68803	23.1813	200
3442	24.1406	1.67501	23.1898	200
3443	24.8504	1.67475	23.2047	200
3444	25.2788	1.68189	23.2232	200
3445	25.9274	1.70014	23.2473	200
3446	26.0777	1.72032	23.2726	200
3447	26.7277	1.7513	23.3034	200
3448	26.6545	1.77796	23.3314	200
3449	26.6342	1.80338	23.3589	200
3450	25.9366	1.81628	23.3804	200
3451	26.0525	1.83055	23.4026	200
3452	25.8305	1.8405	23.4229	200
3453	25.2256	1.83987	23.4379	200
3454	25.2892	1.84006	23.4533	200
3455	24.5966	1.82845	23.4628	200
3456	24.6073	1.81705	23.4724	200
3457	24.6627	1.8066	23.4823	200
3458	24.5378	1.79408	23.4911	200
3459	24.5819	1.78236	23.5002	200
3460	23.9406	1.76	23.5038	200
3461	23.8588	1.73658	23.5068	200
3462	23.4444	1.70867	23.5063	200
3463	23.2498	1.68447	23.5041	200
3464	22.2892	1.67664	23.494	200
3465	22.9182	1.6583	23.4892	200
3466	23.8625	1.63688	23.4923	200
3467	23.8757	1.61599	23.4955	200
3468	23.9667	1.59691	23.4995	200
3469	24.6452	1.58939	23.509	200
3470	24.5273	1.57987	23.5175	200
3471	25.255	1.5825	23.532	200
3472	24.6068	1.57404	23.5409	200
3473	23.452	1.54928	23.5402	200
3474	23.4731	1.52458	23.5396	200
3475	23.371	1.50198	23.5382	200
3476	24.0593	1.48563	23.5426	200
3477	24.7974	1.48178	23.553	200
3478	24.8752	1.47912	23.564	200
3479	25.8784	1.49304	23.5833	200
3480	25.9186	1.50708	23.6028	200
3481	25.7975	1.51854	23.6211	200
3482	25.9218	1.53158	23.6402	200
3483	25.88	1.54338	23.6589	200
3484	26.5376	1.56564	23.6829	200
3485	26.5857	1.58792	23.7071	200
3486	26.5792	1.60933	23.731	200
3487	26.5609	1.62967	23.7546	200
3488	25.8549	1.63751	23.7721	200
3489	25.8886	1.64606	23.791	200
3490	25.8514	1.65346	23.8094	200
3491	25.8967	1.6618	23.8295	200
3492	25.6227	1.66433	23.8467	200
3493	27.2519	1.7006	23.8822	200
3494	27.2314	1.73494	23.9171	200
3495	27.2518	1.7713	23.955	200
3496	27.26	1.80616	23.9925	200
3497	27.2667	1.84286	24.0334	200
3498	27.1809	1.87548	24.0728	200
3499	26.4838	1.89035	24.1063	200
3500	26.5669	1.90619	24.1404	200
3501	25.8689	1.90064	24.1674	200
3502	25.8524	1.8939	24.1938	200
3503	26.6093	1.9102	24.2315	200
3504	25.8718	1.90176	24.2571	200
3505	25.8507	1.89213	24.282	200
3506	25.912	1.88393	24.3075	200
3507	25.8519	1.87332	24.3316	200
3508	27.2427	1.90575	24.3771	200
3509	27.2107	1.93474	24.4214	200
3510	26.2171	1.9304	24.4495	200
3511	26.2298	1.92571	24.4773	200
3512	26.1987	1.91932	24.5042	200
3513	26.1813	1.91175	24.5304	200
3514	26.2134	1.9046	24.5567	200
3515	25.5548	1.87628	24.5723	200
3516	26.2516	1.87012	24.5985	200
3517	26.216	1.86223	24.6238	200
3518	15.949	2.07512	24.4882	200
3519	15.8877	2.27903	24.3539	200
3520	15.9362	2.47087	24.2223	200
3521	15.9723	2.65146	24.0934	200
3522	15.9198	2.82403	23.9657	200
3523	15.9371	2.98667	23.8403	200
3524	15.2059	3.16316	23.7053	200
3525	15.263	3.32814	23.5734	200
3526	15.932	3.46293	23.454	200
3527	16.2352	3.56726	23.3538	200
3528	15.8813	3.67574	23.25	200
3529	16.0547	3.7735	23.1501	200
3530	15.9441	3.86885	23.05	200
3531	15.9566	3.95842	22.9514	200
3532	15.9654	4.04252	22.8544	200
3533	15.2031	4.14276	22.7482	200
3534	15.2677	4.23547	22.6443	200
3535	19.0532	4.21757	22.5944	200
3536	18.3713	4.21773	22.5357	200
3537	18.3585	4.2166	22.4777	200
3538	18.32	4.21496	22.42	200
3539	17.6988	4.22902	22.3544	200
3540	17.6569	4.24204	22.2891	200
3541	18.3788	4.23282	22.2348	200
3542	18.3638	4.22277	22.1811	200
3543	19.0678	4.19195	22.1378	200
3544	19.734	4.14228	22.1044	200
3545	19.434	4.1014	22.0674	200
3546	19.7667	4.05137	22.0354	200
3547	19.634	4.00554	22.002	200
3548	19.7609	3.95653	21.9709	200
3549	19.7303	3.90887	21.9398	200
3550	20.8278	3.83117	21.9244	200
3551	20.4205	3.76653	21.9035	200
3552	20.4156	3.70323	21.8828	200
3553	23.0564	3.63296	21.8991	200
3554	23.0604	3.5643	21.9152	200
3555	23.7333	3.51579	21.9405	200
3556	23.7653	3.46882	21.9658	200
3557	23.7031	3.42072	21.99	200
3558	24.4572	3.39424	22.0242	200
3559	23.7337	3.34744	22.048	200
3560	23.7143	3.30074	22.0711	200
3561	23.0381	3.23591	22.0845	200
3562	23.0592	3.1731	22.0981	200
3563	23.7252	3.13016	22.1207	200
3564	23.7358	3.09228	22.1409	200
3565	23.7443	3.05506	22.1609	200
3566	24.9631	3.04874	22.1959	200
3567	24.3086	3.02534	22.2223	200
3568	23.7612	2.98817	22.2416	200
3569	22.6591	2.92391	22.2468	200
3570	23.0432	2.87072	22.2567	200
3571	23.0395	2.81852	22.2665	200
3572	22.5434	2.75498	22.27	200
3573	22.5697	2.6936	22.2737	200
3574	22.5609	2.63344	22.2773	200
3575	22.4874	2.57285	22.28	200
3576	23.2342	2.53239	22.2919	200
3577	22.4871	2.47396	22.2943	200
3578	22.5044	2.41736	22.2969	200
3579	23.2062	2.37966	22.3083	200
3580	23.2433	2.34354	22.32	200
3581	23.8915	2.32424	22.3396	200
3582	23.902	2.30519	22.3592	200
3583	25.521	2.32661	22.3987	200
3584	26.1728	2.36279	22.4459	200
3585	26.1738	2.39692	22.4925	200
3586	25.6572	2.41612	22.532	200
3587	26.3117	2.45021	22.5793	200
3588	26.8697	2.49621	22.6329	200
3589	27.5067	2.55565	22.6938	200
3590	27.6647	2.61603	22.756	200
3591	27.673	2.67356	22.8174	200
3592	28.0618	2.73783	22.883	200
3593	28.7489	2.81603	22.9563	200
3594	28.0795	2.87371	23.0203	200
3595	28.1409	2.92988	23.0843	200
3596	27.3833	2.96411	23.1381	200
3597	27.3868	2.99622	23.1912	200
3598	27.4239	3.02713	23.2441	200
3599	26.7608	3.03937	23.2881	200
3600	26.8702	3.05294	23.3328	200
3601	26.1065	3.04596	23.3675	200
3602	26.1329	3.03894	23.4021	200
3603	26.8291	3.04865	23.4449	200
3604	26.5811	3.05063	23.4805	200
3605	25.9047	3.0364	23.5081	200
3606	25.91	3.02197	23.5354	200
3607	25.8761	3.00649	23.562	200
3608	25.877	2.99078	23.5883	200
3609	26.605	2.99136	23.6226	200
3610	25.9153	2.97548	23.6486	200
3611	25.8344	2.95754	23.6735	200
3612	26.549	2.95567	23.7061	200
3613	28.5372	2.99829	23.761	200
3614	27.8656	3.02344	23.8077	200
3615	27.836	3.04627	23.8535	200
3616	28.5156	3.083	23.9064	200
3617	28.5348	3.11812	23.959	200
3618	29.2686	3.16792	24.0194	200
3619	29.2414	3.21461	24.0787	200
3620	29.1884	3.25768	24.1368	200
3621	29.0238	3.29471	24.1923	200
3622	29.1626	3.33279	24.2488	200
3623	29.8305	3.3839	24.3122	200
3624	29.7946	3.43159	24.3745	200
3625	30.475	3.49225	24.4438	200
3626	29.8186	3.53503	24.5049	200
3627	29.7998	3.57503	24.5651	200
3628	29.8011	3.61278	24.6246	200
3629	29.1221	3.63288	24.6757	200
3630	29.1288	3.65153	24.7263	200
3631	28.4264	3.65263	24.7683	200
3632	28.4062	3.6523	24.8097	200
3633	28.3626	3.65004	24.85	200
3634	27.6677	3.63112	24.8821	200
3635	27.9234	3.61771	24.9166	200
3636	27.9294	3.60396	24.9509	200
3637	28.0145	3.59168	24.9857	200
3638	27.3128	3.56294	25.0121	200
3639	27.2924	3.53379	25.038	200
3640	26.5732	3.48837	25.0555	200
3641	26.5765	3.44366	25.0728	200
3642	26.5987	3.40007	25.0901	200
3643	26.6206	3.35758	25.1075	200
3644	26.5945	3.31507	25.1244	200
3645	25.9142	3.25767	25.1334	200
3646	25.9244	3.20161	25.1424	200
3647	26.031	3.14905	25.1525	200
3648	26.6871	3.11235	25.1699	200
3649	26.6177	3.07768	25.185	200
3650	26.6414	3.0439	25.2001	200
3651	26.5996	3.00964	25.2147	200
3652	26.7084	2.97805	25.2303	200
3653	26.6577	2.94575	25.2451	200
3654	26.6295	2.91322	25.2596	200
3655	26.6325	2.88113	25.2739	200
3656	26.6501	2.84978	25.2882	200
3657	26.6206	2.81817	25.3021	200
3658	24.0977	2.78454	25.2895	200
3659	24.1224	2.75085	25.2774	200
3660	23.9925	2.72031	25.264	200
3661	24.0256	2.68943	25.2511	200
3662	24.0746	2.65791	25.2388	200
3663	24.0709	2.62687	25.2267	200
3664	24.0621	2.5964	25.2145	200
3665	24.0598	2.56637	25.2025	200
3666	24.083	2.53623	25.1908	200
3667	24.0646	2.50685	25.1791	200
3668	24.8164	2.46218	25.1753	200
3669	24.7912	2.41889	25.1713	200
3670	24.6445	2.37947	25.1658	200
3671	24.6642	2.34035	25.1606	200
3672	26.0246	2.30959	25.1696	200
3673	26.1229	2.28133	25.1795	200
3674	26.8239	2.26806	25.1967	200
3675	26.7916	2.25404	25.2133	200
3676	26.7001	2.23805	25.2288	200
3677	26.7433	2.22298	25.2446	200
3678	26.748	2.20799	25.2602	200
3679	26.8095	2.19427	25.2764	200
3680	26.7606	2.17947	25.2918	200
3681	26.8122	2.16574	25.3076	200
3682	25.9262	2.13351	25.3141	200
3683	25.8324	2.09985	25.3195	200
3684	26.1661	2.07375	25.3283	200
3685	26.5753	2.05652	25.3413	200
3686	26.5742	2.03936	25.3541	200
3687	26.5058	2.02087	25.3661	200
3688	26.5773	2.004	25.3787	200
3689	26.687	1.9895	25.3924	200
3690	26.6817	1.97492	25.4058	200
3691	26.7575	1.96193	25.4199	200
3692	25.9314	1.93171	25.4252	200
3693	25.9787	1.903	25.431	200
3694	26.0899	1.87708	25.4378	200
3695	26.0212	1.85013	25.4439	200
3696	25.3939	1.81263	25.4434	200
3697	26.0156	1.78678	25.4494	200
3698	26.0078	1.76316	25.4547	200
3699	26.0992	1.74165	25.4609	200
3700	26.171	1.72181	25.4677	200
3701	26.1277	1.70139	25.4741	200
3702	26.8133	1.69442	25.487	200
3703	26.8234	1.68754	25.4998	200
3704	27.4613	1.6928	25.5187	200
3705	27.5419	1.69916	25.5381	200
3706	28.1588	1.71688	25.5633	200
3707	29.1806	1.75342	25.5981	200
3708	29.2312	1.78957	25.633	200
3709	28.9742	1.81941	25.6652	200
3710	29.2207	1.85279	25.6994	200
3711	29.2192	1.88485	25.7332	200
3712	29.8915	1.92857	25.7732	200
3713	29.9235	1.9713	25.8131	200
3714	29.8141	2.01033	25.8516	200
3715	30.5349	2.06174	25.8966	200
3716	30.4704	2.11004	25.9406	200
3717	30.5147	2.15743	25.9846	200
3718	30.5174	2.20311	26.0281	200
3719	30.4775	2.24631	26.0709	200
3720	31.2033	2.30181	26.1203	200
3721	31.1654	2.35456	26.1688	200
3722	31.2024	2.40608	26.2172	200
3723	31.9507	2.47007	26.2723	200
3724	31.8868	2.53054	26.3263	200
3725	31.7843	2.58684	26.3788	200
3726	31.7426	2.64024	26.4304	200
3727	31.7967	2.69267	26.4819	200
3728	32.6759	2.76	26.5415	200
3729	32.6945	2.82525	26.6007	200
3730	32.7141	2.88848	26.6595	200
3731	32.6421	2.94799	26.717	200
3732	31.9915	2.99273	26.7677	200
3733	24.5718	2.9774	26.7466	200
3734	24.3879	2.9655	26.7239	200
3735	24.3892	2.95337	26.7015	200
3736	24.3803	2.94121	26.6791	200
3737	25.0745	2.91551	26.6637	200
3738	24.3879	2.9032	26.6418	200
3739	24.3666	2.89113	26.6199	200
3740	25.0677	2.86538	26.605	200
3741	24.3015	2.85457	26.5829	200
3742	24.3596	2.84243	26.5615	200
3743	24.3334	2.83062	26.5401	200
3744	24.3086	2.81909	26.5186	200
3745	24.2879	2.80778	26.4972	200
3746	23.6212	2.80909	26.4695	200
3747	23.673	2.80885	26.4426	200
3748	23.6513	2.80851	26.4158	200
3749	23.5943	2.80876	26.3886	200
3750	24.2691	2.7955	26.3683	200
3751	24.3136	2.78227	26.3499	200
3752	24.4354	2.76678	26.3328	200
3753	24.3499	2.75278	26.3151	200
3754	24.331	2.73906	26.2974	200
3755	23.4198	2.74153	26.2717	200
3756	23.4285	2.74334	26.2463	200
3757	23.443	2.74441	26.2213	200
3758	23.4407	2.74506	26.1965	200
3759	23.4387	2.74529	26.1718	200
3760	25.3046	2.71175	26.1641	200
3761	25.4768	2.6756	26.158	200
3762	25.513	2.63933	26.1522	200
3763	25.4847	2.60412	26.1462	200
3764	24.8083	2.58151	26.1343	200
3765	25.4909	2.5469	26.1285	200
3766	25.5384	2.51196	26.1233	200
3767	24.783	2.49104	26.1113	200
3768	25.4938	2.45758	26.1058	200
3769	25.4686	2.42507	26.1001	200
3770	25.5141	2.39223	26.0949	200
3771	25.535	2.35951	26.0899	200
3772	25.509	2.32775	26.0847	200
3773	26.2207	2.28861	26.0859	200
3774	26.3685	2.25279	26.0884	200
3775	26.4771	2.2195	26.0919	200
3776	26.3408	2.18431	26.0941	200
3777	26.3595	2.15004	26.0965	200
3778	27.0044	2.12786	26.1046	200
3779	27.0049	2.10594	26.1126	200
3780	26.2228	2.0703	26.1136	200
3781	26.2942	2.03655	26.1152	200
3782	26.3076	2.00362	26.1169	200
3783	25.642	1.97633	26.1127	200
3784	25.6286	1.94968	26.1084	200
3785	24.9404	1.93572	26.098	200
3786	24.9442	1.92175	26.0876	200
3787	25.631	1.89559	26.0836	200
3788	22.9924	1.91694	26.056	200
3789	22.8988	1.93909	26.0278	200
3790	23.0032	1.95847	26.0008	200
3791	22.2499	1.99048	25.9673	200
3792	22.3627	2.0193	25.9351	200
3793	21.7025	2.05882	25.8973	200
3794	21.6796	2.09737	25.8596	200
3795	21.7027	2.13415	25.8225	200
3796	21.0232	2.18174	25.7797	200
3797	20.9536	2.22896	25.7366	200
3798	20.9827	2.27405	25.6941	200
3799	21.6452	2.30574	25.658	200
3800	21.681	2.33559	25.6225	200
3801	21.6669	2.36451	25.5872	200
3802	21.4465	2.39623	25.5502	200
3803	21.3827	2.42786	25.513	200
3804	22.2373	2.443	25.4837	200
3805	22.1906	2.45818	25.4543	200
3806	22.262	2.47129	25.4258	200
3807	22.963	2.47114	25.4038	200
3808	22.9229	2.4713	25.3832	200
3809	23.571	2.46031	25.3681	200
3810	23.6099	2.44861	25.3534	200
3811	24.2839	2.42563	25.3445	200
3812	24.2962	2.40267	25.3358	200
3813	24.2852	2.38014	25.327	200
3814	24.9649	2.3465	25.324	200
3815	24.9318	2.31393	25.3207	200
3816	24.9802	2.28104	25.3179	200
3817	25.1079	2.24652	25.3161	200
3818	26.565	2.22989	25.3265	200
3819	26.4443	2.21135	25.3359	200
3820	26.5354	2.19449	25.3459	200
3821	26.4447	2.17623	25.355	200
3822	26.4408	2.15805	25.3641	200
3823	26.3969	2.1393	25.3727	200
3824	26.4277	2.12123	25.3815	200
3825	26.421	2.1032	25.3901	200
3826	27.165	2.09773	25.4049	200
3827	26.4987	2.08099	25.414	200
3828	25.7482	2.05188	25.4168	200
3829	25.774	2.02363	25.4198	200
3830	25.0999	1.99524	25.4171	200
3831	26.2275	1.97549	25.4239	200
3832	26.2538	1.9564	25.4308	200
3833	26.1407	1.93562	25.4367	200
3834	26.2569	1.91703	25.4435	200
3835	26.1786	1.89733	25.4497	200
3836	26.1824	1.87792	25.4558	200
3837	26.8612	1.87004	25.4675	200
3838	26.8801	1.86242	25.4792	200
3839	26.2788	1.84471	25.4859	200
3840	26.1941	1.82576	25.4918	200
3841	26.2004	1.80714	25.4977	200
3842	26.1878	1.78852	25.5035	200
3843	26.8966	1.78193	25.5151	200
3844	26.2186	1.76396	25.5209	200
3845	26.2116	1.74607	25.5267	200
3846	25.4957	1.71749	25.5264	200
3847	25.4295	1.69048	25.5256	200
3848	24.1598	1.68507	25.5142	200
3849	23.9087	1.68374	25.5009	200
3850	24.5942	1.67079	25.4933	200
3851	24.5509	1.65865	25.4855	200
3852	24.5497	1.6466	25.4777	200
3853	24.5872	1.634	25.4702	200
3854	24.6382	1.62063	25.4633	200
3855	24.595	1.60809	25.4561	200
3856	23.8603	1.60788	25.4428	200
3857	24.5164	1.59652	25.435	200
3858	24.5698	1.58434	25.4278	200
3859	25.2639	1.56066	25.4265	200
3860	25.2326	1.53788	25.4249	200
3861	24.8491	1.52185	25.4201	200
3862	24.7529	1.5076	25.4145	200
3863	24.1614	1.50336	25.4041	200
3864	24.8762	1.4871	25.3997	200
3865	24.8982	1.47067	25.3955	200
3866	24.8315	1.45556	25.3908	200
3867	24.8492	1.44033	25.3863	200
3868	25.7041	1.42162	25.3889	200
3869	25.7205	1.40459	25.3915	200
3870	25.9412	1.39123	25.3958	200
3871	25.7038	1.3743	25.3982	200
3872	25.0111	1.35888	25.3952	200
3873	25.1418	1.3416	25.3932	200
3874	24.5053	1.33451	25.3863	200
3875	24.4192	1.32877	25.3787	200
3876	24.4536	1.32246	25.3715	200
3877	24.462	1.31601	25.3644	200
3878	24.9724	1.30157	25.3613	200
3879	26.2852	1.29567	25.3685	200
3880	27.1907	1.3039	25.3828	200
3881	26.5352	1.30153	25.3918	200
3882	26.5411	1.29915	25.4007	200
3883	26.53	1.29649	25.4096	200
3884	26.5131	1.29348	25.4182	200
3885	26.4892	1.29	25.4265	200
3886	26.5181	1.2869	25.4351	200
3887	27.2294	1.29483	25.4491	200
3888	27.2337	1.30248	25.463	200
3889	27.2515	1.31008	25.477	200
3890	27.1912	1.31639	25.4904	200
3891	27.2164	1.32279	25.5039	200
3892	26.4713	1.31723	25.5114	200
3893	26.5306	1.31258	25.5194	200
3894	26.5443	1.30808	25.5274	200
3895	26.3979	1.30124	25.5342	200
3896	26.4679	1.2955	25.5415	200
3897	27.169	1.30069	25.5542	200
3898	27.1665	1.30556	25.5668	200
3899	26.9993	1.30754	25.578	200
3900	28.4069	1.33131	25.6001	200
3901	28.4058	1.35435	25.622	200
3902	28.7668	1.38232	25.6466	200
3903	29.0942	1.41459	25.6735	200
3904	29.1214	1.44636	25.7005	200
3905	28.9416	1.4744	25.7258	200
3906	28.9014	1.50099	25.7506	200
3907	28.9664	1.52778	25.7757	200
3908	28.9958	1.55422	25.8009	200
3909	28.9765	1.57956	25.8257	200
3910	29.0342	1.60501	25.8507	200
3911	28.9835	1.62888	25.8752	200
3912	28.9958	1.65219	25.8996	200
3913	29.1825	1.67766	25.9252	200
3914	29.7699	1.71152	25.9553	200
3915	29.7639	1.74429	25.985	200
3916	29.7812	1.77635	26.0147	200
3917	30.4463	1.81784	26.0493	200
3918	30.4494	1.85818	26.0837	200
3919	29.7581	1.88656	26.1124	200
3920	29.6679	1.91264	26.1402	200
3921	29.8471	1.94067	26.1691	200
3922	29.1413	1.95679	26.1924	200
3923	29.1698	1.97274	26.2156	200
3924	29.1239	1.98736	26.2383	200
3925	29.1254	2.00141	26.2609	200
3926	29.1441	2.01519	26.2834	200
3927	28.4591	2.0177	26.3004	200
3928	28.3966	2.01892	26.3168	200
3929	27.7654	2.01001	26.3281	200
3930	27.7623	2.00102	26.3393	200
3931	27.7883	1.99239	26.3506	200
3932	27.0065	1.97151	26.3558	200
3933	27.7372	1.96167	26.3673	200
3934	28.4065	1.96296	26.3843	200
3935	27.7974	1.95315	26.3969	200
3936	27.7663	1.94272	26.4091	200
3937	28.4198	1.94403	26.4284	200
3938	28.4552	1.94562	26.4479	200
3939	29.1039	1.96042	26.4756	200
3940	29.1359	1.975	26.5033	200
3941	29.0994	1.98912	26.5328	200
3942	29.1104	2.00249	26.5621	200
3943	28.3767	1.9978	26.5848	200
3944	29.108	2.01093	26.6163	200
3945	29.1205	2.02463	26.6511	200
3946	28.9159	2.0313	26.6825	200
3947	28.3113	2.01872	26.708	200
3948	29.0087	2.02753	26.7439	200
3949	29.0049	2.03483	26.7793	200
3950	28.2989	2.02052	26.8004	200
3951	28.314	2.00644	26.8214	200
3952	28.3202	1.99233	26.8422	200
3953	28.341	1.97863	26.863	200
3954	28.2005	1.96082	26.8816	200
3955	28.478	1.95069	26.9038	200
3956	28.3283	1.93608	26.9236	200
3957	28.2883	1.92021	26.9425	200
3958	28.257	1.90338	26.9608	200
3959	28.2285	1.88572	26.9784	200
3960	28.2612	1.86898	26.9962	200
3961	28.2625	1.85224	27.0138	200
3962	28.3551	1.83804	27.0324	200
3963	28.9557	1.84041	27.0591	200
3964	17.7134	2.04889	26.9293	200
3965	17.0782	2.26562	26.7925	200
3966	17.0796	2.47249	26.6576	200
3967	17.7955	2.64998	26.5345	200
3968	17.7934	2.81918	26.4131	200
3969	17.8028	2.98004	26.2935	200
3970	18.4542	3.11502	26.1846	200
3971	18.4342	3.24378	26.077	200
3972	19.1478	3.34615	25.9808	200
3973	18.9335	3.44896	25.8829	200
3974	19.0453	3.54309	25.7879	200
3975	19.8789	3.60881	25.7058	200
3976	19.868	3.67073	25.6248	200
3977	19.8397	3.72946	25.5444	200
3978	20.519	3.76546	25.4746	200
3979	20.545	3.79779	25.4061	200
3980	20.4794	3.82915	25.3377	200
3981	19.8481	3.87527	25.2615	200
3982	21.4443	3.87366	25.2085	200
3983	22.0314	3.85431	25.1643	200
3984	22.0327	3.83424	25.1208	200
3985	21.9762	3.81508	25.0772	200
3986	22.6738	3.77586	25.0438	200
3987	22.7184	3.7396	25.0147	200
3988	23.4096	3.68624	24.9946	200
3989	22.7707	3.64968	24.9668	200
3990	22.7377	3.61416	24.939	200
3991	22.0246	3.59667	24.9026	200
3992	22.0531	3.57799	24.8669	200
3993	22.0363	3.55931	24.8315	200
3994	21.294	3.55876	24.7873	200
3995	21.6713	3.54769	24.7484	200
3996	22.2781	3.52075	24.7175	200
3997	21.6146	3.51031	24.6787	200
3998	21.5668	3.50035	24.6398	200
3999	22.2748	3.47197	24.6102	200
4000	22.7597	3.43143	24.5871	200
4001	22.7236	3.39223	24.5638	200
4002	22.0877	3.36933	24.5329	200
4003	22.7744	3.32906	24.5109	200
4004	22.7849	3.28898	24.4893	200
4005	23.4593	3.23251	24.4764	200
4006	24.1753	3.15922	24.4727	200
4007	24.1486	3.08834	24.4686	200
4008	24.1089	3.02012	24.4641	200
4009	24.1108	2.95345	24.4597	200
4010	24.1221	2.88806	24.4555	200
4011	24.1139	2.82439	24.4512	200
4012	24.1115	2.76228	24.447	200
4013	24.1355	2.701	24.4431	200
4014	24.1649	2.64044	24.4396	200
4015	23.7903	2.59066	24.4315	200
4016	23.2235	2.55609	24.4164	200
4017	23.1972	2.52266	24.4011	200
4018	23.2008	2.48961	24.3861	200
4019	23.1833	2.45744	24.3711	200
4020	22.7853	2.43565	24.3513	200
4021	25.6812	2.408	24.3679	200
4022	25.5908	2.37838	24.3832	200
4023	25.6144	2.3497	24.3986	200
4024	25.6018	2.32103	24.4136	200
4025	24.9135	2.2755	24.4199	200
4026	24.8493	2.22935	24.4252	200
4027	25.5368	2.20141	24.4391	200
4028	25.5913	2.17756	24.4522	200
4029	24.9251	2.13882	24.4576	200
4030	24.9066	2.10041	24.4627	200
4031	24.9628	2.06404	24.4684	200
4032	24.9373	2.02779	24.4737	200
4033	24.9408	1.99232	24.479	200
4034	24.9571	1.9579	24.4844	200
4035	24.8666	1.92209	24.4888	200
4036	24.9131	1.88805	24.4936	200
4037	24.9456	1.85541	24.4987	200
4038	24.9308	1.82306	24.5037	200
4039	24.9598	1.792	24.5088	200
4040	24.2545	1.75705	24.5059	200
4041	24.9499	1.7272	24.511	200
4042	23.2712	1.71612	24.4969	200
4043	24.0436	1.68742	24.4917	200
4044	23.3303	1.67547	24.4785	200
4045	23.3391	1.66329	24.4656	200
4046	23.3593	1.65063	24.453	200
4047	23.3669	1.6378	24.4407	200
4048	24.0441	1.60959	24.4362	200
4049	24.7628	1.58043	24.4399	200
4050	24.7416	1.55136	24.4433	200
4051	24.713	1.52224	24.4464	200
4052	24.7059	1.49354	24.4493	200
4053	24.7163	1.46566	24.4524	200
4054	24.7019	1.43802	24.4552	200
4055	24.7031	1.41097	24.458	200
4056	24.6752	1.38384	24.4605	200
4057	24.797	1.36004	24.4643	200
4058	25.4149	1.35073	24.4751	200
4059	25.3908	1.34084	24.4855	200
4060	25.3815	1.33073	24.4957	200
4061	26.065	1.33615	24.5135	200
4062	25.9901	1.33934	24.5303	200
4063	25.3054	1.32652	24.5391	200
4064	27.5805	1.36549	24.5737	200
4065	26.9118	1.3876	24.6002	200
4066	26.9534	1.40954	24.627	200
4067	26.9825	1.43104	24.6537	200
4068	26.9595	1.45092	24.6799	200
4069	26.9752	1.47011	24.706	200
4070	26.3228	1.47344	24.7244	200
4071	26.2692	1.47506	24.742	200
4072	26.969	1.49215	24.7673	200
4073	26.9489	1.50652	24.79	200
4074	26.9714	1.52058	24.8127	200
4075	26.9429	1.53328	24.8349	200
4076	28.7095	1.58205	24.8753	200
4077	28.7744	1.63033	24.9159	200
4078	28.5781	1.67266	24.954	200
4079	28.7727	1.71737	24.9938	200
4080	29.4125	1.77364	25.0398	200
4081	28.786	1.81474	25.0789	200
4082	28.7018	1.85241	25.1166	200
4083	28.773	1.88999	25.1547	200
4084	28.0938	1.91184	25.1853	200
4085	28.8133	1.9476	25.2231	200
4086	28.7623	1.98076	25.2599	200
4087	19.777	2.05372	25.2028	200
4088	19.7845	2.12381	25.1464	200
4089	19.773	2.19151	25.0904	200
4090	19.7009	2.25814	25.0343	200
4091	19.6821	2.3226	24.9785	200
4092	19.6597	2.38502	24.9231	200
4093	19.7057	2.44402	24.8688	200
4094	21.0907	2.47181	24.8294	200
4095	21.0403	2.49926	24.7899	200
4096	22.4283	2.49639	24.7653	200
4097	22.4571	2.49247	24.7413	200
4098	22.4001	2.48932	24.7169	200
4099	23.1403	2.4703	24.7005	200
4100	21.3298	2.48906	24.6654	200
4101	21.3658	2.50595	24.631	200
4102	22.0202	2.50813	24.6038	200
4103	22.0009	2.5101	24.5767	200
4104	21.9373	2.5128	24.5492	200
4105	21.9686	2.51421	24.5223	200
4106	22.0263	2.51383	24.4963	200
4107	22.6725	2.49945	24.4773	200
4108	22.7188	2.48402	24.459	200
4109	21.9847	2.48381	24.4332	200
4110	22.7012	2.46815	24.4152	200
4111	22.7304	2.45183	24.3976	200
4112	23.3896	2.42175	24.3871	200
4113	23.3816	2.39225	24.3767	200
4114	23.4323	2.36208	24.3668	200
4115	23.409	2.33282	24.3568	200
4116	23.4304	2.30352	24.3472	200
4117	23.3724	2.27584	24.337	200
4118	22.0353	2.27638	24.3131	200
4119	22.7299	2.26194	24.2966	200
4120	22.0121	2.26241	24.2728	200
4121	22.7565	2.24687	24.257	200
4122	23.3852	2.22042	24.2486	200
4123	23.4298	2.19347	24.2407	200
4124	23.4135	2.16719	24.2328	200
4125	23.4657	2.14026	24.2254	200
4126	23.3697	2.11556	24.2172	200
4127	23.4417	2.08979	24.2097	200
4128	23.439	2.06442	24.2023	200
4129	22.9327	2.04914	24.1901	200
4130	23.4503	2.02396	24.183	200
4131	23.4194	1.99972	24.1756	200
4132	23.4319	1.97556	24.1685	200
4133	23.3979	1.95239	24.1611	200
4134	23.4804	1.92793	24.1545	200
4135	23.4547	1.90431	24.1478	200
4136	24.8505	1.88121	24.1545	200
4137	24.1518	1.84508	24.1545	200
4138	24.1141	1.81038	24.1541	200
4139	24.1093	1.77642	24.1537	200
4140	24.1543	1.74227	24.1537	200
4141	24.1074	1.70966	24.1533	200
4142	24.1597	1.6769	24.1533	200
4143	24.1045	1.64559	24.1529	200
4144	23.4524	1.62742	24.1461	200
4145	23.4539	1.60943	24.1395	200
4146	23.4062	1.59258	24.1324	200
4147	24.0449	1.56364	24.1316	200
4148	23.4598	1.54648	24.1251	200
4149	23.4261	1.53018	24.1184	200
4150	22.8076	1.52597	24.1058	200
4151	22.7483	1.52273	24.0927	200
4152	22.7508	1.51925	24.0798	200
4153	22.0572	1.52893	24.0604	200
4154	22.7808	1.52413	24.0481	200
4155	22.6035	1.5226	24.0342	200
4156	22.0533	1.53141	24.0151	200
4157	22.0657	1.53945	23.9964	200
4158	21.3877	1.56001	23.9713	200
4159	21.4068	1.57933	23.9466	200
4160	22.032	1.58578	23.9282	200
4161	21.3565	1.60474	23.9035	200
4162	21.3825	1.62236	23.8793	200
4163	21.3804	1.63922	23.8552	200
4164	22.0548	1.64232	23.8379	200
4165	22.0982	1.64419	23.8212	200
4166	22.0978	1.64571	23.8046	200
4167	22.1168	1.64652	23.7884	200
4168	22.0333	1.64861	23.7715	200
4169	22.7539	1.63647	23.7617	200
4170	22.7367	1.62471	23.7519	200
4171	22.7534	1.61267	23.7423	200
4172	22.7533	1.60068	23.7328	200
4173	22.8056	1.58772	23.7238	200
4174	23.4714	1.56204	23.7214	200
4175	24.2015	1.54272	23.7257	200
4176	24.1743	1.52319	23.7297	200
4177	24.0948	1.5025	23.733	200
4178	24.2174	1.48432	23.7373	200
4179	24.138	1.46497	23.7409	200
4180	25.0208	1.46167	23.7523	200
4181	24.3191	1.44569	23.7574	200
4182	24.336	1.4302	23.7625	200
4183	24.3576	1.41529	23.7678	200
4184	24.3609	1.40061	23.7731	200
4185	24.3687	1.38623	23.7784	200
4186	24.3211	1.37117	23.7833	200
4187	23.6588	1.3489	23.7822	200
4188	23.6266	1.32759	23.7808	200
4189	21.8951	1.33756	23.764	200
4190	21.583	1.35262	23.7445	200
4191	20.8932	1.37938	23.719	200
4192	20.9491	1.40421	23.6943	200
4193	20.8741	1.42949	23.6691	200
4194	20.8851	1.45368	23.6443	200
4195	20.9549	1.47575	23.6202	200
4196	20.2547	1.50949	23.5902	200
4197	20.2637	1.54194	23.5605	200
4198	20.2393	1.57371	23.5308	200
4199	20.2409	1.60436	23.5015	200
4200	20.9109	1.62197	23.4783	200
4201	20.9559	1.63805	23.4558	200
4202	21.6292	1.64141	23.4395	200
4203	21.5634	1.6456	23.4227	200
4204	21.5768	1.64918	23.4063	200
4205	22.6417	1.63338	23.3994	200
4206	22.8149	1.61465	23.3942	200
4207	22.6827	1.59852	23.3879	200
4208	22.4109	1.58743	23.3791	200
4209	22.4381	1.57588	23.3707	200
4210	23.1817	1.55112	23.3691	200
4211	23.1361	1.52758	23.367	200
4212	23.1184	1.50474	23.3648	200
4213	23.7856	1.48538	23.3685	200
4214	23.8093	1.46673	23.3724	200
4215	23.7751	1.44772	23.376	200
4216	23.8068	1.42956	23.3799	200
4217	23.6361	1.40861	23.3822	200
4218	23.8048	1.391	23.3859	200
4219	23.8428	1.37432	23.39	200
4220	23.7402	1.35603	23.3931	200
4221	23.7963	1.33902	23.3967	200
4222	23.7967	1.32225	23.4003	200
4223	23.7897	1.30559	23.4038	200
4224	23.7831	1.28905	23.4072	200
4225	23.8141	1.2733	23.4108	200
4226	23.7913	1.25735	23.4142	200
4227	23.794	1.24168	23.4176	200
4228	23.1056	1.22508	23.4148	200
4229	23.0597	1.20954	23.4116	200
4230	23.0932	1.19363	23.4088	200
4231	23.7779	1.17891	23.4121	200
4232	23.0628	1.16508	23.4092	200
4233	23.11	1.15065	23.4067	200
4234	22.4487	1.14744	23.3987	200
4235	22.2116	1.1481	23.3888	200
4236	22.1012	1.15042	23.3781	200
4237	21.3743	1.16464	23.3614	200
4238	21.3704	1.17842	23.3448	200
4239	20.7	1.20286	23.3227	200
4240	20.725	1.2261	23.3011	200
4241	20.7465	1.24825	23.2798	200
4242	20.0589	1.28112	23.253	200
4243	20.0441	1.31325	23.2262	200
4244	20.0833	1.34374	23.2	200
4245	20.0837	1.37329	23.1741	200
4246	20.2242	1.39956	23.1495	200
4247	20.022	1.42836	23.1234	200
4248	20.0043	1.45654	23.0974	200
4249	20.0361	1.48329	23.0719	200
4250	20.024	1.50936	23.0465	200
4251	20.0372	1.53436	23.0214	200
4252	20.0184	1.55884	22.9964	200
4253	20.0654	1.58171	22.972	200
4254	20.0105	1.60471	22.9473	200
4255	20.7075	1.61529	22.9286	200
4256	20.7094	1.62536	22.9102	200
4257	20.7027	1.63506	22.8918	200
4258	21.4274	1.63221	22.8796	200
4259	21.4253	1.62925	22.8674	200
4260	22.146	1.61411	22.8614	200
4261	22.7804	1.58856	22.8607	200
4262	22.785	1.56335	22.8601	200
4263	23.4841	1.54769	22.8653	200
4264	23.1068	1.52592	22.8673	200
4265	23.0408	1.50338	22.8688	200
4266	23.4324	1.48772	22.8735	200
4267	23.6533	1.47592	22.88	200
4268	23.4918	1.46152	22.8851	200
4269	23.4309	1.44626	22.8896	200
4270	23.4485	1.43147	22.8943	200
4271	23.4238	1.41643	22.8987	200
4272	23.49	1.40268	22.9036	200
4273	23.451	1.38843	22.9082	200
4274	23.4326	1.37403	22.9125	200
4275	23.4509	1.3601	22.917	200
4276	23.547	1.34793	22.9223	200
4277	23.517	1.33537	22.9272	200
4278	23.5529	1.32355	22.9324	200
4279	24.1649	1.32203	22.9427	200
4280	24.1607	1.32029	22.9529	200
4281	24.1577	1.31837	22.9629	200
4282	24.1628	1.31639	22.9729	200
4283	24.1064	1.31335	22.9823	200
4284	24.1349	1.31066	22.9919	200
4285	23.4901	1.29712	22.9961	200
4286	23.4903	1.28374	23.0002	200
4287	23.4632	1.27006	23.0041	200
4288	22.7775	1.25267	23.0022	200
4289	22.7696	1.23567	23.0002	200
4290	22.0677	1.23061	22.9925	200
4291	22.0912	1.22512	22.985	200
4292	22.8233	1.2074	22.9836	200
4293	22.7827	1.19167	22.982	200
4294	22.1381	1.18624	22.9755	200
4295	22.0667	1.1819	22.9684	200
4296	22.1174	1.17673	22.9617	200
4297	22.092	1.17193	22.9549	200
4298	22.02	1.16823	22.9476	200
4299	22.0862	1.16343	22.9409	200
4300	22.1277	1.15796	22.9345	200
4301	22.0827	1.15318	22.9279	200
4302	22.1087	1.14796	22.9215	200
4303	22.045	1.14372	22.9146	200
4304	22.2715	1.13589	22.9096	200
4305	22.1331	1.13028	22.9035	200
4306	22.047	1.126	22.8968	200
4307	21.9272	1.12356	22.8893	200
4308	22.0671	1.11853	22.8824	200
4309	22.0671	1.11348	22.8756	200
4310	22.1077	1.1073	22.8688	200
4311	22.1127	1.10103	22.862	200
4312	22.8054	1.08095	22.8615	200
4313	22.8186	1.06098	22.861	200
4314	22.8325	1.03947	22.8607	200
4315	23.4993	1.03112	22.8674	200
4316	23.5227	1.02258	22.8748	200
4317	24.143	1.02816	22.8893	200
4318	24.1915	1.03501	22.9055	200
4319	24.1726	1.04081	22.9214	200
4320	24.8485	1.06543	22.9481	200
4321	25.1567	1.09718	22.9788	200
4322	25.5886	1.14445	23.0196	200
4323	25.5826	1.18878	23.0596	200
4324	27.2082	1.28127	23.1245	200
4325	26.583	1.34931	23.1785	200
4326	26.3093	1.40498	23.2274	200
4327	26.2898	1.45677	23.2753	200
4328	26.2612	1.50456	23.3219	200
4329	26.2527	1.54913	23.3677	200
4330	26.1663	1.58817	23.4114	200
4331	26.2597	1.62755	23.4559	200
4332	26.2666	1.66452	23.4999	200
4333	26.2992	1.69999	23.5436	200
4334	26.2661	1.73194	23.5861	200
4335	26.2686	1.76164	23.628	200
4336	26.0741	1.78303	23.6663	200
4337	26.228	1.80736	23.7063	200
4338	26.2611	1.82812	23.7418	200
4339	12.3393	2.09408	23.5834	200
4340	11.7503	2.3646	23.4191	200
4341	10.8455	2.64818	23.2444	200
4342	11.5158	2.90042	23.0815	200
4343	11.7419	3.13484	22.924	200
4344	11.8085	3.35653	22.7696	200
4345	11.8394	3.56691	22.6178	200
4346	11.8614	3.76661	22.4684	200
4347	11.8473	3.95702	22.3209	200
4348	11.8225	4.13872	22.1751	200
4349	11.7958	4.31207	22.031	200
4350	11.7846	4.47691	21.8886	200
4351	11.7986	4.63283	21.7485	200
4352	11.7764	4.78115	21.61	200
4353	11.9966	4.91537	21.4765	200
4354	12.0023	5.04201	21.3449	200
4355	12.7382	5.14102	21.2254	200
4356	12.7532	5.23356	21.1077	200
4357	18.6598	5.15618	21.0737	200
4358	19.2851	5.06263	21.0488	200
4359	19.9309	4.95306	21.0333	200
4360	19.9815	4.84469	21.0187	200
4361	20.6204	4.72118	21.0132	200
4362	20.6038	4.60141	21.0075	200
4363	20.5664	4.48584	21.0014	200
4364	21.2595	4.36841	21.0049	200
4365	21.2898	4.25498	21.0089	200
4366	21.9648	4.16333	21.0222	200
4367	21.9726	4.07409	21.0354	200
4368	22.0031	3.9878	21.0488	200
4369	22.8409	3.92681	21.0737	200
4370	22.6929	3.8627	21.0962	200
4371	23.1909	3.81359	21.1253	200
4372	23.1615	3.76422	21.1536	200
4373	23.1313	3.7146	21.181	200
4374	23.8339	3.6851	21.2179	200
4375	23.8255	3.65816	21.2505	200
4376	24.3277	3.64364	21.2889	200
4377	24.2335	3.62616	21.3257	200
4378	23.6079	3.59256	21.3543	200
4379	23.507	3.55656	21.3812	200
4380	22.8503	3.50438	21.3995	200
4381	22.8646	3.45339	21.4179	200
4382	22.8847	3.40373	21.4362	200
4383	22.1852	3.33736	21.4456	200
4384	22.177	3.27221	21.4547	200
4385	21.5184	3.192	21.4555	200
4386	21.5424	3.11437	21.4566	200
4387	21.5178	3.03804	21.4573	200
4388	20.6372	2.98259	21.4471	200
4389	20.8205	2.92369	21.4393	200
4390	20.1991	2.8816	21.4238	200
4391	20.2208	2.83964	21.4087	200
4392	20.1879	2.79917	21.3935	200
4393	20.153	2.7602	21.378	200
4394	21.2998	2.69315	21.377	200
4395	21.3789	2.62587	21.377	200
4396	20.2647	2.58803	21.3631	200
4397	20.2935	2.55007	21.3497	200
4398	20.246	2.51391	21.3359	200
4399	20.282	2.47741	21.3227	200
4400	20.3443	2.43994	21.3105	200
4401	21.0228	2.38613	21.3069	200
4402	20.9995	2.33416	21.3031	200
4403	21.0018	2.28334	21.2993	200
4404	20.9939	2.23389	21.2955	200
4405	20.9961	2.18553	21.2918	200
4406	21.6489	2.13982	21.2962	200
4407	21.6762	2.09582	21.301	200
4408	22.3822	2.07046	21.3145	200
4409	22.4018	2.04588	21.3281	200
4410	22.2684	2.01824	21.3398	200
4411	22.2612	1.99082	21.3513	200
4412	22.2783	1.96422	21.3629	200
4413	22.5622	1.9451	21.3779	200
4414	22.5026	1.92458	21.392	200
4415	23.1957	1.92156	21.4145	200
4416	23.8254	1.93268	21.4419	200
4417	24.299	1.95369	21.4744	200
4418	24.2977	1.97345	21.5065	200
4419	24.2964	1.99201	21.5382	200
4420	24.2923	2.00933	21.5695	200
4421	24.2685	2.025	21.6001	200
4422	23.5969	2.02436	21.6228	200
4423	23.6091	2.02349	21.6454	200
4424	23.6254	2.0225	21.6679	200
4425	23.596	2.02036	21.6898	200
4426	23.6561	2.01913	21.7122	200
4427	22.8901	2.00001	21.7255	200
4428	22.9113	1.9815	21.739	200
4429	22.2207	1.94742	21.7445	200
4430	22.1015	1.91127	21.7485	200
4431	22.2373	1.87894	21.7541	200
4432	22.2496	1.8475	21.7597	200
4433	22.2535	1.81673	21.7653	200
4434	21.5799	1.77966	21.7632	200
4435	21.6257	1.74233	21.7617	200
4436	22.2862	1.71466	21.7676	200
4437	22.9344	1.7022	21.7809	200
4438	22.2833	1.67494	21.7866	200
4439	22.7486	1.65873	21.7975	200
4440	22.7576	1.64285	21.8084	200
4441	22.7207	1.62625	21.8188	200
4442	22.7361	1.61014	21.8292	200
4443	22.6944	1.5932	21.8391	200
4444	22.7322	1.57729	21.8492	200
4445	22.7292	1.56144	21.8592	200
4446	23.3674	1.56023	21.8763	200
4447	23.3969	1.55933	21.8936	200
4448	24.0353	1.57256	21.918	200
4449	24.1062	1.58656	21.9428	200
4450	24.1152	1.59987	21.9675	200
4451	24.8015	1.62792	21.9997	200
4452	24.8324	1.6553	22.0319	200
4453	25.484	1.69614	22.0711	200
4454	25.4988	1.73549	22.1101	200
4455	25.4742	1.7725	22.1483	200
4456	26.1601	1.8234	22.1939	200
4457	26.1562	1.87201	22.2389	200
4458	26.1322	1.91795	22.2832	200
4459	26.1731	1.96277	22.3274	200
4460	26.8407	2.02073	22.3787	200
4461	27.532	2.086	22.4323	200
4462	29.7564	2.19512	22.5086	200
4463	29.6615	2.29841	22.5831	200
4464	29.7526	2.39989	22.6578	200
4465	29.7279	2.49718	22.7315	200
4466	29.7474	2.59132	22.8045	200
4467	29.6994	2.68098	22.8764	200
4468	29.7371	2.76806	22.9478	200
4469	29.1003	2.83857	23.0119	200
4470	29.1071	2.90641	23.0754	200
4471	28.3708	2.95618	23.1306	200
4472	28.3868	3.0041	23.1853	200
4473	28.3294	3.04868	23.2389	200
4474	27.6661	3.0774	23.285	200
4475	27.6376	3.10397	23.3304	200
4476	26.9931	3.11561	23.3685	200
4477	26.9766	3.12587	23.4061	200
4478	26.9876	3.13536	23.4434	200
4479	26.2538	3.12859	23.4727	200
4480	26.2497	3.12126	23.5016	200
4481	25.6353	3.10069	23.5238	200
4482	25.6376	3.08013	23.5458	200
4483	25.6197	3.05917	23.5675	200
4484	26.3103	3.05258	23.596	200
4485	25.5997	3.03072	23.6169	200
4486	24.7051	2.99025	23.6282	200
4487	24.1484	2.93879	23.6336	200
4488	24.1439	2.8882	23.639	200
4489	24.156	2.8388	23.6443	200
4490	24.1659	2.79052	23.6498	200
4491	24.8375	2.75713	23.6622	200
4492	24.8249	2.72391	23.6743	200
4493	24.7999	2.69061	23.686	200
4494	25.538	2.67314	23.7053	200
4495	25.5975	2.65687	23.725	200
4496	26.2124	2.65334	23.7509	200
4497	26.2347	2.64981	23.7768	200
4498	26.2714	2.64658	23.8028	200
4499	26.8944	2.65585	23.835	200
4500	26.8751	2.66385	23.8666	200
4501	27.5791	2.6857	23.9053	200
4502	27.5845	2.7064	23.9436	200
4503	27.5994	2.72617	23.9817	200
4504	27.5877	2.7445	24.0193	200
4505	27.5493	2.76087	24.056	200
4506	28.2716	2.79117	24.0999	200
4507	28.2989	2.8205	24.1437	200
4508	29.328	2.86975	24.1977	200
4509	29.646	2.92347	24.2544	200
4510	29.713	2.97222	24.3069	200
4511	26.9702	2.96628	24.3325	200
4512	27.5831	2.97174	24.3638	200
4513	28.4702	2.99356	24.4033	200
4514	28.3499	3.01189	24.4412	200
4515	29.0136	3.0419	24.4852	200
4516	28.3338	3.05741	24.5222	200
4517	28.3284	3.07181	24.5588	200
4518	29.0333	3.09878	24.6018	200
4519	28.2683	3.1097	24.6371	200
4520	29.0163	3.13412	24.6792	200
4521	28.2951	3.14338	24.7139	200
4522	28.3539	3.15293	24.7489	200
4523	28.9876	3.17381	24.7897	200
4524	28.3432	3.18111	24.8239	200
4525	28.3162	3.18709	24.8574	200
4526	27.6657	3.17981	24.8844	200
4527	27.6393	3.17164	24.9109	200
4528	28.3518	3.17681	24.944	200
4529	28.3329	3.18089	24.9766	200
4530	29.1799	3.20055	25.017	200
4531	28.31	3.20233	25.0487	200
4532	28.3345	3.20393	25.0803	200
4533	27.9784	3.19805	25.1081	200
4534	28.3832	3.19953	25.1396	200
4535	29.7418	3.2265	25.1839	200
4536	29.6668	3.25067	25.227	200
4537	31.7741	3.31406	25.2899	200
4538	31.7892	3.37531	25.3524	200
4539	30.8423	3.41597	25.4052	200
4540	30.9445	3.45681	25.4585	200
4541	30.2812	3.48307	25.5049	200
4542	30.3062	3.50842	25.551	200
4543	30.3385	3.53302	25.5971	200
4544	29.6066	3.54219	25.6356	200
4545	30.3114	3.56399	25.6806	200
4546	29.5407	3.56968	25.7177	200
4547	29.6438	3.57654	25.7554	200
4548	29.587	3.58144	25.7923	200
4549	28.8835	3.57201	25.822	200
4550	28.9121	3.56274	25.8517	200
4551	28.9749	3.55429	25.8817	200
4552	28.9235	3.54444	25.911	200
4553	28.978	3.53525	25.9405	200
4554	28.2947	3.51254	25.9631	200
4555	28.2481	3.48894	25.9851	200
4556	27.3941	3.44894	25.9986	200
4557	27.5759	3.41295	26.0138	200
4558	27.8315	3.38227	26.0313	200
4559	26.8588	3.33314	26.0392	200
4560	26.8501	3.28463	26.047	200
4561	27.5528	3.25042	26.0615	200
4562	26.8351	3.20619	26.0684	200
4563	26.8487	3.16287	26.0754	200
4564	19.3088	3.22722	26.015	200
4565	19.295	3.28959	25.955	200
4566	19.3217	3.3493	25.8957	200
4567	19.3284	3.40676	25.8371	200
4568	19.3031	3.46261	25.7788	200
4569	19.451	3.51377	25.7223	200
4570	19.2989	3.56573	25.6649	200
4571	19.3622	3.6146	25.6086	200
4572	18.6265	3.67474	25.5463	200
4573	18.6454	3.73234	25.4847	200
4574	18.6336	3.78803	25.4235	200
4575	18.6317	3.84167	25.3629	200
4576	18.6933	3.89217	25.3033	200
4577	18.6343	3.94176	25.2438	200
4578	18.6075	3.98987	25.1845	200
4579	18.5909	4.03637	25.1256	200
4580	18.5739	4.08129	25.0671	200
4581	18.5957	4.12397	25.0094	200
4582	18.6618	4.16367	24.9527	200
4583	19.3194	4.18992	24.9024	200
4584	19.3154	4.21486	24.8525	200
4585	19.7173	4.2313	24.8067	200
4586	19.9924	4.24171	24.7637	200
4587	20.0239	4.2506	24.7214	200
4588	20.6515	4.24737	24.685	200
4589	21.3439	4.23119	24.6552	200
4590	22.1122	4.20104	24.6325	200
4591	22.0675	4.17183	24.6096	200
4592	22.1072	4.14201	24.5872	200
4593	22.8173	4.09965	24.5714	200
4594	23.5143	4.04532	24.562	200
4595	23.4578	3.9928	24.5521	200
4596	23.4728	3.94077	24.5425	200
4597	23.3527	3.89165	24.5319	200
4598	23.4704	3.84111	24.5224	200
4599	23.468	3.79134	24.513	200
4600	23.4479	3.74266	24.5035	200
4601	23.4488	3.69466	24.494	200
4602	23.4509	3.64731	24.4847	200
4603	23.4463	3.60072	24.4755	200
4604	24.1666	3.54194	24.4727	200
4605	24.1859	3.48381	24.4701	200
4606	24.8342	3.4281	24.4734	200
4607	24.8403	3.37344	24.4767	200
4608	24.875	3.32031	24.4802	200
4609	24.8497	3.26762	24.4835	200
4610	24.8197	3.21527	24.4865	200
4611	24.1655	3.16359	24.4837	200
4612	24.0924	3.11408	24.4802	200
4613	24.4928	3.0587	24.4803	200
4614	24.3941	3.00562	24.4795	200
4615	25.0661	2.96242	24.4847	200
4616	24.4031	2.91098	24.484	200
4617	24.3561	2.86128	24.4829	200
4618	25.0719	2.8207	24.4881	200
4619	24.3794	2.7755	24.4872	200
4620	25.0394	2.73845	24.4918	200
4621	25.434	2.70851	24.4997	200
4622	24.5426	2.66408	24.5	200
4623	23.7903	2.63151	24.4941	200
4624	24.3335	2.59033	24.4928	200
4625	24.5739	2.54851	24.4935	200
4626	24.2958	2.50933	24.4918	200
4627	24.3267	2.47026	24.4904	200
4628	24.3346	2.43168	24.4891	200
4629	24.3954	2.39271	24.4883	200
4630	24.9872	2.36115	24.4925	200
4631	25.0372	2.33088	24.497	200
4632	25.693	2.31196	24.507	200
4633	24.9629	2.28103	24.5108	200
4634	24.9807	2.25084	24.5147	200
4635	24.9955	2.22134	24.5187	200
4636	24.9919	2.1922	24.5227	200
4637	25.6411	2.1743	24.532	200
4638	25.6559	2.1568	24.5414	200
4639	25.636	2.13909	24.5505	200
4640	26.3608	2.13361	24.5656	200
4641	26.4038	2.12869	24.5809	200
4642	26.0318	2.1174	24.593	200
4643	26.1624	2.10826	24.606	200
4644	25.425	2.08677	24.6129	200
4645	26.1786	2.07809	24.6259	200
4646	26.1573	2.06898	24.6387	200
4647	26.1164	2.05912	24.651	200
4648	26.8312	2.06114	24.6692	200
4649	26.8018	2.06233	24.6869	200
4650	26.1708	2.05269	24.6993	200
4651	25.8575	2.03778	24.7089	200
4652	25.9653	2.02475	24.7194	200
4653	26.0055	2.01244	24.7301	200
4654	25.5291	1.99222	24.7368	200
4655	25.2771	1.96802	24.7413	200
4656	25.5194	1.94819	24.7478	200
4657	25.5349	1.92884	24.7543	200
4658	25.4572	1.9084	24.7602	200
4659	25.4598	1.88825	24.766	200
4660	24.8084	1.85749	24.7664	200
4661	24.7871	1.82688	24.7665	200
4662	24.8648	1.79807	24.7674	200
4663	24.8312	1.76916	24.7679	200
4664	24.8254	1.74063	24.7684	200
4665	24.3565	1.71849	24.7649	200
4666	24.8445	1.69117	24.7656	200
4667	24.8344	1.66413	24.7662	200
4668	24.8395	1.63761	24.7668	200
4669	24.8384	1.61151	24.7674	200
4670	24.9024	1.58691	24.7685	200
4671	24.8353	1.56157	24.7691	200
4672	24.8774	1.53735	24.77	200
4673	24.804	1.51229	24.7702	200
4674	24.8182	1.48789	24.7706	200
4675	24.7702	1.4631	24.7706	200
4676	24.8514	1.44006	24.7713	200
4677	24.8976	1.41816	24.7724	200
4678	24.8069	1.3951	24.7727	200
4679	25.4941	1.38387	24.7787	200
4680	25.5691	1.3746	24.7848	200
4681	25.4145	1.36296	24.7898	200
4682	26.0793	1.36181	24.7998	200
4683	26.22	1.36272	24.8109	200
4684	26.2123	1.36333	24.8219	200
4685	26.2161	1.36381	24.8328	200
4686	26.2043	1.36393	24.8435	200
4687	26.2009	1.36383	24.8541	200
4688	26.1857	1.36332	24.8645	200
4689	26.2358	1.36345	24.8752	200
4690	26.1798	1.36253	24.8854	200
4691	26.2332	1.3623	24.8959	200
4692	26.2177	1.36166	24.9062	200
4693	25.487	1.34946	24.9108	200
4694	25.5042	1.33765	24.9154	200
4695	25.5056	1.32597	24.92	200
4696	24.8185	1.30684	24.9192	200
4697	24.8474	1.28754	24.9187	200
4698	24.1993	1.27866	24.9131	200
4699	24.1589	1.27047	24.9072	200
4700	24.1615	1.26227	24.9013	200
4701	23.3657	1.26654	24.8893	200
4702	23.4579	1.26911	24.8782	200
4703	22.7571	1.28242	24.8616	200
4704	23.4717	1.2841	24.8507	200
4705	23.4483	1.28595	24.8398	200
4706	22.8649	1.29672	24.8243	200
4707	23.4899	1.2973	24.8139	200
4708	23.4431	1.29845	24.8032	200
4709	24.1936	1.28769	24.7984	200
4710	24.2095	1.27677	24.7938	200
4711	24.8567	1.2578	24.7943	200
4712	25.4841	1.24893	24.7997	200
4713	25.1804	1.23536	24.8027	200
4714	24.8572	1.21691	24.8031	200
4715	24.843	1.19852	24.8034	200
4716	24.8741	1.1809	24.804	200
4717	24.8449	1.16308	24.8043	200
4718	24.8817	1.14612	24.8049	200
4719	24.9055	1.1287	24.8057	200
4720	24.8919	1.11132	24.8065	200
4728	20.0528	1.17636	24.764	200
4721	25.5352	1.16912	24.7709	200
4722	25.5956	1.1625	24.7788	200
4723	25.5438	1.15485	24.7862	200
4724	25.5532	1.14678	24.7942	200
4725	25.8147	1.14414	24.8048	200
4726	26.3682	1.15367	24.8226	200
4727	26.362	1.16244	24.8401	200
4729	25.6877	1.15457	24.8507	200
4730	26.3371	1.16287	24.8692	200
4731	26.3598	1.17197	24.8899	200
4732	27.0865	1.20043	24.9204	200
4733	27.0541	1.22959	24.9538	200
4734	27.0341	1.25618	24.9863	200
4735	27.033	1.28088	25.0183	200
4736	26.3486	1.28242	25.0391	200
4737	27.0368	1.30478	25.0703	200
4738	26.9746	1.32351	25.1	200
4739	26.3283	1.32053	25.1192	200
4740	27.3396	1.34865	25.1539	200
4741	26.6188	1.35229	25.1768	200
4742	26.5828	1.35378	25.1963	200
4743	26.6803	1.35739	25.2169	200
4744	27.3263	1.37828	25.2462	200
4745	26.6773	1.37975	25.2661	200
4746	27.0311	1.39045	25.2906	200
4747	27.354	1.40914	25.3193	200
4748	28.0245	1.44514	25.3568	200
4749	28.0191	1.47895	25.3938	200
4750	14.8475	1.73082	25.2473	200
4751	14.9031	1.97008	25.1037	200
4752	14.8178	2.20107	24.9608	200
4753	14.8405	2.42105	24.8203	200
4754	14.1427	2.6504	24.672	200
4755	14.1416	2.86928	24.5257	200
4756	14.134	3.07824	24.3814	200
4757	13.1311	3.30524	24.2251	200
4758	13.2017	3.51964	24.072	200
4759	13.8555	3.70566	23.9301	200
4760	13.8811	3.88186	23.7905	200
4761	13.825	4.05086	23.6521	200
4762	13.8448	4.21076	23.5159	200
4763	13.816	4.36323	23.3812	200
4764	13.7373	4.50992	23.2473	200
4765	13.7125	4.64949	23.1148	200
4766	13.7473	4.78055	22.9847	200
4767	13.7206	4.90509	22.8561	200
4768	13.7524	5.02172	22.7296	200
4769	13.7068	5.13286	22.6043	200
4770	13.727	5.23687	22.481	200
4771	13.7015	5.33528	22.3591	200
4772	13.7211	5.42702	22.2391	200
4773	13.7243	5.51279	22.1208	200
4774	13.7552	5.59204	22.0046	200
4775	13.7204	5.66682	21.8896	200
4776	13.7056	5.73674	21.7759	200
4777	13.7146	5.80131	21.6639	200
4778	14.4141	5.84155	21.5633	200
4779	14.4092	5.87436	21.4738	200
4780	15.0898	5.8871	21.394	200
4781	15.1396	5.89628	21.3158	200
4782	15.7916	5.88698	21.2468	200
4783	19.4465	5.78481	21.2243	200
4784	19.5159	5.6829	21.2029	200
4785	19.4485	5.58469	21.181	200
4786	19.4685	5.48789	21.1596	200
4787	19.4465	5.39352	21.1382	200
4788	19.4429	5.30106	21.117	200
4789	19.5302	5.2082	21.0972	200
4790	20.2547	5.09906	21.0866	200
4791	20.2302	4.99299	21.0759	200
4792	20.1765	4.89065	21.0647	200
4793	20.8605	4.77349	21.0621	200
4794	20.8661	4.65905	21.0597	200
4795	21.6336	4.55693	21.0668	200
4796	21.5886	4.45605	21.0734	200
4797	21.5304	4.35607	21.0791	200
4798	22.2625	4.27675	21.0939	200
4799	22.2655	4.19912	21.1085	200
4800	21.544	4.10503	21.114	200
4801	21.5213	4.01259	21.119	200
4802	20.8708	3.91848	21.1159	200
4803	20.6424	3.83236	21.11	200
4804	20.6066	3.74913	21.1037	200
4805	20.6663	3.66634	21.0983	200
4806	20.7437	3.58354	21.0938	200
4807	20.7488	3.50258	21.0895	200
4808	20.758	3.4233	21.0854	200
4809	21.3925	3.3454	21.0892	200
4810	20.6635	3.2724	21.0839	200
4811	21.3398	3.19699	21.0871	200
4812	21.3965	3.1248	21.091	200
4813	21.4133	3.05474	21.095	200
4814	21.4131	2.98632	21.099	200
4815	20.6651	2.92251	21.0935	200
4816	21.3721	2.85641	21.097	200
4817	21.4145	2.79294	21.101	200
4818	21.389	2.73031	21.1046	200
4819	22.7455	2.70308	21.1251	200
4820	22.7637	2.67888	21.1437	200
4821	23.4863	2.67124	21.1703	200
4822	23.4956	2.66338	21.1968	200
4823	23.429	2.65358	21.2221	200
4824	24.5759	2.66949	21.2602	200
4825	24.5611	2.68384	21.2977	200
4826	25.1614	2.71065	21.3416	200
4827	25.1241	2.73501	21.3846	200
4828	25.1277	2.75792	21.4272	200
4829	25.1589	2.78005	21.4696	200
4830	24.4455	2.7845	21.5034	200
4831	24.4628	2.78848	21.537	200
4832	23.8007	2.77655	21.5627	200
4833	23.8323	2.76503	21.5885	200
4834	23.0818	2.73612	21.6055	200
4835	23.0842	2.70755	21.6223	200
4836	23.0702	2.67892	21.6388	200
4837	22.4391	2.63622	21.6478	200
4838	22.4295	2.59407	21.6567	200
4839	22.3899	2.55178	21.6651	200
4840	21.7476	2.49566	21.666	200
4841	22.4587	2.45695	21.675	200
4842	22.4322	2.41832	21.6836	200
4843	21.7789	2.36553	21.6847	200
4844	21.7465	2.31317	21.6854	200
4845	21.8244	2.26376	21.687	200
4846	22.7627	2.23675	21.6992	200
4847	22.8094	2.21115	21.7118	200
4848	22.1549	2.17097	21.7168	200
4849	22.1144	2.13066	21.7214	200
4850	22.8059	2.10688	21.7337	200
4851	22.7615	2.08236	21.7454	200
4852	23.4841	2.07455	21.7651	200
4853	23.5273	2.06745	21.7851	200
4854	23.4925	2.05926	21.8045	200
4855	23.5092	2.0512	21.8239	200
4856	23.4962	2.04259	21.8429	200
4857	23.4788	2.03335	21.8615	200
4858	23.4916	2.02418	21.88	200
4859	23.4924	2.01482	21.8984	200
4860	23.4707	2.00477	21.9162	200
4861	23.5409	1.99613	21.9347	200
4862	23.4823	1.98593	21.9523	200
4863	23.4448	1.97472	21.9692	200
4864	24.1437	1.97926	21.9939	200
4865	24.145	1.98284	22.0163	200
4866	24.1064	1.98507	22.0381	200
4867	24.1176	1.98703	22.0598	200
4868	24.1107	1.98836	22.0811	200
4869	24.4626	1.99655	22.1059	200
4870	24.4605	2.00401	22.1305	200
4871	24.5464	2.01259	22.1556	200
4872	24.5429	2.02039	22.1805	200
4873	23.8866	2.01384	22.1983	200
4874	23.9264	2.00789	22.2163	200
4875	23.2384	1.98735	22.2269	200
4876	23.2144	1.96652	22.2372	200
4877	23.2262	1.94616	22.2475	200
4878	23.2248	1.92597	22.2577	200
4879	23.9033	1.92013	22.2748	200
4880	23.9247	1.9145	22.292	200
4881	23.8744	1.90758	22.3085	200
4882	23.9138	1.90128	22.3252	200
4883	23.9077	1.89464	22.3417	200
4884	23.8695	1.887	22.3576	200
4885	23.9098	1.88002	22.3738	200
4886	23.9008	1.87267	22.3897	200
4887	23.8937	1.86498	22.4054	200
4888	24.5799	1.87143	22.428	200
4889	24.6026	1.87775	22.4507	200
4890	24.5916	1.88323	22.473	200
4891	24.6236	1.8888	22.4954	200
4892	24.5935	1.89316	22.5172	200
4893	22.2636	1.85901	22.5146	200
4894	22.1411	1.82806	22.5107	200
4895	22.1152	1.79821	22.5066	200
4896	22.1588	1.76799	22.5029	200
4897	22.144	1.73864	22.4992	200
4898	22.109	1.71055	22.4951	200
4899	22.1564	1.68197	22.4916	200
4900	22.0935	1.65522	22.4875	200
4901	22.0936	1.62894	22.4834	200
4902	22.1159	1.60266	22.4795	200
4903	21.5113	1.58944	22.4694	200
4904	21.5061	1.5764	22.4594	200
4905	21.5144	1.56324	22.4496	200
4906	21.4784	1.55091	22.4394	200
4907	21.5065	1.53803	22.4297	200
4908	21.4926	1.52551	22.42	200
4909	21.4908	1.51309	22.4103	200
4910	21.5202	1.50011	22.401	200
4911	21.523	1.48715	22.3919	200
4912	21.5039	1.47466	22.3826	200
4913	22.1923	1.44791	22.3806	200
4914	22.1718	1.42408	22.3786	200
4915	22.239	1.39938	22.3773	200
4916	22.1741	1.37637	22.3753	200
4917	22.1897	1.35347	22.3735	200
4918	23.3263	1.34577	22.3827	200
4919	24.1237	1.35336	22.3994	200
4920	23.4713	1.34795	22.4097	200
4921	23.4028	1.34112	22.4193	200
4922	23.3913	1.33402	22.4286	200
4923	23.3965	1.32698	22.4379	200
4924	23.3957	1.31988	22.4472	200
4925	23.4108	1.31303	22.4564	200
4926	23.4471	1.30683	22.4659	200
4927	23.3516	1.29873	22.4745	200
4928	23.306	1.28975	22.4825	200
4929	23.3508	1.28164	22.4908	200
4930	23.3241	1.27302	22.4988	200
4931	23.3287	1.2645	22.5068	200
4932	23.3495	1.25639	22.5149	200
4933	23.3615	1.2485	22.523	200
4934	23.3513	1.24042	22.531	200
4935	23.3406	1.23213	22.5388	200
4936	23.8971	1.23456	22.5518	200
4937	24.0472	1.23957	22.5662	200
4938	24.0797	1.24484	22.5808	200
4939	24.7362	1.26235	22.6015	200
4940	24.7654	1.27969	22.6223	200
4941	25.3856	1.30822	22.6489	200
4942	25.377	1.33552	22.6751	200
4943	25.4504	1.36321	22.7018	200
4944	25.58	1.39234	22.7295	200
4945	25.5686	1.42017	22.7568	200
4946	26.1775	1.45864	22.7897	200
4947	26.2221	1.49659	22.8227	200
4948	26.2179	1.53311	22.8553	200
4949	26.9137	1.58167	22.8943	200
4950	26.8403	1.62714	22.9323	200
4951	27.567	1.68497	22.9768	200
4952	27.5422	1.74036	23.0207	200
4953	27.5529	1.79405	23.0643	200
4954	27.5904	1.84659	23.1078	200
4955	27.5473	1.89645	23.1505	200
4956	27.5868	1.9453	23.1932	200
4957	27.5942	1.99252	23.2355	200
4958	27.5643	2.03745	23.2771	200
4959	27.561	2.08065	23.3183	200
4960	27.5635	2.12227	23.3591	200
4961	27.6236	2.16347	23.4001	200
4962	26.9612	2.19035	23.4344	200
4963	26.8423	2.21376	23.4671	200
4964	26.8019	2.23532	23.4992	200
4965	26.8412	2.2566	23.5313	200
4966	27.5082	2.28968	23.5696	200
4967	27.5118	2.31919	23.6048	200
4968	26.8823	2.3363	23.634	200
4969	26.8025	2.35116	23.6623	200
4970	26.7831	2.3649	23.6902	200
4971	30.0891	2.43694	23.7473	200
4972	29.4625	2.49548	23.7983	200
4973	29.4366	2.5516	23.8487	200
4974	29.4423	2.60592	23.8986	200
4975	30.1583	2.67117	23.9545	200
4976	29.4068	2.72083	24.0032	200
4977	29.4465	2.76945	24.0518	200
4978	29.4633	2.81662	24.1001	200
4979	29.449	2.86184	24.1479	200
4980	30.1377	2.9177	24.2014	200
4981	30.0782	2.97054	24.2538	200
4982	30.0954	3.02181	24.306	200
4983	30.8299	3.08434	24.3642	200
4984	30.8198	3.14454	24.4219	200
4985	30.7982	3.20226	24.4788	200
4986	30.8195	3.2583	24.5354	200
4987	30.8072	3.31211	24.5914	200
4988	30.7375	3.36272	24.6463	200
4989	30.8416	3.4133	24.7016	200
4990	30.8024	3.46129	24.7561	200
4991	30.8296	3.50793	24.8103	200
4992	30.8142	3.55251	24.8639	200
4993	30.8363	3.59572	24.9172	200
4994	31.5392	3.64975	24.9764	200
4995	31.4878	3.70086	25.0345	200
4996	31.4495	3.74932	25.0918	200
4997	31.5221	3.7972	25.1492	200
4998	31.5242	3.84323	25.2061	200
4999	30.5023	3.86917	25.2534	200
5000	30.4386	3.89268	25.2997	200
5001	30.6735	3.91912	25.3477	200
5002	30.627	3.94341	25.3948	200
5003	30.6129	3.96617	25.4414	200
5004	30.6795	3.98889	25.4882	200
5005	30.6643	4.01009	25.5344	200
5006	29.9807	4.01788	25.5741	200
5007	29.9572	4.0244	25.6132	200
5008	29.279	4.01799	25.6459	200
5009	29.3201	4.01185	25.6787	200
5010	29.3097	4.00505	25.7112	200
5011	28.6143	3.98537	25.7371	200
5012	28.5535	3.9645	25.7622	200
5013	28.6414	3.94512	25.7879	200
5014	28.6275	3.92537	25.8133	200
5015	28.6234	3.90546	25.8384	200
5016	28.6546	3.88601	25.8635	200
5017	28.6212	3.86586	25.8881	200
5018	28.6466	3.84608	25.9128	200
5019	28.6186	3.82572	25.9369	200
5020	28.6583	3.806	25.9612	200
5021	28.6587	3.7862	25.9853	200
5022	28.645	3.76609	26.0091	200
5023	29.3119	3.75781	26.0385	200
5024	29.39	3.75104	26.0665	200
5025	29.3451	3.74316	26.0938	200
5026	29.3586	3.73519	26.121	200
5027	30.0291	3.73807	26.1536	200
5028	27.0671	3.691	26.1612	200
5029	27.0748	3.64471	26.1688	200
5030	27.3224	3.60319	26.1784	200
5031	27.3234	3.56222	26.188	200
5032	26.5979	3.50968	26.1914	200
5033	26.5909	3.45784	26.1947	200
5034	26.5752	3.40655	26.1979	200
5035	26.5603	3.35582	26.2009	200
5036	27.2661	3.31764	26.2098	200
5037	27.2774	3.28014	26.2187	200
5038	27.2869	3.24327	26.2276	200
5039	27.2702	3.2066	26.2362	200
5040	27.2589	3.1702	26.2448	200
5041	27.3195	3.13527	26.2537	200
5042	27.2781	3.10009	26.2623	200
5043	27.2338	3.06461	26.2704	200
5044	27.2894	3.03052	26.2788	200
5045	27.2184	2.99567	26.2867	200
5046	27.2606	2.96197	26.2948	200
5047	27.2917	2.92922	26.3031	200
5048	27.4386	2.89933	26.3126	200
5049	28.0039	2.87919	26.3267	200
5050	28.0118	2.85929	26.3407	200
5051	27.979	2.83894	26.3543	200
5052	28.006	2.81915	26.3681	200
5053	28.7163	2.8113	26.3877	200
5054	29.3443	2.81372	26.4123	200
5055	29.3816	2.81631	26.4371	200
5056	29.322	2.81746	26.4611	200
5057	29.3634	2.81887	26.4853	200
5058	29.3529	2.81968	26.5092	200
5059	29.3881	2.82067	26.5332	200
5060	28.957	2.81406	26.5534	200
5061	29.683	2.81931	26.5795	200
5062	29.6444	2.82341	26.605	200
5063	29.6937	2.82783	26.6307	200
5064	29.7041	2.83192	26.6563	200
5065	29.682	2.83515	26.6816	200
5066	29.6644	2.83761	26.7064	200
5067	29.7056	2.84031	26.7314	200
5068	29.6438	2.84151	26.7557	200
5069	29.6474	2.84234	26.7798	200
5070	29.6418	2.84267	26.8036	200
5071	29.6662	2.843	26.8275	200
5072	29.6158	2.84209	26.8507	200
5073	29.6669	2.84166	26.8742	200
5074	29.6342	2.8403	26.8972	200
5075	29.6935	2.83956	26.9205	200
5076	29.6509	2.83774	26.9432	200
5077	29.6387	2.83537	26.9657	200
5078	30.321	2.84403	26.9937	200
5079	29.76	2.84274	27.0167	200
5080	29.7243	2.84049	27.0393	200
5081	29.7648	2.83857	27.062	200
5082	30.3853	2.84665	27.0897	200
5083	30.3906	2.85422	27.1172	200
5084	31.0761	2.87263	27.1502	200
5085	30.4619	2.87949	27.176	200
5086	30.3945	2.88479	27.2012	200
5087	30.4246	2.89008	27.2264	200
5088	29.7129	2.88377	27.2458	200
5089	25.6458	2.86371	27.2333	200
5090	25.6312	2.844	27.2208	200
5091	25.6185	2.82459	27.2083	200
5092	24.9006	2.81652	27.1902	200
5093	24.9447	2.8076	27.1727	200
5094	25.5559	2.78899	27.1601	200
5095	25.5993	2.7698	27.1479	200
5096	26.3335	2.73924	27.1415	200
5097	25.6349	2.71998	27.1297	200
5098	25.553	2.70212	27.1174	200
5099	26.3551	2.67181	27.1115	200
5100	26.3973	2.64122	27.1059	200
5101	27.0093	2.60146	27.1051	200
5102	26.9896	2.56262	27.1042	200
5103	27.0179	2.52392	27.1035	200
5104	27.7261	2.49421	27.1084	200
5105	27.6874	2.46429	27.1129	200
5106	27.6477	2.43414	27.1171	200
5107	27.6963	2.40515	27.1216	200
5108	27.7045	2.37668	27.1262	200
5109	26.8487	2.34388	27.124	200
5110	26.8225	2.31197	27.1217	200
5111	26.834	2.28034	27.1194	200
5112	26.8254	2.2493	27.1171	200
5113	26.1534	2.22921	27.1096	200
5114	26.182	2.20887	27.1023	200
5115	26.1708	2.18892	27.0951	200
5116	26.8629	2.15834	27.0932	200
5117	26.7804	2.1295	27.0908	200
5118	26.8758	2.09959	27.0891	200
5119	27.5406	2.07384	27.0926	200
5120	27.5411	2.04844	27.0962	200
5121	26.8589	2.02014	27.0943	200
5122	26.8292	1.99271	27.0922	200
5123	26.1326	1.97657	27.0847	200
5124	26.1869	1.95972	27.0777	200
5125	26.1435	1.94369	27.0704	200
5126	25.5583	1.93695	27.0586	200
5127	25.4505	1.93181	27.046	200
5128	24.7415	1.93763	27.028	200
5129	24.7744	1.94257	27.0104	200
5130	24.7997	1.94676	26.9932	200
5131	24.8147	1.95038	26.9761	200
5132	24.6914	1.9556	26.9583	200
5133	24.0806	1.97001	26.9358	200
5134	24.7815	1.97289	26.919	200
5135	24.8181	1.97489	26.9026	200
5136	24.0887	1.988	26.8806	200
5137	24.125	1.99999	26.859	200
5138	24.1171	2.01158	26.8376	200
5139	24.0984	2.02295	26.8162	200
5140	24.0584	2.03443	26.7947	200
5141	24.7869	2.03402	26.779	200
5142	24.7883	2.03334	26.7634	200
5143	24.7796	2.03256	26.7479	200
5144	25.4932	2.02041	26.7381	200
5145	25.4769	2.00855	26.7283	200
5146	26.194	1.98551	26.7241	200
5147	26.1812	1.96297	26.7199	200
5148	26.1889	1.9406	26.7157	200
5149	27.5203	1.92284	26.722	200
5150	27.5408	1.90661	26.728	200
5151	28.2219	1.90054	26.739	200
5152	27.5956	1.88519	26.7453	200
5153	27.5279	1.86897	26.7511	200
5154	28.2036	1.86285	26.7617	200
5155	28.244	1.85725	26.7726	200
5156	28.2732	1.852	26.7837	200
5157	28.1783	1.84528	26.7939	200
5158	28.2417	1.83943	26.8046	200
5159	28.1685	1.83244	26.8146	200
5160	28.3573	1.82818	26.8259	200
5161	28.3803	1.82415	26.8374	200
5162	28.4105	1.82046	26.8489	200
5163	28.3972	1.81646	26.8603	200
5164	27.6367	1.80116	26.866	200
5165	27.6987	1.78692	26.8721	200
5166	28.4039	1.78316	26.8834	200
5167	27.6754	1.76859	26.8892	200
5168	27.652	1.75379	26.8948	200
5169	28.3568	1.7495	26.9056	200
5170	28.3205	1.74458	26.916	200
5171	29.0342	1.75008	26.9316	200
5172	29.0322	1.75523	26.947	200
5173	29.0753	1.76072	26.9627	200
5174	28.3408	1.75509	26.9728	200
5175	28.3064	1.74889	26.9826	200
5176	29.0897	1.75416	26.9981	200
5177	28.3599	1.74839	27.0081	200
5178	28.3731	1.74275	27.0181	200
5179	28.3066	1.73607	27.0276	200
5180	28.373	1.73032	27.0375	200
5181	28.9961	1.73368	27.0519	200
5182	28.3653	1.7275	27.0616	200
5183	29.0384	1.73117	27.0761	200
5184	29.7595	1.74517	27.0958	200
5185	29.2717	1.7515	27.1118	200
5186	29.8293	1.76571	27.1318	200
5187	29.8425	1.7796	27.1517	200
5188	29.8783	1.79353	27.1718	200
5189	29.8494	1.80653	27.1915	200
5190	29.7975	1.81829	27.2106	200
5191	29.8773	1.83076	27.2302	200
5192	29.8418	1.84224	27.2494	200
5193	29.8235	1.85301	27.2684	200
5194	29.7147	1.86173	27.2864	200
5195	29.7017	1.86987	27.3041	200
5196	29.6603	1.87702	27.3214	200
5197	29.667	1.88391	27.3387	200
5198	29.6286	1.88988	27.3555	200
5199	29.7174	1.89682	27.3729	200
5200	28.9815	1.89258	27.3847	200
5201	28.9941	1.88842	27.3966	200
5202	28.9995	1.88422	27.4083	200
5203	28.2829	1.86937	27.4148	200
5204	28.3255	1.85527	27.4215	200
5205	27.7079	1.8322	27.4236	200
5206	28.3225	1.81848	27.4302	200
5207	28.2859	1.80432	27.4365	200
5208	29.047	1.80147	27.4483	200
5209	29.1467	1.79995	27.4608	200
5210	28.9652	1.7956	27.4719	200
5211	28.9704	1.79123	27.4829	200
5212	29.0246	1.78757	27.4942	200
5213	29.0813	1.78462	27.5059	200
5214	28.9593	1.77974	27.5166	200
5215	29.101	1.77687	27.5282	200
5216	29.0452	1.77305	27.5394	200
5217	29.0114	1.76862	27.5502	200
5218	30.3836	1.78428	27.571	200
5219	29.6582	1.78849	27.5855	200
5220	30.2032	1.8	27.6037	200
5221	29.5774	1.80241	27.6174	200
5222	29.5651	1.80443	27.6309	200
5223	30.2382	1.81558	27.649	200
5224	30.3047	1.82725	27.6675	200
5225	30.2953	1.83837	27.6857	200
5226	30.2519	1.84847	27.7036	200
5227	30.973	1.86821	27.7263	200
5228	30.9449	1.88697	27.7486	200
5229	30.9666	1.90545	27.771	200
5230	31.6579	1.93297	27.7979	200
5231	32.6795	1.97392	27.8318	200
5232	32.7272	2.0145	27.8658	200
5233	32.7509	2.05437	27.8998	200
5234	32.6651	2.09202	27.9329	200
5235	32.7073	2.12927	27.966	200
5236	32.7337	2.16592	27.9991	200
5237	32.6886	2.20097	28.0317	200
5238	32.7328	2.23569	28.0643	200
5239	32.8108	2.27056	28.0973	200
5240	32.6278	2.30195	28.1288	200
5241	32.0136	2.32394	28.1557	200
5242	31.9915	2.34493	28.1824	200
5243	32.0031	2.36543	28.2089	200
5244	31.8583	2.38326	28.2342	200
5245	31.3251	2.39309	28.2557	200
5246	32.0673	2.41279	28.2822	200
5247	31.9701	2.4305	28.3078	200
5248	31.944	2.44724	28.333	200
5249	32.0102	2.46432	28.3586	200
5250	31.924	2.47962	28.3833	200
5251	31.9649	2.49492	28.4082	200
5252	31.9375	2.50929	28.4327	200
5253	32.0182	2.52423	28.4576	200
5254	32.7401	2.54865	28.4873	200
5255	33.4015	2.5815	28.5215	200
5256	32.6488	2.60297	28.5501	200
5257	32.6456	2.6237	28.5786	200
5258	33.4094	2.65436	28.6121	200
5259	34.7644	2.70294	28.6548	200
5260	34.7368	2.74987	28.6971	200
5261	35.475	2.80581	28.7442	200
5262	35.4596	2.86011	28.7908	200
5263	35.4554	2.91295	28.8371	200
5264	35.4493	2.96433	28.883	200
5265	35.5101	3.0152	28.929	200
5266	34.7732	3.05449	28.9696	200
5267	33.7658	3.07868	29.0029	200
5268	33.7396	3.10171	29.0358	200
5269	33.7297	3.12382	29.0684	200
5270	33.7198	3.14504	29.1007	200
5271	34.41	3.1751	29.1376	200
5272	34.3964	3.20404	29.1741	200
5273	35.1071	3.24194	29.2153	200
5274	35.0889	3.27849	29.2561	200
5275	34.9909	3.31261	29.2959	200
5276	35.8298	3.35735	29.3413	200
5277	35.7684	3.39998	29.3859	200
5278	36.4821	3.45132	29.4352	200
5279	35.7525	3.49112	29.479	200
5280	35.8292	3.53083	29.5231	200
5281	36.4644	3.5782	29.5713	200
5282	35.7671	3.61455	29.6144	200
5283	36.4815	3.65973	29.6621	200
5284	35.7838	3.69392	29.7046	200
5285	35.7842	3.72706	29.7468	200
5286	35.8335	3.75983	29.7891	200
5287	35.8522	3.79182	29.8312	200
5288	36.5463	3.83242	29.8778	200
5289	35.8421	3.86203	29.9192	200
5290	35.8071	3.89017	29.9601	200
5291	37.1967	3.93664	30.0104	200
5292	36.5128	3.9704	30.0531	200
5293	37.243	4.01276	30.1004	200
5294	37.2322	4.0538	30.1474	200
5295	36.5119	4.08421	30.1892	200
5296	34.4962	4.08714	30.2176	200
5297	35.1493	4.09825	30.25	200
5298	34.4384	4.09944	30.2776	200
5299	34.4757	4.10074	30.3052	200
5300	33.7721	4.0924	30.328	200
5301	33.7884	4.08408	30.3508	200
5302	34.4158	4.08383	30.3775	200
5303	34.414	4.08321	30.4041	200
5304	34.5581	4.08414	30.4314	200
5305	34.5753	4.08497	30.4602	200
5306	34.59	4.08559	30.4888	200
5307	35.2637	4.09572	30.5239	200
5308	34.6316	4.0959	30.5541	200
5309	34.6475	4.09586	30.5861	200
5310	33.9714	4.08475	30.6126	200
5311	33.9642	4.07253	30.6405	200
5312	33.9645	4.06006	30.6682	200
5313	33.2127	4.03299	30.6909	200
5314	33.2849	4.0073	30.7141	200
5315	32.6323	3.96712	30.7325	200
5316	32.608	3.9269	30.7506	200
5317	33.2872	3.89793	30.777	200
5318	32.6191	3.8551	30.7962	200
5319	33.2489	3.82323	30.824	200
5320	32.5567	3.77572	30.8437	200
5321	32.5475	3.72392	30.865	200
5322	33.2539	3.69054	30.8949	200
5323	32.8324	3.64671	30.9191	200
5324	32.5831	3.59714	30.9399	200
5325	31.9182	3.53167	30.9521	200
5326	31.8343	3.46543	30.9632	200
5327	32.5039	3.41732	30.9824	200
5328	31.8412	3.35335	30.9931	200
5329	32.5272	3.30787	31.0123	200
5330	32.5191	3.26284	31.0312	200
5331	31.8141	3.20085	31.0409	200
5332	32.5769	3.15922	31.0601	200
5333	32.5387	3.1172	31.0786	200
5334	34.5732	3.12664	31.1223	200
5335	34.5929	3.13524	31.1657	200
5336	34.6003	3.14272	31.2086	200
5337	35.2642	3.16554	31.2593	200
5338	35.2857	3.18706	31.3096	200
5339	35.2911	3.20692	31.3594	200
5340	34.662	3.20931	31.4007	200
5341	34.6213	3.20959	31.441	200
5342	20.945	3.39175	31.3098	200
5343	20.4526	3.57839	31.174	200
5344	21.4193	3.7328	31.0521	200
5345	21.429	3.88006	30.9318	200
5346	21.4831	4.01927	30.8137	200
5347	20.7601	4.17013	30.688	200
5348	20.74	4.31458	30.5637	200
5349	21.454	4.43446	30.4498	200
5350	21.5006	4.54732	30.3379	200
5351	21.4568	4.65567	30.2269	200
5352	20.7175	4.77701	30.1081	200
5353	21.4575	4.87385	29.9999	200
5354	23.6501	4.91075	29.9206	200
5355	22.9853	4.96136	29.8339	200
5356	22.9806	5.00866	29.7482	200
5357	22.2784	5.07019	29.6548	200
5358	22.2688	5.12808	29.5625	200
5359	22.3066	5.18128	29.4718	200
5360	22.2043	5.23343	29.381	200
5361	22.9121	5.26432	29.3001	200
5362	22.9557	5.28886	29.228	200
5363	21.3442	5.34784	29.1384	200
5364	21.4639	5.40072	29.0512	200
5365	20.7819	5.46591	28.9572	200
5366	20.7789	5.52756	28.8643	200
5367	20.777	5.58573	28.7724	200
5368	21.5452	5.62304	28.6903	200
5369	21.5306	5.65796	28.6089	200
5370	21.5314	5.69022	28.5285	200
5371	21.4586	5.72158	28.4481	200
5372	21.5249	5.74889	28.3695	200
5373	22.1944	5.75858	28.2993	200
5374	21.525	5.78166	28.2223	200
5375	17.2461	5.89972	28.0976	200
5376	17.3137	6.01072	27.975	200
5377	17.2731	6.11734	27.8534	200
5378	17.316	6.21779	27.7337	200
5379	17.9641	6.29852	27.6227	200
5380	17.9174	6.37594	27.5124	200
5381	17.9369	6.44866	27.4036	200
5382	18.6076	6.502	27.3036	200
5383	19.2989	6.53616	27.2126	200
5384	19.3627	6.56602	27.1234	200
5385	19.3139	6.59428	27.0347	200
5386	19.3315	6.61948	26.9472	200
5387	19.5665	6.63678	26.8633	200
5388	19.3105	6.6576	26.7775	200
5389	19.3607	6.67485	26.6932	200
5390	18.6668	6.70556	26.602	200
5391	18.7078	6.73258	26.5123	200
5392	17.9339	6.77453	26.4148	200
5393	17.9997	6.81181	26.3192	200
5394	17.9668	6.84682	26.2242	200
5395	17.3385	6.89316	26.1233	200
5396	17.2744	6.93761	26.0227	200
5397	18.7208	6.94589	25.9397	200
5398	19.2341	6.94043	25.8635	200
5399	19.382	6.93	25.7899	200
5400	19.9722	6.90472	25.7238	200
5401	19.3384	6.89291	25.6512	200
5402	19.339	6.87971	25.5795	200
5403	19.3328	6.86533	25.5085	200
5404	18.6502	6.86517	25.4306	200
5405	18.6379	6.86352	25.3534	200
5406	19.3587	6.84377	25.2852	200
5407	19.2988	6.82591	25.2229	200
5408	19.8731	6.79516	25.1672	200
5409	19.3095	6.77562	25.1061	200
5410	19.0794	6.76002	25.0434	200
5411	19.3634	6.73752	24.9842	200
5412	19.3084	6.7154	24.9251	200
5413	19.9677	6.67877	24.8734	200
5414	19.9214	6.6428	24.8218	200
5415	20.007	6.60472	24.7717	200
5416	19.9855	6.56683	24.7218	200
5417	19.9684	6.52905	24.6723	200
5418	19.9575	6.49125	24.6232	200
5419	19.9919	6.4525	24.575	200
5420	19.2901	6.42818	24.5199	200
5421	18.7005	6.41549	24.4593	200
5422	19.2605	6.39014	24.4051	200
5423	18.6515	6.37688	24.3452	200
5424	19.331	6.34849	24.293	200
5425	19.3232	6.31977	24.2412	200
5426	19.3535	6.28993	24.1903	200
5427	19.3401	6.25994	24.1398	200
5428	19.3333	6.22966	24.0897	200
5429	19.978	6.18553	24.0469	200
5430	20.7013	6.12636	24.012	200
5431	20.7157	6.0674	23.9777	200
5432	20.886	6.00541	23.9455	200
5433	21.4009	5.93331	23.919	200
5434	22.1634	5.84627	23.9007	200
5435	22.0944	5.7621	23.8819	200
5436	22.0995	5.67919	23.8633	200
5437	21.4188	5.6118	23.8378	200
5438	21.4221	5.54522	23.8127	200
5439	21.3038	5.48196	23.7865	200
5440	22.0907	5.40308	23.7689	200
5441	22.1284	5.32469	23.7518	200
5442	22.7674	5.23427	23.7415	200
5443	22.7661	5.14554	23.7314	200
5444	22.7576	5.05863	23.7212	200
5445	22.7388	4.97371	23.711	200
5446	22.1472	4.90267	23.6947	200
5447	22.0764	4.83424	23.6778	200
5448	21.3948	4.78109	23.6541	200
5449	22.1119	4.71361	23.638	200
5450	22.1035	4.64738	23.622	200
5451	22.793	4.5606	23.6126	200
5452	23.1889	4.46658	23.6078	200
5453	22.11	4.39236	23.589	200
5454	22.1145	4.31941	23.5706	200
5455	22.7721	4.22161	23.5595	200
5456	22.7524	4.12676	23.5483	200
5457	22.0841	4.04356	23.5254	200
5458	22.0914	3.96201	23.503	200
5459	22.0335	3.87299	23.4768	200
5460	22.0292	3.78637	23.4509	200
5461	22.0496	3.68699	23.4217	200
5462	22.1202	3.5876	23.3946	200
5463	22.0658	3.49348	23.3669	200
5464	22.1042	3.40053	23.3406	200
5465	21.3802	3.3491	23.3056	200
5466	21.3976	3.29764	23.2716	200
5467	20.7014	3.27165	23.2257	200
5468	20.7159	3.24444	23.1808	200
5469	20.7442	3.2156	23.1373	200
5470	21.4	3.1628	23.1063	200
5471	21.3981	3.11085	23.0758	200
5472	21.3988	3.05964	23.0458	200
5473	21.4269	3.00819	23.0169	200
5474	11.1145	3.32584	22.8044	200
5475	11.0925	3.62534	22.5953	200
5476	11.1247	3.90553	22.3904	200
5477	11.0941	4.16949	22.1887	200
5478	11.7834	4.3922	22.0029	200
5479	11.7686	4.60084	21.8201	200
5480	12.4224	4.77216	21.6523	200
5481	12.4908	4.92892	21.4887	200
5482	12.4814	5.07458	21.3279	200
5483	17.6629	5.02424	21.2624	200
5484	17.0056	4.99683	21.1864	200
5485	17.6264	4.94551	21.1228	200
5486	17.76	4.88899	21.0628	200
5487	17.722	4.83369	21.0031	200
5488	18.4875	4.7509	20.9582	200
5489	18.3948	4.67278	20.9124	200
5490	19.1219	4.56984	20.8805	200
5491	19.1486	4.46848	20.8495	200
5492	19.1171	4.37077	20.8186	200
5493	20.5083	4.22575	20.8131	200
5494	20.5825	4.1009	20.8094	200
5495	19.8239	4.00355	20.794	200
5496	19.8173	3.90896	20.7788	200
5497	19.7776	3.81809	20.7631	200
5498	21.2908	3.71527	20.7714	200
5499	21.929	3.63534	20.7895	200
5500	21.2824	3.53714	20.7972	200
5501	21.1752	3.43841	20.8031	200
5502	21.8988	3.3652	20.8202	200
5503	21.1704	3.27099	20.8257	200
5504	21.8883	3.20197	20.8423	200
5505	21.1855	3.11264	20.8476	200
5506	21.165	3.02528	20.8526	200
5507	21.2225	2.9423	20.8584	200
5508	20.5008	2.86153	20.8528	200
5509	21.8517	2.80332	20.8684	200
5510	21.8326	2.74585	20.8835	200
5511	21.8749	2.69102	20.8989	200
5512	22.5346	2.65804	20.9245	200
5513	22.5811	2.62674	20.9504	200
5514	24.1464	2.64453	21.0003	200
5515	24.2162	2.66239	21.0506	200
5516	24.1687	2.67663	21.0993	200
5517	24.2848	2.69253	21.1491	200
5518	24.1748	2.70294	21.1963	200
5519	24.2069	2.71255	21.2434	200
5520	24.1586	2.71889	21.2889	200
5521	24.1798	2.72426	21.3341	200
5522	24.1805	2.72808	21.3786	200
5523	24.8503	2.75131	21.4328	200
5524	24.8596	2.77242	21.4864	200
5525	24.9189	2.79305	21.54	200
5526	25.5997	2.83263	21.6034	200
5527	25.5267	2.86293	21.6579	200
5528	26.2213	2.91016	21.7213	200
5529	25.578	2.93645	21.7749	200
5530	25.6165	2.9616	21.8282	200
5531	26.3161	3.00399	21.8906	200
5532	25.6067	3.02378	21.9422	200
5533	25.6763	3.04351	21.994	200
5534	25.5575	3.05795	22.0435	200
5535	24.9671	3.05422	22.0841	200
5536	24.8897	3.04731	22.1231	200
5537	24.3065	3.02331	22.1534	200
5538	24.3468	3.00026	22.1839	200
5539	24.3386	2.97677	22.2138	200
5540	24.9137	2.96908	22.2513	200
5541	25.6714	2.98161	22.2988	200
5542	24.8781	2.97043	22.3346	200
5543	24.919	2.95971	22.3705	200
5544	25.6373	2.96824	22.4159	200
5545	25.6253	2.97493	22.4605	200
5546	25.6365	2.98052	22.5046	200
5547	25.5969	2.98362	22.5475	200
5548	26.2201	3.00276	22.5985	200
5549	25.562	3.00167	22.6397	200
5550	25.6606	3.0022	22.6816	200
5551	26.3459	3.02059	22.7325	200
5552	26.3198	3.03633	22.7824	200
5553	26.2861	3.04932	22.831	200
5554	27.1678	3.08508	22.8913	200
5555	26.9724	3.11275	22.9479	200
5556	27.862	3.16278	23.0162	200
5557	27.6756	3.20436	23.0809	200
5558	26.4012	3.20758	23.127	200
5559	26.3127	3.20697	23.1713	200
5560	26.408	3.20779	23.2162	200
5561	27.067	3.22566	23.2697	200
5562	26.9901	3.2394	23.3214	200
5563	28.3661	3.28955	23.3914	200
5564	28.5266	3.33569	23.4556	200
5565	27.7442	3.35951	23.5092	200
5566	28.4061	3.39794	23.5704	200
5567	27.7881	3.41843	23.6232	200
5568	30.0434	3.49348	23.7034	200
5569	30.6466	3.57972	23.7902	200
5570	29.9335	3.64381	23.867	200
5571	29.967	3.70521	23.9432	200
5572	30.6907	3.78127	24.0276	200
5573	29.8262	3.8317	24.1001	200
5574	29.9679	3.8826	24.1734	200
5575	30.0386	3.93217	24.2467	200
5576	29.7083	3.9704	24.315	200
5577	29.6772	4.0052	24.382	200
5578	29.745	4.03914	24.4491	200
5579	29.7468	4.0706	24.5153	200
5580	29.2929	4.08828	24.575	200
5581	29.3208	4.10472	24.6343	200
5582	28.569	4.10047	24.6835	200
5583	29.9782	4.13032	24.7497	200
5584	29.8558	4.15472	24.8135	200
5585	30.0039	4.18061	24.8784	200
5586	29.3465	4.1878	24.9343	200
5587	29.3195	4.19273	24.9891	200
5588	24.1078	4.10994	24.9781	200
5589	23.3977	4.0467	24.9583	200
5590	23.3636	3.9854	24.9384	200
5591	24.1089	3.9065	24.928	200
5592	23.3968	3.84712	24.9089	200
5593	23.3736	3.78932	24.8897	200
5594	23.376	3.73243	24.8707	200
5595	22.5632	3.69681	24.8419	200
5596	23.7607	3.63142	24.8284	200
5597	23.7202	3.56833	24.8145	200
5598	23.7239	3.50639	24.8009	200
5599	23.721	3.44573	24.7874	200
5600	23.4868	3.3921	24.7711	200
5601	24.1834	3.32199	24.7638	200
5602	24.2489	3.25182	24.7574	200
5603	24.2339	3.18361	24.7508	200
5604	24.9196	3.10823	24.7529	200
5605	24.9291	3.0416	24.7549	200
5606	25.5678	2.99094	24.7642	200
5607	25.5601	2.94105	24.7732	200
5608	25.5454	2.89176	24.782	200
5609	18.8983	2.95976	24.7151	200
5610	18.7882	3.0272	24.6478	200
5611	19.4703	3.07606	24.5889	200
5612	18.7565	3.13871	24.5226	200
5613	19.4665	3.18228	24.4652	200
5614	19.5119	3.22254	24.4089	200
5615	19.4862	3.26118	24.353	200
5616	19.3367	3.30106	24.296	200
5617	18.6482	3.3544	24.2318	200
5618	18.6467	3.40509	24.1683	200
5619	18.0074	3.46773	24.0983	200
5620	17.9307	3.52909	24.0282	200
5621	18.5331	3.57377	23.9658	200
5622	17.2748	3.64462	23.8897	200
5623	17.3552	3.7103	23.8155	200
5624	16.5609	3.79085	23.733	200
5625	16.5662	3.86757	23.6516	200
5626	17.9865	3.90843	23.5872	200
5627	17.9692	3.94728	23.5234	200
5628	17.2531	4.00008	23.4521	200
5629	17.2607	4.04988	23.3818	200
5630	17.4361	4.09297	23.3142	200
5631	18.5219	4.10886	23.2597	200
5632	18.6208	4.1209	23.207	200
5633	18.6581	4.13063	23.1553	200
5634	18.7475	4.13693	23.1052	200
5635	18.8259	4.14017	23.0566	200
5636	18.7871	4.14311	23.0081	200
5637	18.8051	4.14447	22.9603	200
5638	19.4763	4.12946	22.9207	200
5639	21.1218	4.0765	22.9003	200
5640	20.5025	4.03834	22.8731	200
5641	21.307	3.98215	22.8553	200
5642	19.9441	3.95781	22.8222	200
5643	21.2846	3.90281	22.8047	200
5644	21.8294	3.83627	22.7936	200
5645	21.7465	3.77288	22.7817	200
5646	21.8458	3.7084	22.7711	200
5647	21.805	3.64608	22.7601	200
5648	21.1438	3.59995	22.7417	200
5649	22.4857	3.52395	22.7388	200
5650	22.5154	3.45519	22.7365	200
5651	22.5274	3.38756	22.7343	200
5652	23.189	3.32646	22.7391	200
5653	22.9983	3.26256	22.7418	200
5654	23.1746	3.2036	22.7463	200
5655	23.1991	3.1463	22.751	200
5656	22.5716	3.08448	22.7491	200
5657	22.458	3.02629	22.7461	200
5658	21.6334	2.98642	22.7345	200
5659	21.686	2.94605	22.7236	200
5660	21.6647	2.90673	22.7125	200
5661	20.9723	2.88243	22.6944	200
5662	19.3233	2.89261	22.6593	200
5663	19.9931	2.88789	22.6315	200
5664	19.1309	2.90066	22.595	200
5665	19.9618	2.89508	22.5676	200
5666	19.2407	2.90408	22.533	200
5667	19.3335	2.91024	22.4996	200
5668	19.3234	2.91578	22.4665	200
5669	19.3431	2.9201	22.434	200
5670	20.0134	2.9097	22.4088	200
5671	19.975	2.89978	22.3834	200
5672	19.2979	2.90365	22.3513	200
5673	19.9962	2.89222	22.3268	200
5674	19.9709	2.88105	22.3022	200
5675	19.9975	2.86904	22.2782	200
5676	19.3238	2.87082	22.2474	200
5677	19.3958	2.87042	22.2177	200
5678	18.6566	2.88481	22.1806	200
5679	19.4055	2.88252	22.1517	200
5680	19.2743	2.88242	22.1218	200
5681	19.283	2.88151	22.0922	200
5682	19.6592	2.87216	22.0668	200
5683	19.3055	2.86985	22.0381	200
5684	20.0262	2.85198	22.0171	200
5685	20.1545	2.83137	21.9977	200
5686	20.775	2.79785	21.985	200
5687	20.7236	2.76584	21.9718	200
5688	20.7081	2.73455	21.9587	200
5689	20.7575	2.7026	21.9462	200
5690	20.732	2.67159	21.9335	200
5691	20.7046	2.64154	21.9207	200
5692	20.7948	2.60996	21.909	200
5693	21.4029	2.56613	21.9037	200
5694	21.4333	2.52247	21.8988	200
5695	21.3914	2.48049	21.8935	200
5696	22.1413	2.43397	21.8961	200
5697	22.1398	2.38834	21.8986	200
5698	22.7818	2.35698	21.9078	200
5699	23.5355	2.34296	21.9235	200
5700	23.4896	2.32802	21.9386	200
5701	24.1886	2.32652	21.9602	200
5702	24.1123	2.32316	21.9809	200
5703	24.8962	2.33455	22.0089	200
5704	24.1132	2.33012	22.0291	200
5705	24.162	2.32633	22.0497	200
5706	24.1394	2.32178	22.0697	200
5707	23.8376	2.31112	22.0867	200
5708	24.1165	2.30571	22.1063	200
5709	23.4928	2.28804	22.1196	200
5710	23.3357	2.26742	22.1313	200
5711	22.733	2.23539	22.1371	200
5712	22.7268	2.20374	22.1427	200
5713	22.7875	2.17376	22.1489	200
5714	22.0686	2.1335	22.1482	200
5715	22.1092	2.09322	22.1478	200
5716	22.1461	2.053	22.1478	200
5717	22.0128	2.01611	22.1465	200
5718	21.3943	1.99181	22.1392	200
5719	20.721	1.98077	22.1256	200
5720	20.7072	1.96906	22.1108	200
5721	20.0377	1.97123	22.0892	200
5722	20.0046	1.9738	22.0655	200
5723	20.0122	1.97561	22.0422	200
5724	20.7129	1.95945	22.0256	200
5725	19.973	1.96178	21.9999	200
5726	20.1221	1.95944	21.9739	200
5727	19.3417	1.97813	21.9373	200
5728	19.3532	1.99707	21.8969	200
5729	18.0593	2.05458	21.837	200
5730	17.974	2.11917	21.768	200
5731	17.9479	2.17991	21.6998	200
5732	17.9759	2.23505	21.6333	200
5733	18.6499	2.26178	21.58	200
5734	18.6657	2.28508	21.5279	200
5735	18.6289	2.30701	21.4762	200
5736	19.33	2.30126	21.4379	200
5737	19.3265	2.29448	21.4001	200
5738	19.3751	2.28486	21.364	200
5739	19.3338	2.27576	21.3277	200
5740	19.3366	2.2656	21.2922	200
5741	19.3093	2.2555	21.2568	200
5742	19.2824	2.24546	21.2215	200
5743	19.3448	2.23229	21.188	200
5744	20.0117	2.19457	21.167	200
5745	18.4165	2.21443	21.1179	200
5746	19.1154	2.20686	21.0821	200
5747	18.3687	2.22495	21.0337	200
5748	19.0435	2.21656	20.9981	200
5749	19.0157	2.2082	20.9627	200
5750	19.0535	2.19752	20.9286	200
5751	19.0658	2.18557	20.8954	200
5752	18.9373	2.17745	20.8604	200
5753	20.02	2.12969	20.8454	200
5754	20.054	2.08189	20.8313	200
5755	20.0649	2.03491	20.8176	200
5756	21.4188	1.98371	20.8283	200
5757	21.4364	1.94072	20.8378	200
5758	22.0744	1.91871	20.8571	200
5759	21.4872	1.87844	20.867	200
5760	21.6093	1.84294	20.8786	200
5761	20.9071	1.78624	20.879	200
5762	21.6916	1.75581	20.8917	200
5763	21.0195	1.70494	20.8937	200
5764	21.7068	1.67707	20.9064	200
5765	20.9998	1.62758	20.9079	200
5766	21.005	1.57975	20.9094	200
5767	21.7054	1.55526	20.9218	200
5768	20.7127	1.51319	20.9186	200
5769	21.4317	1.48194	20.9266	200
5770	21.403	1.45052	20.934	200
5771	20.7623	1.41055	20.9313	200
5772	21.4008	1.38114	20.9387	200
5773	21.4005	1.35241	20.9459	200
5774	21.3948	1.32418	20.9529	200
5775	21.349	1.29518	20.9591	200
5776	24.6989	1.37157	21.0175	200
5777	25.3745	1.46487	21.0856	200
5778	25.4744	1.55624	21.1542	200
5779	25.5954	1.6464	21.2236	200
5780	24.8676	1.70882	21.2805	200
5781	25.5292	1.78819	21.3469	200
5782	25.4532	1.86063	21.4111	200
5783	24.7784	1.90772	21.4637	200
5784	25.4919	1.97398	21.5266	200
5785	24.7194	2.01207	21.5765	200
5786	25.5951	2.07477	21.6393	200
5787	25.5681	2.13271	21.7007	200
5788	25.6446	2.18931	21.7623	200
5789	26.2813	2.26211	21.8329	200
5790	26.3029	2.32344	21.895	200
5791	26.3211	2.38185	21.9565	200
5792	26.2849	2.43592	22.0166	200
5793	25.7255	2.47128	22.0681	200
5794	25.0046	2.4842	22.1089	200
5795	24.9142	2.49313	22.1478	200
5796	24.7814	2.49702	22.1844	200
5797	25.5486	2.52111	22.2311	200
5798	24.924	2.52588	22.2685	200
5799	25.6595	2.54991	22.3156	200
5800	25.6726	2.57233	22.3623	200
5801	24.9101	2.57165	22.3976	200
5802	25.6143	2.58957	22.4423	200
5803	24.7733	2.58238	22.4747	200
5804	24.7828	2.57476	22.5068	200
5805	25.4513	2.58503	22.5476	200
5806	25.4853	2.59483	22.5884	200
5807	26.8599	2.6414	22.6478	200
5808	26.8667	2.68522	22.7064	200
5809	26.1205	2.70547	22.7538	200
5810	26.1501	2.72466	22.801	200
5811	27.5549	2.78103	22.867	200
5812	27.567	2.83433	22.9323	200
5813	26.9078	2.86603	22.9875	200
5814	26.9036	2.8952	23.0419	200
5815	26.8957	2.92183	23.0954	200
5816	26.836	2.94457	23.1473	200
5817	26.2423	2.94875	23.1903	200
5818	26.9001	2.96989	23.2419	200
5819	27.0013	2.99182	23.2941	200
5820	27.1155	3.01486	23.3471	200
5821	27.128	3.03614	23.3997	200
5822	27.0815	3.05408	23.4508	200
5823	27.0708	3.0698	23.5011	200
5824	27.0757	3.08382	23.5507	200
5825	27.1145	3.09715	23.6002	200
5826	27.7914	3.12754	23.6584	200
5827	27.7749	3.15226	23.7099	200
5828	28.5203	3.19372	23.77	200
5829	28.4884	3.23183	23.829	200
5830	29.06	3.28181	23.8944	200
5831	29.1148	3.33028	23.9596	200
5832	29.009	3.37325	24.0227	200
5833	29.911	3.43613	24.0963	200
5834	28.5583	3.46177	24.1521	200
5835	29.0205	3.49694	24.213	200
5836	28.9508	3.52796	24.2722	200
5837	28.2753	3.53984	24.3222	200
5838	28.2136	3.54862	24.3709	200
5839	27.459	3.53711	24.4095	200
5840	28.114	3.5413	24.4558	200
5841	28.1429	3.54494	24.5019	200
5842	28.1618	3.54781	24.5476	200
5843	28.1912	3.55021	24.5932	200
5844	28.1779	3.55107	24.638	200
5845	28.1637	3.55044	24.682	200
5846	29.5183	3.58258	24.7425	200
5847	29.4889	3.61168	24.8018	200
5848	28.8232	3.62192	24.8521	200
5849	28.8084	3.63028	24.9015	200
5850	25.3766	3.5514	24.9075	200
5851	25.3804	3.47444	24.9134	200
5852	25.4447	3.40086	24.92	200
5853	24.5799	3.32434	24.9158	200
5854	25.2476	3.24953	24.9199	200
5855	24.7858	3.17164	24.9183	200
5856	24.7623	3.09625	24.9163	200
5857	24.7253	3.02362	24.9139	200
5858	24.7945	2.95101	24.9124	200
5859	24.8355	2.87916	24.9115	200
5860	24.0809	2.82794	24.9011	200
5861	24.8102	2.75952	24.8999	200
5862	24.1023	2.71047	24.89	200
5863	24.7561	2.64605	24.8883	200
5864	24.0674	2.60042	24.878	200
5865	24.1128	2.55455	24.8685	200
5866	24.1101	2.50964	24.859	200
5867	24.7728	2.44905	24.8579	200
5868	25.4585	2.40704	24.8647	200
5869	25.4409	2.36543	24.8713	200
5870	25.4709	2.3253	24.8781	200
5871	28.4785	2.35427	24.919	200
5872	28.492	2.38197	24.9596	200
5873	29.1326	2.42267	25.007	200
5874	29.0359	2.45918	25.0528	200
5875	29.0304	2.49369	25.098	200
5876	29.7455	2.54264	25.1508	200
5877	29.7684	2.5898	25.2033	200
5878	29.7943	2.63528	25.2555	200
5879	29.7289	2.67705	25.3063	200
5880	29.6473	2.71487	25.3556	200
5881	30.4073	2.76798	25.413	200
5882	29.7293	2.80317	25.4621	200
5883	29.737	2.83662	25.5107	200
5884	29.0499	2.85258	25.5509	200
5885	29.0104	2.86638	25.5902	200
5886	29.6764	2.8941	25.6366	200
5887	29.1467	2.9081	25.6765	200
5888	29.2329	2.92283	25.7169	200
5889	29.7218	2.94742	25.7624	200
5890	29.0667	2.95553	25.8	200
5891	29.7861	2.97896	25.8453	200
5892	29.7216	2.99935	25.8893	200
5893	25.7983	2.93325	25.8883	200
5894	25.7586	2.86954	25.8868	200
5895	25.1682	2.82065	25.8787	200
5896	25.2522	2.77078	25.8715	200
5897	25.92	2.70891	25.8721	200
5898	25.2322	2.66189	25.8648	200
5899	25.2105	2.61626	25.8574	200
5900	25.9575	2.55907	25.8585	200
5901	25.9225	2.50237	25.8592	200
5902	25.9291	2.44708	25.86	200
5903	25.9207	2.39284	25.8607	200
5904	25.8724	2.33873	25.8609	200
5905	26.1491	2.29212	25.8641	200
5906	25.9019	2.24089	25.8646	200
5907	25.9011	2.19079	25.865	200
5908	25.2198	2.15566	25.8576	200
5909	25.0942	2.12402	25.849	200
5910	25.0953	2.09288	25.8404	200
5911	25.2434	2.05888	25.8336	200
5912	25.9575	2.0149	25.835	200
5913	25.9189	1.97467	25.8359	200
5914	25.2135	1.9465	25.8294	200
5915	25.9307	1.90806	25.8305	200
5916	26.524	1.88275	25.8377	200
5917	26.9962	1.86766	25.8498	200
5918	26.4521	1.8413	25.856	200
5919	26.4596	1.81551	25.8623	200
5920	25.849	1.77797	25.8622	200
5921	25.8307	1.74158	25.8619	200
5922	25.804	1.7065	25.8612	200
5923	25.7439	1.67339	25.86	200
5924	25.778	1.64024	25.8592	200
5925	26.467	1.61873	25.8655	200
5926	25.815	1.58606	25.865	200
5927	25.8194	1.55397	25.8645	200
5928	25.6037	1.52702	25.8618	200
5929	26.5377	1.50929	25.8688	200
5930	26.4787	1.49055	25.8752	200
5931	26.504	1.4726	25.8817	200
5932	27.1766	1.4689	25.8952	200
5933	27.0964	1.46332	25.9077	200
5934	27.8852	1.47403	25.9283	200
5935	27.8465	1.48328	25.9483	200
5936	28.5167	1.50589	25.9751	200
5937	29.2435	1.54261	26.0091	200
5938	29.2158	1.57728	26.0425	200
5939	29.219	1.6106	26.0756	200
5940	32.0712	1.70195	26.138	200
5941	31.4341	1.77683	26.1932	200
5942	31.854	1.85774	26.2522	200
5943	31.9	1.9367	26.311	200
5944	31.8343	2.01142	26.3685	200
5945	31.8461	2.08363	26.4256	200
5946	31.8867	2.154	26.4825	200
5947	31.2298	2.20802	26.5319	200
5948	31.1864	2.25899	26.5804	200
5949	31.6008	2.31652	26.6327	200
5950	31.2349	2.36414	26.6807	200
5951	31.2083	2.40921	26.7278	200
5952	31.8663	2.46607	26.7813	200
5953	31.1909	2.50656	26.8273	200
5954	32.0254	2.56263	26.8814	200
5955	31.994	2.61575	26.9347	200
5956	31.9059	2.66482	26.9865	200
5957	31.8995	2.71166	27.0376	200
5958	31.1686	2.74123	27.0807	200
5959	31.8536	2.78355	27.1304	200
5960	31.9028	2.82499	27.1801	200
5961	32.565	2.87832	27.2362	200
5962	32.6098	2.92631	27.2879	200
5963	32.624	2.97265	27.3392	200
5964	31.9463	3.00408	27.3835	200
5965	29.492	2.98686	27.4037	200
5966	30.3515	2.98611	27.4321	200
5967	31.042	2.9981	27.4668	200
5968	31.0136	3.00865	27.5009	200
5969	32.4542	3.04605	27.5485	200
5970	32.4294	3.08133	27.5955	200
5971	32.4237	3.11493	27.6419	200
5972	33.1397	3.16075	27.6947	200
5973	33.1249	3.20439	27.747	200
5974	32.7326	3.23865	27.7949	200
5975	33.2639	3.28154	27.8475	200
5976	33.322	3.32371	27.9001	200
5977	33.2896	3.36344	27.9519	200
5978	33.289	3.40139	28.0033	200
5979	33.161	3.43517	28.0528	200
5980	33.2254	3.46857	28.1026	200
5981	33.3184	3.50217	28.1527	200
5982	33.2963	3.53374	28.2022	200
5983	34.0153	3.57757	28.2581	200
5984	33.3511	3.60672	28.3071	200
5985	33.2829	3.63304	28.3549	200
5986	33.3221	3.6587	28.4027	200
5987	33.9993	3.69597	28.4565	200
5988	33.7616	3.72691	28.5075	200
5989	33.2365	3.74619	28.553	200
5990	33.2335	3.76415	28.598	200
5991	27.1175	3.72024	28.5837	200
5992	26.4478	3.68977	28.5632	200
5993	26.4134	3.66015	28.5425	200
5994	26.4132	3.63071	28.522	200
5995	24.9959	3.6287	28.4881	200
5996	24.983	3.62632	28.4544	200
5997	25.0038	3.62294	28.4213	200
5998	25.5756	3.608	28.3939	200
5999	25.6526	3.59133	28.3675	200
6000	24.9265	3.58844	28.3344	200
6001	24.752	3.58832	28.3	200
6002	24.6824	3.58888	28.2652	200
6003	24.0227	3.60145	28.2244	200
6004	24.0244	3.61296	28.184	200
6005	23.3377	3.63668	28.1374	200
6006	23.2795	3.66017	28.0907	200
6007	22.6793	3.69384	28.0387	200
6008	22.6576	3.72629	27.9869	200
6009	21.9388	3.77094	27.9288	200
6010	21.9254	3.81387	27.8711	200
6011	21.9867	3.85369	27.8145	200
6012	22.0266	3.89088	27.7588	200
6013	22.2526	3.92195	27.7059	200
6014	22.8916	3.93911	27.6596	200
6015	22.3771	3.9631	27.6124	200
6016	22.8936	3.97659	27.5703	200
6017	22.8766	3.9894	27.5284	200
6018	21.2278	4.03067	27.4721	200
6019	20.7784	4.07822	27.4124	200
6020	20.157	4.13495	27.3476	200
6021	20.1776	4.18915	27.2836	200
6022	20.1438	4.24184	27.2198	200
6023	20.1273	4.29275	27.1565	200
6024	20.133	4.34151	27.0938	200
6025	18.867	4.41089	27.0203	200
6026	18.7718	4.47942	26.9467	200
6027	18.8769	4.54353	26.8746	200
6028	20.1578	4.58234	26.8147	200
6029	20.1748	4.61908	26.7554	200
6030	20.1556	4.65445	26.6964	200
6031	20.2147	4.68708	26.6386	200
6032	20.182	4.71868	26.5809	200
6033	20.2122	4.74814	26.5241	200
6034	20.1149	4.7778	26.4668	200
6035	20.1448	4.80537	26.4104	200
6036	20.176	4.83089	26.3547	200
6037	20.2638	4.85339	26.3003	200
6038	20.1681	4.87623	26.2456	200
6039	20.1835	4.8974	26.1915	200
6040	19.9031	4.92224	26.1353	200
6041	19.9237	4.94527	26.0798	200
6042	20.63	4.95427	26.0312	200
6043	20.6031	4.96274	25.9827	200
6044	20.6498	4.96935	25.9351	200
6045	21.2938	4.96349	25.8937	200
6046	21.2706	4.95741	25.8524	200
6047	21.3637	4.94904	25.8123	200
6048	21.253	4.94208	25.7716	200
6049	21.3783	4.93228	25.7324	200
6050	21.3063	4.92324	25.6929	200
6051	21.326	4.9133	25.6539	200
6052	21.3635	4.90218	25.6156	200
6053	21.3375	4.89103	25.5774	200
6054	21.3387	4.87938	25.5395	200
6055	21.3574	4.86693	25.5022	200
6056	20.6462	4.86674	25.4588	200
6057	20.6576	4.86557	25.4159	200
6058	20.7734	4.86158	25.3745	200
6059	20.6216	4.85964	25.3321	200
6060	20.6265	4.85689	25.29	200
6061	20.6383	4.85323	25.2485	200
6062	20.6978	4.84782	25.2079	200
6063	21.4151	4.82898	25.174	200
6064	22.1932	4.79598	25.1474	200
6065	22.1243	4.76432	25.1204	200
6066	22.2188	4.73106	25.0945	200
6067	22.13	4.69951	25.068	200
6068	22.9094	4.65414	25.0488	200
6069	22.9163	4.60911	25.0297	200
6070	22.8819	4.56516	25.0105	200
6071	23.5559	4.50961	24.9975	200
6072	23.5992	4.45776	24.9859	200
6073	23.5583	4.40725	24.974	200
6074	23.1284	4.36456	24.9586	200
6075	23.3536	4.31528	24.9443	200
6076	23.6976	4.26049	24.9332	200
6077	23.7813	4.20071	24.9221	200
6078	23.6252	4.14486	24.9096	200
6079	23.8199	4.08121	24.8983	200
6080	23.8783	4.01744	24.8876	200
6081	23.7848	3.95119	24.8751	200
6082	23.6923	3.88828	24.8617	200
6083	24.4512	3.80133	24.8565	200
6084	24.4244	3.7171	24.8511	200
6085	24.4636	3.62461	24.8457	200
6086	24.4513	3.53488	24.8403	200
6087	24.4051	3.43802	24.8335	200
6088	25.3135	3.34558	24.841	200
6089	25.3326	3.24365	24.8497	200
6090	25.9986	3.16883	24.8703	200
6091	25.9829	3.08316	24.8934	200
6092	25.2736	2.97053	24.9014	200
6093	25.1418	2.83403	24.9074	200
6094	25.1345	2.70368	24.913	200
6095	25.8109	2.59082	24.9411	200
6096	25.8426	2.48524	24.9693	200
6097	25.1107	2.28992	24.9752	200
6098	25.8444	2.17153	25.0114	200
6099	25.8385	2.00347	25.0631	200
6100	26.5189	1.93502	25.1541	200
6101	27.2197	1.96766	25.4123	200
6102	27.2308	1.93039	25.6396	200
6103	27.592	1.93589	25.8836	200
