segment	rtt	rttvar	srtt	rto
0	257.833	128.917	257.833	1289.17
1	257.892	122.474	257.835	1237.63
2	258.291	117.39	257.844	1196.96
3	259.222	112.556	257.873	1158.32
4	260.052	108.614	257.912	1126.82
5	261.43	104.86	257.975	1096.86
6	262.783	101.734	258.05	1071.92
7	263.555	98.7267	258.136	1047.95
8	264.26	96.1544	258.221	1027.46
9	266.885	93.7241	258.341	1008.13
10	9.11966	97.6115	255.226	1036.12
11	10.4151	101.292	252.166	1062.5
12	11.3817	104.462	249.43	1085.12
13	11.9312	107.485	246.731	1106.61
14	11.8326	110.14	244.284	1125.4
15	12.2732	112.679	241.867	1143.3
16	13.0089	114.913	239.667	1158.97
17	13.2856	117.057	237.49	1173.94
18	13.4101	118.968	235.489	1187.23
19	14.1698	120.795	233.513	1199.88
20	13.4171	122.45	231.679	1211.28
21	14.1628	124.035	229.866	1222.15
22	14.294	125.465	228.182	1231.9
23	15.7235	126.824	226.522	1241.12
24	15.7246	128.059	224.972	1249.45
25	16.8694	129.236	223.442	1257.33
26	16.5495	130.315	222.006	1264.53
27	19.1938	131.322	220.597	1271.17
28	19.1211	132.245	219.272	1277.23
29	20.6099	133.119	217.965	1282.92
30	22.8022	133.894	216.745	1287.9
31	24.5188	134.624	215.543	1292.53
32	25.1893	135.287	214.41	1296.71
33	26.4225	135.914	213.291	1300.61
34	25.9131	136.499	212.227	1304.22
35	26.7939	137.055	211.173	1307.62
36	27.1981	137.565	210.173	1310.7
37	27.3452	138.057	209.18	1313.64
38	28.5159	138.501	208.239	1316.25
39	28.7602	138.928	207.304	1318.73
40	28.5611	139.326	206.41	1321.02
41	29.9015	139.698	205.528	1323.11
42	29.7439	140.045	204.683	1325.04
43	29.8275	140.38	203.842	1326.88
44	29.5945	140.693	203.035	1328.58
45	32.4306	140.97	202.245	1330.01
46	31.6215	141.235	201.484	1331.36
47	32.7094	141.481	200.73	1332.58
48	32.0264	141.716	200.003	1333.73
49	32.3383	141.939	199.28	1334.79
50	33.3428	142.139	198.589	1335.7
51	35.0587	142.317	197.908	1336.45
52	36.6099	142.471	197.257	1337.02
53	39.4688	142.594	196.621	1337.37
54	43.1883	142.679	196.022	1337.45
55	44.8415	142.745	195.431	1337.39
56	52.6261	142.746	194.89	1336.85
57	55.9147	142.717	194.364	1336.1
58	58.518	142.667	193.864	1335.2
59	59.911	142.602	193.372	1334.19
60	62.4153	142.519	192.904	1333.06
61	64.4544	142.419	192.445	1331.8
62	69.3041	142.285	192.018	1330.3
63	70.6303	142.14	191.596	1328.71
64	71.7734	141.989	191.191	1327.1
65	72.9217	141.829	190.792	1325.42
66	70.9553	141.684	190.398	1323.87
67	72.4523	141.528	190.01	1322.23
68	73.1271	141.37	189.635	1320.59
69	73.7235	141.207	189.264	1318.92
70	71.6867	141.059	188.896	1317.37
71	77.8856	140.871	188.549	1315.52
72	76.2446	140.697	188.207	1313.78
73	80.1381	140.498	187.877	1311.86
74	78.9647	140.31	187.553	1310.03
75	79.5357	140.118	187.232	1308.17
76	81.0175	139.921	186.923	1306.29
77	81.4012	139.721	186.616	1304.38
78	82.337	139.519	186.32	1302.47
79	82.5621	139.316	186.025	1300.55
80	84.86	139.104	185.744	1298.58
81	88.8062	138.87	185.475	1296.43
82	117.502	138.485	185.29	1293.17
83	118.247	138.096	185.108	1289.88
84	122.158	137.697	184.941	1286.51
85	122.327	137.297	184.774	1283.15
86	131.992	136.857	184.637	1279.49
87	132.274	136.417	184.5	1275.84
88	132.469	135.986	184.368	1272.26
89	132.7	135.556	184.236	1268.69
90	133.324	135.133	184.108	1265.17
91	134.069	134.708	183.983	1261.64
92	134.669	134.289	183.862	1258.17
93	137.757	133.857	183.749	1254.6
94	136.373	133.441	183.636	1251.16
95	141.148	133.004	183.533	1247.56
96	141.262	132.576	183.434	1244.04
97	146.067	132.127	183.346	1240.36
98	151.408	131.663	183.272	1236.57
99	156.502	131.177	183.21	1232.63
100	154.496	130.711	183.144	1228.84
101	154.608	130.247	183.08	1225.06
102	154.719	129.792	183.016	1221.35
103	154.892	129.338	182.954	1217.66
104	154.333	128.896	182.891	1214.06
105	172.32	128.378	182.868	1209.89
106	172.466	127.869	182.845	1205.8
107	174.914	127.352	182.828	1201.64
108	188.519	126.837	182.84	1197.53
109	188.798	126.324	182.853	1193.45
110	187.676	125.818	182.863	1189.41
111	188.12	125.316	182.874	1185.4
112	190.535	124.834	182.889	1181.56
113	193.653	124.366	182.912	1177.84
114	191.757	123.9	182.929	1174.13
115	194.129	123.446	182.952	1170.52
116	191.364	122.989	182.969	1166.88
117	191.416	122.535	182.985	1163.26
118	186.271	122.069	182.992	1159.54
119	191.273	121.624	183.008	1156
120	189.678	121.182	183.021	1152.48
121	189.754	120.742	183.034	1148.97
122	186.114	120.296	183.04	1145.41
123	186.182	119.853	183.046	1141.87
124	182.966	119.406	183.045	1138.29
125	183.148	118.961	183.046	1134.73
126	180.348	118.533	183.041	1131.31
127	184.681	118.103	183.044	1127.87
128	183.337	117.677	183.044	1124.46
129	183.549	117.252	183.045	1121.06
130	184.991	116.84	183.049	1117.77
131	185.29	116.431	183.053	1114.5
132	186.613	116.034	183.059	1111.33
133	189.481	115.648	183.07	1108.25
134	188.713	115.26	183.08	1105.16
135	189.077	114.87	183.091	1102.05
136	190.952	114.488	183.105	1099.01
137	192.844	114.108	183.122	1095.99
138	189.11	113.717	183.133	1092.87
139	189.125	113.32	183.144	1089.71
140	193.65	112.942	183.164	1086.7
141	201.201	112.588	183.197	1083.9
142	200.799	112.234	183.23	1081.1
143	203.987	111.887	183.269	1078.37
144	207.857	111.557	183.316	1075.77
145	207.915	111.222	183.363	1073.14
146	205.771	110.881	183.406	1070.45
147	205.857	110.535	183.45	1067.73
148	205.359	110.189	183.493	1065.01
149	205.754	109.84	183.537	1062.26
150	240.037	109.628	183.649	1060.68
151	244.885	109.433	183.773	1059.24
152	239.327	109.216	183.885	1057.61
153	245.635	109.022	184.011	1056.18
154	245.691	108.828	184.138	1054.76
155	261.387	108.696	184.299	1053.87
156	257.509	108.548	184.451	1052.84
157	262.882	108.42	184.617	1051.98
158	262.338	108.29	184.782	1051.11
159	266.609	108.176	184.958	1050.37
160	266.093	108.06	185.133	1049.61
161	266.165	107.941	185.311	1048.84
162	263.462	107.811	185.482	1047.97
163	263.536	107.678	185.656	1047.08
164	263.255	107.543	185.83	1046.18
165	285.199	107.506	186.056	1046.11
166	283.928	107.463	186.278	1045.98
167	283.963	107.417	186.504	1045.84
168	283.812	107.37	186.729	1045.69
169	284.009	107.323	186.959	1045.54
170	285.613	107.282	187.191	1045.45
171	286.515	107.244	187.43	1045.38
172	282.619	107.186	187.659	1045.14
173	287.159	107.148	187.903	1045.09
174	257.616	106.965	188.074	1043.79
175	258.163	106.78	188.249	1042.49
176	262.13	106.616	188.434	1041.36
177	262.26	106.448	188.622	1040.21
178	258.471	106.262	188.8	1038.89
179	264.019	106.1	188.996	1037.8
180	264.093	105.938	189.192	1036.7
181	264.207	105.774	189.391	1035.58
182	253.256	105.551	189.561	1033.97
183	253.304	105.324	189.734	1032.33
184	257.407	105.119	189.918	1030.87
185	257.551	104.911	190.106	1029.39
186	257.322	104.702	190.293	1027.91
187	257.421	104.488	190.483	1026.39
188	257.282	104.274	190.673	1024.86
189	257.393	104.056	190.867	1023.31
190	256.64	103.833	191.058	1021.72
191	261.197	103.632	191.267	1020.33
192	260.537	103.428	191.473	1018.9
193	260.651	103.219	191.684	1017.44
194	258.808	102.999	191.889	1015.88
195	258.925	102.774	192.098	1014.29
196	255.929	102.531	192.298	1012.54
197	256.284	102.284	192.503	1010.77
198	256.195	102.036	192.707	1009
199	260.877	101.814	192.931	1007.44
200	256.213	101.56	193.139	1005.62
201	256.312	101.301	193.353	1003.76
202	256.148	101.041	193.565	1001.89
203	262.305	100.816	193.804	1000.33
204	257.978	100.562	194.026	998.52
205	258.214	100.309	194.249	996.722
206	253.043	100.021	194.453	994.62
207	253.303	99.7349	194.658	992.537
208	252.357	99.443	194.858	990.402
209	257.067	99.1844	195.074	988.55
210	256.806	98.9243	195.288	986.683
211	257.157	98.667	195.503	984.839
212	262.005	98.4436	195.734	983.283
213	262.72	98.2252	195.967	981.768
214	262.638	98.0061	196.198	980.247
215	267.143	97.8181	196.445	978.99
216	267.549	97.6326	196.692	977.752
217	267.683	97.4476	196.938	976.519
218	272.091	97.2928	197.199	975.541
219	272.205	97.138	197.459	974.563
220	254.353	96.8585	197.657	972.525
221	254.558	96.5811	197.855	970.503
222	254.807	96.3059	198.052	968.499
223	259.291	96.0623	198.265	966.764
224	262.239	95.8395	198.487	965.203
225	262.392	95.6177	198.709	963.651
226	297.279	95.6382	199.051	964.157
227	297.837	95.6601	199.394	964.675
228	303.365	95.7178	199.755	965.498
229	303.845	95.7759	200.117	966.324
230	303.685	95.8301	200.476	967.117
231	312.88	95.9451	200.867	968.428
232	312.578	96.0546	201.254	969.691
233	318.143	96.1993	201.66	971.255
234	314.105	96.3121	202.051	972.548
235	314.141	96.4217	202.44	973.813
236	311.01	96.5061	202.817	974.865
237	315.996	96.6218	203.21	976.185
238	315.827	96.7329	203.601	977.464
239	328.274	96.9269	204.034	979.449
240	335.286	97.1653	204.49	981.812
241	341.511	97.4421	204.965	984.502
242	341.571	97.7141	205.44	987.152
243	345.91	98.011	205.927	990.015
244	345.958	98.3028	206.414	992.836
245	346.047	98.5898	206.898	995.617
246	346.362	98.8736	207.383	998.372
247	346.561	99.1535	207.866	1001.09
248	346.424	99.4272	208.347	1003.76
249	346.538	99.6964	208.827	1006.4
250	347.149	99.9646	209.307	1009.02
251	351.654	100.259	209.801	1011.87
252	351.628	100.548	210.294	1014.67
253	357.183	100.869	210.804	1017.76
254	351.97	101.149	211.294	1020.49
255	352.08	101.425	211.783	1023.18
256	352.083	101.694	212.27	1025.83
257	357.287	101.995	212.774	1028.74
258	362.384	102.326	213.293	1031.9
259	367.709	102.688	213.829	1035.33
260	373.185	103.081	214.383	1039.03
261	373.253	103.469	214.934	1042.68
262	372.729	103.846	215.482	1046.25
263	372.85	104.218	216.028	1049.77
264	368.622	104.554	216.558	1052.99
265	368.855	104.885	217.087	1056.17
266	373.868	105.245	217.632	1059.6
267	374.096	105.601	218.175	1062.98
268	379.276	105.987	218.734	1066.63
269	379.556	106.367	219.293	1070.23
270	374.545	106.707	219.832	1073.49
271	374.632	107.041	220.369	1076.7
272	374.494	107.368	220.904	1079.85
273	379.173	107.721	221.454	1083.22
274	376.183	108.048	221.991	1086.37
275	381.164	108.403	222.544	1089.77
276	278.597	108.039	222.738	1087.05
277	278.914	107.679	222.933	1084.37
278	282.737	107.347	223.141	1081.91
279	282.694	107.015	223.348	1079.47
280	278.94	106.658	223.541	1076.8
281	312.087	106.532	223.848	1076.1
282	311.763	106.403	224.154	1075.37
283	311.802	106.272	224.458	1074.64
284	311.682	106.14	224.761	1073.88
285	311.212	106.003	225.061	1073.09
286	311.252	105.866	225.36	1072.29
287	306.839	105.696	225.643	1071.21
288	306.38	105.523	225.924	1070.11
289	306.529	105.35	226.203	1069
290	306.024	105.173	226.481	1067.86
291	307.098	105.002	226.76	1066.78
292	311.077	104.859	227.053	1065.92
293	310.969	104.713	227.345	1065.05
294	310.633	104.564	227.634	1064.15
295	312.237	104.426	227.928	1063.33
296	307.223	104.251	228.203	1062.21
297	311.27	104.104	228.491	1061.32
298	284.601	103.771	228.686	1058.85
299	284.12	103.435	228.879	1056.36
300	278.456	103.061	229.051	1053.54
301	278.162	102.676	229.226	1050.63
302	283.632	102.331	229.42	1048.07
303	274.572	101.911	229.586	1044.87
304	274.514	101.492	229.752	1041.68
305	269.072	101.021	229.901	1038.06
306	273.198	100.583	230.065	1034.73
307	273.276	100.135	230.233	1031.31
308	273.36	99.6896	230.402	1027.92
309	273.674	99.2346	230.576	1024.45
310	273.772	98.7827	230.751	1021.01
311	261.594	98.2166	230.879	1016.61
312	252.323	97.5768	230.968	1011.58
313	251.376	96.9115	231.056	1006.35
314	251.958	96.2563	231.146	1001.2
315	247.797	95.5455	231.221	995.585
316	248.611	94.8477	231.298	990.08
317	251.789	94.1592	231.393	984.667
318	252.633	93.484	231.492	979.364
319	257.135	92.8317	231.615	974.269
320	257.048	92.1836	231.737	969.206
321	252.568	91.4701	231.841	963.602
322	252.535	90.7624	231.945	958.044
323	256.878	90.0766	232.075	952.688
324	252.502	89.3511	232.181	946.99
325	252.547	88.6013	232.292	941.102
326	247.071	87.7989	232.372	934.763
327	251.296	87.0162	232.48	928.609
328	251.299	86.2412	232.586	922.516
329	257.357	85.5094	232.734	916.809
330	252.559	84.7275	232.852	910.672
331	251.975	83.9074	232.971	904.231
332	246.78	83.0312	233.058	897.307
333	248.618	82.1434	233.16	890.307
334	251.971	81.3101	233.284	883.764
335	252.038	80.4412	233.414	876.944
336	252.017	79.5824	233.543	870.202
337	251.964	78.7329	233.671	863.534
338	251.905	77.8926	233.798	856.939
339	247	76.9942	233.89	849.843
340	246.917	76.1057	233.98	842.826
341	252.789	75.3099	234.111	836.59
342	256.778	74.5788	234.268	830.898
343	256.736	73.855	234.424	825.264
344	256.818	73.1779	234.571	819.995
345	256.866	72.5084	234.718	814.785
346	252.306	71.7858	234.834	809.12
347	252.035	71.0676	234.947	803.487
348	257.249	70.4259	235.094	798.501
349	208.007	69.8557	234.915	793.761
350	207.575	69.2962	234.736	789.106
351	203.802	68.7915	234.532	784.864
352	208.055	68.2347	234.358	780.235
353	207.715	67.6874	234.183	775.682
354	175.577	67.5679	233.797	774.341
355	175.388	67.4474	233.413	772.992
356	175.263	67.3251	233.03	771.631
357	183.277	67.0939	232.703	769.454
358	183.096	66.8638	232.377	767.287
359	182.97	66.6341	232.051	765.124
360	185.581	66.3688	231.746	762.696
361	185.518	66.1038	231.442	760.272
362	185.278	65.8414	231.138	757.869
363	180.843	65.6368	230.807	755.902
364	179.775	65.4447	230.471	754.029
365	187.366	65.1507	230.188	751.394
366	192.348	64.7914	229.939	748.27
367	192.395	64.4329	229.692	745.155
368	186.406	64.1546	229.407	742.644
369	186.184	63.8792	229.123	740.156
370	193.212	63.5112	228.886	736.976
371	192.704	63.1516	228.648	733.861
372	170.355	63.0877	228.265	732.966
373	175.611	62.9504	227.918	731.521
374	175.765	62.8083	227.575	730.042
375	175.838	62.6627	227.235	728.536
376	176.193	62.5098	226.899	726.977
377	176.476	62.3507	226.567	725.373
378	169.15	62.2858	226.19	724.476
379	181.559	62.0535	225.896	722.324
380	182.132	61.8128	225.608	720.111
381	182.938	61.561	225.327	717.815
382	183.004	61.3078	225.049	715.511
383	186.053	61.0142	224.792	712.906
384	186.002	60.7218	224.537	710.312
385	185.951	60.4306	224.283	707.728
386	175.784	60.2736	223.964	706.153
387	165.383	60.2513	223.579	705.589
388	165.483	60.2229	223.197	704.98
389	165.792	60.1859	222.819	704.306
390	172.618	60.0545	222.489	702.925
391	172.753	59.9187	222.161	701.511
392	167.842	59.845	221.804	700.564
393	169.36	59.7477	221.459	699.44
394	169.18	59.6439	221.096	698.247
395	168.691	59.5434	220.732	697.079
396	168.669	59.4334	220.349	695.816
397	168.654	59.3196	219.969	694.526
398	170.369	59.1677	219.582	692.923
399	170.37	59.0122	219.197	691.294
400	170.705	58.8368	218.793	689.488
401	170.817	58.6558	218.393	687.64
402	175.551	58.3734	218.011	684.998
403	164.142	58.293	217.53	683.874
404	159.096	58.2957	216.968	683.333
405	158.96	58.2902	216.41	682.731
406	159.05	58.2708	215.813	681.979
407	158.913	58.2422	215.22	681.158
408	152.466	58.3448	214.507	681.265
409	138.83	58.7387	213.647	683.556
410	120.651	59.5951	212.484	689.245
411	116.041	60.5163	211.279	695.41
412	120.376	61.276	210.143	700.351
413	120.513	61.9848	209.022	704.901
414	127.465	62.4741	208.003	707.796
415	127.524	62.9242	206.997	710.391
416	126.65	63.3598	205.992	712.871
417	126.387	63.766	204.997	715.125
418	125.975	64.1474	204.01	717.188
419	125.448	64.5077	203.028	719.089
420	125.828	64.825	202.063	720.663
421	122.823	65.1854	201.072	722.555
422	122.988	65.5078	200.096	724.159
423	128.514	65.6597	199.201	724.479
424	129.874	65.7514	198.335	724.346
425	130.52	65.803	197.487	723.911
426	127.862	65.8985	196.617	723.805
427	127.966	65.9673	195.759	723.497
428	127.666	66.0204	194.907	723.071
429	120.373	66.2333	193.976	723.842
430	124.117	66.3239	193.102	723.694
431	87.9177	67.2954	191.788	730.151
432	83.4485	68.3215	190.433	737.006
433	83.1891	69.2946	189.093	743.45
434	86.9192	70.1166	187.816	748.748
435	87.0286	70.8833	186.556	753.622
436	84.124	71.672	185.275	758.652
437	70.4532	72.7508	183.84	765.847
438	70.4827	73.766	182.423	772.551
439	75.8234	74.5868	181.091	777.785
440	77.38	75.3149	179.794	782.314
441	77.2054	75.9968	178.512	786.486
442	82.0761	76.5077	177.307	789.368
443	77.2566	77.0963	176.056	792.826
444	81.8497	77.524	174.878	795.071
445	81.6479	77.9167	173.713	797.046
446	86.843	78.1405	172.627	797.751
447	81.8621	78.4274	171.596	799.015
448	82.2052	78.6766	170.58	799.993
449	83.2131	78.8741	169.587	800.58
450	79.3392	79.1326	168.561	801.622
451	77.2115	79.4103	167.523	802.806
452	71.6961	79.7834	166.434	804.702
453	74.4794	80.06	165.39	805.87
454	79.826	80.1851	164.417	805.898
455	68.8324	80.5351	163.331	807.612
456	69.2906	80.842	162.262	808.999
457	69.447	81.1141	161.208	810.121
458	67.7849	81.3939	160.146	811.297
459	71.0731	81.5684	159.134	811.681
460	74.1326	81.6464	158.168	811.339
461	73.8193	81.7078	157.209	810.872
462	76.2284	81.6913	156.289	809.82
463	71.8017	81.7549	155.329	809.368
464	71.1324	81.8104	154.372	808.855
465	73.7071	81.7843	153.456	807.73
466	76.5297	81.6739	152.582	805.973
467	72.1075	81.6466	151.667	804.84
468	74.7855	81.5383	150.793	803.1
469	78.3804	81.331	149.97	800.618
470	79.2074	81.0908	149.166	797.893
471	78.7031	80.8492	148.366	795.16
472	79.1323	80.5852	147.579	792.261
473	79.3144	80.3052	146.803	789.245
474	65.6669	80.3241	145.881	788.474
475	65.2316	80.3315	144.965	787.617
476	60.3371	80.4291	144.003	787.436
477	61.5147	80.4759	143.066	786.873
478	62.0079	80.4892	142.145	786.058
479	62.4105	80.472	141.238	785.015
480	61.556	80.4541	140.333	783.965
481	63.296	80.3764	139.458	782.469
482	55.2221	80.4641	138.5	782.213
483	53.7782	80.5609	137.538	782.025
484	52.1739	80.67	136.568	781.928
485	53.3295	80.7284	135.622	781.449
486	54.8693	80.7289	134.704	780.536
487	65.1046	80.476	133.913	777.721
488	63.2475	80.253	133.11	775.134
489	64.0041	79.9997	132.325	772.322
490	64.0678	79.7328	131.549	769.412
491	66.9578	79.3887	130.815	765.925
492	63.7769	79.1314	130.117	763.168
493	64.8671	78.8422	129.437	760.175
494	65.2725	78.5364	128.769	757.06
495	67.287	78.1811	128.128	753.577
496	65.382	77.8595	127.475	750.351
497	58.5313	77.6738	126.757	748.147
498	60.0716	77.4449	126.062	745.621
499	59.8305	77.2112	125.372	743.062
500	58.4828	76.9962	124.675	740.645
501	57.4328	76.793	123.975	738.319
502	58.2121	76.5632	123.29	735.795
503	58.0486	76.3273	122.61	733.229
504	59.4755	76.0525	121.953	730.372
505	62.2483	75.7119	121.331	727.026
506	62.0284	75.37	120.713	723.673
507	62.4694	75.0132	120.106	720.212
508	61.1953	74.6777	119.493	716.914
509	64.8182	74.261	118.923	713.011
510	49.0778	74.169	118.195	711.548
511	62.9048	73.7757	117.62	707.825
512	64.1671	73.3523	117.063	703.881
513	66.7358	72.8726	116.538	699.519
514	65.0716	72.4267	116.002	695.416
515	66.9387	71.9399	115.491	691.011
516	61.9193	71.5573	114.933	687.391
517	60.7533	71.1952	114.369	683.931
518	59.7051	70.8508	113.799	680.606
519	63.7447	70.4176	113.278	676.619
520	66.7843	69.9192	112.794	672.147
521	65.4794	69.4482	112.301	667.887
522	64.8217	68.9905	111.806	663.731
523	64.6238	68.5362	111.315	659.604
524	65.8632	68.0553	110.841	655.284
525	66.8206	67.5546	110.383	650.819
526	65.3557	67.0852	109.914	646.596
527	69.1819	66.5362	109.489	641.779
528	65.9309	66.0575	109.036	637.496
529	66.4687	65.5681	108.592	633.137
530	66.9702	65.0692	108.159	628.713
531	65.9005	64.594	107.719	624.471
532	66.5201	64.1066	107.289	620.142
533	61.7688	63.7194	106.815	616.57
534	62.3773	63.3177	106.352	612.894
535	67.332	62.8115	105.946	608.438
536	71.7965	62.2144	105.59	603.305
537	69.3668	61.6729	105.213	598.596
538	68.1883	61.1594	104.827	594.102
539	66.6228	60.6812	104.429	589.878
540	68.3307	60.169	104.053	585.405
541	68.2666	59.7001	103.709	581.31
542	67.1709	59.2547	103.358	577.395
543	67.1861	58.8108	103.01	573.496
544	60.6851	58.4938	102.603	570.553
545	60.4982	58.1786	102.198	567.627
546	62.539	57.8224	101.817	564.396
547	59.3536	57.5271	101.408	561.625
548	63.0003	57.1594	101.039	558.314
549	64.7159	56.7587	100.69	554.76
550	63.4451	56.3834	100.332	551.399
551	63.6157	56.0052	99.9788	548.021
552	59.9886	55.6972	99.5942	545.172
553	59.9473	55.3886	99.213	542.322
554	63.8337	55.0038	98.8728	538.903
555	65.5527	54.5868	98.5524	535.247
556	65.5193	54.1723	98.2348	531.613
557	66.8433	53.7342	97.933	527.807
558	66.4547	53.3062	97.6303	524.08
559	62.8893	52.9492	97.2962	520.89
560	62.7017	52.5962	96.9636	517.733
561	56.0916	52.3707	96.5706	515.537
562	57.1237	52.1222	96.1913	513.169
563	58.4115	51.8464	95.828	510.599
564	60.3444	51.5317	95.4868	507.741
565	63.7117	51.1518	95.1813	504.396
566	63.8344	50.7709	94.8799	501.047
567	64.907	50.371	94.5917	497.559
568	64.7329	49.9765	94.3046	494.117
569	66.6342	49.5475	94.0385	490.419
570	66.5995	49.1224	93.7747	486.754
571	65.7985	48.7157	93.5057	483.231
572	63.0118	48.3653	93.2125	480.135
573	63.0121	48.016	92.9221	477.05
574	61.6167	47.6946	92.6211	474.178
575	63.5448	47.3366	92.3415	471.034
576	66.67	46.9199	92.0947	467.454
577	66.6924	46.5061	91.8504	463.899
578	67.8185	46.0739	91.6193	460.211
579	68.0905	45.6404	91.3931	456.516
580	69.9055	45.1759	91.1865	452.594
581	69.728	44.7198	90.9801	448.738
582	69.5875	44.2712	90.7744	444.944
583	67.5855	43.8658	90.5515	441.478
584	67.616	43.4633	90.3309	438.037
585	70.1752	43.015	90.1371	434.257
586	51.4102	42.9326	89.7648	433.225
587	51.5014	42.8428	89.3968	432.139
588	56.0669	42.6598	89.0764	430.355
589	55.3211	42.4886	88.7518	428.661
590	60.1772	42.221	88.477	426.245
591	58.1003	41.9932	88.185	424.131
592	65.6105	41.6198	87.9679	420.926
593	66.018	41.2415	87.7568	417.689
594	65.1945	40.908	87.5554	414.819
595	69.842	40.4938	87.3972	411.348
596	67.8903	40.119	87.2231	408.175
597	70.3253	39.7044	87.0722	404.707
598	73.4819	39.238	86.9508	400.855
599	74.0984	38.7669	86.8361	396.971
600	74.0838	38.3023	86.7222	393.141
601	71.6978	37.8866	86.5881	389.681
602	76.2016	37.3956	86.4953	385.66
603	73.4378	36.961	86.3788	382.066
604	73.5586	36.5299	86.2643	378.503
605	72.6145	36.1213	86.1424	375.113
606	73.5573	35.701	86.0301	371.638
607	68.0982	35.3837	85.8699	368.94
608	65.9752	35.1071	85.6923	366.549
609	70.5753	34.7501	85.5573	363.558
610	70.7223	34.3945	85.4249	360.581
611	75.8	33.9522	85.3389	356.957
612	73.8335	33.5514	85.2362	353.647
613	72.7004	33.1761	85.1243	350.533
614	73.1827	32.7969	85.0177	347.393
615	75.2749	32.3852	84.9307	344.012
616	75.1255	31.982	84.8431	340.699
617	70.4593	31.6677	84.7147	338.057
618	69.6671	31.371	84.5803	335.548
619	73.7432	31.0043	84.4836	332.518
620	74.3824	30.631	84.3934	329.442
621	74.4424	30.2617	84.3046	326.398
622	75.293	29.8823	84.2241	323.282
623	70.5902	29.5921	84.1024	320.839
624	70.7963	29.3013	83.9836	318.394
625	68.3326	29.0575	83.8438	316.304
626	67.691	28.8271	83.6996	314.316
627	67.3261	28.6047	83.5534	312.391
628	67.7786	28.3756	83.4126	310.417
629	71.7527	28.0771	83.3084	307.925
630	72.279	27.7727	83.21	305.391
631	71.8707	27.4792	83.1087	302.943
632	71.7658	27.1911	83.0074	300.536
633	71.5531	26.9101	82.9052	298.186
634	77.3482	26.5288	82.8556	295.086
635	73.8358	26.2161	82.775	292.504
636	74.4619	25.8964	82.7008	289.872
637	71.5236	25.6336	82.601	287.669
638	72.1727	25.362	82.5079	285.404
639	88.9658	25.0245	82.5656	282.761
640	89.0475	24.6933	82.6234	280.17
641	89.2142	24.3701	82.6823	277.643
642	88.4718	24.0383	82.734	275.04
643	80.2196	23.6539	82.7115	271.943
644	81.4167	23.2547	82.7	268.737
645	80.1883	22.8842	82.6775	265.751
646	80.8251	22.5087	82.661	262.73
647	85.6212	22.1596	82.6874	259.964
648	85.5196	21.8145	82.7127	257.228
649	90.6611	21.5669	82.7837	255.319
650	93.283	21.3692	82.8774	253.831
651	92.5912	21.175	82.9584	252.358
652	94.3702	21.0122	83.0535	251.151
653	95.6338	20.8717	83.1583	250.132
654	96.0069	20.738	83.2654	249.169
655	91.7018	20.533	83.3357	247.599
656	95.9195	20.4005	83.4405	246.644
657	95.5618	20.2625	83.5415	245.641
658	105.254	20.2867	83.7225	246.016
659	100.065	20.2209	83.8587	245.626
660	100.929	20.1684	84.0009	245.348
661	104.961	20.1816	84.1756	245.628
662	107.106	20.2274	84.3667	246.186
663	97.2841	20.1056	84.4743	245.319
664	101.128	20.048	84.6131	244.997
665	102.225	20.0074	84.7599	244.819
666	118.874	20.2425	85.0441	246.984
667	118.469	20.4623	85.3227	249.021
668	98.6029	20.3426	85.4334	248.174
669	97.8731	20.2108	85.537	247.224
670	97.8219	20.0787	85.6394	246.269
671	101.386	20.0065	85.7706	245.823
672	99.4857	19.9017	85.8849	245.098
673	100.371	19.8114	86.0056	244.497
674	102.621	19.7582	86.1441	244.209
675	100.251	19.664	86.2616	243.573
676	88.4945	19.3734	86.2802	241.268
677	92.423	19.1529	86.3314	239.555
678	88.3638	18.8676	86.3484	237.289
679	85.8556	18.5613	86.3443	234.835
680	92.5415	18.3553	86.3959	233.238
681	92.6492	18.1536	86.448	231.677
682	92.0131	17.9438	86.4944	230.045
683	90.6852	17.7145	86.5293	228.246
684	92.3484	17.5163	86.5778	226.708
685	92.3239	17.3201	86.6257	225.187
686	88.4648	17.0621	86.641	223.138
687	92.4619	16.8747	86.6895	221.688
688	79.3541	16.7158	86.6284	220.354
689	90.5901	16.5032	86.6614	218.687
690	96.258	16.3881	86.7414	217.846
691	92.3296	16.2081	86.7879	216.453
692	90.7901	16.0047	86.8213	214.859
693	91.5373	15.8165	86.8606	213.393
694	96.8851	15.72	86.9441	212.704
695	95.4705	15.6001	87.0152	211.816
696	82.4183	15.4167	86.9769	210.31
697	81.9571	15.2434	86.935	208.882
698	81.3979	15.0816	86.8889	207.542
699	83.2849	14.8903	86.8589	205.982
700	84.3872	14.6834	86.8383	204.305
701	92.7986	14.538	86.8879	203.192
702	97.5971	14.4742	86.9772	202.771
703	95.5156	14.3752	87.0483	202.05
704	92.1928	14.2214	87.0912	200.862
705	96.8178	14.1465	87.1723	200.344
706	95.1982	14.0445	87.2391	200
707	90.9564	13.8723	87.2701	200
708	98.6443	13.8307	87.3649	200
709	98.6381	13.7881	87.4588	200
710	92.0893	13.6355	87.4974	200
711	98.5255	13.592	87.5893	200
712	98.8296	13.5553	87.6771	200
713	98.1401	13.5069	87.7589	200
714	101.302	13.5075	87.8647	200
715	99.9723	13.4856	87.9593	200
716	100.46	13.4702	88.0569	200
717	104.943	13.5236	88.1889	200
718	105.595	13.5843	88.3248	200
719	105.687	13.6433	88.4605	200
720	95.3974	13.5385	88.5147	200
721	89.1391	13.3367	88.5196	200
722	93.5909	13.2076	88.5592	200
723	98.2673	13.1529	88.635	200
724	97.1845	13.081	88.7018	200
725	88.0239	12.8872	88.6965	200
726	90.4448	12.7131	88.7102	200
727	85.2244	12.5689	88.6829	200
728	91.2436	12.4126	88.7029	200
729	89.7785	12.2354	88.7113	200
730	88.9151	12.0474	88.7129	200
731	87.6233	11.8762	88.7044	200
732	79.2617	11.8382	88.6307	200
733	75.4246	11.8596	88.5275	200
734	76.1581	11.8675	88.4308	200
735	76.8661	11.8628	88.3405	200
736	97.6303	11.8226	88.4131	200
737	94.9131	11.7394	88.4638	200
738	94.2906	11.647	88.5094	200
739	92.1444	11.5218	88.5378	200
740	92.1282	11.3979	88.5658	200
741	94.0919	11.3062	88.609	200
742	88.1947	11.136	88.6058	200
743	92.9887	11.0305	88.64	200
744	92.1286	10.9126	88.6672	200
745	91.8582	10.792	88.6922	200
746	88.901	10.6266	88.6938	200
747	92.9847	10.5276	88.7273	200
748	92.6382	10.4242	88.7579	200
749	87.6715	10.2783	88.7494	200
750	85.2875	10.1718	88.7224	200
751	84.7078	10.0756	88.691	200
752	83.3758	10.0012	88.6495	200
753	83.5889	9.92403	88.6099	200
754	79.0964	9.91761	88.5356	200
755	84.9637	9.81846	88.5077	200
756	84.7457	9.72383	88.4783	200
757	88.6115	9.57398	88.4793	200
758	85.9299	9.46422	88.4594	200
759	86.3214	9.34975	88.4427	200
760	80.547	9.32703	88.381	200
761	84.2858	9.24528	88.349	200
762	83.2564	9.18039	88.3093	200
763	83.2591	9.11586	88.2698	200
764	79.5149	9.11022	88.2014	200
765	78.2408	9.1235	88.1236	200
766	91.1693	9.02854	88.1474	200
767	92.0629	8.94865	88.178	200
768	82.6589	8.89506	88.1348	200
769	82.3949	8.84576	88.09	200
770	88.3775	8.71204	88.0922	200
771	81.8387	8.67362	88.0434	200
772	82.9889	8.61707	88.0039	200
773	80.9851	8.5921	87.9491	200
774	80.5264	8.57383	87.8911	200
775	75.9491	8.62645	87.7978	200
776	76.0225	8.67565	87.7058	200
777	80.2989	8.657	87.6513	200
778	80.1366	8.6402	87.5961	200
779	79.7742	8.62816	87.5386	200
780	74.9157	8.68691	87.4457	200
781	74.5253	8.74917	87.3507	200
782	77.9079	8.75937	87.2813	200
783	77.8173	8.76973	87.2117	200
784	81.5761	8.72364	87.1703	200
785	77.267	8.74099	87.0975	200
786	77.195	8.75807	87.0246	200
787	76.9041	8.7781	86.9502	200
788	83.531	8.69929	86.9251	200
789	92.6375	8.65537	86.9671	200
790	94.8516	8.64403	87.0251	200
791	94.9082	8.63284	87.083	200
792	94.708	8.61802	87.1391	200
793	94.6005	8.60101	87.194	200
794	91.1092	8.5321	87.2227	200
795	95.4493	8.52761	87.2832	200
796	95.7244	8.52633	87.3453	200
797	95.5679	8.52187	87.4058	200
798	95.7858	8.51978	87.4674	200
799	82.0798	8.47372	87.4278	200
800	81.492	8.4364	87.3841	200
801	79.7351	8.42482	87.3279	200
802	80.2827	8.40453	87.2761	200
803	75.1001	8.45999	87.1865	200
804	75.2753	8.51074	87.099	200
805	77.4073	8.52811	87.0277	200
806	78.955	8.52141	86.9683	200
807	79.0666	8.5123	86.9102	200
808	79.0348	8.50293	86.8523	200
809	83.3285	8.42971	86.8264	200
810	93.1523	8.39877	86.8729	200
811	89.0684	8.30755	86.8891	200
812	92.5118	8.26806	86.9304	200
813	92.5394	8.22896	86.9717	200
814	92.5815	8.19044	87.0129	200
815	93.1246	8.15987	87.0578	200
816	99.197	8.21839	87.1471	200
817	97.2397	8.24595	87.2213	200
818	93.4361	8.21608	87.267	200
819	94.8506	8.20678	87.3228	200
820	94.5666	8.19262	87.376	200
821	96.1597	8.20131	87.4406	200
822	97.534	8.22914	87.5148	200
823	88.6256	8.12445	87.523	200
824	88.6241	8.02117	87.5311	200
825	88.5406	7.91805	87.5385	200
826	88.4821	7.81549	87.5455	200
827	88.2148	7.7104	87.5504	200
828	88.2469	7.60725	87.5555	200
829	88.2244	7.50522	87.5604	200
830	87.9614	7.40074	87.5634	200
831	88.2573	7.30211	87.5685	200
832	88.0431	7.20171	87.572	200
833	92.5685	7.16928	87.6087	200
834	91.4534	7.12038	87.637	200
835	86.7433	7.02882	87.6304	200
836	86.1043	6.94789	87.6192	200
837	85.3971	6.8784	87.6028	200
838	85.5115	6.808	87.5875	200
839	88.6173	6.72302	87.595	200
840	91.139	6.67627	87.6211	200
841	91.0512	6.62854	87.6463	200
842	91.1658	6.58281	87.6722	200
843	86.9477	6.49666	87.6669	200
844	82.8754	6.47159	87.6316	200
845	83.5632	6.43624	87.6017	200
846	83.3521	6.40587	87.5722	200
847	79.9489	6.42278	87.5193	200
848	88.6941	6.34989	87.5274	200
849	88.6743	6.27763	87.5354	200
850	88.6	6.20522	87.5428	200
851	102.467	6.32632	87.6464	200
852	106.715	6.50328	87.7788	200
853	110.35	6.72645	87.9356	200
854	108.994	6.92551	88.0818	200
855	108.913	7.11864	88.2265	200
856	109.435	7.31433	88.3737	200
857	94.9673	7.30432	88.4195	200
858	94.8002	7.29149	88.4638	200
859	88.295	7.19256	88.4627	200
860	93.0343	7.15616	88.4944	200
861	92.8294	7.11698	88.5245	200
862	92.8558	7.07829	88.5546	200
863	93.5538	7.04941	88.5893	200
864	93.0005	7.01277	88.62	200
865	92.9815	6.97595	88.6502	200
866	92.5307	6.93295	88.6772	200
867	92.5101	6.8899	88.7038	200
868	88.2723	6.8002	88.7008	200
869	93.8971	6.77792	88.7369	200
870	88.5904	6.68581	88.7359	200
871	88.5964	6.59489	88.7349	200
872	88.6586	6.50436	88.7344	200
873	93.8894	6.48562	88.7702	200
874	94.0857	6.46936	88.8071	200
875	104.875	6.60267	88.9187	200
876	111.04	6.81821	89.0723	200
877	110.887	7.02651	89.2238	200
878	111.059	7.23218	89.3754	200
879	106.349	7.36747	89.4933	200
880	108.75	7.5326	89.627	200
881	108.788	7.6941	89.7601	200
882	108.85	7.85238	89.8926	200
883	109.052	8.00942	90.0257	200
884	106.579	8.12808	90.1406	200
885	107.243	8.25272	90.2594	200
886	107.149	8.37267	90.3767	200
887	108.602	8.50952	90.5033	200
888	104.011	8.57894	90.5971	200
889	100.857	8.60229	90.6683	200
890	111.225	8.76833	90.8111	200
891	111.267	8.93065	90.9531	200
892	109.214	9.06024	91.0799	200
893	104.344	9.11862	91.172	200
894	106.648	9.20692	91.2795	200
895	106.742	9.2938	91.3869	200
896	109.664	9.41857	91.5138	200
897	110.374	9.54971	91.6448	200
898	110.962	9.68536	91.7789	200
899	110.281	9.80782	91.9074	200
900	111.124	9.9385	92.0409	200
901	111.395	10.0693	92.1753	200
902	111.608	10.1993	92.3102	200
903	111.835	10.3288	92.4458	200
904	111.418	10.4489	92.5776	200
905	110.569	10.5536	92.7025	200
906	110.628	10.656	92.827	200
907	110.596	10.7548	92.9504	200
908	110.467	10.8487	93.072	200
909	110.555	10.9409	93.1934	200
910	108.657	11.0037	93.3008	200
911	93.9428	10.8598	93.3053	200
912	98.9998	10.788	93.3448	200
913	98.8917	10.7152	93.3833	200
914	103.684	10.7095	93.4549	200
915	102.772	10.6901	93.5196	200
916	99.7125	10.6277	93.5626	200
917	99.819	10.567	93.606	200
918	106.066	10.5933	93.6926	200
919	106.171	10.6181	93.7746	200
920	105.967	10.6388	93.8549	200
921	100.681	10.5886	93.8998	200
922	100.441	10.5354	93.9428	200
923	102.336	10.5072	93.998	200
924	101.163	10.4632	94.0452	200
925	102.642	10.4386	94.1017	200
926	102.208	10.4079	94.155	200
927	94.1676	10.2712	94.1551	200
928	93.9967	10.1381	94.1541	200
929	94.1493	10.0048	94.1541	200
930	94.5415	9.87822	94.1566	200
931	92.3353	9.77221	94.1446	200
932	92.4829	9.66549	94.1337	200
933	100.735	9.62517	94.1771	200
934	104.416	9.63325	94.2445	200
935	103.833	9.63266	94.3076	200
936	109.507	9.70591	94.4076	200
937	109.832	9.78116	94.509	200
938	109.567	9.85059	94.6081	200
939	109.36	9.91508	94.7052	200
940	109.172	9.97497	94.8003	200
941	109.231	10.0336	94.8953	200
942	104.501	10.028	94.9585	200
943	104.971	10.0278	95.0243	200
944	105.127	10.0287	95.0908	200
945	105.256	10.0305	95.1577	200
946	99.7987	9.95963	95.1882	200
947	95.7994	9.83662	95.1922	200
948	99.21	9.76006	95.2187	200
949	97.8616	9.66641	95.236	200
950	97.9078	9.57437	95.2536	200
951	98.1382	9.48635	95.2726	200
952	98.8741	9.40892	95.2963	200
953	100.877	9.35855	95.333	200
954	101.215	9.31281	95.3717	200
955	95.7594	9.19537	95.3743	200
956	96.5284	9.08957	95.3819	200
957	96.4208	8.98364	95.3887	200
958	99.5993	8.92083	95.4164	200
959	99.4352	8.85633	95.4428	200
960	100.42	8.80529	95.4756	200
961	103.011	8.78858	95.5251	200
962	92.322	8.71509	95.5041	200
963	90.8747	8.66133	95.4736	200
964	90.8536	8.60816	95.4432	200
965	88.9384	8.58048	95.4004	200
966	92.8747	8.50081	95.3838	200
967	92.817	8.42273	95.3669	200
968	93.3911	8.3379	95.3539	200
969	96.3426	8.2412	95.3604	200
970	97.7327	8.16398	95.376	200
971	97.8809	8.08952	95.3925	200
972	95.3146	7.9841	95.392	200
973	95.1951	7.88164	95.3907	200
974	91.0365	7.83522	95.3621	200
975	86.8622	7.84397	95.3061	200
976	89.2825	7.82001	95.2665	200
977	89.3715	7.79468	95.2277	200
978	89.7553	7.76413	95.1917	200
979	89.9237	7.73128	95.1571	200
980	90.8567	7.68614	95.1288	200
981	86.6161	7.69701	95.0728	200
982	87.1887	7.69947	95.0209	200
983	87.4918	7.69723	94.9714	200
984	87.3922	7.69568	94.9215	200
985	87.7718	7.68849	94.8745	200
986	90.2751	7.64785	94.8442	200
987	104.284	7.67143	94.9063	200
988	104.274	7.69375	94.9679	200
989	100.928	7.67094	95.0071	200
990	100.162	7.63783	95.0411	200
991	98.1722	7.57853	95.0617	200
992	103.081	7.58433	95.1144	200
993	102.709	7.58446	95.1644	200
994	103.352	7.5924	95.2182	200
995	103.823	7.60572	95.2749	200
996	103.74	7.61646	95.3278	200
997	106.66	7.66291	95.3986	200
998	107.185	7.71445	95.4722	200
999	110.685	7.80818	95.5673	200
1000	107.795	7.86341	95.6437	200
1001	105.045	7.88264	95.7025	200
1002	105.103	7.90161	95.7613	200
1003	105.056	7.91902	95.8194	200
1004	113.63	8.04267	95.9307	200
1005	110.021	8.11826	96.0187	200
1006	109.862	8.18983	96.1053	200
1007	108.749	8.2455	96.1843	200
1008	110.215	8.31782	96.272	200
1009	109.208	8.37555	96.3528	200
1010	95.4509	8.28213	96.3472	200
1011	93.7359	8.21125	96.3309	200
1012	95.931	8.1136	96.3284	200
1013	94.2885	8.03768	96.3156	200
1014	93.7132	7.96974	96.2993	200
1015	96.5484	7.87323	96.3009	200
1016	97.1322	7.78521	96.3061	200
1017	96.7499	7.69344	96.3089	200
1018	100.776	7.65311	96.3368	200
1019	100.415	7.60843	96.3623	200
1020	99.5663	7.55337	96.3823	200
1021	98.8647	7.48999	96.3978	200
1022	103.475	7.48483	96.4421	200
1023	104.068	7.4866	96.4897	200
1024	104.083	7.48794	96.5372	200
1025	98.1781	7.41485	96.5474	200
1026	86.4481	7.4484	96.4843	200
1027	86.7655	7.47678	96.4236	200
1028	85.178	7.52389	96.3533	200
1029	85.3842	7.56696	96.2847	200
1030	86.0464	7.60035	96.2207	200
1031	87.5728	7.61344	96.1667	200
1032	87.5133	7.62644	96.1126	200
1033	86.1664	7.65544	96.0504	200
1034	92.2698	7.607	96.0268	200
1035	93.2621	7.54647	96.0095	200
1036	93.4046	7.4847	95.9932	200
1037	88.1947	7.48863	95.9445	200
1038	87.6005	7.49932	95.8924	200
1039	104.408	7.51201	95.9456	200
1040	103.137	7.50801	95.9905	200
1041	94.8642	7.42823	95.9835	200
1042	96.2451	7.33865	95.9851	200
1043	97.0861	7.26068	95.992	200
1044	98.704	7.20382	96.0089	200
1045	100.874	7.17459	96.0394	200
1046	101.25	7.15004	96.0719	200
1047	101.87	7.13313	96.1082	200
1048	105.345	7.15944	96.1659	200
1049	105.58	7.18762	96.2247	200
1050	103.755	7.19189	96.2718	200
1051	104.225	7.20141	96.3215	200
1052	102.402	7.1874	96.3595	200
1053	103.579	7.1878	96.4046	200
1054	104.126	7.19447	96.4529	200
1055	100.16	7.15088	96.476	200
1056	102.603	7.13807	96.5143	200
1057	103.636	7.13787	96.5588	200
1058	103.142	7.13093	96.6	200
1059	102.793	7.11921	96.6387	200
1060	107.102	7.161	96.7041	200
1061	107.226	7.20302	96.7699	200
1062	102.394	7.18328	96.805	200
1063	101.938	7.15764	96.8371	200
1064	100.945	7.11952	96.8628	200
1065	104.003	7.11978	96.9074	200
1066	105.543	7.13873	96.9613	200
1067	106.727	7.17157	97.0224	200
1068	106.385	7.19896	97.0809	200
1069	108.534	7.25213	97.1525	200
1070	107.863	7.29536	97.2194	200
1071	108.101	7.34019	97.2874	200
1072	108.445	7.38791	97.3572	200
1073	108.863	7.43938	97.4291	200
1074	110.242	7.50656	97.5092	200
1075	109.42	7.56161	97.5836	200
1076	109.904	7.6211	97.6606	200
1077	114.514	7.73101	97.7609	200
1078	114.07	7.83313	97.858	200
1079	122.569	8.03406	98.0051	200
1080	123.419	8.24096	98.1564	200
1081	123.107	8.43988	98.3049	200
1082	121.623	8.61701	98.4437	200
1083	120.253	8.77405	98.5735	200
1084	121.611	8.94386	98.7106	200
1085	112.163	8.99754	98.7907	200
1086	119.439	9.13623	98.9136	200
1087	121.664	9.2983	99.049	200
1088	121.109	9.45023	99.1803	200
1089	113.187	9.50447	99.2637	200
1090	112.614	9.55026	99.3432	200
1091	112.54	9.59368	99.4217	200
1092	114.575	9.65986	99.5119	200
1093	114.367	9.72171	99.6003	200
1094	119.256	9.83996	99.7173	200
1095	118.664	9.94837	99.8301	200
1096	119.082	10.0591	99.9447	200
1097	116.287	10.1339	100.042	200
1098	115.399	10.1961	100.133	200
1099	112.87	10.2264	100.209	200
1100	113.385	10.2615	100.288	200
1101	113.764	10.2997	100.368	200
1102	113.693	10.3357	100.447	200
1103	113.672	10.3701	100.526	200
1104	113.47	10.4008	100.603	200
1105	120.254	10.5109	100.72	200
1106	117.193	10.5819	100.818	200
1107	105.074	10.5066	100.843	200
1108	106.251	10.4459	100.875	200
1109	106.238	10.3854	100.907	200
1110	104	10.2986	100.926	200
1111	106.84	10.2464	100.961	200
1112	109.296	10.2236	101.011	200
1113	114.148	10.2583	101.089	200
1114	115.626	10.3092	101.175	200
1115	107.742	10.2647	101.214	200
1116	107.653	10.2191	101.253	200
1117	107.272	10.1691	101.289	200
1118	110.752	10.1607	101.345	200
1119	106.226	10.0979	101.374	200
1120	107.528	10.0509	101.411	200
1121	119.722	10.1493	101.52	200
1122	103.569	10.0528	101.532	200
1123	104.056	9.96321	101.547	200
1124	103.995	9.87374	101.561	200
1125	105.588	9.80413	101.585	200
1126	103.392	9.70892	101.596	200
1127	102.11	9.59945	101.599	200
1128	100.016	9.50402	101.59	200
1129	106.482	9.44912	101.619	200
1130	106.879	9.39925	101.65	200
1131	112.711	9.41903	101.716	200
1132	112.532	9.43566	101.78	200
1133	112.363	9.44931	101.843	200
1134	110.887	9.44448	101.897	200
1135	110.732	9.43723	101.95	200
1136	104.486	9.35507	101.965	200
1137	104.405	9.27275	101.979	200
1138	102.723	9.17121	101.984	200
1139	106.049	9.11042	102.008	200
1140	110.515	9.10324	102.059	200
1141	121.913	9.23123	102.177	200
1142	122.265	9.36047	102.296	200
1143	117.783	9.43341	102.389	200
1144	117.827	9.50489	102.481	200
1145	122.13	9.62566	102.597	200
1146	122.273	9.7453	102.715	200
1147	115.69	9.78375	102.792	200
1148	115.875	9.82302	102.87	200
1149	114.654	9.84637	102.94	200
1150	117.181	9.89869	103.025	200
1151	119.017	9.97123	103.12	200
1152	119.48	10.0473	103.217	200
1153	116.763	10.0889	103.298	200
1154	117.091	10.133	103.38	200
1155	112.061	10.1157	103.432	200
1156	110.263	10.0767	103.472	200
1157	110.379	10.0389	103.513	200
1158	112.116	10.0218	103.565	200
1159	112.744	10.0118	103.619	200
1160	109.341	9.96072	103.653	200
1161	109.375	9.91025	103.687	200
1162	117.237	9.95161	103.764	200
1163	115.756	9.97479	103.832	200
1164	127.927	10.1352	103.969	200
1165	121.675	10.2213	104.07	200
1166	120.847	10.2958	104.165	200
1167	120.528	10.3647	104.258	200
1168	119.181	10.4165	104.343	200
1169	119.185	10.4668	104.427	200
1170	118.98	10.5132	104.51	200
1171	117.365	10.5398	104.583	200
1172	111.819	10.5023	104.624	200
1173	115.149	10.5026	104.684	200
1174	109.864	10.4421	104.713	200
1175	109.784	10.381	104.742	200
1176	113.189	10.3591	104.79	200
1177	112.844	10.3329	104.836	200
1178	114.519	10.3255	104.891	200
1179	118.735	10.3655	104.97	200
1180	118.719	10.4039	105.048	200
1181	119.439	10.4492	105.13	200
1182	116.395	10.4585	105.194	200
1183	115.267	10.4541	105.251	200
1184	107.299	10.3586	105.262	200
1185	107.066	10.2614	105.273	200
1186	111.204	10.2122	105.306	200
1187	111.055	10.1614	105.339	200
1188	110.135	10.1005	105.366	200
1189	110.663	10.0459	105.396	200
1190	110.309	9.98755	105.424	200
1191	109.955	9.92554	105.45	200
1192	109.696	9.861	105.474	200
1193	104.555	9.75939	105.469	200
1194	102.789	9.67895	105.454	200
1195	102.183	9.60613	105.435	200
1196	102.215	9.53356	105.417	200
1197	111.082	9.4896	105.449	200
1198	111.118	9.44618	105.481	200
1199	115.048	9.44754	105.536	200
1200	115.188	9.44987	105.59	200
1201	113.881	9.4367	105.638	200
1202	119.854	9.49101	105.718	200
1203	119.988	9.54531	105.799	200
1204	120.416	9.60294	105.882	200
1205	120.525	9.6602	105.966	200
1206	112.522	9.62493	106.003	200
1207	114.252	9.60929	106.05	200
1208	110.033	9.54536	106.072	200
1209	110.099	9.48264	106.095	200
1210	114.329	9.46846	106.142	200
1211	114.38	9.45447	106.189	200
1212	114.3	9.43921	106.235	200
1213	114.55	9.42643	106.282	200
1214	114.783	9.41592	106.33	200
1215	112.079	9.37424	106.363	200
1216	108.569	9.29278	106.376	200
1217	110.927	9.23889	106.402	200
1218	110.222	9.17732	106.423	200
1219	117.606	9.20011	106.487	200
1220	114.022	9.18118	106.53	200
1221	113.396	9.15487	106.569	200
1222	111.867	9.11105	106.599	200
1223	110.045	9.04667	106.618	200
1224	110.937	8.99294	106.643	200
1225	110.177	8.9309	106.663	200
1226	109.59	8.86268	106.68	200
1227	106.04	8.76923	106.676	200
1228	101.179	8.73205	106.645	200
1229	103.62	8.66719	106.627	200
1230	99.5445	8.64918	106.587	200
1231	99.767	8.6284	106.548	200
1232	100.285	8.60153	106.513	200
1233	99.7108	8.58108	106.474	200
1234	99.8535	8.5588	106.437	200
1235	102.998	8.50062	106.417	200
1236	102.963	8.44328	106.397	200
1237	103.041	8.38548	106.378	200
1238	106.002	8.29446	106.376	200
1239	106.517	8.20181	106.377	200
1240	106.496	8.10996	106.378	200
1241	113.191	8.09522	106.416	200
1242	113.288	8.08131	106.455	200
1243	109.289	8.02167	106.472	200
1244	110.662	7.97813	106.495	200
1245	110.213	7.92972	106.516	200
1246	103.456	7.87439	106.499	200
1247	103.359	7.82058	106.481	200
1248	106.564	7.73266	106.482	200
1249	106.708	7.64735	106.483	200
1250	110.562	7.6068	106.506	200
1251	116.132	7.62874	106.558	200
1252	115.489	7.6429	106.607	200
1253	95.2492	7.68328	106.545	200
1254	100.042	7.67045	106.51	200
1255	95.8566	7.70287	106.452	200
1256	97.5311	7.71611	106.404	200
1257	97.8009	7.72574	106.357	200
1258	103.838	7.66915	106.343	200
1259	105.026	7.60011	106.336	200
1260	102.007	7.56455	106.312	200
1261	102.009	7.5291	106.289	200
1262	115.416	7.54647	106.339	200
1263	116.844	7.57864	106.396	200
1264	111.137	7.5478	106.422	200
1265	111.72	7.52334	106.45	200
1266	117.642	7.56322	106.511	200
1267	117.65	7.60208	106.572	200
1268	116.004	7.62198	106.623	200
1269	116.186	7.64308	106.675	200
1270	116.372	7.66541	106.728	200
1271	119.221	7.71789	106.796	200
1272	119.838	7.77577	106.866	200
1273	124.307	7.88082	106.961	200
1274	121.29	7.95091	107.039	200
1275	121.357	8.02012	107.117	200
1276	121.301	8.08711	107.194	200
1277	122.172	8.16202	107.275	200
1278	122.184	8.23536	107.356	200
1279	122.115	8.30626	107.437	200
1280	121.308	8.36675	107.512	200
1281	121.233	8.42495	107.587	200
1282	121.015	8.47934	107.66	200
1283	121.984	8.54287	107.737	200
1284	121.533	8.59996	107.812	200
1285	124.66	8.68961	107.904	200
1286	104.219	8.63522	107.884	200
1287	104.349	8.57977	107.865	200
1288	115.071	8.56485	107.904	200
1289	115.107	8.55005	107.943	200
1290	116.46	8.54969	107.989	200
1291	119.03	8.57677	108.049	200
1292	119.77	8.61094	108.113	200
1293	117.476	8.61911	108.164	200
1294	117.773	8.62987	108.216	200
1295	114.016	8.59911	108.248	200
1296	114.179	8.57012	108.28	200
1297	110.642	8.50263	108.293	200
1298	112.074	8.45132	108.313	200
1299	116.779	8.45147	108.359	200
1300	113.771	8.41843	108.389	200
1301	114.869	8.39736	108.424	200
1302	117.898	8.40906	108.475	200
1303	118.769	8.42954	108.531	200
1304	113.68	8.39389	108.559	200
1305	120.139	8.42851	108.622	200
1306	120.254	8.46333	108.685	200
1307	121.644	8.51219	108.756	200
1308	117.169	8.51111	108.802	200
1309	116.27	8.49977	108.842	200
1310	115.206	8.47655	108.877	200
1311	116.176	8.46376	108.916	200
1312	110.078	8.38439	108.923	200
1313	110.058	8.3056	108.929	200
1314	110.058	8.22759	108.935	200
1315	109.507	8.14438	108.938	200
1316	110.025	8.06766	108.944	200
1317	107.235	7.99855	108.935	200
1318	107.948	7.92233	108.929	200
1319	115.198	7.90436	108.963	200
1320	119.179	7.92948	109.019	200
1321	118.946	7.9512	109.073	200
1322	119.057	7.97329	109.127	200
1323	114.047	7.9401	109.154	200
1324	114.337	7.91013	109.182	200
1325	114.399	7.88085	109.21	200
1326	119.748	7.90973	109.268	200
1327	119.765	7.93786	109.325	200
1328	119.98	7.9674	109.383	200
1329	117.743	7.97167	109.428	200
1330	118.582	7.98451	109.478	200
1331	121.204	8.02518	109.542	200
1332	117.115	8.02027	109.583	200
1333	118.221	8.02699	109.63	200
1334	123.355	8.08892	109.704	200
1335	127.08	8.18986	109.799	200
1336	125.759	8.27432	109.885	200
1337	123.374	8.331	109.959	200
1338	122.765	8.37964	110.028	200
1339	121.514	8.4134	110.091	200
1340	126.047	8.49539	110.178	200
1341	126.106	8.57617	110.264	200
1342	126.213	8.65632	110.351	200
1343	126.771	8.74071	110.44	200
1344	124.694	8.79813	110.514	200
1345	123.348	8.84017	110.581	200
1346	110.697	8.74929	110.582	200
1347	109.256	8.66859	110.574	200
1348	110.544	8.5747	110.574	200
1349	108.41	8.50185	110.562	200
1350	107.338	8.44188	110.544	200
1351	107.027	8.38325	110.523	200
1352	99.5293	8.41432	110.457	200
1353	99.9218	8.44083	110.391	200
1354	115.192	8.39533	110.421	200
1355	121.979	8.43694	110.498	200
1356	122.122	8.47888	110.574	200
1357	123.585	8.54184	110.664	200
1358	125.184	8.62486	110.765	200
1359	125.833	8.71961	110.876	200
1360	125.753	8.81016	110.985	200
1361	126.254	8.91107	111.105	200
1362	126.607	9.01407	111.226	200
1363	127.734	9.13897	111.363	200
1364	128.52	9.2726	111.506	200
1365	128.725	9.4145	111.66	200
1366	117.114	9.34378	111.709	200
1367	113.017	9.18925	111.721	200
1368	113.161	9.04022	111.735	200
1369	114.023	8.89955	111.759	200
1370	114.14	8.76375	111.784	200
1371	113.912	8.62552	111.806	200
1372	113.878	8.48899	111.828	200
1373	108.357	8.38445	111.791	200
1374	109.136	8.2651	111.764	200
1375	109.338	8.14345	111.738	200
1376	107.702	8.0579	111.696	200
1377	131.692	8.3066	111.905	200
1378	125.926	8.42565	112.051	200
1379	124.893	8.51765	112.185	200
1380	123.263	8.57101	112.3	200
1381	117.886	8.50882	112.358	200
1382	112.897	8.34278	112.364	200
1383	113.178	8.18595	112.372	200
1384	112.989	8.02826	112.379	200
1385	116.794	7.953	112.425	200
1386	116.692	7.87622	112.469	200
1387	111.735	7.72743	112.461	200
1388	111.785	7.58053	112.454	200
1389	114.969	7.47499	112.481	200
1390	114.498	7.36128	112.502	200
1391	114.749	7.25474	112.525	200
1392	115.34	7.16223	112.554	200
1393	114.181	7.04692	112.571	200
1394	100.161	7.15865	112.442	200
1395	100.422	7.25993	112.317	200
1396	100.59	7.34582	112.204	200
1397	103.073	7.38016	112.116	200
1398	101.417	7.44399	112.013	200
1399	101.395	7.50504	111.911	200
1400	101.027	7.57003	111.807	200
1401	103.05	7.59284	111.722	200
1402	87.9433	7.90412	111.494	200
1403	87.8744	8.20633	111.267	200
1404	89.0097	8.47654	111.053	200
1405	89.5851	8.72636	110.846	200
1406	96.0415	8.84325	110.704	200
1407	97.2733	8.93147	110.575	200
1408	97.3534	9.01397	110.448	200
1409	98.7638	9.06531	110.335	200
1410	96.768	9.15189	110.205	200
1411	96.8819	9.2321	110.077	200
1412	97.0483	9.3051	109.951	200
1413	106.927	9.18432	109.922	200
1414	105.009	9.10219	109.875	200
1415	104.981	9.02127	109.828	200
1416	104.765	8.94515	109.779	200
1417	104.144	8.88151	109.725	200
1418	108.042	8.74308	109.709	200
1419	94.3083	8.87111	109.561	200
1420	95.3781	8.97326	109.425	200
1421	95.4808	9.06884	109.29	200
1422	95.2831	9.16381	109.156	200
1423	117.33	9.14478	109.234	200
1424	116.823	9.11485	109.307	200
1425	119.523	9.13602	109.406	200
1426	119.733	9.15893	109.505	200
1427	121.886	9.2209	109.624	200
1428	112.187	9.09285	109.649	200
1429	112.237	8.96776	109.673	200
1430	111.372	8.82798	109.69	200
1431	114.336	8.74756	109.734	200
1432	104.664	8.67684	109.686	200
1433	103.434	8.6302	109.626	200
1434	106.357	8.52708	109.594	200
1435	105.4	8.44376	109.554	200
1436	103.486	8.39807	109.495	200
1437	108.336	8.25887	109.484	200
1438	108.558	8.11785	109.475	200
1439	101.413	8.11678	109.398	200
1440	99.9247	8.14287	109.307	200
1441	99.9597	8.16602	109.217	200
1442	100.206	8.18227	109.13	200
1443	100.452	8.19181	109.047	200
1444	116.1	8.16992	109.115	200
1445	101.45	8.16021	109.041	200
1446	104.755	8.0857	109	200
1447	104.76	8.01174	108.959	200
1448	104.881	7.9361	108.92	200
1449	104.974	7.86484	108.885	200
1450	91.4953	8.03492	108.729	200
1451	91.5162	8.19881	108.576	200
1452	89.9996	8.38412	108.41	200
1453	96.5524	8.44614	108.304	200
1454	92.6429	8.57498	108.164	200
1455	92.9785	8.69302	108.028	200
1456	96.1048	8.75071	107.922	200
1457	103.11	8.68036	107.879	200
1458	103.247	8.60808	107.838	200
1459	96.0097	8.66557	107.732	200
1460	100.891	8.63299	107.671	200
1461	97.8489	8.65422	107.583	200
1462	97.402	8.68149	107.492	200
1463	97.394	8.70679	107.402	200
1464	105.216	8.59034	107.383	200
1465	104.74	8.48413	107.359	200
1466	102.013	8.42809	107.311	200
1467	116.212	8.43653	107.391	200
1468	120.404	8.51825	107.507	200
1469	121.079	8.60849	107.628	200
1470	125.084	8.76648	107.784	200
1471	117.095	8.77621	107.867	200
1472	101.52	8.73284	107.811	200
1473	102.604	8.66986	107.764	200
1474	107.764	8.51505	107.764	200
1475	108.136	8.36963	107.767	200
1476	108.569	8.23449	107.774	200
1477	111.999	8.16289	107.812	200
1478	100.841	8.1416	107.75	200
1479	100.96	8.11746	107.689	200
1480	99.1495	8.125	107.613	200
1481	100.658	8.1041	107.551	200
1482	100.431	8.08654	107.487	200
1483	100.314	8.07023	107.423	200
1484	98.7525	8.08095	107.346	200
1485	106.434	7.95293	107.338	200
1486	103.334	7.8824	107.302	200
1487	103.686	7.80622	107.27	200
1488	98.7047	7.81977	107.193	200
1489	102.286	7.76775	107.15	200
1490	102.371	7.71437	107.107	200
1491	102.64	7.65638	107.067	200
1492	121.997	7.78627	107.2	200
1493	122.041	7.91225	107.333	200
1494	122.071	8.03414	107.464	200
1495	110.172	7.93903	107.489	200
1496	106.094	7.82216	107.476	200
1497	105.259	7.72207	107.456	200
1498	101.292	7.69425	107.401	200
1499	89.5375	7.87585	107.242	200
1500	105.359	7.76884	107.225	200
1501	100.323	7.75336	107.163	200
1502	95.1248	7.82988	107.056	200
1503	96.7055	7.87489	106.963	200
1504	96.5371	7.92045	106.87	200
1505	101.319	7.87815	106.821	200
1506	114.338	7.87214	106.883	200
1507	114.411	7.8664	106.946	200
1508	123.261	8.00721	107.082	200
1509	123.129	8.1412	107.216	200
1510	114.882	8.13329	107.28	200
1511	115.026	8.12683	107.344	200
1512	115.108	8.12078	107.409	200
1513	113.486	8.08673	107.46	200
1514	108.781	7.97398	107.471	200
1515	112.628	7.92703	107.514	200
1516	112.451	7.8772	107.555	200
1517	112.316	7.82526	107.594	200
1518	108.846	7.7157	107.605	200
1519	114.271	7.69821	107.66	200
1520	114.072	7.67676	107.714	200
1521	108.343	7.55929	107.719	200
1522	108.847	7.45211	107.728	200
1523	112.77	7.41193	107.77	200
1524	110.492	7.33376	107.793	200
1525	110.422	7.25534	107.815	200
1526	110.477	7.17878	107.837	200
1527	115.324	7.18391	107.9	200
1528	115.501	7.19088	107.963	200
1529	99.0803	7.21907	107.889	200
1530	98.4801	7.25556	107.811	200
1531	98.5757	7.28855	107.734	200
1532	102.869	7.24815	107.693	200
1533	103.295	7.20064	107.656	200
1534	99.2154	7.22131	107.586	200
1535	102.904	7.17898	107.547	200
1536	92.5773	7.30883	107.422	200
1537	92.7387	7.43174	107.3	200
1538	107.741	7.31523	107.304	200
1539	108.173	7.2078	107.311	200
1540	108.48	7.10715	107.321	200
1541	111.378	7.05633	107.354	200
1542	111.073	7.00071	107.385	200
1543	111.514	6.95284	107.42	200
1544	101.428	6.93682	107.37	200
1545	101.493	6.91916	107.321	200
1546	101.497	6.9009	107.272	200
1547	101.719	6.87844	107.226	200
1548	116.162	6.91273	107.301	200
1549	110.787	6.85564	107.33	200
1550	111.465	6.8103	107.364	200
1551	99.9254	6.82077	107.302	200
1552	99.5429	6.83641	107.237	200
1553	95.6267	6.91598	107.141	200
1554	95.891	6.98821	107.047	200
1555	96.088	7.05438	106.956	200
1556	101.446	7.02864	106.91	200
1557	106.489	6.9185	106.906	200
1558	107.426	6.81186	106.91	200
1559	107.829	6.71365	106.918	200
1560	107.911	6.6183	106.926	200
1561	108.036	6.52649	106.936	200
1562	101.765	6.50389	106.893	200
1563	106.97	6.39678	106.893	200
1564	106.501	6.2967	106.89	200
1565	103.162	6.2539	106.859	200
1566	103.39	6.20747	106.83	200
1567	100.702	6.20624	106.782	200
1568	108.438	6.13514	106.795	200
1569	130.191	6.40485	106.978	200
1570	130.169	6.66713	107.159	200
1571	133.752	6.97847	107.367	200
1572	131.112	7.24045	107.552	200
1573	131.264	7.49782	107.738	200
1574	130.861	7.74196	107.918	200
1575	135.045	8.04485	108.13	200
1576	130.431	8.2676	108.304	200
1577	130.297	8.48205	108.476	200
1578	130.003	8.68588	108.644	200
1579	126.877	8.83505	108.787	200
1580	126.852	8.97927	108.928	200
1581	126.234	9.10938	109.063	200
1582	111.689	9.00808	109.084	200
1583	111.724	8.90859	109.104	200
1584	117.973	8.90797	109.174	200
1585	117.841	8.90422	109.241	200
1586	121.238	8.95254	109.335	200
1587	131.68	9.1618	109.51	200
1588	121.569	9.20708	109.604	200
1589	124.761	9.30005	109.722	200
1590	125.729	9.40484	109.847	200
1591	125.741	9.50624	109.971	200
1592	125.838	9.60562	110.095	200
1593	125.883	9.7022	110.219	200
1594	120.136	9.70556	110.296	200
1595	120.075	9.7067	110.373	200
1596	119.857	9.70322	110.447	200
1597	119.987	9.70068	110.521	200
1598	125.293	9.77992	110.637	200
1599	121.854	9.80237	110.724	200
1600	130.676	9.96096	110.88	200
1601	113.222	9.8419	110.898	200
1602	112.8	9.71783	110.913	200
1603	114.846	9.62744	110.944	200
1604	114.39	9.53086	110.971	200
1605	114.551	9.43787	110.999	200
1606	119.036	9.41599	111.062	200
1607	115.177	9.33317	111.094	200
1608	115.397	9.25458	111.127	200
1609	120.094	9.25008	111.197	200
1610	125.43	9.32792	111.309	200
1611	118.789	9.29905	111.367	200
1612	123.507	9.34344	111.462	200
1613	123.406	9.38407	111.555	200
1614	123.173	9.41896	111.646	200
1615	123.158	9.45166	111.736	200
1616	117.725	9.39756	111.783	200
1617	126.2	9.47599	111.895	200
1618	124.215	9.52043	111.992	200
1619	113.697	9.39833	112.005	200
1620	113.731	9.27846	112.018	200
1621	109.42	9.17408	111.998	200
1622	119.236	9.14382	112.055	200
1623	125.795	9.21564	112.162	200
1624	125.567	9.2811	112.267	200
1625	125.713	9.34618	112.372	200
1626	126.67	9.42355	112.484	200
1627	128.525	9.52696	112.609	200
1628	135.335	9.73321	112.786	200
1629	135.265	9.93235	112.962	200
1630	130.141	10.0456	113.096	200
1631	130.905	10.1669	113.235	200
1632	134.791	10.3344	113.394	200
1633	129.872	10.4247	113.515	200
1634	110.221	10.3198	113.491	200
1635	110.232	10.216	113.467	200
1636	126.907	10.2634	113.566	200
1637	131.135	10.3709	113.695	200
1638	131.2	10.4758	113.824	200
1639	126.948	10.5147	113.92	200
1640	126.84	10.5501	114.015	200
1641	130.625	10.6392	114.137	200
1642	125.888	10.6556	114.224	200
1643	120.402	10.5897	114.269	200
1644	115.285	10.4489	114.276	200
1645	120.7	10.3897	114.324	200
1646	125.388	10.3997	114.405	200
1647	125.442	10.409	114.486	200
1648	125.55	10.4187	114.568	200
1649	126.503	10.441	114.655	200
1650	118.809	10.3485	114.686	200
1651	121.885	10.3022	114.739	200
1652	116.598	10.178	114.752	200
1653	116.94	10.0605	114.769	200
1654	119.923	9.98838	114.806	200
1655	123.508	9.96945	114.87	200
1656	117.223	9.85744	114.888	200
1657	120.663	9.79741	114.93	200
1658	120.459	9.73464	114.971	200
1659	119.644	9.6602	115.005	200
1660	117.667	9.55729	115.025	200
1661	121.541	9.51257	115.073	200
1662	121.388	9.46555	115.119	200
1663	121.444	9.41936	115.166	200
1664	120.895	9.3651	115.208	200
1665	123.097	9.34339	115.266	200
1666	119.761	9.27209	115.299	200
1667	127.031	9.30827	115.385	200
1668	119.84	9.2369	115.418	200
1669	121.024	9.18351	115.459	200
1670	111.515	9.10646	115.43	200
1671	107.579	9.088	115.372	200
1672	108.775	9.05137	115.324	200
1673	111.665	8.97207	115.297	200
1674	111.34	8.89831	115.268	200
1675	107.342	8.884	115.21	200
1676	107.563	8.86581	115.153	200
1677	111.464	8.78968	115.126	200
1678	112.025	8.70604	115.103	200
1679	122.008	8.67954	115.154	200
1680	117.449	8.58564	115.171	200
1681	117.465	8.49312	115.188	200
1682	118.168	8.41204	115.21	200
1683	117.679	8.32465	115.228	200
1684	124.543	8.33921	115.296	200
1685	119.918	8.28454	115.33	200
1686	120.709	8.2418	115.37	200
1687	120.317	8.19334	115.406	200
1688	121.953	8.16913	115.455	200
1689	121.8	8.14231	115.501	200
1690	122.128	8.12002	115.55	200
1691	122.112	8.09712	115.598	200
1692	122.525	8.07991	115.649	200
1693	122.847	8.06694	115.702	200
1694	126.619	8.10885	115.782	200
1695	117.279	8.01162	115.793	200
1696	118.888	7.93931	115.816	200
1697	121.65	7.90835	115.859	200
1698	123.456	7.90377	115.915	200
1699	130.661	8.00439	116.023	200
1700	131.964	8.1211	116.14	200
1701	131.474	8.22127	116.247	200
1702	132.601	8.33422	116.36	200
1703	136.31	8.49554	116.499	200
1704	138.15	8.67825	116.649	200
1705	136.927	8.83935	116.79	200
1706	137.168	8.99961	116.932	200
1707	136.606	9.14787	117.068	200
1708	133.865	9.2541	117.185	200
1709	135.783	9.38388	117.314	200
1710	135.972	9.51269	117.444	200
1711	135.901	9.63692	117.572	200
1712	132.293	9.70753	117.674	200
1713	131.894	9.7702	117.773	200
1714	128.918	9.78929	117.85	200
1715	129.705	9.81798	117.933	200
1716	130.23	9.85242	118.018	200
1717	129.486	9.87486	118.098	200
1718	128.774	9.88599	118.172	200
1719	127.488	9.87807	118.236	200
1720	128.814	9.88778	118.31	200
1721	130.545	9.92038	118.395	200
1722	133.927	9.99832	118.503	200
1723	129.67	10.0145	118.58	200
1724	128.372	10.0115	118.648	200
1725	129.656	10.0253	118.725	200
1726	129.352	10.0336	118.798	200
1727	129.374	10.0416	118.876	200
1728	128.808	10.04	118.949	200
1729	126.317	9.99825	119.007	200
1730	126.461	9.95849	119.065	200
1731	127.508	9.93323	119.135	200
1732	124.967	9.86488	119.184	200
1733	127.29	9.83346	119.256	200
1734	123.632	9.73599	119.295	200
1735	128.08	9.71769	119.38	200
1736	129.68	9.72889	119.479	200
1737	133.806	9.82469	119.628	200
1738	142.426	10.095	119.866	200.625
1739	137.466	10.2655	120.066	202.19
1740	135.161	10.3753	120.237	203.24
1741	139.599	10.6	120.479	205.279
1742	139.003	10.7981	120.711	207.095
1743	137.864	10.9746	120.949	208.746
1744	139.99	11.1987	121.213	210.803
1745	137.958	11.3527	121.446	212.268
1746	137.74	11.49	121.672	213.592
1747	137.624	11.6139	121.894	214.805
1748	137.547	11.7261	122.111	215.92
1749	141.245	11.9319	122.377	217.832
1750	124.029	11.6463	122.4	215.571
1751	123.119	11.3428	122.41	213.152
1752	128.598	11.1996	122.496	212.093
1753	129.536	11.084	122.594	211.266
1754	128.814	10.9489	122.68	210.272
1755	122.377	10.6532	122.676	207.902
1756	124.712	10.4139	122.704	206.015
1757	124.042	10.1617	122.723	204.017
1758	124.825	9.96026	122.749	202.431
1759	124.435	9.75341	122.77	200.797
1760	122.036	9.52793	122.761	200
1761	121.274	9.3269	122.742	200
1762	100.014	9.66192	122.458	200
1763	100.601	9.96681	122.185	201.919
1764	101.036	10.2464	121.921	203.892
1765	103.578	10.4488	121.691	205.282
1766	103.542	10.6413	121.465	206.595
1767	105.39	10.7771	121.264	207.481
1768	101.58	10.9998	121.018	209.016
1769	101.603	11.2102	120.775	210.456
1770	103.331	11.366	120.557	211.485
1771	97.8793	11.6488	120.273	213.464
1772	96.8035	11.9443	119.98	215.534
1773	101.191	12.1154	119.745	216.669
1774	104.569	12.1919	119.555	217.091
1775	107.684	12.1839	119.407	216.878
1776	105.851	12.2182	119.238	216.983
1777	106.029	12.243	119.072	217.016
1778	105.241	12.2827	118.9	217.161
1779	105.195	12.3182	118.728	217.274
1780	89.1691	12.7493	118.359	220.353
1781	92.3667	13.0803	118.034	222.676
1782	87.7463	13.5105	117.655	225.739
1783	88.0286	13.9134	117.285	228.592
1784	88.038	14.2968	116.919	231.293
1785	90.2849	14.6052	116.586	233.428
1786	90.3196	14.8967	116.258	235.432
1787	88.2692	15.224	115.908	237.7
1788	88.716	15.5232	115.568	239.754
1789	93.3928	15.6895	115.291	240.807
1790	91.7071	15.8869	114.996	242.092
1791	91.0257	16.089	114.697	243.409
1792	91.6284	16.2635	114.408	244.516
1793	93.1345	16.3887	114.142	245.252
1794	93.8401	16.4866	113.889	245.781
1795	99.4347	16.4358	113.708	245.194
1796	99.7244	16.3745	113.533	244.529
1797	99.7209	16.3104	113.36	243.844
1798	99.939	16.2382	113.193	243.098
1799	100.831	16.1501	113.052	242.253
1800	101.38	16.0483	112.92	241.306
1801	106.365	15.8325	112.845	239.505
1802	103.12	15.6937	112.735	238.284
1803	92.6516	15.7935	112.506	238.854
1804	89.2526	15.963	112.242	239.946
1805	88.9694	16.1292	111.978	241.011
1806	84.3216	16.3911	111.663	242.793
1807	88.8574	16.5369	111.404	243.7
1808	88.8572	16.6735	111.148	244.536
1809	88.3492	16.8127	110.889	245.391
1810	83.831	17.0456	110.581	246.946
1811	83.7997	17.2669	110.277	248.412
1812	89.4112	17.3487	110.04	248.829
1813	89.4608	17.4221	109.806	249.183
1814	83.5191	17.6236	109.507	250.496
1815	84.0297	17.8021	109.218	251.634
1816	82.938	17.9947	108.919	252.877
1817	87.831	18.065	108.68	253.2
1818	88.2504	18.1188	108.448	253.398
1819	88.299	18.1649	108.219	253.538
1820	88.6602	18.1966	107.996	253.569
1821	84.506	18.3169	107.729	254.264
1822	84.4868	18.4288	107.465	254.896
1823	92.3521	18.3535	107.293	254.121
1824	91.3021	18.2998	107.112	253.51
1825	65.6258	18.8268	106.64	257.254
1826	66.6472	19.3078	106.186	260.648
1827	66.4928	19.7711	105.735	263.904
1828	66.5608	20.2121	105.29	266.986
1829	70.1813	20.5506	104.891	269.296
1830	70.2364	20.8712	104.497	271.466
1831	72.1081	21.1329	104.129	273.192
1832	71.9201	21.3847	103.763	274.84
1833	74.0146	21.5747	103.425	276.023
1834	81.4939	21.5828	103.176	275.838
1835	80.7436	21.6021	102.921	275.738
1836	80.7323	21.6154	102.669	275.592
1837	76.1099	21.7278	102.367	276.189
1838	94.4311	21.4143	102.277	273.591
1839	94.5223	21.1039	102.188	271.019
1840	94.3693	20.802	102.1	268.515
1841	94.2985	20.5065	102.011	266.063
1842	94.2369	20.2171	101.923	263.659
1843	94.4119	19.9283	101.837	261.264
1844	97.3401	19.6068	101.79	258.645
1845	96.8449	19.3014	101.739	256.15
1846	92.0324	19.1015	101.638	254.45
1847	93.8633	18.8655	101.557	252.481
1848	92.4046	18.6632	101.461	250.767
1849	91.4321	18.4833	101.357	249.223
1850	91.619	18.3011	101.256	247.664
1851	91.5673	18.1216	101.155	246.128
1852	87.8247	18.0218	101.016	245.19
1853	95.0315	17.771	100.953	243.122
1854	93.3432	17.5594	100.874	241.349
1855	93.6209	17.3446	100.799	239.556
1856	96.4946	17.073	100.754	237.337
1857	83.4207	17.0784	100.573	237.2
1858	83.4047	17.0803	100.394	237.036
1859	87.0098	17.0033	100.255	236.281
1860	94.2771	16.7736	100.193	234.381
1861	92.9487	16.575	100.117	232.717
1862	92.5131	16.3881	100.038	231.143
1863	93.9087	16.1744	99.9742	229.369
1864	93.9825	15.9623	99.9117	227.61
1865	94.4791	15.7429	99.8551	225.798
1866	99.9182	15.4162	99.8558	223.186
1867	102.213	15.1442	99.8804	221.034
1868	99.3153	14.8404	99.8745	218.598
1869	103.613	14.6092	99.9134	216.787
1870	100.303	14.3129	99.9175	214.421
1871	110.638	14.2381	100.029	213.934
1872	95.8643	14.0282	99.9858	212.212
1873	96.0123	13.8188	99.9444	210.494
1874	98.0891	13.5695	99.9251	208.481
1875	97.9409	13.3282	99.9044	206.53
1876	93.6753	13.1803	99.8395	205.282
1877	114.475	13.2106	99.992	205.677
1878	118.961	13.3305	100.19	206.834
1879	119.747	13.4603	100.393	208.076
1880	115.186	13.488	100.547	208.452
1881	119.435	13.6005	100.744	209.548
1882	119.644	13.7109	100.941	210.628
1883	116.38	13.7469	101.102	211.077
1884	109.193	13.6291	101.186	210.219
1885	81.1119	13.7634	100.977	211.084
1886	103.951	13.5386	101.008	209.317
1887	105.372	13.3474	101.053	207.833
1888	105.182	13.1554	101.096	206.339
1889	104.666	12.9557	101.134	204.779
1890	99.8321	12.7129	101.12	202.823
1891	101.863	12.4635	101.128	200.836
1892	101.903	12.22	101.136	200
1893	101.739	11.9966	101.142	200
1894	97.7127	11.8318	101.109	200
1895	92.6471	11.767	101.027	200
1896	86.8776	11.8128	100.891	200
1897	90.6033	11.7835	100.792	200
1898	90.8907	11.7473	100.697	200
1899	93.9126	11.6519	100.632	200
1900	94.4707	11.5463	100.573	200
1901	94.4922	11.4412	100.514	200
1902	92.978	11.3661	100.442	200
1903	88.3975	11.3791	100.326	200
1904	91.2078	11.3356	100.238	200
1905	96.6313	11.187	100.204	200
1906	96.3988	11.045	100.167	200
1907	103.797	10.9024	100.202	200
1908	106.064	10.8055	100.258	200
1909	105.982	10.7078	100.313	200
1910	105.703	10.6055	100.365	200
1911	93.6733	10.5303	100.301	200
1912	90.6075	10.5142	100.208	200
1913	96.3205	10.3867	100.17	200
1914	96.1756	10.2638	100.132	200
1915	99.4762	10.079	100.125	200
1916	95.3534	9.97697	100.08	200
1917	95.498	9.87321	100.036	200
1918	95.699	9.76674	99.9938	200
1919	95.7394	9.66073	99.9529	200
1920	95.7571	9.55563	99.9126	200
1921	105.311	9.47568	99.9645	200
1922	99.1982	9.30819	99.9571	200
1923	99.7179	9.13379	99.9548	200
1924	99.5343	8.96623	99.9508	200
1925	98.232	8.82685	99.9342	200
1926	97.8778	8.69665	99.9145	200
1927	108.107	8.68695	99.9932	200
1928	99.5921	8.5276	99.9894	200
1929	99.7993	8.36727	99.9875	200
1930	96.2684	8.27788	99.9518	200
1931	93.1449	8.24959	99.8863	200
1932	89.1453	8.2975	99.7831	200
1933	102.448	8.18919	99.8087	200
1934	99.8915	8.03329	99.8095	200
1935	99.9542	7.88159	99.8109	200
1936	100.356	7.7405	99.8161	200
1937	100.371	7.60232	99.8214	200
1938	103.319	7.52339	99.8551	200
1939	97.9526	7.4153	99.8368	200
1940	98.1254	7.3056	99.8203	200
1941	98.4513	7.19144	99.8072	200
1942	98.6606	7.07519	99.7961	200
1943	98.8337	6.95763	99.7869	200
1944	99.1342	6.83638	99.7806	200
1945	99.2394	6.71532	99.7754	200
1946	99.2929	6.60402	99.7711	200
1947	99.5452	6.49013	99.7691	200
1948	118.513	6.70894	99.9364	200
1949	118.211	6.91547	100.1	200
1950	115.628	7.06926	100.238	200
1951	120.327	7.30176	100.418	200
1952	116.467	7.45797	100.561	200
1953	122.743	7.7209	100.759	200
1954	112.847	7.79889	100.867	200
1955	98.8879	7.69496	100.849	200
1956	98.726	7.59546	100.83	200
1957	98.6738	7.49834	100.811	200
1958	97.4117	7.42514	100.781	200
1959	97.5594	7.35007	100.752	200
1960	81.9202	7.5551	100.584	200
1961	82.1762	7.74889	100.419	200
1962	82.3444	7.93329	100.258	200
1963	82.0794	8.11624	100.096	200
1964	82.4765	8.28593	99.9384	200
1965	79.4542	8.50376	99.7555	200
1966	88.8497	8.54665	99.6581	200
1967	89.9082	8.56814	99.5711	200
1968	106.873	8.54553	99.6363	200
1969	106.829	8.52137	99.7005	200
1970	112.161	8.59171	99.8117	200
1971	112.618	8.66697	99.9261	200
1972	112.649	8.7394	100.04	200
1973	112.894	8.81288	100.154	200
1974	112.971	8.88438	100.269	200
1975	112.576	8.9455	100.379	200
1976	98.8913	8.81232	100.365	200
1977	98.8587	8.68186	100.352	200
1978	102.714	8.569	100.373	200
1979	109.155	8.5728	100.452	200
1980	109.385	8.57924	100.531	200
1981	107.053	8.5425	100.59	200
1982	106.643	8.49806	100.644	200
1983	102.765	8.3842	100.663	200
1984	102.662	8.27018	100.68	200
1985	102.418	8.15352	100.696	200
1986	101.085	8.01487	100.699	200
1987	105.937	7.96529	100.746	200
1988	120.98	8.18438	100.927	200
1989	120.987	8.39645	101.106	200
1990	120.824	8.59862	101.282	200
1991	120.949	8.79626	101.458	200
1992	105.182	8.7057	101.491	200
1993	108.233	8.67064	101.551	200
1994	99.5268	8.55195	101.533	200
1995	103.545	8.43516	101.551	200
1996	92.1919	8.45166	101.467	200
1997	92.0439	8.46901	101.383	200
1998	114.138	8.54554	101.497	200
1999	113.24	8.60264	101.602	200
2000	117.753	8.73742	101.746	200
2001	117.545	8.86351	101.887	200
2002	117.596	8.98576	102.027	200
2003	117.413	9.09243	102.156	200
2004	117.474	9.1962	102.283	200
2005	107.651	9.1324	102.328	200
2006	107.76	9.07073	102.373	200
2007	105.13	8.9655	102.396	200
2008	106.685	8.88755	102.432	200
2009	106.526	8.80766	102.466	200
2010	102.58	8.66276	102.467	200
2011	102.721	8.5226	102.469	200
2012	107.557	8.46535	102.512	200
2013	108.349	8.42155	102.56	200
2014	108.395	8.37844	102.609	200
2015	108.447	8.3361	102.658	200
2016	103.77	8.21571	102.667	200
2017	109.363	8.19038	102.723	200
2018	109.162	8.16119	102.776	200
2019	109.13	8.13106	102.829	200
2020	113.155	8.16764	102.915	200
2021	113.023	8.19997	102.999	200
2022	110.471	8.18782	103.062	200
2023	109.487	8.15846	103.115	200
2024	119.254	8.29146	103.25	200
2025	109.528	8.2579	103.302	200
2026	109.387	8.22168	103.353	200
2027	97.9829	8.17415	103.308	200
2028	98.0515	8.12552	103.264	200
2029	93.7166	8.14922	103.185	200
2030	93.7493	8.17066	103.106	200
2031	94.2122	8.18271	103.032	200
2032	99.3889	8.10705	103.002	200
2033	106.399	8.02856	103.03	200
2034	108.962	7.99361	103.079	200
2035	103.755	7.87165	103.085	200
2036	103.747	7.7515	103.09	200
2037	106.234	7.67469	103.117	200
2038	116.021	7.76185	103.224	200
2039	115.994	7.84532	103.331	200
2040	116.534	7.93461	103.441	200
2041	124.841	8.15904	103.619	200
2042	120.38	8.30241	103.759	200
2043	125.395	8.52464	103.939	200
2044	130.59	8.82675	104.161	200
2045	130.486	9.11838	104.38	200
2046	130.537	9.40236	104.598	200
2047	105.368	9.25848	104.605	200
2048	108.509	9.16923	104.637	200
2049	108.722	9.08449	104.671	200
2050	104.485	8.9362	104.67	200
2051	104.373	8.7922	104.667	200
2052	108.342	8.70692	104.698	200
2053	115.577	8.74312	104.789	200
2054	126.57	8.96043	104.97	200
2055	126.386	9.16802	105.149	200
2056	132.618	9.47305	105.378	200
2057	116.289	9.49701	105.468	200
2058	116.212	9.5178	105.558	200
2059	115.904	9.5316	105.644	200
2060	116.148	9.54781	105.732	200
2061	115.664	9.55421	105.814	200
2062	115.293	9.55295	105.893	200
2063	120.144	9.63124	106.012	200
2064	113.706	9.60096	106.072	200
2065	115.395	9.59661	106.145	200
2066	115.325	9.59009	106.217	200
2067	115.464	9.58473	106.289	200
2068	109.971	9.4925	106.318	200
2069	119.693	9.55317	106.422	200
2070	119.68	9.61105	106.526	200
2071	119.193	9.6588	106.625	200
2072	122.109	9.74983	106.746	200
2073	121.678	9.83079	106.863	200
2074	116.224	9.82346	106.936	200
2075	120.755	9.8859	107.044	200
2076	125.902	10.0261	107.191	200
2077	125.967	10.1628	107.338	200
2078	129.652	10.3527	107.512	200
2079	127.181	10.4983	107.666	200
2080	132.821	10.7273	107.862	200
2081	132.669	10.9473	108.056	200
2082	132.638	11.1603	108.248	200
2083	128.304	11.2993	108.405	200
2084	121.333	11.3248	108.506	200
2085	120.6	11.3368	108.6	200
2086	120.624	11.3475	108.694	200
2087	125.187	11.4333	108.832	200.298
2088	125.522	11.5209	108.971	201.138
2089	125.933	11.6181	109.122	202.067
2090	126.044	11.7128	109.273	202.975
2091	125.881	11.8069	109.433	203.888
2092	129.993	11.9752	109.631	205.433
2093	131.187	12.1749	109.855	207.254
2094	126.483	12.2676	110.028	208.169
2095	126.684	12.3673	110.218	209.156
2096	126.149	12.4483	110.399	209.985
2097	121.928	12.4254	110.543	209.946
2098	126.163	12.5052	110.738	210.78
2099	125.961	12.5807	110.949	211.595
2100	125.985	12.6489	111.158	212.35
2101	109.875	12.2937	111.138	209.488
2102	110.007	11.9449	111.121	206.68
2103	109.727	11.6152	111.099	204.02
2104	103.122	11.5015	110.974	202.986
2105	107.98	11.2357	110.927	200.813
2106	107.97	10.977	110.881	200
2107	104.047	10.8475	110.774	200
2108	100.666	10.8244	110.616	200
2109	100.871	10.7907	110.464	200
2110	96.997	10.8743	110.254	200
2111	100.807	10.8297	110.106	200
2112	100.189	10.8012	109.951	200
2113	100.374	10.7629	109.801	200
2114	100.378	10.7211	109.654	200
2115	100.413	10.68	109.526	200
2116	100.644	10.63	109.403	200
2117	110.471	10.3644	109.417	200
2118	78.9684	10.9223	108.994	200
2119	78.8065	11.4575	108.575	200.235
2120	87.0033	11.7384	108.276	202.183
2121	82.1552	12.1379	107.913	205.016
2122	77.2864	12.6515	107.487	208.7
2123	78.6207	13.1019	107.087	211.902
2124	88.8826	13.2437	106.834	212.783
2125	93.1762	13.2551	106.644	212.685
2126	93.7756	13.2444	106.465	212.421
2127	93.1687	13.2459	106.281	212.247
2128	88.939	13.3596	106.04	212.917
2129	83.8662	13.6045	105.732	214.567
2130	90.2305	13.6571	105.516	214.774
2131	90.0921	13.7062	105.302	214.952
2132	90.2939	13.7424	105.094	215.033
2133	90.1281	13.7764	104.886	215.097
2134	93.797	13.7017	104.732	214.346
2135	102.703	13.3775	104.704	211.724
2136	90.9502	13.3879	104.513	211.616
2137	92.217	13.3576	104.342	211.203
2138	100.349	13.0975	104.286	209.066
2139	100.794	12.8307	104.238	206.883
2140	101.643	12.5464	104.202	204.573
2141	101.15	12.2826	104.16	202.421
2142	103.04	11.9725	104.144	200
2143	100.087	11.7527	104.088	200
2144	99.4339	11.5555	104.023	200
2145	99.5449	11.3589	103.961	200
2146	99.8179	11.1584	103.903	200
2147	103.952	10.8498	103.904	200
2148	97.6957	10.7209	103.818	200
2149	100.816	10.5065	103.776	200
2150	100.776	10.2979	103.734	200
2151	101.437	10.0757	103.702	200
2152	102.837	9.84544	103.692	200
2153	98.7333	9.72326	103.63	200
2154	83.6517	9.97963	103.38	200
2155	82.9773	10.2402	103.125	200
2156	87.1533	10.3835	102.925	200
2157	101.882	10.15	102.912	200
2158	101.606	9.92888	102.896	200
2159	101.067	9.72639	102.873	200
2160	103.753	9.50523	102.884	200
2161	92.1087	9.53698	102.749	200
2162	105.917	9.37774	102.789	200
2163	106.468	9.23528	102.835	200
2164	106.408	9.09374	102.88	200
2165	112.197	9.09933	102.996	200
2166	112.768	9.11614	103.118	200
2167	118.639	9.27627	103.312	200
2168	115.586	9.3512	103.466	200
2169	119.993	9.53062	103.672	200
2170	119.383	9.68513	103.869	200
2171	119.442	9.83235	104.063	200
2172	117.912	9.93275	104.236	200
2173	117.849	10.0247	104.407	200
2174	106.748	9.83267	104.436	200
2175	110.334	9.73431	104.51	200
2176	105.307	9.51089	104.52	200
2177	106.63	9.32587	104.546	200
2178	106.571	9.14336	104.571	200
2179	106.183	8.95508	104.591	200
2180	102.501	8.78346	104.565	200
2181	96.1004	8.77549	104.459	200
2182	92.457	8.85617	104.309	200
2183	105.593	8.66685	104.325	200
2184	110.145	8.59567	104.398	200
2185	104.886	8.39296	104.404	200
2186	101.154	8.2644	104.364	200
2187	105.172	8.07801	104.374	200
2188	105.175	7.89608	104.384	200
2189	100.845	7.78714	104.34	200
2190	100.861	7.67943	104.296	200
2191	100.829	7.57412	104.253	200
2192	104.923	7.40153	104.261	200
2193	105.214	7.25497	104.272	200
2194	105.652	7.12144	104.288	200
2195	88.3017	7.32291	104.106	200
2196	118.518	7.48402	104.27	200
2197	118.055	7.62723	104.426	200
2198	107.976	7.53456	104.467	200
2199	107.851	7.44023	104.505	200
2200	107.73	7.34442	104.542	200
2201	111.682	7.33978	104.623	200
2202	111.878	7.33786	104.705	200
2203	101.977	7.2331	104.674	200
2204	94.8876	7.29114	104.563	200
2205	108.056	7.20482	104.603	200
2206	107.217	7.10049	104.633	200
2207	106.088	6.97219	104.649	200
2208	100.536	6.90721	104.602	200
2209	100.88	6.83483	104.56	200
2210	100.81	6.76473	104.517	200
2211	101.123	6.68813	104.479	200
2212	105.576	6.56107	104.491	200
2213	104.688	6.41643	104.494	200
2214	104.911	6.28008	104.498	200
2215	104.914	6.14681	104.503	200
2216	111.139	6.15793	104.578	200
2217	110.72	6.15755	104.648	200
2218	92.9683	6.28305	104.516	200
2219	92.9429	6.40327	104.384	200
2220	109.537	6.37485	104.443	200
2221	110.655	6.37116	104.513	200
2222	110.849	6.37035	104.585	200
2223	106.862	6.27731	104.611	200
2224	109.497	6.2457	104.667	200
2225	106.04	6.13497	104.682	200
2226	98.8141	6.1289	104.615	200
2227	86.1303	6.40972	104.405	200
2228	86.1649	6.67861	104.198	200
2229	86.2898	6.93383	103.995	200
2230	83.1008	7.2511	103.757	200
2231	84.3194	7.52807	103.536	200
2232	84.209	7.79623	103.317	200
2233	83.9531	8.05913	103.097	200
2234	79.6509	8.40882	102.83	200
2235	79.1966	8.75484	102.562	200
2236	79.38	9.08272	102.298	200
2237	79.6902	9.36449	102.063	200
2238	82.7796	9.57113	101.862	200
2239	111.571	9.574	101.963	200
2240	112.323	9.59038	102.071	200
2241	113.848	9.63593	102.194	200
2242	114.831	9.69847	102.325	200
2243	79.3135	9.97583	102.086	200
2244	84.3529	10.1374	101.901	200
2245	84.695	10.2847	101.722	200
2246	88.7941	10.3397	101.587	200
2247	104.017	10.1749	101.612	200
2248	104.157	10.016	101.639	200
2249	104.377	9.86436	101.667	200
2250	99.2733	9.70873	101.642	200
2251	102.009	9.5141	101.646	200
2252	101.794	9.31896	101.648	200
2253	100.379	9.15125	101.634	200
2254	98.7978	9.01969	101.605	200
2255	98.9118	8.88789	101.577	200
2256	98.9354	8.75775	101.549	200
2257	98.9153	8.63017	101.522	200
2258	96.2431	8.56035	101.467	200
2259	101.464	8.38208	101.467	200
2260	101.678	8.21185	101.469	200
2261	101.941	8.05061	101.474	200
2262	98.6302	7.94213	101.444	200
2263	112.676	8.01066	101.561	200
2264	112.064	8.06257	101.671	200
2265	104.611	7.95585	101.701	200
2266	109.725	7.95726	101.785	200
2267	106.522	7.89017	101.834	200
2268	113.406	7.96687	101.955	200
2269	115.047	8.07365	102.091	200
2270	110.771	8.08628	102.182	200
2271	99.998	7.96331	102.159	200
2272	103.503	7.8254	102.173	200
2273	103.454	7.68906	102.186	200
2274	103.515	7.55656	102.2	200
2275	117.118	7.70993	102.355	200
2276	122	7.95855	102.56	200
2277	127.324	8.30867	102.818	200
2278	127.821	8.65646	103.078	200
2279	127.835	8.99188	103.336	200
2280	136.084	9.48679	103.678	200
2281	136.221	9.96714	104.016	200
2282	137.099	10.4487	104.361	200
2283	148.434	11.1492	104.82	200
2284	148.258	11.8219	105.273	200
2285	148.322	12.4725	105.721	205.501
2286	147.79	13.0416	106.126	210.459
2287	147.925	13.5947	106.528	215.285
2288	109.799	13.3961	106.559	213.728
2289	109.548	13.196	106.588	212.156
2290	122.065	13.2399	106.737	212.655
2291	116.169	13.1666	106.827	212.16
2292	116.427	13.098	106.92	211.704
2293	103.556	12.9108	106.887	210.174
2294	104.226	12.7137	106.862	208.571
2295	104.29	12.5187	106.837	206.986
2296	108.238	12.3049	106.85	205.29
2297	104.667	12.1103	106.829	203.711
2298	104.559	11.921	106.808	202.176
2299	104.707	11.7322	106.787	200.645
2300	118.397	11.7298	106.899	200.737
2301	114.722	11.6547	106.974	200.212
2302	111.987	11.527	107.022	200
2303	112.135	11.4036	107.072	200
2304	112.632	11.2912	107.125	200
2305	105.246	11.1102	107.107	200
2306	105.721	10.9232	107.094	200
2307	106.425	10.726	107.087	200
2308	103.94	10.5803	107.057	200
2309	104.54	10.4252	107.033	200
2310	110.834	10.2978	107.069	200
2311	111.38	10.1827	107.111	200
2312	112.25	10.0857	107.16	200
2313	114.078	10.0247	107.227	200
2314	102.802	9.91705	107.184	200
2315	105.499	9.75875	107.168	200
2316	99.7532	9.71367	107.097	200
2317	100.265	9.65825	107.031	200
2318	102.863	9.55266	106.991	200
2319	103.827	9.4298	106.96	200
2320	145.224	9.98428	107.328	200
2321	147.228	10.5596	107.712	200
2322	137.085	10.9214	107.994	200
2323	137.634	11.2813	108.279	200
2324	138.002	11.636	108.565	201.653
2325	137.679	11.9721	108.845	204.622
2326	110.103	11.766	108.857	202.985
2327	109.295	11.5482	108.861	201.247
2328	114.322	11.4311	108.914	200.363
2329	115.291	11.3339	108.975	200
2330	117.16	11.2733	109.054	200
2331	116.271	11.1953	109.123	200
2332	118.479	11.16	109.213	200
2333	116.855	11.0923	109.287	200
2334	115.001	10.9889	109.342	200
2335	114.594	10.8785	109.392	200
2336	110.511	10.6908	109.403	200
2337	110.963	10.5153	109.418	200
2338	112.586	10.374	109.448	200
2339	111.985	10.234	109.471	200
2340	109.979	10.0603	109.476	200
2341	112.244	9.93012	109.5	200
2342	117.452	9.89478	109.571	200
2343	113.268	9.7841	109.604	200
2344	112.845	9.66726	109.633	200
2345	111.262	9.52372	109.648	200
2346	112.352	9.40194	109.672	200
2347	92.0859	9.54809	109.515	200
2348	90.7931	9.72451	109.335	200
2349	92.4167	9.86285	109.172	200
2350	93.2154	9.9898	109.006	200
2351	94.034	10.0936	108.85	200
2352	95.971	10.1569	108.704	200
2353	113.664	10.0388	108.76	200
2354	113.978	9.91827	108.825	200
2355	111.393	9.73451	108.857	200
2356	110.281	9.50364	108.877	200
2357	110.102	9.27368	108.894	200
2358	111.431	9.06314	108.934	200
2359	110.906	8.84153	108.965	200
2360	113.615	8.69184	109.048	200
2361	122.262	8.85334	109.284	200
2362	122.215	8.99898	109.515	200
2363	121.454	9.10399	109.728	200
2364	120.781	9.1736	109.925	200
2365	119.288	9.18036	110.092	200
2366	121.528	9.26091	110.297	200
2367	121.39	9.32636	110.495	200
2368	121.37	9.38167	110.689	200
2369	120.977	9.41405	110.873	200
2370	118.812	9.36139	111.014	200
2371	108.367	9.12162	110.967	200
2372	109.284	8.85597	110.937	200
2373	108.367	8.63147	110.891	200
2374	108.815	8.39734	110.854	200
2375	90.2333	8.77932	110.532	200
2376	88.8513	9.18248	110.193	200
2377	89.655	9.53734	109.872	200
2378	89.117	9.93798	109.502	200
2379	96.6419	10.0423	109.272	200
2380	99.8006	10.0185	109.075	200
2381	98.5326	10.0403	108.855	200
2382	98.968	10.0327	108.608	200
2383	101.821	9.87037	108.438	200
2384	101.239	9.70345	108.213	200
2385	109.244	9.16142	108.245	200
2386	107.434	8.63951	108.22	200
2387	106.246	8.22292	108.158	200
2388	106.66	7.80261	108.112	200
2389	104.693	7.5286	108.005	200
2390	105.02	7.24463	107.911	200
2391	77.3892	8.69948	106.958	200
2392	81.5523	9.74359	106.164	200
2393	62.6885	11.8518	104.805	200
2394	73.2202	13.0851	103.818	208.499
2395	72.726	13.9855	103.041	214.925
2396	74.246	14.7259	102.321	220.128
2397	75.4118	15.3351	101.648	224.329
2398	74.7658	15.9124	100.976	228.276
2399	74.502	16.4405	100.314	231.838
2400	102.338	15.7197	100.365	226.122
2401	84.6389	15.72	99.9717	225.732
2402	71.8356	16.3408	99.2683	229.995
2403	63.2226	17.3261	98.3671	236.976
2404	64.9629	18.13	97.532	242.572
2405	65.2636	18.8369	96.7253	247.42
2406	67.9803	19.3323	96.0067	250.665
2407	67.2302	19.8045	95.2873	253.723
2408	67.8949	20.1839	94.6025	256.074
2409	67.9082	20.5094	93.9351	258.01
2410	71.1074	20.6253	93.3644	258.367
2411	92.6113	19.6317	93.3456	250.399
2412	91.7054	18.7321	93.3046	243.162
2413	89.9988	17.9608	93.2219	236.908
2414	97.3127	17.2673	93.3242	231.463
2415	100.78	16.7767	93.5106	227.725
2416	100.755	16.3796	93.6615	224.698
2417	96.786	15.8273	93.7266	220.345
2418	95.5885	15.2454	93.7654	215.729
2419	95.0171	14.6623	93.7915	211.09
2420	98.3093	14.2396	93.8856	207.803
2421	94.6499	13.6782	93.9015	203.327
2422	79.931	13.6903	93.6105	203.133
2423	80.2115	13.6782	93.3313	202.757
2424	80.75	13.6325	93.0692	202.129
2425	72.4423	13.9239	92.6395	204.031
2426	69.77	14.2967	92.1631	206.536
2427	70.5421	14.6018	91.7126	208.527
2428	71.071	14.8535	91.2826	210.111
2429	71.1191	15.0747	90.8625	211.46
2430	72.4919	15.2121	90.4798	212.176
2431	74.8487	15.2295	90.1541	211.99
2432	81.7202	14.9464	89.9784	209.549
2433	79.9982	14.7395	89.7705	207.686
2434	77.5984	14.6325	89.5169	206.577
2435	86.8383	14.1344	89.4611	202.536
2436	87.1561	13.6415	89.4131	200
2437	94.797	13.2974	89.5253	200
2438	96.0027	13.0133	89.6602	200
2439	96.5878	12.7597	89.8045	200
2440	98.1336	12.5751	89.9781	200
2441	99.2017	12.4554	90.1428	200
2442	101.185	12.4049	90.3399	200
2443	101.22	12.3505	90.5342	200
2444	104.203	12.3976	90.7783	200
2445	94.6492	12.093	90.8474	200
2446	93.8983	11.7701	90.9019	200
2447	83.6484	11.6088	90.7724	200
2448	83.0308	11.4707	90.6342	200
2449	90.8479	11.0687	90.638	200
2450	85.0904	10.8715	90.5389	200
2451	84.1875	10.71	90.4255	200
2452	83.6998	10.5677	90.3054	200
2453	82.6722	10.4629	90.1691	200
2454	84.1108	10.3056	90.0609	200
2455	83.3664	10.1767	89.9413	200
2456	81.8074	10.1037	89.7961	200
2457	81.7998	10.0284	89.6533	200
2458	77.4693	10.1054	89.4357	200
2459	77.497	10.1709	89.2225	200
2460	100.676	10.2167	89.4271	200
2461	100.862	10.2602	89.6313	200
2462	92.575	9.99892	89.6838	200
2463	84.4139	9.83002	89.5897	200
2464	90.262	9.50296	89.6017	200
2465	94.4712	9.33748	89.6887	200
2466	94.7298	9.18403	89.7787	200
2467	94.82	9.03608	89.8687	200
2468	94.5548	8.88072	89.9524	200
2469	95.5897	8.76488	90.0531	200
2470	94.8816	8.64187	90.1285	200
2471	94.7439	8.51604	90.2006	200
2472	94.1288	8.37267	90.262	200
2473	94.0095	8.22814	90.3206	200
2474	94.4948	8.10145	90.3858	200
2475	77.304	8.25708	90.1814	200
2476	77.3902	8.39877	89.9815	200
2477	77.8329	8.51596	89.7917	200
2478	77.5206	8.6333	89.6	200
2479	74.7528	8.82748	89.368	200
2480	70.8479	9.13038	89.0786	200
2481	76.2329	9.24648	88.8779	200
2482	77.2847	9.31982	88.6967	200
2483	81.7595	9.24536	88.5883	200
2484	82.1753	9.15685	88.4881	200
2485	83.1337	9.03802	88.4045	200
2486	83.6701	8.90353	88.3305	200
2487	84.2195	8.75377	88.2663	200
2488	84.2479	8.60579	88.2035	200
2489	83.8338	8.47341	88.1352	200
2490	100.482	8.59445	88.3281	200
2491	76.7212	8.68859	88.1468	200
2492	77.1475	8.7608	87.9749	200
2493	76.1715	8.85588	87.7905	200
2494	76.547	8.93049	87.6148	200
2495	71.5253	9.15421	87.3634	200
2496	72.1125	9.34473	87.1251	200
2497	66.9549	9.68303	86.8099	200
2498	67.535	9.98277	86.5088	200
2499	69.9965	10.1868	86.2508	200
2500	72.6613	10.2931	86.0384	200
2501	73.4575	10.3646	85.8418	200
2502	77.4605	10.3096	85.7254	200
2503	77.0598	10.2639	85.6051	200
2504	77.1623	10.2133	85.4878	200
2505	76.9505	10.1667	85.3692	200
2506	77.5176	10.1024	85.2602	200
2507	61.3614	10.4857	84.9283	200
2508	61.8606	10.8352	84.6079	200
2509	61.2568	11.1828	84.2836	200
2510	60.9433	11.5205	83.9594	200
2511	61.9927	11.8107	83.6543	200
2512	61.94	12.0858	83.3527	200
2513	63.8211	12.2926	83.0814	200
2514	68.0991	12.3673	82.8733	200
2515	69.8391	12.3859	82.6923	200
2516	86.1246	12.1372	82.74	200
2517	85.33	11.872	82.776	200
2518	85.8998	11.629	82.8193	200
2519	87.3591	11.432	82.8824	200
2520	85.5735	11.1892	82.9198	200
2521	85.967	10.9631	82.9621	200
2522	86.2891	10.751	83.0083	200
2523	86.8807	10.5599	83.0621	200
2524	88.4389	10.4159	83.1368	200
2525	87.4481	10.2463	83.1966	200
2526	78.7525	10.0852	83.1349	200
2527	78.7815	9.92595	83.0745	200
2528	79.5399	9.74841	83.0254	200
2529	78.5422	9.60215	82.9631	200
2530	79.9673	9.41864	82.9215	200
2531	77.6252	9.30413	82.8479	200
2532	73.5312	9.30448	82.7185	200
2533	71.6379	9.35381	82.5646	200
2534	57.8567	9.78031	82.2215	200
2535	54.8438	10.2691	81.8412	200
2536	53.9126	10.7597	81.4533	200
2537	53.6982	11.2318	81.0678	200
2538	55.9916	11.6163	80.7196	200
2539	67.0154	11.6685	80.5483	200
2540	68.6838	11.6734	80.3999	200
2541	83.3216	11.4546	80.4365	200
2542	82.6848	11.2245	80.4646	200
2543	80.6329	10.9481	80.4667	200
2544	81.4061	10.6979	80.4784	200
2545	62.5255	10.8792	80.254	200
2546	67.8124	10.9183	80.0985	200
2547	68.2883	10.9406	79.9509	200
2548	67.9808	10.9663	79.8012	200
2549	72.8623	10.8656	79.7145	200
2550	78.6542	10.6205	79.7012	200
2551	82.2982	10.4199	79.7337	200
2552	80.3304	10.1743	79.7412	200
2553	70.8792	10.1415	79.6304	200
2554	71.8738	10.0819	79.5334	200
2555	74.264	9.96159	79.4676	200
2556	79.4445	9.71312	79.4673	200
2557	84.813	9.60394	79.5341	200
2558	85.4623	9.51205	79.6082	200
2559	71.848	9.46825	79.5112	200
2560	69.9656	9.47018	79.3919	200
2561	87.1929	9.42845	79.4894	200
2562	87.1858	9.38515	79.5856	200
2563	87.3073	9.34357	79.6821	200
2564	86.481	9.27995	79.7671	200
2565	102.475	9.61566	80.0509	200
2566	101.422	9.90954	80.3181	200
2567	101.19	10.1836	80.579	200
2568	101.363	10.4486	80.8388	200
2569	96.7819	10.586	81.0381	200
2570	89.9039	10.543	81.1489	200
2571	86.3913	10.4105	81.2144	200
2572	88.0705	10.3216	81.3001	200
2573	89.2924	10.2634	81.4	200
2574	90.9629	10.2459	81.5196	200
2575	93.1456	10.2804	81.6649	200
2576	95.4314	10.3675	81.837	200
2577	90.1236	10.3155	81.9406	200
2578	89.5196	10.2471	82.0353	200
2579	90.8092	10.2102	82.145	200
2580	90.6636	10.1718	82.2418	200
2581	90.6497	10.1317	82.3373	200
2582	63.1238	10.3381	82.119	200
2583	63.794	10.5196	81.9107	200
2584	65.2033	10.6603	81.7209	200
2585	65.8345	10.779	81.5404	200
2586	60.3652	11.0153	81.2997	200
2587	59.5249	11.2599	81.0523	200
2588	59.2767	11.4988	80.8048	200
2589	60.9141	11.6896	80.5788	200
2590	59.2014	11.9097	80.3359	200
2591	59.2518	12.1183	80.0963	200
2592	60.4708	12.2889	79.8733	200
2593	59.2327	12.4787	79.6387	200
2594	57.9324	12.6884	79.392	200
2595	55.3436	12.9466	79.1188	200
2596	54.9164	13.2024	78.8437	200
2597	73.8906	13.0149	78.7875	200
2598	72.3758	12.8648	78.7146	200
2599	73.0815	12.7005	78.6506	200
2600	71.8973	12.5653	78.5738	200
2601	74.3329	12.3761	78.5256	200
2602	75.2953	12.1683	78.4889	200
2603	82.9001	11.992	78.5391	200
2604	81.0423	11.7763	78.5675	200
2605	82.6963	11.6025	78.6144	200
2606	90.2062	11.6023	78.7461	200
2607	92.5024	11.6512	78.9025	200
2608	85.4699	11.5357	78.9771	200
2609	81.9493	11.3411	79.0109	200
2610	81.8838	11.1486	79.0435	200
2611	80.7058	10.933	79.0624	200
2612	80.7839	10.7236	79.082	200
2613	81.0855	10.5255	79.1047	200
2614	78.8505	10.292	79.1018	200
2615	78.9176	10.0623	79.0998	200
2616	79.0366	9.83504	79.099	200
2617	81.0997	9.65699	79.1218	200
2618	77.0988	9.48349	79.0988	200
2619	72.6746	9.41396	79.0258	200
2620	73.1536	9.33346	78.959	200
2621	79.2625	9.12823	78.9625	200
2622	79.4861	8.93267	78.9684	200
2623	77.5025	8.76297	78.9518	200
2624	78.2573	8.5796	78.9439	200
2625	80.7735	8.43897	78.963	200
2626	81.373	8.31337	78.9881	200
2627	77.836	8.16418	78.9761	200
2628	75.6166	8.06408	78.9411	200
2629	80.0317	7.9188	78.9524	200
2630	76.6298	7.80221	78.9282	200
2631	74.1353	7.73952	78.8783	200
2632	74.4767	7.66998	78.8324	200
2633	74.4115	7.60229	78.7864	200
2634	73.9417	7.54484	78.7359	200
2635	74.0394	7.4855	78.687	200
2636	74.7327	7.41193	78.6458	200
2637	74.688	7.33997	78.6046	200
2638	76.019	7.24092	78.5777	200
2639	79.7514	7.11452	78.5899	200
2640	77.9613	6.9794	78.5833	200
2641	78.1705	6.84259	78.579	200
2642	74.315	6.78887	78.5346	200
2643	73.4419	6.75354	78.4816	200
2644	73.5109	6.71639	78.4298	200
2645	74.5686	6.65691	78.3896	200
2646	75.4146	6.5802	78.3586	200
2647	75.3883	6.50499	78.3276	200
2648	76.0883	6.41613	78.3043	200
2649	76.4293	6.32152	78.2848	200
2650	95.2853	6.544	78.4619	200
2651	96.0103	6.77325	78.6447	200
2652	96.6282	7.0068	78.832	200
2653	82.9879	6.94741	78.8753	200
2654	84.4946	6.91974	78.9338	200
2655	82.0281	6.84004	78.966	200
2656	83.0562	6.78275	79.0086	200
2657	88.965	6.84887	79.1124	200
2658	89.3673	6.91983	79.2192	200
2659	89.0183	6.97981	79.3213	200
2660	88.6682	7.02913	79.4186	200
2661	89.6888	7.09665	79.5256	200
2662	88.91	7.14431	79.6234	200
2663	92.8941	7.27194	79.7616	200
2664	95.5148	7.44864	79.9257	200
2665	97.0284	7.64976	80.1038	200
2666	90.8415	7.71409	80.2157	200
2667	91.0053	7.77817	80.3281	200
2668	84.7548	7.70834	80.3742	200
2669	84.1185	7.62576	80.4132	200
2670	83.5692	7.53264	80.4461	200
2671	83.4073	7.4374	80.4769	200
2672	83.61	7.34772	80.5095	200
2673	86.0127	7.3093	80.5669	200
2674	82.8277	7.21221	80.5886	200
2675	70.7166	7.26336	80.4937	200
2676	73.2328	7.26331	80.4239	200
2677	72.2012	7.28176	80.3448	200
2678	75.9985	7.22531	80.303	200
2679	76.4055	7.16131	80.2655	200
2680	76.6109	7.09387	80.2304	200
2681	75.4474	7.04943	80.1844	200
2682	69.4993	7.11935	80.0817	200
2683	70.521	7.1663	79.9897	200
2684	70.8309	7.20462	79.9017	200
2685	71.0796	7.23572	79.8168	200
2686	69.5181	7.29463	79.7178	200
2687	69.1312	7.35793	79.616	200
2688	61.1917	7.57075	79.4389	200
2689	58.2884	7.8319	79.2355	200
2690	92.5643	7.9376	79.3637	200
2691	81.8717	7.83319	79.3878	200
2692	83.7384	7.76622	79.4296	200
2693	83.4751	7.69466	79.4685	200
2694	82.8151	7.61105	79.5007	200
2695	82.1687	7.51599	79.5263	200
2696	84.2561	7.46241	79.5718	200
2697	84.3198	7.41021	79.6175	200
2698	88.734	7.44302	79.7051	200
2699	90.0789	7.49938	79.8049	200
2700	89.2904	7.53757	79.8961	200
2701	84.6875	7.48476	79.9421	200
2702	81.4515	7.36985	79.9567	200
2703	82.3612	7.27436	79.9798	200
2704	79.0342	7.15266	79.9707	200
2705	79.8035	7.01832	79.9691	200
2706	80.4177	6.89198	79.9734	200
2707	85.2855	6.8616	80.0245	200
2708	86.4805	6.8538	80.0865	200
2709	86.4968	6.84527	80.1482	200
2710	88.7035	6.87815	80.2304	200
2711	91.026	6.95349	80.3342	200
2712	93.7255	7.07729	80.463	200
2713	95.2561	7.22567	80.6052	200
2714	94.7077	7.35792	80.7408	200
2715	94.9994	7.49062	80.8779	200
2716	80.552	7.35284	80.8748	200
2717	79.932	7.22957	80.8658	200
2718	87.4379	7.21692	80.9289	200
2719	87.488	7.20427	80.992	200
2720	88.0788	7.20201	81.0602	200
2721	88.7277	7.21096	81.1339	200
2722	87.5029	7.19477	81.1951	200
2723	87.1128	7.17021	81.252	200
2724	89.8117	7.19693	81.3343	200
2725	90.5206	7.23519	81.4227	200
2726	92.5571	7.31018	81.5297	200
2727	93.7908	7.39858	81.6392	200
2728	84.1372	7.31107	81.6615	200
2729	84.125	7.22451	81.6835	200
2730	84.8422	7.15191	81.7117	200
2731	85.9881	7.10056	81.7499	200
2732	93.8306	7.18949	81.8577	200
2733	96.9942	7.3314	81.9929	200
2734	92.0691	7.38041	82.0828	200
2735	103.015	7.6224	82.2697	200
2736	103.456	7.86462	82.4589	200
2737	103.17	8.09401	82.6438	200
2738	100.257	8.26399	82.8011	200
2739	98.7721	8.40162	82.9437	200
2740	103.496	8.61858	83.1272	200
2741	104.363	8.84389	83.3168	200
2742	108.075	9.12808	83.5378	200
2743	103.846	9.32772	83.7192	200
2744	129.427	9.97738	84.1273	200
2745	120.488	10.4485	84.4519	200
2746	121.035	10.9152	84.7785	200
2747	120.431	11.3569	85.0969	200
2748	123.138	11.8334	85.4365	200
2749	122.301	12.2804	85.7657	200
2750	122.474	12.7166	86.0934	200
2751	113.744	12.9833	86.3403	200
2752	113.002	13.2276	86.5784	200
2753	111.771	13.4577	86.8206	200
2754	112.326	13.6894	87.0658	200
2755	112.026	13.9242	87.3258	200
2756	111.396	14.1355	87.5766	200.661
2757	112.892	14.3896	87.8642	202.981
2758	112.412	14.6205	88.1432	205.107
2759	114.017	14.9018	88.4666	207.681
2760	115.581	15.2071	88.8055	210.463
2761	116.979	15.5673	89.1968	213.735
2762	117.103	15.91	89.5844	216.865
2763	119.652	16.3525	90.0542	220.874
2764	118.325	16.7249	90.496	224.295
2765	117.266	17.0837	90.974	227.643
2766	120.065	17.5125	91.4935	231.593
2767	121.993	17.9763	92.0381	235.849
2768	116.267	18.1996	92.4708	238.068
2769	116.519	18.4085	92.9002	240.168
2770	123.947	18.8599	93.4546	244.334
2771	121.907	19.2025	93.9627	247.582
2772	120.792	19.4748	94.4418	250.241
2773	121.002	19.7279	94.9161	252.739
2774	121.378	19.9684	95.3886	255.136
2775	123.766	20.2687	95.8953	258.045
2776	121.777	20.4441	96.2997	259.853
2777	122.155	20.6132	96.7037	261.609
2778	122.012	20.7599	97.0992	263.179
2779	121.951	20.8878	97.4875	264.59
2780	106.255	20.509	97.6245	261.697
2781	107.964	20.1913	97.786	259.316
2782	106.115	19.8206	97.9162	256.481
2783	107.827	19.5109	98.071	254.158
2784	110.606	19.2929	98.2669	252.61
2785	101.134	18.7062	98.3181	247.968
2786	102.954	18.2037	98.4008	244.03
2787	98.5917	17.4532	98.4048	238.03
2788	100.485	16.8126	98.4482	232.949
2789	100.309	16.065	98.4947	227.015
2790	98.8753	15.2808	98.5042	220.751
2791	100.714	14.4639	98.5732	214.284
2792	100.661	13.6904	98.6385	208.161
2793	100.419	12.946	98.6941	202.262
2794	100.605	12.2563	98.7538	200
2795	117.365	12.6535	99.3354	200.563
2796	99.7269	11.8871	99.3477	200
2797	95.0792	11.4109	99.2143	200
2798	95.1104	10.9542	99.086	200
2799	92.691	10.6693	98.8862	200
2800	100.798	10.2314	98.934	200
2801	100.766	9.81144	98.9798	200
2802	101.489	9.44633	99.0425	200
2803	101.352	9.08946	99.1002	200
2804	100.61	8.71046	99.138	200
2805	95.1217	8.47575	99.0376	200
2806	95.9477	8.20646	98.9603	200
2807	95.8425	7.95203	98.8824	200
2808	111.869	8.20376	99.207	200
2809	114.294	8.5479	99.5842	200
2810	94.8969	8.35487	99.467	200
2811	94.1365	8.20365	99.3338	200
2812	93.9615	8.06208	99.1994	200
2813	100.546	7.72629	99.2331	200
2814	107.486	7.7526	99.4394	200
2815	103.785	7.53965	99.5752	200
2816	103.543	7.31642	99.6992	200
2817	103.637	7.03484	99.8633	200
2818	92.1844	7.08851	99.5433	200
2819	91.2277	7.19076	99.1968	200
2820	97.4107	6.74038	99.1224	200
2821	59.8238	9.45356	97.485	200
2822	61.4898	11.6654	95.9852	200
2823	63.31	13.4162	94.6237	201.953
2824	50.0257	16.0147	92.7655	220.883
2825	49.924	18.2502	90.9804	236.982
2826	57.5407	19.516	89.5871	245.715
2827	53.3601	20.9086	88.0776	255.346
2828	54.3549	21.9764	86.6725	262.484
2829	52.5413	22.7361	85.6059	267.495
2830	57.4814	23.0729	84.727	269.31
2831	64.447	22.8983	84.0933	267.28
2832	63.7287	22.74	83.4569	265.377
2833	59.0675	22.8431	82.6947	265.439
2834	59.1629	22.8861	81.9593	265.048
2835	59.6813	22.8481	81.2631	264.048
2836	61.0941	22.6807	80.6329	262.078
2837	61.5017	22.4588	80.035	259.705
2838	54.1685	22.6718	79.2267	260.601
2839	50.06	23.0777	78.3152	262.937
2840	50.0218	23.4037	77.431	264.661
2841	49.7864	23.6688	76.5672	265.917
2842	50.0353	23.8477	75.738	266.52
2843	49.7822	23.9795	74.9269	266.763
2844	52.1085	23.9069	74.2138	265.469
2845	52.8712	23.7466	73.5469	263.52
2846	52.6567	23.6038	73.0246	261.855
2847	53.3966	23.405	72.5339	259.774
2848	57.8851	22.9672	72.1677	255.905
2849	59.4987	22.4523	71.851	251.469
2850	51.9881	22.3228	71.3544	249.937
2851	53.2013	22.1143	70.9006	247.815
2852	54.7003	21.8186	70.4956	245.045
2853	52.384	21.6333	70.0428	243.109
2854	53.6099	21.3733	69.632	240.618
2855	54.9652	21.0379	69.2653	237.569
2856	55.6891	20.6649	68.9259	234.245
2857	59.0327	20.1263	68.6785	229.689
2858	61.77	19.4654	68.5058	224.229
2859	61.4454	18.8451	68.3293	219.09
2860	60.7185	18.2834	68.1391	214.406
2861	59.5646	17.798	67.9247	210.308
2862	61.4784	17.2304	67.7635	205.607
2863	62.2678	16.6436	67.6261	200.775
2864	63.1817	16.0337	67.515	200
2865	63.0305	15.4562	67.4029	200
2866	63.0983	14.8986	67.2953	200
2867	65.9754	14.3329	67.2678	200
2868	62.3935	13.9388	67.1663	200
2869	56.8884	13.7862	66.9521	200
2870	59.4525	13.5243	66.7959	200
2871	60.7824	13.2113	66.6706	200
2872	62.0535	12.8532	66.5744	200
2873	60.0372	12.5901	66.4382	200
2874	59.5955	12.3506	66.2957	200
2875	64.1654	11.9247	66.2513	200
2876	64.8448	11.4865	66.222	200
2877	67.587	11.0648	66.2504	200
2878	68.8322	10.7113	66.3042	200
2879	65.2767	10.3078	66.2828	200
2880	66.3517	9.88118	66.2842	200
2881	62.3594	9.633	66.2025	200
2882	62.0536	9.4045	66.116	200
2883	63.9751	9.10185	66.0714	200
2884	64.75	8.77766	66.0439	200
2885	62.8936	8.54319	65.9783	200
2886	66.129	8.1935	65.9814	200
2887	59.252	8.1325	65.8412	200
2888	58.8949	8.08307	65.6965	200
2889	56.6515	8.12315	65.5081	200
2890	56.3357	8.16687	65.317	200
2891	57.883	8.13633	65.1621	200
2892	57.5807	8.11651	65.0267	200
2893	56.5572	8.12912	64.8755	200
2894	59.3791	8.03509	64.7773	200
2895	58.764	7.96288	64.6699	200
2896	56.4477	7.97214	64.5231	200
2897	55.2171	8.01978	64.3569	200
2898	55.8733	8.03635	64.2054	200
2899	57.2792	7.9967	64.0818	200
2900	59.1724	7.88644	63.9941	200
2901	65.9361	7.67413	64.0288	200
2902	65.4653	7.45136	64.0544	200
2903	66.0984	7.25824	64.0909	200
2904	64.9396	7.02933	64.1061	200
2905	65.7554	6.83718	64.1355	200
2906	66.052	6.66144	64.1697	200
2907	67.0776	6.52739	64.2217	200
2908	62.614	6.35168	64.193	200
2909	64.9117	6.15051	64.2058	200
2910	64.0544	5.93625	64.2031	200
2911	63.6555	5.7438	64.1933	200
2912	65.0103	5.56784	64.2079	200
2913	59.3165	5.54368	64.1206	200
2914	59.1309	5.5239	64.0315	200
2915	59.5217	5.48768	63.9509	200
2916	63.1048	5.32191	63.9358	200
2917	61.99	5.20133	63.9011	200
2918	64.9412	5.05272	63.9196	200
2919	65.191	4.91767	63.9423	200
2920	67.0325	4.8524	63.9975	200
2921	67.0683	4.79673	64.0455	200
2922	68.1867	4.77624	64.1102	200
2923	63.061	4.65977	64.0938	200
2924	64.1391	4.51557	64.0945	200
2925	64.6144	4.3907	64.1026	200
2926	67.1631	4.34913	64.1505	200
2927	66.3897	4.2832	64.1854	200
2928	67.2306	4.24451	64.233	200
2929	70.5224	4.30841	64.3313	200
2930	64.7091	4.18558	64.3372	200
2931	62.6269	4.10823	64.3105	200
2932	63.4009	4.00827	64.2963	200
2933	61.4517	3.9719	64.2518	200
2934	61.6259	3.92984	64.2108	200
2935	64.6159	3.81969	64.2171	200
2936	65.9197	3.75353	64.2437	200
2937	68.6878	3.77511	64.3132	200
2938	68.1256	3.77628	64.3727	200
2939	77.9109	4.08134	64.5843	200
2940	75.8787	4.30675	64.7607	200
2941	76.117	4.52704	64.9382	200
2942	75.6516	4.72037	65.1056	200
2943	74.291	4.8599	65.2491	200
2944	75.8801	5.04025	65.4152	200
2945	71.6185	5.07659	65.5121	200
2946	70.5782	5.07626	65.5913	200
2947	81.0154	5.39963	65.8323	200
2948	80.5254	5.69005	66.0619	200
2949	81.2435	5.98667	66.2991	200
2950	81.8799	6.28648	66.5425	200
2951	77.2314	6.42406	66.7095	200
2952	76.69	6.53519	66.8655	200
2953	79.9316	6.73928	67.0696	200
2954	77.6769	6.84673	67.217	200
2955	74.9137	6.87033	67.3239	200
2956	62.5138	6.8131	67.2571	200
2957	68.7489	6.66529	67.2778	200
2958	69.0004	6.52799	67.3017	200
2959	66.9413	6.35667	67.2967	200
2960	67.5987	6.18849	67.3009	200
2961	69.6797	6.08266	67.3339	200
2962	72.3053	6.05179	67.403	200
2963	76.114	6.12566	67.524	200
2964	66.1598	5.99339	67.505	200
2965	69.3362	5.87777	67.5304	200
2966	67.6229	5.71707	67.5317	200
2967	68.5007	5.58518	67.5452	200
2968	69.1273	5.47398	67.5672	200
2969	69.1793	5.3667	67.5896	200
2970	66.4845	5.24833	67.5742	200
2971	67.2545	5.11142	67.5698	200
2972	75.264	5.18316	67.6766	200
2973	79.3057	5.36221	67.8381	200
2974	72.7314	5.34919	67.9061	200
2975	73.8729	5.36634	67.989	200
2976	75.7206	5.43204	68.0964	200
2977	74.9249	5.47084	68.1912	200
2978	74.9589	5.50686	68.2852	200
2979	75.5077	5.55452	68.3855	200
2980	72.5339	5.51546	68.4431	200
2981	77.983	5.62724	68.5756	200
2982	76.4916	5.69082	68.6856	200
2983	73.2722	5.66014	68.7493	200
2984	74.5713	5.66464	68.8301	200
2985	72.4099	5.60673	68.8798	200
2986	73.0115	5.56575	68.9372	200
2987	74.2409	5.55847	69.0109	200
2988	74.6307	5.56018	69.0889	200
2989	79.0905	5.68355	69.2278	200
2990	79.7634	5.81832	69.3742	200
2991	72.8455	5.75965	69.4176	200
2992	73.3088	5.71294	69.4662	200
2993	81.252	5.86476	69.6135	200
2994	82.5067	6.04047	69.7747	200
2995	80.0116	6.14538	69.9027	200
2996	83.8974	6.34161	70.0776	200
2997	84.4024	6.5412	70.2566	200
2998	80.1515	6.62503	70.3803	200
2999	79.8777	6.69684	70.499	200
3000	77.5844	6.70655	70.5876	200
3001	80.5197	6.78719	70.7118	200
3002	81.294	6.88207	70.844	200
3003	81.7574	6.98285	70.9805	200
3004	82.7346	7.10213	71.1274	200
3005	84.7759	7.26579	71.298	200
3006	83.4577	7.38814	71.45	200
3007	83.2121	7.49749	71.597	200
3008	80.2083	7.52533	71.7047	200
3009	80.6076	7.55977	71.8159	200
3010	83.8103	7.67064	71.9659	200
3011	84.7909	7.7995	72.1262	200
3012	80.9561	7.82526	72.2366	200
3013	74.2936	7.68105	72.2623	200
3014	62.1679	7.74138	72.1361	200
3015	62.856	7.77985	72.0201	200
3016	60.1241	7.88275	71.8714	200
3017	60.1878	7.97777	71.7253	200
3018	60.3272	8.06328	71.5829	200
3019	60.9612	8.12724	71.4501	200
3020	61.2835	8.17822	71.323	200
3021	60.9639	8.23274	71.1935	200
3022	60.6856	8.28962	71.0622	200
3023	58.6292	8.39321	70.9068	200
3024	59.8671	8.45937	70.7688	200
3025	57.8767	8.57019	70.6076	200
3026	59.2841	8.63902	70.4661	200
3027	60.8891	8.66247	70.3464	200
3028	59.0309	8.72879	70.2049	200
3029	58.72	8.79769	70.0614	200
3030	57.3347	8.89592	69.9023	200
3031	58.0194	8.97059	69.7537	200
3032	55.7697	9.08453	69.5948	200
3033	55.6056	9.196	69.4359	200
3034	52.2497	9.37759	69.2406	200
3035	53.3686	9.52519	69.0602	200
3036	57.1483	9.57944	68.9248	200
3037	56.7538	9.63834	68.7865	200
3038	55.5218	9.72075	68.6358	200
3039	54.3929	9.82353	68.4739	200
3040	54.4936	9.918	68.3151	200
3041	55.4144	9.98579	68.1685	200
3042	53.1168	10.1009	67.9974	200
3043	53.897	10.1918	67.8372	200
3044	54.6098	10.2608	67.6869	200
3045	57.0669	10.269	67.5662	200
3046	56.185	10.2942	67.4369	200
3047	56.3332	10.3126	67.3107	200
3048	55.4581	10.3476	67.176	200
3049	56.4248	10.3568	67.0538	200
3050	56.2808	10.3663	66.9314	200
3051	55.2404	10.3964	66.7985	200
3052	58.5085	10.3485	66.7043	200
3053	58.9846	10.2888	66.6166	200
3054	61.804	10.1643	66.5619	200
3055	62.5305	10.0249	66.5161	200
3056	61.8172	9.90387	66.4627	200
3057	61.1391	9.79978	66.4022	200
3058	63.8275	9.63557	66.373	200
3059	63.4046	9.48404	66.3392	200
3060	63.9879	9.32193	66.3125	200
3061	67.7303	9.1423	66.3286	200
3062	71.0546	9.04192	66.3823	200
3063	61.5126	8.9471	66.327	200
3064	61.4874	8.85375	66.272	200
3065	61.2117	8.76753	66.2145	200
3066	63.9861	8.61892	66.1892	200
3067	62.0973	8.51603	66.1427	200
3068	63.5703	8.38095	66.1134	200
3069	62.0867	8.28199	66.0677	200
3070	62.8125	8.16774	66.0307	200
3071	62.1283	8.0708	65.9863	200
3072	62.8942	7.95765	65.9512	200
3073	62.8027	7.84835	65.9154	200
3074	60.6202	7.79032	65.8552	200
3075	60.6021	7.73266	65.7956	200
3076	62.2493	7.63751	65.7553	200
3077	60.8726	7.58012	65.7044	200
3078	62.8759	7.48112	65.6749	200
3079	65.7673	7.32719	65.6759	200
3080	66.7296	7.19649	65.6869	200
3081	64.6051	7.0691	65.6756	200
3082	64.4699	6.94695	65.663	200
3083	64.0504	6.83582	65.6462	200
3084	65.2086	6.70252	65.6417	200
3085	61.5446	6.64824	65.599	200
3086	63.3676	6.55622	65.5758	200
3087	63.0171	6.47294	65.5491	200
3088	61.9885	6.41227	65.512	200
3089	60.3247	6.38675	65.458	200
3090	59.9988	6.36742	65.4011	200
3091	59.8537	6.35034	65.3433	200
3092	61.995	6.28779	65.3084	200
3093	60.2129	6.26295	65.2554	200
3094	60.3574	6.23452	65.2043	200
3095	60.2325	6.20821	65.1526	200
3096	61.7419	6.14993	65.117	200
3097	61.3793	6.09967	65.0781	200
3098	61.6204	6.04463	65.0421	200
3099	63.4261	5.95237	65.0252	200
3100	64.868	5.83163	65.0236	200
3101	63.3507	5.74499	65.0062	200
3102	62.0229	5.68746	64.9751	200
3103	65.319	5.57613	64.9787	200
3104	65.1197	5.4629	64.9802	200
3105	61.3036	5.42568	64.9419	200
3106	66.2452	5.3398	64.9554	200
3107	66.0099	5.25052	64.9664	200
3108	63.8246	5.16493	64.9545	200
3109	64.405	5.06877	64.9488	200
3110	62.7512	5.00895	64.9259	200
3111	63.1818	4.94093	64.9077	200
3112	63.0823	4.87603	64.8887	200
3113	61.8584	4.83757	64.8572	200
3114	62.7276	4.78116	64.835	200
3115	62.878	4.72232	64.8146	200
3116	62.7991	4.66593	64.7936	200
3117	65.9587	4.59299	64.8057	200
3118	66.5525	4.53369	64.8239	200
3119	66.0729	4.46526	64.8369	200
3120	64.47	4.37988	64.8331	200
3121	64.5913	4.29367	64.8306	200
3122	64.5522	4.21002	64.8277	200
3123	65.0285	4.12649	64.8298	200
3124	63.8892	4.06012	64.82	200
3125	64.532	3.98758	64.8172	200
3126	65.6072	3.92608	64.8248	200
3127	67.479	3.90162	64.8503	200
3128	76.672	4.05393	64.964	200
3129	76.963	4.20672	65.0794	200
3130	77.614	4.36687	65.1999	200
3131	73.1474	4.43573	65.2763	200
3132	78.2217	4.59938	65.4008	200
3133	76.2929	4.72039	65.5055	200
3134	75.405	4.81999	65.6007	200
3135	75.3942	4.91563	65.6949	200
3136	75.0304	5.00063	65.7846	200
3137	75.9686	5.10031	65.8826	200
3138	77.3004	5.2218	65.9923	200
3139	76.2959	5.31952	66.0914	200
3140	74.4301	5.37758	66.1716	200
3141	73.4241	5.41364	66.2413	200
3142	70.5954	5.39326	66.2832	200
3143	69.7868	5.35692	66.3169	200
3144	69.6633	5.31826	66.3491	200
3145	71.2907	5.31102	66.3966	200
3146	70.4536	5.2869	66.4356	200
3147	70.9722	5.27247	66.4792	200
3148	67.8582	5.1976	66.4925	200
3149	67.6926	5.12072	66.504	200
3150	69.0339	5.0709	66.5283	200
3151	69.1005	5.02284	66.5531	200
3152	67.8853	4.95187	66.5659	200
3153	64.7238	4.89206	66.5482	200
3154	62.8265	4.86956	66.5124	200
3155	66.8522	4.78245	66.5156	200
3156	65.9121	4.70208	66.5098	200
3157	66.1081	4.61938	66.506	200
3158	67.6095	4.55177	66.5166	200
3159	67.1214	4.47587	66.5224	200
3160	66.803	4.39519	66.5251	200
3161	67.7959	4.3351	66.5373	200
3162	69.3001	4.30487	66.5639	200
3163	68.4449	4.25825	66.582	200
3164	67.9022	4.20175	66.5947	200
3165	66.2726	4.12714	66.5916	200
3166	67.3663	4.06267	66.599	200
3167	66.0793	3.99454	66.594	200
3168	66.3821	3.92179	66.592	200
3169	66.4836	3.84846	66.5909	200
3170	66.4022	3.77808	66.5891	200
3171	64.73	3.74118	66.5712	200
3172	64.7596	3.70407	66.5538	200
3173	64.2963	3.67625	66.5321	200
3174	64.2763	3.64893	66.5104	200
3175	65.2546	3.60291	66.4983	200
3176	64.3547	3.57485	66.4777	200
3177	65.0344	3.53386	66.4639	200
3178	65.0922	3.49525	66.4516	200
3179	67.4968	3.45149	66.4609	200
3180	68.2414	3.42165	66.4768	200
3181	67.4727	3.37833	66.4857	200
3182	70.0512	3.38168	66.5176	200
3183	70.2179	3.38737	66.5506	200
3184	71.0162	3.40662	66.5905	200
3185	72.756	3.45589	66.6455	200
3186	72.7172	3.5026	66.6997	200
3187	73.5861	3.56302	66.7612	200
3188	72.6499	3.60455	66.8138	200
3189	71.9966	3.63273	66.8601	200
3190	72.5676	3.66978	66.911	200
3191	71.8676	3.69276	66.9553	200
3192	72.6938	3.72929	67.0065	200
3193	72.226	3.7559	67.0531	200
3194	73.0129	3.79526	67.1063	200
3195	73.5166	3.84195	67.1636	200
3196	73.3697	3.88417	67.219	200
3197	73.4966	3.92691	67.275	200
3198	74.6227	3.98799	67.3406	200
3199	74.7677	4.04941	67.4069	200
3200	74.3505	4.10109	67.4689	200
3201	74.819	4.1591	67.5346	200
3202	75.1089	4.22009	67.6022	200
3203	75.6057	4.28765	67.6737	200
3204	75.4012	4.34908	67.7426	200
3205	76.0718	4.42015	67.817	200
3206	77.3302	4.51109	67.902	200
3207	74.7099	4.55211	67.9627	200
3208	73.4449	4.56872	68.0117	200
3209	70.7575	4.53616	68.0362	200
3210	68.8599	4.46987	68.0436	200
3211	68.0278	4.39033	68.0434	200
3212	67.8564	4.31527	68.0417	200
3213	67.6662	4.24492	68.0384	200
3214	68.6479	4.18	68.0438	200
3215	70.9537	4.15732	68.0698	200
3216	70.8792	4.13325	68.0949	200
3217	72.8306	4.14401	68.1372	200
3218	71.8182	4.13574	68.17	200
3219	72.7112	4.14298	68.2106	200
3220	73.0316	4.15509	68.2536	200
3221	73.5925	4.17622	68.3013	200
3222	72.6238	4.17884	68.3399	200
3223	71.8631	4.16713	68.3714	200
3224	72.1442	4.16009	68.405	200
3225	72.3177	4.15567	68.44	200
3226	71.266	4.13192	68.4652	200
3227	72.3825	4.12809	68.5002	200
3228	74.4839	4.16123	68.5536	200
3229	73.5272	4.17573	68.598	200
3230	72.9282	4.17849	68.6367	200
3231	73.0053	4.18189	68.6757	200
3232	73.1278	4.18671	68.7154	200
3233	73.213	4.19226	68.7556	200
3234	73.9143	4.20952	68.8016	200
3235	72.8594	4.20699	68.8355	200
3236	73.0466	4.20706	68.8706	200
3237	75.8987	4.25408	68.9291	200
3238	75.4407	4.2917	68.9834	200
3239	77.2085	4.35726	69.0519	200
3240	77.9639	4.43317	69.1262	200
3241	76.9671	4.48996	69.1915	200
3242	74.2495	4.49943	69.2337	200
3243	73.9572	4.50317	69.273	200
3244	71.809	4.47038	69.2942	200
3245	72.6402	4.45164	69.3221	200
3246	69.7348	4.38432	69.3255	200
3247	70.2476	4.32662	69.3332	200
3248	69.2693	4.25557	69.3327	200
3249	66.8	4.22685	69.3115	200
3250	66.8393	4.19761	69.2909	200
3251	66.7382	4.17019	69.2697	200
3252	66.6968	4.14357	69.2482	200
3253	67.2381	4.10802	69.2315	200
3254	66.8578	4.07911	69.2117	200
3255	68.5516	4.02212	69.2062	200
3256	67.5197	3.9832	69.1921	200
3257	65.9963	3.97007	69.1655	200
3258	66.5281	3.94786	69.1435	200
3259	65.8485	3.93698	69.1161	200
3260	66.1831	3.92025	69.0916	200
3261	66.2554	3.90218	69.068	200
3262	66.1738	3.88538	69.0439	200
3263	66.1655	3.86859	69.0199	200
3264	66.8952	3.83953	69.0022	200
3265	66.672	3.81437	68.9828	200
3266	69.2184	3.75473	68.9847	200
3267	67.8599	3.71089	68.9753	200
3268	66.1488	3.69615	68.9518	200
3269	66.6217	3.67339	68.9324	200
3270	66.4902	3.65287	68.912	200
3271	68.9682	3.59292	68.9125	200
3272	64.3135	3.60969	68.8742	200
3273	63.4714	3.63957	68.8291	200
3274	62.6611	3.68171	68.7777	200
3275	61.8348	3.73607	68.7199	200
3276	61.5088	3.79399	68.6598	200
3277	61.6369	3.8478	68.6013	200
3278	61.5603	3.90102	68.5426	200
3279	62.2267	3.94127	68.49	200
3280	61.5623	3.99104	68.4322	200
3281	62.6596	4.02073	68.3841	200
3282	62.5373	4.05117	68.3354	200
3283	61.9461	4.09013	68.2822	200
3284	61.997	4.12672	68.2298	200
3285	61.5244	4.16969	68.1739	200
3286	60.7902	4.22326	68.1124	200
3287	61.2007	4.26806	68.0548	200
3288	61.0603	4.3135	67.9965	200
3289	61.8222	4.34452	67.945	200
3290	62.8471	4.35707	67.9025	200
3291	63.8795	4.35151	67.869	200
3292	64.482	4.33543	67.8408	200
3293	65.6275	4.30006	67.8223	200
3294	65.4706	4.26759	67.8028	200
3295	66.7983	4.2132	67.7944	200
3296	66.6306	4.16556	67.7853	200
3297	67.1941	4.1097	67.7807	200
3298	71.4254	4.10244	67.8091	200
3299	64.1927	4.09485	67.7809	200
3300	66.8937	4.04473	67.774	200
3301	66.5524	4.00061	67.7644	200
3302	63.585	4.00341	67.7318	200
3303	63.516	4.00673	67.6988	200
3304	62.9839	4.01779	67.662	200
3305	62.9264	4.029	67.625	200
3306	62.9775	4.03867	67.5887	200
3307	63.6921	4.03645	67.5582	200
3308	63.3451	4.03921	67.5253	200
3309	63.5268	4.03857	67.4941	200
3310	63.6496	4.03554	67.4641	200
3311	65.8977	3.99696	67.4518	200
3312	65.3878	3.96676	67.4357	200
3313	66.6998	3.91627	67.4299	200
3314	67.2604	3.85773	67.4286	200
3315	67.5061	3.79866	67.4292	200
3316	66.3624	3.75598	67.4209	200
3317	66.8723	3.70586	67.4166	200
3318	66.4565	3.66296	67.4091	200
3319	66.4209	3.62116	67.4014	200
3320	67.7561	3.57012	67.4041	200
3321	66.6289	3.52645	67.3981	200
3322	66.1215	3.4913	67.3881	200
3323	66.1781	3.45566	67.3787	200
3324	65.1605	3.43632	67.3613	200
3325	65.3105	3.41467	67.3453	200
3326	65.2759	3.39365	67.3291	200
3327	66.0904	3.35998	67.3195	200
3328	66.6525	3.3179	67.3143	200
3329	66.0908	3.28518	67.3047	200
3330	65.6894	3.25908	67.2921	200
3331	72.1736	3.28443	67.3302	200
3332	64.8311	3.27216	67.3107	200
3333	64.3933	3.26662	67.2879	200
3334	64.5239	3.25876	67.2663	200
3335	64.0606	3.25794	67.2413	200
3336	64.7631	3.24575	67.2219	200
3337	66.6804	3.2035	67.2177	200
3338	66.5924	3.16321	67.2128	200
3339	66.5095	3.12478	67.2073	200
3340	66.6579	3.08453	67.203	200
3341	68.6269	3.05859	67.2141	200
3342	69.6243	3.04846	67.2329	200
3343	67.9106	3.01141	67.2382	200
3344	68.1788	2.97905	67.2456	200
3345	67.0847	2.93502	67.2443	200
3346	66.2796	2.90423	67.2368	200
3347	66.6234	2.86844	67.232	200
3348	67.8192	2.83279	67.2366	200
3349	67.7102	2.79593	67.2403	200
3350	68.4484	2.77112	67.2497	200
3351	68.225	2.74306	67.2573	200
3352	66.7132	2.7087	67.2531	200
3353	66.8791	2.67222	67.2502	200
3354	70.8881	2.68731	67.2786	200
3355	73.0596	2.73565	67.3237	200
3356	73.1264	2.78357	67.3691	200
3357	72.964	2.8275	67.4128	200
3358	72.7584	2.86684	67.4546	200
3359	72.8582	2.90648	67.4968	200
3360	73.0675	2.94811	67.5403	200
3361	72.7769	2.98176	67.5788	200
3362	72.6113	3.01192	67.6158	200
3363	70.5198	3.01033	67.6371	200
3364	72.7962	3.04193	67.6751	200
3365	71.0709	3.04714	67.7001	200
3366	70.627	3.04537	67.7216	200
3367	71.0714	3.04985	67.7462	200
3368	70.3694	3.04357	67.7655	200
3369	70.5426	3.03965	67.7859	200
3370	69.789	3.02441	67.8006	200
3371	69.8096	3.00948	67.8154	200
3372	71.2253	3.01536	67.8405	200
3373	72.3562	3.03743	67.8737	200
3374	70.3632	3.02937	67.892	200
3375	70.0185	3.01609	67.9076	200
3376	70.9783	3.01689	67.9302	200
3377	70.5102	3.01047	67.9492	200
3378	71.956	3.02512	67.9786	200
3379	72.7899	3.05138	68.014	200
3380	72.3098	3.06969	68.0456	200
3381	74.0954	3.11351	68.0901	200
3382	74.0129	3.15482	68.1336	200
3383	73.6046	3.18888	68.1739	200
3384	74.1736	3.23022	68.218	200
3385	74.6708	3.27761	68.2654	200
3386	73.3546	3.30425	68.3028	200
3387	70.2135	3.28375	68.3169	200
3388	68.2935	3.23581	68.3167	200
3389	68.6372	3.19293	68.3191	200
3390	71.1274	3.18728	68.3397	200
3391	74.2444	3.22724	68.3831	200
3392	74.094	3.26376	68.4251	200
3393	76.3508	3.33232	68.4834	200
3394	79.4815	3.44505	68.5643	200
3395	79.3096	3.55241	68.6433	200
3396	76.8235	3.62046	68.7034	200
3397	74.208	3.64817	68.7439	200
3398	66.7764	3.62345	68.7294	200
3399	63.9237	3.64084	68.6941	200
3400	64.6232	3.64716	68.6642	200
3401	64.1773	3.65951	68.6312	200
3402	65.3528	3.6539	68.6071	200
3403	70.1951	3.62352	68.6187	200
3404	71.2707	3.60924	68.6382	200
3405	72.0056	3.60568	68.663	200
3406	71.8238	3.59913	68.6862	200
3407	71.435	3.58663	68.7065	200
3408	71.4515	3.57425	68.7266	200
3409	76.29	3.63292	68.7822	200
3410	75.1972	3.67383	68.8294	200
3411	75.7224	3.72117	68.8801	200
3412	74.1787	3.74437	68.9191	200
3413	73.9591	3.76342	68.9561	200
3414	73.9318	3.78125	68.9927	200
3415	71.5339	3.76301	69.0114	200
3416	71.5606	3.74516	69.0301	200
3417	72.2934	3.73807	69.0541	200
3418	77.7754	3.81135	69.1183	200
3419	77.2123	3.87433	69.1778	200
3420	77.6216	3.94153	69.2399	200
3421	76.8506	3.99549	69.2958	200
3422	76.69	4.04547	69.3502	200
3423	76.3699	4.08921	69.4018	200
3424	74.0775	4.09783	69.4362	200
3425	71.2128	4.06369	69.4492	200
3426	72.0234	4.04179	69.4682	200
3427	72.0033	4.01963	69.4868	200
3428	70.2814	3.9722	69.4926	200
3429	72.2149	3.95382	69.5127	200
3430	72.2005	3.93624	69.5313	200
3431	72.7672	3.92651	69.5538	200
3432	79.5151	4.01033	69.623	200
3433	72.4914	3.99447	69.6429	200
3434	72.6313	3.98049	69.6637	200
3435	71.919	3.95653	69.6793	200
3436	72.4562	3.94015	69.6986	200
3437	81.8457	4.05413	69.7829	200
3438	76.6403	4.09307	69.8306	200
3439	75.1739	4.11043	69.8677	200
3440	74.3893	4.11614	69.8991	200
3441	73.1895	4.10467	69.9219	200
3442	73.5943	4.09867	69.9474	200
3443	73.5214	4.09138	69.9722	200
3444	74.0107	4.09064	70.0003	200
3445	75.6258	4.11196	70.0394	200
3446	74.5753	4.11785	70.0709	200
3447	74.6782	4.12465	70.1028	200
3448	74.1911	4.12414	70.1312	200
3449	74.3544	4.12552	70.1606	200
3450	74.3614	4.12656	70.1897	200
3451	75.0221	4.13636	70.2233	200
3452	73.6778	4.12689	70.2473	200
3453	70.6826	4.07562	70.2503	200
3454	73.7217	4.06723	70.2744	200
3455	73.2229	4.05169	70.2949	200
3456	72.7884	4.03005	70.3122	200
3457	72.5478	4.00512	70.3277	200
3458	72.4528	3.97901	70.3425	200
3459	72.9512	3.95998	70.3606	200
3460	72.7876	3.93869	70.3775	200
3461	73.0837	3.92157	70.3962	200
3462	73.9901	3.91702	70.4212	200
3463	73.4519	3.90471	70.4423	200
3464	72.6036	3.88049	70.4573	200
3465	73.2764	3.86575	70.4768	200
3466	73.5008	3.85406	70.4978	200
3467	73.958	3.84859	70.5219	200
3468	67.8798	3.83183	70.5035	200
3469	73.406	3.81892	70.5237	200
3470	74.8814	3.82641	70.5539	200
3471	74.3705	3.82627	70.5804	200
3472	73.6248	3.81541	70.6016	200
3473	76.1352	3.83927	70.64	200
3474	76.8739	3.87253	70.6833	200
3475	76.2203	3.89565	70.7218	200
3476	76.2557	3.9184	70.7602	200
3477	76.3402	3.94148	70.7989	200
3478	77.4815	3.97955	70.8453	200
3479	78.7464	4.03401	70.9002	200
3480	74.9162	4.03376	70.9281	200
3481	74.2453	4.02381	70.9511	200
3482	74.9334	4.02323	70.9788	200
3483	74.7194	4.01931	71.0048	200
3484	74.8342	4.01667	71.0313	200
3485	74.5219	4.00936	71.0556	200
3486	74.073	3.99558	71.0765	200
3487	73.4975	3.97371	71.0934	200
3488	73.2295	3.94819	71.1082	200
3489	77.3402	3.97991	71.1515	200
3490	75.7298	3.98822	71.1833	200
3491	76.2971	4.00385	71.2188	200
3492	76.2235	4.01775	71.2535	200
3493	75.8973	4.02645	71.2858	200
3494	75.7118	4.032	71.3165	200
3495	75.092	4.02843	71.3427	200
3496	74.3956	4.01488	71.3639	200
3497	73.525	3.98914	71.3789	200
3498	70.6482	3.94388	71.3739	200
3499	70.5387	3.9007	71.3681	200
3500	69.9947	3.8656	71.3585	200
3501	70.1514	3.82868	71.3501	200
3502	70.7733	3.78351	71.3461	200
3503	70.5987	3.74356	71.3412	200
3504	69.8003	3.71458	71.3311	200
3505	70.5281	3.67627	71.3258	200
3506	60.4275	3.7713	71.2541	200
3507	62.0465	3.84283	71.1935	200
3508	62.3788	3.90825	71.1355	200
3509	64.0373	3.95022	71.0888	200
3510	62.7068	4.00853	71.0337	200
3511	62.1244	4.07301	70.9751	200
3512	63.3135	4.12023	70.9247	200
3513	63.3316	4.16593	70.8747	200
3514	63.409	4.20934	70.8256	200
3515	61.6769	4.27434	70.7654	200
3516	61.8056	4.33599	70.7065	200
3517	61.9259	4.39447	70.6487	200
3518	61.676	4.45471	70.5897	200
3519	61.8488	4.5111	70.5321	200
3520	61.8413	4.5661	70.475	200
3521	61.7049	4.62141	70.4173	200
3522	61.9373	4.67218	70.3615	200
3523	61.8516	4.72268	70.3055	200
3524	61.8231	4.77215	70.2497	200
3525	63.5424	4.79761	70.2056	200
3526	63.0722	4.82834	70.1586	200
3527	63.1578	4.85693	70.1126	200
3528	63.8478	4.87545	70.0714	200
3529	63.2362	4.90124	70.0264	200
3530	63.0012	4.92918	69.9802	200
3531	63.7052	4.94689	69.9389	200
3532	63.742	4.96334	69.8981	200
3533	64.4894	4.9692	69.8625	200
3534	63.7016	4.98488	69.822	200
3535	63.3333	5.00466	69.7793	200
3536	63.8242	5.01717	69.7401	200
3537	64.6654	5.01792	69.7067	200
3538	64.038	5.02649	69.6694	200
3539	63.5007	5.04152	69.6289	200
3540	64.7371	5.03955	69.5967	200
3541	64.9543	5.03432	69.5661	200
3542	64.6363	5.03294	69.5337	200
3543	63.7485	5.04284	69.4956	200
3544	66.251	5.01918	69.4743	200
3545	63.3821	5.0333	69.4342	200
3546	63.4791	5.04543	69.395	200
3547	62.4832	5.06999	69.3496	200
3548	62.1168	5.09844	69.302	200
3549	62.68	5.11849	69.2584	200
3550	62.2485	5.14338	69.2123	200
3551	62.6576	5.16195	69.1692	200
3552	64.4721	5.15583	69.1383	200
3553	63.9139	5.15673	69.1039	200
3554	63.4391	5.16341	69.0666	200
3555	63.9983	5.16216	69.0333	200
3556	62.9322	5.17452	68.9931	200
3557	62.7171	5.18901	68.9519	200
3558	64.1231	5.18427	68.9201	200
3559	64.8117	5.17012	68.8931	200
3560	65.4293	5.14766	68.8703	200
3561	67.7454	5.09473	68.8629	200
3562	68.3535	5.0344	68.8595	200
3563	68.2007	4.97682	68.8552	200
3564	63.4695	4.9822	68.8197	200
3565	62.6316	4.99807	68.779	200
3566	61.8735	5.02317	68.7336	200
3567	63.2277	5.02952	68.6974	200
3568	65.772	5.00183	68.6781	200
3569	65.5671	4.97695	68.6577	200
3570	65.7145	4.95019	68.6383	200
3571	65.1278	4.93125	68.6152	200
3572	65.7013	4.9047	68.596	200
3573	66.2105	4.87156	68.5803	200
3574	65.55	4.84733	68.5604	200
3575	65.0832	4.8293	68.5375	200
3576	65.2997	4.80836	68.5162	200
3577	66.623	4.77	68.5038	200
3578	66.08	4.73913	68.4878	200
3579	66.9331	4.69723	68.4776	200
3580	66.9403	4.65773	68.468	200
3581	66.8064	4.62028	68.4576	200
3582	66.3087	4.58938	68.4442	200
3583	64.41	4.58244	68.419	200
3584	64.0131	4.58024	68.3914	200
3585	65.1272	4.56379	68.371	200
3586	67.2769	4.52041	68.3642	200
3587	65.4669	4.50012	68.3461	200
3588	65.564	4.47865	68.3287	200
3589	64.6333	4.46886	68.3056	200
3590	64.3002	4.46306	68.2805	200
3591	62.8988	4.47455	68.2469	200
3592	64.546	4.46488	68.2238	200
3593	65.1159	4.44791	68.2044	200
3594	67.2225	4.40459	68.1982	200
3595	72.1158	4.3985	68.2227	200
3596	74.0341	4.41616	68.259	200
3597	72.895	4.41891	68.288	200
3598	72.9935	4.42249	68.3174	200
3599	71.773	4.4104	68.339	200
3600	68.8796	4.36203	68.3424	200
3601	69.6899	4.32435	68.3508	200
3602	70.5925	4.29831	68.3648	200
3603	71.711	4.28641	68.3857	200
3604	71.595	4.27294	68.4058	200
3605	71.6795	4.26046	68.4262	200
3606	70.8976	4.23809	68.4417	200
3607	68.4797	4.18559	68.4419	200
3608	67.9663	4.13922	68.439	200
3609	67.8677	4.09462	68.4354	200
3610	67.9663	4.0493	68.4325	200
3611	67.8889	4.00547	68.4291	200
3612	67.9952	3.96083	68.4263	200
3613	68.076	3.9157	68.4242	200
3614	67.8617	3.87378	68.4206	200
3615	68.148	3.82877	68.4189	200
3616	67.513	3.79223	68.4133	200
3617	69.5212	3.75868	68.4202	200
3618	68.9948	3.71887	68.4238	200
3619	69.7528	3.689	68.4321	200
3620	69.638	3.65796	68.4396	200
3621	72.0023	3.65677	68.4619	200
3622	71.7103	3.65166	68.4822	200
3623	67.4062	3.61947	68.4755	200
3624	67.7819	3.58289	68.4711	200
3625	66.5983	3.56152	68.4594	200
3626	69.2814	3.52727	68.4646	200
3627	66.8933	3.50282	68.4547	200
3628	66.1429	3.48793	68.4403	200
3629	66.1497	3.47297	68.426	200
3630	66.8342	3.44945	68.416	200
3631	67.0082	3.42393	68.4072	200
3632	65.372	3.41907	68.3883	200
3633	63.7324	3.43453	68.3592	200
3634	67.7311	3.39945	68.3552	200
3635	63.4024	3.41887	68.3243	200
3636	66.1907	3.4028	68.3109	200
3637	66.009	3.38904	68.2966	200
3638	66.1496	3.37351	68.2831	200
3639	66.6669	3.35155	68.273	200
3640	68.5624	3.31327	68.2748	200
3641	68.5887	3.27577	68.2768	200
3642	71.0489	3.26948	68.2941	200
3643	70.3725	3.25459	68.3071	200
3644	70.8718	3.24596	68.3231	200
3645	71.6684	3.24721	68.3441	200
3646	71.1753	3.242	68.3617	200
3647	71.4712	3.24035	68.3812	200
3648	71.8343	3.24301	68.4028	200
3649	71.6936	3.2436	68.4233	200
3650	71.6641	3.24357	68.4436	200
3651	71.6202	3.24273	68.4634	200
3652	71.6355	3.24185	68.4833	200
3653	71.7405	3.24204	68.5036	200
3654	71.6392	3.24071	68.5232	200
3655	71.6281	3.23901	68.5426	200
3656	71.5899	3.23661	68.5617	200
3657	69.7364	3.21084	68.569	200
3658	70.2892	3.1922	68.5798	200
3659	69.9464	3.16938	68.5883	200
3660	70.2278	3.15026	68.5985	200
3661	71.1234	3.14281	68.6136	200
3662	71.4362	3.139	68.6304	200
3663	72.7981	3.15125	68.6552	200
3664	72.6313	3.16107	68.6788	200
3665	72.7095	3.17142	68.7028	200
3666	76.4801	3.22625	68.7491	200
3667	75.486	3.26804	68.7892	200
3668	70.6359	3.25112	68.8002	200
3669	73.4456	3.26772	68.8279	200
3670	74.8216	3.30017	68.8636	200
3671	75.5545	3.34054	68.9034	200
3672	75.5129	3.37945	68.9427	200
3673	76.8963	3.43391	68.9901	200
3674	77.0447	3.48891	69.038	200
3675	69.6751	3.45496	69.0418	200
3676	69.0572	3.41401	69.0419	200
3677	70.5668	3.39153	69.051	200
3678	72.5114	3.39235	69.0716	200
3679	71.4436	3.3802	69.0857	200
3680	74.1831	3.40064	69.116	200
3681	75.967	3.44171	69.1568	200
3682	75.2113	3.47282	69.1928	200
3683	71.7916	3.46241	69.2083	200
3684	69.6752	3.42675	69.2111	200
3685	68.7113	3.39191	69.2081	200
3686	70.3947	3.36565	69.2152	200
3687	70.6879	3.34312	69.2239	200
3688	70.4272	3.31764	69.2311	200
3689	72.5201	3.3173	69.2507	200
3690	73.3277	3.32634	69.2749	200
3691	73.3703	3.3355	69.2993	200
3692	73.3777	3.34434	69.3236	200
3693	73.3573	3.35255	69.3476	200
3694	73.2258	3.3588	69.3707	200
3695	73.3381	3.36605	69.3943	200
3696	73.3304	3.37283	69.4177	200
3697	73.3065	3.37898	69.4409	200
3698	74.635	3.40058	69.4718	200
3699	74.3492	3.41817	69.5008	200
3700	75.5865	3.44992	69.5371	200
3701	75.8819	3.48438	69.5748	200
3702	76.0813	3.52036	69.6135	200
3703	75.6466	3.55027	69.6495	200
3704	73.29	3.55135	69.6711	200
3705	72.8339	3.54672	69.69	200
3706	72.6184	3.53936	69.7074	200
3707	82.0126	3.64371	69.7806	200
3708	80.1436	3.72371	69.8423	200
3709	77.2957	3.76811	69.8867	200
3710	75.3704	3.78853	69.9193	200
3711	74.5755	3.79886	69.947	200
3712	74.2213	3.80452	69.9725	200
3713	75.9946	3.83092	70.0083	200
3714	77.9422	3.87976	70.0555	200
3715	78.7302	3.93684	70.1072	200
3716	79.8805	4.00632	70.1654	200
3717	78.8841	4.06242	70.2173	200
3718	80.9782	4.14217	70.2813	200
3719	78.0949	4.18587	70.3278	200
3720	76.7819	4.21288	70.3662	200
3721	76.8975	4.24047	70.4051	200
3722	74.306	4.23643	70.4283	200
3723	74.7273	4.23717	70.4539	200
3724	74.6401	4.23656	70.4788	200
3725	77.0342	4.26417	70.5179	200
3726	78.5577	4.30912	70.5657	200
3727	78.5024	4.3523	70.6129	200
3728	76.7313	4.37333	70.6494	200
3729	77.5409	4.4033	70.6904	200
3730	76.8836	4.42461	70.7273	200
3731	75.1316	4.42437	70.7535	200
3732	75.3696	4.42665	70.7809	200
3733	75.469	4.42976	70.8089	200
3734	75.4722	4.43255	70.8366	200
3735	76.1015	4.44245	70.8679	200
3736	75.5447	4.44524	70.8958	200
3737	75.6653	4.4491	70.9242	200
3738	75.1683	4.44666	70.9494	200
3739	75.4129	4.44686	70.976	200
3740	74.744	4.43878	70.9984	200
3741	75.5523	4.44015	71.0255	200
3742	76.2311	4.44926	71.0565	200
3743	76.4666	4.4607	71.0887	200
3744	77.0775	4.47889	71.1244	200
3745	78.2501	4.5104	71.1668	200
3746	79.0533	4.54876	71.2116	200
3747	79.3293	4.58932	71.2577	200
3748	78.2979	4.61717	71.2977	200
3749	78.9624	4.6518	71.3413	200
3750	77.4965	4.66888	71.3762	200
3751	76.6577	4.67584	71.4062	200
3752	76.1155	4.67622	71.433	200
3753	77.4246	4.69117	71.467	200
3754	76.2031	4.69168	71.494	200
3755	76.0019	4.68959	71.5196	200
3756	76.9297	4.69778	71.5503	200
3757	75.4785	4.68903	71.5726	200
3758	73.4677	4.65728	71.5834	200
3759	76.2318	4.65718	71.6098	200
3760	75.7143	4.6509	71.6331	200
3761	74.5355	4.63103	71.6496	200
3762	71.1338	4.58427	71.6467	200
3763	73.9474	4.55832	71.6598	200
3764	74.1327	4.53462	71.6738	200
3765	77.7794	4.55247	71.7085	200
3766	76.9189	4.55994	71.7381	200
3767	77.6251	4.57502	71.7715	200
3768	76.1088	4.57232	71.7962	200
3769	74.9881	4.55663	71.8143	200
3770	75.3643	4.54519	71.8345	200
3771	75.4436	4.53456	71.855	200
3772	74.9984	4.51875	71.8729	200
3773	76.3477	4.51825	71.8983	200
3774	76.3301	4.51727	71.9235	200
3775	76.394	4.51673	71.9489	200
3776	76.1405	4.51304	71.9727	200
3777	76.8808	4.51753	72.0006	200
3778	76.1243	4.51305	72.024	200
3779	77.1783	4.52034	72.0533	200
3780	76.8268	4.52322	72.0804	200
3781	78.0254	4.53937	72.1142	200
3782	79.1508	4.56775	72.1542	200
3783	78.9594	4.59317	72.1928	200
3784	78.2848	4.61102	72.2291	200
3785	76.5978	4.60813	72.2551	200
3786	76.0044	4.5974	72.2785	200
3787	76.5918	4.59384	72.3055	200
3788	76.1188	4.58357	72.3306	200
3789	77.2047	4.5874	72.3626	200
3790	75.297	4.56444	72.383	200
3791	76.5344	4.5587	72.4118	200
3792	79.6905	4.5987	72.4654	200
3793	80.2295	4.64525	72.5225	200
3794	76.4558	4.63412	72.5532	200
3795	78.8082	4.65945	72.6021	200
3796	85.1829	4.79147	72.7069	200
3797	84.9485	4.91564	72.8089	200
3798	84.9638	5.04492	72.9174	200
3799	84.8671	5.16822	73.0241	200
3800	83.2822	5.2661	73.1228	200
3801	83.2335	5.35926	73.22	200
3802	84.1139	5.47457	73.3335	200
3803	80.6759	5.51348	73.4099	200
3804	83.171	5.61002	73.5209	200
3805	82.8955	5.69558	73.6274	200
3806	84.4386	5.81184	73.7502	200
3807	81.5406	5.85681	73.8388	200
3808	83.2298	5.93713	73.9455	200
3809	79.5935	5.93056	74.0097	200
3810	79.0267	5.90979	74.0667	200
3811	78.5747	5.87794	74.1179	200
3812	76.503	5.79855	74.145	200
3813	76.8166	5.72749	74.1754	200
3814	77.3202	5.66879	74.2111	200
3815	76.4314	5.59041	74.2363	200
3816	76.6429	5.51805	74.2637	200
3817	76.4737	5.44287	74.2888	200
3818	77.7256	5.39727	74.3278	200
3819	78.8692	5.37782	74.3795	200
3820	79.738	5.37742	74.4353	200
3821	78.9691	5.35984	74.4825	200
3822	79.8094	5.35916	74.538	200
3823	79.4125	5.34906	74.5888	200
3824	80.8086	5.3672	74.6535	200
3825	80.6554	5.38042	74.7161	200
3826	79.6868	5.37189	74.7678	200
3827	74.9562	5.2639	74.7698	200
3828	74.9936	5.15889	74.7721	200
3829	75.5139	5.06687	74.7799	200
3830	74.8706	4.9632	74.7808	200
3831	73.1116	4.89457	74.7634	200
3832	75.5988	4.81001	74.7721	200
3833	73.8479	4.72905	74.7625	200
3834	73.6096	4.65455	74.7505	200
3835	73.6851	4.57977	74.7394	200
3836	72.9243	4.52218	74.7205	200
3837	72.4644	4.47497	74.697	200
3838	72.3354	4.43094	74.6724	200
3839	71.8854	4.39669	74.6433	200
3840	71.4469	4.37168	74.61	200
3841	69.4764	4.38755	74.5566	200
3842	68.0447	4.43181	74.4887	200
3843	69.4838	4.44375	74.4366	200
3844	68.6838	4.47102	74.3767	200
3845	69.5011	4.47945	74.3259	200
3846	68.6751	4.50385	74.267	200
3847	68.6685	4.52665	74.2087	200
3848	67.2899	4.57649	74.1366	200
3849	67.1317	4.62708	74.0637	200
3850	66.5387	4.68745	73.9853	200
3851	57.3261	4.93687	73.8118	200
3852	57.4936	5.17398	73.6418	200
3853	56.076	5.43214	73.4588	200
3854	57.5442	5.65052	73.293	200
3855	60.3795	5.80183	73.1585	200
3856	57.4946	6.0073	72.9953	200
3857	57.0937	6.21343	72.8297	200
3858	56.4297	6.42565	72.6589	200
3859	58.422	6.58838	72.5106	200
3860	58.7129	6.73857	72.3668	200
3861	58.2573	6.89213	72.2199	200
3862	58.5998	7.0323	72.078	200
3863	58.6014	7.16655	71.9376	200
3864	58.4532	7.29817	71.7971	200
3865	58.5766	7.42155	71.6594	200
3866	57.8075	7.55552	71.5151	200
3867	57.0664	7.69913	71.3646	200
3868	58.0199	7.81675	71.2256	200
3869	57.8324	7.92399	71.0968	200
3870	57.084	8.04108	70.9621	200
3871	58.1466	8.13289	70.8389	200
3872	58.7045	8.20984	70.7222	200
3873	59.052	8.27639	70.61	200
3874	59.4522	8.3318	70.5027	200
3875	59.8201	8.37701	70.4	200
3876	56.7129	8.47912	70.2684	200
3877	55.8556	8.59323	70.1298	200
3878	56.0586	8.69858	69.9945	200
3879	54.5528	8.82825	69.846	200
3880	53.1631	8.9793	69.6856	200
3881	55.7228	9.07514	69.5513	200
3882	60.5412	9.07389	69.4647	200
3883	62.1009	9.041	69.3939	200
3884	60.7129	9.03408	69.3104	200
3885	61.8145	9.0045	69.2383	200
3886	62.347	8.96386	69.1721	200
3887	62.9018	8.91206	69.1118	200
3888	62.4882	8.86805	69.0481	200
3889	61.8883	8.8352	68.9792	200
3890	62.8583	8.783	68.9204	200
3891	62.9458	8.72899	68.8629	200
3892	62.9755	8.67435	68.8063	200
3893	62.819	8.62267	68.7488	200
3894	64.1171	8.54592	68.7042	200
3895	63.6851	8.4781	68.656	200
3896	65.084	8.38375	68.6216	200
3897	64.775	8.29649	68.5846	200
3898	64.1652	8.22194	68.5421	200
3899	64.1793	8.14772	68.5002	200
3900	64.6851	8.0644	68.4635	200
3901	65.8579	7.95942	68.4384	200
3902	58.8426	7.99089	68.3462	200
3903	58.8618	8.01961	68.255	200
3904	59.5258	8.03326	68.171	200
3905	64.163	7.95585	68.1325	200
3906	63.9585	7.88312	68.0924	200
3907	62.2794	7.84331	68.0365	200
3908	58.6416	7.87315	67.9461	200
3909	57.0198	7.93186	67.8411	200
3910	55.8168	8.01056	67.7255	200
3911	60.0372	8.00436	67.6515	200
3912	59.438	8.00838	67.5726	200
3913	59.9299	8.00135	67.4991	200
3914	61.4723	7.96338	67.4411	200
3915	62.1741	7.91152	67.3905	200
3916	62.5263	7.85292	67.3437	200
3917	64.8776	7.74933	67.32	200
3918	64.674	7.65119	67.2945	200
3919	65.8486	7.53185	67.2806	200
3920	65.2487	7.42608	67.2611	200
3921	65.4073	7.31893	67.2433	200
3922	65.9591	7.21116	67.2318	200
3923	65.1306	7.11991	67.2131	200
3924	66.0048	7.01435	67.2023	200
3925	65.3327	6.92248	67.1856	200
3926	66.5356	6.81047	67.1798	200
3927	65.3619	6.72131	67.1635	200
3928	66.5744	6.61181	67.1583	200
3929	65.8512	6.51708	67.1466	200
3930	67.6546	6.40977	67.1511	200
3931	66.1446	6.31329	67.1422	200
3932	62.1049	6.2905	67.0972	200
3933	61.4942	6.27822	67.0471	200
3934	60.786	6.27792	66.9912	200
3935	61.8432	6.25774	66.9453	200
3936	62.9496	6.21735	66.9096	200
3937	65.372	6.13378	66.8959	200
3938	60.7522	6.13396	66.841	200
3939	60.5258	6.13719	66.7846	200
3940	60.1968	6.14524	66.7258	200
3941	59.157	6.17066	66.6582	200
3942	59.1825	6.19396	66.5915	200
3943	58.6977	6.22432	66.521	200
3944	57.8441	6.26811	66.4435	200
3945	62.8828	6.21977	66.4117	200
3946	62.0533	6.18653	66.3728	200
3947	62.7502	6.14074	66.3405	200
3948	63.239	6.08647	66.3128	200
3949	65.5112	5.9921	66.3056	200
3950	65.5682	5.89826	66.299	200
3951	65.5281	5.8067	66.2922	200
3952	66.0209	5.70786	66.2897	200
3953	67.3451	5.62477	66.2992	200
3954	65.7996	5.53325	66.2947	200
3955	65.2374	5.45333	66.2853	200
3956	62.8855	5.41665	66.2549	200
3957	71.38	5.41145	66.3007	200
3958	71.5935	5.40933	66.3479	200
3959	71.7513	5.40922	66.3962	200
3960	80.3952	5.56261	66.5212	200
3961	80.3289	5.70984	66.6444	200
3962	82.9608	5.89924	66.7901	200
3963	82.5096	6.07461	66.9305	200
3964	83.4718	6.26151	67.0782	200
3965	83.3759	6.44073	67.2237	200
3966	83.5616	6.61746	67.3695	200
3967	83.762	6.79202	67.5159	200
3968	83.0423	6.94799	67.6545	200
3969	83.0937	7.09962	67.7924	200
3970	82.7625	7.24016	67.926	200
3971	82.069	7.36342	68.0523	200
3972	80.0598	7.44635	68.1595	200
3973	75.6695	7.44749	68.2266	200
3974	75.1224	7.43764	68.2882	200
3975	74.4556	7.41495	68.3432	200
3976	74.4797	7.39212	68.398	200
3977	75.6853	7.39025	68.4631	200
3978	76.3287	7.39874	68.5333	200
3979	77.5821	7.42624	68.6087	200
3980	76.3725	7.43187	68.6734	200
3981	74.7335	7.409	68.7239	200
3982	73.9297	7.37228	68.7673	200
3983	74.284	7.34136	68.8133	200
3984	75.2392	7.3261	68.8668	200
3985	82.8064	7.43632	68.983	200
3986	80.0538	7.4969	69.0752	200
3987	78.0325	7.52124	69.1499	200
3988	78.6335	7.55394	69.2289	200
3989	70.5877	7.45069	69.2402	200
3990	71.7697	7.36867	69.2613	200
3991	71.5912	7.28469	69.2807	200
3992	70.3984	7.1819	69.29	200
3993	69.8578	7.07167	69.2948	200
3994	69.0694	6.95756	69.2929	200
3995	68.4694	6.85533	69.286	200
3996	68.7215	6.75048	69.2813	200
3997	68.4831	6.65127	69.2747	200
3998	68.4274	6.55454	69.2676	200
3999	69.5044	6.44924	69.2696	200
4000	70.9449	6.36968	69.2835	200
4001	71.685	6.30354	69.3035	200
4002	72.2725	6.24796	69.3283	200
4003	72.5574	6.19765	69.3552	200
4004	72.4557	6.14603	69.381	200
4005	72.475	6.09516	69.4068	200
4006	69.2125	5.99681	69.4052	200
4007	69.7361	5.90238	69.408	200
4008	70.8892	5.82869	69.4203	200
4009	69.0784	5.73725	69.4175	200
4010	69.7979	5.64797	69.4206	200
4011	69.3207	5.5555	69.4198	200
4012	70.1485	5.47505	69.4259	200
4013	70.0583	5.39434	69.4311	200
4014	70.2016	5.31728	69.4375	200
4015	70.2128	5.24158	69.444	200
4016	67.3555	5.18903	69.4266	200
4017	67.4435	5.13559	69.4101	200
4018	66.5119	5.0983	69.3859	200
4019	68.7513	5.02391	69.3806	200
4020	66.6851	4.9851	69.3582	200
4021	75.0553	4.99697	69.4056	200
4022	76.0419	5.02429	69.461	200
4023	75.4517	5.0404	69.5109	200
4024	74.4903	5.03938	69.5524	200
4025	76.7906	5.07603	69.6127	200
4026	77.498	5.12285	69.6784	200
4027	78.6847	5.18757	69.7534	200
4028	79.8297	5.26905	69.8374	200
4029	79.6599	5.34494	69.9193	200
4030	79.419	5.41419	69.9984	200
4031	78.9399	5.47297	70.0729	200
4032	78.9101	5.52904	70.1466	200
4033	80.0775	5.60241	70.2293	200
4034	79.4997	5.66354	70.3066	200
4035	81.3084	5.75251	70.3983	200
4036	81.4519	5.84086	70.4904	200
4037	81.72	5.93067	70.584	200
4038	81.2103	6.00893	70.6725	200
4039	82.0208	6.09792	70.7671	200
4040	82.8896	6.19205	70.8618	200
4041	82.38	6.27527	70.9518	200
4042	82.6157	6.35947	71.0429	200
4043	81.3316	6.42087	71.1233	200
4044	81.479	6.48235	71.2042	200
4045	81.3895	6.54021	71.2838	200
4046	74.127	6.48244	71.306	200
4047	73.3685	6.41338	71.3221	200
4048	73.9832	6.35475	71.3429	200
4049	77.8661	6.35738	71.3938	200
4050	74.6797	6.30939	71.4195	200
4051	74.8363	6.26419	71.4462	200
4052	66.4438	6.24448	71.4071	200
4053	74.665	6.19781	71.4326	200
4054	74.4488	6.1481	71.4561	200
4055	75.1058	6.10906	71.4847	200
4056	73.1823	6.04013	71.4979	200
4057	72.4424	5.96051	71.5053	200
4058	72.8562	5.88848	71.5158	200
4059	71.5453	5.79694	71.5161	200
4060	71.6876	5.70904	71.5174	200
4061	71.598	5.62109	71.518	200
4062	73.5879	5.5656	71.5342	200
4063	72.822	5.49876	71.5443	200
4064	72.0707	5.42107	71.5484	200
4065	73.5283	5.3673	71.5639	200
4066	73.13	5.30791	71.5761	200
4067	73.41	5.25363	71.5904	200
4068	72.5944	5.18723	71.5983	200
4069	72.4669	5.11975	71.605	200
4070	72.9807	5.06125	71.6158	200
4071	73.0556	5.00466	71.627	200
4072	72.8338	4.94532	71.6365	200
4073	73.8344	4.90239	71.6536	200
4074	74.4226	4.86906	71.6753	200
4075	75.0425	4.84559	71.7016	200
4076	74.7182	4.81701	71.7251	200
4077	77.5927	4.83343	71.771	200
4078	89.5798	5.03617	71.9101	200
4079	77.4971	5.04477	71.9538	200
4080	77.7802	5.05699	71.9993	200
4081	74.2799	5.01361	72.0171	200
4082	74.8591	4.97967	72.0393	200
4083	75.6806	4.95876	72.0677	200
4084	75.5205	4.93523	72.0947	200
4085	77.9665	4.94986	72.1406	200
4086	78.0194	4.96438	72.1865	200
4087	78.1501	4.98103	72.2362	200
4088	78.5502	5.00324	72.2888	200
4089	78.7165	5.02868	72.3462	200
4090	78.8151	5.0544	72.404	200
4091	79.4392	5.09249	72.4716	200
4092	78.0046	5.10096	72.5248	200
4093	77.4057	5.09637	72.5757	200
4094	76.921	5.08073	72.6209	200
4095	77.9319	5.08596	72.6813	200
4096	78.13	5.0942	72.7432	200
4097	77.0696	5.07501	72.7973	200
4098	75.8052	5.02333	72.8349	200
4099	76.4377	4.98387	72.8849	200
4100	77.2541	4.9668	72.9456	200
4101	77.2465	4.94599	73.0128	200
4102	77.3394	4.92663	73.0804	200
4103	77.3526	4.90618	73.1472	200
4104	77.5665	4.89097	73.2162	200
4105	78.4784	4.90257	73.2984	200
4106	77.2934	4.8742	73.3608	200
4107	76.91	4.83279	73.4163	200
4108	76.788	4.79221	73.4631	200
4109	76.7915	4.75154	73.5094	200
4110	73.7214	4.62545	73.5123	200
4111	76.8066	4.58847	73.5581	200
4112	78.4976	4.59822	73.6267	200
4113	79.147	4.62383	73.7033	200
4114	78.8393	4.63806	73.7747	200
4115	77.9922	4.62638	73.8332	200
4116	77.3809	4.59642	73.8825	200
4117	77.6475	4.57332	73.9348	200
4118	63.9589	4.72339	73.7962	200
4119	64.003	4.86422	73.6602	200
4120	64.448	4.985	73.5323	200
4121	64.2071	5.10556	73.4028	200
4122	63.9598	5.22604	73.2716	200
4123	66.1466	5.27879	73.1727	200
4124	68.4729	5.2627	73.1074	200
4125	69.3544	5.22077	73.0553	200
4126	70.0634	5.15885	73.0137	200
4127	70.9135	5.07389	72.9845	200
4128	70.5283	5.00117	72.9504	200
4129	67.3187	5.01869	72.8722	200
4130	66.8227	5.04732	72.7882	200
4131	66.7518	5.0748	72.7043	200
4132	68.784	5.04273	72.6499	200
4133	68.4386	5.01963	72.5914	200
4134	69.6856	4.96091	72.551	200
4135	69.3058	4.91326	72.506	200
4136	57.3406	5.19804	72.2953	200
4137	56.5177	5.49191	72.0762	200
4138	57.4513	5.74561	71.8731	200
4139	57.4638	5.98626	71.6729	200
4140	57.7777	6.20596	71.48	200
4141	55.7686	6.46999	71.2617	200
4142	53.414	6.78604	71.0139	200
4143	53.0052	7.09778	70.7637	200
4144	53.7935	7.37202	70.528	200
4145	53.2269	7.62024	70.3118	200
4146	53.0885	7.86032	70.0965	200
4147	54.5832	8.05164	69.9026	200
4148	51.2884	8.3157	69.6699	200
4149	53.1527	8.52074	69.4634	200
4150	52.0411	8.74328	69.2456	200
4151	50.2258	9.00019	69.0079	200
4152	50.8733	9.22855	68.7812	200
4153	53.6103	9.37711	68.5916	200
4154	51.5255	9.56933	68.3783	200
4155	48.6687	9.82284	68.1319	200
4156	50.1277	10.0274	67.9068	200
4157	49.5412	10.2358	67.6773	200
4158	49.9679	10.4227	67.4559	200
4159	51.6484	10.5573	67.2583	200
4160	51.7322	10.6815	67.0642	200
4161	51.8417	10.795	66.8739	200
4162	52.1082	10.8943	66.6894	200
4163	53.1811	10.9596	66.5205	200
4164	53.903	11.0011	66.3628	200
4165	54.1738	11.0308	66.2104	200
4166	53.3812	11.0757	66.0501	200
4167	57.0661	11.0235	65.9378	200
4168	52.5059	11.0837	65.7699	200
4169	51.2325	11.17	65.5881	200
4170	54.9714	11.1562	65.4554	200
4171	54.9056	11.141	65.3236	200
4172	55.3406	11.1121	65.1988	200
4173	51.3388	11.1808	65.0255	200
4174	52.1965	11.222	64.8652	200
4175	51.4238	11.2774	64.6971	200
4176	50.6987	11.3455	64.5222	200
4177	50.37	11.4156	64.3453	200
4178	52.9245	11.4158	64.2025	200
4179	50.2932	11.4781	64.0286	200
4180	50.4856	11.5297	63.8593	200
4181	52.1721	11.5337	63.7133	200
4182	52.6218	11.5226	63.5746	200
4183	52.4356	11.513	63.4354	200
4184	52.111	11.5083	63.2938	200
4185	53.7176	11.46	63.1741	200
4186	52.8217	11.4348	63.0565	200
4187	52.8207	11.4076	62.9402	200
4188	48.2206	11.4828	62.7729	200
4189	61.7442	11.2453	62.7612	200
4190	55.641	11.1515	62.6803	200
4191	52.3308	11.1333	62.5627	200
4192	53.6023	11.0839	62.4609	200
4193	53.7898	11.0291	62.3623	200
4194	54.3227	10.9611	62.271	200
4195	53.5907	10.9093	62.1723	200
4196	52.9787	10.8703	62.0678	200
4197	54.4996	10.7952	61.9818	200
4198	55.4802	10.6977	61.908	200
4199	53.0344	10.6562	61.8071	200
4200	53.0871	10.6122	61.708	200
4201	53.783	10.5511	61.618	200
4202	51.9285	10.5315	61.5079	200
4203	52.7718	10.4907	61.4086	200
4204	51.7513	10.4718	61.2988	200
4205	52.7855	10.4273	61.2021	200
4206	51.8324	10.4032	61.0956	200
4207	52.8556	10.3541	61.002	200
4208	53.9073	10.28	60.9214	200
4209	53.969	10.2044	60.8424	200
4210	55.6142	10.0913	60.783	200
4211	65.3548	9.96583	60.8349	200
4212	60.1697	9.75446	60.8273	200
4213	61.2031	9.5413	60.8316	200
4214	60.4043	9.33417	60.8268	200
4215	62.5834	9.16195	60.8467	200
4216	61.8935	8.97752	60.8586	200
4217	61.867	8.7964	60.8701	200
4218	62.2101	8.62693	60.8853	200
4219	60.2686	8.44488	60.8783	200
4220	60.7132	8.25671	60.8764	200
4221	61.2745	8.0781	60.8809	200
4222	61.0876	7.89921	60.8833	200
4223	60.2789	7.73341	60.8764	200
4224	60.8454	7.55836	60.8761	200
4225	59.4866	7.41816	60.8603	200
4226	59.6605	7.27683	60.8466	200
4227	60.2744	7.12445	60.8401	200
4228	61.4457	6.9763	60.847	200
4229	62.3537	6.85199	60.8641	200
4230	64.5836	6.78079	60.9064	200
4231	64.5113	6.71463	60.944	200
4232	64.3802	6.64633	60.9798	200
4233	64.5721	6.5827	61.0172	200
4234	55.8142	6.55396	60.963	200
4235	57.4748	6.49009	60.9266	200
4236	55.7731	6.46224	60.873	200
4237	55.8492	6.43227	60.8206	200
4238	58.6514	6.34346	60.798	200
4239	59.9523	6.22892	60.7892	200
4240	59.9093	6.11749	60.78	200
4241	61.5642	6.00637	60.7882	200
4242	61.9254	5.90493	60.8001	200
4243	62.3923	5.81508	60.8166	200
4244	63.193	5.74344	60.8414	200
4245	63.0441	5.66968	60.8643	200
4246	62.5867	5.58744	60.8823	200
4247	62.585	5.50651	60.9	200
4248	62.6414	5.42807	60.9182	200
4249	62.3245	5.34428	60.9328	200
4250	61.6879	5.24867	60.9407	200
4251	61.2614	5.146	60.944	200
4252	60.0484	5.05746	60.9347	200
4253	59.5679	4.98057	60.9204	200
4254	60.4768	4.88605	60.9158	200
4255	62.1296	4.80954	60.9285	200
4256	62.1183	4.73413	60.9409	200
4257	60.3388	4.64804	60.9346	200
4258	60.855	4.55287	60.9338	200
4259	59.5881	4.48605	60.9197	200
4260	59.3319	4.42567	60.9032	200
4261	59.532	4.36203	60.8889	200
4262	57.1789	4.34845	60.8503	200
4263	55.9109	4.36076	60.7988	200
4264	57.0858	4.34727	60.7601	200
4265	59.3732	4.28559	60.7457	200
4266	60.477	4.20191	60.7429	200
4267	60.9603	4.11889	60.7452	200
4268	60.9642	4.03765	60.7474	200
4269	62.8097	3.99649	60.7689	200
4270	64.7017	3.99517	60.8099	200
4271	63.9796	3.97797	60.8429	200
4272	63.3433	3.94719	60.869	200
4273	64.904	3.94902	60.911	200
4274	64.7608	3.94695	60.9511	200
4275	64.9422	3.94787	60.9927	200
4276	64.7956	3.94485	61.0323	200
4277	65.1298	3.94803	61.075	200
4278	65.6041	3.96013	61.1221	200
4279	66.9907	3.99989	61.1833	200
4280	67.253	4.0397	61.2416	200
4281	67.5882	4.08406	61.3027	200
4282	66.8608	4.11241	61.3561	200
4283	63.0973	4.06681	61.3728	200
4284	61.2498	3.99097	61.3717	200
4285	61.7347	3.9212	61.3751	200
4286	60.7779	3.85728	61.3694	200
4287	58.521	3.83787	61.342	200
4288	58.916	3.81072	61.3187	200
4289	61.5984	3.74281	61.3214	200
4290	64.9912	3.74141	61.3567	200
4291	64.6046	3.73192	61.3879	200
4292	63.0535	3.69218	61.4039	200
4293	63.4646	3.66081	61.4237	200
4294	63.197	3.62451	61.4408	200
4295	62.6742	3.57853	61.4526	200
4296	62.142	3.52297	61.4593	200
4297	64.8203	3.51985	61.4916	200
4298	65.7664	3.53437	61.5327	200
4299	66.2075	3.5563	61.5776	200
4300	65.7395	3.56795	61.6176	200
4301	66.5817	3.59479	61.6654	200
4302	65.8995	3.60709	61.7061	200
4303	65.3544	3.60788	61.7412	200
4304	65.2508	3.60599	61.7749	200
4305	66.0249	3.61837	61.8158	200
4306	63.8414	3.58774	61.8353	200
4307	63.631	3.55328	61.8525	200
4308	72.6972	3.6935	61.9568	200
4309	69.1313	3.76044	62.0258	200
4310	68.4754	3.81216	62.0878	200
4311	68.0368	3.85325	62.145	200
4312	68.2178	3.89593	62.2034	200
4313	67.1743	3.9166	62.2512	200
4314	67.7234	3.94652	62.3038	200
4315	66.2403	3.94632	62.3417	200
4316	63.0507	3.88407	62.3485	200
4317	63.6845	3.83507	62.3613	200
4318	65.1273	3.81451	62.3879	200
4319	63.4025	3.76066	62.3977	200
4320	65.8301	3.75435	62.4307	200
4321	65.4398	3.74002	62.4596	200
4322	67.0271	3.75593	62.5035	200
4323	66.4189	3.75899	62.5412	200
4324	64.9166	3.73239	62.564	200
4325	65.3287	3.71378	62.5906	200
4326	66.2109	3.71198	62.6254	200
4327	65.5216	3.69629	62.6532	200
4328	66.0442	3.69042	62.6859	200
4329	65.9642	3.68249	62.7174	200
4330	66.7782	3.68977	62.7564	200
4331	66.621	3.69313	62.7936	200
4332	70.0731	3.7621	62.8636	200
4333	69.8868	3.82033	62.9263	200
4334	72.029	3.91466	63.0076	200
4335	69.4101	3.95909	63.0647	200
4336	68.9176	3.9929	63.117	200
4337	72.309	4.08575	63.199	200
4338	72.7842	4.18395	63.2846	200
4339	72.5609	4.27488	63.3675	200
4340	73.2837	4.37562	63.456	200
4341	73.8573	4.48322	63.5489	200
4342	74.0157	4.59007	63.6423	200
4343	72.0445	4.65815	63.7173	200
4344	70.6911	4.6995	63.7796	200
4345	69.1067	4.7107	63.8272	200
4346	70.7122	4.74953	63.8886	200
4347	69.6517	4.76763	63.9401	200
4348	70.1026	4.79254	63.9951	200
4349	68.969	4.79578	64.0395	200
4350	67.4855	4.77167	64.0703	200
4351	66.7166	4.73372	64.0939	200
4352	65.3248	4.67117	64.1049	200
4353	64.4025	4.59307	64.1076	200
4354	65.4901	4.53574	64.1199	200
4355	68.6947	4.53644	64.1607	200
4356	68.8228	4.53868	64.2024	200
4357	67.9632	4.52479	64.236	200
4358	68.0641	4.51235	64.2701	200
4359	65.9042	4.46095	64.2847	200
4360	66.8524	4.42714	64.3076	200
4361	67.421	4.40368	64.3354	200
4362	77.0347	4.55181	64.4488	200
4363	72.4216	4.6129	64.52	200
4364	63.787	4.54362	64.5135	200
4365	69.4808	4.55118	64.5578	200
4366	70.0467	4.56793	64.6068	200
4367	70.2991	4.588	64.6577	200
4368	70.8643	4.61691	64.7131	200
4369	73.7902	4.69656	64.7941	200
4370	75.6274	4.80614	64.8908	200
4371	70.5924	4.82213	64.9417	200
4372	70.5362	4.83592	64.9917	200
4373	70.1906	4.8424	65.0381	200
4374	68.4935	4.81763	65.069	200
4375	66.5603	4.75824	65.0823	200
4376	66.6811	4.70182	65.0966	200
4377	68.0386	4.67039	65.1228	200
4378	69.6783	4.66834	65.1635	200
4379	73.5733	4.73515	65.2386	200
4380	72.908	4.78755	65.3071	200
4381	72.5792	4.83191	65.372	200
4382	72.9044	4.88014	65.4392	200
4383	68.8756	4.85435	65.4699	200
4384	68.3307	4.81875	65.4955	200
4385	68.0627	4.77855	65.5184	200
4386	67.8776	4.73535	65.5394	200
4387	69.3073	4.71807	65.5731	200
4388	69.4238	4.70258	65.6075	200
4389	71.0072	4.71503	65.6557	200
4390	70.1063	4.71062	65.6928	200
4391	76.8504	4.81807	65.7857	200
4392	75.1883	4.89448	65.8641	200
4393	72.622	4.92553	65.9204	200
4394	69.2839	4.8995	65.9484	200
4395	74.0801	4.95337	66.0162	200
4396	73.9531	5.00309	66.0824	200
4397	72.7599	5.031	66.138	200
4398	70.3724	5.01772	66.1733	200
4399	66.9015	4.94623	66.1793	200
4400	66.5261	4.86957	66.1822	200
4401	72.8727	4.89992	66.238	200
4402	73.0888	4.93243	66.2951	200
4403	73.8917	4.97684	66.3584	200
4404	73.1067	5.00636	66.4146	200
4405	72.2833	5.02073	66.4635	200
4406	71.0678	5.01379	66.5019	200
4407	70.7241	5.0006	66.5371	200
4408	68.483	4.94968	66.5533	200
4409	69.1081	4.90977	66.5746	200
4410	69.5948	4.87828	66.5998	200
4411	70.2099	4.85714	66.6298	200
4412	69.6978	4.82732	66.6554	200
4413	73.7141	4.86451	66.7142	200
4414	74.5333	4.91375	66.7794	200
4415	74.8448	4.96628	66.8466	200
4416	73.4862	4.99417	66.9019	200
4417	73.7453	5.02499	66.959	200
4418	72.419	5.03224	67.0045	200
4419	77.2111	5.11848	67.0895	200
4420	77.2532	5.20256	67.1742	200
4421	69.7053	5.15804	67.1953	200
4422	69.4671	5.10994	67.2142	200
4423	69.0636	5.05559	67.2296	200
4424	75.1578	5.10347	67.2957	200
4425	69.1618	5.04951	67.3113	200
4426	69.9173	5.00879	67.333	200
4427	69.6613	4.96411	67.3524	200
4428	67.6937	4.88706	67.3552	200
4429	67.2321	4.80767	67.3542	200
4430	68.1428	4.74068	67.3608	200
4431	73.1426	4.75803	67.4089	200
4432	74.2462	4.79269	67.4659	200
4433	73.7327	4.81726	67.5181	200
4434	73.6058	4.83843	67.5689	200
4435	74.1087	4.86678	67.6234	200
4436	73.4654	4.88304	67.6721	200
4437	73.6028	4.9005	67.7215	200
4438	71.8439	4.88753	67.7558	200
4439	72.6581	4.88778	67.7967	200
4440	76.4984	4.95134	67.8692	200
4441	74.4342	4.97823	67.9239	200
4442	75.1479	5.01566	67.9841	200
4443	70.8614	4.98002	68.0081	200
4444	72.2749	4.96814	68.0436	200
4445	72.9829	4.96765	68.0848	200
4446	73.2587	4.97109	68.1279	200
4447	75.3673	5.00889	68.1882	200
4448	77.9167	5.08755	68.2693	200
4449	75.554	5.12417	68.33	200
4450	75.6629	5.16099	68.3911	200
4451	76.7211	5.2105	68.4562	200
4452	75.628	5.24114	68.5122	200
4453	76.0362	5.27681	68.571	200
4454	77.1942	5.3291	68.6384	200
4455	70.5009	5.27493	68.6529	200
4456	70.3594	5.21918	68.6663	200
4457	70.6103	5.168	68.6814	200
4458	77.3789	5.22315	68.7494	200
4459	77.4486	5.27746	68.8174	200
4460	77.2092	5.32612	68.8829	200
4461	76.9222	5.36852	68.9457	200
4462	68.9249	5.28496	68.9456	200
4463	72.4012	5.25637	68.9726	200
4464	74.8999	5.26686	69.0189	200
4465	75.1549	5.28044	69.0668	200
4466	75.3197	5.29563	69.1157	200
4467	75.883	5.31863	69.1685	200
4468	74.4476	5.31801	69.2098	200
4469	78.1815	5.3751	69.2799	200
4470	81.9648	5.48931	69.379	200
4471	77.5658	5.53146	69.4429	200
4472	79.4504	5.6014	69.5211	200
4473	78.8878	5.66023	69.5943	200
4474	79.3248	5.72383	69.6703	200
4475	76.8247	5.74618	69.7262	200
4476	76.4348	5.76122	69.7786	200
4477	76.4437	5.77534	69.8307	200
4478	79.8799	5.84212	69.9092	200
4479	79.677	5.90346	69.9855	200
4480	79.3267	5.95718	70.0585	200
4481	80.9102	6.03365	70.1432	200
4482	81.5093	6.11697	70.232	200
4483	81.3661	6.19536	70.319	200
4484	73.4949	6.14818	70.3438	200
4485	73.1706	6.09628	70.3659	200
4486	73.1865	6.0451	70.388	200
4487	72.4229	5.98244	70.4039	200
4488	75.4075	5.96715	70.4429	200
4489	82.6255	6.06426	70.5381	200
4490	76.7712	6.0669	70.5868	200
4491	77.045	6.07301	70.6373	200
4492	76.3725	6.06773	70.6821	200
4493	75.8323	6.05339	70.7223	200
4494	71.9032	5.97726	70.7315	200
4495	66.3943	5.95163	70.6976	200
4496	67.7956	5.90398	70.675	200
4497	68.2406	5.84977	70.656	200
4498	68.0737	5.79872	70.6358	200
4499	67.9819	5.74958	70.615	200
4500	68.7826	5.68837	70.6007	200
4501	65.5926	5.67775	70.5616	200
4502	66.0746	5.65914	70.5266	200
4503	65.789	5.64474	70.4895	200
4504	64.248	5.65406	70.4408	200
4505	64.6086	5.65685	70.3952	200
4506	64.753	5.65662	70.3511	200
4507	65.3185	5.64687	70.3118	200
4508	64.3161	5.65232	70.265	200
4509	63.4983	5.66973	70.2121	200
4510	57.3359	5.78233	70.1115	200
4511	55.4464	5.92112	69.9969	200
4512	53.9902	6.07871	69.8719	200
4513	53.0195	6.24705	69.7402	200
4514	53.0611	6.41005	69.6099	200
4515	53.9216	6.55502	69.4874	200
4516	54.2404	6.68284	69.3752	200
4517	52.1299	6.83817	69.2484	200
4518	52.5322	6.98344	69.1255	200
4519	51.4294	7.14098	68.9954	200
4520	47.3869	7.35373	68.8365	200
4521	44.3918	7.60507	68.6568	200
4522	37.5194	7.95113	68.4278	200
4523	36.7712	8.29974	68.1951	200
4524	36.3873	8.64545	67.9612	200
4525	36.6592	8.97863	67.731	200
4526	36.6747	9.3033	67.5027	200
4527	36.6794	9.61977	67.276	200
4528	43.7177	9.82475	67.1028	200
4529	40.9246	10.0652	66.9103	200
4530	41.342	10.2932	66.7223	200
4531	42.1376	10.5034	66.5415	200
4532	42.2363	10.7064	66.3628	200
4533	41.2889	10.9177	66.1784	200
4534	49.2232	11.0064	66.0538	200
4535	44.0637	11.168	65.8921	200
4536	45.1424	11.3089	65.7395	200
4537	45.4896	11.4404	65.5906	200
4538	44.8508	11.5771	65.4381	200
4539	44.8312	11.7099	65.2866	200
4540	44.2263	11.8474	65.1317	200
4541	44.8666	11.9712	64.9827	200
4542	44.6001	12.0949	64.8329	200
4543	44.9826	12.2089	64.6869	200
4544	46.4551	12.2975	64.5528	200
4545	46.235	12.386	64.4182	200
4546	46.1241	12.4729	64.2836	200
4547	46.4909	12.5512	64.1528	200
4548	46.2397	12.63	64.0211	200
4549	47.2141	12.6914	63.8975	200
4550	46.8055	12.7561	63.7718	200
4551	47.0659	12.8142	63.649	200
4552	46.7247	12.8747	63.5246	200
4553	46.4524	12.9364	63.399	200
4554	46.9695	12.9878	63.2782	200
4555	47.4182	13.03	63.1616	200
4556	46.1502	13.0886	63.0365	200
4557	46.6609	13.1369	62.9161	200
4558	46.6418	13.183	62.7964	200
4559	46.7883	13.2246	62.6787	200
4560	46.8462	13.2629	62.5623	200
4561	47.546	13.2887	62.4519	200
4562	42.318	13.3894	62.3039	200
4563	40.9564	13.5064	62.1469	200
4564	47.6955	13.5203	62.0406	200
4565	45.7204	13.5615	61.9206	200
4566	45.8605	13.5982	61.8025	200
4567	48.7622	13.59	61.7067	200
4568	40.3539	13.7042	61.5496	200
4569	41.5254	13.7971	61.4024	200
4570	41.0798	13.8931	61.253	200
4571	43.9744	13.9429	61.1259	200
4572	44.4969	13.9824	61.0037	200
4573	44.6902	14.0167	60.8837	200
4574	44.5154	14.0512	60.7633	200
4575	44.4886	14.0839	60.6437	200
4576	44.6901	14.1114	60.5264	200
4577	44.9195	14.1334	60.4116	200
4578	42.8191	14.1843	60.2823	200
4579	44.0231	14.2148	60.1627	200
4580	43.4512	14.2515	60.0398	200
4581	43.1721	14.29	59.9158	200
4582	43.696	14.3184	59.7965	200
4583	43.1188	14.3531	59.6739	200
4584	43.9539	14.3732	59.5583	200
4585	43.7113	14.3936	59.4483	200
4586	43.6481	14.4132	59.3385	200
4587	43.62	14.4313	59.2294	200
4588	43.6125	14.4478	59.1209	200
4589	43.0028	14.471	59.009	200
4590	42.9216	14.4934	58.8973	200
4591	42.8778	14.5146	58.786	200
4592	42.5947	14.5379	58.6736	200
4593	43.8439	14.5419	58.5706	200
4594	43.4358	14.5502	58.4655	200
4595	43.4186	14.5571	58.361	200
4596	43.0674	14.5673	58.2548	200
4597	41.4519	14.5984	58.1381	200
4598	46.4961	14.5573	58.0573	200
4599	39.057	14.619	57.9253	200
4600	39.7886	14.6679	57.7994	200
4601	42.9613	14.6702	57.6963	200
4602	41.495	14.6915	57.5838	200
4603	41.7125	14.7079	57.4736	200
4604	41.6521	14.7233	57.3637	200
4605	41.6634	14.7369	57.2547	200
4606	37.9541	14.8003	57.1207	200
4607	37.6103	14.8657	56.9852	200
4608	37.5289	14.9295	56.8501	200
4609	37.6973	14.9881	56.7171	200
4610	38.5127	15.0328	56.5906	200
4611	41.9532	15.0273	56.489	200
4612	41.3013	15.0295	56.3835	200
4613	41.7811	15.0236	56.2821	200
4614	41.0094	15.0271	56.1761	200
4615	41.7101	15.0193	56.0756	200
4616	41.6539	15.011	55.9754	200
4617	41.1515	15.0084	55.8725	200
4618	41.6044	14.9981	55.7734	200
4619	42.133	14.9792	55.6787	200
4620	42.263	14.9575	55.5855	200
4621	42.2267	14.9353	55.4928	200
4622	43.1105	14.8998	55.4068	200
4623	43.2824	14.8613	55.3226	200
4624	43.1942	14.8233	55.2383	200
4625	43.1903	14.7848	55.1547	200
4626	44.5502	14.7267	55.081	200
4627	44.3583	14.6711	55.0066	200
4628	44.0595	14.6194	54.9306	200
4629	43.5181	14.5749	54.8513	200
4630	43.2351	14.5338	54.7706	200
4631	43.7798	14.4846	54.6943	200
4632	43.4945	14.4389	54.6165	200
4633	43.8313	14.3882	54.5416	200
4634	39.5461	14.3966	54.4375	200
4635	38.9934	14.4112	54.3302	200
4636	41.5851	14.388	54.2417	200
4637	44.0668	14.3295	54.1711	200
4638	42.7803	14.2887	54.092	200
4639	43.1975	14.2416	54.0163	200
4640	42.1455	14.2086	53.9339	200
4641	41.8381	14.1793	53.8499	200
4642	41.953	14.1476	53.7673	200
4643	42.2132	14.1116	53.687	200
4644	42.4626	14.0715	53.6091	200
4645	42.3066	14.033	53.5306	200
4646	46.1892	13.9401	53.4796	200
4647	42.3264	13.9014	53.4021	200
4648	42.457	13.8603	53.3261	200
4649	42.5091	13.818	53.251	200
4650	42.3852	13.777	53.1756	200
4651	42.3468	13.7361	53.1004	200
4652	42.3351	13.6948	53.0256	200
4653	42.3555	13.6528	52.9515	200
4654	42.2064	13.6124	52.8769	200
4655	41.9214	13.5755	52.8008	200
4656	42.1895	13.5343	52.7271	200
4657	42.8719	13.4833	52.6587	200
4658	42.6928	13.437	52.5931	200
4659	42.0233	13.3992	52.5236	200
4660	41.81	13.3639	52.4531	200
4661	41.9241	13.3266	52.3838	200
4662	42.0593	13.2871	52.3159	200
4663	40.3916	13.2692	52.2374	200
4664	40.7084	13.2463	52.1616	200
4665	40.8597	13.2207	52.0872	200
4666	40.2183	13.2029	52.0092	200
4667	41.0288	13.1737	51.9369	200
4668	40.3097	13.1533	51.8604	200
4669	40.1478	13.1344	51.7834	200
4670	43.3441	13.0726	51.7278	200
4671	42.8957	13.0168	51.6697	200
4672	45.9665	12.9205	51.6322	200
4673	48.2136	12.7955	51.6097	200
4674	42.3356	12.7492	51.5487	200
4675	42.4322	12.7014	51.4887	200
4676	41.6924	12.6632	51.4243	200
4677	41.8328	12.6227	51.3612	200
4678	41.7573	12.583	51.298	200
4679	41.9329	12.5407	51.2364	200
4680	41.6649	12.5016	51.1734	200
4681	41.6407	12.4625	51.1107	200
4682	49.128	12.3247	51.0976	200
4683	44.1564	12.2538	51.052	200
4684	44.5023	12.1788	51.0089	200
4685	44.3979	12.1055	50.9654	200
4686	44.7569	12.0279	50.9245	200
4687	44.5117	11.954	50.8824	200
4688	45.0841	11.873	50.8442	200
4689	45.0895	11.7925	50.8064	200
4690	45.1509	11.7118	50.7691	200
4691	45.4431	11.6278	50.7341	200
4692	44.8248	11.5525	50.6952	200
4693	45.2783	11.4718	50.6596	200
4694	45.2032	11.3926	50.6237	200
4695	45.8659	11.3053	50.5924	200
4696	45.7914	11.2197	50.5608	200
4697	45.7557	11.1353	50.5292	200
4698	45.8673	11.0502	50.4985	200
4699	45.8784	10.9656	50.4681	200
4700	45.7104	10.8839	50.4368	200
4701	45.8898	10.8005	50.4069	200
4702	47.9153	10.6912	50.3905	200
4703	47.8483	10.5839	50.3738	200
4704	47.7729	10.4789	50.3567	200
4705	48.0588	10.3712	50.3416	200
4706	48.372	10.2607	50.3286	200
4707	48.4944	10.1498	50.3165	200
4708	45.3443	10.0817	50.2838	200
4709	48.6989	9.9699	50.2734	200
4710	49.4123	9.85005	50.2677	200
4711	44.4258	9.79731	50.2293	200
4712	45.5734	9.72966	50.1987	200
4713	45.3697	9.66517	50.1669	200
4714	46.539	9.58573	50.143	200
4715	46.3807	9.50911	50.1183	200
4716	46.3798	9.43318	50.0937	200
4717	46.9084	9.35097	50.0727	200
4718	47.0123	9.2682	50.0526	200
4719	53.4845	9.19141	50.0752	200
4720	45.9776	9.12438	50.0482	200
4721	46.8492	9.04641	50.0272	200
4722	46.9002	8.96853	50.0066	200
4723	48.0768	8.87591	49.9939	200
4724	47.6643	8.78977	49.9786	200
4725	47.8298	8.70239	49.9644	200
4726	47.259	8.62348	49.9466	200
4727	47.8575	8.5375	49.9329	200
4728	47.9101	8.45178	49.9196	200
4729	47.6954	8.36984	49.9049	200
4730	47.7983	8.28743	49.8911	200
4731	47.7103	8.20708	49.8767	200
4732	47.7471	8.12711	49.8627	200
4733	47.9864	8.04486	49.8504	200
4734	48.5001	7.95678	49.8415	200
4735	48.5197	7.87384	49.8332	200
4736	48.6315	7.79044	49.8257	200
4737	48.5621	7.70885	49.8178	200
4738	48.6426	7.62718	49.8105	200
4739	48.5036	7.54818	49.8023	200
4740	47.8643	7.47805	49.7902	200
4741	45.8678	7.4336	49.7657	200
4742	45.7912	7.39036	49.7408	200
4743	45.7949	7.34731	49.7162	200
4744	46.3218	7.29789	49.695	200
4745	46.2739	7.24943	49.6736	200
4746	46.2428	7.2017	49.6521	200
4747	45.9874	7.15749	49.6292	200
4748	42.5645	7.15633	49.5851	200
4749	38.9915	7.19929	49.5189	200
4750	45.2185	7.16306	49.492	200
4751	44.461	7.1364	49.4605	200
4752	48.4639	7.05966	49.4543	200
4753	48.1632	6.98755	49.4462	200
4754	48.199	6.9158	49.4385	200
4755	48.3439	6.84303	49.4316	200
4756	48.1738	6.77322	49.4237	200
4757	48.4113	6.7012	49.4174	200
4758	41.7088	6.7138	49.3692	200
4759	48.8231	6.6367	49.3658	200
4760	48.3698	6.56619	49.3596	200
4761	48.2941	6.49743	49.3529	200
4762	47.0899	6.4445	49.3388	200
4763	48.0322	6.38028	49.3306	200
4764	48.0295	6.31679	49.3225	200
4765	47.8502	6.25623	49.3133	200
4766	47.3028	6.20316	49.3007	200
4767	47.209	6.15177	49.2877	200
4768	47.1457	6.10164	49.2743	200
4769	47.262	6.05053	49.2617	200
4770	47.2453	6.0001	49.2491	200
4771	47.317	5.94925	49.237	200
4772	47.0854	5.90178	49.2236	200
4773	47.2367	5.85284	49.2111	200
4774	47.9751	5.79513	49.2034	200
4775	47.9981	5.73776	49.1959	200
4776	47.8805	5.68248	49.1877	200
4777	47.9217	5.62727	49.1797	200
4778	47.7967	5.57421	49.1711	200
4779	47.9857	5.51936	49.1637	200
4780	48.7111	5.45602	49.1609	200
4781	48.5488	5.39547	49.157	200
4782	48.5485	5.33563	49.1532	200
4783	48.5694	5.27623	49.1496	200
4784	48.1448	5.22284	49.1433	200
4785	47.9612	5.17233	49.1359	200
4786	49.4446	5.11153	49.1378	200
4787	50.3784	5.06315	49.1456	200
4788	50.4707	5.01642	49.1539	200
4789	50.7005	4.97305	49.1635	200
4790	44.7789	4.96569	49.1361	200
4791	55.0117	4.97706	49.1729	200
4792	51.7791	4.94743	49.1892	200
4793	51.3837	4.91302	49.2029	200
4794	51.4202	4.87932	49.2167	200
4795	51.2937	4.84429	49.2297	200
4796	51.4635	4.81166	49.2437	200
4797	51.3393	4.77771	49.2568	200
4798	52.0796	4.75327	49.2744	200
4799	45.1863	4.74496	49.2489	200
4800	44.9868	4.73892	49.2222	200
4801	44.8567	4.73425	49.1949	200
4802	52.7991	4.72012	49.2175	200
4803	52.1481	4.69775	49.2358	200
4804	51.9174	4.67255	49.2525	200
4805	52.2335	4.65141	49.2712	200
4806	52.0935	4.62854	49.2888	200
4807	52.0845	4.60563	49.3063	200
4808	52.2617	4.585	49.3247	200
4809	52.0515	4.56177	49.3418	200
4810	52.0502	4.53861	49.3587	200
4811	52.0543	4.51557	49.3756	200
4812	52.0577	4.49265	49.3923	200
4813	52.1318	4.47074	49.4094	200
4814	52.0938	4.44841	49.4262	200
4815	52.7817	4.43474	49.4472	200
4816	52.9082	4.42315	49.4678	200
4817	52.824	4.41045	49.4878	200
4818	52.7712	4.39703	49.5073	200
4819	52.8207	4.38413	49.527	200
4820	52.8396	4.37137	49.5468	200
4821	52.7027	4.35691	49.5655	200
4822	52.8164	4.34374	49.5849	200
4823	52.8038	4.33035	49.6041	200
4824	54.6979	4.33943	49.6344	200
4825	53.6556	4.33565	49.6583	200
4826	53.7792	4.33309	49.6828	200
4827	52.1854	4.3113	49.6977	200
4828	51.492	4.28133	49.7084	200
4829	51.1773	4.24785	49.7172	200
4830	50.9359	4.21179	49.7244	200
4831	50.6332	4.17247	49.7298	200
4832	40.9101	4.22779	49.6773	200
4833	51.2813	4.19655	49.6869	200
4834	50.6977	4.15863	49.6929	200
4835	50.7549	4.12176	49.6992	200
4836	50.722	4.08487	49.7053	200
4837	50.1404	4.04142	49.7079	200
4838	49.9049	3.99565	49.7091	200
4839	49.1798	3.95438	49.7059	200
4840	49.2027	3.9133	49.7029	200
4841	49.195	3.87276	49.6999	200
4842	50.2191	3.83284	49.703	200
4843	48.668	3.79953	49.6968	200
4844	49.2095	3.7601	49.6939	200
4845	49.3906	3.71894	49.6921	200
4846	49.2443	3.68	49.6894	200
4847	49.6425	3.63675	49.6892	200
4848	49.3839	3.59709	49.6873	200
4849	49.409	3.55758	49.6857	200
4850	50.8569	3.52917	49.6927	200
4851	50.7629	3.4999	49.699	200
4852	51.52	3.47991	49.7099	200
4853	51.386	3.45844	49.7198	200
4854	51.5235	3.43873	49.7306	200
4855	51.5379	3.41931	49.7413	200
4856	51.4005	3.39836	49.7512	200
4857	52.1331	3.38626	49.7654	200
4858	51.9678	3.37216	49.7785	200
4859	52.0371	3.35891	49.7919	200
4860	52.306	3.34885	49.8069	200
4861	52.0657	3.33587	49.8203	200
4862	52.0148	3.32228	49.8334	200
4863	51.9792	3.30828	49.8462	200
4864	52.2048	3.29697	49.8602	200
4865	52.0933	3.2843	49.8735	200
4866	49.8129	3.24593	49.8731	200
4867	50.2745	3.21206	49.8755	200
4868	50.1617	3.17723	49.8772	200
4869	50.3041	3.14449	49.8798	200
4870	50.2796	3.11181	49.8822	200
4871	50.5392	3.08259	49.8861	200
4872	50.6159	3.05458	49.8904	200
4873	50.5479	3.02604	49.8943	200
4874	50.4752	2.99693	49.8978	200
4875	44.0454	3.03092	49.8629	200
4876	44.0979	3.06347	49.8286	200
4877	44.1124	3.09505	49.7946	200
4878	44.0741	3.12631	49.7606	200
4879	44.0317	3.15729	49.7265	200
4880	50.118	3.12436	49.7288	200
4881	49.9699	3.09004	49.7302	200
4882	49.9001	3.05527	49.7312	200
4883	50.1737	3.02417	49.7339	200
4884	58.6071	3.0938	49.7867	200
4885	52.9134	3.09419	49.8053	200
4886	52.4618	3.08898	49.8211	200
4887	52.3495	3.08231	49.8362	200
4888	52.5634	3.07808	49.8524	200
4889	52.2051	3.06945	49.8664	200
4890	52.4557	3.06373	49.8818	200
4891	52.2592	3.05556	49.8959	200
4892	50.9838	3.03213	49.9024	200
4893	51.0373	3.00955	49.9092	200
4894	50.3652	2.97915	49.9119	200
4895	50.3983	2.94947	49.9148	200
4896	50.2749	2.91865	49.9169	200
4897	50.2137	2.88743	49.9187	200
4898	50.4074	2.85888	49.9216	200
4899	50.8865	2.83633	49.9273	200
4900	51.5049	2.82134	49.9367	200
4901	52.877	2.82269	49.9534	200
4902	52.75	2.8224	49.9693	200
4903	52.8437	2.82299	49.9857	200
4904	52.7876	2.82275	50.0016	200
4905	52.8265	2.82277	50.0176	200
4906	52.8041	2.82236	50.0335	200
4907	52.7864	2.82157	50.0491	200
4908	53.6189	2.83007	50.0694	200
4909	53.8124	2.84044	50.0907	200
4910	53.9861	2.85243	50.1128	200
4911	53.9016	2.86307	50.1343	200
4912	54.0946	2.87554	50.1568	200
4913	53.9286	2.88572	50.1782	200
4914	53.719	2.89317	50.1984	200
4915	54.1253	2.90491	50.2207	200
4916	53.8554	2.91321	50.2413	200
4917	55.7759	2.94299	50.2728	200
4918	53.6295	2.94769	50.2918	200
4919	53.5151	2.95083	50.3102	200
4920	54.4421	2.96425	50.3336	200
4921	55.0414	2.98406	50.3604	200
4922	58.9381	3.04762	50.4091	200
4923	53.7503	3.05096	50.4281	200
4924	53.8544	3.05522	50.4476	200
4925	54.0109	3.061	50.4678	200
4926	54.3303	3.0701	50.4898	200
4927	46.3014	3.08281	50.466	200
4928	50.3407	3.0492	50.4653	200
4929	55.9455	3.07682	50.4964	200
4930	55.9504	3.10384	50.5274	200
4931	55.1296	3.12086	50.5535	200
4932	55.3456	3.13986	50.5808	200
4933	55.2254	3.15695	50.6071	200
4934	55.2225	3.17353	50.6334	200
4935	55.2203	3.18959	50.6594	200
4936	55.2156	3.20512	50.6853	200
4937	55.1368	3.21928	50.7106	200
4938	55.234	3.2341	50.7363	200
4939	55.1715	3.24775	50.7615	200
4940	55.3339	3.2628	50.7875	200
4941	55.2376	3.27629	50.8128	200
4942	54.72	3.28346	50.835	200
4943	54.829	3.29153	50.8577	200
4944	55.5112	3.30701	50.8841	200
4945	54.2206	3.30734	50.9031	200
4946	54.3284	3.30868	50.9225	200
4947	54.8367	3.31556	50.9448	200
4948	55.0222	3.32422	50.9679	200
4949	55.1146	3.33357	50.9915	200
4950	55.1208	3.34261	51.0149	200
4951	55.3942	3.35439	51.0398	200
4952	54.7678	3.35864	51.061	200
4953	54.8787	3.36385	51.0827	200
4954	54.6645	3.36633	51.1031	200
4955	55.4979	3.37801	51.128	200
4956	55.533	3.38969	51.153	200
4957	55.6122	3.40184	51.1784	200
4958	55.6921	3.41447	51.204	200
4959	55.1495	3.42051	51.2264	200
4960	55.5431	3.43069	51.251	200
4961	53.0382	3.41201	51.2611	200
4962	53.6685	3.4006	51.2748	200
4963	54.0673	3.39369	51.2907	200
4964	53.4885	3.38009	51.3032	200
4965	54.3224	3.37599	51.3203	200
4966	50.508	3.34686	51.3157	200
4967	49.6379	3.32789	51.3062	200
4968	49.6012	3.30945	51.2965	200
4969	52.4873	3.28538	51.3032	200
4970	55.6455	3.29738	51.3279	200
4971	57.2086	3.32674	51.3613	200
4972	54.6338	3.32612	51.3799	200
4973	53.5272	3.31273	51.3921	200
4974	53.963	3.3043	51.4067	200
4975	54.4782	3.30165	51.4242	200
4976	54.3921	3.29786	51.441	200
4977	54.5913	3.29618	51.4589	200
4978	54.5203	3.29351	51.4763	200
4979	54.5221	3.2907	51.4936	200
4980	54.6578	3.28926	51.5116	200
4981	54.5495	3.2864	51.5289	200
4982	54.589	3.28383	51.5463	200
4983	54.7443	3.28285	51.5644	200
4984	54.5757	3.27976	51.5815	200
4985	54.5811	3.27658	51.5986	200
4986	54.5278	3.27263	51.6152	200
4987	54.486	3.26807	51.6315	200
4988	54.7371	3.26622	51.6492	200
4989	55.2107	3.26957	51.6694	200
4990	55.3848	3.27442	51.6896	200
4991	55.1523	3.27646	51.7084	200
4992	54.3475	3.26954	51.7228	200
4993	54.5174	3.26437	51.738	200
4994	54.2605	3.25631	51.7517	200
4995	54.2898	3.2485	51.7655	200
4996	53.9289	3.23671	51.7772	200
4997	54.539	3.23155	51.7922	200
4998	54.4087	3.22486	51.8064	200
4999	54.5607	3.21974	51.8214	200
5000	53.702	3.20519	51.8316	200
5001	53.9636	3.19352	51.8432	200
5002	53.6579	3.17853	51.8531	200
5003	53.4907	3.16178	51.862	200
5004	53.9859	3.1505	51.8735	200
5005	54.072	3.14015	51.8855	200
5006	54.448	3.13387	51.8994	200
5007	55.2714	3.13646	51.9177	200
5008	55.1085	3.13705	51.9351	200
5009	56.7552	3.15535	51.9613	200
5010	55.4291	3.15874	51.9801	200
5011	55.2412	3.15985	51.9978	200
5012	55.3432	3.16187	52.016	200
5013	58.1929	3.19464	52.0496	200
5014	58.6492	3.23165	52.0854	200
5015	57.1311	3.25137	52.1129	200
5016	56.6009	3.26481	52.1373	200
5017	57.0736	3.28298	52.1641	200
5018	53.0059	3.25644	52.1687	200
5019	52.7632	3.22751	52.1719	200
5020	52.8443	3.19974	52.1755	200
5021	52.86	3.17239	52.1793	200
5022	52.8083	3.14475	52.1827	200
5023	52.9622	3.11904	52.1869	200
5024	52.8636	3.09249	52.1906	200
5025	52.9158	3.06676	52.1945	200
5026	53.1838	3.04418	52.1999	200
5027	55.3943	3.04581	52.2173	200
5028	56.051	3.05437	52.2381	200
5029	56.0217	3.0623	52.2587	200
5030	56.0103	3.06979	52.2791	200
5031	56.068	3.07761	52.2997	200
5032	56.1148	3.08562	52.3204	200
5033	55.937	3.0914	52.34	200
5034	56.3245	3.1011	52.3617	200
5035	56.8447	3.11612	52.3861	200
5036	56.5254	3.12724	52.4086	200
5037	57.0942	3.14418	52.434	200
5038	56.8842	3.15838	52.4582	200
5039	56.7425	3.17062	52.4815	200
5040	56.905	3.18423	52.5055	200
5041	56.841	3.19675	52.5291	200
5042	56.8201	3.20864	52.5524	200
5043	56.1371	3.21273	52.5719	200
5044	56.3878	3.21928	52.5926	200
5045	56.3008	3.2246	52.6128	200
5046	56.4679	3.23145	52.6337	200
5047	55.958	3.23246	52.6518	200
5048	56.339	3.2374	52.6718	200
5049	56.4363	3.24313	52.6923	200
5050	56.4975	3.24924	52.713	200
5051	58.3592	3.27529	52.7437	200
5052	59.2007	3.30987	52.7788	200
5053	55.2893	3.30118	52.7924	200
5054	58.5837	3.32825	52.8239	200
5055	56.1132	3.32783	52.8417	200
5056	56.7272	3.33389	52.8629	200
5057	56.7187	3.33956	52.8838	200
5058	60.1813	3.38258	52.9235	200
5059	59.7151	3.41963	52.9604	200
5060	56.1807	3.41747	52.9779	200
5061	54.5674	3.3976	52.9865	200
5062	59.3684	3.43004	53.0212	200
5063	57.4475	3.44086	53.0453	200
5064	56.5541	3.4416	53.0643	200
5065	56.7684	3.44445	53.0845	200
5066	56.6794	3.44609	53.104	200
5067	56.7342	3.44809	53.1237	200
5068	56.7152	3.44965	53.1433	200
5069	56.6053	3.44978	53.1621	200
5070	56.7369	3.45114	53.1815	200
5071	56.5301	3.45002	53.1997	200
5072	58.6356	3.47161	53.2292	200
5073	56.4235	3.4686	53.2466	200
5074	56.0342	3.46119	53.2617	200
5075	56.2459	3.45601	53.278	200
5076	56.3971	3.45235	53.2949	200
5077	57.4126	3.45958	53.3173	200
5078	57.49	3.46733	53.34	200
5079	57.2592	3.47224	53.3613	200
5080	57.2876	3.47717	53.3826	200
5081	58.3866	3.49377	53.4098	200
5082	59.0252	3.51683	53.4403	200
5083	58.784	3.53586	53.4682	200
5084	58.5586	3.55205	53.4947	200
5085	58.8559	3.5709	53.5226	200
5086	58.7491	3.58814	53.5498	200
5087	59.146	3.60906	53.579	200
5088	58.5508	3.62325	53.6049	200
5089	58.9101	3.64078	53.6325	200
5090	58.7696	3.65636	53.6592	200
5091	58.9703	3.6736	53.6869	200
5092	58.8917	3.68955	53.714	200
5093	59.0758	3.70696	53.7419	200
5094	58.8762	3.72183	53.7687	200
5095	59.074	3.73833	53.7963	200
5096	59.1773	3.75544	53.8243	200
5097	58.2619	3.76254	53.8474	200
5098	58.2999	3.76973	53.8706	200
5099	56.8941	3.76195	53.8864	200
5100	57.782	3.76335	53.9067	200
5101	54.5705	3.73106	53.9101	200
5102	54.782	3.70127	53.9147	200
5103	54.158	3.66525	53.9159	200
5104	59.1838	3.68195	53.9434	200
5105	59.41	3.70054	53.9718	200
5106	57.1075	3.69465	53.9882	200
5107	57.7675	3.69553	54.0079	200
5108	63.8184	3.75923	54.0589	200
5109	57.7722	3.75875	54.0783	200
5110	57.0133	3.75017	54.0936	200
5111	57.8147	3.74987	54.113	200
5112	57.8564	3.7498	54.1324	200
5113	57.8713	3.74968	54.1519	200
5114	57.7543	3.74815	54.1707	200
5115	57.9745	3.74873	54.1905	200
5116	57.9347	3.74868	54.21	200
5117	57.8617	3.74767	54.229	200
5118	58.1501	3.74948	54.2494	200
5119	55.6618	3.72513	54.2568	200
5120	55.7084	3.70145	54.2644	200
5121	55.2926	3.6736	54.2697	200
5122	55.5671	3.64885	54.2765	200
5123	59.0575	3.66064	54.3014	200
5124	57.9607	3.66063	54.3204	200
5125	57.8188	3.65894	54.3386	200
5126	58.8169	3.66747	54.362	200
5127	58.4774	3.67213	54.3834	200
5128	57.765	3.66911	54.401	200
5129	57.461	3.66276	54.4169	200
5130	58.395	3.66604	54.4377	200
5131	58.5169	3.67035	54.4589	200
5132	58.5795	3.67504	54.4804	200
5133	58.3634	3.6772	54.5006	200
5134	58.5265	3.68084	54.5216	200
5135	58.2774	3.68162	54.5411	200
5136	58.7832	3.68746	54.5632	200
5137	58.5397	3.69047	54.5839	200
5138	59.1364	3.69944	54.6076	200
5139	58.905	3.70567	54.63	200
5140	58.9225	3.71178	54.6524	200
5141	58.7627	3.71593	54.6738	200
5142	58.9965	3.72225	54.6963	200
5143	60.0395	3.73914	54.7241	200
5144	59.6562	3.75156	54.7498	200
5145	64.046	3.80932	54.7982	200
5146	61.8483	3.84308	54.8349	200
5147	62.1675	3.87943	54.8731	200
5148	61.5928	3.90901	54.9081	200
5149	61.9466	3.94161	54.9448	200
5150	61.8872	3.97287	54.981	200
5151	61.7297	4.00178	55.0161	200
5152	61.5781	4.02845	55.0503	200
5153	57.8185	4.01532	55.0647	200
5154	57.9345	4.00339	55.0796	200
5155	66.2709	4.07826	55.1379	200
5156	60.8167	4.09493	55.1675	200
5157	59.6453	4.09892	55.1908	200
5158	59.8442	4.1047	55.2151	200
5159	59.9221	4.11097	55.2396	200
5160	59.6711	4.11431	55.2627	200
5161	59.8897	4.11965	55.2868	200
5162	59.7948	4.12369	55.3102	200
5163	59.5863	4.12528	55.3325	200
5164	59.7965	4.12881	55.3558	200
5165	60.014	4.13432	55.38	200
5166	59.4989	4.13416	55.4015	200
5167	59.66	4.13546	55.4237	200
5168	59.6389	4.13629	55.4456	200
5169	59.602	4.1365	55.4673	200
5170	63.1488	4.17342	55.5073	200
5171	59.4239	4.17075	55.5277	200
5172	60.2559	4.17655	55.5523	200
5173	60.0592	4.18	55.5758	200
5174	59.2376	4.1746	55.5948	200
5175	59.6257	4.1731	55.6158	200
5176	59.2702	4.1677	55.6349	200
5177	59.634	4.16594	55.6557	200
5178	59.364	4.16117	55.675	200
5179	60.2758	4.16575	55.699	200
5180	60.3103	4.17021	55.722	200
5181	60.8814	4.1801	55.7478	200
5182	60.6033	4.18685	55.7721	200
5183	60.5609	4.19287	55.796	200
5184	60.5592	4.19857	55.8199	200
5185	60.5954	4.20434	55.8437	200
5186	60.4263	4.20812	55.8666	200
5187	59.9918	4.20729	55.8873	200
5188	60.1528	4.20788	55.9086	200
5189	60.0148	4.20686	55.9291	200
5190	60.5756	4.21126	55.9524	200
5191	63.3873	4.24349	55.9895	200
5192	62.0829	4.26199	56.02	200
5193	62.5636	4.28481	56.0527	200
5194	58.8818	4.27025	56.0669	200
5195	59.0296	4.25717	56.0817	200
5196	59.4292	4.24808	56.0984	200
5197	59.1609	4.23622	56.1137	200
5198	59.4424	4.22714	56.1304	200
5199	59.365	4.21722	56.1465	200
5200	64.5389	4.25897	56.1885	200
5201	59.68	4.25129	56.206	200
5202	61.0093	4.25681	56.23	200
5203	69.9875	4.35182	56.2988	200
5204	61.6859	4.36217	56.3257	200
5205	61.3214	4.36851	56.3507	200
5206	61.3085	4.3744	56.3755	200
5207	61.1907	4.37881	56.3995	200
5208	60.4887	4.37591	56.42	200
5209	60.6148	4.3741	56.441	200
5210	60.5184	4.37113	56.4613	200
5211	60.6612	4.36942	56.4823	200
5212	60.6858	4.36776	56.5034	200
5213	60.5462	4.36451	56.5236	200
5214	60.3662	4.35929	56.5428	200
5215	60.5992	4.35626	56.5631	200
5216	61.0424	4.35749	56.5855	200
5217	60.5978	4.35404	56.6055	200
5218	65.689	4.40133	56.6509	200
5219	61.6279	4.40709	56.6758	200
5220	62.5866	4.42213	56.7054	200
5221	61.8575	4.42943	56.7311	200
5222	62.3428	4.44125	56.7592	200
5223	61.9494	4.44874	56.7851	200
5224	62.3597	4.46	56.813	200
5225	61.8905	4.46617	56.8384	200
5226	61.9463	4.47259	56.8639	200
5227	61.8653	4.47787	56.8889	200
5228	61.738	4.48159	56.9132	200
5229	62.8141	4.49578	56.9427	200
5230	62.741	4.5088	56.9717	200
5231	61.9176	4.51317	56.9964	200
5232	62.3166	4.52124	57.023	200
5233	62.2354	4.52815	57.0491	200
5234	62.4419	4.5368	57.076	200
5235	62.5239	4.54591	57.1033	200
5236	62.4486	4.5539	57.13	200
5237	62.6271	4.56334	57.1575	200
5238	63.9369	4.58549	57.1914	200
5239	64.1698	4.60942	57.2263	200
5240	63.4503	4.62557	57.2574	200
5241	61.1373	4.61811	57.2768	200
5242	61.9933	4.61909	57.3004	200
5243	61.7026	4.61693	57.3224	200
5244	61.5013	4.61254	57.3433	200
5245	62.355	4.61654	57.3683	200
5246	61.6978	4.61366	57.39	200
5247	61.5846	4.60947	57.411	200
5248	60.8564	4.59783	57.4282	200
5249	65.6133	4.6337	57.4691	200
5250	60.4123	4.6168	57.4838	200
5251	61.9756	4.61555	57.5063	200
5252	70.4288	4.69862	57.5709	200
5253	63.5804	4.71173	57.6009	200
5254	62.5388	4.71399	57.6256	200
5255	61.6682	4.70727	57.6458	200
5256	61.7838	4.70158	57.6665	200
5257	62.447	4.70237	57.6904	200
5258	61.796	4.6964	57.711	200
5259	62.4922	4.69724	57.7349	200
5260	62.8123	4.70105	57.7603	200
5261	62.7027	4.70346	57.785	200
5262	62.7714	4.70629	57.8099	200
5263	62.7346	4.70847	57.8345	200
5264	62.1473	4.70452	57.8561	200
5265	62.306	4.70197	57.8783	200
5266	62.9563	4.70573	57.9037	200
5267	68.0107	4.75974	57.9543	200
5268	62.9622	4.76222	57.9793	200
5269	63.2245	4.76705	58.0055	200
5270	62.0444	4.75977	58.0257	200
5271	62.3167	4.75508	58.0472	200
5272	61.9381	4.74644	58.0666	200
5273	62.2554	4.74086	58.0876	200
5274	62.1563	4.73414	58.1079	200
5275	62.5883	4.7316	58.1303	200
5276	62.3051	4.72604	58.1512	200
5277	62.4703	4.72197	58.1728	200
5278	62.2498	4.71552	58.1932	200
5279	62.0563	4.70699	58.2125	200
5280	64.5683	4.72348	58.2443	200
5281	64.7429	4.74055	58.2755	200
5282	64.6913	4.75666	58.3064	200
5283	65.4494	4.7796	58.3407	200
5284	64.9672	4.79736	58.3725	200
5285	65.2163	4.81704	58.4055	200
5286	64.67	4.83096	58.4356	200
5287	64.6584	4.84434	58.4655	200
5288	65.1065	4.86161	58.4974	200
5289	63.7127	4.86501	58.5225	200
5290	63.0624	4.86189	58.5443	200
5291	63.9884	4.86748	58.5705	200
5292	63.4763	4.86785	58.5941	200
5293	62.8311	4.86179	58.6144	200
5294	63.4317	4.86136	58.6376	200
5295	64.3312	4.86936	58.665	200
5296	63.4978	4.86901	58.6882	200
5297	63.3395	4.86691	58.7106	200
5298	63.498	4.86615	58.7336	200
5299	67.0799	4.89961	58.7737	200
5300	63.2585	4.89562	58.7953	200
5301	65.0878	4.90905	58.8255	200
5302	72.8582	4.99678	58.893	200
5303	64.235	5.0001	58.9187	200
5304	62.9593	4.99087	58.9381	200
5305	63.4409	4.98618	58.9597	200
5306	63.4521	4.98143	58.9813	200
5307	63.3121	4.97517	59.0022	200
5308	62.644	4.96235	59.0197	200
5309	64.1629	4.96409	59.0444	200
5310	63.1158	4.95551	59.064	200
5311	63.4839	4.95036	59.0852	200
5312	63.3809	4.94406	59.1059	200
5313	63.2977	4.93683	59.126	200
5314	63.4589	4.93102	59.1469	200
5315	63.9352	4.92965	59.1699	200
5316	64.5048	4.93354	59.1955	200
5317	65.1102	4.94298	59.224	200
5318	62.6116	4.92802	59.2402	200
5319	63.3681	4.92033	59.2601	200
5320	63.2119	4.91101	59.2791	200
5321	63.4514	4.90391	59.2991	200
5322	63.3077	4.8953	59.3184	200
5323	63.3292	4.8868	59.3377	200
5324	63.5486	4.8803	59.3579	200
5325	62.8648	4.86709	59.3748	200
5326	63.1848	4.85693	59.3931	200
5327	63.9444	4.85399	59.415	200
5328	63.4314	4.84593	59.4343	200
5329	63.3217	4.83672	59.453	200
5330	63.2183	4.82641	59.4711	200
5331	61.4486	4.79902	59.4806	200
5332	62.1666	4.7787	59.4935	200
5333	62.1784	4.75857	59.5064	200
5334	62.3745	4.74039	59.5202	200
5335	61.4774	4.71363	59.5296	200
5336	62.2392	4.69436	59.5426	200
5337	62.9649	4.68213	59.5591	200
5338	63.4411	4.67443	59.5778	200
5339	64.4886	4.6767	59.6014	200
5340	64.2327	4.67627	59.6236	200
5341	63.9732	4.67312	59.6446	200
5342	65.0449	4.68012	59.6705	200
5343	64.079	4.67751	59.6917	200
5344	64.1899	4.67578	59.7133	200
5345	64.8043	4.67977	59.7378	200
5346	64.9455	4.68485	59.7628	200
5347	64.1725	4.6822	59.784	200
5348	64.2771	4.68038	59.8056	200
5349	64.243	4.67804	59.827	200
5350	67.0532	4.70255	59.8617	200
5351	64.2543	4.69956	59.8828	200
5352	63.6407	4.69051	59.9009	200
5353	65.048	4.6949	59.9256	200
5354	55.3801	4.69346	59.9038	200
5355	62.1962	4.67038	59.9148	200
5356	61.0878	4.63675	59.9205	200
5357	60.9982	4.60252	59.9256	200
5358	61.6021	4.57439	59.9337	200
5359	61.4082	4.54458	59.9408	200
5360	61.5628	4.51648	59.9486	200
5361	60.6515	4.47981	59.952	200
5362	60.8939	4.44579	59.9565	200
5363	60.3433	4.40676	59.9583	200
5364	60.3224	4.36789	59.9601	200
5365	60.4097	4.33021	59.9623	200
5366	60.4072	4.29286	59.9644	200
5367	60.5122	4.25685	59.967	200
5368	59.7131	4.21835	59.9658	200
5369	58.1531	4.19522	59.9571	200
5370	55.9606	4.19331	59.9379	200
5371	55.2874	4.19771	59.9155	200
5372	55.1906	4.20277	59.8928	200
5373	55.3255	4.20628	59.8708	200
5374	55.0883	4.21182	59.8479	200
5375	55.1614	4.21638	59.8253	200
5376	55.1419	4.22087	59.8028	200
5377	55.1917	4.22463	59.7806	200
5378	55.2481	4.22759	59.7588	200
5379	54.7927	4.23469	59.735	200
5380	55.3104	4.23651	59.7137	200
5381	55.6052	4.23528	59.6939	200
5382	55.4811	4.23506	59.6737	200
5383	55.4905	4.23456	59.6536	200
5384	55.3344	4.23538	59.6328	200
5385	56.1435	4.2282	59.616	200
5386	56.3067	4.21969	59.6007	200
5387	56.1334	4.21273	59.5847	200
5388	56.3116	4.20403	59.5695	200
5389	56.1189	4.19705	59.5535	200
5390	54.6795	4.20332	59.531	200
5391	54.8204	4.20801	59.5092	200
5392	53.8522	4.22143	59.483	200
5393	53.6784	4.23609	59.4561	200
5394	53.7453	4.24974	59.4297	200
5395	53.7107	4.26334	59.4032	200
5396	53.7062	4.27662	59.3768	200
5397	53.5416	4.29105	59.3498	200
5398	52.822	4.31176	59.3196	200
5399	51.9228	4.34032	59.2853	200
5400	51.9161	4.36837	59.2512	200
5401	51.743	4.39744	59.2164	200
5402	52.1512	4.42214	59.1837	200
5403	49.7119	4.4689	59.1399	200
5404	48.8406	4.52288	59.0922	200
5405	48.2786	4.58113	59.0421	200
5406	45.2212	4.66668	58.9781	200
5407	45.7954	4.74554	58.9171	200
5408	37.6137	4.89885	58.8185	200
5409	38.041	5.04587	58.7223	200
5410	37.9273	5.1917	58.626	200
5411	37.2839	5.34124	58.5272	200
5412	37.5673	5.48585	58.4302	200
5413	38.3515	5.62097	58.3372	200
5414	38.3507	5.75399	58.2447	200
5415	38.2318	5.88601	58.152	200
5416	38.1776	6.01646	58.0596	200
5417	38.496	6.1419	57.969	200
5418	38.3318	6.26685	57.8781	200
5419	38.1323	6.39166	57.7867	200
5420	38.0344	6.51537	57.6952	200
5421	38.4492	6.63324	57.6061	200
5422	39.0204	6.74391	57.5201	200
5423	38.4718	6.85784	57.4319	200
5424	38.4699	6.96991	57.3441	200
5425	38.2384	7.08228	57.2556	200
5426	38.0558	7.19448	57.1667	200
5427	37.6701	7.30839	57.0765	200
5428	37.7396	7.41976	56.987	200
5429	37.6597	7.53002	56.8975	200
5430	37.9597	7.63564	56.8098	200
5431	37.4208	7.74447	56.72	200
5432	37.3509	7.85211	56.6304	200
5433	37.3898	7.95756	56.5413	200
5434	37.507	8.06012	56.4532	200
5435	38.0846	8.15556	56.3681	200
5436	37.4123	8.25557	56.2804	200
5437	38.3158	8.34547	56.1972	200
5438	38.0372	8.43634	56.1131	200
5439	39.0106	8.51658	56.0339	200
5440	38.6622	8.59857	55.9535	200
5441	39.027	8.67568	55.8752	200
5442	38.6857	8.75452	55.7956	200
5443	39.0753	8.82827	55.7182	200
5444	38.9382	8.9019	55.6405	200
5445	39.0496	8.97309	55.5637	200
5446	38.8526	9.04474	55.4863	200
5447	38.9663	9.11396	55.4098	200
5448	38.997	9.18154	55.3338	200
5449	38.4749	9.25262	55.2558	200
5450	38.5339	9.32178	55.1784	200
5451	38.6616	9.3884	55.1019	200
5452	39.1351	9.44931	55.028	200
5453	39.2403	9.508	54.9549	200
5454	38.6032	9.57137	54.8792	200
5455	38.5789	9.63367	54.8037	200
5456	38.2712	9.69755	54.7272	200
5457	38.1844	9.76093	54.6506	200
5458	38.0667	9.82411	54.5738	200
5459	38.6728	9.88037	54.5002	200
5460	39.4693	9.92806	54.4306	200
5461	38.664	9.98212	54.3576	200
5462	39.5466	10.0268	54.2891	200
5463	39.2607	10.0731	54.2195	200
5464	39.3684	10.1174	54.1507	200
5465	39.3133	10.1611	54.082	200
5466	39.2733	10.2041	54.0135	200
5467	38.6935	10.2515	53.9425	200
5468	38.4416	10.3001	53.8708	200
5469	38.0259	10.3514	53.7974	200
5470	38.0401	10.4015	53.7245	200
5471	38.5472	10.4457	53.6542	200
5472	38.8605	10.486	53.5857	200
5473	38.6731	10.527	53.5167	200
5474	39.1125	10.5629	53.45	200
5475	38.7762	10.6009	53.3821	200
5476	37.436	10.6504	53.3082	200
5477	38.1231	10.6924	53.2379	200
5478	37.7674	10.7366	53.1663	200
5479	38.7684	10.7705	53.0996	200
5480	38.9597	10.8017	53.0342	200
5481	39.5083	10.827	52.9716	200
5482	39.7126	10.8495	52.9102	200
5483	39.5491	10.8727	52.8483	200
5484	39.7246	10.8936	52.7876	200
5485	39.5012	10.9157	52.7261	200
5486	39.6161	10.936	52.6654	200
5487	39.6336	10.9554	52.605	200
5488	39.4243	10.9761	52.544	200
5489	38.7271	11.0024	52.48	200
5490	39.2865	11.0226	52.419	200
5491	38.6799	11.0478	52.3553	200
5492	38.9609	11.0695	52.2933	200
5493	38.643	11.0934	52.2301	200
5494	38.7197	11.1158	52.1676	200
5495	39.0492	11.1337	52.109	200
5496	39.5316	11.1466	52.0529	200
5497	39.5158	11.159	51.9969	200
5498	39.2899	11.1728	51.9402	200
5499	38.8571	11.1899	51.8818	200
5500	38.7257	11.2074	51.823	200
5501	39.1317	11.2207	51.7664	200
5502	38.7668	11.2365	51.7083	200
5503	38.6993	11.2524	51.6503	200
5504	39.5314	11.2601	51.5962	200
5505	38.9999	11.272	51.5399	200
5506	39.1266	11.2822	51.4845	200
5507	39.2483	11.2907	51.4299	200
5508	38.7135	11.3035	51.3731	200
5509	39.9921	11.3042	51.3223	200
5510	39.4411	11.3093	51.2693	200
5511	39.2506	11.3156	51.2156	200
5512	39.6224	11.3181	51.1639	200
5513	39.9434	11.3173	51.1138	200
5514	39.8106	11.3171	51.0633	200
5515	39.0061	11.3237	51.0095	200
5516	40.0718	11.3203	50.9606	200
5517	39.1722	11.3245	50.908	200
5518	39.0441	11.3293	50.8551	200
5519	38.9873	11.3341	50.8021	200
5520	39.0108	11.3382	50.7494	200
5521	39.2549	11.3396	50.6981	200
5522	38.2928	11.3491	50.6427	200
5523	38.3904	11.3571	50.588	200
5524	40.085	11.3495	50.5411	200
5525	39.9767	11.3425	50.494	200
5526	38.8912	11.3448	50.4422	200
5527	39.0651	11.3451	50.3914	200
5528	39.3656	11.3423	50.3422	200
5529	38.4516	11.3472	50.2891	200
5530	39.1237	11.3455	50.2392	200
5531	39.1265	11.3435	50.1896	200
5532	39.4056	11.3385	50.1415	200
5533	39.4622	11.3326	50.0938	200
5534	39.4842	11.3261	50.0464	200
5535	39.1773	11.322	49.9979	200
5536	39.7099	11.3128	49.952	200
5537	39.4353	11.3057	49.905	200
5538	40.5104	11.2886	49.8631	200
5539	39.4852	11.2805	49.8168	200
5540	39.3984	11.2728	49.7703	200
5541	38.6807	11.2712	49.7208	200
5542	40.0911	11.2565	49.6778	200
5543	40.0151	11.2423	49.6346	200
5544	39.8965	11.2289	49.5912	200
5545	40.0925	11.2134	49.5487	200
5546	39.8954	11.1995	49.5057	200
5547	39.1342	11.1921	49.4594	200
5548	40.0404	11.1762	49.4173	200
5549	40.6294	11.1549	49.3781	200
5550	41.3325	11.1272	49.3421	200
5551	41.969	11.0936	49.3092	200
5552	40.5816	11.0725	49.2703	200
5553	41.0793	11.0468	49.2337	200
5554	40.6706	11.0246	49.1955	200
5555	41.6198	10.9938	49.1617	200
5556	40.9589	10.9689	49.125	200
5557	41.5687	10.9384	49.0913	200
5558	41.6422	10.9073	49.058	200
5559	41.6707	10.8758	49.0251	200
5560	40.2937	10.8567	48.9861	200
5561	40.2861	10.8374	48.9472	200
5562	41.0405	10.8113	48.9119	200
5563	41.14	10.7841	48.8772	200
5564	41.2663	10.7558	48.8433	200
5565	40.8717	10.7309	48.8077	200
5566	42.2288	10.6939	48.7783	200
5567	42.1889	10.6572	48.7489	200
5568	41.0848	10.6305	48.7147	200
5569	40.3451	10.6103	48.6773	200
5570	40.7583	10.5863	48.642	200
5571	41.119	10.5589	48.6084	200
5572	41.173	10.531	48.5752	200
5573	41.5472	10.4998	48.5438	200
5574	40.9961	10.4734	48.5101	200
5575	41.5312	10.4422	48.479	200
5576	41.0123	10.4156	48.4456	200
5577	41.4688	10.3849	48.4145	200
5578	41.4714	10.3542	48.3835	200
5579	42.1441	10.3175	48.3556	200
5580	41.7299	10.2845	48.326	200
5581	41.0565	10.2576	48.2936	200
5582	42.6149	10.2167	48.2682	200
5583	41.9315	10.1821	48.24	200
5584	41.204	10.154	48.2085	200
5585	42.453	10.1147	48.1828	200
5586	41.7689	10.0816	48.1542	200
5587	42.2381	10.0445	48.1278	200
5588	42.2602	10.0072	48.1016	200
5589	41.8107	9.97398	48.0735	200
5590	40.426	9.95321	48.0394	200
5591	41.8071	9.91998	48.0116	200
5592	41.0684	9.8934	47.9806	200
5593	41.7562	9.86064	47.9528	200
5594	40.1255	9.84249	47.9178	200
5595	40.1022	9.82439	47.8829	200
5596	42.4671	9.78502	47.8588	200
5597	42.406	9.74634	47.8344	200
5598	41.751	9.71364	47.8073	200
5599	41.7238	9.68123	47.7801	200
5600	41.5035	9.65083	47.7521	200
5601	40.7343	9.62732	47.7207	200
5602	41.8497	9.59378	47.6945	200
5603	41.8587	9.56022	47.6685	200
5604	41.558	9.52942	47.6412	200
5605	40.9531	9.50405	47.6113	200
5606	41.8573	9.47057	47.5857	200
5607	42.1093	9.43491	47.5612	200
5608	41.8312	9.40297	47.5365	200
5609	41.8348	9.37106	47.5119	200
5610	40.9993	9.34642	47.4839	200
5611	42.6944	9.30713	47.4632	200
5612	41.7809	9.27589	47.4387	200
5613	41.828	9.24429	47.4145	200
5614	42.235	9.20925	47.3922	200
5615	41.6539	9.17932	47.3675	200
5616	41.0719	9.15446	47.3403	200
5617	42.4186	9.11797	47.3191	200
5618	42.6027	9.08003	47.2988	200
5619	41.8866	9.04841	47.2755	200
5620	40.4922	9.02888	47.2462	200
5621	41.845	8.99761	47.2229	200
5622	41.8464	8.96639	47.1998	200
5623	40.473	8.94708	47.1708	200
5624	40.1228	8.93071	47.1404	200
5625	41.25	8.9045	47.115	200
5626	42.2394	8.86977	47.094	200
5627	42.3568	8.83414	47.0736	200
5628	41.5095	8.80595	47.0496	200
5629	40.8723	8.78329	47.023	200
5630	41.3907	8.75613	46.9987	200
5631	41.4056	8.72886	46.9746	200
5632	40.2812	8.71131	46.9457	200
5633	42.4812	8.6747	46.9265	200
5634	41.1668	8.64957	46.9017	200
5635	41.1379	8.62469	46.8768	200
5636	41.7738	8.59433	46.8548	200
5637	40.5287	8.57478	46.8275	200
5638	40.5781	8.55473	46.8006	200
5639	40.8347	8.53241	46.7749	200
5640	40.7428	8.51086	46.7489	200
5641	41.9778	8.47862	46.7283	200
5642	40.7595	8.45698	46.7026	200
5643	40.1475	8.44059	46.6743	200
5644	41.4438	8.41291	46.6518	200
5645	40.8181	8.39068	46.6266	200
5646	41.6076	8.36161	46.605	200
5647	41.6757	8.33202	46.5838	200
5648	39.8026	8.31865	46.5545	200
5649	40.8918	8.29576	46.5301	200
5650	40.5553	8.27575	46.5044	200
5651	41.2133	8.25002	46.4816	200
5652	41.2533	8.22397	46.459	200
5653	38.8662	8.21853	46.4263	200
5654	41.1442	8.19321	46.4035	200
5655	40.0306	8.17752	46.3761	200
5656	40.1836	8.16041	46.3494	200
5657	40.0294	8.14454	46.3221	200
5658	41.4144	8.11664	46.301	200
5659	39.6988	8.10358	46.2725	200
5660	40.9537	8.07957	46.2496	200
5661	40.337	8.06089	46.2241	200
5662	40.32	8.0423	46.1987	200
5663	38.6877	8.03772	46.1663	200
5664	40.6038	8.01638	46.1423	200
5665	40.9416	7.99211	46.1199	200
5666	40.9779	7.96753	46.0977	200
5667	40.9994	7.9428	46.0757	200
5668	41.0057	7.91803	46.0539	200
5669	40.8547	7.89459	46.0315	200
5670	41.4941	7.86565	46.0119	200
5671	42.1693	7.83097	45.9954	200
5672	40.2818	7.81272	45.9707	200
5673	40.1873	7.79522	45.9458	200
5674	41.4253	7.76699	45.9263	200
5675	40.0652	7.75056	45.9011	200
5676	41.1819	7.72443	45.8807	200
5677	40.3427	7.70558	45.8568	200
5678	41.7711	7.67437	45.8392	200
5679	40.2696	7.65623	45.8152	200
5680	41.142	7.63051	45.7951	200
5681	41.7991	7.59918	45.7779	200
5682	42.4267	7.56256	45.7634	200
5683	40.9703	7.53868	45.7428	200
5684	39.9466	7.52366	45.7178	200
5685	40.9696	7.49973	45.6973	200
5686	40.7809	7.47746	45.6761	200
5687	40.8986	7.45419	45.6555	200
5688	40.7987	7.43179	45.6346	200
5689	40.911	7.40845	45.6142	200
5690	40.9297	7.38496	45.594	200
5691	40.9998	7.3609	45.5742	200
5692	41.7519	7.3304	45.5577	200
5693	42.5313	7.29329	45.5447	200
5694	40.7106	7.2721	45.5239	200
5695	40.7102	7.2509	45.5031	200
5696	42.4634	7.2146	45.49	200
5697	40.4082	7.19621	45.4681	200
5698	41.1738	7.17119	45.4496	200
5699	39.9509	7.15677	45.4259	200
5700	41.6458	7.12767	45.4096	200
5701	41.6667	7.09849	45.3935	200
5702	41.2131	7.07333	45.3754	200
5703	40.79	7.05188	45.3557	200
5704	41.2372	7.02659	45.3379	200
5705	41.2065	7.00163	45.3201	200
5706	41.2581	6.97629	45.3026	200
5707	41.6122	6.94796	45.2867	200
5708	40.7586	6.9271	45.2672	200
5709	41.3188	6.90142	45.2502	200
5710	41.297	6.87601	45.2331	200
5711	41.2941	6.85069	45.2162	200
5712	40.8652	6.82914	45.1974	200
5713	40.4755	6.81097	45.177	200
5714	39.8152	6.79848	45.1539	200
5715	41.3848	6.77236	45.1377	200
5716	39.9881	6.75837	45.1155	200
5717	41.9774	6.72716	45.102	200
5718	40.7316	6.70684	45.0831	200
5719	40.7166	6.68667	45.0643	200
5720	42.1257	6.65436	45.0516	200
5721	42.1709	6.62183	45.0392	200
5722	41.3222	6.59678	45.0232	200
5723	41.6418	6.56906	45.0086	200
5724	41.6944	6.54101	44.9943	200
5725	41.274	6.5175	44.9788	200
5726	42.5823	6.48316	44.9688	200
5727	43.2098	6.44379	44.9615	200
5728	41.2868	6.42071	44.9462	200
5729	40.5643	6.40372	44.9279	200
5730	39.8789	6.39243	44.9069	200
5731	42.8703	6.35613	44.8984	200
5732	42.9149	6.31969	44.8902	200
5733	41.6425	6.29409	44.8766	200
5734	41.6342	6.26866	44.8631	200
5735	42.2047	6.23858	44.852	200
5736	42.2631	6.20816	44.8412	200
5737	42.3442	6.17723	44.8308	200
5738	42.3463	6.14646	44.8205	200
5739	42.323	6.11605	44.8101	200
5740	41.764	6.09047	44.7974	200
5741	41.8535	6.06425	44.7851	200
5742	42.9426	6.02907	44.7774	200
5743	43.003	5.99361	44.77	200
5744	41.1202	5.97408	44.7548	200
5745	42.4559	5.94345	44.7453	200
5746	41.9078	5.91757	44.7334	200
5747	42.6441	5.88567	44.7247	200
5748	42.5183	5.855	44.7155	200
5749	43.2451	5.81846	44.7094	200
5750	41.0378	5.80057	44.6941	200
5751	42.0915	5.77392	44.6833	200
5752	41.6052	5.75146	44.6704	200
5753	43.2971	5.71497	44.6647	200
5754	43.2732	5.67894	44.6589	200
5755	41.4415	5.65843	44.6455	200
5756	42.7768	5.62685	44.6377	200
5757	41.7706	5.60385	44.6258	200
5758	41.7336	5.58125	44.6137	200
5759	39.9663	5.57347	44.5944	200
5760	42.5865	5.54376	44.586	200
5761	42.1547	5.51782	44.5759	200
5762	42.5656	5.48859	44.5675	200
5763	41.3045	5.47004	44.5539	200
5764	41.3308	5.45132	44.5405	200
5765	43.0809	5.41805	44.5344	200
5766	41.1021	5.4015	44.5201	200
5767	41.0808	5.38515	44.5057	200
5768	41.3838	5.36629	44.4927	200
5769	41.4096	5.34726	44.4799	200
5770	43.2303	5.31311	44.4747	200
5771	41.3708	5.2947	44.4618	200
5772	41.4056	5.27605	44.449	200
5773	43.6469	5.23876	44.4457	200
5774	42.052	5.21506	44.4357	200
5775	42.0056	5.19185	44.4256	200
5776	39.9725	5.18569	44.407	200
5777	42.6095	5.15746	44.3995	200
5778	42.5951	5.12951	44.392	200
5779	41.9616	5.10702	44.3819	200
5780	41.957	5.08467	44.3718	200
5781	40.6694	5.07315	44.3564	200
5782	41.9229	5.05115	44.3462	200
5783	41.9272	5.02922	44.3361	200
5784	42.6283	5.00154	44.329	200
5785	43.2904	4.96851	44.3247	200
5786	41.9867	4.94659	44.3149	200
5787	41.3529	4.93005	44.3026	200
5788	41.3374	4.91368	44.2903	200
5789	43.3623	4.88046	44.2864	200
5790	43.3356	4.84772	44.2824	200
5791	40.3788	4.83985	44.2662	200
5792	42.9952	4.81011	44.2609	200
5793	43.0141	4.78041	44.2557	200
5794	43.6635	4.74551	44.2532	200
5795	43.2272	4.71451	44.2489	200
5796	43.1877	4.68407	44.2445	200
5797	41.6557	4.66661	44.2337	200
5798	43.6377	4.63268	44.2312	200
5799	42.1917	4.61107	44.2227	200
5800	42.1519	4.5899	44.2141	200
5801	41.4359	4.57481	44.2025	200
5802	41.7311	4.55728	44.1922	200
5803	41.7147	4.53995	44.1819	200
5804	43.485	4.50792	44.179	200
5805	42.203	4.48682	44.1708	200
5806	43.5934	4.45424	44.1684	200
5807	41.6508	4.4381	44.1579	200
5808	43.0327	4.41049	44.1532	200
5809	42.274	4.3894	44.1454	200
5810	42.6741	4.36508	44.1392	200
5811	40.8992	4.35571	44.1257	200
5812	42.9924	4.32885	44.121	200
5813	41.2554	4.31666	44.1091	200
5814	41.2302	4.30467	44.0971	200
5815	41.2118	4.29284	44.085	200
5816	42.4183	4.27096	44.0781	200
5817	42.6848	4.24698	44.0723	200
5818	43.551	4.21593	44.0701	200
5819	43.6017	4.1847	44.0682	200
5820	40.991	4.17547	44.0553	200
5821	41.34	4.1633	44.044	200
5822	42.1647	4.14427	44.0362	200
5823	43.0694	4.11779	44.0322	200
5824	43.0628	4.09155	44.0281	200
5825	42.7087	4.06845	44.0226	200
5826	42.7667	4.04501	44.0174	200
5827	43.7358	4.01365	44.0162	200
5828	42.197	3.99536	44.0086	200
5829	42.2089	3.97707	44.0011	200
5830	42.61	3.95552	43.9953	200
5831	42.6135	3.93407	43.9896	200
5832	42.5422	3.91335	43.9836	200
5833	40.2473	3.91187	43.968	200
5834	42.1555	3.89438	43.9604	200
5835	42.1888	3.87669	43.9531	200
5836	42.2248	3.85878	43.9459	200
5837	42.4132	3.8394	43.9395	200
5838	42.2717	3.8213	43.9325	200
5839	42.2397	3.80356	43.9255	200
5840	42.2344	3.78596	43.9184	200
5841	42.2366	3.76842	43.9114	200
5842	42.2968	3.75047	43.9047	200
5843	42.308	3.73252	43.898	200
5844	43.0128	3.7088	43.8943	200
5845	43.0654	3.6848	43.8909	200
5846	41.6606	3.67307	43.8819	200
5847	41.6332	3.66158	43.8728	200
5848	44.3539	3.63593	43.8748	200
5849	44.3908	3.61077	43.8768	200
5850	43.0671	3.58818	43.8736	200
5851	44.1665	3.56161	43.8748	200
5852	44.0996	3.5347	43.8757	200
5853	41.4831	3.52548	43.866	200
5854	43.5536	3.49957	43.8648	200
5855	42.9177	3.47899	43.8609	200
5856	41.5194	3.46981	43.8515	200
5857	43.898	3.4422	43.8517	200
5858	43.8994	3.41483	43.8519	200
5859	42.2875	3.39991	43.8456	200
5860	43.207	3.37764	43.843	200
5861	43.2355	3.3553	43.8405	200
5862	44.5735	3.33415	43.8435	200
5863	43.1758	3.31265	43.8408	200
5864	44.3154	3.28976	43.8427	200
5865	42.3904	3.27494	43.8369	200
5866	42.3958	3.26015	43.831	200
5867	42.8617	3.24167	43.8271	200
5868	42.8546	3.22337	43.8232	200
5869	41.4409	3.21659	43.8136	200
5870	41.3929	3.21017	43.8038	200
5871	43.0875	3.19006	43.801	200
5872	44.3394	3.16867	43.8031	200
5873	41.9852	3.15778	43.7958	200
5874	43.7977	3.13233	43.7958	200
5875	43.866	3.10764	43.7961	200
5876	43.9487	3.0838	43.7967	200
5877	42.1894	3.0719	43.7902	200
5878	43.1167	3.05255	43.7875	200
5879	42.5293	3.03808	43.7824	200
5880	43.9839	3.01521	43.7832	200
5881	43.9615	2.99233	43.784	200
5882	42.6888	2.97703	43.7795	200
5883	42.7012	2.96171	43.7752	200
5884	41.8144	2.95364	43.7673	200
5885	43.821	2.93025	43.7675	200
5886	42.4002	2.91765	43.762	200
5887	43.5462	2.89586	43.7611	200
5888	42.5705	2.88211	43.7563	200
5889	43.9715	2.8606	43.7572	200
5890	43.9495	2.83908	43.758	200
5891	41.8485	2.83158	43.7503	200
5892	43.7555	2.80879	43.7503	200
5893	44.1827	2.78963	43.752	200
5894	44.9888	2.7771	43.757	200
5895	43.0811	2.76016	43.7543	200
5896	43.1058	2.74313	43.7517	200
5897	45.0499	2.73147	43.7569	200
5898	42.9371	2.71606	43.7536	200
5899	43.142	2.69909	43.7511	200
5900	42.4069	2.68816	43.7457	200
5901	42.4404	2.677	43.7404	200
5902	44.1665	2.65885	43.7422	200
5903	42.2357	2.64956	43.7361	200
5904	43.0597	2.63364	43.7334	200
5905	43.3028	2.61588	43.7316	200
5906	43.6189	2.59569	43.7312	200
5907	43.6569	2.57536	43.7309	200
5908	43.7121	2.55474	43.7308	200
5909	45.7477	2.5504	43.7389	200
5910	43.06	2.53531	43.7362	200
5911	43.0349	2.52052	43.7334	200
5912	43.6689	2.50071	43.7331	200
5913	42.5753	2.48988	43.7284	200
5914	44.1362	2.47308	43.7301	200
5915	44.1248	2.45632	43.7317	200
5916	43.9937	2.43863	43.7327	200
5917	44.5709	2.42572	43.7361	200
5918	45.2109	2.41805	43.742	200
5919	42.8511	2.40573	43.7385	200
5920	42.8323	2.39364	43.7348	200
5921	44.4744	2.3803	43.7378	200
5922	43.2214	2.36527	43.7357	200
5923	43.1958	2.35055	43.7335	200
5924	43.5867	2.33277	43.7329	200
5925	44.2258	2.31794	43.7349	200
5926	43.7834	2.29963	43.7351	200
5927	44.511	2.28735	43.7382	200
5928	44.4377	2.27454	43.7411	200
5929	44.0678	2.25883	43.7424	200
5930	44.9905	2.25068	43.7474	200
5931	45.8769	2.2497	43.756	200
5932	46.3196	2.25223	43.7663	200
5933	44.8983	2.2432	43.7709	200
5934	43.6429	2.22614	43.7704	200
5935	43.6122	2.20946	43.7697	200
5936	43.1721	2.19646	43.7673	200
5937	44.8413	2.18741	43.7717	200
5938	44.9888	2.17958	43.7766	200
5939	44.3103	2.16631	43.7787	200
5940	44.5788	2.15529	43.7819	200
5941	44.7488	2.14571	43.7858	200
5942	43.2974	2.13234	43.7839	200
5943	44.5105	2.121	43.7868	200
5944	44.5844	2.11033	43.79	200
5945	45.4688	2.10685	43.7968	200
5946	45.4873	2.10349	43.8036	200
5947	43.9725	2.08789	43.8043	200
5948	43.9759	2.07244	43.805	200
5949	43.4643	2.05847	43.8036	200
5950	44.0506	2.04386	43.8046	200
5951	44.3802	2.03202	43.8069	200
5952	44.4304	2.02066	43.8094	200
5953	44.7012	2.01156	43.813	200
5954	44.0747	1.99744	43.8141	200
5955	43.6632	1.98255	43.8135	200
5956	43.6479	1.9679	43.8128	200
5957	44.9138	1.96091	43.8172	200
5958	45.4851	1.95854	43.824	200
5959	44.1189	1.94513	43.8252	200
5960	43.3723	1.93309	43.8233	200
5961	43.6286	1.91907	43.8225	200
5962	44.1791	1.90647	43.824	200
5963	45.2944	1.90295	43.8299	200
5964	43.571	1.88969	43.8289	200
5965	43.6045	1.87626	43.828	200
5966	44.5175	1.86669	43.8307	200
5967	43.8726	1.85197	43.8309	200
5968	43.5376	1.8394	43.8297	200
5969	44.4101	1.82925	43.8321	200
5970	45.9349	1.83146	43.8405	200
5971	45.9047	1.83327	43.8486	200
5972	44.9892	1.82786	43.8531	200
5973	45.0297	1.82277	43.8577	200
5974	46.2944	1.82757	43.8672	200
5975	44.958	1.82181	43.8714	200
5976	45.8037	1.82268	43.879	200
5977	45.6265	1.82209	43.8858	200
5978	45.6512	1.82164	43.8927	200
5979	44.9417	1.81561	43.8968	200
5980	44.4039	1.80539	43.8988	200
5981	45.1779	1.80127	43.9038	200
5982	45.8219	1.80218	43.9113	200
5983	46.4761	1.80814	43.9213	200
5984	44.3775	1.79758	43.9231	200
5985	44.7559	1.79004	43.9263	200
5986	46.264	1.79432	43.9355	200
5987	44.4949	1.78467	43.9376	200
5988	43.8384	1.7715	43.9372	200
5989	44.7531	1.76404	43.9404	200
5990	45.4344	1.76193	43.9463	200
5991	45.4354	1.7598	43.9521	200
5992	44.7568	1.75233	43.9552	200
5993	45.0735	1.74738	43.9596	200
5994	44.2223	1.73578	43.9606	200
5995	43.7845	1.72359	43.9599	200
5996	44.5487	1.71473	43.9622	200
5997	44.8438	1.70822	43.9657	200
5998	46.2126	1.71243	43.9745	200
5999	44.8281	1.70572	43.9778	200
6000	43.9147	1.69288	43.9775	200
6001	44.9948	1.6876	43.9815	200
6002	44.8542	1.68124	43.9849	200
6003	43.429	1.67244	43.9827	200
6004	44.2265	1.66128	43.9837	200
6005	44.9134	1.65557	43.9873	200
6006	45.3741	1.65346	43.9927	200
6007	45.3335	1.65102	43.998	200
6008	43.1482	1.64476	43.9947	200
6009	44.9049	1.63902	43.9982	200
6010	44.391	1.62929	43.9998	200
6011	45.2793	1.62655	44.0048	200
6012	45.7378	1.62738	44.0115	200
6013	45.165	1.62368	44.016	200
6014	44.9735	1.61848	44.0198	200
6015	44.9422	1.61304	44.0234	200
6016	45.625	1.61295	44.0296	200
6017	45.1954	1.60945	44.0342	200
6018	46.6885	1.61762	44.0445	200
6019	45.9421	1.6198	44.052	200
6020	44.6712	1.61199	44.0544	200
6021	45.9975	1.61457	44.062	200
6022	45.4326	1.61267	44.0673	200
6023	47.3345	1.62559	44.0801	200
6024	46.4142	1.63112	44.0892	200
6025	46.5304	1.63745	44.0987	200
6026	45.3882	1.63473	44.1038	200
6027	46.8903	1.64373	44.1147	200
6028	46.8339	1.65213	44.1253	200
6029	45.0578	1.64651	44.1289	200
6030	45.8279	1.64692	44.1356	200
6031	45.8422	1.64739	44.1422	200
6032	46.0521	1.64944	44.1497	200
6033	46.3471	1.65372	44.1583	200
6034	46.394	1.65826	44.167	200
6035	46.3742	1.66255	44.1756	200
6036	46.9124	1.67094	44.1863	200
6037	46.8739	1.67889	44.1968	200
6038	46.2825	1.68206	44.205	200
6039	46.2887	1.6852	44.2131	200
6040	47.5483	1.69809	44.2261	200
6041	46.972	1.70654	44.2372	200
6042	46.9733	1.71484	44.2482	200
6043	47.1282	1.72455	44.2602	200
6044	47.0668	1.73357	44.2719	200
6045	46.8581	1.74092	44.2831	200
6046	46.2044	1.74247	44.2913	200
6047	45.6385	1.73894	44.2974	200
6048	47.6112	1.753	44.3122	200
6049	47.2039	1.76355	44.3255	200
6050	46.9697	1.7717	44.3378	200
6051	47.0057	1.78032	44.3506	200
6052	47.2196	1.79079	44.3644	200
6053	47.8864	1.8081	44.382	200
6054	46.804	1.81423	44.3941	200
6055	46.7936	1.82033	44.4066	200
6056	47.424	1.8328	44.4223	200
6057	46.2024	1.83222	44.432	200
6058	46.2357	1.83191	44.4418	200
6059	48.07	1.85233	44.4624	200
6060	46.5089	1.85453	44.474	200
6061	46.1743	1.8527	44.4842	200
6062	44.9562	1.83626	44.487	200
6063	47.6868	1.8533	44.507	200
6064	47.3942	1.86623	44.525	200
6065	46.9686	1.87382	44.5411	200
6066	46.9958	1.88147	44.5572	200
6067	47.5272	1.89658	44.5779	200
6068	46.276	1.89383	44.5897	200
6069	47.8988	1.91464	44.614	200
6070	46.5795	1.91539	44.6284	200
6071	46.5661	1.91573	44.6436	200
6072	48.0983	1.93978	44.6706	200
6073	46.9621	1.94565	44.6897	200
6074	46.9534	1.95095	44.7085	200
6075	46.241	1.94347	44.7222	200
6076	45.0677	1.91494	44.7253	200
6077	47.5003	1.93148	44.752	200
6078	45.9802	1.91795	44.7638	200
6079	46.4921	1.914	44.7818	200
6080	47.1331	1.92311	44.8063	200
6081	46.2664	1.91259	44.8229	200
6082	44.7489	1.8708	44.822	200
6083	46.9038	1.87607	44.8481	200
6084	46.9091	1.8807	44.8738	200
6085	46.1724	1.86453	44.8919	200
6086	46.1836	1.84862	44.9098	200
6087	46.2655	1.83321	44.931	200
6088	46.2552	1.8173	44.9517	200
6089	46.0874	1.79296	44.9719	200
6090	47.4011	1.81568	45.0153	200
6091	45.9389	1.77851	45.0346	200
6092	46.1526	1.75099	45.0579	200
6093	48.1136	1.81622	45.1342	200
6094	46.3266	1.78503	45.1641	200
6095	46.6584	1.76686	45.2108	200
6096	45.5426	1.67717	45.2211	200
6097	43.9161	1.64616	45.1667	200
6098	43.8898	1.61539	45.1135	200
6099	47.5817	1.72199	45.2678	200
6100	48.1262	1.86404	45.4464	200
6101	47.2243	1.8425	45.6687	200
6102	47.2478	1.77665	45.8661	200
6103	46.6451	1.52725	45.9635	200
