segment	rtt	rttvar	srtt	rto
0	254.142	127.071	254.142	1270.71
1	256.821	120.851	254.209	1221.02
2	259.527	116.037	254.32	1182.62
3	262.298	111.535	254.486	1146.77
4	265.034	107.928	254.674	1118.1
5	267.136	104.519	254.897	1091.05
6	268.53	101.679	255.11	1068.54
7	269.989	98.9662	255.342	1047.07
8	270.615	96.6413	255.554	1028.69
9	271.301	94.3943	255.773	1010.93
10	19.227	97.9481	252.816	1036.4
11	19.9572	101.321	249.905	1060.47
12	17.9405	104.29	247.269	1081.59
13	20.0148	107.085	244.687	1101.36
14	20.0495	109.534	242.347	1118.62
15	22.8359	111.825	240.06	1134.66
16	24.5936	113.818	237.989	1148.53
17	27.2834	115.681	235.963	1161.41
18	30.1546	117.291	234.125	1172.45
19	31.5734	118.813	232.317	1182.82
20	39.9468	120.039	230.714	1191.03
21	40.6196	121.207	229.129	1198.78
22	41.6676	122.242	227.665	1205.6
23	42.3285	123.228	226.217	1212.04
24	42.9597	124.111	224.869	1217.75
25	43.6906	124.95	223.537	1223.14
26	43.7634	125.711	222.289	1227.98
27	44.4283	126.436	221.054	1232.54
28	45.2974	127.084	219.897	1236.57
29	45.9296	127.701	218.753	1240.36
30	49.0695	128.226	217.692	1243.5
31	50.4881	128.713	216.647	1246.35
32	51.1237	129.152	215.662	1248.87
33	52.5081	129.556	214.691	1251.14
34	53.2237	129.919	213.773	1253.13
35	54.6434	130.251	212.869	1254.88
36	53.9517	130.563	212.006	1256.51
37	54.652	130.854	211.15	1257.98
38	52.5681	131.143	210.324	1259.47
39	53.2164	131.413	209.506	1260.81
40	51.7895	131.676	208.718	1262.13
41	56.7983	131.879	207.958	1262.99
42	54.3744	132.087	207.22	1263.92
43	57.1655	132.26	206.498	1264.58
44	59.004	132.401	205.815	1265.02
45	61.7671	132.509	205.149	1265.22
46	59.5716	132.626	204.499	1265.5
47	61.6647	132.717	203.861	1265.59
48	62.9983	132.787	203.254	1265.55
49	64.3976	132.839	202.655	1265.37
50	59.4432	132.926	202.059	1265.46
51	60.8307	132.995	201.47	1265.43
52	62.8976	133.04	200.911	1265.23
53	65.6317	133.058	200.366	1264.83
54	67.3066	133.058	199.846	1264.31
55	68.6825	133.043	199.334	1263.68
56	73.5352	132.988	198.857	1262.76
57	76.2811	132.909	198.393	1261.67
58	78.3043	132.815	197.951	1260.47
59	79.1079	132.712	197.515	1259.21
60	79.7162	132.606	197.094	1257.94
61	81.0896	132.487	196.679	1256.58
62	82.5998	132.359	196.283	1255.16
63	83.1417	132.226	195.891	1253.7
64	84.3642	132.086	195.514	1252.2
65	85.0689	131.94	195.141	1250.66
66	84.1172	131.802	194.775	1249.19
67	84.8303	131.658	194.414	1247.68
68	84.9313	131.516	194.063	1246.19
69	85.604	131.369	193.715	1244.66
70	84.7868	131.228	193.375	1243.2
71	86.1498	131.078	193.04	1241.67
72	87.1587	130.925	192.717	1240.11
73	88.2159	130.763	192.398	1238.51
74	89.6537	130.597	192.093	1236.87
75	90.9937	130.421	191.792	1235.16
76	92.3915	130.241	191.503	1233.43
77	93.7496	130.052	191.219	1231.63
78	93.8184	129.866	190.942	1229.87
79	95.4235	129.671	190.67	1228.04
80	95.1511	129.481	190.405	1226.26
81	96.5006	129.284	190.144	1224.41
82	96.723	129.089	189.89	1222.6
83	98.105	128.886	189.641	1220.73
84	98.6129	128.685	189.399	1218.88
85	99.9994	128.476	189.161	1216.97
86	100.829	128.267	188.931	1215.07
87	102.271	128.05	188.705	1213.11
88	102.969	127.834	188.487	1211.16
89	104.225	127.612	188.272	1209.17
90	104.277	127.394	188.062	1207.21
91	105.628	127.169	187.856	1205.21
92	102.714	126.963	187.647	1203.35
93	104.139	126.75	187.442	1201.44
94	103.377	126.545	187.24	1199.6
95	104.783	126.333	187.042	1197.7
96	103.392	126.131	186.845	1195.9
97	105.395	125.921	186.653	1194.02
98	103.611	125.722	186.46	1192.24
99	104.965	125.517	186.272	1190.41
100	103.614	125.323	186.084	1188.66
101	105.002	125.121	185.9	1186.87
102	102.959	124.933	185.715	1185.18
103	105.796	124.732	185.536	1183.39
104	109.131	124.52	185.369	1181.53
105	110.493	124.303	185.204	1179.62
106	109.054	124.095	185.04	1177.8
107	110.428	123.882	184.879	1175.93
108	114.26	123.656	184.73	1173.98
109	115.296	123.426	184.583	1171.99
110	112.714	123.211	184.433	1170.12
111	115.355	122.986	184.289	1168.18
112	116.954	122.758	184.151	1166.21
113	119.551	122.519	184.019	1164.17
114	121.002	122.279	183.892	1162.13
115	124.16	122.027	183.771	1159.99
116	122.632	121.786	183.65	1157.94
117	123.721	121.54	183.531	1155.85
118	126.498	121.288	183.42	1153.73
119	129.389	121.025	183.314	1151.52
120	130.875	120.762	183.213	1149.31
121	132.901	120.491	183.117	1147.04
122	128.609	120.241	183.013	1144.94
123	129.409	119.988	182.912	1142.82
124	130.095	119.738	182.813	1140.72
125	131.859	119.481	182.718	1138.57
126	129.998	119.236	182.621	1136.51
127	132.299	118.982	182.529	1134.39
128	133.595	118.728	182.44	1132.27
129	135.656	118.468	182.355	1130.1
130	137.293	118.206	182.275	1127.92
131	140.322	117.933	182.2	1125.67
132	144.521	117.651	182.134	1123.34
133	145.178	117.367	182.069	1121
134	145.118	117.087	182.004	1118.7
135	146.4	116.804	181.943	1116.38
136	147.401	116.523	181.883	1114.07
137	148.655	116.237	181.827	1111.73
138	149.618	115.954	181.772	1109.4
139	152.264	115.662	181.722	1107.01
140	158.526	115.353	181.684	1104.51
141	160.164	115.036	181.647	1101.94
142	160.656	114.719	181.612	1099.36
143	161.96	114.393	181.578	1096.72
144	162.6	114.066	181.546	1094.08
145	164.958	113.728	181.517	1091.34
146	166.781	113.384	181.491	1088.56
147	167.4	113.034	181.466	1085.74
148	167.396	112.686	181.442	1082.93
149	168.098	112.331	181.418	1080.07
150	171.515	111.965	181.4	1077.12
151	172.857	111.591	181.385	1074.11
152	174.979	111.21	181.373	1071.05
153	176.37	110.819	181.364	1067.92
154	176.928	110.428	181.356	1064.78
155	178.296	110.027	181.35	1061.57
156	177.938	109.63	181.344	1058.38
157	179.311	109.222	181.34	1055.12
158	186.264	108.827	181.349	1051.96
159	187.65	108.433	181.361	1048.82
160	187.694	108.04	181.373	1045.69
161	189.941	107.651	181.39	1042.6
162	188.247	107.258	181.404	1039.46
163	189.592	106.864	181.42	1036.34
164	189.608	106.473	181.436	1033.22
165	191.986	106.086	181.457	1030.15
166	192.309	105.702	181.479	1027.1
167	193.673	105.319	181.504	1024.05
168	193.435	104.936	181.529	1021.02
169	194.871	104.554	181.556	1017.99
170	195.053	104.175	181.585	1014.99
171	196.459	103.797	181.616	1011.99
172	196.498	103.42	181.648	1009.01
173	197.842	103.044	181.682	1006.03
174	197.65	102.669	181.717	1003.07
175	199.014	102.294	181.755	1000.11
176	199.067	101.921	181.793	997.164
177	200.408	101.55	181.834	994.231
178	200.601	101.18	181.876	991.316
179	203.559	100.819	181.926	988.474
180	204.897	100.465	181.978	985.696
181	207.652	100.119	182.037	982.985
182	208.919	99.7794	182.099	980.335
183	211.658	99.4482	182.169	977.755
184	212.949	99.1243	182.242	975.236
185	215.768	98.8089	182.322	972.794
186	217.132	98.5012	182.406	970.416
187	219.871	98.2021	182.498	968.114
188	221.755	97.9131	182.594	965.899
189	224.946	97.6353	182.7	963.782
190	227.853	97.3729	182.813	961.796
191	230.458	97.1192	182.934	959.888
192	231.906	96.8735	183.059	958.047
193	235.302	96.6411	183.195	956.324
194	234.572	96.4053	183.329	954.572
195	235.935	96.1723	183.469	952.848
196	237.257	95.9469	183.612	951.187
197	238.662	95.7246	183.762	949.559
198	239.382	95.5067	183.913	947.966
199	241.438	95.2957	184.073	946.438
200	242.133	95.0888	184.234	944.944
201	244.215	94.8893	184.404	943.519
202	245.538	94.6975	184.578	942.158
203	247.839	94.5148	184.762	940.88
204	246.26	94.3228	184.941	939.523
205	247.624	94.1345	185.127	938.203
206	246.297	93.9383	185.309	936.815
207	247.008	93.7417	185.497	935.431
208	246.297	93.5408	185.683	934.009
209	247.015	93.3395	185.874	932.59
210	246.985	93.1381	186.065	931.17
211	248.377	92.9405	186.265	929.789
212	248.463	92.7434	186.464	928.412
213	249.807	92.55	186.673	927.073
214	250.613	92.3618	186.883	925.777
215	251.985	92.1776	187.103	924.523
216	250.493	91.9831	187.317	923.182
217	251.881	91.7978	187.535	921.918
218	248.365	91.594	187.735	920.488
219	249.737	91.3994	187.939	919.134
220	249.746	91.2047	188.143	917.78
221	251.117	91.0189	188.35	916.501
222	251.182	90.8335	188.556	915.225
223	252.54	90.6569	188.767	914.022
224	252.774	90.4815	188.977	912.83
225	253.907	90.3134	189.191	911.699
226	250.056	90.1197	189.391	910.349
227	252.738	89.9435	189.6	909.148
228	253.226	89.7704	189.809	907.972
229	255.71	89.6134	190.026	906.933
230	253.511	89.4415	190.235	905.766
231	255.575	89.2829	190.45	904.713
232	254.33	89.1158	190.66	903.586
233	255.748	88.9577	190.874	902.536
234	253.458	88.7842	191.08	901.353
235	254.812	88.6194	191.289	900.244
236	252.927	88.4419	191.492	899.027
237	254.309	88.2733	191.699	897.885
238	251.464	88.0857	191.895	896.581
239	252.853	87.9073	192.096	895.354
240	251.069	87.7169	192.29	894.025
241	253.11	87.54	192.49	892.81
242	253.262	87.3639	192.69	891.601
243	254.635	87.1966	192.894	890.467
244	254.958	87.0313	193.098	889.348
245	256.352	86.8749	193.306	888.305
246	250.126	86.6771	193.493	886.91
247	250.799	86.4839	193.681	885.552
248	248.612	86.2763	193.862	884.072
249	249.283	86.0733	194.044	882.631
250	248.147	85.863	194.222	881.126
251	249.589	85.6624	194.404	879.703
252	248.219	85.4528	194.581	878.204
253	248.807	85.2474	194.76	876.739
254	248.279	85.0387	194.936	875.245
255	248.988	84.8348	195.113	873.792
256	250.972	84.6442	195.297	872.451
257	252.324	84.4625	195.485	871.185
258	249.541	84.2624	195.663	869.762
259	250.219	84.067	195.842	868.378
260	251.208	83.8782	196.024	867.05
261	252.582	83.6984	196.21	865.798
262	251.72	83.513	196.393	864.497
263	253.117	83.3367	196.579	863.273
264	252.178	83.1543	196.762	861.996
265	253.523	82.9806	196.949	860.794
266	252.109	82.7976	197.131	859.511
267	252.795	82.6191	197.314	858.266
268	251.425	82.4315	197.492	856.944
269	252.155	82.2488	197.671	855.662
270	250.495	82.0552	197.845	854.287
271	251.871	81.8708	198.023	852.99
272	249.519	81.671	198.192	851.56
273	250.242	81.4761	198.364	850.173
274	249.607	81.2772	198.532	848.75
275	250.941	81.0873	198.704	847.403
276	251.734	80.9027	198.879	846.101
277	253.757	80.7315	199.059	844.911
278	252.29	80.5506	199.235	843.639
279	253.612	80.3784	199.413	842.44
280	253.718	80.2068	199.592	841.247
281	254.386	80.0396	199.772	840.089
282	253.541	79.8668	199.949	838.884
283	255.048	79.7039	200.13	837.761
284	255.139	79.5414	200.311	836.643
285	256.666	79.3889	200.497	835.608
286	255.04	79.2254	200.676	834.479
287	256.424	79.0709	200.86	833.427
288	255.153	78.9079	201.038	832.302
289	255.821	78.7492	201.218	831.212
290	139.524	78.637	201.015	830.111
291	138.852	78.5286	200.811	829.04
292	138.164	78.4241	200.605	827.998
293	138.874	78.3143	200.402	826.916
294	137.631	78.2121	200.195	825.892
295	137.001	78.1133	199.987	824.893
296	136.237	78.0188	199.778	823.928
297	135.558	77.928	199.566	822.99
298	134.884	77.8408	199.354	822.08
299	134.194	77.7574	199.139	821.199
300	133.956	77.6747	198.925	820.322
301	133.492	77.5941	198.71	819.463
302	132.809	77.5172	198.493	818.631
303	130.834	77.4524	198.27	817.889
304	129.964	77.3922	198.046	817.183
305	128.162	77.3428	197.816	816.558
306	128.13	77.2924	197.587	815.926
307	126.717	77.2502	197.353	815.355
308	125.936	77.2118	197.118	814.813
309	125.3	77.1763	196.882	814.293
310	162.954	76.8918	196.771	811.905
311	162.312	76.6126	196.657	809.558
312	162.279	76.3347	196.544	807.222
313	161.586	76.0625	196.429	804.929
314	161.004	75.7952	196.313	802.674
315	160.832	75.53	196.196	800.436
316	159.937	75.2716	196.077	798.249
317	158.575	75.0231	195.953	796.138
318	157.895	74.7799	195.828	794.067
319	157.952	74.5371	195.704	792.001
320	157.889	74.2955	195.579	789.943
321	157.195	74.0593	195.453	787.927
322	158.079	73.8179	195.33	785.873
323	158.611	73.5738	195.209	783.8
324	173.088	73.2353	195.136	781.019
325	173.805	72.8939	195.066	778.217
326	176.989	72.5332	195.007	775.273
327	176.277	72.1792	194.945	772.379
328	176.221	71.8276	194.884	769.504
329	176.336	71.4676	194.821	766.561
330	176.788	71.1065	194.76	763.612
331	176.7	70.7381	194.697	760.602
332	174.576	70.3866	194.627	757.72
333	173.909	70.0319	194.553	754.808
334	173.975	69.6786	194.48	751.909
335	173.957	69.3172	194.404	748.942
336	171.869	68.9732	194.322	746.107
337	171.237	68.6255	194.234	743.239
338	170.524	68.2853	194.144	740.427
339	170.178	67.939	194.051	737.563
340	169.338	67.6013	193.954	734.765
341	168.667	67.2601	193.852	731.933
342	168.672	66.9207	193.751	729.117
343	168.656	66.5722	193.646	726.224
344	168.675	66.2255	193.542	723.346
345	168.621	65.8694	193.435	720.39
346	168.724	65.5146	193.328	717.445
347	168.689	65.1497	193.218	714.415
348	169.429	64.7804	193.112	711.355
349	170.058	64.394	193.005	708.157
350	167.15	64.0372	192.886	705.183
351	167.262	63.6678	192.762	702.105
352	167.889	63.2948	192.643	699.001
353	167.279	62.9155	192.516	695.84
354	168.032	62.5312	192.394	692.643
355	167.983	62.1341	192.266	689.339
356	167.959	61.74	192.14	686.06
357	167.98	61.3316	192.008	682.661
358	168.667	60.9186	191.882	679.231
359	168.541	60.4916	191.749	675.682
360	168.625	60.067	191.618	672.153
361	168.412	59.6281	191.479	668.505
362	168.546	59.1913	191.343	664.873
363	168.559	58.7362	191.201	661.09
364	168.549	58.2851	191.059	657.34
365	169.258	57.8051	190.916	653.356
366	128.895	57.8606	190.508	653.392
367	129.565	57.9011	190.107	653.315
368	129.601	57.9354	189.709	653.191
369	129.592	57.9641	189.313	653.026
370	129.67	57.9862	188.921	652.81
371	129.558	58.0043	188.53	652.564
372	129.634	58.016	188.143	652.271
373	130.37	58.0128	187.763	651.865
374	130.336	58.0051	187.385	651.425
375	130.355	57.9923	187.01	650.948
376	130.353	57.9747	186.637	650.434
377	129.757	57.9603	186.263	649.945
378	129.678	57.9422	185.89	649.428
379	129.822	57.9188	185.54	648.89
380	129.643	57.8935	185.191	648.338
381	218.975	57.5921	185.402	646.139
382	219.68	57.3007	185.616	644.022
383	220.276	57.0177	185.833	641.974
384	221.005	56.7446	186.052	640.009
385	221.708	56.481	186.275	638.123
386	222.445	56.2271	186.501	636.318
387	186.807	55.5281	186.503	630.728
388	187.475	54.8461	186.509	625.278
389	188.171	54.1813	186.52	619.97
390	188.858	53.5333	186.534	614.801
391	195.311	52.9738	186.589	610.38
392	195.183	52.4191	186.643	605.996
393	194.995	51.8683	186.695	601.641
394	194.998	51.3237	186.747	597.336
395	195.687	50.7939	186.803	593.154
396	194.951	50.2608	186.854	588.94
397	195.113	49.7358	186.905	584.792
398	195.009	49.2154	186.956	580.679
399	194.153	48.6902	187.001	576.522
400	193.807	48.1666	187.044	572.376
401	179.135	47.6634	186.994	568.301
402	178.427	47.1747	186.941	564.338
403	182.583	46.6395	186.913	560.029
404	165.355	46.326	186.779	557.386
405	164.632	46.0237	186.64	554.83
406	164.891	45.7203	186.504	552.266
407	169.302	45.3638	186.397	549.307
408	169.27	45.0108	186.29	546.376
409	169.257	44.6611	186.183	543.472
410	169.295	44.314	186.078	540.589
411	169.323	43.9695	185.973	537.729
412	169.265	43.6287	185.869	534.898
413	169.298	43.2905	185.765	532.089
414	173.554	42.902	185.689	528.904
415	173.603	42.5168	185.613	525.747
416	174.382	42.1257	185.543	522.549
417	177.948	41.6941	185.495	519.048
418	179.613	41.2464	185.459	515.43
419	179.898	40.8004	185.424	511.827
420	181.131	40.344	185.397	508.149
421	178.594	39.9248	185.355	504.753
422	179.929	39.4935	185.321	501.269
423	179.29	39.0752	185.283	497.885
424	179.294	38.6616	185.246	494.539
425	182.034	38.2185	185.225	490.974
426	181.978	37.7814	185.205	487.456
427	183.435	37.3312	185.194	483.844
428	184.101	36.8783	185.187	480.213
429	183.416	36.4394	185.176	476.692
430	182.701	36.0149	185.161	473.28
431	176.217	35.6765	185.105	470.517
432	175.763	35.3473	185.046	467.825
433	176.866	35.0077	184.995	465.057
434	177.413	34.6649	184.948	462.267
435	176.771	34.3338	184.897	459.567
436	178.152	33.9889	184.855	456.766
437	178.041	33.6492	184.812	454.006
438	178.406	33.3087	184.772	451.241
439	179.097	32.9633	184.737	448.443
440	180.391	32.6055	184.709	445.554
441	181.679	32.2358	184.69	442.577
442	181.244	31.876	184.669	439.677
443	172.937	31.6242	184.596	437.589
444	168.207	31.4337	184.493	435.963
445	168.838	31.2365	184.395	434.287
446	168.593	31.0436	184.297	432.645
447	164.839	30.8987	184.175	431.365
448	165.62	30.7444	184.059	430.014
449	166.252	30.5827	183.948	428.609
450	166.304	30.421	183.837	427.205
451	166.286	30.2601	183.728	425.809
452	166.254	30.1003	183.618	424.421
453	166.235	29.9413	183.51	423.04
454	161.959	29.8364	183.375	422.067
455	162.614	29.723	183.245	421.029
456	161.758	29.6201	183.111	420.072
457	161.769	29.5166	182.978	419.11
458	162.782	29.4001	182.851	418.052
459	165.769	29.2461	182.745	416.713
460	167.428	29.072	182.649	415.225
461	166.289	28.9206	182.552	413.917
462	79.5228	29.8029	181.938	420.361
463	77.4803	30.6916	181.317	426.85
464	77.5064	31.5621	180.699	433.195
465	76.8018	32.4232	180.08	439.466
466	73.415	33.307	179.445	445.902
467	72.7536	34.1807	178.81	452.256
468	69.274	35.0778	178.158	458.78
469	68.8508	35.9615	177.508	465.199
470	72.336	36.7854	176.882	471.165
471	73.7312	37.5754	176.268	476.871
472	75.0199	38.3334	175.665	482.332
473	103.215	38.7396	175.234	485.15
474	102.53	39.1439	174.801	487.952
475	101.99	39.5447	174.368	490.725
476	101.98	39.9357	173.937	493.422
477	100.66	40.3326	173.5	496.161
478	99.8665	40.7291	173.062	498.895
479	99.6172	41.1185	172.625	501.573
480	98.9354	41.5063	172.186	504.237
481	97.4626	41.9017	171.742	506.955
482	96.3551	42.3004	171.293	509.696
483	118.014	42.431	170.976	510.424
484	124.121	42.4837	170.697	510.567
485	107.853	42.7261	170.323	512.132
486	112.088	42.9107	169.976	513.262
487	113.402	43.0734	169.639	514.226
488	115.475	43.2054	169.317	514.96
489	116.121	43.3244	169	515.595
490	118.869	43.4054	168.702	515.945
491	120.284	43.4651	168.414	516.134
492	121.617	43.5047	168.135	516.173
493	128.044	43.4641	167.897	515.609
494	128.631	43.4141	167.663	514.976
495	142.524	43.1965	167.513	513.085
496	142.509	42.98	167.364	511.204
497	143.243	42.7554	167.221	509.264
498	140.375	42.566	167.061	507.589
499	141.13	42.368	166.907	505.851
500	139.785	42.1865	166.745	504.237
501	140.211	42.0002	166.587	502.589
502	142.925	41.7819	166.446	500.701
503	145.709	41.5313	166.323	498.574
504	146.357	41.2746	166.204	496.401
505	148.499	40.994	166.099	494.051
506	149.158	40.7077	165.998	491.659
507	149.839	40.4154	165.902	489.225
508	150.495	40.1177	165.81	486.751
509	151.339	39.8124	165.724	484.223
510	151.197	39.5113	165.637	481.728
511	150.255	39.2241	165.546	479.339
512	146.831	38.9799	165.434	477.274
513	146.131	38.7457	165.319	475.285
514	160.657	38.3399	165.292	472.011
515	132.5	38.2739	165.097	471.288
516	132.496	38.2064	164.902	470.553
517	132.486	38.1374	164.71	469.809
518	133.467	38.0553	164.524	468.966
519	133.92	37.9666	164.341	468.074
520	134.714	37.8673	164.165	467.104
521	135.343	37.7597	163.993	466.071
522	135.323	37.6515	163.823	465.034
523	135.341	37.5423	163.653	463.992
524	135.995	37.4246	163.489	462.886
525	120.996	37.485	163.236	463.115
526	114.787	37.6155	162.947	463.871
527	113.211	37.7598	162.651	464.73
528	108.349	37.9567	162.328	465.982
529	107.067	38.1627	161.999	467.301
530	104.98	38.3872	161.66	468.757
531	104.281	38.6133	161.318	470.225
532	101.507	38.8657	160.962	471.887
533	100.758	39.1197	160.604	473.561
534	101.479	39.3578	160.252	475.115
535	95.7889	39.6567	159.868	477.122
536	95.9028	39.9461	159.487	479.056
537	81.9405	40.3937	159.026	482.176
538	82.7782	40.8206	158.572	485.136
539	81.9671	41.2466	158.116	488.089
540	82.0198	41.6614	157.663	490.955
541	80.6286	42.0825	157.204	493.865
542	80.9257	42.4896	156.75	496.668
543	80.7448	42.9086	156.275	499.544
544	80.1313	43.324	155.8	502.392
545	80.7791	43.7411	155.306	505.235
546	79.4529	44.1636	154.807	508.116
547	86.5388	44.4984	154.333	510.32
548	86.4949	44.8226	153.862	512.442
549	88.4331	45.1256	153.381	514.385
550	90.5125	45.3865	152.918	516.01
551	90.5336	45.6521	152.431	517.648
552	90.3723	45.9085	151.946	519.214
553	90.4958	46.1675	151.434	520.774
554	92.0128	46.3884	150.939	522.046
555	92.6238	46.6014	150.418	523.229
556	93.3554	46.7882	149.909	524.214
557	78.1111	47.2691	149.218	527.371
558	78.823	47.7139	148.542	530.252
559	81.2911	48.1209	147.841	532.808
560	81.8922	48.4923	147.154	535.092
561	81.7006	48.8778	146.41	537.432
562	81.8787	49.2335	145.677	539.545
563	83.6178	49.525	144.972	541.172
564	84.2973	49.7784	144.282	542.51
565	86.3947	49.9627	143.624	543.326
566	104.377	49.7192	143.178	540.932
567	104.396	49.4706	142.738	538.503
568	100.251	49.3119	142.255	536.75
569	100.969	49.1295	141.786	534.821
570	99.5744	48.9722	141.306	533.084
571	100.962	48.7761	140.848	531.057
572	100.288	48.5894	140.387	529.102
573	101.628	48.366	139.946	526.874
574	101.607	48.1381	139.511	524.615
575	103.052	47.8727	139.096	522.078
576	107.876	47.4942	138.742	518.695
577	105.786	47.1638	138.367	515.677
578	105.079	46.8484	137.989	512.776
579	104.386	46.5474	137.607	509.986
580	104.403	46.2441	137.23	507.182
581	102.926	45.9727	136.84	504.622
582	103.04	45.6961	136.456	502.024
583	102.37	45.4322	136.068	499.526
584	65.0176	46.0144	135.261	503.376
585	63.2693	46.6048	134.443	507.281
586	61.8487	47.1955	133.618	511.182
587	62.543	47.7382	132.81	514.716
588	61.1961	48.2356	132.064	517.949
589	51.2217	48.9149	131.222	522.542
590	52.4585	49.5368	130.402	526.696
591	51.5484	50.1475	129.58	530.761
592	53.8881	50.6797	128.792	534.23
593	53.9232	51.1837	128.012	537.481
594	54.5753	51.6473	127.247	540.425
595	54.515	52.0865	126.489	543.182
596	52.5327	52.5421	125.719	546.056
597	53.2305	52.9577	124.964	548.625
598	51.914	53.3763	124.203	551.213
599	49.1671	53.8275	123.421	554.042
600	49.2463	54.2514	122.649	556.66
601	49.8989	54.6368	121.891	558.985
602	51.3399	54.9684	121.156	560.903
603	51.2863	55.2788	120.428	562.659
604	52.008	55.5526	119.715	564.136
605	51.9262	55.8075	119.009	565.469
606	51.962	56.0417	118.311	566.644
607	55.4863	56.183	117.656	567.12
608	55.4397	56.3087	117.008	567.478
609	56.3687	56.3989	116.377	567.568
610	57.1065	56.4587	115.759	567.429
611	58.4177	56.4771	115.162	566.979
612	58.3778	56.4835	114.571	566.439
613	52.4481	56.601	113.923	566.731
614	51.9626	56.7127	113.278	566.979
615	54.2332	56.7612	112.663	566.753
616	52.5938	56.8302	112.037	566.678
617	53.3761	56.8683	111.426	566.373
618	57.4173	56.8087	110.864	565.333
619	58.7861	56.7102	110.321	564.002
620	60.3391	56.57	109.8	562.36
621	59.4658	56.4401	109.276	560.797
622	60.7254	56.2757	108.77	558.976
623	59.3782	56.1323	108.256	557.314
624	59.2898	55.983	107.746	555.61
625	58.7046	55.8384	107.235	553.942
626	57.2262	55.7169	106.714	552.45
627	57.945	55.5722	106.206	550.784
628	57.9087	55.4206	105.703	549.068
629	57.9621	55.2606	105.206	547.291
630	58.6201	55.0799	104.72	545.36
631	46.2338	55.1509	104.111	545.318
632	45.5801	55.2213	103.501	545.272
633	44.7042	55.2958	102.889	545.255
634	44.0234	55.3702	102.276	545.237
635	43.3953	55.4433	101.662	545.209
636	44.0695	55.4881	101.063	544.967
637	43.4013	55.5299	100.508	544.747
638	41.3428	55.5998	99.9392	544.737
639	39.9065	55.685	99.3619	544.842
640	36.4584	55.8238	98.7571	545.348
641	36.4558	55.9484	98.158	545.745
642	37.0947	56.0468	97.5709	545.945
643	37.5047	56.1241	96.9933	545.986
644	35.999	56.2177	96.4069	546.149
645	35.8247	56.3017	95.8243	546.238
646	35.3198	56.3825	95.2426	546.302
647	33.2294	56.4908	94.6463	546.572
648	31.8463	56.6121	94.0424	546.939
649	31.8918	56.7186	93.4448	547.194
650	31.8704	56.812	92.8528	547.349
651	31.9119	56.8914	92.2668	547.398
652	31.2368	56.971	91.68	547.448
653	30.5497	57.051	91.0922	547.5
654	30.5324	57.1184	90.5099	547.457
655	29.8444	57.1867	89.9266	547.42
656	27.8092	57.2815	89.3293	547.581
657	27.8467	57.3623	88.7381	547.636
658	28.455	57.4184	88.1584	547.506
659	27.775	57.4754	87.5778	547.381
660	27.8356	57.519	87.0034	547.156
661	28.5285	57.5374	86.4411	546.741
662	29.2114	57.531	85.845	546.093
663	29.182	57.5129	85.2547	545.358
664	29.8367	57.4653	84.625	544.348
665	30.6852	57.3852	84.012	543.094
666	31.2371	57.2699	83.3524	541.512
667	29.8466	57.1758	82.6835	540.09
668	28.4478	57.0942	81.9303	538.684
669	21.9737	57.1737	81.0975	538.487
670	22.1607	57.2288	80.1766	538.007
671	20.7571	57.2972	79.2482	537.626
672	20.7872	57.3388	78.2043	536.915
673	20.8063	57.3409	77.1793	535.907
674	20.7825	57.3072	76.1722	534.63
675	21.4873	57.2135	75.1957	532.904
676	21.4813	57.0886	74.2365	530.945
677	22.1448	56.9101	73.3063	528.587
678	23.5468	56.6547	72.4177	525.656
679	24.1772	56.3542	71.5563	522.39
680	24.8892	56.0082	70.723	518.789
681	25.6402	55.618	69.9179	514.862
682	31.1258	55.0171	69.2252	509.362
683	31.1154	54.4133	68.5447	503.851
684	30.555	53.8267	67.8663	498.48
685	31.2034	53.2137	67.2116	492.921
686	31.175	52.6003	66.5681	487.37
687	24.2531	52.2329	65.8124	483.676
688	24.962	51.8264	65.083	479.694
689	24.2928	51.4323	64.3546	475.813
690	24.215	51.0289	63.6378	471.869
691	24.7585	50.595	62.9435	467.704
692	23.3661	50.2015	62.2368	463.849
693	22.7374	49.8193	61.5314	460.086
694	22.0662	49.4495	60.8267	456.423
695	21.2665	49.0963	60.1203	452.891
696	15.7941	48.926	59.3287	450.737
697	16.597	48.7048	58.5657	448.204
698	16.4584	48.4986	57.9077	445.896
699	16.4346	48.279	57.2597	443.492
700	17.0753	48.0261	56.6318	440.84
701	17.7471	47.7404	56.0243	437.948
702	26.4755	47.1719	55.5626	432.938
703	27.8725	46.5631	55.1299	427.635
704	28.4841	45.9407	54.7136	422.239
705	28.594	45.3213	54.3054	416.876
706	27.9539	44.7285	53.8937	411.722
707	28.6366	44.12	53.4991	406.459
708	29.2703	43.4984	53.1205	401.108
709	29.9964	42.7707	52.7075	394.873
710	30.7035	42.0291	52.3146	388.547
711	32.7821	41.0917	51.9077	380.641
712	32.6361	40.1825	51.5062	372.967
713	33.338	39.0818	51.052	363.707
714	33.4616	38.0073	50.6122	354.67
715	33.4755	36.7028	50.0767	343.699
716	33.4545	35.4478	49.5573	333.14
717	33.453	34.2388	49.054	322.965
718	31.258	33.2112	48.4979	314.187
719	29.1439	32.3451	47.8931	306.654
720	30.6397	31.4018	47.3539	298.569
721	30.5359	30.4904	46.8283	290.751
722	31.2799	29.5565	46.3425	282.794
723	31.3166	28.6483	45.8729	275.059
724	33.0529	27.8569	45.5524	268.408
725	33.1544	27.084	45.2424	261.914
726	32.3863	26.3726	44.921	255.902
727	31.0116	25.7494	44.5733	250.569
728	31.0324	25.139	44.2348	245.347
729	28.8707	24.6502	43.8507	241.053
730	29.6605	24.1272	43.4959	236.514
731	29.0515	23.6431	43.1348	232.28
732	29.0119	23.1671	42.7817	228.118
733	29.6811	22.6638	42.4542	223.764
734	24.2855	22.439	42	221.512
735	23.8989	22.2221	41.5475	219.324
736	25.3196	21.9224	41.1418	216.521
737	20.1776	21.8745	40.6177	215.614
738	20.9828	21.7625	40.1268	214.227
739	20.8546	21.638	39.645	212.749
740	20.3931	21.5187	39.1637	211.313
741	19.3618	21.4328	38.6686	210.131
742	18.775	21.3559	38.1713	209.018
743	18.7812	21.2576	37.6866	207.747
744	19.4429	21.1069	37.2305	206.086
745	16.1825	21.1044	36.792	205.628
746	15.8316	21.0984	36.3553	205.143
747	14.4865	21.1305	35.8997	204.944
748	12.4265	21.2281	35.4107	205.236
749	12.8236	21.2848	34.9401	205.218
750	13.8885	21.2751	34.5015	204.702
751	15.5966	21.1763	34.1077	203.518
752	17.9463	20.9673	33.771	201.51
753	18.5798	20.7267	33.4545	200
754	19.2994	20.4529	33.1596	200
755	19.9946	20.1492	32.8853	200
756	21.3322	19.791	32.6446	200
757	19.3153	19.5218	32.3669	200
758	20.6716	19.1957	32.1233	200
759	20.6254	18.8749	31.8837	200
760	19.2304	18.6157	31.6201	200
761	17.9878	18.4081	31.3361	200
762	18.4234	18.1791	31.0671	200
763	17.8439	17.9726	30.7916	200
764	16.5165	17.8185	30.4942	200
765	15.8173	17.6876	30.1885	200
766	15.1621	17.5767	29.8754	200
767	16.4687	17.403	29.5961	200
768	16.5327	17.2222	29.3239	200
769	17.8871	16.9811	29.0857	200
770	17.8972	16.7742	28.8859	200
771	17.1639	16.5938	28.6766	200
772	17.9043	16.3859	28.4842	200
773	22.0007	16.0322	28.3684	200
774	24.0777	15.6129	28.2918	200
775	24.7819	15.1806	28.2291	200
776	24.0308	14.7884	28.1542	200
777	24.1791	14.4022	28.0832	200
778	24.7472	14.007	28.0236	200
779	24.7135	13.625	27.9645	200
780	22.7253	13.3255	27.8709	200
781	22.6953	13.0344	27.7785	200
782	22.0356	12.774	27.676	200
783	22.7169	12.4949	27.5874	200
784	22.7235	12.2224	27.5005	200
785	22.6982	11.9574	27.4148	200
786	22.0249	11.7228	27.3185	200
787	19.9546	11.5671	27.187	200
788	22.0467	11.3376	27.0952	200
789	26.1864	10.9651	27.079	200
790	26.9129	10.5795	27.076	200
791	26.7346	10.2138	27.07	200
792	26.157	9.88165	27.0536	200
793	27.0516	9.5288	27.0536	200
794	27.5035	9.20456	27.0616	200
795	27.4909	8.89115	27.0693	200
796	27.5333	8.59018	27.0776	200
797	27.5193	8.29916	27.0855	200
798	28.1872	8.04211	27.1052	200
799	28.1779	7.82432	27.1219	200
800	28.3325	7.61764	27.1408	200
801	28.3036	7.41592	27.159	200
802	26.3113	7.21066	27.1458	200
803	23.6155	7.09565	27.0906	200
804	20.0427	7.09416	26.9805	200
805	18.6421	7.13304	26.8502	200
806	18.684	7.16532	26.7226	200
807	18.7214	7.19144	26.5976	200
808	21.206	7.1352	26.5133	200
809	21.4921	7.06913	26.4349	200
810	21.5918	6.99957	26.3592	200
811	22.1208	6.91328	26.293	200
812	22.8876	6.80366	26.2398	200
813	24.9289	6.63201	26.2193	200
814	26.2958	6.42715	26.2205	200
815	27.2821	6.25948	26.2371	200
816	27.1392	6.09206	26.2512	200
817	27.1832	5.93081	26.2657	200
818	27.7924	5.79318	26.2896	200
819	29.1506	5.70155	26.3343	200
820	28.5168	5.59158	26.3684	200
821	29.9167	5.52773	26.4238	200
822	29.8795	5.46298	26.4778	200
823	31.2333	5.44087	26.5521	200
824	27.8127	5.31023	26.5718	200
825	27.816	5.18317	26.5913	200
826	27.7415	5.05714	26.6092	200
827	27.1216	4.91512	26.6172	200
828	29.1404	4.84037	26.6567	200
829	27.1532	4.70462	26.6644	200
830	27.8206	4.59373	26.6825	200
831	27.1635	4.47949	26.6892	200
832	26.1351	4.37045	26.6815	200
833	26.8571	4.25392	26.6839	200
834	27.5232	4.15907	26.6956	200
835	28.9116	4.1051	26.7263	200
836	29.5695	4.07005	26.7658	200
837	30.3052	4.05531	26.815	200
838	33.0957	4.11712	26.9022	200
839	32.4326	4.15638	26.979	200
840	31.0941	4.15523	27.0362	200
841	31.0236	4.15057	27.0916	200
842	30.3226	4.12503	27.1364	200
843	29.6271	4.07963	27.171	200
844	29.6563	4.03534	27.2055	200
845	26.9361	3.93073	27.2018	200
846	26.9543	3.82842	27.1984	200
847	28.295	3.75254	27.2136	200
848	29.6755	3.71669	27.2478	200
849	30.3424	3.69941	27.2908	200
850	30.2956	3.68011	27.3325	200
851	29.6364	3.64188	27.3645	200
852	29.71	3.60587	27.3971	200
853	27.5811	3.51082	27.3996	200
854	24.8082	3.48528	27.3636	200
855	22.7288	3.51721	27.2993	200
856	20.6198	3.60505	27.2065	200
857	20.6282	3.68764	27.1151	200
858	21.2595	3.74786	27.0338	200
859	21.3635	3.80126	26.955	200
860	21.3492	3.85139	26.8772	200
861	21.3364	3.89832	26.8002	200
862	22.3844	3.91269	26.7389	200
863	23.139	3.90401	26.6889	200
864	23.6741	3.87622	26.6418	200
865	34.0356	3.98614	26.7573	200
866	34.0749	4.10512	26.888	200
867	35.4072	4.26276	27.0401	200
868	37.4758	4.51997	27.2575	200
869	37.5123	4.75892	27.4712	200
870	37.5032	5.02257	27.722	200
871	37.4229	5.25649	27.9645	200
872	36.8015	5.43552	28.1854	200
873	36.8625	5.59759	28.4023	200
874	36.1792	5.70656	28.5968	200
875	34.7852	5.73065	28.7515	200
876	34.765	5.7448	28.9018	200
877	34.1475	5.71984	29.033	200
878	34.0778	5.68609	29.1591	200
879	34.073	5.64748	29.2819	200
880	35.4526	5.67364	29.4362	200
881	17.2844	5.99754	29.1324	200
882	17.2907	6.28975	28.8363	200
883	16.4919	6.59249	28.5277	200
884	16.5838	6.86006	28.2291	200
885	17.2075	7.06814	27.9536	200
886	18.5642	7.16485	27.758	200
887	18.6068	7.24762	27.5673	200
888	19.2263	7.29317	27.3936	200
889	21.3854	7.23963	27.2684	200
890	22.0302	7.15624	27.1593	200
891	22.0236	7.07205	27.0523	200
892	26.1575	6.81466	27.0336	200
893	26.8286	6.53926	27.0294	200
894	28.2399	6.31723	27.0546	200
895	28.8898	6.13047	27.0928	200
896	29.5945	5.97928	27.1449	200
897	31.6503	5.91786	27.2388	200
898	30.9854	5.82739	27.3168	200
899	31.6335	5.76444	27.4068	200
900	31.6865	5.70258	27.4959	200
901	29.5793	5.55178	27.5393	200
902	28.9983	5.38124	27.5697	200
903	27.5256	5.15887	27.5688	200
904	24.134	5.08703	27.4972	200
905	24.8218	4.98655	27.4415	200
906	24.1143	4.91741	27.3722	200
907	23.515	4.87323	27.2918	200
908	22.7553	4.8592	27.1973	200
909	21.4084	4.89794	27.0767	200
910	22.7354	4.87475	26.9863	200
911	23.8576	4.81239	26.9304	200
912	23.8941	4.74895	26.8762	200
913	27.3514	4.59632	26.8847	200
914	30.7005	4.56844	26.9528	200
915	32.7153	4.61109	27.0557	200
916	34.2069	4.70181	27.1834	200
917	31.5818	4.69097	27.262	200
918	30.8397	4.65121	27.3258	200
919	30.1667	4.58655	27.3766	200
920	30.0399	4.51787	27.4241	200
921	30.8868	4.48018	27.486	200
922	30.8541	4.44046	27.5461	200
923	30.1851	4.37613	27.5932	200
924	30.9039	4.33807	27.6523	200
925	29.0499	4.23305	27.6773	200
926	29.4942	4.14676	27.7097	200
927	30.1017	4.08409	27.7525	200
928	32.9831	4.12504	27.8459	200
929	31.5735	4.11085	27.9124	200
930	30.2121	4.04616	27.9535	200
931	34.158	4.12324	28.0643	200
932	34.2633	4.19738	28.175	200
933	34.2148	4.26318	28.2828	200
934	34.9414	4.34873	28.4017	200
935	35.5904	4.45015	28.5301	200
936	36.953	4.59204	28.6805	200
937	37.6403	4.74803	28.8405	200
938	38.4145	4.92039	29.0115	200
939	39.0724	5.10398	29.1911	200
940	38.3672	5.23123	29.3345	200
941	37.1703	5.31262	29.4569	200
942	32.3877	5.23819	29.5027	200
943	28.2296	5.11428	29.4828	200
944	27.5644	5.01441	29.4529	200
945	28.1982	4.89692	29.4333	200
946	36.4598	4.96347	29.5431	200
947	35.699	5.00073	29.6392	200
948	35.7634	5.03584	29.7349	200
949	35.7385	5.06608	29.8287	200
950	35.0302	5.07031	29.91	200
951	35.0435	5.07228	29.9902	200
952	35.1167	5.07398	30.0703	200
953	36.34	5.11134	30.1683	200
954	39.7725	5.25174	30.3183	200
955	41.1318	5.42555	30.4873	200
956	41.8934	5.61244	30.6655	200
957	43.0149	5.82296	30.8585	200
958	43.5855	6.03871	31.0573	200
959	41.4604	6.1751	31.2199	200
960	42.1074	6.32236	31.39	200
961	42.1562	6.46123	31.5582	200
962	31.2424	6.26919	31.5533	200
963	31.2413	6.08302	31.5484	200
964	31.9136	5.90434	31.5541	200
965	31.262	5.72896	31.5496	200
966	31.2711	5.55863	31.5452	200
967	31.9467	5.39747	31.5515	200
968	32.5839	5.26106	31.5676	200
969	32.7105	5.13237	31.5855	200
970	34.8095	5.07273	31.6358	200
971	36.8134	5.07601	31.7167	200
972	37.5123	5.09599	31.7972	200
973	37.5409	5.11398	31.877	200
974	40.7894	5.2195	32.0008	200
975	40.892	5.32149	32.1243	200
976	41.6169	5.43735	32.2561	200
977	41.5977	5.5458	32.3859	200
978	40.942	5.62942	32.5047	200
979	39.4445	5.66582	32.6011	200
980	39.4851	5.69966	32.6967	200
981	39.5002	5.73032	32.7912	200
982	40.8594	5.79526	32.9032	200
983	40.1808	5.83643	33.0043	200
984	38.1689	5.81777	33.076	200
985	36.791	5.75936	33.1276	200
986	36.1914	5.68448	33.1702	200
987	30.4319	5.60264	33.1322	200
988	31.2529	5.49921	33.1061	200
989	32.5428	5.3621	33.0982	200
990	31.867	5.24736	33.0811	200
991	31.8404	5.13606	33.0639	200
992	28.8422	5.11067	33.0053	200
993	29.577	5.06393	32.9577	200
994	28.8832	5.03644	32.9011	200
995	31.6589	4.93105	32.8838	200
996	33.001	4.79733	32.8854	200
997	37.4352	4.79045	32.9486	200
998	39.483	4.83889	33.0394	200
999	40.1329	4.90152	33.1379	200
1000	38.7441	4.92109	33.2158	200
1001	38.7618	4.93845	33.2928	200
1002	38.7174	4.95196	33.3681	200
1003	38.7443	4.96374	33.4428	200
1004	37.1715	4.92943	33.4946	200
1005	37.4436	4.9022	33.5494	200
1006	35.3045	4.81478	33.5738	200
1007	36.7391	4.76896	33.6178	200
1008	37.4232	4.7422	33.6706	200
1009	37.4083	4.71708	33.7173	200
1010	36.699	4.6737	33.7546	200
1011	36.3309	4.62126	33.7868	200
1012	35.5761	4.55046	33.8092	200
1013	35.6996	4.48396	33.8328	200
1014	32.2676	4.41099	33.8133	200
1015	31.6077	4.35586	33.7857	200
1016	32.748	4.2729	33.7727	200
1017	30.8325	4.23958	33.736	200
1018	29.4689	4.24027	33.6826	200
1019	29.422	4.24078	33.6294	200
1020	30.1328	4.22217	33.5857	200
1021	31.4252	4.17063	33.5586	200
1022	32.1448	4.10171	33.541	200
1023	33.5443	3.99925	33.541	200
1024	33.4905	3.88956	33.5403	200
1025	34.2139	3.80023	33.5497	200
1026	34.2039	3.70191	33.5599	200
1027	34.9074	3.62834	33.5809	200
1028	36.2772	3.59505	33.6291	200
1029	36.9719	3.58604	33.6888	200
1030	36.9661	3.57318	33.7571	200
1031	36.2394	3.52772	33.8088	200
1032	35.366	3.4292	33.8477	200
1033	36.0886	3.36978	33.9037	200
1034	36.0875	3.31048	33.9583	200
1035	35.3636	3.21522	33.9934	200
1036	38.8003	3.2948	34.1136	200
1037	39.4241	3.39558	34.2464	200
1038	40.7707	3.55202	34.4095	200
1039	40.7918	3.69353	34.569	200
1040	40.0833	3.78457	34.7069	200
1041	38.774	3.79869	34.8086	200
1042	38.0501	3.77547	34.8761	200
1043	27.0277	3.94518	34.7126	200
1044	27.594	4.0774	34.5643	200
1045	28.2651	4.16998	34.4331	200
1046	28.9354	4.2253	34.3185	200
1047	32.5315	4.1237	34.2813	200
1048	33.7732	3.97305	34.2707	200
1049	33.8878	3.82346	34.2627	200
1050	33.9048	3.67906	34.2553	200
1051	33.8468	3.54279	34.2468	200
1052	34.5252	3.40677	34.2526	200
1053	35.9459	3.33538	34.2878	200
1054	36.592	3.29241	34.3358	200
1055	36.7214	3.25463	34.3855	200
1056	35.8747	3.18107	34.4166	200
1057	35.893	3.11004	34.4473	200
1058	35.9178	3.04172	34.478	200
1059	33.7239	2.94641	34.4623	200
1060	31.6852	2.93935	34.4044	200
1061	30.2618	2.98948	34.3181	200
1062	30.2397	3.03485	34.2331	200
1063	30.2943	3.07252	34.1511	200
1064	30.3446	3.1031	34.0718	200
1065	30.9433	3.10416	34.0066	200
1066	32.3638	3.04327	33.9724	200
1067	32.3992	2.99076	33.9443	200
1068	30.8636	2.99397	33.8893	200
1069	30.9956	2.99039	33.8376	200
1070	30.967	2.98611	33.7863	200
1071	30.3033	3.00386	33.7241	200
1072	28.1747	3.09477	33.625	200
1073	28.8213	3.1558	33.5392	200
1074	29.4837	3.18793	33.4668	200
1075	30.2249	3.18986	33.4089	200
1076	30.9003	3.16553	33.3641	200
1077	30.1893	3.16586	33.3074	200
1078	28.8412	3.2123	33.2277	200
1079	28.1213	3.27995	33.1365	200
1080	29.4739	3.29361	33.0711	200
1081	29.507	3.30327	33.0075	200
1082	34.3484	3.23319	33.0314	200
1083	34.3501	3.16481	33.0549	200
1084	35.0931	3.12458	33.0913	200
1085	37.1353	3.15741	33.1636	200
1086	33.7686	3.06626	33.1744	200
1087	34.5153	3.00464	33.1983	200
1088	35.9277	2.99481	33.247	200
1089	36.6366	3.00891	33.3076	200
1090	36.5995	3.01902	33.3664	200
1091	36.6169	3.02728	33.4244	200
1092	36.6066	3.03281	33.4812	200
1093	36.5942	3.03567	33.5368	200
1094	36.5849	3.03612	33.5912	200
1095	37.2634	3.05883	33.6568	200
1096	38.0006	3.09899	33.7247	200
1097	35.8975	3.07004	33.7586	200
1098	37.9382	3.10472	33.8239	200
1099	39.3154	3.1793	33.9097	200
1100	38.8304	3.23372	33.9866	200
1101	37.7481	3.25021	34.0454	200
1102	37.8074	3.2662	34.1042	200
1103	39.7839	3.34163	34.1929	200
1104	41.1943	3.45599	34.3023	200
1105	40.5261	3.54249	34.3996	200
1106	41.2086	3.64457	34.506	200
1107	41.2144	3.74031	34.6108	200
1108	41.208	3.82959	34.7139	200
1109	41.2186	3.91319	34.8155	200
1110	43.2883	4.05568	34.9479	200
1111	45.3602	4.25432	35.1106	200
1112	43.9128	4.39644	35.2481	200
1113	40.5175	4.42372	35.3304	200
1114	37.7843	4.36216	35.3688	200
1115	35.0459	4.23593	35.3637	200
1116	34.1119	4.14268	35.3442	200
1117	47.5112	4.39344	35.5343	200
1118	47.4731	4.62923	35.7208	200
1119	45.9026	4.80275	35.8799	200
1120	44.2597	4.91453	36.0109	200
1121	44.2973	5.0199	36.1403	200
1122	43.6046	5.09629	36.257	200
1123	43.6176	5.16705	36.372	200
1124	44.3005	5.25335	36.4959	200
1125	44.4681	5.33831	36.6204	200
1126	44.811	5.42744	36.7484	200
1127	44.8069	5.50966	36.8743	200
1128	45.4777	5.60634	37.0087	200
1129	46.1982	5.70587	37.1364	200
1130	46.9074	5.81879	37.2721	200
1131	46.884	5.92415	37.4056	200
1132	46.8281	6.02133	37.5364	200
1133	46.1696	6.09388	37.6563	200
1134	37.2188	5.93676	37.6503	200
1135	35.8543	5.82174	37.6253	200
1136	34.7145	5.74087	37.5849	200
1137	34.9172	5.65551	37.5478	200
1138	34.9015	5.57192	37.5111	200
1139	34.8845	5.4901	37.4746	200
1140	34.9188	5.40859	37.4391	200
1141	34.2411	5.34719	37.3947	200
1142	34.6975	5.27358	37.3572	200
1143	32.8577	5.25207	37.2947	200
1144	31.4871	5.26751	37.2141	200
1145	32.244	5.25924	37.145	200
1146	32.9518	5.22963	37.0868	200
1147	32.9268	5.19992	37.029	200
1148	33.5868	5.15109	36.9812	200
1149	34.2896	5.08277	36.9438	200
1150	34.3216	5.01443	36.9074	200
1151	34.3285	4.94677	36.8716	200
1152	36.3579	4.82363	36.8645	200
1153	37.0463	4.69469	36.867	200
1154	36.3606	4.56381	36.8591	200
1155	37.0863	4.42829	36.8626	200
1156	37.3742	4.2884	36.8718	200
1157	38.0994	4.17909	36.8937	200
1158	38.7501	4.08231	36.9324	200
1159	39.4387	4.01664	36.9846	200
1160	40.6943	4.0013	37.0773	200
1161	40.1828	3.95651	37.1549	200
1162	41.2112	3.96149	37.2564	200
1163	41.1805	3.95962	37.3545	200
1164	41.1248	3.95016	37.4487	200
1165	41.8031	3.97037	37.5576	200
1166	41.1401	3.95098	37.6471	200
1167	39.7692	3.85953	37.7002	200
1168	39.7826	3.77068	37.7522	200
1169	40.4668	3.71787	37.8201	200
1170	40.4527	3.6636	37.8859	200
1171	33.1761	3.71591	37.7682	200
1172	32.8463	3.77621	37.6451	200
1173	32.7664	3.83134	37.5232	200
1174	32.8055	3.87566	37.4052	200
1175	35.5961	3.77233	37.36	200
1176	37.8219	3.60681	37.3715	200
1177	38.3373	3.49676	37.3917	200
1178	39.7246	3.44827	37.4403	200
1179	41.0562	3.45526	37.5156	200
1180	41.0786	3.45975	37.5898	200
1181	42.7529	3.53072	37.6974	200
1182	37.9295	3.39328	37.7022	200
1183	38.8175	3.29836	37.7255	200
1184	38.8953	3.20968	37.7498	200
1185	38.8813	3.12308	37.7734	200
1186	36.1096	3.06228	37.7387	200
1187	34.5613	3.06708	37.6725	200
1188	35.9161	3.01247	37.6359	200
1189	35.4002	2.98011	37.5894	200
1190	35.3842	2.94782	37.5434	200
1191	34.0418	2.97089	37.4705	200
1192	34.004	2.99154	37.3983	200
1193	33.0505	3.04805	37.3077	200
1194	29.1361	3.26153	37.1374	200
1195	30.9625	3.38292	37.0088	200
1196	30.2635	3.52302	36.8683	200
1197	30.2546	3.6518	36.7305	200
1198	32.37	3.68133	36.6396	200
1199	32.3159	3.7081	36.5496	200
1200	32.3673	3.72785	36.4624	200
1201	33.0234	3.71581	36.3908	200
1202	33.7328	3.67803	36.3433	200
1203	33.0301	3.665	36.2841	200
1204	33.7424	3.62489	36.2388	200
1205	33.7726	3.5835	36.1947	200
1206	33.7033	3.5445	36.1502	200
1207	26.8613	3.74965	35.9844	200
1208	26.8792	3.94092	35.8218	200
1209	26.8393	4.12098	35.6614	200
1210	29.6583	4.1994	35.5363	200
1211	28.1984	4.33017	35.3834	200
1212	28.9168	4.43699	35.2218	200
1213	28.9471	4.52888	35.0649	200
1214	29.6211	4.58606	34.8948	200
1215	34.3747	4.33194	34.8785	200
1216	35.0373	4.07111	34.8835	200
1217	35.0631	3.82789	34.8891	200
1218	34.3723	3.62095	34.8729	200
1219	33.6398	3.47171	34.8344	200
1220	33.0386	3.36697	34.7783	200
1221	30.9534	3.39559	34.6588	200
1222	28.8938	3.54367	34.4786	200
1223	24.3146	3.95744	34.161	200
1224	22.9089	4.41335	33.8093	200
1225	22.9148	4.81842	33.4689	200
1226	23.0326	5.16954	33.1428	200
1227	22.9376	5.48427	32.8238	200
1228	22.897	5.76192	32.5136	200
1229	18.7088	6.26461	32.0822	200
1230	17.9753	6.75475	31.6414	200
1231	13.0853	7.49233	31.0615	200
1232	25.4322	7.37589	30.8856	200
1233	26.1731	7.24272	30.7678	200
1234	26.1663	7.11066	30.6527	200
1235	25.3679	7.01937	30.5206	200
1236	25.4715	6.92086	30.3944	200
1237	27.5371	6.71768	30.323	200
1238	26.8372	6.55608	30.2358	200
1239	30.333	6.23314	30.2382	200
1240	27.5387	6.05646	30.1708	200
1241	26.8441	5.91997	30.0876	200
1242	27.5173	5.75249	30.0233	200
1243	28.9026	5.5209	29.9953	200
1244	28.9173	5.29876	29.9684	200
1245	29.541	5.05519	29.9577	200
1246	30.9258	4.85083	29.9819	200
1247	30.3014	4.62427	29.9899	200
1248	31.6465	4.47589	30.0313	200
1249	31.64	4.33253	30.0715	200
1250	32.9602	4.26034	30.1437	200
1251	25.4456	4.28223	30.0263	200
1252	26.1235	4.26325	29.9287	200
1253	26.8651	4.21327	29.8649	200
1254	27.4316	4.1391	29.8142	200
1255	30.2123	3.98323	29.8225	200
1256	30.2656	3.83572	29.8317	200
1257	31.592	3.74925	29.8684	200
1258	32.2163	3.69086	29.9173	200
1259	32.2719	3.63518	29.9663	200
1260	28.8202	3.53147	29.9425	200
1261	26.7848	3.51589	29.8767	200
1262	24.7154	3.58445	29.7692	200
1263	24.8126	3.64162	29.6659	200
1264	25.5134	3.66291	29.5794	200
1265	26.1442	3.65341	29.5078	200
1266	24.1864	3.72292	29.3969	200
1267	22.838	3.84109	29.2603	200
1268	22.1034	3.97924	29.1112	200
1269	22.1465	4.12851	28.9371	200
1270	20.7655	4.33066	28.7328	200
1271	20.7709	4.55762	28.484	200
1272	21.437	4.7132	28.2638	200
1273	22.8155	4.77445	28.0368	200
1274	25.6498	4.57549	27.9373	200
1275	26.2495	4.33485	27.867	200
1276	26.2302	4.11001	27.7988	200
1277	26.904	3.84208	27.7615	200
1278	25.5299	3.74142	27.6918	200
1279	25.539	3.64213	27.6245	200
1280	23.637	3.66371	27.4999	200
1281	26.2604	3.51219	27.4611	200
1282	28.3206	3.34639	27.488	200
1283	28.4064	3.19464	27.5167	200
1284	29.0144	3.08859	27.5635	200
1285	30.3769	3.07139	27.6514	200
1286	31.7642	3.13647	27.7799	200
1287	32.4764	3.23397	27.9267	200
1288	31.2446	3.23922	28.0304	200
1289	28.2388	3.04979	28.0369	200
1290	26.2002	2.97397	27.9795	200
1291	27.4867	2.8189	27.9641	200
1292	26.9077	2.70875	27.9311	200
1293	26.2409	2.64509	27.8783	200
1294	28.2581	2.50351	27.8901	200
1295	26.9076	2.42746	27.8656	200
1296	27.5568	2.32153	27.8579	200
1297	30.6966	2.34739	27.9288	200
1298	33.085	2.48783	28.0577	200
1299	32.369	2.579	28.1655	200
1300	32.3449	2.65902	28.27	200
1301	33.7033	2.79773	28.4058	200
1302	36.5104	3.06307	28.6084	200
1303	36.5853	3.30876	28.8079	200
1304	37.2117	3.56352	29.018	200
1305	37.2011	3.7945	29.2225	200
1306	36.516	3.96944	29.4049	200
1307	31.0086	3.82159	29.455	200
1308	29.6066	3.59221	29.4597	200
1309	33.0185	3.58942	29.608	200
1310	33.136	3.5843	29.755	200
1311	31.7676	3.45333	29.8389	200
1312	31.0184	3.26385	29.888	200
1313	33.3488	3.28026	30.0322	200
1314	33.3551	3.28381	30.1707	200
1315	34.075	3.33552	30.3333	200
1316	25.7106	3.44279	30.1407	200
1317	25.6834	3.52734	29.955	200
1318	24.3277	3.70233	29.7205	200
1319	22.6629	3.98194	29.4265	200
1320	26.1363	3.92429	29.2894	200
1321	27.4834	3.74776	29.2141	200
1322	27.4968	3.62086	29.1605	200
1323	18.0927	4.08629	28.8146	200
1324	20.1498	4.37245	28.5438	200
1325	22.4421	4.51656	28.2896	200
1326	21.0771	4.74122	27.9891	200
1327	30.0132	4.40158	28.1156	200
1328	30.0501	4.09319	28.2365	200
1329	32.1079	4.06548	28.4784	200
1330	32.7692	4.09363	28.7466	200
1331	26.3569	3.88064	28.5973	200
1332	14.4283	5.16668	27.7117	200
1333	15.1037	6.09684	26.9237	200
1334	14.4442	6.62873	26.4037	200
1335	19.3854	6.6612	26.1113	200
1336	19.9199	6.62204	25.8533	200
1337	17.4838	6.76767	25.5046	200
1338	19.5585	6.6992	25.2568	200
1339	21.6671	6.44008	25.1073	200
1340	22.3317	6.13469	24.9916	200
1341	22.7718	5.80845	24.8991	200
1342	28.9712	5.66376	25.0688	200
1343	22.4702	5.40832	24.9605	200
1344	21.8303	5.21848	24.8301	200
1345	23.9014	4.86099	24.7914	200
1346	30.6911	4.92591	24.9758	200
1347	31.3552	5.01676	25.1751	200
1348	26.6363	4.79453	25.2208	200
1349	21.3096	4.73932	25.0985	200
1350	21.3251	4.67896	24.9806	200
1351	24.7323	4.40204	24.9729	200
1352	24.0265	4.18606	24.9433	200
1353	25.4401	3.95548	24.9588	200
1354	22.7126	3.84865	24.8886	200
1355	22.1061	3.78201	24.8017	200
1356	20.6999	3.802	24.6735	200
1357	24.5613	3.57138	24.67	200
1358	23.8825	3.39739	24.6454	200
1359	19.7134	3.4933	24.4912	200
1360	20.4333	3.52859	24.3644	200
1361	30.0355	3.6625	24.5417	200
1362	31.395	3.86192	24.7558	200
1363	28.0003	3.83105	24.8369	200
1364	27.2789	3.76159	24.898	200
1365	27.2917	3.6932	24.9578	200
1366	25.447	3.533	24.9701	200
1367	26.1363	3.41466	24.9992	200
1368	26.164	3.30217	25.0283	200
1369	24.7713	3.14991	25.0219	200
1370	27.0718	3.09491	25.0732	200
1371	27.0757	3.04029	25.1232	200
1372	28.4431	3.05427	25.2062	200
1373	32.5676	3.26963	25.3902	200
1374	32.5412	3.4637	25.569	200
1375	33.2501	3.67457	25.761	200
1376	31.9452	3.80005	25.9157	200
1377	31.2124	3.87488	26.0481	200
1378	30.5729	3.90738	26.1612	200
1379	30.5257	3.93023	26.2703	200
1380	22.0821	3.94313	26.1656	200
1381	22.7738	3.91556	26.0808	200
1382	22.1236	3.91764	25.9819	200
1383	22.7832	3.88169	25.9019	200
1384	20.0185	3.9651	25.7793	200
1385	20.747	4.00957	25.6745	200
1386	22.0804	3.99225	25.5996	200
1387	22.2545	3.96529	25.5299	200
1388	24.3774	3.84809	25.5059	200
1389	25.7657	3.69857	25.5113	200
1390	26.4351	3.58296	25.5306	200
1391	23.6271	3.51298	25.4909	200
1392	23.7004	3.44121	25.4536	200
1393	24.3168	3.3452	25.4299	200
1394	25.7249	3.2181	25.4361	200
1395	28.4538	3.20975	25.4989	200
1396	25.6915	3.08404	25.5029	200
1397	26.3622	2.99134	25.5208	200
1398	25.0389	2.88678	25.5108	200
1399	23.3872	2.85498	25.4666	200
1400	22.6708	2.85251	25.4083	200
1401	22.6331	2.84929	25.3505	200
1402	22.0719	2.86718	25.2822	200
1403	29.5823	2.92688	25.3718	200
1404	28.8373	2.94933	25.444	200
1405	28.1625	2.93971	25.5006	200
1406	29.5375	2.98543	25.5847	200
1407	27.487	2.94029	25.6243	200
1408	28.8865	2.9537	25.6923	200
1409	28.876	2.96192	25.7492	200
1410	26.7954	2.8935	25.7678	200
1411	27.4637	2.85073	25.7981	200
1412	27.4815	2.80904	25.8282	200
1413	26.8162	2.744	25.8458	200
1414	30.2792	2.80434	25.925	200
1415	30.1501	2.85508	26.0004	200
1416	29.1005	2.86383	26.0558	200
1417	30.4667	2.91908	26.1346	200
1418	31.161	2.99434	26.2243	200
1419	32.733	3.11985	26.3406	200
1420	33.2275	3.25439	26.4635	200
1421	31.9826	3.33527	26.5621	200
1422	33.3573	3.45884	26.6834	200
1423	32.7227	3.551	26.7913	200
1424	32.6703	3.63414	26.8963	200
1425	31.3966	3.66508	26.9766	200
1426	31.3105	3.68896	27.054	200
1427	30.7093	3.68776	27.1193	200
1428	27.8288	3.5814	27.132	200
1429	29.9515	3.55418	27.1823	200
1430	31.7887	3.59176	27.2646	200
1431	30.3969	3.57535	27.3205	200
1432	31.7672	3.60647	27.3999	200
1433	30.9232	3.6035	27.4628	200
1434	31.1298	3.60577	27.5283	200
1435	31.6132	3.62288	27.6012	200
1436	31.6218	3.63708	27.673	200
1437	32.3012	3.67248	27.7557	200
1438	32.2988	3.70876	27.8503	200
1439	33.7345	3.7994	27.9729	200
1440	33.6251	3.89204	28.1142	200
1441	33.716	3.97752	28.2543	200
1442	33.6068	4.06346	28.4215	200
1443	31.6233	4.00961	28.5216	200
1444	30.2562	3.86742	28.5758	200
1445	33.66	3.94347	28.7347	200
1446	32.9796	3.96231	28.8673	200
1447	35.7964	4.14774	29.0839	200
1448	35.7013	4.30209	29.2907	200
1449	36.3808	4.47635	29.5122	200
1450	36.4542	4.63045	29.7292	200
1451	30.389	4.38229	29.7498	200
1452	31.0227	4.18795	29.7896	200
1453	29.1344	3.96714	29.7691	200
1454	29.8675	3.72535	29.7722	200
1455	30.5193	3.57644	29.7908	200
1456	30.4904	3.43259	29.8083	200
1457	32.7595	3.40853	29.8821	200
1458	32.0538	3.34668	29.9364	200
1459	32.9074	3.3279	30.0107	200
1460	34.6824	3.39509	30.1275	200
1461	34.0509	3.42151	30.2256	200
1462	32.5327	3.36579	30.2832	200
1463	33.8875	3.37771	30.3733	200
1464	35.9175	3.48604	30.5119	200
1465	35.9545	3.58386	30.648	200
1466	34.5089	3.59771	30.7445	200
1467	31.6559	3.4634	30.7673	200
1468	31.6726	3.33549	30.7899	200
1469	34.3291	3.34567	30.8784	200
1470	31.0922	3.18908	30.8838	200
1471	30.9974	3.03531	30.8866	200
1472	24.8188	3.18693	30.7349	200
1473	23.3941	3.39462	30.5514	200
1474	22.7551	3.6147	30.3565	200
1475	24.239	3.73984	30.2035	200
1476	24.144	3.8365	30.0773	200
1477	22.8113	3.97939	29.9259	200
1478	20.8348	4.19238	29.7365	200
1479	20.6691	4.39551	29.5476	200
1480	17.8248	4.70081	29.3034	200
1481	20.5475	4.86977	29.121	200
1482	23.3272	4.90827	29.0003	200
1483	21.2141	5.02819	28.8381	200
1484	21.9464	5.10583	28.6945	200
1485	21.8908	5.17657	28.5527	200
1486	22.5019	5.213	28.4267	200
1487	23.9107	5.18396	28.3326	200
1488	25.4072	5.08986	28.2717	200
1489	26.0426	4.97066	28.2252	200
1490	27.824	4.78026	28.2169	200
1491	29.3822	4.62964	28.2411	200
1492	30.0393	4.51166	28.2786	200
1493	27.3108	4.364	28.2584	200
1494	23.9046	4.36358	28.1677	200
1495	23.2299	4.3875	28.0649	200
1496	22.5186	4.43579	27.9493	200
1497	25.0264	4.37275	27.8884	200
1498	27.9363	4.19255	27.8894	200
1499	29.0605	4.06665	27.9138	200
1500	28.3471	3.93689	27.9215	200
1501	29.0444	3.83639	27.9416	200
1502	27.9685	3.70034	27.9421	200
1503	25.374	3.6599	27.8962	200
1504	24.0803	3.66547	27.8281	200
1505	22.6466	3.71962	27.7355	200
1506	22.6537	3.76826	27.6448	200
1507	23.3371	3.78753	27.5679	200
1508	23.2241	3.80739	27.4903	200
1509	22.6426	3.84455	27.4037	200
1510	20.827	3.95839	27.2667	200
1511	18.6744	4.15147	27.0877	200
1512	21.6642	4.21507	26.9521	200
1513	23.7222	4.16581	26.8714	200
1514	25.7982	3.97253	26.8378	200
1515	23.6733	3.92203	26.7389	200
1516	22.0314	3.97112	26.5918	200
1517	22.7554	3.96271	26.4719	200
1518	21.9934	3.99494	26.332	200
1519	22.0901	4.01038	26.1994	200
1520	22.7502	3.97531	26.0916	200
1521	23.3895	3.89573	26.0072	200
1522	24.9048	3.72115	25.9728	200
1523	13.7809	4.25057	25.5918	200
1524	16.4997	4.55316	25.3076	200
1525	17.887	4.73237	25.0757	200
1526	22.7125	4.5843	25.0019	200
1527	23.3669	4.39997	24.9508	200
1528	22.6843	4.26662	24.88	200
1529	22.0371	4.17764	24.7911	200
1530	21.8839	4.09824	24.7003	200
1531	23.2746	3.9312	24.6557	200
1532	20.4777	3.94354	24.5513	200
1533	18.4473	4.05156	24.3987	200
1534	16.3615	4.25084	24.1977	200
1535	12.9505	4.60066	23.9166	200
1536	16.3799	4.74746	23.7281	200
1537	19.1825	4.73737	23.6145	200
1538	19.8806	4.6872	23.5211	200
1539	22.7969	4.48905	23.503	200
1540	23.403	4.26959	23.5005	200
1541	27.5396	4.25807	23.6015	200
1542	26.9133	4.21075	23.6843	200
1543	26.2043	4.12621	23.7473	200
1544	26.1742	4.04124	23.808	200
1545	24.799	3.88873	23.8328	200
1546	20.6789	3.85198	23.7539	200
1547	17.8926	3.95245	23.6074	200
1548	17.8753	4.04143	23.4641	200
1549	14.4442	4.29035	23.2386	200
1550	15.8499	4.44527	23.0539	200
1551	15.9143	4.57998	22.8754	200
1552	17.2084	4.63433	22.7337	200
1553	17.893	4.64293	22.6328	200
1554	24.4429	4.52489	22.6706	200
1555	26.5806	4.49927	22.752	200
1556	28.5432	4.5531	22.8727	200
1557	29.2875	4.63068	23.0063	200
1558	30.7509	4.76042	23.1677	200
1559	30.038	4.84833	23.3108	200
1560	29.2969	4.89574	23.4355	200
1561	26.5907	4.82321	23.5012	200
1562	23.0821	4.63971	23.4925	200
1563	22.4976	4.48784	23.4718	200
1564	23.1577	4.31393	23.4652	200
1565	23.1747	4.14629	23.4592	200
1566	21.6384	4.04939	23.4212	200
1567	19.505	4.04385	23.3396	200
1568	20.9295	3.97578	23.2894	200
1569	25.0597	3.88388	23.3263	200
1570	26.3073	3.84626	23.3884	200
1571	27.0243	3.83749	23.4642	200
1572	27.7333	3.85548	23.5531	200
1573	28.4219	3.8977	23.6545	200
1574	29.6352	3.98449	23.7791	200
1575	30.3126	4.0907	23.9152	200
1576	30.9876	4.21493	24.0626	200
1577	31.6605	4.35589	24.2209	200
1578	30.981	4.44175	24.3416	200
1579	26.0019	4.34242	24.3712	200
1580	25.9807	4.24481	24.4	200
1581	22.5676	4.15865	24.3673	200
1582	19.1927	4.19493	24.2749	200
1583	19.1231	4.22911	24.1829	200
1584	20.5018	4.20953	24.1171	200
1585	21.8708	4.13942	24.077	200
1586	21.1714	4.09535	24.0251	200
1587	20.6389	4.07003	23.9647	200
1588	22.0351	3.99358	23.9302	200
1589	22.0614	3.91769	23.8968	200
1590	22.8604	3.81479	23.8783	200
1591	26.8975	3.78638	23.9322	200
1592	27.5602	3.78072	23.997	200
1593	27.4361	3.76852	24.0584	200
1594	28.902	3.80691	24.1449	200
1595	33.0862	3.99028	24.3046	200
1596	31.6223	4.10912	24.4353	200
1597	28.9695	4.1243	24.5162	200
1598	27.6401	4.08857	24.572	200
1599	25.74	3.98427	24.5929	200
1600	25.1595	3.86221	24.603	200
1601	24.1538	3.74031	24.595	200
1602	24.2376	3.61949	24.5886	200
1603	23.5283	3.52809	24.5696	200
1604	22.72	3.46815	24.5366	200
1605	19.377	3.52856	24.4445	200
1606	21.4963	3.50783	24.3918	200
1607	22.1259	3.46902	24.3564	200
1608	23.5063	3.38718	24.3431	200
1609	23.3115	3.31356	24.327	200
1610	22.6942	3.26104	24.3015	200
1611	22.7731	3.2069	24.2776	200
1612	26.829	3.18641	24.3175	200
1613	26.8097	3.16472	24.3564	200
1614	26.65	3.13749	24.3923	200
1615	27.2141	3.12763	24.4364	200
1616	28.2403	3.14876	24.4958	200
1617	27.4541	3.14281	24.542	200
1618	27.4831	3.1365	24.588	200
1619	28.1808	3.15076	24.6441	200
1620	28.1628	3.16226	24.6991	200
1621	26.7285	3.12686	24.7308	200
1622	28.176	3.1368	24.7846	200
1623	29.3923	3.18277	24.8566	200
1624	28.7	3.20341	24.9167	200
1625	28.196	3.20578	24.9679	200
1626	28.2013	3.20665	25.0184	200
1627	27.9882	3.19924	25.0648	200
1628	24.6267	3.11296	25.058	200
1629	23.8868	3.05228	25.0397	200
1630	24.5687	2.97161	25.0323	200
1631	25.99	2.90868	25.0473	200
1632	25.9256	2.84523	25.061	200
1633	26.6825	2.80698	25.0864	200
1634	28.6896	2.83187	25.1427	200
1635	30.0535	2.89683	25.2194	200
1636	30.0939	2.95864	25.2955	200
1637	30.2482	3.02095	25.3729	200
1638	29.3288	3.05016	25.4347	200
1639	30.0195	3.09812	25.5064	200
1640	27.5085	3.06767	25.5342	200
1641	27.522	3.03768	25.5618	200
1642	29.5913	3.06523	25.6178	200
1643	26.6845	3.00971	25.6326	200
1644	26.837	2.95957	25.6493	200
1645	26.8007	2.90934	25.6653	200
1646	26.8575	2.86164	25.6819	200
1647	26.8064	2.81339	25.6975	200
1648	28.8818	2.82369	25.7417	200
1649	28.9063	2.83316	25.7856	200
1650	27.4825	2.8016	25.8092	200
1651	26.1451	2.73311	25.8139	200
1652	25.5439	2.66468	25.8101	200
1653	25.0641	2.61139	25.7998	200
1654	25.2881	2.55306	25.7927	200
1655	27.508	2.52979	25.8165	200
1656	28.1839	2.52528	25.8494	200
1657	29.5497	2.55792	25.9008	200
1658	29.5577	2.58845	25.9515	200
1659	28.888	2.59811	25.9923	200
1660	26.1342	2.52988	25.9943	200
1661	26.1254	2.46325	25.9961	200
1662	26.1109	2.39802	25.9977	200
1663	25.4476	2.34668	25.9901	200
1664	24.7573	2.31574	25.973	200
1665	24.064	2.30444	25.9464	200
1666	22.0204	2.34948	25.8919	200
1667	24.1109	2.33369	25.8672	200
1668	25.4252	2.28114	25.861	200
1669	26.0865	2.22404	25.8642	200
1670	24.6806	2.19514	25.8477	200
1671	25.8336	2.13456	25.8475	200
1672	25.4229	2.08705	25.8416	200
1673	23.3591	2.09804	25.8072	200
1674	23.3982	2.10668	25.7737	200
1675	22.6994	2.13355	25.731	200
1676	24.7498	2.10154	25.7174	200
1677	25.4316	2.05615	25.7138	200
1678	26.8222	2.03245	25.7276	200
1679	26.8286	2.00917	25.7414	200
1680	26.1891	1.97013	25.747	200
1681	26.8362	1.94811	25.7606	200
1682	28.2165	1.9608	25.7913	200
1683	28.8291	1.98773	25.8293	200
1684	28.2282	1.99801	25.8593	200
1685	28.9132	2.0244	25.8975	200
1686	28.1829	2.03093	25.926	200
1687	26.114	1.98485	25.9284	200
1688	26.8385	1.95798	25.9397	200
1689	27.5067	1.94821	25.9593	200
1690	26.8006	1.92053	25.9698	200
1691	27.5446	1.91189	25.9895	200
1692	29.589	1.95408	26.0345	200
1693	29.5492	1.99309	26.0785	200
1694	29.5805	2.03082	26.1222	200
1695	28.2733	2.03382	26.1491	200
1696	29.6095	2.06949	26.1924	200
1697	29.5765	2.10235	26.2347	200
1698	28.8864	2.11608	26.2678	200
1699	29.5931	2.14631	26.3094	200
1700	30.2295	2.19066	26.3584	200
1701	30.2503	2.23319	26.407	200
1702	29.5462	2.25584	26.4463	200
1703	29.5736	2.27762	26.4854	200
1704	30.256	2.31495	26.5325	200
1705	28.8061	2.31391	26.5609	200
1706	28.1336	2.29538	26.5806	200
1707	30.1794	2.32797	26.6256	200
1708	28.7995	2.32412	26.6527	200
1709	30.8903	2.37195	26.7057	200
1710	30.8881	2.41722	26.758	200
1711	30.8456	2.45897	26.8091	200
1712	28.8526	2.44859	26.8346	200
1713	28.8699	2.43825	26.8601	200
1714	30.187	2.46047	26.9016	200
1715	30.8496	2.49766	26.951	200
1716	30.18	2.51594	26.9914	200
1717	31.5328	2.5722	27.0544	200
1718	30.8576	2.6064	27.1073	200
1719	30.8565	2.64211	27.1658	200
1720	30.1477	2.65272	27.2124	200
1721	31.6477	2.71638	27.2916	200
1722	31.641	2.7747	27.3693	200
1723	33.7183	2.92363	27.5016	200
1724	33.7022	3.06018	27.6307	200
1725	33.7837	3.21481	27.7846	200
1726	33.6924	3.34947	27.9323	200
1727	34.4383	3.50729	28.0949	200
1728	32.4336	3.54194	28.1853	200
1729	31.7229	3.54175	28.259	200
1730	28.9554	3.4232	28.2735	200
1731	31.0618	3.39674	28.3316	200
1732	30.3254	3.33829	28.3731	200
1733	30.3036	3.27963	28.4134	200
1734	29.5937	3.19216	28.4379	200
1735	28.9938	3.08231	28.4495	200
1736	19.179	3.34015	28.2564	200
1737	19.2461	3.57641	28.0687	200
1738	18.5676	3.82327	27.8707	200
1739	19.2095	4.02485	27.6903	200
1740	19.8817	4.1825	27.5276	200
1741	19.9124	4.32554	27.369	200
1742	20.5784	4.42825	27.2275	200
1743	19.9136	4.54848	27.0751	200
1744	22.0368	4.56889	26.9702	200
1745	22.6854	4.55705	26.8809	200
1746	24.0502	4.48512	26.8219	200
1747	26.0912	4.32868	26.8067	200
1748	24.0413	4.26355	26.7491	200
1749	24.0592	4.19797	26.693	200
1750	23.3483	4.16242	26.6234	200
1751	23.4657	4.12056	26.5576	200
1752	25.4536	3.99487	26.5346	200
1753	25.5179	3.8885	26.5164	200
1754	25.4761	3.78678	26.4978	200
1755	25.4803	3.68788	26.4797	200
1756	26.7984	3.56755	26.4854	200
1757	25.4522	3.47704	26.4669	200
1758	25.4564	3.38895	26.4489	200
1759	24.1044	3.35164	26.407	200
1760	22.0615	3.38714	26.3294	200
1761	22.0539	3.41886	26.253	200
1762	23.4204	3.39793	26.2025	200
1763	25.5049	3.30149	26.19	200
1764	25.3883	3.21221	26.1757	200
1765	24.146	3.16997	26.1394	200
1766	24.8162	3.10402	26.1158	200
1767	24.1101	3.06479	26.08	200
1768	24.8104	3.00068	26.0573	200
1769	24.163	2.96116	26.0235	200
1770	22.0611	2.99692	25.9527	200
1771	21.3693	3.05358	25.8709	200
1772	21.3952	3.10438	25.791	200
1773	21.5407	3.1453	25.7151	200
1774	23.3871	3.11611	25.6735	200
1775	22.7698	3.10852	25.6216	200
1776	22.0449	3.12524	25.5578	200
1777	20.6434	3.18914	25.47	200
1778	21.3594	3.22205	25.3966	200
1779	21.3076	3.25301	25.3236	200
1780	22.0028	3.25543	25.2643	200
1781	22.6951	3.23092	25.2184	200
1782	22.6782	3.20934	25.1787	200
1783	22.7029	3.18314	25.1345	200
1784	23.465	3.12908	25.1047	200
1785	24.7631	3.01294	25.0976	200
1786	25.5949	2.90812	25.1079	200
1787	27.6348	2.88905	25.1711	200
1788	28.8532	2.9287	25.2632	200
1789	27.6664	2.89586	25.3383	200
1790	26.174	2.7671	25.3644	200
1791	25.5499	2.60576	25.3702	200
1792	24.1819	2.51716	25.333	200
1793	23.5239	2.47291	25.2765	200
1794	23.5309	2.42745	25.222	200
1795	24.2562	2.33609	25.1918	200
1796	24.9503	2.20518	25.1842	200
1797	27.6952	2.22429	25.2627	200
1798	19.3454	2.4551	25.0778	200
1799	20.701	2.5752	24.941	200
1800	20.7248	2.65726	24.8356	200
1801	21.3764	2.69735	24.7491	200
1802	21.4105	2.72941	24.6657	200
1803	26.8873	2.70402	24.7212	200
1804	26.8937	2.67745	24.7755	200
1805	26.8792	2.64875	24.8281	200
1806	25.466	2.54821	24.844	200
1807	19.9005	2.66798	24.7205	200
1808	19.2562	2.80779	24.5839	200
1809	19.9483	2.89918	24.468	200
1810	19.2412	3.01555	24.3373	200
1811	19.9847	3.08241	24.2285	200
1812	28.2776	3.13074	24.3297	200
1813	24.2336	2.97901	24.3273	200
1814	24.2018	2.83633	24.3242	200
1815	23.476	2.73692	24.303	200
1816	22.8551	2.67247	24.2668	200
1817	20.7847	2.71295	24.1797	200
1818	21.4567	2.71345	24.1116	200
1819	22.2066	2.67303	24.064	200
1820	22.8444	2.60036	24.0335	200
1821	25.5874	2.55675	24.0659	200
1822	30.4751	2.71727	24.1994	200
1823	26.2564	2.68425	24.2508	200
1824	24.8994	2.58247	24.2671	200
1825	24.126	2.42988	24.2626	200
1826	27.5992	2.48654	24.3669	200
1827	28.2464	2.60262	24.5286	200
1828	27.6143	2.64288	24.6571	200
1829	27.633	2.67062	24.7811	200
1830	27.5092	2.67541	24.8948	200
1831	31.0452	2.96499	25.1511	200
1832	33.0466	3.37587	25.48	200
1833	35.2727	3.9106	25.8881	200
1834	29.0891	3.85147	26.0214	200
1835	29.7318	3.83971	26.176	200
1836	29.8909	3.83191	26.2921	200
1837	30.8333	3.87624	26.434	200
1838	28.0037	3.73208	26.4831	200
1839	26.7257	3.51398	26.4907	200
1840	21.7358	3.59154	26.3421	200
1841	18.2418	3.87333	26.0889	200
1842	18.2807	4.11927	25.8449	200
1843	19.6438	4.24938	25.6512	200
1844	19.4348	4.37231	25.4569	200
1845	18.5766	4.52906	25.2419	200
1846	27.572	4.39162	25.3147	200
1847	27.5322	4.25574	25.384	200
1848	27.5408	4.12455	25.4514	200
1849	18.5443	4.29846	25.2355	200
1850	18.5649	4.44672	25.0271	200
1851	17.8465	4.61759	24.8027	200
1852	19.2294	4.67732	24.6285	200
1853	20.6281	4.64347	24.5285	200
1854	23.1747	4.47899	24.4947	200
1855	18.7554	4.55776	24.3153	200
1856	18.7368	4.62155	24.141	200
1857	19.448	4.6275	23.9454	200
1858	19.4933	4.61289	23.7599	200
1859	23.6201	4.05375	23.7512	200
1860	23.6013	3.72843	23.745	200
1861	23.0757	3.4735	23.7171	200
1862	24.3604	3.23765	23.7439	200
1863	23.7013	2.9714	23.7421	200
1864	14.5293	3.49152	23.3582	200
1865	15.9376	3.81894	23.049	200
1866	15.946	4.09262	22.7531	200
1867	17.1626	4.21744	22.5201	200
1868	18.641	4.18925	22.3585	200
1869	18.5732	4.15559	22.2008	200
1870	17.2859	4.21886	21.996	200
1871	17.2691	4.26119	21.799	200
1872	18.6315	4.17005	21.6671	200
1873	18.698	4.09499	21.5743	200
1874	18.6992	4.01875	21.4844	200
1875	17.2972	4.02928	21.3536	200
1876	16.6463	4.07166	21.2065	200
1877	17.9408	4.02128	21.1044	200
1878	17.2639	4.00998	20.9844	200
1879	17.2697	3.99153	20.8683	200
1880	18.6201	3.88257	20.7981	200
1881	19.2969	3.73373	20.7512	200
1882	17.926	3.67695	20.6629	200
1883	17.2535	3.66023	20.5563	200
1884	16.5805	3.67995	20.4321	200
1885	17.2924	3.63492	20.3013	200
1886	17.287	3.5832	20.1757	200
1887	17.2852	3.49661	19.995	200
1888	17.2907	3.39757	19.826	200
1889	17.9745	3.20432	19.7103	200
1890	18.6358	2.93808	19.6431	200
1891	18.632	2.7775	19.601	200
1892	16.4533	2.80834	19.4698	200
1893	17.1516	2.7675	19.3732	200
1894	17.1945	2.71843	19.2825	200
1895	16.5239	2.72178	19.1675	200
1896	17.849	2.60484	19.1126	200
1897	21.9355	2.62301	19.2302	200
1898	15.7839	2.69162	19.0866	200
1899	15.1261	2.79736	18.9216	200
1900	15.7939	2.82489	18.7913	200
1901	16.4314	2.78613	18.6929	200
1902	16.6284	2.726	18.6069	200
1903	17.3678	2.63307	18.5682	200
1904	18.1269	2.49608	18.5544	200
1905	19.4696	2.39727	18.583	200
1906	18.7606	2.25854	18.5885	200
1907	19.4414	2.17069	18.6152	200
1908	19.7055	2.10316	18.6493	200
1909	19.5236	2.00076	18.6857	200
1910	20.2159	1.96155	18.7495	200
1911	20.1951	1.89705	18.8398	200
1912	18.1393	1.74748	18.796	200
1913	17.4293	1.69988	18.7106	200
1914	18.1415	1.55854	18.675	200
1915	17.3976	1.5234	18.5952	200
1916	13.0792	2.02247	18.2504	200
1917	12.3417	2.34633	18.0043	200
1918	8.23802	2.96465	17.5973	200
1919	8.95857	3.43749	17.2374	200
1920	9.01772	3.83601	16.8949	200
1921	8.96384	4.17726	16.5644	200
1922	15.8256	3.89073	16.5336	200
1923	13.812	3.7933	16.4202	200
1924	12.4154	3.81092	16.2534	200
1925	10.9865	3.93225	16.0339	200
1926	11.0015	4.02393	15.8242	200
1927	12.4314	3.97134	15.6829	200
1928	9.06538	4.19186	15.4071	200
1929	9.72519	4.31603	15.1704	200
1930	17.3345	4.18154	15.238	200
1931	17.4246	4.05685	15.3063	200
1932	17.61	3.94728	15.3783	200
1933	17.392	3.82643	15.4413	200
1934	16.0014	3.62229	15.4588	200
1935	13.2842	3.5318	15.3908	200
1936	13.2365	3.44571	15.3235	200
1937	15.9808	3.21334	15.3509	200
1938	11.8041	3.24113	15.2031	200
1939	25.4608	4.1182	15.8442	200
1940	25.9467	4.86623	16.4756	200
1941	27.2322	5.60253	17.1479	200
1942	27.8821	6.24399	17.8188	200
1943	28.5395	6.80358	18.4888	200
1944	10.3759	6.96725	17.9818	200
1945	13.169	6.7877	17.7812	200
1946	12.7494	6.64138	17.5716	200
1947	12.072	6.54623	17.3424	200
1948	28.0881	6.89618	17.7902	200
1949	44.4293	8.54142	18.9001	200
1950	45.7586	10.0678	20.0192	200
1951	44.3718	11.2582	21.0339	200
1952	44.4238	12.2692	22.0085	200
1953	45.1166	13.1724	22.9713	200
1954	33.2483	12.9312	23.3995	200
1955	13.3079	12.6945	22.9791	200
1956	12.4162	12.5169	22.5389	200
1957	15.867	12.1516	22.3304	200
1958	14.5409	11.879	22.087	200
1959	23.2073	11.2065	22.122	200
1960	39.123	11.5687	22.6533	200
1961	35.581	11.6536	23.0573	200
1962	37.6476	11.8372	23.5132	200
1963	37.9642	12.0005	23.9648	200
1964	38.678	12.1701	24.4246	200
1965	35.8978	12.1265	24.7831	200
1966	35.1426	12.0161	25.1069	200
1967	25.0748	11.2671	25.1059	200
1968	14.7076	11.2128	24.7809	200
1969	16.1599	11.0508	24.5115	200
1970	17.9986	10.7672	24.308	200
1971	23.6113	10.1378	24.2862	200
1972	38.3842	10.3853	24.7268	200
1973	40.3935	10.7154	25.2164	200
1974	41.0991	10.9737	25.6134	200
1975	41.7924	11.234	26.0179	200
1976	44.5933	11.6011	26.4823	200
1977	38.9854	11.6462	26.7949	200
1978	36.1334	11.5308	27.0283	200
1979	34.1135	11.3085	27.2055	200
1980	28.5125	10.8084	27.2381	200
1981	17.2714	10.7663	26.989	200
1982	16.0292	10.776	26.715	200
1983	16.6604	10.7399	26.4636	200
1984	25.3269	10.2598	26.4352	200
1985	29.1002	9.88004	26.5018	200
1986	28.3268	9.47729	26.5474	200
1987	29.7891	9.1655	26.6285	200
1988	29.8346	8.86754	26.7086	200
1989	28.3981	8.50863	26.7509	200
1990	28.4143	8.16637	26.7925	200
1991	26.1574	7.7898	26.7766	200
1992	26.6289	7.4077	26.7729	200
1993	28.0725	7.10229	26.8054	200
1994	28.7374	6.84378	26.8537	200
1995	22.3429	6.74657	26.7597	200
1996	20.697	6.71808	26.6334	200
1997	19.2614	6.74532	26.4798	200
1998	24.1252	6.56238	26.4308	200
1999	32.421	6.53854	26.5555	200
2000	35.4731	6.63766	26.7413	200
2001	35.5386	6.72765	26.9246	200
2002	34.1826	6.74974	27.0758	200
2003	33.5964	6.74019	27.2117	200
2004	32.2474	6.66918	27.3166	200
2005	32.2363	6.59628	27.4191	200
2006	33.6102	6.5794	27.548	200
2007	32.12	6.49575	27.6433	200
2008	29.8943	6.31889	27.6902	200
2009	29.2916	6.12233	27.7236	200
2010	22.3591	6.09075	27.6118	200
2011	14.7461	6.37304	27.3438	200
2012	16.6476	6.55317	27.1209	200
2013	26.5207	6.30513	27.1084	200
2014	30.7253	6.19312	27.1838	200
2015	33.8147	6.21136	27.3219	200
2016	35.6872	6.30111	27.4962	200
2017	37.1079	6.43905	27.6964	200
2018	37.0914	6.56222	27.8922	200
2019	40.8577	6.82902	28.1623	200
2020	41.5817	7.06439	28.4019	200
2021	41.6588	7.28555	28.6386	200
2022	43.7887	7.56643	28.9092	200
2023	43.7826	7.82739	29.1748	200
2024	43.0517	8.04345	29.4226	200
2025	38.0998	8.06608	29.5775	200
2026	28.169	7.82831	29.5524	200
2027	24.7228	7.72121	29.4661	200
2028	21.6512	7.72456	29.3266	200
2029	31.2715	7.51814	29.3613	200
2030	31.5518	7.32787	29.4004	200
2031	30.8621	7.11836	29.4265	200
2032	30.2879	6.8949	29.4419	200
2033	32.8053	6.76877	29.502	200
2034	31.2843	6.59069	29.5338	200
2035	31.4116	6.42237	29.5673	200
2036	31.986	6.27938	29.6105	200
2037	32.042	6.14195	29.6539	200
2038	32.016	6.00695	29.6961	200
2039	32.0689	5.87716	29.7385	200
2040	32.023	5.74885	29.7793	200
2041	31.4032	5.60153	29.8083	200
2042	31.3905	5.45799	29.8365	200
2043	19.8141	5.64817	29.6277	200
2044	22.4929	5.71012	29.4791	200
2045	22.5128	5.77292	29.3049	200
2046	35.0322	5.77064	29.4481	200
2047	34.6709	5.7364	29.6113	200
2048	36.0496	5.78027	29.8125	200
2049	36.8323	5.85774	30.0319	200
2050	35.9726	5.86292	30.2175	200
2051	33.2404	5.68542	30.312	200
2052	33.1963	5.51035	30.4021	200
2053	33.2637	5.3448	30.4915	200
2054	33.4762	5.19729	30.5848	200
2055	34.6312	5.12536	30.7113	200
2056	9.7042	6.11796	30.0548	200
2057	9.27044	7.03461	29.4053	200
2058	9.94932	7.81095	28.7973	200
2059	10.661	8.45628	28.2305	200
2060	11.34	8.98342	27.7027	200
2061	12.7202	9.28337	27.3281	200
2062	12.724	9.54941	26.963	200
2063	15.9093	9.62462	26.6867	200
2064	18.1993	9.56776	26.4745	200
2065	18.8658	9.46981	26.2843	200
2066	18.5324	9.38391	26.0905	200
2067	17.9305	9.32271	25.8865	200
2068	17.2185	9.28997	25.6698	200
2069	17.2211	9.24791	25.4586	200
2070	17.8971	9.16359	25.2695	200
2071	16.5391	9.14193	25.0513	200
2072	16.5028	9.11226	24.8376	200
2073	13.0716	9.24494	24.5434	200
2074	10.4973	9.485	24.1923	200
2075	8.23752	9.80848	23.7934	200
2076	8.3242	10.0915	23.4067	200
2077	8.31667	10.3414	23.0294	200
2078	9.04104	10.5238	22.6797	200
2079	9.72524	10.6453	22.3558	200
2080	10.4581	10.7079	22.0584	200
2081	11.1573	10.7176	21.7859	200
2082	11.1164	10.7156	21.5636	200
2083	20.8292	10.2997	21.5483	200
2084	20.8014	9.90167	21.5327	200
2085	20.6702	9.52504	21.5147	200
2086	20.8224	9.15701	21.5003	200
2087	20.1422	8.83206	21.472	200
2088	20.1524	8.51904	21.4445	200
2089	19.416	8.2486	21.4023	200
2090	18.8594	8.01086	21.3493	200
2091	18.15	7.81038	21.2826	200
2092	18.8309	7.5871	21.2316	200
2093	19.4842	7.34378	21.1952	200
2094	19.5616	7.10585	21.1611	200
2095	14.0171	7.10744	21.0123	200
2096	16.824	6.98581	20.925	200
2097	16.8023	6.86652	20.8391	200
2098	17.4932	6.71983	20.7694	200
2099	18.1071	6.55077	20.714	200
2100	21.4847	6.30993	20.73	200
2101	21.5306	6.08037	20.7467	200
2102	21.4108	5.85469	20.7605	200
2103	24.9402	5.7849	20.8476	200
2104	24.962	5.7153	20.9333	200
2105	25.0112	5.64707	21.0183	200
2106	25.7142	5.60743	21.1161	200
2107	25.6742	5.56996	21.1975	200
2108	30.05	5.68719	21.3556	200
2109	30.127	5.79734	21.5122	200
2110	30.7791	5.92125	21.6777	200
2111	32.7953	6.10684	21.8762	200
2112	32.791	6.27855	22.0711	200
2113	31.86	6.40392	22.2459	200
2114	34.0711	6.59753	22.4571	200
2115	34.734	6.80037	22.6763	200
2116	32.926	6.92356	22.8594	200
2117	33.4795	7.05558	23.049	200
2118	33.7207	7.18472	23.2396	200
2119	34.4568	7.32874	23.4399	200
2120	35.8359	7.50971	23.6612	200
2121	37.2284	7.72605	23.9035	200
2122	44.1842	8.17443	24.2657	200
2123	47.3226	8.70595	24.6774	200
2124	49.4828	9.28093	25.1203	200
2125	49.2535	9.81137	25.5513	200
2126	49.5841	10.3193	25.9805	200
2127	53.0967	10.9192	26.4647	200
2128	51.5479	11.425	26.9126	200
2129	55.0206	12.0208	27.4145	200
2130	55.073	12.5793	27.9084	200
2131	54.4345	13.0774	28.3821	200
2132	54.1525	13.5307	28.8423	200
2133	57.045	14.0547	29.3459	200
2134	58.3941	14.5902	29.8646	200
2135	59.7523	15.1366	30.3983	200
2136	59.7902	15.582	30.8576	200
2137	60.6147	16.025	31.3225	200
2138	58.0419	16.3592	31.74	200
2139	59.3833	16.7118	32.1719	200
2140	63.4036	17.1656	32.6599	200
2141	62.1953	17.5521	33.1214	200
2142	61.0946	17.8778	33.5585	200
2143	60.4308	18.1589	33.9784	200
2144	59.707	18.3954	34.3804	200
2145	58.7439	18.5819	34.7611	200
2146	58.751	18.7509	35.1359	200
2147	59.4507	18.9248	35.5158	200
2148	57.209	19.0113	35.8548	200
2149	55.8806	19.043	36.1677	200
2150	57.9707	19.1293	36.5084	200
2151	59.3873	19.2464	36.8658	200
2152	63.5211	19.478	37.2823	200
2153	50.7241	19.2893	37.4924	200
2154	50.1455	19.0819	37.6901	200
2155	50.7654	18.8942	37.8944	200
2156	49.0798	18.6533	38.0691	200
2157	49.3018	18.4214	38.2447	200
2158	47.9207	18.1481	38.3958	200
2159	47.9161	17.8785	38.5446	200
2160	45.8942	17.5495	38.6594	200
2161	45.8512	17.2258	38.7718	200
2162	45.3582	16.8933	38.8747	200
2163	45.545	16.5739	38.9789	200
2164	49.4032	16.3817	39.1418	200
2165	48.4726	16.1613	39.2876	200
2166	48.9037	15.9568	39.4379	200
2167	48.9207	15.7545	39.586	200
2168	50.3206	15.5976	39.7538	200
2169	52.2281	15.5109	39.927	200
2170	53.9346	15.4691	40.1216	200
2171	52.4185	15.381	40.2923	200
2172	46.8842	15.1369	40.3839	200
2173	49.2592	14.9629	40.5072	200
2174	50.6136	14.828	40.6475	200
2175	50.0836	14.6782	40.7786	200
2176	49.868	14.523	40.9048	200
2177	49.8844	14.369	41.0296	200
2178	49.2923	14.1994	41.1443	200
2179	48.9736	14.0224	41.253	200
2180	48.0817	13.8226	41.3479	200
2181	43.1357	13.4883	41.3727	200
2182	44.0523	13.1881	41.4099	200
2183	46.4122	12.9607	41.4794	200
2184	48.432	12.7938	41.576	200
2185	47.6894	12.6082	41.6609	200
2186	49.044	12.4631	41.7634	200
2187	47.1507	12.2665	41.8383	200
2188	49.5423	12.1398	41.9453	200
2189	50.2855	12.0343	42.0611	200
2190	52.9937	12.0037	42.2129	200
2191	50.4831	11.8999	42.3278	200
2192	51.1422	11.8142	42.4502	200
2193	51.0232	11.7242	42.5693	200
2194	51.2123	11.6386	42.6893	200
2195	51.6285	11.5636	42.8135	200
2196	51.2262	11.4761	42.9303	200
2197	51.3595	11.3915	43.0474	200
2198	51.3867	11.3067	43.1632	200
2199	51.0644	11.2121	43.273	200
2200	51.0935	11.1179	43.3816	200
2201	47.5804	10.9257	43.4399	200
2202	45.5054	10.6796	43.4686	200
2203	47.0266	10.4817	43.518	200
2204	47.0855	10.2897	43.5675	200
2205	48.4208	10.1387	43.6349	200
2206	47.7022	9.98688	43.6858	200
2207	52.2958	9.95246	43.7934	200
2208	51.2152	9.88919	43.8862	200
2209	48.5395	9.75829	43.9444	200
2210	44.5317	9.52902	43.9517	200
2211	42.4537	9.32824	43.933	200
2212	40.3348	9.18499	43.888	200
2213	40.3452	9.04393	43.8437	200
2214	38.4905	8.95166	43.7768	200
2215	38.721	8.85427	43.7136	200
2216	38.7453	8.75712	43.6515	200
2217	38.762	8.66043	43.5904	200
2218	38.8295	8.56294	43.5309	200
2219	37.9783	8.48768	43.4614	200
2220	36.0151	8.46165	43.3684	200
2221	35.9664	8.43515	43.2758	200
2222	35.1659	8.42702	43.1745	200
2223	36.5118	8.38291	43.0912	200
2224	39.29	8.26837	43.0437	200
2225	40.6545	8.12139	43.0138	200
2226	38.5557	8.0298	42.9581	200
2227	29.2288	8.17229	42.7865	200
2228	30.2471	8.28147	42.6297	200
2229	30.8745	8.36831	42.4828	200
2230	30.9288	8.44795	42.3384	200
2231	31.6406	8.50419	42.2046	200
2232	31.5864	8.55705	42.0719	200
2233	31.6327	8.6041	41.9414	200
2234	33.0061	8.61238	41.8297	200
2235	33.0305	8.61705	41.7197	200
2236	33.0266	8.61895	41.6111	200
2237	33.6779	8.60181	41.5119	200
2238	34.9776	8.55012	41.4302	200
2239	35.0596	8.49563	41.3506	200
2240	35.739	8.42353	41.2804	200
2241	35.8657	8.34831	41.2128	200
2242	35.1033	8.29234	41.1364	200
2243	33.0417	8.2874	41.0352	200
2244	30.2805	8.34908	40.9008	200
2245	29.6037	8.42278	40.7596	200
2246	30.3107	8.47343	40.6289	200
2247	27.5427	8.57826	40.4802	200
2248	24.7029	8.74188	40.301	200
2249	24.7402	8.89685	40.1241	200
2250	24.0939	9.05898	39.942	200
2251	24.7811	9.19765	39.7697	200
2252	24.7975	9.32889	39.5995	200
2253	24.7686	9.45394	39.431	200
2254	25.438	9.5571	39.272	200
2255	26.1606	9.63788	39.123	200
2256	26.8429	9.69793	38.9835	200
2257	26.7956	9.75452	38.845	200
2258	28.1858	9.77713	38.7117	200
2259	28.9118	9.7777	38.5892	200
2260	28.9077	9.77503	38.4547	200
2261	30.9335	9.71242	38.3503	200
2262	30.8485	9.64334	38.2331	200
2263	30.928	9.57027	38.1189	200
2264	30.8911	9.48661	37.9899	200
2265	30.9107	9.40063	37.8634	200
2266	30.9521	9.29691	37.7195	200
2267	31.5583	9.16625	37.5911	200
2268	32.2669	9.00617	37.4802	200
2269	32.2555	8.8486	37.3713	200
2270	32.9645	8.66353	37.2795	200
2271	32.2744	8.51109	37.1752	200
2272	32.2954	8.35979	37.0736	200
2273	31.621	8.23866	36.96	200
2274	30.9348	8.14643	36.8345	200
2275	31.6558	8.02278	36.7266	200
2276	31.6121	7.9016	36.62	200
2277	30.9253	7.80964	36.5014	200
2278	30.903	7.71751	36.3847	200
2279	17.2446	8.19345	35.986	200
2280	17.2535	8.63258	35.5957	200
2281	18.6502	8.97895	35.2427	200
2282	19.9928	9.24024	34.925	200
2283	21.3206	9.42208	34.6416	200
2284	22.7372	9.5255	34.3936	200
2285	23.3594	9.58837	34.1637	200
2286	24.0727	9.60931	33.9534	200
2287	25.4431	9.56352	33.7761	200
2288	25.4389	9.51242	33.6025	200
2289	24.7892	9.48329	33.4188	200
2290	24.7563	9.44909	33.2384	200
2291	25.4598	9.37949	33.0763	200
2292	25.4701	9.31616	32.9405	200
2293	25.4	9.25274	32.8058	200
2294	24.0558	9.23479	32.6496	200
2295	24.0528	9.212	32.4961	200
2296	22.0317	9.25673	32.3092	200
2297	21.2819	9.31996	32.1123	200
2298	21.3324	9.3721	31.9198	200
2299	21.2919	9.41695	31.73	200
2300	20.6133	9.47766	31.5315	200
2301	19.9631	9.55232	31.3249	200
2302	19.9027	9.61911	31.121	200
2303	19.293	9.69799	30.9097	200
2304	19.9835	9.74186	30.7146	200
2305	20.635	9.75392	30.5346	200
2306	19.2214	9.80961	30.3326	200
2307	19.27	9.85436	30.1351	200
2308	19.9626	9.86572	29.9534	200
2309	21.3143	9.82191	29.7991	200
2310	21.3445	9.77308	29.6482	200
2311	22.036	9.6959	29.5122	200
2312	23.4363	9.56662	29.4037	200
2313	24.1181	9.41372	29.3093	200
2314	24.7614	9.23995	29.2281	200
2315	26.8077	8.99639	29.1849	200
2316	27.5262	8.73433	29.1553	200
2317	28.1381	8.45872	29.1371	200
2318	28.8172	8.16805	29.1314	200
2319	29.5326	7.89066	29.1386	200
2320	30.217	7.64736	29.1578	200
2321	31.6289	7.4856	29.1964	200
2322	31.6085	7.32705	29.2341	200
2323	32.2517	7.19238	29.2813	200
2324	29.5821	6.97702	29.286	200
2325	28.8725	6.77191	29.2795	200
2326	27.4979	6.61597	29.2517	200
2327	24.6744	6.55226	29.1802	200
2328	24.0203	6.50874	29.0995	200
2329	24.0609	6.4628	29.0208	200
2330	22.737	6.45721	28.9226	200
2331	22.7649	6.44785	28.8264	200
2332	22.0616	6.45776	28.7207	200
2333	24.813	6.37807	28.6596	200
2334	26.2013	6.25558	28.6212	200
2335	26.8679	6.11488	28.5938	200
2336	27.5562	5.95622	28.5776	200
2337	28.2122	5.7815	28.5719	200
2338	28.3023	5.60926	28.5677	200
2339	29.6046	5.46637	28.5839	200
2340	31.5985	5.38975	28.631	200
2341	31.6105	5.31443	28.6776	200
2342	32.386	5.26424	28.7355	200
2343	34.3873	5.27635	28.8238	200
2344	34.4416	5.28702	28.9116	200
2345	32.3214	5.22836	28.9649	200
2346	33.6954	5.2128	29.0388	200
2347	33.6338	5.19349	29.1106	200
2348	33.6824	5.17407	29.182	200
2349	32.313	5.11022	29.2309	200
2350	31.6162	5.02506	29.2682	200
2351	30.9519	4.92065	29.2945	200
2352	30.9356	4.81816	29.3201	200
2353	31.6116	4.7392	29.356	200
2354	29.616	4.61478	29.3596	200
2355	30.1975	4.50986	29.3712	200
2356	28.9133	4.39731	29.3648	200
2357	27.6021	4.32412	29.3404	200
2358	28.2958	4.23302	29.3258	200
2359	28.8595	4.12839	29.3194	200
2360	26.8921	4.08114	29.2857	200
2361	26.2162	4.05304	29.243	200
2362	25.5358	4.04343	29.1915	200
2363	27.5492	3.97673	29.1687	200
2364	29.6205	3.87882	29.175	200
2365	30.9912	3.82152	29.2002	200
2366	33.0394	3.82201	29.2535	200
2367	32.33	3.8013	29.2963	200
2368	33.009	3.79884	29.3478	200
2369	33.0329	3.79568	29.399	200
2370	33.723	3.81035	29.4591	200
2371	35.1066	3.86138	29.5375	200
2372	35.7488	3.92666	29.6238	200
2373	35.768	3.99596	29.7198	200
2374	35.1048	4.03936	29.8039	200
2375	38.4929	4.20542	29.9591	200
2376	38.4655	4.35903	30.111	200
2377	39.1858	4.55552	30.3	200
2378	39.183	4.73583	30.4851	200
2379	39.1302	4.93129	30.7012	200
2380	39.1752	5.10842	30.9131	200
2381	37.1362	5.16416	31.0687	200
2382	35.1124	5.10814	31.1697	200
2383	34.3872	5.0136	31.2502	200
2384	30.2667	4.8121	31.2256	200
2385	30.3046	4.61754	31.2026	200
2386	29.6652	4.46353	31.1641	200
2387	29.632	4.31696	31.1258	200
2388	28.9379	4.21051	31.0711	200
2389	29.632	4.07194	31.0352	200
2390	30.9395	3.87312	31.0328	200
2391	33.7351	3.81458	31.1003	200
2392	32.3019	3.68393	31.1304	200
2393	32.3334	3.55988	31.1604	200
2394	32.3069	3.43921	31.1891	200
2395	31.6003	3.28781	31.1994	200
2396	31.5855	3.14273	31.209	200
2397	32.9311	3.07169	31.2521	200
2398	35.0414	3.10159	31.331	200
2399	35.06	3.12773	31.4087	200
2400	35.704	3.17638	31.4982	200
2401	23.4488	3.37942	31.3305	200
2402	21.3607	3.65402	31.1228	200
2403	22.0686	3.87903	30.9342	200
2404	23.3522	4.03332	30.7762	200
2405	23.4082	4.17226	30.6227	200
2406	24.0644	4.27168	30.4861	200
2407	25.4363	4.3041	30.3809	200
2408	25.4479	4.3303	30.2781	200
2409	26.1884	4.32028	30.1929	200
2410	26.814	4.28106	30.1225	200
2411	27.4778	4.21288	30.0674	200
2412	28.9115	4.0855	30.0433	200
2413	37.0362	4.20664	30.189	200
2414	35.6515	4.25897	30.3028	200
2415	34.9833	4.27653	30.4003	200
2416	32.9689	4.20536	30.4538	200
2417	32.9429	4.13385	30.5057	200
2418	32.9663	4.06413	30.5569	200
2419	33.6593	4.02406	30.6216	200
2420	34.4034	4.01397	30.7004	200
2421	35.0116	4.02635	30.7902	200
2422	35.68	4.06233	30.8921	200
2423	33.6627	4.01619	30.9415	200
2424	33.7077	3.97155	30.9909	200
2425	33.6691	3.92536	31.0387	200
2426	22.1058	4.1042	30.8792	200
2427	22.0731	4.27212	30.722	200
2428	22.8552	4.4005	30.5815	200
2429	24.1436	4.47326	30.4665	200
2430	24.8369	4.51456	30.366	200
2431	24.8496	4.55034	30.2675	200
2432	25.4892	4.55848	30.1822	200
2433	26.159	4.53937	30.1103	200
2434	26.8378	4.49412	30.0519	200
2435	27.5401	4.42333	30.007	200
2436	28.2619	4.32767	29.9759	200
2437	31.0136	4.21018	29.9944	200
2438	30.2716	4.06971	29.9993	200
2439	29.5897	3.93899	29.992	200
2440	29.5677	3.81347	29.9845	200
2441	28.8605	3.71742	29.9644	200
2442	28.0772	3.64116	29.9251	200
2443	26.8063	3.61939	29.8601	200
2444	26.1435	3.62425	29.7672	200
2445	26.1173	3.62554	29.6759	200
2446	25.4403	3.66367	29.5436	200
2447	24.0206	3.77987	29.371	200
2448	24.0731	3.87474	29.2054	200
2449	24.7897	3.90855	29.0674	200
2450	24.738	3.93486	28.9321	200
2451	25.4182	3.90855	28.8223	200
2452	22.0083	4.09015	28.6094	200
2453	22.0541	4.24422	28.4045	200
2454	20.7147	4.45957	28.1642	200
2455	19.9677	4.69313	27.9081	200
2456	20.0016	4.89396	27.661	200
2457	22.0212	4.94058	27.4847	200
2458	23.418	4.88596	27.3577	200
2459	26.065	4.66138	27.3173	200
2460	26.7474	4.40566	27.2995	200
2461	29.561	4.29846	27.356	200
2462	29.5261	4.19204	27.4102	200
2463	30.8863	4.15624	27.4971	200
2464	21.9696	4.22481	27.359	200
2465	21.9783	4.2826	27.2244	200
2466	19.9202	4.43368	27.0418	200
2467	19.9402	4.56708	26.8643	200
2468	18.588	4.75254	26.6574	200
2469	19.1372	4.89092	26.4694	200
2470	19.6663	4.98653	26.2993	200
2471	18.2844	5.13794	26.0989	200
2472	19.7045	5.20077	25.9391	200
2473	21.0263	5.18637	25.8162	200
2474	18.9839	5.26867	25.6454	200
2475	18.2541	5.3748	25.4607	200
2476	18.2724	5.46547	25.2809	200
2477	18.2186	5.54532	25.1044	200
2478	18.8955	5.5785	24.9492	200
2479	19.0441	5.59482	24.8015	200
2480	19.942	5.55806	24.6801	200
2481	20.5795	5.48518	24.5775	200
2482	20.5945	5.42259	24.4946	200
2483	19.2094	5.41687	24.3844	200
2484	17.1927	5.49082	24.2346	200
2485	16.4978	5.5844	24.0734	200
2486	15.7818	5.6972	23.9007	200
2487	15.8188	5.79657	23.7323	200
2488	15.8377	5.88398	23.5678	200
2489	15.9495	5.95625	23.4091	200
2490	15.9594	6.01848	23.2539	200
2491	15.9271	6.07299	23.1013	200
2492	16.0224	6.1149	22.9538	200
2493	16.6515	6.12271	22.8225	200
2494	15.263	6.18258	22.665	200
2495	15.2261	6.23492	22.51	200
2496	14.5645	6.3062	22.3445	200
2497	14.5656	6.36756	22.1824	200
2498	15.2468	6.39123	22.038	200
2499	14.5368	6.43748	21.8817	200
2500	14.551	6.47469	21.729	200
2501	14.4225	6.50935	21.5767	200
2502	14.4113	6.53669	21.4275	200
2503	13.7002	6.58629	21.2665	200
2504	14.3685	6.59928	21.1228	200
2505	14.4014	6.60437	20.9827	200
2506	15.0969	6.57443	20.8601	200
2507	15.7826	6.52097	20.7694	200
2508	15.7921	6.46584	20.6806	200
2509	16.4878	6.38465	20.6057	200
2510	17.8164	6.25625	20.5559	200
2511	19.2792	6.0784	20.5331	200
2512	19.2346	5.90769	20.5099	200
2513	18.5284	5.76747	20.4745	200
2514	16.5303	5.70235	20.4041	200
2515	16.5383	5.63676	20.335	200
2516	16.5745	5.56975	20.2679	200
2517	16.5406	5.50394	20.2013	200
2518	17.1994	5.41459	20.1477	200
2519	17.2236	5.32564	20.0955	200
2520	17.8887	5.21425	20.0561	200
2521	17.9438	5.10347	20.0184	200
2522	17.8958	4.99701	19.9805	200
2523	17.9274	4.89187	19.9438	200
2524	17.2147	4.81462	19.8951	200
2525	16.6865	4.75727	19.8378	200
2526	16.5809	4.70368	19.7796	200
2527	16.5554	4.65084	19.7221	200
2528	16.4954	4.59998	19.6644	200
2529	17.8919	4.499	19.6328	200
2530	17.8499	4.40199	19.6009	200
2531	18.539	4.2827	19.582	200
2532	19.9732	4.14372	19.589	200
2533	19.9692	4.00931	19.5958	200
2534	19.9566	3.87901	19.6022	200
2535	20.6404	3.77755	19.6207	200
2536	21.267	3.71095	19.6465	200
2537	21.3147	3.64711	19.6725	200
2538	20.6005	3.56214	19.687	200
2539	21.4852	3.50701	19.7151	200
2540	21.182	3.44326	19.738	200
2541	21.2166	3.38186	19.7611	200
2542	20.565	3.3013	19.7737	200
2543	21.3062	3.24602	19.7976	200
2544	20.6003	3.16967	19.8102	200
2545	21.312	3.11754	19.8336	200
2546	21.269	3.06498	19.8561	200
2547	20.5901	2.99213	19.8675	200
2548	20.5458	2.91982	19.8781	200
2549	20.7337	2.85532	19.8915	200
2550	21.2802	2.80948	19.9132	200
2551	21.9477	2.78526	19.945	200
2552	20.6092	2.71898	19.9554	200
2553	20.6481	2.65566	19.9662	200
2554	20.5606	2.59124	19.9755	200
2555	19.0443	2.53937	19.9609	200
2556	17.7942	2.52606	19.9222	200
2557	17.2113	2.53266	19.8738	200
2558	17.1911	2.53891	19.8179	200
2559	16.485	2.572	19.7485	200
2560	16.4874	2.60645	19.667	200
2561	16.4637	2.63629	19.5869	200
2562	17.8914	2.57749	19.5339	200
2563	17.192	2.56277	19.4607	200
2564	17.8922	2.50063	19.4117	200
2565	18.4185	2.40641	19.3807	200
2566	18.5822	2.30592	19.3557	200
2567	18.6146	2.20812	19.3326	200
2568	19.2622	2.10123	19.3308	200
2569	19.9392	2.02659	19.346	200
2570	19.8819	1.95206	19.3594	200
2571	13.0926	2.16779	19.2027	200
2572	13.0631	2.36639	19.0492	200
2573	13.0303	2.54901	18.8988	200
2574	13.1619	2.70841	18.7553	200
2575	12.3162	2.89494	18.5944	200
2576	12.9844	3.0307	18.4541	200
2577	13.7209	3.11582	18.3358	200
2578	14.4046	3.15659	18.2375	200
2579	14.4785	3.18671	18.1435	200
2580	15.1743	3.17583	18.0693	200
2581	12.3524	3.30288	17.9264	200
2582	11.6905	3.44953	17.7705	200
2583	12.4201	3.56833	17.6033	200
2584	13.6635	3.59155	17.4802	200
2585	14.4574	3.54415	17.3542	200
2586	13.7859	3.54617	17.2055	200
2587	13.7751	3.53652	17.0626	200
2588	14.4031	3.46343	16.9518	200
2589	14.4663	3.38194	16.8482	200
2590	14.3726	3.30641	16.7451	200
2591	14.3814	3.22785	16.6466	200
2592	11.6524	3.37505	16.4385	200
2593	11.6069	3.49642	16.2372	200
2594	12.3686	3.52743	16.076	200
2595	11.693	3.59873	15.8934	200
2596	12.3197	3.59663	15.7445	200
2597	12.3738	3.58251	15.6391	200
2598	11.6644	3.60702	15.5149	200
2599	8.2381	3.83638	15.2875	200
2600	8.34578	4.03047	15.0706	200
2601	8.23179	4.20599	14.8569	200
2602	8.90203	4.31529	14.6708	200
2603	9.63409	4.36037	14.5134	200
2604	10.3251	4.34962	14.3825	200
2605	10.3442	4.33016	14.2563	200
2606	11.0163	4.26202	14.155	200
2607	10.4906	4.22468	14.0405	200
2608	11.0031	4.15047	13.9456	200
2609	12.4629	3.98373	13.8993	200
2610	13.2553	3.775	13.8792	200
2611	12.5185	3.6241	13.8366	200
2612	13.2332	3.43531	13.8178	200
2613	13.9688	3.16161	13.8241	200
2614	13.9013	2.90458	13.8273	200
2615	13.1873	2.6215	13.7873	200
2616	13.0299	2.38848	13.74	200
2617	13.7599	2.09241	13.7412	200
2618	13.1133	1.97037	13.715	200
2619	13.0548	1.86119	13.6875	200
2620	11	1.93005	13.5755	200
2621	10.9306	1.98962	13.4653	200
2622	10.3264	2.0854	13.3345	200
2623	11.0466	2.11072	13.1915	200
2624	13.0184	1.86853	13.1807	200
2625	11.6298	1.82883	13.0838	200
2626	10.9748	1.86385	12.952	200
2627	10.9685	1.8788	12.828	200
2628	10.3257	1.95674	12.6716	200
2629	10.2768	2.01151	12.5219	200
2630	9.67274	2.11622	12.3439	200
2631	10.3751	2.09778	12.2208	200
2632	8.90711	2.24977	12.0137	200
2633	9.6069	2.2694	11.8633	200
2634	11.0017	2.15208	11.8274	200
2635	14.3775	2.18525	11.9336	200
2636	12.9923	2.09136	11.9777	200
2637	12.39	1.95144	11.9949	200
2638	13.0712	1.87851	12.0398	200
2639	13.7602	1.86534	12.1115	200
2640	13.0383	1.78713	12.1501	200
2641	12.377	1.65711	12.1595	200
2642	11.7544	1.55278	12.1427	200
2643	11.0171	1.51718	12.0958	200
2644	10.9993	1.48212	12.0501	200
2645	11.6892	1.38868	12.035	200
2646	12.366	1.30054	12.0488	200
2647	13.0773	1.28353	12.081	200
2648	13.7642	1.30852	12.1336	200
2649	14.4021	1.36851	12.2044	200
2650	13.0679	1.33695	12.2314	200
2651	12.3586	1.26133	12.2354	200
2652	12.3877	1.19202	12.2402	200
2653	13.0789	1.16993	12.2664	200
2654	13.7323	1.18843	12.3122	200
2655	13.7559	1.20439	12.3573	200
2656	13.0954	1.17524	12.3804	200
2657	12.3853	1.1021	12.3805	200
2658	12.4055	1.03477	12.3813	200
2659	13.1005	1.01505	12.4038	200
2660	15.1428	1.1228	12.4894	200
2661	15.8182	1.26068	12.5934	200
2662	17.2793	1.47476	12.7398	200
2663	17.905	1.70541	12.9012	200
2664	17.8854	1.86935	13.0258	200
2665	15.8173	1.91546	13.0956	200
2666	15.8333	1.95657	13.1641	200
2667	15.7694	1.989	13.2292	200
2668	16.5143	2.05381	13.3113	200
2669	16.5196	2.11153	13.3915	200
2670	15.8538	2.12907	13.4531	200
2671	15.7669	2.1383	13.5109	200
2672	15.8163	2.14666	13.5686	200
2673	16.5111	2.18645	13.6421	200
2674	17.861	2.28807	13.7476	200
2675	17.1645	2.34451	13.833	200
2676	17.858	2.42853	13.9336	200
2677	18.5533	2.56548	14.078	200
2678	19.1835	2.72423	14.2376	200
2679	17.8048	2.79448	14.3862	200
2680	17.1796	2.7944	14.5026	200
2681	15.9505	2.68218	14.5629	200
2682	15.8195	2.56338	14.6153	200
2683	15.8258	2.45065	14.6657	200
2684	16.526	2.40145	14.7432	200
2685	13.7739	2.2821	14.7028	200
2686	11.0174	2.39905	14.5493	200
2687	10.8635	2.50627	14.3957	200
2688	11.6949	2.52248	14.2832	200
2689	11.678	2.52937	14.1746	200
2690	12.3513	2.47054	14.0986	200
2691	13.0206	2.3835	14.0649	200
2692	13.0376	2.29874	14.0328	200
2693	10.9264	2.34922	13.9358	200
2694	11.7034	2.34192	13.866	200
2695	10.9595	2.38896	13.7449	200
2696	10.9748	2.42072	13.6295	200
2697	11.682	2.36156	13.5078	200
2698	12.3803	2.2073	13.4373	200
2699	12.4022	2.06077	13.3726	200
2700	13.0907	1.83841	13.355	200
2701	12.3849	1.72988	13.2944	200
2702	10.3134	1.88626	13.108	200
2703	10.9716	1.91753	12.9745	200
2704	12.3129	1.81288	12.9469	200
2705	12.3343	1.71285	12.9214	200
2706	13.7384	1.60087	12.9725	200
2707	13.7382	1.49648	13.0203	200
2708	13.697	1.29151	13.1049	200
2709	14.3768	1.28905	13.1844	200
2710	14.474	1.28912	13.265	200
2711	6.90431	1.92307	12.8675	200
2712	7.60346	2.34069	12.5385	200
2713	8.27332	2.58124	12.2719	200
2714	8.29256	2.756	12.0232	200
2715	13.7791	2.63099	12.1329	200
2716	13.7373	2.50266	12.2332	200
2717	14.4462	2.46645	12.3715	200
2718	13.7533	2.37606	12.4291	200
2719	13.0099	2.22646	12.4533	200
2720	11.0313	2.15942	12.394	200
2721	11.713	2.03622	12.3657	200
2722	12.5402	1.88108	12.3729	200
2723	13.1051	1.78534	12.4034	200
2724	13.1465	1.69848	12.4344	200
2725	13.9202	1.68075	12.4963	200
2726	16.4844	1.87303	12.6625	200
2727	17.1872	2.094	12.851	200
2728	19.091	2.4395	13.111	200
2729	19.8351	2.79655	13.3912	200
2730	20.0013	3.0349	13.5977	200
2731	20.703	3.2893	13.8198	200
2732	19.9155	3.4647	14.0103	200
2733	14.5389	3.28119	14.0268	200
2734	13.172	3.07899	13.9912	200
2735	10.414	3.1205	13.8421	200
2736	10.3358	3.16873	13.623	200
2737	11.0366	3.09593	13.4613	200
2738	11.7231	2.92621	13.3527	200
2739	11.6962	2.7675	13.2492	200
2740	11.0146	2.70088	13.1095	200
2741	12.3851	2.45383	13.0642	200
2742	13.0629	2.14727	13.0641	200
2743	13.7229	2.02323	13.0916	200
2744	14.4887	1.97105	13.1498	200
2745	15.8399	2.03098	13.2619	200
2746	11.0051	2.0498	13.1678	200
2747	11.0555	2.055	13.0798	200
2748	11.705	1.99832	13.0226	200
2749	10.3692	2.05291	12.912	200
2750	9.62182	2.15601	12.7749	200
2751	11.0457	2.10267	12.6668	200
2752	11.7059	1.95995	12.6068	200
2753	11.6794	1.83088	12.5488	200
2754	15.8137	2.01013	12.7529	200
2755	16.5546	2.23408	12.9905	200
2756	9.64152	2.37344	12.7812	200
2757	10.2797	2.38944	12.6248	200
2758	7.53324	2.72721	12.3066	200
2759	8.23127	2.89572	12.0519	200
2760	8.26544	3.00706	11.8152	200
2761	7.58425	3.10906	11.6389	200
2762	13.0882	2.97073	11.6993	200
2763	14.4741	2.95441	11.8149	200
2764	15.1447	2.98569	11.9537	200
2765	16.4969	3.11549	12.143	200
2766	17.8426	3.33083	12.3805	200
2767	17.9184	3.51476	12.6112	200
2768	12.3918	3.24015	12.6021	200
2769	11.7944	3.03744	12.5684	200
2770	11.0259	2.91286	12.5041	200
2771	11.0523	2.79111	12.4437	200
2772	10.4028	2.72858	12.3586	200
2773	11.1371	2.60299	12.3077	200
2774	12.3785	2.44473	12.3099	200
2775	12.4142	2.29845	12.3132	200
2776	12.9885	2.197	12.3343	200
2777	13.7728	2.1496	12.3792	200
2778	15.0941	2.18492	12.4641	200
2779	15.1369	2.21542	12.5476	200
2780	15.1046	2.23677	12.6275	200
2781	15.7704	2.2934	12.7257	200
2782	14.4543	2.2581	12.7798	200
2783	14.4312	2.22019	12.8314	200
2784	13.0987	2.09813	12.8397	200
2785	12.4021	1.99435	12.826	200
2786	8.99486	2.10915	12.7063	200
2787	10.9618	2.08636	12.6518	200
2788	11.6566	1.99543	12.6103	200
2789	11.6761	1.90699	12.5714	200
2790	12.385	1.69191	12.5598	200
2791	13.0685	1.54401	12.5916	200
2792	13.7863	1.50036	12.6662	200
2793	13.7439	1.46513	12.7111	200
2794	14.4287	1.48617	12.7827	200
2795	10.9764	1.51285	12.7074	200
2796	11.0913	1.52146	12.6401	200
2797	10.9968	1.53161	12.5716	200
2798	12.4009	1.4182	12.5645	200
2799	13.7876	1.40194	12.6155	200
2800	13.0559	1.32182	12.6338	200
2801	11.0234	1.34587	12.5667	200
2802	12.9783	1.26801	12.5839	200
2803	13.0563	1.20171	12.6035	200
2804	12.3424	1.12332	12.5927	200
2805	13.0261	1.06583	12.6107	200
2806	13.0934	1.02938	12.6258	200
2807	13.7878	1.03767	12.6621	200
2808	14.4262	1.08307	12.7172	200
2809	15.8953	1.21401	12.8166	200
2810	14.552	1.2466	12.8708	200
2811	14.509	1.27107	12.922	200
2812	15.2266	1.33567	12.994	200
2813	18.6147	1.60348	13.1697	200
2814	19.2805	1.88519	13.3606	200
2815	19.2927	2.13812	13.546	200
2816	19.3473	2.36707	13.7273	200
2817	19.2766	2.56596	13.9007	200
2818	22.6526	2.95258	14.1742	200
2819	23.3744	3.34306	14.4617	200
2820	22.7299	3.65088	14.7201	200
2821	20.7509	3.79962	14.9085	200
2822	22.0921	4.01112	15.133	200
2823	27.5507	4.43145	15.4435	200
2824	27.6719	4.82129	15.7492	200
2825	26.8858	5.13706	16.0276	200
2826	26.2508	5.39137	16.2832	200
2827	24.8809	5.55168	16.4981	200
2828	24.9009	5.69423	16.7082	200
2829	24.8829	5.81826	16.9126	200
2830	24.8109	5.92226	17.11	200
2831	24.1391	5.9776	17.2857	200
2832	24.818	6.05534	17.474	200
2833	25.5234	6.15504	17.6753	200
2834	26.1306	6.27005	17.8867	200
2835	26.8432	6.40437	18.1106	200
2836	29.55	6.65612	18.3966	200
2837	28.1711	6.81205	18.6409	200
2838	27.4883	6.91381	18.8621	200
2839	28.116	7.03081	19.0935	200
2840	28.1531	7.13225	19.3199	200
2841	28.9327	7.25628	19.5603	200
2842	29.6348	7.39719	19.8121	200
2843	30.3017	7.55181	20.0744	200
2844	29.6435	7.63586	20.2737	200
2845	28.2859	7.65154	20.4406	200
2846	28.2591	7.6585	20.6035	200
2847	20.6973	7.3433	20.6055	200
2848	20.702	7.04135	20.6075	200
2849	20.691	6.75144	20.6092	200
2850	20.6954	6.47372	20.611	200
2851	21.3792	6.23599	20.627	200
2852	20.7227	5.98014	20.629	200
2853	24.0721	5.87443	20.7007	200
2854	24.1084	5.77165	20.7717	200
2855	31.2162	5.96634	20.9893	200
2856	23.8619	5.83744	21.0492	200
2857	23.8505	5.71094	21.1075	200
2858	23.2316	5.56148	21.1518	200
2859	22.5275	5.38707	21.1804	200
2860	21.8712	5.19139	21.1948	200
2861	21.8684	5.00315	21.2089	200
2862	21.1482	4.79721	21.2076	200
2863	21.8582	4.62444	21.2212	200
2864	22.4692	4.48375	21.2472	200
2865	21.8833	4.32343	21.2604	200
2866	21.8419	4.16752	21.2725	200
2867	22.3327	4.03805	21.2946	200
2868	23.0311	3.94215	21.3308	200
2869	23.4129	3.87571	21.368	200
2870	24.1343	3.83609	21.4174	200
2871	24.0939	3.79468	21.4652	200
2872	24.0674	3.75209	21.5116	200
2873	24.0905	3.71019	21.5577	200
2874	24.0897	3.66811	21.6029	200
2875	26.2096	3.70163	21.6852	200
2876	24.1067	3.65592	21.7284	200
2877	23.389	3.58465	21.7581	200
2878	24.7578	3.56377	21.8116	200
2879	24.7985	3.54316	21.865	200
2880	23.4071	3.47169	21.8925	200
2881	23.4967	3.405	21.9211	200
2882	24.8032	3.38632	21.9726	200
2883	24.8392	3.36776	22.0238	200
2884	24.0773	3.32082	22.0605	200
2885	24.7942	3.29985	22.1093	200
2886	24.8481	3.27982	22.1582	200
2887	24.8071	3.25728	22.2055	200
2888	24.8662	3.23598	22.253	200
2889	22.8158	3.14051	22.263	200
2890	22.8519	3.04938	22.2736	200
2891	24.1577	3.00776	22.3072	200
2892	22.0829	2.90835	22.3032	200
2893	22.1316	2.81061	22.3001	200
2894	19.9918	2.79267	22.2589	200
2895	23.3357	2.73139	22.2781	200
2896	22.7182	2.64955	22.286	200
2897	23.4147	2.59523	22.3062	200
2898	22.7211	2.5271	22.3126	200
2899	23.4334	2.48315	22.3301	200
2900	23.4419	2.44029	22.3475	200
2901	25.5331	2.46358	22.3973	200
2902	25.5498	2.48511	22.4466	200
2903	26.1761	2.524	22.5048	200
2904	26.2076	2.56084	22.5627	200
2905	26.085	2.59088	22.6177	200
2906	25.4972	2.5999	22.6627	200
2907	23.4302	2.54264	22.6747	200
2908	23.3775	2.48514	22.6857	200
2909	22.1193	2.42518	22.6768	200
2910	22.0765	2.36815	22.6675	200
2911	22.7291	2.29607	22.6684	200
2912	23.4197	2.2478	22.6802	200
2913	24.7951	2.24364	22.7132	200
2914	26.184	2.28199	22.7674	200
2915	27.5713	2.3608	22.8425	200
2916	27.6041	2.43583	22.9169	200
2917	27.542	2.50424	22.9892	200
2918	28.2189	2.58941	23.0709	200
2919	28.1886	2.66842	23.1508	200
2920	28.1501	2.74126	23.2289	200
2921	28.1795	2.8103	23.3063	200
2922	27.5288	2.85443	23.3723	200
2923	26.8372	2.87351	23.4264	200
2924	26.8447	2.89053	23.4798	200
2925	26.7508	2.90242	23.5309	200
2926	29.5693	3.00042	23.6253	200
2927	28.9154	3.07197	23.7079	200
2928	28.2851	3.11901	23.7795	200
2929	27.5285	3.13869	23.838	200
2930	28.2469	3.17839	23.9069	200
2931	26.8427	3.17165	23.9477	200
2932	26.153	3.1448	23.9783	200
2933	26.1349	3.11735	24.0083	200
2934	26.1123	3.0892	24.0375	200
2935	26.156	3.06224	24.0669	200
2936	28.2611	3.09368	24.1252	200
2937	28.2919	3.12349	24.183	200
2938	28.2825	3.1506	24.24	200
2939	28.9209	3.19311	24.305	200
2940	28.9646	3.23384	24.3697	200
2941	29.6216	3.2899	24.4427	200
2942	31.7116	3.40043	24.5436	200
2943	29.6172	3.4469	24.6141	200
2944	30.9921	3.52832	24.7027	200
2945	31.6342	3.62285	24.7989	200
2946	31.7599	3.71558	24.8956	200
2947	32.3525	3.8195	24.9992	200
2948	33.0355	3.93664	25.1108	200
2949	33.0344	4.04739	25.2208	200
2950	31.7083	4.11517	25.3109	200
2951	31.0024	4.15895	25.39	200
2952	29.6259	4.16109	25.4488	200
2953	28.928	4.14215	25.4971	200
2954	26.9401	4.06717	25.5172	200
2955	27.5069	4.00946	25.5448	200
2956	27.5506	3.9538	25.5727	200
2957	27.5594	3.89916	25.6003	200
2958	27.7011	3.84921	25.6294	200
2959	26.9153	3.778	25.6473	200
2960	26.8932	3.70766	25.6646	200
2961	35.1844	3.86911	25.7968	200
2962	34.4776	4.00277	25.9174	200
2963	33.767	4.10963	26.0264	200
2964	33.7234	4.20927	26.1333	200
2965	33.0675	4.28497	26.2296	200
2966	33.1141	4.35717	26.3252	200
2967	33.8096	4.44404	26.4292	200
2968	33.8189	4.51768	26.5216	200
2969	34.4733	4.60353	26.621	200
2970	34.4493	4.68415	26.7188	200
2971	34.4564	4.76049	26.8155	200
2972	34.4851	4.83321	26.9114	200
2973	33.6263	4.88026	26.9953	200
2974	33.066	4.91001	27.0712	200
2975	33.7327	4.9538	27.1545	200
2976	33.1031	4.97867	27.2288	200
2977	36.3523	5.08229	27.3429	200
2978	39.2112	5.25194	27.4912	200
2979	44.7589	5.55233	27.7071	200
2980	33.7929	5.56567	27.7832	200
2981	33.7562	5.57585	27.8578	200
2982	33.7479	5.58371	27.9314	200
2983	33.687	5.588	28.0034	200
2984	34.4095	5.60846	28.0835	200
2985	34.3629	5.62523	28.162	200
2986	35.0717	5.65734	28.2483	200
2987	36.449	5.72092	28.3508	200
2988	36.4367	5.78005	28.4519	200
2989	35.738	5.8177	28.543	200
2990	35.771	5.85295	28.6333	200
2991	37.1625	5.91986	28.74	200
2992	37.1384	5.98182	28.8449	200
2993	37.8275	6.05684	28.9572	200
2994	37.8296	6.12723	29.0681	200
2995	37.8133	6.19268	29.1774	200
2996	46.0715	6.46021	29.3886	200
2997	43.3008	6.64651	29.5625	200
2998	42.6367	6.8072	29.7259	200
2999	34.3617	6.75292	29.7839	200
3000	32.9804	6.66401	29.8238	200
3001	32.9903	6.57657	29.8634	200
3002	33.0016	6.49061	29.9026	200
3003	33.0736	6.40761	29.9423	200
3004	34.4177	6.35931	29.9982	200
3005	35.0989	6.32435	30.0691	200
3006	34.3569	6.26778	30.1286	200
3007	33.6977	6.18344	30.1844	200
3008	34.3596	6.12068	30.2496	200
3009	33.7032	6.02543	30.3113	200
3010	33.7065	5.93149	30.3719	200
3011	33.7214	5.82391	30.4417	200
3012	33.0668	5.69062	30.4964	200
3013	34.3611	5.59933	30.593	200
3014	35.1146	5.54544	30.706	200
3015	39.2344	5.69458	30.9193	200
3016	39.9414	5.86096	31.1448	200
3017	32.3566	5.66724	31.1701	200
3018	37.2026	5.68246	31.2957	200
3019	36.5229	5.66349	31.4046	200
3020	35.8338	5.61206	31.4969	200
3021	37.1828	5.61514	31.6154	200
3022	37.9239	5.64403	31.7468	200
3023	38.5585	5.69268	31.8887	200
3024	26.2217	5.69161	31.7706	200
3025	26.1603	5.68822	31.6538	200
3026	26.2216	5.67755	31.5406	200
3027	25.4912	5.69305	31.4145	200
3028	26.1672	5.67448	31.3052	200
3029	26.1727	5.65189	31.1983	200
3030	24.0747	5.71321	31.0499	200
3031	22.6985	5.82313	30.8759	200
3032	23.3472	5.8942	30.7191	200
3033	25.4009	5.8702	30.6083	200
3034	24.6869	5.87233	30.4849	200
3035	25.4048	5.83932	30.3791	200
3036	26.7504	5.74721	30.3035	200
3037	26.784	5.65439	30.2301	200
3038	23.2889	5.708	30.0855	200
3039	23.3511	5.75077	29.9452	200
3040	24.7386	5.72809	29.8368	200
3041	26.1238	5.64413	29.7594	200
3042	26.1401	5.57181	29.6948	200
3043	22.7478	5.62911	29.55	200
3044	22.6955	5.68017	29.4072	200
3045	22.0365	5.7647	29.223	200
3046	20.6143	5.9069	29.0078	200
3047	21.3231	6.01801	28.7676	200
3048	22.0376	6.06251	28.5573	200
3049	22.0513	6.09947	28.2862	200
3050	22.7326	6.06535	28.1127	200
3051	21.9971	6.06849	27.9216	200
3052	23.3911	5.97236	27.78	200
3053	24.748	5.78858	27.6852	200
3054	24.827	5.60543	27.5959	200
3055	25.4741	5.38771	27.5296	200
3056	16.4755	5.74185	27.1842	200
3057	17.149	6.01018	26.8706	200
3058	17.8462	6.19857	26.5886	200
3059	18.6077	6.30996	26.3391	200
3060	17.1809	6.48798	26.053	200
3061	17.1888	6.63648	25.776	200
3062	18.4807	6.67766	25.548	200
3063	19.2097	6.65644	25.3499	200
3064	20.661	6.53347	25.2034	200
3065	21.3344	6.36694	25.0825	200
3066	22.0196	6.16043	24.9868	200
3067	22.0107	6.00121	24.9124	200
3068	21.9721	5.84816	24.8388	200
3069	21.3056	5.73241	24.7505	200
3070	19.2176	5.72244	24.6122	200
3071	17.1838	5.80773	24.4265	200
3072	16.5197	5.91269	24.2288	200
3073	15.7779	6.0396	24.0175	200
3074	15.1098	6.183	23.7948	200
3075	15.9095	6.26812	23.5977	200
3076	16.5654	6.30633	23.4219	200
3077	18.5842	6.2329	23.301	200
3078	19.2701	6.1228	23.2002	200
3079	19.2543	6.01395	23.1015	200
3080	19.2839	5.90413	23.0061	200
3081	19.9477	5.76185	22.9296	200
3082	20.605	5.58999	22.8715	200
3083	19.2371	5.49221	22.7807	200
3084	19.2552	5.39387	22.6925	200
3085	19.1439	5.3016	22.6038	200
3086	19.8806	5.17269	22.5357	200
3087	20.5737	5.01215	22.4867	200
3088	17.8898	4.99485	22.3909	200
3089	17.2228	5.00207	22.2832	200
3090	17.1821	5.00619	22.177	200
3091	17.2215	5.00408	22.0737	200
3092	17.8751	4.97052	21.9863	200
3093	17.8961	4.9265	21.884	200
3094	19.2748	4.81064	21.8188	200
3095	19.2936	4.66779	21.7399	200
3096	21.3334	4.40146	21.7272	200
3097	21.3215	4.06847	21.7103	200
3098	21.2825	3.76508	21.6924	200
3099	22.7123	3.53631	21.7349	200
3100	22.6804	3.3204	21.7743	200
3101	22.0012	3.06261	21.7838	200
3102	22.7048	2.88414	21.8221	200
3103	22.0016	2.65875	21.8296	200
3104	15.1747	2.99176	21.5523	200
3105	15.8689	3.15999	21.3747	200
3106	15.8107	3.31024	21.2009	200
3107	19.9661	3.18052	21.1623	200
3108	20.6268	3.0152	21.1455	200
3109	20.6808	2.8558	21.131	200
3110	20.6533	2.70716	21.1161	200
3111	16.4946	2.82681	20.9717	200
3112	17.1489	2.88906	20.8522	200
3113	16.5007	2.98046	20.7162	200
3114	16.4734	3.05936	20.5836	200
3115	15.0973	3.21104	20.4122	200
3116	14.4127	3.38532	20.2247	200
3117	13.7389	3.5791	20.022	200
3118	13.7228	3.7491	19.8252	200
3119	15.8592	3.76265	19.7012	200
3120	15.8392	3.76886	19.5805	200
3121	16.5809	3.72078	19.4868	200
3122	16.5382	3.68217	19.4131	200
3123	15.8625	3.67559	19.3243	200
3124	16.5642	3.62982	19.2553	200
3125	16.5503	3.58358	19.1877	200
3126	17.9178	3.46789	19.1559	200
3127	18.5869	3.32295	19.1417	200
3128	19.2142	3.16043	19.1435	200
3129	19.2308	3.00677	19.1457	200
3130	19.1748	2.85788	19.1464	200
3131	19.8495	2.75014	19.164	200
3132	19.8907	2.64897	19.1822	200
3133	20.6439	2.58961	19.2187	200
3134	20.5913	2.52876	19.253	200
3135	20.6189	2.47062	19.2872	200
3136	19.9352	2.37948	19.3034	200
3137	19.9938	2.29503	19.3206	200
3138	18.5903	2.2168	19.3024	200
3139	18.6028	2.14093	19.2849	200
3140	18.627	2.06678	19.2684	200
3141	18.6015	1.99679	19.2518	200
3142	19.2863	1.89867	19.2526	200
3143	19.2753	1.8205	19.2531	200
3144	18.5455	1.77413	19.2384	200
3145	22.688	1.84394	19.3102	200
3146	22.739	1.90998	19.3817	200
3147	22.0055	1.93972	19.4363	200
3148	21.3053	1.93677	19.4753	200
3149	19.2455	1.86565	19.4705	200
3150	19.298	1.7951	19.4669	200
3151	19.2521	1.72925	19.4624	200
3152	19.2818	1.66473	19.4586	200
3153	19.2773	1.60292	19.4549	200
3154	21.3175	1.61374	19.4937	200
3155	21.3388	1.62338	19.5321	200
3156	21.9981	1.65849	19.5835	200
3157	21.2928	1.66061	19.6191	200
3158	21.3009	1.66149	19.6541	200
3159	21.3287	1.66203	19.689	200
3160	21.345	1.66178	19.7235	200
3161	20.6691	1.63194	19.7432	200
3162	22.0057	1.65822	19.7903	200
3163	22.0065	1.68146	19.8365	200
3164	21.9923	1.70122	19.8814	200
3165	22.7115	1.74826	19.9404	200
3166	21.3653	1.73479	19.9701	200
3167	22.6983	1.78446	20.0383	200
3168	22.7017	1.82841	20.1049	200
3169	22.0768	1.83737	20.1665	200
3170	19.2487	1.7799	20.1378	200
3171	19.3003	1.70136	20.1029	200
3172	19.2185	1.63328	20.0661	200
3173	20.616	1.54301	20.089	200
3174	21.3319	1.52425	20.1278	200
3175	19.9382	1.44084	20.1219	200
3176	20.6218	1.38202	20.1375	200
3177	20.6181	1.32568	20.1525	200
3178	17.9164	1.38259	20.0826	200
3179	17.9445	1.42981	20.0158	200
3180	17.2789	1.5115	19.9303	200
3181	19.2979	1.45655	19.9105	200
3182	18.5713	1.44922	19.8687	200
3183	18.5975	1.4381	19.829	200
3184	17.9058	1.46841	19.7689	200
3185	17.9387	1.49102	19.7117	200
3186	19.9556	1.41308	19.7193	200
3187	19.9228	1.33748	19.7257	200
3188	19.2265	1.28509	19.71	200
3189	19.2488	1.23359	19.6956	200
3190	20.6624	1.21691	19.7258	200
3191	21.3455	1.23705	19.7663	200
3192	22.0034	1.28705	19.8223	200
3193	22.7119	1.36718	19.8945	200
3194	23.3863	1.47341	19.9818	200
3195	15.1354	1.64206	19.8606	200
3196	16.5226	1.72686	19.7772	200
3197	17.1683	1.77096	19.712	200
3198	16.5081	1.84261	19.6319	200
3199	17.886	1.83777	19.5882	200
3200	18.5592	1.79733	19.5625	200
3201	16.4941	1.86089	19.4858	200
3202	16.5466	1.9148	19.4123	200
3203	16.5442	1.96246	19.3406	200
3204	16.5649	2.00312	19.2712	200
3205	19.2347	1.9048	19.2703	200
3206	18.5973	1.84321	19.2535	200
3207	17.9211	1.81767	19.2202	200
3208	17.2542	1.82508	19.171	200
3209	17.2003	1.83236	19.1217	200
3210	24.8478	2.02705	19.2649	200
3211	25.4953	2.23721	19.4206	200
3212	25.5307	2.39858	19.5479	200
3213	25.4801	2.54581	19.6715	200
3214	27.5331	2.7673	19.8353	200
3215	28.1456	2.99826	20.0084	200
3216	24.1069	3.0441	20.0938	200
3217	24.1222	3.08511	20.1777	200
3218	26.8734	3.23555	20.3172	200
3219	31.031	3.54714	20.5404	200
3220	29.6424	3.77859	20.7301	200
3221	33.0399	4.13406	20.9865	200
3222	33.7739	4.49461	21.2529	200
3223	35.2077	4.88878	21.5436	200
3224	36.5474	5.31024	21.8562	200
3225	37.3123	5.73298	22.1782	200
3226	35.9613	6.0684	22.4654	200
3227	35.2414	6.34789	22.7315	200
3228	34.5298	6.57498	22.9773	200
3229	35.2411	6.81202	23.2328	200
3230	33.1629	6.94194	23.4397	200
3231	31.733	6.99824	23.6125	200
3232	31.1481	7.02064	23.7695	200
3233	31.0801	7.03272	23.9218	200
3234	32.5538	7.09935	24.1016	200
3235	31.6965	7.12	24.2598	200
3236	32.3594	7.16081	24.4286	200
3237	35.132	7.28733	24.6197	200
3238	33.7149	7.3519	24.7821	200
3239	33.006	7.38305	24.929	200
3240	33.7385	7.43399	25.0863	200
3241	35.1205	7.52685	25.2655	200
3242	33.6667	7.55808	25.4155	200
3243	33.7586	7.58612	25.5645	200
3244	32.3656	7.55808	25.6859	200
3245	33.6976	7.57428	25.829	200
3246	31.6702	7.51239	25.9333	200
3247	37.7334	7.66552	26.144	200
3248	38.5464	7.83469	26.3655	200
3249	38.5847	7.99128	26.5837	200
3250	39.2509	8.15827	26.8099	200
3251	37.1419	8.23591	26.9944	200
3252	37.1591	8.3048	27.1759	200
3253	37.1461	8.36427	27.3539	200
3254	36.4865	8.39171	27.517	200
3255	39.2294	8.51031	27.7262	200
3256	39.2894	8.61934	27.9327	200
3257	41.9584	8.81243	28.1831	200
3258	41.2909	8.9914	28.4562	200
3259	39.9124	9.0941	28.6949	200
3260	37.1025	9.05978	28.9051	200
3261	35.1031	8.91669	29.06	200
3262	36.4822	8.82328	29.2919	200
3263	39.2163	8.8921	29.6021	200
3264	39.8996	8.97994	29.9239	200
3265	43.3208	9.256	30.3425	200
3266	41.9854	9.40517	30.7064	200
3267	44.0379	9.65057	31.123	200
3268	44.7389	9.8984	31.5485	200
3269	44.7168	10.1028	31.96	200
3270	44.7186	10.2688	32.3587	200
3271	32.3527	9.62734	32.3585	200
3272	32.4089	9.02877	32.3601	200
3273	29.6689	8.63267	32.276	200
3274	30.3361	8.21437	32.2154	200
3275	33.0396	7.75249	32.2411	200
3276	34.41	7.47331	32.2953	200
3277	34.3895	7.20435	32.3477	200
3278	34.4409	6.94879	32.4	200
3279	30.9862	6.67204	32.3647	200
3280	19.3062	6.99136	32.0382	200
3281	19.8934	7.24903	31.7346	200
3282	34.3875	7.01923	31.8009	200
3283	33.0051	6.72848	31.831	200
3284	33.0298	6.45199	31.861	200
3285	35.1118	6.29193	31.9423	200
3286	32.4005	6.00025	31.9537	200
3287	31.0451	5.74567	31.931	200
3288	33.737	5.54869	31.9761	200
3289	33.1114	5.32801	32.0045	200
3290	35.0646	5.21462	32.081	200
3291	34.4245	5.07106	32.1396	200
3292	20.6324	5.39286	31.8519	200
3293	20.6626	5.68269	31.5722	200
3294	24.7951	5.73741	31.4028	200
3295	24.1271	5.81432	31.2209	200
3296	25.4425	5.81252	31.0764	200
3297	25.4733	5.80379	30.9597	200
3298	26.0911	5.76483	30.8583	200
3299	23.3837	5.83606	30.7025	200
3300	24.7133	5.84245	30.5778	200
3301	22.7284	5.92607	30.4142	200
3302	22.7308	5.99929	30.2542	200
3303	22.6888	6.06455	30.0965	200
3304	22.6485	6.12219	29.9414	200
3305	19.3938	6.30658	29.7216	200
3306	18.5281	6.5102	29.4884	200
3307	17.8688	6.7231	29.2464	200
3308	18.5872	6.8871	29.0243	200
3309	19.1711	7.01069	28.819	200
3310	18.6688	7.1415	28.6075	200
3311	19.2777	7.23268	28.4132	200
3312	18.5301	7.34311	28.2073	200
3313	19.1918	7.4128	28.0195	200
3314	19.2124	7.47089	27.836	200
3315	19.2445	7.51758	27.657	200
3316	19.9471	7.52559	27.4964	200
3317	19.0836	7.56256	27.3211	200
3318	19.2119	7.58533	27.1522	200
3319	19.2578	7.59821	26.9877	200
3320	22.658	7.46202	26.8975	200
3321	26.8194	7.15436	26.8959	200
3322	26.2269	6.92274	26.8839	200
3323	28.7922	6.74365	26.918	200
3324	27.4825	6.52296	26.9281	200
3325	26.851	6.29275	26.9267	200
3326	25.4458	6.1209	26.9002	200
3327	26.1233	5.93004	26.8864	200
3328	26.3019	5.73913	26.8759	200
3329	25.4464	5.58522	26.8504	200
3330	24.769	5.46008	26.8132	200
3331	24.7623	5.33832	26.7766	200
3332	25.45	5.19505	26.7529	200
3333	24.0881	5.10468	26.7053	200
3334	22.6621	5.06677	26.6331	200
3335	25.4174	4.92923	26.6114	200
3336	30.2272	4.88232	26.676	200
3337	27.5267	4.73834	26.6912	200
3338	29.602	4.67307	26.7432	200
3339	29.5849	4.60766	26.7939	200
3340	29.6671	4.54572	26.8452	200
3341	28.2501	4.43354	26.8703	200
3342	30.1466	4.39222	26.9288	200
3343	30.9772	4.37993	27.0011	200
3344	30.2858	4.34082	27.0598	200
3345	30.3276	4.3025	27.1181	200
3346	30.9786	4.28408	27.1985	200
3347	28.9059	4.17672	27.2341	200
3348	26.8886	3.98516	27.2255	200
3349	26.9543	3.79946	27.2187	200
3350	28.3289	3.63138	27.2534	200
3351	25.4464	3.51735	27.1969	200
3352	30.9818	3.53407	27.3152	200
3353	30.2757	3.49822	27.4077	200
3354	31.698	3.54772	27.5418	200
3355	32.2893	3.62271	27.6901	200
3356	33.0374	3.7305	27.8572	200
3357	30.2469	3.64669	27.9319	200
3358	30.2721	3.56503	28.005	200
3359	19.9354	3.84657	27.7529	200
3360	17.1855	4.26662	27.4226	200
3361	19.3095	4.50703	27.1691	200
3362	19.9583	4.67602	26.9438	200
3363	20.6731	4.77568	26.7478	200
3364	18.5531	4.94663	26.5429	200
3365	17.8527	5.13381	26.3257	200
3366	18.62	5.2624	26.133	200
3367	18.6276	5.37455	25.9454	200
3368	17.9386	5.50617	25.7452	200
3369	17.9298	5.62163	25.5498	200
3370	17.1773	5.75918	25.3405	200
3371	15.1412	5.98119	25.0855	200
3372	15.7455	6.14913	24.852	200
3373	16.4855	6.26	24.6429	200
3374	16.5033	6.37747	24.3885	200
3375	16.5348	6.46974	24.1431	200
3376	17.2066	6.50863	23.8541	200
3377	19.923	6.29383	23.6903	200
3378	19.9866	6.07798	23.5359	200
3379	17.8817	6.04268	23.3004	200
3380	15.8115	6.16319	22.9883	200
3381	15.1163	6.30559	22.6603	200
3382	15.8262	6.34963	22.3756	200
3383	13.7894	6.53601	22.0178	200
3384	13.0563	6.73813	21.6444	200
3385	13.084	6.88999	21.2877	200
3386	15.8424	6.7696	21.0608	200
3387	20.051	6.28962	21.0188	200
3388	20.0709	5.84447	20.9793	200
3389	21.4192	5.39409	20.9976	200
3390	17.9725	5.24603	20.9031	200
3391	17.2364	5.14732	20.7885	200
3392	19.3246	4.9171	20.7427	200
3393	19.3098	4.69934	20.6979	200
3394	15.7991	4.71181	20.5449	200
3395	14.3877	4.80215	20.3524	200
3396	14.4504	4.87089	20.168	200
3397	22.048	4.68396	20.2268	200
3398	20.6046	4.41483	20.2386	200
3399	20.6775	4.16633	20.2523	200
3400	17.9065	4.05255	20.179	200
3401	15.8489	4.07568	19.9985	200
3402	17.2433	3.96564	19.8837	200
3403	17.9726	3.70884	19.7643	200
3404	19.9537	3.26891	19.7761	200
3405	15.7984	3.35752	19.5275	200
3406	17.8827	3.14343	19.4247	200
3407	24.7934	3.42158	19.7603	200
3408	19.2464	3.17927	19.7389	200
3409	17.2612	3.1208	19.6356	200
3410	15.9449	3.16829	19.4818	200
3411	15.2318	3.25843	19.3048	200
3412	15.2128	3.3279	19.1343	200
3413	15.886	3.32126	18.9989	200
3414	15.8516	3.30676	18.8678	200
3415	15.9282	3.27616	18.7453	200
3416	16.5258	3.1881	18.6528	200
3417	26.1912	3.55062	18.9669	200
3418	19.2911	3.28175	18.9804	200
3419	19.2926	3.03429	18.9934	200
3420	22.0954	3.03993	19.1227	200
3421	21.4185	2.99342	19.1944	200
3422	20.6076	2.89466	19.2386	200
3423	19.9277	2.71086	19.2673	200
3424	19.1917	2.49126	19.2641	200
3425	19.2495	2.18168	19.2632	200
3426	19.2506	1.91055	19.2624	200
3427	19.8622	1.7467	19.2999	200
3428	20.5474	1.6843	19.3779	200
3429	28.1573	2.57119	19.9266	200
3430	18.5614	2.42044	19.8413	200
3431	19.2336	2.19385	19.8033	200
3432	17.2181	2.22646	19.6956	200
3433	17.2451	2.24513	19.5935	200
3434	17.185	2.25874	19.4931	200
3435	16.5294	2.31749	19.3696	200
3436	16.5729	2.35742	19.2531	200
3437	17.2321	2.32938	19.1689	200
3438	17.2269	2.2971	19.088	200
3439	17.1783	2.26482	19.0084	200
3440	14.4689	2.45438	18.8193	200
3441	14.4898	2.61063	18.6389	200
3442	14.4842	2.73929	18.4658	200
3443	14.4926	2.84212	18.3002	200
3444	15.1721	2.86595	18.1699	200
3445	15.2174	2.87136	18.0776	200
3446	15.2056	2.8714	17.9878	200
3447	13.7865	2.95452	17.8566	200
3448	14.4665	2.98174	17.7506	200
3449	14.544	2.99579	17.6504	200
3450	14.4628	3.01177	17.5176	200
3451	14.5155	3.01096	17.3925	200
3452	15.162	2.91341	17.2531	200
3453	15.12	2.81587	17.1198	200
3454	15.1259	2.71312	16.9952	200
3455	15.8345	2.51907	16.9226	200
3456	16.5881	2.246	16.9017	200
3457	14.4726	2.26889	16.7499	200
3458	14.4596	2.27156	16.6067	200
3459	14.4943	2.2583	16.5187	200
3460	15.1438	2.18469	16.4614	200
3461	15.7724	2.06005	16.4327	200
3462	15.8522	1.93676	16.4085	200
3463	15.8749	1.81984	16.3863	200
3464	16.5514	1.68194	16.3932	200
3465	16.5072	1.55128	16.3979	200
3466	17.2176	1.49032	16.4321	200
3467	15.214	1.46763	16.3813	200
3468	15.1996	1.4438	16.3321	200
3469	15.8362	1.36481	16.3114	200
3470	15.8351	1.29077	16.2916	200
3471	16.519	1.20215	16.3011	200
3472	16.5893	1.14503	16.3101	200
3473	17.2273	1.13079	16.3387	200
3474	15.1258	1.13593	16.3008	200
3475	15.1445	1.1372	16.2647	200
3476	15.8479	1.09217	16.2517	200
3477	15.8471	1.0492	16.239	200
3478	15.8369	1.00875	16.2264	200
3479	16.5748	0.967475	16.2373	200
3480	16.5251	0.924992	16.2463	200
3481	15.1585	0.935172	16.2123	200
3482	15.1577	0.945127	16.1684	200
3483	15.1206	0.953684	16.1247	200
3484	15.7966	0.875489	16.1042	200
3485	15.8745	0.794764	16.0899	200
3486	15.9171	0.717019	16.0791	200
3487	15.8248	0.659176	16.0632	200
3488	16.5033	0.640921	16.0815	200
3489	12.4842	0.887283	15.9316	200
3490	12.401	1.10756	15.7845	200
3491	12.422	1.29547	15.6444	200
3492	12.3773	1.45978	15.5083	200
3493	13.099	1.5389	15.4079	200
3494	13.0918	1.60366	15.3114	200
3495	14.4508	1.54174	15.2755	200
3496	14.4232	1.48429	15.24	200
3497	14.3823	1.43207	15.2043	200
3498	14.4605	1.37472	15.1733	200
3499	14.4603	1.31957	15.1436	200
3500	15.132	1.21057	15.1431	200
3501	15.1282	1.13584	15.1426	200
3502	13.0983	1.19262	15.0787	200
3503	13.0951	1.24205	15.0168	200
3504	13.0967	1.28443	14.9567	200
3505	13.1303	1.31831	14.8997	200
3506	13.1012	1.34831	14.8435	200
3507	13.0997	1.37303	14.789	200
3508	13.7708	1.35085	14.7572	200
3509	13.8196	1.32502	14.7279	200
3510	15.1681	1.26973	14.7416	200
3511	15.5124	1.23854	14.7657	200
3512	15.2202	1.18954	14.7799	200
3513	15.1693	1.13953	14.7921	200
3514	15.1973	1.09363	14.8047	200
3515	15.2149	1.05092	14.8176	200
3516	15.2129	1.00995	14.8299	200
3517	15.9081	1.01421	14.8636	200
3518	17.2569	1.08317	14.9234	200
3519	17.2796	1.14682	14.9823	200
3520	16.9632	1.18852	15.0319	200
3521	17.2646	1.24073	15.0877	200
3522	17.2782	1.28822	15.1424	200
3523	18.645	1.39894	15.23	200
3524	21.3616	1.63557	15.3833	200
3525	22.7686	1.92305	15.5679	200
3526	24.8058	2.2888	15.7989	200
3527	27.5785	2.76334	16.0934	200
3528	30.4538	3.34319	16.4524	200
3529	20.7512	3.39097	16.5598	200
3530	21.4252	3.46469	16.6815	200
3531	22.777	3.59623	16.8339	200
3532	26.2851	3.88898	17.0701	200
3533	29.7226	4.32715	17.3865	200
3534	27.0348	4.59322	17.6277	200
3535	25.6572	4.76503	17.8284	200
3536	24.2385	4.84728	17.9887	200
3537	22.1521	4.81309	18.0927	200
3538	23.525	4.84405	18.2285	200
3539	21.3645	4.77288	18.2939	200
3540	22.0483	4.73044	18.3721	200
3541	21.3607	4.65787	18.4344	200
3542	24.1367	4.70139	18.5532	200
3543	21.3284	4.62113	18.611	200
3544	17.2274	4.48623	18.5821	200
3545	19.8862	4.35365	18.6093	200
3546	20.5882	4.2547	18.6505	200
3547	23.3986	4.27525	18.7495	200
3548	24.1625	4.32266	18.8622	200
3549	23.4981	4.33571	18.9588	200
3550	24.8117	4.39893	19.0807	200
3551	22.7572	4.36882	19.1573	200
3552	22.7504	4.3365	19.2322	200
3553	23.4225	4.33041	19.3195	200
3554	20.6553	4.20563	19.3473	200
3555	21.3736	4.11482	19.3895	200
3556	24.051	4.1376	19.4866	200
3557	22.0709	4.07287	19.5405	200
3558	22.0119	4.00615	19.592	200
3559	18.5789	3.88144	19.5709	200
3560	19.2125	3.73464	19.5634	200
3561	24.039	3.76551	19.6566	200
3562	25.4377	3.84949	19.7771	200
3563	26.819	3.98251	19.9238	200
3564	26.7913	4.08555	20.0464	200
3565	26.8317	4.18197	20.1676	200
3566	26.8243	4.27035	20.2865	200
3567	26.1358	4.32674	20.3909	200
3568	29.5326	4.4987	20.5541	200
3569	30.9613	4.70972	20.74	200
3570	30.9555	4.93912	20.9528	200
3571	30.9429	5.14958	21.1609	200
3572	31.6248	5.41529	21.4225	200
3573	30.2574	5.58627	21.6434	200
3574	29.5281	5.72992	21.8898	200
3575	30.2777	5.89604	22.1519	200
3576	32.3402	6.16431	22.4703	200
3577	33.0989	6.44333	22.8025	200
3578	33.0216	6.67932	23.1218	200
3579	34.3511	6.96369	23.4727	200
3580	34.4035	7.21163	23.8143	200
3581	34.3834	7.42147	24.1446	200
3582	30.2752	7.34079	24.3362	200
3583	19.2482	7.19999	24.1772	200
3584	17.1936	7.18647	23.9589	200
3585	18.5107	7.07783	23.7887	200
3586	23.4284	6.65798	23.7774	200
3587	22.0189	6.35176	23.7225	200
3588	21.2969	6.02458	23.6214	200
3589	20.6124	5.77328	23.496	200
3590	20.6834	5.4032	23.3202	200
3591	13.7432	5.92492	22.7217	200
3592	15.1209	6.1344	22.2466	200
3593	19.9495	5.65475	22.103	200
3594	21.99	5.19294	22.0983	200
3595	13.7264	5.45785	21.7495	200
3596	14.4436	5.61186	21.4451	200
3597	18.5622	5.38445	21.325	200
3598	13.797	5.56307	21.0113	200
3599	15.1322	5.5894	20.7663	200
3600	11.6717	5.8815	20.3874	200
3601	12.3595	6.06037	20.0529	200
3602	15.1218	5.96626	19.8474	200
3603	13.0671	6.0341	19.5649	200
3604	12.9757	6.08036	19.2904	200
3605	13.0502	6.09368	19.0304	200
3606	15.0875	5.91444	18.8661	200
3607	17.2132	5.64809	18.8144	200
3608	20.6251	5.40825	18.871	200
3609	17.9596	5.1272	18.8425	200
3610	15.8394	4.99444	18.7487	200
3611	19.3532	4.72007	18.7676	200
3612	18.5747	4.43712	18.7615	200
3613	17.8794	4.21493	18.734	200
3614	19.2593	3.98434	18.7504	200
3615	18.555	3.74753	18.7443	200
3616	17.2183	3.60868	18.6966	200
3617	17.11	3.4823	18.647	200
3618	19.9082	3.34348	18.6864	200
3619	15.765	3.3171	18.5951	200
3620	15.7889	3.28517	18.5074	200
3621	15.1231	3.29137	18.4017	200
3622	15.83	3.24639	18.3213	200
3623	15.1433	3.24297	18.2419	200
3624	14.4856	3.26863	18.148	200
3625	15.1826	3.25347	18.0738	200
3626	15.1393	3.23752	18.0005	200
3627	15.87	3.18217	17.9472	200
3628	15.7597	3.13244	17.8925	200
3629	15.9293	3.07398	17.8434	200
3630	15.8424	3.00692	17.7809	200
3631	15.8064	2.94239	17.7192	200
3632	17.1703	2.74293	17.6963	200
3633	20.632	2.75899	17.8186	200
3634	20.6112	2.76179	17.935	200
3635	20.5839	2.75238	18.0454	200
3636	19.945	2.68132	18.1245	200
3637	16.4863	2.59439	18.0563	200
3638	17.1973	2.44977	18.0205	200
3639	13.7398	2.60235	17.8421	200
3640	13.7533	2.72621	17.6717	200
3641	11.6777	2.99853	17.422	200
3642	11.7517	3.22117	17.1857	200
3643	11.6853	3.41111	16.9565	200
3644	11.7122	3.56388	16.738	200
3645	10.3552	3.79879	16.4721	200
3646	11.0848	3.99736	16.1354	200
3647	11.0579	4.13237	15.818	200
3648	11.7169	4.12846	15.5617	200
3649	16.5049	3.7303	15.6207	200
3650	15.8169	3.28854	15.6329	200
3651	11.6862	3.37082	15.3863	200
3652	10.9502	3.50397	15.109	200
3653	11.6357	3.50014	14.8919	200
3654	12.3546	3.37979	14.7333	200
3655	12.3648	3.29551	14.6346	200
3656	12.3036	3.21514	14.5375	200
3657	13.0744	3.06914	14.4766	200
3658	13.0556	2.93179	14.4173	200
3659	13.0189	2.80401	14.3591	200
3660	13.7511	2.62101	14.3337	200
3661	13.7387	2.45217	14.3089	200
3662	12.3218	2.41342	14.2262	200
3663	13.0185	2.31294	14.1758	200
3664	13.0634	2.2129	14.1295	200
3665	13.0666	2.11707	14.0852	200
3666	13.7653	1.9673	14.0719	200
3667	13.7664	1.86343	14.0623	200
3668	13.7729	1.73227	14.0503	200
3669	13.8104	1.6079	14.0403	200
3670	13.0557	1.52998	13.9787	200
3671	13.743	1.3682	13.964	200
3672	13.7514	1.22374	13.9507	200
3673	13.744	1.09661	13.9378	200
3674	14.4103	1.01859	13.9673	200
3675	10.2873	1.35127	13.7373	200
3676	11.001	1.5244	13.5663	200
3677	10.9312	1.61695	13.4565	200
3678	10.9495	1.69112	13.352	200
3679	10.9906	1.74698	13.2537	200
3680	11.7046	1.73049	13.1891	200
3681	11.6706	1.71282	13.1258	200
3682	12.3314	1.63629	13.0927	200
3683	12.3618	1.56084	13.0623	200
3684	12.3794	1.48768	13.0338	200
3685	12.3449	1.42111	13.0051	200
3686	11.8784	1.39657	12.9582	200
3687	13.5469	1.32925	12.9827	200
3688	12.9181	1.22386	12.98	200
3689	13.1004	1.13191	12.985	200
3690	13.0958	1.06809	12.9885	200
3691	13.0735	1.00664	12.9911	200
3692	13.0564	0.928193	12.9939	200
3693	14.208	0.95202	13.0445	200
3694	12.5645	0.893008	13.0145	200
3695	13.187	0.802949	13.0252	200
3696	13.7212	0.789579	13.0687	200
3697	14.3612	0.85244	13.1495	200
3698	14.3952	0.901592	13.2274	200
3699	13.0887	0.806223	13.2187	200
3700	13.7691	0.774246	13.2531	200
3701	13.7231	0.74889	13.2727	200
3702	13.7528	0.726494	13.2927	200
3703	13.7332	0.702663	13.311	200
3704	11.6473	0.782752	13.2417	200
3705	11.6592	0.849397	13.1758	200
3706	12.3678	0.845944	13.1421	200
3707	12.3727	0.839569	13.1101	200
3708	12.3959	0.829117	13.0803	200
3709	12.4998	0.808402	13.0561	200
3710	11.0526	0.907992	12.9726	200
3711	10.9895	0.997586	12.89	200
3712	11.0338	1.10492	12.774	200
3713	11.677	1.10393	12.7054	200
3714	11.7013	1.09146	12.6427	200
3715	11.7381	1.06809	12.5861	200
3716	11.5808	1.06024	12.5233	200
3717	11.0667	1.10979	12.4323	200
3718	11.0857	1.13939	12.3481	200
3719	11.077	1.15585	12.2687	200
3720	11.7067	1.08161	12.2335	200
3721	11.7321	1.03326	12.2126	200
3722	11.0051	1.04779	12.1623	200
3723	10.942	1.06217	12.1115	200
3724	10.9628	1.06937	12.0636	200
3725	10.9819	1.0704	12.0185	200
3726	11.6678	1.01043	12.0039	200
3727	11.7304	0.949018	11.9925	200
3728	12.4215	0.905679	12.0104	200
3729	12.4285	0.865046	12.0278	200
3730	12.3643	0.820994	12.0418	200
3731	12.4064	0.782961	12.057	200
3732	12.43	0.748791	12.0726	200
3733	13.0919	0.771339	12.115	200
3734	13.1024	0.798345	12.1768	200
3735	12.3582	0.721237	12.1881	200
3736	12.3768	0.654668	12.1999	200
3737	12.3771	0.594991	12.211	200
3738	12.3744	0.541047	12.2212	200
3739	11.7059	0.537823	12.189	200
3740	11.7018	0.531491	12.1585	200
3741	11.7253	0.51921	12.1315	200
3742	11.7373	0.503575	12.1068	200
3743	12.4349	0.488949	12.1205	200
3744	11.0402	0.538223	12.0755	200
3745	11.0066	0.58244	12.0309	200
3746	11.0257	0.61767	11.9891	200
3747	11.0377	0.645478	11.9494	200
3748	11.6849	0.613733	11.9384	200
3749	11.6842	0.58377	11.9278	200
3750	11.7334	0.551322	11.9197	200
3751	11.7438	0.520033	11.9124	200
3752	11.7071	0.493801	11.9038	200
3753	11.6935	0.470174	11.8951	200
3754	11.7666	0.441698	11.8897	200
3755	12.4298	0.449897	11.9122	200
3756	12.4032	0.452464	11.9276	200
3757	12.3887	0.453007	11.942	200
3758	12.3912	0.452692	11.9607	200
3759	12.3932	0.45101	11.9787	200
3760	12.404	0.447791	12.0053	200
3761	12.3579	0.435896	12.0273	200
3762	13.7679	0.598977	12.1361	200
3763	16.5899	1.08083	12.4145	200
3764	17.9392	1.63631	12.7598	200
3765	11.7107	1.56291	12.6942	200
3766	12.4315	1.40038	12.6778	200
3767	12.4017	1.30669	12.6663	200
3768	13.0111	1.22654	12.6806	200
3769	13.0469	1.15484	12.6959	200
3770	11.7205	1.13989	12.6553	200
3771	11.6746	1.12662	12.6144	200
3772	12.3333	1.05616	12.6027	200
3773	12.3722	0.987351	12.5931	200
3774	10.3862	1.08898	12.5011	200
3775	10.337	1.17857	12.4109	200
3776	11.0466	1.19406	12.3541	200
3777	11.0498	1.20325	12.2998	200
3778	11.0894	1.20384	12.2493	200
3779	11.7586	1.14441	12.2289	200
3780	14.4881	1.21409	12.2995	200
3781	13.76	1.22949	12.3451	200
3782	13.0796	1.18823	12.3757	200
3783	10.987	1.20494	12.3178	200
3784	10.9997	1.2191	12.2355	200
3785	12.3395	1.07971	12.242	200
3786	13.7492	1.13315	12.3362	200
3787	16.5223	1.51477	12.5978	200
3788	15.1643	1.64624	12.7582	200
3789	10.2971	1.74809	12.6044	200
3790	11.0205	1.72757	12.5054	200
3791	11.7939	1.64289	12.4757	200
3792	10.4327	1.67623	12.3906	200
3793	11.0905	1.64489	12.3364	200
3794	10.5022	1.66067	12.26	200
3795	10.4478	1.6733	12.1845	200
3796	11.0745	1.62636	12.1383	200
3797	10.9743	1.58783	12.0898	200
3798	10.9769	1.54825	12.0434	200
3799	11.6953	1.44823	12.0289	200
3800	10.96	1.41662	11.9843	200
3801	10.9583	1.38407	11.9416	200
3802	11.0197	1.34556	11.9032	200
3803	11.6966	1.25064	11.8946	200
3804	11.7596	1.18091	11.8904	200
3805	11.7295	1.11716	11.8853	200
3806	11.6781	1.06029	11.8788	200
3807	11.6743	1.0068	11.8725	200
3808	11.7102	0.954022	11.8674	200
3809	11.7465	0.901952	11.8636	200
3810	13.7607	0.964145	11.9229	200
3811	15.0992	1.10241	12.0221	200
3812	13.0173	1.0957	12.0532	200
3813	15.8011	1.26146	12.1704	200
3814	11.7159	1.21103	12.1562	200
3815	13.7473	1.23479	12.2059	200
3816	13.738	1.25337	12.2538	200
3817	14.3941	1.3088	12.3206	200
3818	12.3695	1.23005	12.3222	200
3819	12.3952	1.15774	12.3245	200
3820	15.1252	1.26043	12.412	200
3821	15.8306	1.36833	12.4974	200
3822	13.0172	1.32591	12.5104	200
3823	13.0419	1.28618	12.5237	200
3824	13.7557	1.28347	12.5545	200
3825	17.2762	1.45538	12.6726	200
3826	16.5189	1.57493	12.7687	200
3827	17.2265	1.71907	12.8802	200
3828	16.5548	1.81685	12.972	200
3829	15.9423	1.87452	13.0463	200
3830	18.6256	2.05976	13.1858	200
3831	17.9424	2.1946	13.3047	200
3832	17.24	2.28164	13.4031	200
3833	17.9477	2.42307	13.5451	200
3834	16.5115	2.45703	13.6378	200
3835	12.9982	2.30558	13.6111	200
3836	13.7282	2.1232	13.616	200
3837	13.7669	1.95884	13.6223	200
3838	14.4183	1.86193	13.6555	200
3839	13.0154	1.76011	13.6288	200
3840	16.4457	1.84817	13.7462	200
3841	15.8335	1.8681	13.8331	200
3842	11.8248	1.87979	13.7494	200
3843	11.714	1.89276	13.6646	200
3844	11.7813	1.89197	13.5862	200
3845	11.7534	1.88704	13.5098	200
3846	12.4277	1.81996	13.4647	200
3847	13.0862	1.72987	13.4529	200
3848	13.7961	1.64321	13.4636	200
3849	13.7657	1.55939	13.473	200
3850	13.8625	1.48626	13.4852	200
3851	13.8081	1.41355	13.4953	200
3852	13.7801	1.34301	13.5042	200
3853	14.5215	1.32265	13.536	200
3854	15.1821	1.34287	13.5874	200
3855	15.2978	1.36584	13.6409	200
3856	13.9025	1.29682	13.6491	200
3857	13.7854	1.22429	13.6533	200
3858	13.7805	1.15573	13.6573	200
3859	13.7953	1.09212	13.6616	200
3860	13.7846	1.03155	13.6655	200
3861	14.4575	1.01658	13.6902	200
3862	14.4886	1.00294	13.7152	200
3863	15.202	1.03319	13.7616	200
3864	15.1544	1.05117	13.7964	200
3865	15.7859	1.09808	13.8462	200
3866	14.4248	1.07211	13.8606	200
3867	14.4142	1.04618	13.8745	200
3868	14.4123	1.02076	13.8879	200
3869	14.4862	0.99435	13.9066	200
3870	14.4669	0.967221	13.9241	200
3871	14.4494	0.930393	13.946	200
3872	14.4808	0.897428	13.9683	200
3873	15.1226	0.929543	14.0404	200
3874	15.0648	0.937444	14.0831	200
3875	15.1307	0.946618	14.1268	200
3876	15.8991	1.01543	14.2006	200
3877	15.1764	1.01213	14.2413	200
3878	10.2573	1.25978	14.0753	200
3879	10.943	1.41582	13.9448	200
3880	11.0215	1.54144	13.823	200
3881	10.9956	1.6486	13.7052	200
3882	11.6556	1.68201	13.6198	200
3883	11.7284	1.69946	13.5409	200
3884	10.3391	1.82466	13.4075	200
3885	10.4931	1.91547	13.2861	200
3886	11.0865	1.93915	13.1944	200
3887	11.0616	1.96336	13.0611	200
3888	11.0352	1.97118	12.9345	200
3889	11.7258	1.87588	12.859	200
3890	11.6693	1.7901	12.7846	200
3891	12.397	1.61479	12.7604	200
3892	10.3175	1.7183	12.6077	200
3893	10.9664	1.70869	12.5051	200
3894	11.0504	1.67694	12.4142	200
3895	11.7116	1.55514	12.3703	200
3896	12.5482	1.44037	12.3777	200
3897	12.3367	1.32376	12.376	200
3898	13.1081	1.27445	12.4065	200
3899	13.0417	1.22118	12.433	200
3900	13.039	1.16992	12.4582	200
3901	13.6941	1.17542	12.5097	200
3902	14.2339	1.22115	12.5816	200
3903	14.4816	1.27773	12.6607	200
3904	12.3774	1.19486	12.6489	200
3905	12.3213	1.12259	12.6353	200
3906	12.4706	1.04276	12.6284	200
3907	13.0493	0.99094	12.6459	200
3908	13.0788	0.95606	12.6595	200
3909	12.5075	0.905806	12.6547	200
3910	12.3734	0.866778	12.6459	200
3911	13.0523	0.838003	12.6586	200
3912	13.0765	0.811743	12.6717	200
3913	12.9496	0.778375	12.6804	200
3914	13.0989	0.755885	12.6934	200
3915	13.7379	0.77392	12.7261	200
3916	13.7211	0.787739	12.7572	200
3917	12.9445	0.750214	12.763	200
3918	11.7587	0.766098	12.7316	200
3919	11.6371	0.786625	12.6974	200
3920	11.8404	0.791025	12.6707	200
3921	11.8726	0.791466	12.6457	200
3922	11.7068	0.800682	12.6164	200
3923	11.784	0.802663	12.5904	200
3924	12.5548	0.75472	12.5893	200
3925	12.5683	0.718033	12.5887	200
3926	11.7095	0.726091	12.5667	200
3927	11.6535	0.735451	12.5439	200
3928	12.387	0.706522	12.54	200
3929	12.2341	0.68649	12.5323	200
3930	12.2512	0.666222	12.5253	200
3931	12.3956	0.639395	12.5221	200
3932	12.3546	0.6158	12.5179	200
3933	12.3011	0.595846	12.5125	200
3934	12.9738	0.58912	12.524	200
3935	12.9633	0.581626	12.535	200
3936	11.6924	0.594671	12.5139	200
3937	11.6419	0.608535	12.4921	200
3938	12.4255	0.581439	12.4905	200
3939	12.4022	0.556777	12.4882	200
3940	12.405	0.533102	12.4862	200
3941	12.4195	0.509779	12.4845	200
3942	12.4212	0.487453	12.4829	200
3943	12.3888	0.467788	12.4806	200
3944	12.5658	0.448658	12.4827	200
3945	13.08	0.456092	12.4976	200
3946	13.1153	0.462825	12.5105	200
3947	13.8251	0.498315	12.5379	200
3948	13.8018	0.530217	12.5642	200
3949	13.8837	0.569681	12.5972	200
3950	13.9279	0.60773	12.6305	200
3951	13.8845	0.648121	12.6696	200
3952	13.8369	0.680568	12.7061	200
3953	13.8469	0.718918	12.7537	200
3954	13.8296	0.748671	12.7985	200
3955	13.6879	0.760398	12.8355	200
3956	13.8638	0.782715	12.8784	200
3957	14.5338	0.855436	12.9474	200
3958	14.5543	0.918064	13.0143	200
3959	15.2559	1.02836	13.1077	200
3960	10.3788	1.17007	12.994	200
3961	10.4072	1.28813	12.8862	200
3962	11.0535	1.33352	12.8099	200
3963	11.0581	1.35966	12.7551	200
3964	11.1794	1.37766	12.6895	200
3965	11.0579	1.39882	12.6215	200
3966	11.7341	1.3349	12.566	200
3967	11.0647	1.3557	12.4722	200
3968	10.9946	1.37094	12.3798	200
3969	11.0167	1.36997	12.2946	200
3970	11.6923	1.27402	12.257	200
3971	10.2994	1.35947	12.1346	200
3972	10.992	1.33236	12.0632	200
3973	11.0009	1.30985	12.019	200
3974	11.0254	1.28349	11.9776	200
3975	11.0744	1.2518	11.9399	200
3976	11.0362	1.22279	11.9023	200
3977	10.9991	1.19616	11.8646	200
3978	11.673	1.11244	11.8567	200
3979	11.7317	1.03015	11.8514	200
3980	11.7236	0.95496	11.8461	200
3981	11.6904	0.855051	11.8364	200
3982	12.3807	0.81621	11.8704	200
3983	12.405	0.781013	11.9038	200
3984	12.4382	0.750184	11.9372	200
3985	13.094	0.801009	12.0095	200
3986	9.62692	0.998707	11.8606	200
3987	9.6122	1.15492	11.7201	200
3988	9.58069	1.27798	11.5864	200
3989	9.6552	1.35963	11.4657	200
3990	10.3146	1.30748	11.3218	200
3991	11.7269	1.0819	11.3724	200
3992	11.7175	0.897691	11.4156	200
3993	10.3419	0.919691	11.3485	200
3994	11.6547	0.84301	11.3676	200
3995	11.7361	0.783698	11.3906	200
3996	12.3719	0.80839	11.452	200
3997	12.3567	0.82043	11.5085	200
3998	13.1364	0.921358	11.6102	200
3999	13.0357	0.984366	11.6993	200
4000	13.7143	1.11319	11.8253	200
4001	13.7754	1.18294	11.9065	200
4002	13.7783	1.24034	11.9845	200
4003	12.4985	1.17981	12.0059	200
4004	12.4107	1.11522	12.0228	200
4005	12.4582	1.05857	12.0409	200
4006	13.1023	1.0588	12.0852	200
4007	13.1028	1.05537	12.1276	200
4008	13.107	1.04904	12.1684	200
4009	9.49356	1.25226	12.0012	200
4010	9.65696	1.38876	11.8547	200
4011	9.61455	1.49518	11.7147	200
4012	9.68016	1.5626	11.5875	200
4013	10.3441	1.5227	11.5098	200
4014	8.33838	1.72879	11.3116	200
4015	8.2847	1.89105	11.1224	200
4016	8.24977	2.01375	10.9429	200
4017	8.26913	2.09625	10.7758	200
4018	8.9233	2.06577	10.66	200
4019	10.2589	1.92705	10.6433	200
4020	10.2607	1.73399	10.6194	200
4021	10.2738	1.56043	10.5978	200
4022	10.3013	1.24443	10.5607	200
4023	10.3643	1.11343	10.5484	200
4024	11.0208	1.0333	10.578	200
4025	10.4172	0.924224	10.5679	200
4026	11.0508	0.869053	10.5981	200
4027	11.0222	0.813435	10.6246	200
4028	11.0588	0.766037	10.6517	200
4029	8.87486	0.892392	10.5407	200
4030	8.95102	0.97955	10.4413	200
4031	9.60258	0.944348	10.3365	200
4032	9.61455	0.888743	10.2462	200
4033	9.65474	0.814431	10.1723	200
4034	8.96901	0.863039	10.0971	200
4035	9.61456	0.815476	10.0669	200
4036	10.3201	0.745191	10.0828	200
4037	10.9666	0.76252	10.138	200
4038	9.60753	0.733514	10.1048	200
4039	8.97117	0.783534	10.034	200
4040	8.209	0.913715	9.91993	200
4041	8.28751	1.00355	9.8179	200
4042	8.96156	0.991285	9.78222	200
4043	6.86163	1.15206	9.66053	200
4044	6.85299	1.29002	9.54355	200
4045	6.89267	1.40342	9.43309	200
4046	6.84995	1.50173	9.32546	200
4047	7.55512	1.53531	9.21481	200
4048	7.56566	1.54954	9.11174	200
4049	6.20738	1.71889	8.93022	200
4050	6.27668	1.83572	8.76437	200
4051	6.19039	1.928	8.6035	200
4052	4.81711	2.1603	8.36685	200
4053	6.15555	2.16667	8.22864	200
4054	6.08936	2.16325	8.09494	200
4055	6.15296	2.13559	7.97356	200
4056	6.1539	2.0961	7.85983	200
4057	6.82441	1.96351	7.79512	200
4058	8.98545	1.89908	7.84471	200
4059	8.99881	1.837	7.8928	200
4060	9.66002	1.83118	7.96644	200
4061	9.63336	1.8175	8.03589	200
4062	9.66016	1.80139	8.10357	200
4063	10.3007	1.83437	8.19511	200
4064	12.4121	2.03292	8.37082	200
4065	12.3828	2.19784	8.53799	200
4066	12.3835	2.33515	8.69822	200
4067	12.4003	2.44906	8.85247	200
4068	12.3613	2.53738	8.99867	200
4069	12.4352	2.6123	9.14186	200
4070	13.2102	2.7943	9.39613	200
4071	9.59693	2.47011	9.40868	200
4072	9.61536	2.18718	9.42159	200
4073	9.01917	1.96409	9.39644	200
4074	8.9566	1.77356	9.36895	200
4075	7.56402	1.77748	9.25614	200
4076	8.92887	1.5962	9.23569	200
4077	8.87709	1.4415	9.21328	200
4078	9.55118	1.30355	9.23439	200
4079	9.68348	1.23235	9.2531	200
4080	10.312	1.21066	9.31929	200
4081	11.003	1.26979	9.42452	200
4082	11.0099	1.3487	9.62269	200
4083	11.0136	1.35925	9.79656	200
4084	11.7006	1.42735	9.91556	200
4085	5.51029	1.79959	9.64023	200
4086	5.50321	2.09177	9.38167	200
4087	6.18782	2.22953	9.18205	200
4088	6.98147	2.22591	9.04451	200
4089	8.89795	1.96599	9.03535	200
4090	8.93231	1.73312	9.02891	200
4091	8.91988	1.53011	9.0221	200
4092	9.64057	1.41616	9.06075	200
4093	10.1855	1.39187	9.10761	200
4094	8.96786	1.28752	9.10179	200
4095	8.97823	1.19053	9.09664	200
4096	8.98011	1.10103	9.09178	200
4097	8.95975	1.02028	9.08628	200
4098	9.75067	0.990618	9.11396	200
4099	10.3642	1.01225	9.16606	200
4100	8.28823	1.00105	9.12948	200
4101	8.24208	0.991581	9.0925	200
4102	8.27139	0.977375	9.05829	200
4103	8.23065	0.964897	9.0238	200
4104	8.13608	0.958465	8.98682	200
4105	8.81103	0.893241	8.97949	200
4106	8.95862	0.838717	8.97884	200
4107	8.21488	0.834044	8.95496	200
4108	9.02752	0.786451	8.95723	200
4109	8.95667	0.72096	8.95721	200
4110	9.70817	0.72346	8.9885	200
4111	9.71499	0.723838	9.0339	200
4112	9.68076	0.714215	9.07433	200
4113	10.3795	0.788078	9.1559	200
4114	9.66792	0.75357	9.1879	200
4115	9.03579	0.678387	9.17839	200
4116	9.66542	0.654466	9.20883	200
4117	10.3521	0.715571	9.28029	200
4118	10.3395	0.744209	9.32442	200
4119	11.0461	0.825663	9.39616	200
4120	10.3814	0.838962	9.43721	200
4121	7.56849	0.924775	9.35935	200
4122	7.57142	0.996703	9.28485	200
4123	8.28939	0.996599	9.24337	200
4124	8.29146	0.992875	9.20371	200
4125	7.55953	1.04715	9.1352	200
4126	7.50831	1.09546	9.06741	200
4127	5.54153	1.29799	8.9205	200
4128	5.49754	1.47507	8.77788	200
4129	6.15738	1.57052	8.66869	200
4130	6.83773	1.5868	8.61147	200
4131	7.54255	1.55443	8.57807	200
4132	7.5854	1.51932	8.54705	200
4133	7.60984	1.48294	8.51776	200
4134	9.00984	1.42101	8.53313	200
4135	9.68179	1.40399	8.56903	200
4136	9.67182	1.38516	8.60349	200
4137	10.361	1.40843	8.65841	200
4138	10.3709	1.42744	8.71193	200
4139	9.70958	1.40057	8.7431	200
4140	10.3368	1.41264	8.7929	200
4141	10.3428	1.42122	8.84134	200
4142	8.8489	1.30342	8.84165	200
4143	8.29999	1.23994	8.81908	200
4144	8.25168	1.15587	8.78362	200
4145	8.24056	1.07927	8.74968	200
4146	8.90064	0.963228	8.75911	200
4147	8.90342	0.860862	8.76813	200
4148	8.8619	0.796937	8.77204	200
4149	9.67461	0.80574	8.80964	200
4150	9.66099	0.80954	8.84512	200
4151	9.74652	0.817194	8.88268	200
4152	9.68175	0.814929	8.93262	200
4153	10.4288	0.900085	9.02613	200
4154	10.3928	1.01672	9.19696	200
4155	8.86845	0.930695	9.17643	200
4156	8.91031	0.847623	9.15979	200
4157	6.82019	1.03412	9.01357	200
4158	7.52247	1.09124	8.92037	200
4159	5.39248	1.39582	8.69988	200
4160	5.93585	1.56685	8.52713	200
4161	5.95714	1.69224	8.3665	200
4162	6.63387	1.69729	8.25821	200
4163	7.4906	1.61981	8.22623	200
4164	7.98051	1.50531	8.21599	200
4165	7.42959	1.4454	8.18322	200
4166	7.42958	1.38775	8.15182	200
4167	7.45283	1.33035	8.1227	200
4168	8.12557	1.21973	8.12281	200
4169	7.25496	1.1904	8.08665	200
4170	7.62939	1.12931	8.0676	200
4171	7.60517	1.07374	8.04833	200
4172	7.59257	1.02224	8.02934	200
4173	7.57639	0.974797	8.01047	200
4174	7.6032	0.927503	7.9935	200
4175	8.27894	0.873997	8.00539	200
4176	8.26058	0.835321	8.01336	200
4177	7.88231	0.791304	8.00927	200
4178	7.90835	0.748155	8.00611	200
4179	7.88367	0.709048	8.00229	200
4180	8.34008	0.685844	8.01284	200
4181	8.36371	0.664907	8.02381	200
4182	9.53464	0.717777	8.07102	200
4183	10.22	0.807228	8.13818	200
4184	10.2482	0.888655	8.20411	200
4185	9.20605	0.895735	8.23542	200
4186	9.14614	0.896671	8.26388	200
4187	9.19623	0.8989	8.29302	200
4188	8.74879	0.871204	8.30726	200
4189	9.39389	0.884668	8.34122	200
4190	8.24212	0.819204	8.33709	200
4191	8.24043	0.758992	8.33306	200
4192	8.91629	0.737021	8.36951	200
4193	15.1385	1.49102	8.79257	200
4194	14.4843	2.01611	9.14831	200
4195	15.297	2.36049	9.4045	200
4196	16.5723	2.7611	9.70316	200
4197	14.5231	2.93266	9.90399	200
4198	8.37756	2.75688	9.80858	200
4199	7.64992	2.68211	9.67367	200
4200	9.69957	2.01806	9.6769	200
4201	10.9982	1.93096	9.75948	200
4202	9.73344	1.69284	9.75785	200
4203	7.61618	1.74895	9.624	200
4204	8.40505	1.6827	9.54781	200
4205	10.9011	1.64152	9.63239	200
4206	10.9205	1.59734	9.7129	200
4207	9.70528	1.39862	9.71242	200
4208	10.2748	1.2941	9.74757	200
4209	13.1206	1.55397	9.95839	200
4210	11.156	1.52428	10.0083	200
4211	12.695	1.62114	10.1202	200
4212	12.3433	1.67131	10.2129	200
4213	11.6696	1.65342	10.2736	200
4214	9.52855	1.57772	10.2425	200
4215	12.0924	1.6004	10.3196	200
4216	12.1949	1.62331	10.3977	200
4217	15.0807	1.87828	10.5929	200
4218	14.4785	2.04556	10.7548	200
4219	14.4886	2.18626	10.9103	200
4220	15.9291	2.4223	11.1195	200
4221	16.5071	2.66941	11.3439	200
4222	19.5736	3.01693	11.6011	200
4223	18.032	3.2303	11.8021	200
4224	15.7156	3.273	11.9244	200
4225	18.7496	3.49501	12.1377	200
4226	19.4444	3.73324	12.366	200
4227	17.964	3.84979	12.5409	200
4228	18.0688	3.95467	12.7137	200
4229	19.4857	4.13075	12.9253	200
4230	16.0617	4.0686	13.0233	200
4231	16.091	4.00605	13.1192	200
4232	16.769	3.98378	13.2332	200
4233	16.8234	3.95918	13.3454	200
4234	18.1516	4.01211	13.4956	200
4235	17.516	4.01263	13.6213	200
4236	17.5364	4.00653	13.7436	200
4237	16.8069	3.94758	13.8393	200
4238	17.4711	3.92784	13.9528	200
4239	17.4312	3.90537	14.0398	200
4240	19.1051	3.96336	14.1664	200
4241	19.0856	4.01115	14.2894	200
4242	18.6345	4.02785	14.398	200
4243	26.4735	4.43023	14.6999	200
4244	30.553	5.00138	15.0962	200
4245	31.2217	5.55758	15.4994	200
4246	31.2242	6.06595	15.8925	200
4247	31.9387	6.56496	16.2936	200
4248	35.7823	7.21115	16.7809	200
4249	35.7547	7.79928	17.2552	200
4250	32.7808	8.18559	17.6433	200
4251	30.0158	8.39494	17.9527	200
4252	28.7925	8.51718	18.2237	200
4253	28.5965	8.60996	18.483	200
4254	29.9979	8.75521	18.7708	200
4255	29.3309	8.84545	19.0348	200
4256	30.0309	8.95298	19.3097	200
4257	29.9589	9.03779	19.576	200
4258	28.8682	9.05051	19.8083	200
4259	29.7898	9.09706	20.0578	200
4260	29.6876	9.11926	20.2584	200
4261	29.7529	9.13489	20.4562	200
4262	29.8169	9.14429	20.6513	200
4263	27.078	9.03106	20.7851	200
4264	29.0401	8.99872	20.9571	200
4265	24.3847	8.76659	21.0285	200
4266	24.2372	8.53501	21.0954	200
4267	29.4471	8.52738	21.2694	200
4268	33.5773	8.6849	21.5258	200
4269	32.2065	8.76806	21.7483	200
4270	31.9619	8.82829	21.9611	200
4271	34.6958	8.99105	22.2264	200
4272	34.0605	9.10951	22.4729	200
4273	35.4045	9.26877	22.7423	200
4274	40.4957	9.62229	23.1122	200
4275	44.6265	10.1178	23.5604	200
4276	44.9219	10.5863	24.0054	200
4277	44.6042	11.0035	24.4346	200
4278	46.0792	11.4468	24.8855	200
4279	40.184	11.6073	25.2042	200
4280	42.535	11.8458	25.5653	200
4281	42.9748	12.0776	25.928	200
4282	45.106	12.3735	26.3275	200
4283	45.1464	12.642	26.7196	200
4284	46.4768	12.9385	27.1312	200
4285	47.312	13.1972	27.4916	200
4286	45.8512	13.3815	27.8194	200
4287	49.188	13.6668	28.201	200
4288	47.1221	13.8544	28.5389	200
4289	44.8865	13.9435	28.8308	200
4290	45.6694	14.0469	29.1315	200
4291	44.3742	14.0896	29.4037	200
4292	45.6436	14.1664	29.6937	200
4293	44.1122	14.1754	29.9511	200
4294	44.3135	14.1821	30.2076	200
4295	43.605	14.154	30.4469	200
4296	45.8674	14.1993	30.7222	200
4297	52.6043	14.4736	31.113	200
4298	53.9573	14.7726	31.5209	200
4299	53.1139	15.0162	31.9065	200
4300	54.6077	15.2906	32.3119	200
4301	53.6561	15.5068	32.693	200
4302	53.0345	15.6795	33.0563	200
4303	44.012	15.5108	33.2519	200
4304	44.0592	15.3428	33.4449	200
4305	48.1798	15.3175	33.7519	200
4306	51.062	15.4005	34.1125	200
4307	53.0292	15.5763	34.5854	200
4308	53.0871	15.7226	35.0479	200
4309	51.7336	15.7828	35.5694	200
4310	47.3014	15.5296	35.936	200
4311	40.6233	14.852	36.0825	200
4312	49.8963	14.7871	36.5142	200
4313	56.505	15.1123	37.1389	200
4314	58.3404	15.4929	37.8014	200
4315	57.6485	15.765	38.4216	200
4316	50.8298	15.5552	38.8094	200
4317	51.4683	15.3742	39.205	200
4318	37.0115	14.5504	39.1364	200
4319	36.9762	13.776	39.0689	200
4320	27.1025	13.6629	38.695	200
4321	25.2516	13.6492	38.2749	200
4322	25.451	13.5976	37.8741	200
4323	28.1836	13.3534	37.5713	200
4324	30.9286	13.0179	37.4052	200
4325	33.7422	12.5501	37.3136	200
4326	35.0972	12.0335	37.2582	200
4327	28.2004	11.8847	37.0318	200
4328	28.2728	11.7284	36.8128	200
4329	28.8435	11.5404	36.6136	200
4330	30.2907	11.2796	36.4555	200
4331	28.2278	11.127	36.2498	200
4332	30.5984	10.8532	36.1085	200
4333	31.2925	10.5513	35.9881	200
4334	33.6331	10.1415	35.9293	200
4335	34.9258	9.68461	35.9042	200
4336	32.9005	9.35056	35.8291	200
4337	33.6007	8.99445	35.7734	200
4338	32.8198	8.6924	35.6995	200
4339	32.9438	8.39557	35.6306	200
4340	29.4678	8.28393	35.4766	200
4341	29.5251	8.16731	35.3278	200
4342	27.8138	8.13464	35.1399	200
4343	27.815	8.09415	34.9568	200
4344	28.4996	8.0123	34.7954	200
4345	26.8467	8.00965	34.6298	200
4346	28.2566	7.94147	34.497	200
4347	28.3164	7.86809	34.3682	200
4348	27.4943	7.82667	34.225	200
4349	27.5991	7.77664	34.087	200
4350	28.194	7.69815	33.9642	200
4351	28.9287	7.58721	33.8593	200
4352	28.856	7.47955	33.7551	200
4353	28.9324	7.36884	33.6546	200
4354	28.8783	7.26082	33.5551	200
4355	28.8989	7.15229	33.4581	200
4356	29.56	7.0167	33.3769	200
4357	28.8981	6.91096	33.2836	200
4358	26.8039	6.89299	33.1486	200
4359	27.2461	6.85172	33.0256	200
4360	26.2065	6.85036	32.8835	200
4361	26.8551	6.81611	32.7579	200
4362	26.2205	6.8045	32.6217	200
4363	26.822	6.76263	32.5009	200
4364	26.845	6.71652	32.3831	200
4365	26.7994	6.66932	32.2668	200
4366	26.847	6.61725	32.1538	200
4367	26.8311	6.56332	32.043	200
4368	26.908	6.5038	31.936	200
4369	27.7499	6.40723	31.8488	200
4370	28.2141	6.30821	31.7839	200
4371	26.1875	6.28278	31.6839	200
4372	27.0758	6.22297	31.6016	200
4373	28.1732	6.12316	31.5404	200
4374	29.1427	5.99011	31.4976	200
4375	28.8414	5.87104	31.4502	200
4376	28.1924	5.77771	31.392	200
4377	28.2223	5.68457	31.3354	200
4378	28.946	5.56689	31.2927	200
4379	28.9381	5.45216	31.2507	200
4380	28.949	5.33964	31.2096	200
4381	28.8619	5.23279	31.1676	200
4382	28.7049	5.13386	31.1237	200
4383	29.7511	4.99953	31.0992	200
4384	25.4521	5.02265	30.9983	200
4385	23.4038	5.1145	30.8627	200
4386	21.3235	5.27253	30.6924	200
4387	22.118	5.39045	30.5392	200
4388	21.0785	5.53582	30.3703	200
4389	22.045	5.63544	30.2216	200
4390	23.4228	5.67699	30.1002	200
4391	23.4022	5.71346	29.9806	200
4392	24.0618	5.72079	29.8749	200
4393	24.1121	5.72229	29.772	200
4394	24.0946	5.72069	29.6706	200
4395	24.1175	5.7147	29.5715	200
4396	24.1023	5.70593	29.4738	200
4397	23.7402	5.70692	29.3714	200
4398	24.4254	5.67975	29.2831	200
4399	24.8613	5.64044	29.214	200
4400	24.7838	5.60262	29.1448	200
4401	24.0635	5.58632	29.0654	200
4402	24.7352	5.54707	28.9977	200
4403	25.4147	5.48569	28.9417	200
4404	24.8021	5.44363	28.8771	200
4405	23.4385	5.44347	28.7921	200
4406	23.4491	5.44033	28.7086	200
4407	21.345	5.50043	28.5935	200
4408	22.0641	5.53259	28.4915	200
4409	21.9896	5.56288	28.3899	200
4410	22.041	5.58744	28.2907	200
4411	22.0708	5.60721	28.1935	200
4412	22.21	5.61897	28.1	200
4413	22.8085	5.60873	28.0174	200
4414	24.1728	5.5536	27.9573	200
4415	24.1265	5.49976	27.8974	200
4416	24.1667	5.44448	27.8391	200
4417	26.9126	5.28313	27.8226	200
4418	24.8233	5.20156	27.769	200
4419	26.2113	5.04973	27.7366	200
4420	29.5894	4.91653	27.7752	200
4421	26.819	4.71851	27.7513	200
4422	26.1507	4.56261	27.7113	200
4423	26.1762	4.37339	27.6633	200
4424	27.5776	4.10541	27.6606	200
4425	28.2927	3.88832	27.6804	200
4426	28.2847	3.68308	27.6993	200
4427	30.2583	3.61282	27.7792	200
4428	31.5165	3.6206	27.896	200
4429	32.292	3.65937	28.0059	200
4430	31.6156	3.65688	28.0962	200
4431	32.9653	3.7175	28.2179	200
4432	20.5969	3.91267	28.0274	200
4433	23.3777	3.94952	27.9111	200
4434	23.2713	3.98403	27.7951	200
4435	23.2206	4.01355	27.6808	200
4436	23.3051	4.03166	27.5714	200
4437	22.5789	4.0797	27.4465	200
4438	23.2706	4.08451	27.3422	200
4439	24.0085	4.04697	27.2588	200
4440	24.0164	4.00674	27.1777	200
4441	27.4057	3.8178	27.1834	200
4442	22.6065	3.85576	27.069	200
4443	21.8052	3.92616	26.9374	200
4444	21.3269	4.01038	26.7972	200
4445	21.9697	4.05123	26.6765	200
4446	19.9297	4.18601	26.5078	200
4447	19.2839	4.33791	26.3272	200
4448	19.2591	4.47442	26.1505	200
4449	19.9543	4.58203	25.9569	200
4450	20.6649	4.6264	25.7915	200
4451	22.6383	4.50363	25.6601	200
4452	23.3417	4.32153	25.5635	200
4453	24.6858	4.03455	25.5269	200
4454	22.69	3.93475	25.4087	200
4455	23.2729	3.78484	25.3197	200
4456	22.6291	3.69366	25.2076	200
4457	23.3028	3.54459	25.1283	200
4458	16.4201	3.97489	24.7654	200
4459	19.2612	4.10233	24.5361	200
4460	19.2379	4.20198	24.3153	200
4461	19.9167	4.21837	24.132	200
4462	19.9753	4.21451	24.0021	200
4463	19.9482	4.20448	23.8755	200
4464	19.9614	4.18633	23.7531	200
4465	18.5712	4.24856	23.5912	200
4466	20.6302	4.16809	23.4987	200
4467	20.6513	4.08554	23.4097	200
4468	20.6238	4.00432	23.3226	200
4469	21.3167	3.87942	23.2599	200
4470	21.3631	3.7555	23.2007	200
4471	21.3209	3.63827	23.1419	200
4472	21.3488	3.52295	23.0859	200
4473	18.6071	3.58269	22.9459	200
4474	19.9662	3.545	22.8528	200
4475	19.9025	3.49544	22.7299	200
4476	19.9435	3.43635	22.6138	200
4477	19.9909	3.33467	22.4498	200
4478	20.6211	3.14643	22.3356	200
4479	20.5955	2.97063	22.2268	200
4480	20.6255	2.85651	22.1601	200
4481	20.5979	2.74865	22.095	200
4482	19.1816	2.76238	21.9736	200
4483	19.2307	2.76076	21.8593	200
4484	19.272	2.7463	21.7515	200
4485	19.904	2.6714	21.6745	200
4486	19.9839	2.58967	21.6041	200
4487	19.2467	2.57031	21.5059	200
4488	14.5044	2.93957	21.2141	200
4489	14.4765	3.25608	20.9334	200
4490	13.8438	3.57554	20.638	200
4491	13.7571	3.85098	20.3513	200
4492	14.4332	4.02324	20.1047	200
4493	15.0753	4.08613	19.9475	200
4494	15.8819	4.08485	19.8205	200
4495	16.4965	4.03729	19.7166	200
4496	16.4928	3.98645	19.6159	200
4497	16.3952	3.93859	19.5152	200
4498	17.2163	3.83611	19.4434	200
4499	17.243	3.73387	19.3746	200
4500	17.8932	3.59309	19.3283	200
4501	17.2071	3.5011	19.262	200
4502	16.4462	3.45827	19.174	200
4503	13.7381	3.58187	19.0042	200
4504	13.7783	3.68462	18.8408	200
4505	13.7711	3.77119	18.6824	200
4506	13.127	3.88271	18.5088	200
4507	13.0357	3.98211	18.3378	200
4508	13.7766	4.03036	18.1477	200
4509	14.4469	4.0029	17.9935	200
4510	15.8464	3.77093	17.8593	200
4511	16.5863	3.45868	17.7798	200
4512	18.6083	3.12992	17.8315	200
4513	18.5378	2.92795	17.861	200
4514	18.5506	2.74142	17.8897	200
4515	16.5073	2.62817	17.8321	200
4516	17.1664	2.46463	17.8044	200
4517	14.4739	2.53678	17.6656	200
4518	15.8083	2.48015	17.5882	200
4519	16.7496	2.34335	17.5533	200
4520	16.5699	2.23002	17.5123	200
4521	15.8599	2.18188	17.4435	200
4522	15.8383	2.13382	17.3766	200
4523	18.5609	2.0547	17.4259	200
4524	17.9086	1.92369	17.446	200
4525	18.5859	1.85838	17.4935	200
4526	19.0834	1.8416	17.5432	200
4527	19.2742	1.83468	17.5973	200
4528	17.1922	1.74534	17.5846	200
4529	18.5642	1.68152	17.6255	200
4530	13.8354	1.85723	17.4675	200
4531	14.4792	1.99862	17.2808	200
4532	17.2425	1.75358	17.2784	200
4533	18.606	1.70033	17.3613	200
4534	19.3102	1.7314	17.4832	200
4535	19.2617	1.7373	17.5943	200
4536	16.5545	1.65012	17.5293	200
4537	17.9185	1.4925	17.5536	200
4538	17.24	1.39426	17.5406	200
4539	15.8557	1.41848	17.4704	200
4540	16.577	1.37472	17.4332	200
4541	15.2108	1.44536	17.3406	200
4542	15.177	1.50521	17.2504	200
4543	17.975	1.44016	17.2806	200
4544	18.6703	1.43595	17.3385	200
4545	20.0157	1.53939	17.45	200
4546	21.4746	1.74649	17.6177	200
4547	13.0842	1.97874	17.4288	200
4548	12.4487	2.22885	17.2213	200
4549	11.7567	2.4985	16.9936	200
4550	13.1194	2.61314	16.8322	200
4551	13.7278	2.64385	16.7352	200
4552	14.4247	2.62302	16.663	200
4553	19.1847	2.61668	16.7418	200
4554	18.5974	2.55326	16.8191	200
4555	18.5891	2.48799	16.8929	200
4556	17.1718	2.21186	16.9103	200
4557	17.1939	1.97082	16.928	200
4558	17.8597	1.84093	16.9863	200
4559	18.6324	1.81657	17.0891	200
4560	16.5874	1.65222	17.0578	200
4561	11.9646	2.08234	16.7395	200
4562	12.4618	2.35675	16.4721	200
4563	12.4412	2.49626	16.3041	200
4564	15.1944	2.38072	16.2579	200
4565	15.8506	2.21627	16.2409	200
4566	13.5578	2.25517	16.1291	200
4567	13.7594	2.26472	16.0304	200
4568	14.4054	2.21141	15.9627	200
4569	14.4578	2.15253	15.9	200
4570	11.6842	2.32447	15.7243	200
4571	11.0331	2.5217	15.5289	200
4572	13.731	2.46138	15.4539	200
4573	13.7362	2.39941	15.3824	200
4574	14.3856	2.28252	15.3408	200
4575	14.4351	2.19647	15.3125	200
4576	14.4797	2.11124	15.2865	200
4577	13.7421	2.07582	15.2382	200
4578	13.0401	2.08346	15.1696	200
4579	11.6809	2.17129	15.0605	200
4580	11.6351	2.24967	14.9535	200
4581	11.7058	2.31204	14.852	200
4582	12.3665	2.32289	14.7743	200
4583	12.3977	2.32624	14.7001	200
4584	13.0438	2.28437	14.6483	200
4585	13.0906	2.23895	14.5996	200
4586	13.7793	2.15028	14.574	200
4587	14.3042	2.03275	14.5656	200
4588	14.1196	1.93357	14.5516	200
4589	14.062	1.84333	14.5363	200
4590	14.0711	1.75719	14.5218	200
4591	14.7753	1.66321	14.5297	200
4592	15.4317	1.62515	14.5522	200
4593	15.4006	1.58631	14.5735	200
4594	16.8545	1.62105	14.6305	200
4595	16.1791	1.61742	14.6692	200
4596	17.0549	1.65584	14.7288	200
4597	17.1657	1.69489	14.7898	200
4598	17.8966	1.76548	14.8674	200
4599	18.6287	1.86527	14.9615	200
4600	18.6246	1.95517	15.053	200
4601	19.2666	2.06808	15.1584	200
4602	20.486	2.23106	15.2916	200
4603	20.4834	2.3791	15.4214	200
4604	19.0615	2.44215	15.5124	200
4605	19.7575	2.5323	15.6185	200
4606	23.1647	2.78299	15.8071	200
4607	23.9671	3.05184	16.0111	200
4608	23.2626	3.26182	16.1924	200
4609	22.5039	3.4143	16.3502	200
4610	23.1994	3.58604	16.5214	200
4611	23.2474	3.74304	16.6896	200
4612	23.9151	3.91716	16.8702	200
4613	22.0733	3.97074	16.9786	200
4614	21.4567	3.99188	17.0719	200
4615	19.9921	3.94722	17.1328	200
4616	19.9503	3.90015	17.1915	200
4617	19.3098	3.82591	17.2356	200
4618	19.2896	3.75208	17.2784	200
4619	19.2845	3.67933	17.3202	200
4620	19.372	3.61152	17.3629	200
4621	19.2856	3.52707	17.411	200
4622	19.2948	3.44491	17.4581	200
4623	19.346	3.3476	17.5171	200
4624	20.0255	3.29515	17.5955	200
4625	19.9505	3.2168	17.6936	200
4626	19.913	3.13368	17.7861	200
4627	19.9952	3.05664	17.8781	200
4628	20.0365	2.98179	17.968	200
4629	24.5733	3.28375	18.2433	200
4630	24.5148	3.53273	18.5046	200
4631	24.5367	3.74101	18.7559	200
4632	21.7738	3.68075	18.8817	200
4633	22.7221	3.69073	19.0017	200
4634	22.1823	3.65885	19.1011	200
4635	21.9972	3.61118	19.1916	200
4636	20.9804	3.49729	19.2475	200
4637	20.4832	3.35594	19.2861	200
4638	20.51	3.22268	19.3243	200
4639	19.1355	3.03307	19.3184	200
4640	19.8228	2.87502	19.3342	200
4641	18.865	2.72466	19.3195	200
4642	19.3933	2.55898	19.3218	200
4643	18.888	2.42616	19.3083	200
4644	19.9008	2.31155	19.3268	200
4645	20.4217	2.23551	19.361	200
4646	20.4045	2.16101	19.3936	200
4647	20.3833	2.0878	19.4245	200
4648	21.1128	2.06282	19.4773	200
4649	21.6023	2.06593	19.5304	200
4650	21.5996	2.06609	19.5821	200
4651	21.5848	2.06292	19.6322	200
4652	21.5418	2.05525	19.68	200
4653	19.2588	1.97355	19.6694	200
4654	19.2759	1.89455	19.6596	200
4655	19.2317	1.82122	19.6489	200
4656	19.2579	1.7497	19.6391	200
4657	19.225	1.68292	19.6288	200
4658	19.9226	1.61347	19.6361	200
4659	19.4664	1.54128	19.6319	200
4660	19.4913	1.47124	19.6284	200
4661	19.4715	1.40552	19.6244	200
4662	19.4646	1.34323	19.6204	200
4663	15.8335	1.46542	19.5258	200
4664	15.8432	1.57628	19.4337	200
4665	15.8832	1.67499	19.3449	200
4666	15.8755	1.76471	19.2582	200
4667	15.8834	1.84522	19.1738	200
4668	17.2471	1.84929	19.1257	200
4669	18.0242	1.8119	19.0981	200
4670	17.9195	1.78551	19.0736	200
4671	20.8698	1.78595	19.111	200
4672	20.2594	1.75939	19.1349	200
4673	19.6569	1.70783	19.1458	200
4674	12.4493	1.91569	19.0063	200
4675	13.0924	2.08228	18.8831	200
4676	13.1072	2.23618	18.7627	200
4677	13.1366	2.37743	18.6455	200
4678	13.1225	2.5085	18.5305	200
4679	12.4076	2.65909	18.4029	200
4680	13.0078	2.7731	18.2905	200
4681	13.6701	2.85007	18.1942	200
4682	13.7752	2.91544	18.1022	200
4683	12.483	3.0281	17.9851	200
4684	13.132	3.10414	17.884	200
4685	13.7285	3.14794	17.7974	200
4686	17.2107	3.04123	17.7852	200
4687	16.5876	2.96441	17.7603	200
4688	16.5461	2.89148	17.735	200
4689	17.2179	2.79255	17.7242	200
4690	17.1981	2.69811	17.7132	200
4691	16.5448	2.63437	17.6889	200
4692	16.5152	2.57351	17.6644	200
4693	16.5657	2.51206	17.6415	200
4694	17.2523	2.42361	17.6334	200
4695	17.2523	2.35066	17.6266	200
4696	18.3471	2.29244	17.6395	200
4697	18.3234	2.235	17.6517	200
4698	18.3249	2.17922	17.6637	200
4699	16.5571	2.14091	17.644	200
4700	18.8687	2.10819	17.6658	200
4701	18.8854	2.07645	17.6876	200
4702	18.2447	2.02219	17.6976	200
4703	18.2545	1.96986	17.7075	200
4704	18.2464	1.91875	17.7171	200
4705	18.268	1.8699	17.727	200
4706	18.2288	1.82104	17.7359	200
4707	19.366	1.81422	17.765	200
4708	19.8916	1.82537	17.803	200
4709	20.5736	1.85913	17.8525	200
4710	17.8076	1.79433	17.8517	200
4711	18.5181	1.75405	17.8636	200
4712	18.5119	1.71456	17.8752	200
4713	17.1183	1.68035	17.8616	200
4714	16.8571	1.65621	17.8437	200
4715	16.8194	1.63365	17.8254	200
4716	16.7902	1.60871	17.8038	200
4717	19.3862	1.60762	17.8368	200
4718	19.4508	1.60793	17.8772	200
4719	18.7856	1.57296	17.8999	200
4720	18.7633	1.52861	17.9268	200
4721	17.665	1.44943	17.9187	200
4722	17.806	1.36589	17.9151	200
4723	18.9373	1.3444	17.9471	200
4724	18.2865	1.28159	17.9577	200
4725	18.2375	1.21897	17.9664	200
4726	17.5124	1.17116	17.9522	200
4727	17.5841	1.12097	17.9407	200
4728	19.6711	1.15906	17.9948	200
4729	16.5507	1.17687	17.9497	200
4730	16.5656	1.18983	17.9064	200
4731	16.1544	1.22497	17.8517	200
4732	16.0716	1.25966	17.7961	200
4733	16.2444	1.2779	17.7476	200
4734	16.9245	1.24948	17.7218	200
4735	16.9407	1.22606	17.7023	200
4736	16.9564	1.20205	17.6837	200
4737	15.4979	1.25124	17.629	200
4738	13.8662	1.37682	17.5349	200
4739	13.919	1.48877	17.4445	200
4740	14.5798	1.55757	17.3729	200
4741	14.6924	1.61372	17.3059	200
4742	14.4526	1.6757	17.2346	200
4743	14.4751	1.72989	17.1656	200
4744	15.1507	1.74414	17.1152	200
4745	15.1394	1.75572	17.0658	200
4746	15.1957	1.76144	17.0191	200
4747	15.1324	1.7677	16.9719	200
4748	13.1227	1.87177	16.8757	200
4749	13.0533	1.9693	16.7801	200
4750	12.3684	2.09142	16.6698	200
4751	12.2604	2.20732	16.5596	200
4752	12.4451	2.30268	16.4567	200
4753	12.3696	2.3919	16.3545	200
4754	13.106	2.43474	16.2733	200
4755	13.0694	2.46678	16.2066	200
4756	13.8012	2.46423	16.1565	200
4757	13.68	2.46474	16.1049	200
4758	14.466	2.43032	16.0707	200
4759	15.2952	2.36137	16.0546	200
4760	15.9863	2.26583	16.0532	200
4761	16.6549	2.19649	16.0657	200
4762	16.6694	2.13012	16.0783	200
4763	16.59	2.06269	16.0889	200
4764	16.7127	2.00273	16.1019	200
4765	16.6332	1.94142	16.113	200
4766	17.3023	1.91008	16.1378	200
4767	17.3695	1.88182	16.1634	200
4768	16.671	1.82455	16.174	200
4769	16.718	1.7712	16.1853	200
4770	18.0954	1.77698	16.2251	200
4771	15.1693	1.74693	16.2031	200
4772	14.4383	1.74768	16.1664	200
4773	14.7862	1.73236	16.1376	200
4774	15.6347	1.68113	16.1271	200
4775	15.4313	1.64008	16.1126	200
4776	15.4081	1.6011	16.098	200
4777	15.4137	1.5629	16.0837	200
4778	15.4255	1.5252	16.07	200
4779	16.105	1.46311	16.0707	200
4780	16.11	1.41226	16.0714	200
4781	17.4388	1.41065	16.0958	200
4782	17.4762	1.40957	16.1205	200
4783	16.8938	1.38685	16.1343	200
4784	16.0007	1.34209	16.1319	200
4785	16.0712	1.29632	16.1308	200
4786	15.0599	1.28693	16.1085	200
4787	15.6678	1.25167	16.0993	200
4788	15.784	1.20485	16.0914	200
4789	15.7924	1.15956	16.084	200
4790	15.8229	1.10341	16.0758	200
4791	15.8325	1.04966	16.0682	200
4792	15.8498	0.997699	16.0614	200
4793	16.5112	0.963457	16.0754	200
4794	16.4805	0.928554	16.0881	200
4795	16.5491	0.899331	16.1025	200
4796	16.4832	0.866914	16.1144	200
4797	16.4485	0.83361	16.1248	200
4798	17.2714	0.853169	16.1607	200
4799	13.3744	0.973987	16.0736	200
4800	13.7722	1.05695	16.0017	200
4801	14.4912	1.08529	15.9545	200
4802	15.2179	1.0635	15.9314	200
4803	13.7502	1.13336	15.8633	200
4804	14.4622	1.15009	15.8195	200
4805	14.3966	1.16714	15.775	200
4806	15.1048	1.13608	15.7541	200
4807	13.4929	1.2064	15.6834	200
4808	14.151	1.22678	15.6355	200
4809	13.7728	1.25858	15.589	200
4810	13.102	1.32	15.5268	200
4811	12.3745	1.41161	15.448	200
4812	13.0683	1.46002	15.3885	200
4813	12.4127	1.53581	15.3141	200
4814	16.0404	1.49533	15.3323	200
4815	14.5499	1.45968	15.3127	200
4816	14.478	1.42843	15.2918	200
4817	14.6086	1.39117	15.2747	200
4818	15.1876	1.32597	15.2726	200
4819	15.1723	1.26468	15.2701	200
4820	15.1578	1.20706	15.2673	200
4821	15.1675	1.1517	15.2648	200
4822	15.9276	1.12725	15.2813	200
4823	15.8533	1.09949	15.2956	200
4824	15.0922	1.05469	15.2905	200
4825	15.1933	1.00681	15.2881	200
4826	15.8977	0.986952	15.3033	200
4827	15.7701	0.954437	15.3179	200
4828	16.5754	0.973378	15.3572	200
4829	17.3335	1.05695	15.4396	200
4830	17.2864	1.12278	15.5165	200
4831	17.2525	1.17388	15.5889	200
4832	17.2633	1.21559	15.6586	200
4833	15.824	1.12807	15.6655	200
4834	16.0299	1.06443	15.6807	200
4835	18.5115	1.21163	15.7986	200
4836	14.4894	1.21976	15.7441	200
4837	14.4154	1.22884	15.6887	200
4838	14.4193	1.23222	15.6358	200
4839	15.2705	1.15998	15.6206	200
4840	15.8131	1.07936	15.6286	200
4841	15.6718	1.01459	15.63	200
4842	17.2556	1.05278	15.6808	200
4843	16.512	1.03893	15.7068	200
4844	16.642	1.03245	15.736	200
4845	16.6029	1.0221	15.7631	200
4846	17.1278	1.04352	15.8057	200
4847	16.5823	1.02683	15.83	200
4848	17.2463	1.05118	15.8742	200
4849	17.2613	1.07217	15.9176	200
4850	17.2378	1.08767	15.9588	200
4851	17.922	1.14239	16.0202	200
4852	17.8733	1.18681	16.0781	200
4853	17.9056	1.22686	16.1352	200
4854	17.9089	1.26103	16.1906	200
4855	17.9501	1.29218	16.2456	200
4856	17.922	1.31619	16.298	200
4857	18.61	1.37843	16.3703	200
4858	19.3133	1.45666	16.4438	200
4859	18.7667	1.49997	16.5019	200
4860	18.0804	1.5039	16.5414	200
4861	18.0894	1.50611	16.5801	200
4862	18.1989	1.51174	16.6205	200
4863	17.4084	1.47554	16.6402	200
4864	17.3724	1.43837	16.6585	200
4865	17.4306	1.40506	16.6778	200
4866	18.1006	1.40594	16.7134	200
4867	19.4759	1.47377	16.7825	200
4868	20.824	1.60216	16.8835	200
4869	21.0276	1.72926	16.9871	200
4870	21.0263	1.84475	17.0881	200
4871	21.0652	1.95137	17.1875	200
4872	20.9193	2.04039	17.2808	200
4873	21.0339	2.12602	17.3746	200
4874	21.0099	2.20148	17.4655	200
4875	21.0073	2.2685	17.5541	200
4876	21.0336	2.32905	17.6411	200
4877	21.0583	2.38346	17.7265	200
4878	22.4839	2.50215	17.8454	200
4879	21.3862	2.54543	17.9192	200
4880	20.9518	2.56573	17.9824	200
4881	20.1929	2.55092	18.0284	200
4882	20.2061	2.53537	18.0738	200
4883	20.2127	2.51886	18.1183	200
4884	20.2867	2.50425	18.1635	200
4885	20.2386	2.48637	18.2067	200
4886	20.2174	2.46655	18.2486	200
4887	19.5524	2.4181	18.2758	200
4888	18.8144	2.32413	18.2893	200
4889	18.1365	2.21556	18.2854	200
4890	18.8058	2.10961	18.3017	200
4891	19.8991	2.0776	18.3516	200
4892	17.2121	1.99942	18.3041	200
4893	17.2693	1.91904	18.261	200
4894	17.2352	1.84461	18.2183	200
4895	17.3073	1.7668	18.1803	200
4896	17.217	1.69985	18.1402	200
4897	17.3069	1.62763	18.1055	200
4898	17.352	1.55478	18.0741	200
4899	15.223	1.66281	17.9553	200
4900	15.2658	1.72698	17.8712	200
4901	15.2941	1.78011	17.7907	200
4902	15.1832	1.83182	17.7092	200
4903	15.2542	1.87077	17.6325	200
4904	15.1715	1.90766	17.5556	200
4905	15.1783	1.93701	17.4813	200
4906	14.4897	2.00292	17.3878	200
4907	15.1859	2.01536	17.319	200
4908	15.1471	2.02514	17.2511	200
4909	15.1051	2.0327	17.1841	200
4910	15.8988	1.98598	17.1439	200
4911	15.7687	1.94781	17.1009	200
4912	15.8343	1.90524	17.0613	200
4913	18.5702	1.88046	17.1085	200
4914	13.787	1.97053	17.0047	200
4915	13.7568	2.05036	16.9032	200
4916	14.7327	2.05787	16.8354	200
4917	16.1151	1.99099	16.8174	200
4918	16.1144	1.92658	16.7998	200
4919	15.3981	1.90034	16.7647	200
4920	15.4574	1.87068	16.7321	200
4921	15.4943	1.83904	16.7011	200
4922	18.8938	1.85672	16.7559	200
4923	16.7828	1.76523	16.7566	200
4924	16.7985	1.67906	16.7576	200
4925	16.4948	1.60825	16.7511	200
4926	17.2035	1.55045	16.7624	200
4927	16.5258	1.48476	16.7565	200
4928	16.5055	1.42307	16.7502	200
4929	17.9117	1.40999	16.7792	200
4930	18.5497	1.42802	16.8235	200
4931	19.924	1.53254	16.9204	200
4932	19.9902	1.62862	17.0163	200
4933	17.2811	1.51497	17.0273	200
4934	18.0899	1.47727	17.0716	200
4935	18.0694	1.43731	17.1132	200
4936	18.045	1.39518	17.152	200
4937	19.4161	1.46759	17.2463	200
4938	19.4356	1.52773	17.3376	200
4939	20.1065	1.63116	17.4529	200
4940	17.7066	1.51637	17.4635	200
4941	17.7407	1.41311	17.4751	200
4942	17.727	1.31635	17.4856	200
4943	17.0391	1.24385	17.467	200
4944	17.7273	1.16189	17.4778	200
4945	17.0213	1.11781	17.4635	200
4946	17.0429	1.07423	17.4504	200
4947	14.4716	1.19327	17.3573	200
4948	14.4816	1.29842	17.2674	200
4949	15.1795	1.34777	17.2022	200
4950	16.5754	1.3027	17.1826	200
4951	17.2568	1.22592	17.1849	200
4952	18.7643	1.24801	17.2343	200
4953	19.3479	1.30211	17.3003	200
4954	19.3405	1.34824	17.3641	200
4955	17.1947	1.27457	17.3588	200
4956	17.2048	1.20453	17.354	200
4957	17.2544	1.13547	17.3509	200
4958	17.8654	1.09666	17.3669	200
4959	17.8865	1.06059	17.3832	200
4960	19.8164	1.14638	17.4592	200
4961	21.2466	1.31144	17.5776	200
4962	21.2908	1.43153	17.6704	200
4963	21.9108	1.57197	17.7764	200
4964	17.1819	1.52309	17.7615	200
4965	17.8589	1.45181	17.764	200
4966	17.1327	1.41078	17.7482	200
4967	15.943	1.4305	17.7031	200
4968	16.4971	1.41928	17.6729	200
4969	15.863	1.43881	17.6277	200
4970	15.1117	1.49266	17.5648	200
4971	16.4625	1.47314	17.5372	200
4972	16.5387	1.44941	17.5122	200
4973	17.9454	1.3986	17.5231	200
4974	20.7183	1.48843	17.603	200
4975	20.7835	1.57303	17.6825	200
4976	20.7562	1.64807	17.7593	200
4977	20.6005	1.70773	17.8303	200
4978	19.3996	1.7008	17.8696	200
4979	17.9044	1.6175	17.8704	200
4980	17.9104	1.53863	17.8714	200
4981	17.2588	1.49233	17.8561	200
4982	17.9782	1.42382	17.8592	200
4983	17.2837	1.38847	17.8472	200
4984	19.311	1.3916	17.8777	200
4985	17.916	1.33522	17.8785	200
4986	17.8606	1.28033	17.8781	200
4987	17.8703	1.2273	17.8779	200
4988	17.2364	1.2029	17.8646	200
4989	17.1439	1.1828	17.8496	200
4990	17.9438	1.13745	17.8515	200
4991	18.6091	1.12162	17.8673	200
4992	18.5825	1.10469	17.8822	200
4993	19.2556	1.11588	17.9108	200
4994	21.3813	1.21399	17.9831	200
4995	22.0059	1.35443	18.0837	200
4996	20.6878	1.41691	18.1488	200
4997	17.926	1.34228	18.1418	200
4998	17.1721	1.319	18.1115	200
4999	17.2011	1.28495	18.0736	200
5000	17.8833	1.19372	18.0657	200
5001	18.5995	1.13873	18.0879	200
5002	18.5605	1.08322	18.1076	200
5003	17.9056	1.00978	18.0992	200
5004	18.584	0.966037	18.1194	200
5005	20.6951	1.10018	18.2267	200
5006	14.5073	1.26388	18.1105	200
5007	13.7713	1.45608	17.9749	200
5008	13.1047	1.66946	17.8227	200
5009	14.5035	1.77257	17.719	200
5010	15.8778	1.77686	17.6614	200
5011	18.1632	1.69716	17.6771	200
5012	17.7331	1.59459	17.6789	200
5013	18.4765	1.54478	17.7038	200
5014	17.4773	1.46239	17.6967	200
5015	18.1977	1.4023	17.7124	200
5016	19.5528	1.42968	17.7699	200
5017	20.2379	1.49458	17.847	200
5018	21.2528	1.61403	17.9534	200
5019	18.3244	1.53634	17.965	200
5020	16.6514	1.52242	17.924	200
5021	18.6904	1.47517	17.9479	200
5022	18.6502	1.43653	17.9655	200
5023	18.0182	1.36734	17.9668	200
5024	17.2017	1.33723	17.9477	200
5025	18.8255	1.30851	17.9751	200
5026	18.3453	1.24987	17.9867	200
5027	16.641	1.25785	17.9306	200
5028	17.3104	1.20471	17.9047	200
5029	18.7214	1.1562	17.9558	200
5030	17.4094	1.10538	17.933	200
5031	18.7755	1.08348	17.9681	200
5032	19.4274	1.11479	18.0289	200
5033	19.764	1.16649	18.1012	200
5034	16.211	1.2268	18.0225	200
5035	17.5895	1.16064	18.0044	200
5036	18.207	1.0808	18.0129	200
5037	18.2054	1.00678	18.0209	200
5038	18.2487	0.941867	18.0304	200
5039	16.7452	0.970473	17.9768	200
5040	13.0606	1.29929	17.772	200
5041	12.295	1.64742	17.5438	200
5042	12.9817	2.01176	17.2586	200
5043	12.475	2.35824	16.9597	200
5044	11.8563	2.70138	16.6407	200
5045	11.7721	2.97228	16.3364	200
5046	12.801	3.04268	16.1155	200
5047	12.0118	3.17529	15.859	200
5048	12.6073	3.18484	15.6557	200
5049	13.3919	3.06972	15.5143	200
5050	14.0491	2.86914	15.4227	200
5051	12.3892	2.88284	15.2963	200
5052	13.7613	2.77052	15.2323	200
5053	13.7762	2.66099	15.1717	200
5054	12.3376	2.67541	15.0536	200
5055	12.358	2.67709	14.9413	200
5056	13.0641	2.61043	14.863	200
5057	13.0651	2.54272	14.7881	200
5058	13.0966	2.47178	14.7176	200
5059	12.39	2.45978	14.6207	200
5060	12.4116	2.43888	14.5286	200
5061	12.3642	2.416	14.4384	200
5062	13.068	2.32887	14.3813	200
5063	13.0611	2.24482	14.3263	200
5064	17.1744	2.32023	14.5043	200
5065	16.4708	2.276	14.6272	200
5066	15.8659	2.14634	14.7046	200
5067	17.8625	2.27278	14.902	200
5068	18.6525	2.4575	15.1364	200
5069	12.4075	2.49143	14.9659	200
5070	13.047	2.41986	14.8459	200
5071	13.7451	2.25497	14.7771	200
5072	13.7863	2.14963	14.7358	200
5073	15.7694	2.05662	14.7789	200
5074	10.9809	2.20174	14.6207	200
5075	13.7676	2.08934	14.5851	200
5076	14.3673	1.93338	14.576	200
5077	15.7635	1.87122	14.6255	200
5078	14.4207	1.73236	14.617	200
5079	13.0916	1.71511	14.5534	200
5080	12.4939	1.74381	14.4676	200
5081	15.2236	1.66149	14.4991	200
5082	14.5966	1.53116	14.5032	200
5083	13.9013	1.45372	14.4781	200
5084	14.5593	1.28215	14.4832	200
5085	15.2638	1.21946	14.532	200
5086	14.5622	1.07081	14.5338	200
5087	19.3017	1.53294	14.8318	200
5088	15.1617	1.38256	14.8524	200
5089	11.6743	1.607	14.6538	200
5090	11.7021	1.77509	14.4693	200
5091	13.0568	1.72977	14.381	200
5092	13.0415	1.681	14.2973	200
5093	14.0372	1.50338	14.2811	200
5094	14.0531	1.3971	14.2716	200
5095	14.1114	1.29402	14.2649	200
5096	13.3274	1.26431	14.2258	200
5097	14.0339	1.17494	14.2178	200
5098	13.719	1.1186	14.1971	200
5099	14.4649	1.0477	14.2082	200
5100	14.4266	0.978591	14.2173	200
5101	14.3399	0.907257	14.2224	200
5102	12.37	0.986019	14.1452	200
5103	13.0865	0.992081	14.1011	200
5104	13.1061	0.992326	14.0597	200
5105	13.0349	0.995027	14.017	200
5106	13.7064	0.909473	13.9976	200
5107	15.8218	1.02382	14.1116	200
5108	16.5443	1.19993	14.2636	200
5109	13.0786	1.19806	14.1895	200
5110	13.7283	1.10595	14.1607	200
5111	12.395	1.18842	14.0504	200
5112	12.351	1.25228	13.9442	200
5113	11.7359	1.37179	13.8061	200
5114	12.3722	1.37955	13.7165	200
5115	11.7428	1.42906	13.6343	200
5116	12.3945	1.41328	13.5826	200
5117	12.4006	1.39401	13.5334	200
5118	11.6466	1.43507	13.4548	200
5119	11.7158	1.4604	13.3823	200
5120	12.3661	1.42338	13.34	200
5121	13.028	1.33076	13.327	200
5122	11.0667	1.40822	13.2328	200
5123	11.7284	1.41623	13.1701	200
5124	11.7109	1.41982	13.1093	200
5125	11.7185	1.41739	13.0513	200
5126	12.4147	1.35233	13.0248	200
5127	12.4742	1.30222	13.0076	200
5128	13.1742	1.23124	13.0128	200
5129	12.3808	1.19379	12.9931	200
5130	11.7323	1.19798	12.9537	200
5131	11.663	1.20377	12.9133	200
5132	11.6445	1.20783	12.8737	200
5133	11.635	1.20976	12.835	200
5134	12.3151	1.16665	12.8187	200
5135	12.3461	1.12327	12.804	200
5136	13.0103	1.06596	12.8104	200
5137	13.0486	1.01423	12.8178	200
5138	13.7195	1.00719	12.846	200
5139	13.8004	1.00389	12.8758	200
5140	13.7739	0.997277	12.9039	200
5141	13.7694	0.989041	12.931	200
5142	13.8089	0.982097	12.9584	200
5143	14.4966	1.01685	13.0065	200
5144	14.4567	1.03852	13.0427	200
5145	15.1877	1.10768	13.1097	200
5146	15.1503	1.16598	13.1735	200
5147	15.8204	1.28939	13.2838	200
5148	15.8396	1.39492	13.3903	200
5149	15.8783	1.53156	13.5458	200
5150	15.8492	1.59588	13.6418	200
5151	15.8424	1.64628	13.7335	200
5152	15.8368	1.68436	13.8211	200
5153	16.5103	1.76809	13.9331	200
5154	13.8897	1.62437	13.9313	200
5155	14.5586	1.54128	13.9575	200
5156	14.5895	1.46551	13.9838	200
5157	14.6052	1.39517	14.0097	200
5158	14.5842	1.32678	14.0336	200
5159	16.0142	1.4085	14.1574	200
5160	13.0539	1.37037	14.0884	200
5161	13.0665	1.32682	14.0246	200
5162	13.8096	1.18783	14.0111	200
5163	13.8143	1.06396	13.9988	200
5164	8.97737	1.55865	13.685	200
5165	9.0197	1.94698	13.3934	200
5166	8.92679	2.26193	13.1143	200
5167	8.99518	2.49408	12.8568	200
5168	9.64071	2.55424	12.7228	200
5169	10.3556	2.53865	12.6242	200
5170	10.291	2.52153	12.527	200
5171	10.3588	2.49208	12.4366	200
5172	10.2562	2.46611	12.3458	200
5173	10.9682	2.3754	12.2884	200
5174	11.0033	2.28454	12.2348	200
5175	11.0681	2.19138	12.1862	200
5176	11.0993	2.09935	12.1409	200
5177	11.0783	2.01295	12.0966	200
5178	11.1058	1.92778	12.0554	200
5179	11.0359	1.85208	12.0129	200
5180	12.4656	1.73547	12.0317	200
5181	13.1157	1.69475	12.0656	200
5182	11.0407	1.65289	12.0336	200
5183	11.0108	1.6135	12.0016	200
5184	11.659	1.53407	11.9909	200
5185	13.0455	1.49411	12.0349	200
5186	13.1065	1.45891	12.0795	200
5187	13.7504	1.48541	12.1839	200
5188	17.2244	1.92979	12.499	200
5189	16.5493	2.19486	12.7521	200
5190	13.7919	2.05047	12.8171	200
5191	14.4676	2.00047	12.9203	200
5192	11.6509	1.90908	12.8409	200
5193	12.3343	1.73377	12.8093	200
5194	12.3658	1.62624	12.7908	200
5195	12.2848	1.53289	12.7697	200
5196	14.3868	1.5399	12.8371	200
5197	14.108	1.51749	12.89	200
5198	14.0395	1.47148	12.9619	200
5199	14.7329	1.50893	13.0726	200
5200	14.771	1.55631	13.2849	200
5201	14.107	1.46454	13.3363	200
5202	13.445	1.29506	13.343	200
5203	11.7099	1.33732	13.241	200
5204	12.4117	1.27381	13.1891	200
5205	12.4387	1.20839	13.1422	200
5206	13.0328	1.07102	13.1354	200
5207	10.3048	1.29097	12.9585	200
5208	10.9895	1.37572	12.8354	200
5209	10.9789	1.41579	12.7581	200
5210	10.9707	1.44675	12.6836	200
5211	9.64382	1.5795	12.5569	200
5212	11.0262	1.57543	12.4932	200
5213	11.0479	1.55916	12.4028	200
5214	11.6976	1.45242	12.3588	200
5215	11.6551	1.26522	12.2708	200
5216	11.7147	1.17658	12.236	200
5217	11.6988	1.09667	12.2025	200
5218	11.0496	1.1037	12.1304	200
5219	11.8304	1.00324	12.1117	200
5220	11.7392	0.924385	12.0884	200
5221	11.7325	0.853325	12.0661	200
5222	13.1495	0.882081	12.1338	200
5223	13.7626	0.975416	12.2356	200
5224	13.6446	1.01155	12.2943	200
5225	13.7483	1.04841	12.3549	200
5226	13.7724	1.07917	12.414	200
5227	12.3419	0.995245	12.411	200
5228	12.4027	0.912995	12.4106	200
5229	13.1076	0.894993	12.4397	200
5230	13.0981	0.87528	12.4671	200
5231	13.1072	0.855677	12.4938	200
5232	13.7596	0.889855	12.5465	200
5233	13.7543	0.916351	12.5969	200
5234	13.7606	0.936967	12.6453	200
5235	13.7673	0.952379	12.6921	200
5236	14.4384	1.01854	12.7649	200
5237	14.4684	1.06135	12.8181	200
5238	13.0493	1.00947	12.8253	200
5239	13.7693	1.00537	12.8548	200
5240	13.0719	0.95611	12.8616	200
5241	13.0755	0.909721	12.8683	200
5242	13.0651	0.865162	12.8744	200
5243	13.0945	0.811402	12.8836	200
5244	13.7604	0.816848	12.9201	200
5245	13.7632	0.820121	12.9728	200
5246	13.7551	0.815394	13.0217	200
5247	14.4685	0.894317	13.1121	200
5248	13.8062	0.86928	13.1555	200
5249	14.8186	0.96851	13.2595	200
5250	13.3555	0.859447	13.2655	200
5251	13.3619	0.795862	13.2695	200
5252	14.0547	0.794973	13.3022	200
5253	9.93373	1.00943	13.1618	200
5254	8.87383	1.28264	12.9832	200
5255	8.23355	1.71602	12.6863	200
5256	8.90862	1.97372	12.4502	200
5257	8.91481	2.36414	12.0083	200
5258	7.54758	2.62621	11.7295	200
5259	9.54403	2.57112	11.5929	200
5260	9.61278	2.49724	11.4691	200
5261	10.3028	2.33088	11.3962	200
5262	11.6748	2.07434	11.4136	200
5263	11.038	1.862	11.3902	200
5264	8.96676	1.93218	11.2387	200
5265	9.63129	1.89158	11.1382	200
5266	9.61572	1.86083	11.0748	200
5267	8.26636	1.93979	10.9578	200
5268	9.62285	1.88939	10.9022	200
5269	9.62606	1.83828	10.849	200
5270	10.3225	1.72896	10.8271	200
5271	11.0549	1.60387	10.8365	200
5272	11.061	1.48892	10.8459	200
5273	10.3227	1.40844	10.8241	200
5274	8.26734	1.50413	10.7176	200
5275	8.25061	1.58437	10.6148	200
5276	7.56176	1.70676	10.4876	200
5277	8.88783	1.69784	10.4209	200
5278	10.2636	1.56946	10.4144	200
5279	14.5295	1.72857	10.543	200
5280	12.3212	1.73167	10.5985	200
5281	12.3244	1.73131	10.6525	200
5282	12.3328	1.72812	10.705	200
5283	12.3648	1.72385	10.7568	200
5284	14.4459	1.88762	10.9105	200
5285	13.7493	1.96688	11.0288	200
5286	14.447	2.14829	11.2425	200
5287	10.1791	2.01268	11.176	200
5288	11.1481	1.76458	11.1743	200
5289	11.0744	1.55649	11.168	200
5290	13.1203	1.60596	11.29	200
5291	10.3492	1.52282	11.2312	200
5292	11.2472	1.33446	11.2322	200
5293	10.942	1.24744	11.2201	200
5294	10.3575	1.21538	11.1842	200
5295	13.9144	1.34161	11.2979	200
5296	16.0804	1.62835	11.4972	200
5297	16.5368	1.91262	11.7072	200
5298	19.2879	2.38496	12.0231	200
5299	19.4302	2.80348	12.3317	200
5300	18.751	3.10479	12.5992	200
5301	20.7185	3.52267	12.9375	200
5302	15.791	3.46691	13.0564	200
5303	15.3573	3.36974	13.1522	200
5304	13.1919	3.09224	13.1539	200
5305	13.8644	2.89376	13.1835	200
5306	15.1614	2.83652	13.2453	200
5307	16.5592	2.87631	13.3834	200
5308	15.9679	2.85199	13.4911	200
5309	15.8889	2.79523	13.6409	200
5310	15.6585	2.69801	13.767	200
5311	22.3744	3.43669	14.305	200
5312	22.4255	4.02216	14.8125	200
5313	23.0311	4.54671	15.3262	200
5314	20.3516	4.60656	15.6403	200
5315	21.9877	4.82417	16.037	200
5316	22.3596	5.19878	16.8273	200
5317	22.3527	5.28044	17.518	200
5318	25.204	5.88183	18.4787	200
5319	7.56589	6.5107	17.7967	200
5320	7.54115	6.97881	17.1557	200
5321	17.1983	5.24476	17.161	200
5322	18.5656	4.2847	17.3366	200
5323	19.3199	3.70936	17.5845	200
5324	10.3236	4.59724	16.6769	200
5325	10.9695	4.87477	15.9635	200
5326	8.92936	5.14469	15.5239	200
5327	11.669	4.98346	15.2829	200
5328	14.466	4.46265	15.2319	200
5329	17.9789	4.2482	15.4036	200
5330	17.8623	4.02451	15.5572	200
5331	11.0555	4.08416	15.2759	200
5332	12.3843	3.93508	15.0952	200
5333	13.7723	3.60855	15.0125	200
5334	25.4397	4.17677	15.4469	200
5335	26.877	4.78121	15.9232	200
5336	26.8291	5.2916	16.3776	200
5337	27.5782	5.78402	16.8443	200
5338	34.4818	6.77181	17.5792	200
5339	36.5329	7.78697	18.3689	200
5340	22.7112	7.49991	18.5499	200
5341	30.9832	7.91104	19.0679	200
5342	32.0937	8.33727	19.6107	200
5343	27.9115	8.33423	19.9565	200
5344	23.7631	7.95693	20.1151	200
5345	29.2848	8.05799	20.4972	200
5346	30.7155	8.23801	20.923	200
5347	29.9884	8.28973	21.2063	200
5348	19.7097	7.86516	21.1595	200
5349	29.6405	7.90365	21.4245	200
5350	29.6952	7.92659	21.683	200
5351	26.2105	7.71415	21.8245	200
5352	22.1256	7.25083	21.8339	200
5353	26.4823	7.08818	21.9791	200
5354	27.1121	6.96598	22.1395	200
5355	32.0085	7.14741	22.4479	200
5356	31.9631	7.2954	22.7453	200
5357	22.9785	6.85401	22.7526	200
5358	32.0617	7.00746	23.0435	200
5359	32.8001	7.17928	23.3484	200
5360	30.0088	7.14685	23.5565	200
5361	26.2918	6.87112	23.642	200
5362	28.4311	6.741	23.7917	200
5363	29.8079	6.6957	23.9797	200
5364	25.1934	6.4216	24.01	200
5365	24.9948	6.14976	24.0346	200
5366	24.2986	5.85547	24.0412	200
5367	22.1373	5.65789	23.9936	200
5368	25.6783	5.45923	24.0357	200
5369	26.3076	5.29986	24.0925	200
5370	24.9018	5.07533	24.1128	200
5371	26.3221	4.93203	24.168	200
5372	26.25	4.78953	24.2201	200
5373	26.9585	4.68697	24.2885	200
5374	28.2755	4.65197	24.3882	200
5375	28.4892	4.62442	24.4907	200
5376	25.7892	4.45813	24.5232	200
5377	24.3529	4.24374	24.5189	200
5378	23.5745	4.07877	24.4953	200
5379	27.0982	4.00497	24.5604	200
5380	27.1401	3.93371	24.6249	200
5381	23.5952	3.78851	24.5991	200
5382	23.0026	3.67891	24.5592	200
5383	28.4883	3.69142	24.6574	200
5384	31.1971	3.83383	24.8209	200
5385	31.0541	3.95379	24.9768	200
5386	30.3826	4.04455	25.1457	200
5387	31.0592	4.16135	25.3305	200
5388	25.5359	3.83169	25.339	200
5389	22.7184	3.73076	25.2298	200
5390	24.129	3.5116	25.184	200
5391	33.0479	3.8743	25.5116	200
5392	33.0414	4.17891	25.8254	200
5393	33.7557	4.49153	26.1558	200
5394	31.7319	4.58191	26.3881	200
5395	24.8227	4.33054	26.3229	200
5396	21.3931	4.38048	26.1175	200
5397	23.7496	4.21277	26.0188	200
5398	19.6517	4.34742	25.8199	200
5399	21.7443	4.33043	25.6925	200
5400	21.0718	4.34857	25.5481	200
5401	26.1278	4.11301	25.5662	200
5402	26.8318	3.93505	25.6058	200
5403	25.4174	3.70088	25.5999	200
5404	25.7841	3.48109	25.6056	200
5405	26.4998	3.31941	25.6336	200
5406	23.0152	3.27559	25.5518	200
5407	20.9699	3.35723	25.4086	200
5408	22.311	3.341	25.3118	200
5409	22.0328	3.33712	25.2093	200
5410	26.5113	3.20992	25.25	200
5411	27.1629	3.12886	25.3098	200
5412	25.1393	2.94396	25.3044	200
5413	26.4576	2.83203	25.3405	200
5414	27.8174	2.80984	25.4179	200
5415	28.5354	2.82522	25.4958	200
5416	28.5266	2.8355	25.5716	200
5417	27.1262	2.77146	25.6105	200
5418	27.8208	2.7434	25.6657	200
5419	23.3692	2.72106	25.6083	200
5420	22.034	2.76372	25.5189	200
5421	22.0877	2.7971	25.4332	200
5422	22.0709	2.82536	25.3491	200
5423	21.4101	2.88104	25.2506	200
5424	22.0687	2.89984	25.1512	200
5425	20.6832	2.99785	25.0116	200
5426	20.6782	3.10914	24.831	200
5427	20.6629	3.19739	24.6573	200
5428	29.0449	3.29657	24.8402	200
5429	30.3269	3.47909	25.0688	200
5430	30.3536	3.62957	25.289	200
5431	31.6383	3.85622	25.5535	200
5432	31.0115	3.98969	25.7809	200
5433	28.275	3.86506	25.8849	200
5434	28.4524	3.75693	25.9918	200
5435	25.0597	3.52154	25.953	200
5436	25.8088	3.09937	25.944	200
5437	24.3817	2.90723	25.8463	200
5438	25.7793	2.55221	25.8422	200
5439	26.536	2.31992	25.8855	200
5440	26.3926	2.09332	25.9172	200
5441	21.3934	2.39713	25.6345	200
5442	21.9836	2.55385	25.4063	200
5443	22.6218	2.58268	25.2323	200
5444	23.4306	2.48505	25.1197	200
5445	24.1913	2.35533	25.081	200
5446	20.5493	2.53669	24.8922	200
5447	18.5413	2.85453	24.6275	200
5448	17.8785	3.17908	24.3463	200
5449	18.5765	3.39497	24.1059	200
5450	19.2769	3.51447	23.9047	200
5451	20.5763	3.49897	23.766	200
5452	19.7512	3.54196	23.5987	200
5453	21.1083	3.45433	23.495	200
5454	23.1183	3.19786	23.4793	200
5455	23.853	2.96251	23.4949	200
5456	24.5347	2.80229	23.5382	200
5457	25.1915	2.70654	23.6071	200
5458	24.5018	2.5933	23.635	200
5459	17.8797	2.79093	23.4552	200
5460	17.2514	3.00423	23.2613	200
5461	17.8781	3.15292	23.0931	200
5462	20.7191	3.10423	23.0189	200
5463	22.0254	2.97231	22.9878	200
5464	22.0737	2.84367	22.9593	200
5465	22.7291	2.68033	22.9521	200
5466	22.7303	2.52667	22.9451	200
5467	20.6423	2.51268	22.8732	200
5468	19.2065	2.58481	22.7586	200
5469	18.5588	2.68574	22.6274	200
5470	15.0681	2.99034	22.3911	200
5471	15.8208	3.21408	22.1858	200
5472	15.8105	3.41166	21.9866	200
5473	15.859	3.5814	21.7951	200
5474	16.559	3.68482	21.6315	200
5475	18.9618	3.63406	21.5647	200
5476	18.2677	3.61721	21.4823	200
5477	18.2769	3.59662	21.4022	200
5478	19.6277	3.50551	21.3578	200
5479	18.2564	3.4853	21.2803	200
5480	15.5513	3.59748	21.137	200
5481	16.2173	3.6636	21.014	200
5482	16.882	3.68702	20.9107	200
5483	16.8534	3.70553	20.8093	200
5484	17.5304	3.6842	20.7273	200
5485	16.518	3.71046	20.6221	200
5486	15.8617	3.76295	20.5031	200
5487	15.8773	3.8061	20.3874	200
5488	15.8683	3.85066	20.2462	200
5489	15.1615	3.92779	20.0873	200
5490	15.0951	4.01649	19.8793	200
5491	14.4467	4.1345	19.653	200
5492	13.7334	4.28326	19.4063	200
5493	13.7391	4.39859	19.1702	200
5494	13.7386	4.48467	18.9439	200
5495	14.4163	4.48824	18.7552	200
5496	15.8177	4.35902	18.6328	200
5497	13.0708	4.45927	18.4011	200
5498	13.1152	4.52815	18.1808	200
5499	13.0898	4.57505	17.9687	200
5500	13.81	4.54035	17.7954	200
5501	14.4667	4.43938	17.6567	200
5502	15.1719	4.31722	17.5791	200
5503	15.243	4.19339	17.5061	200
5504	15.1812	4.07661	17.4334	200
5505	15.1462	3.96477	17.3619	200
5506	15.1524	3.85507	17.2929	200
5507	14.4754	3.79022	17.2048	200
5508	13.8243	3.76461	17.0992	200
5509	14.5011	3.69171	17.018	200
5510	14.493	3.61879	16.9391	200
5511	15.8403	3.46129	16.9048	200
5512	15.8238	3.31251	16.871	200
5513	16.5203	3.1274	16.86	200
5514	16.5448	2.95164	16.8502	200
5515	17.1792	2.78773	16.8605	200
5516	17.8834	2.67742	16.8924	200
5517	17.9111	2.57375	16.9243	200
5518	18.5729	2.51593	16.9758	200
5519	19.2529	2.50399	17.0327	200
5520	19.9343	2.52387	17.1052	200
5521	19.3315	2.50527	17.1748	200
5522	18.5901	2.43714	17.219	200
5523	18.5649	2.3462	17.2751	200
5524	18.5597	2.25773	17.3286	200
5525	17.8726	2.04351	17.3626	200
5526	17.8557	1.9143	17.3832	200
5527	17.9333	1.80062	17.4061	200
5528	18.5589	1.74663	17.4541	200
5529	17.8702	1.63575	17.4715	200
5530	18.6037	1.59379	17.5186	200
5531	19.2843	1.60811	17.5922	200
5532	19.2948	1.61599	17.6631	200
5533	19.3489	1.6218	17.7334	200
5534	19.4252	1.62764	17.8039	200
5535	19.9719	1.67267	17.8942	200
5536	16.498	1.64963	17.836	200
5537	16.7372	1.60373	17.7903	200
5538	17.2055	1.51882	17.7659	200
5539	17.1677	1.46128	17.7472	200
5540	17.0667	1.41247	17.7259	200
5541	17.0633	1.36561	17.7052	200
5542	17.2188	1.31066	17.69	200
5543	20.6016	1.41072	17.781	200
5544	21.0574	1.52733	17.8834	200
5545	22.5816	1.72551	18.0302	200
5546	22.6078	1.90376	18.1733	200
5547	21.9702	2.02208	18.2919	200
5548	22.0001	2.12746	18.4078	200
5549	22.055	2.22245	18.5218	200
5550	21.2855	2.25628	18.6081	200
5551	12.3459	2.50665	18.4124	200
5552	11.6791	2.77081	18.202	200
5553	11.0839	3.04252	17.9796	200
5554	11.756	3.24134	17.7851	200
5555	12.3983	3.37543	17.6168	200
5556	13.0777	3.43361	17.5033	200
5557	13.0505	3.48456	17.392	200
5558	12.9975	3.53006	17.2821	200
5559	13.7668	3.52932	17.1942	200
5560	15.1164	3.45675	17.1423	200
5561	15.1501	3.38352	17.0925	200
5562	14.4377	3.34708	17.0261	200
5563	14.3839	3.31183	16.96	200
5564	14.4171	3.27339	16.8965	200
5565	15.147	3.19719	16.8527	200
5566	15.7827	3.09084	16.826	200
5567	15.7844	2.98837	16.7999	200
5568	16.4527	2.85631	16.7913	200
5569	16.4531	2.73041	16.7828	200
5570	19.9224	2.75087	16.8613	200
5571	19.8883	2.76467	16.937	200
5572	19.9108	2.77513	17.0113	200
5573	19.9434	2.78298	17.0846	200
5574	19.9543	2.78732	17.1564	200
5575	19.9509	2.78768	17.2262	200
5576	20.6016	2.81706	17.3106	200
5577	19.9919	2.8114	17.3665	200
5578	19.9645	2.80251	17.4206	200
5579	19.289	2.76359	17.4595	200
5580	18.5575	2.69419	17.4824	200
5581	10.3418	2.87945	17.3336	200
5582	10.3378	3.05097	17.1879	200
5583	10.2919	3.21118	17.0442	200
5584	10.3194	3.35758	16.9041	200
5585	11.6761	3.4511	16.7734	200
5586	11.6418	3.53512	16.6451	200
5587	11.683	3.6243	16.4901	200
5588	12.382	3.65454	16.3617	200
5589	15.093	3.45571	16.3088	200
5590	15.8077	3.20949	16.2879	200
5591	16.4834	2.95832	16.2961	200
5592	17.2243	2.78915	16.3348	200
5593	20.5928	2.91156	16.5122	200
5594	21.2899	3.06707	16.7112	200
5595	21.2805	3.19225	16.9016	200
5596	16.5122	3.01707	16.8895	200
5597	15.8189	2.89541	16.856	200
5598	15.1561	2.82069	16.8029	200
5599	15.0988	2.7509	16.7496	200
5600	11.0688	2.93402	16.5721	200
5601	10.338	3.14027	16.3773	200
5602	10.3844	3.31856	16.19	200
5603	11.022	3.43415	16.0285	200
5604	9.61364	3.62044	15.828	200
5605	10.9866	3.69675	15.6768	200
5606	11.6735	3.7159	15.5516	200
5607	11.7208	3.72309	15.4319	200
5608	12.9977	3.64253	15.3559	200
5609	13.7205	3.51708	15.3048	200
5610	14.4048	3.35351	15.2766	200
5611	17.862	3.3055	15.3574	200
5612	19.918	3.38394	15.4999	200
5613	22.6708	3.57329	15.6792	200
5614	22.0569	3.71351	15.8387	200
5615	21.3301	3.8024	15.9759	200
5616	21.2814	3.87756	16.1086	200
5617	19.2844	3.84247	16.188	200
5618	18.7253	3.77721	16.2514	200
5619	18.6922	3.71039	16.3124	200
5620	15.3881	3.57109	16.2893	200
5621	14.0232	3.50584	16.2327	200
5622	14.6903	3.40766	16.1941	200
5623	10.5554	3.51921	16.0531	200
5624	12.1727	3.53727	15.9561	200
5625	13.6007	3.47818	15.8972	200
5626	13.6338	3.41744	15.8407	200
5627	12.241	3.42655	15.7507	200
5628	12.1122	3.43715	15.6597	200
5629	11.4538	3.47559	15.5546	200
5630	11.3491	3.51208	15.4494	200
5631	12.0824	3.50483	15.3652	200
5632	12.0491	3.4954	15.2823	200
5633	13.4018	3.41465	15.2353	200
5634	14.1325	3.31833	15.2123	200
5635	13.8294	3.23768	15.1835	200
5636	13.7808	3.16123	15.1543	200
5637	13.131	3.11381	15.1122	200
5638	16.4965	3.04175	15.141	200
5639	16.5245	2.97266	15.1698	200
5640	16.5145	2.90482	15.1978	200
5641	16.5493	2.8401	15.226	200
5642	16.4148	2.7713	15.2508	200
5643	16.497	2.70776	15.2767	200
5644	15.8368	2.61827	15.2884	200
5645	16.5124	2.56017	15.3139	200
5646	15.8191	2.47455	15.3244	200
5647	13.7618	2.43655	15.2919	200
5648	13.0819	2.42711	15.2458	200
5649	13.1588	2.41294	15.2023	200
5650	10.355	2.51437	15.1014	200
5651	11.0031	2.58037	15.016	200
5652	11.6686	2.61232	14.9462	200
5653	11.6187	2.64213	14.8769	200
5654	10.9864	2.69414	14.7959	200
5655	11.0554	2.73773	14.7179	200
5656	11.0099	2.77816	14.6407	200
5657	11.0435	2.81229	14.5657	200
5658	12.3982	2.78542	14.5206	200
5659	13.0267	2.73929	14.4939	200
5660	13.6899	2.67018	14.4795	200
5661	13.7412	2.60118	14.4664	200
5662	13.5897	2.53959	14.4507	200
5663	13.766	2.47335	14.4385	200
5664	13.1094	2.43248	14.4147	200
5665	12.4239	2.41408	14.3733	200
5666	12.4169	2.39501	14.3325	200
5667	12.4306	2.37035	14.285	200
5668	13.7716	2.2775	14.2721	200
5669	13.8641	2.16066	14.2594	200
5670	14.4219	2.03577	14.2645	200
5671	14.4471	1.91995	14.2702	200
5672	15.1846	1.85711	14.2987	200
5673	15.1609	1.79493	14.3257	200
5674	15.135	1.73333	14.351	200
5675	14.4913	1.63376	14.3554	200
5676	14.4479	1.53744	14.3582	200
5677	14.4264	1.44561	14.3604	200
5678	11.7573	1.51795	14.279	200
5679	11.0817	1.62291	14.1791	200
5680	11.0221	1.71879	14.0805	200
5681	11.0268	1.80222	13.985	200
5682	10.3928	1.95138	13.8354	200
5683	10.318	2.08188	13.6888	200
5684	10.3576	2.23805	13.4806	200
5685	9.7821	2.4206	13.2494	200
5686	10.9988	2.39935	13.1088	200
5687	11.6895	2.27684	13.0201	200
5688	11.6838	2.19846	12.9644	200
5689	8.93924	2.35068	12.7967	200
5690	10.2329	2.36844	12.6899	200
5691	7.93359	2.56743	12.4917	200
5692	8.70183	2.66929	12.3338	200
5693	9.3754	2.69338	12.2105	200
5694	10.0757	2.64683	12.1215	200
5695	9.38856	2.65401	12.0077	200
5696	7.98891	2.76774	11.8402	200
5697	7.65066	2.88622	11.6657	200
5698	7.95791	2.95468	11.5112	200
5699	7.95295	3.00498	11.3629	200
5700	8.65322	2.98037	11.25	200
5701	7.92409	3.00196	11.1461	200
5702	7.93955	3.01475	11.0459	200
5703	7.97518	3.01824	10.9499	200
5704	7.22661	3.06231	10.8336	200
5705	6.85554	3.11954	10.7092	200
5706	7.55806	3.12152	10.6108	200
5707	8.24607	3.07422	10.5369	200
5708	8.92646	2.98273	10.4865	200
5709	8.9539	2.8921	10.4386	200
5710	9.01137	2.80054	10.394	200
5711	8.91514	2.71794	10.3478	200
5712	8.94573	2.6357	10.304	200
5713	8.8734	2.56038	10.2593	200
5714	8.94565	2.48246	10.2183	200
5715	8.90499	2.40939	10.1772	200
5716	8.9335	2.33653	10.1383	200
5717	10.3006	2.20064	10.1434	200
5718	10.3318	2.10003	10.1481	200
5719	10.2328	1.99926	10.1502	200
5720	10.2845	1.90601	10.1536	200
5721	8.9266	1.87206	10.1229	200
5722	8.24715	1.87224	10.076	200
5723	7.54204	1.90533	10.0127	200
5724	6.92356	1.96452	9.93545	200
5725	7.54478	1.98582	9.87568	200
5726	7.55584	2.00253	9.81769	200
5727	8.24773	1.9809	9.77844	200
5728	9.70002	1.88577	9.77647	200
5729	10.3589	1.82061	9.79104	200
5730	10.4719	1.76362	9.80806	200
5731	10.4212	1.70609	9.82338	200
5732	11.8542	1.72233	9.87415	200
5733	13.2193	1.80347	9.95778	200
5734	13.1725	1.87403	10.0381	200
5735	12.5533	1.90608	10.101	200
5736	12.629	1.93718	10.1642	200
5737	13.2791	1.99606	10.2421	200
5738	13.9202	2.08016	10.334	200
5739	12.4881	2.08324	10.3789	200
5740	12.005	2.06419	10.4128	200
5741	11.7798	2.03514	10.4413	200
5742	11.8276	2.00811	10.4702	200
5743	11.1142	1.95127	10.4836	200
5744	9.70085	1.90258	10.4673	200
5745	10.3748	1.82716	10.4653	200
5746	10.3784	1.75465	10.4635	200
5747	10.9723	1.70274	10.4741	200
5748	11.0191	1.6545	10.4855	200
5749	11.791	1.63996	10.5127	200
5750	13.1049	1.67963	10.5667	200
5751	16.5382	1.85846	10.6911	200
5752	16.4178	2.01964	10.8104	200
5753	16.5537	2.17479	10.93	200
5754	16.4916	2.3159	11.0459	200
5755	15.7911	2.41712	11.1448	200
5756	16.022	2.51963	11.2464	200
5757	15.9171	2.60926	11.3437	200
5758	16.5913	2.71919	11.453	200
5759	16.1374	2.80107	11.5506	200
5760	18.001	2.95312	11.685	200
5761	17.2468	3.06182	11.8009	200
5762	18.6547	3.21982	11.9436	200
5763	20.0651	3.42406	12.1128	200
5764	17.256	3.48545	12.2047	200
5765	17.9251	3.56527	12.3068	200
5766	17.8863	3.63721	12.4065	200
5767	17.9276	3.70449	12.5051	200
5768	17.9478	3.76657	12.6022	200
5769	17.7344	3.81534	12.6939	200
5770	17.1711	3.83898	12.7738	200
5771	16.4757	3.83409	12.8399	200
5772	16.9957	3.84557	12.9142	200
5773	19.2473	3.93441	13.0272	200
5774	19.9252	4.04025	13.1504	200
5775	18.6179	4.09122	13.2481	200
5776	18.5903	4.1359	13.3435	200
5777	20.6484	4.24908	13.4739	200
5778	19.9092	4.32716	13.5888	200
5779	19.2632	4.37527	13.6901	200
5780	19.2979	4.41929	13.7903	200
5781	19.9656	4.482	13.9006	200
5782	20.6097	4.56154	14.0204	200
5783	20.6591	4.63573	14.1389	200
5784	20.6502	4.70271	14.2552	200
5785	20.6586	4.76345	14.3695	200
5786	19.2541	4.76778	14.4567	200
5787	20.5978	4.81682	14.5664	200
5788	20.658	4.86235	14.6752	200
5789	21.32	4.92601	14.7938	200
5790	20.6013	4.95749	14.8975	200
5791	21.3903	5.01232	15.0135	200
5792	20.6559	5.03201	15.1016	200
5793	20.6481	5.04808	15.1883	200
5794	20.664	5.06145	15.2739	200
5795	21.3173	5.09213	15.3683	200
5796	20.6698	5.09867	15.4511	200
5797	20.6713	5.10247	15.5327	200
5798	20.6474	5.10285	15.6126	200
5799	21.3637	5.12311	15.7025	200
5800	22.0343	5.16088	15.8014	200
5801	24.0974	5.25885	15.931	200
5802	22.0547	5.28588	16.0267	200
5803	22.712	5.32961	16.1312	200
5804	22.7244	5.36909	16.2342	200
5805	22.7531	5.40502	16.336	200
5806	22.6341	5.43293	16.4345	200
5807	23.9947	5.49941	16.5526	200
5808	23.3682	5.54054	16.6591	200
5809	23.4385	5.57926	16.765	200
5810	24.1071	5.63434	16.8797	200
5811	24.1024	5.68398	16.9926	200
5812	24.804	5.75046	17.1146	200
5813	24.8346	5.81201	17.2353	200
5814	28.2197	5.97364	17.4069	200
5815	28.9104	6.14645	17.5866	200
5816	29.5966	6.32969	17.7743	200
5817	28.1969	6.45759	17.9371	200
5818	26.2299	6.51494	18.0667	200
5819	24.7905	6.52147	18.1718	200
5820	23.4492	6.48259	18.2542	200
5821	23.432	6.44181	18.3351	200
5822	24.1031	6.42075	18.4252	200
5823	24.1452	6.39885	18.5146	200
5824	26.1164	6.43644	18.6334	200
5825	27.4989	6.50392	18.7565	200
5826	28.1306	6.58365	18.8867	200
5827	28.8585	6.67776	19.0252	200
5828	28.8952	6.76643	19.1623	200
5829	29.7883	6.87364	19.3099	200
5830	29.6523	6.97	19.4535	200
5831	26.9539	6.98473	19.5577	200
5832	26.2693	6.97714	19.6509	200
5833	26.253	6.96672	19.7426	200
5834	26.9641	6.9738	19.8429	200
5835	24.8145	6.91818	19.912	200
5836	24.9562	6.86613	19.982	200
5837	24.8953	6.81188	20.0503	200
5838	24.9079	6.75759	20.1177	200
5839	24.9385	6.70379	20.1847	200
5840	24.247	6.63042	20.2411	200
5841	24.3601	6.56065	20.2983	200
5842	25.7563	6.53002	20.3741	200
5843	25.0295	6.47795	20.4388	200
5844	25.6959	6.44404	20.5118	200
5845	25.6857	6.40875	20.5836	200
5846	25.7117	6.37318	20.6549	200
5847	24.7626	6.31025	20.7119	200
5848	24.8672	6.25039	20.7696	200
5849	26.9154	6.24748	20.855	200
5850	26.8829	6.24138	20.9387	200
5851	25.542	6.19588	21.0026	200
5852	25.5808	6.15094	21.0662	200
5853	25.5466	6.10453	21.1285	200
5854	25.4837	6.05594	21.1889	200
5855	25.469	6.00661	21.2484	200
5856	25.458	5.95669	21.3069	200
5857	26.8555	5.94536	21.3839	200
5858	26.8316	5.93154	21.4596	200
5859	26.8361	5.91612	21.5343	200
5860	26.8319	5.89894	21.6078	200
5861	28.1691	5.91733	21.699	200
5862	28.2123	5.93224	21.7804	200
5863	27.5815	5.92896	21.8529	200
5864	27.5552	5.92329	21.9242	200
5865	27.5173	5.91503	21.9941	200
5866	27.5563	5.90621	22.0636	200
5867	27.5829	5.89654	22.1326	200
5868	26.877	5.86774	22.1919	200
5869	26.8413	5.83728	22.25	200
5870	26.9034	5.80768	22.3082	200
5871	26.2101	5.76004	22.357	200
5872	26.738	5.72556	22.4117	200
5873	26.7163	5.69004	22.4655	200
5874	26.7464	5.65481	22.519	200
5875	26.7578	5.61941	22.572	200
5876	29.1612	5.64365	22.6544	200
5877	29.8082	5.68141	22.7438	200
5878	29.1501	5.69953	22.8239	200
5879	29.6717	5.72823	22.9095	200
5880	29.141	5.74081	22.9874	200
5881	29.8526	5.76893	23.0732	200
5882	29.8195	5.79336	23.1575	200
5883	29.7953	5.81447	23.2405	200
5884	29.1146	5.81596	23.3139	200
5885	28.4098	5.79796	23.3776	200
5886	27.7338	5.76191	23.4321	200
5887	27.0084	5.70727	23.4768	200
5888	24.9814	5.6022	23.4956	200
5889	25.0126	5.50007	23.5145	200
5890	24.9334	5.39804	23.5323	200
5891	24.2326	5.2806	23.541	200
5892	24.4544	5.17142	23.5525	200
5893	24.4355	5.06421	23.5635	200
5894	24.428	4.95922	23.5743	200
5895	24.4586	4.85734	23.5853	200
5896	21.8131	4.78022	23.5632	200
5897	21.4348	4.71392	23.5366	200
5898	21.4084	4.64928	23.51	200
5899	22.2942	4.56344	23.4948	200
5900	22.8387	4.46575	23.4866	200
5901	23.4827	4.35421	23.4865	200
5902	24.8647	4.2798	23.5038	200
5903	24.8985	4.21423	23.5196	200
5904	24.8551	4.14881	23.5348	200
5905	24.871	4.08488	23.55	200
5906	24.879	4.02225	23.5651	200
5907	25.6039	3.97717	23.5882	200
5908	25.5589	3.93156	23.6106	200
5909	25.5656	3.88664	23.6328	200
5910	24.9072	3.82727	23.6473	200
5911	24.8814	3.76244	23.6628	200
5912	24.8883	3.69902	23.6781	200
5913	24.9933	3.6328	23.6963	200
5914	25.7066	3.58773	23.7243	200
5915	25.6804	3.53674	23.7548	200
5916	26.352	3.50738	23.7954	200
5917	24.5099	3.40764	23.8082	200
5918	24.2353	3.30119	23.8158	200
5919	23.5339	3.17539	23.8099	200
5920	23.684	3.04833	23.8073	200
5921	23.5866	2.93051	23.8027	200
5922	23.7228	2.81173	23.801	200
5923	23.6083	2.7026	23.797	200
5924	24.3063	2.61122	23.8076	200
5925	24.3745	2.52604	23.8194	200
5926	25.0243	2.47099	23.8445	200
5927	25.0308	2.41745	23.8693	200
5928	25.7615	2.39557	23.9087	200
5929	24.9641	2.33973	23.9307	200
5930	24.9979	2.28671	23.9529	200
5931	25.0134	2.23562	23.975	200
5932	17.8559	2.39743	23.8475	200
5933	18.0036	2.54104	23.7258	200
5934	17.8924	2.67822	23.6042	200
5935	17.9226	2.80336	23.4859	200
5936	17.9381	2.91771	23.3703	200
5937	17.8562	3.02589	23.2554	200
5938	18.6987	3.08967	23.1605	200
5939	18.5962	3.15111	23.0654	200
5940	18.6075	3.20556	22.9725	200
5941	18.6381	3.2526	22.8822	200
5942	18.7008	3.2913	22.7951	200
5943	18.5941	3.3292	22.7076	200
5944	18.6592	3.35917	22.6232	200
5945	19.2716	3.35886	22.5534	200
5946	19.301	3.35505	22.4953	200
5947	19.2344	3.35169	22.4371	200
5948	19.2976	3.34411	22.381	200
5949	19.262	3.33607	22.3253	200
5950	19.3434	3.32342	22.2721	200
5951	19.9223	3.28865	22.2301	200
5952	19.9766	3.24552	22.1832	200
5953	19.9398	3.20376	22.1364	200
5954	19.9938	3.1507	22.0829	200
5955	19.9345	3.10059	22.0292	200
5956	20.0157	3.03264	21.9662	200
5957	19.8838	2.97325	21.9012	200
5958	19.9735	2.9079	21.8409	200
5959	20.6393	2.80126	21.8034	200
5960	20.5648	2.70359	21.7647	200
5961	22.6663	2.59097	21.7928	200
5962	22.6358	2.48172	21.8192	200
5963	22.7047	2.38196	21.8469	200
5964	22.6009	2.28021	21.8704	200
5965	19.2101	2.30396	21.7873	200
5966	19.213	2.32086	21.7068	200
5967	19.221	2.33117	21.6292	200
5968	19.2027	2.33712	21.5533	200
5969	17.267	2.45895	21.4194	200
5970	17.2234	2.56751	21.2883	200
5971	17.1774	2.66397	21.1598	200
5972	17.2036	2.74473	21.0362	200
5973	17.8893	2.76987	20.9378	200
5974	18.5682	2.74485	20.8638	200
5975	18.5903	2.72128	20.8069	200
5976	18.629	2.68732	20.7389	200
5977	18.6631	2.6491	20.674	200
5978	18.5661	2.604	20.5862	200
5979	18.6662	2.547	20.5062	200
5980	18.5898	2.46818	20.3864	200
5981	18.614	2.41019	20.3125	200
5982	19.3113	2.29278	20.2708	200
5983	19.2985	2.18274	20.2303	200
5984	20.0594	2.01509	20.2232	200
5985	16.5713	2.15148	20.071	200
5986	17.2273	2.20917	19.9525	200
5987	17.2267	2.25222	19.839	200
5988	17.96	2.22112	19.7607	200
5989	18.0216	2.18095	19.6882	200
5990	17.9228	2.14633	19.6146	200
5991	17.9199	2.1087	19.544	200
5992	17.9575	2.06518	19.4779	200
5993	18.6639	1.96092	19.444	200
5994	18.711	1.88417	19.4211	200
5995	19.3034	1.77377	19.4174	200
5996	19.282	1.67137	19.4132	200
5997	19.3472	1.57104	19.4111	200
5998	19.3313	1.47783	19.4086	200
5999	19.3214	1.39092	19.4059	200
6000	19.3245	1.30908	19.4034	200
6001	20.0081	1.26506	19.4223	200
6002	19.9708	1.22028	19.4394	200
6003	13.782	1.4976	19.2626	200
6004	13.7847	1.74637	19.0914	200
6005	13.7632	1.97023	18.9249	200
6006	13.7581	2.17002	18.7634	200
6007	13.7736	2.34626	18.6075	200
6008	13.7387	2.50391	18.4554	200
6009	13.7315	2.64266	18.3077	200
6010	14.8212	2.6954	18.1988	200
6011	14.455	2.74782	18.1052	200
6012	15.2414	2.75362	18.0336	200
6013	15.1917	2.75803	17.9626	200
6014	15.1744	2.75954	17.8928	200
6015	15.1748	2.75746	17.8249	200
6016	15.1747	2.7521	17.7586	200
6017	15.2188	2.74149	17.6951	200
6018	15.1996	2.72919	17.6328	200
6019	14.7838	2.73518	17.5615	200
6020	15.4655	2.70322	17.5091	200
6021	15.8523	2.6509	17.4677	200
6022	13.0739	2.73804	17.3579	200
6023	13.1126	2.8134	17.2517	200
6024	13.1164	2.8795	17.1483	200
6025	11.7869	3.0036	17.0143	200
6026	11.7564	3.11631	16.8829	200
6027	11.7175	3.21876	16.7537	200
6028	11.7467	3.30817	16.6285	200
6029	12.5794	3.34522	16.5273	200
6030	12.4747	3.38059	16.426	200
6031	13.1864	3.37354	16.345	200
6032	13.1923	3.36434	16.2793	200
6033	13.9515	3.32115	16.2308	200
6034	13.9545	3.27761	16.1834	200
6035	13.9759	3.23303	16.1374	200
6036	13.9133	3.19099	16.0911	200
6037	13.9288	3.14813	16.046	200
6038	13.9667	3.10359	16.0027	200
6039	14.0006	3.0577	15.961	200
6040	13.1284	3.04832	15.902	200
6041	13.2483	3.02858	15.8356	200
6042	13.1979	3.00904	15.7697	200
6043	13.9391	2.93539	15.7125	200
6044	13.9024	2.86505	15.6559	200
6045	14.4941	2.72312	15.6075	200
6046	14.4886	2.58944	15.5609	200
6047	14.4587	2.4655	15.515	200
6048	14.4983	2.34477	15.4726	200
6049	14.5176	2.22895	15.4328	200
6050	14.4654	2.12382	15.3925	200
6051	14.4475	2.02559	15.3531	200
6052	11.6582	2.12993	15.2377	200
6053	11.6463	2.22127	15.1254	200
6054	11.644	2.30003	15.0166	200
6055	11.6386	2.3674	14.9111	200
6056	11.6252	2.4248	14.8084	200
6057	11.6609	2.46997	14.71	200
6058	11.6227	2.50855	14.6135	200
6059	12.3033	2.49616	14.5414	200
6060	13.014	2.43561	14.4936	200
6061	12.9772	2.37816	14.4462	200
6062	13.0131	2.3191	14.4014	200
6063	13.0305	2.25984	14.3586	200
6064	13.0248	2.20196	14.3169	200
6065	13.0048	2.12781	14.2622	200
6066	13.0803	2.04898	14.213	200
6067	13.0191	1.9421	14.1384	200
6068	13.7283	1.7506	14.1128	200
6069	14.4291	1.57131	14.1325	200
6070	14.4278	1.4118	14.151	200
6071	14.4367	1.31796	14.1629	200
6072	11.7157	1.41207	14.0609	200
6073	11.6649	1.49406	13.9611	200
6074	13.1003	1.44129	13.9252	200
6075	13.1177	1.38847	13.8916	200
6076	13.789	1.28132	13.8873	200
6077	13.7857	1.18301	13.8831	200
6078	13.7504	1.09547	13.8775	200
6079	13.7693	1.0132	13.873	200
6080	13.7167	0.941795	13.8665	200
6081	13.6965	0.877482	13.8594	200
6082	14.4206	0.85112	13.8828	200
6083	14.4092	0.830826	13.8992	200
6084	14.4387	0.812612	13.9161	200
6085	14.4164	0.793091	13.9317	200
6086	14.7532	0.794863	13.9574	200
6087	7.52543	1.14718	13.7564	200
6088	7.54546	1.46367	13.5623	200
6089	7.49356	1.75148	13.3727	200
6090	8.18038	1.96653	13.2104	200
6091	8.20641	2.15638	13.054	200
6092	8.14272	2.32856	12.9006	200
6093	7.53435	2.51841	12.7329	200
6094	7.17752	2.70822	12.5593	200
6095	5.50062	2.98012	12.3387	200
6096	5.46997	3.22315	12.124	200
6097	5.47255	3.50885	11.8469	200
6098	5.46823	3.748	11.5811	200
6099	6.1807	3.95455	11.2436	200
6100	6.19172	4.09171	10.9278	200
6101	6.2161	4.24672	10.3389	200
6102	6.131	4.237	9.81288	200
6103	6.3593	4.04115	9.38118	200
