con3to0 waiting for producer ready signal: /tmp/ndn/all.ok
con3to0 received producer ready signal!
RTT estimator parameters:
	Alpha = 0.125
	Beta = 0.25
	K = 8
	Initial RTO = 1000 milliseconds
	Min RTO = 200 milliseconds
	Max RTO = 60000 milliseconds
	Backoff multiplier = 2
Pipeline parameters:
	Request fresh content = no
	Interest lifetime = 40000 milliseconds
	Max retries on timeout or Nack = 10
	Initial congestion window size = 10
	Initial slow start threshold = 1.79769e+308
	Additive increase step = 1
	Multiplicative decrease factor = 0.5
	RTO check interval = 10 milliseconds
	React to congestion marks = yes
	Conservative window adaptation = yes
	Resetting window to ssthresh upon loss event
try to fetch/pro0/50MB.txt
Requesting segment #0
Requesting segment #1
Requesting segment #2
Requesting segment #3
Requesting segment #4
Requesting segment #5
Requesting segment #6
Requesting segment #7
Requesting segment #8
Requesting segment #9
Received segment #0, rtt=216.274ms, rto=1000ms
Requesting segment #10
Requesting segment #11
Received segment #1, rtt=217.339ms, rto=1000ms
Requesting segment #12
Requesting segment #13
Received segment #2, rtt=218.054ms, rto=1000ms
Requesting segment #14
Requesting segment #15
Received segment #3, rtt=218.867ms, rto=1000ms
Requesting segment #16
Requesting segment #17
Received segment #4, rtt=221.874ms, rto=1000ms
Requesting segment #18
Requesting segment #19
Received segment #5, rtt=221.996ms, rto=1000ms
Requesting segment #20
Requesting segment #21
Received segment #6, rtt=222.108ms, rto=1000ms
Requesting segment #22
Requesting segment #23
Received segment #7, rtt=222.645ms, rto=1000ms
Requesting segment #24
Requesting segment #25
Received segment #8, rtt=222.799ms, rto=1000ms
Requesting segment #26
Requesting segment #27
Received segment #9, rtt=222.894ms, rto=1000ms
Requesting segment #28
Requesting segment #29
Received segment #10, rtt=8.05496ms, rto=1081.37ms
Requesting segment #30
Requesting segment #31
Received segment #11, rtt=8.2795ms, rto=1081.37ms
Requesting segment #32
Requesting segment #33
Received segment #12, rtt=7.95187ms, rto=1038.57ms
Requesting segment #34
Requesting segment #35
Received segment #13, rtt=8.75101ms, rto=1038.57ms
Requesting segment #36
Requesting segment #37
Received segment #14, rtt=8.65275ms, rto=1004.93ms
Requesting segment #38
Requesting segment #39
Received segment #15, rtt=9.22228ms, rto=1004.93ms
Requesting segment #40
Requesting segment #41
Received segment #16, rtt=9.15872ms, rto=972.965ms
Requesting segment #42
Requesting segment #43
Received segment #17, rtt=9.84674ms, rto=972.965ms
Requesting segment #44
Requesting segment #45
Received segment #18, rtt=8.10732ms, rto=947.609ms
Requesting segment #46
Requesting segment #47
Received segment #19, rtt=9.98401ms, rto=947.609ms
Requesting segment #48
Requesting segment #49
Received segment #20, rtt=12.7126ms, rto=923.17ms
Requesting segment #50
Requesting segment #51
Received segment #21, rtt=13.0086ms, rto=923.17ms
Requesting segment #52
Requesting segment #53
Received segment #22, rtt=13.0982ms, rto=902.556ms
Requesting segment #54
Requesting segment #55
Received segment #23, rtt=13.563ms, rto=902.556ms
Requesting segment #56
Requesting segment #57
Received segment #24, rtt=13.8281ms, rto=882.708ms
Requesting segment #58
Requesting segment #59
Received segment #25, rtt=14.2428ms, rto=882.708ms
Requesting segment #60
Requesting segment #61
Received segment #26, rtt=15.1934ms, rto=865.634ms
Requesting segment #62
Requesting segment #63
Received segment #27, rtt=15.7928ms, rto=865.634ms
Requesting segment #64
Requesting segment #65
Received segment #28, rtt=15.8868ms, rto=849.04ms
Requesting segment #66
Requesting segment #67
Received segment #29, rtt=16.1458ms, rto=849.04ms
Requesting segment #68
Requesting segment #69
Received segment #30, rtt=15.1552ms, rto=872.402ms
Requesting segment #70
Requesting segment #71
Received segment #31, rtt=15.5873ms, rto=872.402ms
Requesting segment #72
Requesting segment #73
Received segment #32, rtt=16.4766ms, rto=894.583ms
Requesting segment #74
Requesting segment #75
Received segment #33, rtt=17.0863ms, rto=894.583ms
Requesting segment #76
Requesting segment #77
Received segment #34, rtt=17.1774ms, rto=913.802ms
Requesting segment #78
Requesting segment #79
Received segment #35, rtt=17.735ms, rto=913.802ms
Requesting segment #80
Requesting segment #81
Received segment #36, rtt=18.0833ms, rto=932ms
Requesting segment #82
Requesting segment #83
Received segment #37, rtt=19.1243ms, rto=932ms
Requesting segment #84
Requesting segment #85
Received segment #38, rtt=19.1164ms, rto=947.914ms
Requesting segment #86
Requesting segment #87
Received segment #39, rtt=19.9855ms, rto=947.914ms
Requesting segment #88
Requesting segment #89
Received segment #40, rtt=20.2706ms, rto=963.042ms
Requesting segment #90
Requesting segment #91
Received segment #41, rtt=21.0802ms, rto=963.042ms
Requesting segment #92
Requesting segment #93
Received segment #42, rtt=20.6812ms, rto=976.39ms
Requesting segment #94
Requesting segment #95
Received segment #43, rtt=23.141ms, rto=976.39ms
Requesting segment #96
Requesting segment #97
Received segment #44, rtt=23.4083ms, rto=989.078ms
Requesting segment #98
Requesting segment #99
Received segment #45, rtt=25.8935ms, rto=989.078ms
Requesting segment #100
Requesting segment #101
Received segment #46, rtt=25.4969ms, rto=1000.59ms
Requesting segment #102
Requesting segment #103
Received segment #47, rtt=26.046ms, rto=1000.59ms
Requesting segment #104
Requesting segment #105
Received segment #48, rtt=24.9171ms, rto=1011.38ms
Requesting segment #106
Requesting segment #107
Received segment #49, rtt=25.9364ms, rto=1011.38ms
Requesting segment #108
Requesting segment #109
Received segment #50, rtt=23.5572ms, rto=1020.69ms
Requesting segment #110
Requesting segment #111
Received segment #51, rtt=24.4091ms, rto=1020.69ms
Requesting segment #112
Requesting segment #113
Received segment #52, rtt=24.6488ms, rto=1029.6ms
Requesting segment #114
Requesting segment #115
Received segment #53, rtt=25.7925ms, rto=1029.6ms
Requesting segment #116
Requesting segment #117
Received segment #54, rtt=28.3699ms, rto=1037.6ms
Requesting segment #118
Requesting segment #119
Received segment #55, rtt=29.6455ms, rto=1037.6ms
Requesting segment #120
Requesting segment #121
Received segment #56, rtt=30.9698ms, rto=1045.23ms
Requesting segment #122
Requesting segment #123
Received segment #57, rtt=32.8603ms, rto=1045.23ms
Requesting segment #124
Requesting segment #125
Received segment #58, rtt=32.7061ms, rto=1052.1ms
Requesting segment #126
Requesting segment #127
Received segment #59, rtt=33.1424ms, rto=1052.1ms
Requesting segment #128
Requesting segment #129
Received segment #60, rtt=33.5638ms, rto=1058.66ms
Requesting segment #130
Requesting segment #131
Received segment #61, rtt=33.7441ms, rto=1058.66ms
Requesting segment #132
Requesting segment #133
Received segment #62, rtt=32.8354ms, rto=1064.52ms
Requesting segment #134
Requesting segment #135
Received segment #63, rtt=34.0874ms, rto=1064.52ms
Requesting segment #136
Requesting segment #137
Received segment #64, rtt=35.0606ms, rto=1070.09ms
Requesting segment #138
Requesting segment #139
Received segment #65, rtt=36.7252ms, rto=1070.09ms
Requesting segment #140
Requesting segment #141
Received segment #66, rtt=38.982ms, rto=1075.15ms
Requesting segment #142
Requesting segment #143
Received segment #67, rtt=40.0046ms, rto=1075.15ms
Requesting segment #144
Requesting segment #145
Received segment #68, rtt=42.7597ms, rto=1079.99ms
Requesting segment #146
Requesting segment #147
Received segment #69, rtt=43.3944ms, rto=1079.99ms
Requesting segment #148
Requesting segment #149
Received segment #70, rtt=43.6524ms, rto=1084.51ms
Requesting segment #150
Requesting segment #151
Received segment #71, rtt=43.8978ms, rto=1084.51ms
Requesting segment #152
Requesting segment #153
Received segment #72, rtt=44.0149ms, rto=1088.82ms
Requesting segment #154
Requesting segment #155
Received segment #73, rtt=44.0945ms, rto=1088.82ms
Requesting segment #156
Requesting segment #157
Received segment #74, rtt=43.1163ms, rto=1092.68ms
Requesting segment #158
Requesting segment #159
Received segment #75, rtt=43.9782ms, rto=1092.68ms
Requesting segment #160
Requesting segment #161
Received segment #76, rtt=43.8711ms, rto=1096.35ms
Requesting segment #162
Requesting segment #163
Received segment #77, rtt=44.093ms, rto=1096.35ms
Requesting segment #164
Requesting segment #165
Received segment #78, rtt=46.0449ms, rto=1099.71ms
Requesting segment #166
Requesting segment #167
Received segment #79, rtt=46.602ms, rto=1099.71ms
Requesting segment #168
Requesting segment #169
Received segment #80, rtt=49.2037ms, rto=1102.89ms
Requesting segment #170
Requesting segment #171
Received segment #81, rtt=50.526ms, rto=1102.89ms
Requesting segment #172
Requesting segment #173
Received segment #82, rtt=50.7574ms, rto=1105.79ms
Requesting segment #174
Requesting segment #175
Received segment #83, rtt=53.0065ms, rto=1105.79ms
Requesting segment #176
Requesting segment #177
Received segment #84, rtt=53.632ms, rto=1108.49ms
Requesting segment #178
Requesting segment #179
Received segment #85, rtt=56.4347ms, rto=1108.49ms
Requesting segment #180
Requesting segment #181
Received segment #86, rtt=56.8056ms, rto=1110.98ms
Requesting segment #182
Requesting segment #183
Received segment #87, rtt=57.3107ms, rto=1110.98ms
Requesting segment #184
Requesting segment #185
Received segment #88, rtt=56.9774ms, rto=1113.3ms
Requesting segment #186
Requesting segment #187
Received segment #89, rtt=57.1707ms, rto=1113.3ms
Requesting segment #188
Requesting segment #189
Received segment #90, rtt=56.3543ms, rto=1115.42ms
Requesting segment #190
Requesting segment #191
Received segment #91, rtt=57.2271ms, rto=1115.42ms
Requesting segment #192
Requesting segment #193
Received segment #92, rtt=56.8735ms, rto=1117.38ms
Requesting segment #194
Requesting segment #195
Received segment #93, rtt=57.5206ms, rto=1117.38ms
Requesting segment #196
Requesting segment #197
Received segment #94, rtt=57.2671ms, rto=1119.22ms
Requesting segment #198
Requesting segment #199
Received segment #95, rtt=57.8301ms, rto=1119.22ms
Requesting segment #200
Requesting segment #201
Received segment #96, rtt=55.9558ms, rto=1120.81ms
Requesting segment #202
Requesting segment #203
Received segment #97, rtt=56.4172ms, rto=1120.81ms
Requesting segment #204
Requesting segment #205
Received segment #102, rtt=55.2626ms, rto=1124.56ms
Requesting segment #206
Requesting segment #207
Received segment #103, rtt=58.0002ms, rto=1124.56ms
Requesting segment #208
Requesting segment #209
Received segment #104, rtt=60.2026ms, rto=1125.59ms
Requesting segment #210
Requesting segment #211
Received segment #105, rtt=61.5788ms, rto=1125.59ms
Requesting segment #212
Requesting segment #213
Received segment #106, rtt=64.2703ms, rto=1126.59ms
Requesting segment #214
Requesting segment #215
Received segment #107, rtt=67.6641ms, rto=1126.59ms
Requesting segment #216
Requesting segment #217
Received segment #108, rtt=68.6863ms, rto=1127.48ms
Requesting segment #218
Requesting segment #219
Received segment #109, rtt=70.8841ms, rto=1127.48ms
Requesting segment #220
Requesting segment #221
Received segment #110, rtt=71.6176ms, rto=1128.43ms
Requesting segment #222
Requesting segment #223
Received segment #111, rtt=72.2928ms, rto=1128.43ms
Requesting segment #224
Requesting segment #225
Received segment #112, rtt=72.3778ms, rto=1129.29ms
Requesting segment #226
Requesting segment #227
Received segment #113, rtt=73.1278ms, rto=1129.29ms
Requesting segment #228
Requesting segment #229
Received segment #114, rtt=73.3188ms, rto=1130.05ms
Requesting segment #230
Requesting segment #231
Received segment #115, rtt=73.7667ms, rto=1130.05ms
Requesting segment #232
Requesting segment #233
Received segment #116, rtt=73.1747ms, rto=1130.7ms
Requesting segment #234
Requesting segment #235
Received segment #117, rtt=75.0618ms, rto=1130.7ms
Requesting segment #236
Requesting segment #237
Received segment #118, rtt=73.9676ms, rto=1131.13ms
Requesting segment #238
Requesting segment #239
Received segment #119, rtt=74.3626ms, rto=1131.13ms
Requesting segment #240
Requesting segment #241
Received segment #124, rtt=71.1465ms, rto=1131.71ms
Requesting segment #242
Requesting segment #243
Received segment #125, rtt=71.4352ms, rto=1131.71ms
Requesting segment #244
Requesting segment #245
Received segment #138, rtt=79.4922ms, rto=1131.04ms
Requesting segment #246
Requesting segment #247
Received segment #139, rtt=81.3903ms, rto=1131.04ms
Requesting segment #248
Requesting segment #249
Received segment #140, rtt=80.9822ms, rto=1130.69ms
Requesting segment #250
Requesting segment #251
Received segment #141, rtt=81.695ms, rto=1130.69ms
Requesting segment #252
Requesting segment #253
Received segment #142, rtt=80.0288ms, rto=1130.22ms
Requesting segment #254
Requesting segment #255
Received segment #143, rtt=80.2337ms, rto=1130.22ms
Requesting segment #256
Requesting segment #257
Received segment #144, rtt=79.2827ms, rto=1129.68ms
Requesting segment #258
Requesting segment #259
Received segment #145, rtt=81.0547ms, rto=1129.68ms
Requesting segment #260
Requesting segment #261
Received segment #146, rtt=79.6788ms, rto=1129ms
Requesting segment #262
Requesting segment #263
Received segment #147, rtt=80.6149ms, rto=1129ms
Requesting segment #264
Requesting segment #265
Received segment #148, rtt=80.1218ms, rto=1128.28ms
Requesting segment #266
Requesting segment #267
Received segment #149, rtt=81.6901ms, rto=1128.28ms
Requesting segment #268
Requesting segment #269
Received segment #150, rtt=83.6742ms, rto=1127.54ms
Requesting segment #270
Requesting segment #271
Received segment #151, rtt=84.855ms, rto=1127.54ms
Requesting segment #272
Requesting segment #273
Received segment #152, rtt=85.2512ms, rto=1126.78ms
Requesting segment #274
Requesting segment #275
Received segment #153, rtt=85.4306ms, rto=1126.78ms
Requesting segment #276
Requesting segment #277
Received segment #154, rtt=85.9841ms, rto=1126.02ms
Requesting segment #278
Requesting segment #279
Received segment #155, rtt=86.7331ms, rto=1126.02ms
Requesting segment #280
Requesting segment #281
Received segment #156, rtt=88.1255ms, rto=1125.24ms
Requesting segment #282
Requesting segment #283
Received segment #157, rtt=89.4104ms, rto=1125.24ms
Requesting segment #284
Requesting segment #285
Received segment #158, rtt=91.8787ms, rto=1124.52ms
Requesting segment #286
Requesting segment #287
Received segment #159, rtt=92.5082ms, rto=1124.52ms
Requesting segment #288
Requesting segment #289
Received segment #160, rtt=93.0217ms, rto=1123.74ms
Requesting segment #290
Requesting segment #291
Received segment #161, rtt=93.7545ms, rto=1123.74ms
Requesting segment #292
Requesting segment #293
Received segment #162, rtt=93.8868ms, rto=1122.97ms
Requesting segment #294
Requesting segment #295
Received segment #163, rtt=94.1703ms, rto=1122.97ms
Requesting segment #296
Requesting segment #297
Received segment #164, rtt=95.4792ms, rto=1122.18ms
Requesting segment #298
Requesting segment #299
Received segment #165, rtt=96.9259ms, rto=1122.18ms
Requesting segment #300
Requesting segment #301
Received segment #166, rtt=95.2198ms, rto=1121.32ms
Requesting segment #302
Requesting segment #303
Received segment #167, rtt=96.2903ms, rto=1121.32ms
Requesting segment #304
Requesting segment #305
Received segment #168, rtt=97.3239ms, rto=1120.42ms
Requesting segment #306
Requesting segment #307
Received segment #169, rtt=97.754ms, rto=1120.42ms
Requesting segment #308
Requesting segment #309
Received segment #170, rtt=96.5607ms, rto=1119.42ms
Requesting segment #310
Requesting segment #311
Received segment #171, rtt=97.337ms, rto=1119.42ms
Requesting segment #312
Requesting segment #313
Received segment #172, rtt=97.5482ms, rto=1118.36ms
Requesting segment #314
Requesting segment #315
Received segment #173, rtt=100.028ms, rto=1118.36ms
Requesting segment #316
Requesting segment #317
Received segment #174, rtt=98.85ms, rto=1117.3ms
Requesting segment #318
Requesting segment #319
Received segment #175, rtt=99.4187ms, rto=1117.3ms
Requesting segment #320
Requesting segment #321
Received segment #176, rtt=97.467ms, rto=1116.15ms
Requesting segment #322
Requesting segment #323
Received segment #177, rtt=99.6625ms, rto=1116.15ms
Requesting segment #324
Requesting segment #325
Received segment #178, rtt=98.9492ms, rto=1114.99ms
Requesting segment #326
Requesting segment #327
Received segment #179, rtt=99.7672ms, rto=1114.99ms
Requesting segment #328
Requesting segment #329
Received segment #180, rtt=98.8741ms, rto=1113.71ms
Requesting segment #330
Requesting segment #331
Received segment #181, rtt=99.8851ms, rto=1113.71ms
Requesting segment #332
Requesting segment #333
Received segment #182, rtt=101.764ms, rto=1112.44ms
Requesting segment #334
Requesting segment #335
Received segment #183, rtt=103.243ms, rto=1112.44ms
Requesting segment #336
Requesting segment #337
Received segment #184, rtt=103.347ms, rto=1111.15ms
Requesting segment #338
Requesting segment #339
Received segment #185, rtt=103.663ms, rto=1111.15ms
Requesting segment #340
Requesting segment #341
Received segment #186, rtt=103.497ms, rto=1109.89ms
Requesting segment #342
Requesting segment #343
Received segment #187, rtt=104.209ms, rto=1109.89ms
Requesting segment #344
Requesting segment #345
Received segment #188, rtt=106.091ms, rto=1108.62ms
Requesting segment #346
Requesting segment #347
Received segment #189, rtt=106.378ms, rto=1108.62ms
Requesting segment #348
Requesting segment #349
Received segment #190, rtt=107.29ms, rto=1107.4ms
Requesting segment #350
Requesting segment #351
Received segment #191, rtt=108.171ms, rto=1107.4ms
Requesting segment #352
Requesting segment #353
Received segment #192, rtt=108.037ms, rto=1106.15ms
Requesting segment #354
Requesting segment #355
Received segment #193, rtt=109.109ms, rto=1106.15ms
Requesting segment #356
Requesting segment #357
Received segment #194, rtt=111.477ms, rto=1104.93ms
Requesting segment #358
Requesting segment #359
Received segment #195, rtt=113.974ms, rto=1104.93ms
Requesting segment #360
Requesting segment #361
Received segment #196, rtt=115.839ms, rto=1103.68ms
Requesting segment #362
Requesting segment #363
Received segment #197, rtt=116.768ms, rto=1103.68ms
Requesting segment #364
Requesting segment #365
Received segment #198, rtt=118.067ms, rto=1102.46ms
Requesting segment #366
Requesting segment #367
Received segment #199, rtt=118.405ms, rto=1102.46ms
Requesting segment #368
Requesting segment #369
Received segment #200, rtt=118.856ms, rto=1101.22ms
Requesting segment #370
Requesting segment #371
Received segment #201, rtt=119.087ms, rto=1101.22ms
Requesting segment #372
Requesting segment #373
Received segment #202, rtt=121.252ms, rto=1100.06ms
Requesting segment #374
Requesting segment #375
Received segment #203, rtt=124.059ms, rto=1100.06ms
Requesting segment #376
Requesting segment #377
Received segment #204, rtt=125.173ms, rto=1098.89ms
Requesting segment #378
Requesting segment #379
Received segment #205, rtt=126.175ms, rto=1098.89ms
Requesting segment #380
Requesting segment #381
Received segment #206, rtt=124.087ms, rto=1097.77ms
Requesting segment #382
Requesting segment #383
Received segment #207, rtt=125.944ms, rto=1097.77ms
Requesting segment #384
Requesting segment #385
Received segment #208, rtt=123.849ms, rto=1096.55ms
Requesting segment #386
Requesting segment #387
Received segment #209, rtt=124.624ms, rto=1096.55ms
Requesting segment #388
Requesting segment #389
Received segment #210, rtt=122.775ms, rto=1095.28ms
Requesting segment #390
Requesting segment #391
Received segment #211, rtt=123.951ms, rto=1095.28ms
Requesting segment #392
Requesting segment #393
Received segment #216, rtt=119.193ms, rto=1091.07ms
Requesting segment #394
Requesting segment #395
Received segment #217, rtt=121.315ms, rto=1091.07ms
Requesting segment #396
Requesting segment #397
Received segment #218, rtt=121.898ms, rto=1089.56ms
Requesting segment #398
Requesting segment #399
Received segment #219, rtt=122.673ms, rto=1089.56ms
Requesting segment #400
Requesting segment #401
Received segment #220, rtt=121.855ms, rto=1087.98ms
Requesting segment #402
Requesting segment #403
Received segment #234, rtt=123.569ms, rto=1076.93ms
Requesting segment #404
Requesting segment #405
Received segment #235, rtt=125.044ms, rto=1076.93ms
Requesting segment #406
Requesting segment #407
Received segment #236, rtt=125.441ms, rto=1075.33ms
Requesting segment #408
Requesting segment #409
Received segment #237, rtt=129.001ms, rto=1075.33ms
Requesting segment #410
Requesting segment #411
Received segment #238, rtt=128.06ms, rto=1073.79ms
Requesting segment #412
Requesting segment #413
Received segment #239, rtt=129.176ms, rto=1073.79ms
Requesting segment #414
Requesting segment #415
Received segment #240, rtt=132.006ms, rto=1072.24ms
Requesting segment #416
Requesting segment #417
Received segment #241, rtt=132.801ms, rto=1072.24ms
Requesting segment #418
Requesting segment #419
Received segment #242, rtt=132.493ms, rto=1070.81ms
Requesting segment #420
Requesting segment #421
Received segment #243, rtt=133.21ms, rto=1070.81ms
Requesting segment #422
Requesting segment #423
Received segment #244, rtt=134.498ms, rto=1069.37ms
Requesting segment #424
Requesting segment #425
Received segment #245, rtt=135.125ms, rto=1069.37ms
Requesting segment #426
Requesting segment #427
Received segment #246, rtt=124.916ms, rto=1067.72ms
Requesting segment #428
Requesting segment #429
Received segment #247, rtt=125.283ms, rto=1067.72ms
Requesting segment #430
Requesting segment #431
Received segment #248, rtt=124.679ms, rto=1066.02ms
Requesting segment #432
Requesting segment #433
Received segment #249, rtt=126.615ms, rto=1066.02ms
Requesting segment #434
Requesting segment #435
Received segment #250, rtt=125.482ms, rto=1064.36ms
Requesting segment #436
Requesting segment #437
Received segment #251, rtt=127.397ms, rto=1064.36ms
Requesting segment #438
Requesting segment #439
Received segment #252, rtt=127.545ms, rto=1062.68ms
Requesting segment #440
Requesting segment #441
Received segment #253, rtt=129.128ms, rto=1062.68ms
Requesting segment #442
Requesting segment #443
Received segment #254, rtt=130.599ms, rto=1061.07ms
Requesting segment #444
Requesting segment #445
Received segment #255, rtt=131.019ms, rto=1061.07ms
Requesting segment #446
Requesting segment #447
Received segment #256, rtt=132.78ms, rto=1059.46ms
Requesting segment #448
Requesting segment #449
Received segment #257, rtt=133.713ms, rto=1059.46ms
Requesting segment #450
Requesting segment #451
Received segment #258, rtt=138.32ms, rto=1057.91ms
Requesting segment #452
Requesting segment #453
Received segment #259, rtt=139.294ms, rto=1057.91ms
Requesting segment #454
Requesting segment #455
Received segment #260, rtt=139.541ms, rto=1056.3ms
Requesting segment #456
Requesting segment #457
Received segment #261, rtt=139.66ms, rto=1056.3ms
Requesting segment #458
Requesting segment #459
Received segment #224, rtt=170.702ms, rto=1084.8ms
Requesting segment #460
Requesting segment #461
Received segment #262, rtt=141.774ms, rto=1054.76ms
Requesting segment #462
Requesting segment #463
Received segment #225, rtt=173.306ms, rto=1084.8ms
Requesting segment #464
Requesting segment #465
Received segment #263, rtt=142.92ms, rto=1054.76ms
Requesting segment #466
Requesting segment #467
Received segment #264, rtt=142.8ms, rto=1053.2ms
Requesting segment #468
Requesting segment #469
Received segment #265, rtt=144.084ms, rto=1053.2ms
Requesting segment #470
Requesting segment #471
Received segment #266, rtt=146.556ms, rto=1051.67ms
Requesting segment #472
Requesting segment #473
Received segment #267, rtt=147.469ms, rto=1051.67ms
Requesting segment #474
Requesting segment #475
Received segment #221, rtt=192.447ms, rto=1087.98ms
Requesting segment #476
Requesting segment #477
Received segment #222, rtt=196.087ms, rto=1086.4ms
Requesting segment #478
Requesting segment #479
Received segment #223, rtt=196.875ms, rto=1086.4ms
Requesting segment #480
Requesting segment #481
Received segment #268, rtt=189.707ms, rto=1050.1ms
Received segment #269, rtt=190.625ms, rto=1050.1ms
Received segment #270, rtt=188.608ms, rto=1048.51ms
Received segment #271, rtt=189.115ms, rto=1048.51ms
Received segment #272, rtt=189.353ms, rto=1046.88ms
Received segment #273, rtt=190.116ms, rto=1046.88ms
Received segment #274, rtt=191.068ms, rto=1045.27ms
Received segment #275, rtt=192.893ms, rto=1045.27ms
Received segment #276, rtt=193.319ms, rto=1043.66ms
Received segment #277, rtt=195.001ms, rto=1043.66ms
Received segment #278, rtt=194.98ms, rto=1042.06ms
Received segment #279, rtt=196.844ms, rto=1042.06ms
Received segment #280, rtt=196.942ms, rto=1040.44ms
Received segment #281, rtt=198.414ms, rto=1040.44ms
Received segment #282, rtt=198.524ms, rto=1038.81ms
Received segment #283, rtt=199.787ms, rto=1038.81ms
Received segment #284, rtt=199.742ms, rto=1037.15ms
Received segment #285, rtt=201.433ms, rto=1037.15ms
Received segment #286, rtt=200.159ms, rto=1035.45ms
Received segment #287, rtt=201.801ms, rto=1035.45ms
Received segment #288, rtt=201.514ms, rto=1033.74ms
Received segment #289, rtt=202.423ms, rto=1033.74ms
Received segment #290, rtt=202.125ms, rto=1032.05ms
Received segment #291, rtt=203.858ms, rto=1032.05ms
Received segment #292, rtt=203.509ms, rto=1030.34ms
Received segment #293, rtt=204.107ms, rto=1030.34ms
Received segment #294, rtt=204.995ms, rto=1028.65ms
Received segment #295, rtt=206.698ms, rto=1028.65ms
Received segment #296, rtt=207.472ms, rto=1026.95ms
Received segment #297, rtt=208.089ms, rto=1026.95ms
Received segment #298, rtt=207.232ms, rto=1025.25ms
Received segment #299, rtt=208.562ms, rto=1025.25ms
Received segment #300, rtt=208.778ms, rto=1023.52ms
Received segment #301, rtt=209.231ms, rto=1023.52ms
Received segment #302, rtt=209.135ms, rto=1021.86ms
Received segment #303, rtt=209.838ms, rto=1021.86ms
Received segment #304, rtt=210.036ms, rto=1020.17ms
Received segment #305, rtt=210.563ms, rto=1020.17ms
Received segment #306, rtt=210.357ms, rto=1018.48ms
Received segment #307, rtt=211.137ms, rto=1018.48ms
Received segment #308, rtt=212.009ms, rto=1016.79ms
Received segment #309, rtt=213.551ms, rto=1016.79ms
Received segment #310, rtt=212.769ms, rto=1015.15ms
Received segment #311, rtt=214.383ms, rto=1015.15ms
Received segment #312, rtt=214.106ms, rto=1013.49ms
Received segment #313, rtt=214.859ms, rto=1013.49ms
Received segment #314, rtt=214.059ms, rto=1011.86ms
Received segment #315, rtt=214.699ms, rto=1011.86ms
Received segment #316, rtt=212.972ms, rto=1010.16ms
Received segment #317, rtt=215.19ms, rto=1010.16ms
Received segment #318, rtt=217.186ms, rto=1008.52ms
Received segment #319, rtt=218.529ms, rto=1008.52ms
Received segment #320, rtt=220.417ms, rto=1006.87ms
Received segment #321, rtt=221.966ms, rto=1006.87ms
Received segment #322, rtt=225.657ms, rto=1005.29ms
Received segment #323, rtt=227.748ms, rto=1005.29ms
Received segment #324, rtt=226.978ms, rto=1003.66ms
Received segment #325, rtt=228.259ms, rto=1003.66ms
Received segment #326, rtt=228.013ms, rto=1002.07ms
Received segment #327, rtt=230.348ms, rto=1002.07ms
Received segment #328, rtt=232.627ms, rto=1000.46ms
Received segment #329, rtt=232.769ms, rto=1000.46ms
Received segment #330, rtt=231.088ms, rto=998.898ms
Received segment #331, rtt=231.718ms, rto=998.898ms
Received segment #332, rtt=232.465ms, rto=997.315ms
Received segment #333, rtt=232.807ms, rto=997.315ms
Received segment #334, rtt=230.119ms, rto=995.711ms
Received segment #335, rtt=230.363ms, rto=995.711ms
Received segment #336, rtt=230.928ms, rto=994.079ms
Received segment #337, rtt=231.052ms, rto=994.079ms
Received segment #338, rtt=230.676ms, rto=992.466ms
Received segment #339, rtt=231.227ms, rto=992.466ms
Received segment #340, rtt=231.162ms, rto=990.85ms
Received segment #341, rtt=231.399ms, rto=990.85ms
Received segment #342, rtt=231.738ms, rto=989.259ms
Received segment #343, rtt=233.373ms, rto=989.259ms
Received segment #344, rtt=234.502ms, rto=987.656ms
Received segment #345, rtt=235.172ms, rto=987.656ms
Received segment #346, rtt=233.749ms, rto=986.035ms
Received segment #347, rtt=234.425ms, rto=986.035ms
Received segment #348, rtt=235.293ms, rto=984.411ms
Received segment #349, rtt=238.03ms, rto=984.411ms
Received segment #350, rtt=240.058ms, rto=982.789ms
Received segment #351, rtt=242.587ms, rto=982.789ms
Received segment #352, rtt=243.043ms, rto=981.153ms
Received segment #353, rtt=244.681ms, rto=981.153ms
Received segment #354, rtt=244.401ms, rto=979.54ms
Received segment #355, rtt=245.322ms, rto=979.54ms
Received segment #356, rtt=245.202ms, rto=977.909ms
Received segment #357, rtt=246.441ms, rto=977.909ms
Received segment #358, rtt=245.042ms, rto=976.251ms
Received segment #359, rtt=245.298ms, rto=976.251ms
Received segment #360, rtt=246.79ms, rto=974.545ms
Received segment #361, rtt=247.779ms, rto=974.545ms
Received segment #362, rtt=246.159ms, rto=972.824ms
Received segment #363, rtt=246.552ms, rto=972.824ms
Received segment #364, rtt=246.647ms, rto=971.088ms
Received segment #365, rtt=247.072ms, rto=971.088ms
Received segment #366, rtt=246.511ms, rto=969.348ms
Received segment #367, rtt=247.848ms, rto=969.348ms
Received segment #368, rtt=248.408ms, rto=967.606ms
Received segment #369, rtt=249.099ms, rto=967.606ms
Received segment #370, rtt=248.978ms, rto=965.876ms
Received segment #371, rtt=249.715ms, rto=965.876ms
Received segment #372, rtt=251.539ms, rto=964.147ms
Received segment #373, rtt=253.598ms, rto=964.147ms
Received segment #374, rtt=251.718ms, rto=962.396ms
Received segment #375, rtt=252.467ms, rto=962.396ms
Received segment #376, rtt=252.809ms, rto=960.595ms
Received segment #377, rtt=253.756ms, rto=960.595ms
Received segment #378, rtt=252.938ms, rto=958.795ms
Received segment #379, rtt=253.708ms, rto=958.795ms
Received segment #380, rtt=253.498ms, rto=956.98ms
Received segment #381, rtt=253.879ms, rto=956.98ms
Received segment #382, rtt=253.786ms, rto=955.228ms
Received segment #383, rtt=254.429ms, rto=955.228ms
Received segment #384, rtt=254.375ms, rto=953.444ms
Received segment #385, rtt=254.874ms, rto=953.444ms
Received segment #386, rtt=254.916ms, rto=951.722ms
Received segment #387, rtt=255.644ms, rto=951.722ms
Received segment #388, rtt=255.5ms, rto=949.989ms
Received segment #389, rtt=256.739ms, rto=949.989ms
Received segment #390, rtt=257.102ms, rto=948.312ms
Received segment #391, rtt=258.033ms, rto=948.312ms
Requesting segment #482
Received segment #392, rtt=257.488ms, rto=946.616ms
Requesting segment #483
Requesting segment #484
Received segment #393, rtt=258.088ms, rto=946.616ms
Requesting segment #485
Received segment #394, rtt=258.056ms, rto=945.03ms
Requesting segment #486
Received segment #395, rtt=259.252ms, rto=945.03ms
Requesting segment #487
Received segment #396, rtt=259.604ms, rto=943.407ms
Requesting segment #488
Received segment #397, rtt=260.344ms, rto=943.407ms
Requesting segment #489
Received segment #398, rtt=259.143ms, rto=941.793ms
Requesting segment #490
Received segment #399, rtt=260.057ms, rto=941.793ms
Requesting segment #491
Received segment #400, rtt=263.15ms, rto=940.169ms
Requesting segment #492
Received segment #401, rtt=263.697ms, rto=940.169ms
Requesting segment #493
Received segment #402, rtt=267.052ms, rto=938.578ms
Requesting segment #494
Received segment #403, rtt=267.775ms, rto=938.578ms
Requesting segment #495
Received segment #404, rtt=266.141ms, rto=936.96ms
Requesting segment #496
Received segment #405, rtt=266.954ms, rto=936.96ms
Requesting segment #497
Received segment #406, rtt=269.103ms, rto=935.334ms
Requesting segment #498
Received segment #407, rtt=276.432ms, rto=935.334ms
Requesting segment #499
Received segment #408, rtt=274.859ms, rto=933.704ms
Requesting segment #500
Received segment #409, rtt=275.731ms, rto=933.704ms
Requesting segment #501
Received segment #410, rtt=272.693ms, rto=932.03ms
Requesting segment #502
Received segment #411, rtt=273.391ms, rto=932.03ms
Requesting segment #503
Received segment #412, rtt=273.415ms, rto=930.376ms
Requesting segment #504
Received segment #413, rtt=274.132ms, rto=930.376ms
Requesting segment #505
Received segment #414, rtt=274.92ms, rto=928.722ms
Requesting segment #506
Received segment #415, rtt=275.816ms, rto=928.722ms
Requesting segment #507
Received segment #416, rtt=274.252ms, rto=927.021ms
Requesting segment #508
Received segment #417, rtt=275.688ms, rto=927.021ms
Requesting segment #509
Received segment #418, rtt=276.002ms, rto=925.326ms
Requesting segment #510
Received segment #419, rtt=276.651ms, rto=925.326ms
Requesting segment #511
Received segment #420, rtt=276.137ms, rto=923.641ms
Requesting segment #512
Received segment #421, rtt=277.892ms, rto=923.641ms
Requesting segment #513
Received segment #422, rtt=277.235ms, rto=921.962ms
Requesting segment #514
Received segment #423, rtt=277.406ms, rto=921.962ms
Requesting segment #515
Received segment #424, rtt=276.458ms, rto=920.264ms
Requesting segment #516
Received segment #425, rtt=277.147ms, rto=920.264ms
Requesting segment #517
Received segment #426, rtt=277.212ms, rto=918.575ms
Requesting segment #518
Received segment #427, rtt=278.388ms, rto=918.575ms
Requesting segment #519
Received segment #428, rtt=275.749ms, rto=917.066ms
Requesting segment #520
Received segment #429, rtt=277.81ms, rto=917.066ms
Requesting segment #521
Received segment #430, rtt=284.963ms, rto=915.567ms
Requesting segment #522
Received segment #431, rtt=289.828ms, rto=915.567ms
Requesting segment #523
Received segment #432, rtt=291.205ms, rto=914.081ms
Requesting segment #524
Received segment #433, rtt=292.596ms, rto=914.081ms
Requesting segment #525
Received segment #434, rtt=292.637ms, rto=912.579ms
Requesting segment #526
Received segment #435, rtt=293.713ms, rto=912.579ms
Requesting segment #527
Received segment #436, rtt=294.167ms, rto=911.099ms
Requesting segment #528
Received segment #437, rtt=294.69ms, rto=911.099ms
Requesting segment #529
Received segment #438, rtt=294.468ms, rto=909.603ms
Requesting segment #530
Received segment #439, rtt=294.932ms, rto=909.603ms
Requesting segment #531
Received segment #440, rtt=296.692ms, rto=908.108ms
Requesting segment #532
Received segment #441, rtt=300.82ms, rto=908.108ms
Requesting segment #533
Received segment #442, rtt=303.424ms, rto=906.603ms
Requesting segment #534
Received segment #443, rtt=306.081ms, rto=906.603ms
Requesting segment #535
Received segment #444, rtt=305.054ms, rto=905.077ms
Requesting segment #536
Received segment #445, rtt=306.977ms, rto=905.077ms
Requesting segment #537
Received segment #446, rtt=313.825ms, rto=903.56ms
Requesting segment #538
Received segment #447, rtt=314.723ms, rto=903.56ms
Requesting segment #539
Received segment #448, rtt=314.151ms, rto=902.017ms
Requesting segment #540
Received segment #449, rtt=316.238ms, rto=902.017ms
Requesting segment #541
Received segment #450, rtt=316.733ms, rto=900.476ms
Requesting segment #542
Received segment #451, rtt=318.039ms, rto=900.476ms
Requesting segment #543
Received segment #452, rtt=316.884ms, rto=898.863ms
Requesting segment #544
Received segment #453, rtt=320.367ms, rto=898.863ms
Requesting segment #545
Received segment #454, rtt=320.567ms, rto=897.251ms
Requesting segment #546
Received segment #455, rtt=322.947ms, rto=897.251ms
Requesting segment #547
Received segment #456, rtt=323.652ms, rto=895.639ms
Requesting segment #548
Received segment #457, rtt=328.326ms, rto=895.639ms
Requesting segment #549
Received segment #458, rtt=368.349ms, rto=894.042ms
Requesting segment #550
Received segment #459, rtt=369.107ms, rto=894.042ms
Requesting segment #551
Received segment #460, rtt=368.067ms, rto=892.978ms
Requesting segment #552
Received segment #461, rtt=369.922ms, rto=892.978ms
Requesting segment #553
Received segment #462, rtt=368.789ms, rto=891.403ms
Requesting segment #554
Received segment #463, rtt=369.328ms, rto=891.403ms
Requesting segment #555
Received segment #464, rtt=370.234ms, rto=890.4ms
Requesting segment #556
Received segment #465, rtt=371.377ms, rto=890.4ms
Requesting segment #557
Received segment #466, rtt=371.515ms, rto=888.864ms
Requesting segment #558
Received segment #467, rtt=371.964ms, rto=888.864ms
Requesting segment #559
Received segment #468, rtt=371.806ms, rto=887.329ms
Requesting segment #560
Received segment #469, rtt=372.702ms, rto=887.329ms
Requesting segment #561
Received segment #470, rtt=371.936ms, rto=885.832ms
Requesting segment #562
Received segment #471, rtt=372.554ms, rto=885.832ms
Requesting segment #563
Received segment #472, rtt=370.688ms, rto=884.383ms
Requesting segment #564
Received segment #473, rtt=371.358ms, rto=884.383ms
Requesting segment #565
Received segment #474, rtt=371.26ms, rto=882.964ms
Requesting segment #566
Received segment #475, rtt=371.777ms, rto=882.964ms
Requesting segment #567
Received segment #476, rtt=361.64ms, rto=882.338ms
Requesting segment #568
Received segment #477, rtt=365.092ms, rto=882.338ms
Requesting segment #569
Received segment #478, rtt=362.226ms, rto=881.781ms
Requesting segment #570
Received segment #479, rtt=363.071ms, rto=881.781ms
Requesting segment #571
Received segment #480, rtt=362.682ms, rto=881.239ms
Requesting segment #572
Received segment #481, rtt=363.333ms, rto=881.239ms
Requesting segment #573
Received segment #482, rtt=213.995ms, rto=876.809ms
Requesting segment #574
Received segment #483, rtt=220.113ms, rto=877.406ms
Requesting segment #575
Received segment #484, rtt=223.077ms, rto=877.406ms
Requesting segment #576
Received segment #485, rtt=225.193ms, rto=878.006ms
Requesting segment #577
Received segment #486, rtt=224.141ms, rto=878.596ms
Requesting segment #578
Received segment #487, rtt=224.54ms, rto=879.218ms
Requesting segment #579
Received segment #488, rtt=223.441ms, rto=879.844ms
Requesting segment #580
Received segment #489, rtt=223.937ms, rto=880.486ms
Requesting segment #581
Received segment #490, rtt=224.581ms, rto=881.078ms
Requesting segment #582
Received segment #491, rtt=226.915ms, rto=881.693ms
Requesting segment #583
Received segment #492, rtt=224.471ms, rto=882.405ms
Received segment #493, rtt=226.075ms, rto=883.126ms
Received segment #494, rtt=222.648ms, rto=883.953ms
Received segment #495, rtt=224.023ms, rto=884.795ms
Received segment #496, rtt=219.329ms, rto=885.57ms
Received segment #497, rtt=222.692ms, rto=886.364ms
Received segment #498, rtt=221.142ms, rto=887.222ms
Received segment #499, rtt=215.1ms, rto=888.32ms
Received segment #500, rtt=215.841ms, rto=889.354ms
Received segment #501, rtt=217.078ms, rto=890.405ms
Received segment #502, rtt=217.925ms, rto=891.342ms
Received segment #503, rtt=219.352ms, rto=892.291ms
Received segment #504, rtt=222.091ms, rto=893.231ms
Received segment #505, rtt=222.978ms, rto=894.184ms
Received segment #506, rtt=223.555ms, rto=895.154ms
Received segment #507, rtt=226.433ms, rto=896.143ms
Received segment #508, rtt=226.446ms, rto=897.068ms
Received segment #509, rtt=228.776ms, rto=898.031ms
Received segment #510, rtt=230.158ms, rto=898.995ms
Received segment #511, rtt=232.157ms, rto=899.969ms
Received segment #512, rtt=233.363ms, rto=900.915ms
Received segment #513, rtt=232.926ms, rto=901.911ms
Received segment #514, rtt=235.157ms, rto=902.872ms
Received segment #515, rtt=238.983ms, rto=903.829ms
Received segment #516, rtt=239.675ms, rto=904.743ms
Received segment #517, rtt=240.752ms, rto=905.669ms
Received segment #518, rtt=242.434ms, rto=906.587ms
Received segment #519, rtt=243.852ms, rto=907.534ms
Received segment #520, rtt=245.633ms, rto=908.381ms
Received segment #521, rtt=248.495ms, rto=909.287ms
Received segment #522, rtt=244.463ms, rto=910.429ms
Received segment #523, rtt=240.723ms, rto=911.725ms
Received segment #524, rtt=240.898ms, rto=913.055ms
Received segment #525, rtt=241.275ms, rto=914.42ms
Received segment #526, rtt=241.23ms, rto=915.773ms
Received segment #527, rtt=241ms, rto=917.149ms
Received segment #528, rtt=241.382ms, rto=918.528ms
Received segment #529, rtt=241.688ms, rto=919.912ms
Received segment #530, rtt=240.918ms, rto=921.274ms
Received segment #531, rtt=242.479ms, rto=922.639ms
Received segment #532, rtt=240.902ms, rto=924.05ms
Received segment #533, rtt=237.332ms, rto=925.59ms
Received segment #534, rtt=237.063ms, rto=927.205ms
Received segment #535, rtt=235.734ms, rto=928.896ms
Received segment #536, rtt=236.756ms, rto=930.536ms
Received segment #537, rtt=236.84ms, rto=932.227ms
Received segment #538, rtt=230.732ms, rto=934.138ms
Received segment #539, rtt=230.418ms, rto=936.063ms
Received segment #540, rtt=230.507ms, rto=937.951ms
Received segment #541, rtt=229.247ms, rto=939.895ms
Received segment #542, rtt=228.739ms, rto=941.839ms
Received segment #543, rtt=228.659ms, rto=943.81ms
Received segment #544, rtt=226.887ms, rto=945.725ms
Received segment #545, rtt=224.723ms, rto=947.743ms
Received segment #546, rtt=225.52ms, rto=949.751ms
Received segment #547, rtt=223.81ms, rto=951.822ms
Received segment #548, rtt=221.902ms, rto=953.901ms
Received segment #549, rtt=218.945ms, rto=956.121ms
Received segment #550, rtt=180.203ms, rto=959.695ms
Received segment #551, rtt=180.856ms, rto=963.269ms
Received segment #552, rtt=180.787ms, rto=966.781ms
Received segment #553, rtt=180.447ms, rto=970.33ms
Requesting segment #584
Received segment #554, rtt=181.416ms, rto=973.813ms
Requesting segment #585
Received segment #555, rtt=183.363ms, rto=977.29ms
Requesting segment #586
Received segment #556, rtt=182.853ms, rto=980.771ms
Requesting segment #587
Received segment #557, rtt=183.042ms, rto=984.266ms
Requesting segment #588
Received segment #558, rtt=183.366ms, rto=987.739ms
Requesting segment #589
Received segment #559, rtt=184.189ms, rto=991.202ms
Requesting segment #590
Received segment #560, rtt=187.596ms, rto=994.634ms
Requesting segment #591
Received segment #561, rtt=188.203ms, rto=998.07ms
Requesting segment #592
Received segment #562, rtt=188.954ms, rto=1001.45ms
Requesting segment #593
Received segment #563, rtt=190.204ms, rto=1004.83ms
Requesting segment #594
Received segment #564, rtt=190.886ms, rto=1008.12ms
Requesting segment #595
Received segment #565, rtt=198.198ms, rto=1011.41ms
Requesting segment #596
Received segment #566, rtt=199.384ms, rto=1014.67ms
Requesting segment #597
Received segment #567, rtt=200.232ms, rto=1017.92ms
Requesting segment #598
Received segment #568, rtt=199.512ms, rto=1020.81ms
Requesting segment #599
Received segment #569, rtt=196.525ms, rto=1023.78ms
Requesting segment #600
Received segment #570, rtt=194.968ms, rto=1026.64ms
Requesting segment #601
Received segment #571, rtt=195.255ms, rto=1029.5ms
Requesting segment #602
Received segment #572, rtt=199.516ms, rto=1032.32ms
Requesting segment #603
Received segment #573, rtt=201.863ms, rto=1035.14ms
Requesting segment #604
Received segment #574, rtt=181.512ms, rto=1032.83ms
Requesting segment #605
Received segment #575, rtt=231.756ms, rto=1030.73ms
Requesting segment #606
Received segment #576, rtt=230.768ms, rto=1028.74ms
Requesting segment #607
Received segment #577, rtt=230.096ms, rto=1026.82ms
Requesting segment #608
Received segment #578, rtt=230.036ms, rto=1024.88ms
Requesting segment #609
Received segment #579, rtt=229.587ms, rto=1022.95ms
Requesting segment #610
Received segment #580, rtt=232.493ms, rto=1020.99ms
Requesting segment #611
Received segment #581, rtt=234.185ms, rto=1019.06ms
Requesting segment #612
Received segment #582, rtt=232.783ms, rto=1017.15ms
Requesting segment #613
Received segment #584, rtt=115.213ms, rto=876.622ms
Requesting segment #614
Received segment #585, rtt=115.296ms, rto=871.541ms
Requesting segment #615
Received segment #586, rtt=113.035ms, rto=866.382ms
Requesting segment #616
Received segment #587, rtt=116.163ms, rto=861.294ms
Requesting segment #617
Received segment #588, rtt=117.614ms, rto=856.233ms
Requesting segment #618
Received segment #589, rtt=122.35ms, rto=851.192ms
Requesting segment #619
Received segment #590, rtt=127.792ms, rto=846.14ms
Requesting segment #620
Received segment #591, rtt=126.64ms, rto=840.922ms
Requesting segment #621
Received segment #592, rtt=137.372ms, rto=835.708ms
Requesting segment #622
Received segment #593, rtt=143.675ms, rto=830.494ms
Requesting segment #623
Received segment #594, rtt=156.135ms, rto=825.407ms
Requesting segment #624
Received segment #595, rtt=161.697ms, rto=820.407ms
Requesting segment #625
Received segment #596, rtt=155.784ms, rto=815.949ms
Requesting segment #626
Requesting segment #627
Received segment #597, rtt=157.874ms, rto=811.605ms
Requesting segment #628
Received segment #598, rtt=159.469ms, rto=807.353ms
Requesting segment #629
Received segment #599, rtt=164.198ms, rto=803.082ms
Requesting segment #630
Received segment #600, rtt=174.364ms, rto=798.639ms
Requesting segment #631
Received segment #601, rtt=191.272ms, rto=794.122ms
Requesting segment #632
Received segment #602, rtt=192.648ms, rto=789.661ms
Requesting segment #633
Received segment #603, rtt=195.633ms, rto=785.526ms
Requesting segment #634
Received segment #604, rtt=195.657ms, rto=781.583ms
Requesting segment #635
Received segment #605, rtt=197.627ms, rto=777.276ms
Requesting segment #636
Received segment #606, rtt=141.639ms, rto=775.448ms
Requesting segment #637
Received segment #607, rtt=142.096ms, rto=773.556ms
Requesting segment #638
Received segment #608, rtt=142.048ms, rto=771.623ms
Requesting segment #639
Received segment #609, rtt=142.645ms, rto=769.691ms
Requesting segment #640
Received segment #618, rtt=123.676ms, rto=762.08ms
Requesting segment #641
Received segment #619, rtt=119.402ms, rto=761.496ms
Requesting segment #642
Received segment #620, rtt=113.182ms, rto=760.569ms
Requesting segment #643
Received segment #621, rtt=111.664ms, rto=759.703ms
Requesting segment #644
Received segment #622, rtt=99.6315ms, rto=758.177ms
Requesting segment #645
Received segment #623, rtt=92.2495ms, rto=756.268ms
Requesting segment #646
Received segment #624, rtt=78.5084ms, rto=753.609ms
Requesting segment #647
Received segment #625, rtt=83.5258ms, rto=750.626ms
Requesting segment #648
Received segment #626, rtt=85.3697ms, rto=748.018ms
Requesting segment #649
Received segment #627, rtt=91.425ms, rto=748.018ms
Requesting segment #650
Received segment #610, rtt=179.684ms, rto=767.735ms
Requesting segment #651
Received segment #611, rtt=179.755ms, rto=765.984ms
Received segment #612, rtt=181.36ms, rto=764.353ms
Received segment #613, rtt=182.483ms, rto=762.628ms
Received segment #614, rtt=181.543ms, rto=762.574ms
Received segment #615, rtt=181.62ms, rto=762.495ms
Received segment #616, rtt=182.23ms, rto=762.533ms
Received segment #617, rtt=179.674ms, rto=762.36ms
Received segment #628, rtt=157.49ms, rto=745.38ms
Received segment #629, rtt=157.484ms, rto=742.662ms
Received segment #630, rtt=155.807ms, rto=739.68ms
Received segment #631, rtt=147.703ms, rto=736.121ms
Received segment #632, rtt=131.625ms, rto=732.102ms
Received segment #633, rtt=129.58ms, rto=728.205ms
Retransmitting segment #99
Retransmitting segment #98
Retransmitting segment #101
Retransmitting segment #100
Retransmitting segment #120
Retransmitting segment #121
Retransmitting segment #122
Retransmitting segment #123
Retransmitting segment #126
Retransmitting segment #127
Retransmitting segment #128
Retransmitting segment #129
Retransmitting segment #130
Received segment #634, rtt=146.913ms, rto=724.535ms
Retransmitting segment #131
Received segment #635, rtt=145.221ms, rto=720.893ms
Retransmitting segment #132
Received segment #636, rtt=143.955ms, rto=717.409ms
Retransmitting segment #133
Received segment #637, rtt=143.708ms, rto=715.947ms
Retransmitting segment #134
Received segment #638, rtt=146.058ms, rto=714.458ms
Retransmitting segment #135
Received segment #639, rtt=145.406ms, rto=712.971ms
Retransmitting segment #136
Received segment #640, rtt=145.237ms, rto=711.45ms
Retransmitting segment #137
Received segment #641, rtt=149.564ms, rto=711.04ms
Retransmitting segment #228
Received segment #642, rtt=150.84ms, rto=710.868ms
Retransmitting segment #227
Received segment #643, rtt=153.826ms, rto=711.044ms
Retransmitting segment #226
Received segment #644, rtt=154.594ms, rto=711.288ms
Retransmitting segment #212
Received segment #645, rtt=155.779ms, rto=712.217ms
Retransmitting segment #213
Received segment #646, rtt=156.946ms, rto=713.549ms
Retransmitting segment #214
Received segment #647, rtt=160.534ms, rto=715.651ms
Retransmitting segment #215
Received segment #648, rtt=165.964ms, rto=717.415ms
Retransmitting segment #229
Retransmitting segment #230
Received segment #649, rtt=168.03ms, rto=719.031ms
Retransmitting segment #231
Received segment #650, rtt=163.301ms, rto=720.254ms
Retransmitting segment #232
Received segment #651, rtt=177.327ms, rto=716.272ms
Retransmitting segment #233
Received segment #99, rtt=159.334ms, rto=673.27ms
Requesting segment #652
Received segment #98, rtt=163.438ms, rto=673.27ms
Requesting segment #653
Received segment #101, rtt=164.032ms, rto=673.27ms
Requesting segment #654
Received segment #100, rtt=165.538ms, rto=673.27ms
Requesting segment #655
Received segment #120, rtt=166.813ms, rto=673.27ms
Requesting segment #656
Received segment #121, rtt=168.167ms, rto=673.27ms
Requesting segment #657
Received segment #122, rtt=169.552ms, rto=673.27ms
Requesting segment #658
Received segment #123, rtt=170.913ms, rto=673.27ms
Requesting segment #659
Received segment #126, rtt=172.311ms, rto=673.27ms
Requesting segment #660
Received segment #127, rtt=173.744ms, rto=673.27ms
Requesting segment #661
Received segment #128, rtt=175.123ms, rto=673.27ms
Requesting segment #662
Received segment #129, rtt=176.673ms, rto=673.27ms
Requesting segment #663
Received segment #130, rtt=178.029ms, rto=673.27ms
Requesting segment #664
Received segment #131, rtt=166.618ms, rto=669.72ms
Requesting segment #665
Received segment #132, rtt=167.39ms, rto=666.387ms
Requesting segment #666
Received segment #133, rtt=167.473ms, rto=663.216ms
Requesting segment #667
Received segment #134, rtt=168.939ms, rto=660.085ms
Requesting segment #668
Received segment #135, rtt=169.613ms, rto=656.688ms
Requesting segment #669
Received segment #136, rtt=169.81ms, rto=653.385ms
Requesting segment #670
Received segment #137, rtt=168.408ms, rto=650.116ms
Requesting segment #671
Received segment #228, rtt=165.712ms, rto=646.355ms
Requesting segment #672
Received segment #227, rtt=166.863ms, rto=642.471ms
Requesting segment #673
Received segment #652, rtt=55.8411ms, rto=597.964ms
Requesting segment #674
Received segment #226, rtt=169.08ms, rto=638.269ms
Requesting segment #675
Received segment #212, rtt=171.137ms, rto=634.014ms
Requesting segment #676
Received segment #213, rtt=172.189ms, rto=629.662ms
Requesting segment #677
Received segment #214, rtt=173.069ms, rto=625.217ms
Requesting segment #678
Received segment #653, rtt=56.1099ms, rto=597.964ms
Requesting segment #679
Received segment #654, rtt=56.9964ms, rto=597.964ms
Requesting segment #680
Received segment #655, rtt=57.3727ms, rto=597.964ms
Requesting segment #681
Requesting segment #682
Received segment #656, rtt=58.2165ms, rto=597.964ms
Requesting segment #683
Received segment #215, rtt=178.614ms, rto=620.397ms
Requesting segment #684
Received segment #657, rtt=59ms, rto=597.964ms
Requesting segment #685
Received segment #658, rtt=59.6089ms, rto=597.964ms
Requesting segment #686
Received segment #229, rtt=186.739ms, rto=614.998ms
Requesting segment #687
Received segment #230, rtt=188.322ms, rto=614.998ms
Requesting segment #688
Received segment #231, rtt=184.199ms, rto=609.427ms
Requesting segment #689
Received segment #232, rtt=184.257ms, rto=604.487ms
Requesting segment #690
Received segment #659, rtt=86.5006ms, rto=597.964ms
Requesting segment #691
Received segment #660, rtt=85.7869ms, rto=597.964ms
Requesting segment #692
Received segment #661, rtt=85.088ms, rto=597.964ms
Requesting segment #693
Received segment #233, rtt=162.172ms, rto=597.964ms
Requesting segment #694
Received segment #662, rtt=85.2177ms, rto=597.964ms
Received segment #663, rtt=84.4221ms, rto=597.964ms
Received segment #664, rtt=83.5616ms, rto=597.964ms
Received segment #665, rtt=80.846ms, rto=597.964ms
Received segment #666, rtt=79.6645ms, rto=597.964ms
Received segment #667, rtt=79.9341ms, rto=597.964ms
Received segment #668, rtt=78.4818ms, rto=597.964ms
Received segment #669, rtt=89.4115ms, rto=597.964ms
Received segment #670, rtt=89.2602ms, rto=597.964ms
Received segment #671, rtt=89.8562ms, rto=597.964ms
Received segment #672, rtt=88.1509ms, rto=597.964ms
Received segment #673, rtt=93.4238ms, rto=597.964ms
Received segment #674, rtt=93.8455ms, rto=605.779ms
Received segment #675, rtt=92.438ms, rto=605.779ms
Received segment #676, rtt=91.0758ms, rto=605.779ms
Received segment #677, rtt=90.6759ms, rto=605.779ms
Received segment #678, rtt=89.2951ms, rto=605.779ms
Requesting segment #695
Received segment #679, rtt=88.4818ms, rto=613.313ms
Requesting segment #696
Received segment #680, rtt=88.6581ms, rto=620.499ms
Requesting segment #697
Received segment #681, rtt=87.9058ms, rto=627.405ms
Requesting segment #698
Received segment #682, rtt=89.258ms, rto=627.405ms
Requesting segment #699
Received segment #683, rtt=88.7395ms, rto=633.595ms
Requesting segment #700
Received segment #684, rtt=88.4792ms, rto=633.595ms
Requesting segment #701
Received segment #685, rtt=89.8263ms, rto=639.5ms
Requesting segment #702
Received segment #686, rtt=89.1957ms, rto=645.145ms
Requesting segment #703
Received segment #687, rtt=82.4282ms, rto=645.145ms
Requesting segment #704
Received segment #688, rtt=82.253ms, rto=645.145ms
Requesting segment #705
Received segment #689, rtt=81.6755ms, rto=645.145ms
Requesting segment #706
Received segment #690, rtt=84.7858ms, rto=645.145ms
Requesting segment #707
Received segment #691, rtt=85.5178ms, rto=647.637ms
Requesting segment #708
Received segment #692, rtt=86.2544ms, rto=650.093ms
Requesting segment #709
Received segment #693, rtt=86.8186ms, rto=652.511ms
Requesting segment #710
Received segment #694, rtt=88.3946ms, rto=652.511ms
Requesting segment #711
Requesting segment #712
Received segment #695, rtt=63.4006ms, rto=674.756ms
Requesting segment #713
Received segment #696, rtt=61.634ms, rto=674.676ms
Requesting segment #714
Received segment #697, rtt=60.0954ms, rto=674.337ms
Requesting segment #715
Received segment #698, rtt=59.5131ms, rto=673.942ms
Requesting segment #716
Received segment #699, rtt=58.2597ms, rto=673.056ms
Requesting segment #717
Received segment #700, rtt=57.234ms, rto=672.089ms
Requesting segment #718
Received segment #701, rtt=56.7638ms, rto=670.992ms
Requesting segment #719
Received segment #702, rtt=55.2804ms, rto=669.434ms
Requesting segment #720
Received segment #703, rtt=54.621ms, rto=667.848ms
Requesting segment #721
Received segment #704, rtt=44.6455ms, rto=667.515ms
Requesting segment #722
Received segment #705, rtt=43.5722ms, rto=667.006ms
Requesting segment #723
Received segment #706, rtt=42.452ms, rto=666.413ms
Requesting segment #724
Received segment #707, rtt=38.644ms, rto=664.97ms
Requesting segment #725
Received segment #708, rtt=37.4316ms, rto=663.211ms
Requesting segment #726
Received segment #709, rtt=36.1223ms, rto=661.149ms
Requesting segment #727
Received segment #710, rtt=35.0335ms, rto=658.832ms
Requesting segment #728
Received segment #711, rtt=32.5255ms, rto=656.061ms
Requesting segment #729
Received segment #712, rtt=32.6318ms, rto=656.061ms
Requesting segment #730
Received segment #713, rtt=20.2603ms, rto=658.393ms
Requesting segment #731
Requesting segment #732
Received segment #714, rtt=22.5766ms, rto=660.767ms
Requesting segment #733
Received segment #715, rtt=23.0688ms, rto=663.133ms
Requesting segment #734
Received segment #716, rtt=23.203ms, rto=665.29ms
Requesting segment #735
Received segment #717, rtt=23.8485ms, rto=667.385ms
Requesting segment #736
Received segment #718, rtt=23.9617ms, rto=669.372ms
Requesting segment #737
Received segment #719, rtt=23.8844ms, rto=671.139ms
Requesting segment #738
Received segment #720, rtt=24.0383ms, rto=672.905ms
Requesting segment #739
Received segment #721, rtt=24.2847ms, rto=674.497ms
Requesting segment #740
Received segment #722, rtt=23.416ms, rto=677.863ms
Requesting segment #741
Received segment #723, rtt=24.014ms, rto=681.069ms
Requesting segment #742
Received segment #724, rtt=26.0157ms, rto=684.13ms
Requesting segment #743
Received segment #725, rtt=25.819ms, rto=687.611ms
Requesting segment #744
Received segment #726, rtt=26.3757ms, rto=690.95ms
Requesting segment #745
Received segment #727, rtt=27.3415ms, rto=694.171ms
Requesting segment #746
Received segment #728, rtt=27.4125ms, rto=697.233ms
Requesting segment #747
Received segment #729, rtt=29.0529ms, rto=700.436ms
Requesting segment #748
Received segment #730, rtt=29.6954ms, rto=703.226ms
Requesting segment #749
Received segment #731, rtt=52.8352ms, rto=708.22ms
Requesting segment #750
Received segment #732, rtt=53.7183ms, rto=708.22ms
Requesting segment #751
Received segment #733, rtt=52.7193ms, rto=711.856ms
Requesting segment #752
Requesting segment #753
Received segment #734, rtt=53.1935ms, rto=715.048ms
Requesting segment #754
Received segment #735, rtt=53.1732ms, rto=717.881ms
Requesting segment #755
Received segment #736, rtt=53.4199ms, rto=720.27ms
Requesting segment #756
Received segment #737, rtt=54.6103ms, rto=722.332ms
Requesting segment #757
Received segment #738, rtt=55.1493ms, rto=724.113ms
Requesting segment #758
Received segment #739, rtt=54.9196ms, rto=725.58ms
Requesting segment #759
Received segment #740, rtt=55.4458ms, rto=726.728ms
Requesting segment #760
Received segment #741, rtt=54.7507ms, rto=727.776ms
Requesting segment #761
Received segment #742, rtt=54.4917ms, rto=728.452ms
Requesting segment #762
Received segment #743, rtt=53.4582ms, rto=728.508ms
Requesting segment #763
Received segment #744, rtt=53.5964ms, rto=728.38ms
Requesting segment #764
Received segment #745, rtt=53.3652ms, rto=727.932ms
Requesting segment #765
Received segment #746, rtt=52.8669ms, rto=727.101ms
Requesting segment #766
Received segment #747, rtt=53.2657ms, rto=726.068ms
Requesting segment #767
Received segment #748, rtt=51.8542ms, rto=724.548ms
Requesting segment #768
Received segment #749, rtt=51.7646ms, rto=722.747ms
Requesting segment #769
Received segment #750, rtt=43.9317ms, rto=716.457ms
Requesting segment #770
Received segment #751, rtt=44.0749ms, rto=710.028ms
Requesting segment #771
Received segment #752, rtt=43.8912ms, rto=703.821ms
Requesting segment #772
Received segment #753, rtt=44.9681ms, rto=703.821ms
Requesting segment #773
Received segment #754, rtt=44.5473ms, rto=697.552ms
Requesting segment #774
Requesting segment #775
Received segment #755, rtt=44.6325ms, rto=691.319ms
Requesting segment #776
Received segment #756, rtt=44.2733ms, rto=685.072ms
Requesting segment #777
Received segment #757, rtt=43.1034ms, rto=678.636ms
Requesting segment #778
Received segment #758, rtt=42.9216ms, rto=672.144ms
Requesting segment #779
Received segment #759, rtt=42.7979ms, rto=665.743ms
Requesting segment #780
Received segment #760, rtt=42.0449ms, rto=659.291ms
Requesting segment #781
Received segment #761, rtt=40.771ms, rto=653.021ms
Requesting segment #782
Received segment #762, rtt=40.8779ms, rto=646.845ms
Requesting segment #783
Received segment #763, rtt=44.0261ms, rto=640.907ms
Requesting segment #784
Received segment #764, rtt=43.9007ms, rto=634.981ms
Requesting segment #785
Received segment #765, rtt=44.4092ms, rto=629.137ms
Requesting segment #786
Received segment #766, rtt=44.436ms, rto=623.424ms
Requesting segment #787
Received segment #767, rtt=44.5423ms, rto=617.67ms
Requesting segment #788
Received segment #768, rtt=44.5212ms, rto=612.219ms
Requesting segment #789
Received segment #769, rtt=44.558ms, rto=606.811ms
Requesting segment #790
Received segment #770, rtt=43.9772ms, rto=602.9ms
Requesting segment #791
Received segment #771, rtt=43.7419ms, rto=598.934ms
Requesting segment #792
Received segment #772, rtt=43.5454ms, rto=594.975ms
Requesting segment #793
Received segment #773, rtt=43.1575ms, rto=590.79ms
Requesting segment #794
Received segment #774, rtt=43.3803ms, rto=586.668ms
Requesting segment #795
Received segment #775, rtt=43.8891ms, rto=586.668ms
Requesting segment #796
Retransmitting segment #583
Received segment #776, rtt=43.7733ms, rto=582.893ms
Requesting segment #797
Requesting segment #798
Received segment #777, rtt=43.8648ms, rto=579.167ms
Requesting segment #799
Received segment #778, rtt=44.061ms, rto=575.628ms
Requesting segment #800
Received segment #779, rtt=43.6221ms, rto=572.103ms
Requesting segment #801
Received segment #780, rtt=44.2058ms, rto=568.581ms
Requesting segment #802
Received segment #781, rtt=44.2587ms, rto=565.171ms
Requesting segment #803
Received segment #782, rtt=44.1113ms, rto=561.958ms
Requesting segment #804
Received segment #783, rtt=44.3058ms, rto=558.701ms
Requesting segment #805
Received segment #784, rtt=41.1054ms, rto=554.884ms
Requesting segment #806
Received segment #785, rtt=42.1093ms, rto=551.086ms
Requesting segment #807
Received segment #786, rtt=41.8291ms, rto=547.199ms
Requesting segment #808
Received segment #787, rtt=42.2109ms, rto=543.308ms
Requesting segment #809
Received segment #788, rtt=42.6942ms, rto=539.402ms
Requesting segment #810
Received segment #789, rtt=45.4343ms, rto=535.505ms
Requesting segment #811
Received segment #790, rtt=45.4821ms, rto=531.606ms
Requesting segment #812
Received segment #583, rtt=26.3304ms, rto=509.254ms
Requesting segment #813
Received segment #791, rtt=31.0111ms, rto=527.812ms
Requesting segment #814
Received segment #792, rtt=30.6452ms, rto=524.061ms
Requesting segment #815
Received segment #793, rtt=29.9975ms, rto=520.347ms
Requesting segment #816
Received segment #794, rtt=29.9711ms, rto=516.702ms
Requesting segment #817
Received segment #795, rtt=30.0057ms, rto=513.02ms
Requesting segment #818
Received segment #796, rtt=30.4056ms, rto=509.254ms
Requesting segment #819
Received segment #797, rtt=31.4268ms, rto=505.515ms
Requesting segment #820
Received segment #798, rtt=32.7908ms, rto=505.515ms
Requesting segment #821
Requesting segment #822
Received segment #799, rtt=33.5051ms, rto=501.768ms
Requesting segment #823
Received segment #800, rtt=34.699ms, rto=497.996ms
Requesting segment #824
Received segment #801, rtt=34.2947ms, rto=494.309ms
Requesting segment #825
Received segment #802, rtt=33.4518ms, rto=490.531ms
Requesting segment #826
Received segment #803, rtt=33.8787ms, rto=486.756ms
Requesting segment #827
Received segment #804, rtt=32.0713ms, rto=483.02ms
Requesting segment #828
Received segment #805, rtt=31.8197ms, rto=479.264ms
Requesting segment #829
Received segment #806, rtt=31.7275ms, rto=476.068ms
Requesting segment #830
Received segment #807, rtt=30.486ms, rto=472.697ms
Requesting segment #831
Received segment #808, rtt=30.3816ms, rto=469.376ms
Requesting segment #832
Received segment #809, rtt=30.9746ms, rto=465.993ms
Requesting segment #833
Received segment #810, rtt=30.2911ms, rto=462.532ms
Requesting segment #834
Received segment #811, rtt=28.0113ms, rto=458.612ms
Requesting segment #835
Received segment #812, rtt=28.2616ms, rto=454.711ms
Requesting segment #836
Received segment #813, rtt=26.112ms, rto=454.711ms
Requesting segment #837
Received segment #814, rtt=27.5203ms, rto=453.302ms
Requesting segment #838
Received segment #815, rtt=27.7203ms, rto=451.894ms
Requesting segment #839
Received segment #816, rtt=27.912ms, rto=450.535ms
Requesting segment #840
Received segment #817, rtt=28.4513ms, rto=449.119ms
Requesting segment #841
Received segment #818, rtt=28.2844ms, rto=447.636ms
Requesting segment #842
Received segment #819, rtt=27.7745ms, rto=446.027ms
Requesting segment #843
Received segment #820, rtt=26.7511ms, rto=444.191ms
Requesting segment #844
Received segment #821, rtt=26.0789ms, rto=442.079ms
Requesting segment #845
Received segment #822, rtt=26.8387ms, rto=442.079ms
Requesting segment #846
Requesting segment #847
Received segment #823, rtt=25.9801ms, rto=439.999ms
Requesting segment #848
Received segment #824, rtt=24.6426ms, rto=437.709ms
Requesting segment #849
Received segment #825, rtt=25.6323ms, rto=435.466ms
Requesting segment #850
Received segment #826, rtt=27.8286ms, rto=433.337ms
Requesting segment #851
Received segment #827, rtt=27.7344ms, rto=431.121ms
Requesting segment #852
Received segment #828, rtt=27.7484ms, rto=429.17ms
Requesting segment #853
Received segment #829, rtt=28.0745ms, rto=427.232ms
Requesting segment #854
Received segment #830, rtt=30.4697ms, rto=425.283ms
Requesting segment #855
Received segment #831, rtt=30.5019ms, rto=423.503ms
Requesting segment #856
Received segment #832, rtt=30.2495ms, rto=421.71ms
Requesting segment #857
Received segment #833, rtt=28.9547ms, rto=419.794ms
Requesting segment #858
Received segment #834, rtt=28.5844ms, rto=417.961ms
Requesting segment #859
Received segment #835, rtt=28.2667ms, rto=416.456ms
Requesting segment #860
Received segment #836, rtt=27.8541ms, rto=414.875ms
Requesting segment #861
Received segment #837, rtt=24.2516ms, rto=413.594ms
Requesting segment #862
Received segment #838, rtt=23.4475ms, rto=412.05ms
Requesting segment #863
Received segment #839, rtt=23.2102ms, rto=410.438ms
Requesting segment #864
Received segment #840, rtt=23.4734ms, rto=408.764ms
Requesting segment #865
Received segment #841, rtt=22.7371ms, rto=406.974ms
Requesting segment #866
Received segment #842, rtt=22.642ms, rto=405.184ms
Requesting segment #867
Received segment #843, rtt=23.2383ms, rto=403.448ms
Requesting segment #868
Received segment #844, rtt=24.8133ms, rto=401.844ms
Requesting segment #869
Received segment #845, rtt=24.1766ms, rto=400.313ms
Requesting segment #870
Received segment #846, rtt=23.4313ms, rto=398.63ms
Requesting segment #871
Received segment #847, rtt=23.818ms, rto=398.63ms
Requesting segment #872
Requesting segment #873
Received segment #848, rtt=23.9591ms, rto=397.052ms
Requesting segment #874
Received segment #849, rtt=23.7028ms, rto=395.652ms
Requesting segment #875
Received segment #850, rtt=23.2788ms, rto=394.06ms
Requesting segment #876
Received segment #851, rtt=21.7004ms, rto=392.094ms
Requesting segment #877
Received segment #852, rtt=21.5261ms, rto=390.126ms
Requesting segment #878
Received segment #853, rtt=20.9068ms, rto=388.137ms
Requesting segment #879
Received segment #854, rtt=20.3268ms, rto=386.081ms
Requesting segment #880
Received segment #855, rtt=17.5139ms, rto=383.637ms
Requesting segment #881
Received segment #856, rtt=17.9179ms, rto=381.187ms
Requesting segment #882
Received segment #857, rtt=18.4591ms, rto=378.776ms
Requesting segment #883
Received segment #858, rtt=18.688ms, rto=376.567ms
Requesting segment #884
Received segment #859, rtt=19.2067ms, rto=374.408ms
Requesting segment #885
Received segment #860, rtt=19.7611ms, rto=372.292ms
Requesting segment #886
Received segment #861, rtt=21.7116ms, rto=370.231ms
Requesting segment #887
Received segment #862, rtt=22.696ms, rto=368.722ms
Requesting segment #888
Received segment #863, rtt=22.3395ms, rto=367.311ms
Requesting segment #889
Received segment #864, rtt=22.5846ms, rto=365.907ms
Requesting segment #890
Received segment #865, rtt=22.7514ms, rto=364.43ms
Requesting segment #891
Received segment #866, rtt=23.1526ms, rto=363.04ms
Requesting segment #892
Received segment #867, rtt=23.654ms, rto=361.635ms
Requesting segment #893
Received segment #868, rtt=23.7386ms, rto=360.106ms
Requesting segment #894
Received segment #869, rtt=23.0781ms, rto=358.306ms
Requesting segment #895
Received segment #870, rtt=24.0473ms, rto=356.588ms
Requesting segment #896
Received segment #871, rtt=24.6856ms, rto=354.968ms
Requesting segment #897
Received segment #872, rtt=27.1771ms, rto=353.266ms
Requesting segment #898
Received segment #873, rtt=27.6192ms, rto=353.266ms
Requesting segment #899
Requesting segment #900
Received segment #874, rtt=27.9656ms, rto=351.658ms
Requesting segment #901
Received segment #875, rtt=32.219ms, rto=350.072ms
Requesting segment #902
Received segment #876, rtt=32.1057ms, rto=348.532ms
Requesting segment #903
Received segment #877, rtt=32.0288ms, rto=347.204ms
Requesting segment #904
Received segment #878, rtt=33.3542ms, rto=345.878ms
Requesting segment #905
Received segment #879, rtt=32.8896ms, rto=344.621ms
Requesting segment #906
Received segment #880, rtt=32.5029ms, rto=343.423ms
Requesting segment #907
Received segment #881, rtt=32.1016ms, rto=342.605ms
Requesting segment #908
Received segment #882, rtt=32.2603ms, rto=341.692ms
Requesting segment #909
Received segment #883, rtt=31.8812ms, rto=340.668ms
Requesting segment #910
Received segment #884, rtt=32.0453ms, rto=339.58ms
Requesting segment #911
Received segment #885, rtt=32.227ms, rto=338.389ms
Requesting segment #912
Received segment #886, rtt=31.3704ms, rto=337.094ms
Requesting segment #913
Received segment #887, rtt=29.5898ms, rto=335.495ms
Requesting segment #914
Received segment #888, rtt=26.9384ms, rto=333.743ms
Requesting segment #915
Received segment #889, rtt=28.1101ms, rto=332.034ms
Requesting segment #916
Received segment #890, rtt=28.4046ms, rto=330.282ms
Requesting segment #917
Received segment #891, rtt=29.4416ms, rto=328.5ms
Requesting segment #918
Received segment #892, rtt=30.2846ms, rto=326.653ms
Requesting segment #919
Received segment #893, rtt=34.0355ms, rto=324.732ms
Requesting segment #920
Received segment #894, rtt=35.1395ms, rto=322.797ms
Requesting segment #921
Received segment #895, rtt=35.1302ms, rto=320.958ms
Requesting segment #922
Received segment #896, rtt=35.4605ms, rto=318.977ms
Requesting segment #923
Received segment #897, rtt=37.4254ms, rto=316.906ms
Requesting segment #924
Received segment #898, rtt=46.419ms, rto=314.481ms
Requesting segment #925
Received segment #899, rtt=48.5771ms, rto=312.009ms
Requesting segment #926
Received segment #900, rtt=49.961ms, rto=312.009ms
Requesting segment #927
Requesting segment #928
Received segment #901, rtt=49.5132ms, rto=309.504ms
Requesting segment #929
Received segment #902, rtt=45.2221ms, rto=306.407ms
Requesting segment #930
Received segment #903, rtt=45.9203ms, rto=303.363ms
Requesting segment #931
Received segment #904, rtt=46.4613ms, rto=300.368ms
Requesting segment #932
Received segment #905, rtt=44.8511ms, rto=297.218ms
Requesting segment #933
Received segment #906, rtt=45.2709ms, rto=294.176ms
Requesting segment #934
Received segment #907, rtt=45.7876ms, rto=291.229ms
Requesting segment #935
Received segment #908, rtt=46.2641ms, rto=288.376ms
Requesting segment #936
Received segment #909, rtt=47.8639ms, rto=285.535ms
Requesting segment #937
Received segment #910, rtt=47.512ms, rto=282.783ms
Requesting segment #938
Received segment #911, rtt=48.4503ms, rto=280.04ms
Requesting segment #939
Received segment #912, rtt=48.0153ms, rto=277.304ms
Requesting segment #940
Received segment #913, rtt=48.9244ms, rto=274.724ms
Requesting segment #941
Received segment #914, rtt=50.3277ms, rto=272.43ms
Requesting segment #942
Received segment #915, rtt=51.1298ms, rto=270.539ms
Requesting segment #943
Received segment #916, rtt=53.9416ms, rto=268.489ms
Requesting segment #944
Received segment #917, rtt=54.8502ms, rto=266.41ms
Requesting segment #945
Received segment #918, rtt=55.3599ms, rto=264.197ms
Requesting segment #946
Received segment #919, rtt=67.1093ms, rto=261.883ms
Requesting segment #947
Received segment #920, rtt=65.2818ms, rto=259.051ms
Requesting segment #948
Received segment #921, rtt=67.657ms, rto=256.099ms
Requesting segment #949
Received segment #922, rtt=67.1675ms, rto=253.193ms
Requesting segment #950
Received segment #923, rtt=72.2169ms, rto=250.282ms
Requesting segment #951
Received segment #924, rtt=71.6549ms, rto=247.131ms
Requesting segment #952
Received segment #925, rtt=86.9772ms, rto=243.745ms
Requesting segment #953
Received segment #926, rtt=85.7084ms, rto=240.772ms
Requesting segment #954
Received segment #927, rtt=87.1328ms, rto=238.074ms
Requesting segment #955
Received segment #928, rtt=89.1974ms, rto=238.074ms
Requesting segment #956
Requesting segment #957
Received segment #929, rtt=91.5838ms, rto=235.541ms
Requesting segment #958
Received segment #930, rtt=92.9389ms, rto=232.395ms
Requesting segment #959
Received segment #931, rtt=93.1027ms, rto=229.408ms
Requesting segment #960
Received segment #932, rtt=96.6212ms, rto=226.554ms
Requesting segment #961
Received segment #933, rtt=98.7694ms, rto=223.502ms
Requesting segment #962
Received segment #934, rtt=105.179ms, rto=220.568ms
Requesting segment #963
Received segment #935, rtt=105.766ms, rto=217.761ms
Requesting segment #964
Received segment #936, rtt=105.712ms, rto=215.075ms
Requesting segment #965
Received segment #937, rtt=104.965ms, rto=212.675ms
Requesting segment #966
Received segment #938, rtt=105.882ms, rto=210.26ms
Requesting segment #967
Received segment #939, rtt=105.007ms, rto=208.026ms
Requesting segment #968
Received segment #940, rtt=106.127ms, rto=205.76ms
Requesting segment #969
Received segment #941, rtt=107.918ms, rto=203.667ms
Requesting segment #970
Received segment #942, rtt=108.925ms, rto=201.818ms
Requesting segment #971
Received segment #943, rtt=108.537ms, rto=200.116ms
Requesting segment #972
Received segment #944, rtt=105.67ms, rto=200ms
Requesting segment #973
Received segment #945, rtt=109.366ms, rto=200ms
Requesting segment #974
Received segment #946, rtt=110.046ms, rto=200ms
Requesting segment #975
Received segment #947, rtt=106.914ms, rto=200ms
Requesting segment #976
Received segment #948, rtt=111.832ms, rto=200ms
Requesting segment #977
Received segment #949, rtt=111.338ms, rto=200ms
Requesting segment #978
Received segment #950, rtt=116.07ms, rto=200ms
Requesting segment #979
Received segment #951, rtt=117.629ms, rto=200.771ms
Requesting segment #980
Received segment #952, rtt=117.59ms, rto=202.016ms
Requesting segment #981
Received segment #953, rtt=109.235ms, rto=205.532ms
Requesting segment #982
Received segment #954, rtt=111.938ms, rto=208.743ms
Requesting segment #983
Received segment #955, rtt=110.464ms, rto=212.065ms
Requesting segment #984
Received segment #956, rtt=111.868ms, rto=215.593ms
Requesting segment #985
Received segment #957, rtt=112.715ms, rto=215.593ms
Requesting segment #986
Requesting segment #987
Received segment #958, rtt=111.291ms, rto=219.368ms
Requesting segment #988
Received segment #959, rtt=110.457ms, rto=223.228ms
Requesting segment #989
Received segment #960, rtt=112.858ms, rto=226.99ms
Requesting segment #990
Received segment #961, rtt=121.294ms, rto=231.164ms
Requesting segment #991
Received segment #962, rtt=125.934ms, rto=235.531ms
Requesting segment #992
Received segment #963, rtt=131.816ms, rto=240.734ms
Requesting segment #993
Received segment #964, rtt=132.353ms, rto=245.865ms
Requesting segment #994
Received segment #965, rtt=133.392ms, rto=250.829ms
Requesting segment #995
Received segment #966, rtt=135.26ms, rto=255.525ms
Requesting segment #996
Received segment #967, rtt=135.483ms, rto=260.21ms
Requesting segment #997
Received segment #968, rtt=137.869ms, rto=264.614ms
Requesting segment #998
Received segment #969, rtt=138.263ms, rto=269.044ms
Requesting segment #999
Received segment #970, rtt=140.6ms, rto=273.603ms
Requesting segment #1000
Received segment #971, rtt=141.584ms, rto=278.167ms
Requesting segment #1001
Received segment #972, rtt=140.618ms, rto=282.523ms
Requesting segment #1002
Received segment #973, rtt=156.374ms, rto=286.3ms
Requesting segment #1003
Received segment #974, rtt=157.013ms, rto=290.509ms
Requesting segment #1004
Received segment #975, rtt=162.895ms, rto=294.681ms
Requesting segment #1005
Received segment #976, rtt=167.217ms, rto=298.236ms
Requesting segment #1006
Received segment #977, rtt=163.316ms, rto=302.413ms
Requesting segment #1007
Received segment #978, rtt=166.772ms, rto=306.373ms
Requesting segment #1008
Received segment #979, rtt=164.633ms, rto=310.915ms
Requesting segment #1009
Received segment #980, rtt=166.604ms, rto=315.541ms
Requesting segment #1010
Received segment #981, rtt=166.604ms, rto=320.007ms
Requesting segment #1011
Received segment #982, rtt=165.298ms, rto=323.053ms
Requesting segment #1012
Received segment #983, rtt=166.108ms, rto=326.395ms
Requesting segment #1013
Received segment #984, rtt=167.528ms, rto=329.39ms
Requesting segment #1014
Received segment #985, rtt=167.451ms, rto=332.483ms
Requesting segment #1015
Received segment #986, rtt=168.699ms, rto=335.587ms
Requesting segment #1016
Received segment #987, rtt=168.835ms, rto=335.587ms
Requesting segment #1017
Requesting segment #1018
Received segment #988, rtt=167.727ms, rto=338.172ms
Requesting segment #1019
Received segment #989, rtt=168.268ms, rto=340.543ms
Requesting segment #1020
Received segment #990, rtt=168.127ms, rto=343.164ms
Requesting segment #1021
Received segment #991, rtt=158.862ms, rto=346.882ms
Requesting segment #1022
Received segment #992, rtt=152.371ms, rto=351.134ms
Requesting segment #1023
Received segment #993, rtt=145.443ms, rto=356.082ms
Requesting segment #1024
Received segment #994, rtt=146.622ms, rto=360.952ms
Requesting segment #1025
Received segment #995, rtt=145.421ms, rto=365.817ms
Requesting segment #1026
Received segment #996, rtt=144.843ms, rto=370.793ms
Requesting segment #1027
Received segment #997, rtt=146.004ms, rto=375.644ms
Requesting segment #1028
Received segment #998, rtt=143.8ms, rto=380.679ms
Requesting segment #1029
Received segment #999, rtt=142.345ms, rto=385.611ms
Requesting segment #1030
Received segment #1000, rtt=137.563ms, rto=390.718ms
Requesting segment #1031
Received segment #1001, rtt=134.279ms, rto=395.802ms
Requesting segment #1032
Received segment #1002, rtt=134.488ms, rto=400.587ms
Requesting segment #1033
Received segment #1003, rtt=117.653ms, rto=407.449ms
Requesting segment #1034
Received segment #1004, rtt=111.951ms, rto=414.197ms
Requesting segment #1035
Received segment #1005, rtt=103.423ms, rto=421.574ms
Requesting segment #1036
Received segment #1006, rtt=91.5155ms, rto=429.344ms
Requesting segment #1037
Received segment #1007, rtt=90.5181ms, rto=436.332ms
Requesting segment #1038
Received segment #1008, rtt=85.5493ms, rto=443.598ms
Requesting segment #1039
Received segment #1009, rtt=88.2169ms, rto=450.342ms
Requesting segment #1040
Received segment #1010, rtt=86.4696ms, rto=457.158ms
Requesting segment #1041
Received segment #1011, rtt=85.8233ms, rto=463.764ms
Requesting segment #1042
Received segment #1012, rtt=77.3391ms, rto=469.979ms
Requesting segment #1043
Received segment #1013, rtt=81.6192ms, rto=476.112ms
Requesting segment #1044
Received segment #1014, rtt=81.997ms, rto=482.251ms
Requesting segment #1045
Received segment #1015, rtt=83.5912ms, rto=488.183ms
Requesting segment #1046
Received segment #1016, rtt=83.3432ms, rto=494.099ms
Requesting segment #1047
Received segment #1017, rtt=83.8808ms, rto=499.843ms
Requesting segment #1048
Received segment #1018, rtt=84.5609ms, rto=499.843ms
Requesting segment #1049
Requesting segment #1050
Received segment #1019, rtt=85.4428ms, rto=505.241ms
Requesting segment #1051
Received segment #1020, rtt=84.7451ms, rto=510.534ms
Requesting segment #1052
Received segment #1021, rtt=82.3147ms, rto=515.628ms
Requesting segment #1053
Received segment #1022, rtt=84.8912ms, rto=519.235ms
Requesting segment #1054
Received segment #1023, rtt=85.8453ms, rto=521.782ms
Requesting segment #1055
Received segment #1024, rtt=86.0958ms, rto=523.234ms
Requesting segment #1056
Received segment #1025, rtt=88.0519ms, rto=524.763ms
Requesting segment #1057
Received segment #1026, rtt=89.51ms, rto=526.033ms
Requesting segment #1058
Received segment #1027, rtt=90.6447ms, rto=527.135ms
Requesting segment #1059
Received segment #1028, rtt=91.1645ms, rto=528.322ms
Requesting segment #1060
Received segment #1029, rtt=92.0875ms, rto=529.114ms
Requesting segment #1061
Received segment #1030, rtt=92.9634ms, rto=529.627ms
Requesting segment #1062
Received segment #1031, rtt=93.6383ms, rto=529.395ms
Requesting segment #1063
Received segment #1032, rtt=94.9552ms, rto=528.65ms
Requesting segment #1064
Received segment #1033, rtt=95.1747ms, rto=527.898ms
Requesting segment #1065
Received segment #1034, rtt=95.8038ms, rto=524.725ms
Requesting segment #1066
Received segment #1035, rtt=96.4924ms, rto=520.767ms
Requesting segment #1067
Received segment #1036, rtt=96.4262ms, rto=515.642ms
Requesting segment #1068
Received segment #1037, rtt=95.7576ms, rto=508.901ms
Requesting segment #1069
Received segment #1038, rtt=94.0115ms, rto=502.128ms
Requesting segment #1070
Received segment #1039, rtt=92.9217ms, rto=495.664ms
Requesting segment #1071
Received segment #1040, rtt=87.9133ms, rto=488.971ms
Requesting segment #1072
Received segment #1041, rtt=84.5594ms, rto=482.606ms
Requesting segment #1073
Received segment #1042, rtt=83.8676ms, rto=476.426ms
Requesting segment #1074
Received segment #1043, rtt=78.6214ms, rto=471.406ms
Requesting segment #1075
Received segment #1044, rtt=74.9262ms, rto=465.92ms
Requesting segment #1076
Received segment #1045, rtt=75.872ms, rto=460.471ms
Requesting segment #1077
Received segment #1046, rtt=78.2427ms, rto=454.905ms
Requesting segment #1078
Received segment #1047, rtt=77.875ms, rto=449.457ms
Requesting segment #1079
Received segment #1048, rtt=78.5365ms, rto=444.026ms
Requesting segment #1080
Received segment #1049, rtt=79.3519ms, rto=438.596ms
Requesting segment #1081
Received segment #1050, rtt=79.9625ms, rto=438.596ms
Requesting segment #1082
Requesting segment #1083
Received segment #1051, rtt=80.9212ms, rto=433.481ms
Requesting segment #1084
Received segment #1052, rtt=80.5497ms, rto=428.526ms
Requesting segment #1085
Received segment #1053, rtt=79.9097ms, rto=423.929ms
Requesting segment #1086
Received segment #1054, rtt=76.9594ms, rto=419.095ms
Requesting segment #1087
Received segment #1055, rtt=75.8137ms, rto=414.221ms
Requesting segment #1088
Received segment #1056, rtt=73.5793ms, rto=409.392ms
Requesting segment #1089
Received segment #1057, rtt=70.8685ms, rto=404.406ms
Requesting segment #1090
Received segment #1058, rtt=69.5299ms, rto=399.626ms
Requesting segment #1091
Received segment #1059, rtt=68.8769ms, rto=395.07ms
Requesting segment #1092
Received segment #1060, rtt=66.5615ms, rto=390.652ms
Requesting segment #1093
Received segment #1061, rtt=65.4805ms, rto=386.423ms
Requesting segment #1094
Received segment #1062, rtt=66.1315ms, rto=382.373ms
Requesting segment #1095
Received segment #1063, rtt=66.046ms, rto=378.472ms
Requesting segment #1096
Received segment #1064, rtt=66.0549ms, rto=374.801ms
Requesting segment #1097
Received segment #1065, rtt=66.7449ms, rto=371.212ms
Requesting segment #1098
Received segment #1066, rtt=66.5872ms, rto=367.756ms
Requesting segment #1099
Received segment #1067, rtt=67.5482ms, rto=364.439ms
Requesting segment #1100
Received segment #1068, rtt=68.8976ms, rto=361.157ms
Requesting segment #1101
Received segment #1069, rtt=67.8901ms, rto=357.831ms
Requesting segment #1102
Received segment #1070, rtt=68.2624ms, rto=354.319ms
Requesting segment #1103
Received segment #1071, rtt=69.0759ms, rto=350.712ms
Requesting segment #1104
Received segment #1072, rtt=68.6402ms, rto=346.734ms
Received segment #1073, rtt=67.7632ms, rto=343.211ms
Received segment #1074, rtt=67.6495ms, rto=339.818ms
Received segment #1075, rtt=67.2153ms, rto=337.089ms
Received segment #1076, rtt=64.4016ms, rto=334.825ms
Received segment #1077, rtt=63.6108ms, rto=332.471ms
Received segment #1078, rtt=62.5457ms, rto=329.862ms
Received segment #1079, rtt=61.9324ms, rto=327.327ms
Received segment #1080, rtt=62.0481ms, rto=324.743ms
Received segment #1081, rtt=63.9809ms, rto=322.094ms
Received segment #1082, rtt=64.6659ms, rto=319.405ms
Received segment #1083, rtt=65.621ms, rto=319.405ms
Received segment #1084, rtt=65.12ms, rto=316.638ms
Received segment #1085, rtt=66.1106ms, rto=313.949ms
Received segment #1086, rtt=66.1534ms, rto=311.37ms
Received segment #1087, rtt=69.5429ms, rto=309.168ms
Received segment #1088, rtt=69.4485ms, rto=307.124ms
Requesting segment #1105
Received segment #1089, rtt=69.0798ms, rto=305.361ms
Requesting segment #1106
Received segment #1090, rtt=67.4361ms, rto=303.929ms
Requesting segment #1107
Received segment #1091, rtt=67.5325ms, rto=302.658ms
Requesting segment #1108
Received segment #1092, rtt=65.4315ms, rto=301.465ms
Requesting segment #1109
Requesting segment #1110
Received segment #1093, rtt=65.569ms, rto=300.542ms
Requesting segment #1111
Received segment #1094, rtt=65.4337ms, rto=299.74ms
Requesting segment #1112
Received segment #1095, rtt=64.0513ms, rto=298.851ms
Requesting segment #1113
Received segment #1096, rtt=63.5589ms, rto=297.964ms
Requesting segment #1114
Received segment #1097, rtt=62.0498ms, rto=297.069ms
Requesting segment #1115
Received segment #1098, rtt=60.7722ms, rto=296.086ms
Requesting segment #1116
Received segment #1099, rtt=60.6729ms, rto=295.116ms
Requesting segment #1117
Received segment #1100, rtt=59.5104ms, rto=294.028ms
Requesting segment #1118
Received segment #1101, rtt=61.3858ms, rto=292.78ms
Requesting segment #1119
Received segment #1102, rtt=61.8158ms, rto=291.651ms
Requesting segment #1120
Received segment #1103, rtt=63.0061ms, rto=290.478ms
Requesting segment #1121
Received segment #1104, rtt=62.5561ms, rto=289.21ms
Requesting segment #1122
Received segment #1105, rtt=55.2935ms, rto=267.125ms
Requesting segment #1123
Received segment #1106, rtt=61.2171ms, rto=264.415ms
Requesting segment #1124
Received segment #1107, rtt=61.4821ms, rto=262.121ms
Requesting segment #1125
Received segment #1108, rtt=61.453ms, rto=259.816ms
Requesting segment #1126
Received segment #1109, rtt=60.8923ms, rto=258.017ms
Requesting segment #1127
Received segment #1110, rtt=61.5788ms, rto=258.017ms
Requesting segment #1128
Received segment #1111, rtt=61.3325ms, rto=256.379ms
Requesting segment #1129
Requesting segment #1130
Received segment #1112, rtt=61.4221ms, rto=254.763ms
Requesting segment #1131
Received segment #1113, rtt=62.3697ms, rto=253.429ms
Requesting segment #1132
Received segment #1114, rtt=62.129ms, rto=252.18ms
Requesting segment #1133
Received segment #1115, rtt=63.4752ms, rto=251.224ms
Requesting segment #1134
Received segment #1116, rtt=64.2533ms, rto=250.501ms
Requesting segment #1135
Received segment #1117, rtt=64.1447ms, rto=249.754ms
Requesting segment #1136
Received segment #1118, rtt=65.3411ms, rto=249.208ms
Requesting segment #1137
Received segment #1119, rtt=64.2091ms, rto=248.221ms
Requesting segment #1138
Received segment #1120, rtt=63.3334ms, rto=247.113ms
Requesting segment #1139
Received segment #1121, rtt=61.9592ms, rto=245.731ms
Requesting segment #1140
Received segment #1122, rtt=61.44ms, rto=244.429ms
Requesting segment #1141
Received segment #1123, rtt=44.875ms, rto=244.624ms
Requesting segment #1142
Received segment #1124, rtt=44.6994ms, rto=243.503ms
Requesting segment #1143
Received segment #1125, rtt=44.5111ms, rto=242.304ms
Requesting segment #1144
Received segment #1126, rtt=44.5033ms, rto=241.09ms
Requesting segment #1145
Received segment #1127, rtt=44.6287ms, rto=239.974ms
Requesting segment #1146
Received segment #1128, rtt=45.4079ms, rto=238.692ms
Requesting segment #1147
Received segment #1129, rtt=45.2442ms, rto=237.446ms
Requesting segment #1148
Received segment #1130, rtt=45.8871ms, rto=237.446ms
Requesting segment #1149
Requesting segment #1150
Received segment #1131, rtt=46.046ms, rto=236.164ms
Requesting segment #1151
Received segment #1132, rtt=44.9618ms, rto=234.671ms
Requesting segment #1152
Received segment #1133, rtt=45.0751ms, rto=233.223ms
Requesting segment #1153
Received segment #1134, rtt=45.5519ms, rto=231.488ms
Requesting segment #1154
Received segment #1135, rtt=46.213ms, rto=229.598ms
Requesting segment #1155
Received segment #1136, rtt=46.7639ms, rto=227.745ms
Requesting segment #1156
Received segment #1137, rtt=47.0603ms, rto=225.656ms
Requesting segment #1157
Received segment #1138, rtt=47.171ms, rto=223.827ms
Requesting segment #1158
Received segment #1139, rtt=47.2656ms, rto=222.194ms
Requesting segment #1159
Received segment #1140, rtt=47.1772ms, rto=220.854ms
Requesting segment #1160
Received segment #1141, rtt=47.3959ms, rto=219.616ms
Requesting segment #1161
Received segment #1142, rtt=52.864ms, rto=221.82ms
Requesting segment #1162
Received segment #1143, rtt=46.1835ms, rto=223.9ms
Requesting segment #1163
Received segment #1144, rtt=46.2004ms, rto=225.865ms
Requesting segment #1164
Received segment #1145, rtt=46.2309ms, rto=227.68ms
Requesting segment #1165
Received segment #1146, rtt=46.6803ms, rto=229.324ms
Requesting segment #1166
Received segment #1147, rtt=46.7699ms, rto=230.666ms
Requesting segment #1167
Received segment #1148, rtt=46.8746ms, rto=231.915ms
Requesting segment #1168
Received segment #1161, rtt=30.8136ms, rto=236.158ms
Requesting segment #1169
Received segment #1149, rtt=48.5297ms, rto=232.907ms
Requesting segment #1170
Requesting segment #1171
Received segment #1150, rtt=49.3477ms, rto=232.907ms
Requesting segment #1172
Received segment #1151, rtt=49.5284ms, rto=233.668ms
Received segment #1152, rtt=49.7433ms, rto=234.546ms
Received segment #1153, rtt=49.6536ms, rto=235.31ms
Received segment #1154, rtt=49.1455ms, rto=235.897ms
Received segment #1155, rtt=47.9079ms, rto=236.279ms
Received segment #1156, rtt=47.7134ms, rto=236.484ms
Received segment #1157, rtt=46.4397ms, rto=236.566ms
Received segment #1158, rtt=44.9822ms, rto=236.566ms
Received segment #1159, rtt=45.3015ms, rto=236.488ms
Received segment #1160, rtt=45.7991ms, rto=236.371ms
Received segment #1162, rtt=56.4587ms, rto=234.869ms
Requesting segment #1173
Received segment #1163, rtt=57.2639ms, rto=234.823ms
Requesting segment #1174
Received segment #1164, rtt=57.3726ms, rto=234.717ms
Requesting segment #1175
Received segment #1165, rtt=58.5076ms, rto=234.55ms
Requesting segment #1176
Received segment #1166, rtt=57.8937ms, rto=234.246ms
Requesting segment #1177
Received segment #1167, rtt=59.1475ms, rto=233.879ms
Requesting segment #1178
Received segment #1168, rtt=59.3215ms, rto=233.446ms
Requesting segment #1179
Requesting segment #1180
Received segment #1169, rtt=58.6364ms, rto=235.983ms
Requesting segment #1181
Received segment #1170, rtt=59.1497ms, rto=235.04ms
Requesting segment #1182
Received segment #1171, rtt=59.6823ms, rto=235.04ms
Requesting segment #1183
Received segment #1172, rtt=60.1696ms, rto=233.92ms
Requesting segment #1184
Received segment #1173, rtt=70.4988ms, rto=217.2ms
Requesting segment #1185
Received segment #1174, rtt=68.3387ms, rto=211.547ms
Requesting segment #1186
Received segment #1177, rtt=65.7611ms, rto=200ms
Requesting segment #1187
Received segment #1175, rtt=71.1301ms, rto=206.078ms
Requesting segment #1188
Received segment #1178, rtt=68.7895ms, rto=200ms
Requesting segment #1189
Received segment #1176, rtt=73.4342ms, rto=200.4ms
Requesting segment #1190
Received segment #1179, rtt=69.9162ms, rto=200ms
Requesting segment #1191
Received segment #1180, rtt=70.6229ms, rto=200ms
Requesting segment #1192
Requesting segment #1193
Received segment #1181, rtt=70.7083ms, rto=200ms
Requesting segment #1194
Received segment #1182, rtt=70.0277ms, rto=200ms
Requesting segment #1195
Received segment #1183, rtt=70.1587ms, rto=200ms
Requesting segment #1196
Received segment #1184, rtt=70.5294ms, rto=200ms
Requesting segment #1197
Received segment #1185, rtt=43.7575ms, rto=200ms
Requesting segment #1198
Received segment #1186, rtt=43.8092ms, rto=200ms
Requesting segment #1199
Received segment #1187, rtt=43.6824ms, rto=200ms
Requesting segment #1200
Received segment #1188, rtt=41.5199ms, rto=200ms
Requesting segment #1201
Received segment #1189, rtt=40.4651ms, rto=200ms
Requesting segment #1202
Received segment #1190, rtt=39.7865ms, rto=200ms
Requesting segment #1203
Received segment #1191, rtt=42.5486ms, rto=200ms
Requesting segment #1204
Received segment #1192, rtt=42.5134ms, rto=200ms
Requesting segment #1205
Received segment #1193, rtt=43.1632ms, rto=200ms
Requesting segment #1206
Requesting segment #1207
Received segment #1194, rtt=43.8112ms, rto=200ms
Requesting segment #1208
Received segment #1195, rtt=45.8202ms, rto=200ms
Requesting segment #1209
Received segment #1196, rtt=46.0687ms, rto=200ms
Requesting segment #1210
Received segment #1197, rtt=46.1335ms, rto=200ms
Requesting segment #1211
Received segment #1198, rtt=42.6094ms, rto=200ms
Requesting segment #1212
Received segment #1199, rtt=43.3245ms, rto=200ms
Requesting segment #1213
Received segment #1200, rtt=43.9946ms, rto=200ms
Requesting segment #1214
Received segment #1201, rtt=44.8803ms, rto=200ms
Requesting segment #1215
Received segment #1202, rtt=43.8712ms, rto=200ms
Requesting segment #1216
Received segment #1203, rtt=44.3456ms, rto=200ms
Requesting segment #1217
Received segment #1204, rtt=43.1602ms, rto=200ms
Requesting segment #1218
Received segment #1205, rtt=43.0287ms, rto=200ms
Requesting segment #1219
Received segment #1206, rtt=43.7821ms, rto=200ms
Requesting segment #1220
Received segment #1207, rtt=46.2319ms, rto=200ms
Requesting segment #1221
Requesting segment #1222
Received segment #1208, rtt=47.9298ms, rto=200ms
Requesting segment #1223
Received segment #1209, rtt=50.6281ms, rto=200ms
Requesting segment #1224
Received segment #1210, rtt=50.5395ms, rto=200ms
Requesting segment #1225
Received segment #1211, rtt=51.3178ms, rto=200ms
Requesting segment #1226
Received segment #1212, rtt=48.9922ms, rto=200ms
Requesting segment #1227
Received segment #1213, rtt=48.3271ms, rto=200ms
Requesting segment #1228
Received segment #1214, rtt=47.7096ms, rto=200ms
Requesting segment #1229
Received segment #1215, rtt=47.6319ms, rto=200ms
Requesting segment #1230
Received segment #1216, rtt=49.8003ms, rto=200ms
Requesting segment #1231
Received segment #1217, rtt=49.3766ms, rto=200ms
Requesting segment #1232
Received segment #1218, rtt=49.7651ms, rto=200ms
Requesting segment #1233
Received segment #1219, rtt=50.8113ms, rto=200ms
Requesting segment #1234
Received segment #1220, rtt=49.8079ms, rto=200ms
Requesting segment #1235
Received segment #1221, rtt=49.7374ms, rto=200ms
Requesting segment #1236
Received segment #1222, rtt=51.0904ms, rto=200ms
Requesting segment #1237
Requesting segment #1238
Received segment #1223, rtt=50.7988ms, rto=200ms
Requesting segment #1239
Received segment #1224, rtt=51.1558ms, rto=200ms
Requesting segment #1240
Received segment #1225, rtt=51.6029ms, rto=200ms
Requesting segment #1241
Received segment #1226, rtt=52.4631ms, rto=200ms
Requesting segment #1242
Received segment #1227, rtt=38.3404ms, rto=200ms
Requesting segment #1243
Received segment #1228, rtt=40.9373ms, rto=200ms
Requesting segment #1244
Received segment #1229, rtt=41.1558ms, rto=200ms
Requesting segment #1245
Received segment #1230, rtt=40.0639ms, rto=200ms
Requesting segment #1246
Received segment #1231, rtt=37.3482ms, rto=200ms
Requesting segment #1247
Received segment #1232, rtt=37.0405ms, rto=200ms
Requesting segment #1248
Received segment #1233, rtt=35.8115ms, rto=200ms
Requesting segment #1249
Received segment #1234, rtt=39.2037ms, rto=200ms
Requesting segment #1250
Received segment #1235, rtt=42.1424ms, rto=200ms
Requesting segment #1251
Received segment #1236, rtt=46.1627ms, rto=200ms
Requesting segment #1252
Received segment #1237, rtt=45.19ms, rto=200ms
Requesting segment #1253
Received segment #1238, rtt=45.832ms, rto=200ms
Requesting segment #1254
Requesting segment #1255
Received segment #1239, rtt=48.2457ms, rto=200ms
Requesting segment #1256
Received segment #1240, rtt=49.4711ms, rto=200ms
Requesting segment #1257
Received segment #1241, rtt=51.0537ms, rto=200ms
Requesting segment #1258
Received segment #1242, rtt=48.4024ms, rto=200ms
Requesting segment #1259
Received segment #1243, rtt=49.2431ms, rto=200ms
Requesting segment #1260
Received segment #1244, rtt=48.4626ms, rto=200ms
Requesting segment #1261
Received segment #1245, rtt=49.7334ms, rto=200ms
Requesting segment #1262
Received segment #1246, rtt=50.9935ms, rto=200ms
Requesting segment #1263
Received segment #1247, rtt=53.1667ms, rto=200ms
Requesting segment #1264
Received segment #1248, rtt=54.29ms, rto=200ms
Requesting segment #1265
Received segment #1249, rtt=55.7752ms, rto=200ms
Requesting segment #1266
Received segment #1250, rtt=52.8013ms, rto=200ms
Requesting segment #1267
Received segment #1251, rtt=51.6777ms, rto=200ms
Requesting segment #1268
Received segment #1252, rtt=45.8449ms, rto=200ms
Requesting segment #1269
Received segment #1253, rtt=45.8854ms, rto=200ms
Requesting segment #1270
Received segment #1254, rtt=45.4529ms, rto=200ms
Requesting segment #1271
Received segment #1255, rtt=45.9005ms, rto=200ms
Requesting segment #1272
Requesting segment #1273
Received segment #1256, rtt=49.5698ms, rto=200ms
Requesting segment #1274
Received segment #1257, rtt=53.7967ms, rto=200ms
Requesting segment #1275
Received segment #1258, rtt=54.463ms, rto=200ms
Requesting segment #1276
Received segment #1259, rtt=55.079ms, rto=200ms
Requesting segment #1277
Received segment #1260, rtt=49.2914ms, rto=200ms
Requesting segment #1278
Received segment #1261, rtt=47.3994ms, rto=200ms
Requesting segment #1279
Received segment #1262, rtt=47.6312ms, rto=200ms
Requesting segment #1280
Received segment #1263, rtt=46.8716ms, rto=200ms
Requesting segment #1281
Received segment #1264, rtt=45.4403ms, rto=200ms
Requesting segment #1282
Received segment #1265, rtt=45.267ms, rto=200ms
Requesting segment #1283
Received segment #1266, rtt=46.4259ms, rto=200ms
Requesting segment #1284
Received segment #1267, rtt=45.5555ms, rto=200ms
Requesting segment #1285
Received segment #1268, rtt=44.7615ms, rto=200ms
Requesting segment #1286
Received segment #1269, rtt=45.8511ms, rto=200ms
Requesting segment #1287
Received segment #1270, rtt=45.8314ms, rto=200ms
Requesting segment #1288
Received segment #1271, rtt=47.0372ms, rto=200ms
Requesting segment #1289
Received segment #1272, rtt=47.2274ms, rto=200ms
Requesting segment #1290
Received segment #1273, rtt=50.8271ms, rto=200ms
Requesting segment #1291
Requesting segment #1292
Received segment #1274, rtt=44.3188ms, rto=200ms
Requesting segment #1293
Received segment #1275, rtt=37.6309ms, rto=200ms
Requesting segment #1294
Received segment #1276, rtt=38.7151ms, rto=200ms
Requesting segment #1295
Received segment #1277, rtt=38.0585ms, rto=200ms
Requesting segment #1296
Received segment #1278, rtt=34.7513ms, rto=200ms
Requesting segment #1297
Received segment #1279, rtt=34.881ms, rto=200ms
Requesting segment #1298
Received segment #1280, rtt=36.6585ms, rto=200ms
Requesting segment #1299
Received segment #1281, rtt=37.6288ms, rto=200ms
Requesting segment #1300
Received segment #1282, rtt=37.2636ms, rto=200ms
Requesting segment #1301
Received segment #1283, rtt=39.513ms, rto=200ms
Requesting segment #1302
Received segment #1284, rtt=37.3112ms, rto=200ms
Requesting segment #1303
Received segment #1285, rtt=37.0821ms, rto=200ms
Requesting segment #1304
Received segment #1286, rtt=37.7366ms, rto=200ms
Requesting segment #1305
Received segment #1287, rtt=36.737ms, rto=200ms
Requesting segment #1306
Received segment #1288, rtt=37.9452ms, rto=200ms
Requesting segment #1307
Received segment #1289, rtt=36.9215ms, rto=200ms
Requesting segment #1308
Received segment #1290, rtt=37.8405ms, rto=200ms
Requesting segment #1309
Received segment #1291, rtt=36.7903ms, rto=200ms
Requesting segment #1310
Received segment #1292, rtt=37.6293ms, rto=200ms
Requesting segment #1311
Requesting segment #1312
Received segment #1293, rtt=36.3147ms, rto=200ms
Requesting segment #1313
Received segment #1294, rtt=34.4223ms, rto=200ms
Requesting segment #1314
Received segment #1295, rtt=36.7262ms, rto=200ms
Requesting segment #1315
Received segment #1296, rtt=36.6778ms, rto=200ms
Requesting segment #1316
Received segment #1297, rtt=36.7563ms, rto=200ms
Requesting segment #1317
Received segment #1298, rtt=36.7087ms, rto=200ms
Requesting segment #1318
Received segment #1299, rtt=39.8771ms, rto=200ms
Requesting segment #1319
Received segment #1300, rtt=39.4838ms, rto=200ms
Requesting segment #1320
Received segment #1301, rtt=40.7401ms, rto=200ms
Requesting segment #1321
Received segment #1302, rtt=37.9723ms, rto=200ms
Requesting segment #1322
Received segment #1303, rtt=37.1107ms, rto=200ms
Requesting segment #1323
Received segment #1304, rtt=37.3017ms, rto=200ms
Requesting segment #1324
Received segment #1305, rtt=38.9021ms, rto=200ms
Requesting segment #1325
Received segment #1321, rtt=8.68981ms, rto=200ms
Requesting segment #1326
Received segment #1306, rtt=41.2031ms, rto=200ms
Requesting segment #1327
Received segment #1307, rtt=40.9947ms, rto=200ms
Requesting segment #1328
Received segment #1308, rtt=41.9843ms, rto=200ms
Requesting segment #1329
Received segment #1309, rtt=41.9055ms, rto=200ms
Requesting segment #1330
Received segment #1310, rtt=40.1524ms, rto=200ms
Requesting segment #1331
Received segment #1324, rtt=12.2934ms, rto=200ms
Requesting segment #1332
Requesting segment #1333
Received segment #1311, rtt=41.1734ms, rto=200ms
Requesting segment #1334
Received segment #1312, rtt=42.7232ms, rto=200ms
Requesting segment #1335
Received segment #1313, rtt=44.5765ms, rto=200ms
Requesting segment #1336
Received segment #1314, rtt=44.6806ms, rto=200ms
Requesting segment #1337
Received segment #1328, rtt=14.0765ms, rto=200ms
Requesting segment #1338
Received segment #1329, rtt=13.7214ms, rto=200ms
Requesting segment #1339
Received segment #1330, rtt=13.5341ms, rto=200ms
Requesting segment #1340
Received segment #1315, rtt=42.3008ms, rto=200ms
Requesting segment #1341
Received segment #1316, rtt=42.8078ms, rto=200ms
Requesting segment #1342
Received segment #1331, rtt=15.8723ms, rto=200ms
Requesting segment #1343
Received segment #1317, rtt=42.8348ms, rto=200ms
Requesting segment #1344
Received segment #1318, rtt=44.3504ms, rto=200ms
Requesting segment #1345
Received segment #1334, rtt=19.4695ms, rto=200ms
Requesting segment #1346
Received segment #1319, rtt=41.8224ms, rto=200ms
Requesting segment #1347
Received segment #1335, rtt=21.1642ms, rto=200ms
Requesting segment #1348
Received segment #1320, rtt=41.808ms, rto=200ms
Requesting segment #1349
Received segment #1322, rtt=42.5429ms, rto=200ms
Requesting segment #1350
Received segment #1323, rtt=42.2669ms, rto=200ms
Requesting segment #1351
Received segment #1325, rtt=42.467ms, rto=200ms
Requesting segment #1352
Received segment #1326, rtt=40.6849ms, rto=200ms
Requesting segment #1353
Received segment #1327, rtt=40.6645ms, rto=200ms
Requesting segment #1354
Requesting segment #1355
Received segment #1332, rtt=38.8395ms, rto=200ms
Requesting segment #1356
Received segment #1333, rtt=41.8652ms, rto=200ms
Requesting segment #1357
Received segment #1355, rtt=10.9008ms, rto=200ms
Requesting segment #1358
Received segment #1336, rtt=40.879ms, rto=200ms
Requesting segment #1359
Received segment #1337, rtt=40.2437ms, rto=200ms
Requesting segment #1360
Received segment #1338, rtt=39.6532ms, rto=200ms
Requesting segment #1361
Received segment #1350, rtt=23.1955ms, rto=200ms
Requesting segment #1362
Received segment #1351, rtt=24.0261ms, rto=200ms
Requesting segment #1363
Received segment #1339, rtt=42.5781ms, rto=200ms
Requesting segment #1364
Received segment #1340, rtt=41.8887ms, rto=200ms
Requesting segment #1365
Received segment #1341, rtt=44.5178ms, rto=200ms
Requesting segment #1366
Received segment #1342, rtt=44.6761ms, rto=200ms
Requesting segment #1367
Received segment #1343, rtt=44.2961ms, rto=200ms
Requesting segment #1368
Received segment #1344, rtt=45.4104ms, rto=200ms
Requesting segment #1369
Received segment #1345, rtt=45.7446ms, rto=200ms
Requesting segment #1370
Received segment #1346, rtt=46.4744ms, rto=200ms
Requesting segment #1371
Received segment #1347, rtt=46.6422ms, rto=200ms
Requesting segment #1372
Received segment #1348, rtt=46.9965ms, rto=200ms
Requesting segment #1373
Received segment #1349, rtt=47.8964ms, rto=200ms
Requesting segment #1374
Received segment #1352, rtt=44.8938ms, rto=200ms
Requesting segment #1375
Received segment #1353, rtt=44.7217ms, rto=200ms
Requesting segment #1376
Received segment #1354, rtt=46.1923ms, rto=200ms
Requesting segment #1377
Requesting segment #1378
Received segment #1356, rtt=45.2492ms, rto=200ms
Requesting segment #1379
Received segment #1357, rtt=46.4454ms, rto=200ms
Requesting segment #1380
Received segment #1358, rtt=42.8044ms, rto=200ms
Requesting segment #1381
Received segment #1359, rtt=44.1564ms, rto=200ms
Requesting segment #1382
Received segment #1360, rtt=44.0436ms, rto=200ms
Requesting segment #1383
Received segment #1361, rtt=44.6787ms, rto=200ms
Requesting segment #1384
Received segment #1362, rtt=44.9963ms, rto=200ms
Requesting segment #1385
Received segment #1363, rtt=45.3598ms, rto=200ms
Requesting segment #1386
Received segment #1364, rtt=45.5043ms, rto=200ms
Requesting segment #1387
Received segment #1365, rtt=47.2272ms, rto=200ms
Requesting segment #1388
Received segment #1366, rtt=45.3813ms, rto=200ms
Requesting segment #1389
Received segment #1367, rtt=45.928ms, rto=200ms
Requesting segment #1390
Received segment #1368, rtt=47.0469ms, rto=200ms
Requesting segment #1391
Received segment #1369, rtt=47.714ms, rto=200ms
Requesting segment #1392
Received segment #1370, rtt=46.6804ms, rto=200ms
Requesting segment #1393
Received segment #1371, rtt=47.8444ms, rto=200ms
Requesting segment #1394
Received segment #1372, rtt=45.6478ms, rto=200ms
Requesting segment #1395
Received segment #1373, rtt=46.3101ms, rto=200ms
Requesting segment #1396
Received segment #1374, rtt=45.6059ms, rto=200ms
Requesting segment #1397
Received segment #1375, rtt=43.0141ms, rto=200ms
Requesting segment #1398
Received segment #1376, rtt=44.7028ms, rto=200ms
Requesting segment #1399
Received segment #1377, rtt=44.9814ms, rto=200ms
Requesting segment #1400
Received segment #1378, rtt=46.1041ms, rto=200ms
Requesting segment #1401
Requesting segment #1402
Received segment #1379, rtt=43.7894ms, rto=200ms
Requesting segment #1403
Received segment #1380, rtt=42.059ms, rto=200ms
Requesting segment #1404
Received segment #1381, rtt=41.9636ms, rto=200ms
Requesting segment #1405
Received segment #1382, rtt=40.6725ms, rto=200ms
Requesting segment #1406
Received segment #1383, rtt=39.2628ms, rto=200ms
Requesting segment #1407
Received segment #1384, rtt=38.6033ms, rto=200ms
Requesting segment #1408
Received segment #1385, rtt=37.7862ms, rto=200ms
Requesting segment #1409
Received segment #1386, rtt=38.888ms, rto=200ms
Requesting segment #1410
Received segment #1387, rtt=40.7044ms, rto=200ms
Requesting segment #1411
Received segment #1388, rtt=40.4038ms, rto=200ms
Requesting segment #1412
Received segment #1389, rtt=41.7136ms, rto=200ms
Requesting segment #1413
Received segment #1390, rtt=40.986ms, rto=200ms
Requesting segment #1414
Received segment #1391, rtt=41.2719ms, rto=200ms
Requesting segment #1415
Received segment #1392, rtt=40.7206ms, rto=200ms
Requesting segment #1416
Received segment #1393, rtt=39.1113ms, rto=200ms
Requesting segment #1417
Received segment #1394, rtt=38.4935ms, rto=200ms
Requesting segment #1418
Received segment #1395, rtt=42.3267ms, rto=200ms
Requesting segment #1419
Received segment #1396, rtt=42.8702ms, rto=200ms
Requesting segment #1420
Received segment #1397, rtt=46.0184ms, rto=200ms
Requesting segment #1421
Received segment #1398, rtt=45.6865ms, rto=200ms
Requesting segment #1422
Received segment #1399, rtt=45.0685ms, rto=200ms
Requesting segment #1423
Received segment #1400, rtt=45.7407ms, rto=200ms
Requesting segment #1424
Received segment #1401, rtt=47.4895ms, rto=200ms
Requesting segment #1425
Received segment #1402, rtt=48.0301ms, rto=200ms
Requesting segment #1426
Requesting segment #1427
Received segment #1403, rtt=49.7903ms, rto=200ms
Requesting segment #1428
Received segment #1404, rtt=48.4777ms, rto=200ms
Requesting segment #1429
Received segment #1405, rtt=48.8829ms, rto=200ms
Requesting segment #1430
Received segment #1406, rtt=49.6357ms, rto=200ms
Requesting segment #1431
Received segment #1407, rtt=50.2085ms, rto=200ms
Requesting segment #1432
Received segment #1408, rtt=50.876ms, rto=200ms
Requesting segment #1433
Received segment #1409, rtt=60.5414ms, rto=200ms
Requesting segment #1434
Received segment #1410, rtt=59.1588ms, rto=200ms
Requesting segment #1435
Received segment #1411, rtt=57.8346ms, rto=200ms
Requesting segment #1436
Received segment #1412, rtt=57.265ms, rto=200ms
Requesting segment #1437
Received segment #1413, rtt=56.8748ms, rto=200ms
Requesting segment #1438
Received segment #1414, rtt=58.0238ms, rto=200ms
Requesting segment #1439
Received segment #1415, rtt=57.4226ms, rto=200ms
Requesting segment #1440
Received segment #1416, rtt=58.7623ms, rto=200ms
Requesting segment #1441
Received segment #1417, rtt=58.4788ms, rto=200ms
Requesting segment #1442
Received segment #1418, rtt=58.9937ms, rto=200ms
Requesting segment #1443
Received segment #1419, rtt=59.6288ms, rto=200ms
Requesting segment #1444
Received segment #1420, rtt=58.6966ms, rto=200ms
Requesting segment #1445
Received segment #1421, rtt=57.0185ms, rto=200ms
Requesting segment #1446
Received segment #1422, rtt=54.9475ms, rto=200ms
Requesting segment #1447
Received segment #1423, rtt=54.9762ms, rto=200ms
Requesting segment #1448
Received segment #1424, rtt=53.1461ms, rto=200ms
Requesting segment #1449
Received segment #1425, rtt=55.2454ms, rto=200ms
Requesting segment #1450
Received segment #1426, rtt=57.3428ms, rto=200ms
Requesting segment #1451
Received segment #1427, rtt=60.1863ms, rto=200ms
Requesting segment #1452
Requesting segment #1453
Received segment #1428, rtt=60.6269ms, rto=200ms
Requesting segment #1454
Received segment #1429, rtt=61.9665ms, rto=200ms
Requesting segment #1455
Received segment #1430, rtt=62.0185ms, rto=200ms
Requesting segment #1456
Received segment #1431, rtt=66.0472ms, rto=200ms
Requesting segment #1457
Received segment #1432, rtt=66.2559ms, rto=200ms
Requesting segment #1458
Received segment #1433, rtt=66.8424ms, rto=200ms
Requesting segment #1459
Received segment #1434, rtt=61.9625ms, rto=200ms
Requesting segment #1460
Received segment #1435, rtt=61.7121ms, rto=200ms
Requesting segment #1461
Received segment #1436, rtt=65.732ms, rto=200ms
Requesting segment #1462
Received segment #1437, rtt=66.0405ms, rto=200ms
Requesting segment #1463
Received segment #1438, rtt=64.0496ms, rto=200ms
Requesting segment #1464
Received segment #1439, rtt=63.7656ms, rto=200ms
Requesting segment #1465
Received segment #1440, rtt=62.8717ms, rto=200ms
Requesting segment #1466
Received segment #1441, rtt=62.1775ms, rto=200ms
Requesting segment #1467
Received segment #1442, rtt=62.6578ms, rto=200ms
Requesting segment #1468
Received segment #1443, rtt=59.1631ms, rto=200ms
Requesting segment #1469
Received segment #1444, rtt=55.7814ms, rto=200ms
Requesting segment #1470
Received segment #1445, rtt=55.2478ms, rto=200ms
Requesting segment #1471
Received segment #1446, rtt=53.7331ms, rto=200ms
Requesting segment #1472
Received segment #1447, rtt=54.2211ms, rto=200ms
Requesting segment #1473
Received segment #1448, rtt=57.4235ms, rto=200ms
Requesting segment #1474
Received segment #1449, rtt=58.1848ms, rto=200ms
Requesting segment #1475
Received segment #1450, rtt=57.9664ms, rto=200ms
Requesting segment #1476
Received segment #1451, rtt=59.7311ms, rto=200ms
Requesting segment #1477
Received segment #1452, rtt=60.6647ms, rto=200ms
Requesting segment #1478
Received segment #1453, rtt=61.4662ms, rto=200ms
Requesting segment #1479
Requesting segment #1480
Received segment #1454, rtt=62.3025ms, rto=200ms
Requesting segment #1481
Received segment #1455, rtt=65.7391ms, rto=200ms
Requesting segment #1482
Received segment #1456, rtt=66.9933ms, rto=200ms
Requesting segment #1483
Received segment #1457, rtt=68.0033ms, rto=200ms
Requesting segment #1484
Received segment #1458, rtt=73.3023ms, rto=200ms
Requesting segment #1485
Received segment #1459, rtt=71.9847ms, rto=200ms
Requesting segment #1486
Received segment #1460, rtt=68.5358ms, rto=200ms
Requesting segment #1487
Received segment #1461, rtt=68.19ms, rto=200ms
Requesting segment #1488
Received segment #1462, rtt=63.7584ms, rto=200ms
Requesting segment #1489
Received segment #1463, rtt=62.2855ms, rto=200ms
Requesting segment #1490
Received segment #1464, rtt=63.1736ms, rto=200ms
Requesting segment #1491
Received segment #1465, rtt=64.9536ms, rto=200ms
Requesting segment #1492
Received segment #1466, rtt=65.5071ms, rto=200ms
Requesting segment #1493
Received segment #1467, rtt=66.688ms, rto=200ms
Requesting segment #1494
Received segment #1468, rtt=67.315ms, rto=200ms
Requesting segment #1495
Received segment #1469, rtt=68.0319ms, rto=200ms
Requesting segment #1496
Received segment #1470, rtt=68.0897ms, rto=200ms
Requesting segment #1497
Received segment #1471, rtt=67.5483ms, rto=200ms
Requesting segment #1498
Received segment #1472, rtt=68.1157ms, rto=200ms
Requesting segment #1499
Received segment #1473, rtt=67.2771ms, rto=200ms
Requesting segment #1500
Received segment #1474, rtt=63.3563ms, rto=200ms
Requesting segment #1501
Received segment #1475, rtt=64.142ms, rto=200ms
Requesting segment #1502
Received segment #1476, rtt=67.617ms, rto=200ms
Requesting segment #1503
Received segment #1477, rtt=63.9425ms, rto=200ms
Requesting segment #1504
Received segment #1478, rtt=61.8065ms, rto=200ms
Requesting segment #1505
Received segment #1479, rtt=61.6433ms, rto=200ms
Requesting segment #1506
Received segment #1480, rtt=64.1799ms, rto=200ms
Requesting segment #1507
Requesting segment #1508
Received segment #1481, rtt=68.056ms, rto=200ms
Requesting segment #1509
Received segment #1482, rtt=69.3107ms, rto=200ms
Requesting segment #1510
Received segment #1483, rtt=71.746ms, rto=200ms
Requesting segment #1511
Received segment #1484, rtt=71.9681ms, rto=200ms
Requesting segment #1512
Received segment #1485, rtt=66.8481ms, rto=200ms
Requesting segment #1513
Received segment #1486, rtt=68.9543ms, rto=200ms
Requesting segment #1514
Received segment #1487, rtt=69.6638ms, rto=200ms
Requesting segment #1515
Received segment #1488, rtt=70.0334ms, rto=200ms
Requesting segment #1516
Received segment #1489, rtt=71.3355ms, rto=200ms
Requesting segment #1517
Received segment #1490, rtt=74.5362ms, rto=200ms
Requesting segment #1518
Received segment #1491, rtt=77.8836ms, rto=200ms
Requesting segment #1519
Received segment #1492, rtt=75.6915ms, rto=200ms
Requesting segment #1520
Received segment #1493, rtt=75.1545ms, rto=200ms
Requesting segment #1521
Received segment #1494, rtt=72.8205ms, rto=200ms
Requesting segment #1522
Received segment #1495, rtt=71.6282ms, rto=200ms
Requesting segment #1523
Received segment #1496, rtt=70.7077ms, rto=200ms
Requesting segment #1524
Received segment #1497, rtt=69.2023ms, rto=200ms
Requesting segment #1525
Received segment #1498, rtt=69.384ms, rto=200ms
Requesting segment #1526
Received segment #1499, rtt=68.6935ms, rto=200ms
Requesting segment #1527
Received segment #1500, rtt=68.6896ms, rto=200ms
Requesting segment #1528
Received segment #1501, rtt=68.6713ms, rto=200ms
Requesting segment #1529
Received segment #1502, rtt=66.5995ms, rto=200ms
Requesting segment #1530
Received segment #1503, rtt=60.8774ms, rto=200ms
Requesting segment #1531
Received segment #1504, rtt=60.4012ms, rto=200ms
Requesting segment #1532
Received segment #1505, rtt=64.4816ms, rto=200ms
Requesting segment #1533
Received segment #1506, rtt=68.3607ms, rto=200ms
Requesting segment #1534
Received segment #1507, rtt=68.6522ms, rto=200ms
Requesting segment #1535
Received segment #1508, rtt=70.1512ms, rto=200ms
Requesting segment #1536
Requesting segment #1537
Received segment #1509, rtt=69.0567ms, rto=200ms
Requesting segment #1538
Received segment #1530, rtt=24.0559ms, rto=200ms
Requesting segment #1539
Received segment #1531, rtt=22.2027ms, rto=200ms
Requesting segment #1540
Received segment #1532, rtt=22.7099ms, rto=200ms
Requesting segment #1541
Received segment #1533, rtt=20.0621ms, rto=200ms
Requesting segment #1542
Received segment #1510, rtt=67.3434ms, rto=200ms
Requesting segment #1543
Received segment #1534, rtt=19.9686ms, rto=200ms
Requesting segment #1544
Received segment #1535, rtt=24.5943ms, rto=200ms
Requesting segment #1545
Received segment #1536, rtt=26.6098ms, rto=200ms
Requesting segment #1546
Received segment #1537, rtt=27.1326ms, rto=200ms
Requesting segment #1547
Received segment #1511, rtt=79.461ms, rto=200ms
Requesting segment #1548
Received segment #1512, rtt=75.4441ms, rto=200ms
Requesting segment #1549
Received segment #1513, rtt=76.2252ms, rto=200ms
Requesting segment #1550
Received segment #1514, rtt=74.7319ms, rto=200ms
Requesting segment #1551
Received segment #1515, rtt=72.0063ms, rto=200ms
Requesting segment #1552
Received segment #1516, rtt=72.9435ms, rto=200ms
Requesting segment #1553
Received segment #1517, rtt=72.6495ms, rto=200ms
Requesting segment #1554
Received segment #1518, rtt=70.5004ms, rto=200ms
Requesting segment #1555
Received segment #1519, rtt=66.3155ms, rto=200ms
Requesting segment #1556
Received segment #1520, rtt=68.8426ms, rto=200ms
Requesting segment #1557
Received segment #1521, rtt=69.8764ms, rto=200ms
Requesting segment #1558
Received segment #1522, rtt=71.3053ms, rto=200ms
Requesting segment #1559
Received segment #1523, rtt=73.1446ms, rto=200ms
Requesting segment #1560
Received segment #1524, rtt=74.2677ms, rto=200ms
Requesting segment #1561
Received segment #1525, rtt=74.7091ms, rto=200ms
Requesting segment #1562
Received segment #1526, rtt=75.5266ms, rto=200ms
Requesting segment #1563
Received segment #1527, rtt=76.448ms, rto=200ms
Requesting segment #1564
Received segment #1528, rtt=76.9386ms, rto=200ms
Requesting segment #1565
Received segment #1529, rtt=78.4461ms, rto=200ms
Requesting segment #1566
Requesting segment #1567
Received segment #1549, rtt=30.2195ms, rto=200ms
Requesting segment #1568
Received segment #1550, rtt=28.7922ms, rto=200ms
Requesting segment #1569
Received segment #1551, rtt=29.1091ms, rto=200ms
Requesting segment #1570
Received segment #1552, rtt=29.6057ms, rto=200ms
Requesting segment #1571
Received segment #1553, rtt=28.3607ms, rto=200ms
Requesting segment #1572
Received segment #1554, rtt=26.845ms, rto=200ms
Requesting segment #1573
Received segment #1555, rtt=26.3645ms, rto=200ms
Requesting segment #1574
Received segment #1556, rtt=26.1923ms, rto=200ms
Requesting segment #1575
Received segment #1538, rtt=66.2551ms, rto=200ms
Requesting segment #1576
Received segment #1559, rtt=24.5027ms, rto=200ms
Requesting segment #1577
Received segment #1539, rtt=68.1231ms, rto=200ms
Requesting segment #1578
Received segment #1560, rtt=23.5856ms, rto=200ms
Requesting segment #1579
Received segment #1561, rtt=23.6849ms, rto=200ms
Requesting segment #1580
Received segment #1540, rtt=70.0723ms, rto=200ms
Requesting segment #1581
Received segment #1562, rtt=25.8302ms, rto=200ms
Requesting segment #1582
Received segment #1563, rtt=24.8832ms, rto=200ms
Requesting segment #1583
Received segment #1541, rtt=73.471ms, rto=200ms
Requesting segment #1584
Received segment #1564, rtt=25.9802ms, rto=200ms
Requesting segment #1585
Received segment #1565, rtt=28.2174ms, rto=200ms
Requesting segment #1586
Received segment #1566, rtt=28.3773ms, rto=200ms
Requesting segment #1587
Received segment #1567, rtt=30.0472ms, rto=200ms
Requesting segment #1588
Received segment #1568, rtt=29.5779ms, rto=200ms
Requesting segment #1589
Received segment #1569, rtt=30.9982ms, rto=200ms
Requesting segment #1590
Received segment #1542, rtt=83.2307ms, rto=200ms
Requesting segment #1591
Received segment #1543, rtt=86.1514ms, rto=200ms
Requesting segment #1592
Received segment #1544, rtt=83.8464ms, rto=200ms
Requesting segment #1593
Received segment #1570, rtt=36.4351ms, rto=200ms
Requesting segment #1594
Received segment #1545, rtt=78.243ms, rto=200ms
Requesting segment #1595
Received segment #1571, rtt=36.7774ms, rto=200ms
Requesting segment #1596
Received segment #1572, rtt=40.6333ms, rto=200ms
Requesting segment #1597
Requesting segment #1598
Received segment #1573, rtt=42.4106ms, rto=200ms
Requesting segment #1599
Received segment #1591, rtt=17.2071ms, rto=207.58ms
Requesting segment #1600
Received segment #1592, rtt=19.8932ms, rto=209.591ms
Requesting segment #1601
Received segment #1574, rtt=52.5917ms, rto=200ms
Requesting segment #1602
Received segment #1575, rtt=55.4998ms, rto=200ms
Requesting segment #1603
Received segment #1594, rtt=24.3599ms, rto=210.839ms
Requesting segment #1604
Received segment #1595, rtt=24.2697ms, rto=211.629ms
Requesting segment #1605
Received segment #1576, rtt=53.4554ms, rto=200ms
Requesting segment #1606
Received segment #1577, rtt=52.5383ms, rto=200ms
Requesting segment #1607
Received segment #1596, rtt=25.6507ms, rto=211.217ms
Requesting segment #1608
Received segment #1578, rtt=53.3288ms, rto=200ms
Requesting segment #1609
Received segment #1579, rtt=53.4549ms, rto=200ms
Requesting segment #1610
Received segment #1580, rtt=52.472ms, rto=200ms
Requesting segment #1611
Received segment #1581, rtt=52.7753ms, rto=200ms
Requesting segment #1612
Received segment #1582, rtt=51.2296ms, rto=200.226ms
Requesting segment #1613
Received segment #1597, rtt=25.0435ms, rto=210.31ms
Requesting segment #1614
Received segment #1598, rtt=27.1043ms, rto=210.31ms
Requesting segment #1615
Received segment #1584, rtt=52.7054ms, rto=201.776ms
Requesting segment #1616
Received segment #1585, rtt=52.1293ms, rto=202.943ms
Requesting segment #1617
Received segment #1599, rtt=26.8355ms, rto=209.179ms
Requesting segment #1618
Received segment #1586, rtt=50.0672ms, rto=203.777ms
Requesting segment #1619
Received segment #1600, rtt=25.4833ms, rto=211.203ms
Requesting segment #1620
Received segment #1557, rtt=92.1335ms, rto=200ms
Requesting segment #1621
Received segment #1587, rtt=49.7139ms, rto=204.547ms
Requesting segment #1622
Received segment #1558, rtt=92.0451ms, rto=200ms
Requesting segment #1623
Received segment #1588, rtt=49.4475ms, rto=205.063ms
Requesting segment #1624
Received segment #1589, rtt=49.6972ms, rto=205.602ms
Requesting segment #1625
Received segment #1601, rtt=23.4057ms, rto=212.815ms
Requesting segment #1626
Received segment #1590, rtt=48.667ms, rto=205.925ms
Requesting segment #1627
Received segment #1602, rtt=23.6896ms, rto=210.272ms
Requesting segment #1628
Received segment #1603, rtt=22.1651ms, rto=207.945ms
Requesting segment #1629
Requesting segment #1630
Received segment #1606, rtt=25.7055ms, rto=207.486ms
Requesting segment #1631
Received segment #1607, rtt=26.8145ms, rto=204.972ms
Requesting segment #1632
Received segment #1608, rtt=26.9133ms, rto=205.861ms
Requesting segment #1633
Received segment #1609, rtt=28.3075ms, rto=203.386ms
Requesting segment #1634
Received segment #1593, rtt=57.7081ms, rto=211.207ms
Requesting segment #1635
Received segment #1610, rtt=29.0301ms, rto=200.969ms
Requesting segment #1636
Received segment #1611, rtt=29.7873ms, rto=200ms
Requesting segment #1637
Received segment #1612, rtt=30.5254ms, rto=200ms
Requesting segment #1638
Received segment #1613, rtt=30.2032ms, rto=200ms
Requesting segment #1639
Received segment #1614, rtt=30.8217ms, rto=200ms
Requesting segment #1640
Received segment #1615, rtt=30.1779ms, rto=200ms
Requesting segment #1641
Received segment #1616, rtt=31.6862ms, rto=200ms
Requesting segment #1642
Received segment #1617, rtt=31.0684ms, rto=200ms
Requesting segment #1643
Received segment #1618, rtt=31.2433ms, rto=200ms
Requesting segment #1644
Received segment #1619, rtt=31.7283ms, rto=200ms
Requesting segment #1645
Received segment #1620, rtt=31.6849ms, rto=200ms
Requesting segment #1646
Received segment #1621, rtt=32.6161ms, rto=200ms
Requesting segment #1647
Received segment #1622, rtt=33.1316ms, rto=200ms
Requesting segment #1648
Received segment #1623, rtt=34.257ms, rto=200ms
Requesting segment #1649
Received segment #1624, rtt=34.4272ms, rto=200ms
Requesting segment #1650
Received segment #1625, rtt=35.0843ms, rto=200ms
Requesting segment #1651
Received segment #1626, rtt=35.6749ms, rto=200ms
Requesting segment #1652
Received segment #1627, rtt=35.753ms, rto=200ms
Requesting segment #1653
Received segment #1628, rtt=36.36ms, rto=200ms
Requesting segment #1654
Received segment #1604, rtt=55.671ms, rto=209.013ms
Requesting segment #1655
Received segment #1605, rtt=55.2075ms, rto=210.041ms
Requesting segment #1656
Received segment #1630, rtt=36.5125ms, rto=200ms
Requesting segment #1657
Received segment #1631, rtt=37.0138ms, rto=200ms
Requesting segment #1658
Received segment #1632, rtt=35.7094ms, rto=200ms
Requesting segment #1659
Received segment #1633, rtt=36.11ms, rto=200ms
Requesting segment #1660
Received segment #1634, rtt=34.8805ms, rto=200ms
Requesting segment #1661
Received segment #1635, rtt=34.5399ms, rto=200ms
Requesting segment #1662
Requesting segment #1663
Received segment #1636, rtt=34.3522ms, rto=200ms
Requesting segment #1664
Received segment #1637, rtt=33.7409ms, rto=200ms
Requesting segment #1665
Received segment #1638, rtt=32.919ms, rto=200ms
Requesting segment #1666
Received segment #1639, rtt=33.087ms, rto=200ms
Requesting segment #1667
Received segment #1640, rtt=33.6226ms, rto=200ms
Requesting segment #1668
Received segment #1641, rtt=32.5688ms, rto=200ms
Requesting segment #1669
Received segment #1642, rtt=33.5402ms, rto=200ms
Requesting segment #1670
Received segment #1643, rtt=33.7084ms, rto=200ms
Requesting segment #1671
Received segment #1644, rtt=33.2281ms, rto=200ms
Requesting segment #1672
Received segment #1645, rtt=32.3819ms, rto=200ms
Requesting segment #1673
Received segment #1646, rtt=31.9523ms, rto=200ms
Requesting segment #1674
Received segment #1647, rtt=31.9877ms, rto=200ms
Requesting segment #1675
Received segment #1648, rtt=31.2884ms, rto=200ms
Requesting segment #1676
Received segment #1649, rtt=30.075ms, rto=200ms
Requesting segment #1677
Received segment #1650, rtt=29.8825ms, rto=200ms
Requesting segment #1678
Received segment #1651, rtt=31.6586ms, rto=200ms
Requesting segment #1679
Received segment #1653, rtt=30.2823ms, rto=200ms
Requesting segment #1680
Received segment #1629, rtt=63.3348ms, rto=200ms
Requesting segment #1681
Received segment #1654, rtt=31.7336ms, rto=200ms
Requesting segment #1682
Received segment #1655, rtt=31.7919ms, rto=200ms
Requesting segment #1683
Received segment #1656, rtt=32.0065ms, rto=200ms
Requesting segment #1684
Received segment #1657, rtt=31.5668ms, rto=200ms
Requesting segment #1685
Received segment #1658, rtt=27.4261ms, rto=200ms
Requesting segment #1686
Received segment #1659, rtt=28.8843ms, rto=200ms
Requesting segment #1687
Received segment #1660, rtt=28.4887ms, rto=200ms
Requesting segment #1688
Received segment #1661, rtt=29.0849ms, rto=200ms
Requesting segment #1689
Received segment #1662, rtt=29.8258ms, rto=200ms
Requesting segment #1690
Received segment #1663, rtt=30.1444ms, rto=200ms
Requesting segment #1691
Received segment #1664, rtt=30.082ms, rto=200ms
Requesting segment #1692
Received segment #1665, rtt=30.8358ms, rto=200ms
Requesting segment #1693
Received segment #1666, rtt=30.8909ms, rto=200ms
Requesting segment #1694
Received segment #1667, rtt=30.816ms, rto=200ms
Requesting segment #1695
Received segment #1668, rtt=29.6888ms, rto=200ms
Requesting segment #1696
Requesting segment #1697
Received segment #1669, rtt=30.1371ms, rto=200ms
Requesting segment #1698
Received segment #1670, rtt=29.5239ms, rto=200ms
Requesting segment #1699
Received segment #1671, rtt=29.4619ms, rto=200ms
Requesting segment #1700
Received segment #1672, rtt=29.9896ms, rto=200ms
Requesting segment #1701
Received segment #1673, rtt=30.2215ms, rto=200ms
Requesting segment #1702
Received segment #1674, rtt=30.655ms, rto=200ms
Requesting segment #1703
Received segment #1675, rtt=29.8167ms, rto=200ms
Requesting segment #1704
Packet loss event, new cwnd = 17.1166, ssthresh = 17.1166
Received segment #1676, rtt=30.1439ms, rto=200ms
Received segment #1677, rtt=29.8899ms, rto=200ms
Received segment #1678, rtt=30.0017ms, rto=200ms
Received segment #1652, rtt=58.1407ms, rto=200ms
Received segment #1679, rtt=28.3224ms, rto=200ms
Received segment #1680, rtt=29.0449ms, rto=200ms
Received segment #1681, rtt=28.885ms, rto=200ms
Received segment #1682, rtt=27.3053ms, rto=200ms
Received segment #1683, rtt=27.568ms, rto=200ms
Received segment #1684, rtt=27.7179ms, rto=200ms
Received segment #1685, rtt=27.7606ms, rto=200ms
Received segment #1686, rtt=27.6949ms, rto=200ms
Received segment #1687, rtt=28.2146ms, rto=200ms
Received segment #1688, rtt=28.4325ms, rto=200ms
Received segment #1689, rtt=28.7553ms, rto=200ms
Retransmitting segment #1548
Received segment #1690, rtt=28.7808ms, rto=200ms
Retransmitting segment #1547
Retransmitting segment #1546
Received segment #1691, rtt=29.2876ms, rto=200ms
Requesting segment #1705
Received segment #1692, rtt=30.069ms, rto=200ms
Requesting segment #1706
Received segment #1693, rtt=30.8914ms, rto=200ms
Requesting segment #1707
Received segment #1694, rtt=31.3749ms, rto=200ms
Requesting segment #1708
Received segment #1695, rtt=32.1075ms, rto=200ms
Requesting segment #1709
Received segment #1696, rtt=32.0325ms, rto=200ms
Requesting segment #1710
Received segment #1697, rtt=32.6925ms, rto=200ms
Requesting segment #1711
Received segment #1698, rtt=34.0802ms, rto=200ms
Requesting segment #1712
Received segment #1699, rtt=32.3331ms, rto=200ms
Requesting segment #1713
Received segment #1700, rtt=33.0716ms, rto=200ms
Requesting segment #1714
Received segment #1701, rtt=33.4028ms, rto=200ms
Requesting segment #1715
Received segment #1702, rtt=34.7958ms, rto=200ms
Requesting segment #1716
Received segment #1703, rtt=34.7859ms, rto=200ms
Requesting segment #1717
Received segment #1704, rtt=34.7425ms, rto=200ms
Requesting segment #1718
Received segment #1705, rtt=21.6951ms, rto=200ms
Requesting segment #1719
Received segment #1706, rtt=20.5624ms, rto=200ms
Requesting segment #1720
Received segment #1707, rtt=19.6767ms, rto=200ms
Requesting segment #1721
Requesting segment #1722
Received segment #1708, rtt=19.8333ms, rto=200ms
Requesting segment #1723
Received segment #1709, rtt=20.0921ms, rto=200ms
Requesting segment #1724
Received segment #1710, rtt=19.6145ms, rto=200ms
Requesting segment #1725
Received segment #1711, rtt=19.2932ms, rto=200ms
Requesting segment #1726
Received segment #1712, rtt=19.5535ms, rto=200ms
Requesting segment #1727
Received segment #1713, rtt=19.5422ms, rto=200ms
Requesting segment #1728
Received segment #1714, rtt=18.9764ms, rto=200ms
Requesting segment #1729
Received segment #1715, rtt=18.0455ms, rto=200ms
Requesting segment #1730
Received segment #1716, rtt=16.2145ms, rto=200ms
Requesting segment #1731
Received segment #1717, rtt=15.7126ms, rto=200ms
Requesting segment #1732
Received segment #1718, rtt=15.039ms, rto=200ms
Requesting segment #1733
Retransmitting segment #1583
Received segment #1548, rtt=43.4601ms, rto=200ms
Requesting segment #1734
Received segment #1547, rtt=46.9771ms, rto=200ms
Requesting segment #1735
Received segment #1719, rtt=24.892ms, rto=200ms
Requesting segment #1736
Received segment #1720, rtt=25.9675ms, rto=200ms
Requesting segment #1737
Received segment #1546, rtt=50.1348ms, rto=200ms
Requesting segment #1738
Received segment #1721, rtt=27.2026ms, rto=200ms
Requesting segment #1739
Received segment #1722, rtt=27.4107ms, rto=200ms
Requesting segment #1740
Received segment #1723, rtt=26.4496ms, rto=200ms
Requesting segment #1741
Requesting segment #1742
Received segment #1724, rtt=25.9471ms, rto=200ms
Requesting segment #1743
Received segment #1725, rtt=26.182ms, rto=200ms
Requesting segment #1744
Received segment #1726, rtt=26.2328ms, rto=200ms
Requesting segment #1745
Received segment #1727, rtt=24.3892ms, rto=200ms
Requesting segment #1746
Received segment #1728, rtt=24.0238ms, rto=200ms
Requesting segment #1747
Received segment #1729, rtt=24.0424ms, rto=200ms
Requesting segment #1748
Received segment #1730, rtt=24.0184ms, rto=200ms
Requesting segment #1749
Received segment #1731, rtt=24.3719ms, rto=200ms
Requesting segment #1750
Received segment #1732, rtt=24.9175ms, rto=200ms
Requesting segment #1751
Received segment #1733, rtt=26.1266ms, rto=200ms
Requesting segment #1752
Received segment #1734, rtt=16.102ms, rto=200ms
Requesting segment #1753
Received segment #1735, rtt=12.6069ms, rto=200ms
Requesting segment #1754
Received segment #1736, rtt=12.4531ms, rto=200ms
Requesting segment #1755
Received segment #1737, rtt=11.9801ms, rto=200ms
Requesting segment #1756
Received segment #1738, rtt=11.2571ms, rto=200ms
Requesting segment #1757
Received segment #1739, rtt=11.4072ms, rto=200ms
Requesting segment #1758
Received segment #1583, rtt=28.9851ms, rto=200ms
Requesting segment #1759
Received segment #1740, rtt=18.0415ms, rto=200ms
Requesting segment #1760
Received segment #1741, rtt=19.4791ms, rto=200ms
Requesting segment #1761
Received segment #1742, rtt=29.9604ms, rto=200ms
Requesting segment #1762
Requesting segment #1763
Received segment #1743, rtt=30.9695ms, rto=200ms
Requesting segment #1764
Received segment #1744, rtt=32.7284ms, rto=200ms
Requesting segment #1765
Received segment #1745, rtt=33.0928ms, rto=200ms
Requesting segment #1766
Received segment #1746, rtt=32.8638ms, rto=200ms
Requesting segment #1767
Received segment #1747, rtt=33.343ms, rto=200ms
Requesting segment #1768
Received segment #1748, rtt=33.655ms, rto=200ms
Requesting segment #1769
Received segment #1749, rtt=34.3399ms, rto=200ms
Requesting segment #1770
Received segment #1750, rtt=36.3941ms, rto=200ms
Requesting segment #1771
Received segment #1751, rtt=36.4279ms, rto=200ms
Requesting segment #1772
Received segment #1752, rtt=36.9837ms, rto=200ms
Requesting segment #1773
Received segment #1753, rtt=37.498ms, rto=200ms
Requesting segment #1774
Received segment #1754, rtt=39.8688ms, rto=200ms
Requesting segment #1775
Received segment #1755, rtt=40.571ms, rto=200ms
Requesting segment #1776
Received segment #1756, rtt=41.4158ms, rto=200ms
Requesting segment #1777
Received segment #1757, rtt=41.4627ms, rto=200ms
Requesting segment #1778
Received segment #1758, rtt=42.3997ms, rto=200ms
Requesting segment #1779
Received segment #1759, rtt=41.992ms, rto=200ms
Requesting segment #1780
Received segment #1760, rtt=37.5358ms, rto=200ms
Requesting segment #1781
Received segment #1761, rtt=40.4338ms, rto=200ms
Requesting segment #1782
Received segment #1762, rtt=34.7335ms, rto=200ms
Requesting segment #1783
Received segment #1763, rtt=36.0521ms, rto=200ms
Requesting segment #1784
Requesting segment #1785
Received segment #1764, rtt=36.7329ms, rto=200ms
Requesting segment #1786
Received segment #1766, rtt=35.3181ms, rto=200ms
Requesting segment #1787
Received segment #1767, rtt=35.4621ms, rto=200ms
Requesting segment #1788
Received segment #1765, rtt=37.2925ms, rto=200ms
Requesting segment #1789
Received segment #1768, rtt=36.4735ms, rto=200ms
Requesting segment #1790
Received segment #1769, rtt=36.212ms, rto=200ms
Requesting segment #1791
Received segment #1770, rtt=36.0233ms, rto=200ms
Requesting segment #1792
Received segment #1771, rtt=35.0997ms, rto=200ms
Requesting segment #1793
Received segment #1772, rtt=34.8003ms, rto=200ms
Requesting segment #1794
Received segment #1773, rtt=34.0004ms, rto=200ms
Requesting segment #1795
Received segment #1774, rtt=34.9634ms, rto=200ms
Requesting segment #1796
Received segment #1775, rtt=31.9043ms, rto=200ms
Requesting segment #1797
Received segment #1776, rtt=31.5079ms, rto=200ms
Requesting segment #1798
Received segment #1777, rtt=31.147ms, rto=200ms
Requesting segment #1799
Received segment #1778, rtt=31.0207ms, rto=200ms
Requesting segment #1800
Received segment #1779, rtt=29.5433ms, rto=200ms
Requesting segment #1801
Received segment #1780, rtt=29.9107ms, rto=200ms
Requesting segment #1802
Received segment #1781, rtt=29.4378ms, rto=200ms
Requesting segment #1803
Received segment #1782, rtt=25.8874ms, rto=200ms
Requesting segment #1804
Received segment #1783, rtt=28.3136ms, rto=200ms
Requesting segment #1805
Received segment #1784, rtt=27.6919ms, rto=200ms
Requesting segment #1806
Received segment #1785, rtt=29.2112ms, rto=200ms
Requesting segment #1807
Requesting segment #1808
Received segment #1786, rtt=27.0716ms, rto=200ms
Requesting segment #1809
Received segment #1787, rtt=29.4433ms, rto=200ms
Requesting segment #1810
Received segment #1788, rtt=30.301ms, rto=200ms
Requesting segment #1811
Received segment #1789, rtt=30.1089ms, rto=200ms
Requesting segment #1812
Received segment #1790, rtt=30.509ms, rto=200ms
Requesting segment #1813
Received segment #1791, rtt=33.4129ms, rto=200ms
Requesting segment #1814
Received segment #1792, rtt=35.1409ms, rto=200ms
Requesting segment #1815
Received segment #1793, rtt=35.9198ms, rto=200ms
Requesting segment #1816
Received segment #1794, rtt=36.5217ms, rto=200ms
Requesting segment #1817
Received segment #1795, rtt=36.5262ms, rto=200ms
Requesting segment #1818
Received segment #1796, rtt=37.1216ms, rto=200ms
Requesting segment #1819
Received segment #1797, rtt=37.9104ms, rto=200ms
Requesting segment #1820
Received segment #1798, rtt=41.1343ms, rto=200ms
Requesting segment #1821
Received segment #1799, rtt=42.9221ms, rto=200ms
Requesting segment #1822
Received segment #1800, rtt=44.881ms, rto=200ms
Requesting segment #1823
Received segment #1801, rtt=46.3581ms, rto=200ms
Requesting segment #1824
Received segment #1802, rtt=46.7987ms, rto=200ms
Requesting segment #1825
Received segment #1803, rtt=47.8541ms, rto=200ms
Requesting segment #1826
Received segment #1804, rtt=51.4874ms, rto=200ms
Requesting segment #1827
Received segment #1805, rtt=47.1923ms, rto=200ms
Requesting segment #1828
Received segment #1806, rtt=46.9847ms, rto=200ms
Requesting segment #1829
Received segment #1807, rtt=46.4063ms, rto=200ms
Requesting segment #1830
Received segment #1808, rtt=46.6757ms, rto=200ms
Requesting segment #1831
Requesting segment #1832
Received segment #1809, rtt=46.3337ms, rto=200ms
Requesting segment #1833
Received segment #1810, rtt=45.4586ms, rto=200ms
Requesting segment #1834
Received segment #1811, rtt=46.4747ms, rto=200ms
Requesting segment #1835
Received segment #1812, rtt=48.3933ms, rto=200ms
Requesting segment #1836
Received segment #1813, rtt=51.543ms, rto=200ms
Requesting segment #1837
Received segment #1814, rtt=50.1863ms, rto=200ms
Requesting segment #1838
Received segment #1815, rtt=49.1815ms, rto=200ms
Requesting segment #1839
Received segment #1816, rtt=48.1265ms, rto=200ms
Requesting segment #1840
Received segment #1817, rtt=47.7818ms, rto=200ms
Requesting segment #1841
Received segment #1818, rtt=49.5401ms, rto=200ms
Requesting segment #1842
Received segment #1819, rtt=48.2093ms, rto=200ms
Requesting segment #1843
Received segment #1820, rtt=47.669ms, rto=200ms
Requesting segment #1844
Received segment #1821, rtt=45.8876ms, rto=200ms
Requesting segment #1845
Received segment #1822, rtt=49.3363ms, rto=200ms
Requesting segment #1846
Received segment #1823, rtt=48.4442ms, rto=200ms
Requesting segment #1847
Received segment #1824, rtt=46.382ms, rto=200ms
Requesting segment #1848
Received segment #1825, rtt=45.5528ms, rto=200ms
Requesting segment #1849
Received segment #1826, rtt=44.1144ms, rto=200ms
Requesting segment #1850
Received segment #1827, rtt=41.4636ms, rto=200ms
Requesting segment #1851
Received segment #1828, rtt=39.6314ms, rto=200ms
Requesting segment #1852
Received segment #1829, rtt=39.9039ms, rto=200ms
Requesting segment #1853
Received segment #1830, rtt=39.9278ms, rto=200ms
Requesting segment #1854
Received segment #1831, rtt=40.4346ms, rto=200ms
Requesting segment #1855
Received segment #1832, rtt=41.5885ms, rto=200ms
Requesting segment #1856
Requesting segment #1857
Received segment #1833, rtt=41.6149ms, rto=200ms
Requesting segment #1858
Received segment #1834, rtt=42.7027ms, rto=200ms
Requesting segment #1859
Received segment #1835, rtt=41.7298ms, rto=200ms
Requesting segment #1860
Received segment #1836, rtt=41.3682ms, rto=200ms
Requesting segment #1861
Received segment #1837, rtt=41.8752ms, rto=200ms
Requesting segment #1862
Received segment #1838, rtt=41.9543ms, rto=200ms
Requesting segment #1863
Received segment #1839, rtt=43.1889ms, rto=200ms
Requesting segment #1864
Received segment #1840, rtt=44.2713ms, rto=200ms
Requesting segment #1865
Received segment #1841, rtt=44.2523ms, rto=200ms
Requesting segment #1866
Received segment #1842, rtt=43.4645ms, rto=200ms
Requesting segment #1867
Received segment #1843, rtt=43.339ms, rto=200ms
Requesting segment #1868
Received segment #1844, rtt=43.1247ms, rto=200ms
Requesting segment #1869
Received segment #1845, rtt=42.8113ms, rto=200ms
Requesting segment #1870
Received segment #1846, rtt=40.7273ms, rto=200ms
Requesting segment #1871
Received segment #1847, rtt=42.4208ms, rto=200ms
Requesting segment #1872
Received segment #1848, rtt=43.5857ms, rto=200ms
Requesting segment #1873
Received segment #1849, rtt=44.5204ms, rto=200ms
Requesting segment #1874
Received segment #1850, rtt=46.385ms, rto=200ms
Requesting segment #1875
Received segment #1851, rtt=45.6253ms, rto=200ms
Requesting segment #1876
Received segment #1852, rtt=45.2635ms, rto=200ms
Requesting segment #1877
Received segment #1853, rtt=45.3189ms, rto=200ms
Requesting segment #1878
Received segment #1854, rtt=45.6009ms, rto=200ms
Requesting segment #1879
Received segment #1855, rtt=45.6179ms, rto=200ms
Requesting segment #1880
Received segment #1856, rtt=45.8462ms, rto=200ms
Requesting segment #1881
Received segment #1857, rtt=47.9325ms, rto=200ms
Requesting segment #1882
Requesting segment #1883
Received segment #1858, rtt=48.3169ms, rto=200ms
Requesting segment #1884
Received segment #1859, rtt=46.2392ms, rto=200ms
Requesting segment #1885
Received segment #1860, rtt=46.1032ms, rto=200ms
Requesting segment #1886
Received segment #1861, rtt=46.0649ms, rto=200ms
Requesting segment #1887
Received segment #1862, rtt=42.5084ms, rto=200ms
Requesting segment #1888
Received segment #1863, rtt=41.1538ms, rto=200ms
Requesting segment #1889
Received segment #1864, rtt=39.1488ms, rto=200ms
Requesting segment #1890
Received segment #1865, rtt=37.6814ms, rto=200ms
Requesting segment #1891
Received segment #1866, rtt=38.3381ms, rto=200ms
Requesting segment #1892
Received segment #1867, rtt=38.4479ms, rto=200ms
Requesting segment #1893
Received segment #1868, rtt=39.7404ms, rto=200ms
Requesting segment #1894
Received segment #1869, rtt=40.2521ms, rto=200ms
Requesting segment #1895
Received segment #1870, rtt=39.2085ms, rto=200ms
Requesting segment #1896
Received segment #1871, rtt=38.8252ms, rto=200ms
Requesting segment #1897
Received segment #1872, rtt=38.8437ms, rto=200ms
Requesting segment #1898
Received segment #1873, rtt=39.7368ms, rto=200ms
Requesting segment #1899
Received segment #1874, rtt=39.5474ms, rto=200ms
Requesting segment #1900
Received segment #1875, rtt=38.6236ms, rto=200ms
Requesting segment #1901
Received segment #1876, rtt=37.6837ms, rto=200ms
Requesting segment #1902
Received segment #1877, rtt=39.6737ms, rto=200ms
Requesting segment #1903
Received segment #1878, rtt=42.5892ms, rto=200ms
Requesting segment #1904
Received segment #1893, rtt=24.9094ms, rto=200ms
Requesting segment #1905
Received segment #1879, rtt=44.8959ms, rto=200ms
Requesting segment #1906
Received segment #1880, rtt=44.6583ms, rto=200ms
Requesting segment #1907
Received segment #1881, rtt=44.0549ms, rto=200ms
Requesting segment #1908
Received segment #1896, rtt=24.8667ms, rto=200ms
Requesting segment #1909
Requesting segment #1910
Received segment #1882, rtt=43.1734ms, rto=200ms
Requesting segment #1911
Received segment #1883, rtt=44.6319ms, rto=200ms
Requesting segment #1912
Received segment #1884, rtt=45.584ms, rto=200ms
Requesting segment #1913
Received segment #1885, rtt=43.9437ms, rto=200ms
Requesting segment #1914
Received segment #1886, rtt=43.2157ms, rto=200ms
Requesting segment #1915
Received segment #1887, rtt=43.0277ms, rto=200ms
Requesting segment #1916
Received segment #1897, rtt=27.8007ms, rto=200ms
Requesting segment #1917
Received segment #1888, rtt=43.8475ms, rto=200ms
Requesting segment #1918
Received segment #1889, rtt=43.7152ms, rto=200ms
Requesting segment #1919
Received segment #1890, rtt=44.1248ms, rto=200ms
Requesting segment #1920
Received segment #1898, rtt=28.5465ms, rto=200ms
Requesting segment #1921
Received segment #1891, rtt=44.5765ms, rto=200ms
Requesting segment #1922
Received segment #1892, rtt=46.1604ms, rto=200ms
Requesting segment #1923
Received segment #1894, rtt=43.8956ms, rto=200ms
Requesting segment #1924
Received segment #1895, rtt=44.2887ms, rto=200ms
Requesting segment #1925
Received segment #1899, rtt=36.5553ms, rto=200ms
Requesting segment #1926
Received segment #1900, rtt=37.6888ms, rto=200ms
Requesting segment #1927
Received segment #1901, rtt=40.2495ms, rto=200ms
Requesting segment #1928
Received segment #1902, rtt=42.381ms, rto=200ms
Requesting segment #1929
Received segment #1903, rtt=39.9226ms, rto=200ms
Requesting segment #1930
Received segment #1904, rtt=37.4778ms, rto=200ms
Requesting segment #1931
Received segment #1905, rtt=37.5337ms, rto=200ms
Requesting segment #1932
Received segment #1906, rtt=37.1772ms, rto=200ms
Requesting segment #1933
Received segment #1907, rtt=38.8579ms, rto=200ms
Requesting segment #1934
Received segment #1908, rtt=40.1813ms, rto=200ms
Requesting segment #1935
Received segment #1909, rtt=40.3347ms, rto=200ms
Requesting segment #1936
Received segment #1910, rtt=40.9733ms, rto=200ms
Requesting segment #1937
Requesting segment #1938
Received segment #1911, rtt=42.5285ms, rto=200ms
Requesting segment #1939
Received segment #1912, rtt=41.7064ms, rto=200ms
Requesting segment #1940
Received segment #1913, rtt=40.7551ms, rto=200ms
Requesting segment #1941
Received segment #1914, rtt=42.3788ms, rto=200ms
Requesting segment #1942
Received segment #1915, rtt=42.4328ms, rto=200ms
Requesting segment #1943
Received segment #1916, rtt=43.4155ms, rto=200ms
Requesting segment #1944
Received segment #1917, rtt=43.9166ms, rto=200ms
Requesting segment #1945
Received segment #1918, rtt=46.8651ms, rto=200ms
Requesting segment #1946
Received segment #1919, rtt=46.8369ms, rto=200ms
Requesting segment #1947
Received segment #1920, rtt=46.54ms, rto=200ms
Requesting segment #1948
Received segment #1921, rtt=46.869ms, rto=200ms
Requesting segment #1949
Received segment #1922, rtt=46.5199ms, rto=200ms
Requesting segment #1950
Received segment #1923, rtt=44.3493ms, rto=200ms
Requesting segment #1951
Received segment #1924, rtt=42.6385ms, rto=200ms
Requesting segment #1952
Received segment #1925, rtt=41.9169ms, rto=200ms
Requesting segment #1953
Received segment #1926, rtt=39.8953ms, rto=200ms
Requesting segment #1954
Received segment #1927, rtt=38.2338ms, rto=200ms
Requesting segment #1955
Received segment #1928, rtt=34.9336ms, rto=200ms
Received segment #1929, rtt=33.5509ms, rto=200ms
Received segment #1930, rtt=34.1288ms, rto=200ms
Received segment #1931, rtt=34.1745ms, rto=200ms
Received segment #1932, rtt=34.815ms, rto=200ms
Received segment #1933, rtt=38.6426ms, rto=200ms
Received segment #1934, rtt=39.9199ms, rto=200ms
Received segment #1935, rtt=41.4645ms, rto=200ms
Received segment #1936, rtt=42.299ms, rto=200ms
Received segment #1937, rtt=41.9364ms, rto=200ms
Received segment #1938, rtt=43.4883ms, rto=200ms
Received segment #1939, rtt=42.3088ms, rto=200ms
Received segment #1940, rtt=43.9192ms, rto=200ms
Received segment #1941, rtt=44.6053ms, rto=200ms
Requesting segment #1956
Received segment #1942, rtt=43.9386ms, rto=200ms
Requesting segment #1957
Received segment #1943, rtt=43.8786ms, rto=200ms
Requesting segment #1958
Received segment #1944, rtt=42.802ms, rto=200ms
Requesting segment #1959
Received segment #1945, rtt=42.2867ms, rto=200ms
Requesting segment #1960
Received segment #1946, rtt=43.7137ms, rto=200ms
Requesting segment #1961
Received segment #1947, rtt=46.8037ms, rto=200ms
Requesting segment #1962
Received segment #1948, rtt=46.8372ms, rto=200ms
Requesting segment #1963
Received segment #1949, rtt=47.0198ms, rto=200ms
Requesting segment #1964
Received segment #1950, rtt=47.2106ms, rto=200ms
Requesting segment #1965
Received segment #1951, rtt=47.1221ms, rto=200ms
Requesting segment #1966
Received segment #1952, rtt=47.2089ms, rto=200ms
Requesting segment #1967
Received segment #1953, rtt=47.3948ms, rto=200ms
Requesting segment #1968
Requesting segment #1969
Received segment #1954, rtt=47.4067ms, rto=200ms
Requesting segment #1970
Received segment #1955, rtt=47.2321ms, rto=200ms
Requesting segment #1971
Received segment #1956, rtt=28.9715ms, rto=200ms
Requesting segment #1972
Received segment #1957, rtt=28.9406ms, rto=200ms
Requesting segment #1973
Received segment #1958, rtt=29.6741ms, rto=200ms
Requesting segment #1974
Received segment #1959, rtt=28.7429ms, rto=200ms
Requesting segment #1975
Received segment #1960, rtt=30.9451ms, rto=200ms
Requesting segment #1976
Received segment #1961, rtt=27.3457ms, rto=200ms
Requesting segment #1977
Received segment #1962, rtt=25.1199ms, rto=200ms
Requesting segment #1978
Received segment #1963, rtt=25.7615ms, rto=200ms
Requesting segment #1979
Received segment #1964, rtt=25.9679ms, rto=200ms
Requesting segment #1980
Received segment #1965, rtt=25.8805ms, rto=200ms
Requesting segment #1981
Received segment #1966, rtt=26.6014ms, rto=200ms
Requesting segment #1982
Received segment #1967, rtt=27.3108ms, rto=200ms
Requesting segment #1983
Received segment #1968, rtt=28.1423ms, rto=200ms
Requesting segment #1984
Received segment #1969, rtt=30.5868ms, rto=200ms
Requesting segment #1985
Requesting segment #1986
Received segment #1970, rtt=30.0485ms, rto=200ms
Requesting segment #1987
Received segment #1971, rtt=30.7213ms, rto=200ms
Requesting segment #1988
Received segment #1972, rtt=30.2135ms, rto=200ms
Requesting segment #1989
Received segment #1973, rtt=35.9446ms, rto=200ms
Requesting segment #1990
Received segment #1974, rtt=36.2997ms, rto=200ms
Requesting segment #1991
Received segment #1975, rtt=48.3603ms, rto=200ms
Requesting segment #1992
Received segment #1976, rtt=47.4889ms, rto=200ms
Requesting segment #1993
Received segment #1977, rtt=45.8877ms, rto=200ms
Requesting segment #1994
Received segment #1978, rtt=47.9133ms, rto=200ms
Requesting segment #1995
Received segment #1979, rtt=47.7407ms, rto=200ms
Requesting segment #1996
Received segment #1980, rtt=54.3495ms, rto=200ms
Requesting segment #1997
Received segment #1981, rtt=55.105ms, rto=200ms
Requesting segment #1998
Received segment #1982, rtt=55.0903ms, rto=200ms
Requesting segment #1999
Received segment #1983, rtt=54.3771ms, rto=200ms
Requesting segment #2000
Received segment #1984, rtt=55.0261ms, rto=200ms
Requesting segment #2001
Received segment #1985, rtt=55.6861ms, rto=200ms
Requesting segment #2002
Received segment #1986, rtt=56.5978ms, rto=200ms
Requesting segment #2003
Requesting segment #2004
Received segment #1987, rtt=57.6889ms, rto=200ms
Requesting segment #2005
Received segment #1988, rtt=58.5024ms, rto=200ms
Requesting segment #2006
Received segment #1989, rtt=51.4775ms, rto=200ms
Requesting segment #2007
Received segment #1990, rtt=46.9593ms, rto=200ms
Requesting segment #2008
Received segment #1991, rtt=45.705ms, rto=200ms
Requesting segment #2009
Received segment #1992, rtt=38.098ms, rto=200ms
Requesting segment #2010
Received segment #1993, rtt=38.2414ms, rto=200ms
Requesting segment #2011
Received segment #1994, rtt=38.8163ms, rto=200ms
Requesting segment #2012
Received segment #1995, rtt=38.1166ms, rto=200ms
Requesting segment #2013
Received segment #1996, rtt=37.4485ms, rto=200ms
Requesting segment #2014
Received segment #1997, rtt=30.3489ms, rto=200ms
Requesting segment #2015
Received segment #1998, rtt=30.2775ms, rto=200ms
Requesting segment #2016
Received segment #1999, rtt=30.2848ms, rto=200ms
Requesting segment #2017
Received segment #2000, rtt=33.2275ms, rto=200ms
Requesting segment #2018
Received segment #2001, rtt=32.1159ms, rto=200ms
Requesting segment #2019
Received segment #2002, rtt=29.5757ms, rto=200ms
Requesting segment #2020
Received segment #2003, rtt=30.072ms, rto=200ms
Requesting segment #2021
Received segment #2004, rtt=30.7624ms, rto=200ms
Requesting segment #2022
Requesting segment #2023
Received segment #2005, rtt=30.8726ms, rto=200ms
Requesting segment #2024
Received segment #2006, rtt=31.2784ms, rto=200ms
Requesting segment #2025
Received segment #2007, rtt=30.3369ms, rto=200ms
Requesting segment #2026
Received segment #2008, rtt=28.9521ms, rto=200ms
Requesting segment #2027
Received segment #2009, rtt=30.8838ms, rto=200ms
Requesting segment #2028
Received segment #2010, rtt=26.4103ms, rto=200ms
Requesting segment #2029
Received segment #2011, rtt=29.9796ms, rto=200ms
Requesting segment #2030
Received segment #2012, rtt=30.3801ms, rto=200ms
Requesting segment #2031
Received segment #2013, rtt=30.9506ms, rto=200ms
Requesting segment #2032
Received segment #2014, rtt=32.7501ms, rto=200ms
Requesting segment #2033
Received segment #2015, rtt=35.0816ms, rto=200ms
Requesting segment #2034
Received segment #2016, rtt=38.5734ms, rto=200ms
Requesting segment #2035
Received segment #2017, rtt=37.9856ms, rto=200ms
Requesting segment #2036
Received segment #2018, rtt=36.2764ms, rto=200ms
Requesting segment #2037
Received segment #2019, rtt=36.6125ms, rto=200ms
Requesting segment #2038
Received segment #2020, rtt=36.585ms, rto=200ms
Requesting segment #2039
Received segment #2021, rtt=36.4999ms, rto=200ms
Requesting segment #2040
Received segment #2022, rtt=36.613ms, rto=200ms
Requesting segment #2041
Received segment #2023, rtt=38.8457ms, rto=200ms
Requesting segment #2042
Requesting segment #2043
Received segment #2024, rtt=40.7539ms, rto=200ms
Requesting segment #2044
Received segment #2025, rtt=41.8871ms, rto=200ms
Requesting segment #2045
Received segment #2026, rtt=42.8935ms, rto=200ms
Requesting segment #2046
Received segment #2027, rtt=43.2642ms, rto=200ms
Requesting segment #2047
Received segment #2028, rtt=41.8956ms, rto=200ms
Requesting segment #2048
Received segment #2029, rtt=41.5018ms, rto=200ms
Requesting segment #2049
Received segment #2030, rtt=37.11ms, rto=200ms
Requesting segment #2050
Received segment #2031, rtt=35.2369ms, rto=200ms
Requesting segment #2051
Received segment #2032, rtt=33.3872ms, rto=200ms
Requesting segment #2052
Received segment #2033, rtt=32.4952ms, rto=200ms
Requesting segment #2053
Received segment #2034, rtt=29.9531ms, rto=200ms
Requesting segment #2054
Received segment #2035, rtt=25.9018ms, rto=200ms
Requesting segment #2055
Received segment #2036, rtt=27.1772ms, rto=200ms
Requesting segment #2056
Received segment #2037, rtt=27.8825ms, rto=200ms
Requesting segment #2057
Received segment #2038, rtt=28.9767ms, rto=200ms
Requesting segment #2058
Received segment #2039, rtt=29.8559ms, rto=200ms
Requesting segment #2059
Received segment #2040, rtt=30.0471ms, rto=200ms
Requesting segment #2060
Received segment #2041, rtt=29.7951ms, rto=200ms
Requesting segment #2061
Received segment #2042, rtt=28.8924ms, rto=200ms
Requesting segment #2062
Received segment #2043, rtt=29.5353ms, rto=200ms
Requesting segment #2063
Requesting segment #2064
Received segment #2044, rtt=28.3852ms, rto=200ms
Requesting segment #2065
Received segment #2045, rtt=26.968ms, rto=200ms
Requesting segment #2066
Received segment #2046, rtt=29.5275ms, rto=200ms
Requesting segment #2067
Received segment #2047, rtt=31.5926ms, rto=200ms
Requesting segment #2068
Received segment #2048, rtt=32.2289ms, rto=200ms
Requesting segment #2069
Received segment #2049, rtt=32.3395ms, rto=200ms
Requesting segment #2070
Received segment #2050, rtt=35.1144ms, rto=200ms
Requesting segment #2071
Received segment #2051, rtt=36.3224ms, rto=200ms
Requesting segment #2072
Received segment #2052, rtt=36.196ms, rto=200ms
Requesting segment #2073
Received segment #2053, rtt=37.603ms, rto=200ms
Requesting segment #2074
Received segment #2054, rtt=37.5042ms, rto=200ms
Requesting segment #2075
Received segment #2055, rtt=38.0744ms, rto=200ms
Requesting segment #2076
Received segment #2056, rtt=37.7905ms, rto=200ms
Requesting segment #2077
Received segment #2057, rtt=35.8006ms, rto=200ms
Received segment #2058, rtt=33.4688ms, rto=200ms
Received segment #2059, rtt=32.808ms, rto=200ms
Received segment #2060, rtt=31.893ms, rto=200ms
Received segment #2061, rtt=33.2047ms, rto=200ms
Received segment #2062, rtt=32.6762ms, rto=200ms
Received segment #2063, rtt=32.4996ms, rto=200ms
Received segment #2064, rtt=32.8609ms, rto=200ms
Received segment #2065, rtt=31.6902ms, rto=200ms
Received segment #2066, rtt=31.1527ms, rto=200ms
Received segment #2067, rtt=30.2708ms, rto=200ms
Requesting segment #2078
Received segment #2072, rtt=26.2043ms, rto=200ms
Requesting segment #2079
Received segment #2073, rtt=26.7881ms, rto=200ms
Requesting segment #2080
Received segment #2074, rtt=27.356ms, rto=200ms
Requesting segment #2081
Requesting segment #2082
Received segment #2075, rtt=28.225ms, rto=200ms
Requesting segment #2083
Received segment #2068, rtt=41.6368ms, rto=200ms
Requesting segment #2084
Received segment #2076, rtt=29.7552ms, rto=200ms
Requesting segment #2085
Received segment #2069, rtt=42.0979ms, rto=200ms
Requesting segment #2086
Received segment #2070, rtt=42.2981ms, rto=200ms
Requesting segment #2087
Received segment #2077, rtt=29.9401ms, rto=200ms
Requesting segment #2088
Received segment #2071, rtt=40.6348ms, rto=200ms
Requesting segment #2089
Received segment #2078, rtt=29.7758ms, rto=200ms
Requesting segment #2090
Received segment #2079, rtt=25.4523ms, rto=200ms
Requesting segment #2091
Received segment #2080, rtt=24.2086ms, rto=200ms
Requesting segment #2092
Received segment #2081, rtt=24.7237ms, rto=200ms
Requesting segment #2093
Received segment #2082, rtt=24.9673ms, rto=200ms
Requesting segment #2094
Requesting segment #2095
Received segment #2083, rtt=24.1079ms, rto=200ms
Received segment #2084, rtt=23.1381ms, rto=200ms
Received segment #2085, rtt=22.057ms, rto=200ms
Received segment #2086, rtt=22.2914ms, rto=200ms
Received segment #2087, rtt=22.6549ms, rto=200ms
Received segment #2088, rtt=22.668ms, rto=200ms
Received segment #2089, rtt=22.7776ms, rto=200ms
Requesting segment #2096
Received segment #2090, rtt=25.2325ms, rto=200ms
Requesting segment #2097
Received segment #2091, rtt=24.196ms, rto=200ms
Requesting segment #2098
Received segment #2092, rtt=24.7931ms, rto=200ms
Requesting segment #2099
Received segment #2093, rtt=28.8352ms, rto=200ms
Requesting segment #2100
Requesting segment #2101
Received segment #2094, rtt=29.9955ms, rto=200ms
Requesting segment #2102
Received segment #2095, rtt=30.7108ms, rto=200ms
Requesting segment #2103
Received segment #2096, rtt=26.3261ms, rto=200ms
Requesting segment #2104
Received segment #2097, rtt=17.9426ms, rto=200ms
Requesting segment #2105
Received segment #2098, rtt=18.0974ms, rto=200ms
Requesting segment #2106
Received segment #2099, rtt=17.7342ms, rto=200ms
Requesting segment #2107
Received segment #2100, rtt=16.4495ms, rto=200ms
Requesting segment #2108
Received segment #2101, rtt=16.9436ms, rto=200ms
Requesting segment #2109
Requesting segment #2110
Received segment #2102, rtt=18.2039ms, rto=200ms
Requesting segment #2111
Received segment #2103, rtt=18.4061ms, rto=200ms
Requesting segment #2112
Received segment #2104, rtt=18.6074ms, rto=200ms
Requesting segment #2113
Received segment #2105, rtt=22.1353ms, rto=200ms
Requesting segment #2114
Received segment #2106, rtt=24.8291ms, rto=200ms
Requesting segment #2115
Received segment #2107, rtt=27.6777ms, rto=200ms
Requesting segment #2116
Received segment #2108, rtt=24.4313ms, rto=200ms
Requesting segment #2117
Received segment #2109, rtt=24.6294ms, rto=200ms
Requesting segment #2118
Received segment #2110, rtt=25.2973ms, rto=200ms
Requesting segment #2119
Requesting segment #2120
Received segment #2111, rtt=23.3931ms, rto=200ms
Requesting segment #2121
Received segment #2112, rtt=23.7672ms, rto=200ms
Requesting segment #2122
Received segment #2113, rtt=23.3148ms, rto=200ms
Requesting segment #2123
Received segment #2114, rtt=18.143ms, rto=200ms
Requesting segment #2124
Received segment #2115, rtt=15.8396ms, rto=200ms
Requesting segment #2125
Received segment #2116, rtt=13.3219ms, rto=200ms
Requesting segment #2126
Received segment #2117, rtt=11.303ms, rto=200ms
Requesting segment #2127
Received segment #2118, rtt=12.4481ms, rto=200ms
Requesting segment #2128
Received segment #2119, rtt=12.2294ms, rto=200ms
Requesting segment #2129
Received segment #2120, rtt=12.4196ms, rto=200ms
Requesting segment #2130
Requesting segment #2131
Received segment #2121, rtt=13.3763ms, rto=200ms
Requesting segment #2132
Received segment #2122, rtt=13.9095ms, rto=200ms
Requesting segment #2133
Received segment #2123, rtt=14.5595ms, rto=200ms
Requesting segment #2134
Received segment #2124, rtt=14.9938ms, rto=200ms
Requesting segment #2135
Received segment #2125, rtt=14.5204ms, rto=200ms
Requesting segment #2136
Received segment #2126, rtt=15.2277ms, rto=200ms
Requesting segment #2137
Received segment #2127, rtt=15.6334ms, rto=200ms
Requesting segment #2138
Received segment #2128, rtt=15.0896ms, rto=200ms
Requesting segment #2139
Received segment #2129, rtt=14.7557ms, rto=200ms
Requesting segment #2140
Received segment #2130, rtt=15.219ms, rto=200ms
Requesting segment #2141
Received segment #2131, rtt=15.9459ms, rto=200ms
Requesting segment #2142
Requesting segment #2143
Received segment #2132, rtt=15.0253ms, rto=200ms
Requesting segment #2144
Received segment #2133, rtt=13.7948ms, rto=200ms
Requesting segment #2145
Received segment #2134, rtt=13.1925ms, rto=200ms
Requesting segment #2146
Received segment #2135, rtt=12.3389ms, rto=200ms
Requesting segment #2147
Received segment #2136, rtt=12.2328ms, rto=200ms
Requesting segment #2148
Received segment #2137, rtt=13.1471ms, rto=200ms
Requesting segment #2149
Received segment #2138, rtt=13.7078ms, rto=200ms
Requesting segment #2150
Received segment #2139, rtt=13.7334ms, rto=200ms
Requesting segment #2151
Received segment #2140, rtt=14.6281ms, rto=200ms
Requesting segment #2152
Received segment #2141, rtt=15.0806ms, rto=200ms
Requesting segment #2153
Received segment #2142, rtt=15.6092ms, rto=200ms
Requesting segment #2154
Received segment #2143, rtt=16.4737ms, rto=200ms
Requesting segment #2155
Requesting segment #2156
Received segment #2144, rtt=15.9417ms, rto=200ms
Requesting segment #2157
Received segment #2145, rtt=16.1388ms, rto=200ms
Requesting segment #2158
Received segment #2146, rtt=16.6572ms, rto=200ms
Requesting segment #2159
Received segment #2147, rtt=15.3516ms, rto=200ms
Requesting segment #2160
Received segment #2148, rtt=14.9273ms, rto=200ms
Requesting segment #2161
Received segment #2149, rtt=15.2677ms, rto=200ms
Requesting segment #2162
Received segment #2150, rtt=16.0775ms, rto=200ms
Requesting segment #2163
Received segment #2151, rtt=18.1733ms, rto=200ms
Requesting segment #2164
Received segment #2152, rtt=19.1519ms, rto=200ms
Requesting segment #2165
Received segment #2153, rtt=19.4921ms, rto=200ms
Requesting segment #2166
Received segment #2154, rtt=21.6421ms, rto=200ms
Requesting segment #2167
Received segment #2155, rtt=21.4316ms, rto=200ms
Requesting segment #2168
Received segment #2156, rtt=22.1325ms, rto=200ms
Requesting segment #2169
Requesting segment #2170
Received segment #2157, rtt=22.5903ms, rto=200ms
Requesting segment #2171
Received segment #2158, rtt=23.8082ms, rto=200ms
Requesting segment #2172
Received segment #2159, rtt=23.9212ms, rto=200ms
Requesting segment #2173
Received segment #2160, rtt=24.1953ms, rto=200ms
Requesting segment #2174
Received segment #2161, rtt=24.3506ms, rto=200ms
Requesting segment #2175
Received segment #2162, rtt=21.7649ms, rto=200ms
Requesting segment #2176
Received segment #2163, rtt=19.1556ms, rto=200ms
Requesting segment #2177
Received segment #2164, rtt=17.0914ms, rto=200ms
Requesting segment #2178
Received segment #2165, rtt=15.7414ms, rto=200ms
Requesting segment #2179
Received segment #2166, rtt=15.0559ms, rto=200ms
Requesting segment #2180
Received segment #2167, rtt=12.9961ms, rto=200ms
Requesting segment #2181
Received segment #2168, rtt=14.5238ms, rto=200ms
Requesting segment #2182
Received segment #2169, rtt=15.1587ms, rto=200ms
Requesting segment #2183
Received segment #2170, rtt=16.0886ms, rto=200ms
Requesting segment #2184
Requesting segment #2185
Received segment #2171, rtt=16.0449ms, rto=200ms
Requesting segment #2186
Received segment #2172, rtt=16.585ms, rto=200ms
Requesting segment #2187
Received segment #2173, rtt=15.8304ms, rto=200ms
Requesting segment #2188
Received segment #2174, rtt=15.7581ms, rto=200ms
Requesting segment #2189
Received segment #2175, rtt=15.9472ms, rto=200ms
Requesting segment #2190
Received segment #2176, rtt=15.8681ms, rto=200ms
Requesting segment #2191
Received segment #2177, rtt=16.1283ms, rto=200ms
Requesting segment #2192
Received segment #2178, rtt=16.2237ms, rto=200ms
Requesting segment #2193
Received segment #2179, rtt=17.3288ms, rto=200ms
Requesting segment #2194
Received segment #2180, rtt=17.9304ms, rto=200ms
Requesting segment #2195
Received segment #2181, rtt=17.4216ms, rto=200ms
Received segment #2182, rtt=15.7494ms, rto=200ms
Received segment #2183, rtt=16.5176ms, rto=200ms
Received segment #2184, rtt=16.2295ms, rto=200ms
Received segment #2185, rtt=17.1949ms, rto=200ms
Received segment #2186, rtt=16.9769ms, rto=200ms
Received segment #2187, rtt=16.5437ms, rto=200ms
Received segment #2188, rtt=17.7106ms, rto=200ms
Requesting segment #2196
Received segment #2189, rtt=21.494ms, rto=200ms
Requesting segment #2197
Received segment #2190, rtt=25.846ms, rto=200ms
Requesting segment #2198
Received segment #2191, rtt=26.7507ms, rto=200ms
Requesting segment #2199
Requesting segment #2200
Received segment #2192, rtt=27.1494ms, rto=200ms
Requesting segment #2201
Received segment #2193, rtt=29.7619ms, rto=200ms
Requesting segment #2202
Received segment #2194, rtt=28.8852ms, rto=200ms
Requesting segment #2203
Received segment #2195, rtt=28.0882ms, rto=200ms
Requesting segment #2204
Received segment #2196, rtt=19.3551ms, rto=200ms
Requesting segment #2205
Received segment #2197, rtt=15.3662ms, rto=200ms
Requesting segment #2206
Received segment #2198, rtt=11.0606ms, rto=200ms
Requesting segment #2207
Received segment #2199, rtt=10.9258ms, rto=200ms
Requesting segment #2208
Requesting segment #2209
Received segment #2200, rtt=11.6156ms, rto=200ms
Requesting segment #2210
Received segment #2201, rtt=12.4503ms, rto=200ms
Requesting segment #2211
Received segment #2202, rtt=14.2784ms, rto=200ms
Requesting segment #2212
Received segment #2203, rtt=14.9233ms, rto=200ms
Requesting segment #2213
Received segment #2204, rtt=14.9233ms, rto=200ms
Requesting segment #2214
Received segment #2205, rtt=15.6355ms, rto=200ms
Requesting segment #2215
Received segment #2206, rtt=17.0941ms, rto=200ms
Requesting segment #2216
Received segment #2207, rtt=16.9743ms, rto=200ms
Requesting segment #2217
Received segment #2208, rtt=17.6958ms, rto=200ms
Requesting segment #2218
Received segment #2209, rtt=18.6377ms, rto=200ms
Requesting segment #2219
Requesting segment #2220
Received segment #2210, rtt=18.3597ms, rto=200ms
Requesting segment #2221
Received segment #2211, rtt=16.8416ms, rto=200ms
Requesting segment #2222
Received segment #2212, rtt=13.3907ms, rto=200ms
Requesting segment #2223
Received segment #2213, rtt=11.9042ms, rto=200ms
Requesting segment #2224
Received segment #2214, rtt=11.8008ms, rto=200ms
Requesting segment #2225
Received segment #2215, rtt=11.6963ms, rto=200ms
Requesting segment #2226
Received segment #2216, rtt=11.859ms, rto=200ms
Requesting segment #2227
Received segment #2217, rtt=11.1188ms, rto=200ms
Requesting segment #2228
Received segment #2218, rtt=9.55933ms, rto=200ms
Requesting segment #2229
Received segment #2219, rtt=9.63285ms, rto=200ms
Requesting segment #2230
Received segment #2220, rtt=10.0342ms, rto=200ms
Requesting segment #2231
Requesting segment #2232
Received segment #2221, rtt=10.3295ms, rto=200ms
Requesting segment #2233
Received segment #2222, rtt=10.4482ms, rto=200ms
Received segment #2223, rtt=9.82696ms, rto=200ms
Received segment #2224, rtt=9.96266ms, rto=200ms
Received segment #2225, rtt=9.85899ms, rto=200ms
Received segment #2226, rtt=9.15395ms, rto=200ms
Received segment #2227, rtt=13.5689ms, rto=200ms
Received segment #2228, rtt=13.9655ms, rto=200ms
Requesting segment #2234
Requesting segment #2235
Received segment #2229, rtt=14.5874ms, rto=200ms
Requesting segment #2236
Received segment #2230, rtt=15.0756ms, rto=200ms
Requesting segment #2237
Received segment #2231, rtt=15.99ms, rto=200ms
Requesting segment #2238
Received segment #2232, rtt=16.5453ms, rto=200ms
Requesting segment #2239
Received segment #2233, rtt=16.5953ms, rto=200ms
Requesting segment #2240
Received segment #2234, rtt=14.1184ms, rto=200ms
Requesting segment #2241
Received segment #2235, rtt=14.8907ms, rto=200ms
Requesting segment #2242
Requesting segment #2243
Received segment #2236, rtt=15.8171ms, rto=200ms
Requesting segment #2244
Received segment #2237, rtt=15.7071ms, rto=200ms
Requesting segment #2245
Received segment #2238, rtt=16.6173ms, rto=200ms
Requesting segment #2246
Received segment #2239, rtt=16.5151ms, rto=200ms
Requesting segment #2247
Received segment #2240, rtt=16.5778ms, rto=200ms
Requesting segment #2248
Received segment #2241, rtt=15.9785ms, rto=200ms
Requesting segment #2249
Received segment #2242, rtt=16.1008ms, rto=200ms
Requesting segment #2250
Received segment #2243, rtt=16.8228ms, rto=200ms
Requesting segment #2251
Requesting segment #2252
Received segment #2244, rtt=16.0213ms, rto=200ms
Requesting segment #2253
Received segment #2245, rtt=15.6166ms, rto=200ms
Requesting segment #2254
Received segment #2246, rtt=14.6665ms, rto=200ms
Requesting segment #2255
Received segment #2247, rtt=15.5948ms, rto=200ms
Requesting segment #2256
Received segment #2248, rtt=15.1795ms, rto=200ms
Requesting segment #2257
Received segment #2249, rtt=10.6683ms, rto=200ms
Requesting segment #2258
Received segment #2250, rtt=10.1028ms, rto=200ms
Requesting segment #2259
Received segment #2251, rtt=10.262ms, rto=200ms
Requesting segment #2260
Received segment #2252, rtt=11.5855ms, rto=200ms
Requesting segment #2261
Requesting segment #2262
Received segment #2253, rtt=11.6319ms, rto=200ms
Requesting segment #2263
Received segment #2254, rtt=11.285ms, rto=200ms
Requesting segment #2264
Received segment #2255, rtt=12.8193ms, rto=200ms
Requesting segment #2265
Received segment #2256, rtt=12.1037ms, rto=200ms
Requesting segment #2266
Received segment #2257, rtt=12.3259ms, rto=200ms
Requesting segment #2267
Received segment #2258, rtt=11.8511ms, rto=200ms
Requesting segment #2268
Received segment #2259, rtt=14.6922ms, rto=200ms
Requesting segment #2269
Received segment #2260, rtt=23.111ms, rto=200ms
Requesting segment #2270
Received segment #2261, rtt=22.7425ms, rto=200ms
Requesting segment #2271
Received segment #2262, rtt=23.9302ms, rto=200ms
Requesting segment #2272
Requesting segment #2273
Received segment #2263, rtt=24.4241ms, rto=200ms
Requesting segment #2274
Received segment #2264, rtt=24.8897ms, rto=200ms
Requesting segment #2275
Received segment #2265, rtt=23.2218ms, rto=200ms
Requesting segment #2276
Received segment #2266, rtt=24.0343ms, rto=200ms
Requesting segment #2277
Received segment #2267, rtt=24.9674ms, rto=200ms
Requesting segment #2278
Received segment #2268, rtt=22.1278ms, rto=200ms
Requesting segment #2279
Received segment #2269, rtt=21.5026ms, rto=200ms
Requesting segment #2280
Received segment #2270, rtt=13.5531ms, rto=200ms
Requesting segment #2281
Received segment #2271, rtt=13.5843ms, rto=200ms
Requesting segment #2282
Received segment #2272, rtt=14.1194ms, rto=200ms
Requesting segment #2283
Received segment #2273, rtt=17.0644ms, rto=200ms
Requesting segment #2284
Requesting segment #2285
Received segment #2274, rtt=16.6273ms, rto=200ms
Requesting segment #2286
Received segment #2276, rtt=15.6365ms, rto=200ms
Requesting segment #2287
Received segment #2275, rtt=18.0691ms, rto=200ms
Requesting segment #2288
Received segment #2277, rtt=19.6198ms, rto=200ms
Requesting segment #2289
Received segment #2278, rtt=44.2309ms, rto=200ms
Requesting segment #2290
Received segment #2279, rtt=44.6692ms, rto=200ms
Requesting segment #2291
Received segment #2280, rtt=42.8334ms, rto=200ms
Requesting segment #2292
Received segment #2281, rtt=42.5628ms, rto=200ms
Requesting segment #2293
Received segment #2282, rtt=41.9469ms, rto=200ms
Requesting segment #2294
Received segment #2283, rtt=40.9874ms, rto=200ms
Requesting segment #2295
Received segment #2284, rtt=38.6402ms, rto=200ms
Requesting segment #2296
Received segment #2285, rtt=39.597ms, rto=200ms
Requesting segment #2297
Requesting segment #2298
Received segment #2286, rtt=39.5453ms, rto=200ms
Requesting segment #2299
Received segment #2287, rtt=41.3888ms, rto=200ms
Requesting segment #2300
Received segment #2288, rtt=42.1551ms, rto=200ms
Requesting segment #2301
Received segment #2289, rtt=40.5454ms, rto=200ms
Requesting segment #2302
Received segment #2290, rtt=15.7178ms, rto=200ms
Requesting segment #2303
Received segment #2291, rtt=17.3262ms, rto=200ms
Requesting segment #2304
Received segment #2292, rtt=21.4943ms, rto=200ms
Requesting segment #2305
Received segment #2293, rtt=21.9335ms, rto=200ms
Requesting segment #2306
Received segment #2294, rtt=22.4978ms, rto=200ms
Requesting segment #2307
Received segment #2295, rtt=22.0184ms, rto=200ms
Requesting segment #2308
Received segment #2296, rtt=32.4655ms, rto=200ms
Requesting segment #2309
Received segment #2297, rtt=41.8832ms, rto=200ms
Requesting segment #2310
Received segment #2298, rtt=42.2659ms, rto=200ms
Requesting segment #2311
Requesting segment #2312
Received segment #2299, rtt=41.9859ms, rto=200ms
Requesting segment #2313
Received segment #2300, rtt=39.3903ms, rto=200ms
Requesting segment #2314
Received segment #2301, rtt=38.0448ms, rto=200ms
Requesting segment #2315
Received segment #2302, rtt=40.6795ms, rto=200ms
Requesting segment #2316
Received segment #2303, rtt=41.5181ms, rto=200ms
Requesting segment #2317
Received segment #2304, rtt=45.867ms, rto=200ms
Requesting segment #2318
Received segment #2305, rtt=43.752ms, rto=200ms
Requesting segment #2319
Received segment #2306, rtt=43.6503ms, rto=200ms
Requesting segment #2320
Received segment #2307, rtt=44.0613ms, rto=200ms
Requesting segment #2321
Received segment #2308, rtt=44.4275ms, rto=200ms
Requesting segment #2322
Received segment #2309, rtt=34.0986ms, rto=200ms
Requesting segment #2323
Received segment #2310, rtt=25.1275ms, rto=200ms
Requesting segment #2324
Received segment #2311, rtt=26.8238ms, rto=200ms
Requesting segment #2325
Received segment #2312, rtt=28.1262ms, rto=200ms
Requesting segment #2326
Requesting segment #2327
Received segment #2313, rtt=28.1636ms, rto=200ms
Requesting segment #2328
Received segment #2314, rtt=29.6796ms, rto=200ms
Requesting segment #2329
Received segment #2315, rtt=30.3857ms, rto=200ms
Requesting segment #2330
Received segment #2316, rtt=35.6378ms, rto=200ms
Requesting segment #2331
Received segment #2317, rtt=37.0057ms, rto=200ms
Requesting segment #2332
Received segment #2318, rtt=33.9737ms, rto=200ms
Requesting segment #2333
Received segment #2319, rtt=32.5638ms, rto=200ms
Requesting segment #2334
Received segment #2320, rtt=31.8937ms, rto=200ms
Requesting segment #2335
Received segment #2321, rtt=31.9171ms, rto=200ms
Requesting segment #2336
Received segment #2322, rtt=31.9134ms, rto=200ms
Requesting segment #2337
Received segment #2323, rtt=34.1497ms, rto=200ms
Requesting segment #2338
Received segment #2324, rtt=35.98ms, rto=200ms
Requesting segment #2339
Received segment #2325, rtt=35.4198ms, rto=200ms
Requesting segment #2340
Received segment #2326, rtt=36.9282ms, rto=200ms
Requesting segment #2341
Received segment #2327, rtt=37.4771ms, rto=200ms
Requesting segment #2342
Requesting segment #2343
Received segment #2328, rtt=38.3102ms, rto=200ms
Requesting segment #2344
Received segment #2329, rtt=37.3747ms, rto=200ms
Requesting segment #2345
Received segment #2330, rtt=37.3107ms, rto=200ms
Requesting segment #2346
Received segment #2331, rtt=42.6392ms, rto=200ms
Requesting segment #2347
Received segment #2332, rtt=43.0923ms, rto=200ms
Requesting segment #2348
Received segment #2333, rtt=41.3384ms, rto=200ms
Requesting segment #2349
Received segment #2334, rtt=43.0089ms, rto=200ms
Requesting segment #2350
Received segment #2335, rtt=44.824ms, rto=200ms
Requesting segment #2351
Received segment #2336, rtt=44.4208ms, rto=200ms
Requesting segment #2352
Received segment #2337, rtt=47.6263ms, rto=200ms
Requesting segment #2353
Received segment #2338, rtt=48.0515ms, rto=200ms
Requesting segment #2354
Received segment #2339, rtt=47.4135ms, rto=200ms
Requesting segment #2355
Received segment #2340, rtt=47.2288ms, rto=200ms
Requesting segment #2356
Received segment #2341, rtt=46.9323ms, rto=200ms
Requesting segment #2357
Received segment #2342, rtt=48.2086ms, rto=200ms
Requesting segment #2358
Received segment #2343, rtt=49.1405ms, rto=200ms
Requesting segment #2359
Requesting segment #2360
Received segment #2344, rtt=50.4525ms, rto=200ms
Requesting segment #2361
Received segment #2345, rtt=52.9226ms, rto=200ms
Requesting segment #2362
Received segment #2346, rtt=53.4729ms, rto=200ms
Requesting segment #2363
Received segment #2347, rtt=41.7483ms, rto=200ms
Requesting segment #2364
Received segment #2348, rtt=42.3196ms, rto=200ms
Requesting segment #2365
Received segment #2349, rtt=44.4171ms, rto=200ms
Requesting segment #2366
Received segment #2350, rtt=44.8724ms, rto=200ms
Requesting segment #2367
Received segment #2351, rtt=42.9429ms, rto=200ms
Requesting segment #2368
Received segment #2352, rtt=42.7279ms, rto=200ms
Requesting segment #2369
Received segment #2353, rtt=47.3988ms, rto=200ms
Requesting segment #2370
Received segment #2354, rtt=45.1912ms, rto=200ms
Requesting segment #2371
Received segment #2355, rtt=43.1991ms, rto=200ms
Requesting segment #2372
Received segment #2356, rtt=42.8813ms, rto=200ms
Requesting segment #2373
Received segment #2357, rtt=42.8851ms, rto=200ms
Requesting segment #2374
Received segment #2358, rtt=43.2415ms, rto=200ms
Requesting segment #2375
Received segment #2359, rtt=46.0032ms, rto=200ms
Requesting segment #2376
Received segment #2360, rtt=46.8915ms, rto=200ms
Requesting segment #2377
Requesting segment #2378
Received segment #2361, rtt=45.8511ms, rto=200ms
Requesting segment #2379
Received segment #2362, rtt=42.9473ms, rto=200ms
Requesting segment #2380
Received segment #2363, rtt=44.4869ms, rto=200ms
Requesting segment #2381
Received segment #2364, rtt=42.5325ms, rto=200ms
Requesting segment #2382
Received segment #2365, rtt=39.2652ms, rto=200ms
Requesting segment #2383
Received segment #2366, rtt=37.4532ms, rto=200ms
Requesting segment #2384
Received segment #2367, rtt=35.8549ms, rto=200ms
Requesting segment #2385
Received segment #2368, rtt=35.8078ms, rto=200ms
Requesting segment #2386
Received segment #2369, rtt=38.2686ms, rto=200ms
Requesting segment #2387
Received segment #2370, rtt=33.5722ms, rto=200ms
Requesting segment #2388
Received segment #2371, rtt=33.8242ms, rto=200ms
Requesting segment #2389
Received segment #2372, rtt=43.6225ms, rto=200ms
Requesting segment #2390
Received segment #2373, rtt=44.6367ms, rto=200ms
Requesting segment #2391
Received segment #2374, rtt=42.7137ms, rto=200ms
Requesting segment #2392
Received segment #2375, rtt=41.8793ms, rto=200ms
Requesting segment #2393
Received segment #2376, rtt=46.1906ms, rto=200ms
Requesting segment #2394
Received segment #2377, rtt=46.5589ms, rto=200ms
Requesting segment #2395
Received segment #2378, rtt=47.6208ms, rto=200ms
Requesting segment #2396
Requesting segment #2397
Received segment #2379, rtt=47.7434ms, rto=200ms
Requesting segment #2398
Received segment #2380, rtt=48.2101ms, rto=200ms
Requesting segment #2399
Received segment #2381, rtt=44.8394ms, rto=200ms
Requesting segment #2400
Received segment #2382, rtt=43.8941ms, rto=200ms
Requesting segment #2401
Received segment #2383, rtt=42.9857ms, rto=200ms
Requesting segment #2402
Received segment #2385, rtt=41.1864ms, rto=200ms
Requesting segment #2403
Received segment #2386, rtt=40.9413ms, rto=200ms
Requesting segment #2404
Received segment #2387, rtt=38.5624ms, rto=200ms
Requesting segment #2405
Received segment #2388, rtt=39.1305ms, rto=200ms
Requesting segment #2406
Received segment #2389, rtt=40.1353ms, rto=200ms
Requesting segment #2407
Received segment #2390, rtt=32.0938ms, rto=200ms
Requesting segment #2408
Received segment #2391, rtt=33.0831ms, rto=200ms
Requesting segment #2409
Received segment #2392, rtt=38.4564ms, rto=200ms
Requesting segment #2410
Received segment #2393, rtt=39.3406ms, rto=200ms
Requesting segment #2411
Received segment #2394, rtt=32.4882ms, rto=200ms
Requesting segment #2412
Received segment #2395, rtt=41.2007ms, rto=200ms
Requesting segment #2413
Received segment #2396, rtt=41.4558ms, rto=200ms
Requesting segment #2414
Received segment #2397, rtt=43.2218ms, rto=200ms
Requesting segment #2415
Received segment #2398, rtt=41.6292ms, rto=200ms
Requesting segment #2416
Requesting segment #2417
Received segment #2399, rtt=42.5169ms, rto=200ms
Requesting segment #2418
Received segment #2400, rtt=43.185ms, rto=200ms
Requesting segment #2419
Received segment #2401, rtt=44.6908ms, rto=200ms
Requesting segment #2420
Received segment #2402, rtt=44.8902ms, rto=200ms
Requesting segment #2421
Received segment #2403, rtt=44.2881ms, rto=200ms
Requesting segment #2422
Received segment #2404, rtt=47.4286ms, rto=200ms
Requesting segment #2423
Received segment #2405, rtt=52.6045ms, rto=200ms
Requesting segment #2424
Received segment #2406, rtt=55.8167ms, rto=200ms
Requesting segment #2425
Received segment #2407, rtt=55.5274ms, rto=200ms
Requesting segment #2426
Received segment #2408, rtt=59.1914ms, rto=200ms
Requesting segment #2427
Received segment #2409, rtt=57.1152ms, rto=200ms
Requesting segment #2428
Received segment #2410, rtt=52.3828ms, rto=200ms
Requesting segment #2429
Received segment #2411, rtt=50.7798ms, rto=200ms
Requesting segment #2430
Received segment #2412, rtt=50.6375ms, rto=200ms
Requesting segment #2431
Received segment #2413, rtt=43.4885ms, rto=200ms
Requesting segment #2432
Received segment #2414, rtt=44.8264ms, rto=200ms
Requesting segment #2433
Received segment #2415, rtt=44.5626ms, rto=200ms
Requesting segment #2434
Received segment #2416, rtt=47.9234ms, rto=200ms
Requesting segment #2435
Received segment #2417, rtt=49.406ms, rto=200ms
Requesting segment #2436
Received segment #2418, rtt=53.679ms, rto=200ms
Requesting segment #2437
Requesting segment #2438
Received segment #2419, rtt=54.9056ms, rto=200ms
Requesting segment #2439
Received segment #2420, rtt=56.7856ms, rto=200ms
Requesting segment #2440
Received segment #2421, rtt=56.8898ms, rto=200ms
Requesting segment #2441
Received segment #2422, rtt=57.2089ms, rto=200ms
Requesting segment #2442
Received segment #2423, rtt=56.5003ms, rto=200ms
Requesting segment #2443
Received segment #2424, rtt=52.6349ms, rto=200ms
Requesting segment #2444
Received segment #2425, rtt=48.4406ms, rto=200ms
Requesting segment #2445
Received segment #2426, rtt=46.803ms, rto=200ms
Requesting segment #2446
Received segment #2427, rtt=47.1952ms, rto=200ms
Requesting segment #2447
Received segment #2428, rtt=53.8668ms, rto=200ms
Requesting segment #2448
Received segment #2429, rtt=58.8081ms, rto=200ms
Requesting segment #2449
Received segment #2430, rtt=60.3306ms, rto=200ms
Requesting segment #2450
Received segment #2431, rtt=60.7886ms, rto=200ms
Requesting segment #2451
Received segment #2432, rtt=58.4795ms, rto=200ms
Requesting segment #2452
Received segment #2433, rtt=60.0002ms, rto=200ms
Requesting segment #2453
Received segment #2434, rtt=60.7269ms, rto=200ms
Requesting segment #2454
Received segment #2435, rtt=58.0475ms, rto=200ms
Requesting segment #2455
Received segment #2436, rtt=57.0452ms, rto=200ms
Requesting segment #2456
Received segment #2437, rtt=52.0928ms, rto=200ms
Requesting segment #2457
Received segment #2438, rtt=52.361ms, rto=200ms
Requesting segment #2458
Requesting segment #2459
Received segment #2439, rtt=51.0237ms, rto=200ms
Requesting segment #2460
Received segment #2440, rtt=49.8506ms, rto=200ms
Requesting segment #2461
Received segment #2441, rtt=53.3579ms, rto=200ms
Requesting segment #2462
Received segment #2442, rtt=53.2842ms, rto=200ms
Requesting segment #2463
Received segment #2443, rtt=52.9081ms, rto=200ms
Requesting segment #2464
Received segment #2444, rtt=51.7368ms, rto=200ms
Requesting segment #2465
Packet loss event, new cwnd = 11.1366, ssthresh = 11.1366
Received segment #2445, rtt=50.7356ms, rto=200ms
Received segment #2446, rtt=52.253ms, rto=200ms
Received segment #2447, rtt=46.9602ms, rto=200ms
Received segment #2448, rtt=40.7817ms, rto=200ms
Received segment #2449, rtt=37.2513ms, rto=200ms
Received segment #2450, rtt=35.2729ms, rto=200ms
Received segment #2451, rtt=33.995ms, rto=200ms
Received segment #2452, rtt=36.1103ms, rto=200ms
Received segment #2453, rtt=49.2254ms, rto=200ms
Received segment #2454, rtt=47.3145ms, rto=200ms
Retransmitting segment #2384
Received segment #2455, rtt=49.9181ms, rto=200ms
Requesting segment #2466
Received segment #2456, rtt=50.1712ms, rto=200ms
Requesting segment #2467
Received segment #2457, rtt=50.0772ms, rto=200ms
Requesting segment #2468
Received segment #2458, rtt=50.7924ms, rto=200ms
Requesting segment #2469
Received segment #2459, rtt=51.8976ms, rto=200ms
Requesting segment #2470
Received segment #2384, rtt=10.4525ms, rto=200ms
Requesting segment #2471
Received segment #2460, rtt=57.4339ms, rto=200ms
Requesting segment #2472
Received segment #2461, rtt=56.3728ms, rto=200ms
Requesting segment #2473
Received segment #2462, rtt=55.6425ms, rto=200ms
Requesting segment #2474
Received segment #2463, rtt=56.2585ms, rto=200ms
Requesting segment #2475
Received segment #2464, rtt=55.4024ms, rto=200ms
Requesting segment #2476
Received segment #2465, rtt=58.0249ms, rto=200ms
Requesting segment #2477
Requesting segment #2478
Received segment #2466, rtt=24.7987ms, rto=200ms
Requesting segment #2479
Received segment #2467, rtt=24.4792ms, rto=200ms
Requesting segment #2480
Received segment #2468, rtt=24.869ms, rto=200ms
Requesting segment #2481
Received segment #2469, rtt=25.1032ms, rto=200ms
Requesting segment #2482
Received segment #2470, rtt=26.6823ms, rto=200ms
Requesting segment #2483
Received segment #2471, rtt=25.7433ms, rto=200ms
Requesting segment #2484
Received segment #2472, rtt=47.7945ms, rto=200ms
Requesting segment #2485
Received segment #2473, rtt=48.8453ms, rto=200ms
Requesting segment #2486
Received segment #2474, rtt=47.2344ms, rto=200ms
Requesting segment #2487
Received segment #2475, rtt=45.467ms, rto=200ms
Requesting segment #2488
Received segment #2476, rtt=48.8331ms, rto=200ms
Requesting segment #2489
Received segment #2477, rtt=51.8579ms, rto=200ms
Requesting segment #2490
Received segment #2478, rtt=54.694ms, rto=200ms
Requesting segment #2491
Requesting segment #2492
Received segment #2479, rtt=54.9667ms, rto=200ms
Requesting segment #2493
Received segment #2480, rtt=56.547ms, rto=200ms
Requesting segment #2494
Received segment #2481, rtt=57.0348ms, rto=200ms
Requesting segment #2495
Received segment #2482, rtt=58.8013ms, rto=200ms
Requesting segment #2496
Received segment #2483, rtt=64.1656ms, rto=200ms
Requesting segment #2497
Received segment #2484, rtt=63.4499ms, rto=200ms
Requesting segment #2498
Received segment #2485, rtt=41.3159ms, rto=200ms
Requesting segment #2499
Received segment #2486, rtt=38.5785ms, rto=200ms
Requesting segment #2500
Received segment #2487, rtt=46.171ms, rto=200ms
Requesting segment #2501
Received segment #2488, rtt=46.6415ms, rto=200ms
Requesting segment #2502
Received segment #2489, rtt=43.8492ms, rto=200ms
Requesting segment #2503
Received segment #2490, rtt=39.1963ms, rto=200ms
Requesting segment #2504
Received segment #2491, rtt=43.5122ms, rto=200ms
Requesting segment #2505
Received segment #2492, rtt=45.2277ms, rto=200ms
Requesting segment #2506
Requesting segment #2507
Received segment #2493, rtt=49.4589ms, rto=200ms
Requesting segment #2508
Received segment #2494, rtt=48.997ms, rto=200ms
Requesting segment #2509
Received segment #2495, rtt=48.2972ms, rto=200ms
Requesting segment #2510
Received segment #2496, rtt=48.3855ms, rto=200ms
Requesting segment #2511
Received segment #2497, rtt=45.2004ms, rto=200ms
Requesting segment #2512
Received segment #2498, rtt=44.5006ms, rto=200ms
Requesting segment #2513
Received segment #2499, rtt=43.4454ms, rto=200ms
Requesting segment #2514
Received segment #2500, rtt=47.6993ms, rto=200ms
Requesting segment #2515
Received segment #2501, rtt=40.659ms, rto=200ms
Requesting segment #2516
Received segment #2502, rtt=42.5866ms, rto=200ms
Requesting segment #2517
Received segment #2503, rtt=42.1562ms, rto=200ms
Requesting segment #2518
Received segment #2504, rtt=41.5205ms, rto=200ms
Requesting segment #2519
Received segment #2505, rtt=36.9882ms, rto=200ms
Requesting segment #2520
Received segment #2506, rtt=39.7817ms, rto=200ms
Requesting segment #2521
Received segment #2507, rtt=41.165ms, rto=200ms
Requesting segment #2522
Requesting segment #2523
Received segment #2508, rtt=41.9337ms, rto=200ms
Requesting segment #2524
Received segment #2509, rtt=41.9506ms, rto=200ms
Requesting segment #2525
Received segment #2510, rtt=42.1632ms, rto=200ms
Requesting segment #2526
Received segment #2511, rtt=40.8765ms, rto=200ms
Requesting segment #2527
Received segment #2512, rtt=38.1776ms, rto=200ms
Requesting segment #2528
Received segment #2513, rtt=38.7438ms, rto=200ms
Requesting segment #2529
Received segment #2514, rtt=37.8438ms, rto=200ms
Requesting segment #2530
Received segment #2515, rtt=37.8273ms, rto=200ms
Requesting segment #2531
Received segment #2516, rtt=36.4229ms, rto=200ms
Requesting segment #2532
Received segment #2517, rtt=35.3194ms, rto=200ms
Requesting segment #2533
Received segment #2518, rtt=35.504ms, rto=200ms
Requesting segment #2534
Received segment #2519, rtt=35.3556ms, rto=200ms
Requesting segment #2535
Received segment #2520, rtt=33.9251ms, rto=200ms
Requesting segment #2536
Received segment #2521, rtt=30.7432ms, rto=200ms
Requesting segment #2537
Received segment #2522, rtt=30.6991ms, rto=200ms
Requesting segment #2538
Received segment #2523, rtt=32.0849ms, rto=200ms
Requesting segment #2539
Requesting segment #2540
Received segment #2524, rtt=35.5435ms, rto=200ms
Requesting segment #2541
Received segment #2525, rtt=36.3116ms, rto=200ms
Requesting segment #2542
Received segment #2526, rtt=37.8584ms, rto=200ms
Requesting segment #2543
Received segment #2527, rtt=38.0217ms, rto=200ms
Requesting segment #2544
Received segment #2528, rtt=40.6811ms, rto=200ms
Requesting segment #2545
Received segment #2529, rtt=41.4421ms, rto=200ms
Requesting segment #2546
Received segment #2530, rtt=42.9397ms, rto=200ms
Requesting segment #2547
Received segment #2531, rtt=39.5058ms, rto=200ms
Requesting segment #2548
Received segment #2532, rtt=39.3183ms, rto=200ms
Requesting segment #2549
Received segment #2533, rtt=39.0525ms, rto=200ms
Requesting segment #2550
Received segment #2534, rtt=42.6211ms, rto=200ms
Requesting segment #2551
Received segment #2535, rtt=44.2361ms, rto=200ms
Requesting segment #2552
Received segment #2536, rtt=44.6952ms, rto=200ms
Requesting segment #2553
Received segment #2537, rtt=45.8413ms, rto=200ms
Requesting segment #2554
Received segment #2538, rtt=45.3944ms, rto=200ms
Requesting segment #2555
Received segment #2539, rtt=45.8886ms, rto=200ms
Requesting segment #2556
Received segment #2540, rtt=48.1733ms, rto=200ms
Requesting segment #2557
Requesting segment #2558
Received segment #2541, rtt=42.0672ms, rto=200ms
Requesting segment #2559
Received segment #2542, rtt=46.9203ms, rto=200ms
Requesting segment #2560
Received segment #2543, rtt=46.3549ms, rto=200ms
Requesting segment #2561
Received segment #2544, rtt=45.4221ms, rto=200ms
Requesting segment #2562
Received segment #2545, rtt=44.0463ms, rto=200ms
Requesting segment #2563
Received segment #2546, rtt=47.9506ms, rto=200ms
Requesting segment #2564
Received segment #2547, rtt=48.3118ms, rto=200ms
Requesting segment #2565
Received segment #2548, rtt=48.5055ms, rto=200ms
Requesting segment #2566
Received segment #2549, rtt=50.1083ms, rto=200ms
Requesting segment #2567
Received segment #2550, rtt=51.0961ms, rto=200ms
Requesting segment #2568
Received segment #2551, rtt=46.9852ms, rto=200ms
Requesting segment #2569
Received segment #2552, rtt=46.8948ms, rto=200ms
Requesting segment #2570
Received segment #2553, rtt=46.6646ms, rto=200ms
Requesting segment #2571
Received segment #2554, rtt=48.3653ms, rto=200ms
Requesting segment #2572
Received segment #2555, rtt=48.0722ms, rto=200ms
Requesting segment #2573
Received segment #2556, rtt=46.8928ms, rto=200ms
Requesting segment #2574
Received segment #2557, rtt=46.7749ms, rto=200ms
Requesting segment #2575
Received segment #2558, rtt=47.4319ms, rto=200ms
Requesting segment #2576
Requesting segment #2577
Received segment #2559, rtt=48.6471ms, rto=200ms
Requesting segment #2578
Received segment #2560, rtt=42.8626ms, rto=200ms
Requesting segment #2579
Received segment #2561, rtt=42.2172ms, rto=200ms
Requesting segment #2580
Received segment #2562, rtt=44.1715ms, rto=200ms
Requesting segment #2581
Received segment #2563, rtt=53.8815ms, rto=200ms
Requesting segment #2582
Received segment #2564, rtt=55.0632ms, rto=200ms
Requesting segment #2583
Received segment #2565, rtt=52.3856ms, rto=200ms
Requesting segment #2584
Received segment #2567, rtt=52.1232ms, rto=200ms
Requesting segment #2585
Received segment #2568, rtt=49.7518ms, rto=200ms
Requesting segment #2586
Received segment #2569, rtt=51.5913ms, rto=200ms
Requesting segment #2587
Received segment #2570, rtt=50.3393ms, rto=200ms
Requesting segment #2588
Received segment #2571, rtt=49.5672ms, rto=200ms
Requesting segment #2589
Received segment #2572, rtt=47.1356ms, rto=200ms
Requesting segment #2590
Received segment #2573, rtt=47.169ms, rto=200ms
Requesting segment #2591
Received segment #2574, rtt=47.6183ms, rto=200ms
Requesting segment #2592
Received segment #2575, rtt=46.2804ms, rto=200ms
Requesting segment #2593
Received segment #2576, rtt=46.1402ms, rto=200ms
Requesting segment #2594
Received segment #2577, rtt=47.4393ms, rto=200ms
Requesting segment #2595
Received segment #2578, rtt=43.3263ms, rto=200ms
Requesting segment #2596
Requesting segment #2597
Received segment #2579, rtt=44.2863ms, rto=200ms
Requesting segment #2598
Received segment #2580, rtt=43.5102ms, rto=200ms
Requesting segment #2599
Received segment #2581, rtt=41.8395ms, rto=200ms
Requesting segment #2600
Received segment #2582, rtt=29.7161ms, rto=200ms
Requesting segment #2601
Received segment #2583, rtt=28.8129ms, rto=200ms
Requesting segment #2602
Received segment #2584, rtt=35.2074ms, rto=200ms
Requesting segment #2603
Received segment #2585, rtt=33.4994ms, rto=200ms
Requesting segment #2604
Received segment #2586, rtt=34.9711ms, rto=200ms
Requesting segment #2605
Received segment #2587, rtt=35.1312ms, rto=200ms
Requesting segment #2606
Received segment #2588, rtt=34.4697ms, rto=200ms
Requesting segment #2607
Received segment #2589, rtt=35.7543ms, rto=200ms
Requesting segment #2608
Received segment #2590, rtt=34.9611ms, rto=200ms
Requesting segment #2609
Received segment #2591, rtt=36.2582ms, rto=200ms
Requesting segment #2610
Received segment #2592, rtt=36.1724ms, rto=200ms
Requesting segment #2611
Received segment #2593, rtt=36.5654ms, rto=200ms
Requesting segment #2612
Received segment #2594, rtt=36.8373ms, rto=200ms
Requesting segment #2613
Received segment #2595, rtt=36.4196ms, rto=200ms
Requesting segment #2614
Received segment #2596, rtt=36.3378ms, rto=200ms
Requesting segment #2615
Received segment #2597, rtt=44.4425ms, rto=200ms
Requesting segment #2616
Received segment #2598, rtt=46.7771ms, rto=200ms
Requesting segment #2617
Requesting segment #2618
Received segment #2600, rtt=57.1946ms, rto=200ms
Requesting segment #2619
Received segment #2601, rtt=62.2978ms, rto=200ms
Requesting segment #2620
Received segment #2602, rtt=57.8498ms, rto=200ms
Requesting segment #2621
Received segment #2603, rtt=53.2819ms, rto=200ms
Requesting segment #2622
Received segment #2604, rtt=56.1568ms, rto=200ms
Requesting segment #2623
Received segment #2605, rtt=55.217ms, rto=200ms
Requesting segment #2624
Received segment #2606, rtt=53.1534ms, rto=200ms
Requesting segment #2625
Received segment #2607, rtt=52.8063ms, rto=200ms
Requesting segment #2626
Received segment #2608, rtt=52.0459ms, rto=200ms
Requesting segment #2627
Received segment #2609, rtt=51.9537ms, rto=200ms
Requesting segment #2628
Received segment #2610, rtt=52.0578ms, rto=200ms
Requesting segment #2629
Received segment #2612, rtt=50.3075ms, rto=200ms
Requesting segment #2630
Received segment #2613, rtt=50.8954ms, rto=200ms
Requesting segment #2631
Received segment #2614, rtt=52.1751ms, rto=200ms
Requesting segment #2632
Received segment #2615, rtt=52.1688ms, rto=200ms
Requesting segment #2633
Received segment #2617, rtt=40.7832ms, rto=200ms
Requesting segment #2634
Received segment #2619, rtt=28.5431ms, rto=200ms
Requesting segment #2635
Received segment #2620, rtt=27.9706ms, rto=200ms
Requesting segment #2636
Received segment #2623, rtt=20.7218ms, rto=200ms
Requesting segment #2637
Received segment #2621, rtt=30.4426ms, rto=200ms
Requesting segment #2638
Received segment #2624, rtt=22.9943ms, rto=200ms
Requesting segment #2639
Requesting segment #2640
Received segment #2622, rtt=33.5528ms, rto=200ms
Requesting segment #2641
Received segment #2625, rtt=28.353ms, rto=200ms
Requesting segment #2642
Received segment #2627, rtt=35.2573ms, rto=200ms
Requesting segment #2643
Received segment #2628, rtt=39.4403ms, rto=200ms
Requesting segment #2644
Received segment #2631, rtt=37.1093ms, rto=200ms
Requesting segment #2645
Received segment #2632, rtt=35.3064ms, rto=200ms
Requesting segment #2646
Received segment #2633, rtt=37.8101ms, rto=200ms
Requesting segment #2647
Received segment #2634, rtt=39.8029ms, rto=200ms
Requesting segment #2648
Received segment #2636, rtt=38.829ms, rto=200ms
Requesting segment #2649
Packet loss event, new cwnd = 11.2274, ssthresh = 11.2274
Received segment #2637, rtt=41.4068ms, rto=200ms
Received segment #2638, rtt=40.6079ms, rto=200ms
Received segment #2639, rtt=42.6915ms, rto=200ms
Received segment #2640, rtt=45.4995ms, rto=200ms
Received segment #2641, rtt=42.736ms, rto=200ms
Received segment #2642, rtt=43.6936ms, rto=200ms
Received segment #2643, rtt=37.9887ms, rto=200ms
Received segment #2635, rtt=65.0374ms, rto=200ms
Received segment #2644, rtt=35.051ms, rto=200ms
Received segment #2645, rtt=34.2738ms, rto=200ms
Retransmitting segment #2566
Received segment #2646, rtt=36.4724ms, rto=200ms
Requesting segment #2650
Received segment #2647, rtt=36.1339ms, rto=200ms
Requesting segment #2651
Received segment #2648, rtt=34.0844ms, rto=200ms
Requesting segment #2652
Received segment #2649, rtt=32.5265ms, rto=200ms
Requesting segment #2653
Received segment #2650, rtt=19.5539ms, rto=200ms
Requesting segment #2654
Received segment #2651, rtt=19.3281ms, rto=200ms
Requesting segment #2655
Received segment #2652, rtt=18.7669ms, rto=200ms
Requesting segment #2656
Received segment #2566, rtt=25.9913ms, rto=200ms
Requesting segment #2657
Received segment #2653, rtt=18.3727ms, rto=200ms
Requesting segment #2658
Received segment #2654, rtt=21.1801ms, rto=200ms
Requesting segment #2659
Received segment #2655, rtt=19.1691ms, rto=200ms
Requesting segment #2660
Requesting segment #2661
Received segment #2656, rtt=21.2784ms, rto=200ms
Requesting segment #2662
Received segment #2657, rtt=21.4886ms, rto=200ms
Requesting segment #2663
Received segment #2658, rtt=20.594ms, rto=200ms
Requesting segment #2664
Retransmitting segment #2599
Received segment #2659, rtt=17.8684ms, rto=200ms
Requesting segment #2665
Received segment #2660, rtt=18.2417ms, rto=200ms
Requesting segment #2666
Received segment #2661, rtt=19.2862ms, rto=200ms
Requesting segment #2667
Received segment #2662, rtt=17.9088ms, rto=200ms
Requesting segment #2668
Received segment #2663, rtt=17.9293ms, rto=200ms
Requesting segment #2669
Received segment #2664, rtt=18.5078ms, rto=200ms
Requesting segment #2670
Received segment #2599, rtt=17.8645ms, rto=200ms
Requesting segment #2671
Received segment #2665, rtt=20.1237ms, rto=200ms
Requesting segment #2672
Received segment #2666, rtt=19.7879ms, rto=200ms
Requesting segment #2673
Retransmitting segment #2611
Received segment #2667, rtt=21.6145ms, rto=200ms
Requesting segment #2674
Requesting segment #2675
Received segment #2668, rtt=22.7517ms, rto=200ms
Requesting segment #2676
Received segment #2669, rtt=24.6881ms, rto=200ms
Requesting segment #2677
Retransmitting segment #2618
Retransmitting segment #2616
Received segment #2611, rtt=12.8159ms, rto=200ms
Requesting segment #2678
Received segment #2670, rtt=29.8101ms, rto=200ms
Requesting segment #2679
Received segment #2671, rtt=28.1843ms, rto=200ms
Requesting segment #2680
Received segment #2672, rtt=19.3352ms, rto=200ms
Requesting segment #2681
Received segment #2673, rtt=19.3393ms, rto=200ms
Requesting segment #2682
Received segment #2674, rtt=17.4188ms, rto=200ms
Requesting segment #2683
Received segment #2675, rtt=18.1799ms, rto=200ms
Requesting segment #2684
Received segment #2618, rtt=9.25669ms, rto=200ms
Requesting segment #2685
Received segment #2616, rtt=9.85041ms, rto=200ms
Requesting segment #2686
Received segment #2676, rtt=17.6387ms, rto=200ms
Requesting segment #2687
Received segment #2677, rtt=16.9702ms, rto=200ms
Requesting segment #2688
Received segment #2678, rtt=17.8026ms, rto=200ms
Requesting segment #2689
Requesting segment #2690
Received segment #2679, rtt=17.0416ms, rto=200ms
Requesting segment #2691
Received segment #2680, rtt=16.6123ms, rto=200ms
Requesting segment #2692
Received segment #2681, rtt=19.8863ms, rto=200ms
Requesting segment #2693
Received segment #2682, rtt=19.6347ms, rto=200ms
Requesting segment #2694
Received segment #2683, rtt=20.1437ms, rto=200ms
Requesting segment #2695
Received segment #2684, rtt=19.9736ms, rto=200ms
Requesting segment #2696
Retransmitting segment #2626
Received segment #2685, rtt=23.6833ms, rto=200ms
Requesting segment #2697
Received segment #2686, rtt=23.7313ms, rto=200ms
Requesting segment #2698
Received segment #2687, rtt=23.582ms, rto=200ms
Requesting segment #2699
Received segment #2688, rtt=22.3064ms, rto=200ms
Requesting segment #2700
Received segment #2689, rtt=19.0886ms, rto=200ms
Requesting segment #2701
Received segment #2690, rtt=20.2388ms, rto=200ms
Requesting segment #2702
Received segment #2691, rtt=20.8644ms, rto=200ms
Requesting segment #2703
Retransmitting segment #2630
Retransmitting segment #2629
Received segment #2692, rtt=22.3243ms, rto=200ms
Requesting segment #2704
Received segment #2626, rtt=12.827ms, rto=200ms
Requesting segment #2705
Requesting segment #2706
Received segment #2693, rtt=18.1878ms, rto=200ms
Requesting segment #2707
Received segment #2694, rtt=23.6294ms, rto=200ms
Received segment #2695, rtt=24.9403ms, rto=200ms
Received segment #2696, rtt=25.3068ms, rto=200ms
Received segment #2697, rtt=22.9042ms, rto=200ms
Received segment #2698, rtt=23.4148ms, rto=200ms
Received segment #2699, rtt=24.1824ms, rto=200ms
Received segment #2700, rtt=26.1274ms, rto=200ms
Received segment #2630, rtt=20.2085ms, rto=200ms
Received segment #2701, rtt=24.3355ms, rto=200ms
Requesting segment #2708
Requesting segment #2709
Received segment #2629, rtt=22.0901ms, rto=200ms
Requesting segment #2710
Received segment #2702, rtt=25.707ms, rto=200ms
Requesting segment #2711
Received segment #2703, rtt=25.4549ms, rto=200ms
Requesting segment #2712
Received segment #2704, rtt=24.3839ms, rto=200ms
Requesting segment #2713
Received segment #2705, rtt=25.4999ms, rto=200ms
Requesting segment #2714
Received segment #2706, rtt=26.7928ms, rto=200ms
Requesting segment #2715
Received segment #2707, rtt=38.3149ms, rto=200ms
Requesting segment #2716
Received segment #2708, rtt=22.4312ms, rto=200ms
Requesting segment #2717
Received segment #2709, rtt=23.8603ms, rto=200ms
Requesting segment #2718
Requesting segment #2719
Received segment #2710, rtt=27.2714ms, rto=200ms
Requesting segment #2720
Received segment #2711, rtt=26.5327ms, rto=200ms
Requesting segment #2721
Received segment #2712, rtt=28.084ms, rto=200ms
Requesting segment #2722
Received segment #2713, rtt=30.1948ms, rto=200ms
Requesting segment #2723
Received segment #2714, rtt=29.1828ms, rto=200ms
Requesting segment #2724
Received segment #2715, rtt=31.0077ms, rto=200ms
Requesting segment #2725
Received segment #2716, rtt=20.3979ms, rto=200ms
Requesting segment #2726
Received segment #2717, rtt=17.5683ms, rto=200ms
Received segment #2718, rtt=17.4969ms, rto=200ms
Received segment #2719, rtt=21.0595ms, rto=200ms
Received segment #2720, rtt=18.4998ms, rto=200ms
Received segment #2721, rtt=17.8041ms, rto=200ms
Requesting segment #2727
Received segment #2722, rtt=18.4652ms, rto=200ms
Requesting segment #2728
Received segment #2723, rtt=19.03ms, rto=200ms
Requesting segment #2729
Received segment #2724, rtt=24.7631ms, rto=200ms
Requesting segment #2730
Received segment #2725, rtt=24.3798ms, rto=200ms
Requesting segment #2731
Received segment #2726, rtt=23.4049ms, rto=200ms
Requesting segment #2732
Requesting segment #2733
Received segment #2727, rtt=17.6571ms, rto=200ms
Requesting segment #2734
Received segment #2728, rtt=15.9487ms, rto=200ms
Requesting segment #2735
Received segment #2729, rtt=13.8636ms, rto=200ms
Requesting segment #2736
Received segment #2730, rtt=15.194ms, rto=200ms
Requesting segment #2737
Received segment #2731, rtt=17.0795ms, rto=200ms
Requesting segment #2738
Received segment #2732, rtt=17.9194ms, rto=200ms
Requesting segment #2739
Received segment #2733, rtt=19.2522ms, rto=200ms
Requesting segment #2740
Requesting segment #2741
Received segment #2734, rtt=19.8734ms, rto=200ms
Requesting segment #2742
Received segment #2735, rtt=22.7944ms, rto=200ms
Requesting segment #2743
Received segment #2736, rtt=24.1374ms, rto=200ms
Requesting segment #2744
Received segment #2737, rtt=18.1658ms, rto=200ms
Requesting segment #2745
Received segment #2738, rtt=15.6349ms, rto=200ms
Requesting segment #2746
Received segment #2739, rtt=15.3708ms, rto=200ms
Requesting segment #2747
Received segment #2740, rtt=14.3961ms, rto=200ms
Requesting segment #2748
Received segment #2741, rtt=14.5464ms, rto=200ms
Requesting segment #2749
Requesting segment #2750
Received segment #2742, rtt=13.2317ms, rto=200ms
Requesting segment #2751
Received segment #2743, rtt=12.5783ms, rto=200ms
Requesting segment #2752
Received segment #2744, rtt=13.1031ms, rto=200ms
Requesting segment #2753
Received segment #2745, rtt=16.7092ms, rto=200ms
Requesting segment #2754
Received segment #2746, rtt=18.5112ms, rto=200ms
Requesting segment #2755
Received segment #2747, rtt=19.3106ms, rto=200ms
Requesting segment #2756
Received segment #2748, rtt=19.6876ms, rto=200ms
Requesting segment #2757
Received segment #2749, rtt=20.4829ms, rto=200ms
Requesting segment #2758
Received segment #2750, rtt=20.9706ms, rto=200ms
Requesting segment #2759
Requesting segment #2760
Received segment #2751, rtt=22.52ms, rto=200ms
Requesting segment #2761
Received segment #2752, rtt=22.7611ms, rto=200ms
Requesting segment #2762
Received segment #2753, rtt=22.3872ms, rto=200ms
Requesting segment #2763
Received segment #2754, rtt=19.3409ms, rto=200ms
Requesting segment #2764
Received segment #2755, rtt=18.093ms, rto=200ms
Requesting segment #2765
Received segment #2756, rtt=19.3747ms, rto=200ms
Requesting segment #2766
Received segment #2757, rtt=19.3109ms, rto=200ms
Requesting segment #2767
Received segment #2758, rtt=19.0039ms, rto=200ms
Requesting segment #2768
Received segment #2759, rtt=19.2862ms, rto=200ms
Requesting segment #2769
Received segment #2760, rtt=20.1569ms, rto=200ms
Requesting segment #2770
Requesting segment #2771
Received segment #2761, rtt=18.8533ms, rto=200ms
Requesting segment #2772
Received segment #2762, rtt=16.4916ms, rto=200ms
Requesting segment #2773
Received segment #2763, rtt=15.121ms, rto=200ms
Requesting segment #2774
Received segment #2764, rtt=12.9275ms, rto=200ms
Requesting segment #2775
Received segment #2765, rtt=14.5787ms, rto=200ms
Requesting segment #2776
Received segment #2766, rtt=13.0992ms, rto=200ms
Requesting segment #2777
Received segment #2767, rtt=13.3505ms, rto=200ms
Requesting segment #2778
Received segment #2768, rtt=13.2301ms, rto=200ms
Requesting segment #2779
Received segment #2769, rtt=13.6455ms, rto=200ms
Requesting segment #2780
Received segment #2770, rtt=13.5459ms, rto=200ms
Requesting segment #2781
Received segment #2771, rtt=15.2821ms, rto=200ms
Requesting segment #2782
Requesting segment #2783
Received segment #2772, rtt=14.245ms, rto=200ms
Requesting segment #2784
Received segment #2773, rtt=14.4286ms, rto=200ms
Requesting segment #2785
Received segment #2774, rtt=14.9512ms, rto=200ms
Requesting segment #2786
Received segment #2775, rtt=15.1082ms, rto=200ms
Requesting segment #2787
Received segment #2776, rtt=13.763ms, rto=200ms
Requesting segment #2788
Received segment #2777, rtt=14.3096ms, rto=200ms
Requesting segment #2789
Received segment #2778, rtt=14.4545ms, rto=200ms
Requesting segment #2790
Received segment #2779, rtt=15.0876ms, rto=200ms
Requesting segment #2791
Received segment #2780, rtt=14.2175ms, rto=200ms
Requesting segment #2792
Received segment #2781, rtt=14.1452ms, rto=200ms
Requesting segment #2793
Received segment #2782, rtt=14.3606ms, rto=200ms
Requesting segment #2794
Received segment #2783, rtt=14.4591ms, rto=200ms
Requesting segment #2795
Requesting segment #2796
Received segment #2784, rtt=14.5758ms, rto=200ms
Requesting segment #2797
Received segment #2785, rtt=14.525ms, rto=200ms
Requesting segment #2798
Received segment #2786, rtt=31.1849ms, rto=200ms
Requesting segment #2799
Received segment #2787, rtt=35.3013ms, rto=200ms
Requesting segment #2800
Received segment #2788, rtt=36.4738ms, rto=200ms
Requesting segment #2801
Received segment #2789, rtt=35.1266ms, rto=200ms
Requesting segment #2802
Received segment #2790, rtt=34.6256ms, rto=200ms
Requesting segment #2803
Received segment #2791, rtt=33.9859ms, rto=200ms
Requesting segment #2804
Received segment #2792, rtt=33.8961ms, rto=200ms
Requesting segment #2805
Received segment #2793, rtt=33.8542ms, rto=200ms
Requesting segment #2806
Received segment #2794, rtt=32.5754ms, rto=200ms
Requesting segment #2807
Received segment #2795, rtt=32.6574ms, rto=200ms
Requesting segment #2808
Received segment #2796, rtt=34.3716ms, rto=200ms
Requesting segment #2809
Requesting segment #2810
Received segment #2797, rtt=34.8262ms, rto=200ms
Requesting segment #2811
Received segment #2798, rtt=33.8821ms, rto=200ms
Requesting segment #2812
Received segment #2799, rtt=15.8075ms, rto=200ms
Requesting segment #2813
Received segment #2800, rtt=12.6781ms, rto=200ms
Requesting segment #2814
Received segment #2801, rtt=9.91109ms, rto=200ms
Requesting segment #2815
Received segment #2802, rtt=9.94257ms, rto=200ms
Requesting segment #2816
Received segment #2803, rtt=14.6481ms, rto=200ms
Requesting segment #2817
Received segment #2804, rtt=16.1228ms, rto=200ms
Requesting segment #2818
Received segment #2805, rtt=17.5686ms, rto=200ms
Requesting segment #2819
Received segment #2806, rtt=18.1999ms, rto=200ms
Requesting segment #2820
Received segment #2807, rtt=36.5926ms, rto=200ms
Requesting segment #2821
Received segment #2808, rtt=39.2425ms, rto=200ms
Requesting segment #2822
Received segment #2809, rtt=39.2838ms, rto=200ms
Requesting segment #2823
Received segment #2810, rtt=41.5809ms, rto=200ms
Requesting segment #2824
Requesting segment #2825
Received segment #2811, rtt=41.8273ms, rto=200ms
Requesting segment #2826
Received segment #2812, rtt=43.9159ms, rto=200ms
Requesting segment #2827
Received segment #2813, rtt=44.5575ms, rto=200ms
Requesting segment #2828
Received segment #2814, rtt=45.1014ms, rto=200ms
Requesting segment #2829
Received segment #2815, rtt=45.1815ms, rto=200ms
Requesting segment #2830
Received segment #2816, rtt=45.8002ms, rto=200ms
Requesting segment #2831
Received segment #2817, rtt=41.1867ms, rto=200ms
Requesting segment #2832
Received segment #2818, rtt=41.6973ms, rto=200ms
Requesting segment #2833
Received segment #2819, rtt=42.1145ms, rto=200ms
Requesting segment #2834
Received segment #2820, rtt=42.1684ms, rto=200ms
Requesting segment #2835
Received segment #2821, rtt=25.7735ms, rto=200ms
Requesting segment #2836
Received segment #2822, rtt=24.9998ms, rto=200ms
Requesting segment #2837
Received segment #2823, rtt=24.2836ms, rto=200ms
Requesting segment #2838
Received segment #2824, rtt=25.8796ms, rto=200ms
Requesting segment #2839
Received segment #2825, rtt=27.3579ms, rto=200ms
Requesting segment #2840
Requesting segment #2841
Received segment #2826, rtt=26.841ms, rto=200ms
Requesting segment #2842
Received segment #2827, rtt=27.0258ms, rto=200ms
Requesting segment #2843
Received segment #2828, rtt=27.4923ms, rto=200ms
Requesting segment #2844
Received segment #2829, rtt=30.8004ms, rto=200ms
Requesting segment #2845
Received segment #2830, rtt=31.2545ms, rto=200ms
Requesting segment #2846
Received segment #2831, rtt=31.7598ms, rto=200ms
Requesting segment #2847
Received segment #2832, rtt=31.4548ms, rto=200ms
Requesting segment #2848
Received segment #2833, rtt=30.1004ms, rto=200ms
Requesting segment #2849
Received segment #2834, rtt=29.1995ms, rto=200ms
Requesting segment #2850
Received segment #2835, rtt=30.407ms, rto=200ms
Requesting segment #2851
Received segment #2836, rtt=30.3684ms, rto=200ms
Requesting segment #2852
Received segment #2837, rtt=28.4933ms, rto=200ms
Requesting segment #2853
Received segment #2838, rtt=30.3455ms, rto=200ms
Requesting segment #2854
Received segment #2839, rtt=28.5457ms, rto=200ms
Requesting segment #2855
Received segment #2840, rtt=27.3625ms, rto=200ms
Requesting segment #2856
Received segment #2841, rtt=29.4517ms, rto=200ms
Requesting segment #2857
Requesting segment #2858
Received segment #2842, rtt=29.1158ms, rto=200ms
Requesting segment #2859
Received segment #2843, rtt=28.5546ms, rto=200ms
Requesting segment #2860
Received segment #2844, rtt=29.6034ms, rto=200ms
Requesting segment #2861
Received segment #2845, rtt=26.0922ms, rto=200ms
Requesting segment #2862
Received segment #2846, rtt=26.5302ms, rto=200ms
Requesting segment #2863
Received segment #2847, rtt=26.2789ms, rto=200ms
Requesting segment #2864
Received segment #2848, rtt=27.7469ms, rto=200ms
Requesting segment #2865
Received segment #2849, rtt=28.9256ms, rto=200ms
Requesting segment #2866
Received segment #2850, rtt=28.857ms, rto=200ms
Requesting segment #2867
Received segment #2851, rtt=27.9625ms, rto=200ms
Requesting segment #2868
Received segment #2852, rtt=34.6253ms, rto=200ms
Requesting segment #2869
Received segment #2853, rtt=39.2689ms, rto=200ms
Requesting segment #2870
Received segment #2854, rtt=37.8436ms, rto=200ms
Requesting segment #2871
Received segment #2855, rtt=37.0782ms, rto=200ms
Requesting segment #2872
Received segment #2856, rtt=37.7068ms, rto=200ms
Requesting segment #2873
Received segment #2857, rtt=38.1962ms, rto=200ms
Requesting segment #2874
Received segment #2858, rtt=42.8308ms, rto=200ms
Requesting segment #2875
Requesting segment #2876
Received segment #2859, rtt=43.9628ms, rto=200ms
Requesting segment #2877
Received segment #2860, rtt=42.5062ms, rto=200ms
Requesting segment #2878
Received segment #2861, rtt=44.4478ms, rto=200ms
Requesting segment #2879
Received segment #2862, rtt=44.8993ms, rto=200ms
Requesting segment #2880
Received segment #2863, rtt=46.3966ms, rto=200ms
Requesting segment #2881
Received segment #2864, rtt=46.1434ms, rto=200ms
Requesting segment #2882
Received segment #2865, rtt=45.7252ms, rto=200ms
Requesting segment #2883
Received segment #2866, rtt=45.0262ms, rto=200ms
Requesting segment #2884
Received segment #2867, rtt=46.2562ms, rto=200ms
Requesting segment #2885
Received segment #2868, rtt=46.7534ms, rto=200ms
Requesting segment #2886
Received segment #2869, rtt=37.7552ms, rto=200ms
Requesting segment #2887
Received segment #2870, rtt=34.2554ms, rto=200ms
Requesting segment #2888
Received segment #2871, rtt=34.8935ms, rto=200ms
Requesting segment #2889
Received segment #2872, rtt=35.6901ms, rto=200ms
Requesting segment #2890
Received segment #2873, rtt=36.2398ms, rto=200ms
Requesting segment #2891
Received segment #2874, rtt=34.4704ms, rto=200ms
Requesting segment #2892
Received segment #2875, rtt=32.2333ms, rto=200ms
Requesting segment #2893
Received segment #2876, rtt=41.0302ms, rto=200ms
Requesting segment #2894
Requesting segment #2895
Received segment #2877, rtt=42.7583ms, rto=200ms
Requesting segment #2896
Received segment #2878, rtt=44.2671ms, rto=200ms
Requesting segment #2897
Received segment #2879, rtt=46.8336ms, rto=200ms
Requesting segment #2898
Received segment #2880, rtt=45.3258ms, rto=200ms
Requesting segment #2899
Received segment #2881, rtt=43.8738ms, rto=200ms
Requesting segment #2900
Received segment #2882, rtt=44.444ms, rto=200ms
Requesting segment #2901
Received segment #2883, rtt=44.7559ms, rto=200ms
Requesting segment #2902
Received segment #2884, rtt=44.5582ms, rto=200ms
Requesting segment #2903
Received segment #2885, rtt=46.5971ms, rto=200ms
Requesting segment #2904
Received segment #2886, rtt=47.2183ms, rto=200ms
Requesting segment #2905
Received segment #2887, rtt=49.7641ms, rto=200ms
Requesting segment #2906
Received segment #2888, rtt=50.9982ms, rto=200ms
Requesting segment #2907
Received segment #2889, rtt=49.3769ms, rto=200ms
Requesting segment #2908
Received segment #2890, rtt=47.5911ms, rto=200ms
Requesting segment #2909
Received segment #2891, rtt=49.8823ms, rto=200ms
Requesting segment #2910
Received segment #2892, rtt=49.7822ms, rto=200ms
Requesting segment #2911
Received segment #2893, rtt=50.4812ms, rto=200ms
Requesting segment #2912
Received segment #2894, rtt=51.8143ms, rto=200ms
Requesting segment #2913
Received segment #2895, rtt=52.5102ms, rto=200ms
Requesting segment #2914
Requesting segment #2915
Received segment #2896, rtt=54.3108ms, rto=200ms
Requesting segment #2916
Received segment #2897, rtt=59.8589ms, rto=200ms
Requesting segment #2917
Received segment #2898, rtt=60.6058ms, rto=200ms
Requesting segment #2918
Received segment #2899, rtt=60.7734ms, rto=200ms
Requesting segment #2919
Received segment #2900, rtt=68.581ms, rto=200ms
Requesting segment #2920
Received segment #2902, rtt=68.5194ms, rto=200ms
Requesting segment #2921
Received segment #2903, rtt=67.9774ms, rto=200ms
Requesting segment #2922
Received segment #2905, rtt=63.0284ms, rto=200ms
Requesting segment #2923
Received segment #2906, rtt=61.3006ms, rto=200ms
Requesting segment #2924
Received segment #2908, rtt=64.2405ms, rto=200ms
Requesting segment #2925
Received segment #2909, rtt=65.6925ms, rto=200ms
Requesting segment #2926
Received segment #2901, rtt=84.1229ms, rto=200ms
Requesting segment #2927
Received segment #2910, rtt=64.2796ms, rto=200ms
Requesting segment #2928
Received segment #2911, rtt=63.9089ms, rto=200ms
Requesting segment #2929
Received segment #2912, rtt=63.4904ms, rto=200ms
Requesting segment #2930
Received segment #2904, rtt=82.87ms, rto=200ms
Requesting segment #2931
Received segment #2913, rtt=62.4634ms, rto=200ms
Requesting segment #2932
Received segment #2907, rtt=82.8633ms, rto=200ms
Requesting segment #2933
Received segment #2914, rtt=64.3786ms, rto=200ms
Requesting segment #2934
Received segment #2915, rtt=65.0021ms, rto=200ms
Requesting segment #2935
Requesting segment #2936
Received segment #2918, rtt=56.6587ms, rto=200ms
Requesting segment #2937
Received segment #2920, rtt=47.9179ms, rto=200ms
Requesting segment #2938
Received segment #2921, rtt=47.1047ms, rto=200ms
Requesting segment #2939
Received segment #2922, rtt=48.4833ms, rto=200ms
Requesting segment #2940
Received segment #2925, rtt=42.8025ms, rto=200ms
Requesting segment #2941
Received segment #2926, rtt=43.9731ms, rto=200ms
Requesting segment #2942
Received segment #2916, rtt=87.0616ms, rto=200ms
Requesting segment #2943
Received segment #2927, rtt=43.0832ms, rto=200ms
Requesting segment #2944
Received segment #2928, rtt=43.0264ms, rto=200ms
Requesting segment #2945
Received segment #2917, rtt=80.872ms, rto=200ms
Requesting segment #2946
Received segment #2929, rtt=44.1333ms, rto=200ms
Requesting segment #2947
Received segment #2931, rtt=41.9791ms, rto=200ms
Requesting segment #2948
Received segment #2923, rtt=59.7845ms, rto=200ms
Requesting segment #2949
Received segment #2924, rtt=59.325ms, rto=200ms
Requesting segment #2950
Received segment #2932, rtt=39.7399ms, rto=200ms
Requesting segment #2951
Received segment #2933, rtt=38.9226ms, rto=200ms
Requesting segment #2952
Received segment #2934, rtt=40.5688ms, rto=200ms
Requesting segment #2953
Received segment #2935, rtt=41.15ms, rto=200ms
Requesting segment #2954
Received segment #2936, rtt=43.8603ms, rto=200ms
Requesting segment #2955
Received segment #2937, rtt=38.4805ms, rto=200ms
Requesting segment #2956
Received segment #2938, rtt=37.4994ms, rto=200ms
Requesting segment #2957
Requesting segment #2958
Received segment #2939, rtt=37.4586ms, rto=200ms
Requesting segment #2959
Received segment #2940, rtt=37.1608ms, rto=200ms
Requesting segment #2960
Received segment #2941, rtt=38.9743ms, rto=200ms
Requesting segment #2961
Received segment #2942, rtt=37.252ms, rto=200ms
Requesting segment #2962
Received segment #2943, rtt=40.6762ms, rto=200ms
Requesting segment #2963
Received segment #2944, rtt=42.0939ms, rto=200ms
Requesting segment #2964
Received segment #2945, rtt=42.1622ms, rto=200ms
Requesting segment #2965
Received segment #2946, rtt=42.6157ms, rto=200ms
Requesting segment #2966
Received segment #2947, rtt=43.3472ms, rto=200ms
Requesting segment #2967
Received segment #2948, rtt=41.4154ms, rto=200ms
Requesting segment #2968
Received segment #2949, rtt=41.4202ms, rto=200ms
Requesting segment #2969
Received segment #2950, rtt=42.0602ms, rto=200ms
Requesting segment #2970
Received segment #2951, rtt=41.1246ms, rto=200ms
Requesting segment #2971
Received segment #2952, rtt=41.0596ms, rto=200ms
Requesting segment #2972
Received segment #2953, rtt=38.8455ms, rto=200ms
Requesting segment #2973
Received segment #2954, rtt=38.0717ms, rto=200ms
Requesting segment #2974
Received segment #2955, rtt=38.2557ms, rto=200ms
Requesting segment #2975
Received segment #2956, rtt=43.5033ms, rto=200ms
Requesting segment #2976
Received segment #2957, rtt=46.5702ms, rto=200ms
Requesting segment #2977
Received segment #2958, rtt=46.9994ms, rto=200ms
Requesting segment #2978
Received segment #2959, rtt=45.1656ms, rto=200ms
Requesting segment #2979
Received segment #2960, rtt=43.8388ms, rto=200ms
Requesting segment #2980
Requesting segment #2981
Received segment #2961, rtt=40.2779ms, rto=200ms
Requesting segment #2982
Received segment #2962, rtt=39.2944ms, rto=200ms
Requesting segment #2983
Received segment #2963, rtt=36.3276ms, rto=200ms
Requesting segment #2984
Received segment #2964, rtt=35.1746ms, rto=200ms
Requesting segment #2985
Received segment #2965, rtt=35.1562ms, rto=200ms
Requesting segment #2986
Received segment #2966, rtt=34.8134ms, rto=200ms
Requesting segment #2987
Received segment #2967, rtt=33.9812ms, rto=200ms
Requesting segment #2988
Received segment #2968, rtt=35.9997ms, rto=200ms
Requesting segment #2989
Received segment #2969, rtt=35.5704ms, rto=200ms
Requesting segment #2990
Received segment #2970, rtt=36.2948ms, rto=200ms
Requesting segment #2991
Received segment #2971, rtt=35.6556ms, rto=200ms
Requesting segment #2992
Received segment #2972, rtt=35.5723ms, rto=200ms
Requesting segment #2993
Received segment #2973, rtt=38.6506ms, rto=200ms
Requesting segment #2994
Received segment #2974, rtt=39.598ms, rto=200ms
Requesting segment #2995
Received segment #2975, rtt=38.1902ms, rto=200ms
Requesting segment #2996
Received segment #2976, rtt=32.0367ms, rto=200ms
Requesting segment #2997
Received segment #2977, rtt=29.4581ms, rto=200ms
Requesting segment #2998
Received segment #2978, rtt=31.5596ms, rto=200ms
Requesting segment #2999
Received segment #2979, rtt=32.9152ms, rto=200ms
Requesting segment #3000
Received segment #2980, rtt=36.6129ms, rto=200ms
Requesting segment #3001
Received segment #2981, rtt=37.3167ms, rto=200ms
Requesting segment #3002
Received segment #2982, rtt=36.9188ms, rto=200ms
Requesting segment #3003
Received segment #2983, rtt=38.3217ms, rto=200ms
Requesting segment #3004
Requesting segment #3005
Received segment #2984, rtt=38.1459ms, rto=200ms
Requesting segment #3006
Received segment #2985, rtt=38.0656ms, rto=200ms
Requesting segment #3007
Received segment #2986, rtt=38.9977ms, rto=200ms
Requesting segment #3008
Received segment #2987, rtt=40.1985ms, rto=200ms
Requesting segment #3009
Received segment #2988, rtt=41.6534ms, rto=200ms
Requesting segment #3010
Received segment #2989, rtt=41.0294ms, rto=200ms
Requesting segment #3011
Received segment #2990, rtt=43.1866ms, rto=200ms
Requesting segment #3012
Received segment #2991, rtt=42.114ms, rto=200ms
Requesting segment #3013
Received segment #2992, rtt=42.3553ms, rto=200ms
Requesting segment #3014
Received segment #2993, rtt=42.1858ms, rto=200ms
Requesting segment #3015
Received segment #2994, rtt=39.5827ms, rto=200ms
Requesting segment #3016
Received segment #2995, rtt=38.8418ms, rto=200ms
Requesting segment #3017
Received segment #2996, rtt=38.1053ms, rto=200ms
Requesting segment #3018
Packet loss event, new cwnd = 12.276, ssthresh = 12.276
Received segment #2997, rtt=39.6128ms, rto=200ms
Received segment #2998, rtt=40.535ms, rto=200ms
Received segment #2999, rtt=38.829ms, rto=200ms
Received segment #3000, rtt=37.2107ms, rto=200ms
Received segment #3001, rtt=34.3459ms, rto=200ms
Received segment #3002, rtt=36.3811ms, rto=200ms
Received segment #3003, rtt=37.7244ms, rto=200ms
Received segment #3004, rtt=37.4386ms, rto=200ms
Received segment #3005, rtt=38.8517ms, rto=200ms
Received segment #3006, rtt=39.6766ms, rto=200ms
Received segment #3007, rtt=39.5316ms, rto=200ms
Retransmitting segment #2919
Received segment #3008, rtt=39.3224ms, rto=200ms
Requesting segment #3019
Received segment #3009, rtt=40.336ms, rto=200ms
Requesting segment #3020
Received segment #3010, rtt=38.6524ms, rto=200ms
Requesting segment #3021
Received segment #3011, rtt=36.9767ms, rto=200ms
Requesting segment #3022
Received segment #3012, rtt=35.1848ms, rto=200ms
Requesting segment #3023
Received segment #3013, rtt=35.1879ms, rto=200ms
Requesting segment #3024
Received segment #3014, rtt=35.3285ms, rto=200ms
Requesting segment #3025
Received segment #3015, rtt=35.9213ms, rto=200ms
Requesting segment #3026
Retransmitting segment #2930
Received segment #3016, rtt=37.5932ms, rto=200ms
Requesting segment #3027
Received segment #3017, rtt=38.4293ms, rto=200ms
Requesting segment #3028
Received segment #3018, rtt=39.1778ms, rto=200ms
Requesting segment #3029
Requesting segment #3030
Received segment #2919, rtt=21.1155ms, rto=200ms
Requesting segment #3031
Received segment #3019, rtt=21.1275ms, rto=200ms
Requesting segment #3032
Received segment #3020, rtt=18.5975ms, rto=200ms
Requesting segment #3033
Received segment #3021, rtt=19.6578ms, rto=200ms
Requesting segment #3034
Received segment #3022, rtt=25.146ms, rto=200ms
Requesting segment #3035
Received segment #3023, rtt=25.6966ms, rto=200ms
Requesting segment #3036
Received segment #3024, rtt=29.4359ms, rto=200ms
Requesting segment #3037
Received segment #3025, rtt=31.2634ms, rto=200ms
Requesting segment #3038
Received segment #3026, rtt=31.6421ms, rto=200ms
Requesting segment #3039
Received segment #2930, rtt=32.5807ms, rto=200ms
Requesting segment #3040
Received segment #3027, rtt=38.7172ms, rto=200ms
Requesting segment #3041
Received segment #3028, rtt=38.0373ms, rto=200ms
Requesting segment #3042
Received segment #3029, rtt=39.1394ms, rto=200ms
Requesting segment #3043
Received segment #3030, rtt=40.4925ms, rto=200ms
Requesting segment #3044
Requesting segment #3045
Received segment #3031, rtt=38.1904ms, rto=200ms
Requesting segment #3046
Received segment #3032, rtt=40.717ms, rto=200ms
Requesting segment #3047
Received segment #3033, rtt=41.1554ms, rto=200ms
Requesting segment #3048
Received segment #3034, rtt=41.0756ms, rto=200ms
Requesting segment #3049
Received segment #3035, rtt=41.3507ms, rto=200ms
Requesting segment #3050
Received segment #3036, rtt=40.692ms, rto=200ms
Requesting segment #3051
Received segment #3037, rtt=37.2794ms, rto=200ms
Requesting segment #3052
Received segment #3038, rtt=34.5369ms, rto=200ms
Requesting segment #3053
Received segment #3039, rtt=33.2585ms, rto=200ms
Requesting segment #3054
Received segment #3040, rtt=32.5656ms, rto=200ms
Requesting segment #3055
Received segment #3041, rtt=29.1917ms, rto=200ms
Requesting segment #3056
Received segment #3042, rtt=29.4718ms, rto=200ms
Requesting segment #3057
Received segment #3043, rtt=30.1981ms, rto=200ms
Requesting segment #3058
Received segment #3044, rtt=31.1644ms, rto=200ms
Requesting segment #3059
Received segment #3045, rtt=33.3341ms, rto=200ms
Requesting segment #3060
Requesting segment #3061
Received segment #3046, rtt=33.8773ms, rto=200ms
Requesting segment #3062
Received segment #3047, rtt=34.583ms, rto=200ms
Requesting segment #3063
Received segment #3048, rtt=34.7075ms, rto=200ms
Requesting segment #3064
Received segment #3049, rtt=35.306ms, rto=200ms
Requesting segment #3065
Received segment #3050, rtt=38.1214ms, rto=200ms
Requesting segment #3066
Received segment #3051, rtt=38.2285ms, rto=200ms
Requesting segment #3067
Received segment #3052, rtt=38.059ms, rto=200ms
Requesting segment #3068
Received segment #3053, rtt=41.6122ms, rto=200ms
Requesting segment #3069
Received segment #3054, rtt=42.7679ms, rto=200ms
Requesting segment #3070
Received segment #3055, rtt=41.547ms, rto=200ms
Requesting segment #3071
Received segment #3056, rtt=40.6345ms, rto=200ms
Requesting segment #3072
Received segment #3057, rtt=40.9928ms, rto=200ms
Requesting segment #3073
Received segment #3058, rtt=39.7529ms, rto=200ms
Requesting segment #3074
Received segment #3059, rtt=37.456ms, rto=200ms
Requesting segment #3075
Received segment #3060, rtt=37.9427ms, rto=200ms
Requesting segment #3076
Received segment #3061, rtt=39.0746ms, rto=200ms
Requesting segment #3077
Requesting segment #3078
Received segment #3062, rtt=42.2917ms, rto=200ms
Requesting segment #3079
Received segment #3063, rtt=40.3952ms, rto=200ms
Requesting segment #3080
Received segment #3064, rtt=40.2145ms, rto=200ms
Requesting segment #3081
Received segment #3065, rtt=44.8296ms, rto=200ms
Requesting segment #3082
Received segment #3066, rtt=37.466ms, rto=200ms
Requesting segment #3083
Received segment #3067, rtt=38.0481ms, rto=200ms
Requesting segment #3084
Received segment #3068, rtt=41.4901ms, rto=200ms
Requesting segment #3085
Received segment #3069, rtt=37.686ms, rto=200ms
Requesting segment #3086
Received segment #3070, rtt=39.0275ms, rto=200ms
Requesting segment #3087
Received segment #3071, rtt=41.2808ms, rto=200ms
Requesting segment #3088
Received segment #3072, rtt=39.7192ms, rto=200ms
Requesting segment #3089
Received segment #3073, rtt=39.0503ms, rto=200ms
Requesting segment #3090
Received segment #3074, rtt=37.6917ms, rto=200ms
Requesting segment #3091
Received segment #3075, rtt=38.9713ms, rto=200ms
Requesting segment #3092
Received segment #3076, rtt=37.2385ms, rto=200ms
Requesting segment #3093
Received segment #3077, rtt=38.4498ms, rto=200ms
Requesting segment #3094
Received segment #3078, rtt=42.1757ms, rto=200ms
Requesting segment #3095
Requesting segment #3096
Received segment #3080, rtt=40.1428ms, rto=200ms
Requesting segment #3097
Received segment #3079, rtt=49.2189ms, rto=200ms
Requesting segment #3098
Received segment #3082, rtt=41.5599ms, rto=200ms
Requesting segment #3099
Received segment #3083, rtt=42.6638ms, rto=200ms
Requesting segment #3100
Received segment #3084, rtt=44.8099ms, rto=200ms
Requesting segment #3101
Received segment #3085, rtt=40.8323ms, rto=200ms
Requesting segment #3102
Received segment #3086, rtt=45.1601ms, rto=200ms
Requesting segment #3103
Received segment #3087, rtt=44.3508ms, rto=200ms
Requesting segment #3104
Received segment #3088, rtt=42.2991ms, rto=200ms
Requesting segment #3105
Received segment #3089, rtt=42.3132ms, rto=200ms
Requesting segment #3106
Received segment #3090, rtt=42.5187ms, rto=200ms
Requesting segment #3107
Received segment #3091, rtt=44.5808ms, rto=200ms
Requesting segment #3108
Received segment #3092, rtt=43.9031ms, rto=200ms
Requesting segment #3109
Received segment #3093, rtt=47.0371ms, rto=200ms
Requesting segment #3110
Received segment #3094, rtt=45.1941ms, rto=200ms
Requesting segment #3111
Received segment #3095, rtt=42.054ms, rto=200ms
Requesting segment #3112
Received segment #3096, rtt=42.3094ms, rto=200ms
Requesting segment #3113
Received segment #3097, rtt=39.5896ms, rto=200ms
Requesting segment #3114
Requesting segment #3115
Received segment #3098, rtt=34.7587ms, rto=200ms
Requesting segment #3116
Received segment #3099, rtt=33.2363ms, rto=200ms
Requesting segment #3117
Received segment #3100, rtt=32.8685ms, rto=200ms
Requesting segment #3118
Received segment #3101, rtt=41.6752ms, rto=200ms
Requesting segment #3119
Received segment #3102, rtt=43.6484ms, rto=200ms
Requesting segment #3120
Received segment #3103, rtt=43.216ms, rto=200ms
Requesting segment #3121
Received segment #3104, rtt=42.9522ms, rto=200ms
Requesting segment #3122
Received segment #3105, rtt=42.0923ms, rto=200ms
Requesting segment #3123
Received segment #3106, rtt=42.1098ms, rto=200ms
Requesting segment #3124
Received segment #3107, rtt=42.0307ms, rto=200ms
Requesting segment #3125
Received segment #3108, rtt=40.9154ms, rto=200ms
Requesting segment #3126
Received segment #3109, rtt=41.2603ms, rto=200ms
Requesting segment #3127
Received segment #3110, rtt=40.3779ms, rto=200ms
Requesting segment #3128
Received segment #3111, rtt=40.9928ms, rto=200ms
Requesting segment #3129
Received segment #3112, rtt=41.3799ms, rto=200ms
Requesting segment #3130
Received segment #3113, rtt=43.0786ms, rto=200ms
Requesting segment #3131
Received segment #3114, rtt=43.421ms, rto=200ms
Requesting segment #3132
Received segment #3115, rtt=46.4111ms, rto=200ms
Requesting segment #3133
Received segment #3117, rtt=50.3878ms, rto=200ms
Requesting segment #3134
Requesting segment #3135
Received segment #3118, rtt=49.0749ms, rto=200ms
Requesting segment #3136
Received segment #3119, rtt=39.2903ms, rto=200ms
Requesting segment #3137
Received segment #3121, rtt=35.0933ms, rto=200ms
Requesting segment #3138
Received segment #3122, rtt=35.438ms, rto=200ms
Requesting segment #3139
Received segment #3123, rtt=38.2188ms, rto=200ms
Requesting segment #3140
Received segment #3124, rtt=43.7118ms, rto=200ms
Requesting segment #3141
Received segment #3125, rtt=44.1973ms, rto=200ms
Requesting segment #3142
Received segment #3126, rtt=44.0266ms, rto=200ms
Requesting segment #3143
Received segment #3127, rtt=47.358ms, rto=200ms
Requesting segment #3144
Received segment #3128, rtt=47.1488ms, rto=200ms
Requesting segment #3145
Received segment #3129, rtt=47.2643ms, rto=200ms
Requesting segment #3146
Received segment #3130, rtt=50.7971ms, rto=200ms
Requesting segment #3147
Received segment #3131, rtt=49.3467ms, rto=200ms
Requesting segment #3148
Received segment #3132, rtt=50.8103ms, rto=200ms
Requesting segment #3149
Received segment #3133, rtt=47.9532ms, rto=200ms
Requesting segment #3150
Received segment #3134, rtt=42.3294ms, rto=200ms
Requesting segment #3151
Received segment #3135, rtt=43.4793ms, rto=200ms
Requesting segment #3152
Received segment #3136, rtt=42.5497ms, rto=200ms
Requesting segment #3153
Received segment #3137, rtt=45.0433ms, rto=200ms
Requesting segment #3154
Received segment #3138, rtt=44.3026ms, rto=200ms
Requesting segment #3155
Requesting segment #3156
Received segment #3139, rtt=44.7416ms, rto=200ms
Requesting segment #3157
Received segment #3140, rtt=44.9854ms, rto=200ms
Requesting segment #3158
Received segment #3141, rtt=49.5156ms, rto=200ms
Requesting segment #3159
Received segment #3142, rtt=51.5541ms, rto=200ms
Requesting segment #3160
Received segment #3143, rtt=56.3684ms, rto=200ms
Requesting segment #3161
Packet loss event, new cwnd = 10.6321, ssthresh = 10.6321
Received segment #3144, rtt=52.7264ms, rto=200ms
Received segment #3145, rtt=54.081ms, rto=200ms
Received segment #3146, rtt=54.1072ms, rto=200ms
Received segment #3147, rtt=51.9802ms, rto=200ms
Received segment #3148, rtt=53.3524ms, rto=200ms
Received segment #3149, rtt=48.9045ms, rto=200ms
Received segment #3150, rtt=52.1304ms, rto=200ms
Received segment #3151, rtt=51.5434ms, rto=200ms
Received segment #3152, rtt=52.4437ms, rto=200ms
Received segment #3153, rtt=54.1727ms, rto=200ms
Retransmitting segment #3081
Received segment #3154, rtt=52.9842ms, rto=200ms
Requesting segment #3162
Received segment #3155, rtt=56.5981ms, rto=200ms
Requesting segment #3163
Received segment #3156, rtt=56.8804ms, rto=200ms
Requesting segment #3164
Received segment #3157, rtt=56.1123ms, rto=200ms
Requesting segment #3165
Received segment #3158, rtt=62.4397ms, rto=200ms
Requesting segment #3166
Requesting segment #3167
Received segment #3081, rtt=21.2788ms, rto=200ms
Requesting segment #3168
Received segment #3159, rtt=55.0608ms, rto=200ms
Requesting segment #3169
Received segment #3160, rtt=53.4132ms, rto=200ms
Requesting segment #3170
Received segment #3161, rtt=48.882ms, rto=200ms
Requesting segment #3171
Received segment #3162, rtt=26.6211ms, rto=200ms
Requesting segment #3172
Received segment #3163, rtt=21.549ms, rto=200ms
Received segment #3164, rtt=21.6648ms, rto=200ms
Received segment #3165, rtt=23.8293ms, rto=200ms
Received segment #3166, rtt=17.9373ms, rto=200ms
Received segment #3167, rtt=25.4116ms, rto=200ms
Received segment #3168, rtt=31.2951ms, rto=200ms
Retransmitting segment #3116
Requesting segment #3173
Received segment #3169, rtt=33.5836ms, rto=200ms
Requesting segment #3174
Received segment #3116, rtt=6.74213ms, rto=200ms
Requesting segment #3175
Received segment #3170, rtt=35.3186ms, rto=200ms
Requesting segment #3176
Received segment #3171, rtt=34.1198ms, rto=200ms
Requesting segment #3177
Received segment #3172, rtt=33.5785ms, rto=200ms
Requesting segment #3178
Received segment #3173, rtt=12.4387ms, rto=200ms
Requesting segment #3179
Received segment #3174, rtt=13.8611ms, rto=200ms
Requesting segment #3180
Requesting segment #3181
Retransmitting segment #3120
Received segment #3120, rtt=7.57565ms, rto=200ms
Requesting segment #3182
Received segment #3175, rtt=21.2798ms, rto=200ms
Requesting segment #3183
Received segment #3176, rtt=23.0604ms, rto=200ms
Requesting segment #3184
Received segment #3177, rtt=25.7989ms, rto=200ms
Requesting segment #3185
Received segment #3178, rtt=31.1408ms, rto=200ms
Requesting segment #3186
Received segment #3179, rtt=31.9425ms, rto=200ms
Requesting segment #3187
Received segment #3180, rtt=27.2378ms, rto=200ms
Requesting segment #3188
Received segment #3181, rtt=28.6575ms, rto=200ms
Requesting segment #3189
Requesting segment #3190
Received segment #3182, rtt=21.6022ms, rto=200ms
Requesting segment #3191
Received segment #3183, rtt=22.939ms, rto=200ms
Requesting segment #3192
Received segment #3184, rtt=20.4702ms, rto=200ms
Requesting segment #3193
Received segment #3185, rtt=21.3206ms, rto=200ms
Requesting segment #3194
Received segment #3186, rtt=16.0119ms, rto=200ms
Requesting segment #3195
Received segment #3187, rtt=17.2343ms, rto=200ms
Requesting segment #3196
Received segment #3188, rtt=20.9577ms, rto=200ms
Requesting segment #3197
Received segment #3189, rtt=20.3123ms, rto=200ms
Requesting segment #3198
Received segment #3190, rtt=20.9363ms, rto=200ms
Requesting segment #3199
Requesting segment #3200
Received segment #3191, rtt=22.6189ms, rto=200ms
Requesting segment #3201
Received segment #3192, rtt=22.275ms, rto=200ms
Requesting segment #3202
Received segment #3193, rtt=28.1856ms, rto=200ms
Requesting segment #3203
Received segment #3194, rtt=25.7762ms, rto=200ms
Requesting segment #3204
Received segment #3195, rtt=28.1023ms, rto=200ms
Requesting segment #3205
Received segment #3196, rtt=31.46ms, rto=200ms
Requesting segment #3206
Received segment #3197, rtt=30.0707ms, rto=200ms
Requesting segment #3207
Received segment #3198, rtt=30.4669ms, rto=200ms
Requesting segment #3208
Received segment #3199, rtt=30.363ms, rto=200ms
Requesting segment #3209
Received segment #3200, rtt=31.9118ms, rto=200ms
Requesting segment #3210
Requesting segment #3211
Received segment #3202, rtt=34.967ms, rto=200ms
Requesting segment #3212
Received segment #3203, rtt=30.1129ms, rto=200ms
Requesting segment #3213
Received segment #3204, rtt=30.4752ms, rto=200ms
Requesting segment #3214
Received segment #3205, rtt=27.9516ms, rto=200ms
Requesting segment #3215
Received segment #3206, rtt=22.0282ms, rto=200ms
Requesting segment #3216
Received segment #3207, rtt=19.7929ms, rto=200ms
Requesting segment #3217
Received segment #3208, rtt=22.8926ms, rto=200ms
Requesting segment #3218
Received segment #3209, rtt=27.8027ms, rto=200ms
Requesting segment #3219
Received segment #3210, rtt=26.5473ms, rto=200ms
Requesting segment #3220
Received segment #3211, rtt=30.1052ms, rto=200ms
Requesting segment #3221
Received segment #3212, rtt=22.8547ms, rto=200ms
Requesting segment #3222
Requesting segment #3223
Received segment #3213, rtt=21.595ms, rto=200ms
Requesting segment #3224
Received segment #3214, rtt=20.6681ms, rto=200ms
Requesting segment #3225
Received segment #3215, rtt=22.6615ms, rto=200ms
Requesting segment #3226
Received segment #3216, rtt=31.8215ms, rto=200ms
Requesting segment #3227
Received segment #3217, rtt=39.286ms, rto=200ms
Requesting segment #3228
Received segment #3218, rtt=35.658ms, rto=200ms
Requesting segment #3229
Received segment #3219, rtt=31.2906ms, rto=200ms
Requesting segment #3230
Received segment #3220, rtt=32.0278ms, rto=200ms
Requesting segment #3231
Received segment #3221, rtt=28.766ms, rto=200ms
Requesting segment #3232
Received segment #3222, rtt=29.3104ms, rto=200ms
Requesting segment #3233
Received segment #3223, rtt=30.2641ms, rto=200ms
Requesting segment #3234
Received segment #3224, rtt=31.0324ms, rto=200ms
Requesting segment #3235
Requesting segment #3236
Received segment #3225, rtt=30.2206ms, rto=200ms
Requesting segment #3237
Received segment #3226, rtt=27.8874ms, rto=200ms
Requesting segment #3238
Received segment #3227, rtt=20.1503ms, rto=200ms
Requesting segment #3239
Received segment #3228, rtt=13.9656ms, rto=200ms
Requesting segment #3240
Received segment #3229, rtt=14.1534ms, rto=200ms
Requesting segment #3241
Received segment #3230, rtt=16.2631ms, rto=200ms
Requesting segment #3242
Received segment #3231, rtt=17.2555ms, rto=200ms
Requesting segment #3243
Received segment #3232, rtt=17.644ms, rto=200ms
Requesting segment #3244
Received segment #3233, rtt=35.674ms, rto=200ms
Requesting segment #3245
Received segment #3234, rtt=36.3195ms, rto=200ms
Requesting segment #3246
Received segment #3235, rtt=35.028ms, rto=200ms
Requesting segment #3247
Received segment #3236, rtt=36.0514ms, rto=200ms
Requesting segment #3248
Received segment #3237, rtt=37.1986ms, rto=200ms
Requesting segment #3249
Requesting segment #3250
Received segment #3238, rtt=36.5831ms, rto=200ms
Requesting segment #3251
Received segment #3239, rtt=37.245ms, rto=200ms
Requesting segment #3252
Received segment #3240, rtt=35.5617ms, rto=200ms
Requesting segment #3253
Received segment #3241, rtt=36.056ms, rto=200ms
Requesting segment #3254
Received segment #3242, rtt=34.0799ms, rto=200ms
Requesting segment #3255
Received segment #3243, rtt=33.0123ms, rto=200ms
Requesting segment #3256
Received segment #3244, rtt=34.7206ms, rto=200ms
Requesting segment #3257
Received segment #3245, rtt=22.3449ms, rto=200ms
Requesting segment #3258
Received segment #3246, rtt=22.2654ms, rto=200ms
Requesting segment #3259
Received segment #3247, rtt=24.224ms, rto=200ms
Requesting segment #3260
Received segment #3248, rtt=25.2219ms, rto=200ms
Requesting segment #3261
Received segment #3249, rtt=28.7124ms, rto=200ms
Requesting segment #3262
Received segment #3250, rtt=42.0566ms, rto=200ms
Requesting segment #3263
Received segment #3251, rtt=43.9784ms, rto=200ms
Requesting segment #3264
Requesting segment #3265
Received segment #3252, rtt=44.9805ms, rto=200ms
Requesting segment #3266
Received segment #3253, rtt=44.3115ms, rto=200ms
Requesting segment #3267
Received segment #3254, rtt=46.0356ms, rto=200ms
Requesting segment #3268
Received segment #3255, rtt=48.1788ms, rto=200ms
Requesting segment #3269
Received segment #3256, rtt=48.9337ms, rto=200ms
Requesting segment #3270
Received segment #3257, rtt=47.8506ms, rto=200ms
Requesting segment #3271
Received segment #3258, rtt=42.7493ms, rto=200ms
Requesting segment #3272
Received segment #3259, rtt=44.6395ms, rto=200ms
Requesting segment #3273
Received segment #3260, rtt=43.4604ms, rto=200ms
Requesting segment #3274
Received segment #3262, rtt=38.6821ms, rto=200ms
Requesting segment #3275
Received segment #3263, rtt=26.5275ms, rto=200ms
Requesting segment #3276
Received segment #3264, rtt=25.4318ms, rto=200ms
Requesting segment #3277
Received segment #3265, rtt=26.0743ms, rto=200ms
Requesting segment #3278
Received segment #3266, rtt=23.7585ms, rto=200ms
Requesting segment #3279
Packet loss event, new cwnd = 7.99551, ssthresh = 7.99551
Received segment #3267, rtt=30.7762ms, rto=200ms
Received segment #3268, rtt=37.0909ms, rto=200ms
Received segment #3269, rtt=36.5271ms, rto=200ms
Received segment #3270, rtt=37.0726ms, rto=200ms
Received segment #3271, rtt=37.635ms, rto=200ms
Received segment #3272, rtt=38.451ms, rto=200ms
Received segment #3273, rtt=37.5745ms, rto=200ms
Retransmitting segment #3201
Received segment #3274, rtt=37.1573ms, rto=200ms
Requesting segment #3280
Requesting segment #3281
Received segment #3275, rtt=35.2981ms, rto=200ms
Requesting segment #3282
Received segment #3276, rtt=35.4728ms, rto=200ms
Requesting segment #3283
Received segment #3277, rtt=36.3724ms, rto=200ms
Requesting segment #3284
Received segment #3278, rtt=38.1927ms, rto=200ms
Requesting segment #3285
Received segment #3279, rtt=37.5565ms, rto=200ms
Requesting segment #3286
Received segment #3280, rtt=15.0887ms, rto=200ms
Requesting segment #3287
Received segment #3281, rtt=16.5346ms, rto=200ms
Requesting segment #3288
Received segment #3282, rtt=16.7739ms, rto=200ms
Requesting segment #3289
Received segment #3283, rtt=16.5756ms, rto=200ms
Requesting segment #3290
Requesting segment #3291
Received segment #3284, rtt=17.0906ms, rto=200ms
Requesting segment #3292
Received segment #3285, rtt=15.4955ms, rto=200ms
Requesting segment #3293
Received segment #3286, rtt=17.2734ms, rto=200ms
Requesting segment #3294
Received segment #3201, rtt=27.0295ms, rto=200ms
Requesting segment #3295
Received segment #3287, rtt=22.471ms, rto=200ms
Requesting segment #3296
Received segment #3288, rtt=22.3461ms, rto=200ms
Requesting segment #3297
Received segment #3289, rtt=23.0102ms, rto=200ms
Requesting segment #3298
Received segment #3290, rtt=23.3678ms, rto=200ms
Requesting segment #3299
Received segment #3291, rtt=24.6188ms, rto=200ms
Requesting segment #3300
Received segment #3292, rtt=22.4534ms, rto=200ms
Requesting segment #3301
Requesting segment #3302
Received segment #3293, rtt=23.8244ms, rto=200ms
Requesting segment #3303
Received segment #3294, rtt=22.0539ms, rto=200ms
Requesting segment #3304
Received segment #3295, rtt=26.8636ms, rto=200ms
Requesting segment #3305
Received segment #3296, rtt=22.132ms, rto=200ms
Requesting segment #3306
Received segment #3297, rtt=22.1287ms, rto=200ms
Requesting segment #3307
Received segment #3298, rtt=25.011ms, rto=200ms
Requesting segment #3308
Received segment #3299, rtt=26.9526ms, rto=200ms
Requesting segment #3309
Received segment #3300, rtt=26.932ms, rto=200ms
Requesting segment #3310
Received segment #3301, rtt=27.4554ms, rto=200ms
Requesting segment #3311
Received segment #3302, rtt=28.9817ms, rto=200ms
Requesting segment #3312
Received segment #3303, rtt=31.7751ms, rto=200ms
Requesting segment #3313
Requesting segment #3314
Received segment #3304, rtt=33.5316ms, rto=200ms
Requesting segment #3315
Received segment #3306, rtt=28.3458ms, rto=200ms
Requesting segment #3316
Received segment #3307, rtt=32.799ms, rto=200ms
Requesting segment #3317
Received segment #3308, rtt=28.8524ms, rto=200ms
Requesting segment #3318
Received segment #3309, rtt=26.2453ms, rto=200ms
Requesting segment #3319
Received segment #3310, rtt=25.8057ms, rto=200ms
Requesting segment #3320
Received segment #3311, rtt=26.6292ms, rto=200ms
Requesting segment #3321
Received segment #3312, rtt=25.2799ms, rto=200ms
Requesting segment #3322
Received segment #3313, rtt=24.067ms, rto=200ms
Requesting segment #3323
Received segment #3314, rtt=24.6885ms, rto=200ms
Requesting segment #3324
Received segment #3315, rtt=26.9598ms, rto=200ms
Requesting segment #3325
Received segment #3305, rtt=56.4074ms, rto=200ms
Requesting segment #3326
Requesting segment #3327
Received segment #3316, rtt=24.1326ms, rto=200ms
Requesting segment #3328
Received segment #3317, rtt=21.8889ms, rto=200ms
Requesting segment #3329
Received segment #3318, rtt=22.8072ms, rto=200ms
Requesting segment #3330
Received segment #3319, rtt=24.6364ms, rto=200ms
Requesting segment #3331
Received segment #3320, rtt=25.2586ms, rto=200ms
Requesting segment #3332
Retransmitting segment #3261
Received segment #3321, rtt=26.6364ms, rto=200ms
Requesting segment #3333
Received segment #3322, rtt=30.5261ms, rto=200ms
Requesting segment #3334
Received segment #3323, rtt=31.4111ms, rto=200ms
Requesting segment #3335
Received segment #3324, rtt=31.1319ms, rto=200ms
Requesting segment #3336
Received segment #3325, rtt=29.1429ms, rto=200ms
Requesting segment #3337
Received segment #3326, rtt=29.2261ms, rto=200ms
Requesting segment #3338
Received segment #3261, rtt=15.2471ms, rto=200ms
Requesting segment #3339
Received segment #3327, rtt=37.3167ms, rto=200ms
Requesting segment #3340
Requesting segment #3341
Received segment #3328, rtt=36.2322ms, rto=200ms
Requesting segment #3342
Received segment #3329, rtt=34.3653ms, rto=200ms
Requesting segment #3343
Received segment #3330, rtt=34.5788ms, rto=200ms
Requesting segment #3344
Received segment #3331, rtt=34.7644ms, rto=200ms
Requesting segment #3345
Received segment #3332, rtt=33.8807ms, rto=200ms
Requesting segment #3346
Received segment #3333, rtt=33.1228ms, rto=200ms
Requesting segment #3347
Received segment #3334, rtt=31.105ms, rto=200ms
Requesting segment #3348
Received segment #3335, rtt=28.5482ms, rto=200ms
Requesting segment #3349
Received segment #3336, rtt=31.8626ms, rto=200ms
Requesting segment #3350
Received segment #3337, rtt=29.6351ms, rto=200ms
Received segment #3338, rtt=27.9966ms, rto=200ms
Received segment #3339, rtt=30.0297ms, rto=200ms
Received segment #3340, rtt=24.8998ms, rto=200ms
Received segment #3341, rtt=26.8927ms, rto=200ms
Received segment #3342, rtt=28.0609ms, rto=200ms
Received segment #3343, rtt=27.6457ms, rto=200ms
Requesting segment #3351
Received segment #3344, rtt=33.0334ms, rto=200ms
Requesting segment #3352
Received segment #3345, rtt=33.8676ms, rto=200ms
Requesting segment #3353
Received segment #3346, rtt=35.3593ms, rto=200ms
Requesting segment #3354
Received segment #3347, rtt=36.9132ms, rto=200ms
Requesting segment #3355
Received segment #3348, rtt=36.6006ms, rto=200ms
Requesting segment #3356
Received segment #3349, rtt=35.9546ms, rto=200ms
Requesting segment #3357
Received segment #3350, rtt=32.5184ms, rto=200ms
Requesting segment #3358
Requesting segment #3359
Received segment #3351, rtt=20.8605ms, rto=200ms
Requesting segment #3360
Received segment #3352, rtt=14.4835ms, rto=200ms
Requesting segment #3361
Received segment #3353, rtt=11.2021ms, rto=200ms
Requesting segment #3362
Received segment #3354, rtt=10.762ms, rto=200ms
Requesting segment #3363
Received segment #3355, rtt=13.5601ms, rto=200ms
Requesting segment #3364
Received segment #3356, rtt=16.0902ms, rto=200ms
Requesting segment #3365
Received segment #3357, rtt=17.2942ms, rto=200ms
Requesting segment #3366
Received segment #3358, rtt=17.5106ms, rto=200ms
Requesting segment #3367
Received segment #3359, rtt=17.9098ms, rto=200ms
Requesting segment #3368
Requesting segment #3369
Received segment #3360, rtt=19.2327ms, rto=200ms
Requesting segment #3370
Received segment #3361, rtt=19.6303ms, rto=200ms
Requesting segment #3371
Received segment #3362, rtt=19.7716ms, rto=200ms
Requesting segment #3372
Received segment #3363, rtt=19.0222ms, rto=200ms
Requesting segment #3373
Received segment #3364, rtt=13.9738ms, rto=200ms
Requesting segment #3374
Received segment #3365, rtt=10.5596ms, rto=200ms
Requesting segment #3375
Received segment #3366, rtt=12.3949ms, rto=200ms
Requesting segment #3376
Received segment #3367, rtt=12.637ms, rto=200ms
Requesting segment #3377
Received segment #3368, rtt=12.9379ms, rto=200ms
Requesting segment #3378
Received segment #3369, rtt=13.7574ms, rto=200ms
Requesting segment #3379
Requesting segment #3380
Received segment #3370, rtt=13.2581ms, rto=200ms
Requesting segment #3381
Received segment #3371, rtt=14.2905ms, rto=200ms
Requesting segment #3382
Received segment #3372, rtt=28.0905ms, rto=200ms
Requesting segment #3383
Received segment #3373, rtt=29.3236ms, rto=200ms
Requesting segment #3384
Received segment #3374, rtt=28.2288ms, rto=200ms
Requesting segment #3385
Received segment #3375, rtt=28.0405ms, rto=200ms
Requesting segment #3386
Received segment #3376, rtt=24.425ms, rto=200ms
Requesting segment #3387
Received segment #3377, rtt=24.595ms, rto=200ms
Requesting segment #3388
Received segment #3378, rtt=25.1408ms, rto=200ms
Requesting segment #3389
Received segment #3379, rtt=25.7501ms, rto=200ms
Requesting segment #3390
Received segment #3380, rtt=26.8734ms, rto=200ms
Requesting segment #3391
Requesting segment #3392
Received segment #3381, rtt=27.3166ms, rto=200ms
Requesting segment #3393
Received segment #3382, rtt=30.9739ms, rto=200ms
Requesting segment #3394
Received segment #3383, rtt=27.0738ms, rto=200ms
Requesting segment #3395
Received segment #3384, rtt=25.2374ms, rto=200ms
Requesting segment #3396
Received segment #3385, rtt=26.3787ms, rto=200ms
Requesting segment #3397
Received segment #3386, rtt=30.1796ms, rto=200ms
Requesting segment #3398
Received segment #3387, rtt=34.673ms, rto=200ms
Requesting segment #3399
Received segment #3388, rtt=34.4717ms, rto=200ms
Requesting segment #3400
Received segment #3389, rtt=34.2591ms, rto=200ms
Requesting segment #3401
Received segment #3390, rtt=36.393ms, rto=200ms
Requesting segment #3402
Received segment #3391, rtt=36.8699ms, rto=200ms
Requesting segment #3403
Received segment #3392, rtt=38.7118ms, rto=200ms
Requesting segment #3404
Requesting segment #3405
Received segment #3393, rtt=38.2361ms, rto=200ms
Requesting segment #3406
Received segment #3394, rtt=35.7486ms, rto=200ms
Requesting segment #3407
Received segment #3395, rtt=32.9918ms, rto=200ms
Requesting segment #3408
Received segment #3396, rtt=35.195ms, rto=200ms
Requesting segment #3409
Received segment #3397, rtt=34.0536ms, rto=200ms
Requesting segment #3410
Received segment #3398, rtt=34.861ms, rto=200ms
Requesting segment #3411
Received segment #3399, rtt=33.5011ms, rto=200ms
Requesting segment #3412
Received segment #3400, rtt=34.0984ms, rto=200ms
Requesting segment #3413
Received segment #3401, rtt=45.6878ms, rto=200ms
Requesting segment #3414
Received segment #3402, rtt=48.026ms, rto=200ms
Requesting segment #3415
Received segment #3403, rtt=48.2294ms, rto=200ms
Requesting segment #3416
Received segment #3404, rtt=48.5433ms, rto=200ms
Requesting segment #3417
Received segment #3405, rtt=50.3944ms, rto=200ms
Requesting segment #3418
Requesting segment #3419
Received segment #3406, rtt=51.0582ms, rto=200ms
Requesting segment #3420
Received segment #3407, rtt=51.9677ms, rto=200ms
Requesting segment #3421
Received segment #3408, rtt=52.3764ms, rto=200ms
Requesting segment #3422
Received segment #3409, rtt=50.6538ms, rto=200ms
Requesting segment #3423
Received segment #3410, rtt=51.7388ms, rto=200ms
Requesting segment #3424
Received segment #3411, rtt=50.0759ms, rto=200ms
Requesting segment #3425
Received segment #3412, rtt=50.6276ms, rto=200ms
Requesting segment #3426
Received segment #3413, rtt=49.4807ms, rto=200ms
Requesting segment #3427
Received segment #3414, rtt=38.0267ms, rto=200ms
Requesting segment #3428
Received segment #3415, rtt=33.306ms, rto=200ms
Requesting segment #3429
Received segment #3416, rtt=31.9796ms, rto=200ms
Requesting segment #3430
Received segment #3417, rtt=36.1216ms, rto=200ms
Requesting segment #3431
Received segment #3418, rtt=39.1983ms, rto=200ms
Requesting segment #3432
Received segment #3419, rtt=42.0447ms, rto=200ms
Requesting segment #3433
Requesting segment #3434
Received segment #3420, rtt=41.4364ms, rto=200ms
Requesting segment #3435
Received segment #3421, rtt=46.1368ms, rto=200ms
Requesting segment #3436
Received segment #3422, rtt=42.7674ms, rto=200ms
Requesting segment #3437
Received segment #3423, rtt=42.683ms, rto=200ms
Requesting segment #3438
Received segment #3424, rtt=44.598ms, rto=200ms
Requesting segment #3439
Received segment #3425, rtt=44.0521ms, rto=200ms
Requesting segment #3440
Received segment #3426, rtt=56.3795ms, rto=200ms
Requesting segment #3441
Received segment #3427, rtt=58.1754ms, rto=200ms
Requesting segment #3442
Received segment #3428, rtt=61.1078ms, rto=200ms
Requesting segment #3443
Received segment #3429, rtt=62.2478ms, rto=200ms
Requesting segment #3444
Received segment #3430, rtt=64.647ms, rto=200ms
Requesting segment #3445
Received segment #3431, rtt=60.3362ms, rto=200ms
Requesting segment #3446
Received segment #3432, rtt=58.5945ms, rto=200ms
Requesting segment #3447
Received segment #3433, rtt=57.1685ms, rto=200ms
Requesting segment #3448
Received segment #3434, rtt=58.1334ms, rto=200ms
Requesting segment #3449
Requesting segment #3450
Received segment #3435, rtt=59.2003ms, rto=200ms
Requesting segment #3451
Received segment #3436, rtt=53.3226ms, rto=200ms
Requesting segment #3452
Received segment #3437, rtt=53.7386ms, rto=200ms
Requesting segment #3453
Received segment #3438, rtt=57.5683ms, rto=200ms
Requesting segment #3454
Received segment #3439, rtt=56.2979ms, rto=200ms
Requesting segment #3455
Received segment #3440, rtt=55.9974ms, rto=200ms
Requesting segment #3456
Received segment #3441, rtt=50.5271ms, rto=200ms
Requesting segment #3457
Received segment #3442, rtt=49.436ms, rto=200ms
Requesting segment #3458
Received segment #3443, rtt=45.9924ms, rto=200ms
Requesting segment #3459
Received segment #3444, rtt=45.5696ms, rto=200ms
Requesting segment #3460
Received segment #3445, rtt=45.7212ms, rto=200ms
Requesting segment #3461
Received segment #3446, rtt=45.1137ms, rto=200ms
Requesting segment #3462
Received segment #3447, rtt=49.9813ms, rto=200ms
Requesting segment #3463
Received segment #3448, rtt=50.6724ms, rto=200ms
Requesting segment #3464
Received segment #3449, rtt=53.1241ms, rto=200ms
Requesting segment #3465
Received segment #3450, rtt=53.9577ms, rto=200ms
Requesting segment #3466
Requesting segment #3467
Received segment #3451, rtt=54.7104ms, rto=200ms
Requesting segment #3468
Received segment #3452, rtt=57.5137ms, rto=200ms
Requesting segment #3469
Received segment #3453, rtt=55.1429ms, rto=200ms
Requesting segment #3470
Received segment #3454, rtt=52.5386ms, rto=200ms
Requesting segment #3471
Received segment #3455, rtt=55.2047ms, rto=200ms
Requesting segment #3472
Received segment #3456, rtt=53.2433ms, rto=200ms
Requesting segment #3473
Received segment #3457, rtt=52.1687ms, rto=200ms
Requesting segment #3474
Received segment #3458, rtt=53.54ms, rto=200ms
Requesting segment #3475
Received segment #3459, rtt=55.5037ms, rto=200ms
Requesting segment #3476
Received segment #3460, rtt=55.6542ms, rto=200ms
Requesting segment #3477
Received segment #3461, rtt=57.3766ms, rto=200ms
Requesting segment #3478
Received segment #3462, rtt=56.8109ms, rto=200ms
Requesting segment #3479
Received segment #3463, rtt=51.2438ms, rto=200ms
Requesting segment #3480
Received segment #3464, rtt=53.4493ms, rto=200ms
Requesting segment #3481
Received segment #3465, rtt=52.0895ms, rto=200ms
Requesting segment #3482
Received segment #3466, rtt=52.6582ms, rto=200ms
Requesting segment #3483
Received segment #3467, rtt=54.0605ms, rto=200ms
Requesting segment #3484
Requesting segment #3485
Received segment #3468, rtt=56.3364ms, rto=200ms
Requesting segment #3486
Received segment #3469, rtt=53.7205ms, rto=200ms
Requesting segment #3487
Received segment #3471, rtt=49.7845ms, rto=200ms
Requesting segment #3488
Received segment #3472, rtt=46.4483ms, rto=200ms
Requesting segment #3489
Received segment #3474, rtt=38.5787ms, rto=200ms
Requesting segment #3490
Received segment #3475, rtt=38.2031ms, rto=200ms
Requesting segment #3491
Received segment #3476, rtt=36.9745ms, rto=200ms
Requesting segment #3492
Received segment #3477, rtt=38.6114ms, rto=200ms
Requesting segment #3493
Received segment #3478, rtt=35.0179ms, rto=200ms
Requesting segment #3494
Received segment #3479, rtt=35.6845ms, rto=200ms
Requesting segment #3495
Received segment #3480, rtt=37.0061ms, rto=200ms
Requesting segment #3496
Received segment #3481, rtt=34.391ms, rto=200ms
Requesting segment #3497
Received segment #3482, rtt=36.0228ms, rto=200ms
Requesting segment #3498
Received segment #3483, rtt=36.9605ms, rto=200ms
Requesting segment #3499
Received segment #3484, rtt=37.6862ms, rto=200ms
Requesting segment #3500
Received segment #3485, rtt=38.5191ms, rto=200ms
Requesting segment #3501
Received segment #3486, rtt=35.7546ms, rto=200ms
Requesting segment #3502
Received segment #3487, rtt=35.0028ms, rto=200ms
Requesting segment #3503
Requesting segment #3504
Received segment #3488, rtt=35.1681ms, rto=200ms
Requesting segment #3505
Received segment #3489, rtt=37.5962ms, rto=200ms
Requesting segment #3506
Received segment #3490, rtt=39.3967ms, rto=200ms
Requesting segment #3507
Received segment #3491, rtt=38.4111ms, rto=200ms
Requesting segment #3508
Received segment #3492, rtt=37.4812ms, rto=200ms
Requesting segment #3509
Received segment #3493, rtt=34.28ms, rto=200ms
Requesting segment #3510
Received segment #3494, rtt=34.1081ms, rto=200ms
Requesting segment #3511
Received segment #3495, rtt=33.2791ms, rto=200ms
Requesting segment #3512
Received segment #3496, rtt=31.4437ms, rto=200ms
Requesting segment #3513
Received segment #3497, rtt=33.4363ms, rto=200ms
Requesting segment #3514
Received segment #3498, rtt=33.1465ms, rto=200ms
Requesting segment #3515
Received segment #3499, rtt=32.8701ms, rto=200ms
Requesting segment #3516
Received segment #3500, rtt=32.1641ms, rto=200ms
Requesting segment #3517
Received segment #3501, rtt=32.8693ms, rto=200ms
Requesting segment #3518
Received segment #3502, rtt=32.357ms, rto=200ms
Requesting segment #3519
Received segment #3503, rtt=35.4139ms, rto=200ms
Requesting segment #3520
Received segment #3504, rtt=37.4758ms, rto=200ms
Requesting segment #3521
Received segment #3505, rtt=41.5519ms, rto=200ms
Requesting segment #3522
Received segment #3506, rtt=43.2965ms, rto=200ms
Requesting segment #3523
Requesting segment #3524
Received segment #3507, rtt=41.9853ms, rto=200ms
Requesting segment #3525
Received segment #3508, rtt=41.4563ms, rto=200ms
Requesting segment #3526
Received segment #3509, rtt=41.1945ms, rto=200ms
Requesting segment #3527
Received segment #3510, rtt=41.2678ms, rto=200ms
Requesting segment #3528
Received segment #3511, rtt=40.7881ms, rto=200ms
Requesting segment #3529
Received segment #3512, rtt=40.5712ms, rto=200ms
Requesting segment #3530
Received segment #3513, rtt=38.4647ms, rto=200ms
Requesting segment #3531
Received segment #3514, rtt=36.8627ms, rto=200ms
Requesting segment #3532
Received segment #3515, rtt=34.9965ms, rto=200ms
Requesting segment #3533
Received segment #3516, rtt=33.7445ms, rto=200ms
Requesting segment #3534
Received segment #3517, rtt=32.7199ms, rto=200ms
Requesting segment #3535
Received segment #3518, rtt=32.4615ms, rto=200ms
Requesting segment #3536
Received segment #3519, rtt=31.8763ms, rto=200ms
Requesting segment #3537
Received segment #3520, rtt=36.6663ms, rto=200ms
Requesting segment #3538
Received segment #3521, rtt=40.4434ms, rto=200ms
Requesting segment #3539
Received segment #3522, rtt=37.2487ms, rto=200ms
Requesting segment #3540
Received segment #3523, rtt=35.8389ms, rto=200ms
Requesting segment #3541
Received segment #3524, rtt=36.78ms, rto=200ms
Requesting segment #3542
Received segment #3525, rtt=35.6812ms, rto=200ms
Requesting segment #3543
Received segment #3526, rtt=35.8645ms, rto=200ms
Requesting segment #3544
Requesting segment #3545
Received segment #3527, rtt=36.9738ms, rto=200ms
Requesting segment #3546
Received segment #3528, rtt=38.5499ms, rto=200ms
Requesting segment #3547
Received segment #3529, rtt=38.683ms, rto=200ms
Requesting segment #3548
Received segment #3530, rtt=39.1304ms, rto=200ms
Requesting segment #3549
Received segment #3531, rtt=39.1903ms, rto=200ms
Requesting segment #3550
Received segment #3532, rtt=45.4162ms, rto=200ms
Requesting segment #3551
Received segment #3533, rtt=45.8955ms, rto=200ms
Requesting segment #3552
Received segment #3534, rtt=47.0663ms, rto=200ms
Requesting segment #3553
Received segment #3535, rtt=50.3341ms, rto=200ms
Requesting segment #3554
Received segment #3536, rtt=53.1397ms, rto=200ms
Requesting segment #3555
Received segment #3537, rtt=53.2618ms, rto=200ms
Requesting segment #3556
Received segment #3538, rtt=46.2211ms, rto=200ms
Requesting segment #3557
Packet loss event, new cwnd = 10.8069, ssthresh = 10.8069
Received segment #3539, rtt=43.3593ms, rto=200ms
Received segment #3540, rtt=44.002ms, rto=200ms
Received segment #3541, rtt=40.218ms, rto=200ms
Received segment #3542, rtt=41.1709ms, rto=200ms
Received segment #3543, rtt=42.7984ms, rto=200ms
Received segment #3544, rtt=44.573ms, rto=200ms
Received segment #3545, rtt=46.5765ms, rto=200ms
Received segment #3546, rtt=48.4065ms, rto=200ms
Received segment #3547, rtt=48.5203ms, rto=200ms
Retransmitting segment #3470
Received segment #3548, rtt=49.226ms, rto=200ms
Retransmitting segment #3473
Received segment #3549, rtt=50.1999ms, rto=200ms
Requesting segment #3558
Received segment #3550, rtt=50.5015ms, rto=200ms
Requesting segment #3559
Received segment #3473, rtt=4.6843ms, rto=200ms
Requesting segment #3560
Requesting segment #3561
Received segment #3551, rtt=46.2773ms, rto=200ms
Requesting segment #3562
Received segment #3552, rtt=44.8862ms, rto=200ms
Requesting segment #3563
Received segment #3553, rtt=46.9458ms, rto=200ms
Requesting segment #3564
Received segment #3554, rtt=46.8058ms, rto=200ms
Requesting segment #3565
Received segment #3555, rtt=48.1325ms, rto=200ms
Requesting segment #3566
Received segment #3556, rtt=50.5389ms, rto=200ms
Requesting segment #3567
Received segment #3557, rtt=51.4432ms, rto=200ms
Requesting segment #3568
Received segment #3558, rtt=29.1039ms, rto=200ms
Requesting segment #3569
Received segment #3559, rtt=31.3947ms, rto=200ms
Requesting segment #3570
Received segment #3470, rtt=38.7972ms, rto=200ms
Requesting segment #3571
Received segment #3560, rtt=33.6598ms, rto=200ms
Requesting segment #3572
Received segment #3561, rtt=33.9885ms, rto=200ms
Requesting segment #3573
Requesting segment #3574
Received segment #3562, rtt=33.9475ms, rto=200ms
Requesting segment #3575
Received segment #3563, rtt=35.9236ms, rto=200ms
Requesting segment #3576
Received segment #3564, rtt=32.6009ms, rto=200ms
Requesting segment #3577
Received segment #3565, rtt=32.2602ms, rto=200ms
Requesting segment #3578
Received segment #3566, rtt=33.1935ms, rto=200ms
Requesting segment #3579
Received segment #3567, rtt=33.7383ms, rto=200ms
Requesting segment #3580
Received segment #3568, rtt=35.8534ms, rto=200ms
Requesting segment #3581
Received segment #3569, rtt=35.533ms, rto=200ms
Requesting segment #3582
Received segment #3570, rtt=33.9073ms, rto=200ms
Requesting segment #3583
Received segment #3571, rtt=33.82ms, rto=200ms
Requesting segment #3584
Received segment #3574, rtt=38.458ms, rto=200ms
Requesting segment #3585
Received segment #3575, rtt=37.8245ms, rto=200ms
Requesting segment #3586
Received segment #3576, rtt=37.1851ms, rto=200ms
Requesting segment #3587
Requesting segment #3588
Received segment #3577, rtt=39.1211ms, rto=200ms
Requesting segment #3589
Received segment #3578, rtt=38.2889ms, rto=200ms
Requesting segment #3590
Received segment #3579, rtt=34.3676ms, rto=200ms
Requesting segment #3591
Received segment #3580, rtt=30.8982ms, rto=200ms
Requesting segment #3592
Received segment #3581, rtt=28.2946ms, rto=200ms
Requesting segment #3593
Received segment #3582, rtt=32.0232ms, rto=200ms
Requesting segment #3594
Received segment #3583, rtt=32.6785ms, rto=200ms
Requesting segment #3595
Received segment #3584, rtt=30.6679ms, rto=200ms
Requesting segment #3596
Received segment #3585, rtt=27.856ms, rto=200ms
Requesting segment #3597
Received segment #3586, rtt=28.272ms, rto=200ms
Requesting segment #3598
Received segment #3587, rtt=27.6876ms, rto=200ms
Requesting segment #3599
Received segment #3588, rtt=29.1715ms, rto=200ms
Requesting segment #3600
Received segment #3589, rtt=29.9144ms, rto=200ms
Requesting segment #3601
Received segment #3590, rtt=34.6184ms, rto=200ms
Requesting segment #3602
Requesting segment #3603
Received segment #3591, rtt=34.9121ms, rto=200ms
Requesting segment #3604
Received segment #3592, rtt=36.4309ms, rto=200ms
Requesting segment #3605
Received segment #3593, rtt=45.9365ms, rto=200ms
Requesting segment #3606
Received segment #3594, rtt=45.9667ms, rto=200ms
Requesting segment #3607
Received segment #3595, rtt=45.4868ms, rto=200ms
Requesting segment #3608
Received segment #3596, rtt=46.0412ms, rto=200ms
Requesting segment #3609
Received segment #3597, rtt=43.8842ms, rto=200ms
Requesting segment #3610
Received segment #3598, rtt=42.8349ms, rto=200ms
Requesting segment #3611
Received segment #3599, rtt=41.9695ms, rto=200ms
Requesting segment #3612
Received segment #3600, rtt=41.175ms, rto=200ms
Requesting segment #3613
Received segment #3601, rtt=38.7576ms, rto=200ms
Requesting segment #3614
Received segment #3602, rtt=37.5248ms, rto=200ms
Requesting segment #3615
Received segment #3603, rtt=37.86ms, rto=200ms
Requesting segment #3616
Received segment #3604, rtt=37.5992ms, rto=200ms
Requesting segment #3617
Received segment #3605, rtt=40.2986ms, rto=200ms
Requesting segment #3618
Requesting segment #3619
Received segment #3606, rtt=38.7895ms, rto=200ms
Requesting segment #3620
Received segment #3607, rtt=34.3798ms, rto=200ms
Requesting segment #3621
Received segment #3608, rtt=35.4043ms, rto=200ms
Requesting segment #3622
Received segment #3609, rtt=34.9429ms, rto=200ms
Requesting segment #3623
Received segment #3610, rtt=34.5658ms, rto=200ms
Requesting segment #3624
Received segment #3611, rtt=35.0842ms, rto=200ms
Requesting segment #3625
Received segment #3612, rtt=36.0551ms, rto=200ms
Requesting segment #3626
Received segment #3613, rtt=36.0839ms, rto=200ms
Requesting segment #3627
Received segment #3614, rtt=39.9507ms, rto=200ms
Requesting segment #3628
Received segment #3615, rtt=40.2554ms, rto=200ms
Requesting segment #3629
Received segment #3616, rtt=44.035ms, rto=200ms
Requesting segment #3630
Received segment #3617, rtt=42.72ms, rto=200ms
Requesting segment #3631
Received segment #3618, rtt=39.0401ms, rto=200ms
Requesting segment #3632
Received segment #3619, rtt=41.0228ms, rto=200ms
Requesting segment #3633
Received segment #3620, rtt=37.3458ms, rto=200ms
Requesting segment #3634
Received segment #3621, rtt=35.6446ms, rto=200ms
Requesting segment #3635
Requesting segment #3636
Received segment #3622, rtt=33.675ms, rto=200ms
Requesting segment #3637
Received segment #3623, rtt=35.2191ms, rto=200ms
Requesting segment #3638
Received segment #3624, rtt=35.7112ms, rto=200ms
Requesting segment #3639
Received segment #3625, rtt=36.6339ms, rto=200ms
Requesting segment #3640
Received segment #3626, rtt=37.0092ms, rto=200ms
Requesting segment #3641
Received segment #3627, rtt=36.6631ms, rto=200ms
Requesting segment #3642
Received segment #3628, rtt=34.5671ms, rto=200ms
Requesting segment #3643
Received segment #3629, rtt=39.6369ms, rto=200ms
Requesting segment #3644
Received segment #3630, rtt=40.1915ms, rto=200ms
Requesting segment #3645
Packet loss event, new cwnd = 8.76816, ssthresh = 8.76816
Received segment #3631, rtt=40.1258ms, rto=200ms
Received segment #3632, rtt=38.7223ms, rto=200ms
Received segment #3633, rtt=42.4882ms, rto=200ms
Received segment #3634, rtt=46.557ms, rto=200ms
Received segment #3635, rtt=49.486ms, rto=200ms
Received segment #3636, rtt=51.8943ms, rto=200ms
Received segment #3637, rtt=51.7927ms, rto=200ms
Retransmitting segment #3573
Received segment #3638, rtt=52.0331ms, rto=200ms
Retransmitting segment #3572
Received segment #3639, rtt=53.1926ms, rto=200ms
Requesting segment #3646
Received segment #3640, rtt=52.9456ms, rto=200ms
Requesting segment #3647
Received segment #3641, rtt=52.8556ms, rto=200ms
Requesting segment #3648
Requesting segment #3649
Received segment #3642, rtt=53.2596ms, rto=200ms
Requesting segment #3650
Received segment #3643, rtt=55.5411ms, rto=200ms
Requesting segment #3651
Received segment #3644, rtt=53.7418ms, rto=200ms
Requesting segment #3652
Received segment #3645, rtt=50.5887ms, rto=200ms
Requesting segment #3653
Received segment #3572, rtt=30.3637ms, rto=200ms
Requesting segment #3654
Received segment #3573, rtt=36.3005ms, rto=200ms
Requesting segment #3655
Received segment #3646, rtt=44.3338ms, rto=200ms
Requesting segment #3656
Received segment #3647, rtt=43.4822ms, rto=200ms
Requesting segment #3657
Received segment #3648, rtt=43.2308ms, rto=200ms
Requesting segment #3658
Received segment #3649, rtt=44.221ms, rto=200ms
Requesting segment #3659
Requesting segment #3660
Received segment #3650, rtt=45.0099ms, rto=200ms
Requesting segment #3661
Received segment #3651, rtt=43.1663ms, rto=200ms
Requesting segment #3662
Received segment #3652, rtt=34.6661ms, rto=200ms
Requesting segment #3663
Received segment #3653, rtt=37.991ms, rto=200ms
Requesting segment #3664
Received segment #3654, rtt=35.967ms, rto=200ms
Requesting segment #3665
Received segment #3655, rtt=34.8347ms, rto=200ms
Requesting segment #3666
Received segment #3656, rtt=29.8778ms, rto=200ms
Requesting segment #3667
Received segment #3657, rtt=34.9527ms, rto=200ms
Requesting segment #3668
Received segment #3658, rtt=36.1319ms, rto=200ms
Requesting segment #3669
Received segment #3659, rtt=37.3146ms, rto=200ms
Requesting segment #3670
Received segment #3661, rtt=38.3132ms, rto=200ms
Requesting segment #3671
Requesting segment #3672
Received segment #3662, rtt=39.075ms, rto=200ms
Requesting segment #3673
Received segment #3663, rtt=39.0337ms, rto=200ms
Requesting segment #3674
Received segment #3660, rtt=46.0995ms, rto=200ms
Requesting segment #3675
Received segment #3664, rtt=36.2155ms, rto=200ms
Requesting segment #3676
Received segment #3665, rtt=34.8485ms, rto=200ms
Requesting segment #3677
Received segment #3666, rtt=34.3428ms, rto=200ms
Requesting segment #3678
Received segment #3667, rtt=26.5259ms, rto=200ms
Requesting segment #3679
Received segment #3668, rtt=21.7451ms, rto=200ms
Requesting segment #3680
Received segment #3669, rtt=20.7249ms, rto=200ms
Requesting segment #3681
Received segment #3670, rtt=19.5617ms, rto=200ms
Requesting segment #3682
Received segment #3671, rtt=20.2372ms, rto=200ms
Requesting segment #3683
Received segment #3672, rtt=21.7419ms, rto=200ms
Requesting segment #3684
Requesting segment #3685
Received segment #3673, rtt=20.949ms, rto=200ms
Requesting segment #3686
Received segment #3674, rtt=22.1281ms, rto=200ms
Requesting segment #3687
Received segment #3675, rtt=22.2818ms, rto=200ms
Requesting segment #3688
Received segment #3676, rtt=24.4185ms, rto=200ms
Requesting segment #3689
Received segment #3677, rtt=35.932ms, rto=200ms
Requesting segment #3690
Received segment #3678, rtt=34.8424ms, rto=200ms
Requesting segment #3691
Received segment #3679, rtt=34.9679ms, rto=200ms
Requesting segment #3692
Received segment #3680, rtt=34.5089ms, rto=200ms
Requesting segment #3693
Received segment #3681, rtt=33.5565ms, rto=200ms
Requesting segment #3694
Received segment #3682, rtt=32.9082ms, rto=200ms
Requesting segment #3695
Received segment #3683, rtt=31.6832ms, rto=200ms
Requesting segment #3696
Received segment #3684, rtt=30.9058ms, rto=200ms
Requesting segment #3697
Received segment #3685, rtt=33.8083ms, rto=200ms
Requesting segment #3698
Requesting segment #3699
Received segment #3686, rtt=31.8344ms, rto=200ms
Requesting segment #3700
Received segment #3687, rtt=31.1157ms, rto=200ms
Requesting segment #3701
Received segment #3688, rtt=30.5746ms, rto=200ms
Requesting segment #3702
Received segment #3689, rtt=29.5312ms, rto=200ms
Requesting segment #3703
Received segment #3690, rtt=36.3828ms, rto=200ms
Requesting segment #3704
Received segment #3691, rtt=37.6479ms, rto=200ms
Requesting segment #3705
Received segment #3692, rtt=38.5676ms, rto=200ms
Requesting segment #3706
Received segment #3693, rtt=38.7647ms, rto=200ms
Requesting segment #3707
Received segment #3694, rtt=38.7597ms, rto=200ms
Requesting segment #3708
Received segment #3695, rtt=39.7256ms, rto=200ms
Requesting segment #3709
Received segment #3696, rtt=38.6525ms, rto=200ms
Requesting segment #3710
Received segment #3697, rtt=40.4149ms, rto=200ms
Requesting segment #3711
Received segment #3698, rtt=40.9211ms, rto=200ms
Requesting segment #3712
Received segment #3699, rtt=41.7876ms, rto=200ms
Requesting segment #3713
Requesting segment #3714
Received segment #3700, rtt=42.5116ms, rto=200ms
Requesting segment #3715
Received segment #3701, rtt=42.0834ms, rto=200ms
Requesting segment #3716
Received segment #3702, rtt=42.2184ms, rto=200ms
Requesting segment #3717
Received segment #3703, rtt=41.8683ms, rto=200ms
Requesting segment #3718
Received segment #3704, rtt=35.8396ms, rto=200ms
Requesting segment #3719
Received segment #3705, rtt=35.6341ms, rto=200ms
Requesting segment #3720
Received segment #3706, rtt=35.8038ms, rto=200ms
Requesting segment #3721
Received segment #3707, rtt=37.2491ms, rto=200ms
Requesting segment #3722
Received segment #3708, rtt=38.5908ms, rto=200ms
Requesting segment #3723
Received segment #3709, rtt=38.7015ms, rto=200ms
Requesting segment #3724
Received segment #3710, rtt=38.6256ms, rto=200ms
Requesting segment #3725
Received segment #3711, rtt=38.5521ms, rto=200ms
Requesting segment #3726
Received segment #3712, rtt=35.9493ms, rto=200ms
Requesting segment #3727
Received segment #3713, rtt=36.1325ms, rto=200ms
Requesting segment #3728
Received segment #3714, rtt=37.5219ms, rto=200ms
Requesting segment #3729
Requesting segment #3730
Received segment #3715, rtt=36.5977ms, rto=200ms
Requesting segment #3731
Received segment #3716, rtt=37.0885ms, rto=200ms
Requesting segment #3732
Received segment #3717, rtt=37.3327ms, rto=200ms
Requesting segment #3733
Received segment #3718, rtt=38.8205ms, rto=200ms
Requesting segment #3734
Received segment #3719, rtt=42.168ms, rto=200ms
Requesting segment #3735
Received segment #3720, rtt=42.9794ms, rto=200ms
Requesting segment #3736
Received segment #3721, rtt=42.8762ms, rto=200ms
Requesting segment #3737
Received segment #3722, rtt=41.526ms, rto=200ms
Requesting segment #3738
Received segment #3723, rtt=40.3229ms, rto=200ms
Requesting segment #3739
Received segment #3724, rtt=40.2895ms, rto=200ms
Requesting segment #3740
Received segment #3725, rtt=41.0382ms, rto=200ms
Requesting segment #3741
Received segment #3726, rtt=43.1695ms, rto=200ms
Requesting segment #3742
Received segment #3727, rtt=43.0067ms, rto=200ms
Requesting segment #3743
Received segment #3728, rtt=43.336ms, rto=200ms
Requesting segment #3744
Received segment #3729, rtt=42.7507ms, rto=200ms
Requesting segment #3745
Received segment #3730, rtt=44.1257ms, rto=200ms
Requesting segment #3746
Requesting segment #3747
Received segment #3731, rtt=45.1367ms, rto=200ms
Requesting segment #3748
Received segment #3732, rtt=44.4435ms, rto=200ms
Requesting segment #3749
Received segment #3733, rtt=47.3409ms, rto=200ms
Requesting segment #3750
Received segment #3734, rtt=45.8378ms, rto=200ms
Requesting segment #3751
Received segment #3735, rtt=31.1606ms, rto=200ms
Requesting segment #3752
Received segment #3736, rtt=29.1588ms, rto=200ms
Requesting segment #3753
Received segment #3737, rtt=28.1433ms, rto=200ms
Requesting segment #3754
Received segment #3738, rtt=27.8211ms, rto=200ms
Requesting segment #3755
Received segment #3739, rtt=29.7132ms, rto=200ms
Requesting segment #3756
Received segment #3740, rtt=30.8249ms, rto=200ms
Requesting segment #3757
Received segment #3741, rtt=31.0045ms, rto=200ms
Requesting segment #3758
Received segment #3742, rtt=34.6591ms, rto=200ms
Requesting segment #3759
Received segment #3743, rtt=34.6673ms, rto=200ms
Requesting segment #3760
Received segment #3744, rtt=34.8261ms, rto=200ms
Requesting segment #3761
Received segment #3745, rtt=35.0873ms, rto=200ms
Requesting segment #3762
Received segment #3746, rtt=34.4814ms, rto=200ms
Requesting segment #3763
Received segment #3747, rtt=35.0954ms, rto=200ms
Requesting segment #3764
Requesting segment #3765
Received segment #3748, rtt=36.1096ms, rto=200ms
Requesting segment #3766
Received segment #3749, rtt=35.9777ms, rto=200ms
Requesting segment #3767
Received segment #3750, rtt=35.8716ms, rto=200ms
Requesting segment #3768
Received segment #3751, rtt=35.4802ms, rto=200ms
Requesting segment #3769
Received segment #3752, rtt=30.8678ms, rto=200ms
Requesting segment #3770
Received segment #3753, rtt=31.5486ms, rto=200ms
Requesting segment #3771
Received segment #3754, rtt=34.1159ms, rto=200ms
Requesting segment #3772
Received segment #3755, rtt=35.2211ms, rto=200ms
Requesting segment #3773
Received segment #3756, rtt=34.0511ms, rto=200ms
Requesting segment #3774
Received segment #3757, rtt=33.5555ms, rto=200ms
Requesting segment #3775
Received segment #3758, rtt=33.3858ms, rto=200ms
Requesting segment #3776
Received segment #3759, rtt=28.4083ms, rto=200ms
Requesting segment #3777
Received segment #3760, rtt=28.4716ms, rto=200ms
Requesting segment #3778
Received segment #3761, rtt=27.4545ms, rto=200ms
Requesting segment #3779
Received segment #3762, rtt=28.7188ms, rto=200ms
Requesting segment #3780
Received segment #3763, rtt=30.3671ms, rto=200ms
Requesting segment #3781
Received segment #3764, rtt=30.5161ms, rto=200ms
Requesting segment #3782
Received segment #3765, rtt=34.2172ms, rto=200ms
Requesting segment #3783
Requesting segment #3784
Received segment #3766, rtt=33.2364ms, rto=200ms
Requesting segment #3785
Received segment #3767, rtt=35.6559ms, rto=200ms
Requesting segment #3786
Received segment #3768, rtt=35.0554ms, rto=200ms
Requesting segment #3787
Received segment #3769, rtt=36.9682ms, rto=200ms
Requesting segment #3788
Received segment #3770, rtt=37.7391ms, rto=200ms
Requesting segment #3789
Received segment #3771, rtt=37.7438ms, rto=200ms
Requesting segment #3790
Received segment #3772, rtt=35.5861ms, rto=200ms
Requesting segment #3791
Received segment #3773, rtt=34.8115ms, rto=200ms
Requesting segment #3792
Received segment #3774, rtt=34.5229ms, rto=200ms
Requesting segment #3793
Received segment #3775, rtt=34.8171ms, rto=200ms
Requesting segment #3794
Received segment #3776, rtt=34.3538ms, rto=200ms
Requesting segment #3795
Received segment #3777, rtt=32.6094ms, rto=200ms
Requesting segment #3796
Received segment #3778, rtt=35.3927ms, rto=200ms
Requesting segment #3797
Received segment #3779, rtt=35.9288ms, rto=200ms
Requesting segment #3798
Received segment #3780, rtt=36.8278ms, rto=200ms
Requesting segment #3799
Received segment #3781, rtt=38.14ms, rto=200ms
Requesting segment #3800
Received segment #3782, rtt=40.7143ms, rto=200ms
Requesting segment #3801
Received segment #3783, rtt=42.052ms, rto=200ms
Requesting segment #3802
Received segment #3784, rtt=42.2969ms, rto=200ms
Requesting segment #3803
Requesting segment #3804
Received segment #3785, rtt=41.6784ms, rto=200ms
Requesting segment #3805
Received segment #3786, rtt=40.0999ms, rto=200ms
Requesting segment #3806
Received segment #3787, rtt=38.3772ms, rto=200ms
Requesting segment #3807
Received segment #3788, rtt=35.6736ms, rto=200ms
Requesting segment #3808
Received segment #3789, rtt=35.5046ms, rto=200ms
Requesting segment #3809
Received segment #3790, rtt=38.3887ms, rto=200ms
Requesting segment #3810
Received segment #3791, rtt=39.1551ms, rto=200ms
Requesting segment #3811
Received segment #3792, rtt=40.5444ms, rto=200ms
Requesting segment #3812
Received segment #3793, rtt=40.0224ms, rto=200ms
Requesting segment #3813
Received segment #3794, rtt=38.3823ms, rto=200ms
Requesting segment #3814
Received segment #3795, rtt=39.1481ms, rto=200ms
Requesting segment #3815
Received segment #3796, rtt=38.5635ms, rto=200ms
Requesting segment #3816
Received segment #3797, rtt=36.444ms, rto=200ms
Requesting segment #3817
Received segment #3798, rtt=36.7537ms, rto=200ms
Requesting segment #3818
Received segment #3799, rtt=35.0721ms, rto=200ms
Requesting segment #3819
Received segment #3800, rtt=34.8793ms, rto=200ms
Requesting segment #3820
Received segment #3801, rtt=33.3412ms, rto=200ms
Requesting segment #3821
Received segment #3802, rtt=35.0458ms, rto=200ms
Requesting segment #3822
Received segment #3803, rtt=36.6523ms, rto=200ms
Requesting segment #3823
Received segment #3804, rtt=37.5534ms, rto=200ms
Requesting segment #3824
Requesting segment #3825
Received segment #3805, rtt=36.3198ms, rto=200ms
Requesting segment #3826
Received segment #3806, rtt=36.5153ms, rto=200ms
Requesting segment #3827
Received segment #3807, rtt=38.3955ms, rto=200ms
Requesting segment #3828
Received segment #3808, rtt=38.3997ms, rto=200ms
Requesting segment #3829
Received segment #3809, rtt=36.7252ms, rto=200ms
Requesting segment #3830
Received segment #3810, rtt=35.1731ms, rto=200ms
Requesting segment #3831
Received segment #3811, rtt=35.1091ms, rto=200ms
Requesting segment #3832
Received segment #3812, rtt=33.4608ms, rto=200ms
Requesting segment #3833
Received segment #3813, rtt=33.404ms, rto=200ms
Requesting segment #3834
Received segment #3814, rtt=33.5566ms, rto=200ms
Requesting segment #3835
Received segment #3815, rtt=35.5454ms, rto=200ms
Requesting segment #3836
Received segment #3816, rtt=37.0089ms, rto=200ms
Requesting segment #3837
Received segment #3817, rtt=36.812ms, rto=200ms
Requesting segment #3838
Received segment #3818, rtt=36.7981ms, rto=200ms
Requesting segment #3839
Received segment #3819, rtt=37.1475ms, rto=200ms
Requesting segment #3840
Received segment #3820, rtt=36.4644ms, rto=200ms
Requesting segment #3841
Received segment #3821, rtt=36.2453ms, rto=200ms
Requesting segment #3842
Received segment #3822, rtt=30.7927ms, rto=200ms
Requesting segment #3843
Received segment #3823, rtt=31.6452ms, rto=200ms
Requesting segment #3844
Received segment #3824, rtt=32.8092ms, rto=200ms
Requesting segment #3845
Received segment #3825, rtt=35.5044ms, rto=200ms
Requesting segment #3846
Requesting segment #3847
Received segment #3826, rtt=36.6702ms, rto=200ms
Requesting segment #3848
Received segment #3827, rtt=39.9526ms, rto=200ms
Requesting segment #3849
Received segment #3828, rtt=37.8111ms, rto=200ms
Requesting segment #3850
Received segment #3829, rtt=37.8676ms, rto=200ms
Requesting segment #3851
Received segment #3830, rtt=38.4682ms, rto=200ms
Requesting segment #3852
Received segment #3831, rtt=39.4345ms, rto=200ms
Requesting segment #3853
Received segment #3832, rtt=39.3767ms, rto=200ms
Requesting segment #3854
Received segment #3833, rtt=39.6215ms, rto=200ms
Requesting segment #3855
Received segment #3834, rtt=40.1198ms, rto=200ms
Requesting segment #3856
Received segment #3835, rtt=40.101ms, rto=200ms
Requesting segment #3857
Received segment #3836, rtt=37.58ms, rto=200ms
Requesting segment #3858
Received segment #3837, rtt=37.3747ms, rto=200ms
Requesting segment #3859
Received segment #3838, rtt=38.8687ms, rto=200ms
Requesting segment #3860
Received segment #3839, rtt=38.5367ms, rto=200ms
Requesting segment #3861
Received segment #3840, rtt=39.0474ms, rto=200ms
Requesting segment #3862
Received segment #3841, rtt=37.4981ms, rto=200ms
Requesting segment #3863
Received segment #3842, rtt=41.6528ms, rto=200ms
Requesting segment #3864
Received segment #3843, rtt=45.5996ms, rto=200ms
Requesting segment #3865
Received segment #3844, rtt=43.4444ms, rto=200ms
Requesting segment #3866
Received segment #3845, rtt=43.3515ms, rto=200ms
Requesting segment #3867
Received segment #3846, rtt=42.2597ms, rto=200ms
Requesting segment #3868
Received segment #3847, rtt=43.4657ms, rto=200ms
Requesting segment #3869
Requesting segment #3870
Received segment #3848, rtt=43.7399ms, rto=200ms
Requesting segment #3871
Received segment #3849, rtt=40.2079ms, rto=200ms
Requesting segment #3872
Received segment #3850, rtt=43.392ms, rto=200ms
Requesting segment #3873
Received segment #3851, rtt=43.9601ms, rto=200ms
Requesting segment #3874
Received segment #3852, rtt=43.5896ms, rto=200ms
Requesting segment #3875
Received segment #3853, rtt=41.0162ms, rto=200ms
Requesting segment #3876
Received segment #3854, rtt=42.3262ms, rto=200ms
Requesting segment #3877
Received segment #3855, rtt=42.5643ms, rto=200ms
Requesting segment #3878
Received segment #3856, rtt=42.9465ms, rto=200ms
Requesting segment #3879
Received segment #3857, rtt=42.6254ms, rto=200ms
Requesting segment #3880
Received segment #3858, rtt=42.6075ms, rto=200ms
Requesting segment #3881
Received segment #3859, rtt=41.12ms, rto=200ms
Requesting segment #3882
Received segment #3860, rtt=39.0895ms, rto=200ms
Requesting segment #3883
Received segment #3861, rtt=39.5632ms, rto=200ms
Requesting segment #3884
Received segment #3862, rtt=37.7663ms, rto=200ms
Requesting segment #3885
Received segment #3863, rtt=38.6963ms, rto=200ms
Requesting segment #3886
Received segment #3864, rtt=33.6536ms, rto=200ms
Requesting segment #3887
Received segment #3865, rtt=31.9135ms, rto=200ms
Requesting segment #3888
Received segment #3866, rtt=33.5379ms, rto=200ms
Requesting segment #3889
Received segment #3867, rtt=33.0579ms, rto=200ms
Requesting segment #3890
Received segment #3868, rtt=35.2343ms, rto=200ms
Requesting segment #3891
Received segment #3869, rtt=36.6975ms, rto=200ms
Requesting segment #3892
Received segment #3870, rtt=38.5817ms, rto=200ms
Requesting segment #3893
Requesting segment #3894
Received segment #3871, rtt=40.0828ms, rto=200ms
Requesting segment #3895
Received segment #3872, rtt=42.2186ms, rto=200ms
Requesting segment #3896
Received segment #3873, rtt=45.6909ms, rto=200ms
Requesting segment #3897
Received segment #3874, rtt=45.0364ms, rto=200ms
Requesting segment #3898
Received segment #3875, rtt=44.9243ms, rto=200ms
Requesting segment #3899
Received segment #3876, rtt=44.9845ms, rto=200ms
Requesting segment #3900
Received segment #3877, rtt=44.3813ms, rto=200ms
Requesting segment #3901
Received segment #3878, rtt=45.1067ms, rto=200ms
Requesting segment #3902
Received segment #3879, rtt=45.7653ms, rto=200ms
Requesting segment #3903
Received segment #3880, rtt=47.0718ms, rto=200ms
Requesting segment #3904
Received segment #3881, rtt=46.4429ms, rto=200ms
Requesting segment #3905
Received segment #3882, rtt=46.022ms, rto=200ms
Requesting segment #3906
Received segment #3883, rtt=46.0868ms, rto=200ms
Requesting segment #3907
Received segment #3884, rtt=45.1445ms, rto=200ms
Requesting segment #3908
Received segment #3885, rtt=44.9661ms, rto=200ms
Requesting segment #3909
Received segment #3886, rtt=43.167ms, rto=200ms
Requesting segment #3910
Received segment #3887, rtt=42.6219ms, rto=200ms
Requesting segment #3911
Received segment #3888, rtt=41.5898ms, rto=200ms
Requesting segment #3912
Received segment #3889, rtt=40.0202ms, rto=200ms
Requesting segment #3913
Received segment #3890, rtt=38.8547ms, rto=200ms
Requesting segment #3914
Received segment #3891, rtt=36.0225ms, rto=200ms
Requesting segment #3915
Received segment #3892, rtt=36.3525ms, rto=200ms
Requesting segment #3916
Received segment #3893, rtt=37.8755ms, rto=200ms
Requesting segment #3917
Received segment #3894, rtt=40.4763ms, rto=200ms
Requesting segment #3918
Requesting segment #3919
Received segment #3895, rtt=40.804ms, rto=200ms
Requesting segment #3920
Received segment #3896, rtt=39.6682ms, rto=200ms
Requesting segment #3921
Received segment #3897, rtt=40.4699ms, rto=200ms
Requesting segment #3922
Received segment #3898, rtt=41.0546ms, rto=200ms
Requesting segment #3923
Received segment #3899, rtt=41.09ms, rto=200ms
Requesting segment #3924
Received segment #3900, rtt=40.5681ms, rto=200ms
Requesting segment #3925
Received segment #3901, rtt=39.4545ms, rto=200ms
Requesting segment #3926
Received segment #3902, rtt=38.5581ms, rto=200ms
Requesting segment #3927
Received segment #3903, rtt=38.866ms, rto=200ms
Requesting segment #3928
Received segment #3904, rtt=37.3798ms, rto=200ms
Requesting segment #3929
Received segment #3905, rtt=37.5645ms, rto=200ms
Requesting segment #3930
Received segment #3906, rtt=38.3721ms, rto=200ms
Requesting segment #3931
Received segment #3907, rtt=38.3882ms, rto=200ms
Requesting segment #3932
Received segment #3908, rtt=38.5386ms, rto=200ms
Requesting segment #3933
Received segment #3909, rtt=38.7053ms, rto=200ms
Requesting segment #3934
Received segment #3910, rtt=39.2055ms, rto=200ms
Requesting segment #3935
Received segment #3911, rtt=40.0069ms, rto=200ms
Requesting segment #3936
Received segment #3912, rtt=49.6405ms, rto=200ms
Requesting segment #3937
Received segment #3913, rtt=50.8646ms, rto=200ms
Requesting segment #3938
Received segment #3914, rtt=52.1814ms, rto=200ms
Requesting segment #3939
Received segment #3915, rtt=52.7777ms, rto=200ms
Requesting segment #3940
Received segment #3916, rtt=51.4546ms, rto=200ms
Requesting segment #3941
Received segment #3917, rtt=49.9074ms, rto=200ms
Requesting segment #3942
Received segment #3918, rtt=47.9495ms, rto=200ms
Requesting segment #3943
Received segment #3919, rtt=49.8023ms, rto=200ms
Requesting segment #3944
Requesting segment #3945
Received segment #3920, rtt=48.1142ms, rto=200ms
Requesting segment #3946
Received segment #3921, rtt=47.3542ms, rto=200ms
Requesting segment #3947
Received segment #3922, rtt=47.5794ms, rto=200ms
Requesting segment #3948
Received segment #3923, rtt=48.5578ms, rto=200ms
Requesting segment #3949
Received segment #3924, rtt=51.029ms, rto=200ms
Requesting segment #3950
Received segment #3925, rtt=51.5621ms, rto=200ms
Requesting segment #3951
Received segment #3926, rtt=51.2466ms, rto=200ms
Requesting segment #3952
Received segment #3927, rtt=51.519ms, rto=200ms
Requesting segment #3953
Received segment #3928, rtt=50.2578ms, rto=200ms
Requesting segment #3954
Received segment #3929, rtt=50.8859ms, rto=200ms
Requesting segment #3955
Received segment #3930, rtt=52.3056ms, rto=200ms
Requesting segment #3956
Received segment #3931, rtt=51.8805ms, rto=200ms
Requesting segment #3957
Received segment #3932, rtt=53.2255ms, rto=200ms
Requesting segment #3958
Received segment #3933, rtt=54.5151ms, rto=200ms
Requesting segment #3959
Received segment #3934, rtt=55.5067ms, rto=200ms
Requesting segment #3960
Received segment #3935, rtt=55.8919ms, rto=200ms
Requesting segment #3961
Received segment #3936, rtt=55.5248ms, rto=200ms
Requesting segment #3962
Received segment #3937, rtt=49.9933ms, rto=200ms
Requesting segment #3963
Received segment #3938, rtt=50.3903ms, rto=200ms
Requesting segment #3964
Received segment #3939, rtt=52.7467ms, rto=200ms
Requesting segment #3965
Received segment #3940, rtt=53.3789ms, rto=200ms
Requesting segment #3966
Received segment #3941, rtt=54.9892ms, rto=200ms
Requesting segment #3967
Received segment #3942, rtt=54.7279ms, rto=200ms
Requesting segment #3968
Received segment #3943, rtt=56.5366ms, rto=200ms
Requesting segment #3969
Received segment #3944, rtt=56.1024ms, rto=200ms
Requesting segment #3970
Received segment #3945, rtt=56.9818ms, rto=200ms
Requesting segment #3971
Requesting segment #3972
Received segment #3946, rtt=55.7803ms, rto=200ms
Requesting segment #3973
Received segment #3947, rtt=56.6902ms, rto=200ms
Requesting segment #3974
Received segment #3948, rtt=52.925ms, rto=200ms
Requesting segment #3975
Received segment #3949, rtt=51.7153ms, rto=200ms
Requesting segment #3976
Received segment #3950, rtt=51.6235ms, rto=200ms
Requesting segment #3977
Received segment #3951, rtt=51.8003ms, rto=200ms
Requesting segment #3978
Received segment #3952, rtt=51.9982ms, rto=200ms
Requesting segment #3979
Received segment #3953, rtt=52.8552ms, rto=200ms
Requesting segment #3980
Received segment #3954, rtt=52.6267ms, rto=200ms
Requesting segment #3981
Received segment #3955, rtt=55.8499ms, rto=200ms
Requesting segment #3982
Received segment #3956, rtt=56.4308ms, rto=200ms
Requesting segment #3983
Received segment #3957, rtt=58.137ms, rto=200ms
Requesting segment #3984
Received segment #3958, rtt=58.3262ms, rto=200ms
Requesting segment #3985
Received segment #3959, rtt=57.0277ms, rto=200ms
Requesting segment #3986
Received segment #3960, rtt=57.046ms, rto=200ms
Requesting segment #3987
Received segment #3961, rtt=56.9665ms, rto=200ms
Requesting segment #3988
Received segment #3962, rtt=57.7365ms, rto=200ms
Requesting segment #3989
Received segment #3963, rtt=55.8083ms, rto=200ms
Requesting segment #3990
Received segment #3964, rtt=54.6082ms, rto=200ms
Requesting segment #3991
Received segment #3965, rtt=52.0511ms, rto=200ms
Requesting segment #3992
Received segment #3966, rtt=51.653ms, rto=200ms
Requesting segment #3993
Received segment #3967, rtt=48.9844ms, rto=200ms
Requesting segment #3994
Received segment #3968, rtt=48.071ms, rto=200ms
Requesting segment #3995
Received segment #3969, rtt=47.0683ms, rto=200ms
Requesting segment #3996
Received segment #3970, rtt=46.3141ms, rto=200ms
Requesting segment #3997
Received segment #3971, rtt=46.2152ms, rto=200ms
Requesting segment #3998
Received segment #3972, rtt=46.8991ms, rto=200ms
Requesting segment #3999
Requesting segment #4000
Received segment #3973, rtt=47.0237ms, rto=200ms
Requesting segment #4001
Received segment #3974, rtt=45.385ms, rto=200ms
Requesting segment #4002
Received segment #3975, rtt=45.5612ms, rto=200ms
Requesting segment #4003
Received segment #3976, rtt=48.282ms, rto=200ms
Requesting segment #4004
Received segment #3977, rtt=47.7577ms, rto=200ms
Requesting segment #4005
Received segment #3978, rtt=49.5464ms, rto=200ms
Requesting segment #4006
Received segment #3979, rtt=52.1616ms, rto=200ms
Requesting segment #4007
Received segment #3980, rtt=55.7782ms, rto=200ms
Requesting segment #4008
Received segment #3981, rtt=55.9786ms, rto=200ms
Requesting segment #4009
Received segment #3982, rtt=52.5761ms, rto=200ms
Requesting segment #4010
Received segment #3983, rtt=50.6059ms, rto=200ms
Requesting segment #4011
Received segment #3984, rtt=49.9045ms, rto=200ms
Requesting segment #4012
Received segment #3985, rtt=51.111ms, rto=200ms
Requesting segment #4013
Received segment #3986, rtt=52.4853ms, rto=200ms
Requesting segment #4014
Received segment #3987, rtt=51.5995ms, rto=200ms
Requesting segment #4015
Received segment #3988, rtt=52.9131ms, rto=200ms
Requesting segment #4016
Received segment #3989, rtt=52.5222ms, rto=200ms
Requesting segment #4017
Received segment #3990, rtt=51.2844ms, rto=200ms
Requesting segment #4018
Received segment #3991, rtt=50.7024ms, rto=200ms
Requesting segment #4019
Received segment #3992, rtt=49.4021ms, rto=200ms
Requesting segment #4020
Received segment #3993, rtt=47.7857ms, rto=200ms
Requesting segment #4021
Received segment #3994, rtt=47.4014ms, rto=200ms
Requesting segment #4022
Received segment #3995, rtt=46.9589ms, rto=200ms
Requesting segment #4023
Received segment #3996, rtt=46.4145ms, rto=200ms
Requesting segment #4024
Received segment #3997, rtt=46.2574ms, rto=200ms
Requesting segment #4025
Received segment #3998, rtt=48.7464ms, rto=200ms
Requesting segment #4026
Received segment #3999, rtt=51.5094ms, rto=200ms
Requesting segment #4027
Received segment #4000, rtt=53.5795ms, rto=200ms
Requesting segment #4028
Requesting segment #4029
Received segment #4001, rtt=53.4575ms, rto=200ms
Requesting segment #4030
Received segment #4002, rtt=55.5718ms, rto=200ms
Requesting segment #4031
Received segment #4003, rtt=58.9749ms, rto=200ms
Requesting segment #4032
Received segment #4004, rtt=56.0254ms, rto=200ms
Requesting segment #4033
Received segment #4005, rtt=58.028ms, rto=200ms
Requesting segment #4034
Received segment #4006, rtt=56.6291ms, rto=200ms
Requesting segment #4035
Received segment #4007, rtt=55.8629ms, rto=200ms
Requesting segment #4036
Received segment #4008, rtt=51.8363ms, rto=200ms
Requesting segment #4037
Received segment #4009, rtt=53.6445ms, rto=200ms
Requesting segment #4038
Received segment #4010, rtt=54.07ms, rto=200ms
Requesting segment #4039
Received segment #4011, rtt=55.4857ms, rto=200ms
Requesting segment #4040
Received segment #4012, rtt=56.6875ms, rto=200ms
Requesting segment #4041
Received segment #4013, rtt=54.5409ms, rto=200ms
Requesting segment #4042
Received segment #4014, rtt=52.6147ms, rto=200ms
Requesting segment #4043
Received segment #4015, rtt=52.6395ms, rto=200ms
Requesting segment #4044
Received segment #4016, rtt=50.7837ms, rto=200ms
Requesting segment #4045
Received segment #4017, rtt=51.8498ms, rto=200ms
Requesting segment #4046
Received segment #4018, rtt=49.7518ms, rto=200ms
Requesting segment #4047
Received segment #4019, rtt=49.7884ms, rto=200ms
Requesting segment #4048
Received segment #4020, rtt=49.8543ms, rto=200ms
Requesting segment #4049
Received segment #4021, rtt=54.2367ms, rto=200ms
Requesting segment #4050
Received segment #4022, rtt=55.1541ms, rto=200ms
Requesting segment #4051
Received segment #4023, rtt=56.4568ms, rto=200ms
Requesting segment #4052
Received segment #4024, rtt=56.1628ms, rto=200ms
Requesting segment #4053
Received segment #4025, rtt=57.7948ms, rto=200ms
Requesting segment #4054
Received segment #4026, rtt=56.7979ms, rto=200ms
Requesting segment #4055
Received segment #4027, rtt=53.7541ms, rto=200ms
Requesting segment #4056
Received segment #4028, rtt=52.6936ms, rto=200ms
Requesting segment #4057
Received segment #4029, rtt=53.3992ms, rto=200ms
Requesting segment #4058
Requesting segment #4059
Received segment #4030, rtt=54.0237ms, rto=200ms
Requesting segment #4060
Received segment #4031, rtt=54.5324ms, rto=200ms
Requesting segment #4061
Received segment #4032, rtt=59.0928ms, rto=200ms
Requesting segment #4062
Received segment #4033, rtt=60.1453ms, rto=200ms
Requesting segment #4063
Received segment #4034, rtt=60.6197ms, rto=200ms
Requesting segment #4064
Received segment #4035, rtt=60.1017ms, rto=200ms
Requesting segment #4065
Received segment #4036, rtt=58.0121ms, rto=200ms
Requesting segment #4066
Received segment #4037, rtt=57.6481ms, rto=200ms
Requesting segment #4067
Received segment #4038, rtt=56.6002ms, rto=200ms
Requesting segment #4068
Received segment #4039, rtt=55.4728ms, rto=200ms
Requesting segment #4069
Received segment #4040, rtt=53.4927ms, rto=200ms
Requesting segment #4070
Received segment #4041, rtt=51.0092ms, rto=200ms
Requesting segment #4071
Received segment #4042, rtt=50.0487ms, rto=200ms
Requesting segment #4072
Received segment #4043, rtt=50.4473ms, rto=200ms
Requesting segment #4073
Received segment #4044, rtt=50.3635ms, rto=200ms
Requesting segment #4074
Received segment #4045, rtt=52.2471ms, rto=200ms
Requesting segment #4075
Received segment #4046, rtt=59.5015ms, rto=200ms
Requesting segment #4076
Received segment #4047, rtt=58.4835ms, rto=200ms
Requesting segment #4077
Received segment #4048, rtt=58.5837ms, rto=200ms
Requesting segment #4078
Received segment #4049, rtt=58.5706ms, rto=200ms
Requesting segment #4079
Received segment #4050, rtt=54.3023ms, rto=200ms
Requesting segment #4080
Received segment #4051, rtt=53.7679ms, rto=200ms
Requesting segment #4081
Received segment #4052, rtt=53.1638ms, rto=200ms
Requesting segment #4082
Received segment #4053, rtt=53.6223ms, rto=200ms
Requesting segment #4083
Received segment #4054, rtt=52.3982ms, rto=200ms
Requesting segment #4084
Received segment #4055, rtt=50.5521ms, rto=200ms
Requesting segment #4085
Received segment #4056, rtt=52.2979ms, rto=200ms
Requesting segment #4086
Received segment #4057, rtt=51.9498ms, rto=200ms
Requesting segment #4087
Received segment #4058, rtt=53.3667ms, rto=200ms
Requesting segment #4088
Received segment #4059, rtt=53.9593ms, rto=200ms
Requesting segment #4089
Requesting segment #4090
Received segment #4060, rtt=53.4904ms, rto=200ms
Requesting segment #4091
Received segment #4061, rtt=57.7249ms, rto=200ms
Requesting segment #4092
Received segment #4062, rtt=48.1378ms, rto=200ms
Requesting segment #4093
Received segment #4063, rtt=47.4409ms, rto=200ms
Requesting segment #4094
Received segment #4064, rtt=44.3275ms, rto=200ms
Requesting segment #4095
Received segment #4065, rtt=46.3907ms, rto=200ms
Requesting segment #4096
Received segment #4066, rtt=49.5009ms, rto=200ms
Requesting segment #4097
Received segment #4067, rtt=48.9311ms, rto=200ms
Requesting segment #4098
Received segment #4068, rtt=47.6481ms, rto=200ms
Requesting segment #4099
Received segment #4069, rtt=48.1749ms, rto=200ms
Requesting segment #4100
Received segment #4070, rtt=49.1961ms, rto=200ms
Requesting segment #4101
Received segment #4071, rtt=49.5658ms, rto=200ms
Requesting segment #4102
Received segment #4072, rtt=49.8537ms, rto=200ms
Requesting segment #4103
Received segment #4073, rtt=50.2179ms, rto=200ms
Requesting segment #4104
Received segment #4074, rtt=51.6819ms, rto=200ms
Requesting segment #4105
Received segment #4075, rtt=52.7708ms, rto=200ms
Requesting segment #4106
Received segment #4076, rtt=46.9205ms, rto=200ms
Requesting segment #4107
Received segment #4077, rtt=47.9805ms, rto=200ms
Requesting segment #4108
Received segment #4078, rtt=47.9524ms, rto=200ms
Received segment #4079, rtt=48.4336ms, rto=200ms
Received segment #4080, rtt=50.5084ms, rto=200ms
Received segment #4081, rtt=50.963ms, rto=200ms
Received segment #4082, rtt=51.3295ms, rto=200ms
Received segment #4083, rtt=51.6378ms, rto=200ms
Received segment #4084, rtt=52.8194ms, rto=200ms
Received segment #4085, rtt=54.3904ms, rto=200ms
Received segment #4086, rtt=55.5381ms, rto=200ms
Received segment #4087, rtt=57.4455ms, rto=200ms
Received segment #4088, rtt=57.1258ms, rto=200ms
Received segment #4089, rtt=58.1994ms, rto=200ms
Received segment #4090, rtt=60.6127ms, rto=200ms
Received segment #4091, rtt=61.3649ms, rto=200ms
Received segment #4092, rtt=55.7402ms, rto=200ms
Received segment #4093, rtt=59.9337ms, rto=200ms
Requesting segment #4109
Received segment #4094, rtt=59.9975ms, rto=200ms
Requesting segment #4110
Received segment #4095, rtt=62.3312ms, rto=200ms
Requesting segment #4111
Received segment #4096, rtt=60.1039ms, rto=200ms
Requesting segment #4112
Received segment #4097, rtt=58.0257ms, rto=200ms
Requesting segment #4113
Requesting segment #4114
Received segment #4098, rtt=58.5408ms, rto=200ms
Requesting segment #4115
Received segment #4099, rtt=58.9825ms, rto=200ms
Requesting segment #4116
Received segment #4100, rtt=58.5346ms, rto=200ms
Requesting segment #4117
Received segment #4101, rtt=57.5669ms, rto=200ms
Requesting segment #4118
Received segment #4102, rtt=57.0166ms, rto=200ms
Requesting segment #4119
Received segment #4103, rtt=60.4472ms, rto=200ms
Requesting segment #4120
Received segment #4104, rtt=63.6683ms, rto=200ms
Requesting segment #4121
Received segment #4105, rtt=65.6388ms, rto=200ms
Requesting segment #4122
Received segment #4106, rtt=67.4631ms, rto=200ms
Requesting segment #4123
Received segment #4107, rtt=64.6471ms, rto=200ms
Requesting segment #4124
Received segment #4108, rtt=63.9581ms, rto=200ms
Requesting segment #4125
Received segment #4109, rtt=33.1241ms, rto=200ms
Requesting segment #4126
Received segment #4110, rtt=34.069ms, rto=200ms
Requesting segment #4127
Received segment #4111, rtt=33.781ms, rto=200ms
Requesting segment #4128
Received segment #4112, rtt=33.9467ms, rto=200ms
Requesting segment #4129
Received segment #4113, rtt=35.7038ms, rto=200ms
Requesting segment #4130
Received segment #4114, rtt=36.4058ms, rto=200ms
Requesting segment #4131
Requesting segment #4132
Received segment #4115, rtt=37.0535ms, rto=200ms
Requesting segment #4133
Received segment #4116, rtt=39.2524ms, rto=200ms
Requesting segment #4134
Received segment #4117, rtt=40.1577ms, rto=200ms
Requesting segment #4135
Received segment #4118, rtt=45.0547ms, rto=200ms
Requesting segment #4136
Received segment #4119, rtt=46.7253ms, rto=200ms
Requesting segment #4137
Received segment #4120, rtt=48.3747ms, rto=200ms
Received segment #4121, rtt=44.795ms, rto=200ms
Received segment #4122, rtt=41.2285ms, rto=200ms
Received segment #4123, rtt=36.4285ms, rto=200ms
Received segment #4124, rtt=36.8186ms, rto=200ms
Received segment #4125, rtt=36.8241ms, rto=200ms
Received segment #4126, rtt=33.3755ms, rto=200ms
Received segment #4127, rtt=33.0348ms, rto=200ms
Received segment #4128, rtt=29.6865ms, rto=200ms
Requesting segment #4138
Received segment #4129, rtt=29.4756ms, rto=200ms
Requesting segment #4139
Received segment #4131, rtt=26.8941ms, rto=200ms
Requesting segment #4140
Received segment #4132, rtt=28.1778ms, rto=200ms
Requesting segment #4141
Received segment #4133, rtt=29.4806ms, rto=200ms
Requesting segment #4142
Received segment #4134, rtt=28.2823ms, rto=200ms
Requesting segment #4143
Received segment #4135, rtt=28.7201ms, rto=200ms
Requesting segment #4144
Received segment #4136, rtt=23.874ms, rto=200ms
Requesting segment #4145
Received segment #4137, rtt=25.6942ms, rto=200ms
Requesting segment #4146
Received segment #4138, rtt=15.2437ms, rto=200ms
Requesting segment #4147
Received segment #4139, rtt=18.989ms, rto=200ms
Requesting segment #4148
Requesting segment #4149
Received segment #4140, rtt=22.9809ms, rto=200ms
Requesting segment #4150
Received segment #4141, rtt=22.9332ms, rto=200ms
Requesting segment #4151
Received segment #4130, rtt=52.5926ms, rto=200ms
Requesting segment #4152
Received segment #4142, rtt=21.3966ms, rto=200ms
Received segment #4143, rtt=19.9935ms, rto=200ms
Received segment #4144, rtt=20.5215ms, rto=200ms
Received segment #4145, rtt=22.6035ms, rto=200ms
Received segment #4146, rtt=19.9933ms, rto=200ms
Received segment #4147, rtt=22.1267ms, rto=200ms
Requesting segment #4153
Received segment #4148, rtt=19.117ms, rto=200ms
Requesting segment #4154
Received segment #4149, rtt=20.4955ms, rto=200ms
Requesting segment #4155
Received segment #4150, rtt=16.9819ms, rto=200ms
Requesting segment #4156
Requesting segment #4157
Received segment #4151, rtt=18.483ms, rto=200ms
Requesting segment #4158
Received segment #4152, rtt=21.9235ms, rto=200ms
Requesting segment #4159
Received segment #4153, rtt=13.7064ms, rto=200ms
Requesting segment #4160
Received segment #4154, rtt=13.8159ms, rto=200ms
Requesting segment #4161
Received segment #4155, rtt=13.9244ms, rto=200ms
Requesting segment #4162
Received segment #4156, rtt=12.1096ms, rto=200ms
Requesting segment #4163
Received segment #4157, rtt=13.3197ms, rto=200ms
Requesting segment #4164
Requesting segment #4165
Received segment #4158, rtt=10.7075ms, rto=200ms
Requesting segment #4166
Received segment #4159, rtt=8.25653ms, rto=200ms
Requesting segment #4167
Received segment #4160, rtt=14.4676ms, rto=200ms
Requesting segment #4168
Received segment #4161, rtt=15.9779ms, rto=200ms
Requesting segment #4169
Received segment #4162, rtt=20.4084ms, rto=200ms
Requesting segment #4170
Received segment #4163, rtt=22.1709ms, rto=200ms
Requesting segment #4171
Received segment #4164, rtt=24.3488ms, rto=200ms
Requesting segment #4172
Received segment #4165, rtt=24.9049ms, rto=200ms
Requesting segment #4173
Requesting segment #4174
Received segment #4166, rtt=27.5645ms, rto=200ms
Requesting segment #4175
Received segment #4167, rtt=31.2431ms, rto=200ms
Requesting segment #4176
Received segment #4168, rtt=25.3249ms, rto=200ms
Requesting segment #4177
Received segment #4169, rtt=22.953ms, rto=200ms
Requesting segment #4178
Received segment #4170, rtt=18.2598ms, rto=200ms
Requesting segment #4179
Received segment #4171, rtt=16.6624ms, rto=200ms
Requesting segment #4180
Received segment #4172, rtt=13.822ms, rto=200ms
Requesting segment #4181
Received segment #4173, rtt=14.8489ms, rto=200ms
Requesting segment #4182
Received segment #4174, rtt=16.9077ms, rto=200ms
Requesting segment #4183
Requesting segment #4184
Received segment #4175, rtt=15.0454ms, rto=200ms
Requesting segment #4185
Received segment #4176, rtt=16.3064ms, rto=200ms
Requesting segment #4186
Received segment #4177, rtt=18.1815ms, rto=200ms
Requesting segment #4187
Received segment #4178, rtt=21.1986ms, rto=200ms
Requesting segment #4188
Received segment #4179, rtt=24.6929ms, rto=200ms
Requesting segment #4189
Received segment #4180, rtt=25.906ms, rto=200ms
Requesting segment #4190
Received segment #4181, rtt=28.5816ms, rto=200ms
Requesting segment #4191
Received segment #4182, rtt=27.6614ms, rto=200ms
Requesting segment #4192
Received segment #4183, rtt=29.0076ms, rto=200ms
Requesting segment #4193
Received segment #4184, rtt=29.7638ms, rto=200ms
Requesting segment #4194
Requesting segment #4195
Received segment #4185, rtt=29.525ms, rto=200ms
Requesting segment #4196
Received segment #4186, rtt=25.5716ms, rto=200ms
Requesting segment #4197
Received segment #4190, rtt=12.4505ms, rto=200ms
Requesting segment #4198
Received segment #4191, rtt=9.76906ms, rto=200ms
Requesting segment #4199
Received segment #4192, rtt=9.78301ms, rto=200ms
Requesting segment #4200
Received segment #4193, rtt=7.11789ms, rto=200ms
Requesting segment #4201
Received segment #4194, rtt=6.97566ms, rto=200ms
Requesting segment #4202
Received segment #4195, rtt=7.93074ms, rto=200ms
Requesting segment #4203
Received segment #4196, rtt=8.25145ms, rto=200ms
Requesting segment #4204
Received segment #4197, rtt=12.3234ms, rto=200ms
Requesting segment #4205
Received segment #4198, rtt=14.1719ms, rto=200ms
Requesting segment #4206
Requesting segment #4207
Received segment #4199, rtt=15.2968ms, rto=200ms
Requesting segment #4208
Received segment #4200, rtt=14.8216ms, rto=200ms
Requesting segment #4209
Received segment #4201, rtt=17.8366ms, rto=200ms
Requesting segment #4210
Received segment #4202, rtt=17.8898ms, rto=200ms
Requesting segment #4211
Received segment #4203, rtt=19.5314ms, rto=200ms
Requesting segment #4212
Received segment #4204, rtt=18.9168ms, rto=200ms
Requesting segment #4213
Received segment #4208, rtt=14.1815ms, rto=200ms
Requesting segment #4214
Received segment #4209, rtt=14.1292ms, rto=200ms
Requesting segment #4215
Received segment #4210, rtt=10.5263ms, rto=200ms
Requesting segment #4216
Received segment #4211, rtt=10.3223ms, rto=200ms
Requesting segment #4217
Received segment #4212, rtt=8.3498ms, rto=200ms
Requesting segment #4218
Received segment #4213, rtt=8.49501ms, rto=200ms
Requesting segment #4219
Requesting segment #4220
Received segment #4214, rtt=13.7467ms, rto=200ms
Requesting segment #4221
Received segment #4215, rtt=14.1182ms, rto=200ms
Requesting segment #4222
Received segment #4216, rtt=15.0126ms, rto=200ms
Requesting segment #4223
Received segment #4217, rtt=14.9849ms, rto=200ms
Requesting segment #4224
Received segment #4218, rtt=16.8687ms, rto=200ms
Requesting segment #4225
Received segment #4219, rtt=17.5282ms, rto=200ms
Requesting segment #4226
Received segment #4220, rtt=17.9842ms, rto=200ms
Requesting segment #4227
Received segment #4205, rtt=40.5803ms, rto=200ms
Requesting segment #4228
Received segment #4221, rtt=12.4213ms, rto=200ms
Requesting segment #4229
Received segment #4206, rtt=42.7661ms, rto=200ms
Requesting segment #4230
Received segment #4222, rtt=13.2226ms, rto=200ms
Requesting segment #4231
Received segment #4207, rtt=43.7285ms, rto=200ms
Requesting segment #4232
Received segment #4223, rtt=12.5745ms, rto=200ms
Requesting segment #4233
Requesting segment #4234
Received segment #4224, rtt=12.6059ms, rto=200ms
Requesting segment #4235
Received segment #4225, rtt=11.3685ms, rto=200ms
Requesting segment #4236
Received segment #4226, rtt=10.9464ms, rto=200ms
Requesting segment #4237
Received segment #4227, rtt=11.0694ms, rto=200ms
Requesting segment #4238
Received segment #4228, rtt=9.40259ms, rto=200ms
Requesting segment #4239
Received segment #4229, rtt=9.31109ms, rto=200ms
Requesting segment #4240
Received segment #4230, rtt=9.90775ms, rto=200ms
Requesting segment #4241
Received segment #4231, rtt=10.6992ms, rto=200ms
Requesting segment #4242
Received segment #4232, rtt=11.3042ms, rto=200ms
Requesting segment #4243
Received segment #4233, rtt=11.9102ms, rto=200ms
Requesting segment #4244
Received segment #4234, rtt=13.1945ms, rto=200ms
Requesting segment #4245
Received segment #4235, rtt=13.2491ms, rto=200ms
Requesting segment #4246
Received segment #4236, rtt=17.4335ms, rto=200ms
Requesting segment #4247
Received segment #4237, rtt=18.4026ms, rto=200ms
Requesting segment #4248
Requesting segment #4249
Received segment #4238, rtt=18.4922ms, rto=200ms
Requesting segment #4250
Received segment #4239, rtt=18.9287ms, rto=200ms
Requesting segment #4251
Received segment #4240, rtt=15.4988ms, rto=200ms
Requesting segment #4252
Received segment #4241, rtt=15.7204ms, rto=200ms
Requesting segment #4253
Received segment #4242, rtt=14.906ms, rto=200ms
Requesting segment #4254
Received segment #4243, rtt=14.9787ms, rto=200ms
Requesting segment #4255
Received segment #4244, rtt=14.6045ms, rto=200ms
Requesting segment #4256
Received segment #4245, rtt=14.0946ms, rto=200ms
Requesting segment #4257
Received segment #4246, rtt=14.218ms, rto=200ms
Requesting segment #4258
Received segment #4247, rtt=9.68462ms, rto=200ms
Requesting segment #4259
Received segment #4248, rtt=8.63337ms, rto=200ms
Requesting segment #4260
Received segment #4249, rtt=9.89526ms, rto=200ms
Requesting segment #4261
Received segment #4250, rtt=9.41488ms, rto=200ms
Requesting segment #4262
Received segment #4251, rtt=9.88498ms, rto=200ms
Requesting segment #4263
Received segment #4252, rtt=10.5128ms, rto=200ms
Requesting segment #4264
Requesting segment #4265
Received segment #4253, rtt=9.42364ms, rto=200ms
Requesting segment #4266
Received segment #4254, rtt=10.0962ms, rto=200ms
Requesting segment #4267
Received segment #4255, rtt=12.6538ms, rto=200ms
Requesting segment #4268
Received segment #4256, rtt=12.5923ms, rto=200ms
Requesting segment #4269
Received segment #4257, rtt=12.3101ms, rto=200ms
Requesting segment #4270
Received segment #4258, rtt=12.2974ms, rto=200ms
Requesting segment #4271
Received segment #4259, rtt=12.6244ms, rto=200ms
Requesting segment #4272
Received segment #4260, rtt=12.7974ms, rto=200ms
Requesting segment #4273
Received segment #4261, rtt=11.9442ms, rto=200ms
Requesting segment #4274
Received segment #4262, rtt=12.1676ms, rto=200ms
Requesting segment #4275
Received segment #4263, rtt=11.3509ms, rto=200ms
Requesting segment #4276
Received segment #4264, rtt=10.7247ms, rto=200ms
Requesting segment #4277
Received segment #4265, rtt=11.0298ms, rto=200ms
Requesting segment #4278
Received segment #4266, rtt=13.5336ms, rto=200ms
Requesting segment #4279
Received segment #4267, rtt=15.6045ms, rto=200ms
Requesting segment #4280
Received segment #4268, rtt=14.7993ms, rto=200ms
Requesting segment #4281
Requesting segment #4282
Received segment #4269, rtt=18.455ms, rto=200ms
Requesting segment #4283
Received segment #4270, rtt=24.9937ms, rto=200ms
Requesting segment #4284
Received segment #4271, rtt=25.0807ms, rto=200ms
Requesting segment #4285
Received segment #4272, rtt=24.5332ms, rto=200ms
Requesting segment #4286
Received segment #4273, rtt=24.0272ms, rto=200ms
Requesting segment #4287
Received segment #4274, rtt=23.8451ms, rto=200ms
Requesting segment #4288
Received segment #4275, rtt=23.6999ms, rto=200ms
Requesting segment #4289
Received segment #4276, rtt=23.4029ms, rto=200ms
Requesting segment #4290
Received segment #4277, rtt=23.0415ms, rto=200ms
Requesting segment #4291
Received segment #4278, rtt=23.6106ms, rto=200ms
Requesting segment #4292
Received segment #4279, rtt=21.3075ms, rto=200ms
Requesting segment #4293
Received segment #4280, rtt=19.4977ms, rto=200ms
Requesting segment #4294
Received segment #4281, rtt=18.9795ms, rto=200ms
Requesting segment #4295
Received segment #4282, rtt=21.338ms, rto=200ms
Requesting segment #4296
Received segment #4283, rtt=18.0074ms, rto=200ms
Requesting segment #4297
Received segment #4284, rtt=11.8975ms, rto=200ms
Requesting segment #4298
Received segment #4285, rtt=13.0018ms, rto=200ms
Requesting segment #4299
Requesting segment #4300
Received segment #4286, rtt=15.1284ms, rto=200ms
Requesting segment #4301
Received segment #4287, rtt=24.4231ms, rto=200ms
Requesting segment #4302
Received segment #4288, rtt=25.5656ms, rto=200ms
Requesting segment #4303
Received segment #4289, rtt=27.3141ms, rto=200ms
Requesting segment #4304
Received segment #4290, rtt=28.09ms, rto=200ms
Requesting segment #4305
Received segment #4291, rtt=28.1435ms, rto=200ms
Requesting segment #4306
Received segment #4292, rtt=28.2641ms, rto=200ms
Requesting segment #4307
Received segment #4293, rtt=28.0386ms, rto=200ms
Requesting segment #4308
Received segment #4294, rtt=27.3994ms, rto=200ms
Requesting segment #4309
Received segment #4295, rtt=25.6064ms, rto=200ms
Requesting segment #4310
Received segment #4296, rtt=26.1027ms, rto=200ms
Requesting segment #4311
Received segment #4297, rtt=26.2428ms, rto=200ms
Requesting segment #4312
Received segment #4298, rtt=26.0043ms, rto=200ms
Requesting segment #4313
Received segment #4299, rtt=24.5134ms, rto=200ms
Requesting segment #4314
Received segment #4300, rtt=32.6017ms, rto=200ms
Requesting segment #4315
Received segment #4301, rtt=33.7008ms, rto=200ms
Requesting segment #4316
Received segment #4302, rtt=26.2236ms, rto=200ms
Requesting segment #4317
Received segment #4303, rtt=26.9665ms, rto=200ms
Requesting segment #4318
Requesting segment #4319
Received segment #4304, rtt=25.4793ms, rto=200ms
Requesting segment #4320
Received segment #4305, rtt=26.0876ms, rto=200ms
Requesting segment #4321
Received segment #4306, rtt=26.2903ms, rto=200ms
Requesting segment #4322
Received segment #4307, rtt=26.0116ms, rto=200ms
Requesting segment #4323
Received segment #4308, rtt=27.0365ms, rto=200ms
Requesting segment #4324
Received segment #4309, rtt=27.6249ms, rto=200ms
Requesting segment #4325
Packet loss event, new cwnd = 9.68347, ssthresh = 9.68347
Received segment #4310, rtt=32.473ms, rto=200ms
Received segment #4311, rtt=32.5193ms, rto=200ms
Received segment #4312, rtt=32.4586ms, rto=200ms
Received segment #4313, rtt=33.4464ms, rto=200ms
Received segment #4314, rtt=34.0279ms, rto=200ms
Received segment #4315, rtt=27.0976ms, rto=200ms
Received segment #4316, rtt=24.0351ms, rto=200ms
Retransmitting segment #4188
Received segment #4317, rtt=25.1916ms, rto=200ms
Retransmitting segment #4187
Received segment #4318, rtt=24.8152ms, rto=200ms
Retransmitting segment #4189
Received segment #4319, rtt=27.2012ms, rto=200ms
Requesting segment #4326
Received segment #4320, rtt=28.898ms, rto=200ms
Requesting segment #4327
Received segment #4321, rtt=28.0314ms, rto=200ms
Requesting segment #4328
Received segment #4322, rtt=28.0736ms, rto=200ms
Requesting segment #4329
Requesting segment #4330
Received segment #4323, rtt=28.5769ms, rto=200ms
Requesting segment #4331
Received segment #4324, rtt=29.6491ms, rto=200ms
Requesting segment #4332
Received segment #4325, rtt=29.2811ms, rto=200ms
Requesting segment #4333
Received segment #4188, rtt=19.1381ms, rto=200ms
Requesting segment #4334
Received segment #4326, rtt=13.5463ms, rto=200ms
Requesting segment #4335
Received segment #4327, rtt=14.7061ms, rto=200ms
Requesting segment #4336
Received segment #4328, rtt=14.6306ms, rto=200ms
Requesting segment #4337
Received segment #4187, rtt=22.4368ms, rto=200ms
Requesting segment #4338
Received segment #4329, rtt=14.9821ms, rto=200ms
Requesting segment #4339
Received segment #4189, rtt=21.5371ms, rto=200ms
Requesting segment #4340
Received segment #4330, rtt=16.6875ms, rto=200ms
Requesting segment #4341
Requesting segment #4342
Received segment #4331, rtt=18.2173ms, rto=200ms
Requesting segment #4343
Received segment #4332, rtt=17.9324ms, rto=200ms
Requesting segment #4344
Received segment #4333, rtt=20.2748ms, rto=200ms
Requesting segment #4345
Received segment #4334, rtt=17.4592ms, rto=200ms
Requesting segment #4346
Received segment #4335, rtt=17.1276ms, rto=200ms
Requesting segment #4347
Received segment #4336, rtt=18.4848ms, rto=200ms
Requesting segment #4348
Received segment #4337, rtt=18.6498ms, rto=200ms
Requesting segment #4349
Received segment #4338, rtt=19.0293ms, rto=200ms
Requesting segment #4350
Received segment #4339, rtt=19.3476ms, rto=200ms
Requesting segment #4351
Received segment #4340, rtt=18.9275ms, rto=200ms
Requesting segment #4352
Received segment #4342, rtt=20.2815ms, rto=200ms
Requesting segment #4353
Received segment #4343, rtt=19.7427ms, rto=200ms
Requesting segment #4354
Requesting segment #4355
Received segment #4344, rtt=20.9872ms, rto=200ms
Requesting segment #4356
Received segment #4345, rtt=21.1032ms, rto=200ms
Requesting segment #4357
Received segment #4346, rtt=23.2345ms, rto=200ms
Requesting segment #4358
Received segment #4347, rtt=22.9308ms, rto=200ms
Requesting segment #4359
Received segment #4348, rtt=20.1574ms, rto=200ms
Requesting segment #4360
Received segment #4349, rtt=20.2916ms, rto=200ms
Requesting segment #4361
Received segment #4350, rtt=20.4226ms, rto=200ms
Requesting segment #4362
Received segment #4351, rtt=21.1136ms, rto=200ms
Requesting segment #4363
Received segment #4352, rtt=21.805ms, rto=200ms
Requesting segment #4364
Received segment #4353, rtt=21.0609ms, rto=200ms
Requesting segment #4365
Received segment #4354, rtt=20.0912ms, rto=200ms
Requesting segment #4366
Received segment #4355, rtt=22.8733ms, rto=200ms
Requesting segment #4367
Received segment #4356, rtt=19.8864ms, rto=200ms
Requesting segment #4368
Requesting segment #4369
Received segment #4357, rtt=18.41ms, rto=200ms
Requesting segment #4370
Received segment #4358, rtt=21.9587ms, rto=200ms
Requesting segment #4371
Received segment #4359, rtt=26.2775ms, rto=200ms
Requesting segment #4372
Received segment #4360, rtt=24.7196ms, rto=200ms
Requesting segment #4373
Received segment #4361, rtt=24.5056ms, rto=200ms
Requesting segment #4374
Received segment #4362, rtt=33.9337ms, rto=200ms
Requesting segment #4375
Received segment #4363, rtt=34.5966ms, rto=200ms
Requesting segment #4376
Received segment #4364, rtt=34.944ms, rto=200ms
Requesting segment #4377
Received segment #4365, rtt=34.6921ms, rto=200ms
Requesting segment #4378
Received segment #4366, rtt=35.8533ms, rto=200ms
Requesting segment #4379
Received segment #4367, rtt=33.6656ms, rto=200ms
Requesting segment #4380
Received segment #4368, rtt=35.5982ms, rto=200ms
Requesting segment #4381
Received segment #4341, rtt=81.7804ms, rto=200ms
Requesting segment #4382
Received segment #4369, rtt=37.3107ms, rto=200ms
Requesting segment #4383
Requesting segment #4384
Received segment #4370, rtt=36.0821ms, rto=200ms
Requesting segment #4385
Received segment #4371, rtt=31.7486ms, rto=200ms
Requesting segment #4386
Received segment #4372, rtt=26.7023ms, rto=200ms
Requesting segment #4387
Received segment #4373, rtt=26.7532ms, rto=200ms
Requesting segment #4388
Received segment #4374, rtt=26.9785ms, rto=200ms
Requesting segment #4389
Received segment #4375, rtt=17.8569ms, rto=200ms
Requesting segment #4390
Received segment #4376, rtt=16.5492ms, rto=200ms
Requesting segment #4391
Received segment #4377, rtt=17.4715ms, rto=200ms
Requesting segment #4392
Received segment #4378, rtt=16.8471ms, rto=200ms
Requesting segment #4393
Received segment #4379, rtt=16.8171ms, rto=200ms
Requesting segment #4394
Received segment #4380, rtt=17.5072ms, rto=200ms
Requesting segment #4395
Received segment #4381, rtt=16.24ms, rto=200ms
Requesting segment #4396
Received segment #4382, rtt=17.9907ms, rto=200ms
Requesting segment #4397
Received segment #4383, rtt=19.2463ms, rto=200ms
Requesting segment #4398
Received segment #4384, rtt=22.8364ms, rto=200ms
Requesting segment #4399
Requesting segment #4400
Received segment #4385, rtt=23.9538ms, rto=200ms
Requesting segment #4401
Received segment #4386, rtt=23.4548ms, rto=200ms
Requesting segment #4402
Received segment #4387, rtt=24.0646ms, rto=200ms
Requesting segment #4403
Received segment #4388, rtt=26.2941ms, rto=200ms
Requesting segment #4404
Received segment #4389, rtt=25.9314ms, rto=200ms
Requesting segment #4405
Received segment #4390, rtt=24.8016ms, rto=200ms
Requesting segment #4406
Received segment #4391, rtt=24.6759ms, rto=200ms
Requesting segment #4407
Received segment #4392, rtt=22.72ms, rto=200ms
Requesting segment #4408
Received segment #4393, rtt=22.7708ms, rto=200ms
Requesting segment #4409
Received segment #4394, rtt=24.5403ms, rto=200ms
Requesting segment #4410
Received segment #4395, rtt=29.0491ms, rto=200ms
Requesting segment #4411
Received segment #4396, rtt=31.5669ms, rto=200ms
Requesting segment #4412
Received segment #4397, rtt=30.6944ms, rto=200ms
Requesting segment #4413
Received segment #4398, rtt=28.9112ms, rto=200ms
Requesting segment #4414
Received segment #4399, rtt=25.7545ms, rto=200ms
Requesting segment #4415
Received segment #4400, rtt=31.0811ms, rto=200ms
Requesting segment #4416
Requesting segment #4417
Received segment #4401, rtt=34.9292ms, rto=200ms
Requesting segment #4418
Received segment #4402, rtt=37.7204ms, rto=200ms
Requesting segment #4419
Received segment #4403, rtt=37.3019ms, rto=200ms
Requesting segment #4420
Received segment #4404, rtt=35.702ms, rto=200ms
Requesting segment #4421
Received segment #4405, rtt=39.5541ms, rto=200ms
Requesting segment #4422
Received segment #4406, rtt=40.8165ms, rto=200ms
Requesting segment #4423
Received segment #4408, rtt=41.0465ms, rto=200ms
Requesting segment #4424
Received segment #4409, rtt=41.6528ms, rto=200ms
Received segment #4410, rtt=38.1048ms, rto=200ms
Received segment #4411, rtt=33.2269ms, rto=200ms
Received segment #4412, rtt=30.0365ms, rto=200ms
Received segment #4413, rtt=30.4039ms, rto=200ms
Received segment #4414, rtt=29.9754ms, rto=200ms
Received segment #4415, rtt=30.6294ms, rto=200ms
Received segment #4416, rtt=25.7892ms, rto=200ms
Received segment #4417, rtt=26.2819ms, rto=200ms
Requesting segment #4425
Received segment #4418, rtt=21.3585ms, rto=200ms
Requesting segment #4426
Received segment #4419, rtt=17.7993ms, rto=200ms
Requesting segment #4427
Received segment #4420, rtt=17.7665ms, rto=200ms
Requesting segment #4428
Received segment #4421, rtt=17.6116ms, rto=200ms
Requesting segment #4429
Requesting segment #4430
Received segment #4422, rtt=14.2841ms, rto=200ms
Requesting segment #4431
Received segment #4423, rtt=14.0226ms, rto=200ms
Requesting segment #4432
Received segment #4424, rtt=15.3125ms, rto=200ms
Requesting segment #4433
Received segment #4425, rtt=15.0293ms, rto=200ms
Requesting segment #4434
Received segment #4426, rtt=14.7221ms, rto=200ms
Requesting segment #4435
Received segment #4427, rtt=15.107ms, rto=200ms
Requesting segment #4436
Received segment #4428, rtt=15.5867ms, rto=200ms
Requesting segment #4437
Received segment #4429, rtt=15.8815ms, rto=200ms
Requesting segment #4438
Received segment #4430, rtt=16.5349ms, rto=200ms
Requesting segment #4439
Received segment #4431, rtt=17.1753ms, rto=200ms
Requesting segment #4440
Requesting segment #4441
Received segment #4407, rtt=71.5003ms, rto=200ms
Requesting segment #4442
Received segment #4432, rtt=18.0808ms, rto=200ms
Requesting segment #4443
Received segment #4433, rtt=18.9505ms, rto=200ms
Requesting segment #4444
Received segment #4434, rtt=15.1138ms, rto=200ms
Requesting segment #4445
Received segment #4435, rtt=19.0111ms, rto=200ms
Requesting segment #4446
Received segment #4436, rtt=19.4247ms, rto=200ms
Requesting segment #4447
Received segment #4437, rtt=18.717ms, rto=200ms
Requesting segment #4448
Received segment #4438, rtt=19.9728ms, rto=200ms
Requesting segment #4449
Received segment #4439, rtt=19.7746ms, rto=200ms
Requesting segment #4450
Received segment #4440, rtt=18.8304ms, rto=200ms
Requesting segment #4451
Received segment #4441, rtt=25.6719ms, rto=200ms
Requesting segment #4452
Requesting segment #4453
Received segment #4442, rtt=24.6587ms, rto=200ms
Requesting segment #4454
Received segment #4443, rtt=27.9026ms, rto=200ms
Requesting segment #4455
Received segment #4444, rtt=26.4026ms, rto=200ms
Requesting segment #4456
Received segment #4445, rtt=24.211ms, rto=200ms
Requesting segment #4457
Received segment #4446, rtt=21.5466ms, rto=200ms
Requesting segment #4458
Received segment #4447, rtt=21.1666ms, rto=200ms
Requesting segment #4459
Received segment #4448, rtt=22.4239ms, rto=200ms
Requesting segment #4460
Received segment #4449, rtt=23.866ms, rto=200ms
Requesting segment #4461
Received segment #4450, rtt=24.5433ms, rto=200ms
Requesting segment #4462
Received segment #4451, rtt=24.18ms, rto=200ms
Requesting segment #4463
Received segment #4452, rtt=26.8838ms, rto=200ms
Requesting segment #4464
Requesting segment #4465
Received segment #4453, rtt=28.1944ms, rto=200ms
Requesting segment #4466
Received segment #4454, rtt=33.8195ms, rto=200ms
Requesting segment #4467
Received segment #4455, rtt=31.0932ms, rto=200ms
Requesting segment #4468
Received segment #4456, rtt=30.7732ms, rto=200ms
Requesting segment #4469
Received segment #4457, rtt=30.939ms, rto=200ms
Requesting segment #4470
Received segment #4458, rtt=31.4236ms, rto=200ms
Requesting segment #4471
Received segment #4459, rtt=32.7775ms, rto=200ms
Requesting segment #4472
Received segment #4460, rtt=42.9644ms, rto=200ms
Requesting segment #4473
Received segment #4461, rtt=39.2438ms, rto=200ms
Requesting segment #4474
Received segment #4462, rtt=38.6986ms, rto=200ms
Requesting segment #4475
Received segment #4463, rtt=38.6065ms, rto=200ms
Requesting segment #4476
Received segment #4465, rtt=29.4339ms, rto=200ms
Requesting segment #4477
Received segment #4466, rtt=30.2209ms, rto=200ms
Requesting segment #4478
Requesting segment #4479
Received segment #4467, rtt=24.7495ms, rto=200ms
Requesting segment #4480
Received segment #4468, rtt=24.5472ms, rto=200ms
Requesting segment #4481
Received segment #4469, rtt=23.2066ms, rto=200ms
Requesting segment #4482
Received segment #4470, rtt=21.8295ms, rto=200ms
Requesting segment #4483
Received segment #4471, rtt=22.5492ms, rto=200ms
Requesting segment #4484
Received segment #4472, rtt=22.7576ms, rto=200ms
Requesting segment #4485
Received segment #4473, rtt=14.6342ms, rto=200ms
Requesting segment #4486
Received segment #4474, rtt=15.0708ms, rto=200ms
Requesting segment #4487
Received segment #4475, rtt=16.5401ms, rto=200ms
Requesting segment #4488
Received segment #4476, rtt=16.3942ms, rto=200ms
Requesting segment #4489
Received segment #4477, rtt=16.6268ms, rto=200ms
Requesting segment #4490
Received segment #4478, rtt=15.798ms, rto=200ms
Requesting segment #4491
Received segment #4479, rtt=16.9082ms, rto=200ms
Requesting segment #4492
Received segment #4480, rtt=18.5805ms, rto=200ms
Requesting segment #4493
Requesting segment #4494
Received segment #4481, rtt=20.126ms, rto=200ms
Requesting segment #4495
Received segment #4482, rtt=23.2492ms, rto=200ms
Requesting segment #4496
Received segment #4483, rtt=24.5454ms, rto=200ms
Requesting segment #4497
Received segment #4484, rtt=22.3876ms, rto=200ms
Requesting segment #4498
Received segment #4485, rtt=20.4663ms, rto=200ms
Requesting segment #4499
Received segment #4486, rtt=18.0593ms, rto=200ms
Requesting segment #4500
Received segment #4487, rtt=19.3026ms, rto=200ms
Requesting segment #4501
Received segment #4488, rtt=22.4665ms, rto=200ms
Requesting segment #4502
Received segment #4489, rtt=23.6282ms, rto=200ms
Requesting segment #4503
Received segment #4490, rtt=26.4848ms, rto=200ms
Requesting segment #4504
Received segment #4491, rtt=27.3015ms, rto=200ms
Requesting segment #4505
Received segment #4492, rtt=31.8484ms, rto=200ms
Requesting segment #4506
Received segment #4493, rtt=29.1453ms, rto=200ms
Requesting segment #4507
Received segment #4494, rtt=29.782ms, rto=200ms
Requesting segment #4508
Received segment #4495, rtt=28.954ms, rto=200ms
Requesting segment #4509
Requesting segment #4510
Received segment #4496, rtt=26.5271ms, rto=200ms
Requesting segment #4511
Received segment #4497, rtt=25.856ms, rto=200ms
Requesting segment #4512
Received segment #4498, rtt=28.391ms, rto=200ms
Requesting segment #4513
Received segment #4499, rtt=28.7352ms, rto=200ms
Requesting segment #4514
Received segment #4500, rtt=30.637ms, rto=200ms
Requesting segment #4515
Received segment #4501, rtt=29.3504ms, rto=200ms
Requesting segment #4516
Received segment #4502, rtt=28.2397ms, rto=200ms
Requesting segment #4517
Received segment #4503, rtt=29.1829ms, rto=200ms
Requesting segment #4518
Received segment #4504, rtt=27.6571ms, rto=200ms
Requesting segment #4519
Received segment #4505, rtt=26.7833ms, rto=200ms
Requesting segment #4520
Received segment #4506, rtt=22.0257ms, rto=200ms
Requesting segment #4521
Received segment #4507, rtt=23.3673ms, rto=200ms
Requesting segment #4522
Received segment #4508, rtt=24.7639ms, rto=200ms
Requesting segment #4523
Received segment #4509, rtt=24.7818ms, rto=200ms
Requesting segment #4524
Received segment #4510, rtt=25.4617ms, rto=200ms
Requesting segment #4525
Received segment #4511, rtt=25.4339ms, rto=200ms
Requesting segment #4526
Requesting segment #4527
Received segment #4512, rtt=26.1629ms, rto=200ms
Requesting segment #4528
Received segment #4513, rtt=22.9315ms, rto=200ms
Requesting segment #4529
Received segment #4514, rtt=22.5861ms, rto=200ms
Requesting segment #4530
Received segment #4515, rtt=20.0638ms, rto=200ms
Requesting segment #4531
Received segment #4516, rtt=20.069ms, rto=200ms
Requesting segment #4532
Received segment #4517, rtt=17.1351ms, rto=200ms
Requesting segment #4533
Received segment #4518, rtt=18.4952ms, rto=200ms
Requesting segment #4534
Received segment #4519, rtt=19.0126ms, rto=200ms
Requesting segment #4535
Received segment #4520, rtt=20.8689ms, rto=200ms
Requesting segment #4536
Received segment #4521, rtt=23.1889ms, rto=200ms
Requesting segment #4537
Received segment #4522, rtt=22.4444ms, rto=200ms
Requesting segment #4538
Received segment #4523, rtt=21.7476ms, rto=200ms
Requesting segment #4539
Received segment #4524, rtt=23.4159ms, rto=200ms
Requesting segment #4540
Received segment #4525, rtt=24.1426ms, rto=200ms
Requesting segment #4541
Received segment #4526, rtt=24.7673ms, rto=200ms
Requesting segment #4542
Received segment #4527, rtt=27.1194ms, rto=200ms
Requesting segment #4543
Received segment #4528, rtt=27.7365ms, rto=200ms
Requesting segment #4544
Requesting segment #4545
Received segment #4529, rtt=29.3039ms, rto=200ms
Requesting segment #4546
Received segment #4530, rtt=28.996ms, rto=200ms
Requesting segment #4547
Received segment #4531, rtt=29.006ms, rto=200ms
Requesting segment #4548
Received segment #4532, rtt=29.0747ms, rto=200ms
Requesting segment #4549
Received segment #4533, rtt=30.5112ms, rto=200ms
Requesting segment #4550
Received segment #4534, rtt=28.5814ms, rto=200ms
Requesting segment #4551
Received segment #4535, rtt=27.4025ms, rto=200ms
Requesting segment #4552
Received segment #4536, rtt=24.5818ms, rto=200ms
Requesting segment #4553
Received segment #4537, rtt=22.433ms, rto=200ms
Requesting segment #4554
Received segment #4538, rtt=21.3359ms, rto=200ms
Requesting segment #4555
Received segment #4539, rtt=21.6382ms, rto=200ms
Requesting segment #4556
Received segment #4540, rtt=21.9838ms, rto=200ms
Requesting segment #4557
Received segment #4541, rtt=22.5079ms, rto=200ms
Requesting segment #4558
Received segment #4542, rtt=23.6887ms, rto=200ms
Requesting segment #4559
Received segment #4543, rtt=26.1023ms, rto=200ms
Requesting segment #4560
Received segment #4544, rtt=25.5511ms, rto=200ms
Requesting segment #4561
Received segment #4545, rtt=26.8545ms, rto=200ms
Requesting segment #4562
Received segment #4546, rtt=26.6877ms, rto=200ms
Requesting segment #4563
Requesting segment #4564
Received segment #4547, rtt=27.4062ms, rto=200ms
Requesting segment #4565
Received segment #4548, rtt=27.5955ms, rto=200ms
Requesting segment #4566
Received segment #4549, rtt=27.6377ms, rto=200ms
Requesting segment #4567
Received segment #4550, rtt=26.3625ms, rto=200ms
Requesting segment #4568
Received segment #4551, rtt=26.4517ms, rto=200ms
Requesting segment #4569
Received segment #4552, rtt=26.4852ms, rto=200ms
Requesting segment #4570
Received segment #4553, rtt=26.8012ms, rto=200ms
Requesting segment #4571
Received segment #4554, rtt=32.0065ms, rto=200ms
Requesting segment #4572
Received segment #4555, rtt=32.5229ms, rto=200ms
Requesting segment #4573
Received segment #4556, rtt=32.6704ms, rto=200ms
Requesting segment #4574
Received segment #4557, rtt=31.2851ms, rto=200ms
Requesting segment #4575
Received segment #4558, rtt=31.9843ms, rto=200ms
Requesting segment #4576
Received segment #4559, rtt=31.2919ms, rto=200ms
Requesting segment #4577
Received segment #4560, rtt=28.1225ms, rto=200ms
Requesting segment #4578
Received segment #4561, rtt=27.827ms, rto=200ms
Requesting segment #4579
Received segment #4562, rtt=27.938ms, rto=200ms
Requesting segment #4580
Received segment #4563, rtt=28.5269ms, rto=200ms
Requesting segment #4581
Received segment #4564, rtt=30.3098ms, rto=200ms
Requesting segment #4582
Received segment #4565, rtt=30.4935ms, rto=200ms
Requesting segment #4583
Requesting segment #4584
Received segment #4566, rtt=30.2505ms, rto=200ms
Requesting segment #4585
Received segment #4567, rtt=32.9062ms, rto=200ms
Requesting segment #4586
Packet loss event, new cwnd = 10.053, ssthresh = 10.053
Received segment #4568, rtt=33.8131ms, rto=200ms
Received segment #4569, rtt=37.3855ms, rto=200ms
Received segment #4570, rtt=38.4609ms, rto=200ms
Received segment #4571, rtt=38.4531ms, rto=200ms
Received segment #4572, rtt=35.3304ms, rto=200ms
Received segment #4573, rtt=35.2413ms, rto=200ms
Received segment #4574, rtt=34.4486ms, rto=200ms
Received segment #4575, rtt=33.6773ms, rto=200ms
Received segment #4576, rtt=31.2355ms, rto=200ms
Received segment #4577, rtt=29.7011ms, rto=200ms
Retransmitting segment #4464
Requesting segment #4587
Received segment #4578, rtt=28.4961ms, rto=200ms
Requesting segment #4588
Received segment #4579, rtt=27.9475ms, rto=200ms
Requesting segment #4589
Received segment #4580, rtt=27.1427ms, rto=200ms
Requesting segment #4590
Received segment #4581, rtt=25.8148ms, rto=200ms
Requesting segment #4591
Received segment #4582, rtt=24.7828ms, rto=200ms
Requesting segment #4592
Received segment #4583, rtt=24.2714ms, rto=200ms
Requesting segment #4593
Received segment #4584, rtt=24.9286ms, rto=200ms
Requesting segment #4594
Received segment #4585, rtt=24.8485ms, rto=200ms
Requesting segment #4595
Received segment #4586, rtt=22.8139ms, rto=200ms
Requesting segment #4596
Received segment #4464, rtt=7.95318ms, rto=200ms
Requesting segment #4597
Received segment #4587, rtt=32.0264ms, rto=200ms
Requesting segment #4598
Requesting segment #4599
Received segment #4588, rtt=32.1876ms, rto=200ms
Requesting segment #4600
Received segment #4589, rtt=33.1025ms, rto=200ms
Requesting segment #4601
Received segment #4590, rtt=33.2047ms, rto=200ms
Requesting segment #4602
Received segment #4591, rtt=33.1792ms, rto=200ms
Requesting segment #4603
Received segment #4592, rtt=33.1154ms, rto=200ms
Requesting segment #4604
Received segment #4593, rtt=33.4111ms, rto=200ms
Requesting segment #4605
Received segment #4594, rtt=33.724ms, rto=200ms
Requesting segment #4606
Received segment #4595, rtt=34.5406ms, rto=200ms
Requesting segment #4607
Received segment #4596, rtt=35.253ms, rto=200ms
Requesting segment #4608
Received segment #4597, rtt=41.6855ms, rto=200ms
Requesting segment #4609
Received segment #4598, rtt=44.8811ms, rto=200ms
Requesting segment #4610
Received segment #4599, rtt=45.9099ms, rto=200ms
Requesting segment #4611
Requesting segment #4612
Received segment #4600, rtt=47.4797ms, rto=200ms
Requesting segment #4613
Received segment #4601, rtt=50.3035ms, rto=200ms
Requesting segment #4614
Received segment #4602, rtt=50.1312ms, rto=200ms
Requesting segment #4615
Received segment #4603, rtt=50.6837ms, rto=200ms
Requesting segment #4616
Received segment #4604, rtt=50.6325ms, rto=200ms
Requesting segment #4617
Received segment #4605, rtt=51.7584ms, rto=200ms
Requesting segment #4618
Received segment #4606, rtt=51.7194ms, rto=200ms
Requesting segment #4619
Received segment #4607, rtt=51.8892ms, rto=200ms
Requesting segment #4620
Received segment #4608, rtt=50.7669ms, rto=200ms
Requesting segment #4621
Received segment #4609, rtt=49.2259ms, rto=200ms
Requesting segment #4622
Received segment #4610, rtt=33.7935ms, rto=200ms
Requesting segment #4623
Received segment #4611, rtt=34.6304ms, rto=200ms
Requesting segment #4624
Received segment #4612, rtt=35.4044ms, rto=200ms
Requesting segment #4625
Requesting segment #4626
Received segment #4613, rtt=48.2576ms, rto=200ms
Requesting segment #4627
Received segment #4614, rtt=44.3153ms, rto=200ms
Requesting segment #4628
Received segment #4615, rtt=44.7168ms, rto=200ms
Requesting segment #4629
Received segment #4616, rtt=43.9845ms, rto=200ms
Requesting segment #4630
Received segment #4617, rtt=43.8526ms, rto=200ms
Requesting segment #4631
Received segment #4618, rtt=43.052ms, rto=200ms
Requesting segment #4632
Received segment #4619, rtt=43.7114ms, rto=200ms
Requesting segment #4633
Received segment #4620, rtt=42.5875ms, rto=200ms
Requesting segment #4634
Received segment #4621, rtt=43.0129ms, rto=200ms
Requesting segment #4635
Received segment #4622, rtt=37.8682ms, rto=200ms
Requesting segment #4636
Received segment #4623, rtt=28.1897ms, rto=200ms
Requesting segment #4637
Received segment #4624, rtt=28.3551ms, rto=200ms
Requesting segment #4638
Received segment #4625, rtt=40.5384ms, rto=200ms
Requesting segment #4639
Received segment #4626, rtt=53.3513ms, rto=200ms
Requesting segment #4640
Requesting segment #4641
Received segment #4627, rtt=41.2556ms, rto=200ms
Requesting segment #4642
Received segment #4628, rtt=41.3011ms, rto=200ms
Requesting segment #4643
Received segment #4629, rtt=60.5833ms, rto=200ms
Requesting segment #4644
Received segment #4630, rtt=61.4678ms, rto=200ms
Requesting segment #4645
Received segment #4631, rtt=64.4392ms, rto=200ms
Requesting segment #4646
Received segment #4632, rtt=63.4609ms, rto=200ms
Requesting segment #4647
Received segment #4633, rtt=63.2587ms, rto=200ms
Requesting segment #4648
Received segment #4634, rtt=64.2617ms, rto=200ms
Requesting segment #4649
Received segment #4635, rtt=63.5464ms, rto=200ms
Requesting segment #4650
Received segment #4636, rtt=63.7672ms, rto=200ms
Requesting segment #4651
Received segment #4637, rtt=64.2316ms, rto=200ms
Requesting segment #4652
Received segment #4638, rtt=62.5959ms, rto=200ms
Requesting segment #4653
Received segment #4639, rtt=50.0684ms, rto=200ms
Requesting segment #4654
Received segment #4640, rtt=39.3682ms, rto=200ms
Requesting segment #4655
Received segment #4641, rtt=40.0248ms, rto=200ms
Requesting segment #4656
Requesting segment #4657
Received segment #4642, rtt=47.2841ms, rto=200ms
Requesting segment #4658
Received segment #4643, rtt=58.9248ms, rto=200ms
Requesting segment #4659
Received segment #4644, rtt=45.8425ms, rto=200ms
Requesting segment #4660
Received segment #4645, rtt=47.7542ms, rto=200ms
Requesting segment #4661
Received segment #4646, rtt=51.5321ms, rto=200ms
Requesting segment #4662
Received segment #4647, rtt=51.7717ms, rto=200ms
Requesting segment #4663
Received segment #4648, rtt=53.1907ms, rto=200ms
Requesting segment #4664
Received segment #4649, rtt=52.2461ms, rto=200ms
Requesting segment #4665
Received segment #4650, rtt=53.0461ms, rto=200ms
Requesting segment #4666
Received segment #4651, rtt=52.7568ms, rto=200ms
Requesting segment #4667
Received segment #4652, rtt=51.6032ms, rto=200ms
Requesting segment #4668
Received segment #4653, rtt=53.5243ms, rto=200ms
Requesting segment #4669
Received segment #4654, rtt=54.2442ms, rto=200ms
Requesting segment #4670
Received segment #4655, rtt=54.8549ms, rto=200ms
Requesting segment #4671
Received segment #4656, rtt=55.4897ms, rto=200ms
Requesting segment #4672
Received segment #4657, rtt=56.4677ms, rto=200ms
Requesting segment #4673
Requesting segment #4674
Received segment #4658, rtt=52.5195ms, rto=200ms
Requesting segment #4675
Received segment #4659, rtt=52.4012ms, rto=200ms
Requesting segment #4676
Received segment #4660, rtt=50.3356ms, rto=200ms
Requesting segment #4677
Received segment #4661, rtt=59.6708ms, rto=200ms
Requesting segment #4678
Received segment #4662, rtt=56.9783ms, rto=200ms
Requesting segment #4679
Received segment #4663, rtt=56.7232ms, rto=200ms
Requesting segment #4680
Received segment #4664, rtt=54.8132ms, rto=200ms
Requesting segment #4681
Received segment #4665, rtt=55.7298ms, rto=200ms
Requesting segment #4682
Received segment #4666, rtt=56.5812ms, rto=200ms
Requesting segment #4683
Received segment #4667, rtt=56.0701ms, rto=200ms
Requesting segment #4684
Received segment #4668, rtt=55.8974ms, rto=200ms
Requesting segment #4685
Received segment #4669, rtt=54.8806ms, rto=200ms
Requesting segment #4686
Received segment #4670, rtt=55.5064ms, rto=200ms
Requesting segment #4687
Received segment #4671, rtt=54.6977ms, rto=200ms
Requesting segment #4688
Received segment #4672, rtt=60.3911ms, rto=200ms
Requesting segment #4689
Received segment #4673, rtt=60.7477ms, rto=200ms
Requesting segment #4690
Received segment #4674, rtt=63.0325ms, rto=200ms
Requesting segment #4691
Requesting segment #4692
Received segment #4675, rtt=62.842ms, rto=200ms
Requesting segment #4693
Received segment #4676, rtt=55.3987ms, rto=200ms
Requesting segment #4694
Received segment #4677, rtt=54.7602ms, rto=200ms
Requesting segment #4695
Received segment #4678, rtt=45.7756ms, rto=200ms
Requesting segment #4696
Received segment #4679, rtt=42.0173ms, rto=200ms
Requesting segment #4697
Received segment #4680, rtt=53.9509ms, rto=200ms
Requesting segment #4698
Received segment #4681, rtt=57.6405ms, rto=200ms
Requesting segment #4699
Received segment #4682, rtt=58.3701ms, rto=200ms
Requesting segment #4700
Received segment #4683, rtt=57.7519ms, rto=200ms
Requesting segment #4701
Received segment #4684, rtt=58.0292ms, rto=200ms
Requesting segment #4702
Received segment #4685, rtt=58.2106ms, rto=200ms
Requesting segment #4703
Received segment #4686, rtt=57.5805ms, rto=200ms
Requesting segment #4704
Received segment #4687, rtt=57.1664ms, rto=200ms
Requesting segment #4705
Received segment #4688, rtt=56.8036ms, rto=200ms
Requesting segment #4706
Received segment #4689, rtt=50.9681ms, rto=200ms
Requesting segment #4707
Received segment #4690, rtt=50.3724ms, rto=200ms
Requesting segment #4708
Received segment #4691, rtt=49.4487ms, rto=200ms
Requesting segment #4709
Received segment #4692, rtt=50.5777ms, rto=200ms
Requesting segment #4710
Requesting segment #4711
Received segment #4693, rtt=47.8871ms, rto=200ms
Requesting segment #4712
Received segment #4694, rtt=45.0672ms, rto=200ms
Requesting segment #4713
Received segment #4695, rtt=41.0133ms, rto=200ms
Requesting segment #4714
Received segment #4696, rtt=40.7192ms, rto=200ms
Requesting segment #4715
Received segment #4697, rtt=48.069ms, rto=200ms
Requesting segment #4716
Received segment #4698, rtt=40.2969ms, rto=200ms
Requesting segment #4717
Received segment #4699, rtt=43.5802ms, rto=200ms
Requesting segment #4718
Received segment #4700, rtt=42.3547ms, rto=200ms
Requesting segment #4719
Received segment #4701, rtt=41.2243ms, rto=200ms
Requesting segment #4720
Received segment #4702, rtt=41.2761ms, rto=200ms
Requesting segment #4721
Received segment #4703, rtt=41.2383ms, rto=200ms
Requesting segment #4722
Received segment #4704, rtt=40.7523ms, rto=200ms
Requesting segment #4723
Received segment #4705, rtt=40.1513ms, rto=200ms
Requesting segment #4724
Received segment #4706, rtt=39.2699ms, rto=200ms
Requesting segment #4725
Received segment #4707, rtt=41.6111ms, rto=200ms
Received segment #4708, rtt=41.7075ms, rto=200ms
Received segment #4709, rtt=40.9163ms, rto=200ms
Received segment #4710, rtt=40.4299ms, rto=200ms
Received segment #4711, rtt=41.0711ms, rto=200ms
Received segment #4712, rtt=45.5102ms, rto=200ms
Received segment #4713, rtt=48.6515ms, rto=200ms
Received segment #4714, rtt=51.7101ms, rto=200ms
Received segment #4715, rtt=53.7561ms, rto=200ms
Received segment #4716, rtt=46.8065ms, rto=200ms
Requesting segment #4726
Received segment #4717, rtt=53.5461ms, rto=200ms
Requesting segment #4727
Received segment #4718, rtt=46.0309ms, rto=200ms
Requesting segment #4728
Requesting segment #4729
Received segment #4719, rtt=51.3177ms, rto=200ms
Requesting segment #4730
Received segment #4720, rtt=51.3002ms, rto=200ms
Requesting segment #4731
Received segment #4721, rtt=50.7894ms, rto=200ms
Requesting segment #4732
Received segment #4722, rtt=50.1603ms, rto=200ms
Requesting segment #4733
Received segment #4723, rtt=50.6427ms, rto=200ms
Requesting segment #4734
Received segment #4724, rtt=50.0006ms, rto=200ms
Requesting segment #4735
Received segment #4725, rtt=50.7312ms, rto=200ms
Requesting segment #4736
Received segment #4726, rtt=24.6465ms, rto=200ms
Requesting segment #4737
Received segment #4727, rtt=28.1709ms, rto=200ms
Requesting segment #4738
Received segment #4728, rtt=29.8351ms, rto=200ms
Requesting segment #4739
Received segment #4729, rtt=30.9099ms, rto=200ms
Requesting segment #4740
Requesting segment #4741
Received segment #4730, rtt=30.8519ms, rto=200ms
Requesting segment #4742
Received segment #4731, rtt=30.5243ms, rto=200ms
Requesting segment #4743
Received segment #4732, rtt=30.7052ms, rto=200ms
Requesting segment #4744
Received segment #4733, rtt=30.4058ms, rto=200ms
Requesting segment #4745
Received segment #4734, rtt=29.9022ms, rto=200ms
Requesting segment #4746
Received segment #4735, rtt=30.0438ms, rto=200ms
Requesting segment #4747
Received segment #4736, rtt=28.8531ms, rto=200ms
Requesting segment #4748
Received segment #4737, rtt=26.5696ms, rto=200ms
Requesting segment #4749
Received segment #4738, rtt=15.1358ms, rto=200ms
Requesting segment #4750
Received segment #4739, rtt=13.6736ms, rto=200ms
Requesting segment #4751
Received segment #4740, rtt=13.5976ms, rto=200ms
Requesting segment #4752
Received segment #4741, rtt=13.8863ms, rto=200ms
Requesting segment #4753
Requesting segment #4754
Received segment #4742, rtt=13.3598ms, rto=200ms
Requesting segment #4755
Received segment #4743, rtt=13.8905ms, rto=200ms
Requesting segment #4756
Received segment #4744, rtt=15.1521ms, rto=200ms
Requesting segment #4757
Received segment #4745, rtt=15.8662ms, rto=200ms
Requesting segment #4758
Received segment #4746, rtt=16.8832ms, rto=200ms
Requesting segment #4759
Received segment #4747, rtt=17.7843ms, rto=200ms
Requesting segment #4760
Received segment #4748, rtt=22.2357ms, rto=200ms
Requesting segment #4761
Received segment #4749, rtt=26.0687ms, rto=200ms
Requesting segment #4762
Received segment #4750, rtt=28.1553ms, rto=200ms
Requesting segment #4763
Received segment #4751, rtt=29.0421ms, rto=200ms
Requesting segment #4764
Received segment #4752, rtt=28.6645ms, rto=200ms
Requesting segment #4765
Received segment #4753, rtt=29.4448ms, rto=200ms
Requesting segment #4766
Received segment #4754, rtt=30.4637ms, rto=200ms
Requesting segment #4767
Requesting segment #4768
Received segment #4755, rtt=30.9591ms, rto=200ms
Requesting segment #4769
Received segment #4756, rtt=30.8716ms, rto=200ms
Requesting segment #4770
Received segment #4757, rtt=35.4786ms, rto=200ms
Requesting segment #4771
Received segment #4758, rtt=35.4732ms, rto=200ms
Requesting segment #4772
Received segment #4759, rtt=35.1463ms, rto=200ms
Requesting segment #4773
Received segment #4760, rtt=35.4972ms, rto=200ms
Requesting segment #4774
Received segment #4761, rtt=31.4442ms, rto=200ms
Requesting segment #4775
Received segment #4762, rtt=27.6788ms, rto=200ms
Requesting segment #4776
Received segment #4763, rtt=24.6575ms, rto=200ms
Requesting segment #4777
Received segment #4764, rtt=26.4014ms, rto=200ms
Requesting segment #4778
Received segment #4765, rtt=29.4809ms, rto=200ms
Requesting segment #4779
Received segment #4766, rtt=31.2224ms, rto=200ms
Requesting segment #4780
Received segment #4767, rtt=34.7262ms, rto=200ms
Requesting segment #4781
Received segment #4768, rtt=36.3603ms, rto=200ms
Requesting segment #4782
Requesting segment #4783
Received segment #4769, rtt=41.9645ms, rto=200ms
Requesting segment #4784
Received segment #4770, rtt=43.3382ms, rto=200ms
Requesting segment #4785
Received segment #4771, rtt=41.322ms, rto=200ms
Requesting segment #4786
Received segment #4772, rtt=41.2714ms, rto=200ms
Requesting segment #4787
Received segment #4773, rtt=41.7794ms, rto=200ms
Requesting segment #4788
Received segment #4774, rtt=40.9072ms, rto=200ms
Requesting segment #4789
Received segment #4775, rtt=40.8693ms, rto=200ms
Requesting segment #4790
Received segment #4776, rtt=42.887ms, rto=200ms
Requesting segment #4791
Received segment #4777, rtt=46.499ms, rto=200ms
Requesting segment #4792
Received segment #4778, rtt=48.1507ms, rto=200ms
Requesting segment #4793
Received segment #4779, rtt=49.6311ms, rto=200ms
Requesting segment #4794
Received segment #4780, rtt=47.3224ms, rto=200ms
Requesting segment #4795
Received segment #4781, rtt=46.4156ms, rto=200ms
Requesting segment #4796
Received segment #4782, rtt=47.5454ms, rto=200ms
Requesting segment #4797
Received segment #4783, rtt=48.2784ms, rto=200ms
Requesting segment #4798
Requesting segment #4799
Received segment #4784, rtt=40.8769ms, rto=200ms
Requesting segment #4800
Received segment #4785, rtt=48.3748ms, rto=200ms
Requesting segment #4801
Received segment #4786, rtt=50.9616ms, rto=200ms
Requesting segment #4802
Received segment #4787, rtt=50.458ms, rto=200ms
Requesting segment #4803
Received segment #4788, rtt=49.2294ms, rto=200ms
Requesting segment #4804
Received segment #4789, rtt=49.2057ms, rto=200ms
Requesting segment #4805
Received segment #4790, rtt=49.1638ms, rto=200ms
Requesting segment #4806
Received segment #4791, rtt=48.2839ms, rto=200ms
Requesting segment #4807
Received segment #4792, rtt=47.5249ms, rto=200ms
Requesting segment #4808
Received segment #4793, rtt=46.2239ms, rto=200ms
Requesting segment #4809
Received segment #4794, rtt=42.8755ms, rto=200ms
Requesting segment #4810
Received segment #4795, rtt=42.5341ms, rto=200ms
Requesting segment #4811
Received segment #4802, rtt=42.989ms, rto=200ms
Requesting segment #4812
Received segment #4803, rtt=45.7162ms, rto=200ms
Requesting segment #4813
Received segment #4804, rtt=45.9946ms, rto=200ms
Requesting segment #4814
Received segment #4805, rtt=48.2158ms, rto=200ms
Requesting segment #4815
Requesting segment #4816
Received segment #4806, rtt=49.1169ms, rto=200ms
Requesting segment #4817
Received segment #4807, rtt=48.9241ms, rto=200ms
Requesting segment #4818
Received segment #4808, rtt=44.9091ms, rto=200ms
Requesting segment #4819
Received segment #4809, rtt=42.0846ms, rto=200ms
Requesting segment #4820
Received segment #4810, rtt=41.9003ms, rto=200ms
Requesting segment #4821
Received segment #4811, rtt=43.0019ms, rto=200ms
Requesting segment #4822
Received segment #4812, rtt=15.9929ms, rto=200ms
Requesting segment #4823
Received segment #4813, rtt=17.0622ms, rto=200ms
Requesting segment #4824
Received segment #4814, rtt=19.9934ms, rto=200ms
Requesting segment #4825
Received segment #4815, rtt=26.3149ms, rto=200ms
Requesting segment #4826
Received segment #4816, rtt=39.4483ms, rto=200ms
Requesting segment #4827
Received segment #4817, rtt=40.5736ms, rto=200ms
Requesting segment #4828
Received segment #4818, rtt=40.6408ms, rto=200ms
Requesting segment #4829
Received segment #4819, rtt=41.3144ms, rto=200ms
Requesting segment #4830
Received segment #4820, rtt=43.7515ms, rto=200ms
Requesting segment #4831
Received segment #4821, rtt=42.2732ms, rto=200ms
Requesting segment #4832
Received segment #4822, rtt=41.9156ms, rto=200ms
Requesting segment #4833
Requesting segment #4834
Received segment #4823, rtt=42.9977ms, rto=200ms
Requesting segment #4835
Received segment #4824, rtt=40.9524ms, rto=200ms
Requesting segment #4836
Received segment #4825, rtt=39.4918ms, rto=200ms
Requesting segment #4837
Received segment #4826, rtt=31.7259ms, rto=200ms
Requesting segment #4838
Received segment #4827, rtt=20.5296ms, rto=200ms
Requesting segment #4839
Received segment #4828, rtt=19.414ms, rto=200ms
Requesting segment #4840
Received segment #4829, rtt=18.7663ms, rto=200ms
Requesting segment #4841
Received segment #4830, rtt=19.2651ms, rto=200ms
Requesting segment #4842
Received segment #4831, rtt=18.7862ms, rto=200ms
Requesting segment #4843
Received segment #4832, rtt=26.4525ms, rto=200ms
Requesting segment #4844
Received segment #4833, rtt=38.4641ms, rto=200ms
Requesting segment #4845
Received segment #4834, rtt=40.5939ms, rto=200ms
Requesting segment #4846
Received segment #4835, rtt=40.171ms, rto=200ms
Requesting segment #4847
Received segment #4836, rtt=38.2665ms, rto=200ms
Requesting segment #4848
Received segment #4837, rtt=38.2488ms, rto=200ms
Requesting segment #4849
Received segment #4838, rtt=38.1034ms, rto=200ms
Requesting segment #4850
Received segment #4839, rtt=36.3604ms, rto=200ms
Requesting segment #4851
Received segment #4840, rtt=36.9896ms, rto=200ms
Requesting segment #4852
Requesting segment #4853
Received segment #4841, rtt=37.5794ms, rto=200ms
Requesting segment #4854
Received segment #4842, rtt=36.4423ms, rto=200ms
Requesting segment #4855
Received segment #4843, rtt=34.5099ms, rto=200ms
Requesting segment #4856
Received segment #4844, rtt=28.7202ms, rto=200ms
Requesting segment #4857
Received segment #4845, rtt=17.8781ms, rto=200ms
Requesting segment #4858
Received segment #4846, rtt=18.5458ms, rto=200ms
Requesting segment #4859
Received segment #4847, rtt=17.6145ms, rto=200ms
Requesting segment #4860
Received segment #4848, rtt=18.7065ms, rto=200ms
Requesting segment #4861
Received segment #4849, rtt=20.2805ms, rto=200ms
Requesting segment #4862
Packet loss event, new cwnd = 9.73985, ssthresh = 9.73985
Received segment #4850, rtt=38.852ms, rto=200ms
Received segment #4851, rtt=40ms, rto=200ms
Received segment #4852, rtt=39.9594ms, rto=200ms
Received segment #4853, rtt=41.4222ms, rto=200ms
Received segment #4854, rtt=41.9893ms, rto=200ms
Retransmitting segment #4796
Received segment #4855, rtt=43.2044ms, rto=200ms
Retransmitting segment #4800
Received segment #4856, rtt=42.9478ms, rto=200ms
Retransmitting segment #4799
Received segment #4857, rtt=41.9512ms, rto=200ms
Retransmitting segment #4798
Received segment #4858, rtt=40.5307ms, rto=200ms
Retransmitting segment #4797
Received segment #4859, rtt=38.4299ms, rto=200ms
Requesting segment #4863
Received segment #4860, rtt=37.7379ms, rto=200ms
Requesting segment #4864
Retransmitting segment #4801
Received segment #4861, rtt=39.2183ms, rto=200ms
Requesting segment #4865
Received segment #4862, rtt=36.3543ms, rto=200ms
Requesting segment #4866
Requesting segment #4867
Received segment #4796, rtt=12.7926ms, rto=200ms
Requesting segment #4868
Received segment #4799, rtt=13.4643ms, rto=200ms
Requesting segment #4869
Received segment #4798, rtt=14.6724ms, rto=200ms
Requesting segment #4870
Received segment #4797, rtt=14.5211ms, rto=200ms
Requesting segment #4871
Received segment #4863, rtt=14.8204ms, rto=200ms
Requesting segment #4872
Received segment #4864, rtt=16.6676ms, rto=200ms
Requesting segment #4873
Received segment #4801, rtt=16.5267ms, rto=200ms
Requesting segment #4874
Received segment #4865, rtt=20.8914ms, rto=200ms
Requesting segment #4875
Received segment #4866, rtt=29.3766ms, rto=200ms
Requesting segment #4876
Received segment #4867, rtt=30.8405ms, rto=200ms
Received segment #4868, rtt=32.9985ms, rto=200ms
Received segment #4869, rtt=29.4604ms, rto=200ms
Received segment #4870, rtt=27.5107ms, rto=200ms
Received segment #4871, rtt=27.9819ms, rto=200ms
Received segment #4872, rtt=30.0004ms, rto=200ms
Requesting segment #4877
Received segment #4800, rtt=49.8054ms, rto=200ms
Requesting segment #4878
Received segment #4873, rtt=30.8915ms, rto=200ms
Requesting segment #4879
Requesting segment #4880
Received segment #4874, rtt=31.995ms, rto=200ms
Requesting segment #4881
Received segment #4875, rtt=26.3382ms, rto=200ms
Requesting segment #4882
Received segment #4876, rtt=19.2645ms, rto=200ms
Requesting segment #4883
Received segment #4877, rtt=12.0836ms, rto=200ms
Requesting segment #4884
Received segment #4878, rtt=10.6927ms, rto=200ms
Requesting segment #4885
Received segment #4879, rtt=11.4912ms, rto=200ms
Requesting segment #4886
Requesting segment #4887
Received segment #4880, rtt=14.2397ms, rto=200ms
Requesting segment #4888
Received segment #4881, rtt=15.1789ms, rto=200ms
Requesting segment #4889
Received segment #4882, rtt=15.3751ms, rto=200ms
Requesting segment #4890
Received segment #4883, rtt=17.1757ms, rto=200ms
Requesting segment #4891
Received segment #4884, rtt=16.1492ms, rto=200ms
Requesting segment #4892
Received segment #4885, rtt=18.8136ms, rto=200ms
Requesting segment #4893
Received segment #4886, rtt=40.7498ms, rto=200ms
Requesting segment #4894
Received segment #4887, rtt=41.7014ms, rto=200ms
Requesting segment #4895
Requesting segment #4896
Received segment #4888, rtt=41.6587ms, rto=200ms
Requesting segment #4897
Received segment #4889, rtt=42.1307ms, rto=200ms
Requesting segment #4898
Received segment #4890, rtt=41.2838ms, rto=200ms
Requesting segment #4899
Received segment #4891, rtt=38.201ms, rto=200ms
Requesting segment #4900
Received segment #4892, rtt=37.5689ms, rto=200ms
Requesting segment #4901
Received segment #4893, rtt=34.6026ms, rto=200ms
Requesting segment #4902
Received segment #4894, rtt=17.4711ms, rto=200ms
Requesting segment #4903
Received segment #4895, rtt=17.1549ms, rto=200ms
Requesting segment #4904
Received segment #4896, rtt=17.8735ms, rto=200ms
Requesting segment #4905
Requesting segment #4906
Received segment #4897, rtt=42.0349ms, rto=200ms
Requesting segment #4907
Received segment #4898, rtt=42.0938ms, rto=200ms
Requesting segment #4908
Received segment #4899, rtt=42.7175ms, rto=200ms
Requesting segment #4909
Received segment #4900, rtt=46.1213ms, rto=200ms
Received segment #4901, rtt=46.7352ms, rto=200ms
Received segment #4902, rtt=48.9869ms, rto=200ms
Received segment #4903, rtt=43.5888ms, rto=200ms
Received segment #4904, rtt=45.3099ms, rto=200ms
Received segment #4905, rtt=46.1878ms, rto=200ms
Requesting segment #4910
Requesting segment #4911
Received segment #4906, rtt=46.8417ms, rto=200ms
Requesting segment #4912
Received segment #4907, rtt=22.6687ms, rto=200ms
Requesting segment #4913
Received segment #4908, rtt=21.9397ms, rto=200ms
Requesting segment #4914
Received segment #4909, rtt=40.7167ms, rto=200ms
Requesting segment #4915
Received segment #4910, rtt=27.4615ms, rto=200ms
Requesting segment #4916
Received segment #4911, rtt=29.5597ms, rto=200ms
Requesting segment #4917
Requesting segment #4918
Received segment #4912, rtt=31.8446ms, rto=200ms
Requesting segment #4919
Received segment #4913, rtt=29.9027ms, rto=200ms
Requesting segment #4920
Received segment #4914, rtt=29.8597ms, rto=200ms
Requesting segment #4921
Received segment #4915, rtt=15.6976ms, rto=200ms
Requesting segment #4922
Received segment #4916, rtt=16.6292ms, rto=200ms
Requesting segment #4923
Received segment #4917, rtt=17.8635ms, rto=200ms
Requesting segment #4924
Requesting segment #4925
Received segment #4918, rtt=18.6191ms, rto=200ms
Requesting segment #4926
Received segment #4919, rtt=18.8423ms, rto=200ms
Requesting segment #4927
Received segment #4920, rtt=19.7726ms, rto=200ms
Requesting segment #4928
Received segment #4921, rtt=18.5355ms, rto=200ms
Requesting segment #4929
Received segment #4922, rtt=25.8016ms, rto=200ms
Received segment #4923, rtt=24.5358ms, rto=200ms
Received segment #4924, rtt=23.2701ms, rto=200ms
Received segment #4925, rtt=24.3926ms, rto=200ms
Requesting segment #4930
Received segment #4926, rtt=24.426ms, rto=200ms
Requesting segment #4931
Received segment #4927, rtt=23.4798ms, rto=200ms
Requesting segment #4932
Received segment #4928, rtt=24.7195ms, rto=200ms
Requesting segment #4933
Received segment #4929, rtt=26.589ms, rto=200ms
Requesting segment #4934
Received segment #4930, rtt=18.8374ms, rto=200ms
Requesting segment #4935
Requesting segment #4936
Received segment #4931, rtt=18.6832ms, rto=200ms
Requesting segment #4937
Received segment #4932, rtt=18.1265ms, rto=200ms
Requesting segment #4938
Received segment #4933, rtt=16.8824ms, rto=200ms
Requesting segment #4939
Received segment #4934, rtt=14.696ms, rto=200ms
Requesting segment #4940
Received segment #4935, rtt=19.7194ms, rto=200ms
Requesting segment #4941
Received segment #4936, rtt=20.3796ms, rto=200ms
Requesting segment #4942
Requesting segment #4943
Received segment #4937, rtt=21.2551ms, rto=200ms
Requesting segment #4944
Received segment #4938, rtt=21.0383ms, rto=200ms
Requesting segment #4945
Received segment #4939, rtt=21.6013ms, rto=200ms
Requesting segment #4946
Received segment #4940, rtt=21.7665ms, rto=200ms
Requesting segment #4947
Received segment #4941, rtt=21.3073ms, rto=200ms
Requesting segment #4948
Received segment #4942, rtt=22.9051ms, rto=200ms
Requesting segment #4949
Received segment #4943, rtt=23.364ms, rto=200ms
Requesting segment #4950
Requesting segment #4951
Received segment #4944, rtt=23.2897ms, rto=200ms
Requesting segment #4952
Received segment #4945, rtt=23.3097ms, rto=200ms
Requesting segment #4953
Received segment #4946, rtt=23.7049ms, rto=200ms
Requesting segment #4954
Received segment #4947, rtt=23.7036ms, rto=200ms
Requesting segment #4955
Received segment #4948, rtt=19.6794ms, rto=200ms
Requesting segment #4956
Received segment #4949, rtt=19.4838ms, rto=200ms
Requesting segment #4957
Received segment #4950, rtt=19.6298ms, rto=200ms
Requesting segment #4958
Received segment #4951, rtt=20.0371ms, rto=200ms
Requesting segment #4959
Requesting segment #4960
Received segment #4952, rtt=20.0635ms, rto=200ms
Requesting segment #4961
Received segment #4953, rtt=19.5498ms, rto=200ms
Requesting segment #4962
Received segment #4954, rtt=19.5585ms, rto=200ms
Requesting segment #4963
Received segment #4955, rtt=20.0055ms, rto=200ms
Requesting segment #4964
Received segment #4956, rtt=16.6202ms, rto=200ms
Received segment #4957, rtt=15.7974ms, rto=200ms
Received segment #4958, rtt=15.8812ms, rto=200ms
Received segment #4959, rtt=16.1925ms, rto=200ms
Received segment #4960, rtt=16.872ms, rto=200ms
Requesting segment #4965
Received segment #4961, rtt=16.3064ms, rto=200ms
Requesting segment #4966
Received segment #4962, rtt=16.8286ms, rto=200ms
Requesting segment #4967
Requesting segment #4968
Received segment #4963, rtt=15.1586ms, rto=200ms
Requesting segment #4969
Received segment #4964, rtt=14.3088ms, rto=200ms
Requesting segment #4970
Received segment #4965, rtt=6.04738ms, rto=200ms
Requesting segment #4971
Received segment #4966, rtt=5.40786ms, rto=200ms
Requesting segment #4972
Received segment #4967, rtt=4.0689ms, rto=200ms
Requesting segment #4973
Received segment #4968, rtt=4.47445ms, rto=200ms
Requesting segment #4974
Requesting segment #4975
Received segment #4969, rtt=4.45908ms, rto=200ms
Requesting segment #4976
Received segment #4970, rtt=5.64267ms, rto=200ms
Requesting segment #4977
Received segment #4971, rtt=6.52093ms, rto=200ms
Requesting segment #4978
Received segment #4972, rtt=6.71257ms, rto=200ms
Requesting segment #4979
Received segment #4973, rtt=6.7401ms, rto=200ms
Requesting segment #4980
Received segment #4974, rtt=6.63475ms, rto=200ms
Requesting segment #4981
Received segment #4975, rtt=6.99408ms, rto=200ms
Requesting segment #4982
Requesting segment #4983
Received segment #4976, rtt=6.76847ms, rto=200ms
Requesting segment #4984
Received segment #4977, rtt=5.92189ms, rto=200ms
Requesting segment #4985
Received segment #4978, rtt=9.58827ms, rto=200ms
Requesting segment #4986
Received segment #4979, rtt=11.4392ms, rto=200ms
Requesting segment #4987
Received segment #4980, rtt=11.604ms, rto=200ms
Requesting segment #4988
Received segment #4981, rtt=16.2034ms, rto=200ms
Requesting segment #4989
Received segment #4982, rtt=17.4458ms, rto=200ms
Requesting segment #4990
Received segment #4983, rtt=19.4543ms, rto=200ms
Requesting segment #4991
Requesting segment #4992
Received segment #4984, rtt=34.3786ms, rto=200ms
Requesting segment #4993
Received segment #4985, rtt=35.1562ms, rto=200ms
Requesting segment #4994
Received segment #4986, rtt=28.8046ms, rto=200ms
Requesting segment #4995
Received segment #4987, rtt=27.3613ms, rto=200ms
Requesting segment #4996
Received segment #4988, rtt=27.5891ms, rto=200ms
Requesting segment #4997
Received segment #4989, rtt=23.4254ms, rto=200ms
Requesting segment #4998
Received segment #4990, rtt=22.444ms, rto=200ms
Requesting segment #4999
Received segment #4991, rtt=21.0835ms, rto=200ms
Requesting segment #5000
Received segment #4992, rtt=24.7359ms, rto=200ms
Requesting segment #5001
Requesting segment #5002
Received segment #4993, rtt=10.0938ms, rto=200ms
Requesting segment #5003
Received segment #4994, rtt=9.73198ms, rto=200ms
Requesting segment #5004
Received segment #4995, rtt=9.17755ms, rto=200ms
Requesting segment #5005
Received segment #4996, rtt=8.92398ms, rto=200ms
Requesting segment #5006
Received segment #4997, rtt=9.24885ms, rto=200ms
Requesting segment #5007
Received segment #4998, rtt=12.3019ms, rto=200ms
Requesting segment #5008
Received segment #4999, rtt=30.5048ms, rto=200ms
Requesting segment #5009
Received segment #5000, rtt=34.955ms, rto=200ms
Requesting segment #5010
Received segment #5001, rtt=32.3989ms, rto=200ms
Requesting segment #5011
Received segment #5002, rtt=43.7611ms, rto=200ms
Requesting segment #5012
Requesting segment #5013
Received segment #5003, rtt=43.5268ms, rto=200ms
Requesting segment #5014
Received segment #5004, rtt=44.7926ms, rto=200ms
Requesting segment #5015
Received segment #5005, rtt=47.002ms, rto=200ms
Requesting segment #5016
Received segment #5006, rtt=48.8274ms, rto=200ms
Requesting segment #5017
Received segment #5007, rtt=49.5487ms, rto=200ms
Requesting segment #5018
Received segment #5008, rtt=47.0474ms, rto=200ms
Requesting segment #5019
Received segment #5009, rtt=28.7826ms, rto=200ms
Requesting segment #5020
Received segment #5010, rtt=25.0476ms, rto=200ms
Requesting segment #5021
Received segment #5011, rtt=24.6311ms, rto=200ms
Requesting segment #5022
Received segment #5012, rtt=14.0299ms, rto=200ms
Requesting segment #5023
Received segment #5013, rtt=15.2695ms, rto=200ms
Requesting segment #5024
Requesting segment #5025
Received segment #5014, rtt=15.944ms, rto=200ms
Requesting segment #5026
Received segment #5015, rtt=14.9261ms, rto=200ms
Requesting segment #5027
Received segment #5016, rtt=13.943ms, rto=200ms
Requesting segment #5028
Received segment #5017, rtt=14.5849ms, rto=200ms
Requesting segment #5029
Received segment #5018, rtt=24.0473ms, rto=200ms
Requesting segment #5030
Received segment #5019, rtt=23.4142ms, rto=200ms
Requesting segment #5031
Received segment #5020, rtt=27.2679ms, rto=200ms
Requesting segment #5032
Received segment #5021, rtt=34.3933ms, rto=200ms
Requesting segment #5033
Received segment #5022, rtt=35.7497ms, rto=200ms
Requesting segment #5034
Received segment #5023, rtt=38.1418ms, rto=200ms
Requesting segment #5035
Received segment #5024, rtt=38.5477ms, rto=200ms
Requesting segment #5036
Received segment #5025, rtt=41.3202ms, rto=200ms
Requesting segment #5037
Requesting segment #5038
Received segment #5026, rtt=40.3397ms, rto=200ms
Requesting segment #5039
Received segment #5027, rtt=41.6663ms, rto=200ms
Requesting segment #5040
Received segment #5028, rtt=42.3516ms, rto=200ms
Requesting segment #5041
Received segment #5029, rtt=41.5671ms, rto=200ms
Requesting segment #5042
Received segment #5030, rtt=31.0609ms, rto=200ms
Requesting segment #5043
Received segment #5031, rtt=31.159ms, rto=200ms
Requesting segment #5044
Received segment #5032, rtt=28.1626ms, rto=200ms
Requesting segment #5045
Received segment #5033, rtt=22.1866ms, rto=200ms
Requesting segment #5046
Received segment #5034, rtt=20.8144ms, rto=200ms
Requesting segment #5047
Received segment #5035, rtt=21.1788ms, rto=200ms
Requesting segment #5048
Received segment #5036, rtt=21.5079ms, rto=200ms
Requesting segment #5049
Received segment #5037, rtt=20.5225ms, rto=200ms
Requesting segment #5050
Received segment #5038, rtt=22.3302ms, rto=200ms
Requesting segment #5051
Requesting segment #5052
Received segment #5039, rtt=23.8558ms, rto=200ms
Requesting segment #5053
Received segment #5040, rtt=22.6045ms, rto=200ms
Requesting segment #5054
Received segment #5041, rtt=25.2343ms, rto=200ms
Requesting segment #5055
Received segment #5042, rtt=30.7057ms, rto=200ms
Requesting segment #5056
Received segment #5043, rtt=42.9401ms, rto=200ms
Requesting segment #5057
Received segment #5044, rtt=43.1201ms, rto=200ms
Requesting segment #5058
Received segment #5045, rtt=42.4358ms, rto=200ms
Requesting segment #5059
Received segment #5046, rtt=41.219ms, rto=200ms
Requesting segment #5060
Received segment #5047, rtt=42.4533ms, rto=200ms
Requesting segment #5061
Received segment #5048, rtt=40.1516ms, rto=200ms
Requesting segment #5062
Received segment #5049, rtt=40.2813ms, rto=200ms
Requesting segment #5063
Received segment #5050, rtt=39.3657ms, rto=200ms
Requesting segment #5064
Received segment #5051, rtt=40.4175ms, rto=200ms
Requesting segment #5065
Received segment #5052, rtt=41.5796ms, rto=200ms
Requesting segment #5066
Requesting segment #5067
Received segment #5053, rtt=40.751ms, rto=200ms
Requesting segment #5068
Received segment #5054, rtt=40.8967ms, rto=200ms
Requesting segment #5069
Received segment #5055, rtt=37.709ms, rto=200ms
Requesting segment #5070
Received segment #5056, rtt=31.2239ms, rto=200ms
Requesting segment #5071
Received segment #5057, rtt=19.8763ms, rto=200ms
Requesting segment #5072
Received segment #5058, rtt=20.6012ms, rto=200ms
Requesting segment #5073
Received segment #5059, rtt=21.6076ms, rto=200ms
Requesting segment #5074
Received segment #5060, rtt=22.8788ms, rto=200ms
Requesting segment #5075
Received segment #5061, rtt=22.3544ms, rto=200ms
Received segment #5062, rtt=21.8055ms, rto=200ms
Received segment #5063, rtt=29.3531ms, rto=200ms
Received segment #5064, rtt=37.6656ms, rto=200ms
Received segment #5065, rtt=43.2737ms, rto=200ms
Received segment #5066, rtt=44.8592ms, rto=200ms
Received segment #5067, rtt=48.4396ms, rto=200ms
Received segment #5068, rtt=48.724ms, rto=200ms
Requesting segment #5076
Received segment #5069, rtt=48.5602ms, rto=200ms
Requesting segment #5077
Received segment #5070, rtt=48.4762ms, rto=200ms
Requesting segment #5078
Received segment #5071, rtt=48.6249ms, rto=200ms
Requesting segment #5079
Requesting segment #5080
Received segment #5072, rtt=48.6154ms, rto=200ms
Requesting segment #5081
Received segment #5073, rtt=48.2725ms, rto=200ms
Requesting segment #5082
Received segment #5074, rtt=47.9838ms, rto=200ms
Requesting segment #5083
Received segment #5075, rtt=46.8927ms, rto=200ms
Requesting segment #5084
Received segment #5076, rtt=10.9534ms, rto=200ms
Requesting segment #5085
Received segment #5077, rtt=10.9469ms, rto=200ms
Requesting segment #5086
Received segment #5078, rtt=11.0081ms, rto=200ms
Requesting segment #5087
Received segment #5079, rtt=11.1106ms, rto=200ms
Requesting segment #5088
Received segment #5080, rtt=12.4457ms, rto=200ms
Requesting segment #5089
Requesting segment #5090
Received segment #5081, rtt=12.4107ms, rto=200ms
Requesting segment #5091
Received segment #5082, rtt=12.423ms, rto=200ms
Requesting segment #5092
Received segment #5083, rtt=66.7354ms, rto=200ms
Requesting segment #5093
Received segment #5084, rtt=69.1975ms, rto=200ms
Requesting segment #5094
Received segment #5085, rtt=68.5541ms, rto=200ms
Requesting segment #5095
Received segment #5086, rtt=68.4847ms, rto=200ms
Requesting segment #5096
Received segment #5087, rtt=68.4658ms, rto=200ms
Requesting segment #5097
Received segment #5088, rtt=69.0084ms, rto=200ms
Requesting segment #5098
Received segment #5089, rtt=69.9952ms, rto=200ms
Requesting segment #5099
Received segment #5090, rtt=71.407ms, rto=200ms
Requesting segment #5100
Requesting segment #5101
Received segment #5091, rtt=71.4436ms, rto=200ms
Requesting segment #5102
Received segment #5092, rtt=71.5847ms, rto=200ms
Requesting segment #5103
Received segment #5093, rtt=17.7494ms, rto=200ms
Requesting segment #5104
Received segment #5094, rtt=16.0559ms, rto=200ms
Requesting segment #5105
Received segment #5095, rtt=16.7901ms, rto=200ms
Requesting segment #5106
Received segment #5096, rtt=56.8982ms, rto=200ms
Requesting segment #5107
Received segment #5097, rtt=56.9928ms, rto=200ms
Requesting segment #5108
Received segment #5098, rtt=57.1287ms, rto=203.362ms
Requesting segment #5109
Received segment #5099, rtt=54.9556ms, rto=209.866ms
Requesting segment #5110
Received segment #5100, rtt=54.8931ms, rto=216.315ms
Requesting segment #5111
Received segment #5101, rtt=56.2017ms, rto=216.315ms
Requesting segment #5112
Requesting segment #5113
Received segment #5102, rtt=56.0847ms, rto=222.123ms
Requesting segment #5114
Received segment #5103, rtt=56.1004ms, rto=227.374ms
Requesting segment #5115
Received segment #5104, rtt=56.4987ms, rto=225.653ms
Requesting segment #5116
Received segment #5105, rtt=54.9856ms, rto=224.434ms
Requesting segment #5117
Received segment #5106, rtt=55.7424ms, rto=222.769ms
Requesting segment #5118
Received segment #5107, rtt=15.0259ms, rto=222.017ms
Requesting segment #5119
Received segment #5108, rtt=14.719ms, rto=221.153ms
Requesting segment #5120
Received segment #5109, rtt=14.0073ms, rto=220.206ms
Requesting segment #5121
Received segment #5110, rtt=51.4033ms, rto=218.202ms
Requesting segment #5122
Received segment #5111, rtt=52.6835ms, rto=216.114ms
Requesting segment #5123
Received segment #5112, rtt=55.7226ms, rto=214.536ms
Requesting segment #5124
Received segment #5113, rtt=56.4352ms, rto=214.536ms
Requesting segment #5125
Requesting segment #5126
Received segment #5114, rtt=56.1238ms, rto=213.111ms
Requesting segment #5127
Received segment #5115, rtt=56.0716ms, rto=211.643ms
Requesting segment #5128
Received segment #5116, rtt=54.779ms, rto=210.271ms
Requesting segment #5129
Received segment #5117, rtt=55.0918ms, rto=208.315ms
Requesting segment #5130
Received segment #5118, rtt=54.6829ms, rto=206.614ms
Requesting segment #5131
Received segment #5119, rtt=55.2247ms, rto=207.884ms
Requesting segment #5132
Received segment #5120, rtt=55.4559ms, rto=209.005ms
Requesting segment #5133
Received segment #5121, rtt=55.4364ms, rto=210.11ms
Requesting segment #5134
Received segment #5122, rtt=19.1757ms, rto=207.209ms
Requesting segment #5135
Received segment #5123, rtt=17.8206ms, rto=204.805ms
Requesting segment #5136
Received segment #5124, rtt=14.9672ms, rto=203.493ms
Requesting segment #5137
Received segment #5125, rtt=33.2327ms, rto=202.387ms
Requesting segment #5138
Received segment #5126, rtt=34.6805ms, rto=202.387ms
Requesting segment #5139
Requesting segment #5140
Received segment #5127, rtt=34.8762ms, rto=201.111ms
Requesting segment #5141
Received segment #5128, rtt=35.5461ms, rto=200ms
Requesting segment #5142
Received segment #5129, rtt=35.9858ms, rto=200ms
Requesting segment #5143
Received segment #5130, rtt=36.459ms, rto=200ms
Requesting segment #5144
Received segment #5131, rtt=36.0244ms, rto=200ms
Requesting segment #5145
Received segment #5132, rtt=35.4138ms, rto=200ms
Requesting segment #5146
Received segment #5133, rtt=34.9135ms, rto=200ms
Requesting segment #5147
Received segment #5134, rtt=34.5568ms, rto=200ms
Requesting segment #5148
Received segment #5135, rtt=34.6686ms, rto=200ms
Requesting segment #5149
Received segment #5136, rtt=36.6817ms, rto=200ms
Requesting segment #5150
Received segment #5137, rtt=35.347ms, rto=200ms
Requesting segment #5151
Received segment #5138, rtt=17.6805ms, rto=200ms
Requesting segment #5152
Received segment #5139, rtt=18.0174ms, rto=200ms
Requesting segment #5153
Received segment #5140, rtt=19.1894ms, rto=200ms
Requesting segment #5154
Requesting segment #5155
Received segment #5141, rtt=41.6268ms, rto=200ms
Requesting segment #5156
Received segment #5142, rtt=40.8997ms, rto=200ms
Requesting segment #5157
Received segment #5143, rtt=40.7065ms, rto=200ms
Requesting segment #5158
Received segment #5144, rtt=41.9554ms, rto=200ms
Requesting segment #5159
Received segment #5145, rtt=42.0558ms, rto=200ms
Requesting segment #5160
Received segment #5146, rtt=43.5092ms, rto=200ms
Requesting segment #5161
Received segment #5147, rtt=43.9448ms, rto=200ms
Requesting segment #5162
Received segment #5148, rtt=46.051ms, rto=200ms
Requesting segment #5163
Received segment #5149, rtt=47.4228ms, rto=200ms
Requesting segment #5164
Received segment #5150, rtt=45.2094ms, rto=200ms
Requesting segment #5165
Received segment #5151, rtt=46.4269ms, rto=200ms
Requesting segment #5166
Received segment #5152, rtt=45.8405ms, rto=200ms
Requesting segment #5167
Received segment #5153, rtt=44.7025ms, rto=200ms
Requesting segment #5168
Received segment #5154, rtt=44.1905ms, rto=200ms
Requesting segment #5169
Received segment #5155, rtt=44.9049ms, rto=200ms
Requesting segment #5170
Requesting segment #5171
Received segment #5156, rtt=22.4011ms, rto=200ms
Requesting segment #5172
Received segment #5157, rtt=21.365ms, rto=200ms
Requesting segment #5173
Received segment #5158, rtt=36.794ms, rto=200ms
Requesting segment #5174
Received segment #5159, rtt=34.6831ms, rto=200ms
Requesting segment #5175
Received segment #5160, rtt=34.176ms, rto=200ms
Requesting segment #5176
Received segment #5161, rtt=32.7021ms, rto=200ms
Requesting segment #5177
Received segment #5162, rtt=33.0248ms, rto=200ms
Requesting segment #5178
Received segment #5163, rtt=30.9227ms, rto=200ms
Requesting segment #5179
Received segment #5164, rtt=30.2274ms, rto=200ms
Requesting segment #5180
Received segment #5165, rtt=31.2598ms, rto=200ms
Requesting segment #5181
Received segment #5166, rtt=31.2423ms, rto=200ms
Requesting segment #5182
Received segment #5167, rtt=31.8785ms, rto=200ms
Requesting segment #5183
Received segment #5168, rtt=36.475ms, rto=200ms
Requesting segment #5184
Received segment #5169, rtt=37.4884ms, rto=200ms
Requesting segment #5185
Received segment #5170, rtt=38.0104ms, rto=200ms
Requesting segment #5186
Requesting segment #5187
Received segment #5171, rtt=38.5836ms, rto=200ms
Requesting segment #5188
Received segment #5172, rtt=38.1819ms, rto=200ms
Requesting segment #5189
Received segment #5173, rtt=39.2009ms, rto=200ms
Requesting segment #5190
Received segment #5174, rtt=22.9089ms, rto=200ms
Requesting segment #5191
Received segment #5175, rtt=24.0125ms, rto=200ms
Requesting segment #5192
Received segment #5176, rtt=43.819ms, rto=200ms
Requesting segment #5193
Received segment #5177, rtt=43.8029ms, rto=200ms
Requesting segment #5194
Received segment #5178, rtt=43.604ms, rto=200ms
Requesting segment #5195
Received segment #5179, rtt=43.9172ms, rto=200ms
Requesting segment #5196
Received segment #5180, rtt=43.1854ms, rto=200ms
Requesting segment #5197
Received segment #5181, rtt=42.4824ms, rto=200ms
Requesting segment #5198
Received segment #5182, rtt=43.0776ms, rto=200ms
Requesting segment #5199
Received segment #5183, rtt=42.8957ms, rto=200ms
Requesting segment #5200
Received segment #5184, rtt=38.9963ms, rto=200ms
Requesting segment #5201
Received segment #5185, rtt=38.9088ms, rto=200ms
Requesting segment #5202
Received segment #5186, rtt=39.7043ms, rto=200ms
Requesting segment #5203
Received segment #5187, rtt=41.591ms, rto=200ms
Received segment #5188, rtt=42.2407ms, rto=200ms
Received segment #5189, rtt=42.9095ms, rto=200ms
Received segment #5190, rtt=42.8868ms, rto=200ms
Received segment #5191, rtt=43.8022ms, rto=200ms
Received segment #5192, rtt=43.4033ms, rto=200ms
Received segment #5193, rtt=24.2533ms, rto=200ms
Received segment #5194, rtt=25.2552ms, rto=200ms
Received segment #5195, rtt=44.5056ms, rto=200ms
Requesting segment #5204
Received segment #5196, rtt=44.7896ms, rto=200ms
Requesting segment #5205
Received segment #5197, rtt=45.0215ms, rto=200ms
Requesting segment #5206
Requesting segment #5207
Received segment #5198, rtt=44.7383ms, rto=200ms
Requesting segment #5208
Received segment #5199, rtt=43.5047ms, rto=200ms
Requesting segment #5209
Received segment #5200, rtt=44.4147ms, rto=200ms
Requesting segment #5210
Received segment #5201, rtt=44.7687ms, rto=200ms
Requesting segment #5211
Received segment #5202, rtt=44.3515ms, rto=200ms
Requesting segment #5212
Received segment #5203, rtt=43.1605ms, rto=200ms
Requesting segment #5213
Received segment #5204, rtt=13.2832ms, rto=200ms
Requesting segment #5214
Received segment #5205, rtt=13.1177ms, rto=200ms
Requesting segment #5215
Received segment #5206, rtt=41.1141ms, rto=200ms
Requesting segment #5216
Received segment #5207, rtt=42.6232ms, rto=200ms
Requesting segment #5217
Requesting segment #5218
Received segment #5208, rtt=44.2668ms, rto=200ms
Requesting segment #5219
Received segment #5209, rtt=47.1456ms, rto=200ms
Requesting segment #5220
Received segment #5210, rtt=46.181ms, rto=200ms
Requesting segment #5221
Received segment #5211, rtt=45.7893ms, rto=200ms
Requesting segment #5222
Received segment #5212, rtt=46.0883ms, rto=200ms
Requesting segment #5223
Received segment #5213, rtt=46.5625ms, rto=200ms
Requesting segment #5224
Received segment #5214, rtt=45.5731ms, rto=200ms
Requesting segment #5225
Received segment #5215, rtt=46.9106ms, rto=200ms
Requesting segment #5226
Received segment #5216, rtt=17.9465ms, rto=200ms
Requesting segment #5227
Received segment #5217, rtt=33.0069ms, rto=200ms
Requesting segment #5228
Requesting segment #5229
Received segment #5218, rtt=34.9458ms, rto=200ms
Requesting segment #5230
Received segment #5219, rtt=33.2743ms, rto=200ms
Requesting segment #5231
Received segment #5220, rtt=31.0318ms, rto=200ms
Requesting segment #5232
Received segment #5221, rtt=31.5672ms, rto=200ms
Requesting segment #5233
Received segment #5222, rtt=30.8457ms, rto=200ms
Requesting segment #5234
Received segment #5223, rtt=30.7479ms, rto=200ms
Requesting segment #5235
Received segment #5224, rtt=30.9029ms, rto=200ms
Requesting segment #5236
Received segment #5225, rtt=30.8612ms, rto=200ms
Requesting segment #5237
Received segment #5226, rtt=29.3799ms, rto=200ms
Requesting segment #5238
Received segment #5227, rtt=30.1625ms, rto=200ms
Requesting segment #5239
Received segment #5228, rtt=16.2738ms, rto=200ms
Requesting segment #5240
Received segment #5229, rtt=38.3256ms, rto=200ms
Requesting segment #5241
Requesting segment #5242
Received segment #5230, rtt=38.618ms, rto=200ms
Requesting segment #5243
Received segment #5231, rtt=37.8937ms, rto=200ms
Requesting segment #5244
Received segment #5232, rtt=37.32ms, rto=200ms
Requesting segment #5245
Received segment #5233, rtt=36.3655ms, rto=200ms
Requesting segment #5246
Received segment #5234, rtt=36.3717ms, rto=200ms
Requesting segment #5247
Received segment #5235, rtt=35.7894ms, rto=200ms
Requesting segment #5248
Received segment #5236, rtt=36.1547ms, rto=200ms
Requesting segment #5249
Received segment #5237, rtt=35.3355ms, rto=200ms
Requesting segment #5250
Received segment #5238, rtt=35.3425ms, rto=200ms
Requesting segment #5251
Received segment #5239, rtt=37.4257ms, rto=200ms
Requesting segment #5252
Received segment #5240, rtt=37.5253ms, rto=200ms
Requesting segment #5253
Received segment #5241, rtt=18.2111ms, rto=200ms
Requesting segment #5254
Received segment #5242, rtt=31.9181ms, rto=200ms
Requesting segment #5255
Requesting segment #5256
Received segment #5243, rtt=34.7793ms, rto=200ms
Requesting segment #5257
Received segment #5244, rtt=35.9857ms, rto=200ms
Requesting segment #5258
Received segment #5245, rtt=35.8705ms, rto=200ms
Requesting segment #5259
Received segment #5246, rtt=35.8332ms, rto=200ms
Requesting segment #5260
Received segment #5247, rtt=35.9544ms, rto=200ms
Requesting segment #5261
Received segment #5248, rtt=36.517ms, rto=200ms
Requesting segment #5262
Received segment #5249, rtt=35.5537ms, rto=200ms
Requesting segment #5263
Received segment #5250, rtt=35.7694ms, rto=200ms
Requesting segment #5264
Received segment #5251, rtt=35.1003ms, rto=200ms
Requesting segment #5265
Received segment #5252, rtt=32.3501ms, rto=200ms
Requesting segment #5266
Received segment #5253, rtt=30.2829ms, rto=200ms
Requesting segment #5267
Received segment #5254, rtt=29.5808ms, rto=200ms
Requesting segment #5268
Received segment #5255, rtt=18.9607ms, rto=200ms
Received segment #5256, rtt=35.98ms, rto=200ms
Received segment #5257, rtt=37.7541ms, rto=200ms
Received segment #5258, rtt=38.5178ms, rto=200ms
Received segment #5259, rtt=39.2519ms, rto=200ms
Received segment #5260, rtt=40.6534ms, rto=200ms
Received segment #5261, rtt=40.4237ms, rto=200ms
Requesting segment #5269
Received segment #5262, rtt=42.166ms, rto=200ms
Requesting segment #5270
Received segment #5263, rtt=43.4898ms, rto=200ms
Requesting segment #5271
Received segment #5264, rtt=43.1657ms, rto=200ms
Requesting segment #5272
Received segment #5265, rtt=43.188ms, rto=200ms
Requesting segment #5273
Received segment #5266, rtt=43.899ms, rto=200ms
Requesting segment #5274
Received segment #5267, rtt=43.6036ms, rto=200ms
Requesting segment #5275
Requesting segment #5276
Received segment #5268, rtt=42.2019ms, rto=200ms
Requesting segment #5277
Received segment #5269, rtt=10.4723ms, rto=200ms
Requesting segment #5278
Received segment #5270, rtt=34.5613ms, rto=200ms
Requesting segment #5279
Received segment #5271, rtt=35.6232ms, rto=200ms
Requesting segment #5280
Received segment #5272, rtt=36.0218ms, rto=200ms
Requesting segment #5281
Received segment #5273, rtt=35.894ms, rto=200ms
Requesting segment #5282
Received segment #5274, rtt=35.9289ms, rto=200ms
Requesting segment #5283
Received segment #5275, rtt=36.6089ms, rto=200ms
Requesting segment #5284
Received segment #5276, rtt=37.7138ms, rto=200ms
Requesting segment #5285
Requesting segment #5286
Received segment #5277, rtt=38.208ms, rto=200ms
Requesting segment #5287
Received segment #5278, rtt=37.0956ms, rto=200ms
Requesting segment #5288
Received segment #5279, rtt=28.5366ms, rto=200ms
Requesting segment #5289
Received segment #5280, rtt=27.7665ms, rto=200ms
Requesting segment #5290
Received segment #5281, rtt=29.5859ms, rto=200ms
Requesting segment #5291
Received segment #5282, rtt=30.1366ms, rto=200ms
Requesting segment #5292
Received segment #5283, rtt=34.1201ms, rto=200ms
Requesting segment #5293
Received segment #5284, rtt=34.292ms, rto=200ms
Requesting segment #5294
Received segment #5285, rtt=35.1724ms, rto=200ms
Requesting segment #5295
Received segment #5286, rtt=36.6678ms, rto=200ms
Requesting segment #5296
Requesting segment #5297
Received segment #5287, rtt=36.8531ms, rto=200ms
Requesting segment #5298
Received segment #5288, rtt=38.9509ms, rto=200ms
Requesting segment #5299
Received segment #5289, rtt=40.6957ms, rto=200ms
Requesting segment #5300
Received segment #5290, rtt=40.2385ms, rto=200ms
Requesting segment #5301
Received segment #5291, rtt=38.7671ms, rto=200ms
Requesting segment #5302
Received segment #5292, rtt=38.394ms, rto=200ms
Requesting segment #5303
Received segment #5293, rtt=35.5774ms, rto=200ms
Requesting segment #5304
Received segment #5294, rtt=37.3414ms, rto=200ms
Requesting segment #5305
Received segment #5295, rtt=36.1727ms, rto=200ms
Requesting segment #5306
Received segment #5296, rtt=37.833ms, rto=200ms
Requesting segment #5307
Received segment #5297, rtt=39.569ms, rto=200ms
Requesting segment #5308
Requesting segment #5309
Received segment #5298, rtt=39.9169ms, rto=200ms
Requesting segment #5310
Received segment #5299, rtt=42.1388ms, rto=200ms
Requesting segment #5311
Received segment #5300, rtt=40.5645ms, rto=200ms
Requesting segment #5312
Received segment #5301, rtt=40.5303ms, rto=200ms
Requesting segment #5313
Received segment #5302, rtt=40.6825ms, rto=200ms
Requesting segment #5314
Received segment #5303, rtt=41.4551ms, rto=200ms
Requesting segment #5315
Received segment #5304, rtt=39.8924ms, rto=200ms
Requesting segment #5316
Received segment #5305, rtt=38.3005ms, rto=200ms
Requesting segment #5317
Received segment #5306, rtt=38.7426ms, rto=200ms
Requesting segment #5318
Received segment #5307, rtt=37.0584ms, rto=200ms
Requesting segment #5319
Received segment #5308, rtt=36.6952ms, rto=200ms
Requesting segment #5320
Received segment #5309, rtt=38.1559ms, rto=200ms
Requesting segment #5321
Requesting segment #5322
Received segment #5310, rtt=37.8276ms, rto=200ms
Requesting segment #5323
Received segment #5311, rtt=34.5198ms, rto=200ms
Requesting segment #5324
Received segment #5312, rtt=28.4715ms, rto=200ms
Requesting segment #5325
Received segment #5313, rtt=30.1477ms, rto=200ms
Requesting segment #5326
Received segment #5314, rtt=30.2109ms, rto=200ms
Requesting segment #5327
Received segment #5315, rtt=30.7335ms, rto=200ms
Requesting segment #5328
Received segment #5316, rtt=31.8904ms, rto=200ms
Requesting segment #5329
Received segment #5317, rtt=33.5245ms, rto=200ms
Requesting segment #5330
Received segment #5318, rtt=33.8128ms, rto=200ms
Requesting segment #5331
Received segment #5319, rtt=33.6182ms, rto=200ms
Requesting segment #5332
Received segment #5320, rtt=33.9546ms, rto=200ms
Requesting segment #5333
Received segment #5321, rtt=33.5693ms, rto=200ms
Requesting segment #5334
Received segment #5322, rtt=35.0397ms, rto=200ms
Requesting segment #5335
Requesting segment #5336
Received segment #5323, rtt=35.0672ms, rto=200ms
Requesting segment #5337
Received segment #5324, rtt=34.8395ms, rto=200ms
Requesting segment #5338
Received segment #5325, rtt=40.3481ms, rto=200ms
Requesting segment #5339
Received segment #5326, rtt=37.082ms, rto=200ms
Requesting segment #5340
Received segment #5327, rtt=36.9681ms, rto=200ms
Requesting segment #5341
Received segment #5328, rtt=37.4238ms, rto=200ms
Requesting segment #5342
Received segment #5329, rtt=37.6386ms, rto=200ms
Requesting segment #5343
Received segment #5330, rtt=40.3573ms, rto=200ms
Requesting segment #5344
Received segment #5331, rtt=40.6988ms, rto=200ms
Requesting segment #5345
Received segment #5332, rtt=40.7847ms, rto=200ms
Requesting segment #5346
Received segment #5333, rtt=40.6337ms, rto=200ms
Requesting segment #5347
Received segment #5334, rtt=40.1825ms, rto=200ms
Requesting segment #5348
Received segment #5335, rtt=40.3789ms, rto=200ms
Requesting segment #5349
Received segment #5336, rtt=40.6785ms, rto=200ms
Requesting segment #5350
Requesting segment #5351
Received segment #5337, rtt=41.0066ms, rto=200ms
Requesting segment #5352
Received segment #5338, rtt=42.1555ms, rto=200ms
Requesting segment #5353
Received segment #5339, rtt=45.0919ms, rto=200ms
Requesting segment #5354
Received segment #5340, rtt=46.0299ms, rto=200ms
Requesting segment #5355
Received segment #5341, rtt=45.4493ms, rto=200ms
Requesting segment #5356
Received segment #5342, rtt=43.8324ms, rto=200ms
Requesting segment #5357
Received segment #5343, rtt=41.8655ms, rto=200ms
Requesting segment #5358
Received segment #5344, rtt=38.3099ms, rto=200ms
Requesting segment #5359
Received segment #5345, rtt=39.7308ms, rto=200ms
Requesting segment #5360
Received segment #5346, rtt=39.2002ms, rto=200ms
Requesting segment #5361
Received segment #5347, rtt=38.8796ms, rto=200ms
Requesting segment #5362
Received segment #5348, rtt=43.9343ms, rto=200ms
Requesting segment #5363
Received segment #5349, rtt=43.6159ms, rto=200ms
Requesting segment #5364
Received segment #5350, rtt=45.0466ms, rto=200ms
Requesting segment #5365
Received segment #5351, rtt=46.9056ms, rto=200ms
Requesting segment #5366
Requesting segment #5367
Received segment #5352, rtt=46.0457ms, rto=200ms
Requesting segment #5368
Received segment #5353, rtt=46.6618ms, rto=200ms
Requesting segment #5369
Received segment #5354, rtt=43.8832ms, rto=200ms
Requesting segment #5370
Received segment #5355, rtt=43.5854ms, rto=200ms
Requesting segment #5371
Received segment #5356, rtt=43.3872ms, rto=200ms
Requesting segment #5372
Received segment #5357, rtt=43.3977ms, rto=200ms
Requesting segment #5373
Received segment #5358, rtt=46.5994ms, rto=200ms
Requesting segment #5374
Received segment #5359, rtt=45.7265ms, rto=200ms
Requesting segment #5375
Received segment #5360, rtt=43.7779ms, rto=200ms
Requesting segment #5376
Received segment #5361, rtt=44.4596ms, rto=200ms
Requesting segment #5377
Received segment #5362, rtt=45.3602ms, rto=200ms
Requesting segment #5378
Received segment #5363, rtt=40.9358ms, rto=200ms
Requesting segment #5379
Received segment #5364, rtt=41.8113ms, rto=200ms
Requesting segment #5380
Received segment #5365, rtt=41.5655ms, rto=200ms
Requesting segment #5381
Received segment #5366, rtt=41.6499ms, rto=200ms
Requesting segment #5382
Received segment #5367, rtt=42.4747ms, rto=200ms
Requesting segment #5383
Requesting segment #5384
Received segment #5368, rtt=44.4964ms, rto=200ms
Requesting segment #5385
Received segment #5369, rtt=43.9027ms, rto=200ms
Requesting segment #5386
Received segment #5370, rtt=36.9227ms, rto=200ms
Requesting segment #5387
Received segment #5371, rtt=38.8613ms, rto=200ms
Requesting segment #5388
Received segment #5372, rtt=39.6587ms, rto=200ms
Requesting segment #5389
Received segment #5373, rtt=39.4951ms, rto=200ms
Requesting segment #5390
Received segment #5374, rtt=37.1627ms, rto=200ms
Requesting segment #5391
Received segment #5375, rtt=39.3534ms, rto=200ms
Requesting segment #5392
Received segment #5376, rtt=41.9314ms, rto=200ms
Requesting segment #5393
Received segment #5377, rtt=41.9362ms, rto=200ms
Requesting segment #5394
Received segment #5378, rtt=40.9632ms, rto=200ms
Requesting segment #5395
Received segment #5379, rtt=41.3779ms, rto=200ms
Requesting segment #5396
Received segment #5380, rtt=40.3572ms, rto=200ms
Requesting segment #5397
Received segment #5381, rtt=39.5267ms, rto=200ms
Requesting segment #5398
Received segment #5382, rtt=38.2931ms, rto=200ms
Requesting segment #5399
Received segment #5383, rtt=38.2219ms, rto=200ms
Requesting segment #5400
Received segment #5384, rtt=38.9677ms, rto=200ms
Requesting segment #5401
Requesting segment #5402
Received segment #5385, rtt=36.8063ms, rto=200ms
Requesting segment #5403
Received segment #5386, rtt=35.8362ms, rto=200ms
Requesting segment #5404
Received segment #5387, rtt=38.6004ms, rto=200ms
Requesting segment #5405
Received segment #5388, rtt=36.9226ms, rto=200ms
Requesting segment #5406
Received segment #5389, rtt=37.9249ms, rto=200ms
Requesting segment #5407
Received segment #5390, rtt=39.3525ms, rto=200ms
Requesting segment #5408
Received segment #5391, rtt=38.6242ms, rto=200ms
Requesting segment #5409
Received segment #5392, rtt=35.619ms, rto=200ms
Requesting segment #5410
Received segment #5393, rtt=32.6291ms, rto=200ms
Requesting segment #5411
Received segment #5394, rtt=32.6729ms, rto=200ms
Requesting segment #5412
Received segment #5395, rtt=33.8378ms, rto=200ms
Requesting segment #5413
Received segment #5396, rtt=32.8762ms, rto=200ms
Requesting segment #5414
Received segment #5397, rtt=34.8412ms, rto=200ms
Requesting segment #5415
Received segment #5398, rtt=35.7387ms, rto=200ms
Requesting segment #5416
Received segment #5399, rtt=36.5129ms, rto=200ms
Requesting segment #5417
Received segment #5400, rtt=37.4202ms, rto=200ms
Requesting segment #5418
Received segment #5401, rtt=37.5566ms, rto=200ms
Requesting segment #5419
Received segment #5402, rtt=40.0302ms, rto=200ms
Requesting segment #5420
Requesting segment #5421
Received segment #5403, rtt=40.7953ms, rto=200ms
Requesting segment #5422
Received segment #5404, rtt=41.0925ms, rto=200ms
Requesting segment #5423
Received segment #5405, rtt=41.2797ms, rto=200ms
Requesting segment #5424
Received segment #5406, rtt=41.4634ms, rto=200ms
Requesting segment #5425
Received segment #5407, rtt=40.6561ms, rto=200ms
Requesting segment #5426
Received segment #5408, rtt=39.6076ms, rto=200ms
Requesting segment #5427
Received segment #5409, rtt=40.6945ms, rto=200ms
Requesting segment #5428
Received segment #5410, rtt=41.3011ms, rto=200ms
Requesting segment #5429
Received segment #5411, rtt=41.6434ms, rto=200ms
Requesting segment #5430
Received segment #5412, rtt=41.5209ms, rto=200ms
Requesting segment #5431
Received segment #5413, rtt=40.6521ms, rto=200ms
Requesting segment #5432
Received segment #5414, rtt=41.198ms, rto=200ms
Requesting segment #5433
Received segment #5415, rtt=39.549ms, rto=200ms
Requesting segment #5434
Received segment #5416, rtt=39.2476ms, rto=200ms
Requesting segment #5435
Received segment #5417, rtt=39.219ms, rto=200ms
Requesting segment #5436
Received segment #5418, rtt=39.0798ms, rto=200ms
Requesting segment #5437
Received segment #5419, rtt=39.3301ms, rto=200ms
Requesting segment #5438
Received segment #5420, rtt=39.0924ms, rto=200ms
Requesting segment #5439
Received segment #5421, rtt=40.2201ms, rto=200ms
Requesting segment #5440
Requesting segment #5441
Received segment #5422, rtt=39.4647ms, rto=200ms
Requesting segment #5442
Received segment #5423, rtt=39.5603ms, rto=200ms
Requesting segment #5443
Received segment #5424, rtt=44.1534ms, rto=200ms
Requesting segment #5444
Received segment #5425, rtt=43.5958ms, rto=200ms
Requesting segment #5445
Received segment #5426, rtt=42.558ms, rto=200ms
Requesting segment #5446
Received segment #5427, rtt=42.0621ms, rto=200ms
Requesting segment #5447
Received segment #5428, rtt=43.1518ms, rto=200ms
Requesting segment #5448
Received segment #5429, rtt=44.2898ms, rto=200ms
Requesting segment #5449
Received segment #5430, rtt=44.2151ms, rto=200ms
Requesting segment #5450
Received segment #5431, rtt=44.1418ms, rto=200ms
Requesting segment #5451
Received segment #5432, rtt=44.0461ms, rto=200ms
Requesting segment #5452
Received segment #5433, rtt=44.2584ms, rto=200ms
Requesting segment #5453
Received segment #5434, rtt=44.8166ms, rto=200ms
Requesting segment #5454
Received segment #5435, rtt=44.1636ms, rto=200ms
Requesting segment #5455
Received segment #5436, rtt=44.739ms, rto=200ms
Requesting segment #5456
Received segment #5437, rtt=44.7316ms, rto=200ms
Requesting segment #5457
Received segment #5438, rtt=45.0135ms, rto=200ms
Requesting segment #5458
Received segment #5439, rtt=43.995ms, rto=200ms
Requesting segment #5459
Received segment #5440, rtt=43.5895ms, rto=200ms
Requesting segment #5460
Received segment #5441, rtt=45.3321ms, rto=200ms
Requesting segment #5461
Requesting segment #5462
Received segment #5442, rtt=45.712ms, rto=200ms
Requesting segment #5463
Received segment #5443, rtt=45.0679ms, rto=200ms
Requesting segment #5464
Received segment #5444, rtt=43.2838ms, rto=200ms
Requesting segment #5465
Received segment #5445, rtt=44.1707ms, rto=200ms
Requesting segment #5466
Received segment #5446, rtt=45.0591ms, rto=200ms
Requesting segment #5467
Received segment #5447, rtt=45.944ms, rto=200ms
Requesting segment #5468
Received segment #5448, rtt=44.8053ms, rto=200ms
Requesting segment #5469
Received segment #5449, rtt=43.5878ms, rto=200ms
Requesting segment #5470
Received segment #5450, rtt=43.0889ms, rto=200ms
Requesting segment #5471
Received segment #5451, rtt=42.377ms, rto=200ms
Requesting segment #5472
Received segment #5452, rtt=41.8115ms, rto=200ms
Requesting segment #5473
Received segment #5453, rtt=41.3125ms, rto=200ms
Requesting segment #5474
Received segment #5454, rtt=42.6422ms, rto=200ms
Requesting segment #5475
Received segment #5455, rtt=43.1813ms, rto=200ms
Requesting segment #5476
Received segment #5456, rtt=42.647ms, rto=200ms
Requesting segment #5477
Received segment #5457, rtt=43.8713ms, rto=200ms
Requesting segment #5478
Received segment #5458, rtt=43.8644ms, rto=200ms
Requesting segment #5479
Received segment #5459, rtt=43.9327ms, rto=200ms
Requesting segment #5480
Received segment #5460, rtt=44.8298ms, rto=200ms
Requesting segment #5481
Received segment #5461, rtt=44.2433ms, rto=200ms
Requesting segment #5482
Received segment #5462, rtt=45.5846ms, rto=200ms
Requesting segment #5483
Requesting segment #5484
Received segment #5463, rtt=45.8612ms, rto=200ms
Requesting segment #5485
Received segment #5464, rtt=45.9573ms, rto=200ms
Requesting segment #5486
Received segment #5465, rtt=45.0756ms, rto=200ms
Requesting segment #5487
Received segment #5466, rtt=45.8076ms, rto=200ms
Requesting segment #5488
Received segment #5467, rtt=45.6653ms, rto=200ms
Requesting segment #5489
Received segment #5468, rtt=46.6444ms, rto=200ms
Requesting segment #5490
Received segment #5469, rtt=45.8176ms, rto=200ms
Requesting segment #5491
Received segment #5470, rtt=45.4775ms, rto=200ms
Requesting segment #5492
Received segment #5471, rtt=45.4145ms, rto=200ms
Requesting segment #5493
Received segment #5472, rtt=45.8539ms, rto=200ms
Requesting segment #5494
Received segment #5473, rtt=45.5181ms, rto=200ms
Requesting segment #5495
Received segment #5474, rtt=45.0793ms, rto=200ms
Requesting segment #5496
Received segment #5475, rtt=42.2928ms, rto=200ms
Requesting segment #5497
Received segment #5476, rtt=41.964ms, rto=200ms
Requesting segment #5498
Received segment #5477, rtt=41.0918ms, rto=200ms
Requesting segment #5499
Received segment #5478, rtt=40.4728ms, rto=200ms
Requesting segment #5500
Received segment #5479, rtt=41.142ms, rto=200ms
Requesting segment #5501
Received segment #5480, rtt=42.6244ms, rto=200ms
Requesting segment #5502
Received segment #5481, rtt=42.3472ms, rto=200ms
Requesting segment #5503
Received segment #5482, rtt=41.9529ms, rto=200ms
Requesting segment #5504
Received segment #5483, rtt=43.3203ms, rto=200ms
Requesting segment #5505
Received segment #5484, rtt=45.5754ms, rto=200ms
Requesting segment #5506
Requesting segment #5507
Received segment #5485, rtt=44.9767ms, rto=200ms
Requesting segment #5508
Received segment #5486, rtt=45.998ms, rto=200ms
Requesting segment #5509
Received segment #5487, rtt=41.4196ms, rto=200ms
Requesting segment #5510
Received segment #5488, rtt=40.7052ms, rto=200ms
Received segment #5489, rtt=40.8647ms, rto=200ms
Received segment #5490, rtt=40.9238ms, rto=200ms
Received segment #5491, rtt=41.5317ms, rto=200ms
Received segment #5492, rtt=41.5737ms, rto=200ms
Received segment #5493, rtt=41.6179ms, rto=200ms
Received segment #5494, rtt=41.3288ms, rto=200ms
Received segment #5495, rtt=41.4982ms, rto=200ms
Received segment #5496, rtt=41.8822ms, rto=200ms
Received segment #5497, rtt=41.667ms, rto=200ms
Received segment #5498, rtt=41.6351ms, rto=200ms
Received segment #5499, rtt=41.9367ms, rto=200ms
Requesting segment #5511
Received segment #5500, rtt=40.3286ms, rto=200ms
Requesting segment #5512
Received segment #5501, rtt=40.1343ms, rto=200ms
Requesting segment #5513
Received segment #5502, rtt=38.9624ms, rto=200ms
Requesting segment #5514
Received segment #5503, rtt=38.2837ms, rto=200ms
Requesting segment #5515
Received segment #5504, rtt=38.2315ms, rto=200ms
Requesting segment #5516
Received segment #5505, rtt=36.1864ms, rto=200ms
Requesting segment #5517
Requesting segment #5518
Received segment #5506, rtt=34.9879ms, rto=200ms
Requesting segment #5519
Received segment #5507, rtt=36.9104ms, rto=200ms
Requesting segment #5520
Received segment #5508, rtt=37.6517ms, rto=200ms
Requesting segment #5521
Received segment #5509, rtt=37.0945ms, rto=200ms
Requesting segment #5522
Received segment #5510, rtt=35.8233ms, rto=200ms
Requesting segment #5523
Received segment #5511, rtt=34.3535ms, rto=200ms
Requesting segment #5524
Received segment #5512, rtt=34.3085ms, rto=200ms
Requesting segment #5525
Received segment #5513, rtt=32.7751ms, rto=200ms
Requesting segment #5526
Received segment #5514, rtt=31.5119ms, rto=200ms
Requesting segment #5527
Received segment #5515, rtt=31.8424ms, rto=200ms
Requesting segment #5528
Received segment #5516, rtt=31.8422ms, rto=200ms
Requesting segment #5529
Received segment #5517, rtt=31.5661ms, rto=200ms
Requesting segment #5530
Received segment #5518, rtt=32.4238ms, rto=200ms
Requesting segment #5531
Requesting segment #5532
Received segment #5519, rtt=31.8944ms, rto=200ms
Requesting segment #5533
Received segment #5520, rtt=30.596ms, rto=200ms
Requesting segment #5534
Received segment #5521, rtt=29.856ms, rto=200ms
Requesting segment #5535
Received segment #5522, rtt=28.6609ms, rto=200ms
Requesting segment #5536
Received segment #5523, rtt=28.1534ms, rto=200ms
Requesting segment #5537
Received segment #5524, rtt=25.8434ms, rto=200ms
Requesting segment #5538
Received segment #5525, rtt=26.6744ms, rto=200ms
Requesting segment #5539
Received segment #5526, rtt=28.1787ms, rto=200ms
Requesting segment #5540
Received segment #5527, rtt=28.9467ms, rto=200ms
Requesting segment #5541
Received segment #5528, rtt=29.111ms, rto=200ms
Requesting segment #5542
Received segment #5529, rtt=30.1588ms, rto=200ms
Requesting segment #5543
Received segment #5530, rtt=30.7129ms, rto=200ms
Requesting segment #5544
Received segment #5531, rtt=30.3837ms, rto=200ms
Requesting segment #5545
Received segment #5532, rtt=31.3649ms, rto=200ms
Requesting segment #5546
Requesting segment #5547
Received segment #5533, rtt=31.6175ms, rto=200ms
Requesting segment #5548
Received segment #5534, rtt=31.3623ms, rto=200ms
Requesting segment #5549
Received segment #5535, rtt=31.5208ms, rto=200ms
Requesting segment #5550
Received segment #5536, rtt=31.3367ms, rto=200ms
Requesting segment #5551
Received segment #5537, rtt=23.7835ms, rto=200ms
Requesting segment #5552
Received segment #5538, rtt=27.081ms, rto=200ms
Requesting segment #5553
Received segment #5539, rtt=26.9404ms, rto=200ms
Requesting segment #5554
Received segment #5540, rtt=26.2205ms, rto=200ms
Requesting segment #5555
Received segment #5541, rtt=27.25ms, rto=200ms
Requesting segment #5556
Received segment #5542, rtt=26.7423ms, rto=200ms
Requesting segment #5557
Received segment #5543, rtt=26.3503ms, rto=200ms
Requesting segment #5558
Received segment #5544, rtt=26.8172ms, rto=200ms
Requesting segment #5559
Received segment #5545, rtt=26.995ms, rto=200ms
Requesting segment #5560
Received segment #5546, rtt=28.1211ms, rto=200ms
Requesting segment #5561
Received segment #5547, rtt=29.4996ms, rto=200ms
Requesting segment #5562
Requesting segment #5563
Received segment #5548, rtt=30.509ms, rto=200ms
Requesting segment #5564
Received segment #5549, rtt=31.4012ms, rto=200ms
Requesting segment #5565
Received segment #5550, rtt=31.8962ms, rto=200ms
Requesting segment #5566
Received segment #5551, rtt=32.9041ms, rto=200ms
Requesting segment #5567
Received segment #5552, rtt=37.8246ms, rto=200ms
Requesting segment #5568
Received segment #5553, rtt=36.111ms, rto=200ms
Requesting segment #5569
Received segment #5554, rtt=36.9031ms, rto=200ms
Requesting segment #5570
Received segment #5555, rtt=37.515ms, rto=200ms
Requesting segment #5571
Received segment #5556, rtt=36.5601ms, rto=200ms
Requesting segment #5572
Received segment #5557, rtt=37.3965ms, rto=200ms
Requesting segment #5573
Received segment #5558, rtt=37.5182ms, rto=200ms
Requesting segment #5574
Received segment #5559, rtt=38.189ms, rto=200ms
Requesting segment #5575
Received segment #5560, rtt=37.5163ms, rto=200ms
Requesting segment #5576
Received segment #5561, rtt=36.8524ms, rto=200ms
Requesting segment #5577
Received segment #5562, rtt=36.109ms, rto=200ms
Requesting segment #5578
Received segment #5563, rtt=37.0094ms, rto=200ms
Requesting segment #5579
Requesting segment #5580
Received segment #5564, rtt=37.3865ms, rto=200ms
Requesting segment #5581
Received segment #5565, rtt=37.4516ms, rto=200ms
Requesting segment #5582
Received segment #5566, rtt=37.3752ms, rto=200ms
Requesting segment #5583
Received segment #5567, rtt=38.3544ms, rto=200ms
Requesting segment #5584
Received segment #5568, rtt=41.7546ms, rto=200ms
Requesting segment #5585
Received segment #5569, rtt=35.6686ms, rto=200ms
Requesting segment #5586
Received segment #5570, rtt=34.9429ms, rto=200ms
Requesting segment #5587
Received segment #5571, rtt=34.1793ms, rto=200ms
Requesting segment #5588
Received segment #5572, rtt=35.0715ms, rto=200ms
Requesting segment #5589
Received segment #5573, rtt=35.6873ms, rto=200ms
Requesting segment #5590
Received segment #5574, rtt=35.5466ms, rto=200ms
Requesting segment #5591
Received segment #5575, rtt=34.1441ms, rto=200ms
Requesting segment #5592
Received segment #5576, rtt=35.2372ms, rto=200ms
Requesting segment #5593
Received segment #5577, rtt=36.3036ms, rto=200ms
Requesting segment #5594
Received segment #5578, rtt=36.8158ms, rto=200ms
Requesting segment #5595
Received segment #5579, rtt=37.5082ms, rto=200ms
Requesting segment #5596
Received segment #5580, rtt=39.2482ms, rto=200ms
Requesting segment #5597
Requesting segment #5598
Received segment #5581, rtt=39.503ms, rto=200ms
Requesting segment #5599
Received segment #5582, rtt=38.4736ms, rto=200ms
Requesting segment #5600
Received segment #5583, rtt=38.027ms, rto=200ms
Requesting segment #5601
Received segment #5584, rtt=37.2466ms, rto=200ms
Requesting segment #5602
Received segment #5585, rtt=36.4293ms, rto=200ms
Requesting segment #5603
Received segment #5586, rtt=40.0887ms, rto=200ms
Requesting segment #5604
Received segment #5587, rtt=39.4595ms, rto=200ms
Requesting segment #5605
Received segment #5588, rtt=39.5029ms, rto=200ms
Requesting segment #5606
Received segment #5589, rtt=38.8957ms, rto=200ms
Requesting segment #5607
Received segment #5590, rtt=38.2857ms, rto=200ms
Requesting segment #5608
Received segment #5591, rtt=37.448ms, rto=200ms
Requesting segment #5609
Received segment #5592, rtt=37.4732ms, rto=200ms
Requesting segment #5610
Received segment #5593, rtt=38.9605ms, rto=200ms
Requesting segment #5611
Received segment #5594, rtt=38.6396ms, rto=200ms
Requesting segment #5612
Received segment #5595, rtt=39.2118ms, rto=200ms
Requesting segment #5613
Received segment #5596, rtt=40.8112ms, rto=200ms
Requesting segment #5614
Received segment #5597, rtt=39.7736ms, rto=200ms
Requesting segment #5615
Received segment #5598, rtt=41.3541ms, rto=200ms
Requesting segment #5616
Requesting segment #5617
Received segment #5599, rtt=41.2587ms, rto=200ms
Requesting segment #5618
Received segment #5600, rtt=42.1791ms, rto=200ms
Requesting segment #5619
Received segment #5601, rtt=42.6321ms, rto=200ms
Requesting segment #5620
Received segment #5602, rtt=42.3105ms, rto=200ms
Requesting segment #5621
Received segment #5603, rtt=42.6186ms, rto=200ms
Requesting segment #5622
Received segment #5604, rtt=43.5409ms, rto=200ms
Requesting segment #5623
Received segment #5605, rtt=43.692ms, rto=200ms
Requesting segment #5624
Received segment #5606, rtt=43.3554ms, rto=200ms
Requesting segment #5625
Received segment #5607, rtt=43.0549ms, rto=200ms
Requesting segment #5626
Received segment #5608, rtt=42.6595ms, rto=200ms
Requesting segment #5627
Received segment #5609, rtt=43.2446ms, rto=200ms
Requesting segment #5628
Received segment #5610, rtt=43.5434ms, rto=200ms
Requesting segment #5629
Received segment #5611, rtt=41.5005ms, rto=200ms
Requesting segment #5630
Received segment #5612, rtt=39.7611ms, rto=200ms
Requesting segment #5631
Received segment #5613, rtt=39.4349ms, rto=200ms
Requesting segment #5632
Received segment #5614, rtt=41.4292ms, rto=200ms
Requesting segment #5633
Received segment #5615, rtt=42.169ms, rto=200ms
Requesting segment #5634
Received segment #5616, rtt=42.2499ms, rto=200ms
Requesting segment #5635
Received segment #5617, rtt=43.608ms, rto=200ms
Requesting segment #5636
Requesting segment #5637
Received segment #5618, rtt=44.7763ms, rto=200ms
Requesting segment #5638
Received segment #5619, rtt=45.2208ms, rto=200ms
Requesting segment #5639
Received segment #5620, rtt=45.251ms, rto=200ms
Requesting segment #5640
Received segment #5621, rtt=46.8153ms, rto=200ms
Requesting segment #5641
Received segment #5622, rtt=45.5372ms, rto=200ms
Requesting segment #5642
Received segment #5623, rtt=44.1133ms, rto=200ms
Requesting segment #5643
Received segment #5624, rtt=44.0832ms, rto=200ms
Requesting segment #5644
Received segment #5625, rtt=44.1123ms, rto=200ms
Requesting segment #5645
Received segment #5626, rtt=44.1897ms, rto=200ms
Requesting segment #5646
Received segment #5627, rtt=44.5362ms, rto=200ms
Requesting segment #5647
Received segment #5628, rtt=44.7476ms, rto=200ms
Requesting segment #5648
Received segment #5629, rtt=45.1398ms, rto=200ms
Requesting segment #5649
Received segment #5630, rtt=45.4064ms, rto=200ms
Requesting segment #5650
Received segment #5631, rtt=45.5713ms, rto=200ms
Requesting segment #5651
Received segment #5632, rtt=44.821ms, rto=200ms
Requesting segment #5652
Received segment #5633, rtt=42.0696ms, rto=200ms
Requesting segment #5653
Received segment #5634, rtt=42.0951ms, rto=200ms
Requesting segment #5654
Received segment #5635, rtt=42.0695ms, rto=200ms
Requesting segment #5655
Received segment #5636, rtt=43.2079ms, rto=200ms
Requesting segment #5656
Received segment #5637, rtt=44.6028ms, rto=200ms
Requesting segment #5657
Requesting segment #5658
Received segment #5638, rtt=43.7032ms, rto=200ms
Requesting segment #5659
Received segment #5639, rtt=42.846ms, rto=200ms
Requesting segment #5660
Received segment #5640, rtt=41.9881ms, rto=200ms
Requesting segment #5661
Received segment #5641, rtt=41.6769ms, rto=200ms
Requesting segment #5662
Received segment #5642, rtt=40.33ms, rto=200ms
Requesting segment #5663
Received segment #5643, rtt=38.3805ms, rto=200ms
Requesting segment #5664
Received segment #5644, rtt=39.7625ms, rto=200ms
Requesting segment #5665
Received segment #5645, rtt=40.7917ms, rto=200ms
Requesting segment #5666
Received segment #5646, rtt=40.7404ms, rto=200ms
Requesting segment #5667
Received segment #5647, rtt=40.456ms, rto=200ms
Requesting segment #5668
Received segment #5648, rtt=41.4318ms, rto=200ms
Requesting segment #5669
Received segment #5649, rtt=42.2677ms, rto=200ms
Requesting segment #5670
Received segment #5650, rtt=42.918ms, rto=200ms
Requesting segment #5671
Received segment #5651, rtt=43.0757ms, rto=200ms
Requesting segment #5672
Received segment #5652, rtt=43.1568ms, rto=200ms
Requesting segment #5673
Received segment #5653, rtt=41.2633ms, rto=200ms
Requesting segment #5674
Received segment #5654, rtt=40.3437ms, rto=200ms
Requesting segment #5675
Received segment #5655, rtt=39.4382ms, rto=200ms
Requesting segment #5676
Received segment #5656, rtt=37.899ms, rto=200ms
Requesting segment #5677
Received segment #5657, rtt=37.5937ms, rto=200ms
Requesting segment #5678
Received segment #5658, rtt=37.7835ms, rto=200ms
Requesting segment #5679
Requesting segment #5680
Received segment #5659, rtt=36.713ms, rto=200ms
Requesting segment #5681
Received segment #5660, rtt=36.4532ms, rto=200ms
Requesting segment #5682
Received segment #5661, rtt=36.6729ms, rto=200ms
Requesting segment #5683
Received segment #5662, rtt=36.3793ms, rto=200ms
Requesting segment #5684
Received segment #5663, rtt=36.5241ms, rto=200ms
Requesting segment #5685
Received segment #5664, rtt=37.206ms, rto=200ms
Requesting segment #5686
Received segment #5665, rtt=37.1616ms, rto=200ms
Requesting segment #5687
Received segment #5666, rtt=37.6401ms, rto=200ms
Requesting segment #5688
Received segment #5667, rtt=37.9598ms, rto=200ms
Requesting segment #5689
Received segment #5668, rtt=37.6339ms, rto=200ms
Requesting segment #5690
Received segment #5669, rtt=35.8295ms, rto=200ms
Requesting segment #5691
Received segment #5670, rtt=37.8217ms, rto=200ms
Requesting segment #5692
Received segment #5671, rtt=40.6521ms, rto=200ms
Requesting segment #5693
Received segment #5672, rtt=40.8977ms, rto=200ms
Requesting segment #5694
Received segment #5673, rtt=41.0266ms, rto=200ms
Requesting segment #5695
Received segment #5674, rtt=42.4465ms, rto=200ms
Requesting segment #5696
Received segment #5675, rtt=42.5014ms, rto=200ms
Requesting segment #5697
Received segment #5676, rtt=42.35ms, rto=200ms
Requesting segment #5698
Received segment #5677, rtt=42.4436ms, rto=200ms
Requesting segment #5699
Received segment #5678, rtt=41.9591ms, rto=200ms
Requesting segment #5700
Received segment #5679, rtt=42.2279ms, rto=200ms
Requesting segment #5701
Received segment #5680, rtt=43.1676ms, rto=200ms
Requesting segment #5702
Requesting segment #5703
Received segment #5681, rtt=42.8172ms, rto=200ms
Requesting segment #5704
Received segment #5682, rtt=42.4493ms, rto=200ms
Requesting segment #5705
Received segment #5683, rtt=42.7623ms, rto=200ms
Requesting segment #5706
Received segment #5684, rtt=41.3134ms, rto=200ms
Requesting segment #5707
Received segment #5685, rtt=41.8623ms, rto=200ms
Requesting segment #5708
Received segment #5686, rtt=42.6207ms, rto=200ms
Requesting segment #5709
Received segment #5687, rtt=42.5098ms, rto=200ms
Requesting segment #5710
Received segment #5688, rtt=42.5581ms, rto=200ms
Requesting segment #5711
Received segment #5689, rtt=42.262ms, rto=200ms
Requesting segment #5712
Received segment #5690, rtt=42.7691ms, rto=200ms
Requesting segment #5713
Received segment #5691, rtt=43.8942ms, rto=200ms
Requesting segment #5714
Received segment #5692, rtt=40.9558ms, rto=200ms
Requesting segment #5715
Received segment #5693, rtt=38.4245ms, rto=200ms
Requesting segment #5716
Received segment #5694, rtt=38.1953ms, rto=200ms
Requesting segment #5717
Received segment #5695, rtt=38.8284ms, rto=200ms
Requesting segment #5718
Received segment #5696, rtt=39.1856ms, rto=200ms
Requesting segment #5719
Received segment #5697, rtt=39.9586ms, rto=200ms
Requesting segment #5720
Received segment #5698, rtt=40.9595ms, rto=200ms
Requesting segment #5721
Received segment #5699, rtt=41.6356ms, rto=200ms
Requesting segment #5722
Received segment #5700, rtt=42.6419ms, rto=200ms
Requesting segment #5723
Received segment #5701, rtt=43.2255ms, rto=200ms
Requesting segment #5724
Received segment #5702, rtt=44.4359ms, rto=200ms
Requesting segment #5725
Received segment #5703, rtt=45.9541ms, rto=200ms
Requesting segment #5726
Requesting segment #5727
Received segment #5704, rtt=46.802ms, rto=200ms
Requesting segment #5728
Received segment #5705, rtt=47.0821ms, rto=200ms
Requesting segment #5729
Received segment #5706, rtt=46.6757ms, rto=200ms
Requesting segment #5730
Received segment #5707, rtt=47.3727ms, rto=200ms
Requesting segment #5731
Received segment #5708, rtt=48.4739ms, rto=200ms
Requesting segment #5732
Received segment #5709, rtt=44.066ms, rto=200ms
Requesting segment #5733
Received segment #5710, rtt=42.5117ms, rto=200ms
Requesting segment #5734
Received segment #5711, rtt=41.5354ms, rto=200ms
Requesting segment #5735
Received segment #5712, rtt=41.7749ms, rto=200ms
Requesting segment #5736
Received segment #5713, rtt=43.2396ms, rto=200ms
Requesting segment #5737
Received segment #5714, rtt=42.9683ms, rto=200ms
Requesting segment #5738
Received segment #5715, rtt=45.3406ms, rto=200ms
Requesting segment #5739
Received segment #5716, rtt=45.566ms, rto=200ms
Requesting segment #5740
Received segment #5717, rtt=45.987ms, rto=200ms
Requesting segment #5741
Received segment #5718, rtt=45.817ms, rto=200ms
Requesting segment #5742
Received segment #5719, rtt=44.9401ms, rto=200ms
Requesting segment #5743
Received segment #5720, rtt=44.1645ms, rto=200ms
Requesting segment #5744
Received segment #5721, rtt=43.3745ms, rto=200ms
Requesting segment #5745
Received segment #5722, rtt=42.3296ms, rto=200ms
Requesting segment #5746
Received segment #5723, rtt=41.342ms, rto=200ms
Requesting segment #5747
Received segment #5724, rtt=41.0078ms, rto=200ms
Requesting segment #5748
Received segment #5725, rtt=39.6052ms, rto=200ms
Requesting segment #5749
Received segment #5726, rtt=39.6871ms, rto=200ms
Requesting segment #5750
Received segment #5727, rtt=41.0704ms, rto=200ms
Requesting segment #5751
Requesting segment #5752
Received segment #5728, rtt=40.7123ms, rto=200ms
Requesting segment #5753
Received segment #5729, rtt=43.7941ms, rto=200ms
Requesting segment #5754
Received segment #5730, rtt=44.6073ms, rto=200ms
Requesting segment #5755
Received segment #5731, rtt=43.6643ms, rto=200ms
Requesting segment #5756
Received segment #5732, rtt=40.3562ms, rto=200ms
Requesting segment #5757
Received segment #5733, rtt=37.7722ms, rto=200ms
Requesting segment #5758
Received segment #5734, rtt=37.9861ms, rto=200ms
Requesting segment #5759
Received segment #5735, rtt=37.6391ms, rto=200ms
Requesting segment #5760
Received segment #5736, rtt=36.7897ms, rto=200ms
Requesting segment #5761
Received segment #5737, rtt=35.4585ms, rto=200ms
Requesting segment #5762
Received segment #5738, rtt=35.5467ms, rto=200ms
Requesting segment #5763
Received segment #5739, rtt=32.7202ms, rto=200ms
Requesting segment #5764
Received segment #5740, rtt=32.4421ms, rto=200ms
Requesting segment #5765
Received segment #5741, rtt=32.7983ms, rto=200ms
Requesting segment #5766
Received segment #5742, rtt=32.284ms, rto=200ms
Requesting segment #5767
Received segment #5743, rtt=32.3094ms, rto=200ms
Requesting segment #5768
Received segment #5744, rtt=32.6892ms, rto=200ms
Requesting segment #5769
Received segment #5745, rtt=32.5825ms, rto=200ms
Requesting segment #5770
Received segment #5746, rtt=33.4132ms, rto=200ms
Requesting segment #5771
Received segment #5747, rtt=33.9583ms, rto=200ms
Requesting segment #5772
Received segment #5748, rtt=34.0138ms, rto=200ms
Requesting segment #5773
Received segment #5749, rtt=35.4165ms, rto=200ms
Requesting segment #5774
Received segment #5750, rtt=35.6857ms, rto=200ms
Requesting segment #5775
Received segment #5751, rtt=36.3108ms, rto=200ms
Requesting segment #5776
Received segment #5752, rtt=36.7988ms, rto=200ms
Requesting segment #5777
Requesting segment #5778
Received segment #5753, rtt=37.192ms, rto=200ms
Requesting segment #5779
Received segment #5754, rtt=35.2548ms, rto=200ms
Requesting segment #5780
Received segment #5755, rtt=37.6996ms, rto=200ms
Requesting segment #5781
Received segment #5756, rtt=38.7353ms, rto=200ms
Requesting segment #5782
Received segment #5757, rtt=41.4718ms, rto=200ms
Requesting segment #5783
Received segment #5758, rtt=41.9368ms, rto=200ms
Requesting segment #5784
Received segment #5759, rtt=41.5297ms, rto=200ms
Requesting segment #5785
Received segment #5760, rtt=40.7577ms, rto=200ms
Requesting segment #5786
Received segment #5761, rtt=40.9437ms, rto=200ms
Requesting segment #5787
Received segment #5762, rtt=39.9247ms, rto=200ms
Requesting segment #5788
Received segment #5763, rtt=39.4211ms, rto=200ms
Requesting segment #5789
Received segment #5764, rtt=40.3206ms, rto=200ms
Requesting segment #5790
Received segment #5765, rtt=39.7916ms, rto=200ms
Requesting segment #5791
Received segment #5766, rtt=39.3975ms, rto=200ms
Requesting segment #5792
Received segment #5767, rtt=40.051ms, rto=200ms
Requesting segment #5793
Received segment #5768, rtt=39.9362ms, rto=200ms
Requesting segment #5794
Received segment #5769, rtt=39.5743ms, rto=200ms
Requesting segment #5795
Received segment #5770, rtt=40.2956ms, rto=200ms
Requesting segment #5796
Received segment #5771, rtt=41.2794ms, rto=200ms
Requesting segment #5797
Received segment #5772, rtt=40.597ms, rto=200ms
Requesting segment #5798
Received segment #5773, rtt=42.0932ms, rto=200ms
Requesting segment #5799
Received segment #5774, rtt=40.5948ms, rto=200ms
Requesting segment #5800
Received segment #5775, rtt=41.6074ms, rto=200ms
Requesting segment #5801
Received segment #5776, rtt=40.7453ms, rto=200ms
Requesting segment #5802
Received segment #5777, rtt=41.8466ms, rto=200ms
Requesting segment #5803
Received segment #5778, rtt=43.1642ms, rto=200ms
Requesting segment #5804
Requesting segment #5805
Received segment #5779, rtt=42.6736ms, rto=200ms
Requesting segment #5806
Received segment #5780, rtt=42.1699ms, rto=200ms
Requesting segment #5807
Received segment #5781, rtt=38.9959ms, rto=200ms
Requesting segment #5808
Received segment #5782, rtt=38.1153ms, rto=200ms
Requesting segment #5809
Received segment #5783, rtt=42.5177ms, rto=200ms
Requesting segment #5810
Received segment #5784, rtt=42.4606ms, rto=200ms
Requesting segment #5811
Received segment #5785, rtt=42.4802ms, rto=200ms
Requesting segment #5812
Received segment #5786, rtt=42.601ms, rto=200ms
Requesting segment #5813
Received segment #5787, rtt=42.4185ms, rto=200ms
Requesting segment #5814
Received segment #5788, rtt=42.6752ms, rto=200ms
Requesting segment #5815
Received segment #5789, rtt=42.5568ms, rto=200ms
Requesting segment #5816
Received segment #5790, rtt=41.7083ms, rto=200ms
Requesting segment #5817
Received segment #5791, rtt=41.5136ms, rto=200ms
Requesting segment #5818
Received segment #5792, rtt=41.0667ms, rto=200ms
Requesting segment #5819
Received segment #5793, rtt=41.0442ms, rto=200ms
Requesting segment #5820
Received segment #5794, rtt=41.9956ms, rto=200ms
Requesting segment #5821
Received segment #5795, rtt=42.606ms, rto=200ms
Requesting segment #5822
Received segment #5796, rtt=42.5007ms, rto=200ms
Requesting segment #5823
Received segment #5797, rtt=42.387ms, rto=200ms
Requesting segment #5824
Received segment #5798, rtt=42.4668ms, rto=200ms
Requesting segment #5825
Received segment #5799, rtt=41.4382ms, rto=200ms
Requesting segment #5826
Received segment #5800, rtt=42.9272ms, rto=200ms
Requesting segment #5827
Received segment #5801, rtt=41.2812ms, rto=200ms
Requesting segment #5828
Received segment #5802, rtt=42.1725ms, rto=200ms
Requesting segment #5829
Received segment #5803, rtt=40.6423ms, rto=200ms
Requesting segment #5830
Received segment #5804, rtt=40.3566ms, rto=200ms
Requesting segment #5831
Received segment #5805, rtt=41.7736ms, rto=200ms
Requesting segment #5832
Requesting segment #5833
Received segment #5806, rtt=41.059ms, rto=200ms
Requesting segment #5834
Received segment #5807, rtt=41.6118ms, rto=200ms
Requesting segment #5835
Received segment #5808, rtt=41.7032ms, rto=200ms
Requesting segment #5836
Received segment #5809, rtt=43.0206ms, rto=200ms
Requesting segment #5837
Received segment #5810, rtt=41.2299ms, rto=200ms
Requesting segment #5838
Received segment #5811, rtt=41.346ms, rto=200ms
Requesting segment #5839
Received segment #5812, rtt=41.6318ms, rto=200ms
Requesting segment #5840
Received segment #5813, rtt=42.0589ms, rto=200ms
Requesting segment #5841
Received segment #5814, rtt=42.2532ms, rto=200ms
Requesting segment #5842
Received segment #5815, rtt=42.2725ms, rto=200ms
Requesting segment #5843
Received segment #5816, rtt=42.0774ms, rto=200ms
Requesting segment #5844
Received segment #5817, rtt=41.9711ms, rto=200ms
Requesting segment #5845
Received segment #5818, rtt=41.675ms, rto=200ms
Requesting segment #5846
Received segment #5819, rtt=41.598ms, rto=200ms
Requesting segment #5847
Received segment #5820, rtt=42.665ms, rto=200ms
Requesting segment #5848
Received segment #5821, rtt=40.7402ms, rto=200ms
Requesting segment #5849
Received segment #5822, rtt=41.0203ms, rto=200ms
Requesting segment #5850
Received segment #5823, rtt=41.4417ms, rto=200ms
Requesting segment #5851
Received segment #5824, rtt=39.6296ms, rto=200ms
Requesting segment #5852
Received segment #5825, rtt=39.7468ms, rto=200ms
Requesting segment #5853
Received segment #5826, rtt=39.6371ms, rto=200ms
Requesting segment #5854
Received segment #5827, rtt=40.444ms, rto=200ms
Requesting segment #5855
Received segment #5828, rtt=41.6931ms, rto=200ms
Requesting segment #5856
Received segment #5829, rtt=41.0599ms, rto=200ms
Requesting segment #5857
Received segment #5830, rtt=43.139ms, rto=200ms
Received segment #5831, rtt=42.7747ms, rto=200ms
Received segment #5832, rtt=42.7305ms, rto=200ms
Received segment #5833, rtt=43.4373ms, rto=200ms
Received segment #5834, rtt=44.1676ms, rto=200ms
Received segment #5835, rtt=43.204ms, rto=200ms
Received segment #5836, rtt=44.3891ms, rto=200ms
Received segment #5837, rtt=44.0952ms, rto=200ms
Received segment #5838, rtt=46.9227ms, rto=200ms
Received segment #5839, rtt=48.4118ms, rto=200ms
Received segment #5840, rtt=48.4163ms, rto=200ms
Received segment #5841, rtt=48.3863ms, rto=200ms
Received segment #5842, rtt=48.2254ms, rto=200ms
Received segment #5843, rtt=48.4863ms, rto=200ms
Requesting segment #5858
Received segment #5844, rtt=48.1889ms, rto=200ms
Requesting segment #5859
Received segment #5845, rtt=48.2845ms, rto=200ms
Requesting segment #5860
Received segment #5846, rtt=49.3667ms, rto=200ms
Requesting segment #5861
Received segment #5847, rtt=49.4135ms, rto=200ms
Requesting segment #5862
Received segment #5848, rtt=48.86ms, rto=200ms
Requesting segment #5863
Received segment #5849, rtt=49.8003ms, rto=200ms
Requesting segment #5864
Received segment #5850, rtt=48.6849ms, rto=200ms
Requesting segment #5865
Received segment #5851, rtt=49.8749ms, rto=200ms
Requesting segment #5866
Received segment #5852, rtt=49.6418ms, rto=200ms
Requesting segment #5867
Received segment #5853, rtt=49.7411ms, rto=200ms
Requesting segment #5868
Received segment #5854, rtt=49.338ms, rto=200ms
Requesting segment #5869
Requesting segment #5870
Received segment #5855, rtt=48.2818ms, rto=200ms
Requesting segment #5871
Received segment #5856, rtt=49.2435ms, rto=200ms
Requesting segment #5872
Received segment #5857, rtt=49.5462ms, rto=200ms
Requesting segment #5873
Received segment #5858, rtt=45.1123ms, rto=200ms
Requesting segment #5874
Received segment #5859, rtt=45.6594ms, rto=200ms
Requesting segment #5875
Received segment #5860, rtt=47.6878ms, rto=200ms
Requesting segment #5876
Received segment #5861, rtt=46.7191ms, rto=200ms
Requesting segment #5877
Received segment #5862, rtt=46.4082ms, rto=200ms
Requesting segment #5878
Received segment #5863, rtt=45.0595ms, rto=200ms
Received segment #5864, rtt=43.9279ms, rto=200ms
Received segment #5865, rtt=43.8768ms, rto=200ms
Received segment #5866, rtt=42.666ms, rto=200ms
Received segment #5867, rtt=43.0749ms, rto=200ms
Received segment #5868, rtt=42.8803ms, rto=200ms
Received segment #5869, rtt=42.9381ms, rto=200ms
Received segment #5870, rtt=43.6042ms, rto=200ms
Requesting segment #5879
Received segment #5871, rtt=43.0082ms, rto=200ms
Requesting segment #5880
Received segment #5872, rtt=42.456ms, rto=200ms
Requesting segment #5881
Received segment #5873, rtt=42.4884ms, rto=200ms
Requesting segment #5882
Received segment #5874, rtt=37.8082ms, rto=200ms
Requesting segment #5883
Received segment #5875, rtt=39.1096ms, rto=200ms
Requesting segment #5884
Received segment #5876, rtt=37.3415ms, rto=200ms
Requesting segment #5885
Received segment #5877, rtt=38.9877ms, rto=200ms
Requesting segment #5886
Received segment #5878, rtt=40.2632ms, rto=200ms
Requesting segment #5887
Requesting segment #5888
Received segment #5879, rtt=39.274ms, rto=200ms
Requesting segment #5889
Received segment #5880, rtt=38.7056ms, rto=200ms
Requesting segment #5890
Received segment #5881, rtt=36.8607ms, rto=200ms
Requesting segment #5891
Received segment #5882, rtt=35.7418ms, rto=200ms
Requesting segment #5892
Received segment #5883, rtt=38.3094ms, rto=200ms
Requesting segment #5893
Received segment #5884, rtt=36.7052ms, rto=200ms
Requesting segment #5894
Received segment #5885, rtt=36.3969ms, rto=200ms
Requesting segment #5895
Received segment #5886, rtt=34.6575ms, rto=200ms
Requesting segment #5896
Received segment #5887, rtt=33.7083ms, rto=200ms
Requesting segment #5897
Received segment #5888, rtt=34.286ms, rto=200ms
Requesting segment #5898
Requesting segment #5899
Received segment #5889, rtt=30.7482ms, rto=200ms
Requesting segment #5900
Received segment #5890, rtt=30.3628ms, rto=200ms
Requesting segment #5901
Received segment #5891, rtt=29.9046ms, rto=200ms
Requesting segment #5902
Received segment #5892, rtt=30.2717ms, rto=200ms
Requesting segment #5903
Received segment #5893, rtt=36.3142ms, rto=200ms
Requesting segment #5904
Received segment #5894, rtt=38.0752ms, rto=200ms
Requesting segment #5905
Received segment #5895, rtt=38.786ms, rto=200ms
Requesting segment #5906
Received segment #5896, rtt=40.3321ms, rto=200ms
Requesting segment #5907
Received segment #5897, rtt=40.1455ms, rto=200ms
Requesting segment #5908
Received segment #5898, rtt=41.0449ms, rto=200ms
Requesting segment #5909
Received segment #5899, rtt=41.6139ms, rto=200ms
Requesting segment #5910
Requesting segment #5911
Received segment #5900, rtt=41.9591ms, rto=200ms
Requesting segment #5912
Received segment #5901, rtt=42.9802ms, rto=200ms
Requesting segment #5913
Received segment #5902, rtt=43.2442ms, rto=200ms
Requesting segment #5914
Received segment #5903, rtt=43.5156ms, rto=200ms
Requesting segment #5915
Received segment #5904, rtt=53.3976ms, rto=200ms
Requesting segment #5916
Received segment #5905, rtt=52.5249ms, rto=200ms
Requesting segment #5917
Received segment #5906, rtt=52.3515ms, rto=200ms
Requesting segment #5918
Received segment #5907, rtt=51.3868ms, rto=200ms
Requesting segment #5919
Received segment #5908, rtt=52.5387ms, rto=200ms
Requesting segment #5920
Received segment #5909, rtt=53.2253ms, rto=200ms
Requesting segment #5921
Received segment #5910, rtt=53.7233ms, rto=200ms
Requesting segment #5922
Received segment #5911, rtt=55.0958ms, rto=200ms
Requesting segment #5923
Requesting segment #5924
Received segment #5912, rtt=54.429ms, rto=200ms
Requesting segment #5925
Received segment #5913, rtt=54.3567ms, rto=200ms
Requesting segment #5926
Received segment #5914, rtt=54.1784ms, rto=200ms
Requesting segment #5927
Received segment #5915, rtt=54.2526ms, rto=200ms
Requesting segment #5928
Received segment #5916, rtt=54.425ms, rto=200ms
Requesting segment #5929
Received segment #5917, rtt=54.6679ms, rto=200ms
Requesting segment #5930
Received segment #5918, rtt=54.747ms, rto=200ms
Requesting segment #5931
Received segment #5919, rtt=54.8922ms, rto=200ms
Requesting segment #5932
Received segment #5920, rtt=54.1371ms, rto=200ms
Requesting segment #5933
Received segment #5921, rtt=54.0128ms, rto=200ms
Requesting segment #5934
Received segment #5922, rtt=54.2425ms, rto=200ms
Requesting segment #5935
Received segment #5923, rtt=54.5293ms, rto=200ms
Requesting segment #5936
Received segment #5924, rtt=55.6844ms, rto=200ms
Requesting segment #5937
Requesting segment #5938
Received segment #5925, rtt=56.9208ms, rto=200ms
Requesting segment #5939
Received segment #5926, rtt=57.2596ms, rto=200ms
Requesting segment #5940
Received segment #5927, rtt=57.8119ms, rto=200ms
Requesting segment #5941
Received segment #5928, rtt=57.6678ms, rto=200ms
Requesting segment #5942
Received segment #5929, rtt=59.0493ms, rto=200ms
Requesting segment #5943
Received segment #5930, rtt=58.5044ms, rto=200ms
Requesting segment #5944
Received segment #5931, rtt=58.3909ms, rto=200ms
Requesting segment #5945
Received segment #5932, rtt=58.3031ms, rto=200ms
Requesting segment #5946
Received segment #5933, rtt=58.8674ms, rto=200ms
Requesting segment #5947
Received segment #5934, rtt=58.5454ms, rto=200ms
Requesting segment #5948
Received segment #5935, rtt=57.9108ms, rto=200ms
Requesting segment #5949
Received segment #5936, rtt=57.7473ms, rto=200ms
Requesting segment #5950
Received segment #5937, rtt=57.9163ms, rto=200ms
Requesting segment #5951
Received segment #5938, rtt=59.2685ms, rto=200ms
Requesting segment #5952
Requesting segment #5953
Received segment #5939, rtt=58.6276ms, rto=200ms
Requesting segment #5954
Received segment #5940, rtt=59.7023ms, rto=200ms
Requesting segment #5955
Received segment #5941, rtt=59.8765ms, rto=200ms
Requesting segment #5956
Received segment #5942, rtt=60.0348ms, rto=200ms
Requesting segment #5957
Received segment #5943, rtt=57.7896ms, rto=200ms
Requesting segment #5958
Received segment #5944, rtt=57.9869ms, rto=200ms
Requesting segment #5959
Received segment #5945, rtt=59.3871ms, rto=200ms
Requesting segment #5960
Received segment #5946, rtt=59.4133ms, rto=200ms
Requesting segment #5961
Received segment #5947, rtt=59.4349ms, rto=200ms
Requesting segment #5962
Received segment #5948, rtt=58.5669ms, rto=200ms
Requesting segment #5963
Received segment #5949, rtt=60.2059ms, rto=200ms
Requesting segment #5964
Received segment #5950, rtt=60.1073ms, rto=200ms
Requesting segment #5965
Received segment #5951, rtt=61.9514ms, rto=200ms
Requesting segment #5966
Received segment #5952, rtt=60.7088ms, rto=200ms
Requesting segment #5967
Received segment #5953, rtt=61.2268ms, rto=200ms
Requesting segment #5968
Requesting segment #5969
Received segment #5954, rtt=62.0376ms, rto=200ms
Requesting segment #5970
Received segment #5955, rtt=60.6961ms, rto=200ms
Requesting segment #5971
Received segment #5956, rtt=59.9557ms, rto=200ms
Requesting segment #5972
Received segment #5957, rtt=59.9153ms, rto=200ms
Requesting segment #5973
Received segment #5958, rtt=58.0026ms, rto=200ms
Requesting segment #5974
Received segment #5959, rtt=59.5748ms, rto=200ms
Requesting segment #5975
Received segment #5960, rtt=58.3854ms, rto=200ms
Requesting segment #5976
Received segment #5961, rtt=57.5134ms, rto=200ms
Requesting segment #5977
Received segment #5962, rtt=57.3912ms, rto=200ms
Requesting segment #5978
Received segment #5963, rtt=59.3198ms, rto=200ms
Requesting segment #5979
Received segment #5964, rtt=57.2637ms, rto=200ms
Requesting segment #5980
Received segment #5965, rtt=57.9903ms, rto=200ms
Requesting segment #5981
Received segment #5966, rtt=55.8607ms, rto=200ms
Requesting segment #5982
Received segment #5967, rtt=57.148ms, rto=200ms
Requesting segment #5983
Received segment #5968, rtt=57.2654ms, rto=200ms
Requesting segment #5984
Received segment #5969, rtt=58.5644ms, rto=200ms
Requesting segment #5985
Requesting segment #5986
Received segment #5970, rtt=57.5074ms, rto=200ms
Requesting segment #5987
Received segment #5971, rtt=57.7741ms, rto=200ms
Requesting segment #5988
Received segment #5972, rtt=59.1819ms, rto=200ms
Requesting segment #5989
Received segment #5973, rtt=58.4713ms, rto=200ms
Requesting segment #5990
Received segment #5974, rtt=51.6076ms, rto=200ms
Requesting segment #5991
Received segment #5975, rtt=49.1767ms, rto=200ms
Requesting segment #5992
Received segment #5976, rtt=52.1001ms, rto=200ms
Requesting segment #5993
Received segment #5977, rtt=52.6045ms, rto=200ms
Requesting segment #5994
Received segment #5978, rtt=52.7397ms, rto=200ms
Requesting segment #5995
Received segment #5979, rtt=51.3185ms, rto=200ms
Requesting segment #5996
Received segment #5980, rtt=52.7036ms, rto=200ms
Requesting segment #5997
Received segment #5981, rtt=51.6678ms, rto=200ms
Requesting segment #5998
Received segment #5982, rtt=52.0532ms, rto=200ms
Requesting segment #5999
Received segment #5983, rtt=51.9903ms, rto=200ms
Requesting segment #6000
Received segment #5984, rtt=52.7246ms, rto=200ms
Requesting segment #6001
Received segment #5985, rtt=52.8051ms, rto=200ms
Requesting segment #6002
Received segment #5986, rtt=54.2262ms, rto=200ms
Requesting segment #6003
Requesting segment #6004
Received segment #5987, rtt=54.458ms, rto=200ms
Requesting segment #6005
Received segment #5988, rtt=54.1697ms, rto=200ms
Requesting segment #6006
Received segment #5989, rtt=53.4532ms, rto=200ms
Requesting segment #6007
Received segment #5990, rtt=54.2153ms, rto=200ms
Requesting segment #6008
Received segment #5991, rtt=41.0785ms, rto=200ms
Requesting segment #6009
Received segment #5992, rtt=41.2683ms, rto=200ms
Requesting segment #6010
Received segment #5993, rtt=39.401ms, rto=200ms
Requesting segment #6011
Received segment #5994, rtt=40.4411ms, rto=200ms
Requesting segment #6012
Received segment #5995, rtt=42.2872ms, rto=200ms
Requesting segment #6013
Received segment #5996, rtt=42.1877ms, rto=200ms
Requesting segment #6014
Received segment #5997, rtt=43.4867ms, rto=200ms
Requesting segment #6015
Received segment #5998, rtt=43.5963ms, rto=200ms
Requesting segment #6016
Received segment #5999, rtt=43.6423ms, rto=200ms
Requesting segment #6017
Received segment #6000, rtt=43.6081ms, rto=200ms
Requesting segment #6018
Received segment #6001, rtt=44.2796ms, rto=200ms
Requesting segment #6019
Received segment #6002, rtt=43.6027ms, rto=200ms
Requesting segment #6020
Received segment #6003, rtt=43.5746ms, rto=200ms
Requesting segment #6021
Received segment #6004, rtt=44.9485ms, rto=200ms
Requesting segment #6022
Requesting segment #6023
Received segment #6005, rtt=45.6782ms, rto=200ms
Requesting segment #6024
Received segment #6006, rtt=45.42ms, rto=200ms
Requesting segment #6025
Received segment #6007, rtt=45.6424ms, rto=200ms
Requesting segment #6026
Received segment #6008, rtt=45.6444ms, rto=200ms
Requesting segment #6027
Received segment #6009, rtt=43.0211ms, rto=200ms
Requesting segment #6028
Received segment #6010, rtt=43.63ms, rto=200ms
Requesting segment #6029
Received segment #6011, rtt=43.0023ms, rto=200ms
Requesting segment #6030
Received segment #6012, rtt=42.3918ms, rto=200ms
Requesting segment #6031
Received segment #6013, rtt=42.686ms, rto=200ms
Requesting segment #6032
Received segment #6014, rtt=43.7763ms, rto=200ms
Requesting segment #6033
Received segment #6015, rtt=44.3711ms, rto=200ms
Requesting segment #6034
Received segment #6016, rtt=46.6845ms, rto=200ms
Requesting segment #6035
Received segment #6017, rtt=46.9572ms, rto=200ms
Requesting segment #6036
Received segment #6018, rtt=47.5947ms, rto=200ms
Requesting segment #6037
Received segment #6019, rtt=46.4686ms, rto=200ms
Requesting segment #6038
Received segment #6020, rtt=47.4293ms, rto=200ms
Requesting segment #6039
Received segment #6021, rtt=47.3572ms, rto=200ms
Requesting segment #6040
Received segment #6022, rtt=47.4246ms, rto=200ms
Requesting segment #6041
Received segment #6023, rtt=48.6877ms, rto=200ms
Requesting segment #6042
Requesting segment #6043
Received segment #6024, rtt=47.9888ms, rto=200ms
Requesting segment #6044
Received segment #6025, rtt=49.8108ms, rto=200ms
Requesting segment #6045
Received segment #6026, rtt=49.555ms, rto=200ms
Requesting segment #6046
Received segment #6027, rtt=48.8425ms, rto=200ms
Requesting segment #6047
Received segment #6028, rtt=43.327ms, rto=200ms
Requesting segment #6048
Received segment #6029, rtt=43.999ms, rto=200ms
Requesting segment #6049
Received segment #6030, rtt=43.4626ms, rto=200ms
Requesting segment #6050
Received segment #6031, rtt=43.5936ms, rto=200ms
Requesting segment #6051
Received segment #6032, rtt=42.8565ms, rto=200ms
Requesting segment #6052
Received segment #6033, rtt=44.5912ms, rto=200ms
Requesting segment #6053
Received segment #6034, rtt=45.3896ms, rto=200ms
Requesting segment #6054
Received segment #6035, rtt=46.8775ms, rto=200ms
Requesting segment #6055
Received segment #6036, rtt=47.3751ms, rto=200ms
Requesting segment #6056
Received segment #6037, rtt=47.9667ms, rto=200ms
Requesting segment #6057
Received segment #6038, rtt=48.3143ms, rto=200ms
Requesting segment #6058
Received segment #6039, rtt=48.0883ms, rto=200ms
Requesting segment #6059
Received segment #6040, rtt=48.1416ms, rto=200ms
Requesting segment #6060
Received segment #6041, rtt=48.2572ms, rto=200ms
Requesting segment #6061
Received segment #6042, rtt=48.9087ms, rto=200ms
Requesting segment #6062
Received segment #6043, rtt=49.5371ms, rto=200ms
Requesting segment #6063
Requesting segment #6064
Received segment #6044, rtt=49.4644ms, rto=200ms
Requesting segment #6065
Received segment #6045, rtt=47.8953ms, rto=200ms
Requesting segment #6066
Received segment #6046, rtt=48.6505ms, rto=200ms
Requesting segment #6067
Received segment #6047, rtt=50.1228ms, rto=200ms
Requesting segment #6068
Received segment #6048, rtt=50.0389ms, rto=200ms
Requesting segment #6069
Received segment #6049, rtt=50.4407ms, rto=200ms
Requesting segment #6070
Received segment #6050, rtt=49.4089ms, rto=200ms
Requesting segment #6071
Received segment #6051, rtt=50.6484ms, rto=200ms
Requesting segment #6072
Received segment #6052, rtt=52.952ms, rto=200ms
Requesting segment #6073
Received segment #6053, rtt=51.3672ms, rto=200ms
Requesting segment #6074
Received segment #6054, rtt=49.6322ms, rto=200ms
Requesting segment #6075
Received segment #6055, rtt=51.455ms, rto=200ms
Requesting segment #6076
Received segment #6056, rtt=50.3471ms, rto=200ms
Requesting segment #6077
Received segment #6057, rtt=49.2136ms, rto=200ms
Requesting segment #6078
Received segment #6058, rtt=50.5217ms, rto=200ms
Requesting segment #6079
Received segment #6059, rtt=50.0539ms, rto=200ms
Requesting segment #6080
Received segment #6060, rtt=51.1508ms, rto=200ms
Requesting segment #6081
Received segment #6061, rtt=50.806ms, rto=200ms
Requesting segment #6082
Received segment #6062, rtt=50.198ms, rto=200ms
Requesting segment #6083
Received segment #6063, rtt=50.9946ms, rto=200ms
Requesting segment #6084
Received segment #6064, rtt=53.9299ms, rto=200ms
Requesting segment #6085
Requesting segment #6086
Received segment #6065, rtt=54.2046ms, rto=200ms
Requesting segment #6087
Received segment #6066, rtt=54.0194ms, rto=200ms
Requesting segment #6088
Received segment #6067, rtt=53.2936ms, rto=200ms
Requesting segment #6089
Received segment #6068, rtt=53.9914ms, rto=200ms
Received segment #6069, rtt=53.2591ms, rto=200ms
Received segment #6070, rtt=52.6377ms, rto=200ms
Received segment #6071, rtt=53.2623ms, rto=200ms
Received segment #6072, rtt=51.8616ms, rto=200ms
Received segment #6073, rtt=50.99ms, rto=200ms
Received segment #6074, rtt=53.3342ms, rto=200ms
Received segment #6075, rtt=54.48ms, rto=200ms
Received segment #6076, rtt=50.9734ms, rto=200ms
Received segment #6077, rtt=52.6658ms, rto=200ms
Received segment #6078, rtt=53.7852ms, rto=200ms
Received segment #6079, rtt=54.6244ms, rto=200ms
Requesting segment #6090
Requesting segment #6091
Received segment #6080, rtt=53.8737ms, rto=200ms
Requesting segment #6092
Received segment #6081, rtt=54.1132ms, rto=200ms
Requesting segment #6093
Received segment #6082, rtt=54.695ms, rto=200ms
Requesting segment #6094
Received segment #6083, rtt=54.4724ms, rto=200ms
Requesting segment #6095
Received segment #6084, rtt=54.4735ms, rto=200ms
Requesting segment #6096
Received segment #6085, rtt=52.8057ms, rto=200ms
Requesting segment #6097
Received segment #6086, rtt=54.1947ms, rto=200ms
Requesting segment #6098
Received segment #6087, rtt=53.9802ms, rto=200ms
Requesting segment #6099
Received segment #6088, rtt=55.1176ms, rto=200ms
Requesting segment #6100
Received segment #6089, rtt=54.4071ms, rto=200ms
Requesting segment #6101
Received segment #6090, rtt=44.7223ms, rto=200ms
Requesting segment #6102
Received segment #6091, rtt=45.777ms, rto=200ms
Requesting segment #6103
Received segment #6092, rtt=46.2569ms, rto=200ms
Received segment #6093, rtt=44.755ms, rto=200ms
Received segment #6094, rtt=47.2103ms, rto=200ms
Received segment #6095, rtt=47.96ms, rto=200ms
Received segment #6096, rtt=47.2227ms, rto=200ms
Received segment #6097, rtt=46.6847ms, rto=200ms
Received segment #6098, rtt=46.6082ms, rto=200ms
Received segment #6099, rtt=47.3419ms, rto=200ms
Received segment #6100, rtt=50.8061ms, rto=200ms
Received segment #6101, rtt=52.5924ms, rto=200ms
Received segment #6102, rtt=42.0459ms, rto=200ms
Received segment #6103, rtt=41.5563ms, rto=200ms


All segments have been received.
Time elapsed: 14.6489 seconds
Segments received: 6104
Transferred size: 50000 kB
Goodput: 27.305741 Mbit/s
Congestion marks: 37 (caused 31 window decreases)
Timeouts: 67 (caused 11 window decreases)
Retransmitted segments: 67 (1.08572%), skipped: 0
RTT min/avg/max = 4.069/53.926/372.702 ms

I/O Time: 9902 μs
Call Count: 6104
avg I/O Time: 1.62221 μs


=== Segmentation data from pro0.log ===
Segmenting took 292385 μs
