time	cwndsize
0.2952	11
0.297198	12
0.298571	13
0.299959	14
0.301334	15
0.3027	16
0.304108	17
0.305513	18
0.306209	19
0.306905	20
0.330224	21
0.331613	22
0.333007	23
0.334348	24
0.335832	25
0.337101	26
0.338486	27
0.339849	28
0.341223	29
0.342592	30
0.343979	31
0.345511	32
0.34687	33
0.348222	34
0.34963	35
0.351003	36
0.353203	37
0.354548	38
0.355893	39
0.357255	40
0.401302	41
0.402018	42
0.40336	43
0.404032	44
0.404736	45
0.405436	46
0.406968	47
0.408204	48
0.408941	49
0.409589	50
0.410973	51
0.411625	52
0.412435	53
0.413011	54
0.413742	55
0.414422	56
0.415144	57
0.41644	58
0.417137	59
0.418454	60
0.419121	61
0.419847	62
0.420544	63
0.421246	64
0.421937	65
0.422606	66
0.423301	67
0.424148	68
0.425418	69
0.426707	70
0.427419	71
0.42812	72
0.428864	73
0.429573	74
0.431101	75
0.432283	76
0.432984	77
0.434389	78
0.435714	79
0.437115	80
0.53425	81
0.535581	82
0.536989	83
0.538379	84
0.539731	85
0.541071	86
0.542484	87
0.54385	88
0.545842	89
0.54717	90
0.548545	91
0.549947	92
0.55134	93
0.552711	94
0.554073	95
0.555467	96
0.556836	97
0.558461	98
0.559589	99
0.5613	100
0.56285	101
0.56406	102
0.565404	103
0.566783	104
0.568189	105
0.569518	106
0.570928	107
0.57165	108
0.572338	109
0.573013	110
0.573676	111
0.574357	112
0.575086	113
0.575741	114
0.577096	115
0.577773	116
0.578479	117
0.579155	118
0.58053	119
0.58271	120
0.584041	121
0.585421	122
0.586825	123
0.588177	124
0.588938	125
0.590538	126
0.591727	127
0.592323	128
0.593099	129
0.593722	130
0.595122	131
0.595791	132
0.596464	133
0.5972	134
0.598574	135
0.599925	136
0.600615	137
0.601993	138
0.603484	139
0.604813	140
0.606099	141
0.607475	142
0.608857	143
0.610261	144
0.61095	145
0.611638	146
0.612307	147
0.613018	148
0.613693	149
0.614451	150
0.615781	151
0.617667	152
0.618592	153
0.619924	154
0.620599	155
0.621296	156
0.621977	157
0.623396	158
0.624789	159
0.626138	160
0.644948	161
0.646305	162
0.649256	163
0.65062	164
0.651967	165
0.653337	166
0.65521	167
0.656588	168
0.657949	169
0.659359	170
0.660858	171
0.662098	172
0.663585	173
0.665026	174
0.667038	175
0.667313	176
0.667685	177
0.669035	178
0.670539	179
0.671767	180
0.674362	181
0.675629	182
0.677008	183
0.678367	184
0.679689	185
0.681173	186
0.682541	187
0.683461	188
0.683932	189
0.685986	190
0.686655	191
0.687346	192
0.688058	193
0.689544	194
0.690776	195
0.692159	196
0.693602	197
0.695055	198
0.69702	199
0.69782	200
0.699174	201
0.701237	202
0.701924	203
0.704074	204
0.705394	205
0.706764	206
0.707481	207
0.708859	208
0.709586	209
0.710893	210
0.712264	211
0.713655	212
0.71501	213
0.71641	214
0.717754	215
0.719136	216
0.720511	217
0.721877	218
0.723261	219
0.724641	220
0.725385	221
0.726707	222
0.728109	223
0.729473	224
0.731769	225
0.733167	226
0.734922	227
0.736284	228
0.73768	229
0.739045	230
0.740433	231
0.741801	232
0.743163	233
0.744531	234
0.745918	235
0.747292	236
0.748713	237
0.750224	238
0.751462	239
0.752123	240
0.752848	241
0.75421	242
0.755625	243
0.756298	244
0.757019	245
0.75836	246
0.759721	247
0.760405	248
0.761286	249
0.762492	250
0.763854	251
0.764559	252
0.765278	253
0.76666	254
0.76807	255
0.768743	256
0.769435	257
0.770133	128.5
0.770814	128.508
0.771504	128.516
0.772192	128.523
0.772963	128.531
0.773624	128.539
0.774297	128.547
0.775035	128.555
0.775671	128.562
0.776395	128.57
0.777098	128.578
0.777725	128.586
0.778477	128.594
0.779111	128.602
0.779799	128.609
0.780546	128.617
0.781189	128.625
0.782002	128.633
0.782697	128.641
0.783495	128.648
0.784525	128.656
0.78479	128.664
0.785439	128.672
0.786173	128.68
0.787063	128.688
0.788292	128.695
0.789637	128.703
0.790983	128.711
0.792402	128.719
0.793729	128.727
0.794426	128.734
0.79581	128.742
0.797988	128.75
0.799367	128.758
0.800785	128.766
0.802191	128.773
0.80313	128.781
0.80358	128.789
0.804347	128.797
0.805736	128.805
0.806182	128.812
0.807086	128.82
0.808226	128.828
0.809558	128.836
0.811124	128.844
0.812438	128.852
0.813871	128.859
0.814548	128.867
0.815115	128.875
0.815842	128.883
0.816456	128.891
0.817243	128.898
0.8178	128.906
0.818486	128.914
0.819191	128.922
0.821648	128.93
0.822453	128.938
0.823102	128.945
0.824461	128.953
0.82589	128.961
0.826489	128.969
0.827259	128.977
0.827893	128.984
0.853415	128.992
0.854084	129
0.854775	129.008
0.855454	129.016
0.856159	129.023
0.856879	129.031
0.85752	129.039
0.858216	129.047
0.860348	129.054
0.861051	129.062
0.86172	129.07
0.862412	129.078
0.863122	129.085
0.863777	129.093
0.864507	129.101
0.865149	129.109
0.865833	129.116
0.866535	129.124
0.867222	129.132
0.867924	129.14
0.868637	129.147
0.869359	129.155
0.870252	129.163
0.872415	129.171
0.873157	129.178
0.874227	129.186
0.876072	129.194
0.876353	129.202
0.877041	129.209
0.877734	129.217
0.878423	129.225
0.879087	129.233
0.879779	129.24
0.880498	129.248
0.881329	129.256
0.881845	129.264
0.883223	129.271
0.88389	129.279
0.884589	129.287
0.885273	129.295
0.886516	129.302
0.887033	129.31
0.887764	129.318
0.888525	129.326
0.889099	129.333
0.889843	129.341
0.890618	129.349
0.89271	129.357
0.89339	129.364
0.894095	129.372
0.894789	129.38
0.895463	129.388
0.896146	129.395
0.896835	129.403
0.897526	129.411
0.898214	129.419
0.898908	129.426
0.899595	129.434
0.90028	129.442
0.900997	129.45
0.901641	129.457
0.902339	129.465
0.903058	129.473
0.903713	129.481
0.9044	129.488
0.905091	129.496
0.905783	129.504
0.906459	129.512
0.907175	129.519
0.907963	129.527
0.908593	129.535
0.909331	129.543
0.910655	129.55
0.912159	129.558
0.913487	129.566
0.914852	129.574
0.91656	129.581
0.917082	129.589
0.917861	129.597
0.919198	129.605
0.920526	129.612
0.921905	129.62
0.923294	129.628
0.924633	129.636
0.926002	129.643
0.927374	129.651
0.928098	129.659
0.928744	129.667
0.929436	129.674
0.930801	129.682
0.932222	129.69
0.932914	129.698
0.933554	129.705
0.93424	129.713
0.934943	129.721
0.936336	129.729
0.937695	129.736
0.941874	129.744
0.943878	129.752
0.948003	129.76
0.95007	129.767
0.951471	129.775
0.952836	129.783
0.95421	129.791
0.956258	129.798
0.958335	129.806
0.959706	129.814
0.968669	129.822
0.970071	129.829
0.970757	129.837
0.97144	129.845
0.97213	129.853
0.97281	129.86
0.973523	129.868
0.974187	129.876
0.974871	129.884
0.975555	129.891
0.976249	129.899
0.97695	129.907
0.977628	129.915
0.978297	129.922
0.979004	129.93
0.979683	129.938
0.980373	129.946
0.981107	129.953
0.981755	129.961
0.982439	129.969
0.983118	129.977
0.983807	129.984
0.984496	129.992
0.985873	130
0.986555	130.008
0.987988	130.015
0.988659	130.023
0.989462	130.031
0.99012	130.039
0.990825	130.046
0.991626	130.054
0.992207	130.062
0.992881	130.069
0.993837	130.077
0.99446	130.085
0.995172	130.092
0.995831	130.1
0.996586	130.108
0.99725	130.115
0.997941	130.123
0.998586	130.131
0.999443	130.139
0.999975	130.146
1.00067	130.154
1.00143	130.162
1.0021	130.169
1.00304	130.177
1.00366	130.185
1.00499	130.192
1.0066	130.2
1.00731	130.208
1.00866	130.215
1.01004	130.223
1.0114	130.231
1.01378	130.239
1.01514	130.246
1.0165	130.254
1.01856	130.262
1.01926	130.269
1.02133	130.277
1.02276	130.285
1.02408	130.292
1.02475	130.3
1.02618	130.308
1.02756	130.315
1.02823	130.323
1.02979	130.331
1.03098	130.339
1.03283	130.346
1.03437	130.354
1.03574	130.362
1.03731	130.369
1.03797	130.377
1.0398	130.385
1.04047	130.392
1.04115	130.4
1.04183	130.408
1.04254	130.415
1.04322	130.423
1.0446	130.431
1.04674	130.439
1.0474	130.446
1.04854	130.454
1.04923	130.462
1.04994	130.469
1.05061	130.477
1.06997	65.2385
1.07164	65.2539
1.07237	65.2693
1.07308	65.2846
1.07372	65.3
1.07441	65.3154
1.07635	65.3308
1.07813	65.3462
1.07886	65.3616
1.07951	65.377
1.08015	65.3923
1.08086	65.4077
1.08152	65.4231
1.0822	65.4385
1.0829	65.4539
1.08433	65.4693
1.08499	65.4846
1.08566	65.5
1.087	65.5154
1.08768	65.5308
1.08838	65.5462
1.0891	65.5616
1.08975	65.577
1.09044	65.5923
1.09118	65.6077
1.09181	65.6231
1.09427	65.6385
1.09582	65.6539
1.09655	65.6693
1.09723	65.6846
1.09796	65.7
1.09897	65.7154
1.09965	65.7308
1.10035	65.7462
1.10103	65.7616
1.10177	65.777
1.10239	65.7923
1.10307	65.8077
1.10375	65.8231
1.1048	65.8385
1.10552	65.8539
1.10612	65.8693
1.10675	65.8846
1.10746	65.9
1.10816	65.9154
1.10911	65.9308
1.1098	65.9462
1.11047	65.9616
1.11124	65.977
1.11185	65.9923
1.11258	66.0077
1.11326	66.0229
1.1139	66.038
1.11461	66.0532
1.11529	66.0683
1.11601	66.0835
1.11675	66.0986
1.11739	66.1138
1.11806	66.1289
1.11874	66.1441
1.11944	66.1592
1.12013	66.1744
1.12084	66.1895
1.12153	66.2047
1.12225	66.2198
1.12292	66.235
1.1236	66.2501
1.12427	66.2653
1.12496	66.2804
1.13474	66.2956
1.13546	66.3108
1.13598	66.3259
1.13666	66.3411
1.13737	66.3562
1.13807	66.3714
1.13874	66.3865
1.13941	66.4017
1.14012	66.4168
1.1408	66.432
1.14158	66.4471
1.14231	66.4623
1.14291	66.4774
1.14359	66.4926
1.14429	66.5077
1.14501	66.5229
1.14568	66.538
1.14637	66.5532
1.14706	66.5683
1.14775	66.5835
1.14844	66.5986
1.14913	66.6138
1.14981	66.6289
1.15049	66.6441
1.15119	66.6592
1.15194	66.6744
1.15264	66.6895
1.15333	66.7047
1.15409	66.7198
1.15475	66.735
1.15544	66.7501
1.15615	66.7653
1.15683	66.7804
1.15752	66.7956
1.15821	66.8108
1.15888	66.8259
1.1596	66.8411
1.16051	66.8562
1.1613	66.8714
1.16242	66.8865
1.163	66.9017
1.16367	66.9168
1.16437	66.932
1.16503	66.9471
1.16574	66.9623
1.16647	66.9774
1.16712	66.9926
1.16782	67.0077
1.1685	67.0226
1.1692	67.0376
1.16986	67.0525
1.17053	67.0674
1.17122	67.0823
1.17192	67.0973
1.17265	67.1122
1.17334	67.1271
1.17402	67.1421
1.17473	67.157
1.1886	67.1719
1.19065	67.1868
1.193	67.2018
1.19408	67.2167
1.19547	67.2316
1.19685	67.2465
1.19822	67.2615
1.20031	67.2764
1.201	67.2913
1.20168	67.3062
1.20243	67.3212
1.20305	67.3361
1.20374	67.351
1.20444	67.3659
1.20517	67.3809
1.20589	67.3958
1.20651	67.4107
1.20721	67.4256
1.20788	67.4406
1.20858	33.7203
1.20937	33.7506
1.2107	33.7809
1.21213	33.8112
1.2128	33.8415
1.21346	33.8718
1.21415	33.9021
1.21482	33.9324
1.2155	33.9627
1.21619	33.993
1.21695	34.0233
1.21762	34.0527
1.21831	34.0821
1.21902	34.1115
1.21967	34.141
1.22039	34.1704
1.22108	34.1998
1.2218	34.2292
1.22251	34.2586
1.22321	34.288
1.2239	34.3174
1.22473	34.3468
1.22529	34.3763
1.22666	34.4057
1.22737	34.4351
1.22804	34.4645
1.2287	34.4939
1.22938	34.5233
1.23009	34.5527
1.23077	34.5821
1.23158	34.6115
1.23216	34.641
1.23283	34.6704
1.23421	34.6998
1.23489	34.7292
1.23562	34.7586
1.23625	34.788
1.23765	34.8174
1.23835	34.8468
1.23905	34.8763
1.23971	34.9057
1.24039	34.9351
1.24112	34.9645
1.24178	34.9939
1.24255	35.0233
1.24314	35.0519
1.24388	35.0805
1.25086	35.109
1.25153	35.1376
1.25292	35.1662
1.25358	35.1947
1.25498	35.2233
1.25631	35.2519
1.25707	35.2805
1.26048	35.309
1.26117	35.3376
1.26184	35.3662
1.26392	35.3947
1.26531	35.4233
1.26598	35.4519
1.26667	35.4805
1.26734	35.509
1.26806	35.5376
1.26953	35.5662
1.27014	35.5947
1.28128	35.6233
1.28194	35.6519
1.28267	35.6805
1.28331	35.709
1.28397	35.7376
1.28466	35.7662
1.2854	35.7947
1.28605	35.8233
1.28673	35.8519
1.2874	35.8805
1.2888	35.909
1.28953	35.9376
1.29018	35.9662
1.29085	35.9947
1.29154	36.0233
1.29292	36.0511
1.30062	36.0789
1.30205	36.1066
1.30339	36.1344
1.30544	36.1622
1.30613	36.19
1.30681	36.2178
1.30754	36.2455
1.30829	36.2733
1.30895	36.3011
1.3096	36.3289
1.31025	36.3566
1.31096	36.3844
1.31168	36.4122
1.31233	36.44
1.31304	36.4678
1.3137	36.4955
1.31451	36.5233
1.3165	36.5511
1.31745	36.5789
1.31867	36.6066
1.31934	36.6344
1.32007	36.6622
1.32074	36.69
1.32148	36.7178
1.32212	36.7455
1.32276	36.7733
1.32413	36.8011
1.32556	36.8289
1.32703	36.8566
1.32762	36.8844
1.3283	36.9122
1.32901	36.94
1.32964	36.9678
1.33031	36.9955
1.33103	37.0233
1.33169	37.0503
1.34559	37.0774
1.34775	37.1044
1.34834	37.1314
1.3497	37.1584
1.35111	37.1855
1.35247	37.2125
1.35329	37.2395
1.35391	37.2666
1.35453	37.2936
1.35591	37.3206
1.35657	37.3476
1.3573	18.6738
1.35796	18.7294
1.35867	18.7849
1.36076	18.8405
1.3628	18.896
1.36418	18.9516
1.3664	19.0072
1.36705	19.0598
1.37811	19.1124
1.37893	19.165
1.38014	19.2177
1.38149	19.2703
1.38217	19.3229
1.38288	19.3756
1.38357	19.4282
1.38425	19.4808
1.38572	19.5335
1.38631	19.5861
1.387	19.6387
1.38771	19.6914
1.38836	19.744
1.38907	19.7966
1.38976	19.8493
1.39044	19.9019
1.39118	19.9545
1.39469	20.0072
1.39609	20.0572
1.39677	20.1072
1.39747	20.1572
1.39836	20.2072
1.40229	20.2572
1.40364	20.3072
1.40438	20.3572
1.40503	20.4072
1.40572	20.4572
1.40709	20.5072
1.4114	20.5572
1.41274	20.6072
1.41341	20.6572
1.41412	20.7072
1.41478	20.7572
1.41551	20.8072
1.41617	20.8572
1.41693	20.9072
1.42528	20.9572
1.42599	21.0072
1.42667	21.0548
1.42876	21.1024
1.42943	21.15
1.43018	21.1976
1.4315	21.2452
1.43226	21.2929
1.43368	21.3405
1.43427	21.3881
1.43564	21.4357
1.43641	21.4833
1.44338	21.531
1.444	21.5786
1.4447	21.6262
1.44608	21.6738
1.44682	21.7214
1.44746	21.7691
1.44814	21.8167
1.45446	21.8643
1.45938	21.9119
1.46005	21.9595
1.46074	22.0072
1.46217	22.0526
1.46349	22.0981
1.46489	22.1435
1.46904	22.189
1.47037	22.2344
1.47175	22.2799
1.47317	22.3253
1.47451	22.3708
1.4752	22.4162
1.47589	22.4617
1.4829	22.5072
1.48425	22.5526
1.48565	22.5981
1.48701	22.6435
1.48774	22.689
1.49118	22.7344
1.4953	22.7799
1.49596	22.8253
1.50435	22.8708
1.50504	22.9162
1.50575	22.9617
1.50716	23.0072
1.50851	23.0506
1.50988	23.0941
1.51058	23.1376
1.51199	23.1811
1.51358	23.2245
1.51541	23.268
1.51685	23.3115
1.51817	23.355
1.51888	11.6775
1.5196	11.7684
1.53208	11.8593
1.53353	11.9502
1.53496	12.0411
1.53619	12.1245
1.53835	12.2078
1.54173	12.2911
1.54307	12.3745
1.55428	12.4578
1.55492	12.5411
1.5563	12.6245
1.5571	12.7078
1.55834	12.7911
1.55909	12.8745
1.56044	12.9578
1.56183	13.0411
1.5625	13.118
1.56387	13.195
1.56466	13.2719
1.5655	13.3488
1.56597	13.4257
1.59447	13.5027
1.59582	13.5796
1.59722	13.6565
1.59859	13.7334
1.59927	13.8104
1.60066	13.8873
1.60204	13.9642
1.60269	14.0411
1.60412	14.1126
1.60547	14.184
1.60701	14.2554
1.60825	14.3268
1.60965	14.3983
1.64754	14.4697
1.64889	14.5411
1.65026	14.6126
1.65231	14.684
1.65517	14.7554
1.65729	14.8268
1.65856	14.8983
1.65924	14.9697
1.65993	15.0411
1.66131	15.1078
1.66198	15.1745
1.66271	15.2411
1.66346	15.3078
1.66404	15.3745
1.69127	15.4411
1.69214	15.5078
1.69372	15.5745
1.6955	15.6411
1.69691	15.7078
1.69761	15.7745
1.69837	15.8411
1.69911	15.9078
1.69977	15.9745
1.70043	16.0411
1.70113	16.1036
1.70178	16.1661
1.70261	16.2286
1.70322	16.2911
1.70464	16.3536
1.72788	16.4161
1.72927	16.4786
1.73061	16.5411
1.73205	16.6036
1.73274	16.6661
1.73339	16.7286
1.73474	16.7911
1.73612	16.8536
1.73683	16.9161
1.73824	16.9786
1.73888	17.0411
1.73956	17.0999
1.74096	17.1588
1.74246	17.2176
1.7437	17.2764
1.74508	17.3352
1.76052	17.3941
1.76189	17.4529
1.76336	17.5117
1.76465	17.5705
1.76601	17.6294
1.76737	17.6882
1.76876	17.747
1.77014	17.8058
1.77152	17.8647
1.77287	17.9235
1.77425	17.9823
1.77562	18.0411
1.77706	18.0967
1.77842	18.1522
1.77906	18.2078
1.78044	18.2633
1.78117	18.3189
1.80678	18.3745
1.80823	18.43
1.80953	18.4856
1.8109	18.5411
1.81226	18.5967
1.81363	18.6522
1.81512	18.7078
1.81645	18.7633
1.81782	18.8189
1.8192	18.8745
1.82058	18.93
1.82197	18.9856
1.82333	19.0411
1.82475	19.0938
1.82608	19.1464
1.82758	19.199
1.82952	19.2517
1.83091	19.3043
1.8614	19.3569
1.86277	19.4095
1.86413	19.4622
1.86557	19.5148
1.86697	19.5674
1.86827	19.6201
1.86964	19.6727
1.87101	19.7253
1.87238	19.778
1.8738	19.8306
1.87516	19.8832
1.87652	19.9359
1.8779	19.9885
1.8793	20.0411
1.88063	20.0911
1.88207	20.1411
1.88337	20.1911
1.88475	20.2411
1.88624	20.2911
1.90285	20.3411
1.90423	20.3911
1.90577	20.4411
1.90707	20.4911
1.90986	20.5411
1.91123	20.5911
1.91189	20.6411
1.91322	20.6911
1.91464	20.7411
1.91533	20.7911
1.91675	20.8411
1.91756	20.8911
1.91881	10.4456
1.91943	10.5456
1.92084	10.6456
1.92148	10.7456
1.92287	10.8456
1.92427	10.9456
1.92562	11.0456
1.92699	11.1365
1.94724	11.2274
1.94857	11.3183
1.95001	11.4092
1.95138	11.5001
1.95271	11.591
1.95405	11.6819
1.95543	11.7728
1.9568	11.8637
1.95817	11.9547
1.95959	12.0456
1.96094	12.1289
1.96233	12.2122
1.98606	12.2956
1.98738	12.3789
1.98809	12.4622
1.9894	12.5456
1.99083	12.6289
1.99146	12.7122
1.99214	12.7956
1.99284	12.8789
1.99356	12.9622
1.99433	13.0456
1.99559	13.1225
1.997	13.1994
2.01153	13.2763
2.01359	13.3533
2.01496	13.4302
2.01635	13.5071
2.0177	13.584
2.01911	13.6609
2.02049	13.7379
2.02183	13.8148
2.02323	13.8917
2.02457	13.9686
2.02595	14.0456
2.02735	14.117
2.02869	14.1884
2.04121	14.2598
2.0432	14.3313
2.0453	14.4027
2.04735	14.4741
2.05147	14.5456
2.05303	14.617
2.05421	14.6884
2.05628	14.7598
2.05765	14.8313
2.05908	14.9027
2.06111	14.9741
2.06245	15.0456
2.06385	15.1122
2.06526	15.1789
2.08183	15.2456
2.08319	15.3122
2.08458	15.3789
2.088	15.4456
2.09286	15.5122
2.09348	15.5789
2.09487	15.6456
2.09626	15.7122
2.09763	15.7789
2.09832	15.8456
2.09968	15.9122
2.10107	15.9789
2.10175	16.0456
2.10312	16.1081
2.10519	16.1706
2.12384	16.2331
2.12529	16.2956
2.12658	16.3581
2.12934	16.4206
2.13284	16.4831
2.13417	16.5456
2.13554	16.6081
2.13761	16.6706
2.13981	16.7331
2.14106	16.7956
2.14241	16.8581
2.14381	16.9206
2.14518	16.9831
2.14656	17.0456
2.14861	17.1044
2.15067	17.1632
2.168	17.222
2.16936	17.2809
2.17139	17.3397
2.17275	17.3985
2.17549	17.4573
2.17687	17.5162
2.17832	17.575
2.18103	17.6338
2.18307	17.6926
2.18581	17.7514
2.1872	17.8103
2.18861	17.8691
2.18927	17.9279
2.19	17.9867
2.19203	18.0456
2.19342	18.1011
2.19476	18.1567
2.21276	18.2122
2.21415	18.2678
2.21551	18.3233
2.21619	18.3789
2.21692	18.4345
2.21757	18.49
2.21898	18.5456
2.21965	18.6011
2.22171	18.6567
2.22239	18.7122
2.22514	18.7678
2.22582	18.8233
2.22654	18.8789
2.2272	18.9345
2.22787	18.99
2.22928	19.0456
2.23065	19.0982
2.23272	19.1508
2.25138	19.2035
2.25274	19.2561
2.2534	19.3087
2.25477	19.3614
2.25547	19.414
2.25615	19.4666
2.25825	19.5192
2.25891	19.5719
2.26098	19.6245
2.26234	19.6771
2.26577	19.7298
2.26646	19.7824
2.26716	19.835
2.26785	19.8877
2.26921	19.9403
2.27068	19.9929
2.27127	20.0456
2.27197	20.0956
2.27332	20.1456
2.2927	20.1956
2.29336	20.2456
2.29405	20.2956
2.29472	20.3456
2.29553	10.1728
2.29609	10.2728
2.29682	10.3728
2.29748	10.4728
2.29815	10.5728
2.29885	10.6728
2.3009	10.7728
2.30158	10.8728
2.30298	10.9728
2.30434	11.0728
2.30591	11.1637
2.30721	11.2546
2.30931	11.3455
2.30997	11.4364
2.31135	11.5273
2.31828	11.6182
2.33094	11.7091
2.33163	11.8001
2.3323	11.891
2.33303	11.9819
2.33441	12.0728
2.33509	12.1561
2.33654	12.2394
2.3378	12.3228
2.33916	12.4061
2.33987	12.4894
2.35158	12.5728
2.36883	12.6561
2.36951	12.7394
2.37019	12.8228
2.37088	12.9061
2.37159	12.9894
2.37227	13.0728
2.37365	13.1497
2.37435	13.2266
2.3757	6.61331
2.37709	6.77998
2.37844	6.94665
2.38053	7.11331
2.40194	7.25617
2.40331	7.39903
2.4054	7.54189
2.40747	7.68474
2.4095	7.8276
2.41019	7.97046
2.41225	8.11331
2.41362	8.23831
2.41502	8.36331
2.42901	8.48831
2.43172	8.61331
2.43381	8.73831
2.43517	8.86331
2.43861	8.98831
2.43931	9.11331
2.45455	9.22442
2.45523	9.33554
2.456	9.44665
2.45661	9.55776
2.458	9.66887
2.45863	9.77998
2.46074	9.89109
2.46279	10.0022
2.4635	10.1022
2.47729	10.2022
2.47796	10.3022
2.47863	10.4022
2.48421	10.5022
2.48699	10.6022
2.48902	10.7022
2.49108	10.8022
2.49246	10.9022
2.49382	11.0022
2.49527	11.0931
2.49865	11.184
2.50571	11.2749
2.51498	11.3658
2.51502	11.4567
2.5229	11.5477
2.52296	11.6386
2.53309	11.7295
2.53512	11.8204
2.53927	11.9113
2.54064	12.0022
2.542	12.0855
2.54336	12.1689
2.54545	12.2522
2.5475	12.3355
2.55302	12.4189
2.55371	12.5022
2.55439	12.5855
2.56408	12.6689
2.56551	12.7522
2.57513	12.8355
2.57644	12.9189
2.57714	13.0022
2.57851	13.0791
2.58125	13.156
2.58194	13.233
2.58402	13.3099
2.58677	13.3868
2.58815	13.4637
2.59037	13.5407
2.598	13.6176
2.60075	13.6945
2.60487	13.7714
2.60637	13.8484
2.60694	13.9253
2.60969	14.0022
2.61177	14.0736
2.61524	14.1451
2.61657	14.2165
2.61728	14.2879
2.62002	14.3593
2.6235	14.4308
2.62552	14.5022
2.63468	14.5736
2.63672	14.6451
2.63881	14.7165
2.64155	7.35824
2.64221	7.5011
2.64429	7.64396
2.64567	7.78682
2.64846	7.92967
2.6498	8.07253
2.65047	8.19753
2.65188	8.32253
2.65257	8.44753
2.65324	8.57253
2.65393	8.69753
2.66572	8.82253
2.66779	8.94753
2.66912	9.07253
2.67945	9.18364
2.68081	9.29475
2.68222	9.40586
2.68356	9.51697
2.685	9.62809
2.70429	9.7392
2.70635	9.85031
2.70847	9.96142
2.70978	4.98071
2.71871	5.23071
2.72008	5.43071
2.72215	5.63071
2.72492	5.83071
2.72629	6.03071
2.74629	6.19738
2.74908	6.36404
2.75042	6.53071
2.76347	6.69738
2.7649	6.86404
2.76623	7.03071
2.78762	7.17357
2.78901	7.31642
2.78968	7.45928
2.79865	7.60214
2.80001	7.745
2.80204	7.88785
2.80345	8.03071
2.81796	8.15571
2.81935	8.28071
2.82072	8.40571
2.82829	8.53071
2.83037	8.65571
2.83242	8.78071
2.8338	8.90571
2.83519	9.03071
2.85107	9.14182
2.85176	9.25293
2.85247	9.36404
2.85862	9.47515
2.86011	9.58626
2.86214	9.69738
2.86343	9.80849
2.86481	9.9196
2.86619	4.9598
2.88145	5.2098
2.8828	5.4098
2.88416	5.6098
2.88693	5.8098
2.88829	6.0098
2.89102	6.17647
2.89239	6.34313
2.89446	6.5098
2.91391	6.67647
2.91525	6.84313
2.91658	7.0098
2.91866	7.15266
2.92001	7.29551
2.92207	7.43837
2.93941	7.58123
2.94006	7.72408
2.94077	7.86694
2.94213	8.0098
2.9442	8.1348
2.94557	8.2598
2.94625	8.3848
2.95041	8.5098
2.95248	8.6348
2.95458	8.7598
2.95528	8.8848
2.96698	9.0098
2.96836	9.12091
2.96974	9.23202
2.97184	9.34313
2.97458	9.45424
2.97665	9.56535
2.97872	9.67647
2.98151	9.78758
2.99181	9.89869
2.99318	10.0098
2.99525	10.1098
2.99662	10.2098
2.99801	10.3098
2.99937	10.4098
3.00076	10.5098
3.00291	10.6098
3.00767	10.7098
3.01388	10.8098
3.01596	10.9098
3.01668	11.0098
3.01873	11.1007
3.02008	11.1916
3.02149	11.2825
3.02423	11.3734
3.02634	11.4643
3.02767	11.5553
3.0332	11.6462
3.03804	11.7371
3.0401	11.828
3.04144	11.9189
3.04281	12.0098
3.04425	12.0931
3.0457	12.1765
3.04767	12.2598
3.05181	12.3431
3.05528	12.4265
3.05665	12.5098
3.05873	12.5931
3.06353	12.6765
3.06569	12.7598
3.06629	12.8431
3.06699	12.9265
3.06766	13.0098
3.06981	13.0867
3.07116	13.1636
3.07252	13.2406
3.07872	13.3175
3.0822	13.3944
3.08289	13.4713
3.0836	13.5483
3.08701	13.6252
3.08977	13.7021
3.09184	13.779
3.09392	13.856
3.0946	13.9329
3.09596	14.0098
3.09735	14.0812
3.09806	14.1527
3.09875	14.2241
3.10016	14.2955
3.10635	14.3669
3.1077	14.4384
3.10909	14.5098
3.11252	14.5812
3.11457	14.6527
3.11596	14.7241
3.11732	14.7955
3.11868	14.8669
3.1201	14.9384
3.12145	15.0098
3.12491	15.0765
3.12564	15.1431
3.12633	15.2098
3.12769	15.2765
3.12909	15.3431
3.12979	7.67157
3.13114	7.81442
3.13391	7.95728
3.13527	8.10014
3.13596	8.22514
3.13732	8.35014
3.13872	8.47514
3.14008	8.60014
3.14351	8.72514
3.1449	8.85014
3.14629	8.97514
3.15043	9.10014
3.1518	9.21125
3.1539	9.32236
3.15525	9.43347
3.15942	9.54458
3.16226	9.65569
3.16354	9.7668
3.16496	9.87792
3.17043	9.98903
3.17185	10.1001
3.1732	10.2001
3.17596	10.3001
3.17809	10.4001
3.18284	10.5001
3.18563	10.6001
3.1877	10.7001
3.1911	10.8001
3.19526	10.9001
3.19596	11.0001
3.1973	11.091
3.19867	11.182
3.20211	11.2729
3.2035	11.3638
3.2097	11.4547
3.21315	11.5456
3.21451	11.6365
3.21796	11.7274
3.2221	11.8183
3.2228	11.9092
3.22344	12.0001
3.22416	12.0835
3.22556	12.1668
3.22693	12.2501
3.2283	6.12507
3.23315	6.29174
3.23523	6.4584
3.2366	6.62507
3.23797	6.79174
3.24147	6.9584
3.2435	7.12507
3.24417	7.26793
3.24484	7.41078
3.24621	7.55364
3.24689	7.6965
3.24897	7.83935
3.25179	7.98221
3.25314	8.12507
3.25659	8.25007
3.2614	8.37507
3.26277	8.50007
3.26418	8.62507
3.26692	8.75007
3.26904	8.87507
3.27116	9.00007
3.27319	9.11118
3.27529	9.22229
3.27664	9.3334
3.27878	9.44451
3.28145	9.55562
3.29046	9.66674
3.29112	9.77785
3.29249	9.88896
3.29318	10.0001
3.29459	10.1001
3.29594	10.2001
3.29801	10.3001
3.29942	10.4001
3.30078	10.5001
3.30283	10.6001
3.30697	10.7001
3.30842	10.8001
3.31186	10.9001
3.31321	11.0001
3.31457	11.091
3.316	11.1819
3.31732	11.2728
3.31876	11.3637
3.32079	11.4546
3.32567	11.5455
3.32843	11.6364
3.32976	11.7273
3.33526	11.8183
3.33732	11.9092
3.33868	12.0001
3.33938	12.0834
3.34076	12.1667
3.34148	6.08337
3.34282	6.25003
3.34355	6.4167
3.34627	6.58337
3.35042	6.75003
3.35115	6.9167
3.35387	7.08337
3.35592	7.22622
3.35728	7.36908
3.35866	7.51194
3.36142	7.6548
3.37388	7.79765
3.37458	7.94051
3.37659	8.08337
3.37935	8.20837
3.38142	8.33337
3.38283	8.45837
3.38352	8.58337
3.38762	8.70837
3.39246	8.83337
3.39656	8.95837
3.3973	9.08337
3.39863	9.19448
3.40141	9.30559
3.40276	9.4167
3.40344	9.52781
3.40555	9.63892
3.41036	9.75003
3.41591	9.86115
3.41726	9.97226
3.41791	10.0834
3.41864	10.1834
3.42068	10.2834
3.42208	10.3834
3.42347	10.4834
3.42482	10.5834
3.43033	10.6834
3.43516	10.7834
3.4379	10.8834
3.43859	10.9834
3.43926	11.0834
3.44064	11.1743
3.44204	11.2652
3.44342	11.3561
3.44547	11.447
3.44756	11.5379
3.45101	11.6288
3.45514	11.7197
3.45789	11.8106
3.45926	11.9015
3.46062	11.9925
3.46132	12.0834
3.46205	12.1667
3.46337	12.25
3.46473	12.3334
3.46544	12.4167
3.46824	12.5
3.47165	12.5834
3.4772	12.6667
3.47785	12.75
3.47922	12.8334
3.48062	12.9167
3.4813	13
3.48269	13.077
3.48409	13.1539
3.48544	13.2308
3.4868	13.3077
3.48817	13.3846
3.49026	13.4616
3.49098	13.5385
3.49446	13.6154
3.49717	13.6923
3.49922	13.7693
3.49992	13.8462
3.50129	13.9231
3.50267	14
3.50335	14.0715
3.50404	14.1429
3.50549	14.2143
3.50752	14.2857
3.50956	14.3572
3.51442	14.4286
3.51579	14.5
3.51647	14.5715
3.51921	14.6429
3.5199	14.7143
3.52132	14.7857
3.52267	14.8572
3.52431	14.9286
3.52543	15
3.52683	15.0667
3.52751	15.1334
3.52821	15.2
3.52955	15.2667
3.53102	15.3334
3.53789	15.4
3.53997	15.4667
3.54138	15.5334
3.54406	15.6
3.54472	15.6667
3.54553	15.7334
3.54609	15.8
3.54762	15.8667
3.54888	15.9334
3.55023	16
3.55162	16.0625
3.55312	16.125
3.55442	8.06252
3.5558	8.18752
3.55713	8.31252
3.56414	8.43752
3.56683	8.56252
3.56749	8.68752
3.56816	8.81252
3.56952	8.93752
3.57022	9.06252
3.57163	9.17363
3.57309	9.28474
3.57439	9.39585
3.57579	9.50696
3.57708	9.61807
3.57868	9.72918
3.57997	9.84029
3.58769	9.95141
3.58812	10.0625
3.58882	10.1625
3.58963	10.2625
3.59088	10.3625
3.59227	10.4625
3.59364	10.5625
3.59846	10.6625
3.60189	10.7625
3.60258	10.8625
3.60396	10.9625
3.60539	11.0625
3.60672	11.1534
3.61018	11.2443
3.61643	11.3352
3.61982	11.4262
3.62118	11.5171
3.62404	11.608
3.62882	11.6989
3.63022	11.7898
3.63094	11.8807
3.6322	11.9716
3.63359	12.0625
3.63445	12.1459
3.63712	12.2292
3.64393	12.3125
3.64749	12.3959
3.6496	12.4792
3.65504	12.5625
3.65779	12.6459
3.65914	12.7292
3.65979	12.8125
3.66046	12.8959
3.66117	12.9792
3.66263	13.0625
3.66325	13.1394
3.66393	13.2164
3.67152	13.2933
3.67585	13.3702
3.67643	13.4471
3.68329	13.5241
3.68532	13.601
3.68668	13.6779
3.68736	13.7548
3.68819	13.8317
3.68876	13.9087
3.6908	13.9856
3.6915	14.0625
3.69293	14.1339
3.69501	14.2054
3.70185	14.2768
3.70808	14.3482
3.71083	14.4197
3.713	14.4911
3.71371	14.5625
3.71498	14.6339
3.71639	14.7054
3.7171	14.7768
3.7184	14.8482
3.72046	14.9197
3.72184	14.9911
3.72323	15.0625
3.72462	15.1292
3.72751	15.1959
3.73221	15.2625
3.73635	15.3292
3.73987	15.3959
3.7419	15.4625
3.74331	15.5292
3.74404	15.5959
3.74463	15.6625
3.74533	15.7292
3.74737	15.7959
3.74947	15.8625
3.75084	15.9292
3.75147	15.9959
3.75297	16.0625
3.75446	16.125
3.7563	16.1875
3.76047	16.25
3.76326	16.3125
3.76888	16.375
3.76954	8.18751
3.77087	8.31251
3.77222	8.43751
3.77293	8.56251
3.7743	8.68751
3.77568	8.81251
3.77779	8.93751
3.77979	9.06251
3.78117	9.17362
3.78255	9.28473
3.78322	9.39584
3.78465	9.50695
3.78597	9.61806
3.78871	9.72918
3.79221	9.84029
3.80262	9.9514
3.80806	10.0625
3.81017	10.1625
3.81148	10.2625
3.81291	10.3625
3.81354	10.4625
3.81494	10.5625
3.82045	10.6625
3.82115	5.33125
3.82734	5.53125
3.83075	5.73125
3.83149	5.93125
3.83216	6.13125
3.8342	6.29792
3.8404	6.46459
3.84595	6.63125
3.8473	6.79792
3.84802	6.96459
3.85081	7.13125
3.85214	7.27411
3.85764	3.63706
3.86394	3.97039
3.86595	4.30372
3.86733	4.55372
3.87008	4.80372
3.87078	5.05372
3.87285	5.25372
3.88457	5.45372
3.88669	5.65372
3.88731	5.85372
3.888	6.05372
3.89073	6.22039
3.90245	6.38706
3.90517	6.55372
3.90586	6.72039
3.90655	6.88706
3.90723	7.05372
3.91077	7.19658
3.91761	7.33944
3.92035	7.48229
3.92171	7.62515
3.92238	7.76801
3.92307	7.91087
3.92375	8.05372
3.92722	8.17872
3.93483	8.30372
3.93617	8.42872
3.93822	8.55372
3.93896	8.67872
3.94029	8.80372
3.94166	8.92872
3.94238	9.05372
3.9437	9.16483
3.9508	9.27594
3.95288	9.38706
3.95367	9.49817
3.95487	9.60928
3.95693	9.72039
3.9583	9.8315
3.95901	9.94261
3.95966	10.0537
3.96036	10.1537
3.97213	10.2537
3.97896	10.3537
3.97963	10.4537
3.98102	10.5537
3.98319	10.6537
3.98385	10.7537
3.98453	10.8537
3.98592	10.9537
3.98794	11.0537
3.99305	11.1446
3.99972	11.2355
4.00257	11.3264
4.00459	11.4174
4.00664	11.5083
4.00736	11.5992
4.0087	11.6901
4.00938	11.781
4.01214	5.8905
4.01282	6.0905
4.01355	6.25716
4.01558	6.42383
4.01834	6.5905
4.02387	6.75716
4.02678	6.92383
4.03025	7.0905
4.03147	7.23335
4.03438	7.37621
4.0356	7.51907
4.04387	7.66193
4.04593	7.80478
4.04731	7.94764
4.04936	8.0905
4.05008	8.2155
4.05701	8.3405
4.05907	8.4655
4.06041	8.5905
4.0611	8.7155
4.0625	8.8405
4.06454	8.9655
4.068	9.0905
4.06938	9.20161
4.0763	9.31272
4.07694	9.42383
4.07972	9.53494
4.08257	9.64605
4.08336	9.75716
4.08597	9.86828
4.08798	9.97939
4.09002	10.0905
4.09073	5.04525
4.09416	5.24525
4.09552	5.44525
4.10314	5.64525
4.10522	5.84525
4.10658	6.04525
4.11141	6.21192
4.11347	6.37858
4.11486	6.54525
4.11556	6.71192
4.11623	3.35596
4.1183	3.68929
4.12379	4.02262
4.12655	4.27262
4.12861	4.52262
4.13141	4.77262
4.13899	5.02262
4.14179	5.22262
4.1438	5.42262
4.14521	5.62262
4.15343	5.82262
4.15411	6.02262
4.15756	6.18929
4.15962	6.35596
4.16102	6.52262
4.16586	6.68929
4.16722	6.85596
4.1679	7.02262
4.17142	7.16548
4.17344	7.30834
4.17481	7.4512
4.17964	7.59405
4.18101	7.73691
4.1817	7.87977
4.18311	8.02262
4.18515	8.14762
4.18585	8.27262
4.18652	8.39762
4.19409	8.52262
4.19546	8.64762
4.19617	8.77262
4.19754	8.89762
4.19823	9.02262
4.201	9.13374
4.2017	9.24485
4.20591	9.35596
4.20795	9.46707
4.21068	9.57818
4.21479	9.68929
4.21754	9.8004
4.22033	9.91151
4.221	10.0226
4.22304	10.1226
4.22373	10.2226
4.22446	10.3226
4.22584	10.4226
4.22721	10.5226
4.22859	10.6226
4.23065	10.7226
4.23345	10.8226
4.23482	10.9226
4.23617	11.0226
4.23893	11.1135
4.24103	11.2044
4.24238	11.2954
4.24864	11.3863
4.25067	11.4772
4.25234	11.5681
4.25346	11.659
4.25486	11.7499
4.25554	11.8408
4.25688	11.9317
4.26236	12.0226
4.26445	12.106
4.26584	12.1893
4.26649	12.2726
4.26787	12.356
4.26853	12.4393
4.26923	12.5226
4.27065	12.606
4.27269	12.6893
4.27341	12.7726
4.27404	12.856
4.27613	6.42798
4.27749	6.59465
4.28233	6.76131
4.28372	6.92798
4.28514	7.09465
4.28648	7.2375
4.28784	7.38036
4.28924	7.52322
4.28992	7.66607
4.29337	7.80893
4.29544	7.95179
4.2968	8.09465
4.29888	8.21965
4.30098	8.34465
4.30166	8.46965
4.30233	8.59465
4.30648	8.71965
4.30855	8.84465
4.30991	8.96965
4.31062	9.09465
4.3127	9.20576
4.32187	9.31687
4.32262	9.42798
4.32334	9.53909
4.32596	9.6502
4.32873	9.76131
4.33026	9.87242
4.33221	9.98353
4.33292	4.99177
4.33424	5.24177
4.33497	5.44177
4.33635	5.64177
4.34468	5.84177
4.3481	6.04177
4.35017	6.20843
4.35292	6.3751
4.35437	6.54177
4.35789	6.70843
4.36055	6.8751
4.36127	7.04177
4.36327	7.18462
4.3674	7.32748
4.36882	7.47034
4.37148	7.6132
4.37362	7.75605
4.37427	7.89891
4.37709	8.04177
4.38051	8.16677
4.38332	8.29177
4.38396	8.41677
4.38469	8.54177
4.38671	8.66677
4.38816	8.79177
4.39088	8.91677
4.39154	9.04177
4.39432	9.15288
4.39776	9.26399
4.40256	9.3751
4.40396	9.48621
4.40534	9.59732
4.40878	4.79866
4.41014	5.04866
4.41084	5.24866
4.41155	5.44866
4.41292	5.64866
4.41565	5.84866
4.42188	6.04866
4.42323	6.21533
4.42393	6.38199
4.43013	6.54866
4.43151	6.71533
4.43562	6.88199
4.43631	7.04866
4.43769	7.19152
4.44389	7.33438
4.44467	7.47723
4.44592	7.62009
4.45075	7.76295
4.45422	7.9058
4.45558	8.04866
4.45698	8.17366
4.459	8.29866
4.45969	8.42366
4.46113	8.54866
4.46315	8.67366
4.46665	8.79866
4.46804	8.92366
4.47078	9.04866
4.47702	9.15977
4.47837	9.27088
4.47905	9.38199
4.47971	9.49311
4.48045	9.60422
4.48178	9.71533
4.48248	9.82644
4.48524	9.93755
4.48869	10.0487
4.49144	10.1487
4.49213	10.2487
4.49701	10.3487
4.49764	10.4487
4.49902	10.5487
4.49971	10.6487
4.50108	10.7487
4.50317	10.8487
4.50452	10.9487
4.50523	11.0487
4.50802	11.1396
4.50867	11.2305
4.51011	11.3214
4.51144	11.4123
4.51563	11.5032
4.517	11.5941
4.51833	11.685
4.51971	11.7759
4.52038	11.8668
4.52109	11.9578
4.52314	12.0487
4.52523	12.132
4.5259	12.2153
4.52876	12.2987
4.53007	12.382
4.53349	12.4653
4.53419	12.5487
4.53626	12.632
4.53696	12.7153
4.53969	12.7987
4.54042	12.882
4.54247	12.9653
4.5438	13.0487
4.54526	13.1256
4.54656	13.2025
4.55029	13.2794
4.55235	13.3564
4.55372	13.4333
4.55582	13.5102
4.55717	13.5871
4.55786	13.664
4.55922	13.741
4.5617	13.8179
4.56308	13.8948
4.56379	13.9717
4.56513	14.0487
4.56651	14.1201
4.5676	14.1915
4.57547	14.2629
4.57613	14.3344
4.57753	14.4058
4.57828	14.4772
4.57891	14.5487
4.5822	14.6201
4.58357	14.6915
4.58501	14.7629
4.58568	14.8344
4.58708	14.9058
4.58852	14.9772
4.58919	15.0487
4.59303	15.1153
4.59505	15.182
4.6013	7.591
4.60198	7.73385
4.60405	7.87671
4.60472	8.01957
4.60612	8.14457
4.60678	8.26957
4.60815	8.39457
4.60886	8.51957
4.60955	8.64457
4.61023	8.76957
4.61091	8.89457
4.61164	9.01957
4.61234	9.13068
4.61505	9.24179
4.61783	9.3529
4.6248	4.67645
4.62683	4.92645
4.62752	5.17645
4.62821	5.37645
4.62891	5.57645
4.62958	5.77645
4.63026	5.97645
4.63172	6.17645
4.63795	6.34312
4.64823	6.50978
4.64895	6.67645
4.65152	6.84312
4.65293	7.00978
4.65427	7.15264
4.6591	7.2955
4.66676	7.43836
4.66883	7.58121
4.67091	7.72407
4.67501	7.86693
4.67639	8.00978
4.67777	8.13478
4.6812	8.25978
4.69419	8.38478
4.69615	8.50978
4.69827	8.63478
4.70098	8.75978
4.7058	8.88478
4.70718	9.00978
4.70925	9.1209
4.70993	9.23201
4.72338	4.616
4.72476	4.866
4.72685	5.116
4.73094	5.316
4.73441	5.516
4.73779	5.716
4.73917	5.916
4.74057	6.116
4.74127	6.28267
4.76198	6.44934
4.76651	6.616
4.76843	6.78267
4.76981	6.94934
4.77119	7.116
4.77327	7.25886
4.78777	7.40172
4.79121	7.54457
4.79259	7.68743
4.79328	7.83029
4.79533	7.97315
4.79671	8.116
4.79946	8.241
4.80904	8.366
4.81181	8.491
4.81524	8.616
4.81593	8.741
4.81799	8.866
4.82074	8.991
4.82143	9.116
4.82346	9.22711
4.8378	9.33823
4.8392	9.44934
4.84399	9.56045
4.84472	9.67156
4.8474	9.78267
4.8496	9.89378
4.85085	10.0049
4.85291	10.1049
4.85431	10.2049
4.86465	10.3049
4.86528	10.4049
4.86907	10.5049
4.87031	10.6049
4.87103	5.30245
4.87381	5.50245
4.87522	5.70245
4.87587	5.90245
4.8781	6.10245
4.88153	6.26911
4.89401	6.43578
4.89541	6.60245
4.8968	6.76911
4.8988	6.93578
4.90294	7.10245
4.92135	3.55122
4.92407	3.88456
4.92545	4.21789
4.92685	4.46789
4.92819	4.71789
4.9317	4.96789
4.93491	5.21789
4.95436	5.41789
4.95587	5.61789
4.95778	5.81789
4.9626	6.01789
4.96331	3.00894
4.96881	3.34228
4.9764	3.67561
4.97707	4.00894
4.98534	4.25894
4.9874	4.50894
4.98879	4.75894
4.98948	5.00894
4.99851	5.20894
5.00053	5.40894
5.0019	5.60894
5.00812	2.80447
5.01387	3.30447
5.01542	3.63781
5.01647	3.97114
5.01799	4.30447
5.02837	4.55447
5.0298	4.80447
5.03116	5.05447
5.03595	5.25447
5.04009	5.45447
5.04177	5.65447
5.04301	5.85447
5.04371	6.05447
5.0479	6.22114
5.05326	6.38781
5.05739	6.55447
5.05806	6.72114
5.0615	3.36057
5.06288	3.6939
5.06668	4.02724
5.0678	4.27724
5.07118	4.52724
5.07254	4.77724
5.076	5.02724
5.0774	5.22724
5.08499	2.61362
5.09048	3.11362
5.09396	3.44695
5.09476	3.78028
5.09605	4.11362
5.10475	4.36362
5.10543	4.61362
5.10682	4.86362
5.10749	5.11362
5.11306	5.31362
5.1138	5.51362
5.11509	5.71362
5.11788	5.91362
5.11992	6.11362
5.12477	6.28028
5.12615	6.44695
5.12753	3.22348
5.12889	3.55681
5.13027	3.89014
5.13165	4.22348
5.13445	4.47348
5.1365	4.72348
5.13991	4.97348
5.14342	5.22348
5.14719	5.42348
5.14782	5.62348
5.14918	5.82348
5.15332	6.02348
5.1582	6.19014
5.1596	6.35681
5.16437	6.52348
5.16507	6.69014
5.16643	6.85681
5.16781	7.02348
5.16988	7.16633
5.17196	7.30919
5.17546	7.45205
5.17825	7.5949
5.17891	7.73776
5.18026	7.88062
5.18094	8.02348
5.18302	8.14848
5.18578	8.27348
5.18861	8.39848
5.19019	8.52348
5.19144	8.64848
5.19349	8.77348
5.19419	8.89848
5.19557	9.02348
5.19696	9.13459
5.20108	9.2457
5.20754	9.35681
5.20864	9.46792
5.20897	9.57903
5.2103	9.69014
5.21098	9.80125
5.21306	9.91236
5.21521	4.95618
5.21718	5.20618
5.21859	5.40618
5.22561	5.60618
5.22767	5.80618
5.22905	6.00618
5.23115	6.17285
5.2318	6.33952
5.23561	6.50618
5.24394	6.67285
5.24952	6.83952
5.25021	7.00618
5.25091	7.14904
5.25228	7.2919
5.25437	7.43475
5.25579	7.57761
5.26194	7.72047
5.26331	7.86333
5.26398	8.00618
5.26466	8.13118
5.26723	8.25618
5.2688	8.38118
5.27018	8.50618
5.27784	8.63118
5.27854	8.75618
5.28648	8.88118
5.28786	9.00618
5.28991	9.11729
5.29129	9.2284
5.29267	9.33952
5.29404	4.66976
5.29546	4.91976
5.29686	5.16976
5.29961	5.36976
5.30549	5.56976
5.3058	5.76976
5.30716	5.96976
5.3079	6.16976
5.31408	6.33642
5.31891	6.50309
5.31962	6.66976
5.32166	6.83642
5.32235	7.00309
5.32438	7.14595
5.3278	7.28881
5.33265	7.43166
5.33338	7.57452
5.33473	7.71738
5.33541	7.86023
5.33678	8.00309
5.33816	8.12809
5.35002	8.25309
5.35662	4.12655
5.35727	4.37655
5.35864	4.62655
5.36004	4.87655
5.36072	5.12655
5.3635	5.32655
5.36628	5.52655
5.37315	5.72655
5.38906	5.92655
5.39246	6.12655
5.39521	6.29321
5.39941	6.45988
5.4001	6.62655
5.40148	6.79321
5.40356	6.95988
5.40425	7.12655
5.40702	7.2694
5.41184	7.41226
5.41255	7.55512
5.41815	7.69797
5.4236	7.84083
5.42642	7.98369
5.42773	8.12655
5.42916	8.25155
5.43047	8.37655
5.43186	8.50155
5.4351	8.62655
5.4398	4.31327
5.44139	4.56327
5.44296	4.81327
5.44507	5.06327
5.45405	5.26327
5.45958	5.46327
5.4623	5.66327
5.46437	5.86327
5.46586	6.06327
5.46723	6.22994
5.4714	6.39661
5.4737	6.56327
5.47665	6.72994
5.47908	6.89661
5.4798	7.06327
5.48117	7.20613
5.48392	7.34899
5.48945	3.67449
5.49204	4.00783
5.50232	4.25783
5.50369	4.50783
5.50437	4.75783
5.50648	5.00783
5.51404	5.20783
5.51478	5.40783
5.51546	5.60783
5.51685	5.80783
5.51754	6.00783
5.52241	3.00391
5.52308	3.33725
5.52379	3.67058
5.52449	4.00391
5.52721	4.25391
5.53203	4.50391
5.5334	4.75391
5.53755	5.00391
5.5389	5.20391
5.54028	5.40391
5.54168	5.60391
5.54582	5.80391
5.54652	6.00391
5.54925	6.17058
5.55134	6.33725
5.55345	6.50391
5.55755	6.67058
5.56374	6.83725
5.56649	7.00391
5.56719	7.14677
5.57757	7.28963
5.58306	7.43248
5.58514	7.57534
5.58649	7.7182
5.58792	7.86106
5.59133	8.00391
5.59339	8.12891
5.60519	8.25391
5.60658	8.37891
5.61132	8.50391
5.6182	8.62891
5.62083	8.75391
5.62285	8.87891
5.62426	9.00391
5.62562	9.11502
5.62769	9.22614
5.62973	9.33725
5.63821	9.44836
5.64026	9.55947
5.64232	9.67058
5.64576	9.78169
5.64782	9.8928
5.65129	10.0039
5.65265	10.1039
5.65401	10.2039
5.6568	10.3039
5.66447	10.4039
5.6672	10.5039
5.66926	10.6039
5.67272	10.7039
5.67407	10.8039
5.67613	10.9039
5.67687	11.0039
5.67821	11.0948
5.68027	11.1857
5.68303	11.2766
5.69461	11.3675
5.69464	11.4585
5.69707	11.5494
5.69967	11.6403
5.70244	11.7312
5.70443	11.8221
5.70585	11.913
5.70718	12.0039
5.70857	12.0872
5.70992	12.1706
5.71131	12.2539
5.72666	12.3372
5.72804	12.4206
5.7295	12.5039
5.73288	12.5872
5.73565	12.6706
5.73765	12.7539
5.73841	12.8372
5.73978	12.9206
5.74045	13.0039
5.74182	13.0808
5.74393	13.1578
5.74528	13.2347
5.7508	13.3116
5.75636	13.3885
5.7584	13.4655
5.76046	13.5424
5.76391	13.6193
5.76599	13.6962
5.76734	13.7731
5.76871	13.8501
5.77008	13.927
5.77146	14.0039
5.77285	7.00196
5.77424	7.14481
5.77559	7.28767
5.77982	7.43053
5.78479	7.57339
5.78893	7.71624
5.7903	7.8591
5.79187	8.00196
5.79411	8.12696
5.79502	8.25196
5.79834	8.37696
5.79933	8.50196
5.79999	8.62696
5.80062	8.75196
5.81282	8.87696
5.81422	9.00196
5.81759	9.11307
5.81897	9.22418
5.82033	9.33529
5.82334	9.4464
5.82385	9.55751
5.82587	9.66862
5.83607	9.77973
5.83744	9.89085
5.83882	10.002
5.84296	10.102
5.84429	10.202
5.8464	10.302
5.84776	10.402
5.84916	10.502
5.84984	10.602
5.86166	10.702
5.86508	10.802
5.86577	10.902
5.86714	11.002
5.87006	11.0929
5.87131	11.1838
5.87267	11.2747
5.87404	11.3656
5.87475	11.4565
5.87543	11.5474
5.89273	11.6383
5.8941	11.7292
5.89487	11.8201
5.89617	11.911
5.89753	12.002
5.90101	12.0853
5.90235	12.1686
5.90372	12.252
5.90517	12.3353
5.90647	12.4186
5.90784	12.502
5.9203	12.5853
5.92236	12.6686
5.92865	12.752
5.93	12.8353
5.93206	12.9186
5.93345	13.002
5.93584	13.0789
5.93657	13.1558
5.93727	13.2327
5.93863	13.3096
5.94	13.3866
5.94068	13.4635
5.94968	13.5404
5.95245	13.6173
5.9538	13.6943
5.96556	13.7712
5.96698	13.8481
5.97038	13.925
5.97175	14.002
5.97452	14.0734
5.97589	14.1448
5.9773	14.2162
5.97796	14.2877
5.97933	14.3591
5.9807	14.4305
5.98966	14.502
5.9924	14.5734
5.99446	14.6448
6.00218	14.7162
6.00346	14.7877
6.00763	14.8591
6.00899	14.9305
6.00965	15.002
6.01037	15.0686
6.01173	15.1353
6.01313	15.202
6.01445	15.2686
6.01591	15.3353
6.01653	15.402
6.02412	15.4686
6.02758	15.5353
6.02896	15.602
6.03791	15.6686
6.03929	15.7353
6.04344	15.802
6.04549	15.8686
6.04686	15.9353
6.04824	16.002
6.0503	16.0645
6.0517	16.127
6.05306	16.1895
6.05516	16.252
6.05651	16.3145
6.05788	16.377
6.05997	16.4395
6.06476	16.502
6.0664	16.5645
6.0733	16.627
6.07398	16.6895
6.07742	16.752
6.0781	16.8145
6.07881	16.877
6.08019	16.9395
6.08161	17.002
6.08234	17.0608
6.08437	17.1196
6.08577	17.1784
6.08787	17.2373
6.08917	17.2961
6.08989	17.3549
6.09267	17.4137
6.09411	17.4725
6.09607	17.5314
6.1086	17.5902
6.11009	17.649
6.11409	17.7078
6.11547	17.7667
6.11683	17.8255
6.11831	17.8843
6.11967	17.9431
6.12032	18.002
6.12108	18.0575
6.12167	18.1131
6.12236	18.1686
6.12308	18.2242
6.12376	18.2797
6.12444	18.3353
6.12517	18.3908
6.12678	18.4464
6.1274	18.502
6.13577	18.5575
6.13778	18.6131
6.13914	18.6686
6.14058	18.7242
6.14194	18.7797
6.14329	18.8353
6.14468	18.8908
6.14605	18.9464
6.14741	19.002
6.14816	19.0546
6.14882	19.1072
6.15019	19.1599
6.15088	19.2125
6.15181	19.2651
6.15315	19.3177
6.15451	19.3704
6.15521	19.423
6.15664	19.4756
6.16255	19.5283
6.16305	19.5809
6.16377	19.6335
6.16442	19.6862
6.16579	19.7388
6.16719	19.7914
6.16812	19.8441
6.16949	19.8967
6.17086	19.9493
6.17223	20.002
6.17447	20.052
6.17567	20.102
6.17704	20.152
6.1778	20.202
6.17842	20.252
6.17979	20.302
6.18116	20.352
6.18188	20.402
6.18252	20.452
6.18679	20.502
6.18747	20.552
6.18824	20.602
6.19035	20.652
6.19099	20.702
6.19296	20.752
6.19365	20.802
6.19434	20.852
6.1964	20.902
6.19778	20.952
6.19848	21.002
6.19918	21.0496
6.19984	21.0972
6.20053	21.1448
6.20189	21.1924
6.20328	21.2401
6.20468	21.2877
6.20602	21.3353
6.20671	21.3829
6.20742	21.4305
6.21024	21.4781
6.21163	21.5258
6.21232	21.5734
6.21299	21.621
6.21368	21.6686
6.21438	21.7162
6.21503	21.7639
6.21579	21.8115
6.21646	21.8591
6.21921	21.9067
6.22055	21.9543
6.22192	22.002
6.22329	22.0474
6.22467	22.0929
6.22608	22.1383
6.22671	22.1838
6.22741	22.2292
6.22878	22.2747
6.22947	22.3201
6.23086	22.3656
6.23154	22.411
6.23508	22.4565
6.23575	22.502
6.23645	22.5474
6.23712	22.5929
6.23781	22.6383
6.23918	22.6838
6.24057	22.7292
6.24124	22.7747
6.24262	22.8201
6.24401	22.8656
6.24469	22.911
6.24536	22.9565
6.24677	23.002
6.24813	23.0454
6.24883	23.0889
6.25022	23.1324
6.25089	23.1759
6.25226	23.2193
6.25362	23.2628
6.25501	23.3063
6.25569	23.3498
6.25706	23.3933
6.25991	23.4367
6.26131	23.4802
6.26266	23.5237
6.26334	23.5672
6.26474	23.6107
6.26542	23.6541
6.26682	23.6976
6.26748	23.7411
6.2682	23.7846
6.26945	23.828
6.26952	23.8715
6.27102	23.915
6.27235	23.9585
6.2737	24.002
6.27439	24.0436
6.27507	24.0853
6.27575	24.127
6.27645	24.1686
6.27714	24.2103
6.2785	24.252
6.2792	24.2936
6.28057	24.3353
6.28194	24.377
6.28818	24.4186
6.28895	24.4603
6.28981	24.502
6.29041	24.5436
6.29176	24.5853
6.29323	24.627
6.29454	24.6686
6.29588	24.7103
6.29729	24.752
6.29863	24.7936
6.3	24.8353
6.30073	24.877
6.30209	24.9186
6.30348	24.9603
6.30487	25.002
6.30551	25.042
6.30621	25.082
6.30758	25.122
6.30826	25.162
6.30893	25.202
6.31034	25.242
6.31175	25.282
6.3131	25.322
6.31376	25.362
6.31454	25.402
6.31528	25.442
6.31657	25.482
6.31726	25.522
6.31863	25.562
6.32001	25.602
6.32068	25.642
6.32205	25.682
6.32276	25.722
6.32483	25.762
6.3255	25.802
6.32622	25.842
6.32689	25.882
6.32827	25.922
6.32967	25.962
6.33033	26.002
6.33171	26.0404
6.3324	26.0789
6.3338	26.1173
6.33447	26.1558
6.33583	26.1943
6.33654	26.2327
6.33789	26.2712
6.33995	26.3096
6.34134	26.3481
6.34909	26.3866
6.3498	26.425
6.35115	26.4635
6.35184	26.502
6.35255	26.5404
6.35321	26.5789
6.35549	26.6173
6.35686	26.6558
6.35886	26.6943
6.35961	26.7327
6.36037	26.7712
6.36097	26.8096
6.36165	26.8481
6.36304	26.8866
6.36443	26.925
6.36511	26.9635
6.36579	27.002
6.36788	27.039
6.36855	27.076
6.36926	27.1131
6.3706	27.1501
6.37132	27.1871
6.37198	27.2242
6.37265	27.2612
6.37421	27.2983
6.3749	27.3353
6.38395	27.3723
6.38531	27.4094
6.386	27.4464
6.38668	27.4834
6.38809	27.5205
6.38955	27.5575
6.39085	27.5945
6.39155	27.6316
6.39363	27.6686
6.395	27.7057
6.39568	27.7427
6.39642	27.7797
6.39713	27.8168
6.39774	27.8538
6.39844	27.8908
6.3998	27.9279
6.40089	27.9649
6.40124	28.002
6.40258	28.0377
6.40328	28.0734
6.40398	28.1091
6.40533	28.1448
6.406	28.1805
6.40672	28.2162
6.40808	28.252
6.40878	28.2877
6.40947	28.3234
6.41871	28.3591
6.42076	28.3948
6.42225	28.4305
6.42282	28.4662
6.42419	28.502
6.42488	28.5377
6.42558	28.5734
6.42693	28.6091
6.42835	28.6448
6.42903	28.6805
6.42969	28.7162
6.43036	28.752
6.43282	28.7877
6.43291	28.8234
6.43387	28.8591
6.43392	28.8948
6.43519	28.9305
6.43588	28.9662
6.43661	29.002
6.43797	29.0364
6.43866	29.0709
6.43935	14.5355
6.44006	14.6069
6.44143	14.6783
6.4421	14.7497
6.44285	14.8212
6.44349	14.8926
6.44418	14.964
6.45733	15.0355
6.45804	15.1021
6.45939	15.1688
6.46009	15.2355
6.46076	15.3021
6.46215	15.3688
6.46284	15.4355
6.46351	15.5021
6.46491	15.5688
6.46562	15.6355
6.46626	15.7021
6.46696	15.7688
6.46834	15.8355
6.46903	15.9021
6.46977	15.9688
6.47116	16.0355
6.47183	16.098
6.47253	16.1605
6.47324	16.223
6.47473	16.2855
6.47529	16.348
6.47597	16.4105
6.4935	16.473
6.49414	16.5355
6.4951	16.598
6.49622	16.6605
6.49691	16.723
6.49847	16.7855
6.50056	16.848
6.50197	16.9105
6.50402	16.973
6.50613	17.0355
6.50748	17.0943
6.50816	17.1531
6.51023	17.2119
6.5116	17.2708
6.51304	17.3296
6.51435	17.3884
6.5252	17.4472
6.52588	17.506
6.52934	17.5649
6.53142	17.6237
6.53207	17.6825
6.53555	17.7413
6.53692	17.8002
6.53843	17.859
6.53849	17.9178
6.54036	17.9766
6.54175	18.0355
6.54242	18.091
6.54385	18.1466
6.54592	18.2021
6.54731	18.2577
6.55073	18.3132
6.55209	18.3688
6.566	18.4244
6.56661	18.4799
6.5673	18.5355
6.56936	18.591
6.57073	18.6466
6.57214	18.7021
6.57285	18.7577
6.57494	18.8132
6.57627	18.8688
6.57838	18.9244
6.57975	18.9799
6.58042	19.0355
6.58251	19.0881
6.58388	19.1407
6.58526	19.1934
6.58666	19.246
6.5887	9.62299
6.59148	9.7341
6.60584	9.84522
6.60724	9.95633
6.60794	10.0674
6.61005	10.1674
6.61205	10.2674
6.61342	10.3674
6.6148	10.4674
6.61618	10.5674
6.61688	10.6674
6.62034	10.7674
6.62106	10.8674
6.62239	10.9674
6.62313	11.0674
6.62514	11.1583
6.62788	11.2493
6.63066	11.3402
6.63135	11.4311
6.65517	11.522
6.6586	11.6129
6.65933	11.7038
6.66071	11.7947
6.66139	11.8856
6.66273	11.9765
6.66552	5.98826
6.66677	6.18826
6.66882	6.35493
6.67092	6.5216
6.67184	6.68826
6.69113	6.85493
6.69658	7.0216
6.69866	7.16446
6.70002	7.30731
6.70145	7.45017
6.70508	7.59303
6.73553	7.73588
6.7403	7.87874
6.74101	8.0216
6.74381	8.1466
6.74514	8.2716
6.74582	8.3966
6.74787	8.5216
6.7666	8.6466
6.77349	8.7716
6.77488	8.8966
6.77699	9.0216
6.78175	9.13271
6.78387	9.24382
6.78449	9.35493
6.78522	9.46604
6.79151	9.57715
6.80046	9.68826
6.80118	9.79938
6.80188	9.91049
6.80252	10.0216
6.80323	10.1216
6.80529	10.2216
6.80665	10.3216
6.80733	10.4216
6.82268	10.5216
6.82542	10.6216
6.82749	10.7216
6.82886	10.8216
6.83095	10.9216
6.83304	11.0216
6.83783	11.1125
6.83987	11.2034
6.84124	11.2943
6.84193	11.3852
6.86209	11.4761
6.86342	11.5671
6.86478	11.658
6.86618	11.7489
6.87049	11.8398
6.87188	11.9307
6.87397	12.0216
6.87875	12.1049
6.88082	12.1883
6.88222	12.2716
6.88359	12.3549
6.89335	12.4383
6.89479	12.5216
6.89817	12.6049
6.90164	12.6883
6.903	12.7716
6.90443	12.8549
6.9058	12.9383
6.90647	13.0216
6.90717	13.0985
6.90785	13.1754
6.90926	13.2524
6.912	13.3293
6.91684	13.4062
6.91756	13.4831
6.92176	13.5601
6.92519	13.637
6.9322	13.7139
6.93288	13.7908
6.93426	13.8678
6.93569	13.9447
6.93704	6.97234
6.93841	7.139
6.93908	7.28186
6.94045	7.42472
6.94186	7.56758
6.94598	7.71043
6.94805	7.85329
6.95297	7.99615
6.95572	8.139
6.96141	8.264
6.96214	8.389
6.96702	8.514
6.96835	8.639
6.97274	8.764
6.97477	8.889
6.98239	9.014
6.98372	9.12512
6.98449	9.23623
6.98573	9.34734
6.98803	9.45845
6.99146	9.56956
6.99355	9.68067
6.99836	9.79178
7.0062	9.90289
7.00757	10.014
7.00835	10.114
7.01242	10.214
7.01379	10.314
7.01447	10.414
7.0178	10.514
7.0186	10.614
7.02279	10.714
7.03382	10.814
7.03518	10.914
7.03588	11.014
7.03769	11.1049
7.04315	11.1958
7.04538	11.2867
7.04587	11.3776
7.04869	11.4685
7.05	11.5595
7.05416	11.6504
7.06178	11.7413
7.06315	11.8322
7.06453	11.9231
7.06591	12.014
7.06728	12.0973
7.0708	12.1807
7.07348	12.264
7.07486	12.3473
7.07759	12.4307
7.07829	12.514
7.08311	12.5973
7.09211	12.6807
7.09281	12.764
7.09347	12.8473
7.09416	12.9307
7.09553	13.014
7.09623	13.0909
7.10036	13.1679
7.10176	13.2448
7.1038	13.3217
7.10621	13.3986
7.10762	13.4755
7.10903	13.5525
7.12021	13.6294
7.1216	13.7063
7.12294	13.7832
7.12433	13.8602
7.1257	13.9371
7.12638	14.014
7.12709	7.007
7.13063	7.14986
7.13192	7.29272
7.1326	7.43557
7.13397	7.57843
7.13535	7.72129
7.13674	7.86414
7.14919	8.007
7.1506	8.132
7.15193	8.257
7.15348	8.382
7.15474	8.507
7.1561	8.632
7.1575	8.757
7.17959	8.882
7.18028	9.007
7.18098	9.11811
7.18163	9.22922
7.18231	9.34034
7.18303	9.45145
7.1837	9.56256
7.18508	9.67367
7.20478	9.78478
7.2068	9.89589
7.21297	10.007
7.21433	10.107
7.21502	10.207
7.21576	10.307
7.21652	10.407
7.21864	10.507
7.21929	10.607
7.23312	10.707
7.23447	10.807
7.23723	10.907
7.23859	11.007
7.24001	11.0979
7.24134	11.1888
7.24271	11.2797
7.24412	11.3706
7.24617	11.4615
7.24754	11.5525
7.26137	11.6434
7.26276	11.7343
7.26414	11.8252
7.26549	11.9161
7.26686	12.007
7.26898	12.0903
7.27031	12.1737
7.27167	12.257
7.27309	12.3403
7.27446	12.4237
7.27584	12.507
7.28145	12.5903
7.28214	12.6737
7.28556	12.757
7.28625	12.8403
7.28727	12.9237
7.28797	13.007
7.28868	13.0839
7.29002	13.1608
7.29144	13.2378
7.29277	13.3147
7.29432	13.3916
7.2964	13.4685
7.30466	13.5455
7.30685	13.6224
7.30743	13.6993
7.30881	13.7762
7.31019	13.8532
7.31256	13.9301
7.31362	14.007
7.31637	14.0784
7.31707	14.1499
7.31842	14.2213
7.3205	14.2927
7.32119	14.3641
7.32189	14.4356
7.32692	14.507
7.32887	14.5784
7.33369	14.6499
7.33506	14.7213
7.33584	14.7927
7.33847	14.8641
7.33994	14.9356
7.34125	15.007
7.34189	15.0737
7.34394	15.1403
7.34469	15.207
7.34603	15.2737
7.34746	15.3403
7.34812	7.67017
7.3544	7.81302
7.35644	7.95588
7.36263	8.09874
7.36402	8.22374
7.36539	8.34874
7.36675	8.47374
7.36816	8.59874
7.36879	8.72374
7.37024	8.84874
7.37161	8.97374
7.37296	9.09874
7.37432	9.20985
7.37567	9.32096
7.37635	9.43207
7.3979	9.54318
7.39925	9.65429
7.40075	9.76541
7.40278	9.87652
7.40416	9.98763
7.40554	10.0987
7.4083	10.1987
7.40968	10.2987
7.41105	10.3987
7.43457	10.4987
7.43688	10.5987
7.43867	10.6987
7.44142	10.7987
7.44349	10.8987
7.44422	10.9987
7.44554	11.0987
7.44694	11.1896
7.44831	11.2806
7.45039	11.3715
7.47806	11.4624
7.48095	11.5533
7.48215	11.6442
7.48495	11.7351
7.4866	11.826
7.48728	11.9169
7.488	12.0078
7.48864	12.0912
7.49005	12.1745
7.49146	12.2578
7.4927	12.3412
7.51907	12.4245
7.52249	12.5078
7.52388	12.5912
7.52661	12.6745
7.52799	12.7578
7.5294	12.8412
7.53075	12.9245
7.53217	13.0078
7.53349	13.0848
7.53487	13.1617
7.53628	13.2386
7.53764	13.3155
7.55843	13.3924
7.56185	13.4694
7.56319	13.5463
7.56597	13.6232
7.56732	13.7001
7.56938	13.7771
7.57218	13.854
7.57306	13.9309
7.57501	14.0078
7.57706	14.0793
7.57845	14.1507
7.58056	14.2221
7.58191	14.2935
7.59576	14.365
7.59986	14.4364
7.60198	14.5078
7.60539	14.5793
7.60865	14.6507
7.60978	14.7221
7.61704	14.7935
7.61845	14.865
7.61982	14.9364
7.62204	15.0078
7.62407	15.0745
7.62547	15.1412
7.6289	15.2078
7.63162	15.2745
7.64348	15.3412
7.64552	15.4078
7.64826	15.4745
7.65031	15.5412
7.65238	15.6078
7.6538	15.6745
7.65859	15.7412
7.66006	15.8078
7.66133	15.8745
7.66552	15.9412
7.66701	16.0078
7.66902	16.0703
7.67035	16.1328
7.67314	16.1953
7.67618	16.2578
7.68705	16.3203
7.6883	16.3828
7.68967	16.4453
7.69248	16.5078
7.69373	16.5703
7.69621	16.6328
7.69903	16.6953
7.70106	16.7578
7.70383	16.8203
7.71111	16.8828
7.71247	8.44142
7.71387	8.56642
7.71733	8.69142
7.71869	8.81642
7.72146	8.94142
7.72446	9.06642
7.72997	9.17753
7.73059	9.28864
7.73337	9.39975
7.74167	9.51086
7.74298	9.62197
7.74438	9.73308
7.74782	9.84419
7.75129	9.9553
7.75336	10.0664
7.75753	10.1664
7.7589	10.2664
7.76578	10.3664
7.76721	10.4664
7.77475	10.5664
7.77616	10.6664
7.77754	10.7664
7.78134	10.8664
7.78161	10.9664
7.78305	11.0664
7.78561	11.1573
7.78767	11.2482
7.7912	11.3391
7.79256	11.4301
7.79486	11.521
7.79876	11.6119
7.80358	11.7028
7.80507	11.7937
7.81183	11.8846
7.81324	11.9755
7.81466	12.0664
7.81594	12.1497
7.82019	12.2331
7.8243	12.3164
7.82498	12.3997
7.82566	12.4831
7.82704	12.5664
7.82778	12.6497
7.83187	12.7331
7.83336	12.8164
7.83473	12.8997
7.83846	12.9831
7.84052	13.0664
7.845	13.1433
7.84708	13.2203
7.85117	13.2972
7.85186	13.3741
7.85424	13.451
7.85909	13.528
7.86343	13.6049
7.86469	13.6818
7.86478	13.7587
7.86549	13.8356
7.86671	13.9126
7.86789	13.9895
7.86927	14.0664
7.87095	14.1378
7.87564	14.2093
7.87721	14.2807
7.88066	14.3521
7.88272	14.4236
7.88752	14.495
7.89373	14.5664
7.89442	14.6378
7.89584	14.7093
7.89868	14.7807
7.90145	14.8521
7.90221	14.9236
7.90292	14.995
7.90367	15.0664
7.90487	15.1331
7.90571	15.1997
7.90639	15.2664
7.90709	15.3331
7.90787	15.3997
7.90849	15.4664
7.91479	15.5331
7.91612	15.5997
7.91949	15.6664
7.92157	15.7331
7.92569	15.7997
7.92708	15.8664
7.92846	15.9331
7.93209	15.9997
7.9329	16.0664
7.93346	16.1289
7.9341	16.1914
7.93541	16.2539
7.93812	16.3164
7.93814	16.3789
7.93894	16.4414
7.94032	16.5039
7.94357	16.5664
7.9442	16.6289
7.9456	16.6914
7.94626	16.7539
7.94845	16.8164
7.95191	16.8789
7.95606	16.9414
7.95736	17.0039
7.95948	17.0627
7.96088	17.1216
7.96293	17.1804
7.96798	17.2392
7.96992	17.298
7.9727	17.3569
7.97476	17.4157
7.97632	8.70784
7.9779	8.83284
7.97925	8.95784
7.97996	9.08284
7.98148	9.19395
7.98278	9.30506
7.98416	9.41617
7.98557	9.52728
7.98704	9.6384
7.99039	9.74951
7.99313	9.86062
7.99725	9.97173
7.99793	10.0828
8.00154	10.1828
8.00308	10.2828
8.00787	10.3828
8.01137	10.4828
8.01479	10.5828
8.01706	10.6828
8.01776	10.7828
8.01881	10.8828
8.02224	10.9828
8.02364	11.0828
8.02477	11.1737
8.0254	11.2647
8.0261	11.3556
8.02823	11.4465
8.02954	11.5374
8.03194	11.6283
8.03466	11.7192
8.03949	11.8101
8.04717	11.901
8.04852	11.9919
8.05131	12.0828
8.05336	12.1662
8.05473	12.2495
8.05683	12.3328
8.05774	12.4162
8.05966	12.4995
8.06234	12.5828
8.06373	12.6662
8.06621	12.7495
8.06754	12.8328
8.06896	12.9162
8.06966	12.9995
8.07031	13.0828
8.07201	13.1598
8.07338	13.2367
8.07545	13.3136
8.07683	13.3905
8.07888	13.4675
8.09218	13.5444
8.09292	13.6213
8.0942	13.6982
8.09494	13.7751
8.09564	13.8521
8.09634	13.929
8.097	14.0059
8.10044	14.0773
8.10305	14.1488
8.10693	14.2202
8.10838	14.2916
8.11106	14.3631
8.11381	14.4345
8.11519	14.5059
8.11656	14.5773
8.11728	14.6488
8.12069	14.7202
8.1258	14.7916
8.12721	14.8631
8.13047	14.9345
8.13185	15.0059
8.13369	15.0726
8.13393	15.1393
8.13463	15.2059
8.1355	15.2726
8.13619	15.3393
8.13687	15.4059
8.14519	15.4726
8.14655	15.5393
8.14911	15.6059
8.14929	15.6726
8.15419	15.7393
8.15623	15.8059
8.15763	15.8726
8.15901	15.9393
8.16038	16.0059
8.16177	16.0684
8.16359	16.1309
8.16488	16.1934
8.16694	16.2559
8.16903	16.3184
8.16972	16.3809
8.17108	16.4434
8.17316	8.22171
8.17962	8.34671
8.18025	8.47171
8.18561	8.59671
8.18715	8.72171
8.18851	8.84671
8.18989	8.97171
8.19058	9.09671
8.19262	9.20782
8.19333	9.31893
8.19407	9.43004
8.19541	9.54115
8.1976	9.65226
8.20028	9.76338
8.20305	9.87449
8.21435	9.9856
8.21574	10.0967
8.21711	10.1967
8.2185	10.2967
8.22055	10.3967
8.22194	10.4967
8.22409	5.24835
8.2247	5.44835
8.22574	5.64835
8.22919	5.84835
8.23268	6.04835
8.24023	6.21502
8.2416	6.38169
8.24303	6.54835
8.24575	6.71502
8.24644	6.88169
8.25401	7.04835
8.25538	7.19121
8.25944	7.33407
8.26359	7.47693
8.26498	7.61978
8.26703	7.76264
8.26979	7.9055
8.27616	8.04835
8.27684	8.17335
8.27753	8.29835
8.27821	8.42335
8.27889	8.54835
8.28658	8.67335
8.29139	8.79835
8.29277	8.92335
8.29414	9.04835
8.29622	9.15947
8.30548	9.27058
8.30686	9.38169
8.30758	9.4928
8.31196	9.60391
8.31624	9.71502
8.31885	9.82613
8.32039	9.93724
8.32193	10.0484
8.32523	10.1484
8.33078	10.2484
8.33213	10.3484
8.33349	10.4484
8.34033	10.5484
8.34318	10.6484
8.34451	10.7484
8.34588	10.8484
8.34722	10.9484
8.34865	11.0484
8.35159	11.1393
8.35319	11.2302
8.35583	11.3211
8.35723	11.412
8.36921	11.5029
8.37257	11.5938
8.37262	11.6847
8.37337	11.7756
8.374	11.8665
8.37492	11.9574
8.3756	12.0484
8.37633	12.1317
8.37759	12.215
8.38112	12.2984
8.38246	12.3817
8.39145	12.465
8.39492	12.5484
8.39834	12.6317
8.3997	12.715
8.40039	12.7984
8.40111	12.8817
8.40178	12.965
8.40247	13.0484
8.40316	13.1253
8.40388	13.2022
8.40528	13.2791
8.40645	13.356
8.41391	13.433
8.41662	13.5099
8.418	13.5868
8.42148	13.6637
8.42286	13.7407
8.42424	13.8176
8.42563	13.8945
8.42631	13.9714
8.42897	14.0484
8.43028	14.1198
8.43097	14.1912
8.43275	14.2626
8.43406	14.3341
8.44179	14.4055
8.44234	14.4769
8.44515	14.5484
8.44725	14.6198
8.44791	14.6912
8.45058	14.7626
8.4514	14.8341
8.45347	14.9055
8.45554	14.9769
8.45691	15.0484
8.45828	15.115
8.46188	15.1817
8.46329	15.2484
8.46466	15.315
8.46949	15.3817
8.47083	15.4484
8.47379	15.515
8.47501	15.5817
8.4757	15.6484
8.4783	15.715
8.47916	15.7817
8.48057	15.8484
8.48262	15.915
8.48468	15.9817
8.48675	16.0484
8.4881	16.1109
8.49025	16.1734
8.49509	16.2359
8.49648	16.2984
8.49923	16.3609
8.5	16.4234
8.50201	16.4859
8.50337	16.5484
8.50412	16.6109
8.5062	16.6734
8.50785	16.7359
8.50922	16.7984
8.51235	16.8609
8.51337	16.9234
8.51747	16.9859
8.51885	17.0484
8.51953	17.1072
8.52092	17.166
8.52577	17.2248
8.53061	17.2836
8.53218	17.3425
8.5327	17.4013
8.53631	17.4601
8.53752	17.5189
8.53898	17.5778
8.54027	17.6366
8.5424	17.6954
8.54372	17.7542
8.54772	17.8131
8.54883	17.8719
8.55016	17.9307
8.55226	17.9895
8.55462	18.0484
8.55605	18.1039
8.55867	18.1595
8.56073	18.215
8.56355	18.2706
8.56487	18.3261
8.56554	18.3817
8.56691	18.4372
8.56894	18.4928
8.57037	18.5484
8.57182	18.6039
8.57529	18.6595
8.57585	18.715
8.57729	18.7706
8.57869	18.8261
8.58001	18.8817
8.58272	18.9372
8.5841	18.9928
8.58544	19.0484
8.58762	19.101
8.5889	19.1536
8.59323	19.2062
8.59374	19.2589
8.59512	19.3115
8.59657	19.3641
8.59722	19.4168
8.59862	19.4694
8.59927	19.522
8.59998	19.5747
8.60233	19.6273
8.60274	19.6799
8.60411	19.7326
8.60551	19.7852
8.6084	19.8378
8.60905	19.8905
8.61035	19.9431
8.61184	19.9957
8.6131	20.0484
8.6166	20.0984
8.61792	20.1484
8.62348	20.1984
8.62479	10.0992
8.62714	10.1992
8.62909	10.2992
8.63125	10.3992
8.63325	10.4992
8.63458	10.5992
8.63531	10.6992
8.63599	10.7992
8.63673	10.8992
8.63742	10.9992
8.63881	11.0992
8.63944	11.1901
8.64085	11.281
8.645	11.3719
8.64567	11.4628
8.64636	11.5537
8.64703	11.6446
8.64915	11.7355
8.64979	11.8264
8.65255	11.9174
8.67191	12.0083
8.6733	12.0916
8.67397	12.1749
8.67523	12.2583
8.67601	12.3416
8.67668	12.4249
8.67741	12.5083
8.67805	12.5916
8.67876	12.6749
8.68059	12.7583
8.68321	12.8416
8.70064	12.9249
8.70201	13.0083
8.70951	13.0852
8.71077	13.1621
8.71149	13.239
8.71229	13.316
8.71356	13.3929
8.71489	13.4698
8.71625	13.5467
8.71767	13.6237
8.71901	13.7006
8.71974	13.7775
8.72451	13.8544
8.72737	13.9313
8.72866	14.0083
8.73215	14.0797
8.73386	14.1511
8.73518	14.2226
8.73669	14.294
8.73934	14.3654
8.74072	14.4368
8.74354	14.5083
8.74417	14.5797
8.74629	14.6511
8.74694	14.7226
8.75148	14.794
8.75271	14.8654
8.75354	14.9368
8.75855	15.0083
8.75961	15.0749
8.76031	15.1416
8.76167	15.2083
8.76378	15.2749
8.76889	15.3416
8.76945	15.4083
8.77087	15.4749
8.77229	15.5416
8.77432	15.6083
8.77505	15.6749
8.77577	15.7416
8.77855	15.8083
8.77928	15.8749
8.78053	15.9416
8.78188	16.0083
8.78329	16.0708
8.79055	16.1333
8.79121	16.1958
8.7919	16.2583
8.79263	16.3208
8.79396	16.3833
8.79747	16.4458
8.80234	16.5083
8.80366	16.5708
8.80438	16.6333
8.80506	16.6958
8.80571	16.7583
8.8071	16.8208
8.80983	16.8833
8.81122	16.9458
8.8119	17.0083
8.81327	17.0671
8.81544	17.1259
8.81681	17.1847
8.81824	17.2436
8.81965	17.3024
8.82099	17.3612
8.82721	17.42
8.82857	17.4789
8.82926	17.5377
8.83061	17.5965
8.83266	17.6553
8.83342	17.7142
8.83478	17.773
8.83691	17.8318
8.83932	17.8906
8.84068	8.94531
8.84162	9.07031
8.84214	9.18142
8.84485	9.29253
8.84547	9.40364
8.84962	9.51475
8.851	9.62587
8.85169	9.73698
8.85728	9.84809
8.85934	9.9592
8.86135	10.0703
8.86416	10.1703
8.86484	10.2703
8.86554	10.3703
8.86689	10.4703
8.86829	10.5703
8.87262	10.6703
8.88098	10.7703
8.88232	10.8703
8.88306	10.9703
8.88441	11.0703
8.89131	11.1612
8.89266	11.2521
8.89407	11.343
8.89564	11.4339
8.89629	11.5249
8.89946	11.6158
8.90585	11.7067
8.90744	11.7976
8.90813	11.8885
8.91301	11.9794
8.91438	12.0703
8.92268	12.1536
8.92543	12.237
8.92958	12.3203
8.93034	12.4036
8.93165	12.487
8.93306	12.5703
8.93762	12.6536
8.94001	12.737
8.94202	12.8203
8.94594	12.9036
8.94803	12.987
8.95134	13.0703
8.95927	13.1472
8.96214	13.2242
8.96691	13.3011
8.96764	13.378
8.9684	13.4549
8.96906	13.5318
8.97382	13.6088
8.97521	13.6857
8.97662	13.7626
8.98208	13.8395
8.98345	13.9165
8.9869	13.9934
8.98828	14.0703
8.99481	14.1417
8.9969	14.2132
9.00175	14.2846
9.00314	14.356
9.00451	14.4275
9.00586	14.4989
9.0128	14.5703
9.01415	14.6417
9.01621	14.7132
9.01967	14.7846
9.02309	14.856
9.02584	14.9275
9.02998	14.9989
9.03135	15.0703
9.03344	15.137
9.03477	15.2036
9.03903	15.2703
9.04065	15.337
9.04274	15.4036
9.04475	15.4703
9.0517	15.537
9.05307	15.6036
9.0538	15.6703
9.0572	15.737
9.05857	15.8036
9.06132	15.8703
9.06547	15.937
9.06689	16.0036
9.06821	16.0661
9.06958	16.1286
9.07101	16.1911
9.07577	16.2536
9.08032	16.3161
9.08095	16.3786
9.08359	16.4411
9.08697	16.5036
9.08971	16.5661
9.09116	16.6286
9.09323	16.6911
9.09597	16.7536
9.09808	16.8161
9.10221	16.8786
9.1036	16.9411
9.10524	17.0036
9.10799	17.0625
9.11014	17.1213
9.11217	17.1801
9.11701	17.2389
9.12042	17.2978
9.12181	17.3566
9.12525	17.4154
9.12871	17.4742
9.13151	17.5331
9.13488	17.5919
9.13699	17.6507
9.13837	17.7095
9.14042	17.7683
9.14762	17.8272
9.14931	17.886
9.15062	17.9448
9.15131	18.0036
9.15202	18.0592
9.15271	18.1148
9.15486	18.1703
9.15685	18.2259
9.15895	18.2814
9.16028	18.337
9.16483	18.3925
9.16828	18.4481
9.17236	18.5036
9.17794	18.5592
9.17938	18.6148
9.18209	18.6703
9.1833	18.7259
9.19068	18.7814
9.19495	18.837
9.19622	18.8925
9.19837	18.9481
9.19897	19.0036
9.20036	19.0563
9.20245	19.1089
9.2031	19.1615
9.20464	19.2142
9.20469	19.2668
9.20598	19.3194
9.20792	19.3721
9.21135	19.4247
9.21552	19.4773
9.22032	19.53
9.22245	19.5826
9.22378	19.6352
9.2253	19.6879
9.2279	19.7405
9.23206	19.7931
9.23482	19.8457
9.2362	19.8984
9.23896	19.951
9.24103	20.0036
9.24174	20.0536
9.24311	20.1036
9.24449	10.0518
9.24606	10.1518
9.24721	10.2518
9.24998	10.3518
9.25136	10.4518
9.25556	10.5518
9.25764	10.6518
9.2611	10.7518
9.26521	10.8518
9.2659	10.9518
9.26726	11.0518
9.26869	11.1427
9.27348	11.2336
9.27624	11.3245
9.27836	11.4155
9.28111	11.5064
9.28285	11.5973
9.28354	11.6882
9.28421	11.7791
9.28499	11.87
9.28978	11.9609
9.29252	12.0518
9.29709	12.1352
9.29845	12.2185
9.30072	12.3018
9.30119	12.3852
9.30262	12.4685
9.30743	12.5518
9.30883	12.6352
9.31092	12.7185
9.31297	12.8018
9.31437	12.8852
9.31573	12.9685
9.32226	13.0518
9.32367	13.1287
9.32497	13.2057
9.32711	13.2826
9.32776	13.3595
9.32939	13.4364
9.33302	13.5134
9.3342	13.5903
9.33558	13.6672
9.34044	13.7441
9.34392	13.8211
9.34556	13.898
9.34598	13.9749
9.34669	14.0518
9.34941	14.1233
9.35152	14.1947
9.35227	14.2661
9.35497	14.3375
9.35635	14.409
9.35771	14.4804
9.36047	14.5518
9.36393	14.6233
9.36603	14.6947
9.36833	14.7661
9.37184	14.8375
9.3746	14.909
9.37809	7.45448
9.37943	7.59734
9.38217	7.7402
9.38499	7.88305
9.38702	8.02591
9.3884	8.15091
9.38978	8.27591
9.39253	8.40091
9.39305	8.52591
9.39443	8.65091
9.39722	8.77591
9.40064	8.90091
9.40133	9.02591
9.40278	9.13702
9.40789	9.24813
9.41069	9.35924
9.41377	9.47036
9.41584	9.58147
9.41723	9.69258
9.42063	9.80369
9.42269	9.9148
9.4237	10.0259
9.4255	10.1259
9.42686	10.2259
9.43101	10.3259
9.43581	10.4259
9.43651	10.5259
9.43856	10.6259
9.44273	10.7259
9.44411	10.8259
9.44476	10.9259
9.44546	11.0259
9.44684	11.1168
9.44894	11.2077
9.45002	11.2986
9.45484	11.3895
9.4572	11.4805
9.45994	11.5714
9.46341	11.6623
9.46486	11.7532
9.46549	11.8441
9.46619	11.935
9.46687	12.0259
9.46755	12.1092
9.47099	12.1926
9.47168	12.2759
9.47457	12.3592
9.47623	12.4426
9.48037	12.5259
9.4839	12.6092
9.48457	12.6926
9.48684	12.7759
9.4882	12.8592
9.49039	12.9426
9.49108	13.0259
9.49245	13.1028
9.49802	13.1798
9.49872	13.2567
9.50088	13.3336
9.50246	13.4105
9.50559	13.4874
9.50971	13.5644
9.5104	13.6413
9.51267	13.7182
9.51408	13.7951
9.51475	13.8721
9.51553	13.949
9.51617	14.0259
9.52446	14.0973
9.52925	14.1688
9.52992	14.2402
9.53134	14.3116
9.53201	14.3831
9.5334	14.4545
9.53411	14.5259
9.53548	14.5973
9.53618	14.6688
9.53755	14.7402
9.53823	14.8116
9.54716	14.8831
9.54735	14.9545
9.54865	15.0259
9.55	15.0926
9.55214	15.1592
9.55352	15.2259
9.55579	15.2926
9.55717	15.3592
9.55925	15.4259
9.56061	15.4926
9.56199	15.5592
9.56274	15.6259
9.57473	15.6926
9.57609	15.7592
9.5778	15.8259
9.57918	15.8926
9.57984	15.9592
9.58195	16.0259
9.58263	16.0884
9.58793	16.1509
9.58866	16.2134
9.59001	16.2759
9.59139	16.3384
9.59279	16.4009
9.59483	16.4634
9.59619	16.5259
9.59757	16.5884
9.60105	16.6509
9.60241	16.7134
9.60861	16.7759
9.61	8.38796
9.61142	8.51296
9.61205	8.63796
9.61275	8.76296
9.61557	8.88796
9.61937	9.01296
9.62145	9.12407
9.62419	9.23518
9.62555	9.34629
9.62694	9.4574
9.62765	9.56851
9.62899	9.67962
9.63041	9.79073
9.638	9.90184
9.63869	10.013
9.64285	10.113
9.6442	10.213
9.6463	10.313
9.65112	10.413
9.6525	10.513
9.6567	5.25648
9.65802	5.45648
9.65939	5.65648
9.66088	5.85648
9.66216	6.05648
9.66285	6.22314
9.66421	6.38981
9.66627	6.55648
9.67908	6.72314
9.68073	6.88981
9.68329	7.05648
9.68401	7.19933
9.68619	7.34219
9.68755	7.48505
9.69925	7.62791
9.70063	7.77076
9.70341	7.91362
9.70408	8.05648
9.70544	8.18148
9.70784	8.30648
9.70854	8.43148
9.72196	8.55648
9.72333	8.68148
9.72538	8.80648
9.72605	8.93148
9.72673	9.05648
9.72882	9.16759
9.7317	9.2787
9.73225	9.38981
9.74225	9.50092
9.74298	9.61203
9.7451	9.72314
9.74641	9.83426
9.74713	9.94537
9.74849	10.0565
9.74924	10.1565
9.75223	10.2565
9.75294	10.3565
9.76576	10.4565
9.7658	10.5565
9.76669	10.6565
9.76738	10.7565
9.76811	10.8565
9.76996	10.9565
9.77013	11.0565
9.77082	11.1474
9.77362	11.2383
9.77498	11.3292
9.78533	11.4201
9.78602	11.511
9.78741	11.6019
9.7882	11.6928
9.78885	11.7838
9.78953	11.8747
9.79023	11.9656
9.79094	12.0565
9.79162	12.1398
9.79546	12.2231
9.79573	12.3065
9.8027	12.3898
9.80336	12.4731
9.80477	12.5565
9.80549	12.6398
9.80616	12.7231
9.80684	12.8065
9.80752	12.8898
9.80827	12.9731
9.80891	13.0565
9.80958	13.1334
9.81098	13.2103
9.81168	13.2872
9.8213	13.3642
9.822	13.4411
9.82338	13.518
9.82409	13.5949
9.82475	13.6719
9.82544	13.7488
9.82612	13.8257
9.82686	13.9026
9.8275	13.9796
9.82857	14.0565
9.82959	14.1279
9.83033	14.1993
9.83235	14.2708
9.83928	14.3422
9.84065	14.4136
9.84275	14.485
9.84339	14.5565
9.84408	14.6279
9.84545	14.6993
9.84549	14.7708
9.84704	14.8422
9.84821	14.9136
9.84961	14.985
9.85026	15.0565
9.85095	15.1231
9.85166	15.1898
9.85301	15.2565
9.85787	15.3231
9.85856	15.3898
9.86094	7.69491
9.86148	7.83776
9.86211	7.98062
9.86558	8.12348
9.86831	8.24848
9.86966	8.37348
9.87038	8.49848
9.87175	8.62348
9.87662	8.74848
9.87726	8.87348
9.87882	8.99848
9.87937	9.12348
9.88003	9.23459
9.88416	9.3457
9.88694	9.45681
9.88832	9.56792
9.89384	9.67903
9.89456	9.79014
9.89656	9.90125
9.89659	10.0124
9.89796	10.1124
9.89865	10.2124
9.89936	10.3124
9.90073	10.4124
9.9021	10.5124
9.90968	10.6124
9.91036	10.7124
9.91214	10.8124
9.91272	10.9124
9.91341	11.0124
9.91409	11.1033
9.91481	5.55164
9.91547	5.75164
9.92447	5.95164
9.92594	6.15164
9.92794	6.3183
9.92859	6.48497
9.92929	6.65164
9.93001	6.8183
9.9314	6.98497
9.93279	7.15164
9.93483	7.29449
9.94034	7.43735
9.9417	7.58021
9.9446	7.72307
9.94733	7.86592
9.94875	8.00878
9.95009	8.13378
9.95078	8.25878
9.9603	8.38378
9.96112	8.50878
9.96442	8.63378
9.97103	8.75878
9.97239	8.88378
9.97497	9.00878
9.97664	9.11989
9.97773	9.231
9.97914	9.34211
9.98052	9.45322
9.98187	9.56434
9.98625	9.67545
9.98762	9.78656
9.99041	9.89767
9.99108	10.0088
9.99177	5.00439
9.99319	5.20439
10.0008	5.40439
10.0022	5.60439
10.0066	5.80439
10.012	6.00439
10.0133	6.17106
10.016	6.33772
10.0174	6.50439
10.0189	6.67106
10.023	6.83772
10.0237	7.00439
10.0252	7.14725
10.0258	7.2901
10.0271	7.43296
10.0278	7.57582
10.0319	7.71868
10.0326	7.86153
10.0333	8.00439
10.0354	8.12939
10.0368	8.25439
10.0389	8.37939
10.0424	8.50439
10.0506	8.62939
10.0513	8.75439
10.0527	8.87939
10.054	4.4397
10.0554	4.6897
10.0561	4.9397
10.0575	5.1897
10.0588	5.3897
10.063	5.5897
10.0637	5.7897
10.0657	5.9897
10.0686	6.1897
10.0706	6.35636
10.0751	6.52303
10.0764	6.6897
10.0792	6.85636
10.0834	7.02303
10.0841	7.16589
10.0847	7.30874
10.0854	7.4516
10.0861	7.59446
10.0875	3.79723
10.0916	4.13056
10.0923	4.38056
10.0931	4.63056
10.0937	4.88056
10.0951	5.13056
10.0965	5.33056
10.1006	5.53056
10.1013	5.73056
10.102	5.93056
10.1028	6.13056
10.1034	6.29723
10.109	6.4639
10.1096	6.63056
10.1103	6.79723
10.111	6.9639
10.1117	7.13056
10.1124	7.27342
10.1179	7.41628
10.1186	7.55913
10.12	7.70199
10.1207	7.84485
10.1214	7.9877
10.1221	8.13056
10.1228	8.25556
10.1269	8.38056
10.1283	8.50556
10.131	8.63056
10.1324	8.75556
10.1331	8.88056
10.1338	9.00556
10.1345	9.11667
10.1379	9.22778
10.1393	9.3389
10.1407	9.45001
10.1414	9.56112
10.1421	9.67223
10.1428	9.78334
10.1477	9.89445
10.149	10.0056
10.1532	10.1056
10.1546	10.2056
10.1559	10.3056
10.158	10.4056
10.1601	10.5056
10.1615	10.6056
10.1628	10.7056
10.1642	10.8056
10.1656	10.9056
10.167	11.0056
10.1683	11.0965
10.1725	11.1874
10.1739	11.2783
10.1746	11.3692
10.1753	11.4601
10.176	11.551
10.1767	11.6419
10.1781	11.7328
10.1794	11.8237
10.1822	11.9147
10.1836	12.0056
10.185	12.0889
10.1884	12.1722
10.1912	12.2556
10.1926	12.3389
10.1961	12.4222
10.1974	12.5056
10.1994	12.5889
10.2009	12.6722
10.2022	12.7556
10.2029	12.8389
10.2044	12.9222
10.2057	13.0056
10.2071	13.0825
10.2098	13.1594
10.2112	13.2363
10.2153	13.3133
10.2167	13.3902
10.2181	13.4671
10.2195	13.544
10.225	13.6209
10.2291	13.6979
10.2319	13.7748
10.2332	13.8517
10.2347	13.9286
10.236	14.0056
10.2374	14.077
10.2381	14.1484
10.2401	14.2198
10.2443	14.2913
10.247	14.3627
10.2505	14.4341
10.2526	14.5056
10.2568	14.577
10.2574	14.6484
10.2588	14.7198
10.2595	14.7913
10.2623	14.8627
10.2658	14.9341
10.2671	15.0056
10.2692	15.0722
10.2713	15.1389
10.2734	15.2056
10.2761	15.2722
10.2795	15.3389
10.285	15.4056
10.2864	15.4722
10.2927	15.5389
10.2941	15.6056
10.2955	15.6722
10.2962	15.7389
10.2982	15.8056
10.3017	15.8722
10.303	15.9389
10.3045	16.0056
10.3072	16.0681
10.3107	16.1306
10.3121	16.1931
10.3128	16.2556
10.3182	16.3181
10.3211	16.3806
10.3237	16.4431
10.3286	16.5056
10.33	16.5681
10.3314	16.6306
10.3321	16.6931
10.3341	16.7556
10.3369	16.8181
10.3383	16.8806
10.3401	16.9431
10.3408	17.0056
10.3415	17.0644
10.345	17.1232
10.3456	17.182
10.347	17.2409
10.3519	17.2997
10.3553	17.3585
10.3567	17.4173
10.3615	17.4762
10.365	17.535
10.3656	17.5938
10.3663	17.6526
10.367	17.7114
10.3691	17.7703
10.3705	17.8291
10.3725	17.8879
10.3739	17.9467
10.3753	18.0056
10.376	18.0611
10.3809	18.1167
10.3829	18.1722
10.3843	18.2278
10.3898	18.2833
10.3919	18.3389
10.3925	18.3945
10.397	18.45
10.3997	18.5056
10.4024	18.5611
10.404	18.6167
10.4047	18.6722
10.4074	18.7278
10.4082	18.7833
10.413	18.8389
10.4144	18.8945
10.4166	18.95
10.4179	19.0056
10.4186	19.0582
10.4214	19.1108
10.4221	19.1635
10.4248	19.2161
10.4293	19.2687
10.4299	19.3214
10.4313	19.374
10.4341	19.4266
10.4375	19.4792
10.4389	19.5319
10.4409	19.5845
10.4423	19.6371
10.4437	19.6898
10.4444	9.84489
10.4472	9.956
10.4486	10.0671
10.4506	10.1671
10.4534	10.2671
10.4541	10.3671
10.4582	10.4671
10.4611	10.5671
10.4631	10.6671
10.4645	10.7671
10.468	10.8671
10.4701	10.9671
10.4707	11.0671
10.4715	11.158
10.4735	11.2489
10.4762	11.3398
10.4804	11.4307
10.4824	11.5217
10.4838	11.6126
10.4948	11.7035
10.4962	11.7944
10.4969	11.8853
10.4976	11.9762
10.5003	12.0671
10.5031	12.1504
10.5066	12.2338
10.5093	12.3171
10.5142	12.4004
10.5162	12.4838
10.5191	12.5671
10.5217	12.6504
10.5245	12.7338
10.5252	12.8171
10.5259	12.9004
10.5265	12.9838
10.5293	13.0671
10.5307	13.144
10.5321	13.221
10.5335	6.61048
10.5363	6.77714
10.541	6.94381
10.5424	7.11048
10.5459	7.25333
10.5472	7.39619
10.5479	7.53905
10.5494	7.68191
10.5519	7.82476
10.5532	7.96762
10.5594	8.11048
10.5622	8.23548
10.5636	8.36048
10.5698	8.48548
10.5719	8.61048
10.5732	8.73548
10.5774	8.86048
10.5788	8.98548
10.5795	9.11048
10.5808	9.22159
10.5836	9.3327
10.5913	9.44381
10.5926	9.55492
10.5968	9.66603
10.5989	9.77714
10.5995	9.88826
10.6002	9.99937
10.601	10.1105
10.6032	10.2105
10.604	10.3105
10.6067	10.4105
10.6094	10.5105
10.6144	10.6105
10.6185	10.7105
10.6191	10.8105
10.6206	10.9105
10.6212	11.0105
10.6219	11.1014
10.624	11.1923
10.6253	11.2832
10.6281	11.3741
10.6327	11.465
10.633	11.5559
10.6355	11.6468
10.6362	11.7378
10.639	11.8287
10.6396	11.9196
10.6411	12.0105
10.6425	12.0938
10.6447	12.1771
10.6461	12.2605
10.6481	12.3438
10.653	12.4271
10.6538	12.5105
10.6557	12.5938
10.6565	12.6771
10.6572	12.7605
10.6585	12.8438
10.6622	12.9271
10.6636	13.0105
10.6643	13.0874
10.667	13.1643
10.669	13.2412
10.6773	13.3182
10.6791	13.3951
10.6805	13.472
10.6811	13.5489
10.6825	13.6259
10.6832	13.7028
10.6867	13.7797
10.6879	13.8566
10.69	13.9336
10.6907	14.0105
10.6929	14.0819
10.6981	14.1533
10.7022	14.2248
10.7051	14.2962
10.7056	14.3676
10.7063	14.439
10.707	14.5105
10.709	14.5819
10.7104	14.6533
10.7118	14.7248
10.7125	14.7962
10.7186	14.8676
10.7207	14.939
10.7227	15.0105
10.7234	15.0771
10.7248	15.1438
10.7276	15.2105
10.729	15.2771
10.7304	15.3438
10.7311	15.4105
10.7324	15.4771
10.7338	15.5438
10.7352	15.6105
10.7359	15.6771
10.7373	15.7438
10.7393	15.8105
10.7401	15.8771
10.7421	15.9438
10.7435	16.0105
10.7498	16.073
10.7525	16.1355
10.7539	16.198
10.7545	16.2605
10.7552	16.323
10.7566	16.3855
10.758	16.448
10.7595	16.5105
10.7602	16.573
10.7608	16.6355
10.7657	16.698
10.7685	16.7605
10.7691	16.823
10.7698	16.8855
10.7712	16.948
10.7726	17.0105
10.7732	17.0693
10.7739	17.1281
10.7746	17.1869
10.7801	17.2458
10.7816	17.3046
10.7836	17.3634
10.7843	17.4222
10.7857	17.4811
10.7864	17.5399
10.7877	17.5987
10.7905	17.6575
10.7981	17.7164
10.7995	17.7752
10.8009	17.834
10.8022	17.8928
10.8029	17.9517
10.8037	18.0105
10.8043	18.066
10.805	18.1216
10.8073	18.1771
10.8073	18.2327
10.8073	18.2883
10.8099	18.3438
10.8113	18.3994
10.8126	18.4549
10.8141	18.5105
10.8154	18.566
10.8182	18.6216
10.8189	18.6771
10.8196	9.33857
10.8224	9.44968
10.8238	9.56079
10.8245	9.67191
10.8272	9.78302
10.8287	9.89413
10.8306	10.0052
10.8327	10.1052
10.8341	10.2052
10.8348	10.3052
10.8355	10.4052
10.8362	10.5052
10.8369	10.6052
10.8376	10.7052
10.8403	10.8052
10.8417	10.9052
10.8438	11.0052
10.8479	11.0961
10.8576	11.1871
10.8589	11.278
10.8603	11.3689
10.8618	11.4598
10.8631	11.5507
10.8638	11.6416
10.8659	11.7325
10.8666	11.8234
10.8674	11.9143
10.8688	12.0052
10.8722	12.0886
10.8729	12.1719
10.8742	12.2552
10.8756	12.3386
10.877	12.4219
10.8785	12.5052
10.8814	12.5886
10.8826	12.6719
10.884	12.7552
10.8854	12.8386
10.893	12.9219
10.8937	13.0052
10.8958	13.0822
10.8965	13.1591
10.8972	13.236
10.8986	13.3129
10.8999	13.3899
10.9027	13.4668
10.9061	13.5437
10.9082	13.6206
10.9097	13.6975
10.911	13.7745
10.9117	13.8514
10.9123	13.9283
10.9137	14.0052
10.9151	14.0767
10.9165	14.1481
10.9179	14.2195
10.9192	14.291
10.9213	14.3624
10.9226	14.4338
10.9241	14.5052
10.9254	14.5767
10.9289	14.6481
10.9317	14.7195
10.9351	14.791
10.9365	14.8624
10.9372	14.9338
10.9379	15.0052
10.9386	15.0719
10.9393	15.1386
10.9407	15.2052
10.9421	15.2719
10.9448	15.3386
10.9469	15.4052
10.9496	15.4719
10.951	15.5386
10.9538	15.6052
10.9545	15.6719
10.9552	15.7386
10.9565	15.8052
10.9573	15.8719
10.9586	15.9386
10.9593	16.0052
10.9609	16.0677
10.9614	16.1302
10.9628	16.1927
10.9641	16.2552
10.9655	16.3177
10.9676	16.3802
10.971	16.4427
10.9724	16.5052
10.9768	16.5677
10.9782	16.6302
10.9796	16.6927
10.9822	16.7552
10.9841	16.8177
10.9848	16.8802
10.9869	16.9427
10.9876	17.0052
10.9897	17.0641
10.9904	17.1229
10.9911	17.1817
10.9931	17.2405
10.9939	17.2994
10.9959	17.3582
10.998	17.417
10.9999	17.4758
11.0005	17.5347
11.0026	17.5935
11.004	17.6523
11.0074	17.7111
11.0088	17.7699
11.0109	17.8288
11.0144	17.8876
11.0176	17.9464
11.0189	18.0052
11.0202	18.0608
11.0216	18.1163
11.023	18.1719
11.0266	18.2275
11.028	18.283
11.0294	18.3386
11.0329	18.3941
11.0349	18.4497
11.0363	18.5052
11.0377	18.5608
11.0384	18.6163
11.0412	18.6719
11.0418	18.7275
11.0425	18.783
11.0445	18.8386
11.0452	18.8941
11.046	18.9497
11.0466	19.0052
11.0473	19.0579
11.048	19.1105
11.0515	19.1631
11.0571	19.2158
11.0585	19.2684
11.0599	19.321
11.0653	19.3737
11.0674	19.4263
11.0681	19.4789
11.0705	19.5316
11.0712	19.5842
11.074	19.6368
11.0753	19.6894
11.0767	19.7421
11.078	19.7947
11.0794	19.8473
11.0801	19.9
11.0808	19.9526
11.0815	20.0052
11.083	20.0552
11.0836	20.1052
11.085	20.1552
11.0892	20.2052
11.0905	20.2552
11.0926	20.3052
11.0967	20.3552
11.1002	20.4052
11.1017	20.4552
11.1038	20.5052
11.1044	20.5552
11.1051	20.6052
11.1058	20.6552
11.1072	20.7052
11.1079	20.7552
11.11	20.8052
11.1114	20.8552
11.1127	20.9052
11.1141	20.9552
11.1155	21.0052
11.1169	21.0529
11.1183	21.1005
11.1197	21.1481
11.1231	21.1957
11.1245	21.2433
11.1272	21.291
11.1294	21.3386
11.1294	21.3862
11.13	21.4338
11.1313	21.4814
11.1328	21.529
11.1334	21.5767
11.1341	21.6243
11.1348	21.6719
11.1355	21.7195
11.1369	21.7671
11.1376	21.8148
11.139	21.8624
11.1397	21.91
11.1411	21.9576
11.1417	22.0052
11.1431	22.0507
11.1452	22.0961
11.1466	22.1416
11.1472	22.1871
11.1479	22.2325
11.1514	22.278
11.1528	22.3234
11.1541	22.3689
11.1562	22.4143
11.1619	22.4598
11.1625	22.5052
11.1632	22.5507
11.1638	22.5961
11.1645	22.6416
11.166	22.6871
11.1666	22.7325
11.1673	22.778
11.168	22.8234
11.1687	22.8689
11.1694	22.9143
11.1701	22.9598
11.1707	23.0052
11.1714	23.0487
11.1729	23.0922
11.1729	23.1357
11.1742	23.1792
11.1756	23.2226
11.177	23.2661
11.1783	23.3096
11.179	23.3531
11.1832	23.3965
11.1839	23.44
11.1852	23.4835
11.186	23.527
11.1919	23.5705
11.1922	23.6139
11.1928	23.6574
11.1935	23.7009
11.1942	23.7444
11.1949	23.7878
11.1956	23.8313
11.1963	23.8748
11.197	23.9183
11.1998	23.9618
11.2011	24.0052
11.2025	24.0469
11.2036	24.0886
11.2046	24.1302
11.2053	24.1719
11.206	24.2136
11.2074	24.2552
11.2087	24.2969
11.2109	24.3386
11.2116	24.3802
11.2143	24.4219
11.2157	24.4636
11.2171	24.5052
11.2198	24.5469
11.2205	24.5886
11.2213	24.6302
11.224	24.6719
11.2247	24.7136
11.2268	24.7552
11.2281	24.7969
11.2299	24.8386
11.2313	24.8802
11.232	24.9219
11.2327	24.9636
11.2335	25.0052
11.2342	25.0452
11.2348	25.0852
11.2354	25.1252
11.2363	25.1652
11.2371	25.2052
11.2384	25.2452
11.2405	25.2852
11.242	25.3252
11.2426	25.3652
11.2433	25.4052
11.244	25.4452
11.2469	25.4852
11.2503	25.5252
11.2518	25.5652
11.2531	25.6052
11.2546	12.8026
11.2558	12.886
11.26	12.9693
11.2607	13.0526
11.2614	13.1295
11.2649	13.2065
11.2659	13.2834
11.2666	13.3603
11.2672	13.4372
11.2693	13.5142
11.271	13.5911
11.2722	13.668
11.2727	13.7449
11.2741	13.8219
11.2754	13.8988
11.2767	13.9757
11.2788	14.0526
11.282	14.124
11.2827	14.1955
11.2841	14.2669
11.2851	14.3383
11.2888	14.4098
11.2902	14.4812
11.2916	14.5526
11.293	14.624
11.3031	14.6955
11.3045	14.7669
11.3052	14.8383
11.3059	14.9098
11.3072	14.9812
11.3079	15.0526
11.3086	15.1193
11.3107	15.186
11.3114	15.2526
11.3149	15.3193
11.3204	15.386
11.3218	15.4526
11.3225	15.5193
11.3231	15.586
11.3238	15.6526
11.3252	15.7193
11.3266	15.786
11.328	15.8526
11.3294	15.9193
11.3336	15.986
11.3357	16.0526
11.3399	16.1151
11.342	16.1776
11.3433	16.2401
11.3447	16.3026
11.3461	16.3651
11.3502	16.4276
11.3516	16.4901
11.353	16.5526
11.3557	16.6151
11.3599	16.6776
11.3613	16.7401
11.3627	16.8026
11.364	16.8651
11.3675	16.9276
11.3702	16.9901
11.3716	17.0526
11.3758	17.1114
11.3816	17.1703
11.3837	17.2291
11.3852	17.2879
11.3858	17.3467
11.3878	17.4056
11.39	17.4644
11.3913	17.5232
11.3927	17.582
11.3982	17.6409
11.3996	17.6997
11.4016	17.7585
11.4023	17.8173
11.4051	17.8761
11.4072	17.935
11.4087	17.9938
11.4106	18.0526
11.4189	18.1082
11.4216	18.1637
11.423	18.2193
11.4244	18.2748
11.4251	18.3304
11.4272	18.386
11.4299	9.19298
11.4334	9.30409
11.4355	9.4152
11.443	9.52631
11.4445	9.63742
11.4458	9.74853
11.4465	9.85964
11.4472	9.97075
11.4494	10.0819
11.4534	10.1819
11.4541	10.2819
11.4562	10.3819
11.4665	10.4819
11.4686	10.5819
11.4693	10.6819
11.4706	10.7819
11.4713	10.8819
11.472	10.9819
11.4789	11.0819
11.4824	11.1728
11.4872	11.2637
11.4885	11.3546
11.49	11.4455
11.4914	11.5364
11.4941	11.6273
11.4983	11.7182
11.5032	11.8091
11.5046	11.9
11.5096	11.991
11.5117	12.0819
11.5138	12.1652
11.5144	12.2485
11.5172	12.3319
11.5235	12.4152
11.5243	12.4985
11.5251	12.5819
11.5256	12.6652
11.5264	12.7485
11.5318	12.8319
11.5346	12.9152
11.5423	12.9985
11.5429	6.49927
11.5443	6.66593
11.5456	6.8326
11.5471	6.99927
11.5515	7.16593
11.5556	7.30879
11.5563	7.45165
11.5577	7.5945
11.5591	7.73736
11.5606	7.88022
11.5618	8.02308
11.5632	8.14808
11.5745	8.27308
11.5751	8.39808
11.5759	8.52308
11.5772	8.64808
11.5779	8.77308
11.5786	8.89808
11.58	9.02308
11.5884	9.13419
11.5933	9.2453
11.5939	4.62265
11.5946	4.87265
11.5953	5.12265
11.5966	5.32265
11.5974	5.52265
11.598	5.72265
11.5994	5.92265
11.607	6.12265
11.6139	6.28932
11.6167	6.45598
11.6174	6.62265
11.6181	3.31132
11.627	3.64466
11.6277	3.97799
11.6333	4.31132
11.6368	4.56132
11.6374	4.81132
11.6547	5.06132
11.6553	5.26132
11.6567	5.46132
11.6574	5.66132
11.6716	5.86132
11.672	6.06132
11.6727	6.22799
11.6742	6.39466
11.6749	6.56132
11.6859	6.72799
11.6866	6.89466
11.6873	7.06132
11.6879	7.20418
11.6886	7.34704
11.6893	7.4899
11.7004	7.63275
11.7011	7.77561
11.7018	7.91847
11.7025	8.06132
11.7031	8.18632
11.7045	8.31132
11.7052	8.43632
11.7164	8.56132
11.7177	8.68632
11.7184	8.81132
11.7191	8.93632
11.7198	9.06132
11.7212	9.17244
11.7225	9.28355
11.7239	9.39466
11.7347	9.50577
11.7348	9.61688
11.7349	9.72799
11.7356	9.8391
11.7363	9.95021
11.7371	10.0613
11.7377	10.1613
11.7384	10.2613
11.7398	10.3613
11.7516	10.4613
11.7523	10.5613
11.7536	10.6613
11.7543	10.7613
11.7551	10.8613
11.7557	10.9613
11.7564	11.0613
11.7571	11.1522
11.7578	11.2431
11.7585	11.3341
11.7648	11.425
11.7661	11.5159
11.7675	11.6068
11.7682	11.6977
11.7689	11.7886
11.7709	11.8795
11.7716	11.9704
11.7723	12.0613
11.7744	12.1447
11.7752	12.228
11.7759	12.3113
11.7807	12.3947
11.7814	12.478
11.7821	12.5613
11.7828	12.6447
11.7834	12.728
11.7842	12.8113
11.7848	12.8947
11.7862	12.978
11.7869	6.489
11.7897	6.65566
11.7904	6.82233
11.791	6.989
11.7966	7.15566
11.7973	7.29852
11.798	7.44138
11.7987	7.58423
11.7994	7.72709
11.8	7.86995
11.8008	8.01281
11.8028	8.13781
11.8116	8.26281
11.8122	8.38781
11.8129	8.51281
11.8137	8.63781
11.8143	8.76281
11.815	8.88781
11.8157	9.01281
11.8184	9.12392
11.8261	4.56196
11.8262	4.81196
11.8269	5.06196
11.8275	5.26196
11.8283	5.46196
11.8289	5.66196
11.8296	5.86196
11.8303	6.06196
11.8343	6.22862
11.8422	6.39529
11.8428	6.56196
11.8435	6.72862
11.8442	3.36431
11.8459	3.69765
11.8504	4.03098
11.858	4.28098
11.8588	4.53098
11.8596	4.78098
11.8625	5.03098
11.872	5.23098
11.8725	5.43098
11.8739	5.63098
11.8753	5.83098
11.876	6.03098
11.8836	6.19765
11.8843	6.36431
11.8864	6.53098
11.8883	6.69765
11.8897	6.86431
11.8904	7.03098
11.8952	7.17384
11.8959	7.31669
11.898	7.45955
11.8993	7.60241
11.9	7.74526
11.9014	7.88812
11.9021	8.03098
11.9083	8.15598
11.9092	8.28098
11.9104	8.40598
11.9111	8.53098
11.912	8.65598
11.9135	8.78098
11.914	8.90598
11.9147	9.03098
11.9226	9.14209
11.923	9.2532
11.9236	9.36431
11.9251	9.47542
11.9257	9.58653
11.9264	9.69765
11.9271	9.80876
11.9277	9.91987
11.9284	10.031
11.9361	10.131
11.9369	10.231
11.9374	10.331
11.9388	10.431
11.9395	10.531
11.9402	10.631
11.9409	10.731
11.9416	10.831
11.9423	10.931
11.943	11.031
11.9513	11.1219
11.9519	11.2128
11.9528	5.6064
11.9533	5.8064
11.954	6.0064
11.9547	6.17307
11.9554	6.33973
11.9561	6.5064
11.9567	6.67307
11.9575	6.83973
11.9581	7.0064
11.9678	7.14926
11.9685	7.29211
11.9692	7.43497
11.9699	7.57783
11.9705	7.72068
11.9712	7.86354
11.972	8.0064
11.983	8.1314
11.9837	8.2564
11.9844	8.3814
11.985	8.5064
11.9858	8.6314
11.9865	4.3157
11.9871	4.5657
11.9878	4.8157
11.9982	5.0657
11.9995	5.2657
12.0002	5.4657
12.001	5.6657
12.0016	5.8657
12.0106	6.0657
12.012	6.23237
12.0133	6.39903
12.0141	6.5657
12.0147	6.73237
12.0235	6.89903
12.0237	7.0657
12.0244	7.20856
12.0251	7.35141
12.0258	7.49427
12.0269	7.63713
12.0352	7.77999
12.0358	7.92284
12.0365	8.0657
12.0372	8.1907
12.0386	8.3157
12.0393	8.4407
12.0407	8.5657
12.0483	8.6907
12.0496	8.8157
12.0503	8.9407
12.051	9.0657
12.0517	9.17681
12.0524	9.28792
12.0531	9.39903
12.0538	9.51014
12.0593	9.62125
12.0607	9.73237
12.0614	9.84348
12.0621	4.92174
12.0627	5.17174
12.0634	5.37174
12.0648	5.57174
12.0662	5.77174
12.0675	5.97174
12.0738	6.17174
12.0752	6.33841
12.0758	6.50507
12.0779	6.67174
12.0793	6.83841
12.0856	7.00507
12.0863	7.14793
12.0879	7.29079
12.0886	7.43364
12.0914	7.5765
12.0941	7.71936
12.0977	7.86221
12.0983	8.00507
12.099	8.13007
12.1011	8.25507
12.1018	8.38007
12.1038	8.50507
12.1066	8.63007
12.1114	8.75507
12.1121	8.88007
12.1128	9.00507
12.1135	9.11618
12.1162	9.22729
12.117	9.33841
12.1191	9.44952
12.1204	9.56063
12.1225	9.67174
12.1232	4.83587
12.1239	5.08587
12.1246	5.28587
12.1277	5.48587
12.1304	5.68587
12.1317	5.88587
12.1354	6.08587
12.1376	6.25254
12.1408	6.4192
12.1427	6.58587
12.1434	6.75254
12.1455	6.9192
12.1461	7.08587
12.1482	7.22873
12.151	3.61436
12.1537	3.9477
12.1544	4.28103
12.1573	4.53103
12.1581	4.78103
12.1587	5.03103
12.1606	5.23103
12.1655	2.61551
12.1669	3.11551
12.1682	3.44885
12.1689	3.78218
12.171	4.11551
12.1792	4.36551
12.1792	4.61551
12.1828	4.86551
12.1834	5.11551
12.1848	5.31551
12.1855	5.51551
12.1876	5.71551
12.1883	5.91551
12.189	6.11551
12.1931	6.28218
12.1945	6.44885
12.1958	6.61551
12.1965	6.78218
12.1972	6.94885
12.1979	7.11551
12.2013	7.25837
12.2044	7.40123
12.2051	7.54409
12.2058	7.68694
12.2065	7.8298
12.2072	3.9149
12.2079	4.24823
12.2092	4.49823
12.2113	4.74823
12.2127	4.99823
12.2141	5.24823
12.2155	5.44823
12.221	5.64823
12.2231	5.84823
12.2251	6.04823
12.2258	6.2149
12.2272	6.38157
12.2307	6.54823
12.2313	6.7149
12.232	3.35745
12.2327	3.69078
12.2334	4.02412
12.2348	4.27412
12.2375	4.52412
12.2382	4.77412
12.2389	5.02412
12.241	5.22412
12.2451	5.42412
12.2465	5.62412
12.2478	5.82412
12.2492	6.02412
12.2534	6.19078
12.2562	6.35745
12.2583	6.52412
12.2596	6.69078
12.2603	6.85745
12.261	7.02412
12.2645	3.51206
12.2659	3.84539
12.268	4.17873
12.2693	4.42873
12.27	4.67873
12.2707	4.92873
12.2714	5.17873
12.2783	5.37873
12.2797	5.57873
12.2811	5.77873
12.2818	5.97873
12.2825	6.17873
12.2907	6.34539
12.2928	6.51206
12.2942	6.67873
12.2949	6.84539
12.2955	7.01206
12.2963	7.15492
12.3018	7.29777
12.3025	7.44063
12.3032	7.58349
12.3039	7.72634
12.3046	7.8692
12.3053	8.01206
12.306	8.13706
12.3123	8.26206
12.3129	8.38706
12.3143	8.51206
12.3157	8.63706
12.3163	8.76206
12.317	8.88706
12.3177	9.01206
12.3198	9.12317
12.326	9.23428
12.3274	9.34539
12.3288	9.4565
12.3302	9.56761
12.3316	9.67873
12.3323	9.78984
12.333	9.90095
12.3336	10.0121
12.335	10.1121
12.3378	10.2121
12.3392	10.3121
12.3399	10.4121
12.3413	10.5121
12.3433	10.6121
12.3447	10.7121
12.3461	10.8121
12.3475	10.9121
12.3481	11.0121
12.3509	11.103
12.3516	11.1939
12.3523	11.2848
12.353	11.3757
12.3543	11.4666
12.3571	11.5575
12.3592	11.6484
12.3606	11.7393
12.3655	11.8302
12.3689	11.9211
12.3696	12.0121
12.3717	12.0954
12.3723	12.1787
12.373	12.2621
12.3744	12.3454
12.3759	12.4287
12.3765	12.5121
12.3779	12.5954
12.3813	12.6787
12.3827	12.7621
12.389	12.8454
12.3903	12.9287
12.391	13.0121
12.3917	13.089
12.3931	13.1659
12.3938	13.2428
12.3959	13.3198
12.3986	13.3967
12.4	13.4736
12.4014	13.5505
12.4028	13.6274
12.4035	6.81372
12.4083	6.98039
12.4118	7.14705
12.4132	7.28991
12.4145	7.43277
12.4159	7.57563
12.4173	7.71848
12.4187	7.86134
12.4201	8.0042
12.4214	8.1292
12.4228	8.2542
12.4256	8.3792
12.4278	8.5042
12.4346	8.6292
12.4353	8.7542
12.4367	8.8792
12.4381	9.0042
12.4394	9.11531
12.4415	9.22642
12.445	9.33753
12.4458	9.44864
12.4484	9.55975
12.4539	9.67086
12.4554	9.78198
12.4567	9.89309
12.4588	10.0042
12.4602	10.1042
12.4608	10.2042
12.4629	10.3042
12.4636	10.4042
12.4643	10.5042
12.465	10.6042
12.4657	10.7042
12.4678	10.8042
12.4692	10.9042
12.4715	11.0042
12.4722	11.0951
12.4729	11.186
12.4777	11.2769
12.4791	11.3678
12.4805	11.4587
12.4819	11.5497
12.4832	11.6406
12.4846	11.7315
12.4896	11.8224
12.4924	11.9133
12.4931	12.0042
12.4944	12.0875
12.4958	12.1709
12.4965	12.2542
12.4985	12.3375
12.4992	12.4209
12.5006	12.5042
12.5013	12.5875
12.502	12.6709
12.5041	12.7542
12.5054	12.8375
12.5068	12.9209
12.5082	13.0042
12.509	13.0811
12.5096	13.158
12.5103	13.235
12.511	13.3119
12.5117	13.3888
12.5131	13.4657
12.5152	13.5427
12.5172	13.6196
12.5193	13.6965
12.5207	13.7734
12.5227	13.8504
12.5241	13.9273
12.5248	14.0042
12.5254	14.0756
12.5268	14.1471
12.5282	14.2185
12.5296	14.2899
12.531	14.3613
12.5323	14.4328
12.5345	14.5042
12.5386	14.5756
12.54	14.6471
12.5407	14.7185
12.5414	14.7899
12.5435	14.8613
12.5455	14.9328
12.5462	15.0042
12.5469	15.0709
12.5483	15.1375
12.5497	15.2042
12.5511	15.2709
12.5518	15.3375
12.5531	15.4042
12.5538	15.4709
12.5552	15.5375
12.5566	15.6042
12.558	15.6709
12.5594	15.7375
12.56	15.8042
12.5621	15.8709
12.5635	15.9375
12.5649	16.0042
12.5655	16.0667
12.5669	16.1292
12.5683	16.1917
12.5697	16.2542
12.571	16.3167
12.5725	16.3792
12.5739	16.4417
12.5759	16.5042
12.5781	16.5667
12.5795	16.6292
12.5809	16.6917
12.5823	16.7542
12.5843	16.8167
12.5857	16.8792
12.5871	16.9417
12.5885	17.0042
12.5891	17.063
12.5912	17.1218
12.5919	17.1807
12.5933	17.2395
12.5947	17.2983
12.596	17.3571
12.5974	17.416
12.5998	17.4748
12.6012	17.5336
12.6018	17.5924
12.6026	17.6513
12.6039	17.7101
12.6067	17.7689
12.608	17.8277
12.6094	17.8866
12.6101	17.9454
12.6115	18.0042
12.6122	18.0598
12.6136	18.1153
12.6149	18.1709
12.6163	18.2264
12.6189	18.282
12.6216	18.3375
12.6223	18.3931
12.6243	18.4486
12.6271	18.5042
12.6285	18.5598
12.6299	18.6153
12.6306	18.6709
12.632	18.7264
12.6335	18.782
12.6376	18.8375
12.639	18.8931
12.6397	18.9486
12.6404	9.47432
12.6417	9.58543
12.6424	9.69654
12.6431	9.80765
12.6438	9.91877
12.6472	10.0299
12.6486	10.1299
12.65	10.2299
12.6514	10.3299
12.6541	10.4299
12.6562	10.5299
12.6576	10.6299
12.659	10.7299
12.6604	10.8299
12.6617	10.9299
12.6652	11.0299
12.6672	11.1208
12.6693	11.2117
12.6776	11.3026
12.6796	11.3935
12.6825	11.4844
12.6845	11.5753
12.6866	11.6662
12.6879	11.7571
12.69	11.8481
12.6956	11.939
12.6969	12.0299
12.6983	12.1132
12.7004	12.1965
12.7059	12.2799
12.7084	12.3632
12.7098	12.4465
12.7125	12.5299
12.7139	12.6132
12.716	6.3066
12.718	6.47327
12.7244	6.63994
12.7264	6.8066
12.7277	6.97327
12.7291	7.13994
12.7332	7.2828
12.7381	7.42565
12.7402	7.56851
12.7416	7.71137
12.7436	7.85422
12.7458	7.99708
12.7588	8.13994
12.7616	8.26494
12.7657	8.38994
12.7671	8.51494
12.7678	8.63994
12.7706	8.76494
12.7719	8.88994
12.7817	9.01494
12.783	9.12605
12.7865	9.23716
12.7941	9.34827
12.7955	9.45938
12.7968	9.57049
12.801	9.6816
12.8017	9.79272
12.8128	9.90383
12.8148	10.0149
12.8175	10.1149
12.8188	10.2149
12.8272	10.3149
12.8279	10.4149
12.8288	10.5149
12.8348	10.6149
12.8368	10.7149
12.8485	10.8149
12.8499	10.9149
12.8505	11.0149
12.8533	11.1058
12.8554	11.1968
12.8658	11.2877
12.8673	11.3786
12.8679	11.4695
12.8699	11.5604
12.872	11.6513
12.8834	11.7422
12.8847	11.8331
12.8854	11.924
12.8861	12.0149
12.8868	12.0983
12.8875	12.1816
12.8963	12.2649
12.8991	12.3483
12.8997	12.4316
12.9004	12.5149
12.9018	12.5983
12.915	12.6816
12.9169	12.7649
12.9183	12.8483
12.919	12.9316
12.9197	13.0149
12.9204	13.0919
12.9217	13.1688
12.9294	13.2457
12.9328	13.3226
12.9356	13.3996
12.9369	13.4765
12.939	13.5534
12.9487	13.6303
12.9494	13.7072
12.9501	13.7842
12.9522	13.8611
12.9536	13.938
12.9543	14.0149
12.9577	14.0864
12.9591	14.1578
12.9646	14.2292
12.9687	14.3007
12.9701	14.3721
12.9736	14.4435
12.9784	14.5149
12.9874	14.5864
12.9881	14.6578
12.9924	14.7292
12.994	14.8007
12.9965	14.8721
12.998	14.9435
12.9986	15.0149
13.0013	15.0816
13.0041	15.1483
13.0076	15.2149
13.0128	15.2816
13.0133	15.3483
13.0175	15.4149
13.019	15.4816
13.0265	15.5483
13.0279	15.6149
13.0286	7.80747
13.032	7.95033
13.0334	8.09318
13.0355	8.21818
13.0369	8.34318
13.0383	8.46818
13.0397	8.59318
13.041	8.71818
13.0445	8.84318
13.0473	8.96818
13.05	9.09318
13.0515	9.20429
13.0555	9.31541
13.0584	9.42652
13.0598	9.53763
13.0674	9.64874
13.0688	9.75985
13.0737	9.87096
13.0751	9.98207
13.0765	10.0932
13.0785	10.1932
13.0799	10.2932
13.0826	10.3932
13.0858	10.4932
13.0871	10.5932
13.1	10.6932
13.1003	10.7932
13.101	10.8932
13.1031	10.9932
13.1049	11.0932
13.107	11.1841
13.1092	11.275
13.1132	11.3659
13.116	11.4568
13.118	11.5477
13.1305	11.6386
13.1319	11.7295
13.1333	11.8205
13.134	11.9114
13.1353	12.0023
13.1367	12.0856
13.1395	12.1689
13.1408	12.2523
13.1464	12.3356
13.1477	12.4189
13.1491	12.5023
13.1581	12.5856
13.1629	12.6689
13.1643	12.7523
13.1657	12.8356
13.1671	12.9189
13.1684	13.0023
13.1712	13.0792
13.1739	13.1561
13.1753	13.233
13.1802	13.31
13.1823	13.3869
13.183	13.4638
13.1912	13.5407
13.1946	13.6177
13.1953	13.6946
13.1974	13.7715
13.1995	13.8484
13.2009	13.9254
13.2015	14.0023
13.2043	14.0737
13.2085	14.1451
13.2092	14.2166
13.2133	14.288
13.216	14.3594
13.2174	14.4308
13.2257	14.5023
13.2278	14.5737
13.2292	14.6451
13.2321	14.7166
13.2335	14.788
13.2342	14.8594
13.2356	14.9308
13.2363	15.0023
13.2376	15.0689
13.2425	15.1356
13.2438	15.2023
13.2479	15.2689
13.2507	15.3356
13.2527	15.4023
13.2597	15.4689
13.2618	15.5356
13.2652	15.6023
13.2673	15.6689
13.2686	15.7356
13.2693	15.8023
13.2708	7.90114
13.2721	8.04399
13.2735	8.16899
13.2742	8.29399
13.2777	8.41899
13.2784	8.54399
13.2805	8.66899
13.2832	8.79399
13.2853	8.91899
13.2901	9.04399
13.2929	9.15511
13.297	9.26622
13.2998	9.37733
13.3018	9.48844
13.3026	9.59955
13.3121	9.71066
13.3135	9.82177
13.3184	9.93288
13.319	10.044
13.3211	10.144
13.3267	10.244
13.328	10.344
13.3301	10.444
13.3343	10.544
13.337	10.644
13.3385	10.744
13.3399	10.844
13.3502	10.944
13.3516	11.044
13.3543	11.1349
13.3605	11.2258
13.3619	11.3167
13.3688	11.4076
13.3702	11.4985
13.373	11.5894
13.3756	11.6804
13.377	11.7713
13.3852	11.8622
13.3866	11.9531
13.388	12.044
13.3908	12.1273
13.3971	12.2107
13.3992	12.294
13.4074	12.3773
13.4088	12.4607
13.4136	12.544
13.415	12.6273
13.4164	12.7107
13.424	12.794
13.4267	12.8773
13.4302	12.9607
13.4316	13.044
13.433	13.1209
13.4364	13.1978
13.4378	13.2748
13.4419	13.3517
13.4488	13.4286
13.455	13.5055
13.4564	13.5825
13.4585	13.6594
13.4598	13.7363
13.4647	13.8132
13.4654	13.8901
13.4667	13.9671
13.4688	14.044
13.4716	14.1154
13.4737	14.1869
13.4831	14.2583
13.486	14.3297
13.4901	14.4011
13.4965	14.4726
13.4972	14.544
13.498	14.6154
13.4986	14.6869
13.4999	14.7583
13.5006	14.8297
13.5014	14.9011
13.5027	14.9726
13.5048	15.044
13.5055	7.522
13.5062	7.66485
13.5076	7.80771
13.5083	7.95057
13.5097	8.09343
13.5158	8.21843
13.5207	8.34343
13.5241	8.46843
13.5276	8.59343
13.5289	8.71843
13.5297	8.84343
13.5324	8.96843
13.5345	9.09343
13.5352	9.20454
13.538	9.31565
13.5435	9.42676
13.5484	9.53787
13.5497	9.64898
13.5504	9.76009
13.5552	9.8712
13.5587	9.98231
13.5594	10.0934
13.5601	10.1934
13.5615	10.2934
13.5635	10.3934
13.567	10.4934
13.5699	10.5934
13.5706	10.6934
13.5747	10.7934
13.5775	10.8934
13.5781	10.9934
13.5788	11.0934
13.5796	11.1843
13.5816	11.2752
13.5851	11.3662
13.5894	11.4571
13.5901	11.548
13.5908	11.6389
13.5951	11.7298
13.5972	11.8207
13.5986	11.9116
13.5993	12.0025
13.6002	12.0858
13.6014	12.1692
13.6041	12.2525
13.6069	12.3358
13.6124	12.4192
13.6131	12.5025
13.6137	12.5858
13.6165	12.6692
13.6186	12.7525
13.6193	12.8358
13.62	12.9192
13.6211	13.0025
13.6218	13.0794
13.6226	13.1564
13.6246	13.2333
13.6282	13.3102
13.6358	13.3871
13.6364	13.4641
13.6371	13.541
13.6392	13.6179
13.6406	13.6948
13.6413	13.7717
13.642	13.8487
13.6426	13.9256
13.6433	14.0025
13.644	14.0739
13.6447	14.1454
13.6454	14.2168
13.6461	14.2882
13.6577	14.3597
13.6582	14.4311
13.6596	14.5025
13.6617	14.5739
13.6631	14.6454
13.6637	14.7168
13.6645	14.7882
13.6652	14.8597
13.6658	14.9311
13.6665	15.0025
13.6673	15.0692
13.6679	15.1358
13.6686	15.2025
13.6692	15.2692
13.6762	15.3358
13.6769	15.4025
13.6777	15.4692
13.6805	15.5358
13.6826	15.6025
13.6832	15.6692
13.6846	15.7358
13.6853	15.8025
13.686	15.8692
13.6867	15.9358
13.6874	16.0025
13.6881	16.065
13.6888	16.1275
13.6894	16.19
13.6902	16.2525
13.6971	16.315
13.6978	16.3775
13.6985	16.44
13.7005	16.5025
13.7033	16.565
13.7047	16.6275
13.7061	16.69
13.7067	16.7525
13.7074	16.815
13.7088	16.8775
13.7095	16.94
13.7101	17.0025
13.7109	17.0613
13.7116	17.1202
13.7122	17.179
13.7136	17.2378
13.7191	17.2966
13.7198	17.3555
13.7205	17.4143
13.7219	17.4731
13.7254	17.5319
13.7304	17.5908
13.7311	17.6496
13.7318	17.7084
13.7339	17.7672
13.7346	8.88361
13.7368	9.00861
13.7369	9.11972
13.7386	9.23083
13.7393	9.34194
13.74	9.45306
13.7407	9.56417
13.7414	9.67528
13.7437	9.78639
13.745	9.8975
13.7459	10.0086
13.7478	10.1086
13.7492	10.2086
13.7505	10.3086
13.7519	10.4086
13.7595	10.5086
13.7657	10.6086
13.7698	10.7086
13.7727	10.8086
13.774	10.9086
13.7775	11.0086
13.7795	11.0995
13.7809	11.1904
13.7823	11.2813
13.7871	5.64067
13.7878	5.84067
13.7947	6.04067
13.7993	6.20734
13.8008	6.374
13.8027	6.54067
13.8041	6.70734
13.8055	6.874
13.8075	7.04067
13.8096	7.18353
13.811	7.32638
13.8208	7.46924
13.8215	7.6121
13.8222	7.75495
13.8236	7.89781
13.8243	8.04067
13.825	8.16567
13.827	8.29067
13.8325	8.41567
13.8339	8.54067
13.8448	8.66567
13.8476	8.79067
13.8483	8.91567
13.849	9.04067
13.8497	9.15178
13.8503	9.26289
13.8517	9.374
13.8531	9.48511
13.8602	9.59622
13.8672	9.70734
13.8679	9.81845
13.8693	9.92956
13.8707	10.0407
13.8721	10.1407
13.8769	10.2407
13.8783	10.3407
13.879	10.4407
13.8825	10.5407
13.8873	10.6407
13.888	10.7407
13.8894	10.8407
13.8908	10.9407
13.8922	11.0407
13.8935	11.1316
13.8956	11.2225
13.897	11.3134
13.9026	11.4043
13.9081	11.4952
13.9129	11.5861
13.9136	11.677
13.9165	11.7679
13.9178	11.8589
13.9192	11.9498
13.9205	12.0407
13.9219	12.124
13.9233	12.2073
13.9247	12.2907
13.9288	12.374
13.9349	12.4573
13.9413	12.5407
13.9427	12.624
13.944	12.7073
13.9454	12.7907
13.9468	12.874
13.9482	12.9573
13.9497	13.0407
13.9509	13.1176
13.9524	13.1945
13.9558	13.2714
13.9628	13.3484
13.9664	13.4253
13.9699	13.5022
13.9706	13.5791
13.9728	13.6561
13.9755	13.733
13.9769	13.8099
13.979	13.8868
13.9838	13.9637
13.9859	14.0407
13.9881	14.1121
13.9901	14.1835
13.9929	14.255
13.9957	14.3264
14.0019	14.3978
14.0046	14.4692
14.006	14.5407
14.0074	14.6121
14.0103	14.6835
14.0145	14.755
14.0159	14.8264
14.0173	14.8978
14.0201	14.9692
14.0214	15.0407
14.0228	15.1073
14.025	15.174
14.0276	15.2407
14.0333	15.3073
14.034	15.374
14.0353	15.4407
14.0368	15.5073
14.0409	15.574
14.0422	15.6407
14.0457	15.7073
14.0464	15.774
14.0491	15.8407
14.0512	15.9073
14.0518	15.974
14.0532	16.0407
14.0547	16.1032
14.0561	16.1657
14.0581	16.2282
14.0595	16.2907
14.0602	16.3532
14.0643	16.4157
14.0657	16.4782
14.0673	16.5407
14.0685	16.6032
14.0728	16.6657
14.0735	16.7282
14.0769	16.7907
14.079	16.8532
14.0797	16.9157
14.0817	16.9782
14.0824	17.0407
14.0838	17.0995
14.0852	17.1583
14.0873	17.2171
14.088	17.276
14.09	17.3348
14.0914	17.3936
14.0928	17.4524
14.0948	17.5113
14.0996	17.5701
14.1019	17.6289
14.1068	17.6877
14.1082	17.7466
14.1096	17.8054
14.1103	17.8642
14.1109	17.923
14.1123	17.9818
14.1144	18.0407
14.1157	18.0962
14.1164	18.1518
14.1172	18.2073
14.1193	18.2629
14.1221	18.3184
14.1234	18.374
14.1248	18.4296
14.1269	18.4851
14.1276	18.5407
14.1312	18.5962
14.1366	18.6518
14.1379	18.7073
14.1387	18.7629
14.1401	18.8184
14.1419	18.874
14.1433	18.9296
14.1439	9.46478
14.1446	9.57589
14.1453	9.687
14.1467	9.79811
14.1508	9.90922
14.1536	10.0203
14.1564	10.1203
14.1591	10.2203
14.1612	10.3203
14.1639	10.4203
14.1659	10.5203
14.168	10.6203
14.1708	10.7203
14.1715	10.8203
14.1721	10.9203
14.1728	11.0203
14.1742	11.1112
14.1749	11.2022
14.1825	11.2931
14.186	11.384
14.1887	11.4749
14.1915	5.73744
14.1949	5.93744
14.1964	6.13744
14.1977	6.30411
14.1984	6.47077
14.199	6.63744
14.2007	6.80411
14.2027	6.97077
14.2075	7.13744
14.211	7.2803
14.2137	7.42315
14.2228	7.56601
14.2235	7.70887
14.2249	7.85173
14.229	7.99458
14.2297	8.13744
14.2339	8.26244
14.2373	8.38744
14.2464	8.51244
14.2485	8.63744
14.2498	8.76244
14.2519	8.88744
14.2533	9.01244
14.2539	9.12355
14.2581	9.23466
14.2622	9.34577
14.2671	9.45688
14.2699	9.568
14.272	9.67911
14.2733	9.79022
14.2741	4.89511
14.2749	5.14511
14.2754	5.34511
14.2781	5.54511
14.2822	5.74511
14.2878	5.94511
14.2905	6.14511
14.2925	6.31178
14.2945	6.47844
14.3025	6.64511
14.3087	6.81178
14.3122	6.97844
14.3138	7.14511
14.3159	7.28797
14.3166	7.43082
14.3243	7.57368
14.329	7.71654
14.3318	7.85939
14.3332	8.00225
14.3338	8.12725
14.3366	8.25225
14.338	8.37725
14.3435	8.50225
14.3491	8.62725
14.3525	8.75225
14.3532	8.87725
14.3539	9.00225
14.3546	9.11336
14.3553	9.22447
14.356	9.33559
14.3621	9.4467
14.3663	9.55781
14.3697	9.66892
14.3705	9.78003
14.3711	9.89114
14.3718	10.0023
14.3732	10.1023
14.3739	10.2023
14.3747	10.3023
14.3798	10.4023
14.3818	10.5023
14.3839	10.6023
14.3846	10.7023
14.3852	10.8023
14.3866	10.9023
14.3873	11.0023
14.3887	11.0932
14.3894	11.1841
14.3901	11.275
14.3983	11.3659
14.4005	11.4568
14.4012	11.5477
14.4019	11.6386
14.4026	11.7295
14.4033	11.8204
14.404	11.9113
14.405	12.0023
14.4054	12.0856
14.406	12.1689
14.4067	12.2523
14.4122	12.3356
14.4136	12.4189
14.415	12.5023
14.4157	12.5856
14.4171	12.6689
14.4177	12.7523
14.4191	12.8356
14.4212	12.9189
14.4219	13.0023
14.4226	13.0792
14.4233	13.1561
14.4247	13.233
14.433	13.3099
14.4337	13.3869
14.4344	13.4638
14.4351	13.5407
14.4358	13.6176
14.4372	13.6946
14.4379	13.7715
14.4385	13.8484
14.4392	6.9242
14.4399	7.09087
14.4406	7.23373
14.4413	7.37658
14.4426	7.51944
14.4546	7.6623
14.456	7.80516
14.4574	7.94801
14.4588	8.09087
14.4594	8.21587
14.4608	8.34087
14.4615	8.46587
14.4629	8.59087
14.4752	8.71587
14.4759	8.84087
14.478	8.96587
14.4786	9.09087
14.48	9.20198
14.4828	9.31309
14.4835	9.4242
14.4848	9.53531
14.4911	9.64643
14.4939	9.75754
14.4952	9.86865
14.4966	9.97976
14.4973	10.0909
14.4994	10.1909
14.5035	10.2909
14.5042	10.3909
14.5069	10.4909
14.5104	10.5909
14.5125	10.6909
14.5131	10.7909
14.5152	10.8909
14.5166	10.9909
14.5173	11.0909
14.5194	11.1818
14.5228	11.2727
14.5242	11.3636
14.5271	11.4545
14.5305	11.5454
14.5319	11.6363
14.5333	11.7272
14.5346	11.8181
14.536	11.9091
14.5367	12
14.5375	12.0909
14.5388	12.1742
14.5405	12.2575
14.5416	12.3409
14.5437	12.4242
14.5464	12.5075
14.5478	12.5909
14.5499	12.6742
14.5519	12.7575
14.554	12.8409
14.5555	12.9242
14.5568	13.0075
14.5575	13.0845
14.5602	13.1614
14.563	13.2383
14.5644	13.3152
14.5657	13.3922
14.5692	13.4691
14.5698	13.546
14.5712	13.6229
14.572	13.6998
14.5726	13.7768
14.5754	13.8537
14.5762	13.9306
14.5768	14.0075
14.5774	14.079
14.5795	14.1504
14.5817	14.2218
14.5837	14.2933
14.585	14.3647
14.5906	14.4361
14.5913	14.5075
14.5948	14.579
14.5955	14.6504
14.5962	14.7218
14.5976	14.7933
14.5982	14.8647
14.599	14.9361
14.5996	15.0075
14.6003	15.0742
14.601	15.1409
14.6024	15.2075
14.6051	15.2742
14.6058	15.3409
14.6114	15.4075
14.6121	15.4742
14.6155	15.5409
14.6162	15.6075
14.6171	15.6742
14.6183	15.7409
14.6189	15.8075
14.6197	15.8742
14.6205	15.9409
14.621	16.0075
14.6217	16.07
14.6223	16.1325
14.6238	16.195
14.6272	16.2575
14.6279	16.32
14.6341	16.3825
14.6348	16.445
14.6382	16.5075
14.6389	16.57
14.6396	16.6325
14.641	16.695
14.6417	16.7575
14.6424	16.82
14.6431	16.8825
14.6438	16.945
14.6445	17.0075
14.6451	17.0664
14.6459	17.1252
14.6472	17.184
14.648	17.2428
14.6486	17.3017
14.6548	17.3605
14.6555	17.4193
14.6597	17.4781
14.6604	17.5369
14.6611	17.5958
14.6625	17.6546
14.6641	17.7134
14.6641	17.7722
14.6645	17.8311
14.6652	17.8899
14.6659	17.9487
14.6666	18.0075
14.6673	18.0631
14.668	18.1186
14.6693	18.1742
14.67	9.0871
14.6707	9.19821
14.6777	9.30932
14.6784	9.42043
14.6832	9.53155
14.6839	9.64266
14.6845	9.75377
14.686	9.86488
14.6867	9.97599
14.6873	10.0871
14.688	10.1871
14.6887	10.2871
14.6894	10.3871
14.6901	10.4871
14.6908	10.5871
14.6915	10.6871
14.6922	10.7871
14.6936	10.8871
14.7068	10.9871
14.7076	11.0871
14.7083	11.178
14.7089	11.2689
14.7096	11.3598
14.7103	11.4507
14.711	11.5416
14.7117	11.6326
14.7124	5.81628
14.7138	6.01628
14.7249	6.18294
14.7256	6.34961
14.7263	6.51628
14.7269	6.68294
14.7277	6.84961
14.7283	7.01628
14.729	7.15914
14.7297	7.30199
14.7304	7.44485
14.7443	7.58771
14.745	7.73056
14.7457	7.87342
14.7463	8.01628
14.747	8.14128
14.7477	8.26628
14.7485	8.39128
14.7595	8.51628
14.7602	8.64128
14.7609	8.76628
14.7616	8.89128
14.7623	9.01628
14.763	9.12739
14.7637	9.2385
14.7644	9.34961
14.7767	9.46072
14.7775	9.57183
14.7781	9.68294
14.7788	9.79406
14.7796	9.90517
14.7802	10.0163
14.7809	10.1163
14.7816	10.2163
14.7823	10.3163
14.7927	10.4163
14.7934	10.5163
14.7941	10.6163
14.7948	10.7163
14.7954	10.8163
14.7961	10.9163
14.7968	11.0163
14.7975	11.1072
14.7982	11.1981
14.7989	11.289
14.8075	11.3799
14.8082	11.4708
14.8089	11.5617
14.8096	11.6526
14.8103	11.7436
14.811	11.8345
14.8117	11.9254
14.8124	12.0163
14.8131	12.0996
14.8138	12.1829
14.8144	12.2663
14.8235	12.3496
14.8242	12.4329
14.8248	6.21647
14.8255	6.38314
14.8262	6.54981
14.8268	6.71647
14.8275	6.88314
14.8282	7.04981
14.829	7.19266
14.8296	7.33552
14.8303	7.47838
14.831	7.62123
14.84	7.76409
14.8407	7.90695
14.8414	8.04981
14.8421	8.17481
14.8428	8.29981
14.8435	8.42481
14.8442	8.54981
14.8546	8.67481
14.8553	8.79981
14.8559	8.92481
14.8566	9.04981
14.8573	9.16092
14.858	9.27203
14.8587	9.38314
14.8594	9.49425
14.8712	9.60536
14.8719	9.71647
14.8726	9.82758
14.8732	9.93869
14.874	10.0498
14.8746	10.1498
14.8753	10.2498
14.876	10.3498
14.8768	10.4498
14.8864	10.5498
14.8871	10.6498
14.8878	10.7498
14.8885	10.8498
14.8893	10.9498
14.8899	11.0498
14.8906	11.1407
14.8912	11.2316
14.8919	11.3225
14.8926	11.4134
14.903	11.5044
14.9036	11.5953
14.9044	11.6862
14.905	11.7771
14.9057	11.868
14.9064	11.9589
14.9071	12.0498
14.9078	12.1331
14.9085	12.2165
14.9092	12.2998
14.9098	12.3831
14.9174	12.4665
14.9181	12.5498
14.9188	12.6331
14.9196	12.7165
14.9202	12.7998
14.9209	12.8831
14.9216	12.9665
14.9223	13.0498
14.923	13.1267
14.9236	13.2037
14.9243	13.2806
14.925	13.3575
14.9342	13.4344
14.9347	13.5113
14.9354	13.5883
14.9361	13.6652
14.9368	13.7421
14.9375	13.819
14.9382	13.896
14.9389	13.9729
14.9396	14.0498
14.9424	14.1212
14.9438	14.1927
14.9506	14.2641
14.952	14.3355
14.9528	14.4069
14.9584	14.4784
14.9611	14.5498
14.9619	14.6212
14.9639	14.6927
14.9652	14.7641
14.9673	14.8355
14.9686	7.41776
14.9693	7.56062
14.97	7.70347
14.9708	7.84633
14.9715	7.98919
14.979	8.13205
14.9811	8.25705
14.9832	8.38205
14.9859	8.50705
14.9873	8.63205
14.988	8.75705
14.9887	8.88205
14.9894	9.00705
14.9915	9.11816
15.006	9.22927
15.0073	9.34038
15.0088	9.45149
15.0108	9.5626
15.0142	9.67371
15.0149	9.78482
15.0156	9.89593
15.0163	4.94797
15.0205	5.19797
15.0253	5.39797
15.0273	5.59797
15.0281	5.79797
15.0363	5.99797
15.0384	6.19797
15.0398	6.36463
15.0439	6.5313
15.0495	6.69797
15.0543	6.86463
15.0564	7.0313
15.0571	7.17416
15.0584	7.31701
15.0599	7.45987
15.0661	7.60273
15.0737	7.74559
15.0751	7.88844
15.0759	8.0313
15.0764	8.1563
15.0771	8.2813
15.0799	8.4063
15.0819	8.5313
15.0909	8.6563
15.0923	8.7813
15.0957	8.9063
15.0971	9.0313
15.0992	9.14241
15.1005	9.25352
15.1019	9.36463
15.1033	9.47575
15.1074	9.58686
15.1116	9.69797
15.113	9.80908
15.1143	9.92019
15.115	10.0313
15.12	10.1313
15.1213	10.2313
15.1255	10.3313
15.127	10.4313
15.1303	10.5313
15.1317	10.6313
15.1366	10.7313
15.1393	10.8313
15.1407	10.9313
15.142	11.0313
15.1441	11.1222
15.1455	11.2131
15.1462	11.304
15.1517	5.65201
15.1559	5.85201
15.1573	6.05201
15.1604	6.21868
15.161	6.38535
15.1658	6.55201
15.1672	6.71868
15.1762	6.88535
15.1775	7.05201
15.1825	7.19487
15.1844	7.33773
15.1872	7.48059
15.1914	7.62344
15.1929	7.7663
15.1943	7.90916
15.195	8.05201
15.1992	8.17701
15.2012	8.30201
15.2041	8.42701
15.209	8.55201
15.2103	8.67701
15.2117	8.80201
15.2124	8.92701
15.2132	9.05201
15.2176	9.16313
15.2197	9.27424
15.2238	9.38535
15.2245	9.49646
15.2273	9.60757
15.23	9.71868
15.2334	9.82979
15.2355	9.9409
15.237	10.052
15.2377	5.02601
15.2386	5.22601
15.2405	5.42601
15.2419	5.62601
15.2439	5.82601
15.2447	6.02601
15.2523	6.19267
15.253	6.35934
15.2536	6.52601
15.2564	6.69267
15.2571	6.85934
15.2598	7.02601
15.2667	7.16886
15.2674	7.31172
15.2681	7.45458
15.2695	7.59744
15.2716	7.74029
15.2729	3.87015
15.2736	4.20348
15.2791	4.45348
15.2798	4.70348
15.2805	4.95348
15.2826	5.20348
15.2846	5.40348
15.2929	5.60348
15.2936	5.80348
15.295	6.00348
15.2957	6.17015
15.3005	6.33681
15.306	6.50348
15.3067	6.67015
15.3081	6.83681
15.3088	7.00348
15.313	7.14634
15.3143	7.28919
15.3198	7.43205
15.3205	7.57491
15.3219	7.71777
15.3226	7.86062
15.3232	8.00348
15.326	4.00174
15.3267	4.25174
15.3319	4.50174
15.3326	4.75174
15.336	5.00174
15.3368	5.20174
15.3374	5.40174
15.3382	5.60174
15.3479	5.80174
15.3485	6.00174
15.3492	6.16841
15.3506	6.33507
15.3513	6.50174
15.3617	6.66841
15.3624	6.83507
15.3631	7.00174
15.3637	7.1446
15.3645	7.28745
15.3658	7.43031
15.3734	7.57317
15.3748	7.71603
15.3762	7.85888
15.3769	8.00174
15.379	8.12674
15.3797	8.25174
15.3803	8.37674
15.3893	8.50174
15.39	8.62674
15.3907	8.75174
15.3914	8.87674
15.3921	9.00174
15.3941	9.11285
15.3948	9.22396
15.3955	9.33507
15.4058	9.44618
15.4065	9.5573
15.4072	9.66841
15.4079	9.77952
15.4086	9.89063
15.4093	10.0017
15.4107	10.1017
15.412	10.2017
15.4127	10.3017
15.4203	10.4017
15.421	10.5017
15.4218	10.6017
15.4224	10.7017
15.4231	10.8017
15.4238	10.9017
15.4245	11.0017
15.4259	5.50087
15.4272	5.70087
15.4279	5.90087
15.437	6.10087
15.4377	6.26754
15.4391	6.4342
15.4398	6.60087
15.4405	6.76754
15.4412	6.9342
15.4418	7.10087
15.454	7.24373
15.4546	7.38658
15.4553	7.52944
15.4559	7.6723
15.4566	7.81516
15.4573	7.95801
15.458	8.10087
15.4684	8.22587
15.4691	8.35087
15.4697	8.47587
15.4705	8.60087
15.4711	8.72587
15.4718	8.85087
15.4725	4.42543
15.4732	4.67543
15.4849	4.92543
15.4856	5.17543
15.487	5.37543
15.4878	5.57543
15.4884	5.77543
15.5015	5.97543
15.5023	6.17543
15.5029	6.3421
15.5036	6.50877
15.5043	6.67543
15.5154	6.8421
15.5161	7.00877
15.5168	7.15163
15.5175	7.29448
15.5182	7.43734
15.5189	7.5802
15.53	7.72305
15.5306	7.86591
15.5313	8.00877
15.532	8.13377
15.5327	8.25877
15.5334	8.38377
15.5341	8.50877
15.5466	8.63377
15.5473	8.75877
15.548	8.88377
15.5486	9.00877
15.5494	9.11988
15.55	9.23099
15.5507	9.3421
15.5603	9.45321
15.5624	9.56432
15.5631	9.67543
15.5638	9.78655
15.5645	9.89766
15.5652	10.0088
15.5659	10.1088
15.5665	10.2088
15.5686	10.3088
15.576	5.15438
15.5774	5.35438
15.578	5.55438
15.5787	5.75438
15.5794	5.95438
15.5801	6.15438
15.5808	6.32105
15.5912	6.48772
15.5918	6.65438
15.5973	6.82105
15.5987	6.98772
15.6001	7.15438
15.6035	7.29724
15.6043	7.4401
15.6084	7.58296
15.6104	7.72581
15.6125	7.86867
15.616	8.01153
15.6175	4.00576
15.6181	4.25576
15.6188	4.50576
15.6222	4.75576
15.6243	5.00576
15.6374	5.20576
15.6383	5.40576
15.6389	5.60576
15.6431	5.80576
15.6453	6.00576
15.6493	6.17243
15.65	6.3391
15.6506	6.50576
15.6548	6.67243
15.6576	6.8391
15.6596	7.00576
15.661	7.14862
15.6617	7.29148
15.6624	7.43433
15.6658	7.57719
15.67	7.72005
15.672	7.86291
15.6727	8.00576
15.679	8.13076
15.6796	8.25576
15.681	8.38076
15.6826	8.50576
15.6833	8.63076
15.684	8.75576
15.6868	8.88076
15.6909	9.00576
15.6917	9.11687
15.6923	9.22799
15.6965	4.61399
15.6986	4.86399
15.7006	5.11399
15.7013	5.31399
15.702	5.51399
15.7027	5.71399
15.7034	5.91399
15.7055	6.11399
15.7061	6.28066
15.7123	6.44733
15.7131	6.61399
15.7137	6.78066
15.7144	6.94733
15.7158	7.11399
15.7165	7.25685
15.7228	7.39971
15.7241	7.54256
15.7269	7.68542
15.7289	7.82828
15.7296	7.97114
15.7303	8.11399
15.7337	8.23899
15.7359	8.36399
15.7379	8.48899
15.7407	8.61399
15.7421	8.73899
15.7428	8.86399
15.7456	8.98899
15.7476	9.11399
15.7483	4.557
15.7497	4.807
15.7518	5.057
15.7546	5.257
15.7587	5.457
15.7614	5.657
15.7663	5.857
15.767	6.057
15.7718	6.22366
15.7738	6.39033
15.7759	6.557
15.7787	6.72366
15.7794	6.89033
15.7801	7.057
15.7822	7.19985
15.7842	7.34271
15.7863	7.48557
15.7911	7.62843
15.7925	7.77128
15.7939	7.91414
15.7945	8.057
15.796	8.182
15.7973	8.307
15.7987	8.432
15.8043	8.557
15.8056	8.682
15.8077	8.807
15.8091	8.932
15.8098	9.057
15.8105	4.5285
15.8112	4.7785
15.8126	5.0285
15.8173	5.2285
15.8188	5.4285
15.821	5.6285
15.8215	5.8285
15.8222	6.0285
15.8229	6.19516
15.8317	6.36183
15.8344	6.5285
15.8351	6.69516
15.8357	6.86183
15.8365	7.0285
15.8371	7.17136
15.8447	7.31421
15.8475	7.45707
15.8482	7.59993
15.8488	7.74278
15.8495	7.88564
15.8524	8.0285
15.8538	8.1535
15.857	8.2785
15.8608	8.4035
15.8616	8.5285
15.8622	8.6535
15.863	8.7785
15.8664	8.9035
15.8671	9.0285
15.8692	9.13961
15.8706	9.25072
15.8747	9.36183
15.8754	9.47294
15.8768	4.73647
15.8795	4.98647
15.8823	5.23647
15.8857	5.43647
15.8878	5.63647
15.8926	5.83647
15.8933	6.03647
15.8947	6.20314
15.8967	6.3698
15.9017	6.53647
15.9071	3.26824
15.9077	3.60157
15.9085	3.9349
15.9098	4.26824
15.9119	4.51824
15.9147	4.76824
15.9224	5.01824
15.9229	5.21824
15.925	5.41824
15.9285	5.61824
15.9358	5.81824
15.9365	6.01824
15.9372	6.1849
15.9386	6.35157
15.9421	6.51824
15.9469	6.6849
15.9476	6.85157
15.9482	7.01824
15.9489	7.16109
15.9503	3.58055
15.9545	3.91388
15.9579	4.24721
15.9586	4.49721
15.96	4.74721
15.9607	4.99721
15.9698	5.24721
15.9705	5.44721
15.9712	5.64721
15.9718	5.84721
15.9801	6.04721
15.9809	6.21388
15.9815	6.38055
15.9825	6.54721
15.9831	6.71388
15.9921	6.88055
15.9929	7.04721
15.9935	7.19007
15.9949	7.33293
15.9956	7.47578
15.9963	7.61864
16.0042	7.7615
16.0049	3.88075
16.0055	4.21408
16.0062	4.46408
16.0076	4.71408
16.0083	4.96408
16.009	5.21408
16.0158	5.41408
16.0172	5.61408
16.0179	5.81408
16.0186	6.01408
16.0193	6.18075
16.0256	6.34742
16.0269	6.51408
16.0276	6.68075
16.0283	6.84742
16.029	7.01408
16.0297	3.50704
16.0366	3.84037
16.038	4.17371
16.0387	4.42371
16.04	4.67371
16.0407	4.92371
16.0497	5.17371
16.0504	5.37371
16.0511	5.57371
16.0517	5.77371
16.0615	5.97371
16.0623	6.17371
16.0629	6.34037
16.0636	6.50704
16.0643	6.67371
16.0712	6.84037
16.0719	7.00704
16.0726	7.1499
16.0733	3.57495
16.0739	3.90828
16.0746	4.24162
16.0816	4.49162
16.083	4.74162
16.0837	4.99162
16.0844	5.24162
16.0879	5.44162
16.0899	5.64162
16.0906	5.84162
16.0913	6.04162
16.092	6.20828
16.0989	6.37495
16.1003	6.54162
16.101	6.70828
16.1016	6.87495
16.1023	7.04162
16.103	7.18447
16.1072	7.32733
16.1079	7.47019
16.1093	7.61304
16.11	7.7559
16.1113	7.89876
16.112	8.04162
16.1134	8.16662
16.1175	8.29162
16.1189	8.41662
16.1197	8.54162
16.1203	8.66662
16.1224	8.79162
16.1231	8.91662
16.1239	9.04162
16.1286	9.15273
16.1293	9.26384
16.1311	9.37495
16.1323	9.48606
16.1337	9.59717
16.1351	4.79859
16.1358	5.04859
16.1365	5.24859
16.1372	5.44859
16.142	5.64859
16.1427	5.84859
16.1454	6.04859
16.1468	6.21525
16.1525	6.38192
16.1531	6.54859
16.1545	6.71525
16.1551	6.88192
16.1641	7.04859
16.1648	7.19144
16.1655	3.59572
16.1675	3.92905
16.1696	4.26239
16.171	4.51239
16.1744	4.76239
16.1751	5.01239
16.1765	5.21239
16.1814	5.41239
16.1856	5.61239
16.1863	5.81239
16.1876	6.01239
16.1883	6.17905
16.1925	6.34572
16.1952	6.51239
16.1966	6.67905
16.198	6.84572
16.1986	7.01239
16.1993	7.15525
16.2028	7.2981
16.2056	7.44096
16.207	7.58382
16.2081	7.72667
16.2088	7.86953
16.2094	8.01239
16.2152	8.13739
16.2168	8.26239
16.2204	8.38739
16.2211	8.51239
16.2217	8.63739
16.2287	8.76239
16.23	8.88739
16.2307	9.01239
16.232	9.1235
16.2334	9.23461
16.2341	9.34572
16.2355	9.45683
16.2369	9.56794
16.2396	9.67905
16.2424	9.79017
16.2445	9.90128
16.2452	10.0124
16.2507	10.1124
16.252	10.2124
16.2527	10.3124
16.2555	5.15619
16.2562	5.35619
16.2582	5.55619
16.2603	5.75619
16.2616	5.95619
16.2672	6.15619
16.2693	6.32286
16.2741	6.48953
16.2761	6.65619
16.2776	6.82286
16.2782	6.98953
16.2803	7.15619
16.2817	7.29905
16.2845	7.44191
16.2866	7.58477
16.2879	3.79238
16.29	4.12572
16.2913	4.37572
16.2927	4.62572
16.2948	4.87572
16.299	5.12572
16.3038	5.32572
16.3058	5.52572
16.3072	5.72572
16.3107	5.92572
16.3114	6.12572
16.3162	6.29238
16.319	6.45905
16.3203	6.62572
16.3224	6.79238
16.3231	6.95905
16.3238	7.12572
16.3286	3.56286
16.3321	3.89619
16.3334	4.22952
16.3341	4.47952
16.3348	4.72952
16.3362	4.97952
16.3453	5.22952
16.346	5.42952
16.3467	5.62952
16.3508	5.82952
16.3556	6.02952
16.3563	6.19619
16.357	6.36286
16.3577	6.52952
16.3619	6.69619
16.3673	6.86286
16.368	7.02952
16.3687	7.17238
16.3701	7.31524
16.3722	7.4581
16.3729	7.60095
16.3791	7.74381
16.3805	7.88667
16.384	8.02952
16.3846	8.15452
16.3895	8.27952
16.3901	8.40452
16.3936	8.52952
16.3977	8.65452
16.3998	8.77952
16.4005	4.38976
16.402	4.63976
16.4041	4.88976
16.4061	5.13976
16.4068	5.33976
16.413	5.53976
16.4165	5.73976
16.4228	5.93976
16.4248	6.13976
16.4266	3.06988
16.4268	3.40321
16.4282	3.73655
16.4393	4.06988
16.4519	4.31988
16.4532	4.56988
16.4595	4.81988
16.4601	5.06988
16.4615	2.53494
16.4629	3.03494
16.4707	3.36827
16.4737	3.70161
16.4737	4.03494
16.4817	4.28494
16.4852	4.53494
16.4858	4.78494
16.4879	5.03494
16.4925	5.23494
16.4962	5.43494
16.4976	5.63494
16.5021	5.83494
16.5027	6.03494
16.5049	6.20161
16.518	6.36827
16.5193	6.53494
16.5214	6.70161
16.5228	6.86827
16.5242	7.03494
16.5291	7.1778
16.5304	7.32065
16.5333	7.46351
16.5367	7.60637
16.5381	3.80318
16.5408	4.13652
16.5415	4.38652
16.5442	4.63652
16.547	4.88652
16.5581	5.13652
16.563	5.33652
16.5699	5.53652
16.5712	5.73652
16.5733	5.93652
16.5762	6.13652
16.5776	6.30318
16.5789	6.46985
16.5873	6.63652
16.59	6.80318
16.6038	6.96985
16.6058	7.13652
16.6072	7.27938
16.6086	7.42223
16.6099	7.56509
16.6113	7.70795
16.6164	7.8508
16.6185	7.99366
16.6191	8.13652
16.6302	8.26152
16.6315	8.38652
16.635	8.51152
16.6391	8.63652
16.6433	8.76152
16.6446	8.88652
16.6474	9.01152
16.653	9.12263
16.6543	9.23374
16.6564	9.34485
16.6571	9.45596
16.6578	9.56707
16.6619	9.67818
16.664	9.7893
16.6672	9.90041
16.67	10.0115
16.6734	10.1115
16.6748	10.2115
16.6762	10.3115
16.6769	10.4115
16.6776	10.5115
16.6783	10.6115
16.6797	10.7115
16.6811	10.8115
16.6824	10.9115
16.6831	11.0115
16.6852	11.1024
16.6866	11.1933
16.6886	11.2842
16.69	11.3752
16.6907	11.4661
16.6921	11.557
16.6928	11.6479
16.6935	11.7388
16.6941	11.8297
16.6949	11.9206
16.6955	12.0115
16.6962	12.0949
16.6969	12.1782
16.6977	12.2615
16.6983	12.3449
16.699	12.4282
16.6997	12.5115
16.7004	12.5949
16.7011	12.6782
16.7017	12.7615
16.7024	12.8449
16.7031	12.9282
16.7038	13.0115
16.7045	13.0884
16.7059	13.1654
16.7072	13.2423
16.71	13.3192
16.7107	13.3961
16.7121	13.4731
16.7128	13.55
16.7142	13.6269
16.7156	13.7038
16.7162	13.7807
16.717	13.8577
16.7192	13.9346
16.7199	14.0115
16.7208	14.0829
16.7222	14.1544
16.725	14.2258
16.7263	14.2972
16.7292	14.3687
16.7298	14.4401
16.7306	14.5115
16.7312	14.5829
16.7319	14.6544
16.7326	14.7258
16.7333	14.7972
16.734	14.8687
16.7347	14.9401
16.7354	15.0115
16.7361	15.0782
16.7375	15.1449
16.7419	15.2115
16.7439	15.2782
16.7479	15.3449
16.7486	15.4115
16.75	15.4782
16.7507	15.5449
16.7514	15.6115
16.7521	15.6782
16.7528	15.7449
16.7535	15.8115
16.7542	15.8782
16.7556	15.9449
16.757	16.0115
16.7583	16.074
16.7597	16.1365
16.7618	16.199
16.7659	16.2615
16.7686	16.324
16.7693	16.3865
16.7701	16.449
16.7708	16.5115
16.7715	16.574
16.773	16.6365
16.7737	16.699
16.7765	16.7615
16.7778	16.824
16.7792	16.8865
16.7806	16.949
16.782	17.0115
16.7834	17.0703
16.7848	17.1292
16.7869	17.188
16.7888	17.2468
16.7909	17.3056
16.7923	17.3645
16.7938	17.4233
16.7951	17.4821
16.7964	17.5409
16.7972	17.5998
16.7985	17.6586
16.8006	17.7174
16.802	17.7762
16.8033	17.835
16.8047	17.8939
16.8061	17.9527
16.8068	18.0115
16.8075	18.0671
16.8082	18.1226
16.8103	18.1782
16.811	18.2337
16.8123	18.2893
16.8137	18.3449
16.8151	18.4004
16.8172	18.456
16.8179	18.5115
16.8192	18.5671
16.8206	18.6226
16.822	18.6782
16.8234	18.7337
16.8247	18.7893
16.8261	18.8449
16.8275	18.9004
16.8282	18.956
16.8289	19.0115
16.8296	19.0641
16.8303	19.1168
16.8311	19.1694
16.8317	19.222
16.8324	19.2747
16.8331	19.3273
16.8338	19.3799
16.8344	19.4326
16.8365	19.4852
16.8372	19.5378
16.8386	19.5905
16.842	19.6431
16.8427	19.6957
16.8469	19.7484
16.8482	19.801
16.8504	19.8536
16.851	19.9063
16.8518	19.9589
16.8524	20.0115
16.8531	20.0615
16.8538	20.1115
16.8545	20.1615
16.8553	20.2115
16.856	20.2615
16.8573	20.3115
16.858	20.3615
16.8594	20.4115
16.86	20.4615
16.8614	20.5115
16.8621	20.5615
16.8645	20.6115
16.8663	20.6615
16.8684	20.7115
16.8711	20.7615
16.8746	20.8115
16.8753	20.8615
16.876	20.9115
16.8773	20.9615
16.8778	21.0115
16.8792	21.0591
16.8799	21.1068
16.8812	21.1544
16.882	21.202
16.8834	21.2496
16.8841	21.2972
16.8854	21.3449
16.8861	21.3925
16.8875	21.4401
16.8882	21.4877
16.8904	21.5353
16.8906	21.5829
16.8916	21.6306
16.8944	21.6782
16.8957	21.7258
16.9013	21.7734
16.9036	21.821
16.9042	21.8687
16.9048	21.9163
16.9055	21.9639
16.9062	22.0115
16.9069	22.057
16.9076	22.1024
16.9083	22.1479
16.9099	22.1933
16.9106	22.2388
16.9113	22.2842
16.9138	22.3297
16.9145	22.3752
16.9158	22.4206
16.9165	22.4661
16.9179	22.5115
16.9193	22.557
16.9206	22.6024
16.922	22.6479
16.9248	22.6933
16.9303	22.7388
16.931	22.7842
16.9317	22.8297
16.9332	22.8752
16.9339	22.9206
16.9346	22.9661
16.9353	23.0115
16.9367	23.055
16.9374	23.0985
16.938	23.142
16.9394	23.1854
16.9412	23.2289
16.9417	23.2724
16.9424	23.3159
16.9432	23.3593
16.9445	23.4028
16.9452	23.4463
16.9459	23.4898
16.9473	23.5333
16.9487	23.5767
16.9493	23.6202
16.9507	23.6637
16.9541	23.7072
16.9554	23.7506
16.9567	23.7941
16.958	23.8376
16.9604	23.8811
16.9606	23.9246
16.9612	23.968
16.9619	24.0115
16.9626	24.0532
16.9633	24.0949
16.9639	24.1365
16.9647	24.1782
16.9653	24.2199
16.9668	24.2615
16.9674	24.3032
16.9681	24.3449
16.9688	24.3865
16.9702	24.4282
16.9723	24.4699
16.9745	24.5115
16.975	24.5532
16.9771	24.5949
16.9778	24.6365
16.9806	24.6782
16.9819	24.7199
16.9827	24.7615
16.9846	24.8032
16.9856	24.8449
16.9863	24.8865
16.9894	24.9282
16.9907	24.9699
16.9921	25.0115
16.9934	25.0515
16.9948	25.0915
16.9962	25.1315
16.9976	25.1715
16.999	25.2115
17.0006	25.2515
17.0019	25.2915
17.0033	25.3315
17.0047	25.3715
17.0054	25.4115
17.0061	25.4515
17.0067	25.4915
17.0074	25.5315
17.0081	25.5715
17.0095	25.6115
17.0123	25.6515
17.0136	25.6915
17.015	25.7315
17.0164	25.7715
17.0177	25.8115
17.0191	25.8515
17.0205	25.8915
17.0212	25.9315
17.0233	25.9715
17.024	26.0115
17.0247	26.05
17.026	26.0884
17.0267	26.1269
17.0274	26.1654
17.0281	26.2038
17.0288	26.2423
17.0295	26.2807
17.0302	26.3192
17.0316	26.3577
17.0323	26.3961
17.0329	26.4346
17.0337	26.4731
17.0343	26.5115
17.035	26.55
17.0357	26.5884
17.0397	26.6269
17.0411	26.6654
17.0425	26.7038
17.0454	26.7423
17.0469	26.7807
17.0482	26.8192
17.0489	26.8577
17.051	26.8961
17.0523	26.9346
17.0537	26.9731
17.0544	27.0115
17.0551	27.0486
17.0558	27.0856
17.0585	27.1226
17.0594	27.1597
17.0603	27.1967
17.0608	27.2337
17.0615	27.2708
17.0622	27.3078
17.0635	27.3449
17.0636	27.3819
17.0643	27.4189
17.065	27.456
17.0658	27.493
17.0663	27.53
17.067	27.5671
17.0719	27.6041
17.0734	27.6411
17.0748	27.6782
17.0762	27.7152
17.0775	27.7523
17.0785	27.7893
17.0796	27.8263
17.0803	27.8634
17.0816	27.9004
17.083	27.9374
17.0837	27.9745
17.0851	28.0115
17.0858	28.0472
17.0864	28.0829
17.0872	28.1187
17.0879	28.1544
17.0885	28.1901
17.0892	28.2258
17.0906	28.2615
17.0913	28.2972
17.092	28.3329
17.0927	28.3687
17.0933	28.4044
17.094	28.4401
17.0947	28.4758
17.0954	28.5115
17.0961	28.5472
17.0976	28.5829
17.0989	28.6187
17.0997	28.6544
17.1015	28.6901
17.1024	28.7258
17.1037	28.7615
17.1051	28.7972
17.1065	28.8329
17.1082	28.8687
17.1102	28.9044
17.1116	28.9401
17.113	28.9758
17.1137	29.0115
17.115	29.046
17.1164	29.0805
17.1171	29.115
17.1184	29.1494
17.1191	29.1839
17.1199	29.2184
17.1205	29.2529
17.1212	29.2874
17.1227	29.3219
17.1233	29.3563
17.124	29.3908
17.1247	29.4253
17.1254	29.4598
17.1261	29.4943
17.1268	29.5288
17.1275	29.5632
17.1282	29.5977
17.1289	29.6322
17.1296	29.6667
17.1303	29.7012
17.131	29.7357
17.1323	29.7701
17.1337	29.8046
17.1351	29.8391
17.1365	29.8736
17.1378	29.9081
17.1393	29.9426
17.1399	29.977
17.1406	30.0115
17.1413	30.0449
17.1426	30.0782
17.144	30.1115
17.1455	30.1449
17.1461	30.1782
17.1468	30.2115
17.1475	30.2449
17.1481	30.2782
17.1496	30.3115
17.1516	30.3449
17.153	30.3782
17.1544	30.4115
17.1558	30.4449
17.1572	30.4782
17.1578	30.5115
17.1593	30.5449
17.1599	30.5782
17.1606	30.6115
17.1613	30.6449
17.162	30.6782
17.1627	30.7115
17.1634	30.7449
17.1641	30.7782
17.1654	30.8115
17.1659	30.8449
